Environment variable "G4FORCE_RUN_MANAGER_TYPE" enabled with value == Serial. Forcing G4RunManager type...

        ############################################
        !!! WARNING - FPE detection is activated !!!
        ############################################


          ################################
          !!! G4Backtrace is activated !!!
          ################################


**************************************************************
 Geant4 version Name: geant4-11-02-ref-02    (29-February-2024)
                       Copyright : Geant4 Collaboration
                      References : NIM A 506 (2003), 250-303
                                 : IEEE-TNS 53 (2006), 270-278
                                 : NIM A 835 (2016), 186-225
                             WWW : http://geant4.org/
**************************************************************

<<< Geant4 Physics List simulation engine: FTFP_BERT

Visualization Manager instantiating with verbosity "warnings (3)"...
Visualization Manager initialising...
Registering graphics systems...

You have successfully registered the following graphics systems.
Registered graphics systems are:
  ASCIITree (ATree)
  DAWNFILE (DAWNFILE)
  G4HepRepFile (HepRepFile)
  RayTracer (RayTracer)
  VRML2FILE (VRML2FILE)
  gMocrenFile (gMocrenFile)
  TOOLSSG_OFFSCREEN (TSG_OFFSCREEN)
  TOOLSSG_OFFSCREEN (TSG_OFFSCREEN, TSG_FILE)
  OpenGLImmediateQt (OGLIQt, OGLI)
  OpenGLStoredQt (OGLSQt, OGL, OGLS)
  OpenGLImmediateXm (OGLIXm, OGLIQt_FALLBACK)
  OpenGLStoredXm (OGLSXm, OGLSQt_FALLBACK)
  OpenGLImmediateX (OGLIX, OGLIQt_FALLBACK, OGLIXm_FALLBACK)
  OpenGLStoredX (OGLSX, OGLSQt_FALLBACK, OGLSXm_FALLBACK)
  RayTracerX (RayTracerX)
  Qt3D (Qt3D)
  TOOLSSG_X11_GLES (TSG_X11_GLES, TSGX11, TSG_XT_GLES_FALLBACK)
  TOOLSSG_XT_GLES (TSG_XT_GLES, TSGXt, TSG_QT_GLES_FALLBACK)
  TOOLSSG_XT_ZB (TSG_XT_ZB, TSGXtZB)
  TOOLSSG_QT_GLES (TSG_QT_GLES, TSGQt, TSG)
  TOOLSSG_QT_ZB (TSG_QT_ZB, TSGQtZB)
You may choose a graphics system (driver) with a parameter of
the command "/vis/open" or "/vis/sceneHandler/create",
or you may omit the driver parameter and choose at run time:
- by argument in the construction of G4VisExecutive
- by environment variable "G4VIS_DEFAULT_DRIVER"
- by entry in "~/.g4session"
- by build flags.
- Note: This feature is not allowed in batch mode.
For further information see "examples/basic/B1/exampleB1.cc"
and "vis.mac".

Registering model factories...

You have successfully registered the following model factories.
Registered model factories:
  generic
  drawByAttribute
  drawByCharge
  drawByOriginVolume
  drawByParticleID
  drawByEncounteredVolume

Registered models:
  None

Registered filter factories:
  attributeFilter
  chargeFilter
  originVolumeFilter
  particleFilter
  encounteredVolumeFilter

Registered filters:
  None

You have successfully registered the following user vis actions.
Run Duration User Vis Actions: none
End of Event User Vis Actions: none
End of Run User Vis Actions: none

Some /vis commands (optionally) take a string to specify colour.
"/vis/list" to see available colours.
--------------------------------------------------------
 Calorimeters are placed in parallel.
 Absorber is made of Lead
 Gap is made of liquidArgon
--------------------------------------------------------
G4SDManager::AddNewCollection : the collection <Calor-A_abs/eDep> is registered at 1
G4SDManager::AddNewCollection : the collection <Calor-A_abs/nGamma> is registered at 2
G4SDManager::AddNewCollection : the collection <Calor-A_abs/nElectron> is registered at 3
G4SDManager::AddNewCollection : the collection <Calor-A_abs/nPositron> is registered at 4
G4SDManager::AddNewCollection : the collection <Calor-A_abs/minEkinGamma> is registered at 5
G4SDManager::AddNewCollection : the collection <Calor-A_abs/minEkinElectron> is registered at 6
G4SDManager::AddNewCollection : the collection <Calor-A_abs/minEkinPositron> is registered at 7
G4SDManager::AddNewCollection : the collection <Calor-A_abs/trackLength> is registered at 8
G4SDManager::AddNewCollection : the collection <Calor-A_abs/nStep> is registered at 9
G4SDManager::AddNewCollection : the collection <Calor-A_gap/eDep> is registered at 10
G4SDManager::AddNewCollection : the collection <Calor-A_gap/nGamma> is registered at 11
G4SDManager::AddNewCollection : the collection <Calor-A_gap/nElectron> is registered at 12
G4SDManager::AddNewCollection : the collection <Calor-A_gap/nPositron> is registered at 13
G4SDManager::AddNewCollection : the collection <Calor-A_gap/minEkinGamma> is registered at 14
G4SDManager::AddNewCollection : the collection <Calor-A_gap/minEkinElectron> is registered at 15
G4SDManager::AddNewCollection : the collection <Calor-A_gap/minEkinPositron> is registered at 16
G4SDManager::AddNewCollection : the collection <Calor-A_gap/trackLength> is registered at 17
G4SDManager::AddNewCollection : the collection <Calor-A_gap/nStep> is registered at 18
G4SDManager::AddNewCollection : the collection <Calor-B_abs/eDep> is registered at 19
G4SDManager::AddNewCollection : the collection <Calor-B_abs/nGamma> is registered at 20
G4SDManager::AddNewCollection : the collection <Calor-B_abs/nElectron> is registered at 21
G4SDManager::AddNewCollection : the collection <Calor-B_abs/nPositron> is registered at 22
G4SDManager::AddNewCollection : the collection <Calor-B_abs/minEkinGamma> is registered at 23
G4SDManager::AddNewCollection : the collection <Calor-B_abs/minEkinElectron> is registered at 24
G4SDManager::AddNewCollection : the collection <Calor-B_abs/minEkinPositron> is registered at 25
G4SDManager::AddNewCollection : the collection <Calor-B_abs/trackLength> is registered at 26
G4SDManager::AddNewCollection : the collection <Calor-B_abs/nStep> is registered at 27
G4SDManager::AddNewCollection : the collection <Calor-B_gap/eDep> is registered at 28
G4SDManager::AddNewCollection : the collection <Calor-B_gap/nGamma> is registered at 29
G4SDManager::AddNewCollection : the collection <Calor-B_gap/nElectron> is registered at 30
G4SDManager::AddNewCollection : the collection <Calor-B_gap/nPositron> is registered at 31
G4SDManager::AddNewCollection : the collection <Calor-B_gap/minEkinGamma> is registered at 32
G4SDManager::AddNewCollection : the collection <Calor-B_gap/minEkinElectron> is registered at 33
G4SDManager::AddNewCollection : the collection <Calor-B_gap/minEkinPositron> is registered at 34
G4SDManager::AddNewCollection : the collection <Calor-B_gap/trackLength> is registered at 35
G4SDManager::AddNewCollection : the collection <Calor-B_gap/nStep> is registered at 36
G4SDManager::AddNewCollection : the collection <Calor-C_abs/eDep> is registered at 37
G4SDManager::AddNewCollection : the collection <Calor-C_abs/nGamma> is registered at 38
G4SDManager::AddNewCollection : the collection <Calor-C_abs/nElectron> is registered at 39
G4SDManager::AddNewCollection : the collection <Calor-C_abs/nPositron> is registered at 40
G4SDManager::AddNewCollection : the collection <Calor-C_abs/minEkinGamma> is registered at 41
G4SDManager::AddNewCollection : the collection <Calor-C_abs/minEkinElectron> is registered at 42
G4SDManager::AddNewCollection : the collection <Calor-C_abs/minEkinPositron> is registered at 43
G4SDManager::AddNewCollection : the collection <Calor-C_abs/trackLength> is registered at 44
G4SDManager::AddNewCollection : the collection <Calor-C_abs/nStep> is registered at 45
G4SDManager::AddNewCollection : the collection <Calor-C_gap/eDep> is registered at 46
G4SDManager::AddNewCollection : the collection <Calor-C_gap/nGamma> is registered at 47
G4SDManager::AddNewCollection : the collection <Calor-C_gap/nElectron> is registered at 48
G4SDManager::AddNewCollection : the collection <Calor-C_gap/nPositron> is registered at 49
G4SDManager::AddNewCollection : the collection <Calor-C_gap/minEkinGamma> is registered at 50
G4SDManager::AddNewCollection : the collection <Calor-C_gap/minEkinElectron> is registered at 51
G4SDManager::AddNewCollection : the collection <Calor-C_gap/minEkinPositron> is registered at 52
G4SDManager::AddNewCollection : the collection <Calor-C_gap/trackLength> is registered at 53
G4SDManager::AddNewCollection : the collection <Calor-C_gap/nStep> is registered at 54
G4SDManager::AddNewCollection : the collection <Calor-AP_para/eDep> is registered at 55
G4SDManager::AddNewCollection : the collection <Calor-AP_para/nGamma> is registered at 56
G4SDManager::AddNewCollection : the collection <Calor-AP_para/nElectron> is registered at 57
G4SDManager::AddNewCollection : the collection <Calor-AP_para/nPositron> is registered at 58
G4SDManager::AddNewCollection : the collection <Calor-AP_para/trackLength> is registered at 59
G4SDManager::AddNewCollection : the collection <Calor-AP_para/nStep> is registered at 60
New sensitive detector <Calor-AP_para> is registered at /
New sensitive detector <Calor-AP_para> is registered at /
G4SDManager::AddNewCollection : the collection <Calor-BP_para/eDep> is registered at 61
G4SDManager::AddNewCollection : the collection <Calor-BP_para/nGamma> is registered at 62
G4SDManager::AddNewCollection : the collection <Calor-BP_para/nElectron> is registered at 63
G4SDManager::AddNewCollection : the collection <Calor-BP_para/nPositron> is registered at 64
G4SDManager::AddNewCollection : the collection <Calor-BP_para/trackLength> is registered at 65
G4SDManager::AddNewCollection : the collection <Calor-BP_para/nStep> is registered at 66
New sensitive detector <Calor-BP_para> is registered at /
New sensitive detector <Calor-BP_para> is registered at /
G4SDManager::AddNewCollection : the collection <Calor-CP_para/eDep> is registered at 67
G4SDManager::AddNewCollection : the collection <Calor-CP_para/nGamma> is registered at 68
G4SDManager::AddNewCollection : the collection <Calor-CP_para/nElectron> is registered at 69
G4SDManager::AddNewCollection : the collection <Calor-CP_para/nPositron> is registered at 70
G4SDManager::AddNewCollection : the collection <Calor-CP_para/trackLength> is registered at 71
G4SDManager::AddNewCollection : the collection <Calor-CP_para/nStep> is registered at 72
New sensitive detector <Calor-CP_para> is registered at /
New sensitive detector <Calor-CP_para> is registered at /
--- G4CoupledTransportation is used 

 hInelastic FTFP_BERT : threshold between BERT and FTFP is over the interval 
 for pions :   3 to 6 GeV
 for kaons :   3 to 6 GeV
 for proton :  3 to 6 GeV
 for neutron : 3 to 6 GeV

### Adding tracking cuts for neutron  TimeCut(ns)= 10000  KinEnergyCut(MeV)= 0
##############################################################
## /tracking/verbose must be set to 1 for RE06SteppingVerbose
##############################################################
/tracking/verbose 1
/run/verbose 1
/run/initialize
/run/setCutForRegion Calor-A 1 mm
/run/setCutForRegion Calor-B 1 mm
/run/setCutForRegion Calor-C 10 cm
/run/dumpRegion

Region <DefaultRegionForTheWorld> --  -- appears in <World> world volume
 This region is in the mass world.
 Root logical volume(s) : World 
 Pointers : G4VUserRegionInformation[0], G4UserLimits[0], G4FastSimulationManager[0], G4UserSteppingAction[0]
 Materials : Galactic 
 Production cuts :   gamma 700 um      e- 700 um      e+ 700 um  proton 700 um 

Region <DefaultRegionForParallelWorld> --  -- is not associated to any world.
 Root logical volume(s) : ParallelScoringWorld 
 Pointers : G4VUserRegionInformation[0], G4UserLimits[0], G4FastSimulationManager[0], G4UserSteppingAction[0]
 Materials : 
 Production cuts :   gamma 700 um      e- 700 um      e+ 700 um  proton 700 um 

Region <Calor-A> --  -- appears in <World> world volume
 This region is in the mass world.
 Root logical volume(s) : Calor-A 
 Pointers : G4VUserRegionInformation[0], G4UserLimits[0], G4FastSimulationManager[0], G4UserSteppingAction[0]
 Materials : Lead liquidArgon 
 Production cuts :   gamma 1 mm      e- 1 mm      e+ 1 mm  proton 1 mm 

Region <Calor-B> --  -- appears in <World> world volume
 This region is in the mass world.
 Root logical volume(s) : Calor-B 
 Pointers : G4VUserRegionInformation[0], G4UserLimits[0], G4FastSimulationManager[0], G4UserSteppingAction[0]
 Materials : Lead liquidArgon 
 Production cuts :   gamma 1 mm      e- 1 mm      e+ 1 mm  proton 1 mm 

Region <Calor-C> --  -- appears in <World> world volume
 This region is in the mass world.
 Root logical volume(s) : Calor-C 
 Pointers : G4VUserRegionInformation[0], G4UserLimits[0], G4FastSimulationManager[0], G4UserSteppingAction[0]
 Materials : Lead liquidArgon 
 Production cuts :   gamma 10 cm      e- 10 cm      e+ 10 cm  proton 10 cm 
/run/beamOn 10
=======================================================================
======                 Electromagnetic Physics Parameters      ========
=======================================================================
LPM effect enabled                                 1
Enable creation and use of sampling tables         0
Apply cuts on all EM processes                     0
Use combined TransportationWithMsc                 Disabled
Use general process                                1
Enable linear polarisation for gamma               0
Enable photoeffect sampling below K-shell          1
Enable sampling of quantum entanglement            0
X-section factor for integral approach             0.8
Min kinetic energy for tables                      100 eV 
Max kinetic energy for tables                      100 TeV
Number of bins per decade of a table               7
Verbose level                                      1
Verbose level for worker thread                    0
Bremsstrahlung energy threshold above which 
  primary e+- is added to the list of secondary    100 TeV
Bremsstrahlung energy threshold above which primary
  muon/hadron is added to the list of secondary    100 TeV
Lowest triplet kinetic energy                      1 MeV
Enable sampling of gamma linear polarisation       0
5D gamma conversion model type                     0
5D gamma conversion model on isolated ion          0
Livermore data directory                           epics_2017
=======================================================================
======                 Ionisation Parameters                   ========
=======================================================================
Step function for e+-                              (0.2, 1 mm)
Step function for muons/hadrons                    (0.2, 0.1 mm)
Step function for light ions                       (0.2, 0.1 mm)
Step function for general ions                     (0.2, 0.1 mm)
Lowest e+e- kinetic energy                         1 keV
Lowest muon/hadron kinetic energy                  1 keV
Use ICRU90 data                                    0
Fluctuations of dE/dx are enabled                  1
Type of fluctuation model for leptons and hadrons  Urban
Use built-in Birks satuaration                     0
Build CSDA range enabled                           0
Use cut as a final range enabled                   0
Enable angular generator interface                 0
Max kinetic energy for CSDA tables                 1 GeV
Max kinetic energy for NIEL computation            0 eV 
Linear loss limit                                  0.01
Read data from file for e+e- pair production by mu 0
=======================================================================
======                 Multiple Scattering Parameters          ========
=======================================================================
Type of msc step limit algorithm for e+-           1
Type of msc step limit algorithm for muons/hadrons 0
Msc lateral displacement for e+- enabled           1
Msc lateral displacement for muons and hadrons     0
Urban msc model lateral displacement alg96         1
Range factor for msc step limit for e+-            0.04
Range factor for msc step limit for muons/hadrons  0.2
Geometry factor for msc step limitation of e+-     2.5
Safety factor for msc step limit for e+-           0.6
Skin parameter for msc step limitation of e+-      1
Lambda limit for msc step limit for e+-            1 mm
Use Mott correction for e- scattering              0
Factor used for dynamic computation of angular 
  limit between single and multiple scattering     1
Fixed angular limit between single 
  and multiple scattering                          3.1416 rad
Upper energy limit for e+- multiple scattering     100 MeV
Type of electron single scattering model           0
Type of nuclear form-factor                        1
Screening factor                                   1
=======================================================================

phot:  for gamma SubType=12 BuildTable=0
      LambdaPrime table from 200 keV to 100 TeV in 61 bins 
      ===== EM models for the G4Region  DefaultRegionForTheWorld ======
 LivermorePhElectric : Emin=    0 eV  Emax=  100 TeV  SauterGavrila Fluo

compt:  for gamma SubType=13 BuildTable=1
      Lambda table from 100 eV  to 1 MeV, 7 bins/decade, spline: 1
      LambdaPrime table from 1 MeV to 100 TeV in 56 bins 
      ===== EM models for the G4Region  DefaultRegionForTheWorld ======
       Klein-Nishina : Emin=    0 eV  Emax=  100 TeV

conv:  for gamma SubType=14 BuildTable=1
      Lambda table from 1.022 MeV to 100 TeV, 18 bins/decade, spline: 1
      ===== EM models for the G4Region  DefaultRegionForTheWorld ======
     BetheHeitlerLPM : Emin=    0 eV  Emax=  100 TeV  ModifiedTsai

Rayl:  for gamma SubType=11 BuildTable=1
      Lambda table from 100 eV  to 150 keV, 7 bins/decade, spline: 0
      LambdaPrime table from 150 keV to 100 TeV in 62 bins 
      ===== EM models for the G4Region  DefaultRegionForTheWorld ======
   LivermoreRayleigh : Emin=    0 eV  Emax=  100 TeV  CullenGenerator

msc:  for e-  SubType= 10
      ===== EM models for the G4Region  DefaultRegionForTheWorld ======
            UrbanMsc : Emin=    0 eV  Emax=  100 MeV Nbins=42 100 eV  - 100 MeV
          StepLim=UseSafety Rfact=0.04 Gfact=2.5 Sfact=0.6 DispFlag:1 Skin=1 Llim=1 mm
        WentzelVIUni : Emin=  100 MeV Emax=  100 TeV Nbins=42 100 MeV - 100 TeV
          StepLim=UseSafety Rfact=0.04 Gfact=2.5 Sfact=0.6 DispFlag:1 Skin=1 Llim=1 mm

eIoni:  for e-  XStype:3  SubType=2
      dE/dx and range tables from 100 eV  to 100 TeV in 84 bins
      Lambda tables from threshold to 100 TeV, 7 bins/decade, spline: 1
      StepFunction=(0.2, 1 mm), integ: 3, fluct: 1, linLossLim= 0.01
      ===== EM models for the G4Region  DefaultRegionForTheWorld ======
        MollerBhabha : Emin=    0 eV  Emax=  100 TeV

eBrem:  for e-  XStype:4  SubType=3
      dE/dx and range tables from 100 eV  to 100 TeV in 84 bins
      Lambda tables from threshold to 100 TeV, 7 bins/decade, spline: 1
      LPM flag: 1 for E > 1 GeV,  VertexHighEnergyTh(GeV)= 100000
      ===== EM models for the G4Region  DefaultRegionForTheWorld ======
             eBremSB : Emin=    0 eV  Emax=    1 GeV  ModifiedTsai
            eBremLPM : Emin=    1 GeV Emax=  100 TeV  ModifiedTsai

CoulombScat:  for e- XStype:1 SubType=1 BuildTable=1
      Lambda table from 100 MeV to 100 TeV, 7 bins/decade, spline: 0
      ThetaMin(p) < Theta(degree) < 180, pLimit(GeV^1)= 0.139531
      ===== EM models for the G4Region  DefaultRegionForTheWorld ======
  eCoulombScattering : Emin=  100 MeV Emax=  100 TeV

msc:  for e+  SubType= 10
      ===== EM models for the G4Region  DefaultRegionForTheWorld ======
            UrbanMsc : Emin=    0 eV  Emax=  100 MeV Nbins=42 100 eV  - 100 MeV
          StepLim=UseSafety Rfact=0.04 Gfact=2.5 Sfact=0.6 DispFlag:1 Skin=1 Llim=1 mm
        WentzelVIUni : Emin=  100 MeV Emax=  100 TeV Nbins=42 100 MeV - 100 TeV
          StepLim=UseSafety Rfact=0.04 Gfact=2.5 Sfact=0.6 DispFlag:1 Skin=1 Llim=1 mm

eIoni:  for e+  XStype:3  SubType=2
      dE/dx and range tables from 100 eV  to 100 TeV in 84 bins
      Lambda tables from threshold to 100 TeV, 7 bins/decade, spline: 1
      StepFunction=(0.2, 1 mm), integ: 3, fluct: 1, linLossLim= 0.01
      ===== EM models for the G4Region  DefaultRegionForTheWorld ======
        MollerBhabha : Emin=    0 eV  Emax=  100 TeV

eBrem:  for e+  XStype:4  SubType=3
      dE/dx and range tables from 100 eV  to 100 TeV in 84 bins
      Lambda tables from threshold to 100 TeV, 7 bins/decade, spline: 1
      LPM flag: 1 for E > 1 GeV,  VertexHighEnergyTh(GeV)= 100000
      ===== EM models for the G4Region  DefaultRegionForTheWorld ======
             eBremSB : Emin=    0 eV  Emax=    1 GeV  ModifiedTsai
            eBremLPM : Emin=    1 GeV Emax=  100 TeV  ModifiedTsai

annihil:  for e+ XStype:2 SubType=5 BuildTable=0
      ===== EM models for the G4Region  DefaultRegionForTheWorld ======
            eplus2gg : Emin=    0 eV  Emax=  100 TeV

CoulombScat:  for e+ XStype:1 SubType=1 BuildTable=1
      Lambda table from 100 MeV to 100 TeV, 7 bins/decade, spline: 0
      ThetaMin(p) < Theta(degree) < 180, pLimit(GeV^1)= 0.139531
      ===== EM models for the G4Region  DefaultRegionForTheWorld ======
  eCoulombScattering : Emin=  100 MeV Emax=  100 TeV

msc:  for proton  SubType= 10
      ===== EM models for the G4Region  DefaultRegionForTheWorld ======
        WentzelVIUni : Emin=    0 eV  Emax=  100 TeV Nbins=84 100 eV  - 100 TeV
          StepLim=Minimal Rfact=0.2 Gfact=2.5 Sfact=0.6 DispFlag:0 Skin=1 Llim=1 mm

hIoni:  for proton  XStype:3  SubType=2
      dE/dx and range tables from 100 eV  to 100 TeV in 84 bins
      Lambda tables from threshold to 100 TeV, 7 bins/decade, spline: 1
      StepFunction=(0.2, 0.1 mm), integ: 3, fluct: 1, linLossLim= 0.01
      ===== EM models for the G4Region  DefaultRegionForTheWorld ======
               Bragg : Emin=    0 eV  Emax=    2 MeV
          BetheBloch : Emin=    2 MeV Emax=  100 TeV

hBrems:  for proton  XStype:1  SubType=3
      dE/dx and range tables from 100 eV  to 100 TeV in 84 bins
      Lambda tables from threshold to 100 TeV, 7 bins/decade, spline: 1
      ===== EM models for the G4Region  DefaultRegionForTheWorld ======
               hBrem : Emin=    0 eV  Emax=  100 TeV  ModifiedMephi

hPairProd:  for proton  XStype:1  SubType=4
      dE/dx and range tables from 100 eV  to 100 TeV in 84 bins
      Lambda tables from threshold to 100 TeV, 7 bins/decade, spline: 1
      Sampling table 17x1001 from 7.50618 GeV to 100 TeV 
      ===== EM models for the G4Region  DefaultRegionForTheWorld ======
           hPairProd : Emin=    0 eV  Emax=  100 TeV  ModifiedMephi

CoulombScat:  for proton XStype:1 SubType=1 BuildTable=1
      Lambda table from threshold  to 100 TeV, 7 bins/decade, spline: 0
      ThetaMin(p) < Theta(degree) < 180, pLimit(GeV^1)= 0.139531
      ===== EM models for the G4Region  DefaultRegionForTheWorld ======
  eCoulombScattering : Emin=    0 eV  Emax=  100 TeV

msc:  for GenericIon  SubType= 10
      ===== EM models for the G4Region  DefaultRegionForTheWorld ======
            UrbanMsc : Emin=    0 eV  Emax=  100 TeV
          StepLim=Minimal Rfact=0.2 Gfact=2.5 Sfact=0.6 DispFlag:0 Skin=1 Llim=1 mm

ionIoni:  for GenericIon  XStype:3  SubType=2
      dE/dx and range tables from 100 eV  to 100 TeV in 84 bins
      Lambda tables from threshold to 100 TeV, 7 bins/decade, spline: 1
      StepFunction=(0.2, 0.1 mm), integ: 3, fluct: 1, linLossLim= 0.02
      ===== EM models for the G4Region  DefaultRegionForTheWorld ======
            BraggIon : Emin=    0 eV  Emax=    2 MeV
          BetheBloch : Emin=    2 MeV Emax=  100 TeV

msc:  for alpha  SubType= 10
      ===== EM models for the G4Region  DefaultRegionForTheWorld ======
            UrbanMsc : Emin=    0 eV  Emax=  100 TeV
          StepLim=Minimal Rfact=0.2 Gfact=2.5 Sfact=0.6 DispFlag:0 Skin=1 Llim=1 mm

ionIoni:  for alpha  XStype:3  SubType=2
      dE/dx and range tables from 100 eV  to 100 TeV in 84 bins
      Lambda tables from threshold to 100 TeV, 7 bins/decade, spline: 1
      StepFunction=(0.2, 0.1 mm), integ: 3, fluct: 1, linLossLim= 0.02
      ===== EM models for the G4Region  DefaultRegionForTheWorld ======
            BraggIon : Emin=    0 eV  Emax=7.9452 MeV
          BetheBloch : Emin=7.9452 MeV Emax=  100 TeV

msc:  for anti_proton  SubType= 10
      ===== EM models for the G4Region  DefaultRegionForTheWorld ======
        WentzelVIUni : Emin=    0 eV  Emax=  100 TeV Nbins=84 100 eV  - 100 TeV
          StepLim=Minimal Rfact=0.2 Gfact=2.5 Sfact=0.6 DispFlag:0 Skin=1 Llim=1 mm

hIoni:  for anti_proton  XStype:3  SubType=2
      dE/dx and range tables from 100 eV  to 100 TeV in 84 bins
      Lambda tables from threshold to 100 TeV, 7 bins/decade, spline: 1
      StepFunction=(0.2, 0.1 mm), integ: 3, fluct: 1, linLossLim= 0.01
      ===== EM models for the G4Region  DefaultRegionForTheWorld ======
            ICRU73QO : Emin=    0 eV  Emax=    2 MeV
          BetheBloch : Emin=    2 MeV Emax=  100 TeV

hBrems:  for anti_proton  XStype:1  SubType=3
      dE/dx and range tables from 100 eV  to 100 TeV in 84 bins
      Lambda tables from threshold to 100 TeV, 7 bins/decade, spline: 1
      ===== EM models for the G4Region  DefaultRegionForTheWorld ======
               hBrem : Emin=    0 eV  Emax=  100 TeV  ModifiedMephi

hPairProd:  for anti_proton  XStype:1  SubType=4
      dE/dx and range tables from 100 eV  to 100 TeV in 84 bins
      Lambda tables from threshold to 100 TeV, 7 bins/decade, spline: 1
      Sampling table 17x1001 from 7.50618 GeV to 100 TeV 
      ===== EM models for the G4Region  DefaultRegionForTheWorld ======
           hPairProd : Emin=    0 eV  Emax=  100 TeV  ModifiedMephi

CoulombScat:  for anti_proton XStype:1 SubType=1 BuildTable=1
      Lambda table from threshold  to 100 TeV, 7 bins/decade, spline: 0
      ThetaMin(p) < Theta(degree) < 180, pLimit(GeV^1)= 0.139531
      ===== EM models for the G4Region  DefaultRegionForTheWorld ======
  eCoulombScattering : Emin=    0 eV  Emax=  100 TeV

msc:  for kaon+  SubType= 10
      ===== EM models for the G4Region  DefaultRegionForTheWorld ======
        WentzelVIUni : Emin=    0 eV  Emax=  100 TeV Nbins=84 100 eV  - 100 TeV
          StepLim=Minimal Rfact=0.2 Gfact=2.5 Sfact=0.6 DispFlag:0 Skin=1 Llim=1 mm

hIoni:  for kaon+  XStype:3  SubType=2
      dE/dx and range tables from 100 eV  to 100 TeV in 84 bins
      Lambda tables from threshold to 100 TeV, 7 bins/decade, spline: 1
      StepFunction=(0.2, 0.1 mm), integ: 3, fluct: 1, linLossLim= 0.01
      ===== EM models for the G4Region  DefaultRegionForTheWorld ======
               Bragg : Emin=    0 eV  Emax=1.05231 MeV
          BetheBloch : Emin=1.05231 MeV Emax=  100 TeV

hBrems:  for kaon+  XStype:1  SubType=3
      dE/dx and range tables from 100 eV  to 100 TeV in 84 bins
      Lambda tables from threshold to 100 TeV, 7 bins/decade, spline: 1
      ===== EM models for the G4Region  DefaultRegionForTheWorld ======
               hBrem : Emin=    0 eV  Emax=  100 TeV  ModifiedMephi

hPairProd:  for kaon+  XStype:1  SubType=4
      dE/dx and range tables from 100 eV  to 100 TeV in 84 bins
      Lambda tables from threshold to 100 TeV, 7 bins/decade, spline: 1
      Sampling table 18x1001 from 3.94942 GeV to 100 TeV 
      ===== EM models for the G4Region  DefaultRegionForTheWorld ======
           hPairProd : Emin=    0 eV  Emax=  100 TeV  ModifiedMephi

CoulombScat:  for kaon+ XStype:1 SubType=1 BuildTable=1
      Lambda table from threshold  to 100 TeV, 7 bins/decade, spline: 0
      ThetaMin(p) < Theta(degree) < 180, pLimit(GeV^1)= 0.139531
      ===== EM models for the G4Region  DefaultRegionForTheWorld ======
  eCoulombScattering : Emin=    0 eV  Emax=  100 TeV

msc:  for kaon-  SubType= 10
      ===== EM models for the G4Region  DefaultRegionForTheWorld ======
        WentzelVIUni : Emin=    0 eV  Emax=  100 TeV Nbins=84 100 eV  - 100 TeV
          StepLim=Minimal Rfact=0.2 Gfact=2.5 Sfact=0.6 DispFlag:0 Skin=1 Llim=1 mm

hIoni:  for kaon-  XStype:3  SubType=2
      dE/dx and range tables from 100 eV  to 100 TeV in 84 bins
      Lambda tables from threshold to 100 TeV, 7 bins/decade, spline: 1
      StepFunction=(0.2, 0.1 mm), integ: 3, fluct: 1, linLossLim= 0.01
      ===== EM models for the G4Region  DefaultRegionForTheWorld ======
            ICRU73QO : Emin=    0 eV  Emax=1.05231 MeV
          BetheBloch : Emin=1.05231 MeV Emax=  100 TeV

hBrems:  for kaon-  XStype:1  SubType=3
      dE/dx and range tables from 100 eV  to 100 TeV in 84 bins
      Lambda tables from threshold to 100 TeV, 7 bins/decade, spline: 1
      ===== EM models for the G4Region  DefaultRegionForTheWorld ======
               hBrem : Emin=    0 eV  Emax=  100 TeV  ModifiedMephi

hPairProd:  for kaon-  XStype:1  SubType=4
      dE/dx and range tables from 100 eV  to 100 TeV in 84 bins
      Lambda tables from threshold to 100 TeV, 7 bins/decade, spline: 1
      Sampling table 18x1001 from 3.94942 GeV to 100 TeV 
      ===== EM models for the G4Region  DefaultRegionForTheWorld ======
           hPairProd : Emin=    0 eV  Emax=  100 TeV  ModifiedMephi

CoulombScat:  for kaon- XStype:1 SubType=1 BuildTable=1
      Used Lambda table of kaon+
      ThetaMin(p) < Theta(degree) < 180, pLimit(GeV^1)= 0.139531
      ===== EM models for the G4Region  DefaultRegionForTheWorld ======
  eCoulombScattering : Emin=    0 eV  Emax=  100 TeV

msc:  for mu+  SubType= 10
      ===== EM models for the G4Region  DefaultRegionForTheWorld ======
        WentzelVIUni : Emin=    0 eV  Emax=  100 TeV Nbins=84 100 eV  - 100 TeV
          StepLim=Minimal Rfact=0.2 Gfact=2.5 Sfact=0.6 DispFlag:0 Skin=1 Llim=1 mm

muIoni:  for mu+  XStype:3  SubType=2
      dE/dx and range tables from 100 eV  to 100 TeV in 84 bins
      Lambda tables from threshold to 100 TeV, 7 bins/decade, spline: 1
      StepFunction=(0.2, 0.1 mm), integ: 3, fluct: 1, linLossLim= 0.01
      ===== EM models for the G4Region  DefaultRegionForTheWorld ======
               Bragg : Emin=    0 eV  Emax=  200 keV
        MuBetheBloch : Emin=  200 keV Emax=  100 TeV

muBrems:  for mu+  XStype:1  SubType=3
      dE/dx and range tables from 100 eV  to 100 TeV in 84 bins
      Lambda tables from threshold to 100 TeV, 7 bins/decade, spline: 1
      ===== EM models for the G4Region  DefaultRegionForTheWorld ======
              MuBrem : Emin=    0 eV  Emax=  100 TeV  ModifiedMephi

muPairProd:  for mu+  XStype:1  SubType=4
      dE/dx and range tables from 100 eV  to 100 TeV in 84 bins
      Lambda tables from threshold to 100 TeV, 7 bins/decade, spline: 1
      Sampling table 21x1001 from 0.85 GeV to 100 TeV 
      ===== EM models for the G4Region  DefaultRegionForTheWorld ======
          muPairProd : Emin=    0 eV  Emax=  100 TeV  ModifiedMephi

CoulombScat:  for mu+ XStype:1 SubType=1 BuildTable=1
      Lambda table from threshold  to 100 TeV, 7 bins/decade, spline: 0
      ThetaMin(p) < Theta(degree) < 180, pLimit(GeV^1)= 0.139531
      ===== EM models for the G4Region  DefaultRegionForTheWorld ======
  eCoulombScattering : Emin=    0 eV  Emax=  100 TeV

msc:  for mu-  SubType= 10
      ===== EM models for the G4Region  DefaultRegionForTheWorld ======
        WentzelVIUni : Emin=    0 eV  Emax=  100 TeV Nbins=84 100 eV  - 100 TeV
          StepLim=Minimal Rfact=0.2 Gfact=2.5 Sfact=0.6 DispFlag:0 Skin=1 Llim=1 mm

muIoni:  for mu-  XStype:3  SubType=2
      dE/dx and range tables from 100 eV  to 100 TeV in 84 bins
      Lambda tables from threshold to 100 TeV, 7 bins/decade, spline: 1
      StepFunction=(0.2, 0.1 mm), integ: 3, fluct: 1, linLossLim= 0.01
      ===== EM models for the G4Region  DefaultRegionForTheWorld ======
            ICRU73QO : Emin=    0 eV  Emax=  200 keV
        MuBetheBloch : Emin=  200 keV Emax=  100 TeV

muBrems:  for mu-  XStype:1  SubType=3
      dE/dx and range tables from 100 eV  to 100 TeV in 84 bins
      Lambda tables from threshold to 100 TeV, 7 bins/decade, spline: 1
      ===== EM models for the G4Region  DefaultRegionForTheWorld ======
              MuBrem : Emin=    0 eV  Emax=  100 TeV  ModifiedMephi

muPairProd:  for mu-  XStype:1  SubType=4
      dE/dx and range tables from 100 eV  to 100 TeV in 84 bins
      Lambda tables from threshold to 100 TeV, 7 bins/decade, spline: 1
      Sampling table 21x1001 from 0.85 GeV to 100 TeV 
      ===== EM models for the G4Region  DefaultRegionForTheWorld ======
          muPairProd : Emin=    0 eV  Emax=  100 TeV  ModifiedMephi

CoulombScat:  for mu- XStype:1 SubType=1 BuildTable=1
      Used Lambda table of mu+
      ThetaMin(p) < Theta(degree) < 180, pLimit(GeV^1)= 0.139531
      ===== EM models for the G4Region  DefaultRegionForTheWorld ======
  eCoulombScattering : Emin=    0 eV  Emax=  100 TeV

msc:  for pi+  SubType= 10
      ===== EM models for the G4Region  DefaultRegionForTheWorld ======
        WentzelVIUni : Emin=    0 eV  Emax=  100 TeV Nbins=84 100 eV  - 100 TeV
          StepLim=Minimal Rfact=0.2 Gfact=2.5 Sfact=0.6 DispFlag:0 Skin=1 Llim=1 mm

hIoni:  for pi+  XStype:3  SubType=2
      dE/dx and range tables from 100 eV  to 100 TeV in 84 bins
      Lambda tables from threshold to 100 TeV, 7 bins/decade, spline: 1
      StepFunction=(0.2, 0.1 mm), integ: 3, fluct: 1, linLossLim= 0.01
      ===== EM models for the G4Region  DefaultRegionForTheWorld ======
               Bragg : Emin=    0 eV  Emax=297.505 keV
          BetheBloch : Emin=297.505 keV Emax=  100 TeV

hBrems:  for pi+  XStype:1  SubType=3
      dE/dx and range tables from 100 eV  to 100 TeV in 84 bins
      Lambda tables from threshold to 100 TeV, 7 bins/decade, spline: 1
      ===== EM models for the G4Region  DefaultRegionForTheWorld ======
               hBrem : Emin=    0 eV  Emax=  100 TeV  ModifiedMephi

hPairProd:  for pi+  XStype:1  SubType=4
      dE/dx and range tables from 100 eV  to 100 TeV in 84 bins
      Lambda tables from threshold to 100 TeV, 7 bins/decade, spline: 1
      Sampling table 20x1001 from 1.11656 GeV to 100 TeV 
      ===== EM models for the G4Region  DefaultRegionForTheWorld ======
           hPairProd : Emin=    0 eV  Emax=  100 TeV  ModifiedMephi

CoulombScat:  for pi+ XStype:1 SubType=1 BuildTable=1
      Lambda table from threshold  to 100 TeV, 7 bins/decade, spline: 0
      ThetaMin(p) < Theta(degree) < 180, pLimit(GeV^1)= 0.139531
      ===== EM models for the G4Region  DefaultRegionForTheWorld ======
  eCoulombScattering : Emin=    0 eV  Emax=  100 TeV

msc:  for pi-  SubType= 10
      ===== EM models for the G4Region  DefaultRegionForTheWorld ======
        WentzelVIUni : Emin=    0 eV  Emax=  100 TeV Nbins=84 100 eV  - 100 TeV
          StepLim=Minimal Rfact=0.2 Gfact=2.5 Sfact=0.6 DispFlag:0 Skin=1 Llim=1 mm

hIoni:  for pi-  XStype:3  SubType=2
      dE/dx and range tables from 100 eV  to 100 TeV in 84 bins
      Lambda tables from threshold to 100 TeV, 7 bins/decade, spline: 1
      StepFunction=(0.2, 0.1 mm), integ: 3, fluct: 1, linLossLim= 0.01
      ===== EM models for the G4Region  DefaultRegionForTheWorld ======
            ICRU73QO : Emin=    0 eV  Emax=297.505 keV
          BetheBloch : Emin=297.505 keV Emax=  100 TeV

hBrems:  for pi-  XStype:1  SubType=3
      dE/dx and range tables from 100 eV  to 100 TeV in 84 bins
      Lambda tables from threshold to 100 TeV, 7 bins/decade, spline: 1
      ===== EM models for the G4Region  DefaultRegionForTheWorld ======
               hBrem : Emin=    0 eV  Emax=  100 TeV  ModifiedMephi

hPairProd:  for pi-  XStype:1  SubType=4
      dE/dx and range tables from 100 eV  to 100 TeV in 84 bins
      Lambda tables from threshold to 100 TeV, 7 bins/decade, spline: 1
      Sampling table 20x1001 from 1.11656 GeV to 100 TeV 
      ===== EM models for the G4Region  DefaultRegionForTheWorld ======
           hPairProd : Emin=    0 eV  Emax=  100 TeV  ModifiedMephi

CoulombScat:  for pi- XStype:1 SubType=1 BuildTable=1
      Used Lambda table of pi+
      ThetaMin(p) < Theta(degree) < 180, pLimit(GeV^1)= 0.139531
      ===== EM models for the G4Region  DefaultRegionForTheWorld ======
  eCoulombScattering : Emin=    0 eV  Emax=  100 TeV

====================================================================
                  HADRONIC PROCESSES SUMMARY (verbose level 1)
-----------------------------------------------------------------------
                           Hadronic Processes for neutron
  Process: hadElastic
        Model:             hElasticCHIPS: 0 eV  ---> 100 TeV
     Cr_sctns:        G4NeutronElasticXS: 0 eV  ---> 100 TeV
  Process: neutronInelastic
        Model:                      FTFP: 3 GeV ---> 100 TeV
        Model:            BertiniCascade: 0 eV  ---> 6 GeV
     Cr_sctns:      G4NeutronInelasticXS: 0 eV  ---> 100 TeV
  Process: nCapture
        Model:               nRadCapture: 0 eV  ---> 100 TeV
     Cr_sctns:        G4NeutronCaptureXS: 0 eV  ---> 100 TeV
  Process: nKiller
-----------------------------------------------------------------------
                           Hadronic Processes for B-
  Process: hadElastic
        Model:              hElasticLHEP: 0 eV  ---> 100 TeV
     Cr_sctns:            Glauber-Gribov: 0 eV  ---> 100 TeV
  Process: B-Inelastic
        Model:                      FTFP: 0 eV  ---> 100 TeV
     Cr_sctns:            Glauber-Gribov: 0 eV  ---> 100 TeV
-----------------------------------------------------------------------
                           Hadronic Processes for D-
  Process: hadElastic
        Model:              hElasticLHEP: 0 eV  ---> 100 TeV
     Cr_sctns:            Glauber-Gribov: 0 eV  ---> 100 TeV
  Process: D-Inelastic
        Model:                      FTFP: 0 eV  ---> 100 TeV
     Cr_sctns:            Glauber-Gribov: 0 eV  ---> 100 TeV
-----------------------------------------------------------------------
                           Hadronic Processes for GenericIon
  Process: ionInelastic
        Model:  Binary Light Ion Cascade: 0 eV /n ---> 6 GeV/n
        Model:                      FTFP: 3 GeV/n ---> 100 TeV/n
     Cr_sctns:  Glauber-Gribov Nucl-nucl: 0 eV  ---> 25.6 PeV
-----------------------------------------------------------------------
                           Hadronic Processes for He3
  Process: hadElastic
        Model:              hElasticLHEP: 0 eV /n ---> 100 TeV/n
     Cr_sctns:  Glauber-Gribov Nucl-nucl: 0 eV  ---> 25.6 PeV
  Process: He3Inelastic
        Model:  Binary Light Ion Cascade: 0 eV /n ---> 6 GeV/n
        Model:                      FTFP: 3 GeV/n ---> 100 TeV/n
     Cr_sctns:  Glauber-Gribov Nucl-nucl: 0 eV  ---> 25.6 PeV
-----------------------------------------------------------------------
                           Hadronic Processes for alpha
  Process: hadElastic
        Model:              hElasticLHEP: 0 eV /n ---> 100 TeV/n
     Cr_sctns:  Glauber-Gribov Nucl-nucl: 0 eV  ---> 25.6 PeV
  Process: alphaInelastic
        Model:  Binary Light Ion Cascade: 0 eV /n ---> 6 GeV/n
        Model:                      FTFP: 3 GeV/n ---> 100 TeV/n
     Cr_sctns:  Glauber-Gribov Nucl-nucl: 0 eV  ---> 25.6 PeV
-----------------------------------------------------------------------
                           Hadronic Processes for anti_He3
  Process: hadElastic
        Model:              hElasticLHEP: 0 eV /n ---> 100.1 MeV/n
        Model:              AntiAElastic: 100 MeV/n ---> 100 TeV/n
     Cr_sctns:              AntiAGlauber: 0 eV  ---> 25.6 PeV
  Process: anti_He3Inelastic
        Model:                      FTFP: 0 eV /n ---> 100 TeV/n
     Cr_sctns:              AntiAGlauber: 0 eV  ---> 25.6 PeV
  Process: hFritiofCaptureAtRest
-----------------------------------------------------------------------
                           Hadronic Processes for anti_alpha
  Process: hadElastic
        Model:              hElasticLHEP: 0 eV /n ---> 100.1 MeV/n
        Model:              AntiAElastic: 100 MeV/n ---> 100 TeV/n
     Cr_sctns:              AntiAGlauber: 0 eV  ---> 25.6 PeV
  Process: anti_alphaInelastic
        Model:                      FTFP: 0 eV /n ---> 100 TeV/n
     Cr_sctns:              AntiAGlauber: 0 eV  ---> 25.6 PeV
  Process: hFritiofCaptureAtRest
-----------------------------------------------------------------------
                           Hadronic Processes for anti_deuteron
  Process: hadElastic
        Model:              hElasticLHEP: 0 eV /n ---> 100.1 MeV/n
        Model:              AntiAElastic: 100 MeV/n ---> 100 TeV/n
     Cr_sctns:              AntiAGlauber: 0 eV  ---> 25.6 PeV
  Process: anti_deuteronInelastic
        Model:                      FTFP: 0 eV /n ---> 100 TeV/n
     Cr_sctns:              AntiAGlauber: 0 eV  ---> 25.6 PeV
  Process: hFritiofCaptureAtRest
-------------------------------------------------------------------------
                           Hadronic Processes for anti_hypertriton
  Process: hFritiofCaptureAtRest
-----------------------------------------------------------------------
                           Hadronic Processes for anti_lambda
  Process: hadElastic
        Model:              hElasticLHEP: 0 eV  ---> 100 TeV
     Cr_sctns:            Glauber-Gribov: 0 eV  ---> 100 TeV
  Process: anti_lambdaInelastic
        Model:                      FTFP: 0 eV  ---> 100 TeV
     Cr_sctns:            Glauber-Gribov: 0 eV  ---> 100 TeV
  Process: hFritiofCaptureAtRest
-----------------------------------------------------------------------
                           Hadronic Processes for anti_neutron
  Process: hadElastic
        Model:              hElasticLHEP: 0 eV  ---> 100.1 MeV
        Model:              AntiAElastic: 100 MeV ---> 100 TeV
     Cr_sctns:              AntiAGlauber: 0 eV  ---> 25.6 PeV
  Process: anti_neutronInelastic
        Model:                      FTFP: 0 eV  ---> 100 TeV
     Cr_sctns:              AntiAGlauber: 0 eV  ---> 25.6 PeV
  Process: hFritiofCaptureAtRest
-----------------------------------------------------------------------
                           Hadronic Processes for anti_proton
  Process: hadElastic
        Model:              hElasticLHEP: 0 eV  ---> 100.1 MeV
        Model:              AntiAElastic: 100 MeV ---> 100 TeV
     Cr_sctns:              AntiAGlauber: 0 eV  ---> 25.6 PeV
  Process: anti_protonInelastic
        Model:                      FTFP: 0 eV  ---> 100 TeV
     Cr_sctns:              AntiAGlauber: 0 eV  ---> 25.6 PeV
  Process: hFritiofCaptureAtRest
-----------------------------------------------------------------------
                           Hadronic Processes for anti_triton
  Process: hadElastic
        Model:              hElasticLHEP: 0 eV /n ---> 100.1 MeV/n
        Model:              AntiAElastic: 100 MeV/n ---> 100 TeV/n
     Cr_sctns:              AntiAGlauber: 0 eV  ---> 25.6 PeV
  Process: anti_tritonInelastic
        Model:                      FTFP: 0 eV /n ---> 100 TeV/n
     Cr_sctns:              AntiAGlauber: 0 eV  ---> 25.6 PeV
  Process: hFritiofCaptureAtRest
-----------------------------------------------------------------------
                           Hadronic Processes for deuteron
  Process: hadElastic
        Model:              hElasticLHEP: 0 eV /n ---> 100 TeV/n
     Cr_sctns:  Glauber-Gribov Nucl-nucl: 0 eV  ---> 25.6 PeV
  Process: dInelastic
        Model:  Binary Light Ion Cascade: 0 eV /n ---> 6 GeV/n
        Model:                      FTFP: 3 GeV/n ---> 100 TeV/n
     Cr_sctns:  Glauber-Gribov Nucl-nucl: 0 eV  ---> 25.6 PeV
-----------------------------------------------------------------------
                           Hadronic Processes for e+
  Process: positronNuclear
        Model:   G4ElectroVDNuclearModel: 0 eV  ---> 1 PeV
     Cr_sctns:          ElectroNuclearXS: 0 eV  ---> 100 TeV
-----------------------------------------------------------------------
                           Hadronic Processes for e-
  Process: electronNuclear
        Model:   G4ElectroVDNuclearModel: 0 eV  ---> 1 PeV
     Cr_sctns:          ElectroNuclearXS: 0 eV  ---> 100 TeV
-----------------------------------------------------------------------
                           Hadronic Processes for gamma
  Process: photonNuclear
        Model:               GammaNPreco: 0 eV  ---> 200 MeV
        Model:            BertiniCascade: 199 MeV ---> 6 GeV
        Model:           TheoFSGenerator: 3 GeV ---> 100 TeV
     Cr_sctns:            GammaNuclearXS: 0 eV  ---> 100 TeV
-----------------------------------------------------------------------
                           Hadronic Processes for kaon+
  Process: hadElastic
        Model:              hElasticLHEP: 0 eV  ---> 100 TeV
     Cr_sctns:            Glauber-Gribov: 0 eV  ---> 100 TeV
  Process: kaon+Inelastic
        Model:                      FTFP: 3 GeV ---> 100 TeV
        Model:            BertiniCascade: 0 eV  ---> 6 GeV
     Cr_sctns:            Glauber-Gribov: 0 eV  ---> 100 TeV
-----------------------------------------------------------------------
                           Hadronic Processes for kaon-
  Process: hadElastic
        Model:              hElasticLHEP: 0 eV  ---> 100 TeV
     Cr_sctns:            Glauber-Gribov: 0 eV  ---> 100 TeV
  Process: kaon-Inelastic
        Model:                      FTFP: 3 GeV ---> 100 TeV
        Model:            BertiniCascade: 0 eV  ---> 6 GeV
     Cr_sctns:            Glauber-Gribov: 0 eV  ---> 100 TeV
  Process: hBertiniCaptureAtRest
-----------------------------------------------------------------------
                           Hadronic Processes for lambda
  Process: hadElastic
        Model:              hElasticLHEP: 0 eV  ---> 100 TeV
     Cr_sctns:            Glauber-Gribov: 0 eV  ---> 100 TeV
  Process: lambdaInelastic
        Model:                      FTFP: 3 GeV ---> 100 TeV
        Model:            BertiniCascade: 0 eV  ---> 6 GeV
     Cr_sctns:            Glauber-Gribov: 0 eV  ---> 100 TeV
-----------------------------------------------------------------------
                           Hadronic Processes for mu+
  Process: muonNuclear
        Model:      G4MuonVDNuclearModel: 0 eV  ---> 1 PeV
     Cr_sctns:     KokoulinMuonNuclearXS: 0 eV  ---> 100 TeV
-----------------------------------------------------------------------
                           Hadronic Processes for mu-
  Process: muonNuclear
        Model:      G4MuonVDNuclearModel: 0 eV  ---> 1 PeV
     Cr_sctns:     KokoulinMuonNuclearXS: 0 eV  ---> 100 TeV
  Process: muMinusCaptureAtRest
-----------------------------------------------------------------------
                           Hadronic Processes for pi+
  Process: hadElastic
        Model:           hElasticGlauber: 0 eV  ---> 100 TeV
     Cr_sctns:  BarashenkovGlauberGribov: 0 eV  ---> 100 TeV
  Process: pi+Inelastic
        Model:                      FTFP: 3 GeV ---> 100 TeV
        Model:            BertiniCascade: 0 eV  ---> 6 GeV
     Cr_sctns:  BarashenkovGlauberGribov: 0 eV  ---> 100 TeV
-----------------------------------------------------------------------
                           Hadronic Processes for pi-
  Process: hadElastic
        Model:           hElasticGlauber: 0 eV  ---> 100 TeV
     Cr_sctns:  BarashenkovGlauberGribov: 0 eV  ---> 100 TeV
  Process: pi-Inelastic
        Model:                      FTFP: 3 GeV ---> 100 TeV
        Model:            BertiniCascade: 0 eV  ---> 6 GeV
     Cr_sctns:  BarashenkovGlauberGribov: 0 eV  ---> 100 TeV
  Process: hBertiniCaptureAtRest
-----------------------------------------------------------------------
                           Hadronic Processes for proton
  Process: hadElastic
        Model:             hElasticCHIPS: 0 eV  ---> 100 TeV
     Cr_sctns:  BarashenkovGlauberGribov: 0 eV  ---> 100 TeV
  Process: protonInelastic
        Model:                      FTFP: 3 GeV ---> 100 TeV
        Model:            BertiniCascade: 0 eV  ---> 6 GeV
     Cr_sctns:  BarashenkovGlauberGribov: 0 eV  ---> 100 TeV
-----------------------------------------------------------------------
                           Hadronic Processes for sigma-
  Process: hadElastic
        Model:              hElasticLHEP: 0 eV  ---> 100 TeV
     Cr_sctns:            Glauber-Gribov: 0 eV  ---> 100 TeV
  Process: sigma-Inelastic
        Model:                      FTFP: 3 GeV ---> 100 TeV
        Model:            BertiniCascade: 0 eV  ---> 6 GeV
     Cr_sctns:            Glauber-Gribov: 0 eV  ---> 100 TeV
  Process: hBertiniCaptureAtRest
-----------------------------------------------------------------------
                           Hadronic Processes for triton
  Process: hadElastic
        Model:              hElasticLHEP: 0 eV /n ---> 100 TeV/n
     Cr_sctns:  Glauber-Gribov Nucl-nucl: 0 eV  ---> 25.6 PeV
  Process: tInelastic
        Model:  Binary Light Ion Cascade: 0 eV /n ---> 6 GeV/n
        Model:                      FTFP: 3 GeV/n ---> 100 TeV/n
     Cr_sctns:  Glauber-Gribov Nucl-nucl: 0 eV  ---> 25.6 PeV
### G4LevelReader: broken transition 0 from level 24 to 24 for isotope Z= 89 A= 219 - use ground level
=======================================================================
======       Geant4 Native Pre-compound Model Parameters       ========
=======================================================================
Type of pre-compound inverse x-section              3
Pre-compound model active                           1
Pre-compound excitation low energy                  100 keV
Pre-compound excitation high energy                 30 MeV
Angular generator for pre-compound model            1
Use NeverGoBack option for pre-compound model       0
Use SoftCutOff option for pre-compound model        0
Use CEM transitions for pre-compound model          1
Use GNASH transitions for pre-compound model        0
Use HETC submodel for pre-compound model            0
=======================================================================
======       Nuclear De-excitation Module Parameters           ========
=======================================================================
Type of de-excitation inverse x-section             3
Type of de-excitation factory                       Evaporation+GEM
Number of de-excitation channels                    68
Min excitation energy                               10 eV 
Min energy per nucleon for multifragmentation       200 GeV
Limit excitation energy for Fermi BreakUp           20 MeV
Level density (1/MeV)                               0.075
Use simple level density model                      1
Use discrete excitation energy of the residual      1
Time limit for long lived isomeres                  1 ns 
Isomer production flag                              1
Internal e- conversion flag                         1
Store e- internal conversion data                   0
Correlated gamma emission flag                      0
Max 2J for sampling of angular correlations         10
=======================================================================

========= Table of registered couples ============================

Index : 0     used in the geometry : Yes
 Material : Galactic
 Range cuts        :  gamma  700 um     e-  700 um     e+  700 um  proton 700 um 
 Energy thresholds :  gamma  990 eV     e-  990 eV     e+  990 eV  proton 70 keV
 Region(s) which use this couple : 
    DefaultRegionForTheWorld

Index : 1     used in the geometry : Yes
 Material : Lead
 Range cuts        :  gamma  1 mm     e-  1 mm     e+  1 mm  proton 1 mm 
 Energy thresholds :  gamma  101.797 keV    e-  1.37158 MeV    e+  1.2826 MeV proton 100 keV
 Region(s) which use this couple : 
    Calor-A

Index : 2     used in the geometry : Yes
 Material : liquidArgon
 Range cuts        :  gamma  1 mm     e-  1 mm     e+  1 mm  proton 1 mm 
 Energy thresholds :  gamma  6.18871 keV    e-  346.448 keV    e+  335.412 keV proton 100 keV
 Region(s) which use this couple : 
    Calor-A

Index : 3     used in the geometry : Yes
 Material : Lead
 Range cuts        :  gamma  1 mm     e-  1 mm     e+  1 mm  proton 1 mm 
 Energy thresholds :  gamma  101.797 keV    e-  1.37158 MeV    e+  1.2826 MeV proton 100 keV
 Region(s) which use this couple : 
    Calor-B

Index : 4     used in the geometry : Yes
 Material : liquidArgon
 Range cuts        :  gamma  1 mm     e-  1 mm     e+  1 mm  proton 1 mm 
 Energy thresholds :  gamma  6.18871 keV    e-  346.448 keV    e+  335.412 keV proton 100 keV
 Region(s) which use this couple : 
    Calor-B

Index : 5     used in the geometry : Yes
 Material : Lead
 Range cuts        :  gamma  10 cm     e-  10 cm     e+  10 cm  proton 10 cm 
 Energy thresholds :  gamma  2.18143 MeV    e-  434.372 MeV    e+  405.824 MeV proton 10 MeV
 Region(s) which use this couple : 
    Calor-C

Index : 6     used in the geometry : Yes
 Material : liquidArgon
 Range cuts        :  gamma  10 cm     e-  10 cm     e+  10 cm  proton 10 cm 
 Energy thresholds :  gamma  56.4685 keV    e-  24.394 MeV    e+  22.815 MeV proton 10 MeV
 Region(s) which use this couple : 
    Calor-C

==================================================================

G4VisManager: Using G4TrajectoryDrawByCharge as fallback trajectory model.
See commands in /vis/modeling/trajectories/ for other options.
### Run 0 starts.
 Run terminated.
Run Summary
  Number of events processed : 10
  User=2.350000s Real=2.964345s Sys=0.600000s
############################################################
 Run Summary - Number of events : 10
############################################################
Region : Calor-A
 Production thresholds :
    gamma 1 mm     e- 1 mm     e+ 1 mm 
 Energy deposition in an event :
    Absorber 4.85686 GeV      Gap 686.343 MeV
 Number of secondaries in an event :
    gamma in Absorber 1458    in Gap 138.4
    e-    in Absorber 2513.3    in Gap 324.2
    e+    in Absorber 147.2    in Gap 6.1
 Minimum kinetic energy of generated secondaries :
    gamma in Absorber 15.404 keV    in Gap 740.555 eV 
    e-    in Absorber 28.9574 eV     in Gap 146.182 eV 
    e+    in Absorber 17.3433 keV    in Gap 150.087 keV
 Total track length of e+/e- in an event :
    Absorber 1.77654 m        Gap 1.38373 m  
 Total number of steps of e+/e- in an event :
    Absorber 6070.3      Gap 1056
------------------------------------------------------------
Scores in parallel geometry
layer   eDep/evt  nGamma/evt nElec/evt  nPosi/evt  stpLen/evt nStep/evt
       0    4173.81     1061.1     1533.4      100.8    2209.49     4210.4
       1    557.189      196.5      513.3       25.7    457.439     1205.9
       2    206.356       73.8      211.1        8.7    150.938      474.3
       3    127.109       54.4      139.3          5    103.359      303.8
       4    130.736         41         97        3.8    70.8444      223.4
       5    100.514       34.5       72.3        2.4    42.3504      157.9
       6    61.6788       27.7       58.3          1    27.2554      113.8
       7    48.5084       19.5       41.6        0.8    23.5791       86.5
       8    24.4205       16.8       32.4        0.8    18.2359       69.9
       9    29.0183       11.9       27.9        0.5    13.7586       58.9
      10    11.8707        7.6       15.2        0.3    4.26664       29.2
      11    9.68611        8.1       15.6        0.5    5.62502       32.9
      12    8.16344        6.9         15        0.4    5.64363       32.4
      13    17.0572        7.7         14        0.6    5.08256       24.6
      14    6.27357        5.8        9.4        0.5     5.1829       17.3
      15    5.13411        3.1        7.8        0.2    3.10205       14.2
      16    4.42265        4.5        7.1        0.2    2.41001       12.7
      17    4.69106        3.9          8        0.3    3.20334       19.9
      18    2.53152        1.5        3.4        0.2    1.26147        6.2
      19     3.8577        2.6        4.1          0   0.948299        6.8
############################################################
Region : Calor-B
 Production thresholds :
    gamma 1 mm     e- 1 mm     e+ 1 mm 
 Energy deposition in an event :
    Absorber 2.97952 GeV      Gap 375.049 MeV
 Number of secondaries in an event :
    gamma in Absorber 862    in Gap 54.6
    e-    in Absorber 1429.5    in Gap 178
    e+    in Absorber 85.5    in Gap 3.9
 Minimum kinetic energy of generated secondaries :
    gamma in Absorber 101.81 keV    in Gap 6.22493 keV
    e-    in Absorber 91.7897 eV     in Gap 117.517 eV 
    e+    in Absorber 8.64242 keV    in Gap 21.1566 keV
 Total track length of e+/e- in an event :
    Absorber 1.16178 m        Gap 85.2298 cm 
 Total number of steps of e+/e- in an event :
    Absorber 3635.9      Gap 615.1
------------------------------------------------------------
Scores in parallel geometry
layer   eDep/evt  nGamma/evt nElec/evt  nPosi/evt  stpLen/evt nStep/evt
       0    3134.51      830.1     1238.1       76.2    1767.59     3414.1
       1    124.386       49.8      217.7        7.5    137.699      497.1
       2    48.6649       16.6       78.8        3.4    66.4333      176.8
       3    16.1524          6       27.4        0.9    14.9547       61.1
       4    8.42436        3.2       14.3        0.4    8.18573       30.1
       5    2.33845        0.5        5.2          0    3.99231       10.3
       6    1.29376        0.3        1.7        0.1    1.46181        5.2
       7   0.755793        0.4          1        0.1   0.474054        2.1
       8   0.758626        0.1        0.8          0    0.69918        4.6
       9    1.22247        0.6        2.4        0.1    1.83536          6
      10   0.840812        0.6        1.5          0   0.538729        3.3
      11    1.25468        1.2        2.8        0.3   0.734576          5
      12   0.607587        0.3        0.9        0.1   0.420682        1.9
      13    2.07889        2.2        3.2          0    1.26158        6.7
      14    3.04728        0.5        2.1          0   0.873575        3.8
      15    1.22549        0.8        1.3          0    3.19787          6
      16    1.47943        0.6        1.2        0.1   0.930623        2.8
      17   0.513154        0.3        0.7          0   0.181976        1.3
      18    1.41757        0.8        1.8        0.1   0.741631        3.8
      19    1.47743        1.3        2.9        0.1    1.22642        5.6
############################################################
Region : Calor-C
 Production thresholds :
    gamma 10 cm     e- 10 cm     e+ 10 cm 
 Energy deposition in an event :
    Absorber 3.00591 GeV      Gap 329.756 MeV
 Number of secondaries in an event :
    gamma in Absorber 199.3    in Gap 21
    e-    in Absorber 359.1    in Gap 37.6
    e+    in Absorber 56.2    in Gap 2.5
 Minimum kinetic energy of generated secondaries :
    gamma in Absorber 289.282 keV    in Gap 56.814 keV
    e-    in Absorber 135.951 eV     in Gap 373.715 eV 
    e+    in Absorber 8.23 keV    in Gap 555.135 keV
 Total track length of e+/e- in an event :
    Absorber 56.6469 cm       Gap 41.6337 cm 
 Total number of steps of e+/e- in an event :
    Absorber 1014.7      Gap 172.8
------------------------------------------------------------
Scores in parallel geometry
layer   eDep/evt  nGamma/evt nElec/evt  nPosi/evt  stpLen/evt nStep/evt
       0    3225.15      198.4      284.3       50.1    880.644      927.8
       1    74.3615         15       68.8        5.4     69.527      156.6
       2    22.6378          3       23.4        1.6    21.8314       58.8
       3    8.32281        2.1       10.6        0.8    5.96535       19.8
       4    3.07547          1        4.8        0.6    2.08409       11.6
       5   0.353391          0        1.1          0   0.210563        2.7
       6   0.348335        0.1        0.9          0   0.826071        2.9
       7    0.18118          0        0.5          0  0.0788833        1.1
       8  0.0152161          0        0.1          0 0.00139266        0.2
       9 0.00516943          0          0          0          0          0
      10  0.0431719          0        0.2          0  0.0310518        0.3
      11 0.00550055          0          0          0          0          0
      12  0.0364708          0        0.1          0  0.0115988        0.2
      13 0.000804447          0          0          0          0          0
      14   0.593707        0.2        1.2        0.1    0.50802        2.3
      15    0.14064          0        0.4          0  0.0885049        0.4
      16   0.116252        0.3          0          0  0.0788505        0.2
      17  0.0382596          0        0.1          0  0.0116514        0.4
      18 0.00339376          0          0          0          0          0
      19   0.238854        0.2        0.2        0.1   0.906482          2
############################################################
/run/dumpCouples

========= Table of registered couples ============================

Index : 0     used in the geometry : Yes
 Material : Galactic
 Range cuts        :  gamma  700 um     e-  700 um     e+  700 um  proton 700 um 
 Energy thresholds :  gamma  990 eV     e-  990 eV     e+  990 eV  proton 70 keV
 Region(s) which use this couple : 
    DefaultRegionForTheWorld

Index : 1     used in the geometry : Yes
 Material : Lead
 Range cuts        :  gamma  1 mm     e-  1 mm     e+  1 mm  proton 1 mm 
 Energy thresholds :  gamma  101.797 keV    e-  1.37158 MeV    e+  1.2826 MeV proton 100 keV
 Region(s) which use this couple : 
    Calor-A

Index : 2     used in the geometry : Yes
 Material : liquidArgon
 Range cuts        :  gamma  1 mm     e-  1 mm     e+  1 mm  proton 1 mm 
 Energy thresholds :  gamma  6.18871 keV    e-  346.448 keV    e+  335.412 keV proton 100 keV
 Region(s) which use this couple : 
    Calor-A

Index : 3     used in the geometry : Yes
 Material : Lead
 Range cuts        :  gamma  1 mm     e-  1 mm     e+  1 mm  proton 1 mm 
 Energy thresholds :  gamma  101.797 keV    e-  1.37158 MeV    e+  1.2826 MeV proton 100 keV
 Region(s) which use this couple : 
    Calor-B

Index : 4     used in the geometry : Yes
 Material : liquidArgon
 Range cuts        :  gamma  1 mm     e-  1 mm     e+  1 mm  proton 1 mm 
 Energy thresholds :  gamma  6.18871 keV    e-  346.448 keV    e+  335.412 keV proton 100 keV
 Region(s) which use this couple : 
    Calor-B

Index : 5     used in the geometry : Yes
 Material : Lead
 Range cuts        :  gamma  10 cm     e-  10 cm     e+  10 cm  proton 10 cm 
 Energy thresholds :  gamma  2.18143 MeV    e-  434.372 MeV    e+  405.824 MeV proton 10 MeV
 Region(s) which use this couple : 
    Calor-C

Index : 6     used in the geometry : Yes
 Material : liquidArgon
 Range cuts        :  gamma  10 cm     e-  10 cm     e+  10 cm  proton 10 cm 
 Energy thresholds :  gamma  56.4685 keV    e-  24.394 MeV    e+  22.815 MeV proton 10 MeV
 Region(s) which use this couple : 
    Calor-C

==================================================================

##
##
##
/run/setCutForRegion Calor-A 0.2 mm
/run/setCutForRegion Calor-B 2 mm
/run/setCutForRegion Calor-C 2 cm
/run/dumpRegion

Region <DefaultRegionForTheWorld> --  -- appears in <World> world volume
 This region is in the mass world.
 Root logical volume(s) : World 
 Pointers : G4VUserRegionInformation[0], G4UserLimits[0], G4FastSimulationManager[0], G4UserSteppingAction[0]
 Materials : Galactic 
 Production cuts :   gamma 700 um      e- 700 um      e+ 700 um  proton 700 um 

Region <DefaultRegionForParallelWorld> --  -- appears in <ParallelScoringWorld> world volume
 This region is in the parallel world.
 Root logical volume(s) : ParallelScoringWorld 
 Pointers : G4VUserRegionInformation[0], G4UserLimits[0], G4FastSimulationManager[0], G4UserSteppingAction[0]
 Materials : 
 Production cuts :   gamma 700 um      e- 700 um      e+ 700 um  proton 700 um 

Region <Calor-A> --  -- appears in <World> world volume
 This region is in the mass world.
 Root logical volume(s) : Calor-A 
 Pointers : G4VUserRegionInformation[0], G4UserLimits[0], G4FastSimulationManager[0], G4UserSteppingAction[0]
 Materials : Lead liquidArgon 
 Production cuts :   gamma 200 um      e- 200 um      e+ 200 um  proton 200 um 

Region <Calor-B> --  -- appears in <World> world volume
 This region is in the mass world.
 Root logical volume(s) : Calor-B 
 Pointers : G4VUserRegionInformation[0], G4UserLimits[0], G4FastSimulationManager[0], G4UserSteppingAction[0]
 Materials : Lead liquidArgon 
 Production cuts :   gamma 2 mm      e- 2 mm      e+ 2 mm  proton 2 mm 

Region <Calor-C> --  -- appears in <World> world volume
 This region is in the mass world.
 Root logical volume(s) : Calor-C 
 Pointers : G4VUserRegionInformation[0], G4UserLimits[0], G4FastSimulationManager[0], G4UserSteppingAction[0]
 Materials : Lead liquidArgon 
 Production cuts :   gamma 2 cm      e- 2 cm      e+ 2 cm  proton 2 cm 
/run/beamOn 10

========= Table of registered couples ============================

Index : 0     used in the geometry : Yes
 Material : Galactic
 Range cuts        :  gamma  700 um     e-  700 um     e+  700 um  proton 700 um 
 Energy thresholds :  gamma  990 eV     e-  990 eV     e+  990 eV  proton 70 keV
 Region(s) which use this couple : 
    DefaultRegionForTheWorld

Index : 1     used in the geometry : Yes
 Material : Lead
 Range cuts        :  gamma  200 um     e-  200 um     e+  200 um  proton 200 um 
 Energy thresholds :  gamma  47.4725 keV    e-  385.265 keV    e+  369.257 keV proton 20 keV
 Region(s) which use this couple : 
    Calor-A

Index : 2     used in the geometry : Yes
 Material : liquidArgon
 Range cuts        :  gamma  200 um     e-  200 um     e+  200 um  proton 200 um 
 Energy thresholds :  gamma  2.80452 keV    e-  124.871 keV    e+  122.461 keV proton 20 keV
 Region(s) which use this couple : 
    Calor-A

Index : 3     used in the geometry : Yes
 Material : Lead
 Range cuts        :  gamma  2 mm     e-  2 mm     e+  2 mm  proton 2 mm 
 Energy thresholds :  gamma  120.809 keV    e-  2.6349 MeV    e+  2.44155 MeV proton 200 keV
 Region(s) which use this couple : 
    Calor-B

Index : 4     used in the geometry : Yes
 Material : liquidArgon
 Range cuts        :  gamma  2 mm     e-  2 mm     e+  2 mm  proton 2 mm 
 Energy thresholds :  gamma  8.70246 keV    e-  565.305 keV    e+  542.903 keV proton 200 keV
 Region(s) which use this couple : 
    Calor-B

Index : 5     used in the geometry : Yes
 Material : Lead
 Range cuts        :  gamma  2 cm     e-  2 cm     e+  2 cm  proton 2 cm 
 Energy thresholds :  gamma  420.409 keV    e-  35.3542 MeV    e+  32.7564 MeV proton 2 MeV
 Region(s) which use this couple : 
    Calor-C

Index : 6     used in the geometry : Yes
 Material : liquidArgon
 Range cuts        :  gamma  2 cm     e-  2 cm     e+  2 cm  proton 2 cm 
 Energy thresholds :  gamma  26.9996 keV    e-  4.26713 MeV    e+  3.9897 MeV proton 2 MeV
 Region(s) which use this couple : 
    Calor-C

==================================================================

### Run 1 starts.
 Run terminated.
Run Summary
  Number of events processed : 10
  User=1.280000s Real=1.633870s Sys=0.340000s
############################################################
 Run Summary - Number of events : 10
############################################################
Region : Calor-A
 Production thresholds :
    gamma 200 um     e- 200 um     e+ 200 um 
 Energy deposition in an event :
    Absorber 3.59651 GeV      Gap 455.808 MeV
 Number of secondaries in an event :
    gamma in Absorber 1567    in Gap 92.1
    e-    in Absorber 2650.6    in Gap 372.8
    e+    in Absorber 129.1    in Gap 4.4
 Minimum kinetic energy of generated secondaries :
    gamma in Absorber 42.1057 keV    in Gap 2.81856 keV
    e-    in Absorber 105.738 meV    in Gap 19.4778 eV 
    e+    in Absorber 14.2169 keV    in Gap 410.032 keV
 Total track length of e+/e- in an event :
    Absorber 1.71292 m        Gap 1.30479 m  
 Total number of steps of e+/e- in an event :
    Absorber 6609.9      Gap 1083.6
------------------------------------------------------------
Scores in parallel geometry
layer   eDep/evt  nGamma/evt nElec/evt  nPosi/evt  stpLen/evt nStep/evt
       0    3722.36     1500.5     2439.9      114.6    2635.09     6307.3
       1    222.805      113.3      377.7       14.4    263.696      930.9
       2    63.9998       29.2      118.7        3.3    73.2366      266.5
       3    22.8704        9.5       46.5          1    19.1062       97.5
       4    9.57858        4.1       20.8        0.1     13.861       44.4
       5    5.59781        0.7        9.8          0    7.65021       20.9
       6     2.9258        1.6        4.8        0.1    2.83005       12.5
       7   0.661658          0        2.1          0   0.730031        4.5
       8   0.253285          0        0.5          0   0.122764        1.3
       9   0.340514        0.1        0.9          0   0.723012        1.6
      10   0.421265        0.1          1          0   0.402234        4.5
      11  0.0681071          0        0.1          0  0.0365513        0.4
      12   0.280128          0        0.4          0   0.177397        0.7
      13  0.0549477          0        0.1          0  0.0247879        0.2
      14 0.00878228          0          0          0          0          0
      15 0.00660329          0          0          0          0          0
      16 0.00437413          0          0          0          0          0
      17 0.00843687          0          0          0          0          0
      18  0.0495254          0        0.1          0  0.0186464        0.3
      19  0.0163674          0          0          0          0          0
############################################################
Region : Calor-B
 Production thresholds :
    gamma 2 mm     e- 2 mm     e+ 2 mm 
 Energy deposition in an event :
    Absorber 2.33661 GeV      Gap 310.01 MeV
 Number of secondaries in an event :
    gamma in Absorber 441.6    in Gap 28.8
    e-    in Absorber 753.2    in Gap 94.6
    e+    in Absorber 46.4    in Gap 1.8
 Minimum kinetic energy of generated secondaries :
    gamma in Absorber 120.842 keV    in Gap 8.97953 keV
    e-    in Absorber 148.466 eV     in Gap 114.482 eV 
    e+    in Absorber 7.20163 keV    in Gap 298.817 keV
 Total track length of e+/e- in an event :
    Absorber 65.0201 cm       Gap 48.6199 cm 
 Total number of steps of e+/e- in an event :
    Absorber 1920.1      Gap 336.2
------------------------------------------------------------
Scores in parallel geometry
layer   eDep/evt  nGamma/evt nElec/evt  nPosi/evt  stpLen/evt nStep/evt
       0    2521.86        428      645.8       40.6    985.519     1793.2
       1    74.4569       25.4      120.4        4.7    84.0793      273.4
       2    29.6638       10.9       46.7        1.6    39.5866      103.6
       3    11.2326        2.9       18.9        0.7    13.7642       49.5
       4    4.33471        1.3        6.3        0.2    6.98888         15
       5     2.4565        0.8        3.9        0.2    2.14079        8.1
       6     1.1071        0.3        1.9        0.1    1.77567        5.4
       7   0.239662          0        0.5          0   0.752419          1
       8    0.12704        0.1        0.7          0   0.129339        1.1
       9   0.127823          0        0.4          0  0.0971417        0.7
      10   0.304171        0.3        0.6        0.1   0.636473        1.2
      11   0.197561          0        0.4          0   0.121751        1.4
      12  0.0149821          0        0.2          0 0.00332027        0.2
      13  0.0134777          0        0.1          0  0.0122436        0.4
      14  0.0050576          0          0          0          0          0
      15  0.0108547          0          0          0          0          0
      16   0.153334        0.1        0.4          0   0.632848        0.8
      17   0.292899        0.3        0.5          0   0.159616        1.1
      18  0.0191817          0        0.1          0 0.00100029        0.2
      19 0.00610622          0          0          0          0          0
############################################################
Region : Calor-C
 Production thresholds :
    gamma 2 cm     e- 2 cm     e+ 2 cm 
 Energy deposition in an event :
    Absorber 3.27427 GeV      Gap 387.65 MeV
 Number of secondaries in an event :
    gamma in Absorber 592.5    in Gap 42.9
    e-    in Absorber 1070.8    in Gap 120.4
    e+    in Absorber 99.1    in Gap 3.3
 Minimum kinetic energy of generated secondaries :
    gamma in Absorber 63.9795 keV    in Gap 27.0154 keV
    e-    in Absorber 104.92 eV     in Gap 260.277 eV 
    e+    in Absorber 2.13361 keV    in Gap 317.594 keV
 Total track length of e+/e- in an event :
    Absorber 1.12213 m        Gap 75.5001 cm 
 Total number of steps of e+/e- in an event :
    Absorber 2696.2      Gap 437
------------------------------------------------------------
Scores in parallel geometry
layer   eDep/evt  nGamma/evt nElec/evt  nPosi/evt  stpLen/evt nStep/evt
       0    3433.31        581      856.2       87.1    1635.12     2363.7
       1    151.001         37      205.9        9.8     153.61      460.1
       2    45.4633       11.3       72.4        3.5    54.8929      174.5
       3    18.7377        4.3       32.9        1.5    20.3755       68.9
       4    5.88334        0.3       11.5          0    6.27851       29.1
       5    2.92696        0.6        4.4        0.2     2.4707       10.9
       6    1.43283        0.3        2.8        0.1    1.08899         11
       7   0.133995          0        0.3        0.1  0.0812723        0.4
       8    1.80002        0.6        1.3        0.1    1.94631        7.7
       9   0.422104          0        1.2          0   0.382592        3.4
      10    0.19439          0        0.4          0    0.23149        0.7
      11   0.135828          0        0.7          0     0.2764          1
      12   0.385534          0        0.5          0   0.277124        0.8
      13  0.0124515          0          0          0          0          0
      14  0.0330372          0        0.4          0  0.0706502        0.4
      15  0.0175093          0        0.1          0  0.0297793        0.3
      16 0.00180806          0          0          0          0          0
      17   0.026043          0        0.2          0 0.00703823        0.3
      18          0          0          0          0          0          0
      19          0          0          0          0          0          0
############################################################
/run/dumpCouples

========= Table of registered couples ============================

Index : 0     used in the geometry : Yes
 Material : Galactic
 Range cuts        :  gamma  700 um     e-  700 um     e+  700 um  proton 700 um 
 Energy thresholds :  gamma  990 eV     e-  990 eV     e+  990 eV  proton 70 keV
 Region(s) which use this couple : 
    DefaultRegionForTheWorld

Index : 1     used in the geometry : Yes
 Material : Lead
 Range cuts        :  gamma  200 um     e-  200 um     e+  200 um  proton 200 um 
 Energy thresholds :  gamma  47.4725 keV    e-  385.265 keV    e+  369.257 keV proton 20 keV
 Region(s) which use this couple : 
    Calor-A

Index : 2     used in the geometry : Yes
 Material : liquidArgon
 Range cuts        :  gamma  200 um     e-  200 um     e+  200 um  proton 200 um 
 Energy thresholds :  gamma  2.80452 keV    e-  124.871 keV    e+  122.461 keV proton 20 keV
 Region(s) which use this couple : 
    Calor-A

Index : 3     used in the geometry : Yes
 Material : Lead
 Range cuts        :  gamma  2 mm     e-  2 mm     e+  2 mm  proton 2 mm 
 Energy thresholds :  gamma  120.809 keV    e-  2.6349 MeV    e+  2.44155 MeV proton 200 keV
 Region(s) which use this couple : 
    Calor-B

Index : 4     used in the geometry : Yes
 Material : liquidArgon
 Range cuts        :  gamma  2 mm     e-  2 mm     e+  2 mm  proton 2 mm 
 Energy thresholds :  gamma  8.70246 keV    e-  565.305 keV    e+  542.903 keV proton 200 keV
 Region(s) which use this couple : 
    Calor-B

Index : 5     used in the geometry : Yes
 Material : Lead
 Range cuts        :  gamma  2 cm     e-  2 cm     e+  2 cm  proton 2 cm 
 Energy thresholds :  gamma  420.409 keV    e-  35.3542 MeV    e+  32.7564 MeV proton 2 MeV
 Region(s) which use this couple : 
    Calor-C

Index : 6     used in the geometry : Yes
 Material : liquidArgon
 Range cuts        :  gamma  2 cm     e-  2 cm     e+  2 cm  proton 2 cm 
 Energy thresholds :  gamma  26.9996 keV    e-  4.26713 MeV    e+  3.9897 MeV proton 2 MeV
 Region(s) which use this couple : 
    Calor-C

==================================================================

##
##
##
/RE06/setAbsMat Aluminium
/run/geometryModified
/RE06/setGapMat Water
/run/geometryModified
/run/dumpRegion

Region <DefaultRegionForTheWorld> --  -- appears in <World> world volume
 This region is in the mass world.
 Root logical volume(s) : World 
 Pointers : G4VUserRegionInformation[0], G4UserLimits[0], G4FastSimulationManager[0], G4UserSteppingAction[0]
 Materials : Galactic 
 Production cuts :   gamma 700 um      e- 700 um      e+ 700 um  proton 700 um 

Region <DefaultRegionForParallelWorld> --  -- appears in <ParallelScoringWorld> world volume
 This region is in the parallel world.
 Root logical volume(s) : ParallelScoringWorld 
 Pointers : G4VUserRegionInformation[0], G4UserLimits[0], G4FastSimulationManager[0], G4UserSteppingAction[0]
 Materials : 
 Production cuts :   gamma 700 um      e- 700 um      e+ 700 um  proton 700 um 

Region <Calor-A> --  -- appears in <World> world volume
 This region is in the mass world.
 Root logical volume(s) : Calor-A 
 Pointers : G4VUserRegionInformation[0], G4UserLimits[0], G4FastSimulationManager[0], G4UserSteppingAction[0]
 Materials : Lead liquidArgon 
 Production cuts :   gamma 200 um      e- 200 um      e+ 200 um  proton 200 um 

Region <Calor-B> --  -- appears in <World> world volume
 This region is in the mass world.
 Root logical volume(s) : Calor-B 
 Pointers : G4VUserRegionInformation[0], G4UserLimits[0], G4FastSimulationManager[0], G4UserSteppingAction[0]
 Materials : Lead liquidArgon 
 Production cuts :   gamma 2 mm      e- 2 mm      e+ 2 mm  proton 2 mm 

Region <Calor-C> --  -- appears in <World> world volume
 This region is in the mass world.
 Root logical volume(s) : Calor-C 
 Pointers : G4VUserRegionInformation[0], G4UserLimits[0], G4FastSimulationManager[0], G4UserSteppingAction[0]
 Materials : Lead liquidArgon 
 Production cuts :   gamma 2 cm      e- 2 cm      e+ 2 cm  proton 2 cm 
/run/beamOn 10

========= Table of registered couples ============================

Index : 0     used in the geometry : Yes
 Material : Galactic
 Range cuts        :  gamma  700 um     e-  700 um     e+  700 um  proton 700 um 
 Energy thresholds :  gamma  990 eV     e-  990 eV     e+  990 eV  proton 70 keV
 Region(s) which use this couple : 
    DefaultRegionForTheWorld

Index : 1     used in the geometry : No 
 Material : Lead
 Range cuts        :  gamma  200 um     e-  200 um     e+  200 um  proton 200 um 
 Energy thresholds :  gamma  47.4725 keV    e-  385.265 keV    e+  369.257 keV proton 20 keV

Index : 2     used in the geometry : No 
 Material : liquidArgon
 Range cuts        :  gamma  200 um     e-  200 um     e+  200 um  proton 200 um 
 Energy thresholds :  gamma  2.80452 keV    e-  124.871 keV    e+  122.461 keV proton 20 keV

Index : 3     used in the geometry : No 
 Material : Lead
 Range cuts        :  gamma  2 mm     e-  2 mm     e+  2 mm  proton 2 mm 
 Energy thresholds :  gamma  120.809 keV    e-  2.6349 MeV    e+  2.44155 MeV proton 200 keV

Index : 4     used in the geometry : No 
 Material : liquidArgon
 Range cuts        :  gamma  2 mm     e-  2 mm     e+  2 mm  proton 2 mm 
 Energy thresholds :  gamma  8.70246 keV    e-  565.305 keV    e+  542.903 keV proton 200 keV

Index : 5     used in the geometry : No 
 Material : Lead
 Range cuts        :  gamma  2 cm     e-  2 cm     e+  2 cm  proton 2 cm 
 Energy thresholds :  gamma  420.409 keV    e-  35.3542 MeV    e+  32.7564 MeV proton 2 MeV

Index : 6     used in the geometry : No 
 Material : liquidArgon
 Range cuts        :  gamma  2 cm     e-  2 cm     e+  2 cm  proton 2 cm 
 Energy thresholds :  gamma  26.9996 keV    e-  4.26713 MeV    e+  3.9897 MeV proton 2 MeV

Index : 7     used in the geometry : Yes
 Material : Aluminium
 Range cuts        :  gamma  200 um     e-  200 um     e+  200 um  proton 200 um 
 Energy thresholds :  gamma  3.2447 keV    e-  200.849 keV    e+  196.186 keV proton 20 keV
 Region(s) which use this couple : 
    Calor-A

Index : 8     used in the geometry : Yes
 Material : Water
 Range cuts        :  gamma  200 um     e-  200 um     e+  200 um  proton 200 um 
 Energy thresholds :  gamma  1.48826 keV    e-  127.799 keV    e+  125.715 keV proton 20 keV
 Region(s) which use this couple : 
    Calor-A

Index : 9     used in the geometry : Yes
 Material : Aluminium
 Range cuts        :  gamma  2 mm     e-  2 mm     e+  2 mm  proton 2 mm 
 Energy thresholds :  gamma  9.58219 keV    e-  1.02736 MeV    e+  978.452 keV proton 200 keV
 Region(s) which use this couple : 
    Calor-B

Index : 10     used in the geometry : Yes
 Material : Water
 Range cuts        :  gamma  2 mm     e-  2 mm     e+  2 mm  proton 2 mm 
 Energy thresholds :  gamma  3.93438 keV    e-  570.752 keV    e+  551.005 keV proton 200 keV
 Region(s) which use this couple : 
    Calor-B

Index : 11     used in the geometry : Yes
 Material : Aluminium
 Range cuts        :  gamma  2 cm     e-  2 cm     e+  2 cm  proton 2 cm 
 Energy thresholds :  gamma  28.2395 keV    e-  9.46665 MeV    e+  8.85307 MeV proton 2 MeV
 Region(s) which use this couple : 
    Calor-C

Index : 12     used in the geometry : Yes
 Material : Water
 Range cuts        :  gamma  2 cm     e-  2 cm     e+  2 cm  proton 2 cm 
 Energy thresholds :  gamma  10.4333 keV    e-  4.19713 MeV    e+  3.955 MeV proton 2 MeV
 Region(s) which use this couple : 
    Calor-C

==================================================================

### Run 2 starts.
 Run terminated.
Run Summary
  Number of events processed : 10
  User=0.620000s Real=0.786874s Sys=0.160000s
############################################################
 Run Summary - Number of events : 10
############################################################
Region : Calor-A
 Production thresholds :
    gamma 200 um     e- 200 um     e+ 200 um 
 Energy deposition in an event :
    Absorber 1.367 GeV      Gap 593.688 MeV
 Number of secondaries in an event :
    gamma in Absorber 282    in Gap 73.6
    e-    in Absorber 1547.6    in Gap 721.1
    e+    in Absorber 17.6    in Gap 4.2
 Minimum kinetic energy of generated secondaries :
    gamma in Absorber 3.25736 keV    in Gap 1.48935 keV
    e-    in Absorber 103.653 eV     in Gap 100.194 eV 
    e+    in Absorber 215.737 keV    in Gap 489.188 keV
 Total track length of e+/e- in an event :
    Absorber 2.3693 m        Gap 2.26474 m  
 Total number of steps of e+/e- in an event :
    Absorber 3067.6      Gap 1539.2
------------------------------------------------------------
Scores in parallel geometry
layer   eDep/evt  nGamma/evt nElec/evt  nPosi/evt  stpLen/evt nStep/evt
       0    1659.71      278.7      841.7       16.3    3757.32     2294.2
       1    164.033       51.7      415.1        2.5    519.514      790.9
       2     47.594       10.1      296.3          1    127.478      460.3
       3    29.4408        4.4      221.1        0.7    81.1441      326.3
       4    24.4901          4      158.9        0.4    66.5308      239.3
       5    12.8909        3.4      100.3        0.4    29.9011      164.4
       6    7.27976        1.4       79.2        0.2    16.1898        110
       7    4.77144        0.3         53          0    8.54353       70.6
       8    2.43075        0.6       30.3        0.1    6.62042       45.4
       9    2.00251        0.2       21.9          0    5.20699       30.4
      10   0.720891          0       12.1          0   0.923742       17.2
      11    2.41141        0.5       10.5        0.1    6.86028       17.7
      12   0.218299          0        6.2          0   0.167038        8.6
      13   0.195539          0        6.1          0   0.176273        7.5
      14    1.26162          0          6        0.1    2.77001        8.9
      15   0.949349        0.3        4.1          0    4.22773        8.6
      16   0.174698          0        2.2          0   0.406211        2.5
      17  0.0326667          0        0.9          0  0.0183587          1
      18   0.021988          0          1          0 0.00986937          1
      19  0.0257246          0        0.4          0  0.0206831        0.5
############################################################
Region : Calor-B
 Production thresholds :
    gamma 2 mm     e- 2 mm     e+ 2 mm 
 Energy deposition in an event :
    Absorber 522.89 MeV      Gap 228.323 MeV
 Number of secondaries in an event :
    gamma in Absorber 19.6    in Gap 5.7
    e-    in Absorber 113.2    in Gap 57.2
    e+    in Absorber 0.5    in Gap 0.2
 Minimum kinetic energy of generated secondaries :
    gamma in Absorber 10.1738 keV    in Gap 4.55648 keV
    e-    in Absorber 109.905 eV     in Gap 133.028 eV 
    e+    in Absorber 138.558 keV    in Gap 1.42143 MeV
 Total track length of e+/e- in an event :
    Absorber 25.4101 cm       Gap 24.9936 cm 
 Total number of steps of e+/e- in an event :
    Absorber 275.3      Gap 141.8
------------------------------------------------------------
Scores in parallel geometry
layer   eDep/evt  nGamma/evt nElec/evt  nPosi/evt  stpLen/evt nStep/evt
       0     733.29       21.4       71.8        0.3    456.396        268
       1    6.66567        1.9       26.5          0    18.4787       43.3
       2    1.71845        0.4       16.3        0.1    3.74185       23.2
       3    2.13526        0.3       13.6        0.1    5.04547         19
       4    1.03541        0.1       10.5          0    2.82487       14.6
       5   0.583727        0.1        9.3          0   0.716778       12.6
       6    3.57811        0.7          7        0.2    11.0833       12.3
       7   0.198992        0.1        5.4          0   0.154969        6.5
       8   0.293802          0        3.2          0   0.479429        4.4
       9   0.687533        0.2        2.5          0    2.95797        4.6
      10  0.0903142          0        0.8          0   0.175597        2.4
      11  0.0450982          0          1          0  0.0317127        1.2
      12   0.856339        0.1        0.7          0    1.92914        2.5
      13  0.0113647          0        0.5          0 0.00762755        0.6
      14 0.00660435          0        0.4          0 0.00424225        0.7
      15 0.00742932          0        0.4          0 0.00547252        0.4
      16 0.00102156          0          0          0 0.000138372        0.2
      17 0.00711189          0        0.5          0 0.00269445        0.6
      18          0          0          0          0          0          0
      19          0          0          0          0          0          0
############################################################
Region : Calor-C
 Production thresholds :
    gamma 2 cm     e- 2 cm     e+ 2 cm 
 Energy deposition in an event :
    Absorber 633.265 MeV      Gap 264.849 MeV
 Number of secondaries in an event :
    gamma in Absorber 26.6    in Gap 9
    e-    in Absorber 164.2    in Gap 70.3
    e+    in Absorber 2.1    in Gap 0.4
 Minimum kinetic energy of generated secondaries :
    gamma in Absorber 28.369 keV    in Gap 10.8175 keV
    e-    in Absorber 106.886 eV     in Gap 148.039 eV 
    e+    in Absorber 706.144 keV    in Gap 12.1873 MeV
 Total track length of e+/e- in an event :
    Absorber 31.8484 cm       Gap 28.021 cm 
 Total number of steps of e+/e- in an event :
    Absorber 322.6      Gap 142.9
------------------------------------------------------------
Scores in parallel geometry
layer   eDep/evt  nGamma/evt nElec/evt  nPosi/evt  stpLen/evt nStep/evt
       0    810.317       27.1       52.3        1.2    475.674      165.9
       1     24.834        3.4       41.5        0.3    44.8642       73.9
       2     9.3597        1.4       34.6        0.3    26.9683       53.8
       3    6.76255        0.8       25.6        0.2    17.9403       41.3
       4    2.51881        0.5       17.6        0.1    5.19076         28
       5    2.07659        0.5       14.9        0.1    4.57589       21.5
       6    1.43849        0.1       10.6          0    4.26891       21.5
       7    10.4073          0        8.2          0   0.973889       10.3
       8    5.45834        0.5        6.7          0    1.44262       10.4
       9    0.86968        0.2        3.9        0.1    1.81975        6.6
      10   0.140133          0          2          0   0.170455        2.8
      11    5.06202          0        2.3          0   0.183095        3.5
      12   0.066503          0        2.7          0  0.0362255        6.4
      13    12.5369          0          2          0  0.0171422        2.6
      14     1.3414          0        1.4          0  0.0501579        1.7
      15   0.197397        0.2        1.7          0  0.0181145        2.1
      16   0.351128          0        1.6          0    1.66238        2.9
      17   0.100296          0        1.6          0  0.0923096          2
      18    4.17934        0.7        1.8        0.2    12.6602        6.7
      19  0.0509864        0.2          1          0  0.0380744        1.1
############################################################
/run/dumpCouples

========= Table of registered couples ============================

Index : 0     used in the geometry : Yes
 Material : Galactic
 Range cuts        :  gamma  700 um     e-  700 um     e+  700 um  proton 700 um 
 Energy thresholds :  gamma  990 eV     e-  990 eV     e+  990 eV  proton 70 keV
 Region(s) which use this couple : 
    DefaultRegionForTheWorld

Index : 1     used in the geometry : No 
 Material : Lead
 Range cuts        :  gamma  200 um     e-  200 um     e+  200 um  proton 200 um 
 Energy thresholds :  gamma  47.4725 keV    e-  385.265 keV    e+  369.257 keV proton 20 keV

Index : 2     used in the geometry : No 
 Material : liquidArgon
 Range cuts        :  gamma  200 um     e-  200 um     e+  200 um  proton 200 um 
 Energy thresholds :  gamma  2.80452 keV    e-  124.871 keV    e+  122.461 keV proton 20 keV

Index : 3     used in the geometry : No 
 Material : Lead
 Range cuts        :  gamma  2 mm     e-  2 mm     e+  2 mm  proton 2 mm 
 Energy thresholds :  gamma  120.809 keV    e-  2.6349 MeV    e+  2.44155 MeV proton 200 keV

Index : 4     used in the geometry : No 
 Material : liquidArgon
 Range cuts        :  gamma  2 mm     e-  2 mm     e+  2 mm  proton 2 mm 
 Energy thresholds :  gamma  8.70246 keV    e-  565.305 keV    e+  542.903 keV proton 200 keV

Index : 5     used in the geometry : No 
 Material : Lead
 Range cuts        :  gamma  2 cm     e-  2 cm     e+  2 cm  proton 2 cm 
 Energy thresholds :  gamma  420.409 keV    e-  35.3542 MeV    e+  32.7564 MeV proton 2 MeV

Index : 6     used in the geometry : No 
 Material : liquidArgon
 Range cuts        :  gamma  2 cm     e-  2 cm     e+  2 cm  proton 2 cm 
 Energy thresholds :  gamma  26.9996 keV    e-  4.26713 MeV    e+  3.9897 MeV proton 2 MeV

Index : 7     used in the geometry : Yes
 Material : Aluminium
 Range cuts        :  gamma  200 um     e-  200 um     e+  200 um  proton 200 um 
 Energy thresholds :  gamma  3.2447 keV    e-  200.849 keV    e+  196.186 keV proton 20 keV
 Region(s) which use this couple : 
    Calor-A

Index : 8     used in the geometry : Yes
 Material : Water
 Range cuts        :  gamma  200 um     e-  200 um     e+  200 um  proton 200 um 
 Energy thresholds :  gamma  1.48826 keV    e-  127.799 keV    e+  125.715 keV proton 20 keV
 Region(s) which use this couple : 
    Calor-A

Index : 9     used in the geometry : Yes
 Material : Aluminium
 Range cuts        :  gamma  2 mm     e-  2 mm     e+  2 mm  proton 2 mm 
 Energy thresholds :  gamma  9.58219 keV    e-  1.02736 MeV    e+  978.452 keV proton 200 keV
 Region(s) which use this couple : 
    Calor-B

Index : 10     used in the geometry : Yes
 Material : Water
 Range cuts        :  gamma  2 mm     e-  2 mm     e+  2 mm  proton 2 mm 
 Energy thresholds :  gamma  3.93438 keV    e-  570.752 keV    e+  551.005 keV proton 200 keV
 Region(s) which use this couple : 
    Calor-B

Index : 11     used in the geometry : Yes
 Material : Aluminium
 Range cuts        :  gamma  2 cm     e-  2 cm     e+  2 cm  proton 2 cm 
 Energy thresholds :  gamma  28.2395 keV    e-  9.46665 MeV    e+  8.85307 MeV proton 2 MeV
 Region(s) which use this couple : 
    Calor-C

Index : 12     used in the geometry : Yes
 Material : Water
 Range cuts        :  gamma  2 cm     e-  2 cm     e+  2 cm  proton 2 cm 
 Energy thresholds :  gamma  10.4333 keV    e-  4.19713 MeV    e+  3.955 MeV proton 2 MeV
 Region(s) which use this couple : 
    Calor-C

==================================================================

##
##
##
/run/setCutForRegion Calor-A 0.01 mm
/run/setCutForRegion Calor-B 0.1 mm
/run/setCutForRegion Calor-C 1 mm
/run/dumpRegion

Region <DefaultRegionForTheWorld> --  -- appears in <World> world volume
 This region is in the mass world.
 Root logical volume(s) : World 
 Pointers : G4VUserRegionInformation[0], G4UserLimits[0], G4FastSimulationManager[0], G4UserSteppingAction[0]
 Materials : Galactic 
 Production cuts :   gamma 700 um      e- 700 um      e+ 700 um  proton 700 um 

Region <DefaultRegionForParallelWorld> --  -- appears in <ParallelScoringWorld> world volume
 This region is in the parallel world.
 Root logical volume(s) : ParallelScoringWorld 
 Pointers : G4VUserRegionInformation[0], G4UserLimits[0], G4FastSimulationManager[0], G4UserSteppingAction[0]
 Materials : 
 Production cuts :   gamma 700 um      e- 700 um      e+ 700 um  proton 700 um 

Region <Calor-A> --  -- appears in <World> world volume
 This region is in the mass world.
 Root logical volume(s) : Calor-A 
 Pointers : G4VUserRegionInformation[0], G4UserLimits[0], G4FastSimulationManager[0], G4UserSteppingAction[0]
 Materials : Aluminium Water 
 Production cuts :   gamma 10 um      e- 10 um      e+ 10 um  proton 10 um 

Region <Calor-B> --  -- appears in <World> world volume
 This region is in the mass world.
 Root logical volume(s) : Calor-B 
 Pointers : G4VUserRegionInformation[0], G4UserLimits[0], G4FastSimulationManager[0], G4UserSteppingAction[0]
 Materials : Aluminium Water 
 Production cuts :   gamma 100 um      e- 100 um      e+ 100 um  proton 100 um 

Region <Calor-C> --  -- appears in <World> world volume
 This region is in the mass world.
 Root logical volume(s) : Calor-C 
 Pointers : G4VUserRegionInformation[0], G4UserLimits[0], G4FastSimulationManager[0], G4UserSteppingAction[0]
 Materials : Aluminium Water 
 Production cuts :   gamma 1 mm      e- 1 mm      e+ 1 mm  proton 1 mm 
/run/beamOn 10

========= Table of registered couples ============================

Index : 0     used in the geometry : Yes
 Material : Galactic
 Range cuts        :  gamma  700 um     e-  700 um     e+  700 um  proton 700 um 
 Energy thresholds :  gamma  990 eV     e-  990 eV     e+  990 eV  proton 70 keV
 Region(s) which use this couple : 
    DefaultRegionForTheWorld

Index : 1     used in the geometry : No 
 Material : Lead
 Range cuts        :  gamma  10 um     e-  10 um     e+  10 um  proton 10 um 
 Energy thresholds :  gamma  5.98493 keV    e-  57.9161 keV    e+  56.8459 keV proton 1 keV

Index : 2     used in the geometry : No 
 Material : liquidArgon
 Range cuts        :  gamma  10 um     e-  10 um     e+  10 um  proton 10 um 
 Energy thresholds :  gamma  990 eV     e-  14.1198 keV    e+  13.8296 keV proton 1 keV

Index : 3     used in the geometry : No 
 Material : Lead
 Range cuts        :  gamma  100 um     e-  100 um     e+  100 um  proton 100 um 
 Energy thresholds :  gamma  29.3967 keV    e-  240.662 keV    e+  232.588 keV proton 10 keV

Index : 4     used in the geometry : No 
 Material : liquidArgon
 Range cuts        :  gamma  100 um     e-  100 um     e+  100 um  proton 100 um 
 Energy thresholds :  gamma  1.99465 keV    e-  82.6985 keV    e+  81.3776 keV proton 10 keV

Index : 5     used in the geometry : No 
 Material : Lead
 Range cuts        :  gamma  1 mm     e-  1 mm     e+  1 mm  proton 1 mm 
 Energy thresholds :  gamma  101.797 keV    e-  1.37158 MeV    e+  1.2826 MeV proton 100 keV

Index : 6     used in the geometry : No 
 Material : liquidArgon
 Range cuts        :  gamma  1 mm     e-  1 mm     e+  1 mm  proton 1 mm 
 Energy thresholds :  gamma  6.18871 keV    e-  346.448 keV    e+  335.412 keV proton 100 keV

Index : 7     used in the geometry : Yes
 Material : Aluminium
 Range cuts        :  gamma  10 um     e-  10 um     e+  10 um  proton 10 um 
 Energy thresholds :  gamma  990 eV     e-  34.1132 keV    e+  33.7298 keV proton 1 keV
 Region(s) which use this couple : 
    Calor-A

Index : 8     used in the geometry : Yes
 Material : Water
 Range cuts        :  gamma  10 um     e-  10 um     e+  10 um  proton 10 um 
 Energy thresholds :  gamma  990 eV     e-  13.8329 keV    e+  13.5653 keV proton 1 keV
 Region(s) which use this couple : 
    Calor-A

Index : 9     used in the geometry : Yes
 Material : Aluminium
 Range cuts        :  gamma  100 um     e-  100 um     e+  100 um  proton 100 um 
 Energy thresholds :  gamma  2.34198 keV    e-  131.247 keV    e+  128.775 keV proton 10 keV
 Region(s) which use this couple : 
    Calor-B

Index : 10     used in the geometry : Yes
 Material : Water
 Range cuts        :  gamma  100 um     e-  100 um     e+  100 um  proton 100 um 
 Energy thresholds :  gamma  1.11063 keV    e-  85.0315 keV    e+  83.8894 keV proton 10 keV
 Region(s) which use this couple : 
    Calor-B

Index : 11     used in the geometry : Yes
 Material : Aluminium
 Range cuts        :  gamma  1 mm     e-  1 mm     e+  1 mm  proton 1 mm 
 Energy thresholds :  gamma  6.91691 keV    e-  597.603 keV    e+  574.29 keV proton 100 keV
 Region(s) which use this couple : 
    Calor-C

Index : 12     used in the geometry : Yes
 Material : Water
 Range cuts        :  gamma  1 mm     e-  1 mm     e+  1 mm  proton 1 mm 
 Energy thresholds :  gamma  2.93515 keV    e-  351.291 keV    e+  341.598 keV proton 100 keV
 Region(s) which use this couple : 
    Calor-C

==================================================================

### Run 3 starts.
 Run terminated.
Run Summary
  Number of events processed : 10
  User=0.710000s Real=0.916463s Sys=0.200000s
############################################################
 Run Summary - Number of events : 10
############################################################
Region : Calor-A
 Production thresholds :
    gamma 10 um     e- 10 um     e+ 10 um 
 Energy deposition in an event :
    Absorber 836.21 MeV      Gap 367.734 MeV
 Number of secondaries in an event :
    gamma in Absorber 144.9    in Gap 36.4
    e-    in Absorber 1759.3    in Gap 1528.9
    e+    in Absorber 6.9    in Gap 1.4
 Minimum kinetic energy of generated secondaries :
    gamma in Absorber 999.454 eV     in Gap 990.167 eV 
    e-    in Absorber 18.2834 eV     in Gap 112.029 eV 
    e+    in Absorber 37.1854 keV    in Gap 1.86223 MeV
 Total track length of e+/e- in an event :
    Absorber 1.12451 m        Gap 1.08262 m  
 Total number of steps of e+/e- in an event :
    Absorber 2994.3      Gap 2537.4
------------------------------------------------------------
Scores in parallel geometry
layer   eDep/evt  nGamma/evt nElec/evt  nPosi/evt  stpLen/evt nStep/evt
       0    1040.52      133.8     2408.8        5.1    1709.42     3997.9
       1    88.7607       27.8      352.5        1.8    291.027      676.2
       2    40.3562       12.4      186.8        0.8    121.845      328.9
       3    10.0029        2.1        107          0    25.5917        164
       4     7.6568        1.2       74.2          0    20.2667      117.2
       5    5.03836          1       48.1        0.2    9.11654       74.7
       6    4.20402        1.6       35.7        0.1    12.8036       63.3
       7    1.03642        0.1       22.4          0    1.22055       30.4
       8   0.999508        0.1       13.6          0    1.84518       18.4
       9    1.80022        0.5       10.3        0.1    5.10367       17.2
      10    0.77247        0.1        6.5          0    2.04676        9.5
      11   0.854937        0.3        5.8        0.1    2.28842        9.5
      12   0.307329          0        4.3          0   0.639753        5.9
      13     1.3817        0.3          7        0.1    3.67234       11.3
      14   0.112084          0        2.2          0   0.111891        2.9
      15  0.0679645          0        0.9          0  0.0721671        1.7
      16  0.0118026          0        0.6          0  0.0109761        0.8
      17 0.00426352          0        0.2          0 0.00163653        0.3
      18 0.00527193          0        0.4          0 0.00158605        0.5
      19 0.00198356          0        0.1          0 0.000832488        0.1
############################################################
Region : Calor-B
 Production thresholds :
    gamma 100 um     e- 100 um     e+ 100 um 
 Energy deposition in an event :
    Absorber 572.705 MeV      Gap 249.008 MeV
 Number of secondaries in an event :
    gamma in Absorber 45.2    in Gap 11.8
    e-    in Absorber 387.3    in Gap 203.1
    e+    in Absorber 1.4    in Gap 0.2
 Minimum kinetic energy of generated secondaries :
    gamma in Absorber 2.42794 keV    in Gap 1.2765 keV
    e-    in Absorber 104.251 eV     in Gap 116.5 eV 
    e+    in Absorber 83.7408 keV    in Gap 29.4714 MeV
 Total track length of e+/e- in an event :
    Absorber 45.1244 cm       Gap 40.9068 cm 
 Total number of steps of e+/e- in an event :
    Absorber 723.4      Gap 400.9
------------------------------------------------------------
Scores in parallel geometry
layer   eDep/evt  nGamma/evt nElec/evt  nPosi/evt  stpLen/evt nStep/evt
       0    767.825       43.3      384.8          1    700.522      782.7
       1    27.5105        8.1       66.9        0.3    86.2665        123
       2    10.9194        2.9       40.9        0.2    31.7363       67.1
       3    2.44827          0       29.5          0    5.73091         40
       4    2.25172        0.3         18          0    6.44512         29
       5    4.24181        0.7       14.2          0       12.2       23.5
       6    4.36902        1.3       14.9        0.1    12.0001       23.1
       7   0.398678        0.1        5.6          0   0.477857        6.8
       8    0.30677          0        3.6          0   0.934363          5
       9    0.74209        0.1        3.6          0    2.70972        8.8
      10   0.226743        0.2        2.8          0   0.273666        3.8
      11   0.331404          0          1          0   0.906149        5.7
      12  0.0832546          0        2.5          0  0.0798103        2.9
      13  0.0382199          0        1.1          0  0.0223726        1.6
      14  0.0203762          0          1          0 0.00831296        1.3
      15          0          0          0          0          0          0
      16          0          0          0          0          0          0
      17          0          0          0          0          0          0
      18          0          0          0          0          0          0
      19          0          0          0          0          0          0
############################################################
Region : Calor-C
 Production thresholds :
    gamma 1 mm     e- 1 mm     e+ 1 mm 
 Energy deposition in an event :
    Absorber 577.354 MeV      Gap 259.91 MeV
 Number of secondaries in an event :
    gamma in Absorber 38.9    in Gap 12.3
    e-    in Absorber 225.4    in Gap 107.4
    e+    in Absorber 1.6    in Gap 0.6
 Minimum kinetic energy of generated secondaries :
    gamma in Absorber 6.94098 keV    in Gap 2.95137 keV
    e-    in Absorber 113.005 eV     in Gap 106.371 eV 
    e+    in Absorber 634.134 keV    in Gap 2.43979 MeV
 Total track length of e+/e- in an event :
    Absorber 41.1476 cm       Gap 43.7802 cm 
 Total number of steps of e+/e- in an event :
    Absorber 519      Gap 274.7
------------------------------------------------------------
Scores in parallel geometry
layer   eDep/evt  nGamma/evt nElec/evt  nPosi/evt  stpLen/evt nStep/evt
       0    772.951       37.1      126.3          1    654.413        445
       1    31.2906        7.4       54.1        0.5    103.809      110.4
       2    17.5492          4       40.6        0.5    54.9392       71.5
       3    7.31051        1.8       33.6        0.2    19.8858       51.7
       4    2.17806        0.4       23.2          0       5.05       34.5
       5    2.33659        0.2       14.4          0    4.47969       22.5
       6    1.32858          0       13.6          0    2.51582       19.2
       7   0.513188          0        9.5          0   0.684475       11.7
       8   0.202713          0        4.8          0   0.149734        7.2
       9   0.372354        0.1        6.2          0   0.593107        9.5
      10    0.57958        0.1        3.1          0    1.36418        4.5
      11   0.107213          0        0.8          0   0.181301          1
      12  0.0734769          0        0.3          0   0.254571        0.7
      13   0.223721          0        0.6          0    0.49631          1
      14  0.0545137          0        0.3          0  0.0651606        0.3
      15 0.000934503          0        0.2          0 7.63136e-05        0.2
      16   0.150151        0.1        0.5          0   0.358797          2
      17  0.0177112          0        0.6          0 0.00802914        0.7
      18          0          0          0          0          0          0
      19  0.0242526          0        0.1          0  0.0291428        0.1
############################################################
/run/dumpCouples

========= Table of registered couples ============================

Index : 0     used in the geometry : Yes
 Material : Galactic
 Range cuts        :  gamma  700 um     e-  700 um     e+  700 um  proton 700 um 
 Energy thresholds :  gamma  990 eV     e-  990 eV     e+  990 eV  proton 70 keV
 Region(s) which use this couple : 
    DefaultRegionForTheWorld

Index : 1     used in the geometry : No 
 Material : Lead
 Range cuts        :  gamma  10 um     e-  10 um     e+  10 um  proton 10 um 
 Energy thresholds :  gamma  5.98493 keV    e-  57.9161 keV    e+  56.8459 keV proton 1 keV

Index : 2     used in the geometry : No 
 Material : liquidArgon
 Range cuts        :  gamma  10 um     e-  10 um     e+  10 um  proton 10 um 
 Energy thresholds :  gamma  990 eV     e-  14.1198 keV    e+  13.8296 keV proton 1 keV

Index : 3     used in the geometry : No 
 Material : Lead
 Range cuts        :  gamma  100 um     e-  100 um     e+  100 um  proton 100 um 
 Energy thresholds :  gamma  29.3967 keV    e-  240.662 keV    e+  232.588 keV proton 10 keV

Index : 4     used in the geometry : No 
 Material : liquidArgon
 Range cuts        :  gamma  100 um     e-  100 um     e+  100 um  proton 100 um 
 Energy thresholds :  gamma  1.99465 keV    e-  82.6985 keV    e+  81.3776 keV proton 10 keV

Index : 5     used in the geometry : No 
 Material : Lead
 Range cuts        :  gamma  1 mm     e-  1 mm     e+  1 mm  proton 1 mm 
 Energy thresholds :  gamma  101.797 keV    e-  1.37158 MeV    e+  1.2826 MeV proton 100 keV

Index : 6     used in the geometry : No 
 Material : liquidArgon
 Range cuts        :  gamma  1 mm     e-  1 mm     e+  1 mm  proton 1 mm 
 Energy thresholds :  gamma  6.18871 keV    e-  346.448 keV    e+  335.412 keV proton 100 keV

Index : 7     used in the geometry : Yes
 Material : Aluminium
 Range cuts        :  gamma  10 um     e-  10 um     e+  10 um  proton 10 um 
 Energy thresholds :  gamma  990 eV     e-  34.1132 keV    e+  33.7298 keV proton 1 keV
 Region(s) which use this couple : 
    Calor-A

Index : 8     used in the geometry : Yes
 Material : Water
 Range cuts        :  gamma  10 um     e-  10 um     e+  10 um  proton 10 um 
 Energy thresholds :  gamma  990 eV     e-  13.8329 keV    e+  13.5653 keV proton 1 keV
 Region(s) which use this couple : 
    Calor-A

Index : 9     used in the geometry : Yes
 Material : Aluminium
 Range cuts        :  gamma  100 um     e-  100 um     e+  100 um  proton 100 um 
 Energy thresholds :  gamma  2.34198 keV    e-  131.247 keV    e+  128.775 keV proton 10 keV
 Region(s) which use this couple : 
    Calor-B

Index : 10     used in the geometry : Yes
 Material : Water
 Range cuts        :  gamma  100 um     e-  100 um     e+  100 um  proton 100 um 
 Energy thresholds :  gamma  1.11063 keV    e-  85.0315 keV    e+  83.8894 keV proton 10 keV
 Region(s) which use this couple : 
    Calor-B

Index : 11     used in the geometry : Yes
 Material : Aluminium
 Range cuts        :  gamma  1 mm     e-  1 mm     e+  1 mm  proton 1 mm 
 Energy thresholds :  gamma  6.91691 keV    e-  597.603 keV    e+  574.29 keV proton 100 keV
 Region(s) which use this couple : 
    Calor-C

Index : 12     used in the geometry : Yes
 Material : Water
 Range cuts        :  gamma  1 mm     e-  1 mm     e+  1 mm  proton 1 mm 
 Energy thresholds :  gamma  2.93515 keV    e-  351.291 keV    e+  341.598 keV proton 100 keV
 Region(s) which use this couple : 
    Calor-C

==================================================================

Graphics systems deleted.
Visualization Manager deleting...
================== Deleting memory pools ===================
Number of memory pools allocated: 14 of which, static: 0
Dynamic pools deleted: 14 / Total memory freed: 0.79 MB
============================================================
