-- Checking C++ feature CXXSTDLIB_FILESYSTEM_NATIVE - Success
-- Reusing dataset G4NDL (4.7.1)
-- Reusing dataset G4EMLOW (8.6)
-- Reusing dataset PhotonEvaporation (5.7)
-- Reusing dataset RadioactiveDecay (5.6)
-- Reusing dataset G4PARTICLEXS (4.1)
-- Reusing dataset G4PII (1.3)
-- Reusing dataset RealSurface (2.2)
-- Reusing dataset G4SAIDDATA (2.0)
-- Reusing dataset G4ABLA (3.3)
-- Reusing dataset G4INCL (1.2)
-- Reusing dataset G4ENSDFSTATE (2.3)
-- The following Geant4 features are enabled:
CMAKE_CXX_STANDARD: Compiling against C++ Standard '17'
GEANT4_BUILD_MULTITHREADED: Build multithread enabled libraries
GEANT4_BUILD_TLS_MODEL: Building with TLS model 'initial-exec'
GEANT4_USE_SYSTEM_EXPAT: Using system EXPAT library
GEANT4_USE_GDML: Building Geant4 with GDML support

-- Configuring done (3.4s)
-- Generating done (0.7s)
-- Build files have been written to: /home/vnivanch/cwork/build
[  0%] Built target G4zlib-static
[  0%] Built target ptl-static
[  2%] Built target G4clhep-static
[  4%] Built target G4global-static
[  5%] Built target G4intercoms-static
[  5%] Built target G4interfaces-static
[  6%] Built target G4graphics_reps-static
[  7%] Built target G4materials-static
[  9%] Built target G4analysis-static
[ 15%] Built target G4particles-static
[ 24%] Built target G4geometry-static
[ 25%] Built target G4track-static
[ 26%] Built target G4geomtext-static
[ 29%] Built target G4digits_hits-static
[ 29%] Building CXX object source/CMakeFiles/G4processes-static.dir/processes/biasing/management/src/G4ProcessPlacer.cc.o
[ 29%] Building CXX object source/CMakeFiles/G4processes-static.dir/processes/biasing/management/src/G4VProcessPlacer.cc.o
[ 29%] Building CXX object source/CMakeFiles/G4processes-static.dir/processes/biasing/management/src/G4VBiasingOperation.cc.o
[ 29%] Building CXX object source/CMakeFiles/G4processes-static.dir/processes/biasing/management/src/G4BiasingOperationManager.cc.o
[ 29%] Building CXX object source/CMakeFiles/G4processes-static.dir/processes/biasing/management/src/G4VBiasingOperator.cc.o
[ 29%] Building CXX object source/CMakeFiles/G4processes-static.dir/processes/biasing/generic/src/G4BiasingHelper.cc.o
[ 29%] Building CXX object source/CMakeFiles/G4processes-static.dir/processes/biasing/generic/src/G4BiasingProcessInterface.cc.o
[ 29%] Building CXX object source/CMakeFiles/G4processes-static.dir/processes/biasing/generic/src/G4BiasingProcessSharedData.cc.o
[ 29%] Building CXX object source/CMakeFiles/G4processes-static.dir/processes/biasing/generic/src/G4BOptnChangeCrossSection.cc.o
[ 29%] Building CXX object source/CMakeFiles/G4processes-static.dir/processes/biasing/generic/src/G4BOptnCloning.cc.o
[ 29%] Building CXX object source/CMakeFiles/G4processes-static.dir/processes/biasing/generic/src/G4BOptnForceCommonTruncatedExp.cc.o
[ 29%] Building CXX object source/CMakeFiles/G4processes-static.dir/processes/biasing/generic/src/G4BOptnForceFreeFlight.cc.o
[ 29%] Building CXX object source/CMakeFiles/G4processes-static.dir/processes/biasing/generic/src/G4BOptnLeadingParticle.cc.o
[ 29%] Building CXX object source/CMakeFiles/G4processes-static.dir/processes/biasing/generic/src/G4BOptrForceCollision.cc.o
[ 29%] Building CXX object source/CMakeFiles/G4processes-static.dir/processes/biasing/generic/src/G4BOptrForceCollisionTrackData.cc.o
[ 29%] Building CXX object source/CMakeFiles/G4processes-static.dir/processes/biasing/generic/src/G4ILawCommonTruncatedExp.cc.o
[ 29%] Building CXX object source/CMakeFiles/G4processes-static.dir/processes/biasing/generic/src/G4ILawForceFreeFlight.cc.o
[ 29%] Building CXX object source/CMakeFiles/G4processes-static.dir/processes/biasing/generic/src/G4ILawTruncatedExp.cc.o
[ 29%] Building CXX object source/CMakeFiles/G4processes-static.dir/processes/biasing/generic/src/G4InteractionLawPhysical.cc.o
[ 29%] Building CXX object source/CMakeFiles/G4processes-static.dir/processes/biasing/generic/src/G4ParallelGeometriesLimiterProcess.cc.o
[ 29%] Building CXX object source/CMakeFiles/G4processes-static.dir/processes/biasing/generic/src/G4ParticleChangeForOccurenceBiasing.cc.o
[ 29%] Building CXX object source/CMakeFiles/G4processes-static.dir/processes/biasing/importance/src/G4GeometrySampler.cc.o
[ 30%] Building CXX object source/CMakeFiles/G4processes-static.dir/processes/biasing/importance/src/G4ImportanceConfigurator.cc.o
[ 30%] Building CXX object source/CMakeFiles/G4processes-static.dir/processes/biasing/importance/src/G4ImportanceProcess.cc.o
[ 30%] Building CXX object source/CMakeFiles/G4processes-static.dir/processes/biasing/importance/src/G4SamplingPostStepAction.cc.o
[ 30%] Building CXX object source/CMakeFiles/G4processes-static.dir/processes/biasing/importance/src/G4VSampler.cc.o
[ 30%] Building CXX object source/CMakeFiles/G4processes-static.dir/processes/biasing/importance/src/G4VSamplerConfigurator.cc.o
[ 30%] Building CXX object source/CMakeFiles/G4processes-static.dir/processes/biasing/importance/src/G4WeightCutOffConfigurator.cc.o
[ 30%] Building CXX object source/CMakeFiles/G4processes-static.dir/processes/biasing/importance/src/G4WeightCutOffProcess.cc.o
[ 30%] Building CXX object source/CMakeFiles/G4processes-static.dir/processes/biasing/importance/src/G4WeightWindowConfigurator.cc.o
[ 30%] Building CXX object source/CMakeFiles/G4processes-static.dir/processes/biasing/importance/src/G4WeightWindowProcess.cc.o
[ 30%] Building CXX object source/CMakeFiles/G4processes-static.dir/processes/cuts/src/G4MCCIndexConversionTable.cc.o
[ 30%] Building CXX object source/CMakeFiles/G4processes-static.dir/processes/cuts/src/G4MaterialCutsCouple.cc.o
[ 30%] Building CXX object source/CMakeFiles/G4processes-static.dir/processes/cuts/src/G4PhysicsTableHelper.cc.o
[ 30%] Building CXX object source/CMakeFiles/G4processes-static.dir/processes/cuts/src/G4ProductionCuts.cc.o
[ 30%] Building CXX object source/CMakeFiles/G4processes-static.dir/processes/cuts/src/G4ProductionCutsTable.cc.o
[ 30%] Building CXX object source/CMakeFiles/G4processes-static.dir/processes/cuts/src/G4ProductionCutsTableMessenger.cc.o
[ 30%] Building CXX object source/CMakeFiles/G4processes-static.dir/processes/cuts/src/G4RToEConvForElectron.cc.o
[ 30%] Building CXX object source/CMakeFiles/G4processes-static.dir/processes/cuts/src/G4RToEConvForGamma.cc.o
[ 30%] Building CXX object source/CMakeFiles/G4processes-static.dir/processes/cuts/src/G4RToEConvForPositron.cc.o
[ 30%] Building CXX object source/CMakeFiles/G4processes-static.dir/processes/cuts/src/G4RToEConvForProton.cc.o
[ 30%] Building CXX object source/CMakeFiles/G4processes-static.dir/processes/cuts/src/G4VRangeToEnergyConverter.cc.o
[ 30%] Building CXX object source/CMakeFiles/G4processes-static.dir/processes/decay/src/G4Decay.cc.o
[ 30%] Building CXX object source/CMakeFiles/G4processes-static.dir/processes/decay/src/G4DecayWithSpin.cc.o
[ 30%] Building CXX object source/CMakeFiles/G4processes-static.dir/processes/decay/src/G4PionDecayMakeSpin.cc.o
[ 30%] Building CXX object source/CMakeFiles/G4processes-static.dir/processes/decay/src/G4UnknownDecay.cc.o
[ 30%] Building CXX object source/CMakeFiles/G4processes-static.dir/processes/electromagnetic/adjoint/src/G4AdjointAlongStepWeightCorrection.cc.o
[ 30%] Building CXX object source/CMakeFiles/G4processes-static.dir/processes/electromagnetic/adjoint/src/G4AdjointBremsstrahlungModel.cc.o
[ 30%] Building CXX object source/CMakeFiles/G4processes-static.dir/processes/electromagnetic/adjoint/src/G4AdjointCSManager.cc.o
[ 30%] Building CXX object source/CMakeFiles/G4processes-static.dir/processes/electromagnetic/adjoint/src/G4AdjointCSMatrix.cc.o
[ 30%] Building CXX object source/CMakeFiles/G4processes-static.dir/processes/electromagnetic/adjoint/src/G4AdjointComptonModel.cc.o
[ 30%] Building CXX object source/CMakeFiles/G4processes-static.dir/processes/electromagnetic/adjoint/src/G4AdjointInterpolator.cc.o
[ 30%] Building CXX object source/CMakeFiles/G4processes-static.dir/processes/electromagnetic/adjoint/src/G4AdjointIonIonisationModel.cc.o
[ 30%] Building CXX object source/CMakeFiles/G4processes-static.dir/processes/electromagnetic/adjoint/src/G4AdjointPhotoElectricModel.cc.o
[ 31%] Building CXX object source/CMakeFiles/G4processes-static.dir/processes/electromagnetic/adjoint/src/G4AdjointProcessEquivalentToDirectProcess.cc.o
[ 31%] Building CXX object source/CMakeFiles/G4processes-static.dir/processes/electromagnetic/adjoint/src/G4AdjointeIonisationModel.cc.o
[ 31%] Building CXX object source/CMakeFiles/G4processes-static.dir/processes/electromagnetic/adjoint/src/G4AdjointhIonisationModel.cc.o
[ 31%] Building CXX object source/CMakeFiles/G4processes-static.dir/processes/electromagnetic/adjoint/src/G4AdjointhMultipleScattering.cc.o
[ 31%] Building CXX object source/CMakeFiles/G4processes-static.dir/processes/electromagnetic/adjoint/src/G4ContinuousGainOfEnergy.cc.o
[ 31%] Building CXX object source/CMakeFiles/G4processes-static.dir/processes/electromagnetic/adjoint/src/G4InversePEEffect.cc.o
[ 31%] Building CXX object source/CMakeFiles/G4processes-static.dir/processes/electromagnetic/adjoint/src/G4IonInverseIonisation.cc.o
[ 31%] Building CXX object source/CMakeFiles/G4processes-static.dir/processes/electromagnetic/adjoint/src/G4VAdjointReverseReaction.cc.o
[ 31%] Building CXX object source/CMakeFiles/G4processes-static.dir/processes/electromagnetic/adjoint/src/G4AdjointForcedInteractionForGamma.cc.o
[ 31%] Building CXX object source/CMakeFiles/G4processes-static.dir/processes/electromagnetic/adjoint/src/G4VEmAdjointModel.cc.o
[ 31%] Building CXX object source/CMakeFiles/G4processes-static.dir/processes/electromagnetic/adjoint/src/G4eInverseBremsstrahlung.cc.o
[ 31%] Building CXX object source/CMakeFiles/G4processes-static.dir/processes/electromagnetic/adjoint/src/G4eInverseCompton.cc.o
[ 31%] Building CXX object source/CMakeFiles/G4processes-static.dir/processes/electromagnetic/adjoint/src/G4eInverseIonisation.cc.o
[ 31%] Building CXX object source/CMakeFiles/G4processes-static.dir/processes/electromagnetic/adjoint/src/G4hInverseIonisation.cc.o
[ 31%] Building CXX object source/CMakeFiles/G4processes-static.dir/processes/electromagnetic/adjoint/src/G4UrbanAdjointMscModel.cc.o
[ 31%] Building CXX object source/CMakeFiles/G4processes-static.dir/processes/electromagnetic/adjoint/src/G4eAdjointMultipleScattering.cc.o
[ 31%] Building CXX object source/CMakeFiles/G4processes-static.dir/processes/electromagnetic/dna/processes/src/G4DNAAttachment.cc.o
[ 31%] Building CXX object source/CMakeFiles/G4processes-static.dir/processes/electromagnetic/dna/processes/src/G4DNABrownianTransportation.cc.o
[ 31%] Building CXX object source/CMakeFiles/G4processes-static.dir/processes/electromagnetic/dna/processes/src/G4DNAChargeDecrease.cc.o
[ 31%] Building CXX object source/CMakeFiles/G4processes-static.dir/processes/electromagnetic/dna/processes/src/G4DNAChargeIncrease.cc.o
[ 31%] Building CXX object source/CMakeFiles/G4processes-static.dir/processes/electromagnetic/dna/processes/src/G4DNADissociation.cc.o
[ 31%] Building CXX object source/CMakeFiles/G4processes-static.dir/processes/electromagnetic/dna/processes/src/G4DNAElastic.cc.o
[ 31%] Building CXX object source/CMakeFiles/G4processes-static.dir/processes/electromagnetic/dna/processes/src/G4DNAElectronSolvation.cc.o
[ 31%] Building CXX object source/CMakeFiles/G4processes-static.dir/processes/electromagnetic/dna/processes/src/G4DNAElectronHoleRecombination.cc.o
[ 31%] Building CXX object source/CMakeFiles/G4processes-static.dir/processes/electromagnetic/dna/processes/src/G4DNAExcitation.cc.o
[ 31%] Building CXX object source/CMakeFiles/G4processes-static.dir/processes/electromagnetic/dna/processes/src/G4DNAPlasmonExcitation.cc.o
[ 31%] Building CXX object source/CMakeFiles/G4processes-static.dir/processes/electromagnetic/dna/processes/src/G4DNAIonisation.cc.o
[ 31%] Building CXX object source/CMakeFiles/G4processes-static.dir/processes/electromagnetic/dna/processes/src/G4DNAMolecularDissociation.cc.o
[ 31%] Building CXX object source/CMakeFiles/G4processes-static.dir/processes/electromagnetic/dna/processes/src/G4DNAPositronium.cc.o
[ 31%] Building CXX object source/CMakeFiles/G4processes-static.dir/processes/electromagnetic/dna/processes/src/G4DNARotExcitation.cc.o
[ 31%] Building CXX object source/CMakeFiles/G4processes-static.dir/processes/electromagnetic/dna/processes/src/G4DNAWaterDissociationDisplacer.cc.o
[ 31%] Building CXX object source/CMakeFiles/G4processes-static.dir/processes/electromagnetic/dna/processes/src/G4DNASecondOrderReaction.cc.o
[ 32%] Building CXX object source/CMakeFiles/G4processes-static.dir/processes/electromagnetic/dna/processes/src/G4DNAVibExcitation.cc.o
[ 32%] Building CXX object source/CMakeFiles/G4processes-static.dir/processes/electromagnetic/dna/processes/src/G4DNAScavengerProcess.cc.o
[ 32%] Building CXX object source/CMakeFiles/G4processes-static.dir/processes/electromagnetic/dna/processes/src/G4DNAPolyNucleotideReactionProcess.cc.o
[ 32%] Building CXX object source/CMakeFiles/G4processes-static.dir/processes/electromagnetic/dna/processes/src/G4DNADoubleIonisation.cc.o
[ 32%] Building CXX object source/CMakeFiles/G4processes-static.dir/processes/electromagnetic/dna/processes/src/G4DNATripleIonisation.cc.o
[ 32%] Building CXX object source/CMakeFiles/G4processes-static.dir/processes/electromagnetic/dna/processes/src/G4DNAQuadrupleIonisation.cc.o
[ 32%] Building CXX object source/CMakeFiles/G4processes-static.dir/processes/electromagnetic/dna/models/src/G4ChemEquilibrium.cc.o
[ 32%] Building CXX object source/CMakeFiles/G4processes-static.dir/processes/electromagnetic/dna/models/src/G4DNABornAngle.cc.o
[ 32%] Building CXX object source/CMakeFiles/G4processes-static.dir/processes/electromagnetic/dna/models/src/G4DNABornExcitationModel1.cc.o
[ 32%] Building CXX object source/CMakeFiles/G4processes-static.dir/processes/electromagnetic/dna/models/src/G4DNABornExcitationModel2.cc.o
[ 32%] Building CXX object source/CMakeFiles/G4processes-static.dir/processes/electromagnetic/dna/models/src/G4DNABornIonisationModel1.cc.o
[ 32%] Building CXX object source/CMakeFiles/G4processes-static.dir/processes/electromagnetic/dna/models/src/G4DNABornIonisationModel2.cc.o
[ 32%] Building CXX object source/CMakeFiles/G4processes-static.dir/processes/electromagnetic/dna/models/src/G4DNACPA100ElasticModel.cc.o
[ 32%] Building CXX object source/CMakeFiles/G4processes-static.dir/processes/electromagnetic/dna/models/src/G4DNACPA100ExcitationModel.cc.o
[ 32%] Building CXX object source/CMakeFiles/G4processes-static.dir/processes/electromagnetic/dna/models/src/G4DNACPA100IonisationModel.cc.o
[ 32%] Building CXX object source/CMakeFiles/G4processes-static.dir/processes/electromagnetic/dna/models/src/G4DNAChampionElasticModel.cc.o
[ 32%] Building CXX object source/CMakeFiles/G4processes-static.dir/processes/electromagnetic/dna/models/src/G4DNADingfelderChargeDecreaseModel.cc.o
[ 32%] Building CXX object source/CMakeFiles/G4processes-static.dir/processes/electromagnetic/dna/models/src/G4DNADingfelderChargeIncreaseModel.cc.o
[ 32%] Building CXX object source/CMakeFiles/G4processes-static.dir/processes/electromagnetic/dna/models/src/G4DNADiracRMatrixExcitationModel.cc.o
[ 32%] Building CXX object source/CMakeFiles/G4processes-static.dir/processes/electromagnetic/dna/models/src/G4DNADoubleIonisationModel.cc.o
[ 32%] Building CXX object source/CMakeFiles/G4processes-static.dir/processes/electromagnetic/dna/models/src/G4DNAELSEPAElasticModel.cc.o
[ 32%] Building CXX object source/CMakeFiles/G4processes-static.dir/processes/electromagnetic/dna/models/src/G4DNAEmfietzoglouExcitationModel.cc.o
[ 32%] Building CXX object source/CMakeFiles/G4processes-static.dir/processes/electromagnetic/dna/models/src/G4DNAEmfietzoglouIonisationModel.cc.o
[ 32%] Building CXX object source/CMakeFiles/G4processes-static.dir/processes/electromagnetic/dna/models/src/G4DNAEventScheduler.cc.o
[ 32%] Building CXX object source/CMakeFiles/G4processes-static.dir/processes/electromagnetic/dna/models/src/G4DNAGeneralIonIonisationModel.cc.o
[ 32%] Building CXX object source/CMakeFiles/G4processes-static.dir/processes/electromagnetic/dna/models/src/G4DNAGillespieDirectMethod.cc.o
[ 32%] Building CXX object source/CMakeFiles/G4processes-static.dir/processes/electromagnetic/dna/models/src/G4DNAIRT.cc.o
[ 32%] Building CXX object source/CMakeFiles/G4processes-static.dir/processes/electromagnetic/dna/models/src/G4DNAIndependentReactionTimeModel.cc.o
[ 32%] Building CXX object source/CMakeFiles/G4processes-static.dir/processes/electromagnetic/dna/models/src/G4DNAIndependentReactionTimeStepper.cc.o
[ 32%] Building CXX object source/CMakeFiles/G4processes-static.dir/processes/electromagnetic/dna/models/src/G4DNAIonChargeDecreaseModel.cc.o
[ 32%] Building CXX object source/CMakeFiles/G4processes-static.dir/processes/electromagnetic/dna/models/src/G4DNAIonChargeIncreaseModel.cc.o
[ 33%] Building CXX object source/CMakeFiles/G4processes-static.dir/processes/electromagnetic/dna/models/src/G4DNAIonElasticModel.cc.o
[ 33%] Building CXX object source/CMakeFiles/G4processes-static.dir/processes/electromagnetic/dna/models/src/G4DNAIRTMoleculeEncounterStepper.cc.o
[ 33%] Building CXX object source/CMakeFiles/G4processes-static.dir/processes/electromagnetic/dna/models/src/G4DNAMakeReaction.cc.o
[ 33%] Building CXX object source/CMakeFiles/G4processes-static.dir/processes/electromagnetic/dna/models/src/G4DNAMeltonAttachmentModel.cc.o
[ 33%] Building CXX object source/CMakeFiles/G4processes-static.dir/processes/electromagnetic/dna/models/src/G4DNAMillerGreenExcitationModel.cc.o
[ 33%] Building CXX object source/CMakeFiles/G4processes-static.dir/processes/electromagnetic/dna/models/src/G4DNAModelInterface.cc.o
[ 33%] Building CXX object source/CMakeFiles/G4processes-static.dir/processes/electromagnetic/dna/models/src/G4DNAMolecularIRTModel.cc.o
[ 33%] Building CXX object source/CMakeFiles/G4processes-static.dir/processes/electromagnetic/dna/models/src/G4DNAMolecularReaction.cc.o
[ 33%] Building CXX object source/CMakeFiles/G4processes-static.dir/processes/electromagnetic/dna/models/src/G4DNAMolecularStepByStepModel.cc.o
[ 33%] Building CXX object source/CMakeFiles/G4processes-static.dir/processes/electromagnetic/dna/models/src/G4DNAMoleculeEncounterStepper.cc.o
[ 33%] Building CXX object source/CMakeFiles/G4processes-static.dir/processes/electromagnetic/dna/models/src/G4DNAMultipleIonisationManager.cc.o
[ 33%] Building CXX object source/CMakeFiles/G4processes-static.dir/processes/electromagnetic/dna/models/src/G4DNAOneStepThermalizationModel.cc.o
[ 33%] Building CXX object source/CMakeFiles/G4processes-static.dir/processes/electromagnetic/dna/models/src/G4DNAPTBAugerModel.cc.o
[ 33%] Building CXX object source/CMakeFiles/G4processes-static.dir/processes/electromagnetic/dna/models/src/G4DNAPTBElasticModel.cc.o
[ 33%] Building CXX object source/CMakeFiles/G4processes-static.dir/processes/electromagnetic/dna/models/src/G4DNAPTBExcitationModel.cc.o
[ 33%] Building CXX object source/CMakeFiles/G4processes-static.dir/processes/electromagnetic/dna/models/src/G4DNAPTBIonisationModel.cc.o
[ 33%] Building CXX object source/CMakeFiles/G4processes-static.dir/processes/electromagnetic/dna/models/src/G4DNAQuadrupleIonisationModel.cc.o
[ 33%] Building CXX object source/CMakeFiles/G4processes-static.dir/processes/electromagnetic/dna/models/src/G4DNAQuinnPlasmonExcitationModel.cc.o
[ 33%] Building CXX object source/CMakeFiles/G4processes-static.dir/processes/electromagnetic/dna/models/src/G4DNARPWBAExcitationModel.cc.o
[ 33%] Building CXX object source/CMakeFiles/G4processes-static.dir/processes/electromagnetic/dna/models/src/G4DNARPWBAIonisationModel.cc.o
[ 33%] Building CXX object source/CMakeFiles/G4processes-static.dir/processes/electromagnetic/dna/models/src/G4DNARelativisticIonisationModel.cc.o
[ 33%] Building CXX object source/CMakeFiles/G4processes-static.dir/processes/electromagnetic/dna/models/src/G4DNARuddAngle.cc.o
[ 33%] Building CXX object source/CMakeFiles/G4processes-static.dir/processes/electromagnetic/dna/models/src/G4DNARuddIonisationExtendedModel.cc.o
[ 33%] Building CXX object source/CMakeFiles/G4processes-static.dir/processes/electromagnetic/dna/models/src/G4DNARuddIonisationModel.cc.o
[ 33%] Building CXX object source/CMakeFiles/G4processes-static.dir/processes/electromagnetic/dna/models/src/G4DNASancheExcitationModel.cc.o
[ 33%] Building CXX object source/CMakeFiles/G4processes-static.dir/processes/electromagnetic/dna/models/src/G4DNAScreenedRutherfordElasticModel.cc.o
[ 33%] Building CXX object source/CMakeFiles/G4processes-static.dir/processes/electromagnetic/dna/models/src/G4DNASmoluchowskiDiffusion.cc.o
[ 33%] Building CXX object source/CMakeFiles/G4processes-static.dir/processes/electromagnetic/dna/models/src/G4DNASmoluchowskiReactionModel.cc.o
[ 33%] Building CXX object source/CMakeFiles/G4processes-static.dir/processes/electromagnetic/dna/models/src/G4DNATransformElectronModel.cc.o
[ 33%] Building CXX object source/CMakeFiles/G4processes-static.dir/processes/electromagnetic/dna/models/src/G4DNATripleIonisationModel.cc.o
[ 33%] Building CXX object source/CMakeFiles/G4processes-static.dir/processes/electromagnetic/dna/models/src/G4DNAUeharaScreenedRutherfordElasticModel.cc.o
[ 33%] Building CXX object source/CMakeFiles/G4processes-static.dir/processes/electromagnetic/dna/models/src/G4DNAUpdateSystemModel.cc.o
[ 34%] Building CXX object source/CMakeFiles/G4processes-static.dir/processes/electromagnetic/dna/models/src/G4DNAVacuumModel.cc.o
[ 34%] Building CXX object source/CMakeFiles/G4processes-static.dir/processes/electromagnetic/dna/models/src/G4DiffusionControlledReactionModel.cc.o
[ 34%] Building CXX object source/CMakeFiles/G4processes-static.dir/processes/electromagnetic/dna/models/src/G4LEPTSAttachmentModel.cc.o
[ 34%] Building CXX object source/CMakeFiles/G4processes-static.dir/processes/electromagnetic/dna/models/src/G4LEPTSDissociationModel.cc.o
[ 34%] Building CXX object source/CMakeFiles/G4processes-static.dir/processes/electromagnetic/dna/models/src/G4LEPTSElasticModel.cc.o
[ 34%] Building CXX object source/CMakeFiles/G4processes-static.dir/processes/electromagnetic/dna/models/src/G4LEPTSIonisationModel.cc.o
[ 34%] Building CXX object source/CMakeFiles/G4processes-static.dir/processes/electromagnetic/dna/models/src/G4LEPTSPositroniumModel.cc.o
[ 34%] Building CXX object source/CMakeFiles/G4processes-static.dir/processes/electromagnetic/dna/models/src/G4LEPTSRotExcitationModel.cc.o
[ 34%] Building CXX object source/CMakeFiles/G4processes-static.dir/processes/electromagnetic/dna/models/src/G4LEPTSVibExcitationModel.cc.o
[ 34%] Building CXX object source/CMakeFiles/G4processes-static.dir/processes/electromagnetic/dna/models/src/G4LEPTSDiffXS.cc.o
[ 34%] Building CXX object source/CMakeFiles/G4processes-static.dir/processes/electromagnetic/dna/models/src/G4LEPTSDistribution.cc.o
[ 34%] Building CXX object source/CMakeFiles/G4processes-static.dir/processes/electromagnetic/dna/models/src/G4LEPTSElossDistr.cc.o
[ 34%] Building CXX object source/CMakeFiles/G4processes-static.dir/processes/electromagnetic/dna/models/src/G4LEPTSExcitationModel.cc.o
[ 34%] Building CXX object source/CMakeFiles/G4processes-static.dir/processes/electromagnetic/dna/models/src/G4VDNAModel.cc.o
[ 34%] Building CXX object source/CMakeFiles/G4processes-static.dir/processes/electromagnetic/dna/models/src/G4VDNAHitModel.cc.o
[ 34%] Building CXX object source/CMakeFiles/G4processes-static.dir/processes/electromagnetic/dna/models/src/G4VLEPTSModel.cc.o
[ 34%] Building CXX object source/CMakeFiles/G4processes-static.dir/processes/electromagnetic/dna/utils/src/G4DNAChemistryManager.cc.o
[ 34%] Building CXX object source/CMakeFiles/G4processes-static.dir/processes/electromagnetic/dna/utils/src/G4DNACPA100LogLogInterpolation.cc.o
[ 34%] Building CXX object source/CMakeFiles/G4processes-static.dir/processes/electromagnetic/dna/utils/src/G4DNACPA100ExcitationStructure.cc.o
[ 34%] Building CXX object source/CMakeFiles/G4processes-static.dir/processes/electromagnetic/dna/utils/src/G4DNACPA100IonisationStructure.cc.o
[ 34%] Building CXX object source/CMakeFiles/G4processes-static.dir/processes/electromagnetic/dna/utils/src/G4DNACrossSectionDataSet.cc.o
[ 34%] Building CXX object source/CMakeFiles/G4processes-static.dir/processes/electromagnetic/dna/utils/src/G4DNADamage.cc.o
[ 34%] Building CXX object source/CMakeFiles/G4processes-static.dir/processes/electromagnetic/dna/utils/src/G4DNAGenericIonsManager.cc.o
[ 34%] Building CXX object source/CMakeFiles/G4processes-static.dir/processes/electromagnetic/dna/utils/src/G4DNAIons.cc.o
[ 34%] Building CXX object source/CMakeFiles/G4processes-static.dir/processes/electromagnetic/dna/utils/src/G4DNAMolecularMaterial.cc.o
[ 34%] Building CXX object source/CMakeFiles/G4processes-static.dir/processes/electromagnetic/dna/utils/src/G4DNAMolecularReactionTable.cc.o
[ 34%] Building CXX object source/CMakeFiles/G4processes-static.dir/processes/electromagnetic/dna/utils/src/G4DNAEmfietzoglouWaterExcitationStructure.cc.o
[ 34%] Building CXX object source/CMakeFiles/G4processes-static.dir/processes/electromagnetic/dna/utils/src/G4DNAEmfietzoglouWaterIonisationStructure.cc.o
[ 34%] Building CXX object source/CMakeFiles/G4processes-static.dir/processes/electromagnetic/dna/utils/src/G4DNAPTBExcitationStructure.cc.o
[ 34%] Building CXX object source/CMakeFiles/G4processes-static.dir/processes/electromagnetic/dna/utils/src/G4DNAPTBIonisationStructure.cc.o
[ 34%] Building CXX object source/CMakeFiles/G4processes-static.dir/processes/electromagnetic/dna/utils/src/G4DNAWaterExcitationStructure.cc.o
[ 34%] Building CXX object source/CMakeFiles/G4processes-static.dir/processes/electromagnetic/dna/utils/src/G4DNAWaterIonisationStructure.cc.o
[ 35%] Building CXX object source/CMakeFiles/G4processes-static.dir/processes/electromagnetic/dna/utils/src/G4ErrorFunction.cc.o
[ 35%] Building CXX object source/CMakeFiles/G4processes-static.dir/processes/electromagnetic/dna/utils/src/G4MoleculeGun.cc.o
[ 35%] Building CXX object source/CMakeFiles/G4processes-static.dir/processes/electromagnetic/dna/utils/src/G4MoleculeGunMessenger.cc.o
[ 35%] Building CXX object source/CMakeFiles/G4processes-static.dir/processes/electromagnetic/dna/utils/src/G4ReactionTableMessenger.cc.o
[ 35%] Building CXX object source/CMakeFiles/G4processes-static.dir/processes/electromagnetic/dna/utils/src/G4VDNAReactionModel.cc.o
[ 35%] Building CXX object source/CMakeFiles/G4processes-static.dir/processes/electromagnetic/dna/utils/src/G4VUserChemistryList.cc.o
[ 35%] Building CXX object source/CMakeFiles/G4processes-static.dir/processes/electromagnetic/dna/utils/src/G4VPhysChemIO.cc.o
[ 35%] Building CXX object source/CMakeFiles/G4processes-static.dir/processes/electromagnetic/dna/utils/src/G4PhysChemIO.cc.o
[ 35%] Building CXX object source/CMakeFiles/G4processes-static.dir/processes/electromagnetic/dna/utils/src/G4IRTUtils.cc.o
[ 35%] Building CXX object source/CMakeFiles/G4processes-static.dir/processes/electromagnetic/dna/utils/src/G4DNAScavengerMaterial.cc.o
[ 35%] Building CXX object source/CMakeFiles/G4processes-static.dir/processes/electromagnetic/dna/utils/src/G4DNAMesh.cc.o
[ 35%] Building CXX object source/CMakeFiles/G4processes-static.dir/processes/electromagnetic/dna/utils/src/G4DNAEventSet.cc.o
[ 35%] Building CXX object source/CMakeFiles/G4processes-static.dir/processes/electromagnetic/dna/utils/src/G4DNAMaterialManager.cc.o
[ 35%] Building CXX object source/CMakeFiles/G4processes-static.dir/processes/electromagnetic/dna/management/src/G4AllITFinder.cc.o
[ 35%] Building CXX object source/CMakeFiles/G4processes-static.dir/processes/electromagnetic/dna/management/src/G4ITBox.cc.o
[ 35%] Building CXX object source/CMakeFiles/G4processes-static.dir/processes/electromagnetic/dna/management/src/G4IT.cc.o
[ 35%] Building CXX object source/CMakeFiles/G4processes-static.dir/processes/electromagnetic/dna/management/src/G4ITGun.cc.o
[ 35%] Building CXX object source/CMakeFiles/G4processes-static.dir/processes/electromagnetic/dna/management/src/G4ITLeadingTracks.cc.o
[ 35%] Building CXX object source/CMakeFiles/G4processes-static.dir/processes/electromagnetic/dna/management/src/G4ITModelHandler.cc.o
[ 35%] Building CXX object source/CMakeFiles/G4processes-static.dir/processes/electromagnetic/dna/management/src/G4ITModelManager.cc.o
[ 35%] Building CXX object source/CMakeFiles/G4processes-static.dir/processes/electromagnetic/dna/management/src/G4ITModelProcessor.cc.o
[ 35%] Building CXX object source/CMakeFiles/G4processes-static.dir/processes/electromagnetic/dna/management/src/G4ITMultiNavigator.cc.o
[ 35%] Building CXX object source/CMakeFiles/G4processes-static.dir/processes/electromagnetic/dna/management/src/G4ITNavigator1.cc.o
[ 35%] Building CXX object source/CMakeFiles/G4processes-static.dir/processes/electromagnetic/dna/management/src/G4ITNavigator2.cc.o
[ 35%] Building CXX object source/CMakeFiles/G4processes-static.dir/processes/electromagnetic/dna/management/src/G4ITNavigatorState2.cc.o
[ 35%] Building CXX object source/CMakeFiles/G4processes-static.dir/processes/electromagnetic/dna/management/src/G4ITPathFinder.cc.o
[ 35%] Building CXX object source/CMakeFiles/G4processes-static.dir/processes/electromagnetic/dna/management/src/G4ITReaction.cc.o
[ 35%] Building CXX object source/CMakeFiles/G4processes-static.dir/processes/electromagnetic/dna/management/src/G4ITReactionChange.cc.o
[ 35%] Building CXX object source/CMakeFiles/G4processes-static.dir/processes/electromagnetic/dna/management/src/G4ITReactionTable.cc.o
[ 35%] Building CXX object source/CMakeFiles/G4processes-static.dir/processes/electromagnetic/dna/management/src/G4ITSafetyHelper.cc.o
[ 35%] Building CXX object source/CMakeFiles/G4processes-static.dir/processes/electromagnetic/dna/management/src/G4ITStepProcessor2.cc.o
[ 36%] Building CXX object source/CMakeFiles/G4processes-static.dir/processes/electromagnetic/dna/management/src/G4ITStepProcessor.cc.o
[ 36%] Building CXX object source/CMakeFiles/G4processes-static.dir/processes/electromagnetic/dna/management/src/G4ITSteppingVerbose.cc.o
[ 36%] Building CXX object source/CMakeFiles/G4processes-static.dir/processes/electromagnetic/dna/management/src/G4ITTrackHolder.cc.o
[ 36%] Building CXX object source/CMakeFiles/G4processes-static.dir/processes/electromagnetic/dna/management/src/G4ITTrackingInteractivity.cc.o
[ 36%] Building CXX object source/CMakeFiles/G4processes-static.dir/processes/electromagnetic/dna/management/src/G4ITTrackingManager.cc.o
[ 36%] Building CXX object source/CMakeFiles/G4processes-static.dir/processes/electromagnetic/dna/management/src/G4ITTransportation.cc.o
[ 36%] Building CXX object source/CMakeFiles/G4processes-static.dir/processes/electromagnetic/dna/management/src/G4ITTransportationManager.cc.o
[ 36%] Building CXX object source/CMakeFiles/G4processes-static.dir/processes/electromagnetic/dna/management/src/G4ITType.cc.o
[ 36%] Building CXX object source/CMakeFiles/G4processes-static.dir/processes/electromagnetic/dna/management/src/G4KDMap.cc.o
[ 36%] Building CXX object source/CMakeFiles/G4processes-static.dir/processes/electromagnetic/dna/management/src/G4KDNode.cc.o
[ 36%] Building CXX object source/CMakeFiles/G4processes-static.dir/processes/electromagnetic/dna/management/src/G4KDTree.cc.o
[ 36%] Building CXX object source/CMakeFiles/G4processes-static.dir/processes/electromagnetic/dna/management/src/G4KDTreeResult.cc.o
[ 36%] Building CXX object source/CMakeFiles/G4processes-static.dir/processes/electromagnetic/dna/management/src/G4MemStat.cc.o
[ 36%] Building CXX object source/CMakeFiles/G4processes-static.dir/processes/electromagnetic/dna/management/src/G4Scheduler.cc.o
[ 36%] Building CXX object source/CMakeFiles/G4processes-static.dir/processes/electromagnetic/dna/management/src/G4SchedulerMessenger.cc.o
[ 36%] Building CXX object source/CMakeFiles/G4processes-static.dir/processes/electromagnetic/dna/management/src/G4TrackingInformation.cc.o
[ 36%] Building CXX object source/CMakeFiles/G4processes-static.dir/processes/electromagnetic/dna/management/src/G4TrackList.cc.o
[ 36%] Building CXX object source/CMakeFiles/G4processes-static.dir/processes/electromagnetic/dna/management/src/G4TrackState.cc.o
[ 36%] Building CXX object source/CMakeFiles/G4processes-static.dir/processes/electromagnetic/dna/management/src/G4UserTimeStepAction.cc.o
[ 36%] Building CXX object source/CMakeFiles/G4processes-static.dir/processes/electromagnetic/dna/management/src/G4VITDiscreteProcess.cc.o
[ 36%] Building CXX object source/CMakeFiles/G4processes-static.dir/processes/electromagnetic/dna/management/src/G4VITProcess.cc.o
[ 36%] Building CXX object source/CMakeFiles/G4processes-static.dir/processes/electromagnetic/dna/management/src/G4VITReactionProcess.cc.o
[ 36%] Building CXX object source/CMakeFiles/G4processes-static.dir/processes/electromagnetic/dna/management/src/G4VITRestDiscreteProcess.cc.o
[ 36%] Building CXX object source/CMakeFiles/G4processes-static.dir/processes/electromagnetic/dna/management/src/G4VITRestProcess.cc.o
[ 36%] Building CXX object source/CMakeFiles/G4processes-static.dir/processes/electromagnetic/dna/management/src/G4VITStepModel.cc.o
[ 36%] Building CXX object source/CMakeFiles/G4processes-static.dir/processes/electromagnetic/dna/management/src/G4VITSteppingVerbose.cc.o
[ 36%] Building CXX object source/CMakeFiles/G4processes-static.dir/processes/electromagnetic/dna/management/src/G4VITTimeStepComputer.cc.o
[ 36%] Building CXX object source/CMakeFiles/G4processes-static.dir/processes/electromagnetic/dna/management/src/G4VITTrackHolder.cc.o
[ 36%] Building CXX object source/CMakeFiles/G4processes-static.dir/processes/electromagnetic/dna/management/src/G4VScheduler.cc.o
[ 36%] Building CXX object source/CMakeFiles/G4processes-static.dir/processes/electromagnetic/dna/management/src/G4DNABoundingBox.cc.o
[ 36%] Building CXX object source/CMakeFiles/G4processes-static.dir/processes/electromagnetic/dna/management/src/G4VUserPulseInfo.cc.o
[ 36%] Building CXX object source/CMakeFiles/G4processes-static.dir/processes/electromagnetic/dna/molecules/management/src/G4MolecularConfiguration.cc.o
[ 37%] Building CXX object source/CMakeFiles/G4processes-static.dir/processes/electromagnetic/dna/molecules/management/src/G4MolecularDissociationChannel.cc.o
[ 37%] Building CXX object source/CMakeFiles/G4processes-static.dir/processes/electromagnetic/dna/molecules/management/src/G4MolecularDissociationTable.cc.o
[ 37%] Building CXX object source/CMakeFiles/G4processes-static.dir/processes/electromagnetic/dna/molecules/management/src/G4MoleculeCounter.cc.o
[ 37%] Building CXX object source/CMakeFiles/G4processes-static.dir/processes/electromagnetic/dna/molecules/management/src/G4Molecule.cc.o
[ 37%] Building CXX object source/CMakeFiles/G4processes-static.dir/processes/electromagnetic/dna/molecules/management/src/G4MoleculeDefinition.cc.o
[ 37%] Building CXX object source/CMakeFiles/G4processes-static.dir/processes/electromagnetic/dna/molecules/management/src/G4MoleculeHandleManager.cc.o
[ 37%] Building CXX object source/CMakeFiles/G4processes-static.dir/processes/electromagnetic/dna/molecules/management/src/G4MoleculeTable.cc.o
[ 37%] Building CXX object source/CMakeFiles/G4processes-static.dir/processes/electromagnetic/dna/molecules/management/src/G4Serialize.cc.o
[ 37%] Building CXX object source/CMakeFiles/G4processes-static.dir/processes/electromagnetic/dna/molecules/management/src/G4VMolecularDissociationDisplacer.cc.o
[ 37%] Building CXX object source/CMakeFiles/G4processes-static.dir/processes/electromagnetic/dna/molecules/management/src/G4VMoleculeCounter.cc.o
[ 37%] Building CXX object source/CMakeFiles/G4processes-static.dir/processes/electromagnetic/dna/molecules/management/src/G4MoleculeTableMessenger.cc.o
[ 37%] Building CXX object source/CMakeFiles/G4processes-static.dir/processes/electromagnetic/dna/molecules/types/src/G4Electron_aq.cc.o
[ 37%] Building CXX object source/CMakeFiles/G4processes-static.dir/processes/electromagnetic/dna/molecules/types/src/G4FakeMolecule.cc.o
[ 37%] Building CXX object source/CMakeFiles/G4processes-static.dir/processes/electromagnetic/dna/molecules/types/src/G4H2.cc.o
[ 37%] Building CXX object source/CMakeFiles/G4processes-static.dir/processes/electromagnetic/dna/molecules/types/src/G4H2O2.cc.o
[ 37%] Building CXX object source/CMakeFiles/G4processes-static.dir/processes/electromagnetic/dna/molecules/types/src/G4H2O.cc.o
[ 37%] Building CXX object source/CMakeFiles/G4processes-static.dir/processes/electromagnetic/dna/molecules/types/src/G4H3O.cc.o
[ 37%] Building CXX object source/CMakeFiles/G4processes-static.dir/processes/electromagnetic/dna/molecules/types/src/G4HO2.cc.o
[ 37%] Building CXX object source/CMakeFiles/G4processes-static.dir/processes/electromagnetic/dna/molecules/types/src/G4Hydrogen.cc.o
[ 37%] Building CXX object source/CMakeFiles/G4processes-static.dir/processes/electromagnetic/dna/molecules/types/src/G4O2.cc.o
[ 37%] Building CXX object source/CMakeFiles/G4processes-static.dir/processes/electromagnetic/dna/molecules/types/src/G4O3.cc.o
[ 37%] Building CXX object source/CMakeFiles/G4processes-static.dir/processes/electromagnetic/dna/molecules/types/src/G4OH.cc.o
[ 37%] Building CXX object source/CMakeFiles/G4processes-static.dir/processes/electromagnetic/dna/molecules/types/src/G4Oxygen.cc.o
[ 37%] Building CXX object source/CMakeFiles/G4processes-static.dir/processes/electromagnetic/dna/molecules/types/src/G4DNAMolecule.cc.o
[ 37%] Building CXX object source/CMakeFiles/G4processes-static.dir/processes/electromagnetic/highenergy/src/G4AnnihiToMuPair.cc.o
[ 37%] Building CXX object source/CMakeFiles/G4processes-static.dir/processes/electromagnetic/highenergy/src/G4BetheBlochNoDeltaModel.cc.o
[ 37%] Building CXX object source/CMakeFiles/G4processes-static.dir/processes/electromagnetic/highenergy/src/G4BraggNoDeltaModel.cc.o
[ 37%] Building CXX object source/CMakeFiles/G4processes-static.dir/processes/electromagnetic/highenergy/src/G4GammaConversionToMuons.cc.o
[ 37%] Building CXX object source/CMakeFiles/G4processes-static.dir/processes/electromagnetic/highenergy/src/G4ICRU73NoDeltaModel.cc.o
[ 37%] Building CXX object source/CMakeFiles/G4processes-static.dir/processes/electromagnetic/highenergy/src/G4ee2KChargedModel.cc.o
[ 37%] Building CXX object source/CMakeFiles/G4processes-static.dir/processes/electromagnetic/highenergy/src/G4ee2KNeutralModel.cc.o
[ 37%] Building CXX object source/CMakeFiles/G4processes-static.dir/processes/electromagnetic/highenergy/src/G4eeCrossSections.cc.o
[ 38%] Building CXX object source/CMakeFiles/G4processes-static.dir/processes/electromagnetic/highenergy/src/G4eeTo3PiModel.cc.o
[ 38%] Building CXX object source/CMakeFiles/G4processes-static.dir/processes/electromagnetic/highenergy/src/G4eeToHadrons.cc.o
[ 38%] Building CXX object source/CMakeFiles/G4processes-static.dir/processes/electromagnetic/highenergy/src/G4eeToHadronsModel.cc.o
[ 38%] Building CXX object source/CMakeFiles/G4processes-static.dir/processes/electromagnetic/highenergy/src/G4eeToHadronsMultiModel.cc.o
[ 38%] Building CXX object source/CMakeFiles/G4processes-static.dir/processes/electromagnetic/highenergy/src/G4eeToPGammaModel.cc.o
[ 38%] Building CXX object source/CMakeFiles/G4processes-static.dir/processes/electromagnetic/highenergy/src/G4eeToTwoPiModel.cc.o
[ 38%] Building CXX object source/CMakeFiles/G4processes-static.dir/processes/electromagnetic/highenergy/src/G4hBremsstrahlung.cc.o
[ 38%] Building CXX object source/CMakeFiles/G4processes-static.dir/processes/electromagnetic/highenergy/src/G4hBremsstrahlungModel.cc.o
[ 38%] Building CXX object source/CMakeFiles/G4processes-static.dir/processes/electromagnetic/highenergy/src/G4hPairProduction.cc.o
[ 38%] Building CXX object source/CMakeFiles/G4processes-static.dir/processes/electromagnetic/highenergy/src/G4hPairProductionModel.cc.o
[ 38%] Building CXX object source/CMakeFiles/G4processes-static.dir/processes/electromagnetic/highenergy/src/G4hhIonisation.cc.o
[ 38%] Building CXX object source/CMakeFiles/G4processes-static.dir/processes/electromagnetic/highenergy/src/G4mplIonisation.cc.o
[ 38%] Building CXX object source/CMakeFiles/G4processes-static.dir/processes/electromagnetic/highenergy/src/G4mplIonisationModel.cc.o
[ 38%] Building CXX object source/CMakeFiles/G4processes-static.dir/processes/electromagnetic/highenergy/src/G4mplIonisationWithDeltaModel.cc.o
[ 38%] Building CXX object source/CMakeFiles/G4processes-static.dir/processes/electromagnetic/lowenergy/src/G4ANSTOecpssrKxsModel.cc.o
[ 38%] Building CXX object source/CMakeFiles/G4processes-static.dir/processes/electromagnetic/lowenergy/src/G4ANSTOecpssrLixsModel.cc.o
[ 38%] Building CXX object source/CMakeFiles/G4processes-static.dir/processes/electromagnetic/lowenergy/src/G4ANSTOecpssrMixsModel.cc.o
[ 38%] Building CXX object source/CMakeFiles/G4processes-static.dir/processes/electromagnetic/lowenergy/src/G4AtomicDeexcitation.cc.o
[ 38%] Building CXX object source/CMakeFiles/G4processes-static.dir/processes/electromagnetic/lowenergy/src/G4AtomicTransitionManager.cc.o
[ 38%] Building CXX object source/CMakeFiles/G4processes-static.dir/processes/electromagnetic/lowenergy/src/G4AugerData.cc.o
[ 38%] Building CXX object source/CMakeFiles/G4processes-static.dir/processes/electromagnetic/lowenergy/src/G4AugerTransition.cc.o
[ 38%] Building CXX object source/CMakeFiles/G4processes-static.dir/processes/electromagnetic/lowenergy/src/G4BoldyshevTripletModel.cc.o
[ 38%] Building CXX object source/CMakeFiles/G4processes-static.dir/processes/electromagnetic/lowenergy/src/G4CompositeEMDataSet.cc.o
[ 38%] Building CXX object source/CMakeFiles/G4processes-static.dir/processes/electromagnetic/lowenergy/src/G4CrossSectionDataSet.cc.o
[ 38%] Building CXX object source/CMakeFiles/G4processes-static.dir/processes/electromagnetic/lowenergy/src/G4CrossSectionHandler.cc.o
[ 38%] Building CXX object source/CMakeFiles/G4processes-static.dir/processes/electromagnetic/lowenergy/src/G4DopplerProfile.cc.o
[ 38%] Building CXX object source/CMakeFiles/G4processes-static.dir/processes/electromagnetic/lowenergy/src/G4ecpssrBaseKxsModel.cc.o
[ 38%] Building CXX object source/CMakeFiles/G4processes-static.dir/processes/electromagnetic/lowenergy/src/G4ecpssrBaseLixsModel.cc.o
[ 38%] Building CXX object source/CMakeFiles/G4processes-static.dir/processes/electromagnetic/lowenergy/src/G4ecpssrFormFactorKxsModel.cc.o
[ 38%] Building CXX object source/CMakeFiles/G4processes-static.dir/processes/electromagnetic/lowenergy/src/G4ecpssrFormFactorLixsModel.cc.o
[ 38%] Building CXX object source/CMakeFiles/G4processes-static.dir/processes/electromagnetic/lowenergy/src/G4ecpssrFormFactorMixsModel.cc.o
[ 39%] Building CXX object source/CMakeFiles/G4processes-static.dir/processes/electromagnetic/lowenergy/src/G4eCrossSectionHandler.cc.o
[ 39%] Building CXX object source/CMakeFiles/G4processes-static.dir/processes/electromagnetic/lowenergy/src/G4eIonisationCrossSectionHandler.cc.o
[ 39%] Building CXX object source/CMakeFiles/G4processes-static.dir/processes/electromagnetic/lowenergy/src/G4eIonisationParameters.cc.o
[ 39%] Building CXX object source/CMakeFiles/G4processes-static.dir/processes/electromagnetic/lowenergy/src/G4eIonisationSpectrum.cc.o
[ 39%] Building CXX object source/CMakeFiles/G4processes-static.dir/processes/electromagnetic/lowenergy/src/G4EMDataSet.cc.o
[ 39%] Building CXX object source/CMakeFiles/G4processes-static.dir/processes/electromagnetic/lowenergy/src/G4empCrossSection.cc.o
[ 39%] Building CXX object source/CMakeFiles/G4processes-static.dir/processes/electromagnetic/lowenergy/src/G4FluoData.cc.o
[ 39%] Building CXX object source/CMakeFiles/G4processes-static.dir/processes/electromagnetic/lowenergy/src/G4FluoTransition.cc.o
[ 39%] Building CXX object source/CMakeFiles/G4processes-static.dir/processes/electromagnetic/lowenergy/src/G4Generator2BN.cc.o
[ 39%] Building CXX object source/CMakeFiles/G4processes-static.dir/processes/electromagnetic/lowenergy/src/G4Generator2BS.cc.o
[ 39%] Building CXX object source/CMakeFiles/G4processes-static.dir/processes/electromagnetic/lowenergy/src/G4hBetheBlochModel.cc.o
[ 39%] Building CXX object source/CMakeFiles/G4processes-static.dir/processes/electromagnetic/lowenergy/src/G4hICRU49He.cc.o
[ 39%] Building CXX object source/CMakeFiles/G4processes-static.dir/processes/electromagnetic/lowenergy/src/G4hICRU49Nuclear.cc.o
[ 39%] Building CXX object source/CMakeFiles/G4processes-static.dir/processes/electromagnetic/lowenergy/src/G4hICRU49p.cc.o
[ 39%] Building CXX object source/CMakeFiles/G4processes-static.dir/processes/electromagnetic/lowenergy/src/G4hIonEffChargeSquare.cc.o
[ 39%] Building CXX object source/CMakeFiles/G4processes-static.dir/processes/electromagnetic/lowenergy/src/G4hNuclearStoppingModel.cc.o
[ 39%] Building CXX object source/CMakeFiles/G4processes-static.dir/processes/electromagnetic/lowenergy/src/G4hParametrisedLossModel.cc.o
[ 39%] Building CXX object source/CMakeFiles/G4processes-static.dir/processes/electromagnetic/lowenergy/src/G4hZiegler1985Nuclear.cc.o
[ 39%] Building CXX object source/CMakeFiles/G4processes-static.dir/processes/electromagnetic/lowenergy/src/G4hZiegler1985p.cc.o
[ 39%] Building CXX object source/CMakeFiles/G4processes-static.dir/processes/electromagnetic/lowenergy/src/G4IonChuFluctuationModel.cc.o
[ 39%] Building CXX object source/CMakeFiles/G4processes-static.dir/processes/electromagnetic/lowenergy/src/G4IonDEDXHandler.cc.o
[ 39%] Building CXX object source/CMakeFiles/G4processes-static.dir/processes/electromagnetic/lowenergy/src/G4IonDEDXScalingICRU73.cc.o
[ 39%] Building CXX object source/CMakeFiles/G4processes-static.dir/processes/electromagnetic/lowenergy/src/G4IonParametrisedLossModel.cc.o
[ 39%] Building CXX object source/CMakeFiles/G4processes-static.dir/processes/electromagnetic/lowenergy/src/G4IonYangFluctuationModel.cc.o
[ 39%] Building CXX object source/CMakeFiles/G4processes-static.dir/processes/electromagnetic/lowenergy/src/G4JAEAElasticScattering.cc.o
[ 39%] Building CXX object source/CMakeFiles/G4processes-static.dir/processes/electromagnetic/lowenergy/src/G4JAEAElasticScatteringModel.cc.o
[ 39%] Building CXX object source/CMakeFiles/G4processes-static.dir/processes/electromagnetic/lowenergy/src/G4JAEAPolarizedElasticScatteringModel.cc.o
[ 39%] Building CXX object source/CMakeFiles/G4processes-static.dir/processes/electromagnetic/lowenergy/src/G4LinInterpolation.cc.o
[ 39%] Building CXX object source/CMakeFiles/G4processes-static.dir/processes/electromagnetic/lowenergy/src/G4LinLogInterpolation.cc.o
[ 39%] Building CXX object source/CMakeFiles/G4processes-static.dir/processes/electromagnetic/lowenergy/src/G4LinLogLogInterpolation.cc.o
[ 39%] Building CXX object source/CMakeFiles/G4processes-static.dir/processes/electromagnetic/lowenergy/src/G4LivermoreBremsstrahlungModel.cc.o
[ 39%] Building CXX object source/CMakeFiles/G4processes-static.dir/processes/electromagnetic/lowenergy/src/G4LivermoreComptonModel.cc.o
[ 40%] Building CXX object source/CMakeFiles/G4processes-static.dir/processes/electromagnetic/lowenergy/src/G4LivermoreGammaConversion5DModel.cc.o
[ 40%] Building CXX object source/CMakeFiles/G4processes-static.dir/processes/electromagnetic/lowenergy/src/G4LivermoreGammaConversionModel.cc.o
[ 40%] Building CXX object source/CMakeFiles/G4processes-static.dir/processes/electromagnetic/lowenergy/src/G4LivermoreIonisationCrossSection.cc.o
[ 40%] Building CXX object source/CMakeFiles/G4processes-static.dir/processes/electromagnetic/lowenergy/src/G4LivermoreIonisationModel.cc.o
[ 40%] Building CXX object source/CMakeFiles/G4processes-static.dir/processes/electromagnetic/lowenergy/src/G4LivermoreNuclearGammaConversionModel.cc.o
[ 40%] Building CXX object source/CMakeFiles/G4processes-static.dir/processes/electromagnetic/lowenergy/src/G4LivermorePhotoElectricModel.cc.o
[ 40%] Building CXX object source/CMakeFiles/G4processes-static.dir/processes/electromagnetic/lowenergy/src/G4LivermorePolarizedComptonModel.cc.o
[ 40%] Building CXX object source/CMakeFiles/G4processes-static.dir/processes/electromagnetic/lowenergy/src/G4LivermorePolarizedGammaConversionModel.cc.o
[ 40%] Building CXX object source/CMakeFiles/G4processes-static.dir/processes/electromagnetic/lowenergy/src/G4LivermorePolarizedRayleighModel.cc.o
[ 40%] Building CXX object source/CMakeFiles/G4processes-static.dir/processes/electromagnetic/lowenergy/src/G4LivermoreRayleighModel.cc.o
[ 40%] Building CXX object source/CMakeFiles/G4processes-static.dir/processes/electromagnetic/lowenergy/src/G4LogLogInterpolation.cc.o
[ 40%] Building CXX object source/CMakeFiles/G4processes-static.dir/processes/electromagnetic/lowenergy/src/G4LowECapture.cc.o
[ 40%] Building CXX object source/CMakeFiles/G4processes-static.dir/processes/electromagnetic/lowenergy/src/G4LowEPComptonModel.cc.o
[ 40%] Building CXX object source/CMakeFiles/G4processes-static.dir/processes/electromagnetic/lowenergy/src/G4LowEPPolarizedComptonModel.cc.o
[ 40%] Building CXX object source/CMakeFiles/G4processes-static.dir/processes/electromagnetic/lowenergy/src/G4LowEWentzelVIModel.cc.o
[ 40%] Building CXX object source/CMakeFiles/G4processes-static.dir/processes/electromagnetic/lowenergy/src/G4MIData.cc.o
[ 40%] Building CXX object source/CMakeFiles/G4processes-static.dir/processes/electromagnetic/lowenergy/src/G4MicroElecCapture.cc.o
[ 40%] Building CXX object source/CMakeFiles/G4processes-static.dir/processes/electromagnetic/lowenergy/src/G4MicroElecCrossSectionDataSet.cc.o
[ 40%] Building CXX object source/CMakeFiles/G4processes-static.dir/processes/electromagnetic/lowenergy/src/G4MicroElecElastic.cc.o
[ 40%] Building CXX object source/CMakeFiles/G4processes-static.dir/processes/electromagnetic/lowenergy/src/G4MicroElecElasticModel.cc.o
[ 40%] Building CXX object source/CMakeFiles/G4processes-static.dir/processes/electromagnetic/lowenergy/src/G4MicroElecInelastic.cc.o
[ 40%] Building CXX object source/CMakeFiles/G4processes-static.dir/processes/electromagnetic/lowenergy/src/G4MicroElecInelasticModel.cc.o
[ 40%] Building CXX object source/CMakeFiles/G4processes-static.dir/processes/electromagnetic/lowenergy/src/G4MicroElecCrossSectionDataSet_new.cc.o
[ 40%] Building CXX object source/CMakeFiles/G4processes-static.dir/processes/electromagnetic/lowenergy/src/G4MicroElecElasticModel_new.cc.o
[ 40%] Building CXX object source/CMakeFiles/G4processes-static.dir/processes/electromagnetic/lowenergy/src/G4MicroElecInelasticModel_new.cc.o
[ 40%] Building CXX object source/CMakeFiles/G4processes-static.dir/processes/electromagnetic/lowenergy/src/G4MicroElecLOPhononModel.cc.o
[ 40%] Building CXX object source/CMakeFiles/G4processes-static.dir/processes/electromagnetic/lowenergy/src/G4MicroElecLOPhononScattering.cc.o
[ 40%] Building CXX object source/CMakeFiles/G4processes-static.dir/processes/electromagnetic/lowenergy/src/G4MicroElecSurface.cc.o
[ 40%] Building CXX object source/CMakeFiles/G4processes-static.dir/processes/electromagnetic/lowenergy/src/G4OrlicLiXsModel.cc.o
[ 40%] Building CXX object source/CMakeFiles/G4processes-static.dir/processes/electromagnetic/lowenergy/src/G4PaulKxsModel.cc.o
[ 40%] Building CXX object source/CMakeFiles/G4processes-static.dir/processes/electromagnetic/lowenergy/src/G4PenelopeAnnihilationModel.cc.o
[ 40%] Building CXX object source/CMakeFiles/G4processes-static.dir/processes/electromagnetic/lowenergy/src/G4PenelopeBremsstrahlungAngular.cc.o
[ 41%] Building CXX object source/CMakeFiles/G4processes-static.dir/processes/electromagnetic/lowenergy/src/G4PenelopeBremsstrahlungFS.cc.o
[ 41%] Building CXX object source/CMakeFiles/G4processes-static.dir/processes/electromagnetic/lowenergy/src/G4PenelopeBremsstrahlungModel.cc.o
[ 41%] Building CXX object source/CMakeFiles/G4processes-static.dir/processes/electromagnetic/lowenergy/src/G4PenelopeComptonModel.cc.o
[ 41%] Building CXX object source/CMakeFiles/G4processes-static.dir/processes/electromagnetic/lowenergy/src/G4PenelopeCrossSection.cc.o
[ 41%] Building CXX object source/CMakeFiles/G4processes-static.dir/processes/electromagnetic/lowenergy/src/G4PenelopeGammaConversionModel.cc.o
[ 41%] Building CXX object source/CMakeFiles/G4processes-static.dir/processes/electromagnetic/lowenergy/src/G4PenelopeIonisationCrossSection.cc.o
[ 41%] Building CXX object source/CMakeFiles/G4processes-static.dir/processes/electromagnetic/lowenergy/src/G4PenelopeIonisationModel.cc.o
[ 41%] Building CXX object source/CMakeFiles/G4processes-static.dir/processes/electromagnetic/lowenergy/src/G4PenelopeIonisationXSHandler.cc.o
[ 41%] Building CXX object source/CMakeFiles/G4processes-static.dir/processes/electromagnetic/lowenergy/src/G4PenelopeOscillator.cc.o
[ 41%] Building CXX object source/CMakeFiles/G4processes-static.dir/processes/electromagnetic/lowenergy/src/G4PenelopeOscillatorManager.cc.o
[ 41%] Building CXX object source/CMakeFiles/G4processes-static.dir/processes/electromagnetic/lowenergy/src/G4PenelopePhotoElectricModel.cc.o
[ 41%] Building CXX object source/CMakeFiles/G4processes-static.dir/processes/electromagnetic/lowenergy/src/G4PenelopeRayleighModel.cc.o
[ 41%] Building CXX object source/CMakeFiles/G4processes-static.dir/processes/electromagnetic/lowenergy/src/G4PenelopeRayleighModelMI.cc.o
[ 41%] Building CXX object source/CMakeFiles/G4processes-static.dir/processes/electromagnetic/lowenergy/src/G4PenelopeSamplingData.cc.o
[ 41%] Building CXX object source/CMakeFiles/G4processes-static.dir/processes/electromagnetic/lowenergy/src/G4PhotoElectricAngularGeneratorPolarized.cc.o
[ 41%] Building CXX object source/CMakeFiles/G4processes-static.dir/processes/electromagnetic/lowenergy/src/G4PhotoElectricAngularGeneratorSauterGavrila.cc.o
[ 41%] Building CXX object source/CMakeFiles/G4processes-static.dir/processes/electromagnetic/lowenergy/src/G4QAOLowEnergyLoss.cc.o
[ 41%] Building CXX object source/CMakeFiles/G4processes-static.dir/processes/electromagnetic/lowenergy/src/G4RayleighAngularGenerator.cc.o
[ 41%] Building CXX object source/CMakeFiles/G4processes-static.dir/processes/electromagnetic/lowenergy/src/G4RayleighScattering.cc.o
[ 41%] Building CXX object source/CMakeFiles/G4processes-static.dir/processes/electromagnetic/lowenergy/src/G4SemiLogInterpolation.cc.o
[ 41%] Building CXX object source/CMakeFiles/G4processes-static.dir/processes/electromagnetic/lowenergy/src/G4ShellData.cc.o
[ 41%] Building CXX object source/CMakeFiles/G4processes-static.dir/processes/electromagnetic/lowenergy/src/G4ShellEMDataSet.cc.o
[ 41%] Building CXX object source/CMakeFiles/G4processes-static.dir/processes/electromagnetic/lowenergy/src/G4ShellVacancy.cc.o
[ 41%] Building CXX object source/CMakeFiles/G4processes-static.dir/processes/electromagnetic/lowenergy/src/G4teoCrossSection.cc.o
[ 41%] Building CXX object source/CMakeFiles/G4processes-static.dir/processes/electromagnetic/lowenergy/src/G4UAtomicDeexcitation.cc.o
[ 41%] Building CXX object source/CMakeFiles/G4processes-static.dir/processes/electromagnetic/lowenergy/src/G4VCrossSectionHandler.cc.o
[ 41%] Building CXX object source/CMakeFiles/G4processes-static.dir/processes/electromagnetic/lowenergy/src/G4VecpssrKModel.cc.o
[ 41%] Building CXX object source/CMakeFiles/G4processes-static.dir/processes/electromagnetic/lowenergy/src/G4VecpssrLiModel.cc.o
[ 41%] Building CXX object source/CMakeFiles/G4processes-static.dir/processes/electromagnetic/lowenergy/src/G4VecpssrMiModel.cc.o
[ 41%] Building CXX object source/CMakeFiles/G4processes-static.dir/processes/electromagnetic/lowenergy/src/G4VEMDataSet.cc.o
[ 41%] Building CXX object source/CMakeFiles/G4processes-static.dir/processes/electromagnetic/lowenergy/src/G4VhElectronicStoppingPower.cc.o
[ 41%] Building CXX object source/CMakeFiles/G4processes-static.dir/processes/electromagnetic/lowenergy/src/G4VhNuclearStoppingPower.cc.o
[ 42%] Building CXX object source/CMakeFiles/G4processes-static.dir/processes/electromagnetic/lowenergy/src/G4VhShellCrossSection.cc.o
[ 42%] Building CXX object source/CMakeFiles/G4processes-static.dir/processes/electromagnetic/lowenergy/src/G4VIonDEDXScalingAlgorithm.cc.o
[ 42%] Building CXX object source/CMakeFiles/G4processes-static.dir/processes/electromagnetic/lowenergy/src/G4VLowEnergyModel.cc.o
[ 42%] Building CXX object source/CMakeFiles/G4processes-static.dir/processes/electromagnetic/muons/src/G4EnergyLossForExtrapolator.cc.o
[ 42%] Building CXX object source/CMakeFiles/G4processes-static.dir/processes/electromagnetic/muons/src/G4ErrorEnergyLoss.cc.o
[ 42%] Building CXX object source/CMakeFiles/G4processes-static.dir/processes/electromagnetic/muons/src/G4ModifiedMephi.cc.o
[ 42%] Building CXX object source/CMakeFiles/G4processes-static.dir/processes/electromagnetic/muons/src/G4MuBetheBlochModel.cc.o
[ 42%] Building CXX object source/CMakeFiles/G4processes-static.dir/processes/electromagnetic/muons/src/G4MuBremsstrahlung.cc.o
[ 42%] Building CXX object source/CMakeFiles/G4processes-static.dir/processes/electromagnetic/muons/src/G4MuBremsstrahlungModel.cc.o
[ 42%] Building CXX object source/CMakeFiles/G4processes-static.dir/processes/electromagnetic/muons/src/G4MuIonisation.cc.o
[ 42%] Building CXX object source/CMakeFiles/G4processes-static.dir/processes/electromagnetic/muons/src/G4MuMultipleScattering.cc.o
[ 42%] Building CXX object source/CMakeFiles/G4processes-static.dir/processes/electromagnetic/muons/src/G4MuPairProduction.cc.o
[ 42%] Building CXX object source/CMakeFiles/G4processes-static.dir/processes/electromagnetic/muons/src/G4MuPairProductionModel.cc.o
[ 42%] Building CXX object source/CMakeFiles/G4processes-static.dir/processes/electromagnetic/muons/src/G4MuonToMuonPairProduction.cc.o
[ 42%] Building CXX object source/CMakeFiles/G4processes-static.dir/processes/electromagnetic/muons/src/G4MuonToMuonPairProductionModel.cc.o
[ 42%] Building CXX object source/CMakeFiles/G4processes-static.dir/processes/electromagnetic/muons/src/G4TablesForExtrapolator.cc.o
[ 42%] Building CXX object source/CMakeFiles/G4processes-static.dir/processes/electromagnetic/muons/src/G4ePairProduction.cc.o
[ 42%] Building CXX object source/CMakeFiles/G4processes-static.dir/processes/electromagnetic/pii/src/G4CompositeDataSet.cc.o
[ 42%] Building CXX object source/CMakeFiles/G4processes-static.dir/processes/electromagnetic/pii/src/G4DataSet.cc.o
[ 42%] Building CXX object source/CMakeFiles/G4processes-static.dir/processes/electromagnetic/pii/src/G4hImpactIonisation.cc.o
[ 42%] Building CXX object source/CMakeFiles/G4processes-static.dir/processes/electromagnetic/pii/src/G4hRDEnergyLoss.cc.o
[ 42%] Building CXX object source/CMakeFiles/G4processes-static.dir/processes/electromagnetic/pii/src/G4LinInterpolator.cc.o
[ 42%] Building CXX object source/CMakeFiles/G4processes-static.dir/processes/electromagnetic/pii/src/G4LogLogInterpolator.cc.o
[ 42%] Building CXX object source/CMakeFiles/G4processes-static.dir/processes/electromagnetic/pii/src/G4PixeCrossSectionHandler.cc.o
[ 42%] Building CXX object source/CMakeFiles/G4processes-static.dir/processes/electromagnetic/pii/src/G4PixeShellDataSet.cc.o
[ 42%] Building CXX object source/CMakeFiles/G4processes-static.dir/processes/electromagnetic/polarisation/src/G4PolarizationHelper.cc.o
[ 42%] Building CXX object source/CMakeFiles/G4processes-static.dir/processes/electromagnetic/polarisation/src/G4PolarizationManager.cc.o
[ 42%] Building CXX object source/CMakeFiles/G4processes-static.dir/processes/electromagnetic/polarisation/src/G4PolarizationMessenger.cc.o
[ 42%] Building CXX object source/CMakeFiles/G4processes-static.dir/processes/electromagnetic/polarisation/src/G4PolarizedAnnihilation.cc.o
[ 42%] Building CXX object source/CMakeFiles/G4processes-static.dir/processes/electromagnetic/polarisation/src/G4PolarizedAnnihilationXS.cc.o
[ 42%] Building CXX object source/CMakeFiles/G4processes-static.dir/processes/electromagnetic/polarisation/src/G4PolarizedAnnihilationModel.cc.o
[ 43%] Building CXX object source/CMakeFiles/G4processes-static.dir/processes/electromagnetic/polarisation/src/G4PolarizedBremsstrahlung.cc.o
[ 43%] Building CXX object source/CMakeFiles/G4processes-static.dir/processes/electromagnetic/polarisation/src/G4PolarizedBremsstrahlungModel.cc.o
[ 43%] Building CXX object source/CMakeFiles/G4processes-static.dir/processes/electromagnetic/polarisation/src/G4PolarizedBremsstrahlungXS.cc.o
[ 43%] Building CXX object source/CMakeFiles/G4processes-static.dir/processes/electromagnetic/polarisation/src/G4PolarizedCompton.cc.o
[ 43%] Building CXX object source/CMakeFiles/G4processes-static.dir/processes/electromagnetic/polarisation/src/G4PolarizedComptonXS.cc.o
[ 43%] Building CXX object source/CMakeFiles/G4processes-static.dir/processes/electromagnetic/polarisation/src/G4PolarizedComptonModel.cc.o
[ 43%] Building CXX object source/CMakeFiles/G4processes-static.dir/processes/electromagnetic/polarisation/src/G4PolarizedGammaConversion.cc.o
[ 43%] Building CXX object source/CMakeFiles/G4processes-static.dir/processes/electromagnetic/polarisation/src/G4PolarizedGammaConversionModel.cc.o
[ 43%] Building CXX object source/CMakeFiles/G4processes-static.dir/processes/electromagnetic/polarisation/src/G4PolarizedGammaConversionXS.cc.o
[ 43%] Building CXX object source/CMakeFiles/G4processes-static.dir/processes/electromagnetic/polarisation/src/G4PolarizedIonisation.cc.o
[ 43%] Building CXX object source/CMakeFiles/G4processes-static.dir/processes/electromagnetic/polarisation/src/G4PolarizedIonisationBhabhaXS.cc.o
[ 43%] Building CXX object source/CMakeFiles/G4processes-static.dir/processes/electromagnetic/polarisation/src/G4PolarizedIonisationModel.cc.o
[ 43%] Building CXX object source/CMakeFiles/G4processes-static.dir/processes/electromagnetic/polarisation/src/G4PolarizedIonisationMollerXS.cc.o
[ 43%] Building CXX object source/CMakeFiles/G4processes-static.dir/processes/electromagnetic/polarisation/src/G4PolarizedPhotoElectricXS.cc.o
[ 43%] Building CXX object source/CMakeFiles/G4processes-static.dir/processes/electromagnetic/polarisation/src/G4PolarizedPhotoElectricModel.cc.o
[ 43%] Building CXX object source/CMakeFiles/G4processes-static.dir/processes/electromagnetic/polarisation/src/G4PolarizedPhotoElectric.cc.o
[ 43%] Building CXX object source/CMakeFiles/G4processes-static.dir/processes/electromagnetic/polarisation/src/G4StokesVector.cc.o
[ 43%] Building CXX object source/CMakeFiles/G4processes-static.dir/processes/electromagnetic/polarisation/src/G4VPolarizedXS.cc.o
[ 43%] Building CXX object source/CMakeFiles/G4processes-static.dir/processes/electromagnetic/standard/src/G4ASTARStopping.cc.o
[ 43%] Building CXX object source/CMakeFiles/G4processes-static.dir/processes/electromagnetic/standard/src/G4AllisonPositronAtRestModel.cc.o
[ 43%] Building CXX object source/CMakeFiles/G4processes-static.dir/processes/electromagnetic/standard/src/G4AtimaEnergyLossModel.cc.o
[ 43%] Building CXX object source/CMakeFiles/G4processes-static.dir/processes/electromagnetic/standard/src/G4AtimaFluctuations.cc.o
[ 43%] Building CXX object source/CMakeFiles/G4processes-static.dir/processes/electromagnetic/standard/src/G4BetheBlochIonGasModel.cc.o
[ 43%] Building CXX object source/CMakeFiles/G4processes-static.dir/processes/electromagnetic/standard/src/G4BetheBlochModel.cc.o
[ 43%] Building CXX object source/CMakeFiles/G4processes-static.dir/processes/electromagnetic/standard/src/G4BetheHeitlerModel.cc.o
[ 43%] Building CXX object source/CMakeFiles/G4processes-static.dir/processes/electromagnetic/standard/src/G4BetheHeitler5DModel.cc.o
[ 43%] Building CXX object source/CMakeFiles/G4processes-static.dir/processes/electromagnetic/standard/src/G4BraggIonGasModel.cc.o
[ 43%] Building CXX object source/CMakeFiles/G4processes-static.dir/processes/electromagnetic/standard/src/G4BraggIonModel.cc.o
[ 43%] Building CXX object source/CMakeFiles/G4processes-static.dir/processes/electromagnetic/standard/src/G4BraggModel.cc.o
[ 43%] Building CXX object source/CMakeFiles/G4processes-static.dir/processes/electromagnetic/standard/src/G4ComptonScattering.cc.o
[ 43%] Building CXX object source/CMakeFiles/G4processes-static.dir/processes/electromagnetic/standard/src/G4CoulombScattering.cc.o
[ 43%] Building CXX object source/CMakeFiles/G4processes-static.dir/processes/electromagnetic/standard/src/G4GSMottCorrection.cc.o
[ 44%] Building CXX object source/CMakeFiles/G4processes-static.dir/processes/electromagnetic/standard/src/G4GSPWACorrections.cc.o
[ 44%] Building CXX object source/CMakeFiles/G4processes-static.dir/processes/electromagnetic/standard/src/G4GammaConversion.cc.o
[ 44%] Building CXX object source/CMakeFiles/G4processes-static.dir/processes/electromagnetic/standard/src/G4DeltaAngle.cc.o
[ 44%] Building CXX object source/CMakeFiles/G4processes-static.dir/processes/electromagnetic/standard/src/G4DeltaAngleFreeScat.cc.o
[ 44%] Building CXX object source/CMakeFiles/G4processes-static.dir/processes/electromagnetic/standard/src/G4DipBustGenerator.cc.o
[ 44%] Building CXX object source/CMakeFiles/G4processes-static.dir/processes/electromagnetic/standard/src/G4ESTARStopping.cc.o
[ 44%] Building CXX object source/CMakeFiles/G4processes-static.dir/processes/electromagnetic/standard/src/G4EmStandUtil.cc.o
[ 44%] Building CXX object source/CMakeFiles/G4processes-static.dir/processes/electromagnetic/standard/src/G4GoudsmitSaundersonMscModel.cc.o
[ 44%] Building CXX object source/CMakeFiles/G4processes-static.dir/processes/electromagnetic/standard/src/G4GoudsmitSaundersonTable.cc.o
[ 44%] Building CXX object source/CMakeFiles/G4processes-static.dir/processes/electromagnetic/standard/src/G4ICRU49NuclearStoppingModel.cc.o
[ 44%] Building CXX object source/CMakeFiles/G4processes-static.dir/processes/electromagnetic/standard/src/G4ICRU73QOModel.cc.o
[ 44%] Building CXX object source/CMakeFiles/G4processes-static.dir/processes/electromagnetic/standard/src/G4InitXscPAI.cc.o
[ 44%] Building CXX object source/CMakeFiles/G4processes-static.dir/processes/electromagnetic/standard/src/G4IonCoulombCrossSection.cc.o
[ 44%] Building CXX object source/CMakeFiles/G4processes-static.dir/processes/electromagnetic/standard/src/G4IonCoulombScatteringModel.cc.o
[ 44%] Building CXX object source/CMakeFiles/G4processes-static.dir/processes/electromagnetic/standard/src/G4IonFluctuations.cc.o
[ 44%] Building CXX object source/CMakeFiles/G4processes-static.dir/processes/electromagnetic/standard/src/G4IonICRU73Data.cc.o
[ 44%] Building CXX object source/CMakeFiles/G4processes-static.dir/processes/electromagnetic/standard/src/G4KleinNishinaCompton.cc.o
[ 44%] Building CXX object source/CMakeFiles/G4processes-static.dir/processes/electromagnetic/standard/src/G4KleinNishinaModel.cc.o
[ 44%] Building CXX object source/CMakeFiles/G4processes-static.dir/processes/electromagnetic/standard/src/G4LindhardSorensenData.cc.o
[ 44%] Building CXX object source/CMakeFiles/G4processes-static.dir/processes/electromagnetic/standard/src/G4LindhardSorensenIonModel.cc.o
[ 44%] Building CXX object source/CMakeFiles/G4processes-static.dir/processes/electromagnetic/standard/src/G4LossFluctuationDummy.cc.o
[ 44%] Building CXX object source/CMakeFiles/G4processes-static.dir/processes/electromagnetic/standard/src/G4ModifiedTsai.cc.o
[ 44%] Building CXX object source/CMakeFiles/G4processes-static.dir/processes/electromagnetic/standard/src/G4MollerBhabhaModel.cc.o
[ 44%] Building CXX object source/CMakeFiles/G4processes-static.dir/processes/electromagnetic/standard/src/G4NuclearStopping.cc.o
[ 44%] Building CXX object source/CMakeFiles/G4processes-static.dir/processes/electromagnetic/standard/src/G4PAIModel.cc.o
[ 44%] Building CXX object source/CMakeFiles/G4processes-static.dir/processes/electromagnetic/standard/src/G4PAIModelData.cc.o
[ 44%] Building CXX object source/CMakeFiles/G4processes-static.dir/processes/electromagnetic/standard/src/G4PAIPhotData.cc.o
[ 44%] Building CXX object source/CMakeFiles/G4processes-static.dir/processes/electromagnetic/standard/src/G4PAIPhotModel.cc.o
[ 44%] Building CXX object source/CMakeFiles/G4processes-static.dir/processes/electromagnetic/standard/src/G4PAIxSection.cc.o
[ 44%] Building CXX object source/CMakeFiles/G4processes-static.dir/processes/electromagnetic/standard/src/G4PAIySection.cc.o
[ 44%] Building CXX object source/CMakeFiles/G4processes-static.dir/processes/electromagnetic/standard/src/G4PEEffectFluoModel.cc.o
[ 44%] Building CXX object source/CMakeFiles/G4processes-static.dir/processes/electromagnetic/standard/src/G4PSTARStopping.cc.o
[ 45%] Building CXX object source/CMakeFiles/G4processes-static.dir/processes/electromagnetic/standard/src/G4PairProductionRelModel.cc.o
[ 45%] Building CXX object source/CMakeFiles/G4processes-static.dir/processes/electromagnetic/standard/src/G4PhotoElectricEffect.cc.o
[ 45%] Building CXX object source/CMakeFiles/G4processes-static.dir/processes/electromagnetic/standard/src/G4PolarizedOrePowellAtRestModel.cc.o
[ 45%] Building CXX object source/CMakeFiles/G4processes-static.dir/processes/electromagnetic/standard/src/G4SBBremTable.cc.o
[ 45%] Building CXX object source/CMakeFiles/G4processes-static.dir/processes/electromagnetic/standard/src/G4SauterGavrilaAngularDistribution.cc.o
[ 45%] Building CXX object source/CMakeFiles/G4processes-static.dir/processes/electromagnetic/standard/src/G4ScreeningMottCrossSection.cc.o
[ 45%] Building CXX object source/CMakeFiles/G4processes-static.dir/processes/electromagnetic/standard/src/G4SeltzerBergerModel.cc.o
[ 45%] Building CXX object source/CMakeFiles/G4processes-static.dir/processes/electromagnetic/standard/src/G4SimplePositronAtRestModel.cc.o
[ 45%] Building CXX object source/CMakeFiles/G4processes-static.dir/processes/electromagnetic/standard/src/G4SimplePsAtRestModel.cc.o
[ 45%] Building CXX object source/CMakeFiles/G4processes-static.dir/processes/electromagnetic/standard/src/G4OrePowellAtRestModel.cc.o
[ 45%] Building CXX object source/CMakeFiles/G4processes-static.dir/processes/electromagnetic/standard/src/G4UniversalFluctuation.cc.o
[ 45%] Building CXX object source/CMakeFiles/G4processes-static.dir/processes/electromagnetic/standard/src/G4UrbanFluctuation.cc.o
[ 45%] Building CXX object source/CMakeFiles/G4processes-static.dir/processes/electromagnetic/standard/src/G4UrbanMscModel.cc.o
[ 45%] Building CXX object source/CMakeFiles/G4processes-static.dir/processes/electromagnetic/standard/src/G4WaterStopping.cc.o
[ 45%] Building CXX object source/CMakeFiles/G4processes-static.dir/processes/electromagnetic/standard/src/G4WentzelOKandVIxSection.cc.o
[ 45%] Building CXX object source/CMakeFiles/G4processes-static.dir/processes/electromagnetic/standard/src/G4WentzelVIModel.cc.o
[ 45%] Building CXX object source/CMakeFiles/G4processes-static.dir/processes/electromagnetic/standard/src/G4WentzelVIRelModel.cc.o
[ 45%] Building CXX object source/CMakeFiles/G4processes-static.dir/processes/electromagnetic/standard/src/G4WentzelVIRelXSection.cc.o
[ 45%] Building CXX object source/CMakeFiles/G4processes-static.dir/processes/electromagnetic/standard/src/G4XrayRayleighModel.cc.o
[ 45%] Building CXX object source/CMakeFiles/G4processes-static.dir/processes/electromagnetic/standard/src/G4eBremsstrahlung.cc.o
[ 45%] Building CXX object source/CMakeFiles/G4processes-static.dir/processes/electromagnetic/standard/src/G4eBremParametrizedModel.cc.o
[ 45%] Building CXX object source/CMakeFiles/G4processes-static.dir/processes/electromagnetic/standard/src/G4eBremsstrahlungRelModel.cc.o
[ 45%] Building CXX object source/CMakeFiles/G4processes-static.dir/processes/electromagnetic/standard/src/G4eCoulombScatteringModel.cc.o
[ 45%] Building CXX object source/CMakeFiles/G4processes-static.dir/processes/electromagnetic/standard/src/G4eDPWACoulombScatteringModel.cc.o
[ 45%] Building CXX object source/CMakeFiles/G4processes-static.dir/processes/electromagnetic/standard/src/G4eDPWAElasticDCS.cc.o
[ 45%] Building CXX object source/CMakeFiles/G4processes-static.dir/processes/electromagnetic/standard/src/G4eIonisation.cc.o
[ 45%] Building CXX object source/CMakeFiles/G4processes-static.dir/processes/electromagnetic/standard/src/G4eMultipleScattering.cc.o
[ 45%] Building CXX object source/CMakeFiles/G4processes-static.dir/processes/electromagnetic/standard/src/G4eSingleCoulombScatteringModel.cc.o
[ 45%] Building CXX object source/CMakeFiles/G4processes-static.dir/processes/electromagnetic/standard/src/G4eeToTwoGammaModel.cc.o
[ 45%] Building CXX object source/CMakeFiles/G4processes-static.dir/processes/electromagnetic/standard/src/G4eplusAnnihilation.cc.o
[ 45%] Building CXX object source/CMakeFiles/G4processes-static.dir/processes/electromagnetic/standard/src/G4eplusTo2GammaOKVIModel.cc.o
[ 46%] Building CXX object source/CMakeFiles/G4processes-static.dir/processes/electromagnetic/standard/src/G4eplusTo3GammaOKVIModel.cc.o
[ 46%] Building CXX object source/CMakeFiles/G4processes-static.dir/processes/electromagnetic/standard/src/G4hCoulombScatteringModel.cc.o
[ 46%] Building CXX object source/CMakeFiles/G4processes-static.dir/processes/electromagnetic/standard/src/G4hIonisation.cc.o
[ 46%] Building CXX object source/CMakeFiles/G4processes-static.dir/processes/electromagnetic/standard/src/G4hMultipleScattering.cc.o
[ 46%] Building CXX object source/CMakeFiles/G4processes-static.dir/processes/electromagnetic/standard/src/G4ionIonisation.cc.o
[ 46%] Building CXX object source/CMakeFiles/G4processes-static.dir/processes/electromagnetic/utils/src/G4AngleDirect.cc.o
[ 46%] Building CXX object source/CMakeFiles/G4processes-static.dir/processes/electromagnetic/utils/src/G4DummyModel.cc.o
[ 46%] Building CXX object source/CMakeFiles/G4processes-static.dir/processes/electromagnetic/utils/src/G4ElectronIonPair.cc.o
[ 46%] Building CXX object source/CMakeFiles/G4processes-static.dir/processes/electromagnetic/utils/src/G4EmBiasingManager.cc.o
[ 46%] Building CXX object source/CMakeFiles/G4processes-static.dir/processes/electromagnetic/utils/src/G4EmCalculator.cc.o
[ 46%] Building CXX object source/CMakeFiles/G4processes-static.dir/processes/electromagnetic/utils/src/G4EmConfigurator.cc.o
[ 46%] Building CXX object source/CMakeFiles/G4processes-static.dir/processes/electromagnetic/utils/src/G4EmCorrections.cc.o
[ 46%] Building CXX object source/CMakeFiles/G4processes-static.dir/processes/electromagnetic/utils/src/G4EmDataHandler.cc.o
[ 46%] Building CXX object source/CMakeFiles/G4processes-static.dir/processes/electromagnetic/utils/src/G4EmDataRegistry.cc.o
[ 46%] Building CXX object source/CMakeFiles/G4processes-static.dir/processes/electromagnetic/utils/src/G4EmElementSelector.cc.o
[ 46%] Building CXX object source/CMakeFiles/G4processes-static.dir/processes/electromagnetic/utils/src/G4EmExtraParameters.cc.o
[ 46%] Building CXX object source/CMakeFiles/G4processes-static.dir/processes/electromagnetic/utils/src/G4EmExtraParametersMessenger.cc.o
[ 46%] Building CXX object source/CMakeFiles/G4processes-static.dir/processes/electromagnetic/utils/src/G4EmLowEParameters.cc.o
[ 46%] Building CXX object source/CMakeFiles/G4processes-static.dir/processes/electromagnetic/utils/src/G4EmLowEParametersMessenger.cc.o
[ 46%] Building CXX object source/CMakeFiles/G4processes-static.dir/processes/electromagnetic/utils/src/G4EmModelManager.cc.o
[ 46%] Building CXX object source/CMakeFiles/G4processes-static.dir/processes/electromagnetic/utils/src/G4EmMultiModel.cc.o
[ 46%] Building CXX object source/CMakeFiles/G4processes-static.dir/processes/electromagnetic/utils/src/G4EmParameters.cc.o
[ 46%] Building CXX object source/CMakeFiles/G4processes-static.dir/processes/electromagnetic/utils/src/G4EmParametersMessenger.cc.o
[ 46%] Building CXX object source/CMakeFiles/G4processes-static.dir/processes/electromagnetic/utils/src/G4EmSaturation.cc.o
[ 46%] Building CXX object source/CMakeFiles/G4processes-static.dir/processes/electromagnetic/utils/src/G4EmTableUtil.cc.o
[ 46%] Building CXX object source/CMakeFiles/G4processes-static.dir/processes/electromagnetic/utils/src/G4EmUtility.cc.o
[ 46%] Building CXX object source/CMakeFiles/G4processes-static.dir/processes/electromagnetic/utils/src/G4EnergyLossTables.cc.o
[ 46%] Building CXX object source/CMakeFiles/G4processes-static.dir/processes/electromagnetic/utils/src/G4LossTableBuilder.cc.o
[ 46%] Building CXX object source/CMakeFiles/G4processes-static.dir/processes/electromagnetic/utils/src/G4LossTableManager.cc.o
[ 46%] Building CXX object source/CMakeFiles/G4processes-static.dir/processes/electromagnetic/utils/src/G4NIELCalculator.cc.o
[ 46%] Building CXX object source/CMakeFiles/G4processes-static.dir/processes/electromagnetic/utils/src/G4OpticalParameters.cc.o
[ 46%] Building CXX object source/CMakeFiles/G4processes-static.dir/processes/electromagnetic/utils/src/G4OpticalParametersMessenger.cc.o
[ 47%] Building CXX object source/CMakeFiles/G4processes-static.dir/processes/electromagnetic/utils/src/G4TransportationWithMsc.cc.o
[ 47%] Building CXX object source/CMakeFiles/G4processes-static.dir/processes/electromagnetic/utils/src/G4VAtomDeexcitation.cc.o
[ 47%] Building CXX object source/CMakeFiles/G4processes-static.dir/processes/electromagnetic/utils/src/G4VEmAngularDistribution.cc.o
[ 47%] Building CXX object source/CMakeFiles/G4processes-static.dir/processes/electromagnetic/utils/src/G4VEmFluctuationModel.cc.o
[ 47%] Building CXX object source/CMakeFiles/G4processes-static.dir/processes/electromagnetic/utils/src/G4VEmModel.cc.o
[ 47%] Building CXX object source/CMakeFiles/G4processes-static.dir/processes/electromagnetic/utils/src/G4VEmProcess.cc.o
[ 47%] Building CXX object source/CMakeFiles/G4processes-static.dir/processes/electromagnetic/utils/src/G4VEnergyLossProcess.cc.o
[ 47%] Building CXX object source/CMakeFiles/G4processes-static.dir/processes/electromagnetic/utils/src/G4VMscModel.cc.o
[ 47%] Building CXX object source/CMakeFiles/G4processes-static.dir/processes/electromagnetic/utils/src/G4VMultipleScattering.cc.o
[ 47%] Building CXX object source/CMakeFiles/G4processes-static.dir/processes/electromagnetic/utils/src/G4ionEffectiveCharge.cc.o
[ 47%] Building CXX object source/CMakeFiles/G4processes-static.dir/processes/electromagnetic/xrays/src/G4Cerenkov.cc.o
[ 47%] Building CXX object source/CMakeFiles/G4processes-static.dir/processes/electromagnetic/xrays/src/G4ForwardXrayTR.cc.o
[ 47%] Building CXX object source/CMakeFiles/G4processes-static.dir/processes/electromagnetic/xrays/src/G4GammaXTRadiator.cc.o
[ 47%] Building CXX object source/CMakeFiles/G4processes-static.dir/processes/electromagnetic/xrays/src/G4GaussXTRadiator.cc.o
[ 47%] Building CXX object source/CMakeFiles/G4processes-static.dir/processes/electromagnetic/xrays/src/G4RegularXTRadiator.cc.o
[ 47%] Building CXX object source/CMakeFiles/G4processes-static.dir/processes/electromagnetic/xrays/src/G4Scintillation.cc.o
[ 47%] Building CXX object source/CMakeFiles/G4processes-static.dir/processes/electromagnetic/xrays/src/G4ScintillationTrackInformation.cc.o
[ 47%] Building CXX object source/CMakeFiles/G4processes-static.dir/processes/electromagnetic/xrays/src/G4StrawTubeXTRadiator.cc.o
[ 47%] Building CXX object source/CMakeFiles/G4processes-static.dir/processes/electromagnetic/xrays/src/G4SynchrotronRadiation.cc.o
[ 47%] Building CXX object source/CMakeFiles/G4processes-static.dir/processes/electromagnetic/xrays/src/G4SynchrotronRadiationInMat.cc.o
[ 47%] Building CXX object source/CMakeFiles/G4processes-static.dir/processes/electromagnetic/xrays/src/G4TransitionRadiation.cc.o
[ 47%] Building CXX object source/CMakeFiles/G4processes-static.dir/processes/electromagnetic/xrays/src/G4TransparentRegXTRadiator.cc.o
[ 47%] Building CXX object source/CMakeFiles/G4processes-static.dir/processes/electromagnetic/xrays/src/G4VTransitionRadiation.cc.o
[ 47%] Building CXX object source/CMakeFiles/G4processes-static.dir/processes/electromagnetic/xrays/src/G4VXTRenergyLoss.cc.o
[ 47%] Building CXX object source/CMakeFiles/G4processes-static.dir/processes/electromagnetic/xrays/src/G4XTRGammaRadModel.cc.o
[ 47%] Building CXX object source/CMakeFiles/G4processes-static.dir/processes/electromagnetic/xrays/src/G4XTRGaussRadModel.cc.o
[ 47%] Building CXX object source/CMakeFiles/G4processes-static.dir/processes/electromagnetic/xrays/src/G4XTRRegularRadModel.cc.o
[ 47%] Building CXX object source/CMakeFiles/G4processes-static.dir/processes/electromagnetic/xrays/src/G4XTRTransparentRegRadModel.cc.o
[ 47%] Building CXX object source/CMakeFiles/G4processes-static.dir/processes/electromagnetic/xrays/src/G4XrayReflection.cc.o
[ 47%] Building CXX object source/CMakeFiles/G4processes-static.dir/processes/hadronic/cross_sections/src/G4BGGNucleonElasticXS.cc.o
[ 47%] Building CXX object source/CMakeFiles/G4processes-static.dir/processes/hadronic/cross_sections/src/G4BGGNucleonInelasticXS.cc.o
[ 47%] Building CXX object source/CMakeFiles/G4processes-static.dir/processes/hadronic/cross_sections/src/G4BGGPionElasticXS.cc.o
[ 48%] Building CXX object source/CMakeFiles/G4processes-static.dir/processes/hadronic/cross_sections/src/G4BGGPionInelasticXS.cc.o
[ 48%] Building CXX object source/CMakeFiles/G4processes-static.dir/processes/hadronic/cross_sections/src/G4ChargeExchangeXS.cc.o
[ 48%] Building CXX object source/CMakeFiles/G4processes-static.dir/processes/hadronic/cross_sections/src/G4ChipsAntiBaryonElasticXS.cc.o
[ 48%] Building CXX object source/CMakeFiles/G4processes-static.dir/processes/hadronic/cross_sections/src/G4ChipsAntiBaryonInelasticXS.cc.o
[ 48%] Building CXX object source/CMakeFiles/G4processes-static.dir/processes/hadronic/cross_sections/src/G4ChipsComponentXS.cc.o
[ 48%] Building CXX object source/CMakeFiles/G4processes-static.dir/processes/hadronic/cross_sections/src/G4ChipsHyperonElasticXS.cc.o
[ 48%] Building CXX object source/CMakeFiles/G4processes-static.dir/processes/hadronic/cross_sections/src/G4ChipsHyperonInelasticXS.cc.o
[ 48%] Building CXX object source/CMakeFiles/G4processes-static.dir/processes/hadronic/cross_sections/src/G4ChipsKaonMinusElasticXS.cc.o
[ 48%] Building CXX object source/CMakeFiles/G4processes-static.dir/processes/hadronic/cross_sections/src/G4ChipsKaonMinusInelasticXS.cc.o
[ 48%] Building CXX object source/CMakeFiles/G4processes-static.dir/processes/hadronic/cross_sections/src/G4ChipsKaonPlusElasticXS.cc.o
[ 48%] Building CXX object source/CMakeFiles/G4processes-static.dir/processes/hadronic/cross_sections/src/G4ChipsKaonPlusInelasticXS.cc.o
[ 48%] Building CXX object source/CMakeFiles/G4processes-static.dir/processes/hadronic/cross_sections/src/G4ChipsKaonZeroElasticXS.cc.o
[ 48%] Building CXX object source/CMakeFiles/G4processes-static.dir/processes/hadronic/cross_sections/src/G4ChipsKaonZeroInelasticXS.cc.o
[ 48%] Building CXX object source/CMakeFiles/G4processes-static.dir/processes/hadronic/cross_sections/src/G4ChipsNeutronElasticXS.cc.o
[ 48%] Building CXX object source/CMakeFiles/G4processes-static.dir/processes/hadronic/cross_sections/src/G4ChipsNeutronInelasticXS.cc.o
[ 48%] Building CXX object source/CMakeFiles/G4processes-static.dir/processes/hadronic/cross_sections/src/G4ChipsPionMinusElasticXS.cc.o
[ 48%] Building CXX object source/CMakeFiles/G4processes-static.dir/processes/hadronic/cross_sections/src/G4ChipsPionMinusInelasticXS.cc.o
[ 48%] Building CXX object source/CMakeFiles/G4processes-static.dir/processes/hadronic/cross_sections/src/G4ChipsPionPlusElasticXS.cc.o
[ 48%] Building CXX object source/CMakeFiles/G4processes-static.dir/processes/hadronic/cross_sections/src/G4ChipsPionPlusInelasticXS.cc.o
[ 48%] Building CXX object source/CMakeFiles/G4processes-static.dir/processes/hadronic/cross_sections/src/G4ChipsProtonElasticXS.cc.o
[ 48%] Building CXX object source/CMakeFiles/G4processes-static.dir/processes/hadronic/cross_sections/src/G4ChipsProtonInelasticXS.cc.o
[ 48%] Building CXX object source/CMakeFiles/G4processes-static.dir/processes/hadronic/cross_sections/src/G4ComponentAntiNuclNuclearXS.cc.o
[ 48%] Building CXX object source/CMakeFiles/G4processes-static.dir/processes/hadronic/cross_sections/src/G4ComponentBarNucleonNucleusXsc.cc.o
[ 48%] Building CXX object source/CMakeFiles/G4processes-static.dir/processes/hadronic/cross_sections/src/G4ComponentGGHadronNucleusXsc.cc.o
[ 48%] Building CXX object source/CMakeFiles/G4processes-static.dir/processes/hadronic/cross_sections/src/G4ComponentGGNuclNuclXsc.cc.o
[ 48%] Building CXX object source/CMakeFiles/G4processes-static.dir/processes/hadronic/cross_sections/src/G4ComponentSAIDTotalXS.cc.o
[ 48%] Building CXX object source/CMakeFiles/G4processes-static.dir/processes/hadronic/cross_sections/src/G4CrossSectionDataSetRegistry.cc.o
[ 48%] Building CXX object source/CMakeFiles/G4processes-static.dir/processes/hadronic/cross_sections/src/G4CrossSectionDataStore.cc.o
[ 48%] Building CXX object source/CMakeFiles/G4processes-static.dir/processes/hadronic/cross_sections/src/G4CrossSectionElastic.cc.o
[ 48%] Building CXX object source/CMakeFiles/G4processes-static.dir/processes/hadronic/cross_sections/src/G4CrossSectionInelastic.cc.o
[ 48%] Building CXX object source/CMakeFiles/G4processes-static.dir/processes/hadronic/cross_sections/src/G4DiffElasticRatio.cc.o
[ 49%] Building CXX object source/CMakeFiles/G4processes-static.dir/processes/hadronic/cross_sections/src/G4ElNucleusSFcs.cc.o
[ 49%] Building CXX object source/CMakeFiles/G4processes-static.dir/processes/hadronic/cross_sections/src/G4ElectroNuclearCrossSection.cc.o
[ 49%] Building CXX object source/CMakeFiles/G4processes-static.dir/processes/hadronic/cross_sections/src/G4ElNeutrinoNucleusTotXsc.cc.o
[ 49%] Building CXX object source/CMakeFiles/G4processes-static.dir/processes/hadronic/cross_sections/src/G4EMDissociationCrossSection.cc.o
[ 49%] Building CXX object source/CMakeFiles/G4processes-static.dir/processes/hadronic/cross_sections/src/G4EMDissociationSpectrum.cc.o
[ 49%] Building CXX object source/CMakeFiles/G4processes-static.dir/processes/hadronic/cross_sections/src/G4GammaNuclearXS.cc.o
[ 49%] Building CXX object source/CMakeFiles/G4processes-static.dir/processes/hadronic/cross_sections/src/G4HadronNucleonXsc.cc.o
[ 49%] Building CXX object source/CMakeFiles/G4processes-static.dir/processes/hadronic/cross_sections/src/G4HadronXSDataTable.cc.o
[ 49%] Building CXX object source/CMakeFiles/G4processes-static.dir/processes/hadronic/cross_sections/src/G4IonsShenCrossSection.cc.o
[ 49%] Building CXX object source/CMakeFiles/G4processes-static.dir/processes/hadronic/cross_sections/src/G4KokoulinMuonNuclearXS.cc.o
[ 49%] Building CXX object source/CMakeFiles/G4processes-static.dir/processes/hadronic/cross_sections/src/G4MuNeutrinoNucleusTotXsc.cc.o
[ 49%] Building CXX object source/CMakeFiles/G4processes-static.dir/processes/hadronic/cross_sections/src/G4NeutrinoElectronCcXsc.cc.o
[ 49%] Building CXX object source/CMakeFiles/G4processes-static.dir/processes/hadronic/cross_sections/src/G4NeutrinoElectronNcXsc.cc.o
[ 49%] Building CXX object source/CMakeFiles/G4processes-static.dir/processes/hadronic/cross_sections/src/G4NeutrinoElectronTotXsc.cc.o
[ 49%] Building CXX object source/CMakeFiles/G4processes-static.dir/processes/hadronic/cross_sections/src/G4NeutronCaptureXS.cc.o
[ 49%] Building CXX object source/CMakeFiles/G4processes-static.dir/processes/hadronic/cross_sections/src/G4NeutronElasticXS.cc.o
[ 49%] Building CXX object source/CMakeFiles/G4processes-static.dir/processes/hadronic/cross_sections/src/G4NeutronElectronElXsc.cc.o
[ 49%] Building CXX object source/CMakeFiles/G4processes-static.dir/processes/hadronic/cross_sections/src/G4NeutronInelasticXS.cc.o
[ 49%] Building CXX object source/CMakeFiles/G4processes-static.dir/processes/hadronic/cross_sections/src/G4NucleonNuclearCrossSection.cc.o
[ 49%] Building CXX object source/CMakeFiles/G4processes-static.dir/processes/hadronic/cross_sections/src/G4ParticleInelasticXS.cc.o
[ 49%] Building CXX object source/CMakeFiles/G4processes-static.dir/processes/hadronic/cross_sections/src/G4PhotoNuclearCrossSection.cc.o
[ 49%] Building CXX object source/CMakeFiles/G4processes-static.dir/processes/hadronic/cross_sections/src/G4PiData.cc.o
[ 49%] Building CXX object source/CMakeFiles/G4processes-static.dir/processes/hadronic/cross_sections/src/G4TauNeutrinoNucleusTotXsc.cc.o
[ 49%] Building CXX object source/CMakeFiles/G4processes-static.dir/processes/hadronic/cross_sections/src/G4UPiNuclearCrossSection.cc.o
[ 49%] Building CXX object source/CMakeFiles/G4processes-static.dir/processes/hadronic/cross_sections/src/G4VComponentCrossSection.cc.o
[ 49%] Building CXX object source/CMakeFiles/G4processes-static.dir/processes/hadronic/cross_sections/src/G4VCrossSectionDataSet.cc.o
[ 49%] Building CXX object source/CMakeFiles/G4processes-static.dir/processes/hadronic/cross_sections/src/G4VCrossSectionRatio.cc.o
[ 49%] Building CXX object source/CMakeFiles/G4processes-static.dir/processes/hadronic/cross_sections/src/G4ZeroXS.cc.o
[ 49%] Building CXX object source/CMakeFiles/G4processes-static.dir/processes/hadronic/cross_sections/src/G4CrossSectionFactoryRegistry.cc.o
[ 49%] Building CXX object source/CMakeFiles/G4processes-static.dir/processes/hadronic/management/src/G4EnergyRangeManager.cc.o
[ 49%] Building CXX object source/CMakeFiles/G4processes-static.dir/processes/hadronic/management/src/G4HadLeadBias.cc.o
[ 49%] Building CXX object source/CMakeFiles/G4processes-static.dir/processes/hadronic/management/src/G4HadXSHelper.cc.o
[ 50%] Building CXX object source/CMakeFiles/G4processes-static.dir/processes/hadronic/management/src/G4HadronicEPTestMessenger.cc.o
[ 50%] Building CXX object source/CMakeFiles/G4processes-static.dir/processes/hadronic/management/src/G4HadronicInteraction.cc.o
[ 50%] Building CXX object source/CMakeFiles/G4processes-static.dir/processes/hadronic/management/src/G4HadronicInteractionRegistry.cc.o
[ 50%] Building CXX object source/CMakeFiles/G4processes-static.dir/processes/hadronic/management/src/G4HadronicProcess.cc.o
[ 50%] Building CXX object source/CMakeFiles/G4processes-static.dir/processes/hadronic/management/src/G4HadronicProcessStore.cc.o
[ 50%] Building CXX object source/CMakeFiles/G4processes-static.dir/processes/hadronic/management/src/G4VHighEnergyGenerator.cc.o
[ 50%] Building CXX object source/CMakeFiles/G4processes-static.dir/processes/hadronic/management/src/G4VIntraNuclearTransportModel.cc.o
[ 50%] Building CXX object source/CMakeFiles/G4processes-static.dir/processes/hadronic/management/src/G4VPreCompoundModel.cc.o
[ 50%] Building CXX object source/CMakeFiles/G4processes-static.dir/processes/hadronic/models/abla/src/G4AblaVirtualData.cc.o
[ 50%] Building CXX object source/CMakeFiles/G4processes-static.dir/processes/hadronic/models/abla/src/G4Abla.cc.o
[ 50%] Building CXX object source/CMakeFiles/G4processes-static.dir/processes/hadronic/models/abla/src/G4AblaRandom.cc.o
[ 50%] Building CXX object source/CMakeFiles/G4processes-static.dir/processes/hadronic/models/abla/src/G4AblaDataFile.cc.o
[ 50%] Building CXX object source/CMakeFiles/G4processes-static.dir/processes/hadronic/models/abla/src/G4AblaInterface.cc.o
[ 50%] Building CXX object source/CMakeFiles/G4processes-static.dir/processes/hadronic/models/abrasion/src/G4NuclearAbrasionGeometry.cc.o
[ 50%] Building CXX object source/CMakeFiles/G4processes-static.dir/processes/hadronic/models/abrasion/src/G4WilsonAbrasionModel.cc.o
[ 50%] Building CXX object source/CMakeFiles/G4processes-static.dir/processes/hadronic/models/binary_cascade/src/G4Absorber.cc.o
[ 50%] Building CXX object source/CMakeFiles/G4processes-static.dir/processes/hadronic/models/binary_cascade/src/G4AntiProtonField.cc.o
[ 50%] Building CXX object source/CMakeFiles/G4processes-static.dir/processes/hadronic/models/binary_cascade/src/G4BinaryCascade.cc.o
[ 50%] Building CXX object source/CMakeFiles/G4processes-static.dir/processes/hadronic/models/binary_cascade/src/G4BinaryLightIonReaction.cc.o
[ 50%] Building CXX object source/CMakeFiles/G4processes-static.dir/processes/hadronic/models/binary_cascade/src/G4FieldPropagation.cc.o
[ 50%] Building CXX object source/CMakeFiles/G4processes-static.dir/processes/hadronic/models/binary_cascade/src/G4GeneratorPrecompoundInterface.cc.o
[ 50%] Building CXX object source/CMakeFiles/G4processes-static.dir/processes/hadronic/models/binary_cascade/src/G4KM_NucleonEqRhs.cc.o
[ 50%] Building CXX object source/CMakeFiles/G4processes-static.dir/processes/hadronic/models/binary_cascade/src/G4KM_OpticalEqRhs.cc.o
[ 50%] Building CXX object source/CMakeFiles/G4processes-static.dir/processes/hadronic/models/binary_cascade/src/G4KaonMinusField.cc.o
[ 50%] Building CXX object source/CMakeFiles/G4processes-static.dir/processes/hadronic/models/binary_cascade/src/G4KaonPlusField.cc.o
[ 50%] Building CXX object source/CMakeFiles/G4processes-static.dir/processes/hadronic/models/binary_cascade/src/G4KaonZeroField.cc.o
[ 50%] Building CXX object source/CMakeFiles/G4processes-static.dir/processes/hadronic/models/binary_cascade/src/G4NeutronField.cc.o
[ 50%] Building CXX object source/CMakeFiles/G4processes-static.dir/processes/hadronic/models/binary_cascade/src/G4PionMinusField.cc.o
[ 50%] Building CXX object source/CMakeFiles/G4processes-static.dir/processes/hadronic/models/binary_cascade/src/G4PionPlusField.cc.o
[ 50%] Building CXX object source/CMakeFiles/G4processes-static.dir/processes/hadronic/models/binary_cascade/src/G4PionZeroField.cc.o
[ 50%] Building CXX object source/CMakeFiles/G4processes-static.dir/processes/hadronic/models/binary_cascade/src/G4ProtonField.cc.o
[ 50%] Building CXX object source/CMakeFiles/G4processes-static.dir/processes/hadronic/models/binary_cascade/src/G4RKFieldIntegrator.cc.o
[ 51%] Building CXX object source/CMakeFiles/G4processes-static.dir/processes/hadronic/models/binary_cascade/src/G4RKPropagation.cc.o
[ 51%] Building CXX object source/CMakeFiles/G4processes-static.dir/processes/hadronic/models/binary_cascade/src/G4SigmaMinusField.cc.o
[ 51%] Building CXX object source/CMakeFiles/G4processes-static.dir/processes/hadronic/models/binary_cascade/src/G4SigmaPlusField.cc.o
[ 51%] Building CXX object source/CMakeFiles/G4processes-static.dir/processes/hadronic/models/binary_cascade/src/G4SigmaZeroField.cc.o
[ 51%] Building CXX object source/CMakeFiles/G4processes-static.dir/processes/hadronic/models/binary_cascade/src/G4VFieldPropagation.cc.o
[ 51%] Building CXX object source/CMakeFiles/G4processes-static.dir/processes/hadronic/models/binary_cascade/src/G4VNuclearField.cc.o
[ 51%] Building CXX object source/CMakeFiles/G4processes-static.dir/processes/hadronic/models/cascade/cascade/src/G4AblaDeexcitation.cc.o
[ 51%] Building CXX object source/CMakeFiles/G4processes-static.dir/processes/hadronic/models/cascade/cascade/src/G4Analyser.cc.o
[ 51%] Building CXX object source/CMakeFiles/G4processes-static.dir/processes/hadronic/models/cascade/cascade/src/G4BigBanger.cc.o
[ 51%] Building CXX object source/CMakeFiles/G4processes-static.dir/processes/hadronic/models/cascade/cascade/src/G4CascadParticle.cc.o
[ 51%] Building CXX object source/CMakeFiles/G4processes-static.dir/processes/hadronic/models/cascade/cascade/src/G4CascadeChannel.cc.o
[ 51%] Building CXX object source/CMakeFiles/G4processes-static.dir/processes/hadronic/models/cascade/cascade/src/G4CascadeChannelTables.cc.o
[ 51%] Building CXX object source/CMakeFiles/G4processes-static.dir/processes/hadronic/models/cascade/cascade/src/G4CascadeCheckBalance.cc.o
[ 51%] Building CXX object source/CMakeFiles/G4processes-static.dir/processes/hadronic/models/cascade/cascade/src/G4CascadeCoalescence.cc.o
[ 51%] Building CXX object source/CMakeFiles/G4processes-static.dir/processes/hadronic/models/cascade/cascade/src/G4CascadeColliderBase.cc.o
[ 51%] Building CXX object source/CMakeFiles/G4processes-static.dir/processes/hadronic/models/cascade/cascade/src/G4CascadeDeexciteBase.cc.o
[ 51%] Building CXX object source/CMakeFiles/G4processes-static.dir/processes/hadronic/models/cascade/cascade/src/G4CascadeDeexcitation.cc.o
[ 51%] Building CXX object source/CMakeFiles/G4processes-static.dir/processes/hadronic/models/cascade/cascade/src/G4CascadeFinalStateAlgorithm.cc.o
[ 51%] Building CXX object source/CMakeFiles/G4processes-static.dir/processes/hadronic/models/cascade/cascade/src/G4CascadeFinalStateGenerator.cc.o
[ 51%] Building CXX object source/CMakeFiles/G4processes-static.dir/processes/hadronic/models/cascade/cascade/src/G4CascadeHistory.cc.o
[ 51%] Building CXX object source/CMakeFiles/G4processes-static.dir/processes/hadronic/models/cascade/cascade/src/G4CascadeInterface.cc.o
[ 51%] Building CXX object source/CMakeFiles/G4processes-static.dir/processes/hadronic/models/cascade/cascade/src/G4CascadeKminusNChannel.cc.o
[ 51%] Building CXX object source/CMakeFiles/G4processes-static.dir/processes/hadronic/models/cascade/cascade/src/G4CascadeKminusPChannel.cc.o
[ 51%] Building CXX object source/CMakeFiles/G4processes-static.dir/processes/hadronic/models/cascade/cascade/src/G4CascadeKplusNChannel.cc.o
[ 51%] Building CXX object source/CMakeFiles/G4processes-static.dir/processes/hadronic/models/cascade/cascade/src/G4CascadeKplusPChannel.cc.o
[ 51%] Building CXX object source/CMakeFiles/G4processes-static.dir/processes/hadronic/models/cascade/cascade/src/G4CascadeKzeroBarNChannel.cc.o
[ 51%] Building CXX object source/CMakeFiles/G4processes-static.dir/processes/hadronic/models/cascade/cascade/src/G4CascadeKzeroBarPChannel.cc.o
[ 51%] Building CXX object source/CMakeFiles/G4processes-static.dir/processes/hadronic/models/cascade/cascade/src/G4CascadeKzeroNChannel.cc.o
[ 51%] Building CXX object source/CMakeFiles/G4processes-static.dir/processes/hadronic/models/cascade/cascade/src/G4CascadeKzeroPChannel.cc.o
[ 51%] Building CXX object source/CMakeFiles/G4processes-static.dir/processes/hadronic/models/cascade/cascade/src/G4CascadeLambdaNChannel.cc.o
[ 51%] Building CXX object source/CMakeFiles/G4processes-static.dir/processes/hadronic/models/cascade/cascade/src/G4CascadeLambdaPChannel.cc.o
[ 52%] Building CXX object source/CMakeFiles/G4processes-static.dir/processes/hadronic/models/cascade/cascade/src/G4CascadeMuMinusPChannel.cc.o
[ 52%] Building CXX object source/CMakeFiles/G4processes-static.dir/processes/hadronic/models/cascade/cascade/src/G4CascadeNNChannel.cc.o
[ 52%] Building CXX object source/CMakeFiles/G4processes-static.dir/processes/hadronic/models/cascade/cascade/src/G4CascadeNPChannel.cc.o
[ 52%] Building CXX object source/CMakeFiles/G4processes-static.dir/processes/hadronic/models/cascade/cascade/src/G4CascadeOmegaMinusNChannel.cc.o
[ 52%] Building CXX object source/CMakeFiles/G4processes-static.dir/processes/hadronic/models/cascade/cascade/src/G4CascadeOmegaMinusPChannel.cc.o
[ 52%] Building CXX object source/CMakeFiles/G4processes-static.dir/processes/hadronic/models/cascade/cascade/src/G4CascadePPChannel.cc.o
[ 52%] Building CXX object source/CMakeFiles/G4processes-static.dir/processes/hadronic/models/cascade/cascade/src/G4CascadeParamMessenger.cc.o
[ 52%] Building CXX object source/CMakeFiles/G4processes-static.dir/processes/hadronic/models/cascade/cascade/src/G4CascadeParameters.cc.o
[ 52%] Building CXX object source/CMakeFiles/G4processes-static.dir/processes/hadronic/models/cascade/cascade/src/G4CascadeRecoilMaker.cc.o
[ 52%] Building CXX object source/CMakeFiles/G4processes-static.dir/processes/hadronic/models/cascade/cascade/src/G4CascadeSigmaMinusNChannel.cc.o
[ 52%] Building CXX object source/CMakeFiles/G4processes-static.dir/processes/hadronic/models/cascade/cascade/src/G4CascadeSigmaMinusPChannel.cc.o
[ 52%] Building CXX object source/CMakeFiles/G4processes-static.dir/processes/hadronic/models/cascade/cascade/src/G4CascadeSigmaPlusNChannel.cc.o
[ 52%] Building CXX object source/CMakeFiles/G4processes-static.dir/processes/hadronic/models/cascade/cascade/src/G4CascadeSigmaPlusPChannel.cc.o
[ 52%] Building CXX object source/CMakeFiles/G4processes-static.dir/processes/hadronic/models/cascade/cascade/src/G4CascadeSigmaZeroNChannel.cc.o
[ 52%] Building CXX object source/CMakeFiles/G4processes-static.dir/processes/hadronic/models/cascade/cascade/src/G4CascadeSigmaZeroPChannel.cc.o
[ 52%] Building CXX object source/CMakeFiles/G4processes-static.dir/processes/hadronic/models/cascade/cascade/src/G4CascadeT11pizNChannel.cc.o
[ 52%] Building CXX object source/CMakeFiles/G4processes-static.dir/processes/hadronic/models/cascade/cascade/src/G4CascadeT1GamNChannel.cc.o
[ 52%] Building CXX object source/CMakeFiles/G4processes-static.dir/processes/hadronic/models/cascade/cascade/src/G4CascadeT31piNChannel.cc.o
[ 52%] Building CXX object source/CMakeFiles/G4processes-static.dir/processes/hadronic/models/cascade/cascade/src/G4CascadeT33piNChannel.cc.o
[ 52%] Building CXX object source/CMakeFiles/G4processes-static.dir/processes/hadronic/models/cascade/cascade/src/G4CascadeXiMinusNChannel.cc.o
[ 52%] Building CXX object source/CMakeFiles/G4processes-static.dir/processes/hadronic/models/cascade/cascade/src/G4CascadeXiMinusPChannel.cc.o
[ 52%] Building CXX object source/CMakeFiles/G4processes-static.dir/processes/hadronic/models/cascade/cascade/src/G4CascadeXiZeroNChannel.cc.o
[ 52%] Building CXX object source/CMakeFiles/G4processes-static.dir/processes/hadronic/models/cascade/cascade/src/G4CascadeXiZeroPChannel.cc.o
[ 52%] Building CXX object source/CMakeFiles/G4processes-static.dir/processes/hadronic/models/cascade/cascade/src/G4CollisionOutput.cc.o
[ 52%] Building CXX object source/CMakeFiles/G4processes-static.dir/processes/hadronic/models/cascade/cascade/src/G4Dineutron.cc.o
[ 52%] Building CXX object source/CMakeFiles/G4processes-static.dir/processes/hadronic/models/cascade/cascade/src/G4Diproton.cc.o
[ 52%] Building CXX object source/CMakeFiles/G4processes-static.dir/processes/hadronic/models/cascade/cascade/src/G4ElementaryParticleCollider.cc.o
[ 52%] Building CXX object source/CMakeFiles/G4processes-static.dir/processes/hadronic/models/cascade/cascade/src/G4EquilibriumEvaporator.cc.o
[ 52%] Building CXX object source/CMakeFiles/G4processes-static.dir/processes/hadronic/models/cascade/cascade/src/G4EvaporationInuclCollider.cc.o
[ 52%] Building CXX object source/CMakeFiles/G4processes-static.dir/processes/hadronic/models/cascade/cascade/src/G4ExitonConfiguration.cc.o
[ 52%] Building CXX object source/CMakeFiles/G4processes-static.dir/processes/hadronic/models/cascade/cascade/src/G4FissionConfiguration.cc.o
[ 52%] Building CXX object source/CMakeFiles/G4processes-static.dir/processes/hadronic/models/cascade/cascade/src/G4FissionStore.cc.o
[ 53%] Building CXX object source/CMakeFiles/G4processes-static.dir/processes/hadronic/models/cascade/cascade/src/G4Fissioner.cc.o
[ 53%] Building CXX object source/CMakeFiles/G4processes-static.dir/processes/hadronic/models/cascade/cascade/src/G4GamP2NPipAngDst.cc.o
[ 53%] Building CXX object source/CMakeFiles/G4processes-static.dir/processes/hadronic/models/cascade/cascade/src/G4GamP2PPi0AngDst.cc.o
[ 53%] Building CXX object source/CMakeFiles/G4processes-static.dir/processes/hadronic/models/cascade/cascade/src/G4GammaNuclAngDst.cc.o
[ 53%] Building CXX object source/CMakeFiles/G4processes-static.dir/processes/hadronic/models/cascade/cascade/src/G4GDecay3.cc.o
[ 53%] Building CXX object source/CMakeFiles/G4processes-static.dir/processes/hadronic/models/cascade/cascade/src/G4HadNElastic1AngDst.cc.o
[ 53%] Building CXX object source/CMakeFiles/G4processes-static.dir/processes/hadronic/models/cascade/cascade/src/G4HadNElastic2AngDst.cc.o
[ 53%] Building CXX object source/CMakeFiles/G4processes-static.dir/processes/hadronic/models/cascade/cascade/src/G4HadNucl3BodyAngDst.cc.o
[ 53%] Building CXX object source/CMakeFiles/G4processes-static.dir/processes/hadronic/models/cascade/cascade/src/G4HadNucl3BodyMomDst.cc.o
[ 53%] Building CXX object source/CMakeFiles/G4processes-static.dir/processes/hadronic/models/cascade/cascade/src/G4HadNucl4BodyMomDst.cc.o
[ 53%] Building CXX object source/CMakeFiles/G4processes-static.dir/processes/hadronic/models/cascade/cascade/src/G4HyperonSampler.cc.o
[ 53%] Building CXX object source/CMakeFiles/G4processes-static.dir/processes/hadronic/models/cascade/cascade/src/G4InteractionCase.cc.o
[ 53%] Building CXX object source/CMakeFiles/G4processes-static.dir/processes/hadronic/models/cascade/cascade/src/G4IntraNucleiCascader.cc.o
[ 53%] Building CXX object source/CMakeFiles/G4processes-static.dir/processes/hadronic/models/cascade/cascade/src/G4InuclCollider.cc.o
[ 53%] Building CXX object source/CMakeFiles/G4processes-static.dir/processes/hadronic/models/cascade/cascade/src/G4InuclElementaryParticle.cc.o
[ 53%] Building CXX object source/CMakeFiles/G4processes-static.dir/processes/hadronic/models/cascade/cascade/src/G4LightTargetCollider.cc.o
[ 53%] Building CXX object source/CMakeFiles/G4processes-static.dir/processes/hadronic/models/cascade/cascade/src/G4InuclEvaporation.cc.o
[ 53%] Building CXX object source/CMakeFiles/G4processes-static.dir/processes/hadronic/models/cascade/cascade/src/G4InuclNuclei.cc.o
[ 53%] Building CXX object source/CMakeFiles/G4processes-static.dir/processes/hadronic/models/cascade/cascade/src/G4InuclParamAngDst.cc.o
[ 53%] Building CXX object source/CMakeFiles/G4processes-static.dir/processes/hadronic/models/cascade/cascade/src/G4InuclParamMomDst.cc.o
[ 53%] Building CXX object source/CMakeFiles/G4processes-static.dir/processes/hadronic/models/cascade/cascade/src/G4InuclParticle.cc.o
[ 53%] Building CXX object source/CMakeFiles/G4processes-static.dir/processes/hadronic/models/cascade/cascade/src/G4InuclParticleNames.cc.o
[ 53%] Building CXX object source/CMakeFiles/G4processes-static.dir/processes/hadronic/models/cascade/cascade/src/G4InuclSpecialFunctions.cc.o
[ 53%] Building CXX object source/CMakeFiles/G4processes-static.dir/processes/hadronic/models/cascade/cascade/src/G4KaonSampler.cc.o
[ 53%] Building CXX object source/CMakeFiles/G4processes-static.dir/processes/hadronic/models/cascade/cascade/src/G4KaonHypSampler.cc.o
[ 53%] Building CXX object source/CMakeFiles/G4processes-static.dir/processes/hadronic/models/cascade/cascade/src/G4LorentzConvertor.cc.o
[ 53%] Building CXX object source/CMakeFiles/G4processes-static.dir/processes/hadronic/models/cascade/cascade/src/G4MultiBodyMomentumDist.cc.o
[ 53%] Building CXX object source/CMakeFiles/G4processes-static.dir/processes/hadronic/models/cascade/cascade/src/G4NP2NPAngDst.cc.o
[ 53%] Building CXX object source/CMakeFiles/G4processes-static.dir/processes/hadronic/models/cascade/cascade/src/G4NonEquilibriumEvaporator.cc.o
[ 53%] Building CXX object source/CMakeFiles/G4processes-static.dir/processes/hadronic/models/cascade/cascade/src/G4NuclNucl3BodyAngDst.cc.o
[ 53%] Building CXX object source/CMakeFiles/G4processes-static.dir/processes/hadronic/models/cascade/cascade/src/G4NuclNucl3BodyMomDst.cc.o
[ 53%] Building CXX object source/CMakeFiles/G4processes-static.dir/processes/hadronic/models/cascade/cascade/src/G4NuclNucl4BodyMomDst.cc.o
[ 54%] Building CXX object source/CMakeFiles/G4processes-static.dir/processes/hadronic/models/cascade/cascade/src/G4NuclNuclAngDst.cc.o
[ 54%] Building CXX object source/CMakeFiles/G4processes-static.dir/processes/hadronic/models/cascade/cascade/src/G4NuclWatcher.cc.o
[ 54%] Building CXX object source/CMakeFiles/G4processes-static.dir/processes/hadronic/models/cascade/cascade/src/G4NucleiModel.cc.o
[ 54%] Building CXX object source/CMakeFiles/G4processes-static.dir/processes/hadronic/models/cascade/cascade/src/G4Pi0P2Pi0PAngDst.cc.o
[ 54%] Building CXX object source/CMakeFiles/G4processes-static.dir/processes/hadronic/models/cascade/cascade/src/G4PiNInelasticAngDst.cc.o
[ 54%] Building CXX object source/CMakeFiles/G4processes-static.dir/processes/hadronic/models/cascade/cascade/src/G4PimP2Pi0NAngDst.cc.o
[ 54%] Building CXX object source/CMakeFiles/G4processes-static.dir/processes/hadronic/models/cascade/cascade/src/G4PimP2PimPAngDst.cc.o
[ 54%] Building CXX object source/CMakeFiles/G4processes-static.dir/processes/hadronic/models/cascade/cascade/src/G4PipP2PipPAngDst.cc.o
[ 54%] Building CXX object source/CMakeFiles/G4processes-static.dir/processes/hadronic/models/cascade/cascade/src/G4PionNucSampler.cc.o
[ 54%] Building CXX object source/CMakeFiles/G4processes-static.dir/processes/hadronic/models/cascade/cascade/src/G4PP2PPAngDst.cc.o
[ 54%] Building CXX object source/CMakeFiles/G4processes-static.dir/processes/hadronic/models/cascade/cascade/src/G4PreCompoundDeexcitation.cc.o
[ 54%] Building CXX object source/CMakeFiles/G4processes-static.dir/processes/hadronic/models/cascade/cascade/src/G4TwoBodyAngularDist.cc.o
[ 54%] Building CXX object source/CMakeFiles/G4processes-static.dir/processes/hadronic/models/cascade/cascade/src/G4UnboundPN.cc.o
[ 54%] Building CXX object source/CMakeFiles/G4processes-static.dir/processes/hadronic/models/cascade/cascade/src/G4VCascadeCollider.cc.o
[ 54%] Building CXX object source/CMakeFiles/G4processes-static.dir/processes/hadronic/models/cascade/cascade/src/G4VCascadeDeexcitation.cc.o
[ 54%] Building CXX object source/CMakeFiles/G4processes-static.dir/processes/hadronic/models/cascade/cascade/src/G4VMultiBodyMomDst.cc.o
[ 54%] Building CXX object source/CMakeFiles/G4processes-static.dir/processes/hadronic/models/cascade/cascade/src/G4VTwoBodyAngDst.cc.o
[ 54%] Building CXX object source/CMakeFiles/G4processes-static.dir/processes/hadronic/models/cascade/cascade/src/G4WatcherGun.cc.o
[ 54%] Building CXX object source/CMakeFiles/G4processes-static.dir/processes/hadronic/models/cascade/cascade/src/bindingEnergy.cc.o
[ 54%] Building CXX object source/CMakeFiles/G4processes-static.dir/processes/hadronic/models/cascade/cascade/src/bindingEnergyAsymptotic.cc.o
[ 54%] Building CXX object source/CMakeFiles/G4processes-static.dir/processes/hadronic/models/cascade/cascade/src/nucleiLevelDensity.cc.o
[ 54%] Building CXX object source/CMakeFiles/G4processes-static.dir/processes/hadronic/models/cascade/cascade/src/paraMaker.cc.o
[ 54%] Building CXX object source/CMakeFiles/G4processes-static.dir/processes/hadronic/models/coherent_elastic/src/G4AntiNuclElastic.cc.o
[ 54%] Building CXX object source/CMakeFiles/G4processes-static.dir/processes/hadronic/models/coherent_elastic/src/G4ChipsElasticModel.cc.o
[ 54%] Building CXX object source/CMakeFiles/G4processes-static.dir/processes/hadronic/models/coherent_elastic/src/G4ChargeExchange.cc.o
[ 54%] Building CXX object source/CMakeFiles/G4processes-static.dir/processes/hadronic/models/coherent_elastic/src/G4ChargeExchangeProcess.cc.o
[ 54%] Building CXX object source/CMakeFiles/G4processes-static.dir/processes/hadronic/models/coherent_elastic/src/G4DiffuseElastic.cc.o
[ 54%] Building CXX object source/CMakeFiles/G4processes-static.dir/processes/hadronic/models/coherent_elastic/src/G4DiffuseElasticV2.cc.o
[ 54%] Building CXX object source/CMakeFiles/G4processes-static.dir/processes/hadronic/models/coherent_elastic/src/G4ElasticHadrNucleusHE.cc.o
[ 54%] Building CXX object source/CMakeFiles/G4processes-static.dir/processes/hadronic/models/coherent_elastic/src/G4HadronElastic.cc.o
[ 54%] Building CXX object source/CMakeFiles/G4processes-static.dir/processes/hadronic/models/coherent_elastic/src/G4LEHadronProtonElastic.cc.o
[ 55%] Building CXX object source/CMakeFiles/G4processes-static.dir/processes/hadronic/models/coherent_elastic/src/G4LowEHadronElastic.cc.o
[ 55%] Building CXX object source/CMakeFiles/G4processes-static.dir/processes/hadronic/models/coherent_elastic/src/G4hhElastic.cc.o
[ 55%] Building CXX object source/CMakeFiles/G4processes-static.dir/processes/hadronic/models/coherent_elastic/src/G4LEnp.cc.o
[ 55%] Building CXX object source/CMakeFiles/G4processes-static.dir/processes/hadronic/models/coherent_elastic/src/G4LEpp.cc.o
[ 55%] Building CXX object source/CMakeFiles/G4processes-static.dir/processes/hadronic/models/coherent_elastic/src/G4LMsdGenerator.cc.o
[ 55%] Building CXX object source/CMakeFiles/G4processes-static.dir/processes/hadronic/models/coherent_elastic/src/G4NeutrinoElectronNcModel.cc.o
[ 55%] Building CXX object source/CMakeFiles/G4processes-static.dir/processes/hadronic/models/coherent_elastic/src/G4NeutronElectronElModel.cc.o
[ 55%] Building CXX object source/CMakeFiles/G4processes-static.dir/processes/hadronic/models/coherent_elastic/src/G4NuclNuclDiffuseElastic.cc.o
[ 55%] Building CXX object source/CMakeFiles/G4processes-static.dir/processes/hadronic/models/de_excitation/ablation/src/G4WilsonAblationModel.cc.o
[ 55%] Building CXX object source/CMakeFiles/G4processes-static.dir/processes/hadronic/models/de_excitation/evaporation/src/G4AlphaEvaporationChannel.cc.o
[ 55%] Building CXX object source/CMakeFiles/G4processes-static.dir/processes/hadronic/models/de_excitation/evaporation/src/G4AlphaEvaporationProbability.cc.o
[ 55%] Building CXX object source/CMakeFiles/G4processes-static.dir/processes/hadronic/models/de_excitation/evaporation/src/G4DeuteronEvaporationChannel.cc.o
[ 55%] Building CXX object source/CMakeFiles/G4processes-static.dir/processes/hadronic/models/de_excitation/evaporation/src/G4DeuteronEvaporationProbability.cc.o
[ 55%] Building CXX object source/CMakeFiles/G4processes-static.dir/processes/hadronic/models/de_excitation/evaporation/src/G4Evaporation.cc.o
[ 55%] Building CXX object source/CMakeFiles/G4processes-static.dir/processes/hadronic/models/de_excitation/evaporation/src/G4EvaporationChannel.cc.o
[ 55%] Building CXX object source/CMakeFiles/G4processes-static.dir/processes/hadronic/models/de_excitation/evaporation/src/G4EvaporationDefaultGEMFactory.cc.o
[ 55%] Building CXX object source/CMakeFiles/G4processes-static.dir/processes/hadronic/models/de_excitation/evaporation/src/G4EvaporationFactory.cc.o
[ 55%] Building CXX object source/CMakeFiles/G4processes-static.dir/processes/hadronic/models/de_excitation/evaporation/src/G4EvaporationProbability.cc.o
[ 55%] Building CXX object source/CMakeFiles/G4processes-static.dir/processes/hadronic/models/de_excitation/evaporation/src/G4He3EvaporationChannel.cc.o
[ 55%] Building CXX object source/CMakeFiles/G4processes-static.dir/processes/hadronic/models/de_excitation/evaporation/src/G4He3EvaporationProbability.cc.o
[ 55%] Building CXX object source/CMakeFiles/G4processes-static.dir/processes/hadronic/models/de_excitation/evaporation/src/G4NeutronEvaporationChannel.cc.o
[ 55%] Building CXX object source/CMakeFiles/G4processes-static.dir/processes/hadronic/models/de_excitation/evaporation/src/G4NeutronEvaporationProbability.cc.o
[ 55%] Building CXX object source/CMakeFiles/G4processes-static.dir/processes/hadronic/models/de_excitation/evaporation/src/G4ProtonEvaporationChannel.cc.o
[ 55%] Building CXX object source/CMakeFiles/G4processes-static.dir/processes/hadronic/models/de_excitation/evaporation/src/G4ProtonEvaporationProbability.cc.o
[ 55%] Building CXX object source/CMakeFiles/G4processes-static.dir/processes/hadronic/models/de_excitation/evaporation/src/G4TritonEvaporationChannel.cc.o
[ 55%] Building CXX object source/CMakeFiles/G4processes-static.dir/processes/hadronic/models/de_excitation/evaporation/src/G4TritonEvaporationProbability.cc.o
[ 55%] Building CXX object source/CMakeFiles/G4processes-static.dir/processes/hadronic/models/de_excitation/evaporation/src/G4UnstableFragmentBreakUp.cc.o
[ 55%] Building CXX object source/CMakeFiles/G4processes-static.dir/processes/hadronic/models/de_excitation/evaporation/src/G4VEvaporation.cc.o
[ 55%] Building CXX object source/CMakeFiles/G4processes-static.dir/processes/hadronic/models/de_excitation/fermi_breakup/src/G4FermiBreakUpUtil.cc.o
[ 55%] Building CXX object source/CMakeFiles/G4processes-static.dir/processes/hadronic/models/de_excitation/fermi_breakup/src/G4FermiBreakUpVI.cc.o
[ 55%] Building CXX object source/CMakeFiles/G4processes-static.dir/processes/hadronic/models/de_excitation/fermi_breakup/src/G4FermiFragment.cc.o
[ 55%] Building CXX object source/CMakeFiles/G4processes-static.dir/processes/hadronic/models/de_excitation/fermi_breakup/src/G4FermiFragmentsPoolVI.cc.o
[ 56%] Building CXX object source/CMakeFiles/G4processes-static.dir/processes/hadronic/models/de_excitation/fermi_breakup/src/G4FermiPair.cc.o
[ 56%] Building CXX object source/CMakeFiles/G4processes-static.dir/processes/hadronic/models/de_excitation/fermi_breakup/src/G4FermiPhaseSpaceDecay.cc.o
[ 56%] Building CXX object source/CMakeFiles/G4processes-static.dir/processes/hadronic/models/de_excitation/fission/src/G4CompetitiveFission.cc.o
[ 56%] Building CXX object source/CMakeFiles/G4processes-static.dir/processes/hadronic/models/de_excitation/fission/src/G4EvaporationLevelDensityParameter.cc.o
[ 56%] Building CXX object source/CMakeFiles/G4processes-static.dir/processes/hadronic/models/de_excitation/fission/src/G4FissionBarrier.cc.o
[ 56%] Building CXX object source/CMakeFiles/G4processes-static.dir/processes/hadronic/models/de_excitation/fission/src/G4FissionLevelDensityParameter.cc.o
[ 56%] Building CXX object source/CMakeFiles/G4processes-static.dir/processes/hadronic/models/de_excitation/fission/src/G4FissionLevelDensityParameterINCLXX.cc.o
[ 56%] Building CXX object source/CMakeFiles/G4processes-static.dir/processes/hadronic/models/de_excitation/fission/src/G4FissionParameters.cc.o
[ 56%] Building CXX object source/CMakeFiles/G4processes-static.dir/processes/hadronic/models/de_excitation/fission/src/G4FissionProbability.cc.o
[ 56%] Building CXX object source/CMakeFiles/G4processes-static.dir/processes/hadronic/models/de_excitation/fission/src/G4VFissionBarrier.cc.o
[ 56%] Building CXX object source/CMakeFiles/G4processes-static.dir/processes/hadronic/models/de_excitation/gem_evaporation/src/G4AlphaGEMChannel.cc.o
[ 56%] Building CXX object source/CMakeFiles/G4processes-static.dir/processes/hadronic/models/de_excitation/gem_evaporation/src/G4ProtonGEMChannel.cc.o
[ 56%] Building CXX object source/CMakeFiles/G4processes-static.dir/processes/hadronic/models/de_excitation/gem_evaporation/src/G4AlphaGEMProbability.cc.o
[ 56%] Building CXX object source/CMakeFiles/G4processes-static.dir/processes/hadronic/models/de_excitation/gem_evaporation/src/G4TritonGEMChannel.cc.o
[ 56%] Building CXX object source/CMakeFiles/G4processes-static.dir/processes/hadronic/models/de_excitation/gem_evaporation/src/G4B10GEMProbability.cc.o
[ 56%] Building CXX object source/CMakeFiles/G4processes-static.dir/processes/hadronic/models/de_excitation/gem_evaporation/src/G4B11GEMProbability.cc.o
[ 56%] Building CXX object source/CMakeFiles/G4processes-static.dir/processes/hadronic/models/de_excitation/gem_evaporation/src/G4B12GEMProbability.cc.o
[ 56%] Building CXX object source/CMakeFiles/G4processes-static.dir/processes/hadronic/models/de_excitation/gem_evaporation/src/G4B13GEMProbability.cc.o
[ 56%] Building CXX object source/CMakeFiles/G4processes-static.dir/processes/hadronic/models/de_excitation/gem_evaporation/src/G4B8GEMProbability.cc.o
[ 56%] Building CXX object source/CMakeFiles/G4processes-static.dir/processes/hadronic/models/de_excitation/gem_evaporation/src/G4Be10GEMProbability.cc.o
[ 56%] Building CXX object source/CMakeFiles/G4processes-static.dir/processes/hadronic/models/de_excitation/gem_evaporation/src/G4Be11GEMProbability.cc.o
[ 56%] Building CXX object source/CMakeFiles/G4processes-static.dir/processes/hadronic/models/de_excitation/gem_evaporation/src/G4Be12GEMProbability.cc.o
[ 56%] Building CXX object source/CMakeFiles/G4processes-static.dir/processes/hadronic/models/de_excitation/gem_evaporation/src/G4Be7GEMProbability.cc.o
[ 56%] Building CXX object source/CMakeFiles/G4processes-static.dir/processes/hadronic/models/de_excitation/gem_evaporation/src/G4Be9GEMProbability.cc.o
[ 56%] Building CXX object source/CMakeFiles/G4processes-static.dir/processes/hadronic/models/de_excitation/gem_evaporation/src/G4C10GEMProbability.cc.o
[ 56%] Building CXX object source/CMakeFiles/G4processes-static.dir/processes/hadronic/models/de_excitation/gem_evaporation/src/G4C11GEMProbability.cc.o
[ 56%] Building CXX object source/CMakeFiles/G4processes-static.dir/processes/hadronic/models/de_excitation/gem_evaporation/src/G4C12GEMProbability.cc.o
[ 56%] Building CXX object source/CMakeFiles/G4processes-static.dir/processes/hadronic/models/de_excitation/gem_evaporation/src/G4C13GEMProbability.cc.o
[ 56%] Building CXX object source/CMakeFiles/G4processes-static.dir/processes/hadronic/models/de_excitation/gem_evaporation/src/G4C14GEMProbability.cc.o
[ 56%] Building CXX object source/CMakeFiles/G4processes-static.dir/processes/hadronic/models/de_excitation/gem_evaporation/src/G4C15GEMProbability.cc.o
[ 56%] Building CXX object source/CMakeFiles/G4processes-static.dir/processes/hadronic/models/de_excitation/gem_evaporation/src/G4C16GEMProbability.cc.o
[ 56%] Building CXX object source/CMakeFiles/G4processes-static.dir/processes/hadronic/models/de_excitation/gem_evaporation/src/G4DeuteronGEMChannel.cc.o
[ 57%] Building CXX object source/CMakeFiles/G4processes-static.dir/processes/hadronic/models/de_excitation/gem_evaporation/src/G4DeuteronGEMProbability.cc.o
[ 57%] Building CXX object source/CMakeFiles/G4processes-static.dir/processes/hadronic/models/de_excitation/gem_evaporation/src/G4EvaporationGEMFactory.cc.o
[ 57%] Building CXX object source/CMakeFiles/G4processes-static.dir/processes/hadronic/models/de_excitation/gem_evaporation/src/G4EvaporationGEMFactoryVI.cc.o
[ 57%] Building CXX object source/CMakeFiles/G4processes-static.dir/processes/hadronic/models/de_excitation/gem_evaporation/src/G4F17GEMProbability.cc.o
[ 57%] Building CXX object source/CMakeFiles/G4processes-static.dir/processes/hadronic/models/de_excitation/gem_evaporation/src/G4F18GEMProbability.cc.o
[ 57%] Building CXX object source/CMakeFiles/G4processes-static.dir/processes/hadronic/models/de_excitation/gem_evaporation/src/G4F19GEMProbability.cc.o
[ 57%] Building CXX object source/CMakeFiles/G4processes-static.dir/processes/hadronic/models/de_excitation/gem_evaporation/src/G4F20GEMProbability.cc.o
[ 57%] Building CXX object source/CMakeFiles/G4processes-static.dir/processes/hadronic/models/de_excitation/gem_evaporation/src/G4F21GEMProbability.cc.o
[ 57%] Building CXX object source/CMakeFiles/G4processes-static.dir/processes/hadronic/models/de_excitation/gem_evaporation/src/G4GEMChannel.cc.o
[ 57%] Building CXX object source/CMakeFiles/G4processes-static.dir/processes/hadronic/models/de_excitation/gem_evaporation/src/G4GEMChannelVI.cc.o
[ 57%] Building CXX object source/CMakeFiles/G4processes-static.dir/processes/hadronic/models/de_excitation/gem_evaporation/src/G4GEMCoulombBarrier.cc.o
[ 57%] Building CXX object source/CMakeFiles/G4processes-static.dir/processes/hadronic/models/de_excitation/gem_evaporation/src/G4GEMProbability.cc.o
[ 57%] Building CXX object source/CMakeFiles/G4processes-static.dir/processes/hadronic/models/de_excitation/gem_evaporation/src/G4GEMProbabilityVI.cc.o
[ 57%] Building CXX object source/CMakeFiles/G4processes-static.dir/processes/hadronic/models/de_excitation/gem_evaporation/src/G4He3GEMChannel.cc.o
[ 57%] Building CXX object source/CMakeFiles/G4processes-static.dir/processes/hadronic/models/de_excitation/gem_evaporation/src/G4He3GEMProbability.cc.o
[ 57%] Building CXX object source/CMakeFiles/G4processes-static.dir/processes/hadronic/models/de_excitation/gem_evaporation/src/G4He6GEMProbability.cc.o
[ 57%] Building CXX object source/CMakeFiles/G4processes-static.dir/processes/hadronic/models/de_excitation/gem_evaporation/src/G4He8GEMProbability.cc.o
[ 57%] Building CXX object source/CMakeFiles/G4processes-static.dir/processes/hadronic/models/de_excitation/gem_evaporation/src/G4Li6GEMProbability.cc.o
[ 57%] Building CXX object source/CMakeFiles/G4processes-static.dir/processes/hadronic/models/de_excitation/gem_evaporation/src/G4Li7GEMProbability.cc.o
[ 57%] Building CXX object source/CMakeFiles/G4processes-static.dir/processes/hadronic/models/de_excitation/gem_evaporation/src/G4Li8GEMProbability.cc.o
[ 57%] Building CXX object source/CMakeFiles/G4processes-static.dir/processes/hadronic/models/de_excitation/gem_evaporation/src/G4Li9GEMProbability.cc.o
[ 57%] Building CXX object source/CMakeFiles/G4processes-static.dir/processes/hadronic/models/de_excitation/gem_evaporation/src/G4Mg22GEMProbability.cc.o
[ 57%] Building CXX object source/CMakeFiles/G4processes-static.dir/processes/hadronic/models/de_excitation/gem_evaporation/src/G4Mg23GEMProbability.cc.o
[ 57%] Building CXX object source/CMakeFiles/G4processes-static.dir/processes/hadronic/models/de_excitation/gem_evaporation/src/G4Mg24GEMProbability.cc.o
[ 57%] Building CXX object source/CMakeFiles/G4processes-static.dir/processes/hadronic/models/de_excitation/gem_evaporation/src/G4Mg25GEMProbability.cc.o
[ 57%] Building CXX object source/CMakeFiles/G4processes-static.dir/processes/hadronic/models/de_excitation/gem_evaporation/src/G4Mg26GEMProbability.cc.o
[ 57%] Building CXX object source/CMakeFiles/G4processes-static.dir/processes/hadronic/models/de_excitation/gem_evaporation/src/G4Mg27GEMProbability.cc.o
[ 57%] Building CXX object source/CMakeFiles/G4processes-static.dir/processes/hadronic/models/de_excitation/gem_evaporation/src/G4Mg28GEMProbability.cc.o
[ 57%] Building CXX object source/CMakeFiles/G4processes-static.dir/processes/hadronic/models/de_excitation/gem_evaporation/src/G4N12GEMProbability.cc.o
[ 57%] Building CXX object source/CMakeFiles/G4processes-static.dir/processes/hadronic/models/de_excitation/gem_evaporation/src/G4N13GEMProbability.cc.o
[ 57%] Building CXX object source/CMakeFiles/G4processes-static.dir/processes/hadronic/models/de_excitation/gem_evaporation/src/G4N14GEMProbability.cc.o
[ 58%] Building CXX object source/CMakeFiles/G4processes-static.dir/processes/hadronic/models/de_excitation/gem_evaporation/src/G4N15GEMProbability.cc.o
[ 58%] Building CXX object source/CMakeFiles/G4processes-static.dir/processes/hadronic/models/de_excitation/gem_evaporation/src/G4N16GEMProbability.cc.o
[ 58%] Building CXX object source/CMakeFiles/G4processes-static.dir/processes/hadronic/models/de_excitation/gem_evaporation/src/G4N17GEMProbability.cc.o
[ 58%] Building CXX object source/CMakeFiles/G4processes-static.dir/processes/hadronic/models/de_excitation/gem_evaporation/src/G4Na21GEMProbability.cc.o
[ 58%] Building CXX object source/CMakeFiles/G4processes-static.dir/processes/hadronic/models/de_excitation/gem_evaporation/src/G4Na22GEMProbability.cc.o
[ 58%] Building CXX object source/CMakeFiles/G4processes-static.dir/processes/hadronic/models/de_excitation/gem_evaporation/src/G4Na23GEMProbability.cc.o
[ 58%] Building CXX object source/CMakeFiles/G4processes-static.dir/processes/hadronic/models/de_excitation/gem_evaporation/src/G4Na24GEMProbability.cc.o
[ 58%] Building CXX object source/CMakeFiles/G4processes-static.dir/processes/hadronic/models/de_excitation/gem_evaporation/src/G4Na25GEMProbability.cc.o
[ 58%] Building CXX object source/CMakeFiles/G4processes-static.dir/processes/hadronic/models/de_excitation/gem_evaporation/src/G4Ne18GEMProbability.cc.o
[ 58%] Building CXX object source/CMakeFiles/G4processes-static.dir/processes/hadronic/models/de_excitation/gem_evaporation/src/G4Ne19GEMProbability.cc.o
[ 58%] Building CXX object source/CMakeFiles/G4processes-static.dir/processes/hadronic/models/de_excitation/gem_evaporation/src/G4Ne20GEMProbability.cc.o
[ 58%] Building CXX object source/CMakeFiles/G4processes-static.dir/processes/hadronic/models/de_excitation/gem_evaporation/src/G4Ne21GEMProbability.cc.o
[ 58%] Building CXX object source/CMakeFiles/G4processes-static.dir/processes/hadronic/models/de_excitation/gem_evaporation/src/G4Ne22GEMProbability.cc.o
[ 58%] Building CXX object source/CMakeFiles/G4processes-static.dir/processes/hadronic/models/de_excitation/gem_evaporation/src/G4Ne23GEMProbability.cc.o
[ 58%] Building CXX object source/CMakeFiles/G4processes-static.dir/processes/hadronic/models/de_excitation/gem_evaporation/src/G4Ne24GEMProbability.cc.o
[ 58%] Building CXX object source/CMakeFiles/G4processes-static.dir/processes/hadronic/models/de_excitation/gem_evaporation/src/G4NeutronGEMChannel.cc.o
[ 58%] Building CXX object source/CMakeFiles/G4processes-static.dir/processes/hadronic/models/de_excitation/gem_evaporation/src/G4NeutronGEMProbability.cc.o
[ 58%] Building CXX object source/CMakeFiles/G4processes-static.dir/processes/hadronic/models/de_excitation/gem_evaporation/src/G4O14GEMProbability.cc.o
[ 58%] Building CXX object source/CMakeFiles/G4processes-static.dir/processes/hadronic/models/de_excitation/gem_evaporation/src/G4O15GEMProbability.cc.o
[ 58%] Building CXX object source/CMakeFiles/G4processes-static.dir/processes/hadronic/models/de_excitation/gem_evaporation/src/G4O16GEMProbability.cc.o
[ 58%] Building CXX object source/CMakeFiles/G4processes-static.dir/processes/hadronic/models/de_excitation/gem_evaporation/src/G4O17GEMProbability.cc.o
[ 58%] Building CXX object source/CMakeFiles/G4processes-static.dir/processes/hadronic/models/de_excitation/gem_evaporation/src/G4O18GEMProbability.cc.o
[ 58%] Building CXX object source/CMakeFiles/G4processes-static.dir/processes/hadronic/models/de_excitation/gem_evaporation/src/G4O19GEMProbability.cc.o
[ 58%] Building CXX object source/CMakeFiles/G4processes-static.dir/processes/hadronic/models/de_excitation/gem_evaporation/src/G4O20GEMProbability.cc.o
[ 58%] Building CXX object source/CMakeFiles/G4processes-static.dir/processes/hadronic/models/de_excitation/gem_evaporation/src/G4ProtonGEMProbability.cc.o
[ 58%] Building CXX object source/CMakeFiles/G4processes-static.dir/processes/hadronic/models/de_excitation/gem_evaporation/src/G4TritonGEMProbability.cc.o
[ 58%] Building CXX object source/CMakeFiles/G4processes-static.dir/processes/hadronic/models/de_excitation/handler/src/G4ExcitationHandler.cc.o
[ 58%] Building CXX object source/CMakeFiles/G4processes-static.dir/processes/hadronic/models/de_excitation/management/src/G4DeexParametersMessenger.cc.o
[ 58%] Building CXX object source/CMakeFiles/G4processes-static.dir/processes/hadronic/models/de_excitation/management/src/G4DeexPrecoParameters.cc.o
[ 58%] Building CXX object source/CMakeFiles/G4processes-static.dir/processes/hadronic/models/de_excitation/management/src/G4LevelManager.cc.o
[ 58%] Building CXX object source/CMakeFiles/G4processes-static.dir/processes/hadronic/models/de_excitation/management/src/G4LevelReader.cc.o
[ 58%] Building CXX object source/CMakeFiles/G4processes-static.dir/processes/hadronic/models/de_excitation/management/src/G4NuclearLevelData.cc.o
[ 59%] Building CXX object source/CMakeFiles/G4processes-static.dir/processes/hadronic/models/de_excitation/management/src/G4NucLevel.cc.o
[ 59%] Building CXX object source/CMakeFiles/G4processes-static.dir/processes/hadronic/models/de_excitation/management/src/G4VEmissionProbability.cc.o
[ 59%] Building CXX object source/CMakeFiles/G4processes-static.dir/processes/hadronic/models/de_excitation/management/src/G4VEvaporationChannel.cc.o
[ 59%] Building CXX object source/CMakeFiles/G4processes-static.dir/processes/hadronic/models/de_excitation/multifragmentation/src/G4Solver.cc.o
[ 59%] Building CXX object source/CMakeFiles/G4processes-static.dir/processes/hadronic/models/de_excitation/multifragmentation/src/G4StatMF.cc.o
[ 59%] Building CXX object source/CMakeFiles/G4processes-static.dir/processes/hadronic/models/de_excitation/multifragmentation/src/G4StatMFChannel.cc.o
[ 59%] Building CXX object source/CMakeFiles/G4processes-static.dir/processes/hadronic/models/de_excitation/multifragmentation/src/G4StatMFFragment.cc.o
[ 59%] Building CXX object source/CMakeFiles/G4processes-static.dir/processes/hadronic/models/de_excitation/multifragmentation/src/G4StatMFMacroBiNucleon.cc.o
[ 59%] Building CXX object source/CMakeFiles/G4processes-static.dir/processes/hadronic/models/de_excitation/multifragmentation/src/G4StatMFMacroCanonical.cc.o
[ 59%] Building CXX object source/CMakeFiles/G4processes-static.dir/processes/hadronic/models/de_excitation/multifragmentation/src/G4StatMFMacroChemicalPotential.cc.o
[ 59%] Building CXX object source/CMakeFiles/G4processes-static.dir/processes/hadronic/models/de_excitation/multifragmentation/src/G4StatMFMacroMultiNucleon.cc.o
[ 59%] Building CXX object source/CMakeFiles/G4processes-static.dir/processes/hadronic/models/de_excitation/multifragmentation/src/G4StatMFMacroMultiplicity.cc.o
[ 59%] Building CXX object source/CMakeFiles/G4processes-static.dir/processes/hadronic/models/de_excitation/multifragmentation/src/G4StatMFMacroNucleon.cc.o
[ 59%] Building CXX object source/CMakeFiles/G4processes-static.dir/processes/hadronic/models/de_excitation/multifragmentation/src/G4StatMFMacroTemperature.cc.o
[ 59%] Building CXX object source/CMakeFiles/G4processes-static.dir/processes/hadronic/models/de_excitation/multifragmentation/src/G4StatMFMacroTetraNucleon.cc.o
[ 59%] Building CXX object source/CMakeFiles/G4processes-static.dir/processes/hadronic/models/de_excitation/multifragmentation/src/G4StatMFMacroTriNucleon.cc.o
[ 59%] Building CXX object source/CMakeFiles/G4processes-static.dir/processes/hadronic/models/de_excitation/multifragmentation/src/G4StatMFMicroCanonical.cc.o
[ 59%] Building CXX object source/CMakeFiles/G4processes-static.dir/processes/hadronic/models/de_excitation/multifragmentation/src/G4StatMFMicroManager.cc.o
[ 59%] Building CXX object source/CMakeFiles/G4processes-static.dir/processes/hadronic/models/de_excitation/multifragmentation/src/G4StatMFMicroPartition.cc.o
[ 59%] Building CXX object source/CMakeFiles/G4processes-static.dir/processes/hadronic/models/de_excitation/multifragmentation/src/G4StatMFParameters.cc.o
[ 59%] Building CXX object source/CMakeFiles/G4processes-static.dir/processes/hadronic/models/de_excitation/multifragmentation/src/G4VMultiFragmentation.cc.o
[ 59%] Building CXX object source/CMakeFiles/G4processes-static.dir/processes/hadronic/models/de_excitation/multifragmentation/src/G4VStatMFEnsemble.cc.o
[ 59%] Building CXX object source/CMakeFiles/G4processes-static.dir/processes/hadronic/models/de_excitation/multifragmentation/src/G4VStatMFMacroCluster.cc.o
[ 59%] Building CXX object source/CMakeFiles/G4processes-static.dir/processes/hadronic/models/de_excitation/photon_evaporation/src/G4GammaTransition.cc.o
[ 59%] Building CXX object source/CMakeFiles/G4processes-static.dir/processes/hadronic/models/de_excitation/photon_evaporation/src/G4NeutronRadCapture.cc.o
[ 59%] Building CXX object source/CMakeFiles/G4processes-static.dir/processes/hadronic/models/de_excitation/photon_evaporation/src/G4PhotonEvaporation.cc.o
[ 59%] Building CXX object source/CMakeFiles/G4processes-static.dir/processes/hadronic/models/de_excitation/photon_evaporation/src/G4PolarizationTransition.cc.o
[ 59%] Building CXX object source/CMakeFiles/G4processes-static.dir/processes/hadronic/models/de_excitation/util/src/G4CameronGilbertPairingCorrections.cc.o
[ 59%] Building CXX object source/CMakeFiles/G4processes-static.dir/processes/hadronic/models/de_excitation/util/src/G4CameronGilbertShellCorrections.cc.o
[ 59%] Building CXX object source/CMakeFiles/G4processes-static.dir/processes/hadronic/models/de_excitation/util/src/G4CameronShellPlusPairingCorrections.cc.o
[ 59%] Building CXX object source/CMakeFiles/G4processes-static.dir/processes/hadronic/models/de_excitation/util/src/G4CameronTruranHilfPairingCorrections.cc.o
[ 59%] Building CXX object source/CMakeFiles/G4processes-static.dir/processes/hadronic/models/de_excitation/util/src/G4CameronTruranHilfShellCorrections.cc.o
[ 60%] Building CXX object source/CMakeFiles/G4processes-static.dir/processes/hadronic/models/de_excitation/util/src/G4ChatterjeeCrossSection.cc.o
[ 60%] Building CXX object source/CMakeFiles/G4processes-static.dir/processes/hadronic/models/de_excitation/util/src/G4CookPairingCorrections.cc.o
[ 60%] Building CXX object source/CMakeFiles/G4processes-static.dir/processes/hadronic/models/de_excitation/util/src/G4CookShellCorrections.cc.o
[ 60%] Building CXX object source/CMakeFiles/G4processes-static.dir/processes/hadronic/models/de_excitation/util/src/G4CoulombBarrier.cc.o
[ 60%] Building CXX object source/CMakeFiles/G4processes-static.dir/processes/hadronic/models/de_excitation/util/src/G4KalbachCrossSection.cc.o
[ 60%] Building CXX object source/CMakeFiles/G4processes-static.dir/processes/hadronic/models/de_excitation/util/src/G4PairingCorrection.cc.o
[ 60%] Building CXX object source/CMakeFiles/G4processes-static.dir/processes/hadronic/models/de_excitation/util/src/G4ShellCorrection.cc.o
[ 60%] Building CXX object source/CMakeFiles/G4processes-static.dir/processes/hadronic/models/de_excitation/util/src/G4VCoulombBarrier.cc.o
[ 60%] Building CXX object source/CMakeFiles/G4processes-static.dir/processes/hadronic/models/de_excitation/util/src/G4XSectionXS.cc.o
[ 60%] Building CXX object source/CMakeFiles/G4processes-static.dir/processes/hadronic/models/em_dissociation/src/G4EMDissociation.cc.o
[ 60%] Building CXX object source/CMakeFiles/G4processes-static.dir/processes/hadronic/models/fission/src/G4FissLib.cc.o
[ 60%] Building CXX object source/CMakeFiles/G4processes-static.dir/processes/hadronic/models/fission/src/G4FissionLibrary.cc.o
[ 60%] Building CXX object source/CMakeFiles/G4processes-static.dir/processes/hadronic/models/fission/src/G4LFission.cc.o
[ 60%] Building CXX object source/CMakeFiles/G4processes-static.dir/processes/hadronic/models/fission/src/G4LLNLFission.cc.o
[ 60%] Building CXX object source/CMakeFiles/G4processes-static.dir/processes/hadronic/models/fission/src/G4SmpGEng.cc.o
[ 60%] Building CXX object source/CMakeFiles/G4processes-static.dir/processes/hadronic/models/fission/src/G4SmpIsoDir.cc.o
[ 60%] Building CXX object source/CMakeFiles/G4processes-static.dir/processes/hadronic/models/fission/src/G4SmpNEngCf252.cc.o
[ 60%] Building CXX object source/CMakeFiles/G4processes-static.dir/processes/hadronic/models/fission/src/G4SmpNVel.cc.o
[ 60%] Building CXX object source/CMakeFiles/G4processes-static.dir/processes/hadronic/models/fission/src/G4SmpNuDistDataPu239.cc.o
[ 60%] Building CXX object source/CMakeFiles/G4processes-static.dir/processes/hadronic/models/fission/src/G4SmpNuDistDataPu239_241.cc.o
[ 60%] Building CXX object source/CMakeFiles/G4processes-static.dir/processes/hadronic/models/fission/src/G4SmpNuDistDataPu239_241_MC.cc.o
[ 60%] Building CXX object source/CMakeFiles/G4processes-static.dir/processes/hadronic/models/fission/src/G4SmpNuDistDataU232_234_236_238.cc.o
[ 60%] Building CXX object source/CMakeFiles/G4processes-static.dir/processes/hadronic/models/fission/src/G4SmpNuDistDataU232_234_236_238_MC.cc.o
[ 60%] Building CXX object source/CMakeFiles/G4processes-static.dir/processes/hadronic/models/fission/src/G4SmpNuDistDataU233_235.cc.o
[ 60%] Building CXX object source/CMakeFiles/G4processes-static.dir/processes/hadronic/models/fission/src/G4SmpNuDistDataU233_235_MC.cc.o
[ 60%] Building CXX object source/CMakeFiles/G4processes-static.dir/processes/hadronic/models/fission/src/G4SmpNuDistDataU235.cc.o
[ 60%] Building CXX object source/CMakeFiles/G4processes-static.dir/processes/hadronic/models/fission/src/G4SmpNuDistDataU238.cc.o
[ 60%] Building CXX object source/CMakeFiles/G4processes-static.dir/processes/hadronic/models/fission/src/G4SmpNugDist.cc.o
[ 60%] Building CXX object source/CMakeFiles/G4processes-static.dir/processes/hadronic/models/fission/src/G4SmpPVel.cc.o
[ 60%] Building CXX object source/CMakeFiles/G4processes-static.dir/processes/hadronic/models/fission/src/G4SmpSpNuDistData.cc.o
[ 60%] Building CXX object source/CMakeFiles/G4processes-static.dir/processes/hadronic/models/fission/src/G4SmpSpNubarData.cc.o
[ 61%] Building CXX object source/CMakeFiles/G4processes-static.dir/processes/hadronic/models/fission/src/G4SmpSpNugDistData.cc.o
[ 61%] Building CXX object source/CMakeFiles/G4processes-static.dir/processes/hadronic/models/fission/src/G4SmpTerrell.cc.o
[ 61%] Building CXX object source/CMakeFiles/G4processes-static.dir/processes/hadronic/models/fission/src/G4SmpWatt.cc.o
[ 61%] Building CXX object source/CMakeFiles/G4processes-static.dir/processes/hadronic/models/fission/src/G4fissionEvent.cc.o
[ 61%] Building CXX object source/CMakeFiles/G4processes-static.dir/processes/hadronic/models/fission/src/G4fissionerr.cc.o
[ 61%] Building CXX object source/CMakeFiles/G4processes-static.dir/processes/hadronic/models/fission/src/G4rngc.cc.o
[ 61%] Building CXX object source/CMakeFiles/G4processes-static.dir/processes/hadronic/models/im_r_matrix/src/G4ResonanceNames.cc.o
[ 61%] Building CXX object source/CMakeFiles/G4processes-static.dir/processes/hadronic/models/im_r_matrix/src/G4AngularDistribution.cc.o
[ 61%] Building CXX object source/CMakeFiles/G4processes-static.dir/processes/hadronic/models/im_r_matrix/src/G4MesonAbsorption.cc.o
[ 61%] Building CXX object source/CMakeFiles/G4processes-static.dir/processes/hadronic/models/im_r_matrix/src/G4AngularDistributionNP.cc.o
[ 61%] Building CXX object source/CMakeFiles/G4processes-static.dir/processes/hadronic/models/im_r_matrix/src/G4Scatterer.cc.o
[ 61%] Building CXX object source/CMakeFiles/G4processes-static.dir/processes/hadronic/models/im_r_matrix/src/G4AngularDistributionPP.cc.o
[ 61%] Building CXX object source/CMakeFiles/G4processes-static.dir/processes/hadronic/models/im_r_matrix/src/G4XAqmTotal.cc.o
[ 61%] Building CXX object source/CMakeFiles/G4processes-static.dir/processes/hadronic/models/im_r_matrix/src/G4BaryonPartialWidth.cc.o
[ 61%] Building CXX object source/CMakeFiles/G4processes-static.dir/processes/hadronic/models/im_r_matrix/src/G4VCollision.cc.o
[ 61%] Building CXX object source/CMakeFiles/G4processes-static.dir/processes/hadronic/models/im_r_matrix/src/G4BaryonWidth.cc.o
[ 61%] Building CXX object source/CMakeFiles/G4processes-static.dir/processes/hadronic/models/im_r_matrix/src/G4VXResonance.cc.o
[ 61%] Building CXX object source/CMakeFiles/G4processes-static.dir/processes/hadronic/models/im_r_matrix/src/G4XAqmElastic.cc.o
[ 61%] Building CXX object source/CMakeFiles/G4processes-static.dir/processes/hadronic/models/im_r_matrix/src/G4CollisionComposite.cc.o
[ 61%] Building CXX object source/CMakeFiles/G4processes-static.dir/processes/hadronic/models/im_r_matrix/src/G4XDeltaDeltaTable.cc.o
[ 61%] Building CXX object source/CMakeFiles/G4processes-static.dir/processes/hadronic/models/im_r_matrix/src/G4CollisionInitialState.cc.o
[ 61%] Building CXX object source/CMakeFiles/G4processes-static.dir/processes/hadronic/models/im_r_matrix/src/G4XNDeltastarTable.cc.o
[ 61%] Building CXX object source/CMakeFiles/G4processes-static.dir/processes/hadronic/models/im_r_matrix/src/G4CollisionManager.cc.o
[ 61%] Building CXX object source/CMakeFiles/G4processes-static.dir/processes/hadronic/models/im_r_matrix/src/G4XDeltaNstarTable.cc.o
[ 61%] Building CXX object source/CMakeFiles/G4processes-static.dir/processes/hadronic/models/im_r_matrix/src/G4CollisionMesonBaryon.cc.o
[ 61%] Building CXX object source/CMakeFiles/G4processes-static.dir/processes/hadronic/models/im_r_matrix/src/G4XNDeltaTable.cc.o
[ 61%] Building CXX object source/CMakeFiles/G4processes-static.dir/processes/hadronic/models/im_r_matrix/src/G4CollisionMesonBaryonElastic.cc.o
[ 61%] Building CXX object source/CMakeFiles/G4processes-static.dir/processes/hadronic/models/im_r_matrix/src/G4XNNElastic.cc.o
[ 61%] Building CXX object source/CMakeFiles/G4processes-static.dir/processes/hadronic/models/im_r_matrix/src/G4CollisionMesonBaryonToResonance.cc.o
[ 61%] Building CXX object source/CMakeFiles/G4processes-static.dir/processes/hadronic/models/im_r_matrix/src/G4XNNElasticLowE.cc.o
[ 61%] Building CXX object source/CMakeFiles/G4processes-static.dir/processes/hadronic/models/im_r_matrix/src/G4CollisionNN.cc.o
[ 61%] Building CXX object source/CMakeFiles/G4processes-static.dir/processes/hadronic/models/im_r_matrix/src/G4XNNTotal.cc.o
[ 62%] Building CXX object source/CMakeFiles/G4processes-static.dir/processes/hadronic/models/im_r_matrix/src/G4CollisionNNElastic.cc.o
[ 62%] Building CXX object source/CMakeFiles/G4processes-static.dir/processes/hadronic/models/im_r_matrix/src/G4XNNTotalLowE.cc.o
[ 62%] Building CXX object source/CMakeFiles/G4processes-static.dir/processes/hadronic/models/im_r_matrix/src/G4CollisionNNToDeltaDelta.cc.o
[ 62%] Building CXX object source/CMakeFiles/G4processes-static.dir/processes/hadronic/models/im_r_matrix/src/G4XNNstarTable.cc.o
[ 62%] Building CXX object source/CMakeFiles/G4processes-static.dir/processes/hadronic/models/im_r_matrix/src/G4CollisionNNToDeltaDelta1600.cc.o
[ 62%] Building CXX object source/CMakeFiles/G4processes-static.dir/processes/hadronic/models/im_r_matrix/src/G4XPDGElastic.cc.o
[ 62%] Building CXX object source/CMakeFiles/G4processes-static.dir/processes/hadronic/models/im_r_matrix/src/G4CollisionNNToDeltaDelta1620.cc.o
[ 62%] Building CXX object source/CMakeFiles/G4processes-static.dir/processes/hadronic/models/im_r_matrix/src/G4XPDGTotal.cc.o
[ 62%] Building CXX object source/CMakeFiles/G4processes-static.dir/processes/hadronic/models/im_r_matrix/src/G4CollisionNNToDeltaDelta1700.cc.o
[ 62%] Building CXX object source/CMakeFiles/G4processes-static.dir/processes/hadronic/models/im_r_matrix/src/G4XResonance.cc.o
[ 62%] Building CXX object source/CMakeFiles/G4processes-static.dir/processes/hadronic/models/im_r_matrix/src/G4CollisionNNToDeltaDelta1900.cc.o
[ 62%] Building CXX object source/CMakeFiles/G4processes-static.dir/processes/hadronic/models/im_r_matrix/src/G4XnpElastic.cc.o
[ 62%] Building CXX object source/CMakeFiles/G4processes-static.dir/processes/hadronic/models/im_r_matrix/src/G4CollisionNNToDeltaDelta1905.cc.o
[ 62%] Building CXX object source/CMakeFiles/G4processes-static.dir/processes/hadronic/models/im_r_matrix/src/G4XnpElasticLowE.cc.o
[ 62%] Building CXX object source/CMakeFiles/G4processes-static.dir/processes/hadronic/models/im_r_matrix/src/G4CollisionNNToDeltaDelta1910.cc.o
[ 62%] Building CXX object source/CMakeFiles/G4processes-static.dir/processes/hadronic/models/im_r_matrix/src/G4XnpTotal.cc.o
[ 62%] Building CXX object source/CMakeFiles/G4processes-static.dir/processes/hadronic/models/im_r_matrix/src/G4CollisionNNToDeltaDelta1920.cc.o
[ 62%] Building CXX object source/CMakeFiles/G4processes-static.dir/processes/hadronic/models/im_r_matrix/src/G4XnpTotalLowE.cc.o
[ 62%] Building CXX object source/CMakeFiles/G4processes-static.dir/processes/hadronic/models/im_r_matrix/src/G4CollisionNNToDeltaDelta1930.cc.o
[ 62%] Building CXX object source/CMakeFiles/G4processes-static.dir/processes/hadronic/models/im_r_matrix/src/G4XpimNTotal.cc.o
[ 62%] Building CXX object source/CMakeFiles/G4processes-static.dir/processes/hadronic/models/im_r_matrix/src/G4CollisionNNToDeltaDelta1950.cc.o
[ 62%] Building CXX object source/CMakeFiles/G4processes-static.dir/processes/hadronic/models/im_r_matrix/src/G4XpipNTotal.cc.o
[ 62%] Building CXX object source/CMakeFiles/G4processes-static.dir/processes/hadronic/models/im_r_matrix/src/G4CollisionNNToDeltaDeltastar.cc.o
[ 62%] Building CXX object source/CMakeFiles/G4processes-static.dir/processes/hadronic/models/im_r_matrix/src/G4CollisionNNToDeltaNstar.cc.o
[ 62%] Building CXX object source/CMakeFiles/G4processes-static.dir/processes/hadronic/models/im_r_matrix/src/G4CollisionNNToNDelta.cc.o
[ 62%] Building CXX object source/CMakeFiles/G4processes-static.dir/processes/hadronic/models/im_r_matrix/src/G4CollisionNNToNDelta1600.cc.o
[ 62%] Building CXX object source/CMakeFiles/G4processes-static.dir/processes/hadronic/models/im_r_matrix/src/G4CollisionNNToNDelta1620.cc.o
[ 62%] Building CXX object source/CMakeFiles/G4processes-static.dir/processes/hadronic/models/im_r_matrix/src/G4CollisionNNToNDelta1700.cc.o
[ 62%] Building CXX object source/CMakeFiles/G4processes-static.dir/processes/hadronic/models/im_r_matrix/src/G4CollisionNNToNDelta1900.cc.o
[ 62%] Building CXX object source/CMakeFiles/G4processes-static.dir/processes/hadronic/models/im_r_matrix/src/G4CollisionNNToNDelta1905.cc.o
[ 62%] Building CXX object source/CMakeFiles/G4processes-static.dir/processes/hadronic/models/im_r_matrix/src/G4CollisionNNToNDelta1910.cc.o
[ 62%] Building CXX object source/CMakeFiles/G4processes-static.dir/processes/hadronic/models/im_r_matrix/src/G4CollisionNNToNDelta1920.cc.o
[ 63%] Building CXX object source/CMakeFiles/G4processes-static.dir/processes/hadronic/models/im_r_matrix/src/G4CollisionNNToNDelta1930.cc.o
[ 63%] Building CXX object source/CMakeFiles/G4processes-static.dir/processes/hadronic/models/im_r_matrix/src/G4CollisionNNToNDelta1950.cc.o
[ 63%] Building CXX object source/CMakeFiles/G4processes-static.dir/processes/hadronic/models/im_r_matrix/src/G4CollisionNNToNDeltastar.cc.o
[ 63%] Building CXX object source/CMakeFiles/G4processes-static.dir/processes/hadronic/models/im_r_matrix/src/G4CollisionNNToNNstar.cc.o
[ 63%] Building CXX object source/CMakeFiles/G4processes-static.dir/processes/hadronic/models/im_r_matrix/src/G4CollisionNStarNToNN.cc.o
[ 63%] Building CXX object source/CMakeFiles/G4processes-static.dir/processes/hadronic/models/im_r_matrix/src/G4CollisionPN.cc.o
[ 63%] Building CXX object source/CMakeFiles/G4processes-static.dir/processes/hadronic/models/im_r_matrix/src/G4CollisionnpElastic.cc.o
[ 63%] Building CXX object source/CMakeFiles/G4processes-static.dir/processes/hadronic/models/im_r_matrix/src/G4ConcreteMesonBaryonToResonance.cc.o
[ 63%] Building CXX object source/CMakeFiles/G4processes-static.dir/processes/hadronic/models/im_r_matrix/src/G4ConcreteNNToDeltaDelta.cc.o
[ 63%] Building CXX object source/CMakeFiles/G4processes-static.dir/processes/hadronic/models/im_r_matrix/src/G4ConcreteNNToDeltaDeltastar.cc.o
[ 63%] Building CXX object source/CMakeFiles/G4processes-static.dir/processes/hadronic/models/im_r_matrix/src/G4ConcreteNNToDeltaNstar.cc.o
[ 63%] Building CXX object source/CMakeFiles/G4processes-static.dir/processes/hadronic/models/im_r_matrix/src/G4ConcreteNNToNDelta.cc.o
[ 63%] Building CXX object source/CMakeFiles/G4processes-static.dir/processes/hadronic/models/im_r_matrix/src/G4ConcreteNNToNDeltaStar.cc.o
[ 63%] Building CXX object source/CMakeFiles/G4processes-static.dir/processes/hadronic/models/im_r_matrix/src/G4ConcreteNNToNNStar.cc.o
[ 63%] Building CXX object source/CMakeFiles/G4processes-static.dir/processes/hadronic/models/im_r_matrix/src/G4ConcreteNNTwoBodyResonance.cc.o
[ 63%] Building CXX object source/CMakeFiles/G4processes-static.dir/processes/hadronic/models/im_r_matrix/src/G4ConcreteNStarNToNN.cc.o
[ 63%] Building CXX object source/CMakeFiles/G4processes-static.dir/processes/hadronic/models/im_r_matrix/src/G4CrossSectionPatch.cc.o
[ 63%] Building CXX object source/CMakeFiles/G4processes-static.dir/processes/hadronic/models/im_r_matrix/src/G4CrossSectionComposite.cc.o
[ 63%] Building CXX object source/CMakeFiles/G4processes-static.dir/processes/hadronic/models/im_r_matrix/src/G4CrossSectionSourcePtr.cc.o
[ 63%] Building CXX object source/CMakeFiles/G4processes-static.dir/processes/hadronic/models/im_r_matrix/src/G4DetailedBalancePhaseSpaceIntegral.cc.o
[ 63%] Building CXX object source/CMakeFiles/G4processes-static.dir/processes/hadronic/models/im_r_matrix/src/G4LowEXsection.cc.o
[ 63%] Building CXX object source/CMakeFiles/G4processes-static.dir/processes/hadronic/models/im_r_matrix/src/G4PartialWidthTable.cc.o
[ 63%] Building CXX object source/CMakeFiles/G4processes-static.dir/processes/hadronic/models/im_r_matrix/src/G4ParticleTypeConverter.cc.o
[ 63%] Building CXX object source/CMakeFiles/G4processes-static.dir/processes/hadronic/models/im_r_matrix/src/G4VAnnihilationCollision.cc.o
[ 63%] Building CXX object source/CMakeFiles/G4processes-static.dir/processes/hadronic/models/im_r_matrix/src/G4VCrossSectionSource.cc.o
[ 63%] Building CXX object source/CMakeFiles/G4processes-static.dir/processes/hadronic/models/im_r_matrix/src/G4VElasticCollision.cc.o
[ 63%] Building CXX object source/CMakeFiles/G4processes-static.dir/processes/hadronic/models/im_r_matrix/src/G4VScatteringCollision.cc.o
[ 63%] Building CXX object source/CMakeFiles/G4processes-static.dir/processes/hadronic/models/im_r_matrix/src/G4XAnnihilationChannel.cc.o
[ 63%] Building CXX object source/CMakeFiles/G4processes-static.dir/processes/hadronic/models/im_r_matrix/src/G4XDeltaDeltastarTable.cc.o
[ 63%] Building CXX object source/CMakeFiles/G4processes-static.dir/processes/hadronic/models/im_r_matrix/src/G4XMesonBaryonElastic.cc.o
[ 63%] Building CXX object source/CMakeFiles/G4processes-static.dir/processes/hadronic/models/inclxx/utils/src/G4INCLConfig.cc.o
[ 64%] Building CXX object source/CMakeFiles/G4processes-static.dir/processes/hadronic/models/inclxx/utils/src/G4INCLConfigVersion.cc.o
[ 64%] Building CXX object source/CMakeFiles/G4processes-static.dir/processes/hadronic/models/inclxx/utils/src/G4INCLEventInfo.cc.o
[ 64%] Building CXX object source/CMakeFiles/G4processes-static.dir/processes/hadronic/models/inclxx/utils/src/G4INCLFinalState.cc.o
[ 64%] Building CXX object source/CMakeFiles/G4processes-static.dir/processes/hadronic/models/inclxx/utils/src/G4INCLGlobals.cc.o
[ 64%] Building CXX object source/CMakeFiles/G4processes-static.dir/processes/hadronic/models/inclxx/utils/src/G4INCLHFB.cc.o
[ 64%] Building CXX object source/CMakeFiles/G4processes-static.dir/processes/hadronic/models/inclxx/utils/src/G4INCLIAvatar.cc.o
[ 64%] Building CXX object source/CMakeFiles/G4processes-static.dir/processes/hadronic/models/inclxx/utils/src/G4INCLIChannel.cc.o
[ 64%] Building CXX object source/CMakeFiles/G4processes-static.dir/processes/hadronic/models/inclxx/utils/src/G4INCLIFunction1D.cc.o
[ 64%] Building CXX object source/CMakeFiles/G4processes-static.dir/processes/hadronic/models/inclxx/utils/src/G4INCLInterpolationTable.cc.o
[ 64%] Building CXX object source/CMakeFiles/G4processes-static.dir/processes/hadronic/models/inclxx/utils/src/G4INCLInvFInterpolationTable.cc.o
[ 64%] Building CXX object source/CMakeFiles/G4processes-static.dir/processes/hadronic/models/inclxx/utils/src/G4INCLLogger.cc.o
[ 64%] Building CXX object source/CMakeFiles/G4processes-static.dir/processes/hadronic/models/inclxx/utils/src/G4INCLNaturalIsotopicDistributions.cc.o
[ 64%] Building CXX object source/CMakeFiles/G4processes-static.dir/processes/hadronic/models/inclxx/utils/src/G4INCLNuclearMassTable.cc.o
[ 64%] Building CXX object source/CMakeFiles/G4processes-static.dir/processes/hadronic/models/inclxx/utils/src/G4INCLParticle.cc.o
[ 64%] Building CXX object source/CMakeFiles/G4processes-static.dir/processes/hadronic/models/inclxx/utils/src/G4INCLParticleSpecies.cc.o
[ 64%] Building CXX object source/CMakeFiles/G4processes-static.dir/processes/hadronic/models/inclxx/utils/src/G4INCLParticleTable.cc.o
[ 64%] Building CXX object source/CMakeFiles/G4processes-static.dir/processes/hadronic/models/inclxx/utils/src/G4INCLRandom.cc.o
[ 64%] Building CXX object source/CMakeFiles/G4processes-static.dir/processes/hadronic/models/inclxx/utils/src/G4INCLRandomSeedVector.cc.o
[ 64%] Building CXX object source/CMakeFiles/G4processes-static.dir/processes/hadronic/models/inclxx/utils/src/G4INCLRanecu.cc.o
[ 64%] Building CXX object source/CMakeFiles/G4processes-static.dir/processes/hadronic/models/inclxx/utils/src/G4INCLRanecu3.cc.o
[ 64%] Building CXX object source/CMakeFiles/G4processes-static.dir/processes/hadronic/models/inclxx/utils/src/G4INCLRootFinder.cc.o
[ 64%] Building CXX object source/CMakeFiles/G4processes-static.dir/processes/hadronic/models/inclxx/incl_physics/src/G4INCLAvatarDumpAction.cc.o
[ 64%] Building CXX object source/CMakeFiles/G4processes-static.dir/processes/hadronic/models/inclxx/incl_physics/src/G4INCLBinaryCollisionAvatar.cc.o
[ 64%] Building CXX object source/CMakeFiles/G4processes-static.dir/processes/hadronic/models/inclxx/incl_physics/src/G4INCLCascade.cc.o
[ 64%] Building CXX object source/CMakeFiles/G4processes-static.dir/processes/hadronic/models/inclxx/incl_physics/src/G4INCLCascadeAction.cc.o
[ 64%] Building CXX object source/CMakeFiles/G4processes-static.dir/processes/hadronic/models/inclxx/incl_physics/src/G4INCLCDPP.cc.o
[ 64%] Building CXX object source/CMakeFiles/G4processes-static.dir/processes/hadronic/models/inclxx/incl_physics/src/G4INCLCluster.cc.o
[ 64%] Building CXX object source/CMakeFiles/G4processes-static.dir/processes/hadronic/models/inclxx/incl_physics/src/G4INCLClusterDecay.cc.o
[ 64%] Building CXX object source/CMakeFiles/G4processes-static.dir/processes/hadronic/models/inclxx/incl_physics/src/G4INCLClustering.cc.o
[ 64%] Building CXX object source/CMakeFiles/G4processes-static.dir/processes/hadronic/models/inclxx/incl_physics/src/G4INCLClusteringModelIntercomparison.cc.o
[ 64%] Building CXX object source/CMakeFiles/G4processes-static.dir/processes/hadronic/models/inclxx/incl_physics/src/G4INCLCoulombDistortion.cc.o
[ 64%] Building CXX object source/CMakeFiles/G4processes-static.dir/processes/hadronic/models/inclxx/incl_physics/src/G4INCLCoulombNone.cc.o
[ 65%] Building CXX object source/CMakeFiles/G4processes-static.dir/processes/hadronic/models/inclxx/incl_physics/src/G4INCLCoulombNonRelativistic.cc.o
[ 65%] Building CXX object source/CMakeFiles/G4processes-static.dir/processes/hadronic/models/inclxx/incl_physics/src/G4INCLCrossSections.cc.o
[ 65%] Building CXX object source/CMakeFiles/G4processes-static.dir/processes/hadronic/models/inclxx/incl_physics/src/G4INCLCrossSectionsAntiparticles.cc.o
[ 65%] Building CXX object source/CMakeFiles/G4processes-static.dir/processes/hadronic/models/inclxx/incl_physics/src/G4INCLCrossSectionsINCL46.cc.o
[ 65%] Building CXX object source/CMakeFiles/G4processes-static.dir/processes/hadronic/models/inclxx/incl_physics/src/G4INCLCrossSectionsMultiPions.cc.o
[ 65%] Building CXX object source/CMakeFiles/G4processes-static.dir/processes/hadronic/models/inclxx/incl_physics/src/G4INCLCrossSectionsMultiPionsAndResonances.cc.o
[ 65%] Building CXX object source/CMakeFiles/G4processes-static.dir/processes/hadronic/models/inclxx/incl_physics/src/G4INCLCrossSectionsStrangeness.cc.o
[ 65%] Building CXX object source/CMakeFiles/G4processes-static.dir/processes/hadronic/models/inclxx/incl_physics/src/G4INCLCrossSectionsTruncatedMultiPions.cc.o
[ 65%] Building CXX object source/CMakeFiles/G4processes-static.dir/processes/hadronic/models/inclxx/incl_physics/src/G4INCLDecayAvatar.cc.o
[ 65%] Building CXX object source/CMakeFiles/G4processes-static.dir/processes/hadronic/models/inclxx/incl_physics/src/G4INCLDeJongSpin.cc.o
[ 65%] Building CXX object source/CMakeFiles/G4processes-static.dir/processes/hadronic/models/inclxx/incl_physics/src/G4INCLDeltaDecayChannel.cc.o
[ 65%] Building CXX object source/CMakeFiles/G4processes-static.dir/processes/hadronic/models/inclxx/incl_physics/src/G4INCLDeltaProductionChannel.cc.o
[ 65%] Building CXX object source/CMakeFiles/G4processes-static.dir/processes/hadronic/models/inclxx/incl_physics/src/G4INCLDeuteronDensity.cc.o
[ 65%] Building CXX object source/CMakeFiles/G4processes-static.dir/processes/hadronic/models/inclxx/incl_physics/src/G4INCLElasticChannel.cc.o
[ 65%] Building CXX object source/CMakeFiles/G4processes-static.dir/processes/hadronic/models/inclxx/incl_physics/src/G4INCLEtaNElasticChannel.cc.o
[ 65%] Building CXX object source/CMakeFiles/G4processes-static.dir/processes/hadronic/models/inclxx/incl_physics/src/G4INCLEtaNToPiNChannel.cc.o
[ 65%] Building CXX object source/CMakeFiles/G4processes-static.dir/processes/hadronic/models/inclxx/incl_physics/src/G4INCLEtaNToPiPiNChannel.cc.o
[ 65%] Building CXX object source/CMakeFiles/G4processes-static.dir/processes/hadronic/models/inclxx/incl_physics/src/G4INCLInteractionAvatar.cc.o
[ 65%] Building CXX object source/CMakeFiles/G4processes-static.dir/processes/hadronic/models/inclxx/incl_physics/src/G4INCLINuclearPotential.cc.o
[ 65%] Building CXX object source/CMakeFiles/G4processes-static.dir/processes/hadronic/models/inclxx/incl_physics/src/G4INCLKinematicsUtils.cc.o
[ 65%] Building CXX object source/CMakeFiles/G4processes-static.dir/processes/hadronic/models/inclxx/incl_physics/src/G4INCLNDeltaEtaProductionChannel.cc.o
[ 65%] Building CXX object source/CMakeFiles/G4processes-static.dir/processes/hadronic/models/inclxx/incl_physics/src/G4INCLNDeltaOmegaProductionChannel.cc.o
[ 65%] Building CXX object source/CMakeFiles/G4processes-static.dir/processes/hadronic/models/inclxx/incl_physics/src/G4INCLNDeltaToDeltaLKChannel.cc.o
[ 65%] Building CXX object source/CMakeFiles/G4processes-static.dir/processes/hadronic/models/inclxx/incl_physics/src/G4INCLNDeltaToDeltaSKChannel.cc.o
[ 65%] Building CXX object source/CMakeFiles/G4processes-static.dir/processes/hadronic/models/inclxx/incl_physics/src/G4INCLNDeltaToNLKChannel.cc.o
[ 65%] Building CXX object source/CMakeFiles/G4processes-static.dir/processes/hadronic/models/inclxx/incl_physics/src/G4INCLNDeltaToNNKKbChannel.cc.o
[ 65%] Building CXX object source/CMakeFiles/G4processes-static.dir/processes/hadronic/models/inclxx/incl_physics/src/G4INCLNDeltaToNSKChannel.cc.o
[ 65%] Building CXX object source/CMakeFiles/G4processes-static.dir/processes/hadronic/models/inclxx/incl_physics/src/G4INCLNeutralKaonDecayChannel.cc.o
[ 65%] Building CXX object source/CMakeFiles/G4processes-static.dir/processes/hadronic/models/inclxx/incl_physics/src/G4INCLNKbElasticChannel.cc.o
[ 65%] Building CXX object source/CMakeFiles/G4processes-static.dir/processes/hadronic/models/inclxx/incl_physics/src/G4INCLNKbToL2piChannel.cc.o
[ 65%] Building CXX object source/CMakeFiles/G4processes-static.dir/processes/hadronic/models/inclxx/incl_physics/src/G4INCLNKbToLpiChannel.cc.o
[ 65%] Building CXX object source/CMakeFiles/G4processes-static.dir/processes/hadronic/models/inclxx/incl_physics/src/G4INCLNKbToNKb2piChannel.cc.o
[ 66%] Building CXX object source/CMakeFiles/G4processes-static.dir/processes/hadronic/models/inclxx/incl_physics/src/G4INCLNKbToNKbChannel.cc.o
[ 66%] Building CXX object source/CMakeFiles/G4processes-static.dir/processes/hadronic/models/inclxx/incl_physics/src/G4INCLNKbToNKbpiChannel.cc.o
[ 66%] Building CXX object source/CMakeFiles/G4processes-static.dir/processes/hadronic/models/inclxx/incl_physics/src/G4INCLNKbToS2piChannel.cc.o
[ 66%] Building CXX object source/CMakeFiles/G4processes-static.dir/processes/hadronic/models/inclxx/incl_physics/src/G4INCLNKbToSpiChannel.cc.o
[ 66%] Building CXX object source/CMakeFiles/G4processes-static.dir/processes/hadronic/models/inclxx/incl_physics/src/G4INCLNKElasticChannel.cc.o
[ 66%] Building CXX object source/CMakeFiles/G4processes-static.dir/processes/hadronic/models/inclxx/incl_physics/src/G4INCLNKToNK2piChannel.cc.o
[ 66%] Building CXX object source/CMakeFiles/G4processes-static.dir/processes/hadronic/models/inclxx/incl_physics/src/G4INCLNKToNKChannel.cc.o
[ 66%] Building CXX object source/CMakeFiles/G4processes-static.dir/processes/hadronic/models/inclxx/incl_physics/src/G4INCLNKToNKpiChannel.cc.o
[ 66%] Building CXX object source/CMakeFiles/G4processes-static.dir/processes/hadronic/models/inclxx/incl_physics/src/G4INCLNLToNSChannel.cc.o
[ 66%] Building CXX object source/CMakeFiles/G4processes-static.dir/processes/hadronic/models/inclxx/incl_physics/src/G4INCLNNbarCEXChannel.cc.o
[ 66%] Building CXX object source/CMakeFiles/G4processes-static.dir/processes/hadronic/models/inclxx/incl_physics/src/G4INCLNNbarElasticChannel.cc.o
[ 66%] Building CXX object source/CMakeFiles/G4processes-static.dir/processes/hadronic/models/inclxx/incl_physics/src/G4INCLNNbarToLLbarChannel.cc.o
[ 66%] Building CXX object source/CMakeFiles/G4processes-static.dir/processes/hadronic/models/inclxx/incl_physics/src/G4INCLNNbarToNNbarpiChannel.cc.o
[ 66%] Building CXX object source/CMakeFiles/G4processes-static.dir/processes/hadronic/models/inclxx/incl_physics/src/G4INCLNNbarToNNbar2piChannel.cc.o
[ 66%] Building CXX object source/CMakeFiles/G4processes-static.dir/processes/hadronic/models/inclxx/incl_physics/src/G4INCLNNbarToNNbar3piChannel.cc.o
[ 66%] Building CXX object source/CMakeFiles/G4processes-static.dir/processes/hadronic/models/inclxx/incl_physics/src/G4INCLNNbarToAnnihilationChannel.cc.o
[ 66%] Building CXX object source/CMakeFiles/G4processes-static.dir/processes/hadronic/models/inclxx/incl_physics/src/G4INCLNNEtaToMultiPionsChannel.cc.o
[ 66%] Building CXX object source/CMakeFiles/G4processes-static.dir/processes/hadronic/models/inclxx/incl_physics/src/G4INCLNNOmegaToMultiPionsChannel.cc.o
[ 66%] Building CXX object source/CMakeFiles/G4processes-static.dir/processes/hadronic/models/inclxx/incl_physics/src/G4INCLNNToMissingStrangenessChannel.cc.o
[ 66%] Building CXX object source/CMakeFiles/G4processes-static.dir/processes/hadronic/models/inclxx/incl_physics/src/G4INCLNNToMultiPionsChannel.cc.o
[ 66%] Building CXX object source/CMakeFiles/G4processes-static.dir/processes/hadronic/models/inclxx/incl_physics/src/G4INCLNNToNLK2piChannel.cc.o
[ 66%] Building CXX object source/CMakeFiles/G4processes-static.dir/processes/hadronic/models/inclxx/incl_physics/src/G4INCLNNToNLKChannel.cc.o
[ 66%] Building CXX object source/CMakeFiles/G4processes-static.dir/processes/hadronic/models/inclxx/incl_physics/src/G4INCLNNToNLKpiChannel.cc.o
[ 66%] Building CXX object source/CMakeFiles/G4processes-static.dir/processes/hadronic/models/inclxx/incl_physics/src/G4INCLNNToNNEtaChannel.cc.o
[ 66%] Building CXX object source/CMakeFiles/G4processes-static.dir/processes/hadronic/models/inclxx/incl_physics/src/G4INCLNNToNNKKbChannel.cc.o
[ 66%] Building CXX object source/CMakeFiles/G4processes-static.dir/processes/hadronic/models/inclxx/incl_physics/src/G4INCLNNToNNOmegaChannel.cc.o
[ 66%] Building CXX object source/CMakeFiles/G4processes-static.dir/processes/hadronic/models/inclxx/incl_physics/src/G4INCLNNToNSK2piChannel.cc.o
[ 66%] Building CXX object source/CMakeFiles/G4processes-static.dir/processes/hadronic/models/inclxx/incl_physics/src/G4INCLNNToNSKChannel.cc.o
[ 66%] Building CXX object source/CMakeFiles/G4processes-static.dir/processes/hadronic/models/inclxx/incl_physics/src/G4INCLNNToNSKpiChannel.cc.o
[ 66%] Building CXX object source/CMakeFiles/G4processes-static.dir/processes/hadronic/models/inclxx/incl_physics/src/G4INCLNpiToLK2piChannel.cc.o
[ 66%] Building CXX object source/CMakeFiles/G4processes-static.dir/processes/hadronic/models/inclxx/incl_physics/src/G4INCLNpiToLKChannel.cc.o
[ 66%] Building CXX object source/CMakeFiles/G4processes-static.dir/processes/hadronic/models/inclxx/incl_physics/src/G4INCLNpiToLKpiChannel.cc.o
[ 67%] Building CXX object source/CMakeFiles/G4processes-static.dir/processes/hadronic/models/inclxx/incl_physics/src/G4INCLNpiToMissingStrangenessChannel.cc.o
[ 67%] Building CXX object source/CMakeFiles/G4processes-static.dir/processes/hadronic/models/inclxx/incl_physics/src/G4INCLNpiToNKKbChannel.cc.o
[ 67%] Building CXX object source/CMakeFiles/G4processes-static.dir/processes/hadronic/models/inclxx/incl_physics/src/G4INCLNpiToSK2piChannel.cc.o
[ 67%] Building CXX object source/CMakeFiles/G4processes-static.dir/processes/hadronic/models/inclxx/incl_physics/src/G4INCLNpiToSKChannel.cc.o
[ 67%] Building CXX object source/CMakeFiles/G4processes-static.dir/processes/hadronic/models/inclxx/incl_physics/src/G4INCLNpiToSKpiChannel.cc.o
[ 67%] Building CXX object source/CMakeFiles/G4processes-static.dir/processes/hadronic/models/inclxx/incl_physics/src/G4INCLNSToNLChannel.cc.o
[ 67%] Building CXX object source/CMakeFiles/G4processes-static.dir/processes/hadronic/models/inclxx/incl_physics/src/G4INCLNSToNSChannel.cc.o
[ 67%] Building CXX object source/CMakeFiles/G4processes-static.dir/processes/hadronic/models/inclxx/incl_physics/src/G4INCLNuclearDensity.cc.o
[ 67%] Building CXX object source/CMakeFiles/G4processes-static.dir/processes/hadronic/models/inclxx/incl_physics/src/G4INCLNuclearDensityFactory.cc.o
[ 67%] Building CXX object source/CMakeFiles/G4processes-static.dir/processes/hadronic/models/inclxx/incl_physics/src/G4INCLNuclearPotentialConstant.cc.o
[ 67%] Building CXX object source/CMakeFiles/G4processes-static.dir/processes/hadronic/models/inclxx/incl_physics/src/G4INCLNuclearPotentialEnergyIsospin.cc.o
[ 67%] Building CXX object source/CMakeFiles/G4processes-static.dir/processes/hadronic/models/inclxx/incl_physics/src/G4INCLNuclearPotentialEnergyIsospinSmooth.cc.o
[ 67%] Building CXX object source/CMakeFiles/G4processes-static.dir/processes/hadronic/models/inclxx/incl_physics/src/G4INCLNucleus.cc.o
[ 67%] Building CXX object source/CMakeFiles/G4processes-static.dir/processes/hadronic/models/inclxx/incl_physics/src/G4INCLNuclearPotentialIsospin.cc.o
[ 67%] Building CXX object source/CMakeFiles/G4processes-static.dir/processes/hadronic/models/inclxx/incl_physics/src/G4INCLNYElasticChannel.cc.o
[ 67%] Building CXX object source/CMakeFiles/G4processes-static.dir/processes/hadronic/models/inclxx/incl_physics/src/G4INCLOmegaNElasticChannel.cc.o
[ 67%] Building CXX object source/CMakeFiles/G4processes-static.dir/processes/hadronic/models/inclxx/incl_physics/src/G4INCLOmegaNToPiNChannel.cc.o
[ 67%] Building CXX object source/CMakeFiles/G4processes-static.dir/processes/hadronic/models/inclxx/incl_physics/src/G4INCLOmegaNToPiPiNChannel.cc.o
[ 67%] Building CXX object source/CMakeFiles/G4processes-static.dir/processes/hadronic/models/inclxx/incl_physics/src/G4INCLParticleEntryAvatar.cc.o
[ 67%] Building CXX object source/CMakeFiles/G4processes-static.dir/processes/hadronic/models/inclxx/incl_physics/src/G4INCLParticleEntryChannel.cc.o
[ 67%] Building CXX object source/CMakeFiles/G4processes-static.dir/processes/hadronic/models/inclxx/incl_physics/src/G4INCLParticleSampler.cc.o
[ 67%] Building CXX object source/CMakeFiles/G4processes-static.dir/processes/hadronic/models/inclxx/incl_physics/src/G4INCLPauliBlocking.cc.o
[ 67%] Building CXX object source/CMakeFiles/G4processes-static.dir/processes/hadronic/models/inclxx/incl_physics/src/G4INCLPauliGlobal.cc.o
[ 67%] Building CXX object source/CMakeFiles/G4processes-static.dir/processes/hadronic/models/inclxx/incl_physics/src/G4INCLPauliStandard.cc.o
[ 67%] Building CXX object source/CMakeFiles/G4processes-static.dir/processes/hadronic/models/inclxx/incl_physics/src/G4INCLPauliStrict.cc.o
[ 67%] Building CXX object source/CMakeFiles/G4processes-static.dir/processes/hadronic/models/inclxx/incl_physics/src/G4INCLPauliStrictStandard.cc.o
[ 67%] Building CXX object source/CMakeFiles/G4processes-static.dir/processes/hadronic/models/inclxx/incl_physics/src/G4INCLPbarAtrestEntryChannel.cc.o
[ 67%] Building CXX object source/CMakeFiles/G4processes-static.dir/processes/hadronic/models/inclxx/incl_physics/src/G4INCLPhaseSpaceGenerator.cc.o
[ 67%] Building CXX object source/CMakeFiles/G4processes-static.dir/processes/hadronic/models/inclxx/incl_physics/src/G4INCLPhaseSpaceKopylov.cc.o
[ 67%] Building CXX object source/CMakeFiles/G4processes-static.dir/processes/hadronic/models/inclxx/incl_physics/src/G4INCLPhaseSpaceRauboldLynch.cc.o
[ 67%] Building CXX object source/CMakeFiles/G4processes-static.dir/processes/hadronic/models/inclxx/incl_physics/src/G4INCLPiNElasticChannel.cc.o
[ 68%] Building CXX object source/CMakeFiles/G4processes-static.dir/processes/hadronic/models/inclxx/incl_physics/src/G4INCLPiNToDeltaChannel.cc.o
[ 68%] Building CXX object source/CMakeFiles/G4processes-static.dir/processes/hadronic/models/inclxx/incl_physics/src/G4INCLPiNToEtaChannel.cc.o
[ 68%] Building CXX object source/CMakeFiles/G4processes-static.dir/processes/hadronic/models/inclxx/incl_physics/src/G4INCLPiNToMultiPionsChannel.cc.o
[ 68%] Building CXX object source/CMakeFiles/G4processes-static.dir/processes/hadronic/models/inclxx/incl_physics/src/G4INCLPiNToOmegaChannel.cc.o
[ 68%] Building CXX object source/CMakeFiles/G4processes-static.dir/processes/hadronic/models/inclxx/incl_physics/src/G4INCLPionResonanceDecayChannel.cc.o
[ 68%] Building CXX object source/CMakeFiles/G4processes-static.dir/processes/hadronic/models/inclxx/incl_physics/src/G4INCLProjectileRemnant.cc.o
[ 68%] Building CXX object source/CMakeFiles/G4processes-static.dir/processes/hadronic/models/inclxx/incl_physics/src/G4INCLRecombinationChannel.cc.o
[ 68%] Building CXX object source/CMakeFiles/G4processes-static.dir/processes/hadronic/models/inclxx/incl_physics/src/G4INCLReflectionChannel.cc.o
[ 68%] Building CXX object source/CMakeFiles/G4processes-static.dir/processes/hadronic/models/inclxx/incl_physics/src/G4INCLSigmaZeroDecayChannel.cc.o
[ 68%] Building CXX object source/CMakeFiles/G4processes-static.dir/processes/hadronic/models/inclxx/incl_physics/src/G4INCLStandardPropagationModel.cc.o
[ 68%] Building CXX object source/CMakeFiles/G4processes-static.dir/processes/hadronic/models/inclxx/incl_physics/src/G4INCLStore.cc.o
[ 68%] Building CXX object source/CMakeFiles/G4processes-static.dir/processes/hadronic/models/inclxx/incl_physics/src/G4INCLStrangeAbsorbtionChannel.cc.o
[ 68%] Building CXX object source/CMakeFiles/G4processes-static.dir/processes/hadronic/models/inclxx/incl_physics/src/G4INCLSurfaceAvatar.cc.o
[ 68%] Building CXX object source/CMakeFiles/G4processes-static.dir/processes/hadronic/models/inclxx/incl_physics/src/G4INCLTransmissionChannel.cc.o
[ 68%] Building CXX object source/CMakeFiles/G4processes-static.dir/processes/hadronic/models/inclxx/interface/src/G4INCLXXInterface.cc.o
[ 68%] Building CXX object source/CMakeFiles/G4processes-static.dir/processes/hadronic/models/inclxx/interface/src/G4INCLXXInterfaceMessenger.cc.o
[ 68%] Building CXX object source/CMakeFiles/G4processes-static.dir/processes/hadronic/models/inclxx/interface/src/G4INCLXXInterfaceStore.cc.o
[ 68%] Building CXX object source/CMakeFiles/G4processes-static.dir/processes/hadronic/models/gamma_nuclear/src/G4LENDorBERTModel.cc.o
[ 68%] Building CXX object source/CMakeFiles/G4processes-static.dir/processes/hadronic/models/lend/src/G4GIDI.cc.o
[ 68%] Building CXX object source/CMakeFiles/G4processes-static.dir/processes/hadronic/models/lend/src/G4GIDI_Misc.cc.o
[ 68%] Building CXX object source/CMakeFiles/G4processes-static.dir/processes/hadronic/models/lend/src/G4GIDI_map.cc.o
[ 68%] Building CXX object source/CMakeFiles/G4processes-static.dir/processes/hadronic/models/lend/src/G4GIDI_mass.cc.o
[ 68%] Building CXX object source/CMakeFiles/G4processes-static.dir/processes/hadronic/models/lend/src/G4GIDI_target.cc.o
[ 68%] Building CXX object source/CMakeFiles/G4processes-static.dir/processes/hadronic/models/lend/src/G4LENDCapture.cc.o
[ 68%] Building CXX object source/CMakeFiles/G4processes-static.dir/processes/hadronic/models/lend/src/G4LENDCaptureCrossSection.cc.o
[ 68%] Building CXX object source/CMakeFiles/G4processes-static.dir/processes/hadronic/models/lend/src/G4LENDCombinedCrossSection.cc.o
[ 68%] Building CXX object source/CMakeFiles/G4processes-static.dir/processes/hadronic/models/lend/src/G4LENDGammaCrossSection.cc.o
[ 68%] Building CXX object source/CMakeFiles/G4processes-static.dir/processes/hadronic/models/lend/src/G4LENDCombinedModel.cc.o
[ 68%] Building CXX object source/CMakeFiles/G4processes-static.dir/processes/hadronic/models/lend/src/G4LENDGammaModel.cc.o
[ 68%] Building CXX object source/CMakeFiles/G4processes-static.dir/processes/hadronic/models/lend/src/G4LENDCrossSection.cc.o
[ 68%] Building CXX object source/CMakeFiles/G4processes-static.dir/processes/hadronic/models/lend/src/G4LENDElastic.cc.o
[ 68%] Building CXX object source/CMakeFiles/G4processes-static.dir/processes/hadronic/models/lend/src/G4LENDElasticCrossSection.cc.o
[ 69%] Building CXX object source/CMakeFiles/G4processes-static.dir/processes/hadronic/models/lend/src/G4LENDFission.cc.o
[ 69%] Building CXX object source/CMakeFiles/G4processes-static.dir/processes/hadronic/models/lend/src/G4LENDFissionCrossSection.cc.o
[ 69%] Building CXX object source/CMakeFiles/G4processes-static.dir/processes/hadronic/models/lend/src/G4LENDInelastic.cc.o
[ 69%] Building CXX object source/CMakeFiles/G4processes-static.dir/processes/hadronic/models/lend/src/G4LENDInelasticCrossSection.cc.o
[ 69%] Building CXX object source/CMakeFiles/G4processes-static.dir/processes/hadronic/models/lend/src/G4LENDManager.cc.o
[ 69%] Building CXX object source/CMakeFiles/G4processes-static.dir/processes/hadronic/models/lend/src/G4LENDModel.cc.o
[ 69%] Building CXX object source/CMakeFiles/G4processes-static.dir/processes/hadronic/models/lend/src/G4LENDUsedTarget.cc.o
[ 69%] Building CXX object source/CMakeFiles/G4processes-static.dir/processes/hadronic/models/lend/src/GIDI_settings.cc.o
[ 69%] Building CXX object source/CMakeFiles/G4processes-static.dir/processes/hadronic/models/lend/src/GIDI_settings_flux.cc.o
[ 69%] Building CXX object source/CMakeFiles/G4processes-static.dir/processes/hadronic/models/lend/src/GIDI_settings_group.cc.o
[ 69%] Building CXX object source/CMakeFiles/G4processes-static.dir/processes/hadronic/models/lend/src/GIDI_settings_particle.cc.o
[ 69%] Building CXX object source/CMakeFiles/G4processes-static.dir/processes/hadronic/models/lend/src/MCGIDI_KalbachMann.cc.o
[ 69%] Building CXX object source/CMakeFiles/G4processes-static.dir/processes/hadronic/models/lend/src/MCGIDI_LLNLAngular_angularEnergy.cc.o
[ 69%] Building CXX object source/CMakeFiles/G4processes-static.dir/processes/hadronic/models/lend/src/MCGIDI_angular.cc.o
[ 69%] Building CXX object source/CMakeFiles/G4processes-static.dir/processes/hadronic/models/lend/src/MCGIDI_angularEnergy.cc.o
[ 69%] Building CXX object source/CMakeFiles/G4processes-static.dir/processes/hadronic/models/lend/src/MCGIDI_distribution.cc.o
[ 69%] Building CXX object source/CMakeFiles/G4processes-static.dir/processes/hadronic/models/lend/src/MCGIDI_energy.cc.o
[ 69%] Building CXX object source/CMakeFiles/G4processes-static.dir/processes/hadronic/models/lend/src/MCGIDI_energyAngular.cc.o
[ 69%] Building CXX object source/CMakeFiles/G4processes-static.dir/processes/hadronic/models/lend/src/MCGIDI_fromTOM.cc.o
[ 69%] Building CXX object source/CMakeFiles/G4processes-static.dir/processes/hadronic/models/lend/src/MCGIDI_kinetics.cc.o
[ 69%] Building CXX object source/CMakeFiles/G4processes-static.dir/processes/hadronic/models/lend/src/MCGIDI_map.cc.o
[ 69%] Building CXX object source/CMakeFiles/G4processes-static.dir/processes/hadronic/models/lend/src/MCGIDI_mass.cc.o
[ 69%] Building CXX object source/CMakeFiles/G4processes-static.dir/processes/hadronic/models/lend/src/MCGIDI_misc.cc.o
[ 69%] Building CXX object source/CMakeFiles/G4processes-static.dir/processes/hadronic/models/lend/src/MCGIDI_outputChannel.cc.o
[ 69%] Building CXX object source/CMakeFiles/G4processes-static.dir/processes/hadronic/models/lend/src/MCGIDI_particle.cc.o
[ 69%] Building CXX object source/CMakeFiles/G4processes-static.dir/processes/hadronic/models/lend/src/MCGIDI_pop.cc.o
[ 69%] Building CXX object source/CMakeFiles/G4processes-static.dir/processes/hadronic/models/lend/src/MCGIDI_product.cc.o
[ 69%] Building CXX object source/CMakeFiles/G4processes-static.dir/processes/hadronic/models/lend/src/MCGIDI_quantitiesLookupMode.cc.o
[ 69%] Building CXX object source/CMakeFiles/G4processes-static.dir/processes/hadronic/models/lend/src/MCGIDI_reaction.cc.o
[ 69%] Building CXX object source/CMakeFiles/G4processes-static.dir/processes/hadronic/models/lend/src/MCGIDI_sampling.cc.o
[ 69%] Building CXX object source/CMakeFiles/G4processes-static.dir/processes/hadronic/models/lend/src/MCGIDI_samplingSettings.cc.o
[ 69%] Building CXX object source/CMakeFiles/G4processes-static.dir/processes/hadronic/models/lend/src/MCGIDI_target.cc.o
[ 70%] Building CXX object source/CMakeFiles/G4processes-static.dir/processes/hadronic/models/lend/src/MCGIDI_target_heated.cc.o
[ 70%] Building CXX object source/CMakeFiles/G4processes-static.dir/processes/hadronic/models/lend/src/MCGIDI_uncorrelated.cc.o
[ 70%] Building CXX object source/CMakeFiles/G4processes-static.dir/processes/hadronic/models/lend/src/MCGIDI_version.cc.o
[ 70%] Building CXX object source/CMakeFiles/G4processes-static.dir/processes/hadronic/models/lend/src/PoPs.cc.o
[ 70%] Building CXX object source/CMakeFiles/G4processes-static.dir/processes/hadronic/models/lend/src/PoPs_Bcast.cc.o
[ 70%] Building CXX object source/CMakeFiles/G4processes-static.dir/processes/hadronic/models/lend/src/PoPs_data.cc.o
[ 70%] Building CXX object source/CMakeFiles/G4processes-static.dir/processes/hadronic/models/lend/src/PoPs_mass.cc.o
[ 70%] Building CXX object source/CMakeFiles/G4processes-static.dir/processes/hadronic/models/lend/src/lPoPs.cc.o
[ 70%] Building CXX object source/CMakeFiles/G4processes-static.dir/processes/hadronic/models/lend/src/nf_GnG_adaptiveQuadrature.cc.o
[ 70%] Building CXX object source/CMakeFiles/G4processes-static.dir/processes/hadronic/models/lend/src/nf_Legendre.cc.o
[ 70%] Building CXX object source/CMakeFiles/G4processes-static.dir/processes/hadronic/models/lend/src/nf_Legendre_GaussianQuadrature.cc.o
[ 70%] Building CXX object source/CMakeFiles/G4processes-static.dir/processes/hadronic/models/lend/src/nf_angularMomentumCoupling.cc.o
[ 70%] Building CXX object source/CMakeFiles/G4processes-static.dir/processes/hadronic/models/lend/src/nf_gammaFunctions.cc.o
[ 70%] Building CXX object source/CMakeFiles/G4processes-static.dir/processes/hadronic/models/lend/src/nf_exponentialIntegral.cc.o
[ 70%] Building CXX object source/CMakeFiles/G4processes-static.dir/processes/hadronic/models/lend/src/nf_incompleteGammaFunctions.cc.o
[ 70%] Building CXX object source/CMakeFiles/G4processes-static.dir/processes/hadronic/models/lend/src/nf_polevl.cc.o
[ 70%] Building CXX object source/CMakeFiles/G4processes-static.dir/processes/hadronic/models/lend/src/nf_stringToDoubles.cc.o
[ 70%] Building CXX object source/CMakeFiles/G4processes-static.dir/processes/hadronic/models/lend/src/nf_stringToDoubles_main.cc.o
[ 70%] Building CXX object source/CMakeFiles/G4processes-static.dir/processes/hadronic/models/lend/src/nf_utilities.cc.o
[ 70%] Building CXX object source/CMakeFiles/G4processes-static.dir/processes/hadronic/models/lend/src/ptwXY_binaryOperators.cc.o
[ 70%] Building CXX object source/CMakeFiles/G4processes-static.dir/processes/hadronic/models/lend/src/ptwXY_convenient.cc.o
[ 70%] Building CXX object source/CMakeFiles/G4processes-static.dir/processes/hadronic/models/lend/src/ptwXY_core.cc.o
[ 70%] Building CXX object source/CMakeFiles/G4processes-static.dir/processes/hadronic/models/lend/src/ptwXY_functions.cc.o
[ 70%] Building CXX object source/CMakeFiles/G4processes-static.dir/processes/hadronic/models/lend/src/ptwXY_integration.cc.o
[ 70%] Building CXX object source/CMakeFiles/G4processes-static.dir/processes/hadronic/models/lend/src/ptwXY_interpolation.cc.o
[ 70%] Building CXX object source/CMakeFiles/G4processes-static.dir/processes/hadronic/models/lend/src/ptwXY_methods.cc.o
[ 70%] Building CXX object source/CMakeFiles/G4processes-static.dir/processes/hadronic/models/lend/src/ptwXY_misc.cc.o
[ 70%] Building CXX object source/CMakeFiles/G4processes-static.dir/processes/hadronic/models/lend/src/ptwXY_unitaryOperators.cc.o
[ 70%] Building CXX object source/CMakeFiles/G4processes-static.dir/processes/hadronic/models/lend/src/ptwX_core.cc.o
[ 70%] Building CXX object source/CMakeFiles/G4processes-static.dir/processes/hadronic/models/lend/src/ptwX_misc.cc.o
[ 70%] Building CXX object source/CMakeFiles/G4processes-static.dir/processes/hadronic/models/lend/src/statusMessageReporting.cc.o
[ 71%] Building CXX object source/CMakeFiles/G4processes-static.dir/processes/hadronic/models/lend/src/xDataTOM.cc.o
[ 71%] Building CXX object source/CMakeFiles/G4processes-static.dir/processes/hadronic/models/lend/src/xDataTOM_KalbachMann.cc.o
[ 71%] Building CXX object source/CMakeFiles/G4processes-static.dir/processes/hadronic/models/lend/src/xDataTOM_LegendreSeries.cc.o
[ 71%] Building CXX object source/CMakeFiles/G4processes-static.dir/processes/hadronic/models/lend/src/xDataTOM_Misc.cc.o
[ 71%] Building CXX object source/CMakeFiles/G4processes-static.dir/processes/hadronic/models/lend/src/xDataTOM_V_W_XYs.cc.o
[ 71%] Building CXX object source/CMakeFiles/G4processes-static.dir/processes/hadronic/models/lend/src/xDataTOM_V_W_XYs_LegendreSeries.cc.o
[ 71%] Building CXX object source/CMakeFiles/G4processes-static.dir/processes/hadronic/models/lend/src/xDataTOM_W_XYs.cc.o
[ 71%] Building CXX object source/CMakeFiles/G4processes-static.dir/processes/hadronic/models/lend/src/xDataTOM_W_XYs_LegendreSeries.cc.o
[ 71%] Building CXX object source/CMakeFiles/G4processes-static.dir/processes/hadronic/models/lend/src/xDataTOM_XYs.cc.o
[ 71%] Building CXX object source/CMakeFiles/G4processes-static.dir/processes/hadronic/models/lend/src/xDataTOM_axes.cc.o
[ 71%] Building CXX object source/CMakeFiles/G4processes-static.dir/processes/hadronic/models/lend/src/xDataTOM_importXML.cc.o
[ 71%] Building CXX object source/CMakeFiles/G4processes-static.dir/processes/hadronic/models/lend/src/xDataTOM_importXML_KalbachMann.cc.o
[ 71%] Building CXX object source/CMakeFiles/G4processes-static.dir/processes/hadronic/models/lend/src/xDataTOM_importXML_V_W_XYs.cc.o
[ 71%] Building CXX object source/CMakeFiles/G4processes-static.dir/processes/hadronic/models/lend/src/xDataTOM_importXML_V_W_XYs_LegendreSeries.cc.o
[ 71%] Building CXX object source/CMakeFiles/G4processes-static.dir/processes/hadronic/models/lend/src/xDataTOM_importXML_W_XYs.cc.o
[ 71%] Building CXX object source/CMakeFiles/G4processes-static.dir/processes/hadronic/models/lend/src/xDataTOM_importXML_W_XYs_LegendreSeries.cc.o
[ 71%] Building CXX object source/CMakeFiles/G4processes-static.dir/processes/hadronic/models/lend/src/xDataTOM_importXML_XYs.cc.o
[ 71%] Building CXX object source/CMakeFiles/G4processes-static.dir/processes/hadronic/models/lend/src/xDataTOM_importXML_axes.cc.o
[ 71%] Building CXX object source/CMakeFiles/G4processes-static.dir/processes/hadronic/models/lend/src/xDataTOM_importXML_polynomial.cc.o
[ 71%] Building CXX object source/CMakeFiles/G4processes-static.dir/processes/hadronic/models/lend/src/xDataTOM_importXML_regionsW_XYs_LegendreSeries.cc.o
[ 71%] Building CXX object source/CMakeFiles/G4processes-static.dir/processes/hadronic/models/lend/src/xDataTOM_importXML_regionsXYs.cc.o
[ 71%] Building CXX object source/CMakeFiles/G4processes-static.dir/processes/hadronic/models/lend/src/xDataTOM_interpolation.cc.o
[ 71%] Building CXX object source/CMakeFiles/G4processes-static.dir/processes/hadronic/models/lend/src/xDataTOM_polynomial.cc.o
[ 71%] Building CXX object source/CMakeFiles/G4processes-static.dir/processes/hadronic/models/lend/src/xDataTOM_regionsW_XYs_LegendreSeries.cc.o
[ 71%] Building CXX object source/CMakeFiles/G4processes-static.dir/processes/hadronic/models/lend/src/xDataTOM_regionsXYs.cc.o
[ 71%] Building CXX object source/CMakeFiles/G4processes-static.dir/processes/hadronic/models/lepto_nuclear/src/G4ANuElNucleusCcModel.cc.o
[ 71%] Building CXX object source/CMakeFiles/G4processes-static.dir/processes/hadronic/models/lepto_nuclear/src/G4ANuMuNucleusCcModel.cc.o
[ 71%] Building CXX object source/CMakeFiles/G4processes-static.dir/processes/hadronic/models/lepto_nuclear/src/G4ANuElNucleusNcModel.cc.o
[ 71%] Building CXX object source/CMakeFiles/G4processes-static.dir/processes/hadronic/models/lepto_nuclear/src/G4ANuMuNucleusNcModel.cc.o
[ 71%] Building CXX object source/CMakeFiles/G4processes-static.dir/processes/hadronic/models/lepto_nuclear/src/G4ANuTauNucleusCcModel.cc.o
[ 71%] Building CXX object source/CMakeFiles/G4processes-static.dir/processes/hadronic/models/lepto_nuclear/src/G4ANuTauNucleusNcModel.cc.o
[ 71%] Building CXX object source/CMakeFiles/G4processes-static.dir/processes/hadronic/models/lepto_nuclear/src/G4ElectroVDNuclearModel.cc.o
[ 72%] Building CXX object source/CMakeFiles/G4processes-static.dir/processes/hadronic/models/lepto_nuclear/src/G4MuonVDNuclearModel.cc.o
[ 72%] Building CXX object source/CMakeFiles/G4processes-static.dir/processes/hadronic/models/lepto_nuclear/src/G4NeutrinoElectronCcModel.cc.o
[ 72%] Building CXX object source/CMakeFiles/G4processes-static.dir/processes/hadronic/models/lepto_nuclear/src/G4NeutrinoNucleusModel.cc.o
[ 72%] Building CXX object source/CMakeFiles/G4processes-static.dir/processes/hadronic/models/lepto_nuclear/src/G4NuElNucleusCcModel.cc.o
[ 72%] Building CXX object source/CMakeFiles/G4processes-static.dir/processes/hadronic/models/lepto_nuclear/src/G4NuElNucleusNcModel.cc.o
[ 72%] Building CXX object source/CMakeFiles/G4processes-static.dir/processes/hadronic/models/lepto_nuclear/src/G4NuMuNucleusCcModel.cc.o
[ 72%] Building CXX object source/CMakeFiles/G4processes-static.dir/processes/hadronic/models/lepto_nuclear/src/G4NuMuNucleusNcModel.cc.o
[ 72%] Building CXX object source/CMakeFiles/G4processes-static.dir/processes/hadronic/models/lepto_nuclear/src/G4NuTauNucleusCcModel.cc.o
[ 72%] Building CXX object source/CMakeFiles/G4processes-static.dir/processes/hadronic/models/lepto_nuclear/src/G4NuTauNucleusNcModel.cc.o
[ 72%] Building CXX object source/CMakeFiles/G4processes-static.dir/processes/hadronic/models/nudex/src/G4NuDEXInternalConversion.cc.o
[ 72%] Building CXX object source/CMakeFiles/G4processes-static.dir/processes/hadronic/models/nudex/src/G4NuDEXLevelDensity.cc.o
[ 72%] Building CXX object source/CMakeFiles/G4processes-static.dir/processes/hadronic/models/nudex/src/G4NuDEXNeutronCaptureModel.cc.o
[ 72%] Building CXX object source/CMakeFiles/G4processes-static.dir/processes/hadronic/models/nudex/src/G4NuDEXPSF.cc.o
[ 72%] Building CXX object source/CMakeFiles/G4processes-static.dir/processes/hadronic/models/nudex/src/G4NuDEXRandom.cc.o
[ 72%] Building CXX object source/CMakeFiles/G4processes-static.dir/processes/hadronic/models/nudex/src/G4NuDEXStatisticalNucleus.cc.o
[ 72%] Building CXX object source/CMakeFiles/G4processes-static.dir/processes/hadronic/models/particle_hp/src/G4CrossSectionHP.cc.o
[ 72%] Building CXX object source/CMakeFiles/G4processes-static.dir/processes/hadronic/models/particle_hp/src/G4ENDFTapeRead.cc.o
[ 72%] Building CXX object source/CMakeFiles/G4processes-static.dir/processes/hadronic/models/particle_hp/src/G4ENDFYieldDataContainer.cc.o
[ 72%] Building CXX object source/CMakeFiles/G4processes-static.dir/processes/hadronic/models/particle_hp/src/G4FFGDebuggingMacros.cc.o
[ 72%] Building CXX object source/CMakeFiles/G4processes-static.dir/processes/hadronic/models/particle_hp/src/G4FFGVerboseMacros.cc.o
[ 72%] Building CXX object source/CMakeFiles/G4processes-static.dir/processes/hadronic/models/particle_hp/src/G4FissionFragmentGenerator.cc.o
[ 72%] Building CXX object source/CMakeFiles/G4processes-static.dir/processes/hadronic/models/particle_hp/src/G4FissionProductYieldDist.cc.o
[ 72%] Building CXX object source/CMakeFiles/G4processes-static.dir/processes/hadronic/models/particle_hp/src/G4FPYBiasedLightFragmentDist.cc.o
[ 72%] Building CXX object source/CMakeFiles/G4processes-static.dir/processes/hadronic/models/particle_hp/src/G4FPYNormalFragmentDist.cc.o
[ 72%] Building CXX object source/CMakeFiles/G4processes-static.dir/processes/hadronic/models/particle_hp/src/G4FPYSamplingOps.cc.o
[ 72%] Building CXX object source/CMakeFiles/G4processes-static.dir/processes/hadronic/models/particle_hp/src/G4InterpolationManager.cc.o
[ 72%] Building CXX object source/CMakeFiles/G4processes-static.dir/processes/hadronic/models/particle_hp/src/G4NRESP71M03.cc.o
[ 72%] Building CXX object source/CMakeFiles/G4processes-static.dir/processes/hadronic/models/particle_hp/src/G4NeutronFissionVI.cc.o
[ 72%] Building CXX object source/CMakeFiles/G4processes-static.dir/processes/hadronic/models/particle_hp/src/G4NeutronHPCapture.cc.o
[ 72%] Building CXX object source/CMakeFiles/G4processes-static.dir/processes/hadronic/models/particle_hp/src/G4NeutronHPCaptureData.cc.o
[ 72%] Building CXX object source/CMakeFiles/G4processes-static.dir/processes/hadronic/models/particle_hp/src/G4NeutronHPCaptureFS.cc.o
[ 72%] Building CXX object source/CMakeFiles/G4processes-static.dir/processes/hadronic/models/particle_hp/src/G4NeutronHPCaptureXS.cc.o
[ 73%] Building CXX object source/CMakeFiles/G4processes-static.dir/processes/hadronic/models/particle_hp/src/G4NeutronHPElasticVI.cc.o
[ 73%] Building CXX object source/CMakeFiles/G4processes-static.dir/processes/hadronic/models/particle_hp/src/G4NeutronHPElasticXS.cc.o
[ 73%] Building CXX object source/CMakeFiles/G4processes-static.dir/processes/hadronic/models/particle_hp/src/G4NeutronHPFissionXS.cc.o
[ 73%] Building CXX object source/CMakeFiles/G4processes-static.dir/processes/hadronic/models/particle_hp/src/G4NeutronHPInelasticVI.cc.o
[ 73%] Building CXX object source/CMakeFiles/G4processes-static.dir/processes/hadronic/models/particle_hp/src/G4NeutronHPInelasticXS.cc.o
[ 73%] Building CXX object source/CMakeFiles/G4processes-static.dir/processes/hadronic/models/particle_hp/src/G4NeutronRadCaptureHP.cc.o
[ 73%] Building CXX object source/CMakeFiles/G4processes-static.dir/processes/hadronic/models/particle_hp/src/G4ParticleHPIsoData.cc.o
[ 73%] Building CXX object source/CMakeFiles/G4processes-static.dir/processes/hadronic/models/particle_hp/src/G4ParticleHPIsoProbabilityTable.cc.o
[ 73%] Building CXX object source/CMakeFiles/G4processes-static.dir/processes/hadronic/models/particle_hp/src/G4ParticleHP2AInelasticFS.cc.o
[ 73%] Building CXX object source/CMakeFiles/G4processes-static.dir/processes/hadronic/models/particle_hp/src/G4ParticleHPList.cc.o
[ 73%] Building CXX object source/CMakeFiles/G4processes-static.dir/processes/hadronic/models/particle_hp/src/G4ParticleHP2N2AInelasticFS.cc.o
[ 73%] Building CXX object source/CMakeFiles/G4processes-static.dir/processes/hadronic/models/particle_hp/src/G4ParticleHPPartial.cc.o
[ 73%] Building CXX object source/CMakeFiles/G4processes-static.dir/processes/hadronic/models/particle_hp/src/G4ParticleHP2NAInelasticFS.cc.o
[ 73%] Building CXX object source/CMakeFiles/G4processes-static.dir/processes/hadronic/models/particle_hp/src/G4ParticleHPNames.cc.o
[ 73%] Building CXX object source/CMakeFiles/G4processes-static.dir/processes/hadronic/models/particle_hp/src/G4ParticleHP2NDInelasticFS.cc.o
[ 73%] Building CXX object source/CMakeFiles/G4processes-static.dir/processes/hadronic/models/particle_hp/src/G4ParticleHP2NInelasticFS.cc.o
[ 73%] Building CXX object source/CMakeFiles/G4processes-static.dir/processes/hadronic/models/particle_hp/src/G4ParticleHPProduct.cc.o
[ 73%] Building CXX object source/CMakeFiles/G4processes-static.dir/processes/hadronic/models/particle_hp/src/G4ParticleHP2NPInelasticFS.cc.o
[ 73%] Building CXX object source/CMakeFiles/G4processes-static.dir/processes/hadronic/models/particle_hp/src/G4ParticleHPVector.cc.o
[ 73%] Building CXX object source/CMakeFiles/G4processes-static.dir/processes/hadronic/models/particle_hp/src/G4ParticleHP2PInelasticFS.cc.o
[ 73%] Building CXX object source/CMakeFiles/G4processes-static.dir/processes/hadronic/models/particle_hp/src/G4ParticleHP3AInelasticFS.cc.o
[ 73%] Building CXX object source/CMakeFiles/G4processes-static.dir/processes/hadronic/models/particle_hp/src/G4ParticleHP3NAInelasticFS.cc.o
[ 73%] Building CXX object source/CMakeFiles/G4processes-static.dir/processes/hadronic/models/particle_hp/src/G4ParticleHP3NInelasticFS.cc.o
[ 73%] Building CXX object source/CMakeFiles/G4processes-static.dir/processes/hadronic/models/particle_hp/src/G4ParticleHP3NPInelasticFS.cc.o
[ 73%] Building CXX object source/CMakeFiles/G4processes-static.dir/processes/hadronic/models/particle_hp/src/G4ParticleHP4NInelasticFS.cc.o
[ 73%] Building CXX object source/CMakeFiles/G4processes-static.dir/processes/hadronic/models/particle_hp/src/G4ParticleHPAInelasticFS.cc.o
[ 73%] Building CXX object source/CMakeFiles/G4processes-static.dir/processes/hadronic/models/particle_hp/src/G4ParticleHPAngular.cc.o
[ 73%] Building CXX object source/CMakeFiles/G4processes-static.dir/processes/hadronic/models/particle_hp/src/G4ParticleHPArbitaryTab.cc.o
[ 73%] Building CXX object source/CMakeFiles/G4processes-static.dir/processes/hadronic/models/particle_hp/src/G4ParticleHPCaptureDataPT.cc.o
[ 73%] Building CXX object source/CMakeFiles/G4processes-static.dir/processes/hadronic/models/particle_hp/src/G4ParticleHPCaptureURR.cc.o
[ 73%] Building CXX object source/CMakeFiles/G4processes-static.dir/processes/hadronic/models/particle_hp/src/G4ParticleHPChannel.cc.o
[ 74%] Building CXX object source/CMakeFiles/G4processes-static.dir/processes/hadronic/models/particle_hp/src/G4ParticleHPChannelList.cc.o
[ 74%] Building CXX object source/CMakeFiles/G4processes-static.dir/processes/hadronic/models/particle_hp/src/G4ParticleHPContAngularPar.cc.o
[ 74%] Building CXX object source/CMakeFiles/G4processes-static.dir/processes/hadronic/models/particle_hp/src/G4ParticleHPContEnergyAngular.cc.o
[ 74%] Building CXX object source/CMakeFiles/G4processes-static.dir/processes/hadronic/models/particle_hp/src/G4ParticleHPD2AInelasticFS.cc.o
[ 74%] Building CXX object source/CMakeFiles/G4processes-static.dir/processes/hadronic/models/particle_hp/src/G4ParticleHPDAInelasticFS.cc.o
[ 74%] Building CXX object source/CMakeFiles/G4processes-static.dir/processes/hadronic/models/particle_hp/src/G4ParticleHPDInelasticFS.cc.o
[ 74%] Building CXX object source/CMakeFiles/G4processes-static.dir/processes/hadronic/models/particle_hp/src/G4ParticleHPData.cc.o
[ 74%] Building CXX object source/CMakeFiles/G4processes-static.dir/processes/hadronic/models/particle_hp/src/G4ParticleHPDeExGammas.cc.o
[ 74%] Building CXX object source/CMakeFiles/G4processes-static.dir/processes/hadronic/models/particle_hp/src/G4ParticleHPDiscreteTwoBody.cc.o
[ 74%] Building CXX object source/CMakeFiles/G4processes-static.dir/processes/hadronic/models/particle_hp/src/G4ParticleHPElastic.cc.o
[ 74%] Building CXX object source/CMakeFiles/G4processes-static.dir/processes/hadronic/models/particle_hp/src/G4ParticleHPElasticData.cc.o
[ 74%] Building CXX object source/CMakeFiles/G4processes-static.dir/processes/hadronic/models/particle_hp/src/G4ParticleHPElasticDataPT.cc.o
[ 74%] Building CXX object source/CMakeFiles/G4processes-static.dir/processes/hadronic/models/particle_hp/src/G4ParticleHPElasticFS.cc.o
[ 74%] Building CXX object source/CMakeFiles/G4processes-static.dir/processes/hadronic/models/particle_hp/src/G4ParticleHPElasticURR.cc.o
[ 74%] Building CXX object source/CMakeFiles/G4processes-static.dir/processes/hadronic/models/particle_hp/src/G4ParticleHPElementData.cc.o
[ 74%] Building CXX object source/CMakeFiles/G4processes-static.dir/processes/hadronic/models/particle_hp/src/G4ParticleHPEnAngCorrelation.cc.o
[ 74%] Building CXX object source/CMakeFiles/G4processes-static.dir/processes/hadronic/models/particle_hp/src/G4ParticleHPFCFissionFS.cc.o
[ 74%] Building CXX object source/CMakeFiles/G4processes-static.dir/processes/hadronic/models/particle_hp/src/G4ParticleHPFFFissionFS.cc.o
[ 74%] Building CXX object source/CMakeFiles/G4processes-static.dir/processes/hadronic/models/particle_hp/src/G4ParticleHPFSFissionFS.cc.o
[ 74%] Building CXX object source/CMakeFiles/G4processes-static.dir/processes/hadronic/models/particle_hp/src/G4ParticleHPFastLegendre.cc.o
[ 74%] Building CXX object source/CMakeFiles/G4processes-static.dir/processes/hadronic/models/particle_hp/src/G4ParticleHPFastLegendre_14.cc.o
[ 74%] Building CXX object source/CMakeFiles/G4processes-static.dir/processes/hadronic/models/particle_hp/src/G4ParticleHPFastLegendre_18.cc.o
[ 74%] Building CXX object source/CMakeFiles/G4processes-static.dir/processes/hadronic/models/particle_hp/src/G4ParticleHPFastLegendre_21.cc.o
[ 74%] Building CXX object source/CMakeFiles/G4processes-static.dir/processes/hadronic/models/particle_hp/src/G4ParticleHPFastLegendre_24.cc.o
[ 74%] Building CXX object source/CMakeFiles/G4processes-static.dir/processes/hadronic/models/particle_hp/src/G4ParticleHPFastLegendre_26.cc.o
[ 74%] Building CXX object source/CMakeFiles/G4processes-static.dir/processes/hadronic/models/particle_hp/src/G4ParticleHPFastLegendre_28.cc.o
[ 74%] Building CXX object source/CMakeFiles/G4processes-static.dir/processes/hadronic/models/particle_hp/src/G4ParticleHPFastLegendre_30.cc.o
[ 74%] Building CXX object source/CMakeFiles/G4processes-static.dir/processes/hadronic/models/particle_hp/src/G4ParticleHPField.cc.o
[ 74%] Building CXX object source/CMakeFiles/G4processes-static.dir/processes/hadronic/models/particle_hp/src/G4ParticleHPFieldPoint.cc.o
[ 74%] Building CXX object source/CMakeFiles/G4processes-static.dir/processes/hadronic/models/particle_hp/src/G4ParticleHPFinalState.cc.o
[ 74%] Building CXX object source/CMakeFiles/G4processes-static.dir/processes/hadronic/models/particle_hp/src/G4ParticleHPFission.cc.o
[ 74%] Building CXX object source/CMakeFiles/G4processes-static.dir/processes/hadronic/models/particle_hp/src/G4ParticleHPFissionBaseFS.cc.o
[ 75%] Building CXX object source/CMakeFiles/G4processes-static.dir/processes/hadronic/models/particle_hp/src/G4ParticleHPFissionData.cc.o
[ 75%] Building CXX object source/CMakeFiles/G4processes-static.dir/processes/hadronic/models/particle_hp/src/G4ParticleHPFissionDataPT.cc.o
[ 75%] Building CXX object source/CMakeFiles/G4processes-static.dir/processes/hadronic/models/particle_hp/src/G4ParticleHPFissionFS.cc.o
[ 75%] Building CXX object source/CMakeFiles/G4processes-static.dir/processes/hadronic/models/particle_hp/src/G4ParticleHPFissionURR.cc.o
[ 75%] Building CXX object source/CMakeFiles/G4processes-static.dir/processes/hadronic/models/particle_hp/src/G4ParticleHPHe3InelasticFS.cc.o
[ 75%] Building CXX object source/CMakeFiles/G4processes-static.dir/processes/hadronic/models/particle_hp/src/G4ParticleHPInelastic.cc.o
[ 75%] Building CXX object source/CMakeFiles/G4processes-static.dir/processes/hadronic/models/particle_hp/src/G4ParticleHPInelasticBaseFS.cc.o
[ 75%] Building CXX object source/CMakeFiles/G4processes-static.dir/processes/hadronic/models/particle_hp/src/G4ParticleHPInelasticCompFS.cc.o
[ 75%] Building CXX object source/CMakeFiles/G4processes-static.dir/processes/hadronic/models/particle_hp/src/G4ParticleHPInelasticData.cc.o
[ 75%] Building CXX object source/CMakeFiles/G4processes-static.dir/processes/hadronic/models/particle_hp/src/G4ParticleHPInelasticDataPT.cc.o
[ 75%] Building CXX object source/CMakeFiles/G4processes-static.dir/processes/hadronic/models/particle_hp/src/G4ParticleHPInelasticURR.cc.o
[ 75%] Building CXX object source/CMakeFiles/G4processes-static.dir/processes/hadronic/models/particle_hp/src/G4ParticleHPInelasticXS.cc.o
[ 75%] Building CXX object source/CMakeFiles/G4processes-static.dir/processes/hadronic/models/particle_hp/src/G4ParticleHPInterpolator.cc.o
[ 75%] Building CXX object source/CMakeFiles/G4processes-static.dir/processes/hadronic/models/particle_hp/src/G4ParticleHPIsoProbabilityTable_CALENDF.cc.o
[ 75%] Building CXX object source/CMakeFiles/G4processes-static.dir/processes/hadronic/models/particle_hp/src/G4ParticleHPIsoProbabilityTable_NJOY.cc.o
[ 75%] Building CXX object source/CMakeFiles/G4processes-static.dir/processes/hadronic/models/particle_hp/src/G4ParticleHPIsotropic.cc.o
[ 75%] Building CXX object source/CMakeFiles/G4processes-static.dir/processes/hadronic/models/particle_hp/src/G4ParticleHPJENDLHEData.cc.o
[ 75%] Building CXX object source/CMakeFiles/G4processes-static.dir/processes/hadronic/models/particle_hp/src/G4ParticleHPJENDLHEElasticData.cc.o
[ 75%] Building CXX object source/CMakeFiles/G4processes-static.dir/processes/hadronic/models/particle_hp/src/G4ParticleHPJENDLHEInelasticData.cc.o
[ 75%] Building CXX object source/CMakeFiles/G4processes-static.dir/processes/hadronic/models/particle_hp/src/G4ParticleHPKallbachMannSyst.cc.o
[ 75%] Building CXX object source/CMakeFiles/G4processes-static.dir/processes/hadronic/models/particle_hp/src/G4ParticleHPLCFissionFS.cc.o
[ 75%] Building CXX object source/CMakeFiles/G4processes-static.dir/processes/hadronic/models/particle_hp/src/G4ParticleHPLabAngularEnergy.cc.o
[ 75%] Building CXX object source/CMakeFiles/G4processes-static.dir/processes/hadronic/models/particle_hp/src/G4ParticleHPLegendreStore.cc.o
[ 75%] Building CXX object source/CMakeFiles/G4processes-static.dir/processes/hadronic/models/particle_hp/src/G4ParticleHPMadlandNixSpectrum.cc.o
[ 75%] Building CXX object source/CMakeFiles/G4processes-static.dir/processes/hadronic/models/particle_hp/src/G4ParticleHPN2AInelasticFS.cc.o
[ 75%] Building CXX object source/CMakeFiles/G4processes-static.dir/processes/hadronic/models/particle_hp/src/G4ParticleHPN2PInelasticFS.cc.o
[ 75%] Building CXX object source/CMakeFiles/G4processes-static.dir/processes/hadronic/models/particle_hp/src/G4ParticleHPN3AInelasticFS.cc.o
[ 75%] Building CXX object source/CMakeFiles/G4processes-static.dir/processes/hadronic/models/particle_hp/src/G4ParticleHPNAInelasticFS.cc.o
[ 75%] Building CXX object source/CMakeFiles/G4processes-static.dir/processes/hadronic/models/particle_hp/src/G4ParticleHPNBodyPhaseSpace.cc.o
[ 75%] Building CXX object source/CMakeFiles/G4processes-static.dir/processes/hadronic/models/particle_hp/src/G4ParticleHPND2AInelasticFS.cc.o
[ 75%] Building CXX object source/CMakeFiles/G4processes-static.dir/processes/hadronic/models/particle_hp/src/G4ParticleHPNDInelasticFS.cc.o
[ 75%] Building CXX object source/CMakeFiles/G4processes-static.dir/processes/hadronic/models/particle_hp/src/G4ParticleHPNHe3InelasticFS.cc.o
[ 76%] Building CXX object source/CMakeFiles/G4processes-static.dir/processes/hadronic/models/particle_hp/src/G4ParticleHPNInelasticFS.cc.o
[ 76%] Building CXX object source/CMakeFiles/G4processes-static.dir/processes/hadronic/models/particle_hp/src/G4ParticleHPNPAInelasticFS.cc.o
[ 76%] Building CXX object source/CMakeFiles/G4processes-static.dir/processes/hadronic/models/particle_hp/src/G4ParticleHPNPInelasticFS.cc.o
[ 76%] Building CXX object source/CMakeFiles/G4processes-static.dir/processes/hadronic/models/particle_hp/src/G4ParticleHPNT2AInelasticFS.cc.o
[ 76%] Building CXX object source/CMakeFiles/G4processes-static.dir/processes/hadronic/models/particle_hp/src/G4ParticleHPNTInelasticFS.cc.o
[ 76%] Building CXX object source/CMakeFiles/G4processes-static.dir/processes/hadronic/models/particle_hp/src/G4ParticleHPNXInelasticFS.cc.o
[ 76%] Building CXX object source/CMakeFiles/G4processes-static.dir/processes/hadronic/models/particle_hp/src/G4ParticleHPNucLevel.cc.o
[ 76%] Building CXX object source/CMakeFiles/G4processes-static.dir/processes/hadronic/models/particle_hp/src/G4ParticleHPPAInelasticFS.cc.o
[ 76%] Building CXX object source/CMakeFiles/G4processes-static.dir/processes/hadronic/models/particle_hp/src/G4ParticleHPPDInelasticFS.cc.o
[ 76%] Building CXX object source/CMakeFiles/G4processes-static.dir/processes/hadronic/models/particle_hp/src/G4ParticleHPPInelasticFS.cc.o
[ 76%] Building CXX object source/CMakeFiles/G4processes-static.dir/processes/hadronic/models/particle_hp/src/G4ParticleHPPTInelasticFS.cc.o
[ 76%] Building CXX object source/CMakeFiles/G4processes-static.dir/processes/hadronic/models/particle_hp/src/G4ParticleHPPhotonDist.cc.o
[ 76%] Building CXX object source/CMakeFiles/G4processes-static.dir/processes/hadronic/models/particle_hp/src/G4ParticleHPProbabilityTablesStore.cc.o
[ 76%] Building CXX object source/CMakeFiles/G4processes-static.dir/processes/hadronic/models/particle_hp/src/G4ParticleHPSCFissionFS.cc.o
[ 76%] Building CXX object source/CMakeFiles/G4processes-static.dir/processes/hadronic/models/particle_hp/src/G4ParticleHPT2AInelasticFS.cc.o
[ 76%] Building CXX object source/CMakeFiles/G4processes-static.dir/processes/hadronic/models/particle_hp/src/G4ParticleHPTCFissionFS.cc.o
[ 76%] Building CXX object source/CMakeFiles/G4processes-static.dir/processes/hadronic/models/particle_hp/src/G4ParticleHPTInelasticFS.cc.o
[ 76%] Building CXX object source/CMakeFiles/G4processes-static.dir/processes/hadronic/models/particle_hp/src/G4ParticleHPThermalScattering.cc.o
[ 76%] Building CXX object source/CMakeFiles/G4processes-static.dir/processes/hadronic/models/particle_hp/src/G4ParticleHPThermalScatteringData.cc.o
[ 76%] Building CXX object source/CMakeFiles/G4processes-static.dir/processes/hadronic/models/particle_hp/src/G4ParticleHPThermalScatteringNames.cc.o
[ 76%] Building CXX object source/CMakeFiles/G4processes-static.dir/processes/hadronic/models/particle_hp/src/G4ParticleHPWattSpectrum.cc.o
[ 76%] Building CXX object source/CMakeFiles/G4processes-static.dir/processes/hadronic/models/particle_hp/src/G4ParticleHPBGGNucleonInelasticXS.cc.o
[ 76%] Building CXX object source/CMakeFiles/G4processes-static.dir/processes/hadronic/models/particle_hp/src/G4ParticleHPManager.cc.o
[ 76%] Building CXX object source/CMakeFiles/G4processes-static.dir/processes/hadronic/models/particle_hp/src/G4ParticleHPThreadLocalManager.cc.o
[ 76%] Building CXX object source/CMakeFiles/G4processes-static.dir/processes/hadronic/models/particle_hp/src/G4ParticleHPReactionWhiteBoard.cc.o
[ 76%] Building CXX object source/CMakeFiles/G4processes-static.dir/processes/hadronic/models/particle_hp/src/G4ParticleHPMessenger.cc.o
[ 76%] Building CXX object source/CMakeFiles/G4processes-static.dir/processes/hadronic/models/particle_hp/src/G4ShiftedGaussian.cc.o
[ 76%] Building CXX object source/CMakeFiles/G4processes-static.dir/processes/hadronic/models/particle_hp/src/G4WendtFissionFragmentGenerator.cc.o
[ 76%] Building CXX object source/CMakeFiles/G4processes-static.dir/processes/hadronic/models/parton_string/diffraction/src/G4DiffractiveExcitation.cc.o
[ 76%] Building CXX object source/CMakeFiles/G4processes-static.dir/processes/hadronic/models/parton_string/diffraction/src/G4DiffractiveSplitableHadron.cc.o
[ 76%] Building CXX object source/CMakeFiles/G4processes-static.dir/processes/hadronic/models/parton_string/diffraction/src/G4ElasticHNScattering.cc.o
[ 77%] Building CXX object source/CMakeFiles/G4processes-static.dir/processes/hadronic/models/parton_string/diffraction/src/G4FTFAnnihilation.cc.o
[ 77%] Building CXX object source/CMakeFiles/G4processes-static.dir/processes/hadronic/models/parton_string/diffraction/src/G4FTFModel.cc.o
[ 77%] Building CXX object source/CMakeFiles/G4processes-static.dir/processes/hadronic/models/parton_string/diffraction/src/G4FTFParameters.cc.o
[ 77%] Building CXX object source/CMakeFiles/G4processes-static.dir/processes/hadronic/models/parton_string/diffraction/src/G4FTFParticipants.cc.o
[ 77%] Building CXX object source/CMakeFiles/G4processes-static.dir/processes/hadronic/models/parton_string/diffraction/src/G4FTFTunings.cc.o
[ 77%] Building CXX object source/CMakeFiles/G4processes-static.dir/processes/hadronic/models/parton_string/diffraction/src/G4FTFTuningsMessenger.cc.o
[ 77%] Building CXX object source/CMakeFiles/G4processes-static.dir/processes/hadronic/models/parton_string/hadronization/src/G4ExcitedStringDecay.cc.o
[ 77%] Building CXX object source/CMakeFiles/G4processes-static.dir/processes/hadronic/models/parton_string/hadronization/src/G4FragmentingString.cc.o
[ 77%] Building CXX object source/CMakeFiles/G4processes-static.dir/processes/hadronic/models/parton_string/hadronization/src/G4HadronBuilder.cc.o
[ 77%] Building CXX object source/CMakeFiles/G4processes-static.dir/processes/hadronic/models/parton_string/hadronization/src/G4LundStringFragmentation.cc.o
[ 77%] Building CXX object source/CMakeFiles/G4processes-static.dir/processes/hadronic/models/parton_string/hadronization/src/G4QGSMFragmentation.cc.o
[ 77%] Building CXX object source/CMakeFiles/G4processes-static.dir/processes/hadronic/models/parton_string/hadronization/src/G4VLongitudinalStringDecay.cc.o
[ 77%] Building CXX object source/CMakeFiles/G4processes-static.dir/processes/hadronic/models/parton_string/management/src/G4InteractionContent.cc.o
[ 77%] Building CXX object source/CMakeFiles/G4processes-static.dir/processes/hadronic/models/parton_string/management/src/G4StringModel.cc.o
[ 77%] Building CXX object source/CMakeFiles/G4processes-static.dir/processes/hadronic/models/parton_string/management/src/G4VParticipants.cc.o
[ 77%] Building CXX object source/CMakeFiles/G4processes-static.dir/processes/hadronic/models/parton_string/management/src/G4VPartonStringModel.cc.o
[ 77%] Building CXX object source/CMakeFiles/G4processes-static.dir/processes/hadronic/models/parton_string/management/src/G4VSplitableHadron.cc.o
[ 77%] Building CXX object source/CMakeFiles/G4processes-static.dir/processes/hadronic/models/parton_string/management/src/G4VStringFragmentation.cc.o
[ 77%] Building CXX object source/CMakeFiles/G4processes-static.dir/processes/hadronic/models/parton_string/qgsm/src/G4BaryonSplitter.cc.o
[ 77%] Building CXX object source/CMakeFiles/G4processes-static.dir/processes/hadronic/models/parton_string/qgsm/src/G4DiffractiveStringBuilder.cc.o
[ 77%] Building CXX object source/CMakeFiles/G4processes-static.dir/processes/hadronic/models/parton_string/qgsm/src/G4GammaParticipants.cc.o
[ 77%] Building CXX object source/CMakeFiles/G4processes-static.dir/processes/hadronic/models/parton_string/qgsm/src/G4MesonSplitter.cc.o
[ 77%] Building CXX object source/CMakeFiles/G4processes-static.dir/processes/hadronic/models/parton_string/qgsm/src/G4PartonPair.cc.o
[ 77%] Building CXX object source/CMakeFiles/G4processes-static.dir/processes/hadronic/models/parton_string/qgsm/src/G4QGSDiffractiveExcitation.cc.o
[ 77%] Building CXX object source/CMakeFiles/G4processes-static.dir/processes/hadronic/models/parton_string/qgsm/src/G4QGSMSplitableHadron.cc.o
[ 77%] Building CXX object source/CMakeFiles/G4processes-static.dir/processes/hadronic/models/parton_string/qgsm/src/G4QGSParticipants.cc.o
[ 77%] Building CXX object source/CMakeFiles/G4processes-static.dir/processes/hadronic/models/parton_string/qgsm/src/G4QuarkExchange.cc.o
[ 77%] Building CXX object source/CMakeFiles/G4processes-static.dir/processes/hadronic/models/parton_string/qgsm/src/G4Reggeons.cc.o
[ 77%] Building CXX object source/CMakeFiles/G4processes-static.dir/processes/hadronic/models/parton_string/qgsm/src/G4SingleDiffractiveExcitation.cc.o
[ 77%] Building CXX object source/CMakeFiles/G4processes-static.dir/processes/hadronic/models/parton_string/qgsm/src/G4SoftStringBuilder.cc.o
[ 77%] Building CXX object source/CMakeFiles/G4processes-static.dir/processes/hadronic/models/parton_string/qgsm/src/G4SPBaryon.cc.o
[ 77%] Building CXX object source/CMakeFiles/G4processes-static.dir/processes/hadronic/models/pre_equilibrium/exciton_model/src/G4GNASHTransitions.cc.o
[ 78%] Building CXX object source/CMakeFiles/G4processes-static.dir/processes/hadronic/models/pre_equilibrium/exciton_model/src/G4HETCAlpha.cc.o
[ 78%] Building CXX object source/CMakeFiles/G4processes-static.dir/processes/hadronic/models/pre_equilibrium/exciton_model/src/G4HETCChargedFragment.cc.o
[ 78%] Building CXX object source/CMakeFiles/G4processes-static.dir/processes/hadronic/models/pre_equilibrium/exciton_model/src/G4HETCDeuteron.cc.o
[ 78%] Building CXX object source/CMakeFiles/G4processes-static.dir/processes/hadronic/models/pre_equilibrium/exciton_model/src/G4HETCEmissionFactory.cc.o
[ 78%] Building CXX object source/CMakeFiles/G4processes-static.dir/processes/hadronic/models/pre_equilibrium/exciton_model/src/G4HETCFragment.cc.o
[ 78%] Building CXX object source/CMakeFiles/G4processes-static.dir/processes/hadronic/models/pre_equilibrium/exciton_model/src/G4HETCHe3.cc.o
[ 78%] Building CXX object source/CMakeFiles/G4processes-static.dir/processes/hadronic/models/pre_equilibrium/exciton_model/src/G4HETCNeutron.cc.o
[ 78%] Building CXX object source/CMakeFiles/G4processes-static.dir/processes/hadronic/models/pre_equilibrium/exciton_model/src/G4HETCProton.cc.o
[ 78%] Building CXX object source/CMakeFiles/G4processes-static.dir/processes/hadronic/models/pre_equilibrium/exciton_model/src/G4HETCTriton.cc.o
[ 78%] Building CXX object source/CMakeFiles/G4processes-static.dir/processes/hadronic/models/pre_equilibrium/exciton_model/src/G4LowEGammaNuclearModel.cc.o
[ 78%] Building CXX object source/CMakeFiles/G4processes-static.dir/processes/hadronic/models/pre_equilibrium/exciton_model/src/G4LowEIonFragmentation.cc.o
[ 78%] Building CXX object source/CMakeFiles/G4processes-static.dir/processes/hadronic/models/pre_equilibrium/exciton_model/src/G4PreCompoundAlpha.cc.o
[ 78%] Building CXX object source/CMakeFiles/G4processes-static.dir/processes/hadronic/models/pre_equilibrium/exciton_model/src/G4PreCompoundDeuteron.cc.o
[ 78%] Building CXX object source/CMakeFiles/G4processes-static.dir/processes/hadronic/models/pre_equilibrium/exciton_model/src/G4PreCompoundEmission.cc.o
[ 78%] Building CXX object source/CMakeFiles/G4processes-static.dir/processes/hadronic/models/pre_equilibrium/exciton_model/src/G4PreCompoundEmissionFactory.cc.o
[ 78%] Building CXX object source/CMakeFiles/G4processes-static.dir/processes/hadronic/models/pre_equilibrium/exciton_model/src/G4PreCompoundFragment.cc.o
[ 78%] Building CXX object source/CMakeFiles/G4processes-static.dir/processes/hadronic/models/pre_equilibrium/exciton_model/src/G4PreCompoundFragmentVector.cc.o
[ 78%] Building CXX object source/CMakeFiles/G4processes-static.dir/processes/hadronic/models/pre_equilibrium/exciton_model/src/G4PreCompoundHe3.cc.o
[ 78%] Building CXX object source/CMakeFiles/G4processes-static.dir/processes/hadronic/models/pre_equilibrium/exciton_model/src/G4PreCompoundIon.cc.o
[ 78%] Building CXX object source/CMakeFiles/G4processes-static.dir/processes/hadronic/models/pre_equilibrium/exciton_model/src/G4PreCompoundModel.cc.o
[ 78%] Building CXX object source/CMakeFiles/G4processes-static.dir/processes/hadronic/models/pre_equilibrium/exciton_model/src/G4PreCompoundNeutron.cc.o
[ 78%] Building CXX object source/CMakeFiles/G4processes-static.dir/processes/hadronic/models/pre_equilibrium/exciton_model/src/G4PreCompoundNucleon.cc.o
[ 78%] Building CXX object source/CMakeFiles/G4processes-static.dir/processes/hadronic/models/pre_equilibrium/exciton_model/src/G4PreCompoundProton.cc.o
[ 78%] Building CXX object source/CMakeFiles/G4processes-static.dir/processes/hadronic/models/pre_equilibrium/exciton_model/src/G4PreCompoundTransitions.cc.o
[ 78%] Building CXX object source/CMakeFiles/G4processes-static.dir/processes/hadronic/models/pre_equilibrium/exciton_model/src/G4PreCompoundTriton.cc.o
[ 78%] Building CXX object source/CMakeFiles/G4processes-static.dir/processes/hadronic/models/pre_equilibrium/exciton_model/src/G4VPreCompoundEmissionFactory.cc.o
[ 78%] Building CXX object source/CMakeFiles/G4processes-static.dir/processes/hadronic/models/pre_equilibrium/exciton_model/src/G4VPreCompoundFragment.cc.o
[ 78%] Building CXX object source/CMakeFiles/G4processes-static.dir/processes/hadronic/models/pre_equilibrium/exciton_model/src/G4VPreCompoundTransitions.cc.o
[ 78%] Building CXX object source/CMakeFiles/G4processes-static.dir/processes/hadronic/models/qmd/src/G4QMDCollision.cc.o
[ 78%] Building CXX object source/CMakeFiles/G4processes-static.dir/processes/hadronic/models/qmd/src/G4QMDGroundStateNucleus.cc.o
[ 78%] Building CXX object source/CMakeFiles/G4processes-static.dir/processes/hadronic/models/qmd/src/G4QMDMeanField.cc.o
[ 78%] Building CXX object source/CMakeFiles/G4processes-static.dir/processes/hadronic/models/qmd/src/G4QMDNucleus.cc.o
[ 79%] Building CXX object source/CMakeFiles/G4processes-static.dir/processes/hadronic/models/qmd/src/G4QMDParameters.cc.o
[ 79%] Building CXX object source/CMakeFiles/G4processes-static.dir/processes/hadronic/models/qmd/src/G4QMDParticipant.cc.o
[ 79%] Building CXX object source/CMakeFiles/G4processes-static.dir/processes/hadronic/models/qmd/src/G4QMDReaction.cc.o
[ 79%] Building CXX object source/CMakeFiles/G4processes-static.dir/processes/hadronic/models/qmd/src/G4QMDSystem.cc.o
[ 79%] Building CXX object source/CMakeFiles/G4processes-static.dir/processes/hadronic/models/qmd/src/G4LightIonQMDCollision.cc.o
[ 79%] Building CXX object source/CMakeFiles/G4processes-static.dir/processes/hadronic/models/qmd/src/G4LightIonQMDGroundStateNucleus.cc.o
[ 79%] Building CXX object source/CMakeFiles/G4processes-static.dir/processes/hadronic/models/qmd/src/G4LightIonQMDMeanField.cc.o
[ 79%] Building CXX object source/CMakeFiles/G4processes-static.dir/processes/hadronic/models/qmd/src/G4LightIonQMDNucleus.cc.o
[ 79%] Building CXX object source/CMakeFiles/G4processes-static.dir/processes/hadronic/models/qmd/src/G4LightIonQMDParameters.cc.o
[ 79%] Building CXX object source/CMakeFiles/G4processes-static.dir/processes/hadronic/models/qmd/src/G4LightIonQMDReaction.cc.o
[ 79%] Building CXX object source/CMakeFiles/G4processes-static.dir/processes/hadronic/models/quasi_elastic/src/G4QuasiElRatios.cc.o
[ 79%] Building CXX object source/CMakeFiles/G4processes-static.dir/processes/hadronic/models/radioactive_decay/src/G4AlphaDecay.cc.o
[ 79%] Building CXX object source/CMakeFiles/G4processes-static.dir/processes/hadronic/models/radioactive_decay/src/G4BatemanParameters.cc.o
[ 79%] Building CXX object source/CMakeFiles/G4processes-static.dir/processes/hadronic/models/radioactive_decay/src/G4BetaDecayCorrections.cc.o
[ 79%] Building CXX object source/CMakeFiles/G4processes-static.dir/processes/hadronic/models/radioactive_decay/src/G4BetaDecayType.cc.o
[ 79%] Building CXX object source/CMakeFiles/G4processes-static.dir/processes/hadronic/models/radioactive_decay/src/G4BetaMinusDecay.cc.o
[ 79%] Building CXX object source/CMakeFiles/G4processes-static.dir/processes/hadronic/models/radioactive_decay/src/G4BetaPlusDecay.cc.o
[ 79%] Building CXX object source/CMakeFiles/G4processes-static.dir/processes/hadronic/models/radioactive_decay/src/G4BetaSpectrumSampler.cc.o
[ 79%] Building CXX object source/CMakeFiles/G4processes-static.dir/processes/hadronic/models/radioactive_decay/src/G4ECDecay.cc.o
[ 79%] Building CXX object source/CMakeFiles/G4processes-static.dir/processes/hadronic/models/radioactive_decay/src/G4ITDecay.cc.o
[ 79%] Building CXX object source/CMakeFiles/G4processes-static.dir/processes/hadronic/models/radioactive_decay/src/G4SFDecay.cc.o
[ 79%] Building CXX object source/CMakeFiles/G4processes-static.dir/processes/hadronic/models/radioactive_decay/src/G4NeutronDecay.cc.o
[ 79%] Building CXX object source/CMakeFiles/G4processes-static.dir/processes/hadronic/models/radioactive_decay/src/G4NuclearDecay.cc.o
[ 79%] Building CXX object source/CMakeFiles/G4processes-static.dir/processes/hadronic/models/radioactive_decay/src/G4NucleusLimits.cc.o
[ 79%] Building CXX object source/CMakeFiles/G4processes-static.dir/processes/hadronic/models/radioactive_decay/src/G4ProtonDecay.cc.o
[ 79%] Building CXX object source/CMakeFiles/G4processes-static.dir/processes/hadronic/models/radioactive_decay/src/G4RadioactiveDecay.cc.o
[ 79%] Building CXX object source/CMakeFiles/G4processes-static.dir/processes/hadronic/models/radioactive_decay/src/G4RadioactiveDecayMessenger.cc.o
[ 79%] Building CXX object source/CMakeFiles/G4processes-static.dir/processes/hadronic/models/radioactive_decay/src/G4RadioactivationMessenger.cc.o
[ 79%] Building CXX object source/CMakeFiles/G4processes-static.dir/processes/hadronic/models/radioactive_decay/src/G4RadioactiveDecayMode.cc.o
[ 79%] Building CXX object source/CMakeFiles/G4processes-static.dir/processes/hadronic/models/radioactive_decay/src/G4RadioactiveDecayRatesToDaughter.cc.o
[ 79%] Building CXX object source/CMakeFiles/G4processes-static.dir/processes/hadronic/models/radioactive_decay/src/G4RadioactiveDecayChainsFromParent.cc.o
[ 80%] Building CXX object source/CMakeFiles/G4processes-static.dir/processes/hadronic/models/radioactive_decay/src/G4RadioactivityTable.cc.o
[ 80%] Building CXX object source/CMakeFiles/G4processes-static.dir/processes/hadronic/models/radioactive_decay/src/G4TritonDecay.cc.o
[ 80%] Building CXX object source/CMakeFiles/G4processes-static.dir/processes/hadronic/models/radioactive_decay/src/G4UIcmdWithNucleusLimits.cc.o
[ 80%] Building CXX object source/CMakeFiles/G4processes-static.dir/processes/hadronic/models/radioactive_decay/src/G4VRadioactiveDecay.cc.o
[ 80%] Building CXX object source/CMakeFiles/G4processes-static.dir/processes/hadronic/models/theo_high_energy/src/G4CRCoalescence.cc.o
[ 80%] Building CXX object source/CMakeFiles/G4processes-static.dir/processes/hadronic/models/theo_high_energy/src/G4QuasiElasticChannel.cc.o
[ 80%] Building CXX object source/CMakeFiles/G4processes-static.dir/processes/hadronic/models/theo_high_energy/src/G4TheoFSGenerator.cc.o
[ 80%] Building CXX object source/CMakeFiles/G4processes-static.dir/processes/hadronic/processes/src/G4ElectronNuclearProcess.cc.o
[ 80%] Building CXX object source/CMakeFiles/G4processes-static.dir/processes/hadronic/processes/src/G4ElNeutrinoNucleusProcess.cc.o
[ 80%] Building CXX object source/CMakeFiles/G4processes-static.dir/processes/hadronic/processes/src/G4HadronElasticProcess.cc.o
[ 80%] Building CXX object source/CMakeFiles/G4processes-static.dir/processes/hadronic/processes/src/G4HadronInelasticProcess.cc.o
[ 80%] Building CXX object source/CMakeFiles/G4processes-static.dir/processes/hadronic/processes/src/G4MuNeutrinoNucleusProcess.cc.o
[ 80%] Building CXX object source/CMakeFiles/G4processes-static.dir/processes/hadronic/processes/src/G4MuonNuclearProcess.cc.o
[ 80%] Building CXX object source/CMakeFiles/G4processes-static.dir/processes/hadronic/processes/src/G4NeutrinoElectronProcess.cc.o
[ 80%] Building CXX object source/CMakeFiles/G4processes-static.dir/processes/hadronic/processes/src/G4NeutronCaptureProcess.cc.o
[ 80%] Building CXX object source/CMakeFiles/G4processes-static.dir/processes/hadronic/processes/src/G4NeutronFissionProcess.cc.o
[ 80%] Building CXX object source/CMakeFiles/G4processes-static.dir/processes/hadronic/processes/src/G4NeutronGeneralProcess.cc.o
[ 80%] Building CXX object source/CMakeFiles/G4processes-static.dir/processes/hadronic/processes/src/G4NuVacOscProcess.cc.o
[ 80%] Building CXX object source/CMakeFiles/G4processes-static.dir/processes/hadronic/processes/src/G4PositronNuclearProcess.cc.o
[ 80%] Building CXX object source/CMakeFiles/G4processes-static.dir/processes/hadronic/processes/src/G4TauNeutrinoNucleusProcess.cc.o
[ 80%] Building CXX object source/CMakeFiles/G4processes-static.dir/processes/hadronic/processes/src/G4UCNBoundaryProcess.cc.o
[ 80%] Building CXX object source/CMakeFiles/G4processes-static.dir/processes/hadronic/processes/src/G4UCNBoundaryProcessMessenger.cc.o
[ 80%] Building CXX object source/CMakeFiles/G4processes-static.dir/processes/hadronic/processes/src/G4UCNLoss.cc.o
[ 80%] Building CXX object source/CMakeFiles/G4processes-static.dir/processes/hadronic/processes/src/G4UCNAbsorption.cc.o
[ 80%] Building CXX object source/CMakeFiles/G4processes-static.dir/processes/hadronic/processes/src/G4UCNMultiScattering.cc.o
[ 80%] Building CXX object source/CMakeFiles/G4processes-static.dir/processes/hadronic/stopping/src/G4ElementSelector.cc.o
[ 80%] Building CXX object source/CMakeFiles/G4processes-static.dir/processes/hadronic/stopping/src/G4EmCaptureCascade.cc.o
[ 80%] Building CXX object source/CMakeFiles/G4processes-static.dir/processes/hadronic/stopping/src/G4HadronicAbsorptionFritiof.cc.o
[ 80%] Building CXX object source/CMakeFiles/G4processes-static.dir/processes/hadronic/stopping/src/G4HadronicAbsorptionFritiofWithBinaryCascade.cc.o
[ 80%] Building CXX object source/CMakeFiles/G4processes-static.dir/processes/hadronic/stopping/src/G4HadronicAbsorptionINCLXX.cc.o
[ 80%] Building CXX object source/CMakeFiles/G4processes-static.dir/processes/hadronic/stopping/src/G4HadronStoppingProcess.cc.o
[ 80%] Building CXX object source/CMakeFiles/G4processes-static.dir/processes/hadronic/stopping/src/G4MuMinusCapturePrecompound.cc.o
[ 81%] Building CXX object source/CMakeFiles/G4processes-static.dir/processes/hadronic/stopping/src/G4MuonMinusBoundDecay.cc.o
[ 81%] Building CXX object source/CMakeFiles/G4processes-static.dir/processes/hadronic/stopping/src/G4MuonMinusCapture.cc.o
[ 81%] Building CXX object source/CMakeFiles/G4processes-static.dir/processes/hadronic/stopping/src/G4HadronicAbsorptionBertini.cc.o
[ 81%] Building CXX object source/CMakeFiles/G4processes-static.dir/processes/hadronic/stopping/src/G4MuonMinusAtomicCapture.cc.o
[ 81%] Building CXX object source/CMakeFiles/G4processes-static.dir/processes/hadronic/stopping/src/G4MuonicAtomDecay.cc.o
[ 81%] Building CXX object source/CMakeFiles/G4processes-static.dir/processes/hadronic/util/src/G4Bessel.cc.o
[ 81%] Building CXX object source/CMakeFiles/G4processes-static.dir/processes/hadronic/util/src/G4Clebsch.cc.o
[ 81%] Building CXX object source/CMakeFiles/G4processes-static.dir/processes/hadronic/util/src/G4DecayKineticTracks.cc.o
[ 81%] Building CXX object source/CMakeFiles/G4processes-static.dir/processes/hadronic/util/src/G4DecayStrongResonances.cc.o
[ 81%] Building CXX object source/CMakeFiles/G4processes-static.dir/processes/hadronic/util/src/G4ExcitedString.cc.o
[ 81%] Building CXX object source/CMakeFiles/G4processes-static.dir/processes/hadronic/util/src/G4Fancy3DNucleus.cc.o
[ 81%] Building CXX object source/CMakeFiles/G4processes-static.dir/processes/hadronic/util/src/G4FermiMomentum.cc.o
[ 81%] Building CXX object source/CMakeFiles/G4processes-static.dir/processes/hadronic/util/src/G4Fragment.cc.o
[ 81%] Building CXX object source/CMakeFiles/G4processes-static.dir/processes/hadronic/util/src/G4GeneralPhaseSpaceDecay.cc.o
[ 81%] Building CXX object source/CMakeFiles/G4processes-static.dir/processes/hadronic/util/src/G4HadDataHandler.cc.o
[ 81%] Building CXX object source/CMakeFiles/G4processes-static.dir/processes/hadronic/util/src/G4HadDecayGenerator.cc.o
[ 81%] Building CXX object source/CMakeFiles/G4processes-static.dir/processes/hadronic/util/src/G4HadFinalState.cc.o
[ 81%] Building CXX object source/CMakeFiles/G4processes-static.dir/processes/hadronic/util/src/G4HadPhaseSpaceGenbod.cc.o
[ 81%] Building CXX object source/CMakeFiles/G4processes-static.dir/processes/hadronic/util/src/G4HadPhaseSpaceKopylov.cc.o
[ 81%] Building CXX object source/CMakeFiles/G4processes-static.dir/processes/hadronic/util/src/G4HadPhaseSpaceNBodyAsai.cc.o
[ 81%] Building CXX object source/CMakeFiles/G4processes-static.dir/processes/hadronic/util/src/G4HadProjectile.cc.o
[ 81%] Building CXX object source/CMakeFiles/G4processes-static.dir/processes/hadronic/util/src/G4HadronicDeveloperParameters.cc.o
[ 81%] Building CXX object source/CMakeFiles/G4processes-static.dir/processes/hadronic/util/src/G4HadronicException.cc.o
[ 81%] Building CXX object source/CMakeFiles/G4processes-static.dir/processes/hadronic/util/src/G4HadronicParameters.cc.o
[ 81%] Building CXX object source/CMakeFiles/G4processes-static.dir/processes/hadronic/util/src/G4HadronicParametersMessenger.cc.o
[ 81%] Building CXX object source/CMakeFiles/G4processes-static.dir/processes/hadronic/util/src/G4HadSecondary.cc.o
[ 81%] Building CXX object source/CMakeFiles/G4processes-static.dir/processes/hadronic/util/src/G4HadTmpUtil.cc.o
[ 81%] Building CXX object source/CMakeFiles/G4processes-static.dir/processes/hadronic/util/src/G4KineticTrack.cc.o
[ 81%] Building CXX object source/CMakeFiles/G4processes-static.dir/processes/hadronic/util/src/G4KineticTrackVector.cc.o
[ 81%] Building CXX object source/CMakeFiles/G4processes-static.dir/processes/hadronic/util/src/G4LegendrePolynomial.cc.o
[ 81%] Building CXX object source/CMakeFiles/G4processes-static.dir/processes/hadronic/util/src/G4NuclearFermiDensity.cc.o
[ 81%] Building CXX object source/CMakeFiles/G4processes-static.dir/processes/hadronic/util/src/G4NuclearPolarization.cc.o
[ 82%] Building CXX object source/CMakeFiles/G4processes-static.dir/processes/hadronic/util/src/G4NuclearPolarizationStore.cc.o
[ 82%] Building CXX object source/CMakeFiles/G4processes-static.dir/processes/hadronic/util/src/G4NuclearRadii.cc.o
[ 82%] Building CXX object source/CMakeFiles/G4processes-static.dir/processes/hadronic/util/src/G4NuclearShellModelDensity.cc.o
[ 82%] Building CXX object source/CMakeFiles/G4processes-static.dir/processes/hadronic/util/src/G4Nucleon.cc.o
[ 82%] Building CXX object source/CMakeFiles/G4processes-static.dir/processes/hadronic/util/src/G4Nucleus.cc.o
[ 82%] Building CXX object source/CMakeFiles/G4processes-static.dir/processes/hadronic/util/src/G4Parton.cc.o
[ 82%] Building CXX object source/CMakeFiles/G4processes-static.dir/processes/hadronic/util/src/G4PolynomialPDF.cc.o
[ 82%] Building CXX object source/CMakeFiles/G4processes-static.dir/processes/hadronic/util/src/G4ReactionProduct.cc.o
[ 82%] Building CXX object source/CMakeFiles/G4processes-static.dir/processes/hadronic/util/src/G4SampleResonance.cc.o
[ 82%] Building CXX object source/CMakeFiles/G4processes-static.dir/processes/hadronic/util/src/G4StableIsotopes.cc.o
[ 82%] Building CXX object source/CMakeFiles/G4processes-static.dir/processes/hadronic/util/src/G4V3DNucleus.cc.o
[ 82%] Building CXX object source/CMakeFiles/G4processes-static.dir/processes/hadronic/util/src/G4VHadDecayAlgorithm.cc.o
[ 82%] Building CXX object source/CMakeFiles/G4processes-static.dir/processes/hadronic/util/src/G4VHadPhaseSpaceAlgorithm.cc.o
[ 82%] Building CXX object source/CMakeFiles/G4processes-static.dir/processes/hadronic/util/src/G4VKineticNucleon.cc.o
[ 82%] Building CXX object source/CMakeFiles/G4processes-static.dir/processes/hadronic/util/src/G4VNuclearDensity.cc.o
[ 82%] Building CXX object source/CMakeFiles/G4processes-static.dir/processes/hadronic/util/src/G4WilsonRadius.cc.o
[ 82%] Building CXX object source/CMakeFiles/G4processes-static.dir/processes/management/src/G4ProcTblElement.cc.o
[ 82%] Building CXX object source/CMakeFiles/G4processes-static.dir/processes/management/src/G4ProcessAttribute.cc.o
[ 82%] Building CXX object source/CMakeFiles/G4processes-static.dir/processes/management/src/G4ProcessManager.cc.o
[ 82%] Building CXX object source/CMakeFiles/G4processes-static.dir/processes/management/src/G4ProcessManagerMessenger.cc.o
[ 82%] Building CXX object source/CMakeFiles/G4processes-static.dir/processes/management/src/G4ProcessTable.cc.o
[ 82%] Building CXX object source/CMakeFiles/G4processes-static.dir/processes/management/src/G4ProcessTableMessenger.cc.o
[ 82%] Building CXX object source/CMakeFiles/G4processes-static.dir/processes/management/src/G4ProcessVector.cc.o
[ 82%] Building CXX object source/CMakeFiles/G4processes-static.dir/processes/management/src/G4VContinuousDiscreteProcess.cc.o
[ 82%] Building CXX object source/CMakeFiles/G4processes-static.dir/processes/management/src/G4VContinuousProcess.cc.o
[ 82%] Building CXX object source/CMakeFiles/G4processes-static.dir/processes/management/src/G4VDiscreteProcess.cc.o
[ 82%] Building CXX object source/CMakeFiles/G4processes-static.dir/processes/management/src/G4VProcess.cc.o
[ 82%] Building CXX object source/CMakeFiles/G4processes-static.dir/processes/management/src/G4VRestContinuousDiscreteProcess.cc.o
[ 82%] Building CXX object source/CMakeFiles/G4processes-static.dir/processes/management/src/G4VRestContinuousProcess.cc.o
[ 82%] Building CXX object source/CMakeFiles/G4processes-static.dir/processes/management/src/G4VRestDiscreteProcess.cc.o
[ 82%] Building CXX object source/CMakeFiles/G4processes-static.dir/processes/management/src/G4VRestProcess.cc.o
[ 83%] Building CXX object source/CMakeFiles/G4processes-static.dir/processes/management/src/G4WrapperProcess.cc.o
[ 83%] Building CXX object source/CMakeFiles/G4processes-static.dir/processes/optical/src/G4OpAbsorption.cc.o
[ 83%] Building CXX object source/CMakeFiles/G4processes-static.dir/processes/optical/src/G4OpBoundaryProcess.cc.o
[ 83%] Building CXX object source/CMakeFiles/G4processes-static.dir/processes/optical/src/G4OpMieHG.cc.o
[ 83%] Building CXX object source/CMakeFiles/G4processes-static.dir/processes/optical/src/G4OpRayleigh.cc.o
[ 83%] Building CXX object source/CMakeFiles/G4processes-static.dir/processes/optical/src/G4OpWLS.cc.o
[ 83%] Building CXX object source/CMakeFiles/G4processes-static.dir/processes/optical/src/G4OpWLS2.cc.o
[ 83%] Building CXX object source/CMakeFiles/G4processes-static.dir/processes/optical/src/G4VWLSTimeGeneratorProfile.cc.o
[ 83%] Building CXX object source/CMakeFiles/G4processes-static.dir/processes/optical/src/G4WLSTimeGeneratorProfileDelta.cc.o
[ 83%] Building CXX object source/CMakeFiles/G4processes-static.dir/processes/optical/src/G4WLSTimeGeneratorProfileExponential.cc.o
[ 83%] Building CXX object source/CMakeFiles/G4processes-static.dir/processes/solidstate/phonon/src/G4LatticeManager.cc.o
[ 83%] Building CXX object source/CMakeFiles/G4processes-static.dir/processes/solidstate/phonon/src/G4LatticeReader.cc.o
[ 83%] Building CXX object source/CMakeFiles/G4processes-static.dir/processes/solidstate/phonon/src/G4PhononDownconversion.cc.o
[ 83%] Building CXX object source/CMakeFiles/G4processes-static.dir/processes/solidstate/phonon/src/G4PhononPolarization.cc.o
[ 83%] Building CXX object source/CMakeFiles/G4processes-static.dir/processes/solidstate/phonon/src/G4PhononReflection.cc.o
[ 83%] Building CXX object source/CMakeFiles/G4processes-static.dir/processes/solidstate/phonon/src/G4PhononScattering.cc.o
[ 83%] Building CXX object source/CMakeFiles/G4processes-static.dir/processes/solidstate/phonon/src/G4PhononTrackMap.cc.o
[ 83%] Building CXX object source/CMakeFiles/G4processes-static.dir/processes/solidstate/phonon/src/G4VPhononProcess.cc.o
[ 83%] Building CXX object source/CMakeFiles/G4processes-static.dir/processes/solidstate/channeling/src/G4ChannelingTrackData.cc.o
[ 83%] Building CXX object source/CMakeFiles/G4processes-static.dir/processes/solidstate/channeling/src/G4ChannelingOptrMultiParticleChangeCrossSection.cc.o
[ 83%] Building CXX object source/CMakeFiles/G4processes-static.dir/processes/solidstate/channeling/src/G4ChannelingOptrChangeCrossSection.cc.o
[ 83%] Building CXX object source/CMakeFiles/G4processes-static.dir/processes/solidstate/channeling/src/G4ChannelingMaterialData.cc.o
[ 83%] Building CXX object source/CMakeFiles/G4processes-static.dir/processes/solidstate/channeling/src/G4Channeling.cc.o
[ 83%] Building CXX object source/CMakeFiles/G4processes-static.dir/processes/solidstate/channeling/src/G4ChannelingECHARM.cc.o
[ 83%] Building CXX object source/CMakeFiles/G4processes-static.dir/processes/parameterisation/src/G4FastSimHitMaker.cc.o
[ 83%] Building CXX object source/CMakeFiles/G4processes-static.dir/processes/parameterisation/src/G4FastSimulationHelper.cc.o
[ 83%] Building CXX object source/CMakeFiles/G4processes-static.dir/processes/parameterisation/src/G4FastSimulationManager.cc.o
[ 83%] Building CXX object source/CMakeFiles/G4processes-static.dir/processes/parameterisation/src/G4FastSimulationManagerProcess.cc.o
[ 83%] Building CXX object source/CMakeFiles/G4processes-static.dir/processes/parameterisation/src/G4FastSimulationMessenger.cc.o
[ 83%] Building CXX object source/CMakeFiles/G4processes-static.dir/processes/parameterisation/src/G4FastStep.cc.o
[ 83%] Building CXX object source/CMakeFiles/G4processes-static.dir/processes/parameterisation/src/G4FastTrack.cc.o
[ 83%] Building CXX object source/CMakeFiles/G4processes-static.dir/processes/parameterisation/src/G4GlobalFastSimulationManager.cc.o
[ 84%] Building CXX object source/CMakeFiles/G4processes-static.dir/processes/parameterisation/src/G4VFastSimulationModel.cc.o
[ 84%] Building CXX object source/CMakeFiles/G4processes-static.dir/processes/scoring/src/G4EnergySplitter.cc.o
[ 84%] Building CXX object source/CMakeFiles/G4processes-static.dir/processes/scoring/src/G4ParallelWorldProcess.cc.o
[ 84%] Building CXX object source/CMakeFiles/G4processes-static.dir/processes/scoring/src/G4ParallelWorldProcessStore.cc.o
[ 84%] Building CXX object source/CMakeFiles/G4processes-static.dir/processes/scoring/src/G4ParallelWorldScoringProcess.cc.o
[ 84%] Building CXX object source/CMakeFiles/G4processes-static.dir/processes/scoring/src/G4ScoreSplittingProcess.cc.o
[ 84%] Building CXX object source/CMakeFiles/G4processes-static.dir/processes/transportation/src/G4CoupledTransportation.cc.o
[ 84%] Building CXX object source/CMakeFiles/G4processes-static.dir/processes/transportation/src/G4NeutronKiller.cc.o
[ 84%] Building CXX object source/CMakeFiles/G4processes-static.dir/processes/transportation/src/G4NeutronKillerMessenger.cc.o
[ 84%] Building CXX object source/CMakeFiles/G4processes-static.dir/processes/transportation/src/G4StepLimiter.cc.o
[ 84%] Building CXX object source/CMakeFiles/G4processes-static.dir/processes/transportation/src/G4Transportation.cc.o
[ 84%] Building CXX object source/CMakeFiles/G4processes-static.dir/processes/transportation/src/G4TransportationParameters.cc.o
[ 84%] Building CXX object source/CMakeFiles/G4processes-static.dir/processes/transportation/src/G4TransportationLogger.cc.o
[ 84%] Building CXX object source/CMakeFiles/G4processes-static.dir/processes/transportation/src/G4VTrackTerminator.cc.o
[ 84%] Linking CXX static library ../BuildProducts/lib64/libG4processes.a
[ 84%] Built target G4processes-static
[ 84%] Built target G4parmodels-static
[ 85%] Built target G4tracking-static
[ 86%] Built target G4event-static
[ 86%] Building CXX object source/CMakeFiles/G4run-static.dir/run/src/G4PhysicsListHelper.cc.o
[ 86%] Linking CXX static library ../BuildProducts/lib64/libG4run.a
[ 87%] Built target G4run-static
[ 87%] Built target G4readout-static
[ 88%] Built target G4mctruth-static
[ 88%] Building CXX object source/CMakeFiles/G4error_propagation-static.dir/error_propagation/src/G4ErrorPhysicsList.cc.o
[ 88%] Built target G4gdml-static
[ 89%] Built target G4modeling-static
[ 90%] Built target G4vis_management-static
[ 90%] Built target G4visHepRep-static
[ 90%] Built target G4FR-static
[ 90%] Built target G4Tree-static
[ 90%] Built target G4VRML-static
[ 90%] Built target G4ToolsSG-static
[ 90%] Built target G4GMocren-static
[ 91%] Built target G4RayTracer-static
[ 92%] Building CXX object source/CMakeFiles/G4physicslists-static.dir/physics_lists/builders/src/G4BertiniKaonBuilder.cc.o
[ 92%] Building CXX object source/CMakeFiles/G4physicslists-static.dir/physics_lists/builders/src/G4AntiBarionBuilder.cc.o
[ 92%] Building CXX object source/CMakeFiles/G4physicslists-static.dir/physics_lists/builders/src/G4BertiniNeutronBuilder.cc.o
[ 92%] Building CXX object source/CMakeFiles/G4physicslists-static.dir/physics_lists/builders/src/G4BertiniPiKBuilder.cc.o
[ 92%] Building CXX object source/CMakeFiles/G4physicslists-static.dir/physics_lists/builders/src/G4BertiniPionBuilder.cc.o
[ 92%] Linking CXX static library ../BuildProducts/lib64/libG4error_propagation.a
[ 93%] Built target G4error_propagation-static
[ 93%] Building CXX object source/CMakeFiles/G4physicslists-static.dir/physics_lists/builders/src/G4BertiniProtonBuilder.cc.o
[ 93%] Building CXX object source/CMakeFiles/G4physicslists-static.dir/physics_lists/builders/src/G4BinaryNeutronBuilder.cc.o
[ 93%] Building CXX object source/CMakeFiles/G4physicslists-static.dir/physics_lists/builders/src/G4BinaryPiKBuilder.cc.o
[ 93%] Building CXX object source/CMakeFiles/G4physicslists-static.dir/physics_lists/builders/src/G4BinaryPionBuilder.cc.o
[ 93%] Building CXX object source/CMakeFiles/G4physicslists-static.dir/physics_lists/builders/src/G4BinaryProtonBuilder.cc.o
[ 93%] Building CXX object source/CMakeFiles/G4physicslists-static.dir/physics_lists/builders/src/G4FTFBinaryKaonBuilder.cc.o
[ 93%] Building CXX object source/CMakeFiles/G4physicslists-static.dir/physics_lists/builders/src/G4FTFBinaryNeutronBuilder.cc.o
[ 93%] Building CXX object source/CMakeFiles/G4physicslists-static.dir/physics_lists/builders/src/G4FTFBinaryPiKBuilder.cc.o
[ 93%] Building CXX object source/CMakeFiles/G4physicslists-static.dir/physics_lists/builders/src/G4FTFBinaryPionBuilder.cc.o
[ 93%] Building CXX object source/CMakeFiles/G4physicslists-static.dir/physics_lists/builders/src/G4FTFBinaryProtonBuilder.cc.o
[ 93%] Building CXX object source/CMakeFiles/G4physicslists-static.dir/physics_lists/builders/src/G4FTFBuilder.cc.o
[ 93%] Building CXX object source/CMakeFiles/G4physicslists-static.dir/physics_lists/builders/src/G4FTFPAntiBarionBuilder.cc.o
[ 93%] Building CXX object source/CMakeFiles/G4physicslists-static.dir/physics_lists/builders/src/G4FTFPKaonBuilder.cc.o
[ 93%] Building CXX object source/CMakeFiles/G4physicslists-static.dir/physics_lists/builders/src/G4FTFPNeutronBuilder.cc.o
[ 93%] Building CXX object source/CMakeFiles/G4physicslists-static.dir/physics_lists/builders/src/G4FTFPPiKBuilder.cc.o
[ 93%] Building CXX object source/CMakeFiles/G4physicslists-static.dir/physics_lists/builders/src/G4FTFPPionBuilder.cc.o
[ 93%] Building CXX object source/CMakeFiles/G4physicslists-static.dir/physics_lists/builders/src/G4FTFPProtonBuilder.cc.o
[ 93%] Building CXX object source/CMakeFiles/G4physicslists-static.dir/physics_lists/builders/src/G4HadronicBuilder.cc.o
[ 93%] Building CXX object source/CMakeFiles/G4physicslists-static.dir/physics_lists/builders/src/G4HyperonBuilder.cc.o
[ 93%] Building CXX object source/CMakeFiles/G4physicslists-static.dir/physics_lists/builders/src/G4HyperonFTFPBuilder.cc.o
[ 93%] Building CXX object source/CMakeFiles/G4physicslists-static.dir/physics_lists/builders/src/G4HyperonQGSPBuilder.cc.o
[ 93%] Building CXX object source/CMakeFiles/G4physicslists-static.dir/physics_lists/builders/src/G4INCLXXNeutronBuilder.cc.o
[ 93%] Building CXX object source/CMakeFiles/G4physicslists-static.dir/physics_lists/builders/src/G4INCLXXPionBuilder.cc.o
[ 93%] Building CXX object source/CMakeFiles/G4physicslists-static.dir/physics_lists/builders/src/G4INCLXXProtonBuilder.cc.o
[ 93%] Building CXX object source/CMakeFiles/G4physicslists-static.dir/physics_lists/builders/src/G4KaonBuilder.cc.o
[ 93%] Building CXX object source/CMakeFiles/G4physicslists-static.dir/physics_lists/builders/src/G4NeutronBuilder.cc.o
[ 94%] Building CXX object source/CMakeFiles/G4physicslists-static.dir/physics_lists/builders/src/G4NeutronCrossSectionXS.cc.o
[ 94%] Building CXX object source/CMakeFiles/G4physicslists-static.dir/physics_lists/builders/src/G4NeutronLENDBuilder.cc.o
[ 94%] Building CXX object source/CMakeFiles/G4physicslists-static.dir/physics_lists/builders/src/G4PiKBuilder.cc.o
[ 94%] Building CXX object source/CMakeFiles/G4physicslists-static.dir/physics_lists/builders/src/G4PionBuilder.cc.o
[ 94%] Building CXX object source/CMakeFiles/G4physicslists-static.dir/physics_lists/builders/src/G4PrecoNeutronBuilder.cc.o
[ 94%] Building CXX object source/CMakeFiles/G4physicslists-static.dir/physics_lists/builders/src/G4PrecoProtonBuilder.cc.o
[ 94%] Building CXX object source/CMakeFiles/G4physicslists-static.dir/physics_lists/builders/src/G4ProtonBuilder.cc.o
[ 94%] Building CXX object source/CMakeFiles/G4physicslists-static.dir/physics_lists/builders/src/G4QGSBinaryKaonBuilder.cc.o
[ 94%] Building CXX object source/CMakeFiles/G4physicslists-static.dir/physics_lists/builders/src/G4QGSBinaryNeutronBuilder.cc.o
[ 94%] Building CXX object source/CMakeFiles/G4physicslists-static.dir/physics_lists/builders/src/G4QGSBinaryPiKBuilder.cc.o
[ 94%] Building CXX object source/CMakeFiles/G4physicslists-static.dir/physics_lists/builders/src/G4QGSBinaryPionBuilder.cc.o
[ 94%] Building CXX object source/CMakeFiles/G4physicslists-static.dir/physics_lists/builders/src/G4QGSBinaryProtonBuilder.cc.o
[ 94%] Building CXX object source/CMakeFiles/G4physicslists-static.dir/physics_lists/builders/src/G4QGSBuilder.cc.o
[ 94%] Building CXX object source/CMakeFiles/G4physicslists-static.dir/physics_lists/builders/src/G4QGSPAntiBarionBuilder.cc.o
[ 94%] Building CXX object source/CMakeFiles/G4physicslists-static.dir/physics_lists/builders/src/G4QGSPKaonBuilder.cc.o
[ 94%] Building CXX object source/CMakeFiles/G4physicslists-static.dir/physics_lists/builders/src/G4QGSPLundStrFragmProtonBuilder.cc.o
[ 94%] Building CXX object source/CMakeFiles/G4physicslists-static.dir/physics_lists/builders/src/G4QGSPNeutronBuilder.cc.o
[ 94%] Building CXX object source/CMakeFiles/G4physicslists-static.dir/physics_lists/builders/src/G4QGSPPiKBuilder.cc.o
[ 94%] Building CXX object source/CMakeFiles/G4physicslists-static.dir/physics_lists/builders/src/G4QGSPPionBuilder.cc.o
[ 94%] Building CXX object source/CMakeFiles/G4physicslists-static.dir/physics_lists/builders/src/G4QGSPProtonBuilder.cc.o
[ 94%] Building CXX object source/CMakeFiles/G4physicslists-static.dir/physics_lists/builders/src/G4VHadronModelBuilder.cc.o
[ 94%] Building CXX object source/CMakeFiles/G4physicslists-static.dir/physics_lists/builders/src/G4AlphaBuilder.cc.o
[ 94%] Building CXX object source/CMakeFiles/G4physicslists-static.dir/physics_lists/builders/src/G4AlphaPHPBuilder.cc.o
[ 94%] Building CXX object source/CMakeFiles/G4physicslists-static.dir/physics_lists/builders/src/G4BinaryAlphaBuilder.cc.o
[ 94%] Building CXX object source/CMakeFiles/G4physicslists-static.dir/physics_lists/builders/src/G4BinaryDeuteronBuilder.cc.o
[ 94%] Building CXX object source/CMakeFiles/G4physicslists-static.dir/physics_lists/builders/src/G4BinaryHe3Builder.cc.o
[ 94%] Building CXX object source/CMakeFiles/G4physicslists-static.dir/physics_lists/builders/src/G4BinaryTritonBuilder.cc.o
[ 94%] Building CXX object source/CMakeFiles/G4physicslists-static.dir/physics_lists/builders/src/G4DeuteronBuilder.cc.o
[ 94%] Building CXX object source/CMakeFiles/G4physicslists-static.dir/physics_lists/builders/src/G4DeuteronPHPBuilder.cc.o
[ 94%] Building CXX object source/CMakeFiles/G4physicslists-static.dir/physics_lists/builders/src/G4He3Builder.cc.o
[ 94%] Building CXX object source/CMakeFiles/G4physicslists-static.dir/physics_lists/builders/src/G4He3PHPBuilder.cc.o
[ 94%] Building CXX object source/CMakeFiles/G4physicslists-static.dir/physics_lists/builders/src/G4NeutronPHPBuilder.cc.o
[ 95%] Building CXX object source/CMakeFiles/G4physicslists-static.dir/physics_lists/builders/src/G4ProtonPHPBuilder.cc.o
[ 95%] Building CXX object source/CMakeFiles/G4physicslists-static.dir/physics_lists/builders/src/G4TritonBuilder.cc.o
[ 95%] Building CXX object source/CMakeFiles/G4physicslists-static.dir/physics_lists/builders/src/G4TritonPHPBuilder.cc.o
[ 95%] Building CXX object source/CMakeFiles/G4physicslists-static.dir/physics_lists/constructors/decay/src/G4DecayPhysics.cc.o
[ 95%] Building CXX object source/CMakeFiles/G4physicslists-static.dir/physics_lists/constructors/decay/src/G4MuonicAtomDecayPhysics.cc.o
[ 95%] Building CXX object source/CMakeFiles/G4physicslists-static.dir/physics_lists/constructors/decay/src/G4SpinDecayPhysics.cc.o
[ 95%] Building CXX object source/CMakeFiles/G4physicslists-static.dir/physics_lists/constructors/decay/src/G4RadioactiveDecayPhysics.cc.o
[ 95%] Building CXX object source/CMakeFiles/G4physicslists-static.dir/physics_lists/constructors/electromagnetic/src/G4ChargedUnknownPhysics.cc.o
[ 95%] Building CXX object source/CMakeFiles/G4physicslists-static.dir/physics_lists/constructors/electromagnetic/src/G4EmBuilder.cc.o
[ 95%] Building CXX object source/CMakeFiles/G4physicslists-static.dir/physics_lists/constructors/electromagnetic/src/G4EmDNABuilder.cc.o
[ 95%] Building CXX object source/CMakeFiles/G4physicslists-static.dir/physics_lists/constructors/electromagnetic/src/G4EmDNAChemistry.cc.o
[ 95%] Building CXX object source/CMakeFiles/G4physicslists-static.dir/physics_lists/constructors/electromagnetic/src/G4EmDNAChemistry_option1.cc.o
[ 95%] Building CXX object source/CMakeFiles/G4physicslists-static.dir/physics_lists/constructors/electromagnetic/src/G4EmDNAChemistry_option2.cc.o
[ 95%] Building CXX object source/CMakeFiles/G4physicslists-static.dir/physics_lists/constructors/electromagnetic/src/G4EmDNAChemistry_option3.cc.o
[ 95%] Building CXX object source/CMakeFiles/G4physicslists-static.dir/physics_lists/constructors/electromagnetic/src/G4EmDNAPhysics.cc.o
[ 95%] Building CXX object source/CMakeFiles/G4physicslists-static.dir/physics_lists/constructors/electromagnetic/src/G4EmDNAPhysics_option1.cc.o
[ 95%] Building CXX object source/CMakeFiles/G4physicslists-static.dir/physics_lists/constructors/electromagnetic/src/G4EmDNAPhysics_option2.cc.o
[ 95%] Building CXX object source/CMakeFiles/G4physicslists-static.dir/physics_lists/constructors/electromagnetic/src/G4EmDNAPhysics_option3.cc.o
[ 95%] Building CXX object source/CMakeFiles/G4physicslists-static.dir/physics_lists/constructors/electromagnetic/src/G4EmDNAPhysics_option4.cc.o
[ 95%] Building CXX object source/CMakeFiles/G4physicslists-static.dir/physics_lists/constructors/electromagnetic/src/G4EmDNAPhysics_option5.cc.o
[ 95%] Building CXX object source/CMakeFiles/G4physicslists-static.dir/physics_lists/constructors/electromagnetic/src/G4EmDNAPhysics_option6.cc.o
[ 95%] Building CXX object source/CMakeFiles/G4physicslists-static.dir/physics_lists/constructors/electromagnetic/src/G4EmDNAPhysics_option7.cc.o
[ 95%] Building CXX object source/CMakeFiles/G4physicslists-static.dir/physics_lists/constructors/electromagnetic/src/G4EmDNAPhysics_option8.cc.o
[ 95%] Building CXX object source/CMakeFiles/G4physicslists-static.dir/physics_lists/constructors/electromagnetic/src/G4EmDNAPhysics_stationary.cc.o
[ 95%] Building CXX object source/CMakeFiles/G4physicslists-static.dir/physics_lists/constructors/electromagnetic/src/G4EmDNAPhysics_stationary_option2.cc.o
[ 95%] Building CXX object source/CMakeFiles/G4physicslists-static.dir/physics_lists/constructors/electromagnetic/src/G4EmDNAPhysics_stationary_option4.cc.o
[ 95%] Building CXX object source/CMakeFiles/G4physicslists-static.dir/physics_lists/constructors/electromagnetic/src/G4EmDNAPhysics_stationary_option6.cc.o
[ 95%] Building CXX object source/CMakeFiles/G4physicslists-static.dir/physics_lists/constructors/electromagnetic/src/G4EmDNAPhysicsActivator.cc.o
[ 95%] Building CXX object source/CMakeFiles/G4physicslists-static.dir/physics_lists/constructors/electromagnetic/src/G4EmLivermorePhysics.cc.o
[ 95%] Building CXX object source/CMakeFiles/G4physicslists-static.dir/physics_lists/constructors/electromagnetic/src/G4EmLivermorePolarizedPhysics.cc.o
[ 95%] Building CXX object source/CMakeFiles/G4physicslists-static.dir/physics_lists/constructors/electromagnetic/src/G4EmLowEPPhysics.cc.o
[ 96%] Building CXX object source/CMakeFiles/G4physicslists-static.dir/physics_lists/constructors/electromagnetic/src/G4EmModelActivator.cc.o
[ 96%] Building CXX object source/CMakeFiles/G4physicslists-static.dir/physics_lists/constructors/electromagnetic/src/G4EmPenelopePhysics.cc.o
[ 96%] Building CXX object source/CMakeFiles/G4physicslists-static.dir/physics_lists/constructors/electromagnetic/src/G4EmStandardPhysics.cc.o
[ 96%] Building CXX object source/CMakeFiles/G4physicslists-static.dir/physics_lists/constructors/electromagnetic/src/G4EmStandardPhysicsGS.cc.o
[ 96%] Building CXX object source/CMakeFiles/G4physicslists-static.dir/physics_lists/constructors/electromagnetic/src/G4EmStandardPhysicsSS.cc.o
[ 96%] Building CXX object source/CMakeFiles/G4physicslists-static.dir/physics_lists/constructors/electromagnetic/src/G4EmStandardPhysicsWVI.cc.o
[ 96%] Building CXX object source/CMakeFiles/G4physicslists-static.dir/physics_lists/constructors/electromagnetic/src/G4EmStandardPhysics_option1.cc.o
[ 96%] Building CXX object source/CMakeFiles/G4physicslists-static.dir/physics_lists/constructors/electromagnetic/src/G4EmStandardPhysics_option2.cc.o
[ 96%] Building CXX object source/CMakeFiles/G4physicslists-static.dir/physics_lists/constructors/electromagnetic/src/G4EmStandardPhysics_option3.cc.o
[ 96%] Building CXX object source/CMakeFiles/G4physicslists-static.dir/physics_lists/constructors/electromagnetic/src/G4EmStandardPhysics_option4.cc.o
[ 96%] Building CXX object source/CMakeFiles/G4physicslists-static.dir/physics_lists/constructors/electromagnetic/src/G4GammaGeneralProcess.cc.o
[ 96%] Building CXX object source/CMakeFiles/G4physicslists-static.dir/physics_lists/constructors/electromagnetic/src/G4OpticalPhysics.cc.o
[ 96%] Building CXX object source/CMakeFiles/G4physicslists-static.dir/physics_lists/constructors/gamma_lepto_nuclear/src/G4BertiniElectroNuclearBuilder.cc.o
[ 96%] Building CXX object source/CMakeFiles/G4physicslists-static.dir/physics_lists/constructors/gamma_lepto_nuclear/src/G4EmExtraPhysics.cc.o
[ 96%] Building CXX object source/CMakeFiles/G4physicslists-static.dir/physics_lists/constructors/gamma_lepto_nuclear/src/G4LENDBertiniGammaElectroNuclearBuilder.cc.o
[ 96%] Building CXX object source/CMakeFiles/G4physicslists-static.dir/physics_lists/constructors/gamma_lepto_nuclear/src/G4NeutrinoPhysics.cc.o
[ 96%] Building CXX object source/CMakeFiles/G4physicslists-static.dir/physics_lists/constructors/hadron_elastic/src/G4ChargeExchangePhysics.cc.o
[ 96%] Building CXX object source/CMakeFiles/G4physicslists-static.dir/physics_lists/constructors/hadron_elastic/src/G4HadronDElasticPhysics.cc.o
[ 96%] Building CXX object source/CMakeFiles/G4physicslists-static.dir/physics_lists/constructors/hadron_elastic/src/G4HadronElasticPhysics.cc.o
[ 96%] Building CXX object source/CMakeFiles/G4physicslists-static.dir/physics_lists/constructors/hadron_elastic/src/G4HadronElasticPhysicsHP.cc.o
[ 96%] Building CXX object source/CMakeFiles/G4physicslists-static.dir/physics_lists/constructors/hadron_elastic/src/G4HadronElasticPhysicsHPT.cc.o
[ 96%] Building CXX object source/CMakeFiles/G4physicslists-static.dir/physics_lists/constructors/hadron_elastic/src/G4HadronElasticPhysicsLEND.cc.o
[ 96%] Building CXX object source/CMakeFiles/G4physicslists-static.dir/physics_lists/constructors/hadron_elastic/src/G4HadronElasticPhysicsXS.cc.o
[ 96%] Building CXX object source/CMakeFiles/G4physicslists-static.dir/physics_lists/constructors/hadron_elastic/src/G4HadronHElasticPhysics.cc.o
[ 97%] Building CXX object source/CMakeFiles/G4physicslists-static.dir/physics_lists/constructors/hadron_elastic/src/G4IonElasticPhysics.cc.o
[ 97%] Building CXX object source/CMakeFiles/G4physicslists-static.dir/physics_lists/constructors/hadron_elastic/src/G4HadronElasticPhysicsPHP.cc.o
[ 97%] Building CXX object source/CMakeFiles/G4physicslists-static.dir/physics_lists/constructors/hadron_elastic/src/G4HadronElasticPhysicsVI.cc.o
[ 97%] Building CXX object source/CMakeFiles/G4physicslists-static.dir/physics_lists/constructors/hadron_elastic/src/G4ThermalNeutrons.cc.o
[ 97%] Building CXX object source/CMakeFiles/G4physicslists-static.dir/physics_lists/constructors/hadron_inelastic/src/G4HadronInelasticQBBC.cc.o
[ 97%] Building CXX object source/CMakeFiles/G4physicslists-static.dir/physics_lists/constructors/hadron_inelastic/src/G4HadronInelasticQBBC_ABLA.cc.o
[ 97%] Building CXX object source/CMakeFiles/G4physicslists-static.dir/physics_lists/constructors/hadron_inelastic/src/G4HadronPhysicsFTF_BIC.cc.o
[ 97%] Building CXX object source/CMakeFiles/G4physicslists-static.dir/physics_lists/constructors/hadron_inelastic/src/G4HadronPhysicsFTFP_BERT.cc.o
[ 97%] Building CXX object source/CMakeFiles/G4physicslists-static.dir/physics_lists/constructors/hadron_inelastic/src/G4HadronPhysicsFTFP_BERT_HP.cc.o
[ 97%] Building CXX object source/CMakeFiles/G4physicslists-static.dir/physics_lists/constructors/hadron_inelastic/src/G4HadronPhysicsFTFQGSP_BERT.cc.o
[ 97%] Building CXX object source/CMakeFiles/G4physicslists-static.dir/physics_lists/constructors/hadron_inelastic/src/G4HadronPhysicsNuBeam.cc.o
[ 97%] Building CXX object source/CMakeFiles/G4physicslists-static.dir/physics_lists/constructors/hadron_inelastic/src/G4HadronPhysicsQGS_BIC.cc.o
[ 97%] Building CXX object source/CMakeFiles/G4physicslists-static.dir/physics_lists/constructors/hadron_inelastic/src/G4HadronPhysicsQGSP_BERT.cc.o
[ 97%] Building CXX object source/CMakeFiles/G4physicslists-static.dir/physics_lists/constructors/hadron_inelastic/src/G4HadronPhysicsQGSP_BERT_HP.cc.o
[ 97%] Building CXX object source/CMakeFiles/G4physicslists-static.dir/physics_lists/constructors/hadron_inelastic/src/G4HadronPhysicsQGSP_BIC.cc.o
[ 97%] Building CXX object source/CMakeFiles/G4physicslists-static.dir/physics_lists/constructors/hadron_inelastic/src/G4HadronPhysicsQGSP_BIC_HP.cc.o
[ 97%] Building CXX object source/CMakeFiles/G4physicslists-static.dir/physics_lists/constructors/hadron_inelastic/src/G4HadronPhysicsINCLXX.cc.o
[ 97%] Building CXX object source/CMakeFiles/G4physicslists-static.dir/physics_lists/constructors/hadron_inelastic/src/G4HadronPhysicsShielding.cc.o
[ 97%] Building CXX object source/CMakeFiles/G4physicslists-static.dir/physics_lists/constructors/hadron_inelastic/src/G4VHadronPhysics.cc.o
[ 97%] Building CXX object source/CMakeFiles/G4physicslists-static.dir/physics_lists/constructors/hadron_inelastic/src/G4HadronPhysicsQGSP_BIC_AllHP.cc.o
[ 97%] Building CXX object source/CMakeFiles/G4physicslists-static.dir/physics_lists/constructors/ions/src/G4IonINCLXXPhysics.cc.o
[ 97%] Building CXX object source/CMakeFiles/G4physicslists-static.dir/physics_lists/constructors/ions/src/G4IonPhysics.cc.o
[ 97%] Building CXX object source/CMakeFiles/G4physicslists-static.dir/physics_lists/constructors/ions/src/G4IonPhysicsPHP.cc.o
[ 97%] Building CXX object source/CMakeFiles/G4physicslists-static.dir/physics_lists/constructors/ions/src/G4IonPhysicsXS.cc.o
[ 97%] Building CXX object source/CMakeFiles/G4physicslists-static.dir/physics_lists/constructors/ions/src/G4IonQMDPhysics.cc.o
[ 97%] Building CXX object source/CMakeFiles/G4physicslists-static.dir/physics_lists/constructors/ions/src/G4LightIonQMDPhysics.cc.o
[ 97%] Building CXX object source/CMakeFiles/G4physicslists-static.dir/physics_lists/constructors/limiters/src/G4NeutronTrackingCut.cc.o
[ 97%] Building CXX object source/CMakeFiles/G4physicslists-static.dir/physics_lists/constructors/limiters/src/G4UserSpecialCuts.cc.o
[ 97%] Building CXX object source/CMakeFiles/G4physicslists-static.dir/physics_lists/constructors/stopping/src/G4StoppingPhysics.cc.o
[ 97%] Building CXX object source/CMakeFiles/G4physicslists-static.dir/physics_lists/constructors/stopping/src/G4StoppingPhysicsFritiofWithBinaryCascade.cc.o
[ 97%] Building CXX object source/CMakeFiles/G4physicslists-static.dir/physics_lists/constructors/stopping/src/G4StoppingPhysicsWithINCLXX.cc.o
[ 97%] Building CXX object source/CMakeFiles/G4physicslists-static.dir/physics_lists/lists/src/FTF_BIC.cc.o
[ 97%] Building CXX object source/CMakeFiles/G4physicslists-static.dir/physics_lists/lists/src/FTFP_BERT_ATL.cc.o
[ 97%] Building CXX object source/CMakeFiles/G4physicslists-static.dir/physics_lists/lists/src/FTFP_BERT.cc.o
[ 97%] Building CXX object source/CMakeFiles/G4physicslists-static.dir/physics_lists/lists/src/FTFP_BERT_HP.cc.o
[ 97%] Building CXX object source/CMakeFiles/G4physicslists-static.dir/physics_lists/lists/src/FTFP_BERT_TRV.cc.o
[ 97%] Building CXX object source/CMakeFiles/G4physicslists-static.dir/physics_lists/lists/src/FTFQGSP_BERT.cc.o
[ 97%] Building CXX object source/CMakeFiles/G4physicslists-static.dir/physics_lists/lists/src/G4PhysListFactory.cc.o
[ 97%] Building CXX object source/CMakeFiles/G4physicslists-static.dir/physics_lists/lists/src/G4PhysListFactoryMessenger.cc.o
[ 97%] Building CXX object source/CMakeFiles/G4physicslists-static.dir/physics_lists/lists/src/G4PhysListRegistry.cc.o
[ 97%] Building CXX object source/CMakeFiles/G4physicslists-static.dir/physics_lists/lists/src/LBE.cc.o
[ 97%] Building CXX object source/CMakeFiles/G4physicslists-static.dir/physics_lists/lists/src/NuBeam.cc.o
[ 97%] Building CXX object source/CMakeFiles/G4physicslists-static.dir/physics_lists/lists/src/QBBC.cc.o
[ 97%] Building CXX object source/CMakeFiles/G4physicslists-static.dir/physics_lists/lists/src/QBBC_ABLA.cc.o
[ 97%] Building CXX object source/CMakeFiles/G4physicslists-static.dir/physics_lists/lists/src/QGS_BIC.cc.o
[ 97%] Building CXX object source/CMakeFiles/G4physicslists-static.dir/physics_lists/lists/src/QGSP_BERT.cc.o
[ 97%] Building CXX object source/CMakeFiles/G4physicslists-static.dir/physics_lists/lists/src/QGSP_BERT_HP.cc.o
[ 97%] Building CXX object source/CMakeFiles/G4physicslists-static.dir/physics_lists/lists/src/QGSP_BIC_AllHP.cc.o
[ 97%] Building CXX object source/CMakeFiles/G4physicslists-static.dir/physics_lists/lists/src/QGSP_BIC.cc.o
[ 98%] Building CXX object source/CMakeFiles/G4physicslists-static.dir/physics_lists/lists/src/QGSP_BIC_HP.cc.o
[ 98%] Building CXX object source/CMakeFiles/G4physicslists-static.dir/physics_lists/lists/src/QGSP_BIC_HPT.cc.o
[ 98%] Building CXX object source/CMakeFiles/G4physicslists-static.dir/physics_lists/lists/src/QGSP_FTFP_BERT.cc.o
[ 98%] Building CXX object source/CMakeFiles/G4physicslists-static.dir/physics_lists/lists/src/Shielding.cc.o
[ 98%] Building CXX object source/CMakeFiles/G4physicslists-static.dir/physics_lists/util/src/G4HadProcesses.cc.o
[ 98%] Building CXX object source/CMakeFiles/G4physicslists-static.dir/physics_lists/util/src/G4PhysListUtil.cc.o
[ 98%] Linking CXX static library ../BuildProducts/lib64/libG4physicslists.a
[100%] Built target G4physicslists-static
[  0%] Built target ptl-static
[  2%] Built target G4clhep-static
[  4%] Built target G4global-static
[  5%] Built target G4intercoms-static
[  5%] Built target G4zlib-static
[  7%] Built target G4analysis-static
[  8%] Built target G4graphics_reps-static
[  9%] Built target G4materials-static
[ 18%] Built target G4geometry-static
[ 24%] Built target G4particles-static
[ 25%] Built target G4track-static
[ 28%] Built target G4digits_hits-static
[ 83%] Built target G4processes-static
[ 84%] Built target G4tracking-static
[ 85%] Built target G4event-static
[ 86%] Built target G4run-static
[ 87%] Built target G4error_propagation-static
[ 87%] Built target G4interfaces-static
[ 87%] Built target G4parmodels-static
[ 88%] Built target G4geomtext-static
[ 89%] Built target G4mctruth-static
[ 89%] Built target G4gdml-static
[ 96%] Built target G4physicslists-static
[ 96%] Built target G4readout-static
[ 97%] Built target G4modeling-static
[ 98%] Built target G4vis_management-static
[ 98%] Built target G4FR-static
[ 98%] Built target G4visHepRep-static
[100%] Built target G4RayTracer-static
[100%] Built target G4Tree-static
[100%] Built target G4VRML-static
[100%] Built target G4GMocren-static
[100%] Built target G4ToolsSG-static
Install the project...
-- Install configuration: "Release"
-- Installing: /home/vnivanch/cwork/build/lib64/libG4error_propagation.a
-- Installing: /home/vnivanch/cwork/build/lib64/libG4physicslists.a
-- Installing: /home/vnivanch/cwork/build/lib64/libG4processes.a
-- Installing: /home/vnivanch/cwork/build/lib64/libG4run.a
-- Installing: /home/vnivanch/cwork/build/include/Geant4/G4KDTree.icc
-- Installing: /home/vnivanch/cwork/build/include/Geant4/G4EmParameters.hh
-- Installing: /home/vnivanch/cwork/build/include/Geant4/G4EmParametersMessenger.hh
-- Installing: /home/vnivanch/cwork/build/include/Geant4/G4EmProcessSubType.hh
-- Installing: /home/vnivanch/cwork/build/include/Geant4/G4AblaDataDefs.hh
-- Installing: /home/vnivanch/cwork/build/include/Geant4/G4FissionLibrary.hh
-- Installing: /home/vnivanch/cwork/build/include/Geant4/G4ENDFTapeRead.hh
-- Installing: /home/vnivanch/cwork/build/include/Geant4/G4NeutronHPCaptureFS.hh
-- Installing: /home/vnivanch/cwork/build/include/Geant4/G4ParticleHPList.hh
-- Installing: /home/vnivanch/cwork/build/include/Geant4/G4ParticleHPIsoData.hh
-- Installing: /home/vnivanch/cwork/build/include/Geant4/G4ParticleHPIsoProbabilityTable.hh
-- Installing: /home/vnivanch/cwork/build/include/Geant4/G4ParticleHP2AInelasticFS.hh
-- Installing: /home/vnivanch/cwork/build/include/Geant4/G4ParticleHPNames.hh
-- Installing: /home/vnivanch/cwork/build/include/Geant4/G4ParticleHP2N2AInelasticFS.hh
-- Installing: /home/vnivanch/cwork/build/include/Geant4/G4ParticleHP2NAInelasticFS.hh
-- Installing: /home/vnivanch/cwork/build/include/Geant4/G4ParticleHP2NDInelasticFS.hh
-- Installing: /home/vnivanch/cwork/build/include/Geant4/G4ParticleHP2NInelasticFS.hh
-- Installing: /home/vnivanch/cwork/build/include/Geant4/G4ParticleHP2NPInelasticFS.hh
-- Installing: /home/vnivanch/cwork/build/include/Geant4/G4ParticleHP2PInelasticFS.hh
-- Installing: /home/vnivanch/cwork/build/include/Geant4/G4ParticleHP3AInelasticFS.hh
-- Installing: /home/vnivanch/cwork/build/include/Geant4/G4ParticleHP3NAInelasticFS.hh
-- Installing: /home/vnivanch/cwork/build/include/Geant4/G4ParticleHP3NInelasticFS.hh
-- Installing: /home/vnivanch/cwork/build/include/Geant4/G4ParticleHP3NPInelasticFS.hh
-- Installing: /home/vnivanch/cwork/build/include/Geant4/G4ParticleHP4NInelasticFS.hh
-- Installing: /home/vnivanch/cwork/build/include/Geant4/G4ParticleHPAInelasticFS.hh
-- Installing: /home/vnivanch/cwork/build/include/Geant4/G4ParticleHPChannel.hh
-- Installing: /home/vnivanch/cwork/build/include/Geant4/G4ParticleHPD2AInelasticFS.hh
-- Installing: /home/vnivanch/cwork/build/include/Geant4/G4ParticleHPDAInelasticFS.hh
-- Installing: /home/vnivanch/cwork/build/include/Geant4/G4ParticleHPDInelasticFS.hh
-- Installing: /home/vnivanch/cwork/build/include/Geant4/G4ParticleHPDataUsed.hh
-- Installing: /home/vnivanch/cwork/build/include/Geant4/G4ParticleHPElasticFS.hh
-- Installing: /home/vnivanch/cwork/build/include/Geant4/G4ParticleHPFCFissionFS.hh
-- Installing: /home/vnivanch/cwork/build/include/Geant4/G4ParticleHPFFFissionFS.hh
-- Installing: /home/vnivanch/cwork/build/include/Geant4/G4ParticleHPFSFissionFS.hh
-- Installing: /home/vnivanch/cwork/build/include/Geant4/G4ParticleHPFinalState.hh
-- Installing: /home/vnivanch/cwork/build/include/Geant4/G4ParticleHPFissionBaseFS.hh
-- Installing: /home/vnivanch/cwork/build/include/Geant4/G4ParticleHPFissionFS.hh
-- Installing: /home/vnivanch/cwork/build/include/Geant4/G4ParticleHPHe3InelasticFS.hh
-- Installing: /home/vnivanch/cwork/build/include/Geant4/G4ParticleHPInelasticBaseFS.hh
-- Installing: /home/vnivanch/cwork/build/include/Geant4/G4ParticleHPInelasticCompFS.hh
-- Installing: /home/vnivanch/cwork/build/include/Geant4/G4ParticleHPIsoProbabilityTable_CALENDF.hh
-- Installing: /home/vnivanch/cwork/build/include/Geant4/G4ParticleHPIsoProbabilityTable_NJOY.hh
-- Installing: /home/vnivanch/cwork/build/include/Geant4/G4ParticleHPJENDLHEData.hh
-- Installing: /home/vnivanch/cwork/build/include/Geant4/G4ParticleHPLCFissionFS.hh
-- Installing: /home/vnivanch/cwork/build/include/Geant4/G4ParticleHPN2AInelasticFS.hh
-- Installing: /home/vnivanch/cwork/build/include/Geant4/G4ParticleHPN2PInelasticFS.hh
-- Installing: /home/vnivanch/cwork/build/include/Geant4/G4ParticleHPN3AInelasticFS.hh
-- Installing: /home/vnivanch/cwork/build/include/Geant4/G4ParticleHPNAInelasticFS.hh
-- Installing: /home/vnivanch/cwork/build/include/Geant4/G4ParticleHPND2AInelasticFS.hh
-- Installing: /home/vnivanch/cwork/build/include/Geant4/G4ParticleHPNDInelasticFS.hh
-- Installing: /home/vnivanch/cwork/build/include/Geant4/G4ParticleHPNHe3InelasticFS.hh
-- Installing: /home/vnivanch/cwork/build/include/Geant4/G4ParticleHPNInelasticFS.hh
-- Installing: /home/vnivanch/cwork/build/include/Geant4/G4ParticleHPNPAInelasticFS.hh
-- Installing: /home/vnivanch/cwork/build/include/Geant4/G4ParticleHPNPInelasticFS.hh
-- Installing: /home/vnivanch/cwork/build/include/Geant4/G4ParticleHPNT2AInelasticFS.hh
-- Installing: /home/vnivanch/cwork/build/include/Geant4/G4ParticleHPNTInelasticFS.hh
-- Installing: /home/vnivanch/cwork/build/include/Geant4/G4ParticleHPNXInelasticFS.hh
-- Installing: /home/vnivanch/cwork/build/include/Geant4/G4ParticleHPParticleYield.hh
-- Installing: /home/vnivanch/cwork/build/include/Geant4/G4ParticleHPPAInelasticFS.hh
-- Installing: /home/vnivanch/cwork/build/include/Geant4/G4ParticleHPPDInelasticFS.hh
-- Installing: /home/vnivanch/cwork/build/include/Geant4/G4ParticleHPPInelasticFS.hh
-- Installing: /home/vnivanch/cwork/build/include/Geant4/G4ParticleHPPTInelasticFS.hh
-- Installing: /home/vnivanch/cwork/build/include/Geant4/G4ParticleHPPolynomExpansion.hh
-- Installing: /home/vnivanch/cwork/build/include/Geant4/G4ParticleHPSCFissionFS.hh
-- Installing: /home/vnivanch/cwork/build/include/Geant4/G4ParticleHPT2AInelasticFS.hh
-- Installing: /home/vnivanch/cwork/build/include/Geant4/G4ParticleHPTCFissionFS.hh
-- Installing: /home/vnivanch/cwork/build/include/Geant4/G4ParticleHPTInelasticFS.hh
-- Installing: /home/vnivanch/cwork/build/include/Geant4/G4ParticleHPThermalScattering.hh
-- Installing: /home/vnivanch/cwork/build/include/Geant4/G4ParticleHPThermalScatteringData.hh
-- Installing: /home/vnivanch/cwork/build/include/Geant4/G4ParticleHPThermalScatteringNames.hh
-- Installing: /home/vnivanch/cwork/build/include/Geant4/G4ParticleHPManager.hh
-- Installing: /home/vnivanch/cwork/build/include/Geant4/G4ParticleHPReactionWhiteBoard.hh
-- Installing: /home/vnivanch/cwork/build/include/Geant4/G4HadronicDeveloperParameters.hh
-- Installing: /home/vnivanch/cwork/build/include/Geant4/G4HadronicException.hh
-- Installing: /home/vnivanch/cwork/build/include/Geant4/G4ping.hh
/home/vnivanch/geant4-dev 
