-- The C compiler identification is GNU 14.2.0
-- The CXX compiler identification is GNU 14.2.0
-- Detecting C compiler ABI info
-- Detecting C compiler ABI info - done
-- Check for working C compiler: /cvmfs/sft.cern.ch/lcg/releases/gcc/14.2.0-2f0a0/x86_64-el9/bin/gcc - skipped
-- Detecting C compile features
-- Detecting C compile features - done
-- Detecting CXX compiler ABI info
-- Detecting CXX compiler ABI info - done
-- Check for working CXX compiler: /cvmfs/sft.cern.ch/lcg/releases/gcc/14.2.0-2f0a0/x86_64-el9/bin/g++ - skipped
-- Detecting CXX compile features
-- Detecting CXX compile features - done
-- Checking C++ feature CXXSTDLIB_FILESYSTEM_NATIVE - Success
-- Performing Test HAVE_TLS
-- Performing Test HAVE_TLS - Success
-- Found EXPAT: /usr/lib64/libexpat.so (found version "2.5.0") 
-- Found XercesC: /cvmfs/sft.cern.ch/lcg/releases/XercesC/3.3.0-ff50f/x86_64-el9-gcc14-opt/lib/libxerces-c.so (found version "3.3.0") 
-- Reusing dataset G4NDL (4.7.1)
-- Reusing dataset G4EMLOW (8.8)
-- Reusing dataset PhotonEvaporation (6.1)
-- Reusing dataset RadioactiveDecay (6.1.2)
-- Reusing dataset G4PARTICLEXS (4.2)
-- Reusing dataset G4PII (1.3)
-- Reusing dataset RealSurface (2.2)
-- Reusing dataset G4SAIDDATA (2.0)
-- Reusing dataset G4ABLA (3.3)
-- Reusing dataset G4INCL (1.3)
-- Reusing dataset G4ENSDFSTATE (3.0)
-- Reusing dataset G4CHANNELING (2.0)
-- Looking for sys/types.h
-- Looking for sys/types.h - found
-- Looking for stdint.h
-- Looking for stdint.h - found
-- Looking for stddef.h
-- Looking for stddef.h - found
-- Check size of off64_t
-- Check size of off64_t - done
-- Looking for fseeko
-- Looking for fseeko - found
-- Looking for unistd.h
-- Looking for unistd.h - found
-- Building PTL with option BUILD_STATIC_LIBS - ON
-- Building PTL with option BUILD_SHARED_LIBS - OFF
-- Building PTL with option BUILD_OBJECT_LIBS - 
-- Building PTL with CMAKE_CXX_STANDARD - 17
-- Building PTL with option PTL_USE_COVERAGE - 
-- Building PTL with option PTL_USE_SANITIZER - 
-- Building PTL with option PTL_USE_CLANG_TIDY - 
-- Building PTL with option PTL_USE_TBB - OFF
-- Building PTL with option PTL_USE_LOCKS - OFF
-- Building PTL with option PTL_INSTALL_HEADERS - ON
-- Building PTL with option PTL_INSTALL_CONFIG - ON
-- Performing Test CMAKE_HAVE_LIBC_PTHREAD
-- Performing Test CMAKE_HAVE_LIBC_PTHREAD - Success
-- Found Threads: TRUE  
-- The following Geant4 features are enabled:
CMAKE_CXX_STANDARD: Compiling against C++ Standard '17'
GEANT4_BUILD_MULTITHREADED: Build multithread enabled libraries
GEANT4_BUILD_TLS_MODEL: Building with TLS model 'initial-exec'
GEANT4_USE_SYSTEM_EXPAT: Using system EXPAT library
GEANT4_USE_GDML: Building Geant4 with GDML support

-- Configuring done (29.2s)
-- Generating done (3.4s)
-- Build files have been written to: /afs/cern.ch/user/v/vnivanch/cwork/build
[  0%] Building C object source/externals/zlib/CMakeFiles/G4zlib-static.dir/src/adler32.c.o
[  0%] Building C object source/externals/zlib/CMakeFiles/G4zlib-static.dir/src/compress.c.o
[  0%] Built target G4processes-static
[  0%] Building CXX object source/externals/ptl/src/CMakeFiles/ptl-static.dir/TaskGroup.cc.o
[  0%] Building CXX object source/externals/ptl/src/CMakeFiles/ptl-static.dir/TaskRunManager.cc.o
[  0%] Building CXX object source/externals/clhep/CMakeFiles/G4clhep-static.dir/src/AxisAngle.cc.o
[  0%] Building C object source/externals/zlib/CMakeFiles/G4zlib-static.dir/src/crc32.c.o
[  0%] Building C object source/externals/zlib/CMakeFiles/G4zlib-static.dir/src/deflate.c.o
[  0%] Building C object source/externals/zlib/CMakeFiles/G4zlib-static.dir/src/gzclose.c.o
[  0%] Building C object source/externals/zlib/CMakeFiles/G4zlib-static.dir/src/gzlib.c.o
[  0%] Building CXX object source/externals/clhep/CMakeFiles/G4clhep-static.dir/src/BasicVector3D.cc.o
[  0%] Building C object source/externals/zlib/CMakeFiles/G4zlib-static.dir/src/gzread.c.o
[  0%] Building C object source/externals/zlib/CMakeFiles/G4zlib-static.dir/src/gzwrite.c.o
[  0%] Building C object source/externals/zlib/CMakeFiles/G4zlib-static.dir/src/inflate.c.o
[  0%] Building CXX object source/externals/clhep/CMakeFiles/G4clhep-static.dir/src/Boost.cc.o
[  0%] Building C object source/externals/zlib/CMakeFiles/G4zlib-static.dir/src/infback.c.o
[  0%] Building CXX object source/externals/clhep/CMakeFiles/G4clhep-static.dir/src/BoostX.cc.o
[  0%] Building CXX object source/externals/clhep/CMakeFiles/G4clhep-static.dir/src/BoostY.cc.o
[  0%] Building CXX object source/externals/ptl/src/CMakeFiles/ptl-static.dir/ThreadData.cc.o
[  0%] Building C object source/externals/zlib/CMakeFiles/G4zlib-static.dir/src/inftrees.c.o
[  0%] Building CXX object source/externals/ptl/src/CMakeFiles/ptl-static.dir/ThreadPool.cc.o
[  0%] Building C object source/externals/zlib/CMakeFiles/G4zlib-static.dir/src/inffast.c.o
[  0%] Building C object source/externals/zlib/CMakeFiles/G4zlib-static.dir/src/trees.c.o
[  0%] Building C object source/externals/zlib/CMakeFiles/G4zlib-static.dir/src/uncompr.c.o
[  0%] Building CXX object source/externals/clhep/CMakeFiles/G4clhep-static.dir/src/BoostZ.cc.o
[  0%] Building CXX object source/externals/clhep/CMakeFiles/G4clhep-static.dir/src/DoubConv.cc.o
[  0%] Building C object source/externals/zlib/CMakeFiles/G4zlib-static.dir/src/zutil.c.o
[  0%] Building CXX object source/externals/clhep/CMakeFiles/G4clhep-static.dir/src/DualRand.cc.o
[  0%] Building CXX object source/externals/ptl/src/CMakeFiles/ptl-static.dir/Threading.cc.o
[  0%] Linking C static library ../../../BuildProducts/lib64/libG4zlib.a
[  0%] Built target G4zlib-static
[  0%] Building CXX object source/externals/ptl/src/CMakeFiles/ptl-static.dir/UserTaskQueue.cc.o
[  0%] Building CXX object source/externals/ptl/src/CMakeFiles/ptl-static.dir/VUserTaskQueue.cc.o
[  0%] Building CXX object source/externals/clhep/CMakeFiles/G4clhep-static.dir/src/EngineFactory.cc.o
[  0%] Building CXX object source/externals/clhep/CMakeFiles/G4clhep-static.dir/src/engineIDulong.cc.o
[  0%] Building CXX object source/externals/clhep/CMakeFiles/G4clhep-static.dir/src/erfQ.cc.o
[  0%] Building CXX object source/externals/clhep/CMakeFiles/G4clhep-static.dir/src/EulerAngles.cc.o
[  0%] Building CXX object source/externals/clhep/CMakeFiles/G4clhep-static.dir/src/Evaluator.cc.o
[  0%] Building CXX object source/externals/clhep/CMakeFiles/G4clhep-static.dir/src/flatToGaussian.cc.o
[  0%] Building CXX object source/externals/clhep/CMakeFiles/G4clhep-static.dir/src/gammln.cc.o
[  0%] Building CXX object source/externals/clhep/CMakeFiles/G4clhep-static.dir/src/JamesRandom.cc.o
[  0%] Building CXX object source/externals/clhep/CMakeFiles/G4clhep-static.dir/src/LorentzRotation.cc.o
[  0%] Building CXX object source/externals/clhep/CMakeFiles/G4clhep-static.dir/src/LorentzRotationC.cc.o
[  0%] Building CXX object source/externals/clhep/CMakeFiles/G4clhep-static.dir/src/LorentzRotationD.cc.o
[  0%] Linking CXX static library ../../../../BuildProducts/lib64/libG4ptl.a
[  0%] Built target ptl-static
[  0%] Building CXX object source/externals/clhep/CMakeFiles/G4clhep-static.dir/src/LorentzVectorB.cc.o
[  0%] Building CXX object source/externals/clhep/CMakeFiles/G4clhep-static.dir/src/LorentzVector.cc.o
[  0%] Building CXX object source/externals/clhep/CMakeFiles/G4clhep-static.dir/src/LorentzVectorC.cc.o
[  0%] Building CXX object source/externals/clhep/CMakeFiles/G4clhep-static.dir/src/LorentzVectorK.cc.o
[  0%] Building CXX object source/externals/clhep/CMakeFiles/G4clhep-static.dir/src/LorentzVectorL.cc.o
[  0%] Building CXX object source/externals/clhep/CMakeFiles/G4clhep-static.dir/src/LorentzVectorR.cc.o
[  0%] Building CXX object source/externals/clhep/CMakeFiles/G4clhep-static.dir/src/MixMaxRng.cc.o
[  0%] Building CXX object source/externals/clhep/CMakeFiles/G4clhep-static.dir/src/MTwistEngine.cc.o
[  1%] Building CXX object source/externals/clhep/CMakeFiles/G4clhep-static.dir/src/NonRandomEngine.cc.o
[  1%] Building CXX object source/externals/clhep/CMakeFiles/G4clhep-static.dir/src/Normal3D.cc.o
[  1%] Building CXX object source/externals/clhep/CMakeFiles/G4clhep-static.dir/src/Plane3D.cc.o
[  1%] Building CXX object source/externals/clhep/CMakeFiles/G4clhep-static.dir/src/Point3D.cc.o
[  1%] Building CXX object source/externals/clhep/CMakeFiles/G4clhep-static.dir/src/RandBinomial.cc.o
[  1%] Building CXX object source/externals/clhep/CMakeFiles/G4clhep-static.dir/src/RandBit.cc.o
[  1%] Building CXX object source/externals/clhep/CMakeFiles/G4clhep-static.dir/src/RandBreitWigner.cc.o
[  1%] Building CXX object source/externals/clhep/CMakeFiles/G4clhep-static.dir/src/RandChiSquare.cc.o
[  1%] Building CXX object source/externals/clhep/CMakeFiles/G4clhep-static.dir/src/RandExponential.cc.o
[  1%] Building CXX object source/externals/clhep/CMakeFiles/G4clhep-static.dir/src/RandFlat.cc.o
[  1%] Building CXX object source/externals/clhep/CMakeFiles/G4clhep-static.dir/src/RandGamma.cc.o
[  1%] Building CXX object source/externals/clhep/CMakeFiles/G4clhep-static.dir/src/RandGauss.cc.o
[  1%] Building CXX object source/externals/clhep/CMakeFiles/G4clhep-static.dir/src/RandGaussQ.cc.o
[  1%] Building CXX object source/externals/clhep/CMakeFiles/G4clhep-static.dir/src/RandGeneral.cc.o
[  1%] Building CXX object source/externals/clhep/CMakeFiles/G4clhep-static.dir/src/RandLandau.cc.o
[  1%] Building CXX object source/externals/clhep/CMakeFiles/G4clhep-static.dir/src/Random.cc.o
[  1%] Building CXX object source/externals/clhep/CMakeFiles/G4clhep-static.dir/src/RandomEngine.cc.o
[  1%] Building CXX object source/externals/clhep/CMakeFiles/G4clhep-static.dir/src/RandPoisson.cc.o
[  1%] Building CXX object source/externals/clhep/CMakeFiles/G4clhep-static.dir/src/RandPoissonQ.cc.o
[  1%] Building CXX object source/externals/clhep/CMakeFiles/G4clhep-static.dir/src/RandStudentT.cc.o
[  1%] Building CXX object source/externals/clhep/CMakeFiles/G4clhep-static.dir/src/RanecuEngine.cc.o
[  1%] Building CXX object source/externals/clhep/CMakeFiles/G4clhep-static.dir/src/Ranlux64Engine.cc.o
[  1%] Building CXX object source/externals/clhep/CMakeFiles/G4clhep-static.dir/src/RanluxppEngine.cc.o
[  1%] Building CXX object source/externals/clhep/CMakeFiles/G4clhep-static.dir/src/RanluxEngine.cc.o
[  1%] Building CXX object source/externals/clhep/CMakeFiles/G4clhep-static.dir/src/RanshiEngine.cc.o
[  1%] Building CXX object source/externals/clhep/CMakeFiles/G4clhep-static.dir/src/RotationA.cc.o
[  1%] Building CXX object source/externals/clhep/CMakeFiles/G4clhep-static.dir/src/Rotation.cc.o
[  1%] Building CXX object source/externals/clhep/CMakeFiles/G4clhep-static.dir/src/RotationC.cc.o
[  1%] Building CXX object source/externals/clhep/CMakeFiles/G4clhep-static.dir/src/RotationE.cc.o
[  1%] Building CXX object source/externals/clhep/CMakeFiles/G4clhep-static.dir/src/RotationInterfaces.cc.o
[  1%] Building CXX object source/externals/clhep/CMakeFiles/G4clhep-static.dir/src/RotationIO.cc.o
[  1%] Building CXX object source/externals/clhep/CMakeFiles/G4clhep-static.dir/src/RotationL.cc.o
[  2%] Building CXX object source/externals/clhep/CMakeFiles/G4clhep-static.dir/src/RotationP.cc.o
[  2%] Building CXX object source/externals/clhep/CMakeFiles/G4clhep-static.dir/src/RotationX.cc.o
[  2%] Building CXX object source/externals/clhep/CMakeFiles/G4clhep-static.dir/src/RotationY.cc.o
[  2%] Building CXX object source/externals/clhep/CMakeFiles/G4clhep-static.dir/src/RotationZ.cc.o
[  2%] Building CXX object source/externals/clhep/CMakeFiles/G4clhep-static.dir/src/setStdMath.cc.o
[  2%] Building CXX object source/externals/clhep/CMakeFiles/G4clhep-static.dir/src/setSystemOfUnits.cc.o
[  2%] Building CXX object source/externals/clhep/CMakeFiles/G4clhep-static.dir/src/SpaceVector.cc.o
[  2%] Building CXX object source/externals/clhep/CMakeFiles/G4clhep-static.dir/src/SpaceVectorD.cc.o
[  2%] Building CXX object source/externals/clhep/CMakeFiles/G4clhep-static.dir/src/SpaceVectorP.cc.o
[  2%] Building CXX object source/externals/clhep/CMakeFiles/G4clhep-static.dir/src/SpaceVectorR.cc.o
[  2%] Building CXX object source/externals/clhep/CMakeFiles/G4clhep-static.dir/src/StaticRandomStates.cc.o
[  2%] Building CXX object source/externals/clhep/CMakeFiles/G4clhep-static.dir/src/ThreeVector.cc.o
[  2%] Building CXX object source/externals/clhep/CMakeFiles/G4clhep-static.dir/src/ThreeVectorR.cc.o
[  2%] Building CXX object source/externals/clhep/CMakeFiles/G4clhep-static.dir/src/Transform3D.cc.o
[  2%] Building CXX object source/externals/clhep/CMakeFiles/G4clhep-static.dir/src/TwoVector.cc.o
[  2%] Building CXX object source/externals/clhep/CMakeFiles/G4clhep-static.dir/src/Vector3D.cc.o
[  2%] Building CXX object source/externals/clhep/CMakeFiles/G4clhep-static.dir/src/ZMinput.cc.o
[  2%] Linking CXX static library ../../../BuildProducts/lib64/libG4clhep.a
[  2%] Built target G4clhep-static
[  2%] Building CXX object source/CMakeFiles/G4global-static.dir/global/HEPNumerics/src/G4AnalyticalPolSolver.cc.o
[  2%] Building CXX object source/CMakeFiles/G4global-static.dir/global/HEPNumerics/src/G4ChebyshevApproximation.cc.o
[  2%] Building CXX object source/CMakeFiles/G4global-static.dir/global/HEPNumerics/src/G4ConvergenceTester.cc.o
[  2%] Building CXX object source/CMakeFiles/G4global-static.dir/global/HEPNumerics/src/G4DataInterpolation.cc.o
[  2%] Building CXX object source/CMakeFiles/G4global-static.dir/global/HEPNumerics/src/G4GaussChebyshevQ.cc.o
[  3%] Building CXX object source/CMakeFiles/G4global-static.dir/global/HEPNumerics/src/G4GaussHermiteQ.cc.o
[  3%] Building CXX object source/CMakeFiles/G4global-static.dir/global/HEPNumerics/src/G4GaussJacobiQ.cc.o
[  3%] Building CXX object source/CMakeFiles/G4global-static.dir/global/HEPNumerics/src/G4GaussLaguerreQ.cc.o
[  3%] Building CXX object source/CMakeFiles/G4global-static.dir/global/HEPNumerics/src/G4GaussLegendreQ.cc.o
[  3%] Building CXX object source/CMakeFiles/G4global-static.dir/global/HEPNumerics/src/G4JTPolynomialSolver.cc.o
[  3%] Building CXX object source/CMakeFiles/G4global-static.dir/global/HEPNumerics/src/G4SimpleIntegration.cc.o
[  3%] Building CXX object source/CMakeFiles/G4global-static.dir/global/HEPNumerics/src/G4StatDouble.cc.o
[  3%] Building CXX object source/CMakeFiles/G4global-static.dir/global/HEPNumerics/src/G4VGaussianQuadrature.cc.o
[  3%] Building CXX object source/CMakeFiles/G4global-static.dir/global/HEPNumerics/src/G4VSIntegration.cc.o
[  3%] Building CXX object source/CMakeFiles/G4global-static.dir/global/HEPRandom/src/G4Poisson.cc.o
[  3%] Building CXX object source/CMakeFiles/G4global-static.dir/global/HEPRandom/src/G4UniformRandPool.cc.o
[  3%] Building CXX object source/CMakeFiles/G4global-static.dir/global/management/src/G4Allocator.cc.o
[  3%] Building CXX object source/CMakeFiles/G4global-static.dir/global/management/src/G4AllocatorPool.cc.o
[  3%] Building CXX object source/CMakeFiles/G4global-static.dir/global/management/src/G4AllocatorList.cc.o
[  3%] Building CXX object source/CMakeFiles/G4global-static.dir/global/management/src/G4BuffercoutDestination.cc.o
[  3%] Building CXX object source/CMakeFiles/G4global-static.dir/global/management/src/G4CacheDetails.cc.o
[  3%] Building CXX object source/CMakeFiles/G4global-static.dir/global/management/src/G4coutDestination.cc.o
[  3%] Building CXX object source/CMakeFiles/G4global-static.dir/global/management/src/G4coutFormatters.cc.o
[  3%] Building CXX object source/CMakeFiles/G4global-static.dir/global/management/src/G4DataVector.cc.o
[  3%] Building CXX object source/CMakeFiles/G4global-static.dir/global/management/src/G4ErrorPropagatorData.cc.o
[  3%] Building CXX object source/CMakeFiles/G4global-static.dir/global/management/src/G4Exception.cc.o
[  3%] Building CXX object source/CMakeFiles/G4global-static.dir/global/management/src/G4ExtendedPhysicsVector.cc.o
[  3%] Building CXX object source/CMakeFiles/G4global-static.dir/global/management/src/G4FilecoutDestination.cc.o
[  3%] Building CXX object source/CMakeFiles/G4global-static.dir/global/management/src/G4FindDataDir.cc.o
[  3%] Building CXX object source/CMakeFiles/G4global-static.dir/global/management/src/G4GeometryTolerance.cc.o
[  3%] Building CXX object source/CMakeFiles/G4global-static.dir/global/management/src/G4ios.cc.o
[  3%] Building CXX object source/CMakeFiles/G4global-static.dir/global/management/src/G4LockcoutDestination.cc.o
[  3%] Building CXX object source/CMakeFiles/G4global-static.dir/global/management/src/G4MasterForwardcoutDestination.cc.o
[  3%] Building CXX object source/CMakeFiles/G4global-static.dir/global/management/src/G4MTBarrier.cc.o
[  3%] Building CXX object source/CMakeFiles/G4global-static.dir/global/management/src/G4MTcoutDestination.cc.o
[  3%] Building CXX object source/CMakeFiles/G4global-static.dir/global/management/src/G4OrderedTable.cc.o
[  3%] Building CXX object source/CMakeFiles/G4global-static.dir/global/management/src/G4PhysicsFreeVector.cc.o
[  3%] Building CXX object source/CMakeFiles/G4global-static.dir/global/management/src/G4PhysicsLinearVector.cc.o
[  4%] Building CXX object source/CMakeFiles/G4global-static.dir/global/management/src/G4PhysicsLogVector.cc.o
[  4%] Building CXX object source/CMakeFiles/G4global-static.dir/global/management/src/G4PhysicsModelCatalog.cc.o
[  4%] Building CXX object source/CMakeFiles/G4global-static.dir/global/management/src/G4PhysicsTable.cc.o
[  4%] Building CXX object source/CMakeFiles/G4global-static.dir/global/management/src/G4PhysicsVector.cc.o
[  4%] Building CXX object source/CMakeFiles/G4global-static.dir/global/management/src/G4Physics2DVector.cc.o
[  4%] Building CXX object source/CMakeFiles/G4global-static.dir/global/management/src/G4Pow.cc.o
[  4%] Building CXX object source/CMakeFiles/G4global-static.dir/global/management/src/G4ReferenceCountedHandle.cc.o
[  4%] Building CXX object source/CMakeFiles/G4global-static.dir/global/management/src/G4SliceTimer.cc.o
[  4%] Building CXX object source/CMakeFiles/G4global-static.dir/global/management/src/G4StateManager.cc.o
[  4%] Building CXX object source/CMakeFiles/G4global-static.dir/global/management/src/G4ThreadLocalSingleton.cc.o
[  4%] Building CXX object source/CMakeFiles/G4global-static.dir/global/management/src/G4Threading.cc.o
[  4%] Building CXX object source/CMakeFiles/G4global-static.dir/global/management/src/G4Timer.cc.o
[  4%] Building CXX object source/CMakeFiles/G4global-static.dir/global/management/src/G4UnitsTable.cc.o
[  4%] Building CXX object source/CMakeFiles/G4global-static.dir/global/management/src/G4VExceptionHandler.cc.o
[  4%] Building CXX object source/CMakeFiles/G4global-static.dir/global/management/src/G4VStateDependent.cc.o
[  4%] Linking CXX static library ../BuildProducts/lib64/libG4global.a
[  4%] Built target G4global-static
[  4%] Building CXX object source/CMakeFiles/G4intercoms-static.dir/intercoms/src/G4UIaliasList.cc.o
[  4%] Building CXX object source/CMakeFiles/G4intercoms-static.dir/intercoms/src/G4GenericMessenger.cc.o
[  4%] Building CXX object source/CMakeFiles/G4intercoms-static.dir/intercoms/src/G4UIcmdWith3Vector.cc.o
[  4%] Building CXX object source/CMakeFiles/G4intercoms-static.dir/intercoms/src/G4UIbatch.cc.o
[  4%] Building CXX object source/CMakeFiles/G4intercoms-static.dir/intercoms/src/G4LocalThreadCoutMessenger.cc.o
[  4%] Building CXX object source/CMakeFiles/G4intercoms-static.dir/intercoms/src/G4UIbridge.cc.o
[  4%] Building CXX object source/CMakeFiles/G4intercoms-static.dir/intercoms/src/G4UIcmdWith3VectorAndUnit.cc.o
[  4%] Building CXX object source/CMakeFiles/G4intercoms-static.dir/intercoms/src/G4UIcmdWithABool.cc.o
[  4%] Building CXX object source/CMakeFiles/G4intercoms-static.dir/intercoms/src/G4UIcmdWithADouble.cc.o
[  4%] Building CXX object source/CMakeFiles/G4intercoms-static.dir/intercoms/src/G4UIcmdWithADoubleAndUnit.cc.o
[  4%] Building CXX object source/CMakeFiles/G4intercoms-static.dir/intercoms/src/G4UIcmdWithAString.cc.o
[  4%] Building CXX object source/CMakeFiles/G4intercoms-static.dir/intercoms/src/G4UIcmdWithAnInteger.cc.o
[  4%] Building CXX object source/CMakeFiles/G4intercoms-static.dir/intercoms/src/G4UIcmdWithALongInt.cc.o
[  4%] Building CXX object source/CMakeFiles/G4intercoms-static.dir/intercoms/src/G4UIcmdWithoutParameter.cc.o
[  4%] Building CXX object source/CMakeFiles/G4intercoms-static.dir/intercoms/src/G4UIcommand.cc.o
[  4%] Building CXX object source/CMakeFiles/G4intercoms-static.dir/intercoms/src/G4UIcommandTree.cc.o
[  4%] Building CXX object source/CMakeFiles/G4intercoms-static.dir/intercoms/src/G4UIcontrolMessenger.cc.o
[  4%] Building CXX object source/CMakeFiles/G4intercoms-static.dir/intercoms/src/G4UIdirectory.cc.o
[  4%] Building CXX object source/CMakeFiles/G4intercoms-static.dir/intercoms/src/G4UImanager.cc.o
[  4%] Building CXX object source/CMakeFiles/G4intercoms-static.dir/intercoms/src/G4UImessenger.cc.o
[  4%] Building CXX object source/CMakeFiles/G4intercoms-static.dir/intercoms/src/G4UIparameter.cc.o
[  4%] Building CXX object source/CMakeFiles/G4intercoms-static.dir/intercoms/src/G4UIsession.cc.o
[  4%] Building CXX object source/CMakeFiles/G4intercoms-static.dir/intercoms/src/G4UIparsing.cc.o
[  4%] Building CXX object source/CMakeFiles/G4intercoms-static.dir/intercoms/src/G4UnitsMessenger.cc.o
[  5%] Building CXX object source/CMakeFiles/G4intercoms-static.dir/intercoms/src/G4VGlobalFastSimulationManager.cc.o
[  5%] Linking CXX static library ../BuildProducts/lib64/libG4intercoms.a
[  5%] Built target G4intercoms-static
[  5%] Building CXX object source/CMakeFiles/G4graphics_reps-static.dir/graphics_reps/src/G4AttCheck.cc.o
[  5%] Building CXX object source/CMakeFiles/G4materials-static.dir/materials/src/G4AtomicFormFactor.cc.o
[  5%] Building CXX object source/CMakeFiles/G4materials-static.dir/materials/src/G4AtomicShells.cc.o
[  5%] Building CXX object source/CMakeFiles/G4analysis-static.dir/analysis/accumulables/src/G4MergeMode.cc.o
[  5%] Building CXX object source/CMakeFiles/G4interfaces-static.dir/interfaces/core/src/G4InteractorMessenger.cc.o
[  5%] Building CXX object source/CMakeFiles/G4particles-static.dir/particles/adjoint/src/G4AdjointAlpha.cc.o
[  5%] Building CXX object source/CMakeFiles/G4analysis-static.dir/analysis/accumulables/src/G4AccumulableManager.cc.o
[  5%] Building CXX object source/CMakeFiles/G4materials-static.dir/materials/src/G4AtomicShells_XDB_EADL.cc.o
[  5%] Building CXX object source/CMakeFiles/G4particles-static.dir/particles/adjoint/src/G4AdjointDeuteron.cc.o
[  5%] Building CXX object source/CMakeFiles/G4interfaces-static.dir/interfaces/core/src/G4UIArrayString.cc.o
[  5%] Building CXX object source/CMakeFiles/G4interfaces-static.dir/interfaces/core/src/G4UIcsh.cc.o
[  5%] Building CXX object source/CMakeFiles/G4graphics_reps-static.dir/graphics_reps/src/G4AttDef.cc.o
[  5%] Building CXX object source/CMakeFiles/G4materials-static.dir/materials/src/G4CrystalExtension.cc.o
[  5%] Building CXX object source/CMakeFiles/G4particles-static.dir/particles/adjoint/src/G4AdjointElectron.cc.o
[  5%] Building CXX object source/CMakeFiles/G4materials-static.dir/materials/src/G4CrystalUnitCell.cc.o
[  5%] Building CXX object source/CMakeFiles/G4interfaces-static.dir/interfaces/core/src/G4UIterminal.cc.o
[  5%] Building CXX object source/CMakeFiles/G4analysis-static.dir/analysis/csv/src/G4CsvAnalysisManager.cc.o
[  5%] Building CXX object source/CMakeFiles/G4graphics_reps-static.dir/graphics_reps/src/G4AttDefStore.cc.o
[  5%] Building CXX object source/CMakeFiles/G4materials-static.dir/materials/src/G4DensityEffectCalculator.cc.o
[  5%] Building CXX object source/CMakeFiles/G4particles-static.dir/particles/adjoint/src/G4AdjointElectronFI.cc.o
[  5%] Building CXX object source/CMakeFiles/G4interfaces-static.dir/interfaces/core/src/G4VBasicShell.cc.o
[  6%] Building CXX object source/CMakeFiles/G4particles-static.dir/particles/adjoint/src/G4AdjointGamma.cc.o
[  6%] Building CXX object source/CMakeFiles/G4graphics_reps-static.dir/graphics_reps/src/G4AttHolder.cc.o
[  6%] Building CXX object source/CMakeFiles/G4materials-static.dir/materials/src/G4DensityEffectData.cc.o
[  6%] Building CXX object source/CMakeFiles/G4interfaces-static.dir/interfaces/core/src/G4VInteractiveSession.cc.o
[  6%] Building CXX object source/CMakeFiles/G4particles-static.dir/particles/adjoint/src/G4AdjointGenericIon.cc.o
[  6%] Building CXX object source/CMakeFiles/G4graphics_reps-static.dir/graphics_reps/src/G4AttUtils.cc.o
[  6%] Building CXX object source/CMakeFiles/G4particles-static.dir/particles/adjoint/src/G4AdjointHe3.cc.o
[  6%] Building CXX object source/CMakeFiles/G4interfaces-static.dir/interfaces/core/src/G4VInteractorManager.cc.o
[  6%] Building CXX object source/CMakeFiles/G4graphics_reps-static.dir/graphics_reps/src/G4Circle.cc.o
[  6%] Building CXX object source/CMakeFiles/G4interfaces-static.dir/interfaces/core/src/G4VUIshell.cc.o
[  6%] Building CXX object source/CMakeFiles/G4particles-static.dir/particles/adjoint/src/G4AdjointIons.cc.o
[  6%] Building CXX object source/CMakeFiles/G4analysis-static.dir/analysis/csv/src/G4CsvAnalysisReader.cc.o
[  6%] Building CXX object source/CMakeFiles/G4analysis-static.dir/analysis/csv/src/G4CsvFileManager.cc.o
[  6%] Building CXX object source/CMakeFiles/G4graphics_reps-static.dir/graphics_reps/src/G4Colour.cc.o
[  6%] Building CXX object source/CMakeFiles/G4materials-static.dir/materials/src/G4Element.cc.o
[  6%] Building CXX object source/CMakeFiles/G4interfaces-static.dir/interfaces/core/src/G4UItcsh.cc.o
[  6%] Building CXX object source/CMakeFiles/G4particles-static.dir/particles/adjoint/src/G4AdjointPositron.cc.o
[  6%] Building CXX object source/CMakeFiles/G4materials-static.dir/materials/src/G4ElementData.cc.o
[  6%] Building CXX object source/CMakeFiles/G4graphics_reps-static.dir/graphics_reps/src/G4DimensionedTypeUtils.cc.o
[  6%] Building CXX object source/CMakeFiles/G4particles-static.dir/particles/adjoint/src/G4AdjointProton.cc.o
[  6%] Building CXX object source/CMakeFiles/G4interfaces-static.dir/interfaces/implementation/src/G4UIExecutive.cc.o
[  6%] Building CXX object source/CMakeFiles/G4graphics_reps-static.dir/graphics_reps/src/G4PlacedPolyhedron.cc.o
[  6%] Building CXX object source/CMakeFiles/G4particles-static.dir/particles/adjoint/src/G4AdjointTriton.cc.o
[  6%] Building CXX object source/CMakeFiles/G4materials-static.dir/materials/src/G4ElementDataRegistry.cc.o
[  6%] Building CXX object source/CMakeFiles/G4analysis-static.dir/analysis/csv/src/G4CsvNtupleFileManager.cc.o
[  6%] Building CXX object source/CMakeFiles/G4graphics_reps-static.dir/graphics_reps/src/G4Point3DList.cc.o
[  6%] Linking CXX static library ../BuildProducts/lib64/libG4interfaces.a
[  6%] Built target G4interfaces-static
[  6%] Building CXX object source/CMakeFiles/G4analysis-static.dir/analysis/csv/src/G4CsvNtupleManager.cc.o
[  6%] Building CXX object source/CMakeFiles/G4materials-static.dir/materials/src/G4ExtDEDXTable.cc.o
[  6%] Building CXX object source/CMakeFiles/G4particles-static.dir/particles/bosons/src/G4BosonConstructor.cc.o
[  6%] Building CXX object source/CMakeFiles/G4analysis-static.dir/analysis/csv/src/G4CsvRFileManager.cc.o
[  6%] Building CXX object source/CMakeFiles/G4graphics_reps-static.dir/graphics_reps/src/G4Polyhedron.cc.o
[  6%] Building CXX object source/CMakeFiles/G4particles-static.dir/particles/bosons/src/G4ChargedGeantino.cc.o
[  6%] Building CXX object source/CMakeFiles/G4materials-static.dir/materials/src/G4ExtendedMaterial.cc.o
[  6%] Building CXX object source/CMakeFiles/G4analysis-static.dir/analysis/csv/src/G4CsvRNtupleManager.cc.o
[  6%] Building CXX object source/CMakeFiles/G4graphics_reps-static.dir/graphics_reps/src/G4PolyhedronArbitrary.cc.o
[  6%] Building CXX object source/CMakeFiles/G4particles-static.dir/particles/bosons/src/G4ChargedUnknownParticle.cc.o
[  6%] Building CXX object source/CMakeFiles/G4analysis-static.dir/analysis/factory/src/G4GenericAnalysisManager.cc.o
[  6%] Building CXX object source/CMakeFiles/G4graphics_reps-static.dir/graphics_reps/src/G4Polyline.cc.o
[  6%] Building CXX object source/CMakeFiles/G4materials-static.dir/materials/src/G4ICRU90StoppingData.cc.o
[  6%] Building CXX object source/CMakeFiles/G4analysis-static.dir/analysis/factory/src/G4GenericFileManager.cc.o
[  6%] Building CXX object source/CMakeFiles/G4particles-static.dir/particles/bosons/src/G4Gamma.cc.o
[  6%] Building CXX object source/CMakeFiles/G4graphics_reps-static.dir/graphics_reps/src/G4Polymarker.cc.o
[  6%] Building CXX object source/CMakeFiles/G4materials-static.dir/materials/src/G4IonisParamElm.cc.o
[  6%] Building CXX object source/CMakeFiles/G4graphics_reps-static.dir/graphics_reps/src/G4SceneTreeItem.cc.o
[  6%] Building CXX object source/CMakeFiles/G4particles-static.dir/particles/bosons/src/G4Geantino.cc.o
[  6%] Building CXX object source/CMakeFiles/G4materials-static.dir/materials/src/G4IonisParamMat.cc.o
[  6%] Building CXX object source/CMakeFiles/G4analysis-static.dir/analysis/hntools/src/G4PlotManager.cc.o
[  6%] Building CXX object source/CMakeFiles/G4materials-static.dir/materials/src/G4IonStoppingData.cc.o
[  6%] Building CXX object source/CMakeFiles/G4particles-static.dir/particles/bosons/src/G4OpticalPhoton.cc.o
[  6%] Building CXX object source/CMakeFiles/G4graphics_reps-static.dir/graphics_reps/src/G4Square.cc.o
[  6%] Building CXX object source/CMakeFiles/G4analysis-static.dir/analysis/hntools/src/G4PlotMessenger.cc.o
[  6%] Building CXX object source/CMakeFiles/G4graphics_reps-static.dir/graphics_reps/src/G4Text.cc.o
[  6%] Building CXX object source/CMakeFiles/G4particles-static.dir/particles/bosons/src/G4PhononLong.cc.o
[  7%] Building CXX object source/CMakeFiles/G4graphics_reps-static.dir/graphics_reps/src/G4Plotter.cc.o
[  7%] Building CXX object source/CMakeFiles/G4materials-static.dir/materials/src/G4Isotope.cc.o
[  7%] Building CXX object source/CMakeFiles/G4analysis-static.dir/analysis/hntools/src/G4PlotParameters.cc.o
[  7%] Building CXX object source/CMakeFiles/G4graphics_reps-static.dir/graphics_reps/src/G4VGraphicsScene.cc.o
[  7%] Building CXX object source/CMakeFiles/G4particles-static.dir/particles/bosons/src/G4PhononTransFast.cc.o
[  7%] Building CXX object source/CMakeFiles/G4materials-static.dir/materials/src/G4LatticeLogical.cc.o
[  7%] Building CXX object source/CMakeFiles/G4graphics_reps-static.dir/graphics_reps/src/G4VMarker.cc.o
[  7%] Building CXX object source/CMakeFiles/G4graphics_reps-static.dir/graphics_reps/src/G4VVisManager.cc.o
[  7%] Building CXX object source/CMakeFiles/G4analysis-static.dir/analysis/hntools/src/G4TH1ToolsManager.cc.o
[  7%] Building CXX object source/CMakeFiles/G4particles-static.dir/particles/bosons/src/G4PhononTransSlow.cc.o
[  7%] Building CXX object source/CMakeFiles/G4particles-static.dir/particles/bosons/src/G4QuasiOpticalPhoton.cc.o
[  7%] Building CXX object source/CMakeFiles/G4materials-static.dir/materials/src/G4LatticePhysical.cc.o
[  7%] Building CXX object source/CMakeFiles/G4graphics_reps-static.dir/graphics_reps/src/G4VisAttributes.cc.o
[  7%] Building CXX object source/CMakeFiles/G4graphics_reps-static.dir/graphics_reps/src/G4VisExtent.cc.o
[  7%] Building CXX object source/CMakeFiles/G4materials-static.dir/materials/src/G4MatUtils.cc.o
[  7%] Building CXX object source/CMakeFiles/G4particles-static.dir/particles/bosons/src/G4UnknownParticle.cc.o
[  7%] Building CXX object source/CMakeFiles/G4graphics_reps-static.dir/graphics_reps/src/G4Visible.cc.o
[  7%] Building CXX object source/CMakeFiles/G4analysis-static.dir/analysis/hntools/src/G4TH2ToolsManager.cc.o
[  7%] Building CXX object source/CMakeFiles/G4graphics_reps-static.dir/graphics_reps/src/HepPolyhedron.cc.o
[  8%] Building CXX object source/CMakeFiles/G4materials-static.dir/materials/src/G4Material.cc.o
[  8%] Building CXX object source/CMakeFiles/G4analysis-static.dir/analysis/hntools/src/G4TH3ToolsManager.cc.o
[  8%] Building CXX object source/CMakeFiles/G4particles-static.dir/particles/hadrons/barions/src/G4AntiLambda.cc.o
[  8%] Building CXX object source/CMakeFiles/G4analysis-static.dir/analysis/hntools/src/G4TP1ToolsManager.cc.o
[  8%] Building CXX object source/CMakeFiles/G4particles-static.dir/particles/hadrons/barions/src/G4AntiLambdab.cc.o
[  8%] Building CXX object source/CMakeFiles/G4materials-static.dir/materials/src/G4MaterialPropertiesTable.cc.o
[  9%] Building CXX object source/CMakeFiles/G4analysis-static.dir/analysis/hntools/src/G4TP2ToolsManager.cc.o
[  9%] Building CXX object source/CMakeFiles/G4particles-static.dir/particles/hadrons/barions/src/G4AntiLambdacPlus.cc.o
[  9%] Building CXX object source/CMakeFiles/G4analysis-static.dir/analysis/hntools/src/G4ToolsAnalysisManager.cc.o
[  9%] Building CXX object source/CMakeFiles/G4materials-static.dir/materials/src/G4MicroElecMaterialStructure.cc.o
[  9%] Linking CXX static library ../BuildProducts/lib64/libG4graphics_reps.a
[  9%] Building CXX object source/CMakeFiles/G4particles-static.dir/particles/hadrons/barions/src/G4AntiNeutron.cc.o
[  9%] Built target G4graphics_reps-static
[  9%] Building CXX object source/CMakeFiles/G4materials-static.dir/materials/src/G4MicroElecSiStructure.cc.o
[  9%] Building CXX object source/CMakeFiles/G4materials-static.dir/materials/src/G4NistElementBuilder.cc.o
[  9%] Building CXX object source/CMakeFiles/G4materials-static.dir/materials/src/G4NistManager.cc.o
[  9%] Building CXX object source/CMakeFiles/G4materials-static.dir/materials/src/G4NistMaterialBuilder.cc.o
[  9%] Building CXX object source/CMakeFiles/G4particles-static.dir/particles/hadrons/barions/src/G4AntiOmegaMinus.cc.o
[  9%] Building CXX object source/CMakeFiles/G4particles-static.dir/particles/hadrons/barions/src/G4AntiOmegabMinus.cc.o
[  9%] Building CXX object source/CMakeFiles/G4materials-static.dir/materials/src/G4NistMessenger.cc.o
[  9%] Building CXX object source/CMakeFiles/G4particles-static.dir/particles/hadrons/barions/src/G4AntiOmegacZero.cc.o
[  9%] Building CXX object source/CMakeFiles/G4particles-static.dir/particles/hadrons/barions/src/G4AntiProton.cc.o
[  9%] Building CXX object source/CMakeFiles/G4particles-static.dir/particles/hadrons/barions/src/G4AntiSigmaMinus.cc.o
[  9%] Building CXX object source/CMakeFiles/G4materials-static.dir/materials/src/G4OpticalSurface.cc.o
[  9%] Building CXX object source/CMakeFiles/G4materials-static.dir/materials/src/G4SandiaTable.cc.o
[  9%] Building CXX object source/CMakeFiles/G4particles-static.dir/particles/hadrons/barions/src/G4AntiSigmaPlus.cc.o
[  9%] Building CXX object source/CMakeFiles/G4particles-static.dir/particles/hadrons/barions/src/G4AntiSigmaZero.cc.o
[  9%] Building CXX object source/CMakeFiles/G4particles-static.dir/particles/hadrons/barions/src/G4AntiSigmacPlus.cc.o
[  9%] Building CXX object source/CMakeFiles/G4analysis-static.dir/analysis/hntools/src/G4ToolsAnalysisReader.cc.o
[  9%] Building CXX object source/CMakeFiles/G4materials-static.dir/materials/src/G4SurfaceProperty.cc.o
[  9%] Building CXX object source/CMakeFiles/G4particles-static.dir/particles/hadrons/barions/src/G4AntiSigmacPlusPlus.cc.o
[  9%] Building CXX object source/CMakeFiles/G4particles-static.dir/particles/hadrons/barions/src/G4AntiSigmacZero.cc.o
[  9%] Building CXX object source/CMakeFiles/G4materials-static.dir/materials/src/G4UCNMaterialPropertiesTable.cc.o
[  9%] Building CXX object source/CMakeFiles/G4materials-static.dir/materials/src/G4UCNMicroRoughnessHelper.cc.o
[  9%] Building CXX object source/CMakeFiles/G4particles-static.dir/particles/hadrons/barions/src/G4AntiSigmabMinus.cc.o
[  9%] Building CXX object source/CMakeFiles/G4analysis-static.dir/analysis/management/src/G4AnalysisVerbose.cc.o
[  9%] Linking CXX static library ../BuildProducts/lib64/libG4materials.a
[ 10%] Building CXX object source/CMakeFiles/G4particles-static.dir/particles/hadrons/barions/src/G4AntiSigmabPlus.cc.o
[ 10%] Built target G4materials-static
[ 10%] Building CXX object source/CMakeFiles/G4particles-static.dir/particles/hadrons/barions/src/G4AntiSigmabZero.cc.o
[ 10%] Building CXX object source/CMakeFiles/G4analysis-static.dir/analysis/management/src/G4AnalysisManagerState.cc.o
[ 10%] Building CXX object source/CMakeFiles/G4analysis-static.dir/analysis/management/src/G4AnalysisMessenger.cc.o
[ 10%] Building CXX object source/CMakeFiles/G4particles-static.dir/particles/hadrons/barions/src/G4AntiXiMinus.cc.o
[ 10%] Building CXX object source/CMakeFiles/G4analysis-static.dir/analysis/management/src/G4AnalysisUtilities.cc.o
[ 10%] Building CXX object source/CMakeFiles/G4particles-static.dir/particles/hadrons/barions/src/G4AntiXiZero.cc.o
[ 10%] Building CXX object source/CMakeFiles/G4geometry-static.dir/geometry/biasing/src/G4GeometryCell.cc.o
[ 10%] Building CXX object source/CMakeFiles/G4analysis-static.dir/analysis/management/src/G4BaseAnalysisManager.cc.o
[ 10%] Building CXX object source/CMakeFiles/G4analysis-static.dir/analysis/management/src/G4BaseFileManager.cc.o
[ 10%] Building CXX object source/CMakeFiles/G4particles-static.dir/particles/hadrons/barions/src/G4AntiXicPlus.cc.o
[ 10%] Building CXX object source/CMakeFiles/G4geometry-static.dir/geometry/biasing/src/G4GeometryCellComp.cc.o
[ 10%] Building CXX object source/CMakeFiles/G4analysis-static.dir/analysis/management/src/G4BaseNtupleManager.cc.o
[ 10%] Building CXX object source/CMakeFiles/G4analysis-static.dir/analysis/management/src/G4BaseRNtupleManager.cc.o
[ 10%] Building CXX object source/CMakeFiles/G4geometry-static.dir/geometry/biasing/src/G4GeometryCellImportance.cc.o
[ 10%] Building CXX object source/CMakeFiles/G4particles-static.dir/particles/hadrons/barions/src/G4AntiXicZero.cc.o
[ 10%] Building CXX object source/CMakeFiles/G4analysis-static.dir/analysis/management/src/G4BinScheme.cc.o
[ 10%] Building CXX object source/CMakeFiles/G4geometry-static.dir/geometry/biasing/src/G4GeometryCellStep.cc.o
[ 10%] Building CXX object source/CMakeFiles/G4particles-static.dir/particles/hadrons/barions/src/G4AntiXibMinus.cc.o
[ 10%] Building CXX object source/CMakeFiles/G4particles-static.dir/particles/hadrons/barions/src/G4AntiXibZero.cc.o
[ 10%] Building CXX object source/CMakeFiles/G4analysis-static.dir/analysis/management/src/G4Fcn.cc.o
[ 10%] Building CXX object source/CMakeFiles/G4geometry-static.dir/geometry/biasing/src/G4GeometryCellStepStream.cc.o
[ 10%] Building CXX object source/CMakeFiles/G4particles-static.dir/particles/hadrons/barions/src/G4BaryonConstructor.cc.o
[ 10%] Building CXX object source/CMakeFiles/G4analysis-static.dir/analysis/management/src/G4NtupleBookingManager.cc.o
[ 10%] Building CXX object source/CMakeFiles/G4analysis-static.dir/analysis/management/src/G4NtupleMessenger.cc.o
[ 10%] Building CXX object source/CMakeFiles/G4geometry-static.dir/geometry/biasing/src/G4IStore.cc.o
[ 10%] Building CXX object source/CMakeFiles/G4particles-static.dir/particles/hadrons/barions/src/G4Lambda.cc.o
[ 10%] Building CXX object source/CMakeFiles/G4analysis-static.dir/analysis/management/src/G4HnInformation.cc.o
[ 10%] Building CXX object source/CMakeFiles/G4analysis-static.dir/analysis/management/src/G4HnManager.cc.o
[ 10%] Building CXX object source/CMakeFiles/G4analysis-static.dir/analysis/management/src/G4HnMessenger.cc.o
[ 10%] Building CXX object source/CMakeFiles/G4particles-static.dir/particles/hadrons/barions/src/G4Lambdab.cc.o
[ 10%] Building CXX object source/CMakeFiles/G4analysis-static.dir/analysis/management/src/G4VAnalysisManager.cc.o
[ 10%] Building CXX object source/CMakeFiles/G4geometry-static.dir/geometry/biasing/src/G4ImportanceAlgorithm.cc.o
[ 10%] Building CXX object source/CMakeFiles/G4analysis-static.dir/analysis/management/src/G4VAnalysisReader.cc.o
[ 10%] Building CXX object source/CMakeFiles/G4particles-static.dir/particles/hadrons/barions/src/G4LambdacPlus.cc.o
[ 10%] Building CXX object source/CMakeFiles/G4analysis-static.dir/analysis/management/src/G4VFileManager.cc.o
[ 10%] Building CXX object source/CMakeFiles/G4geometry-static.dir/geometry/biasing/src/G4Nsplit_Weight.cc.o
[ 10%] Building CXX object source/CMakeFiles/G4particles-static.dir/particles/hadrons/barions/src/G4Neutron.cc.o
[ 10%] Building CXX object source/CMakeFiles/G4analysis-static.dir/analysis/management/src/G4VNtupleFileManager.cc.o
[ 10%] Building CXX object source/CMakeFiles/G4analysis-static.dir/analysis/root/src/G4RootAnalysisManager.cc.o
[ 10%] Building CXX object source/CMakeFiles/G4geometry-static.dir/geometry/biasing/src/G4WeightWindowAlgorithm.cc.o
[ 10%] Building CXX object source/CMakeFiles/G4analysis-static.dir/analysis/root/src/G4RootAnalysisReader.cc.o
[ 10%] Building CXX object source/CMakeFiles/G4particles-static.dir/particles/hadrons/barions/src/G4OmegaMinus.cc.o
[ 10%] Building CXX object source/CMakeFiles/G4analysis-static.dir/analysis/root/src/G4RootFileManager.cc.o
[ 10%] Building CXX object source/CMakeFiles/G4geometry-static.dir/geometry/biasing/src/G4WeightWindowStore.cc.o
[ 10%] Building CXX object source/CMakeFiles/G4particles-static.dir/particles/hadrons/barions/src/G4OmegabMinus.cc.o
[ 10%] Building CXX object source/CMakeFiles/G4geometry-static.dir/geometry/divisions/src/G4PVDivision.cc.o
[ 10%] Building CXX object source/CMakeFiles/G4particles-static.dir/particles/hadrons/barions/src/G4OmegacZero.cc.o
[ 10%] Building CXX object source/CMakeFiles/G4analysis-static.dir/analysis/root/src/G4RootMainNtupleManager.cc.o
[ 10%] Building CXX object source/CMakeFiles/G4particles-static.dir/particles/hadrons/barions/src/G4Proton.cc.o
[ 10%] Building CXX object source/CMakeFiles/G4geometry-static.dir/geometry/divisions/src/G4PVDivisionFactory.cc.o
[ 10%] Building CXX object source/CMakeFiles/G4geometry-static.dir/geometry/divisions/src/G4ParameterisationBox.cc.o
[ 10%] Building CXX object source/CMakeFiles/G4particles-static.dir/particles/hadrons/barions/src/G4SigmaMinus.cc.o
[ 10%] Building CXX object source/CMakeFiles/G4geometry-static.dir/geometry/divisions/src/G4ParameterisationCons.cc.o
[ 10%] Building CXX object source/CMakeFiles/G4analysis-static.dir/analysis/root/src/G4RootNtupleFileManager.cc.o
[ 10%] Building CXX object source/CMakeFiles/G4particles-static.dir/particles/hadrons/barions/src/G4SigmaPlus.cc.o
[ 10%] Building CXX object source/CMakeFiles/G4geometry-static.dir/geometry/divisions/src/G4ParameterisationPara.cc.o
[ 10%] Building CXX object source/CMakeFiles/G4particles-static.dir/particles/hadrons/barions/src/G4SigmaZero.cc.o
[ 10%] Building CXX object source/CMakeFiles/G4particles-static.dir/particles/hadrons/barions/src/G4SigmacPlus.cc.o
[ 10%] Building CXX object source/CMakeFiles/G4analysis-static.dir/analysis/root/src/G4RootNtupleManager.cc.o
[ 10%] Building CXX object source/CMakeFiles/G4geometry-static.dir/geometry/divisions/src/G4ParameterisationPolycone.cc.o
[ 10%] Building CXX object source/CMakeFiles/G4particles-static.dir/particles/hadrons/barions/src/G4SigmacPlusPlus.cc.o
[ 10%] Building CXX object source/CMakeFiles/G4geometry-static.dir/geometry/divisions/src/G4ParameterisationPolyhedra.cc.o
[ 10%] Building CXX object source/CMakeFiles/G4analysis-static.dir/analysis/root/src/G4RootPNtupleManager.cc.o
[ 10%] Building CXX object source/CMakeFiles/G4analysis-static.dir/analysis/root/src/G4RootRFileManager.cc.o
[ 10%] Building CXX object source/CMakeFiles/G4particles-static.dir/particles/hadrons/barions/src/G4SigmacZero.cc.o
[ 10%] Building CXX object source/CMakeFiles/G4particles-static.dir/particles/hadrons/barions/src/G4SigmabMinus.cc.o
[ 10%] Building CXX object source/CMakeFiles/G4geometry-static.dir/geometry/divisions/src/G4ParameterisationTrd.cc.o
[ 10%] Building CXX object source/CMakeFiles/G4particles-static.dir/particles/hadrons/barions/src/G4SigmabPlus.cc.o
[ 10%] Building CXX object source/CMakeFiles/G4particles-static.dir/particles/hadrons/barions/src/G4SigmabZero.cc.o
[ 10%] Building CXX object source/CMakeFiles/G4geometry-static.dir/geometry/divisions/src/G4ParameterisationTubs.cc.o
[ 10%] Building CXX object source/CMakeFiles/G4analysis-static.dir/analysis/root/src/G4RootRNtupleManager.cc.o
[ 10%] Building CXX object source/CMakeFiles/G4particles-static.dir/particles/hadrons/barions/src/G4XiMinus.cc.o
[ 10%] Building CXX object source/CMakeFiles/G4geometry-static.dir/geometry/divisions/src/G4ReplicatedSlice.cc.o
[ 10%] Building CXX object source/CMakeFiles/G4analysis-static.dir/analysis/xml/src/G4XmlAnalysisManager.cc.o
[ 10%] Building CXX object source/CMakeFiles/G4particles-static.dir/particles/hadrons/barions/src/G4XiZero.cc.o
[ 10%] Building CXX object source/CMakeFiles/G4analysis-static.dir/analysis/xml/src/G4XmlAnalysisReader.cc.o
[ 10%] Building CXX object source/CMakeFiles/G4particles-static.dir/particles/hadrons/barions/src/G4XicPlus.cc.o
[ 11%] Building CXX object source/CMakeFiles/G4geometry-static.dir/geometry/divisions/src/G4VDivisionParameterisation.cc.o
[ 11%] Building CXX object source/CMakeFiles/G4particles-static.dir/particles/hadrons/barions/src/G4XicZero.cc.o
[ 11%] Building CXX object source/CMakeFiles/G4particles-static.dir/particles/hadrons/barions/src/G4XibMinus.cc.o
[ 11%] Building CXX object source/CMakeFiles/G4particles-static.dir/particles/hadrons/barions/src/G4XibZero.cc.o
[ 11%] Building CXX object source/CMakeFiles/G4particles-static.dir/particles/hadrons/ions/src/G4Alpha.cc.o
[ 11%] Building CXX object source/CMakeFiles/G4geometry-static.dir/geometry/magneticfield/src/G4BFieldIntegrationDriver.cc.o
[ 12%] Building CXX object source/CMakeFiles/G4particles-static.dir/particles/hadrons/ions/src/G4AntiAlpha.cc.o
[ 12%] Building CXX object source/CMakeFiles/G4particles-static.dir/particles/hadrons/ions/src/G4AntiDeuteron.cc.o
[ 13%] Building CXX object source/CMakeFiles/G4analysis-static.dir/analysis/xml/src/G4XmlNtupleFileManager.cc.o
[ 13%] Building CXX object source/CMakeFiles/G4analysis-static.dir/analysis/xml/src/G4XmlFileManager.cc.o
[ 13%] Building CXX object source/CMakeFiles/G4geometry-static.dir/geometry/magneticfield/src/G4BogackiShampine23.cc.o
[ 13%] Building CXX object source/CMakeFiles/G4particles-static.dir/particles/hadrons/ions/src/G4AntiDoubleHyperDoubleNeutron.cc.o
[ 13%] Building CXX object source/CMakeFiles/G4analysis-static.dir/analysis/xml/src/G4XmlNtupleManager.cc.o
[ 13%] Building CXX object source/CMakeFiles/G4geometry-static.dir/geometry/magneticfield/src/G4BogackiShampine45.cc.o
[ 13%] Building CXX object source/CMakeFiles/G4particles-static.dir/particles/hadrons/ions/src/G4AntiDoubleHyperH4.cc.o
[ 13%] Building CXX object source/CMakeFiles/G4analysis-static.dir/analysis/xml/src/G4XmlRFileManager.cc.o
[ 13%] Building CXX object source/CMakeFiles/G4analysis-static.dir/analysis/xml/src/G4XmlRNtupleManager.cc.o
[ 13%] Building CXX object source/CMakeFiles/G4geometry-static.dir/geometry/magneticfield/src/G4BorisDriver.cc.o
[ 13%] Building CXX object source/CMakeFiles/G4particles-static.dir/particles/hadrons/ions/src/G4AntiHe3.cc.o
[ 13%] Building CXX object source/CMakeFiles/G4particles-static.dir/particles/hadrons/ions/src/G4AntiHyperAlpha.cc.o
[ 13%] Building CXX object source/CMakeFiles/G4geometry-static.dir/geometry/magneticfield/src/G4BorisScheme.cc.o
[ 13%] Building CXX object source/CMakeFiles/G4geometry-static.dir/geometry/magneticfield/src/G4BulirschStoer.cc.o
[ 13%] Building CXX object source/CMakeFiles/G4particles-static.dir/particles/hadrons/ions/src/G4AntiHyperHe5.cc.o
[ 13%] Building CXX object source/CMakeFiles/G4particles-static.dir/particles/hadrons/ions/src/G4AntiHyperH4.cc.o
[ 13%] Building CXX object source/CMakeFiles/G4geometry-static.dir/geometry/magneticfield/src/G4CachedMagneticField.cc.o
[ 13%] Building CXX object source/CMakeFiles/G4geometry-static.dir/geometry/magneticfield/src/G4CashKarpRKF45.cc.o
[ 13%] Building CXX object source/CMakeFiles/G4particles-static.dir/particles/hadrons/ions/src/G4AntiHyperTriton.cc.o
[ 13%] Building CXX object source/CMakeFiles/G4geometry-static.dir/geometry/magneticfield/src/G4ChargeState.cc.o
[ 13%] Building CXX object source/CMakeFiles/G4particles-static.dir/particles/hadrons/ions/src/G4AntiTriton.cc.o
[ 13%] Building CXX object source/CMakeFiles/G4geometry-static.dir/geometry/magneticfield/src/G4ChordFinder.cc.o
[ 13%] Building CXX object source/CMakeFiles/G4geometry-static.dir/geometry/magneticfield/src/G4ClassicalRK4.cc.o
[ 13%] Building CXX object source/CMakeFiles/G4geometry-static.dir/geometry/magneticfield/src/G4ConstRK4.cc.o
[ 13%] Building CXX object source/CMakeFiles/G4particles-static.dir/particles/hadrons/ions/src/G4Deuteron.cc.o
[ 13%] Building CXX object source/CMakeFiles/G4particles-static.dir/particles/hadrons/ions/src/G4DoubleHyperDoubleNeutron.cc.o
[ 13%] Building CXX object source/CMakeFiles/G4geometry-static.dir/geometry/magneticfield/src/G4DELPHIMagField.cc.o
[ 13%] Building CXX object source/CMakeFiles/G4geometry-static.dir/geometry/magneticfield/src/G4DoLoMcPriRK34.cc.o
[ 13%] Building CXX object source/CMakeFiles/G4particles-static.dir/particles/hadrons/ions/src/G4DoubleHyperH4.cc.o
[ 13%] Building CXX object source/CMakeFiles/G4particles-static.dir/particles/hadrons/ions/src/G4GenericIon.cc.o
[ 13%] Building CXX object source/CMakeFiles/G4geometry-static.dir/geometry/magneticfield/src/G4DormandPrince745.cc.o
[ 13%] Building CXX object source/CMakeFiles/G4geometry-static.dir/geometry/magneticfield/src/G4DormandPrinceRK56.cc.o
[ 13%] Linking CXX static library ../BuildProducts/lib64/libG4analysis.a
[ 13%] Building CXX object source/CMakeFiles/G4particles-static.dir/particles/hadrons/ions/src/G4He3.cc.o
[ 13%] Building CXX object source/CMakeFiles/G4particles-static.dir/particles/hadrons/ions/src/G4HyperAlpha.cc.o
[ 13%] Building CXX object source/CMakeFiles/G4geometry-static.dir/geometry/magneticfield/src/G4DormandPrinceRK78.cc.o
[ 13%] Building CXX object source/CMakeFiles/G4geometry-static.dir/geometry/magneticfield/src/G4DriverReporter.cc.o
[ 13%] Building CXX object source/CMakeFiles/G4geometry-static.dir/geometry/magneticfield/src/G4ElectricField.cc.o
[ 13%] Building CXX object source/CMakeFiles/G4particles-static.dir/particles/hadrons/ions/src/G4HyperHe5.cc.o
[ 13%] Building CXX object source/CMakeFiles/G4particles-static.dir/particles/hadrons/ions/src/G4HyperH4.cc.o
[ 13%] Building CXX object source/CMakeFiles/G4geometry-static.dir/geometry/magneticfield/src/G4ElectroMagneticField.cc.o
[ 13%] Building CXX object source/CMakeFiles/G4geometry-static.dir/geometry/magneticfield/src/G4EqEMFieldWithEDM.cc.o
[ 13%] Building CXX object source/CMakeFiles/G4geometry-static.dir/geometry/magneticfield/src/G4EqEMFieldWithSpin.cc.o
[ 13%] Building CXX object source/CMakeFiles/G4particles-static.dir/particles/hadrons/ions/src/G4HyperTriton.cc.o
[ 13%] Building CXX object source/CMakeFiles/G4geometry-static.dir/geometry/magneticfield/src/G4EqGravityField.cc.o
[ 13%] Building CXX object source/CMakeFiles/G4geometry-static.dir/geometry/magneticfield/src/G4EqMagElectricField.cc.o
[ 13%] Building CXX object source/CMakeFiles/G4geometry-static.dir/geometry/magneticfield/src/G4EquationOfMotion.cc.o
[ 13%] Building CXX object source/CMakeFiles/G4particles-static.dir/particles/hadrons/ions/src/G4IonConstructor.cc.o
[ 13%] Building CXX object source/CMakeFiles/G4particles-static.dir/particles/hadrons/ions/src/G4Triton.cc.o
[ 13%] Building CXX object source/CMakeFiles/G4geometry-static.dir/geometry/magneticfield/src/G4ErrorMag_UsualEqRhs.cc.o
[ 13%] Building CXX object source/CMakeFiles/G4geometry-static.dir/geometry/magneticfield/src/G4ExactHelixStepper.cc.o
[ 13%] Building CXX object source/CMakeFiles/G4geometry-static.dir/geometry/magneticfield/src/G4ExplicitEuler.cc.o
[ 13%] Built target G4analysis-static
[ 13%] Building CXX object source/CMakeFiles/G4geometry-static.dir/geometry/magneticfield/src/G4Field.cc.o
[ 13%] Building CXX object source/CMakeFiles/G4particles-static.dir/particles/hadrons/ions/src/G4GenericMuonicAtom.cc.o
[ 13%] Building CXX object source/CMakeFiles/G4geometry-static.dir/geometry/magneticfield/src/G4FieldBuilder.cc.o
[ 13%] Building CXX object source/CMakeFiles/G4geometry-static.dir/geometry/magneticfield/src/G4FieldBuilderMessenger.cc.o
[ 13%] Building CXX object source/CMakeFiles/G4particles-static.dir/particles/hadrons/mesons/src/G4AntiBMesonZero.cc.o
[ 13%] Building CXX object source/CMakeFiles/G4geometry-static.dir/geometry/magneticfield/src/G4FieldManager.cc.o
[ 14%] Building CXX object source/CMakeFiles/G4geometry-static.dir/geometry/magneticfield/src/G4FieldManagerStore.cc.o
[ 14%] Building CXX object source/CMakeFiles/G4particles-static.dir/particles/hadrons/mesons/src/G4AntiBsMesonZero.cc.o
[ 14%] Building CXX object source/CMakeFiles/G4particles-static.dir/particles/hadrons/mesons/src/G4AntiDMesonZero.cc.o
[ 14%] Building CXX object source/CMakeFiles/G4geometry-static.dir/geometry/magneticfield/src/G4FieldParameters.cc.o
[ 14%] Building CXX object source/CMakeFiles/G4particles-static.dir/particles/hadrons/mesons/src/G4AntiKaonZero.cc.o
[ 14%] Building CXX object source/CMakeFiles/G4particles-static.dir/particles/hadrons/mesons/src/G4BMesonMinus.cc.o
[ 14%] Building CXX object source/CMakeFiles/G4geometry-static.dir/geometry/magneticfield/src/G4FieldParametersMessenger.cc.o
[ 14%] Building CXX object source/CMakeFiles/G4particles-static.dir/particles/hadrons/mesons/src/G4BcMesonMinus.cc.o
[ 14%] Building CXX object source/CMakeFiles/G4geometry-static.dir/geometry/magneticfield/src/G4FieldSetup.cc.o
[ 14%] Building CXX object source/CMakeFiles/G4particles-static.dir/particles/hadrons/mesons/src/G4BMesonPlus.cc.o
[ 14%] Building CXX object source/CMakeFiles/G4geometry-static.dir/geometry/magneticfield/src/G4FieldSetupMessenger.cc.o
[ 14%] Building CXX object source/CMakeFiles/G4particles-static.dir/particles/hadrons/mesons/src/G4BcMesonPlus.cc.o
[ 14%] Building CXX object source/CMakeFiles/G4geometry-static.dir/geometry/magneticfield/src/G4FieldTrack.cc.o
[ 14%] Building CXX object source/CMakeFiles/G4particles-static.dir/particles/hadrons/mesons/src/G4BMesonZero.cc.o
[ 14%] Building CXX object source/CMakeFiles/G4geometry-static.dir/geometry/magneticfield/src/G4FieldUtils.cc.o
[ 14%] Building CXX object source/CMakeFiles/G4particles-static.dir/particles/hadrons/mesons/src/G4BsMesonZero.cc.o
[ 15%] Building CXX object source/CMakeFiles/G4particles-static.dir/particles/hadrons/mesons/src/G4DMesonMinus.cc.o
[ 15%] Building CXX object source/CMakeFiles/G4geometry-static.dir/geometry/magneticfield/src/G4FSALBogackiShampine45.cc.o
[ 15%] Building CXX object source/CMakeFiles/G4particles-static.dir/particles/hadrons/mesons/src/G4DMesonPlus.cc.o
[ 15%] Building CXX object source/CMakeFiles/G4geometry-static.dir/geometry/magneticfield/src/G4FSALDormandPrince745.cc.o
[ 15%] Building CXX object source/CMakeFiles/G4particles-static.dir/particles/hadrons/mesons/src/G4DMesonZero.cc.o
[ 15%] Building CXX object source/CMakeFiles/G4geometry-static.dir/geometry/magneticfield/src/G4VFSALIntegrationStepper.cc.o
[ 15%] Building CXX object source/CMakeFiles/G4geometry-static.dir/geometry/magneticfield/src/G4HarmonicPolMagField.cc.o
[ 15%] Building CXX object source/CMakeFiles/G4geometry-static.dir/geometry/magneticfield/src/G4HelixExplicitEuler.cc.o
[ 15%] Building CXX object source/CMakeFiles/G4particles-static.dir/particles/hadrons/mesons/src/G4DsMesonMinus.cc.o
[ 15%] Building CXX object source/CMakeFiles/G4geometry-static.dir/geometry/magneticfield/src/G4HelixHeum.cc.o
[ 15%] Building CXX object source/CMakeFiles/G4particles-static.dir/particles/hadrons/mesons/src/G4DsMesonPlus.cc.o
[ 15%] Building CXX object source/CMakeFiles/G4geometry-static.dir/geometry/magneticfield/src/G4HelixImplicitEuler.cc.o
[ 15%] Building CXX object source/CMakeFiles/G4geometry-static.dir/geometry/magneticfield/src/G4HelixMixedStepper.cc.o
[ 15%] Building CXX object source/CMakeFiles/G4particles-static.dir/particles/hadrons/mesons/src/G4Eta.cc.o
[ 15%] Building CXX object source/CMakeFiles/G4geometry-static.dir/geometry/magneticfield/src/G4HelixSimpleRunge.cc.o
[ 15%] Building CXX object source/CMakeFiles/G4geometry-static.dir/geometry/magneticfield/src/G4ImplicitEuler.cc.o
[ 15%] Building CXX object source/CMakeFiles/G4geometry-static.dir/geometry/magneticfield/src/G4LineCurrentMagField.cc.o
[ 15%] Building CXX object source/CMakeFiles/G4particles-static.dir/particles/hadrons/mesons/src/G4Etac.cc.o
[ 15%] Building CXX object source/CMakeFiles/G4geometry-static.dir/geometry/magneticfield/src/G4LineSection.cc.o
[ 15%] Building CXX object source/CMakeFiles/G4geometry-static.dir/geometry/magneticfield/src/G4MagErrorStepper.cc.o
[ 15%] Building CXX object source/CMakeFiles/G4particles-static.dir/particles/hadrons/mesons/src/G4EtaPrime.cc.o
[ 15%] Building CXX object source/CMakeFiles/G4geometry-static.dir/geometry/magneticfield/src/G4MagHelicalStepper.cc.o
[ 15%] Building CXX object source/CMakeFiles/G4geometry-static.dir/geometry/magneticfield/src/G4MagIntegratorDriver.cc.o
[ 15%] Building CXX object source/CMakeFiles/G4geometry-static.dir/geometry/magneticfield/src/G4MagIntegratorStepper.cc.o
[ 15%] Building CXX object source/CMakeFiles/G4particles-static.dir/particles/hadrons/mesons/src/G4JPsi.cc.o
[ 15%] Building CXX object source/CMakeFiles/G4geometry-static.dir/geometry/magneticfield/src/G4Mag_EqRhs.cc.o
[ 15%] Building CXX object source/CMakeFiles/G4particles-static.dir/particles/hadrons/mesons/src/G4KaonMinus.cc.o
[ 15%] Building CXX object source/CMakeFiles/G4geometry-static.dir/geometry/magneticfield/src/G4Mag_SpinEqRhs.cc.o
[ 15%] Building CXX object source/CMakeFiles/G4geometry-static.dir/geometry/magneticfield/src/G4Mag_UsualEqRhs.cc.o
[ 15%] Building CXX object source/CMakeFiles/G4geometry-static.dir/geometry/magneticfield/src/G4MagneticField.cc.o
[ 15%] Building CXX object source/CMakeFiles/G4particles-static.dir/particles/hadrons/mesons/src/G4KaonPlus.cc.o
[ 15%] Building CXX object source/CMakeFiles/G4geometry-static.dir/geometry/magneticfield/src/G4ModifiedMidpoint.cc.o
[ 15%] Building CXX object source/CMakeFiles/G4geometry-static.dir/geometry/magneticfield/src/G4MonopoleEq.cc.o
[ 15%] Building CXX object source/CMakeFiles/G4geometry-static.dir/geometry/magneticfield/src/G4NystromRK4.cc.o
[ 15%] Building CXX object source/CMakeFiles/G4geometry-static.dir/geometry/magneticfield/src/G4OldMagIntDriver.cc.o
[ 15%] Building CXX object source/CMakeFiles/G4geometry-static.dir/geometry/magneticfield/src/G4QuadrupoleMagField.cc.o
[ 15%] Building CXX object source/CMakeFiles/G4geometry-static.dir/geometry/magneticfield/src/G4RepleteEofM.cc.o
[ 15%] Building CXX object source/CMakeFiles/G4particles-static.dir/particles/hadrons/mesons/src/G4KaonZero.cc.o
[ 16%] Building CXX object source/CMakeFiles/G4geometry-static.dir/geometry/magneticfield/src/G4RKG3_Stepper.cc.o
[ 16%] Building CXX object source/CMakeFiles/G4geometry-static.dir/geometry/magneticfield/src/G4RK547FEq1.cc.o
[ 16%] Building CXX object source/CMakeFiles/G4particles-static.dir/particles/hadrons/mesons/src/G4KaonZeroLong.cc.o
[ 16%] Building CXX object source/CMakeFiles/G4geometry-static.dir/geometry/magneticfield/src/G4RK547FEq2.cc.o
[ 16%] Building CXX object source/CMakeFiles/G4particles-static.dir/particles/hadrons/mesons/src/G4KaonZeroShort.cc.o
[ 16%] Building CXX object source/CMakeFiles/G4particles-static.dir/particles/hadrons/mesons/src/G4MesonConstructor.cc.o
[ 16%] Building CXX object source/CMakeFiles/G4geometry-static.dir/geometry/magneticfield/src/G4RK547FEq3.cc.o
[ 16%] Building CXX object source/CMakeFiles/G4geometry-static.dir/geometry/magneticfield/src/G4SextupoleMagField.cc.o
[ 16%] Building CXX object source/CMakeFiles/G4particles-static.dir/particles/hadrons/mesons/src/G4PionMinus.cc.o
[ 16%] Building CXX object source/CMakeFiles/G4geometry-static.dir/geometry/magneticfield/src/G4SimpleHeum.cc.o
[ 16%] Building CXX object source/CMakeFiles/G4particles-static.dir/particles/hadrons/mesons/src/G4PionPlus.cc.o
[ 16%] Building CXX object source/CMakeFiles/G4geometry-static.dir/geometry/magneticfield/src/G4SimpleRunge.cc.o
[ 16%] Building CXX object source/CMakeFiles/G4geometry-static.dir/geometry/magneticfield/src/G4TrialsCounter.cc.o
[ 16%] Building CXX object source/CMakeFiles/G4particles-static.dir/particles/hadrons/mesons/src/G4PionZero.cc.o
[ 16%] Building CXX object source/CMakeFiles/G4particles-static.dir/particles/hadrons/mesons/src/G4Upsilon.cc.o
[ 16%] Building CXX object source/CMakeFiles/G4geometry-static.dir/geometry/magneticfield/src/G4TsitourasRK45.cc.o
[ 16%] Building CXX object source/CMakeFiles/G4geometry-static.dir/geometry/magneticfield/src/G4UniformElectricField.cc.o
[ 16%] Building CXX object source/CMakeFiles/G4geometry-static.dir/geometry/magneticfield/src/G4UniformGravityField.cc.o
[ 16%] Building CXX object source/CMakeFiles/G4particles-static.dir/particles/leptons/src/G4AntiNeutrinoE.cc.o
[ 16%] Building CXX object source/CMakeFiles/G4particles-static.dir/particles/leptons/src/G4AntiNeutrinoMu.cc.o
[ 16%] Building CXX object source/CMakeFiles/G4geometry-static.dir/geometry/magneticfield/src/G4UniformMagField.cc.o
[ 16%] Building CXX object source/CMakeFiles/G4geometry-static.dir/geometry/magneticfield/src/G4VIntegrationDriver.cc.o
[ 16%] Building CXX object source/CMakeFiles/G4particles-static.dir/particles/leptons/src/G4AntiNeutrinoTau.cc.o
[ 16%] Building CXX object source/CMakeFiles/G4geometry-static.dir/geometry/magneticfield/src/G4QSStepper.cc.o
[ 16%] Building CXX object source/CMakeFiles/G4particles-static.dir/particles/leptons/src/G4Electron.cc.o
[ 16%] Building CXX object source/CMakeFiles/G4particles-static.dir/particles/leptons/src/G4LeptonConstructor.cc.o
[ 16%] Building CXX object source/CMakeFiles/G4geometry-static.dir/geometry/magneticfield/src/G4QSS3.cc.o
[ 16%] Building CXX object source/CMakeFiles/G4particles-static.dir/particles/leptons/src/G4MuonMinus.cc.o
[ 16%] Building CXX object source/CMakeFiles/G4geometry-static.dir/geometry/magneticfield/src/G4QSSMessenger.cc.o
[ 16%] Building CXX object source/CMakeFiles/G4particles-static.dir/particles/leptons/src/G4MuonPlus.cc.o
[ 16%] Building CXX object source/CMakeFiles/G4geometry-static.dir/geometry/magneticfield/src/G4QSSParameters.cc.o
[ 16%] Building CXX object source/CMakeFiles/G4particles-static.dir/particles/leptons/src/G4NeutrinoE.cc.o
[ 16%] Building CXX object source/CMakeFiles/G4geometry-static.dir/geometry/management/src/G4BlockingList.cc.o
[ 16%] Building CXX object source/CMakeFiles/G4geometry-static.dir/geometry/management/src/G4BoundingEnvelope.cc.o
[ 16%] Building CXX object source/CMakeFiles/G4particles-static.dir/particles/leptons/src/G4NeutrinoMu.cc.o
[ 16%] Building CXX object source/CMakeFiles/G4geometry-static.dir/geometry/management/src/G4ErrorCylSurfaceTarget.cc.o
[ 16%] Building CXX object source/CMakeFiles/G4geometry-static.dir/geometry/management/src/G4ErrorPlaneSurfaceTarget.cc.o
[ 16%] Building CXX object source/CMakeFiles/G4geometry-static.dir/geometry/management/src/G4ErrorTarget.cc.o
[ 16%] Building CXX object source/CMakeFiles/G4particles-static.dir/particles/leptons/src/G4NeutrinoTau.cc.o
[ 16%] Building CXX object source/CMakeFiles/G4particles-static.dir/particles/leptons/src/G4Positron.cc.o
[ 16%] Building CXX object source/CMakeFiles/G4geometry-static.dir/geometry/management/src/G4GeomTools.cc.o
[ 16%] Building CXX object source/CMakeFiles/G4geometry-static.dir/geometry/management/src/G4GeometryManager.cc.o
[ 16%] Building CXX object source/CMakeFiles/G4particles-static.dir/particles/leptons/src/G4TauMinus.cc.o
[ 16%] Building CXX object source/CMakeFiles/G4particles-static.dir/particles/leptons/src/G4TauPlus.cc.o
[ 16%] Building CXX object source/CMakeFiles/G4geometry-static.dir/geometry/management/src/G4IdentityTrajectoryFilter.cc.o
[ 16%] Building CXX object source/CMakeFiles/G4particles-static.dir/particles/management/src/G4DalitzDecayChannel.cc.o
[ 17%] Building CXX object source/CMakeFiles/G4particles-static.dir/particles/management/src/G4DecayProducts.cc.o
[ 17%] Building CXX object source/CMakeFiles/G4geometry-static.dir/geometry/management/src/G4LogicalSurface.cc.o
[ 17%] Building CXX object source/CMakeFiles/G4geometry-static.dir/geometry/management/src/G4LogicalCrystalVolume.cc.o
[ 17%] Building CXX object source/CMakeFiles/G4geometry-static.dir/geometry/management/src/G4LogicalVolume.cc.o
[ 17%] Building CXX object source/CMakeFiles/G4particles-static.dir/particles/management/src/G4DecayTable.cc.o
[ 17%] Building CXX object source/CMakeFiles/G4geometry-static.dir/geometry/management/src/G4LogicalVolumeStore.cc.o
[ 17%] Building CXX object source/CMakeFiles/G4particles-static.dir/particles/management/src/G4DecayTableMessenger.cc.o
[ 17%] Building CXX object source/CMakeFiles/G4geometry-static.dir/geometry/management/src/G4NavigationHistory.cc.o
[ 17%] Building CXX object source/CMakeFiles/G4particles-static.dir/particles/management/src/G4DynamicParticle.cc.o
[ 17%] Building CXX object source/CMakeFiles/G4geometry-static.dir/geometry/management/src/G4NavigationHistoryPool.cc.o
[ 17%] Building CXX object source/CMakeFiles/G4geometry-static.dir/geometry/management/src/G4NavigationLevel.cc.o
[ 17%] Building CXX object source/CMakeFiles/G4geometry-static.dir/geometry/management/src/G4NavigationLevelRep.cc.o
[ 17%] Building CXX object source/CMakeFiles/G4particles-static.dir/particles/management/src/G4ElectronOccupancy.cc.o
[ 18%] Building CXX object source/CMakeFiles/G4geometry-static.dir/geometry/management/src/G4PhysicalVolumeStore.cc.o
[ 18%] Building CXX object source/CMakeFiles/G4particles-static.dir/particles/management/src/G4HyperNucleiProperties.cc.o
[ 18%] Building CXX object source/CMakeFiles/G4geometry-static.dir/geometry/management/src/G4ReflectedSolid.cc.o
[ 18%] Building CXX object source/CMakeFiles/G4geometry-static.dir/geometry/management/src/G4Region.cc.o
[ 18%] Building CXX object source/CMakeFiles/G4geometry-static.dir/geometry/management/src/G4RegionStore.cc.o
[ 18%] Building CXX object source/CMakeFiles/G4geometry-static.dir/geometry/management/src/G4SmartVoxelHeader.cc.o
[ 18%] Building CXX object source/CMakeFiles/G4particles-static.dir/particles/management/src/G4IonTable.cc.o
[ 18%] Building CXX object source/CMakeFiles/G4geometry-static.dir/geometry/management/src/G4SmartVoxelNode.cc.o
[ 18%] Building CXX object source/CMakeFiles/G4particles-static.dir/particles/management/src/G4Ions.cc.o
[ 18%] Building CXX object source/CMakeFiles/G4geometry-static.dir/geometry/management/src/G4SmartVoxelStat.cc.o
[ 18%] Building CXX object source/CMakeFiles/G4geometry-static.dir/geometry/management/src/G4SolidStore.cc.o
[ 18%] Building CXX object source/CMakeFiles/G4geometry-static.dir/geometry/management/src/G4TouchableHistory.cc.o
[ 18%] Building CXX object source/CMakeFiles/G4geometry-static.dir/geometry/management/src/G4VCurvedTrajectoryFilter.cc.o
[ 18%] Building CXX object source/CMakeFiles/G4particles-static.dir/particles/management/src/G4IsotopeProperty.cc.o
[ 18%] Building CXX object source/CMakeFiles/G4geometry-static.dir/geometry/management/src/G4VNestedParameterisation.cc.o
[ 18%] Building CXX object source/CMakeFiles/G4geometry-static.dir/geometry/management/src/G4VPVDivisionFactory.cc.o
[ 18%] Building CXX object source/CMakeFiles/G4geometry-static.dir/geometry/management/src/G4VPVParameterisation.cc.o
[ 18%] Building CXX object source/CMakeFiles/G4particles-static.dir/particles/management/src/G4KL3DecayChannel.cc.o
[ 18%] Building CXX object source/CMakeFiles/G4geometry-static.dir/geometry/management/src/G4VPhysicalVolume.cc.o
[ 18%] Building CXX object source/CMakeFiles/G4particles-static.dir/particles/management/src/G4MuonicAtom.cc.o
[ 18%] Building CXX object source/CMakeFiles/G4geometry-static.dir/geometry/management/src/G4VSolid.cc.o
[ 18%] Building CXX object source/CMakeFiles/G4geometry-static.dir/geometry/management/src/G4VoxelisationHelper.cc.o
[ 18%] Building CXX object source/CMakeFiles/G4geometry-static.dir/geometry/management/src/G4VoxelLimits.cc.o
[ 18%] Building CXX object source/CMakeFiles/G4geometry-static.dir/geometry/navigation/src/G4AuxiliaryNavServices.cc.o
[ 18%] Building CXX object source/CMakeFiles/G4particles-static.dir/particles/management/src/G4MuonicAtomHelper.cc.o
[ 18%] Building CXX object source/CMakeFiles/G4geometry-static.dir/geometry/navigation/src/G4BrentLocator.cc.o
[ 18%] Building CXX object source/CMakeFiles/G4particles-static.dir/particles/management/src/G4MuonDecayChannel.cc.o
[ 18%] Building CXX object source/CMakeFiles/G4geometry-static.dir/geometry/navigation/src/G4DrawVoxels.cc.o
[ 18%] Building CXX object source/CMakeFiles/G4geometry-static.dir/geometry/navigation/src/G4ErrorPropagationNavigator.cc.o
[ 18%] Building CXX object source/CMakeFiles/G4particles-static.dir/particles/management/src/G4MuonDecayChannelWithSpin.cc.o
[ 18%] Building CXX object source/CMakeFiles/G4geometry-static.dir/geometry/navigation/src/G4GeomTestVolume.cc.o
[ 18%] Building CXX object source/CMakeFiles/G4particles-static.dir/particles/management/src/G4MuonRadiativeDecayChannelWithSpin.cc.o
[ 18%] Building CXX object source/CMakeFiles/G4particles-static.dir/particles/management/src/G4NeutronBetaDecayChannel.cc.o
[ 18%] Building CXX object source/CMakeFiles/G4particles-static.dir/particles/management/src/G4NucleiProperties.cc.o
[ 18%] Building CXX object source/CMakeFiles/G4geometry-static.dir/geometry/navigation/src/G4GeometryMessenger.cc.o
[ 18%] Building CXX object source/CMakeFiles/G4geometry-static.dir/geometry/navigation/src/G4GlobalMagFieldMessenger.cc.o
[ 18%] Building CXX object source/CMakeFiles/G4particles-static.dir/particles/management/src/G4NucleiPropertiesTableAME12.cc.o
[ 18%] Building CXX object source/CMakeFiles/G4particles-static.dir/particles/management/src/G4NucleiPropertiesTheoreticalTableA.cc.o
[ 18%] Building CXX object source/CMakeFiles/G4particles-static.dir/particles/management/src/G4NucleiPropertiesTheoreticalTableB.cc.o
[ 18%] Building CXX object source/CMakeFiles/G4particles-static.dir/particles/management/src/G4NuclideTable.cc.o
[ 18%] Building CXX object source/CMakeFiles/G4particles-static.dir/particles/management/src/G4NuclideTableMessenger.cc.o
[ 18%] Building CXX object source/CMakeFiles/G4geometry-static.dir/geometry/navigation/src/G4LocatorChangeRecord.cc.o
[ 18%] Building CXX object source/CMakeFiles/G4geometry-static.dir/geometry/navigation/src/G4LocatorChangeLogger.cc.o
[ 18%] Building CXX object source/CMakeFiles/G4particles-static.dir/particles/management/src/G4PDGCodeChecker.cc.o
[ 18%] Building CXX object source/CMakeFiles/G4particles-static.dir/particles/management/src/G4PDefManager.cc.o
[ 18%] Building CXX object source/CMakeFiles/G4particles-static.dir/particles/management/src/G4ParticleDefinition.cc.o
[ 18%] Building CXX object source/CMakeFiles/G4particles-static.dir/particles/management/src/G4ParticleMessenger.cc.o
[ 18%] Building CXX object source/CMakeFiles/G4geometry-static.dir/geometry/navigation/src/G4MultiLevelLocator.cc.o
[ 18%] Building CXX object source/CMakeFiles/G4particles-static.dir/particles/management/src/G4ParticlePropertyData.cc.o
[ 18%] Building CXX object source/CMakeFiles/G4particles-static.dir/particles/management/src/G4ParticlePropertyMessenger.cc.o
[ 18%] Building CXX object source/CMakeFiles/G4particles-static.dir/particles/management/src/G4ParticlePropertyTable.cc.o
[ 18%] Building CXX object source/CMakeFiles/G4particles-static.dir/particles/management/src/G4ParticleTable.cc.o
[ 18%] Building CXX object source/CMakeFiles/G4particles-static.dir/particles/management/src/G4ParticlesWorkspace.cc.o
[ 18%] Building CXX object source/CMakeFiles/G4particles-static.dir/particles/management/src/G4PhaseSpaceDecayChannel.cc.o
[ 18%] Building CXX object source/CMakeFiles/G4particles-static.dir/particles/management/src/G4PionRadiativeDecayChannel.cc.o
[ 19%] Building CXX object source/CMakeFiles/G4particles-static.dir/particles/management/src/G4PrimaryParticle.cc.o
[ 19%] Building CXX object source/CMakeFiles/G4geometry-static.dir/geometry/navigation/src/G4MultiNavigator.cc.o
[ 19%] Building CXX object source/CMakeFiles/G4particles-static.dir/particles/management/src/G4PrimaryVertex.cc.o
[ 19%] Building CXX object source/CMakeFiles/G4geometry-static.dir/geometry/navigation/src/G4NavigationLogger.cc.o
[ 19%] Building CXX object source/CMakeFiles/G4particles-static.dir/particles/management/src/G4TauLeptonicDecayChannel.cc.o
[ 19%] Building CXX object source/CMakeFiles/G4particles-static.dir/particles/management/src/G4VDecayChannel.cc.o
[ 19%] Building CXX object source/CMakeFiles/G4particles-static.dir/particles/management/src/G4VIsotopeTable.cc.o
[ 19%] Building CXX object source/CMakeFiles/G4particles-static.dir/particles/shortlived/src/G4DiQuarks.cc.o
[ 19%] Building CXX object source/CMakeFiles/G4particles-static.dir/particles/shortlived/src/G4ExcitedBaryonConstructor.cc.o
[ 19%] Building CXX object source/CMakeFiles/G4particles-static.dir/particles/shortlived/src/G4ExcitedBaryons.cc.o
[ 19%] Building CXX object source/CMakeFiles/G4particles-static.dir/particles/shortlived/src/G4ExcitedDeltaConstructor.cc.o
[ 19%] Building CXX object source/CMakeFiles/G4particles-static.dir/particles/shortlived/src/G4ExcitedLambdaConstructor.cc.o
[ 19%] Building CXX object source/CMakeFiles/G4particles-static.dir/particles/shortlived/src/G4ExcitedMesonConstructor.cc.o
[ 19%] Building CXX object source/CMakeFiles/G4geometry-static.dir/geometry/navigation/src/G4Navigator.cc.o
[ 19%] Building CXX object source/CMakeFiles/G4particles-static.dir/particles/shortlived/src/G4ExcitedMesons.cc.o
[ 19%] Building CXX object source/CMakeFiles/G4particles-static.dir/particles/shortlived/src/G4ExcitedNucleonConstructor.cc.o
[ 19%] Building CXX object source/CMakeFiles/G4particles-static.dir/particles/shortlived/src/G4ExcitedSigmaConstructor.cc.o
[ 19%] Building CXX object source/CMakeFiles/G4geometry-static.dir/geometry/navigation/src/G4NormalNavigation.cc.o
[ 19%] Building CXX object source/CMakeFiles/G4geometry-static.dir/geometry/navigation/src/G4ParameterisedNavigation.cc.o
[ 19%] Building CXX object source/CMakeFiles/G4particles-static.dir/particles/shortlived/src/G4ExcitedXiConstructor.cc.o
[ 20%] Building CXX object source/CMakeFiles/G4geometry-static.dir/geometry/navigation/src/G4PartialPhantomParameterisation.cc.o
[ 20%] Building CXX object source/CMakeFiles/G4particles-static.dir/particles/shortlived/src/G4Gluons.cc.o
[ 20%] Building CXX object source/CMakeFiles/G4particles-static.dir/particles/shortlived/src/G4Quarks.cc.o
[ 20%] Building CXX object source/CMakeFiles/G4geometry-static.dir/geometry/navigation/src/G4PathFinder.cc.o
[ 20%] Building CXX object source/CMakeFiles/G4geometry-static.dir/geometry/navigation/src/G4PhantomParameterisation.cc.o
[ 20%] Building CXX object source/CMakeFiles/G4geometry-static.dir/geometry/navigation/src/G4PropagatorInField.cc.o
[ 20%] Building CXX object source/CMakeFiles/G4geometry-static.dir/geometry/navigation/src/G4RegularNavigation.cc.o
[ 20%] Building CXX object source/CMakeFiles/G4particles-static.dir/particles/shortlived/src/G4ShortLivedConstructor.cc.o
[ 20%] Building CXX object source/CMakeFiles/G4particles-static.dir/particles/shortlived/src/G4VShortLivedParticle.cc.o
[ 20%] Building CXX object source/CMakeFiles/G4geometry-static.dir/geometry/navigation/src/G4RegularNavigationHelper.cc.o
[ 20%] Building CXX object source/CMakeFiles/G4geometry-static.dir/geometry/navigation/src/G4ReplicaNavigation.cc.o
[ 20%] Building CXX object source/CMakeFiles/G4geometry-static.dir/geometry/navigation/src/G4SafetyCalculator.cc.o
[ 20%] Building CXX object source/CMakeFiles/G4particles-static.dir/particles/utils/src/G4HtmlPPReporter.cc.o
[ 20%] Building CXX object source/CMakeFiles/G4geometry-static.dir/geometry/navigation/src/G4SafetyHelper.cc.o
[ 20%] Building CXX object source/CMakeFiles/G4particles-static.dir/particles/utils/src/G4IsotopeMagneticMomentTable.cc.o
[ 20%] Building CXX object source/CMakeFiles/G4geometry-static.dir/geometry/navigation/src/G4SimpleLocator.cc.o
[ 20%] Building CXX object source/CMakeFiles/G4geometry-static.dir/geometry/navigation/src/G4TransportationManager.cc.o
[ 20%] Building CXX object source/CMakeFiles/G4geometry-static.dir/geometry/navigation/src/G4VExternalNavigation.cc.o
[ 20%] Building CXX object source/CMakeFiles/G4geometry-static.dir/geometry/navigation/src/G4VIntersectionLocator.cc.o
[ 20%] Building CXX object source/CMakeFiles/G4particles-static.dir/particles/utils/src/G4SimplePPReporter.cc.o
[ 20%] Building CXX object source/CMakeFiles/G4particles-static.dir/particles/utils/src/G4TextPPReporter.cc.o
[ 20%] Building CXX object source/CMakeFiles/G4geometry-static.dir/geometry/navigation/src/G4VoxelNavigation.cc.o
[ 20%] Building CXX object source/CMakeFiles/G4geometry-static.dir/geometry/navigation/src/G4VoxelSafety.cc.o
[ 20%] Building CXX object source/CMakeFiles/G4geometry-static.dir/geometry/solids/Boolean/src/G4BooleanSolid.cc.o
[ 20%] Building CXX object source/CMakeFiles/G4particles-static.dir/particles/utils/src/G4TextPPRetriever.cc.o
[ 20%] Building CXX object source/CMakeFiles/G4particles-static.dir/particles/utils/src/G4VParticlePropertyReporter.cc.o
[ 20%] Building CXX object source/CMakeFiles/G4geometry-static.dir/geometry/solids/Boolean/src/G4DisplacedSolid.cc.o
[ 20%] Building CXX object source/CMakeFiles/G4geometry-static.dir/geometry/solids/Boolean/src/G4IntersectionSolid.cc.o
[ 20%] Building CXX object source/CMakeFiles/G4geometry-static.dir/geometry/solids/Boolean/src/G4MultiUnion.cc.o
[ 20%] Building CXX object source/CMakeFiles/G4geometry-static.dir/geometry/solids/Boolean/src/G4ScaledSolid.cc.o
[ 20%] Building CXX object source/CMakeFiles/G4geometry-static.dir/geometry/solids/Boolean/src/G4SubtractionSolid.cc.o
[ 20%] Linking CXX static library ../BuildProducts/lib64/libG4particles.a
[ 20%] Building CXX object source/CMakeFiles/G4geometry-static.dir/geometry/solids/Boolean/src/G4UnionSolid.cc.o
[ 20%] Building CXX object source/CMakeFiles/G4geometry-static.dir/geometry/solids/CSG/src/G4Box.cc.o
[ 20%] Building CXX object source/CMakeFiles/G4geometry-static.dir/geometry/solids/CSG/src/G4CSGSolid.cc.o
[ 20%] Building CXX object source/CMakeFiles/G4geometry-static.dir/geometry/solids/CSG/src/G4Cons.cc.o
[ 20%] Building CXX object source/CMakeFiles/G4geometry-static.dir/geometry/solids/CSG/src/G4CutTubs.cc.o
[ 20%] Built target G4particles-static
[ 20%] Building CXX object source/CMakeFiles/G4geometry-static.dir/geometry/solids/CSG/src/G4Orb.cc.o
[ 20%] Building CXX object source/CMakeFiles/G4geometry-static.dir/geometry/solids/CSG/src/G4Para.cc.o
[ 20%] Building CXX object source/CMakeFiles/G4geometry-static.dir/geometry/solids/CSG/src/G4Sphere.cc.o
[ 20%] Building CXX object source/CMakeFiles/G4geometry-static.dir/geometry/solids/CSG/src/G4Torus.cc.o
[ 20%] Building CXX object source/CMakeFiles/G4geometry-static.dir/geometry/solids/CSG/src/G4Trap.cc.o
[ 20%] Building CXX object source/CMakeFiles/G4geometry-static.dir/geometry/solids/CSG/src/G4Trd.cc.o
[ 20%] Building CXX object source/CMakeFiles/G4geometry-static.dir/geometry/solids/CSG/src/G4Tubs.cc.o
[ 21%] Building CXX object source/CMakeFiles/G4geometry-static.dir/geometry/solids/CSG/src/G4UBox.cc.o
[ 21%] Building CXX object source/CMakeFiles/G4geometry-static.dir/geometry/solids/CSG/src/G4UCons.cc.o
[ 21%] Building CXX object source/CMakeFiles/G4geometry-static.dir/geometry/solids/CSG/src/G4UCutTubs.cc.o
[ 21%] Building CXX object source/CMakeFiles/G4geometry-static.dir/geometry/solids/CSG/src/G4UOrb.cc.o
[ 21%] Building CXX object source/CMakeFiles/G4geometry-static.dir/geometry/solids/CSG/src/G4UPara.cc.o
[ 21%] Building CXX object source/CMakeFiles/G4geometry-static.dir/geometry/solids/CSG/src/G4USphere.cc.o
[ 21%] Building CXX object source/CMakeFiles/G4geometry-static.dir/geometry/solids/CSG/src/G4UTorus.cc.o
[ 21%] Building CXX object source/CMakeFiles/G4geometry-static.dir/geometry/solids/CSG/src/G4UTrap.cc.o
[ 21%] Building CXX object source/CMakeFiles/G4geometry-static.dir/geometry/solids/CSG/src/G4UTrd.cc.o
[ 21%] Building CXX object source/CMakeFiles/G4geometry-static.dir/geometry/solids/CSG/src/G4UTubs.cc.o
[ 21%] Building CXX object source/CMakeFiles/G4geometry-static.dir/geometry/solids/specific/src/G4ClippablePolygon.cc.o
[ 21%] Building CXX object source/CMakeFiles/G4geometry-static.dir/geometry/solids/specific/src/G4Ellipsoid.cc.o
[ 21%] Building CXX object source/CMakeFiles/G4geometry-static.dir/geometry/solids/specific/src/G4EllipticalCone.cc.o
[ 21%] Building CXX object source/CMakeFiles/G4geometry-static.dir/geometry/solids/specific/src/G4EllipticalTube.cc.o
[ 21%] Building CXX object source/CMakeFiles/G4geometry-static.dir/geometry/solids/specific/src/G4EnclosingCylinder.cc.o
[ 21%] Building CXX object source/CMakeFiles/G4geometry-static.dir/geometry/solids/specific/src/G4ExtrudedSolid.cc.o
[ 21%] Building CXX object source/CMakeFiles/G4geometry-static.dir/geometry/solids/specific/src/G4GenericPolycone.cc.o
[ 21%] Building CXX object source/CMakeFiles/G4geometry-static.dir/geometry/solids/specific/src/G4GenericTrap.cc.o
[ 21%] Building CXX object source/CMakeFiles/G4geometry-static.dir/geometry/solids/specific/src/G4Hype.cc.o
[ 21%] Building CXX object source/CMakeFiles/G4geometry-static.dir/geometry/solids/specific/src/G4IntersectingCone.cc.o
[ 21%] Building CXX object source/CMakeFiles/G4geometry-static.dir/geometry/solids/specific/src/G4Paraboloid.cc.o
[ 21%] Building CXX object source/CMakeFiles/G4geometry-static.dir/geometry/solids/specific/src/G4PolyPhiFace.cc.o
[ 21%] Building CXX object source/CMakeFiles/G4geometry-static.dir/geometry/solids/specific/src/G4Polycone.cc.o
[ 21%] Building CXX object source/CMakeFiles/G4geometry-static.dir/geometry/solids/specific/src/G4PolyconeHistorical.cc.o
[ 21%] Building CXX object source/CMakeFiles/G4geometry-static.dir/geometry/solids/specific/src/G4PolyconeSide.cc.o
[ 21%] Building CXX object source/CMakeFiles/G4geometry-static.dir/geometry/solids/specific/src/G4Polyhedra.cc.o
[ 21%] Building CXX object source/CMakeFiles/G4geometry-static.dir/geometry/solids/specific/src/G4PolyhedraHistorical.cc.o
[ 21%] Building CXX object source/CMakeFiles/G4geometry-static.dir/geometry/solids/specific/src/G4PolyhedraSide.cc.o
[ 21%] Building CXX object source/CMakeFiles/G4geometry-static.dir/geometry/solids/specific/src/G4QuadrangularFacet.cc.o
[ 21%] Building CXX object source/CMakeFiles/G4geometry-static.dir/geometry/solids/specific/src/G4ReduciblePolygon.cc.o
[ 21%] Building CXX object source/CMakeFiles/G4geometry-static.dir/geometry/solids/specific/src/G4SolidExtentList.cc.o
[ 21%] Building CXX object source/CMakeFiles/G4geometry-static.dir/geometry/solids/specific/src/G4SolidsWorkspace.cc.o
[ 21%] Building CXX object source/CMakeFiles/G4geometry-static.dir/geometry/solids/specific/src/G4SurfBits.cc.o
[ 22%] Building CXX object source/CMakeFiles/G4geometry-static.dir/geometry/solids/specific/src/G4TessellatedGeometryAlgorithms.cc.o
[ 22%] Building CXX object source/CMakeFiles/G4geometry-static.dir/geometry/solids/specific/src/G4TessellatedSolid.cc.o
[ 22%] Building CXX object source/CMakeFiles/G4geometry-static.dir/geometry/solids/specific/src/G4Tet.cc.o
[ 22%] Building CXX object source/CMakeFiles/G4geometry-static.dir/geometry/solids/specific/src/G4TriangularFacet.cc.o
[ 22%] Building CXX object source/CMakeFiles/G4geometry-static.dir/geometry/solids/specific/src/G4TwistBoxSide.cc.o
[ 22%] Building CXX object source/CMakeFiles/G4geometry-static.dir/geometry/solids/specific/src/G4TwistTrapAlphaSide.cc.o
[ 22%] Building CXX object source/CMakeFiles/G4geometry-static.dir/geometry/solids/specific/src/G4TwistTrapFlatSide.cc.o
[ 22%] Building CXX object source/CMakeFiles/G4geometry-static.dir/geometry/solids/specific/src/G4TwistTrapParallelSide.cc.o
[ 22%] Building CXX object source/CMakeFiles/G4geometry-static.dir/geometry/solids/specific/src/G4TwistTubsFlatSide.cc.o
[ 22%] Building CXX object source/CMakeFiles/G4geometry-static.dir/geometry/solids/specific/src/G4TwistTubsHypeSide.cc.o
[ 22%] Building CXX object source/CMakeFiles/G4geometry-static.dir/geometry/solids/specific/src/G4TwistTubsSide.cc.o
[ 22%] Building CXX object source/CMakeFiles/G4geometry-static.dir/geometry/solids/specific/src/G4TwistedBox.cc.o
[ 22%] Building CXX object source/CMakeFiles/G4geometry-static.dir/geometry/solids/specific/src/G4TwistedTrap.cc.o
[ 22%] Building CXX object source/CMakeFiles/G4geometry-static.dir/geometry/solids/specific/src/G4TwistedTrd.cc.o
[ 22%] Building CXX object source/CMakeFiles/G4geometry-static.dir/geometry/solids/specific/src/G4TwistedTubs.cc.o
[ 22%] Building CXX object source/CMakeFiles/G4geometry-static.dir/geometry/solids/specific/src/G4UEllipsoid.cc.o
[ 22%] Building CXX object source/CMakeFiles/G4geometry-static.dir/geometry/solids/specific/src/G4UEllipticalCone.cc.o
[ 22%] Building CXX object source/CMakeFiles/G4geometry-static.dir/geometry/solids/specific/src/G4UEllipticalTube.cc.o
[ 22%] Building CXX object source/CMakeFiles/G4geometry-static.dir/geometry/solids/specific/src/G4UExtrudedSolid.cc.o
[ 22%] Building CXX object source/CMakeFiles/G4geometry-static.dir/geometry/solids/specific/src/G4UGenericPolycone.cc.o
[ 22%] Building CXX object source/CMakeFiles/G4geometry-static.dir/geometry/solids/specific/src/G4UGenericTrap.cc.o
[ 22%] Building CXX object source/CMakeFiles/G4geometry-static.dir/geometry/solids/specific/src/G4UHype.cc.o
[ 22%] Building CXX object source/CMakeFiles/G4geometry-static.dir/geometry/solids/specific/src/G4UParaboloid.cc.o
[ 22%] Building CXX object source/CMakeFiles/G4geometry-static.dir/geometry/solids/specific/src/G4UPolycone.cc.o
[ 22%] Building CXX object source/CMakeFiles/G4geometry-static.dir/geometry/solids/specific/src/G4UPolyhedra.cc.o
[ 22%] Building CXX object source/CMakeFiles/G4geometry-static.dir/geometry/solids/specific/src/G4UTessellatedSolid.cc.o
[ 22%] Building CXX object source/CMakeFiles/G4geometry-static.dir/geometry/solids/specific/src/G4UTet.cc.o
[ 22%] Building CXX object source/CMakeFiles/G4geometry-static.dir/geometry/solids/specific/src/G4VCSGfaceted.cc.o
[ 22%] Building CXX object source/CMakeFiles/G4geometry-static.dir/geometry/solids/specific/src/G4VFacet.cc.o
[ 22%] Building CXX object source/CMakeFiles/G4geometry-static.dir/geometry/solids/specific/src/G4Voxelizer.cc.o
[ 22%] Building CXX object source/CMakeFiles/G4geometry-static.dir/geometry/solids/specific/src/G4VTwistSurface.cc.o
[ 22%] Building CXX object source/CMakeFiles/G4geometry-static.dir/geometry/solids/specific/src/G4VTwistedFaceted.cc.o
[ 22%] Building CXX object source/CMakeFiles/G4geometry-static.dir/geometry/volumes/src/G4AssemblyStore.cc.o
[ 23%] Building CXX object source/CMakeFiles/G4geometry-static.dir/geometry/volumes/src/G4AssemblyVolume.cc.o
[ 23%] Building CXX object source/CMakeFiles/G4geometry-static.dir/geometry/volumes/src/G4GeometryWorkspace.cc.o
[ 23%] Building CXX object source/CMakeFiles/G4geometry-static.dir/geometry/volumes/src/G4LogicalBorderSurface.cc.o
[ 23%] Building CXX object source/CMakeFiles/G4geometry-static.dir/geometry/volumes/src/G4LogicalSkinSurface.cc.o
[ 23%] Building CXX object source/CMakeFiles/G4geometry-static.dir/geometry/volumes/src/G4PVParameterised.cc.o
[ 23%] Building CXX object source/CMakeFiles/G4geometry-static.dir/geometry/volumes/src/G4PVPlacement.cc.o
[ 23%] Building CXX object source/CMakeFiles/G4geometry-static.dir/geometry/volumes/src/G4PVReplica.cc.o
[ 23%] Building CXX object source/CMakeFiles/G4geometry-static.dir/geometry/volumes/src/G4ReflectionFactory.cc.o
[ 23%] Building CXX object source/CMakeFiles/G4geometry-static.dir/geometry/volumes/src/G4VExternalPhysicalVolume.cc.o
[ 23%] Linking CXX static library ../BuildProducts/lib64/libG4geometry.a
[ 23%] Built target G4geometry-static
[ 23%] Building CXX object source/CMakeFiles/G4track-static.dir/track/src/G4ParticleChangeForDecay.cc.o
[ 24%] Building CXX object source/CMakeFiles/G4track-static.dir/track/src/G4FieldTrackUpdator.cc.o
[ 24%] Building CXX object source/CMakeFiles/G4track-static.dir/track/src/G4ParticleChangeForGamma.cc.o
[ 24%] Building CXX object source/CMakeFiles/G4track-static.dir/track/src/G4ParticleChangeForLoss.cc.o
[ 24%] Building CXX object source/CMakeFiles/G4geomtext-static.dir/persistency/ascii/src/G4tgbDetectorBuilder.cc.o
[ 24%] Building CXX object source/CMakeFiles/G4track-static.dir/track/src/G4ParticleChange.cc.o
[ 24%] Building CXX object source/CMakeFiles/G4geomtext-static.dir/persistency/ascii/src/G4tgbDetectorConstruction.cc.o
[ 24%] Building CXX object source/CMakeFiles/G4track-static.dir/track/src/G4ParticleChangeForMSC.cc.o
[ 24%] Building CXX object source/CMakeFiles/G4track-static.dir/track/src/G4ParticleChangeForTransport.cc.o
[ 24%] Building CXX object source/CMakeFiles/G4track-static.dir/track/src/G4Step.cc.o
[ 24%] Building CXX object source/CMakeFiles/G4track-static.dir/track/src/G4StepPoint.cc.o
[ 24%] Building CXX object source/CMakeFiles/G4track-static.dir/track/src/G4Track.cc.o
[ 24%] Building CXX object source/CMakeFiles/G4track-static.dir/track/src/G4VParticleChange.cc.o
[ 24%] Building CXX object source/CMakeFiles/G4geomtext-static.dir/persistency/ascii/src/G4tgbElement.cc.o
[ 24%] Building CXX object source/CMakeFiles/G4track-static.dir/track/src/G4VelocityTable.cc.o
[ 24%] Building CXX object source/CMakeFiles/G4geomtext-static.dir/persistency/ascii/src/G4tgbGeometryDumper.cc.o
[ 24%] Building CXX object source/CMakeFiles/G4track-static.dir/track/src/G4VAuxiliaryTrackInformation.cc.o
[ 24%] Building CXX object source/CMakeFiles/G4track-static.dir/track/src/G4VUserTrackInformation.cc.o
[ 24%] Building CXX object source/CMakeFiles/G4geomtext-static.dir/persistency/ascii/src/G4tgbIsotope.cc.o
[ 24%] Building CXX object source/CMakeFiles/G4geomtext-static.dir/persistency/ascii/src/G4tgbMaterial.cc.o
[ 24%] Building CXX object source/CMakeFiles/G4geomtext-static.dir/persistency/ascii/src/G4tgbMaterialMgr.cc.o
[ 24%] Building CXX object source/CMakeFiles/G4geomtext-static.dir/persistency/ascii/src/G4tgbMaterialMixture.cc.o
[ 24%] Linking CXX static library ../BuildProducts/lib64/libG4track.a
[ 24%] Built target G4track-static
[ 24%] Building CXX object source/CMakeFiles/G4geomtext-static.dir/persistency/ascii/src/G4tgbMaterialMixtureByNoAtoms.cc.o
[ 24%] Building CXX object source/CMakeFiles/G4geomtext-static.dir/persistency/ascii/src/G4tgbMaterialMixtureByVolume.cc.o
[ 24%] Building CXX object source/CMakeFiles/G4geomtext-static.dir/persistency/ascii/src/G4tgbMaterialMixtureByWeight.cc.o
[ 24%] Building CXX object source/CMakeFiles/G4geomtext-static.dir/persistency/ascii/src/G4tgbMaterialSimple.cc.o
[ 24%] Building CXX object source/CMakeFiles/G4geomtext-static.dir/persistency/ascii/src/G4tgbPlaceParamCircle.cc.o
[ 24%] Building CXX object source/CMakeFiles/G4geomtext-static.dir/persistency/ascii/src/G4tgbPlaceParamLinear.cc.o
[ 24%] Building CXX object source/CMakeFiles/G4geomtext-static.dir/persistency/ascii/src/G4tgbPlaceParamSquare.cc.o
[ 24%] Building CXX object source/CMakeFiles/G4geomtext-static.dir/persistency/ascii/src/G4tgbPlaceParameterisation.cc.o
[ 24%] Building CXX object source/CMakeFiles/G4geomtext-static.dir/persistency/ascii/src/G4tgbRotationMatrix.cc.o
[ 24%] Building CXX object source/CMakeFiles/G4digits_hits-static.dir/digits_hits/detector/src/G4CellScoreComposer.cc.o
[ 24%] Building CXX object source/CMakeFiles/G4digits_hits-static.dir/digits_hits/detector/src/G4HCtable.cc.o
[ 24%] Building CXX object source/CMakeFiles/G4geomtext-static.dir/persistency/ascii/src/G4tgbRotationMatrixMgr.cc.o
[ 24%] Building CXX object source/CMakeFiles/G4geomtext-static.dir/persistency/ascii/src/G4tgbVolume.cc.o
[ 24%] Building CXX object source/CMakeFiles/G4geomtext-static.dir/persistency/ascii/src/G4tgbVolumeMgr.cc.o
[ 24%] Building CXX object source/CMakeFiles/G4geomtext-static.dir/persistency/ascii/src/G4tgrElement.cc.o
[ 24%] Building CXX object source/CMakeFiles/G4digits_hits-static.dir/digits_hits/detector/src/G4MultiFunctionalDetector.cc.o
[ 24%] Building CXX object source/CMakeFiles/G4geomtext-static.dir/persistency/ascii/src/G4tgrElementFromIsotopes.cc.o
[ 24%] Building CXX object source/CMakeFiles/G4digits_hits-static.dir/digits_hits/detector/src/G4SDManager.cc.o
[ 24%] Building CXX object source/CMakeFiles/G4digits_hits-static.dir/digits_hits/detector/src/G4SDStructure.cc.o
[ 24%] Building CXX object source/CMakeFiles/G4geomtext-static.dir/persistency/ascii/src/G4tgrElementSimple.cc.o
[ 25%] Building CXX object source/CMakeFiles/G4geomtext-static.dir/persistency/ascii/src/G4tgrEvaluator.cc.o
[ 25%] Building CXX object source/CMakeFiles/G4digits_hits-static.dir/digits_hits/detector/src/G4SDmessenger.cc.o
[ 25%] Building CXX object source/CMakeFiles/G4geomtext-static.dir/persistency/ascii/src/G4tgrFileIn.cc.o
[ 25%] Building CXX object source/CMakeFiles/G4digits_hits-static.dir/digits_hits/detector/src/G4SensitiveVolumeList.cc.o
[ 25%] Building CXX object source/CMakeFiles/G4digits_hits-static.dir/digits_hits/detector/src/G4TrackLogger.cc.o
[ 25%] Building CXX object source/CMakeFiles/G4geomtext-static.dir/persistency/ascii/src/G4tgrFileReader.cc.o
[ 25%] Building CXX object source/CMakeFiles/G4geomtext-static.dir/persistency/ascii/src/G4tgrIsotope.cc.o
[ 25%] Building CXX object source/CMakeFiles/G4digits_hits-static.dir/digits_hits/detector/src/G4VPrimitiveScorer.cc.o
[ 25%] Building CXX object source/CMakeFiles/G4digits_hits-static.dir/digits_hits/detector/src/G4VReadOutGeometry.cc.o
[ 25%] Building CXX object source/CMakeFiles/G4digits_hits-static.dir/digits_hits/detector/src/G4VSDFilter.cc.o
[ 25%] Building CXX object source/CMakeFiles/G4geomtext-static.dir/persistency/ascii/src/G4tgrLineProcessor.cc.o
[ 25%] Building CXX object source/CMakeFiles/G4geomtext-static.dir/persistency/ascii/src/G4tgrMaterial.cc.o
[ 25%] Building CXX object source/CMakeFiles/G4geomtext-static.dir/persistency/ascii/src/G4tgrMaterialFactory.cc.o
[ 25%] Building CXX object source/CMakeFiles/G4geomtext-static.dir/persistency/ascii/src/G4tgrMaterialMixture.cc.o
[ 25%] Building CXX object source/CMakeFiles/G4geomtext-static.dir/persistency/ascii/src/G4tgrMaterialSimple.cc.o
[ 25%] Building CXX object source/CMakeFiles/G4geomtext-static.dir/persistency/ascii/src/G4tgrMessenger.cc.o
[ 25%] Building CXX object source/CMakeFiles/G4digits_hits-static.dir/digits_hits/detector/src/G4VScoreHistFiller.cc.o
[ 25%] Building CXX object source/CMakeFiles/G4geomtext-static.dir/persistency/ascii/src/G4tgrParameterMgr.cc.o
[ 25%] Building CXX object source/CMakeFiles/G4geomtext-static.dir/persistency/ascii/src/G4tgrPlace.cc.o
[ 25%] Building CXX object source/CMakeFiles/G4geomtext-static.dir/persistency/ascii/src/G4tgrPlaceDivRep.cc.o
[ 25%] Building CXX object source/CMakeFiles/G4geomtext-static.dir/persistency/ascii/src/G4tgrPlaceParameterisation.cc.o
[ 25%] Building CXX object source/CMakeFiles/G4geomtext-static.dir/persistency/ascii/src/G4tgrPlaceSimple.cc.o
[ 25%] Building CXX object source/CMakeFiles/G4digits_hits-static.dir/digits_hits/detector/src/G4VSensitiveDetector.cc.o
[ 25%] Building CXX object source/CMakeFiles/G4geomtext-static.dir/persistency/ascii/src/G4tgrRotationMatrix.cc.o
[ 25%] Building CXX object source/CMakeFiles/G4geomtext-static.dir/persistency/ascii/src/G4tgrRotationMatrixFactory.cc.o
[ 25%] Building CXX object source/CMakeFiles/G4geomtext-static.dir/persistency/ascii/src/G4tgrSolid.cc.o
[ 25%] Building CXX object source/CMakeFiles/G4digits_hits-static.dir/digits_hits/detector/src/G4MultiSensitiveDetector.cc.o
[ 25%] Building CXX object source/CMakeFiles/G4geomtext-static.dir/persistency/ascii/src/G4tgrSolidBoolean.cc.o
[ 25%] Building CXX object source/CMakeFiles/G4geomtext-static.dir/persistency/ascii/src/G4tgrUtils.cc.o
[ 25%] Building CXX object source/CMakeFiles/G4geomtext-static.dir/persistency/ascii/src/G4tgrVolume.cc.o
[ 25%] Building CXX object source/CMakeFiles/G4digits_hits-static.dir/digits_hits/digits/src/G4DCofThisEvent.cc.o
[ 25%] Building CXX object source/CMakeFiles/G4geomtext-static.dir/persistency/ascii/src/G4tgrVolumeAssembly.cc.o
[ 26%] Building CXX object source/CMakeFiles/G4digits_hits-static.dir/digits_hits/digits/src/G4TDigiCollection.cc.o
[ 26%] Building CXX object source/CMakeFiles/G4geomtext-static.dir/persistency/ascii/src/G4tgrVolumeDivision.cc.o
[ 26%] Building CXX object source/CMakeFiles/G4digits_hits-static.dir/digits_hits/digits/src/G4VDigiCollection.cc.o
[ 26%] Building CXX object source/CMakeFiles/G4geomtext-static.dir/persistency/ascii/src/G4tgrVolumeMgr.cc.o
[ 26%] Building CXX object source/CMakeFiles/G4geomtext-static.dir/persistency/ascii/src/G4tgrSolidMultiUnion.cc.o
[ 26%] Building CXX object source/CMakeFiles/G4digits_hits-static.dir/digits_hits/hits/src/G4HCofThisEvent.cc.o
[ 26%] Building CXX object source/CMakeFiles/G4digits_hits-static.dir/digits_hits/hits/src/G4THitsCollection.cc.o
[ 26%] Building CXX object source/CMakeFiles/G4geomtext-static.dir/persistency/ascii/src/G4tgrSolidScaled.cc.o
[ 26%] Building CXX object source/CMakeFiles/G4digits_hits-static.dir/digits_hits/hits/src/G4VHitsCollection.cc.o
[ 26%] Building CXX object source/CMakeFiles/G4digits_hits-static.dir/digits_hits/scorer/src/G4PSCellCharge.cc.o
[ 26%] Building CXX object source/CMakeFiles/G4digits_hits-static.dir/digits_hits/scorer/src/G4PSCellCharge3D.cc.o
[ 26%] Building CXX object source/CMakeFiles/G4digits_hits-static.dir/digits_hits/scorer/src/G4PSCellFlux.cc.o
[ 26%] Building CXX object source/CMakeFiles/G4digits_hits-static.dir/digits_hits/scorer/src/G4PSCellFlux3D.cc.o
[ 26%] Building CXX object source/CMakeFiles/G4digits_hits-static.dir/digits_hits/scorer/src/G4PSCellFluxForCylinder3D.cc.o
[ 26%] Linking CXX static library ../BuildProducts/lib64/libG4geomtext.a
[ 26%] Building CXX object source/CMakeFiles/G4digits_hits-static.dir/digits_hits/scorer/src/G4PSCylinderSurfaceCurrent.cc.o
[ 26%] Built target G4geomtext-static
[ 26%] Building CXX object source/CMakeFiles/G4digits_hits-static.dir/digits_hits/scorer/src/G4PSCylinderSurfaceCurrent3D.cc.o
[ 26%] Building CXX object source/CMakeFiles/G4digits_hits-static.dir/digits_hits/scorer/src/G4PSCylinderSurfaceFlux.cc.o
[ 26%] Building CXX object source/CMakeFiles/G4digits_hits-static.dir/digits_hits/scorer/src/G4PSCylinderSurfaceFlux3D.cc.o
[ 26%] Building CXX object source/CMakeFiles/G4digits_hits-static.dir/digits_hits/scorer/src/G4PSDoseDeposit.cc.o
[ 26%] Building CXX object source/CMakeFiles/G4digits_hits-static.dir/digits_hits/scorer/src/G4PSDoseDeposit3D.cc.o
[ 26%] Building CXX object source/CMakeFiles/G4digits_hits-static.dir/digits_hits/scorer/src/G4PSDoseDepositForCylinder3D.cc.o
[ 26%] Building CXX object source/CMakeFiles/G4digits_hits-static.dir/digits_hits/scorer/src/G4PSEnergyDeposit.cc.o
[ 26%] Building CXX object source/CMakeFiles/G4digits_hits-static.dir/digits_hits/scorer/src/G4PSEnergyDeposit3D.cc.o
[ 26%] Building CXX object source/CMakeFiles/G4digits_hits-static.dir/digits_hits/scorer/src/G4PSFlatSurfaceCurrent.cc.o
[ 26%] Building CXX object source/CMakeFiles/G4digits_hits-static.dir/digits_hits/scorer/src/G4PSFlatSurfaceCurrent3D.cc.o
[ 26%] Building CXX object source/CMakeFiles/G4digits_hits-static.dir/digits_hits/scorer/src/G4PSFlatSurfaceFlux.cc.o
[ 26%] Building CXX object source/CMakeFiles/G4digits_hits-static.dir/digits_hits/scorer/src/G4PSFlatSurfaceFlux3D.cc.o
[ 26%] Building CXX object source/CMakeFiles/G4digits_hits-static.dir/digits_hits/scorer/src/G4PSMinKinEAtGeneration.cc.o
[ 26%] Building CXX object source/CMakeFiles/G4digits_hits-static.dir/digits_hits/scorer/src/G4PSMinKinEAtGeneration3D.cc.o
[ 26%] Building CXX object source/CMakeFiles/G4digits_hits-static.dir/digits_hits/scorer/src/G4PSNofCollision.cc.o
[ 26%] Building CXX object source/CMakeFiles/G4digits_hits-static.dir/digits_hits/scorer/src/G4PSNofCollision3D.cc.o
[ 26%] Building CXX object source/CMakeFiles/G4digits_hits-static.dir/digits_hits/scorer/src/G4PSNofSecondary.cc.o
[ 26%] Building CXX object source/CMakeFiles/G4digits_hits-static.dir/digits_hits/scorer/src/G4PSNofSecondary3D.cc.o
[ 26%] Building CXX object source/CMakeFiles/G4digits_hits-static.dir/digits_hits/scorer/src/G4PSNofStep.cc.o
[ 26%] Building CXX object source/CMakeFiles/G4digits_hits-static.dir/digits_hits/scorer/src/G4PSNofStep3D.cc.o
[ 26%] Building CXX object source/CMakeFiles/G4digits_hits-static.dir/digits_hits/scorer/src/G4PSPassageCellCurrent.cc.o
[ 26%] Building CXX object source/CMakeFiles/G4digits_hits-static.dir/digits_hits/scorer/src/G4PSPassageCellCurrent3D.cc.o
[ 27%] Building CXX object source/CMakeFiles/G4digits_hits-static.dir/digits_hits/scorer/src/G4PSPassageCellFlux.cc.o
[ 27%] Building CXX object source/CMakeFiles/G4digits_hits-static.dir/digits_hits/scorer/src/G4PSPassageCellFlux3D.cc.o
[ 27%] Building CXX object source/CMakeFiles/G4digits_hits-static.dir/digits_hits/scorer/src/G4PSPassageCellFluxForCylinder3D.cc.o
[ 27%] Building CXX object source/CMakeFiles/G4digits_hits-static.dir/digits_hits/scorer/src/G4PSPassageTrackLength.cc.o
[ 27%] Building CXX object source/CMakeFiles/G4digits_hits-static.dir/digits_hits/scorer/src/G4PSPassageTrackLength3D.cc.o
[ 27%] Building CXX object source/CMakeFiles/G4digits_hits-static.dir/digits_hits/scorer/src/G4PSPopulation.cc.o
[ 27%] Building CXX object source/CMakeFiles/G4digits_hits-static.dir/digits_hits/scorer/src/G4PSPopulation3D.cc.o
[ 27%] Building CXX object source/CMakeFiles/G4digits_hits-static.dir/digits_hits/scorer/src/G4PSSphereSurfaceCurrent.cc.o
[ 27%] Building CXX object source/CMakeFiles/G4digits_hits-static.dir/digits_hits/scorer/src/G4PSSphereSurfaceCurrent3D.cc.o
[ 27%] Building CXX object source/CMakeFiles/G4digits_hits-static.dir/digits_hits/scorer/src/G4PSSphereSurfaceFlux.cc.o
[ 27%] Building CXX object source/CMakeFiles/G4digits_hits-static.dir/digits_hits/scorer/src/G4PSSphereSurfaceFlux3D.cc.o
[ 27%] Building CXX object source/CMakeFiles/G4digits_hits-static.dir/digits_hits/scorer/src/G4PSStepChecker.cc.o
[ 27%] Building CXX object source/CMakeFiles/G4digits_hits-static.dir/digits_hits/scorer/src/G4PSStepChecker3D.cc.o
[ 27%] Building CXX object source/CMakeFiles/G4digits_hits-static.dir/digits_hits/scorer/src/G4PSTermination.cc.o
[ 27%] Building CXX object source/CMakeFiles/G4digits_hits-static.dir/digits_hits/scorer/src/G4PSTermination3D.cc.o
[ 27%] Building CXX object source/CMakeFiles/G4digits_hits-static.dir/digits_hits/scorer/src/G4PSTrackCounter.cc.o
[ 27%] Building CXX object source/CMakeFiles/G4digits_hits-static.dir/digits_hits/scorer/src/G4PSTrackCounter3D.cc.o
[ 27%] Building CXX object source/CMakeFiles/G4digits_hits-static.dir/digits_hits/scorer/src/G4PSTrackLength.cc.o
[ 27%] Building CXX object source/CMakeFiles/G4digits_hits-static.dir/digits_hits/scorer/src/G4PSTrackLength3D.cc.o
[ 27%] Building CXX object source/CMakeFiles/G4digits_hits-static.dir/digits_hits/scorer/src/G4PSVolumeFlux.cc.o
[ 27%] Building CXX object source/CMakeFiles/G4digits_hits-static.dir/digits_hits/scorer/src/G4PSVolumeFlux3D.cc.o
[ 27%] Building CXX object source/CMakeFiles/G4digits_hits-static.dir/digits_hits/scorer/src/G4SDChargedFilter.cc.o
[ 27%] Building CXX object source/CMakeFiles/G4digits_hits-static.dir/digits_hits/scorer/src/G4SDKineticEnergyFilter.cc.o
[ 27%] Building CXX object source/CMakeFiles/G4digits_hits-static.dir/digits_hits/scorer/src/G4SDNeutralFilter.cc.o
[ 27%] Building CXX object source/CMakeFiles/G4digits_hits-static.dir/digits_hits/scorer/src/G4SDParticleFilter.cc.o
[ 27%] Building CXX object source/CMakeFiles/G4digits_hits-static.dir/digits_hits/scorer/src/G4SDParticleWithEnergyFilter.cc.o
[ 27%] Building CXX object source/CMakeFiles/G4digits_hits-static.dir/digits_hits/utils/src/G4DefaultLinearColorMap.cc.o
[ 27%] Building CXX object source/CMakeFiles/G4digits_hits-static.dir/digits_hits/utils/src/G4ScoreLogColorMap.cc.o
[ 27%] Building CXX object source/CMakeFiles/G4digits_hits-static.dir/digits_hits/utils/src/G4VScoreNtupleWriter.cc.o
[ 27%] Building CXX object source/CMakeFiles/G4digits_hits-static.dir/digits_hits/utils/src/G4ScoreQuantityMessenger.cc.o
[ 27%] Building CXX object source/CMakeFiles/G4digits_hits-static.dir/digits_hits/utils/src/G4ScoringBox.cc.o
[ 27%] Building CXX object source/CMakeFiles/G4digits_hits-static.dir/digits_hits/utils/src/G4ScoringCylinder.cc.o
[ 27%] Building CXX object source/CMakeFiles/G4digits_hits-static.dir/digits_hits/utils/src/G4ScoringManager.cc.o
[ 28%] Building CXX object source/CMakeFiles/G4digits_hits-static.dir/digits_hits/utils/src/G4ScoringMessenger.cc.o
[ 28%] Building CXX object source/CMakeFiles/G4digits_hits-static.dir/digits_hits/utils/src/G4ScoringRealWorld.cc.o
[ 28%] Building CXX object source/CMakeFiles/G4digits_hits-static.dir/digits_hits/utils/src/G4ScoringProbe.cc.o
[ 28%] Building CXX object source/CMakeFiles/G4digits_hits-static.dir/digits_hits/utils/src/G4VScoreColorMap.cc.o
[ 28%] Building CXX object source/CMakeFiles/G4digits_hits-static.dir/digits_hits/utils/src/G4VScoreWriter.cc.o
[ 28%] Building CXX object source/CMakeFiles/G4digits_hits-static.dir/digits_hits/utils/src/G4VScoringMesh.cc.o
[ 28%] Linking CXX static library ../BuildProducts/lib64/libG4digits_hits.a
[ 28%] Built target G4digits_hits-static
[ 29%] Building CXX object source/CMakeFiles/G4processes_core-static.dir/processes/biasing/management/src/G4VBiasingOperation.cc.o
[ 29%] Building CXX object source/CMakeFiles/G4processes_core-static.dir/processes/biasing/management/src/G4VProcessPlacer.cc.o
[ 29%] Building CXX object source/CMakeFiles/G4processes_core-static.dir/processes/biasing/management/src/G4VBiasingOperator.cc.o
[ 29%] Building CXX object source/CMakeFiles/G4processes_core-static.dir/processes/biasing/management/src/G4BiasingOperationManager.cc.o
[ 29%] Building CXX object source/CMakeFiles/G4processes_core-static.dir/processes/biasing/management/src/G4ProcessPlacer.cc.o
[ 29%] Building CXX object source/CMakeFiles/G4processes_core-static.dir/processes/biasing/generic/src/G4BiasingHelper.cc.o
[ 29%] Building CXX object source/CMakeFiles/G4processes_core-static.dir/processes/biasing/generic/src/G4BiasingProcessInterface.cc.o
[ 29%] Building CXX object source/CMakeFiles/G4processes_core-static.dir/processes/biasing/generic/src/G4BiasingProcessSharedData.cc.o
[ 29%] Building CXX object source/CMakeFiles/G4processes_core-static.dir/processes/biasing/generic/src/G4BOptnChangeCrossSection.cc.o
[ 29%] Building CXX object source/CMakeFiles/G4processes_core-static.dir/processes/biasing/generic/src/G4BOptnCloning.cc.o
[ 29%] Building CXX object source/CMakeFiles/G4processes_core-static.dir/processes/biasing/generic/src/G4BOptnForceCommonTruncatedExp.cc.o
[ 29%] Building CXX object source/CMakeFiles/G4processes_core-static.dir/processes/biasing/generic/src/G4BOptnForceFreeFlight.cc.o
[ 29%] Building CXX object source/CMakeFiles/G4processes_core-static.dir/processes/biasing/generic/src/G4BOptnLeadingParticle.cc.o
[ 29%] Building CXX object source/CMakeFiles/G4processes_core-static.dir/processes/biasing/generic/src/G4BOptrForceCollision.cc.o
[ 29%] Building CXX object source/CMakeFiles/G4processes_core-static.dir/processes/biasing/generic/src/G4BOptrForceCollisionTrackData.cc.o
[ 29%] Building CXX object source/CMakeFiles/G4processes_core-static.dir/processes/biasing/generic/src/G4ILawCommonTruncatedExp.cc.o
[ 29%] Building CXX object source/CMakeFiles/G4processes_core-static.dir/processes/biasing/generic/src/G4ILawForceFreeFlight.cc.o
[ 29%] Building CXX object source/CMakeFiles/G4processes_core-static.dir/processes/biasing/generic/src/G4ILawTruncatedExp.cc.o
[ 29%] Building CXX object source/CMakeFiles/G4processes_core-static.dir/processes/biasing/generic/src/G4InteractionLawPhysical.cc.o
[ 29%] Building CXX object source/CMakeFiles/G4processes_core-static.dir/processes/biasing/generic/src/G4ParallelGeometriesLimiterProcess.cc.o
[ 29%] Building CXX object source/CMakeFiles/G4processes_core-static.dir/processes/biasing/generic/src/G4ParticleChangeForOccurenceBiasing.cc.o
[ 29%] Building CXX object source/CMakeFiles/G4processes_core-static.dir/processes/biasing/importance/src/G4GeometrySampler.cc.o
[ 29%] Building CXX object source/CMakeFiles/G4processes_core-static.dir/processes/biasing/importance/src/G4ImportanceConfigurator.cc.o
[ 29%] Building CXX object source/CMakeFiles/G4processes_core-static.dir/processes/biasing/importance/src/G4ImportanceProcess.cc.o
[ 29%] Building CXX object source/CMakeFiles/G4processes_core-static.dir/processes/biasing/importance/src/G4SamplingPostStepAction.cc.o
[ 29%] Building CXX object source/CMakeFiles/G4processes_core-static.dir/processes/biasing/importance/src/G4VSampler.cc.o
[ 29%] Building CXX object source/CMakeFiles/G4processes_core-static.dir/processes/biasing/importance/src/G4VSamplerConfigurator.cc.o
[ 29%] Building CXX object source/CMakeFiles/G4processes_core-static.dir/processes/biasing/importance/src/G4WeightCutOffConfigurator.cc.o
[ 29%] Building CXX object source/CMakeFiles/G4processes_core-static.dir/processes/biasing/importance/src/G4WeightCutOffProcess.cc.o
[ 29%] Building CXX object source/CMakeFiles/G4processes_core-static.dir/processes/biasing/importance/src/G4WeightWindowConfigurator.cc.o
[ 29%] Building CXX object source/CMakeFiles/G4processes_core-static.dir/processes/biasing/importance/src/G4WeightWindowProcess.cc.o
[ 29%] Building CXX object source/CMakeFiles/G4processes_core-static.dir/processes/cuts/src/G4MCCIndexConversionTable.cc.o
[ 29%] Building CXX object source/CMakeFiles/G4processes_core-static.dir/processes/cuts/src/G4MaterialCutsCouple.cc.o
[ 29%] Building CXX object source/CMakeFiles/G4processes_core-static.dir/processes/cuts/src/G4PhysicsTableHelper.cc.o
[ 30%] Building CXX object source/CMakeFiles/G4processes_core-static.dir/processes/cuts/src/G4ProductionCuts.cc.o
[ 30%] Building CXX object source/CMakeFiles/G4processes_core-static.dir/processes/cuts/src/G4ProductionCutsTable.cc.o
[ 30%] Building CXX object source/CMakeFiles/G4processes_core-static.dir/processes/cuts/src/G4ProductionCutsTableMessenger.cc.o
[ 30%] Building CXX object source/CMakeFiles/G4processes_core-static.dir/processes/cuts/src/G4RToEConvForElectron.cc.o
[ 30%] Building CXX object source/CMakeFiles/G4processes_core-static.dir/processes/cuts/src/G4RToEConvForGamma.cc.o
[ 30%] Building CXX object source/CMakeFiles/G4processes_core-static.dir/processes/cuts/src/G4RToEConvForPositron.cc.o
[ 30%] Building CXX object source/CMakeFiles/G4processes_core-static.dir/processes/cuts/src/G4RToEConvForProton.cc.o
[ 30%] Building CXX object source/CMakeFiles/G4processes_core-static.dir/processes/cuts/src/G4VRangeToEnergyConverter.cc.o
[ 30%] Building CXX object source/CMakeFiles/G4processes_core-static.dir/processes/decay/src/G4Decay.cc.o
[ 30%] Building CXX object source/CMakeFiles/G4processes_core-static.dir/processes/decay/src/G4DecayWithSpin.cc.o
[ 30%] Building CXX object source/CMakeFiles/G4processes_core-static.dir/processes/decay/src/G4PionDecayMakeSpin.cc.o
[ 30%] Building CXX object source/CMakeFiles/G4processes_core-static.dir/processes/decay/src/G4UnknownDecay.cc.o
[ 30%] Building CXX object source/CMakeFiles/G4processes_core-static.dir/processes/electromagnetic/adjoint/src/G4AdjointAlongStepWeightCorrection.cc.o
[ 30%] Building CXX object source/CMakeFiles/G4processes_core-static.dir/processes/electromagnetic/adjoint/src/G4AdjointBremsstrahlungModel.cc.o
[ 30%] Building CXX object source/CMakeFiles/G4processes_core-static.dir/processes/electromagnetic/adjoint/src/G4AdjointCSManager.cc.o
[ 30%] Building CXX object source/CMakeFiles/G4processes_core-static.dir/processes/electromagnetic/adjoint/src/G4AdjointCSMatrix.cc.o
[ 30%] Building CXX object source/CMakeFiles/G4processes_core-static.dir/processes/electromagnetic/adjoint/src/G4AdjointComptonModel.cc.o
[ 30%] Building CXX object source/CMakeFiles/G4processes_core-static.dir/processes/electromagnetic/adjoint/src/G4AdjointInterpolator.cc.o
[ 30%] Building CXX object source/CMakeFiles/G4processes_core-static.dir/processes/electromagnetic/adjoint/src/G4AdjointIonIonisationModel.cc.o
[ 30%] Building CXX object source/CMakeFiles/G4processes_core-static.dir/processes/electromagnetic/adjoint/src/G4AdjointPhotoElectricModel.cc.o
[ 30%] Building CXX object source/CMakeFiles/G4processes_core-static.dir/processes/electromagnetic/adjoint/src/G4AdjointProcessEquivalentToDirectProcess.cc.o
[ 30%] Building CXX object source/CMakeFiles/G4processes_core-static.dir/processes/electromagnetic/adjoint/src/G4AdjointeIonisationModel.cc.o
[ 30%] Building CXX object source/CMakeFiles/G4processes_core-static.dir/processes/electromagnetic/adjoint/src/G4AdjointhIonisationModel.cc.o
[ 30%] Building CXX object source/CMakeFiles/G4processes_core-static.dir/processes/electromagnetic/adjoint/src/G4AdjointhMultipleScattering.cc.o
[ 30%] Building CXX object source/CMakeFiles/G4processes_core-static.dir/processes/electromagnetic/adjoint/src/G4ContinuousGainOfEnergy.cc.o
[ 30%] Building CXX object source/CMakeFiles/G4processes_core-static.dir/processes/electromagnetic/adjoint/src/G4InversePEEffect.cc.o
[ 30%] Building CXX object source/CMakeFiles/G4processes_core-static.dir/processes/electromagnetic/adjoint/src/G4IonInverseIonisation.cc.o
[ 30%] Building CXX object source/CMakeFiles/G4processes_core-static.dir/processes/electromagnetic/adjoint/src/G4VAdjointReverseReaction.cc.o
[ 30%] Building CXX object source/CMakeFiles/G4processes_core-static.dir/processes/electromagnetic/adjoint/src/G4AdjointForcedInteractionForGamma.cc.o
[ 30%] Building CXX object source/CMakeFiles/G4processes_core-static.dir/processes/electromagnetic/adjoint/src/G4VEmAdjointModel.cc.o
[ 30%] Building CXX object source/CMakeFiles/G4processes_core-static.dir/processes/electromagnetic/adjoint/src/G4eInverseBremsstrahlung.cc.o
[ 30%] Building CXX object source/CMakeFiles/G4processes_core-static.dir/processes/electromagnetic/adjoint/src/G4eInverseCompton.cc.o
[ 30%] Building CXX object source/CMakeFiles/G4processes_core-static.dir/processes/electromagnetic/adjoint/src/G4eInverseIonisation.cc.o
[ 31%] Building CXX object source/CMakeFiles/G4processes_core-static.dir/processes/electromagnetic/adjoint/src/G4hInverseIonisation.cc.o
[ 31%] Building CXX object source/CMakeFiles/G4processes_core-static.dir/processes/electromagnetic/adjoint/src/G4UrbanAdjointMscModel.cc.o
[ 31%] Building CXX object source/CMakeFiles/G4processes_core-static.dir/processes/electromagnetic/adjoint/src/G4eAdjointMultipleScattering.cc.o
[ 31%] Building CXX object source/CMakeFiles/G4processes_core-static.dir/processes/electromagnetic/dna/processes/src/G4DNAAttachment.cc.o
[ 31%] Building CXX object source/CMakeFiles/G4processes_core-static.dir/processes/electromagnetic/dna/processes/src/G4DNABrownianTransportation.cc.o
[ 31%] Building CXX object source/CMakeFiles/G4processes_core-static.dir/processes/electromagnetic/dna/processes/src/G4DNAChargeDecrease.cc.o
[ 31%] Building CXX object source/CMakeFiles/G4processes_core-static.dir/processes/electromagnetic/dna/processes/src/G4DNAChargeIncrease.cc.o
[ 31%] Building CXX object source/CMakeFiles/G4processes_core-static.dir/processes/electromagnetic/dna/processes/src/G4DNADissociation.cc.o
[ 31%] Building CXX object source/CMakeFiles/G4processes_core-static.dir/processes/electromagnetic/dna/processes/src/G4DNAElastic.cc.o
[ 31%] Building CXX object source/CMakeFiles/G4processes_core-static.dir/processes/electromagnetic/dna/processes/src/G4DNAElectronSolvation.cc.o
[ 31%] Building CXX object source/CMakeFiles/G4processes_core-static.dir/processes/electromagnetic/dna/processes/src/G4DNAElectronHoleRecombination.cc.o
[ 31%] Building CXX object source/CMakeFiles/G4processes_core-static.dir/processes/electromagnetic/dna/processes/src/G4DNAExcitation.cc.o
[ 31%] Building CXX object source/CMakeFiles/G4processes_core-static.dir/processes/electromagnetic/dna/processes/src/G4DNAPlasmonExcitation.cc.o
[ 31%] Building CXX object source/CMakeFiles/G4processes_core-static.dir/processes/electromagnetic/dna/processes/src/G4DNAIonisation.cc.o
[ 31%] Building CXX object source/CMakeFiles/G4processes_core-static.dir/processes/electromagnetic/dna/processes/src/G4DNAMolecularDissociation.cc.o
[ 31%] Building CXX object source/CMakeFiles/G4processes_core-static.dir/processes/electromagnetic/dna/processes/src/G4DNAPositronium.cc.o
[ 31%] Building CXX object source/CMakeFiles/G4processes_core-static.dir/processes/electromagnetic/dna/processes/src/G4DNARotExcitation.cc.o
[ 31%] Building CXX object source/CMakeFiles/G4processes_core-static.dir/processes/electromagnetic/dna/processes/src/G4DNAWaterDissociationDisplacer.cc.o
[ 31%] Building CXX object source/CMakeFiles/G4processes_core-static.dir/processes/electromagnetic/dna/processes/src/G4DNASecondOrderReaction.cc.o
[ 31%] Building CXX object source/CMakeFiles/G4processes_core-static.dir/processes/electromagnetic/dna/processes/src/G4DNAVibExcitation.cc.o
[ 31%] Building CXX object source/CMakeFiles/G4processes_core-static.dir/processes/electromagnetic/dna/processes/src/G4DNAScavengerProcess.cc.o
[ 31%] Building CXX object source/CMakeFiles/G4processes_core-static.dir/processes/electromagnetic/dna/processes/src/G4DNAPolyNucleotideReactionProcess.cc.o
[ 31%] Building CXX object source/CMakeFiles/G4processes_core-static.dir/processes/electromagnetic/dna/processes/src/G4DNADoubleIonisation.cc.o
[ 31%] Building CXX object source/CMakeFiles/G4processes_core-static.dir/processes/electromagnetic/dna/processes/src/G4DNATripleIonisation.cc.o
[ 31%] Building CXX object source/CMakeFiles/G4processes_core-static.dir/processes/electromagnetic/dna/processes/src/G4DNAQuadrupleIonisation.cc.o
[ 31%] Building CXX object source/CMakeFiles/G4processes_core-static.dir/processes/electromagnetic/dna/processes/src/G4ChemReboundTransportation.cc.o
[ 31%] Building CXX object source/CMakeFiles/G4processes_core-static.dir/processes/electromagnetic/dna/models/src/G4DNABornAngle.cc.o
[ 31%] Building CXX object source/CMakeFiles/G4processes_core-static.dir/processes/electromagnetic/dna/models/src/G4DNABornExcitationModel1.cc.o
[ 31%] Building CXX object source/CMakeFiles/G4processes_core-static.dir/processes/electromagnetic/dna/models/src/G4DNABornExcitationModel2.cc.o
[ 31%] Building CXX object source/CMakeFiles/G4processes_core-static.dir/processes/electromagnetic/dna/models/src/G4DNABornIonisationModel.cc.o
[ 31%] Building CXX object source/CMakeFiles/G4processes_core-static.dir/processes/electromagnetic/dna/models/src/G4DNABornIonisationModel1.cc.o
[ 31%] Building CXX object source/CMakeFiles/G4processes_core-static.dir/processes/electromagnetic/dna/models/src/G4DNABornIonisationModel2.cc.o
[ 31%] Building CXX object source/CMakeFiles/G4processes_core-static.dir/processes/electromagnetic/dna/models/src/G4DNACPA100ElasticModel.cc.o
[ 32%] Building CXX object source/CMakeFiles/G4processes_core-static.dir/processes/electromagnetic/dna/models/src/G4DNACPA100ExcitationModel.cc.o
[ 32%] Building CXX object source/CMakeFiles/G4processes_core-static.dir/processes/electromagnetic/dna/models/src/G4DNACPA100IonisationModel.cc.o
[ 32%] Building CXX object source/CMakeFiles/G4processes_core-static.dir/processes/electromagnetic/dna/models/src/G4DNAChampionElasticModel.cc.o
[ 32%] Building CXX object source/CMakeFiles/G4processes_core-static.dir/processes/electromagnetic/dna/models/src/G4DNADingfelderChargeDecreaseModel.cc.o
[ 32%] Building CXX object source/CMakeFiles/G4processes_core-static.dir/processes/electromagnetic/dna/models/src/G4DNADingfelderChargeIncreaseModel.cc.o
[ 32%] Building CXX object source/CMakeFiles/G4processes_core-static.dir/processes/electromagnetic/dna/models/src/G4DNADiracRMatrixExcitationModel.cc.o
[ 32%] Building CXX object source/CMakeFiles/G4processes_core-static.dir/processes/electromagnetic/dna/models/src/G4DNADoubleIonisationModel.cc.o
[ 32%] Building CXX object source/CMakeFiles/G4processes_core-static.dir/processes/electromagnetic/dna/models/src/G4DNAELSEPAElasticModel.cc.o
[ 32%] Building CXX object source/CMakeFiles/G4processes_core-static.dir/processes/electromagnetic/dna/models/src/G4DNAEmfietzoglouExcitationModel.cc.o
[ 32%] Building CXX object source/CMakeFiles/G4processes_core-static.dir/processes/electromagnetic/dna/models/src/G4DNAEmfietzoglouIonisationModel.cc.o
[ 32%] Building CXX object source/CMakeFiles/G4processes_core-static.dir/processes/electromagnetic/dna/models/src/G4DNAEventScheduler.cc.o
[ 32%] Building CXX object source/CMakeFiles/G4processes_core-static.dir/processes/electromagnetic/dna/models/src/G4DNAGeneralIonIonisationModel.cc.o
[ 32%] Building CXX object source/CMakeFiles/G4processes_core-static.dir/processes/electromagnetic/dna/models/src/G4DNAGillespieDirectMethod.cc.o
[ 32%] Building CXX object source/CMakeFiles/G4processes_core-static.dir/processes/electromagnetic/dna/models/src/G4DNAIRT.cc.o
[ 32%] Building CXX object source/CMakeFiles/G4processes_core-static.dir/processes/electromagnetic/dna/models/src/G4DNAIndependentReactionTimeModel.cc.o
[ 32%] Building CXX object source/CMakeFiles/G4processes_core-static.dir/processes/electromagnetic/dna/models/src/G4DNAIndependentReactionTimeStepper.cc.o
[ 32%] Building CXX object source/CMakeFiles/G4processes_core-static.dir/processes/electromagnetic/dna/models/src/G4DNAIonChargeDecreaseModel.cc.o
[ 32%] Building CXX object source/CMakeFiles/G4processes_core-static.dir/processes/electromagnetic/dna/models/src/G4DNAIonChargeIncreaseModel.cc.o
[ 32%] Building CXX object source/CMakeFiles/G4processes_core-static.dir/processes/electromagnetic/dna/models/src/G4DNAIonElasticModel.cc.o
[ 32%] Building CXX object source/CMakeFiles/G4processes_core-static.dir/processes/electromagnetic/dna/models/src/G4DNAIRTMoleculeEncounterStepper.cc.o
[ 32%] Building CXX object source/CMakeFiles/G4processes_core-static.dir/processes/electromagnetic/dna/models/src/G4DNAMakeReaction.cc.o
[ 32%] Building CXX object source/CMakeFiles/G4processes_core-static.dir/processes/electromagnetic/dna/models/src/G4DNAMeltonAttachmentModel.cc.o
[ 32%] Building CXX object source/CMakeFiles/G4processes_core-static.dir/processes/electromagnetic/dna/models/src/G4DNAMillerGreenExcitationModel.cc.o
[ 32%] Building CXX object source/CMakeFiles/G4processes_core-static.dir/processes/electromagnetic/dna/models/src/G4DNAModelInterface.cc.o
[ 32%] Building CXX object source/CMakeFiles/G4processes_core-static.dir/processes/electromagnetic/dna/models/src/G4DNAMolecularIRTModel.cc.o
[ 32%] Building CXX object source/CMakeFiles/G4processes_core-static.dir/processes/electromagnetic/dna/models/src/G4DNAMolecularReaction.cc.o
[ 32%] Building CXX object source/CMakeFiles/G4processes_core-static.dir/processes/electromagnetic/dna/models/src/G4DNAMolecularStepByStepModel.cc.o
[ 32%] Building CXX object source/CMakeFiles/G4processes_core-static.dir/processes/electromagnetic/dna/models/src/G4DNAMoleculeEncounterStepper.cc.o
[ 32%] Building CXX object source/CMakeFiles/G4processes_core-static.dir/processes/electromagnetic/dna/models/src/G4DNAMultipleIonisationManager.cc.o
[ 32%] Building CXX object source/CMakeFiles/G4processes_core-static.dir/processes/electromagnetic/dna/models/src/G4DNAOneStepThermalizationModel.cc.o
[ 32%] Building CXX object source/CMakeFiles/G4processes_core-static.dir/processes/electromagnetic/dna/models/src/G4DNAPTBAugerModel.cc.o
[ 32%] Building CXX object source/CMakeFiles/G4processes_core-static.dir/processes/electromagnetic/dna/models/src/G4DNAPTBElasticModel.cc.o
[ 32%] Building CXX object source/CMakeFiles/G4processes_core-static.dir/processes/electromagnetic/dna/models/src/G4DNAPTBExcitationModel.cc.o
[ 33%] Building CXX object source/CMakeFiles/G4processes_core-static.dir/processes/electromagnetic/dna/models/src/G4DNAPTBIonisationModel.cc.o
[ 33%] Building CXX object source/CMakeFiles/G4processes_core-static.dir/processes/electromagnetic/dna/models/src/G4DNAQuadrupleIonisationModel.cc.o
[ 33%] Building CXX object source/CMakeFiles/G4processes_core-static.dir/processes/electromagnetic/dna/models/src/G4DNAQuinnPlasmonExcitationModel.cc.o
[ 33%] Building CXX object source/CMakeFiles/G4processes_core-static.dir/processes/electromagnetic/dna/models/src/G4DNARPWBAExcitationModel.cc.o
[ 33%] Building CXX object source/CMakeFiles/G4processes_core-static.dir/processes/electromagnetic/dna/models/src/G4DNARPWBAIonisationModel.cc.o
[ 33%] Building CXX object source/CMakeFiles/G4processes_core-static.dir/processes/electromagnetic/dna/models/src/G4DNARelativisticIonisationModel.cc.o
[ 33%] Building CXX object source/CMakeFiles/G4processes_core-static.dir/processes/electromagnetic/dna/models/src/G4DNARuddAngle.cc.o
[ 33%] Building CXX object source/CMakeFiles/G4processes_core-static.dir/processes/electromagnetic/dna/models/src/G4DNARuddIonisationDynamicModel.cc.o
[ 33%] Building CXX object source/CMakeFiles/G4processes_core-static.dir/processes/electromagnetic/dna/models/src/G4DNARuddIonisationExtendedModel.cc.o
[ 33%] Building CXX object source/CMakeFiles/G4processes_core-static.dir/processes/electromagnetic/dna/models/src/G4DNARuddIonisationModel.cc.o
[ 33%] Building CXX object source/CMakeFiles/G4processes_core-static.dir/processes/electromagnetic/dna/models/src/G4DNASancheExcitationModel.cc.o
[ 33%] Building CXX object source/CMakeFiles/G4processes_core-static.dir/processes/electromagnetic/dna/models/src/G4DNAScreenedRutherfordElasticModel.cc.o
[ 33%] Building CXX object source/CMakeFiles/G4processes_core-static.dir/processes/electromagnetic/dna/models/src/G4DNASmoluchowskiDiffusion.cc.o
[ 33%] Building CXX object source/CMakeFiles/G4processes_core-static.dir/processes/electromagnetic/dna/models/src/G4DNASmoluchowskiReactionModel.cc.o
[ 33%] Building CXX object source/CMakeFiles/G4processes_core-static.dir/processes/electromagnetic/dna/models/src/G4DNATransformElectronModel.cc.o
[ 33%] Building CXX object source/CMakeFiles/G4processes_core-static.dir/processes/electromagnetic/dna/models/src/G4DNATripleIonisationModel.cc.o
[ 33%] Building CXX object source/CMakeFiles/G4processes_core-static.dir/processes/electromagnetic/dna/models/src/G4DNAUeharaScreenedRutherfordElasticModel.cc.o
[ 33%] Building CXX object source/CMakeFiles/G4processes_core-static.dir/processes/electromagnetic/dna/models/src/G4DNAUpdateSystemModel.cc.o
[ 33%] Building CXX object source/CMakeFiles/G4processes_core-static.dir/processes/electromagnetic/dna/models/src/G4DNAVacuumModel.cc.o
[ 33%] Building CXX object source/CMakeFiles/G4processes_core-static.dir/processes/electromagnetic/dna/models/src/G4DiffusionControlledReactionModel.cc.o
[ 33%] Building CXX object source/CMakeFiles/G4processes_core-static.dir/processes/electromagnetic/dna/models/src/G4LEPTSAttachmentModel.cc.o
[ 33%] Building CXX object source/CMakeFiles/G4processes_core-static.dir/processes/electromagnetic/dna/models/src/G4LEPTSDissociationModel.cc.o
[ 33%] Building CXX object source/CMakeFiles/G4processes_core-static.dir/processes/electromagnetic/dna/models/src/G4LEPTSElasticModel.cc.o
[ 33%] Building CXX object source/CMakeFiles/G4processes_core-static.dir/processes/electromagnetic/dna/models/src/G4LEPTSIonisationModel.cc.o
[ 33%] Building CXX object source/CMakeFiles/G4processes_core-static.dir/processes/electromagnetic/dna/models/src/G4LEPTSPositroniumModel.cc.o
[ 33%] Building CXX object source/CMakeFiles/G4processes_core-static.dir/processes/electromagnetic/dna/models/src/G4LEPTSRotExcitationModel.cc.o
[ 33%] Building CXX object source/CMakeFiles/G4processes_core-static.dir/processes/electromagnetic/dna/models/src/G4LEPTSVibExcitationModel.cc.o
[ 33%] Building CXX object source/CMakeFiles/G4processes_core-static.dir/processes/electromagnetic/dna/models/src/G4LEPTSDiffXS.cc.o
[ 33%] Building CXX object source/CMakeFiles/G4processes_core-static.dir/processes/electromagnetic/dna/models/src/G4LEPTSDistribution.cc.o
[ 33%] Building CXX object source/CMakeFiles/G4processes_core-static.dir/processes/electromagnetic/dna/models/src/G4LEPTSElossDistr.cc.o
[ 33%] Building CXX object source/CMakeFiles/G4processes_core-static.dir/processes/electromagnetic/dna/models/src/G4LEPTSExcitationModel.cc.o
[ 33%] Building CXX object source/CMakeFiles/G4processes_core-static.dir/processes/electromagnetic/dna/models/src/G4VDNAModel.cc.o
[ 33%] Building CXX object source/CMakeFiles/G4processes_core-static.dir/processes/electromagnetic/dna/models/src/G4VDNAHitModel.cc.o
[ 34%] Building CXX object source/CMakeFiles/G4processes_core-static.dir/processes/electromagnetic/dna/models/src/G4VLEPTSModel.cc.o
[ 34%] Building CXX object source/CMakeFiles/G4processes_core-static.dir/processes/electromagnetic/dna/utils/src/G4DNAChemistryManager.cc.o
[ 34%] Building CXX object source/CMakeFiles/G4processes_core-static.dir/processes/electromagnetic/dna/utils/src/G4DNACPA100LogLogInterpolation.cc.o
[ 34%] Building CXX object source/CMakeFiles/G4processes_core-static.dir/processes/electromagnetic/dna/utils/src/G4DNACPA100ExcitationStructure.cc.o
[ 34%] Building CXX object source/CMakeFiles/G4processes_core-static.dir/processes/electromagnetic/dna/utils/src/G4DNACPA100IonisationStructure.cc.o
[ 34%] Building CXX object source/CMakeFiles/G4processes_core-static.dir/processes/electromagnetic/dna/utils/src/G4DNACrossSectionDataSet.cc.o
[ 34%] Building CXX object source/CMakeFiles/G4processes_core-static.dir/processes/electromagnetic/dna/utils/src/G4DNADamage.cc.o
[ 34%] Building CXX object source/CMakeFiles/G4processes_core-static.dir/processes/electromagnetic/dna/utils/src/G4DNAGenericIonsManager.cc.o
[ 34%] Building CXX object source/CMakeFiles/G4processes_core-static.dir/processes/electromagnetic/dna/utils/src/G4DNAIons.cc.o
[ 34%] Building CXX object source/CMakeFiles/G4processes_core-static.dir/processes/electromagnetic/dna/utils/src/G4DNAMolecularMaterial.cc.o
[ 34%] Building CXX object source/CMakeFiles/G4processes_core-static.dir/processes/electromagnetic/dna/utils/src/G4DNAMolecularReactionTable.cc.o
[ 34%] Building CXX object source/CMakeFiles/G4processes_core-static.dir/processes/electromagnetic/dna/utils/src/G4DNAEmfietzoglouWaterExcitationStructure.cc.o
[ 34%] Building CXX object source/CMakeFiles/G4processes_core-static.dir/processes/electromagnetic/dna/utils/src/G4DNAEmfietzoglouWaterIonisationStructure.cc.o
[ 34%] Building CXX object source/CMakeFiles/G4processes_core-static.dir/processes/electromagnetic/dna/utils/src/G4DNAPTBExcitationStructure.cc.o
[ 34%] Building CXX object source/CMakeFiles/G4processes_core-static.dir/processes/electromagnetic/dna/utils/src/G4DNAPTBIonisationStructure.cc.o
[ 34%] Building CXX object source/CMakeFiles/G4processes_core-static.dir/processes/electromagnetic/dna/utils/src/G4DNASamplingTable.cc.o
[ 34%] Building CXX object source/CMakeFiles/G4processes_core-static.dir/processes/electromagnetic/dna/utils/src/G4DNAWaterExcitationStructure.cc.o
[ 34%] Building CXX object source/CMakeFiles/G4processes_core-static.dir/processes/electromagnetic/dna/utils/src/G4DNAWaterIonisationStructure.cc.o
[ 34%] Building CXX object source/CMakeFiles/G4processes_core-static.dir/processes/electromagnetic/dna/utils/src/G4ErrorFunction.cc.o
[ 34%] Building CXX object source/CMakeFiles/G4processes_core-static.dir/processes/electromagnetic/dna/utils/src/G4MoleculeGun.cc.o
[ 34%] Building CXX object source/CMakeFiles/G4processes_core-static.dir/processes/electromagnetic/dna/utils/src/G4MoleculeGunMessenger.cc.o
[ 34%] Building CXX object source/CMakeFiles/G4processes_core-static.dir/processes/electromagnetic/dna/utils/src/G4ReactionTableMessenger.cc.o
[ 34%] Building CXX object source/CMakeFiles/G4processes_core-static.dir/processes/electromagnetic/dna/utils/src/G4VDNAReactionModel.cc.o
[ 34%] Building CXX object source/CMakeFiles/G4processes_core-static.dir/processes/electromagnetic/dna/utils/src/G4VUserChemistryList.cc.o
[ 34%] Building CXX object source/CMakeFiles/G4processes_core-static.dir/processes/electromagnetic/dna/utils/src/G4VPhysChemIO.cc.o
[ 34%] Building CXX object source/CMakeFiles/G4processes_core-static.dir/processes/electromagnetic/dna/utils/src/G4PhysChemIO.cc.o
[ 34%] Building CXX object source/CMakeFiles/G4processes_core-static.dir/processes/electromagnetic/dna/utils/src/G4IRTUtils.cc.o
[ 34%] Building CXX object source/CMakeFiles/G4processes_core-static.dir/processes/electromagnetic/dna/utils/src/G4DNAScavengerMaterial.cc.o
[ 34%] Building CXX object source/CMakeFiles/G4processes_core-static.dir/processes/electromagnetic/dna/utils/src/G4DNAMesh.cc.o
[ 34%] Building CXX object source/CMakeFiles/G4processes_core-static.dir/processes/electromagnetic/dna/utils/src/G4DNAEventSet.cc.o
[ 34%] Building CXX object source/CMakeFiles/G4processes_core-static.dir/processes/electromagnetic/dna/utils/src/G4DNAMaterialManager.cc.o
[ 34%] Building CXX object source/CMakeFiles/G4processes_core-static.dir/processes/electromagnetic/dna/utils/src/G4ChemEquilibrium.cc.o
[ 35%] Building CXX object source/CMakeFiles/G4processes_core-static.dir/processes/electromagnetic/dna/utils/src/G4MoleculeReactionCounter.cc.o
[ 35%] Building CXX object source/CMakeFiles/G4processes_core-static.dir/processes/electromagnetic/dna/management/src/G4AllITFinder.cc.o
[ 35%] Building CXX object source/CMakeFiles/G4processes_core-static.dir/processes/electromagnetic/dna/management/src/G4ITBox.cc.o
[ 35%] Building CXX object source/CMakeFiles/G4processes_core-static.dir/processes/electromagnetic/dna/management/src/G4IT.cc.o
[ 35%] Building CXX object source/CMakeFiles/G4processes_core-static.dir/processes/electromagnetic/dna/management/src/G4ITGun.cc.o
[ 35%] Building CXX object source/CMakeFiles/G4processes_core-static.dir/processes/electromagnetic/dna/management/src/G4ITLeadingTracks.cc.o
[ 35%] Building CXX object source/CMakeFiles/G4processes_core-static.dir/processes/electromagnetic/dna/management/src/G4ITModelHandler.cc.o
[ 35%] Building CXX object source/CMakeFiles/G4processes_core-static.dir/processes/electromagnetic/dna/management/src/G4ITModelManager.cc.o
[ 35%] Building CXX object source/CMakeFiles/G4processes_core-static.dir/processes/electromagnetic/dna/management/src/G4ITModelProcessor.cc.o
[ 35%] Building CXX object source/CMakeFiles/G4processes_core-static.dir/processes/electromagnetic/dna/management/src/G4ITMultiNavigator.cc.o
[ 35%] Building CXX object source/CMakeFiles/G4processes_core-static.dir/processes/electromagnetic/dna/management/src/G4ITNavigator1.cc.o
[ 35%] Building CXX object source/CMakeFiles/G4processes_core-static.dir/processes/electromagnetic/dna/management/src/G4ITNavigator2.cc.o
[ 35%] Building CXX object source/CMakeFiles/G4processes_core-static.dir/processes/electromagnetic/dna/management/src/G4ITNavigatorState2.cc.o
[ 35%] Building CXX object source/CMakeFiles/G4processes_core-static.dir/processes/electromagnetic/dna/management/src/G4ITPathFinder.cc.o
[ 35%] Building CXX object source/CMakeFiles/G4processes_core-static.dir/processes/electromagnetic/dna/management/src/G4ITReaction.cc.o
[ 35%] Building CXX object source/CMakeFiles/G4processes_core-static.dir/processes/electromagnetic/dna/management/src/G4ITReactionChange.cc.o
[ 35%] Building CXX object source/CMakeFiles/G4processes_core-static.dir/processes/electromagnetic/dna/management/src/G4ITReactionTable.cc.o
[ 35%] Building CXX object source/CMakeFiles/G4processes_core-static.dir/processes/electromagnetic/dna/management/src/G4ITSafetyHelper.cc.o
[ 35%] Building CXX object source/CMakeFiles/G4processes_core-static.dir/processes/electromagnetic/dna/management/src/G4ITStepProcessor2.cc.o
[ 35%] Building CXX object source/CMakeFiles/G4processes_core-static.dir/processes/electromagnetic/dna/management/src/G4ITStepProcessor.cc.o
[ 35%] Building CXX object source/CMakeFiles/G4processes_core-static.dir/processes/electromagnetic/dna/management/src/G4ITSteppingVerbose.cc.o
[ 35%] Building CXX object source/CMakeFiles/G4processes_core-static.dir/processes/electromagnetic/dna/management/src/G4ITTrackHolder.cc.o
[ 35%] Building CXX object source/CMakeFiles/G4processes_core-static.dir/processes/electromagnetic/dna/management/src/G4ITTrackingInteractivity.cc.o
[ 35%] Building CXX object source/CMakeFiles/G4processes_core-static.dir/processes/electromagnetic/dna/management/src/G4ITTrackingManager.cc.o
[ 35%] Building CXX object source/CMakeFiles/G4processes_core-static.dir/processes/electromagnetic/dna/management/src/G4ITTransportation.cc.o
[ 35%] Building CXX object source/CMakeFiles/G4processes_core-static.dir/processes/electromagnetic/dna/management/src/G4ITTransportationManager.cc.o
[ 35%] Building CXX object source/CMakeFiles/G4processes_core-static.dir/processes/electromagnetic/dna/management/src/G4ITType.cc.o
[ 35%] Building CXX object source/CMakeFiles/G4processes_core-static.dir/processes/electromagnetic/dna/management/src/G4KDMap.cc.o
[ 35%] Building CXX object source/CMakeFiles/G4processes_core-static.dir/processes/electromagnetic/dna/management/src/G4KDNode.cc.o
[ 35%] Building CXX object source/CMakeFiles/G4processes_core-static.dir/processes/electromagnetic/dna/management/src/G4KDTree.cc.o
[ 35%] Building CXX object source/CMakeFiles/G4processes_core-static.dir/processes/electromagnetic/dna/management/src/G4KDTreeResult.cc.o
[ 35%] Building CXX object source/CMakeFiles/G4processes_core-static.dir/processes/electromagnetic/dna/management/src/G4MemStat.cc.o
[ 35%] Building CXX object source/CMakeFiles/G4processes_core-static.dir/processes/electromagnetic/dna/management/src/G4Scheduler.cc.o
[ 36%] Building CXX object source/CMakeFiles/G4processes_core-static.dir/processes/electromagnetic/dna/management/src/G4SchedulerMessenger.cc.o
[ 36%] Building CXX object source/CMakeFiles/G4processes_core-static.dir/processes/electromagnetic/dna/management/src/G4TrackingInformation.cc.o
[ 36%] Building CXX object source/CMakeFiles/G4processes_core-static.dir/processes/electromagnetic/dna/management/src/G4TrackList.cc.o
[ 36%] Building CXX object source/CMakeFiles/G4processes_core-static.dir/processes/electromagnetic/dna/management/src/G4TrackState.cc.o
[ 36%] Building CXX object source/CMakeFiles/G4processes_core-static.dir/processes/electromagnetic/dna/management/src/G4UserTimeStepAction.cc.o
[ 36%] Building CXX object source/CMakeFiles/G4processes_core-static.dir/processes/electromagnetic/dna/management/src/G4VITDiscreteProcess.cc.o
[ 36%] Building CXX object source/CMakeFiles/G4processes_core-static.dir/processes/electromagnetic/dna/management/src/G4VITProcess.cc.o
[ 36%] Building CXX object source/CMakeFiles/G4processes_core-static.dir/processes/electromagnetic/dna/management/src/G4VITReactionProcess.cc.o
[ 36%] Building CXX object source/CMakeFiles/G4processes_core-static.dir/processes/electromagnetic/dna/management/src/G4VITRestDiscreteProcess.cc.o
[ 36%] Building CXX object source/CMakeFiles/G4processes_core-static.dir/processes/electromagnetic/dna/management/src/G4VITRestProcess.cc.o
[ 36%] Building CXX object source/CMakeFiles/G4processes_core-static.dir/processes/electromagnetic/dna/management/src/G4VITStepModel.cc.o
[ 36%] Building CXX object source/CMakeFiles/G4processes_core-static.dir/processes/electromagnetic/dna/management/src/G4VITSteppingVerbose.cc.o
[ 36%] Building CXX object source/CMakeFiles/G4processes_core-static.dir/processes/electromagnetic/dna/management/src/G4VITTimeStepComputer.cc.o
[ 36%] Building CXX object source/CMakeFiles/G4processes_core-static.dir/processes/electromagnetic/dna/management/src/G4VITTrackHolder.cc.o
[ 36%] Building CXX object source/CMakeFiles/G4processes_core-static.dir/processes/electromagnetic/dna/management/src/G4VScheduler.cc.o
[ 36%] Building CXX object source/CMakeFiles/G4processes_core-static.dir/processes/electromagnetic/dna/management/src/G4DNABoundingBox.cc.o
[ 36%] Building CXX object source/CMakeFiles/G4processes_core-static.dir/processes/electromagnetic/dna/management/src/G4VUserPulseInfo.cc.o
[ 36%] Building CXX object source/CMakeFiles/G4processes_core-static.dir/processes/electromagnetic/dna/management/src/G4MoleculeLocator.cc.o
[ 36%] Building CXX object source/CMakeFiles/G4processes_core-static.dir/processes/electromagnetic/dna/molecules/management/src/G4MolecularConfiguration.cc.o
[ 36%] Building CXX object source/CMakeFiles/G4processes_core-static.dir/processes/electromagnetic/dna/molecules/management/src/G4MolecularDissociationChannel.cc.o
[ 36%] Building CXX object source/CMakeFiles/G4processes_core-static.dir/processes/electromagnetic/dna/molecules/management/src/G4MolecularDissociationTable.cc.o
[ 36%] Building CXX object source/CMakeFiles/G4processes_core-static.dir/processes/electromagnetic/dna/molecules/management/src/G4Molecule.cc.o
[ 36%] Building CXX object source/CMakeFiles/G4processes_core-static.dir/processes/electromagnetic/dna/molecules/management/src/G4MoleculeDefinition.cc.o
[ 36%] Building CXX object source/CMakeFiles/G4processes_core-static.dir/processes/electromagnetic/dna/molecules/management/src/G4MoleculeHandleManager.cc.o
[ 36%] Building CXX object source/CMakeFiles/G4processes_core-static.dir/processes/electromagnetic/dna/molecules/management/src/G4MoleculeTable.cc.o
[ 36%] Building CXX object source/CMakeFiles/G4processes_core-static.dir/processes/electromagnetic/dna/molecules/management/src/G4MoleculeTableMessenger.cc.o
[ 36%] Building CXX object source/CMakeFiles/G4processes_core-static.dir/processes/electromagnetic/dna/molecules/management/src/G4Serialize.cc.o
[ 36%] Building CXX object source/CMakeFiles/G4processes_core-static.dir/processes/electromagnetic/dna/molecules/management/src/G4VMolecularDissociationDisplacer.cc.o
