
        ############################################
        !!! WARNING - FPE detection is activated !!!
        ############################################

**************************************************************
 Geant4 version Name: geant4-11-02-ref-00 [MT]   (8-December-2023)
  << in Multi-threaded mode >> 
                       Copyright : Geant4 Collaboration
                      References : NIM A 506 (2003), 250-303
                                 : IEEE-TNS 53 (2006), 270-278
                                 : NIM A 835 (2016), 186-225
                             WWW : http://geant4.org/
**************************************************************

##### Hadr00 started for 0 threads #####
G4PhysListFactory::GetReferencePhysList <FTFP_BERT>  EMoption= 0
<<< Geant4 Physics List simulation engine: FTFP_BERT


/run/verbose 1
/tracking/verbose 0
/testhadr/TargetMat G4_PbWO4
/testhadr/targetElm Pb
/testhadr/TargetRadius 1 cm
/testhadr/TargetLength 10 cm
/run/printProgress 10
/run/initialize

==========================================================================================
G4TaskRunManager :: Using G4ThreadPool...
==========================================================================================

### Target consist of G4_PbWO4 disks with R(mm)= 10  fLength(mm)= 100  ###

***** Table : Nb of materials = 3 *****

 Material:    G4_Al    density:  2.699 g/cm3   RadL:   8.896 cm   Nucl.Int.Length:  38.894 cm 
                       Imean: 166.000 eV   temperature: 293.15 K  pressure:   1.00 atm

   --->  Element: Al (Al)   Z = 13.0   N =    27   A = 26.982 g/mole
         --->  Isotope:  Al27   Z = 13   N =  27   A =  26.98 g/mole   abundance: 100.000 %
          ElmMassFraction: 100.00 %  ElmAbundance 100.00 % 


 Material: G4_Galactic    density:  0.000 mg/cm3  RadL: 204310098.490 pc   Nucl.Int.Length: 113427284.261 pc 
                       Imean:  21.800 eV   temperature:   2.73 K  pressure:   0.00 atm

   --->  Element: H (H)   Z =  1.0   N =     1   A =  1.008 g/mole
         --->  Isotope:    H1   Z =  1   N =   1   A =   1.01 g/mole   abundance: 99.989 %
         --->  Isotope:    H2   Z =  1   N =   2   A =   2.01 g/mole   abundance:  0.011 %
          ElmMassFraction: 100.00 %  ElmAbundance 100.00 % 


 Material: G4_PbWO4    density:  8.280 g/cm3   RadL:   8.925 mm   Nucl.Int.Length:  20.740 cm 
                       Imean: 542.741 eV   temperature: 293.15 K  pressure:   1.00 atm

   --->  Element: O (O)   Z =  8.0   N =    16   A = 15.999 g/mole
         --->  Isotope:   O16   Z =  8   N =  16   A =  15.99 g/mole   abundance: 99.757 %
         --->  Isotope:   O17   Z =  8   N =  17   A =  17.00 g/mole   abundance:  0.038 %
         --->  Isotope:   O18   Z =  8   N =  18   A =  18.00 g/mole   abundance:  0.205 %
          ElmMassFraction:  14.06 %  ElmAbundance  66.67 % 

   --->  Element: Pb (Pb)   Z = 82.0   N =   207   A = 207.217 g/mole
         --->  Isotope: Pb204   Z = 82   N = 204   A = 203.97 g/mole   abundance:  1.400 %
         --->  Isotope: Pb206   Z = 82   N = 206   A = 205.97 g/mole   abundance: 24.100 %
         --->  Isotope: Pb207   Z = 82   N = 207   A = 206.98 g/mole   abundance: 22.100 %
         --->  Isotope: Pb208   Z = 82   N = 208   A = 207.98 g/mole   abundance: 52.400 %
          ElmMassFraction:  45.54 %  ElmAbundance  16.67 % 

   --->  Element: W (W)   Z = 74.0   N =   184   A = 183.842 g/mole
         --->  Isotope:  W180   Z = 74   N = 180   A = 179.95 g/mole   abundance:  0.120 %
         --->  Isotope:  W182   Z = 74   N = 182   A = 181.95 g/mole   abundance: 26.500 %
         --->  Isotope:  W183   Z = 74   N = 183   A = 182.95 g/mole   abundance: 14.310 %
         --->  Isotope:  W184   Z = 74   N = 184   A = 183.95 g/mole   abundance: 30.640 %
         --->  Isotope:  W186   Z = 74   N = 186   A = 185.95 g/mole   abundance: 28.430 %
          ElmMassFraction:  40.40 %  ElmAbundance  16.67 % 




 hInelastic FTFP_BERT : threshold between BERT and FTFP is over the interval 
 for pions :   3 to 6 GeV
 for kaons :   3 to 6 GeV
 for proton :  3 to 6 GeV
 for neutron : 3 to 6 GeV

### Adding tracking cuts for neutron  TimeCut(ns)= 10000  KinEnergyCut(MeV)= 0
/run/physicsModified
=======================================================================
======                 Electromagnetic Physics Parameters      ========
=======================================================================
LPM effect enabled                                 1
Enable creation and use of sampling tables         0
Apply cuts on all EM processes                     0
Use combined TransportationWithMsc                 Disabled
Use general process                                1
Enable linear polarisation for gamma               0
Enable photoeffect sampling below K-shell          1
Enable sampling of quantum entanglement            0
X-section factor for integral approach             0.8
Min kinetic energy for tables                      100 eV 
Max kinetic energy for tables                      100 TeV
Number of bins per decade of a table               7
Verbose level                                      1
Verbose level for worker thread                    0
Bremsstrahlung energy threshold above which 
  primary e+- is added to the list of secondary    100 TeV
Bremsstrahlung energy threshold above which primary
  muon/hadron is added to the list of secondary    100 TeV
Lowest triplet kinetic energy                      1 MeV
Enable sampling of gamma linear polarisation       0
5D gamma conversion model type                     0
5D gamma conversion model on isolated ion          0
Livermore data directory                           epics_2017
=======================================================================
======                 Ionisation Parameters                   ========
=======================================================================
Step function for e+-                              (0.2, 1 mm)
Step function for muons/hadrons                    (0.2, 0.1 mm)
Step function for light ions                       (0.2, 0.1 mm)
Step function for general ions                     (0.2, 0.1 mm)
Lowest e+e- kinetic energy                         1 keV
Lowest muon/hadron kinetic energy                  1 keV
Use ICRU90 data                                    0
Fluctuations of dE/dx are enabled                  1
Type of fluctuation model for leptons and hadrons  Urban
Use built-in Birks satuaration                     0
Build CSDA range enabled                           0
Use cut as a final range enabled                   0
Enable angular generator interface                 0
Max kinetic energy for CSDA tables                 1 GeV
Max kinetic energy for NIEL computation            0 eV 
Linear loss limit                                  0.01
Read data from file for e+e- pair production by mu 0
=======================================================================
======                 Multiple Scattering Parameters          ========
=======================================================================
Type of msc step limit algorithm for e+-           1
Type of msc step limit algorithm for muons/hadrons 0
Msc lateral displacement for e+- enabled           1
Msc lateral displacement for muons and hadrons     0
Urban msc model lateral displacement alg96         1
Range factor for msc step limit for e+-            0.04
Range factor for msc step limit for muons/hadrons  0.2
Geometry factor for msc step limitation of e+-     2.5
Safety factor for msc step limit for e+-           0.6
Skin parameter for msc step limitation of e+-      1
Lambda limit for msc step limit for e+-            1 mm
Use Mott correction for e- scattering              0
Factor used for dynamic computation of angular 
  limit between single and multiple scattering     1
Fixed angular limit between single 
  and multiple scattering                          3.1416 rad
Upper energy limit for e+- multiple scattering     100 MeV
Type of electron single scattering model           0
Type of nuclear form-factor                        1
Screening factor                                   1
=======================================================================

phot:  for gamma SubType=12 BuildTable=0
      LambdaPrime table from 200 keV to 100 TeV in 61 bins 
      ===== EM models for the G4Region  DefaultRegionForTheWorld ======
 LivermorePhElectric : Emin=    0 eV  Emax=  100 TeV  SauterGavrila Fluo

compt:  for gamma SubType=13 BuildTable=1
      Lambda table from 100 eV  to 1 MeV, 7 bins/decade, spline: 1
      LambdaPrime table from 1 MeV to 100 TeV in 56 bins 
      ===== EM models for the G4Region  DefaultRegionForTheWorld ======
       Klein-Nishina : Emin=    0 eV  Emax=  100 TeV

conv:  for gamma SubType=14 BuildTable=1
      Lambda table from 1.022 MeV to 100 TeV, 18 bins/decade, spline: 1
      ===== EM models for the G4Region  DefaultRegionForTheWorld ======
     BetheHeitlerLPM : Emin=    0 eV  Emax=  100 TeV  ModifiedTsai

Rayl:  for gamma SubType=11 BuildTable=1
      Lambda table from 100 eV  to 150 keV, 7 bins/decade, spline: 0
      LambdaPrime table from 150 keV to 100 TeV in 62 bins 
      ===== EM models for the G4Region  DefaultRegionForTheWorld ======
   LivermoreRayleigh : Emin=    0 eV  Emax=  100 TeV  CullenGenerator

msc:  for e-  SubType= 10
      ===== EM models for the G4Region  DefaultRegionForTheWorld ======
            UrbanMsc : Emin=    0 eV  Emax=  100 MeV Nbins=42 100 eV  - 100 MeV
          StepLim=UseSafety Rfact=0.04 Gfact=2.5 Sfact=0.6 DispFlag:1 Skin=1 Llim=1 mm
        WentzelVIUni : Emin=  100 MeV Emax=  100 TeV Nbins=42 100 MeV - 100 TeV
          StepLim=UseSafety Rfact=0.04 Gfact=2.5 Sfact=0.6 DispFlag:1 Skin=1 Llim=1 mm

eIoni:  for e-  XStype:3  SubType=2
      dE/dx and range tables from 100 eV  to 100 TeV in 84 bins
      Lambda tables from threshold to 100 TeV, 7 bins/decade, spline: 1
      StepFunction=(0.2, 1 mm), integ: 3, fluct: 1, linLossLim= 0.01
      ===== EM models for the G4Region  DefaultRegionForTheWorld ======
        MollerBhabha : Emin=    0 eV  Emax=  100 TeV

eBrem:  for e-  XStype:4  SubType=3
      dE/dx and range tables from 100 eV  to 100 TeV in 84 bins
      Lambda tables from threshold to 100 TeV, 7 bins/decade, spline: 1
      LPM flag: 1 for E > 1 GeV,  VertexHighEnergyTh(GeV)= 100000
      ===== EM models for the G4Region  DefaultRegionForTheWorld ======
             eBremSB : Emin=    0 eV  Emax=    1 GeV  ModifiedTsai
            eBremLPM : Emin=    1 GeV Emax=  100 TeV  ModifiedTsai

CoulombScat:  for e- XStype:1 SubType=1 BuildTable=1
      Lambda table from 100 MeV to 100 TeV, 7 bins/decade, spline: 0
      ThetaMin(p) < Theta(degree) < 180, pLimit(GeV^1)= 0.139531
      ===== EM models for the G4Region  DefaultRegionForTheWorld ======
  eCoulombScattering : Emin=  100 MeV Emax=  100 TeV

msc:  for e+  SubType= 10
      ===== EM models for the G4Region  DefaultRegionForTheWorld ======
            UrbanMsc : Emin=    0 eV  Emax=  100 MeV Nbins=42 100 eV  - 100 MeV
          StepLim=UseSafety Rfact=0.04 Gfact=2.5 Sfact=0.6 DispFlag:1 Skin=1 Llim=1 mm
        WentzelVIUni : Emin=  100 MeV Emax=  100 TeV Nbins=42 100 MeV - 100 TeV
          StepLim=UseSafety Rfact=0.04 Gfact=2.5 Sfact=0.6 DispFlag:1 Skin=1 Llim=1 mm

eIoni:  for e+  XStype:3  SubType=2
      dE/dx and range tables from 100 eV  to 100 TeV in 84 bins
      Lambda tables from threshold to 100 TeV, 7 bins/decade, spline: 1
      StepFunction=(0.2, 1 mm), integ: 3, fluct: 1, linLossLim= 0.01
      ===== EM models for the G4Region  DefaultRegionForTheWorld ======
        MollerBhabha : Emin=    0 eV  Emax=  100 TeV

eBrem:  for e+  XStype:4  SubType=3
      dE/dx and range tables from 100 eV  to 100 TeV in 84 bins
      Lambda tables from threshold to 100 TeV, 7 bins/decade, spline: 1
      LPM flag: 1 for E > 1 GeV,  VertexHighEnergyTh(GeV)= 100000
      ===== EM models for the G4Region  DefaultRegionForTheWorld ======
             eBremSB : Emin=    0 eV  Emax=    1 GeV  ModifiedTsai
            eBremLPM : Emin=    1 GeV Emax=  100 TeV  ModifiedTsai

annihil:  for e+ XStype:2 SubType=5 BuildTable=0
      ===== EM models for the G4Region  DefaultRegionForTheWorld ======
            eplus2gg : Emin=    0 eV  Emax=  100 TeV

CoulombScat:  for e+ XStype:1 SubType=1 BuildTable=1
      Lambda table from 100 MeV to 100 TeV, 7 bins/decade, spline: 0
      ThetaMin(p) < Theta(degree) < 180, pLimit(GeV^1)= 0.139531
      ===== EM models for the G4Region  DefaultRegionForTheWorld ======
  eCoulombScattering : Emin=  100 MeV Emax=  100 TeV

msc:  for proton  SubType= 10
      ===== EM models for the G4Region  DefaultRegionForTheWorld ======
        WentzelVIUni : Emin=    0 eV  Emax=  100 TeV Nbins=84 100 eV  - 100 TeV
          StepLim=Minimal Rfact=0.2 Gfact=2.5 Sfact=0.6 DispFlag:0 Skin=1 Llim=1 mm

hIoni:  for proton  XStype:3  SubType=2
      dE/dx and range tables from 100 eV  to 100 TeV in 84 bins
      Lambda tables from threshold to 100 TeV, 7 bins/decade, spline: 1
      StepFunction=(0.2, 0.1 mm), integ: 3, fluct: 1, linLossLim= 0.01
      ===== EM models for the G4Region  DefaultRegionForTheWorld ======
               Bragg : Emin=    0 eV  Emax=    2 MeV
          BetheBloch : Emin=    2 MeV Emax=  100 TeV

hBrems:  for proton  XStype:1  SubType=3
      dE/dx and range tables from 100 eV  to 100 TeV in 84 bins
      Lambda tables from threshold to 100 TeV, 7 bins/decade, spline: 1
      ===== EM models for the G4Region  DefaultRegionForTheWorld ======
               hBrem : Emin=    0 eV  Emax=  100 TeV  ModifiedMephi

hPairProd:  for proton  XStype:1  SubType=4
      dE/dx and range tables from 100 eV  to 100 TeV in 84 bins
      Lambda tables from threshold to 100 TeV, 7 bins/decade, spline: 1
      Sampling table 17x1001; from 7.50618 GeV to 100 TeV 
      ===== EM models for the G4Region  DefaultRegionForTheWorld ======
           hPairProd : Emin=    0 eV  Emax=  100 TeV  ModifiedMephi

CoulombScat:  for proton XStype:1 SubType=1 BuildTable=1
      Lambda table from threshold  to 100 TeV, 7 bins/decade, spline: 0
      ThetaMin(p) < Theta(degree) < 180, pLimit(GeV^1)= 0.139531
      ===== EM models for the G4Region  DefaultRegionForTheWorld ======
  eCoulombScattering : Emin=    0 eV  Emax=  100 TeV

msc:  for GenericIon  SubType= 10
      ===== EM models for the G4Region  DefaultRegionForTheWorld ======
            UrbanMsc : Emin=    0 eV  Emax=  100 TeV
          StepLim=Minimal Rfact=0.2 Gfact=2.5 Sfact=0.6 DispFlag:0 Skin=1 Llim=1 mm

ionIoni:  for GenericIon  XStype:3  SubType=2
      dE/dx and range tables from 100 eV  to 100 TeV in 84 bins
      Lambda tables from threshold to 100 TeV, 7 bins/decade, spline: 1
      StepFunction=(0.2, 0.1 mm), integ: 3, fluct: 1, linLossLim= 0.02
      ===== EM models for the G4Region  DefaultRegionForTheWorld ======
            BraggIon : Emin=    0 eV  Emax=    2 MeV
          BetheBloch : Emin=    2 MeV Emax=  100 TeV

msc:  for alpha  SubType= 10
      ===== EM models for the G4Region  DefaultRegionForTheWorld ======
            UrbanMsc : Emin=    0 eV  Emax=  100 TeV
          StepLim=Minimal Rfact=0.2 Gfact=2.5 Sfact=0.6 DispFlag:0 Skin=1 Llim=1 mm

ionIoni:  for alpha  XStype:3  SubType=2
      dE/dx and range tables from 100 eV  to 100 TeV in 84 bins
      Lambda tables from threshold to 100 TeV, 7 bins/decade, spline: 1
      StepFunction=(0.2, 0.1 mm), integ: 3, fluct: 1, linLossLim= 0.02
      ===== EM models for the G4Region  DefaultRegionForTheWorld ======
            BraggIon : Emin=    0 eV  Emax=7.9452 MeV
          BetheBloch : Emin=7.9452 MeV Emax=  100 TeV

msc:  for anti_proton  SubType= 10
      ===== EM models for the G4Region  DefaultRegionForTheWorld ======
        WentzelVIUni : Emin=    0 eV  Emax=  100 TeV Nbins=84 100 eV  - 100 TeV
          StepLim=Minimal Rfact=0.2 Gfact=2.5 Sfact=0.6 DispFlag:0 Skin=1 Llim=1 mm

hIoni:  for anti_proton  XStype:3  SubType=2
      dE/dx and range tables from 100 eV  to 100 TeV in 84 bins
      Lambda tables from threshold to 100 TeV, 7 bins/decade, spline: 1
      StepFunction=(0.2, 0.1 mm), integ: 3, fluct: 1, linLossLim= 0.01
      ===== EM models for the G4Region  DefaultRegionForTheWorld ======
            ICRU73QO : Emin=    0 eV  Emax=    2 MeV
          BetheBloch : Emin=    2 MeV Emax=  100 TeV

hBrems:  for anti_proton  XStype:1  SubType=3
      dE/dx and range tables from 100 eV  to 100 TeV in 84 bins
      Lambda tables from threshold to 100 TeV, 7 bins/decade, spline: 1
      ===== EM models for the G4Region  DefaultRegionForTheWorld ======
               hBrem : Emin=    0 eV  Emax=  100 TeV  ModifiedMephi

hPairProd:  for anti_proton  XStype:1  SubType=4
      dE/dx and range tables from 100 eV  to 100 TeV in 84 bins
      Lambda tables from threshold to 100 TeV, 7 bins/decade, spline: 1
      Sampling table 17x1001; from 7.50618 GeV to 100 TeV 
      ===== EM models for the G4Region  DefaultRegionForTheWorld ======
           hPairProd : Emin=    0 eV  Emax=  100 TeV  ModifiedMephi

CoulombScat:  for anti_proton XStype:1 SubType=1 BuildTable=1
      Lambda table from threshold  to 100 TeV, 7 bins/decade, spline: 0
      ThetaMin(p) < Theta(degree) < 180, pLimit(GeV^1)= 0.139531
      ===== EM models for the G4Region  DefaultRegionForTheWorld ======
  eCoulombScattering : Emin=    0 eV  Emax=  100 TeV

msc:  for kaon+  SubType= 10
      ===== EM models for the G4Region  DefaultRegionForTheWorld ======
        WentzelVIUni : Emin=    0 eV  Emax=  100 TeV Nbins=84 100 eV  - 100 TeV
          StepLim=Minimal Rfact=0.2 Gfact=2.5 Sfact=0.6 DispFlag:0 Skin=1 Llim=1 mm

hIoni:  for kaon+  XStype:3  SubType=2
      dE/dx and range tables from 100 eV  to 100 TeV in 84 bins
      Lambda tables from threshold to 100 TeV, 7 bins/decade, spline: 1
      StepFunction=(0.2, 0.1 mm), integ: 3, fluct: 1, linLossLim= 0.01
      ===== EM models for the G4Region  DefaultRegionForTheWorld ======
               Bragg : Emin=    0 eV  Emax=1.05231 MeV
          BetheBloch : Emin=1.05231 MeV Emax=  100 TeV

hBrems:  for kaon+  XStype:1  SubType=3
      dE/dx and range tables from 100 eV  to 100 TeV in 84 bins
      Lambda tables from threshold to 100 TeV, 7 bins/decade, spline: 1
      ===== EM models for the G4Region  DefaultRegionForTheWorld ======
               hBrem : Emin=    0 eV  Emax=  100 TeV  ModifiedMephi

hPairProd:  for kaon+  XStype:1  SubType=4
      dE/dx and range tables from 100 eV  to 100 TeV in 84 bins
      Lambda tables from threshold to 100 TeV, 7 bins/decade, spline: 1
      Sampling table 18x1001; from 3.94942 GeV to 100 TeV 
      ===== EM models for the G4Region  DefaultRegionForTheWorld ======
           hPairProd : Emin=    0 eV  Emax=  100 TeV  ModifiedMephi

CoulombScat:  for kaon+ XStype:1 SubType=1 BuildTable=1
      Lambda table from threshold  to 100 TeV, 7 bins/decade, spline: 0
      ThetaMin(p) < Theta(degree) < 180, pLimit(GeV^1)= 0.139531
      ===== EM models for the G4Region  DefaultRegionForTheWorld ======
  eCoulombScattering : Emin=    0 eV  Emax=  100 TeV

msc:  for kaon-  SubType= 10
      ===== EM models for the G4Region  DefaultRegionForTheWorld ======
        WentzelVIUni : Emin=    0 eV  Emax=  100 TeV Nbins=84 100 eV  - 100 TeV
          StepLim=Minimal Rfact=0.2 Gfact=2.5 Sfact=0.6 DispFlag:0 Skin=1 Llim=1 mm

hIoni:  for kaon-  XStype:3  SubType=2
      dE/dx and range tables from 100 eV  to 100 TeV in 84 bins
      Lambda tables from threshold to 100 TeV, 7 bins/decade, spline: 1
      StepFunction=(0.2, 0.1 mm), integ: 3, fluct: 1, linLossLim= 0.01
      ===== EM models for the G4Region  DefaultRegionForTheWorld ======
            ICRU73QO : Emin=    0 eV  Emax=1.05231 MeV
          BetheBloch : Emin=1.05231 MeV Emax=  100 TeV

hBrems:  for kaon-  XStype:1  SubType=3
      dE/dx and range tables from 100 eV  to 100 TeV in 84 bins
      Lambda tables from threshold to 100 TeV, 7 bins/decade, spline: 1
      ===== EM models for the G4Region  DefaultRegionForTheWorld ======
               hBrem : Emin=    0 eV  Emax=  100 TeV  ModifiedMephi

hPairProd:  for kaon-  XStype:1  SubType=4
      dE/dx and range tables from 100 eV  to 100 TeV in 84 bins
      Lambda tables from threshold to 100 TeV, 7 bins/decade, spline: 1
      Sampling table 18x1001; from 3.94942 GeV to 100 TeV 
      ===== EM models for the G4Region  DefaultRegionForTheWorld ======
           hPairProd : Emin=    0 eV  Emax=  100 TeV  ModifiedMephi

CoulombScat:  for kaon- XStype:1 SubType=1 BuildTable=1
      Used Lambda table of kaon+
      ThetaMin(p) < Theta(degree) < 180, pLimit(GeV^1)= 0.139531
      ===== EM models for the G4Region  DefaultRegionForTheWorld ======
  eCoulombScattering : Emin=    0 eV  Emax=  100 TeV

msc:  for mu+  SubType= 10
      ===== EM models for the G4Region  DefaultRegionForTheWorld ======
        WentzelVIUni : Emin=    0 eV  Emax=  100 TeV Nbins=84 100 eV  - 100 TeV
          StepLim=Minimal Rfact=0.2 Gfact=2.5 Sfact=0.6 DispFlag:0 Skin=1 Llim=1 mm

muIoni:  for mu+  XStype:3  SubType=2
      dE/dx and range tables from 100 eV  to 100 TeV in 84 bins
      Lambda tables from threshold to 100 TeV, 7 bins/decade, spline: 1
      StepFunction=(0.2, 0.1 mm), integ: 3, fluct: 1, linLossLim= 0.01
      ===== EM models for the G4Region  DefaultRegionForTheWorld ======
               Bragg : Emin=    0 eV  Emax=  200 keV
        MuBetheBloch : Emin=  200 keV Emax=  100 TeV

muBrems:  for mu+  XStype:1  SubType=3
      dE/dx and range tables from 100 eV  to 100 TeV in 84 bins
      Lambda tables from threshold to 100 TeV, 7 bins/decade, spline: 1
      ===== EM models for the G4Region  DefaultRegionForTheWorld ======
              MuBrem : Emin=    0 eV  Emax=  100 TeV  ModifiedMephi

muPairProd:  for mu+  XStype:1  SubType=4
      dE/dx and range tables from 100 eV  to 100 TeV in 84 bins
      Lambda tables from threshold to 100 TeV, 7 bins/decade, spline: 1
      Sampling table 21x1001; from 0.85 GeV to 100 TeV 
      ===== EM models for the G4Region  DefaultRegionForTheWorld ======
          muPairProd : Emin=    0 eV  Emax=  100 TeV  ModifiedMephi

CoulombScat:  for mu+ XStype:1 SubType=1 BuildTable=1
      Lambda table from threshold  to 100 TeV, 7 bins/decade, spline: 0
      ThetaMin(p) < Theta(degree) < 180, pLimit(GeV^1)= 0.139531
      ===== EM models for the G4Region  DefaultRegionForTheWorld ======
  eCoulombScattering : Emin=    0 eV  Emax=  100 TeV

msc:  for mu-  SubType= 10
      ===== EM models for the G4Region  DefaultRegionForTheWorld ======
        WentzelVIUni : Emin=    0 eV  Emax=  100 TeV Nbins=84 100 eV  - 100 TeV
          StepLim=Minimal Rfact=0.2 Gfact=2.5 Sfact=0.6 DispFlag:0 Skin=1 Llim=1 mm

muIoni:  for mu-  XStype:3  SubType=2
      dE/dx and range tables from 100 eV  to 100 TeV in 84 bins
      Lambda tables from threshold to 100 TeV, 7 bins/decade, spline: 1
      StepFunction=(0.2, 0.1 mm), integ: 3, fluct: 1, linLossLim= 0.01
      ===== EM models for the G4Region  DefaultRegionForTheWorld ======
            ICRU73QO : Emin=    0 eV  Emax=  200 keV
        MuBetheBloch : Emin=  200 keV Emax=  100 TeV

muBrems:  for mu-  XStype:1  SubType=3
      dE/dx and range tables from 100 eV  to 100 TeV in 84 bins
      Lambda tables from threshold to 100 TeV, 7 bins/decade, spline: 1
      ===== EM models for the G4Region  DefaultRegionForTheWorld ======
              MuBrem : Emin=    0 eV  Emax=  100 TeV  ModifiedMephi

muPairProd:  for mu-  XStype:1  SubType=4
      dE/dx and range tables from 100 eV  to 100 TeV in 84 bins
      Lambda tables from threshold to 100 TeV, 7 bins/decade, spline: 1
      Sampling table 21x1001; from 0.85 GeV to 100 TeV 
      ===== EM models for the G4Region  DefaultRegionForTheWorld ======
          muPairProd : Emin=    0 eV  Emax=  100 TeV  ModifiedMephi

CoulombScat:  for mu- XStype:1 SubType=1 BuildTable=1
      Used Lambda table of mu+
      ThetaMin(p) < Theta(degree) < 180, pLimit(GeV^1)= 0.139531
      ===== EM models for the G4Region  DefaultRegionForTheWorld ======
  eCoulombScattering : Emin=    0 eV  Emax=  100 TeV

msc:  for pi+  SubType= 10
      ===== EM models for the G4Region  DefaultRegionForTheWorld ======
        WentzelVIUni : Emin=    0 eV  Emax=  100 TeV Nbins=84 100 eV  - 100 TeV
          StepLim=Minimal Rfact=0.2 Gfact=2.5 Sfact=0.6 DispFlag:0 Skin=1 Llim=1 mm

hIoni:  for pi+  XStype:3  SubType=2
      dE/dx and range tables from 100 eV  to 100 TeV in 84 bins
      Lambda tables from threshold to 100 TeV, 7 bins/decade, spline: 1
      StepFunction=(0.2, 0.1 mm), integ: 3, fluct: 1, linLossLim= 0.01
      ===== EM models for the G4Region  DefaultRegionForTheWorld ======
               Bragg : Emin=    0 eV  Emax=297.505 keV
          BetheBloch : Emin=297.505 keV Emax=  100 TeV

hBrems:  for pi+  XStype:1  SubType=3
      dE/dx and range tables from 100 eV  to 100 TeV in 84 bins
      Lambda tables from threshold to 100 TeV, 7 bins/decade, spline: 1
      ===== EM models for the G4Region  DefaultRegionForTheWorld ======
               hBrem : Emin=    0 eV  Emax=  100 TeV  ModifiedMephi

hPairProd:  for pi+  XStype:1  SubType=4
      dE/dx and range tables from 100 eV  to 100 TeV in 84 bins
      Lambda tables from threshold to 100 TeV, 7 bins/decade, spline: 1
      Sampling table 20x1001; from 1.11656 GeV to 100 TeV 
      ===== EM models for the G4Region  DefaultRegionForTheWorld ======
           hPairProd : Emin=    0 eV  Emax=  100 TeV  ModifiedMephi

CoulombScat:  for pi+ XStype:1 SubType=1 BuildTable=1
      Lambda table from threshold  to 100 TeV, 7 bins/decade, spline: 0
      ThetaMin(p) < Theta(degree) < 180, pLimit(GeV^1)= 0.139531
      ===== EM models for the G4Region  DefaultRegionForTheWorld ======
  eCoulombScattering : Emin=    0 eV  Emax=  100 TeV

msc:  for pi-  SubType= 10
      ===== EM models for the G4Region  DefaultRegionForTheWorld ======
        WentzelVIUni : Emin=    0 eV  Emax=  100 TeV Nbins=84 100 eV  - 100 TeV
          StepLim=Minimal Rfact=0.2 Gfact=2.5 Sfact=0.6 DispFlag:0 Skin=1 Llim=1 mm

hIoni:  for pi-  XStype:3  SubType=2
      dE/dx and range tables from 100 eV  to 100 TeV in 84 bins
      Lambda tables from threshold to 100 TeV, 7 bins/decade, spline: 1
      StepFunction=(0.2, 0.1 mm), integ: 3, fluct: 1, linLossLim= 0.01
      ===== EM models for the G4Region  DefaultRegionForTheWorld ======
            ICRU73QO : Emin=    0 eV  Emax=297.505 keV
          BetheBloch : Emin=297.505 keV Emax=  100 TeV

hBrems:  for pi-  XStype:1  SubType=3
      dE/dx and range tables from 100 eV  to 100 TeV in 84 bins
      Lambda tables from threshold to 100 TeV, 7 bins/decade, spline: 1
      ===== EM models for the G4Region  DefaultRegionForTheWorld ======
               hBrem : Emin=    0 eV  Emax=  100 TeV  ModifiedMephi

hPairProd:  for pi-  XStype:1  SubType=4
      dE/dx and range tables from 100 eV  to 100 TeV in 84 bins
      Lambda tables from threshold to 100 TeV, 7 bins/decade, spline: 1
      Sampling table 20x1001; from 1.11656 GeV to 100 TeV 
      ===== EM models for the G4Region  DefaultRegionForTheWorld ======
           hPairProd : Emin=    0 eV  Emax=  100 TeV  ModifiedMephi

CoulombScat:  for pi- XStype:1 SubType=1 BuildTable=1
      Used Lambda table of pi+
      ThetaMin(p) < Theta(degree) < 180, pLimit(GeV^1)= 0.139531
      ===== EM models for the G4Region  DefaultRegionForTheWorld ======
  eCoulombScattering : Emin=    0 eV  Emax=  100 TeV

====================================================================
                  HADRONIC PROCESSES SUMMARY (verbose level 1)
-----------------------------------------------------------------------
                           Hadronic Processes for neutron
  Process: hadElastic
        Model:             hElasticCHIPS: 0 eV  ---> 100 TeV
     Cr_sctns:        G4NeutronElasticXS: 0 eV  ---> 100 TeV
  Process: neutronInelastic
        Model:                      FTFP: 3 GeV ---> 100 TeV
        Model:            BertiniCascade: 0 eV  ---> 6 GeV
     Cr_sctns:      G4NeutronInelasticXS: 0 eV  ---> 100 TeV
  Process: nCapture
        Model:               nRadCapture: 0 eV  ---> 100 TeV
     Cr_sctns:        G4NeutronCaptureXS: 0 eV  ---> 100 TeV
  Process: nKiller
-----------------------------------------------------------------------
                           Hadronic Processes for B-
  Process: hadElastic
        Model:              hElasticLHEP: 0 eV  ---> 100 TeV
     Cr_sctns:            Glauber-Gribov: 0 eV  ---> 100 TeV
  Process: B-Inelastic
        Model:                      FTFP: 0 eV  ---> 100 TeV
     Cr_sctns:            Glauber-Gribov: 0 eV  ---> 100 TeV
-----------------------------------------------------------------------
                           Hadronic Processes for D-
  Process: hadElastic
        Model:              hElasticLHEP: 0 eV  ---> 100 TeV
     Cr_sctns:            Glauber-Gribov: 0 eV  ---> 100 TeV
  Process: D-Inelastic
        Model:                      FTFP: 0 eV  ---> 100 TeV
     Cr_sctns:            Glauber-Gribov: 0 eV  ---> 100 TeV
-----------------------------------------------------------------------
                           Hadronic Processes for GenericIon
  Process: ionInelastic
        Model:  Binary Light Ion Cascade: 0 eV /n ---> 6 GeV/n
        Model:                      FTFP: 3 GeV/n ---> 100 TeV/n
     Cr_sctns:  Glauber-Gribov Nucl-nucl: 0 eV  ---> 25.6 PeV
-----------------------------------------------------------------------
                           Hadronic Processes for He3
  Process: hadElastic
        Model:              hElasticLHEP: 0 eV /n ---> 100 TeV/n
     Cr_sctns:  Glauber-Gribov Nucl-nucl: 0 eV  ---> 25.6 PeV
  Process: He3Inelastic
        Model:  Binary Light Ion Cascade: 0 eV /n ---> 6 GeV/n
        Model:                      FTFP: 3 GeV/n ---> 100 TeV/n
     Cr_sctns:  Glauber-Gribov Nucl-nucl: 0 eV  ---> 25.6 PeV
-----------------------------------------------------------------------
                           Hadronic Processes for alpha
  Process: hadElastic
        Model:              hElasticLHEP: 0 eV /n ---> 100 TeV/n
     Cr_sctns:  Glauber-Gribov Nucl-nucl: 0 eV  ---> 25.6 PeV
  Process: alphaInelastic
        Model:  Binary Light Ion Cascade: 0 eV /n ---> 6 GeV/n
        Model:                      FTFP: 3 GeV/n ---> 100 TeV/n
     Cr_sctns:  Glauber-Gribov Nucl-nucl: 0 eV  ---> 25.6 PeV
-----------------------------------------------------------------------
                           Hadronic Processes for anti_He3
  Process: hadElastic
        Model:              hElasticLHEP: 0 eV /n ---> 100.1 MeV/n
        Model:              AntiAElastic: 100 MeV/n ---> 100 TeV/n
     Cr_sctns:              AntiAGlauber: 0 eV  ---> 25.6 PeV
  Process: anti_He3Inelastic
        Model:                      FTFP: 0 eV /n ---> 100 TeV/n
     Cr_sctns:              AntiAGlauber: 0 eV  ---> 25.6 PeV
  Process: hFritiofCaptureAtRest
-----------------------------------------------------------------------
                           Hadronic Processes for anti_alpha
  Process: hadElastic
        Model:              hElasticLHEP: 0 eV /n ---> 100.1 MeV/n
        Model:              AntiAElastic: 100 MeV/n ---> 100 TeV/n
     Cr_sctns:              AntiAGlauber: 0 eV  ---> 25.6 PeV
  Process: anti_alphaInelastic
        Model:                      FTFP: 0 eV /n ---> 100 TeV/n
     Cr_sctns:              AntiAGlauber: 0 eV  ---> 25.6 PeV
  Process: hFritiofCaptureAtRest
-----------------------------------------------------------------------
                           Hadronic Processes for anti_deuteron
  Process: hadElastic
        Model:              hElasticLHEP: 0 eV /n ---> 100.1 MeV/n
        Model:              AntiAElastic: 100 MeV/n ---> 100 TeV/n
     Cr_sctns:              AntiAGlauber: 0 eV  ---> 25.6 PeV
  Process: anti_deuteronInelastic
        Model:                      FTFP: 0 eV /n ---> 100 TeV/n
     Cr_sctns:              AntiAGlauber: 0 eV  ---> 25.6 PeV
  Process: hFritiofCaptureAtRest
-------------------------------------------------------------------------
                           Hadronic Processes for anti_hypertriton
  Process: hFritiofCaptureAtRest
-----------------------------------------------------------------------
                           Hadronic Processes for anti_lambda
  Process: hadElastic
        Model:              hElasticLHEP: 0 eV  ---> 100 TeV
     Cr_sctns:            Glauber-Gribov: 0 eV  ---> 100 TeV
  Process: anti_lambdaInelastic
        Model:                      FTFP: 0 eV  ---> 100 TeV
     Cr_sctns:            Glauber-Gribov: 0 eV  ---> 100 TeV
  Process: hFritiofCaptureAtRest
-----------------------------------------------------------------------
                           Hadronic Processes for anti_neutron
  Process: hadElastic
        Model:              hElasticLHEP: 0 eV  ---> 100.1 MeV
        Model:              AntiAElastic: 100 MeV ---> 100 TeV
     Cr_sctns:              AntiAGlauber: 0 eV  ---> 25.6 PeV
  Process: anti_neutronInelastic
        Model:                      FTFP: 0 eV  ---> 100 TeV
     Cr_sctns:              AntiAGlauber: 0 eV  ---> 25.6 PeV
  Process: hFritiofCaptureAtRest
-----------------------------------------------------------------------
                           Hadronic Processes for anti_proton
  Process: hadElastic
        Model:              hElasticLHEP: 0 eV  ---> 100.1 MeV
        Model:              AntiAElastic: 100 MeV ---> 100 TeV
     Cr_sctns:              AntiAGlauber: 0 eV  ---> 25.6 PeV
  Process: anti_protonInelastic
        Model:                      FTFP: 0 eV  ---> 100 TeV
     Cr_sctns:              AntiAGlauber: 0 eV  ---> 25.6 PeV
  Process: hFritiofCaptureAtRest
-----------------------------------------------------------------------
                           Hadronic Processes for anti_triton
  Process: hadElastic
        Model:              hElasticLHEP: 0 eV /n ---> 100.1 MeV/n
        Model:              AntiAElastic: 100 MeV/n ---> 100 TeV/n
     Cr_sctns:              AntiAGlauber: 0 eV  ---> 25.6 PeV
  Process: anti_tritonInelastic
        Model:                      FTFP: 0 eV /n ---> 100 TeV/n
     Cr_sctns:              AntiAGlauber: 0 eV  ---> 25.6 PeV
  Process: hFritiofCaptureAtRest
-----------------------------------------------------------------------
                           Hadronic Processes for deuteron
  Process: hadElastic
        Model:              hElasticLHEP: 0 eV /n ---> 100 TeV/n
     Cr_sctns:  Glauber-Gribov Nucl-nucl: 0 eV  ---> 25.6 PeV
  Process: dInelastic
        Model:  Binary Light Ion Cascade: 0 eV /n ---> 6 GeV/n
        Model:                      FTFP: 3 GeV/n ---> 100 TeV/n
     Cr_sctns:  Glauber-Gribov Nucl-nucl: 0 eV  ---> 25.6 PeV
-----------------------------------------------------------------------
                           Hadronic Processes for e+
  Process: positronNuclear
        Model:   G4ElectroVDNuclearModel: 0 eV  ---> 1 PeV
     Cr_sctns:          ElectroNuclearXS: 0 eV  ---> 100 TeV
-----------------------------------------------------------------------
                           Hadronic Processes for e-
  Process: electronNuclear
        Model:   G4ElectroVDNuclearModel: 0 eV  ---> 1 PeV
     Cr_sctns:          ElectroNuclearXS: 0 eV  ---> 100 TeV
-----------------------------------------------------------------------
                           Hadronic Processes for gamma
  Process: photonNuclear
        Model:               GammaNPreco: 0 eV  ---> 200 MeV
        Model:            BertiniCascade: 199 MeV ---> 6 GeV
        Model:           TheoFSGenerator: 3 GeV ---> 100 TeV
     Cr_sctns:            GammaNuclearXS: 0 eV  ---> 100 TeV
-----------------------------------------------------------------------
                           Hadronic Processes for kaon+
  Process: hadElastic
        Model:              hElasticLHEP: 0 eV  ---> 100 TeV
     Cr_sctns:            Glauber-Gribov: 0 eV  ---> 100 TeV
  Process: kaon+Inelastic
        Model:                      FTFP: 3 GeV ---> 100 TeV
        Model:            BertiniCascade: 0 eV  ---> 6 GeV
     Cr_sctns:            Glauber-Gribov: 0 eV  ---> 100 TeV
-----------------------------------------------------------------------
                           Hadronic Processes for kaon-
  Process: hadElastic
        Model:              hElasticLHEP: 0 eV  ---> 100 TeV
     Cr_sctns:            Glauber-Gribov: 0 eV  ---> 100 TeV
  Process: kaon-Inelastic
        Model:                      FTFP: 3 GeV ---> 100 TeV
        Model:            BertiniCascade: 0 eV  ---> 6 GeV
     Cr_sctns:            Glauber-Gribov: 0 eV  ---> 100 TeV
  Process: hBertiniCaptureAtRest
-----------------------------------------------------------------------
                           Hadronic Processes for lambda
  Process: hadElastic
        Model:              hElasticLHEP: 0 eV  ---> 100 TeV
     Cr_sctns:            Glauber-Gribov: 0 eV  ---> 100 TeV
  Process: lambdaInelastic
        Model:                      FTFP: 3 GeV ---> 100 TeV
        Model:            BertiniCascade: 0 eV  ---> 6 GeV
     Cr_sctns:            Glauber-Gribov: 0 eV  ---> 100 TeV
-----------------------------------------------------------------------
                           Hadronic Processes for mu+
  Process: muonNuclear
        Model:      G4MuonVDNuclearModel: 0 eV  ---> 1 PeV
     Cr_sctns:     KokoulinMuonNuclearXS: 0 eV  ---> 100 TeV
-----------------------------------------------------------------------
                           Hadronic Processes for mu-
  Process: muonNuclear
        Model:      G4MuonVDNuclearModel: 0 eV  ---> 1 PeV
     Cr_sctns:     KokoulinMuonNuclearXS: 0 eV  ---> 100 TeV
  Process: muMinusCaptureAtRest
-----------------------------------------------------------------------
                           Hadronic Processes for pi+
  Process: hadElastic
        Model:           hElasticGlauber: 0 eV  ---> 100 TeV
     Cr_sctns:  BarashenkovGlauberGribov: 0 eV  ---> 100 TeV
  Process: pi+Inelastic
        Model:                      FTFP: 3 GeV ---> 100 TeV
        Model:            BertiniCascade: 0 eV  ---> 6 GeV
     Cr_sctns:  BarashenkovGlauberGribov: 0 eV  ---> 100 TeV
-----------------------------------------------------------------------
                           Hadronic Processes for pi-
  Process: hadElastic
        Model:           hElasticGlauber: 0 eV  ---> 100 TeV
     Cr_sctns:  BarashenkovGlauberGribov: 0 eV  ---> 100 TeV
  Process: pi-Inelastic
        Model:                      FTFP: 3 GeV ---> 100 TeV
        Model:            BertiniCascade: 0 eV  ---> 6 GeV
     Cr_sctns:  BarashenkovGlauberGribov: 0 eV  ---> 100 TeV
  Process: hBertiniCaptureAtRest
-----------------------------------------------------------------------
                           Hadronic Processes for proton
  Process: hadElastic
        Model:             hElasticCHIPS: 0 eV  ---> 100 TeV
     Cr_sctns:  BarashenkovGlauberGribov: 0 eV  ---> 100 TeV
  Process: protonInelastic
        Model:                      FTFP: 3 GeV ---> 100 TeV
        Model:            BertiniCascade: 0 eV  ---> 6 GeV
     Cr_sctns:  BarashenkovGlauberGribov: 0 eV  ---> 100 TeV
-----------------------------------------------------------------------
                           Hadronic Processes for sigma-
  Process: hadElastic
        Model:              hElasticLHEP: 0 eV  ---> 100 TeV
     Cr_sctns:            Glauber-Gribov: 0 eV  ---> 100 TeV
  Process: sigma-Inelastic
        Model:                      FTFP: 3 GeV ---> 100 TeV
        Model:            BertiniCascade: 0 eV  ---> 6 GeV
     Cr_sctns:            Glauber-Gribov: 0 eV  ---> 100 TeV
  Process: hBertiniCaptureAtRest
-----------------------------------------------------------------------
                           Hadronic Processes for triton
  Process: hadElastic
        Model:              hElasticLHEP: 0 eV /n ---> 100 TeV/n
     Cr_sctns:  Glauber-Gribov Nucl-nucl: 0 eV  ---> 25.6 PeV
  Process: tInelastic
        Model:  Binary Light Ion Cascade: 0 eV /n ---> 6 GeV/n
        Model:                      FTFP: 3 GeV/n ---> 100 TeV/n
     Cr_sctns:  Glauber-Gribov Nucl-nucl: 0 eV  ---> 25.6 PeV
=======================================================================
======       Geant4 Native Pre-compound Model Parameters       ========
=======================================================================
Type of pre-compound inverse x-section              3
Pre-compound model active                           1
Pre-compound excitation low energy                  100 keV
Pre-compound excitation high energy                 30 MeV
Angular generator for pre-compound model            1
Use NeverGoBack option for pre-compound model       0
Use SoftCutOff option for pre-compound model        0
Use CEM transitions for pre-compound model          1
Use GNASH transitions for pre-compound model        0
Use HETC submodel for pre-compound model            0
=======================================================================
======       Nuclear De-excitation Module Parameters           ========
=======================================================================
Type of de-excitation inverse x-section             3
Type of de-excitation factory                       Evaporation+GEM
Number of de-excitation channels                    68
Min excitation energy                               10 eV 
Min energy per nucleon for multifragmentation       200 GeV
Limit excitation energy for Fermi BreakUp           20 MeV
Level density (1/MeV)                               0.075
Use simple level density model                      1
Use discrete excitation energy of the residual      1
Time limit for long lived isomeres                  1 ns 
Isomer production flag                              1
Internal e- conversion flag                         1
Store e- internal conversion data                   0
Correlated gamma emission flag                      0
Max 2J for sampling of angular correlations         10
=======================================================================

=========================================================================
--> G4TaskRunManager::CreateAndStartWorkers() --> Initializing workers...
=========================================================================

G4WT0 > /run/verbose 1
G4WT0 > /tracking/verbose 0
G4WT0 > /testhadr/targetElm Pb
G4WT0 > /run/printProgress 10
G4WT0 > /run/initialize 
G4WT0 > /run/physicsModified 
G4WT0 > /control/verbose 1
G4WT0 > /run/verbose 1
G4WT0 > /tracking/verbose 0
G4WT0 > /testhadr/targetElm Pb
G4WT0 > /run/printProgress 10
G4WT0 > /run/initialize 
G4WT0 > /run/physicsModified 
/process/em/workerVerbose 0
/gun/particle gamma
/gun/energy 100. MeV
/testhadr/fileName gnuc
/testhadr/particle gamma
/testhadr/verbose 1
/process/eLoss/verbose 0
/run/beamOn 1

========= Table of registered couples ============================

Index : 0     used in the geometry : Yes
 Material : G4_Galactic
 Range cuts        :  gamma  700 um     e-  700 um     e+  700 um  proton 700 um 
 Energy thresholds :  gamma  990 eV     e-  990 eV     e+  990 eV  proton 70 keV
 Region(s) which use this couple : 
    DefaultRegionForTheWorld

Index : 1     used in the geometry : Yes
 Material : G4_PbWO4
 Range cuts        :  gamma  700 um     e-  700 um     e+  700 um  proton 700 um 
 Energy thresholds :  gamma  75.7749 keV    e-  842.468 keV    e+  797.806 keV proton 70 keV
 Region(s) which use this couple : 
    DefaultRegionForTheWorld

==================================================================

### Run 0 starts.
### Run 0 start
G4WT0 > /gun/particle gamma
G4WT0 > /gun/energy 100. MeV
G4WT0 > /testhadr/fileName gnuc
G4WT0 > /testhadr/particle gamma
G4WT0 > /testhadr/verbose 1

========================================================================================
--> G4TaskRunManager::CreateAndStartWorkers() --> Creating 1 tasks with 1 events/task...
========================================================================================

G4WT0 > ### Run 0 starts on worker thread 0.
G4WT0 > --> Event 0 starts with initial seeds (13049039,61775110).
G4WT0 > EventAction: Event # 0 started
G4WT0 > [thread 0] Thread-local run terminated.
G4WT0 > [thread 0] Run Summary
G4WT0 > [thread 0]   Number of events processed : 1
G4WT0 > [thread 0]   User=0.000000s Real=0.000226s Sys=0.000000s [Cpu=0.0%]
 Run terminated.
Run Summary
  Number of events processed : 1
  User=0.000000s Real=0.001128s Sys=0.000000s [Cpu=0.0%]
RunAction: End of run actions are started
HistoManager: End of run actions are started
### Fill Cross Sections for gamma off Pb
-------------------------------------------------------------
    N     E(MeV)   Elastic(b)   Inelastic(b)   Total(b)
-------------------------------------------------------------
    0      0.1012           0            0            0
    1      0.1035           0            0            0
    2      0.1059           0            0            0
    3      0.1084           0            0            0
    4      0.1109           0            0            0
    5      0.1135           0            0            0
    6      0.1161           0            0            0
    7      0.1189           0            0            0
    8      0.1216           0            0            0
    9      0.1245           0            0            0
   10      0.1274           0            0            0
   11      0.1303           0            0            0
   12      0.1334           0            0            0
   13      0.1365           0            0            0
   14      0.1396           0            0            0
   15      0.1429           0            0            0
   16      0.1462           0            0            0
   17      0.1496           0            0            0
   18      0.1531           0            0            0
   19      0.1567           0            0            0
   20      0.1603           0            0            0
   21      0.1641           0            0            0
   22      0.1679           0            0            0
   23      0.1718           0            0            0
   24      0.1758           0            0            0
   25      0.1799           0            0            0
   26      0.1841           0            0            0
   27      0.1884           0            0            0
   28      0.1928           0            0            0
   29      0.1972           0            0            0
   30      0.2018           0            0            0
   31      0.2065           0            0            0
   32      0.2113           0            0            0
   33      0.2163           0            0            0
   34      0.2213           0            0            0
   35      0.2265           0            0            0
   36      0.2317           0            0            0
   37      0.2371           0            0            0
   38      0.2427           0            0            0
   39      0.2483           0            0            0
   40      0.2541           0            0            0
   41        0.26           0            0            0
   42      0.2661           0            0            0
   43      0.2723           0            0            0
   44      0.2786           0            0            0
   45      0.2851           0            0            0
   46      0.2917           0            0            0
   47      0.2985           0            0            0
   48      0.3055           0            0            0
   49      0.3126           0            0            0
   50      0.3199           0            0            0
   51      0.3273           0            0            0
   52       0.335           0            0            0
   53      0.3428           0            0            0
   54      0.3508           0            0            0
   55      0.3589           0            0            0
   56      0.3673           0            0            0
   57      0.3758           0            0            0
   58      0.3846           0            0            0
   59      0.3936           0            0            0
   60      0.4027           0            0            0
   61      0.4121           0            0            0
   62      0.4217           0            0            0
   63      0.4315           0            0            0
   64      0.4416           0            0            0
   65      0.4519           0            0            0
   66      0.4624           0            0            0
   67      0.4732           0            0            0
   68      0.4842           0            0            0
   69      0.4955           0            0            0
   70       0.507           0    5.377e-07    5.377e-07
   71      0.5188           0    1.446e-06    1.446e-06
   72      0.5309           0    2.375e-06    2.375e-06
   73      0.5433           0    3.327e-06    3.327e-06
   74      0.5559           0      4.3e-06      4.3e-06
   75      0.5689           0    5.296e-06    5.296e-06
   76      0.5821           0    6.315e-06    6.315e-06
   77      0.5957           0    7.358e-06    7.358e-06
   78      0.6095           0    8.425e-06    8.425e-06
   79      0.6237           0    9.517e-06    9.517e-06
   80      0.6383           0    1.063e-05    1.063e-05
   81      0.6531           0    1.178e-05    1.178e-05
   82      0.6683           0    1.295e-05    1.295e-05
   83      0.6839           0    1.415e-05    1.415e-05
   84      0.6998           0    1.537e-05    1.537e-05
   85      0.7161           0    1.662e-05    1.662e-05
   86      0.7328           0    1.791e-05    1.791e-05
   87      0.7499           0    1.922e-05    1.922e-05
   88      0.7674           0    2.056e-05    2.056e-05
   89      0.7852           0    2.194e-05    2.194e-05
   90      0.8035           0    2.335e-05    2.335e-05
   91      0.8222           0    2.478e-05    2.478e-05
   92      0.8414           0    2.626e-05    2.626e-05
   93       0.861           0    2.777e-05    2.777e-05
   94       0.881           0    2.931e-05    2.931e-05
   95      0.9016           0    3.089e-05    3.089e-05
   96      0.9226           0     3.25e-05     3.25e-05
   97      0.9441           0    3.415e-05    3.415e-05
   98      0.9661           0    3.585e-05    3.585e-05
   99      0.9886           0    3.758e-05    3.758e-05
  100       1.012           0    4.012e-05    4.012e-05
  101       1.035           0    4.351e-05    4.351e-05
  102       1.059           0    4.698e-05    4.698e-05
  103       1.084           0    5.053e-05    5.053e-05
  104       1.109           0    5.416e-05    5.416e-05
  105       1.135           0    5.787e-05    5.787e-05
  106       1.161           0    6.168e-05    6.168e-05
  107       1.189           0    6.557e-05    6.557e-05
  108       1.216           0    6.955e-05    6.955e-05
  109       1.245           0    7.362e-05    7.362e-05
  110       1.274           0    7.779e-05    7.779e-05
  111       1.303           0    8.206e-05    8.206e-05
  112       1.334           0    8.643e-05    8.643e-05
  113       1.365           0    9.089e-05    9.089e-05
  114       1.396           0    9.546e-05    9.546e-05
  115       1.429           0    0.0001001    0.0001001
  116       1.462           0    0.0001049    0.0001049
  117       1.496           0    0.0001098    0.0001098
  118       1.531           0    0.0001186    0.0001186
  119       1.567           0     0.000128     0.000128
  120       1.603           0    0.0001376    0.0001376
  121       1.641           0    0.0001474    0.0001474
  122       1.679           0    0.0001575    0.0001575
  123       1.718           0    0.0001678    0.0001678
  124       1.758           0    0.0001784    0.0001784
  125       1.799           0    0.0001891    0.0001891
  126       1.841           0    0.0002002    0.0002002
  127       1.884           0    0.0002115    0.0002115
  128       1.928           0    0.0002231    0.0002231
  129       1.972           0    0.0002349    0.0002349
  130       2.018           0    0.0002501    0.0002501
  131       2.065           0    0.0002703    0.0002703
  132       2.113           0     0.000291     0.000291
  133       2.163           0    0.0003123    0.0003123
  134       2.213           0     0.000334     0.000334
  135       2.265           0    0.0003562    0.0003562
  136       2.317           0    0.0003789    0.0003789
  137       2.371           0    0.0004021    0.0004021
  138       2.427           0    0.0004259    0.0004259
  139       2.483           0    0.0004503    0.0004503
  140       2.541           0    0.0004845    0.0004845
  141         2.6           0    0.0005235    0.0005235
  142       2.661           0    0.0005633    0.0005633
  143       2.723           0    0.0006041    0.0006041
  144       2.786           0    0.0006459    0.0006459
  145       2.851           0    0.0006886    0.0006886
  146       2.917           0    0.0007323    0.0007323
  147       2.985           0     0.000777     0.000777
  148       3.055           0    0.0008396    0.0008396
  149       3.126           0    0.0009082    0.0009082
  150       3.199           0    0.0009785    0.0009785
  151       3.273           0      0.00105      0.00105
  152        3.35           0     0.001124     0.001124
  153       3.428           0     0.001199     0.001199
  154       3.508           0     0.001279     0.001279
  155       3.589           0     0.001392     0.001392
  156       3.673           0     0.001507     0.001507
  157       3.758           0     0.001624     0.001624
  158       3.846           0     0.001745     0.001745
  159       3.936           0     0.001868     0.001868
  160       4.027           0     0.002009     0.002009
  161       4.121           0     0.002189     0.002189
  162       4.217           0     0.002374     0.002374
  163       4.315           0     0.002563     0.002563
  164       4.416           0     0.002756     0.002756
  165       4.519           0     0.002968     0.002968
  166       4.624           0     0.003247     0.003247
  167       4.732           0     0.003532     0.003532
  168       4.842           0     0.003825     0.003825
  169       4.955           0     0.004124     0.004124
  170        5.07           0     0.004494     0.004494
  171       5.188           0     0.004917     0.004917
  172       5.309           0      0.00535      0.00535
  173       5.433           0     0.005792     0.005792
  174       5.559           0     0.006311     0.006311
  175       5.689           0     0.006919     0.006919
  176       5.821           0      0.00754      0.00754
  177       5.957           0     0.008177     0.008177
  178       6.095           0     0.008948     0.008948
  179       6.237           0     0.009793     0.009793
  180       6.383           0      0.01066      0.01066
  181       6.531           0      0.01159      0.01159
  182       6.683           0      0.01273      0.01273
  183       6.839           0       0.0139       0.0139
  184       6.998           0      0.01509      0.01509
  185       7.161           0      0.01669      0.01669
  186       7.328           0      0.01833      0.01833
  187       7.499           0      0.02001      0.02001
  188       7.674           0      0.02238      0.02238
  189       7.852           0      0.02481      0.02481
  190       8.035           0      0.02751      0.02751
  191       8.222           0      0.03115      0.03115
  192       8.414           0      0.03487      0.03487
  193        8.61           0      0.03965      0.03965
  194        8.81           0      0.04531      0.04531
  195       9.016           0      0.05132      0.05132
  196       9.226           0      0.06002      0.06002
  197       9.441           0      0.06893      0.06893
  198       9.661           0      0.08118      0.08118
  199       9.886           0       0.0949       0.0949
  200       10.12           0       0.1121       0.1121
  201       10.35           0       0.1329       0.1329
  202       10.59           0       0.1573       0.1573
  203       10.84           0       0.1874       0.1874
  204       11.09           0       0.2207       0.2207
  205       11.35           0       0.2595       0.2595
  206       11.61           0        0.301        0.301
  207       11.89           0       0.3459       0.3459
  208       12.16           0       0.3944       0.3944
  209       12.45           0       0.4459       0.4459
  210       12.74           0          0.5          0.5
  211       13.03           0       0.5538       0.5538
  212       13.34           0       0.5917       0.5917
  213       13.65           0       0.6066       0.6066
  214       13.96           0       0.5943       0.5943
  215       14.29           0       0.5389       0.5389
  216       14.62           0       0.4734       0.4734
  217       14.96           0       0.4003       0.4003
  218       15.31           0        0.338        0.338
  219       15.67           0       0.2837       0.2837
  220       16.03           0       0.2383       0.2383
  221       16.41           0        0.204        0.204
  222       16.79           0       0.1761       0.1761
  223       17.18           0        0.153        0.153
  224       17.58           0       0.1339       0.1339
  225       17.99           0       0.1183       0.1183
  226       18.41           0       0.1057       0.1057
  227       18.84           0      0.09503      0.09503
  228       19.28           0      0.08587      0.08587
  229       19.72           0      0.07801      0.07801
  230       20.18           0      0.07135      0.07135
  231       20.65           0      0.06547      0.06547
  232       21.13           0       0.0599       0.0599
  233       21.63           0      0.05539      0.05539
  234       22.13           0      0.05107      0.05107
  235       22.65           0      0.04749      0.04749
  236       23.17           0       0.0441       0.0441
  237       23.71           0      0.04118      0.04118
  238       24.27           0      0.03849      0.03849
  239       24.83           0      0.03605      0.03605
  240       25.41           0       0.0339       0.0339
  241          26           0      0.03184      0.03184
  242       26.61           0      0.03011      0.03011
  243       27.23           0      0.02845      0.02845
  244       27.86           0      0.02696      0.02696
  245       28.51           0      0.02563      0.02563
  246       29.17           0      0.02438      0.02438
  247       29.85           0      0.02326      0.02326
  248       30.55           0      0.02233      0.02233
  249       31.26           0      0.02143      0.02143
  250       31.99           0      0.02051      0.02051
  251       32.73           0      0.01984      0.01984
  252        33.5           0      0.01917      0.01917
  253       34.28           0      0.01855      0.01855
  254       35.08           0      0.01806      0.01806
  255       35.89           0      0.01756      0.01756
  256       36.73           0      0.01718      0.01718
  257       37.58           0      0.01683      0.01683
  258       38.46           0      0.01652      0.01652
  259       39.36           0      0.01628      0.01628
  260       40.27           0      0.01605      0.01605
  261       41.21           0      0.01589      0.01589
  262       42.17           0      0.01573      0.01573
  263       43.15           0      0.01563      0.01563
  264       44.16           0      0.01554      0.01554
  265       45.19           0      0.01548      0.01548
  266       46.24           0      0.01544      0.01544
  267       47.32           0      0.01542      0.01542
  268       48.42           0      0.01541      0.01541
  269       49.55           0      0.01542      0.01542
  270        50.7           0      0.01544      0.01544
  271       51.88           0      0.01546      0.01546
  272       53.09           0       0.0155       0.0155
  273       54.33           0      0.01553      0.01553
  274       55.59           0      0.01557      0.01557
  275       56.89           0      0.01561      0.01561
  276       58.21           0      0.01564      0.01564
  277       59.57           0      0.01568      0.01568
  278       60.95           0      0.01571      0.01571
  279       62.37           0      0.01573      0.01573
  280       63.83           0      0.01575      0.01575
  281       65.31           0      0.01576      0.01576
  282       66.83           0      0.01577      0.01577
  283       68.39           0      0.01576      0.01576
  284       69.98           0      0.01575      0.01575
  285       71.61           0      0.01572      0.01572
  286       73.28           0      0.01568      0.01568
  287       74.99           0      0.01563      0.01563
  288       76.74           0      0.01556      0.01556
  289       78.52           0      0.01549      0.01549
  290       80.35           0       0.0154       0.0154
  291       82.22           0      0.01529      0.01529
  292       84.14           0      0.01517      0.01517
  293        86.1           0      0.01504      0.01504
  294        88.1           0       0.0149       0.0149
  295       90.16           0      0.01475      0.01475
  296       92.26           0      0.01457      0.01457
  297       94.41           0      0.01439      0.01439
  298       96.61           0      0.01419      0.01419
  299       98.86           0      0.01398      0.01398
  300       101.2           0      0.01376      0.01376
  301       103.5           0      0.01352      0.01352
  302       105.9           0      0.01328      0.01328
  303       108.4           0      0.01303      0.01303
  304       110.9           0      0.01278      0.01278
  305       113.5           0      0.01251      0.01251
  306       116.1           0      0.01224      0.01224
  307       118.9           0      0.01197      0.01197
  308       121.6           0      0.01169      0.01169
  309       124.5           0      0.01142      0.01142
  310       127.4           0      0.01115      0.01115
  311       130.3           0      0.01106      0.01106
  312       133.4           0      0.01263      0.01263
  313       136.5           0      0.01423      0.01423
  314       139.6           0      0.01587      0.01587
  315       142.9           0      0.01755      0.01755
  316       146.2           0      0.01927      0.01927
  317       149.6           0      0.02102      0.02102
  318       153.1           0      0.02261      0.02261
  319       156.7           0      0.02422      0.02422
  320       160.3           0      0.02586      0.02586
  321       164.1           0       0.0275       0.0275
  322       167.9           0      0.02914      0.02914
  323       171.8           0      0.03077      0.03077
  324       175.8           0       0.0324       0.0324
  325       179.9           0      0.03403      0.03403
  326       184.1           0      0.03567      0.03567
  327       188.4           0      0.03735      0.03735
  328       192.8           0      0.03907      0.03907
  329       197.2           0      0.04084      0.04084
  330       201.8           0      0.04268      0.04268
  331       206.5           0      0.04459      0.04459
  332       211.3           0      0.04658      0.04658
  333       216.3           0      0.04869      0.04869
  334       221.3           0      0.05089      0.05089
  335       226.5           0      0.05319      0.05319
  336       231.7           0      0.05559      0.05559
  337       237.1           0      0.05809      0.05809
  338       242.7           0      0.06068      0.06068
  339       248.3           0      0.06337      0.06337
  340       254.1           0      0.06612      0.06612
  341         260           0      0.06891      0.06891
  342       266.1           0      0.07172      0.07172
  343       272.3           0       0.0745       0.0745
  344       278.6           0      0.07724      0.07724
  345       285.1           0      0.07985      0.07985
  346       291.7           0      0.08229      0.08229
  347       298.5           0      0.08451      0.08451
  348       305.5           0      0.08648      0.08648
  349       312.6           0      0.08813      0.08813
  350       319.9           0      0.08944      0.08944
  351       327.3           0      0.09027      0.09027
  352         335           0      0.09066      0.09066
  353       342.8           0      0.09063      0.09063
  354       350.8           0      0.09018      0.09018
  355       358.9           0      0.08933      0.08933
  356       367.3           0      0.08809      0.08809
  357       375.8           0      0.08645      0.08645
  358       384.6           0      0.08453      0.08453
  359       393.6           0      0.08238      0.08238
  360       402.7           0      0.08005      0.08005
  361       412.1           0       0.0776       0.0776
  362       421.7           0      0.07507      0.07507
  363       431.5           0      0.07249      0.07249
  364       441.6           0      0.06993      0.06993
  365       451.9           0      0.06741      0.06741
  366       462.4           0      0.06496      0.06496
  367       473.2           0      0.06259      0.06259
  368       484.2           0      0.06031      0.06031
  369       495.5           0      0.05816      0.05816
  370         507           0      0.05614      0.05614
  371       518.8           0      0.05423      0.05423
  372       530.9           0      0.05244      0.05244
  373       543.3           0      0.05077      0.05077
  374       555.9           0      0.04921      0.04921
  375       568.9           0      0.04779      0.04779
  376       582.1           0      0.04647      0.04647
  377       595.7           0      0.04526      0.04526
  378       609.5           0      0.04413      0.04413
  379       623.7           0       0.0431       0.0431
  380       638.3           0      0.04215      0.04215
  381       653.1           0      0.04128      0.04128
  382       668.3           0      0.04049      0.04049
  383       683.9           0      0.03976      0.03976
  384       699.8           0      0.03909      0.03909
  385       716.1           0      0.03847      0.03847
  386       732.8           0       0.0379       0.0379
  387       749.9           0      0.03737      0.03737
  388       767.4           0      0.03688      0.03688
  389       785.2           0      0.03643      0.03643
  390       803.5           0        0.036        0.036
  391       822.2           0      0.03559      0.03559
  392       841.4           0      0.03521      0.03521
  393         861           0      0.03485      0.03485
  394         881           0      0.03451      0.03451
  395       901.6           0      0.03418      0.03418
  396       922.6           0      0.03386      0.03386
  397       944.1           0      0.03355      0.03355
  398       966.1           0      0.03326      0.03326
  399       988.6           0      0.03297      0.03297
  400        1012           0      0.03269      0.03269
  401        1035           0      0.03242      0.03242
  402        1059           0      0.03215      0.03215
  403        1084           0      0.03189      0.03189
  404        1109           0      0.03163      0.03163
  405        1135           0      0.03138      0.03138
  406        1161           0      0.03113      0.03113
  407        1189           0      0.03088      0.03088
  408        1216           0      0.03064      0.03064
  409        1245           0       0.0304       0.0304
  410        1274           0      0.03015      0.03015
  411        1303           0      0.02991      0.02991
  412        1334           0      0.02967      0.02967
  413        1365           0      0.02943      0.02943
  414        1396           0       0.0292       0.0292
  415        1429           0      0.02896      0.02896
  416        1462           0      0.02872      0.02872
  417        1496           0      0.02848      0.02848
  418        1531           0      0.02824      0.02824
  419        1567           0        0.028        0.028
  420        1603           0      0.02775      0.02775
  421        1641           0      0.02751      0.02751
  422        1679           0      0.02727      0.02727
  423        1718           0      0.02703      0.02703
  424        1758           0      0.02679      0.02679
  425        1799           0      0.02655      0.02655
  426        1841           0      0.02631      0.02631
  427        1884           0      0.02608      0.02608
  428        1928           0      0.02584      0.02584
  429        1972           0      0.02561      0.02561
  430        2018           0      0.02538      0.02538
  431        2065           0      0.02515      0.02515
  432        2113           0      0.02492      0.02492
  433        2163           0       0.0247       0.0247
  434        2213           0      0.02447      0.02447
  435        2265           0      0.02426      0.02426
  436        2317           0      0.02404      0.02404
  437        2371           0      0.02383      0.02383
  438        2427           0      0.02362      0.02362
  439        2483           0      0.02341      0.02341
  440        2541           0      0.02321      0.02321
  441        2600           0      0.02301      0.02301
  442        2661           0      0.02282      0.02282
  443        2723           0      0.02263      0.02263
  444        2786           0      0.02244      0.02244
  445        2851           0      0.02226      0.02226
  446        2917           0      0.02208      0.02208
  447        2985           0       0.0219       0.0219
  448        3055           0      0.02173      0.02173
  449        3126           0      0.02156      0.02156
  450        3199           0      0.02139      0.02139
  451        3273           0      0.02123      0.02123
  452        3350           0      0.02107      0.02107
  453        3428           0      0.02092      0.02092
  454        3508           0      0.02077      0.02077
  455        3589           0      0.02062      0.02062
  456        3673           0      0.02047      0.02047
  457        3758           0      0.02033      0.02033
  458        3846           0      0.02019      0.02019
  459        3936           0      0.02006      0.02006
  460        4027           0      0.01993      0.01993
  461        4121           0       0.0198       0.0198
  462        4217           0      0.01967      0.01967
  463        4315           0      0.01955      0.01955
  464        4416           0      0.01943      0.01943
  465        4519           0      0.01931      0.01931
  466        4624           0      0.01919      0.01919
  467        4732           0      0.01908      0.01908
  468        4842           0      0.01897      0.01897
  469        4955           0      0.01886      0.01886
  470        5070           0      0.01876      0.01876
  471        5188           0      0.01866      0.01866
  472        5309           0      0.01856      0.01856
  473        5433           0      0.01846      0.01846
  474        5559           0      0.01836      0.01836
  475        5689           0      0.01827      0.01827
  476        5821           0      0.01818      0.01818
  477        5957           0      0.01809      0.01809
  478        6095           0        0.018        0.018
  479        6237           0      0.01792      0.01792
  480        6383           0      0.01783      0.01783
  481        6531           0      0.01775      0.01775
  482        6683           0      0.01767      0.01767
  483        6839           0      0.01759      0.01759
  484        6998           0      0.01752      0.01752
  485        7161           0      0.01744      0.01744
  486        7328           0      0.01737      0.01737
  487        7499           0       0.0173       0.0173
  488        7674           0      0.01723      0.01723
  489        7852           0      0.01716      0.01716
  490        8035           0      0.01709      0.01709
  491        8222           0      0.01703      0.01703
  492        8414           0      0.01696      0.01696
  493        8610           0       0.0169       0.0169
  494        8810           0      0.01684      0.01684
  495        9016           0      0.01678      0.01678
  496        9226           0      0.01672      0.01672
  497        9441           0      0.01667      0.01667
  498        9661           0      0.01661      0.01661
  499        9886           0      0.01656      0.01656
  500   1.012e+04           0       0.0165       0.0165
  501   1.035e+04           0      0.01645      0.01645
  502   1.059e+04           0       0.0164       0.0164
  503   1.084e+04           0      0.01635      0.01635
  504   1.109e+04           0       0.0163       0.0163
  505   1.135e+04           0      0.01625      0.01625
  506   1.161e+04           0      0.01621      0.01621
  507   1.189e+04           0      0.01616      0.01616
  508   1.216e+04           0      0.01612      0.01612
  509   1.245e+04           0      0.01607      0.01607
  510   1.274e+04           0      0.01603      0.01603
  511   1.303e+04           0      0.01599      0.01599
  512   1.334e+04           0      0.01595      0.01595
  513   1.365e+04           0      0.01591      0.01591
  514   1.396e+04           0      0.01587      0.01587
  515   1.429e+04           0      0.01583      0.01583
  516   1.462e+04           0       0.0158       0.0158
  517   1.496e+04           0      0.01576      0.01576
  518   1.531e+04           0      0.01573      0.01573
  519   1.567e+04           0      0.01569      0.01569
  520   1.603e+04           0      0.01566      0.01566
  521   1.641e+04           0      0.01563      0.01563
  522   1.679e+04           0      0.01559      0.01559
  523   1.718e+04           0      0.01556      0.01556
  524   1.758e+04           0      0.01553      0.01553
  525   1.799e+04           0       0.0155       0.0155
  526   1.841e+04           0      0.01547      0.01547
  527   1.884e+04           0      0.01545      0.01545
  528   1.928e+04           0      0.01542      0.01542
  529   1.972e+04           0      0.01539      0.01539
  530   2.018e+04           0      0.01537      0.01537
  531   2.065e+04           0      0.01534      0.01534
  532   2.113e+04           0      0.01532      0.01532
  533   2.163e+04           0      0.01529      0.01529
  534   2.213e+04           0      0.01527      0.01527
  535   2.265e+04           0      0.01525      0.01525
  536   2.317e+04           0      0.01522      0.01522
  537   2.371e+04           0       0.0152       0.0152
  538   2.427e+04           0      0.01518      0.01518
  539   2.483e+04           0      0.01516      0.01516
  540   2.541e+04           0      0.01514      0.01514
  541     2.6e+04           0      0.01512      0.01512
  542   2.661e+04           0       0.0151       0.0151
  543   2.723e+04           0      0.01509      0.01509
  544   2.786e+04           0      0.01507      0.01507
  545   2.851e+04           0      0.01505      0.01505
  546   2.917e+04           0      0.01504      0.01504
  547   2.985e+04           0      0.01502      0.01502
  548   3.055e+04           0      0.01501      0.01501
  549   3.126e+04           0      0.01499      0.01499
  550   3.199e+04           0      0.01498      0.01498
  551   3.273e+04           0      0.01497      0.01497
  552    3.35e+04           0      0.01495      0.01495
  553   3.428e+04           0      0.01494      0.01494
  554   3.508e+04           0      0.01493      0.01493
  555   3.589e+04           0      0.01492      0.01492
  556   3.673e+04           0      0.01491      0.01491
  557   3.758e+04           0       0.0149       0.0149
  558   3.846e+04           0      0.01489      0.01489
  559   3.936e+04           0      0.01488      0.01488
  560   4.027e+04           0      0.01487      0.01487
  561   4.121e+04           0      0.01486      0.01486
  562   4.217e+04           0      0.01485      0.01485
  563   4.315e+04           0      0.01484      0.01484
  564   4.416e+04           0      0.01484      0.01484
  565   4.519e+04           0      0.01483      0.01483
  566   4.624e+04           0      0.01482      0.01482
  567   4.732e+04           0      0.01482      0.01482
  568   4.842e+04           0      0.01481      0.01481
  569   4.955e+04           0      0.01481      0.01481
  570    5.07e+04           0      0.01449      0.01449
  571   5.188e+04           0      0.01449      0.01449
  572   5.309e+04           0       0.0145       0.0145
  573   5.433e+04           0       0.0145       0.0145
  574   5.559e+04           0      0.01451      0.01451
  575   5.689e+04           0      0.01452      0.01452
  576   5.821e+04           0      0.01452      0.01452
  577   5.957e+04           0      0.01453      0.01453
  578   6.095e+04           0      0.01454      0.01454
  579   6.237e+04           0      0.01454      0.01454
  580   6.383e+04           0      0.01455      0.01455
  581   6.531e+04           0      0.01456      0.01456
  582   6.683e+04           0      0.01456      0.01456
  583   6.839e+04           0      0.01457      0.01457
  584   6.998e+04           0      0.01458      0.01458
  585   7.161e+04           0      0.01459      0.01459
  586   7.328e+04           0       0.0146       0.0146
  587   7.499e+04           0      0.01461      0.01461
  588   7.674e+04           0      0.01462      0.01462
  589   7.852e+04           0      0.01463      0.01463
  590   8.035e+04           0      0.01464      0.01464
  591   8.222e+04           0      0.01465      0.01465
  592   8.414e+04           0      0.01466      0.01466
  593    8.61e+04           0      0.01467      0.01467
  594    8.81e+04           0      0.01468      0.01468
  595   9.016e+04           0      0.01469      0.01469
  596   9.226e+04           0       0.0147       0.0147
  597   9.441e+04           0      0.01471      0.01471
  598   9.661e+04           0      0.01473      0.01473
  599   9.886e+04           0      0.01474      0.01474
  600   1.012e+05           0      0.01475      0.01475
  601   1.035e+05           0      0.01476      0.01476
  602   1.059e+05           0      0.01478      0.01478
  603   1.084e+05           0      0.01479      0.01479
  604   1.109e+05           0       0.0148       0.0148
  605   1.135e+05           0      0.01482      0.01482
  606   1.161e+05           0      0.01483      0.01483
  607   1.189e+05           0      0.01484      0.01484
  608   1.216e+05           0      0.01486      0.01486
  609   1.245e+05           0      0.01487      0.01487
  610   1.274e+05           0      0.01489      0.01489
  611   1.303e+05           0       0.0149       0.0149
  612   1.334e+05           0      0.01492      0.01492
  613   1.365e+05           0      0.01493      0.01493
  614   1.396e+05           0      0.01495      0.01495
  615   1.429e+05           0      0.01497      0.01497
  616   1.462e+05           0      0.01498      0.01498
  617   1.496e+05           0        0.015        0.015
  618   1.531e+05           0      0.01501      0.01501
  619   1.567e+05           0      0.01503      0.01503
  620   1.603e+05           0      0.01505      0.01505
  621   1.641e+05           0      0.01507      0.01507
  622   1.679e+05           0      0.01508      0.01508
  623   1.718e+05           0       0.0151       0.0151
  624   1.758e+05           0      0.01512      0.01512
  625   1.799e+05           0      0.01514      0.01514
  626   1.841e+05           0      0.01516      0.01516
  627   1.884e+05           0      0.01518      0.01518
  628   1.928e+05           0       0.0152       0.0152
  629   1.972e+05           0      0.01521      0.01521
  630   2.018e+05           0      0.01523      0.01523
  631   2.065e+05           0      0.01525      0.01525
  632   2.113e+05           0      0.01527      0.01527
  633   2.163e+05           0      0.01529      0.01529
  634   2.213e+05           0      0.01531      0.01531
  635   2.265e+05           0      0.01534      0.01534
  636   2.317e+05           0      0.01536      0.01536
  637   2.371e+05           0      0.01538      0.01538
  638   2.427e+05           0       0.0154       0.0154
  639   2.483e+05           0      0.01542      0.01542
  640   2.541e+05           0      0.01544      0.01544
  641     2.6e+05           0      0.01546      0.01546
  642   2.661e+05           0      0.01549      0.01549
  643   2.723e+05           0      0.01551      0.01551
  644   2.786e+05           0      0.01553      0.01553
  645   2.851e+05           0      0.01556      0.01556
  646   2.917e+05           0      0.01558      0.01558
  647   2.985e+05           0       0.0156       0.0156
  648   3.055e+05           0      0.01563      0.01563
  649   3.126e+05           0      0.01565      0.01565
  650   3.199e+05           0      0.01567      0.01567
  651   3.273e+05           0       0.0157       0.0157
  652    3.35e+05           0      0.01572      0.01572
  653   3.428e+05           0      0.01575      0.01575
  654   3.508e+05           0      0.01577      0.01577
  655   3.589e+05           0       0.0158       0.0158
  656   3.673e+05           0      0.01582      0.01582
  657   3.758e+05           0      0.01585      0.01585
  658   3.846e+05           0      0.01587      0.01587
  659   3.936e+05           0       0.0159       0.0159
  660   4.027e+05           0      0.01593      0.01593
  661   4.121e+05           0      0.01595      0.01595
  662   4.217e+05           0      0.01598      0.01598
  663   4.315e+05           0      0.01601      0.01601
  664   4.416e+05           0      0.01603      0.01603
  665   4.519e+05           0      0.01606      0.01606
  666   4.624e+05           0      0.01609      0.01609
  667   4.732e+05           0      0.01611      0.01611
  668   4.842e+05           0      0.01614      0.01614
  669   4.955e+05           0      0.01617      0.01617
  670    5.07e+05           0       0.0162       0.0162
  671   5.188e+05           0      0.01623      0.01623
  672   5.309e+05           0      0.01626      0.01626
  673   5.433e+05           0      0.01629      0.01629
  674   5.559e+05           0      0.01631      0.01631
  675   5.689e+05           0      0.01634      0.01634
  676   5.821e+05           0      0.01637      0.01637
  677   5.957e+05           0       0.0164       0.0164
  678   6.095e+05           0      0.01643      0.01643
  679   6.237e+05           0      0.01646      0.01646
  680   6.383e+05           0      0.01649      0.01649
  681   6.531e+05           0      0.01652      0.01652
  682   6.683e+05           0      0.01655      0.01655
  683   6.839e+05           0      0.01659      0.01659
  684   6.998e+05           0      0.01662      0.01662
  685   7.161e+05           0      0.01665      0.01665
  686   7.328e+05           0      0.01668      0.01668
  687   7.499e+05           0      0.01671      0.01671
  688   7.674e+05           0      0.01674      0.01674
  689   7.852e+05           0      0.01678      0.01678
  690   8.035e+05           0      0.01681      0.01681
  691   8.222e+05           0      0.01684      0.01684
  692   8.414e+05           0      0.01687      0.01687
  693    8.61e+05           0      0.01691      0.01691
  694    8.81e+05           0      0.01694      0.01694
  695   9.016e+05           0      0.01697      0.01697
  696   9.226e+05           0      0.01701      0.01701
  697   9.441e+05           0      0.01704      0.01704
  698   9.661e+05           0      0.01707      0.01707
  699   9.886e+05           0      0.01711      0.01711
  700   1.012e+06           0      0.01714      0.01714
  701   1.035e+06           0      0.01718      0.01718
  702   1.059e+06           0      0.01721      0.01721
  703   1.084e+06           0      0.01725      0.01725
  704   1.109e+06           0      0.01728      0.01728
  705   1.135e+06           0      0.01732      0.01732
  706   1.161e+06           0      0.01735      0.01735
  707   1.189e+06           0      0.01739      0.01739
  708   1.216e+06           0      0.01742      0.01742
  709   1.245e+06           0      0.01746      0.01746
  710   1.274e+06           0       0.0175       0.0175
  711   1.303e+06           0      0.01753      0.01753
  712   1.334e+06           0      0.01757      0.01757
  713   1.365e+06           0      0.01761      0.01761
  714   1.396e+06           0      0.01764      0.01764
  715   1.429e+06           0      0.01768      0.01768
  716   1.462e+06           0      0.01772      0.01772
  717   1.496e+06           0      0.01775      0.01775
  718   1.531e+06           0      0.01779      0.01779
  719   1.567e+06           0      0.01783      0.01783
  720   1.603e+06           0      0.01787      0.01787
  721   1.641e+06           0      0.01791      0.01791
  722   1.679e+06           0      0.01794      0.01794
  723   1.718e+06           0      0.01798      0.01798
  724   1.758e+06           0      0.01802      0.01802
  725   1.799e+06           0      0.01806      0.01806
  726   1.841e+06           0       0.0181       0.0181
  727   1.884e+06           0      0.01814      0.01814
  728   1.928e+06           0      0.01818      0.01818
  729   1.972e+06           0      0.01822      0.01822
  730   2.018e+06           0      0.01826      0.01826
  731   2.065e+06           0       0.0183       0.0183
  732   2.113e+06           0      0.01834      0.01834
  733   2.163e+06           0      0.01838      0.01838
  734   2.213e+06           0      0.01842      0.01842
  735   2.265e+06           0      0.01846      0.01846
  736   2.317e+06           0       0.0185       0.0185
  737   2.371e+06           0      0.01854      0.01854
  738   2.427e+06           0      0.01858      0.01858
  739   2.483e+06           0      0.01862      0.01862
  740   2.541e+06           0      0.01867      0.01867
  741     2.6e+06           0      0.01871      0.01871
  742   2.661e+06           0      0.01875      0.01875
  743   2.723e+06           0      0.01879      0.01879
  744   2.786e+06           0      0.01883      0.01883
  745   2.851e+06           0      0.01888      0.01888
  746   2.917e+06           0      0.01892      0.01892
  747   2.985e+06           0      0.01896      0.01896
  748   3.055e+06           0      0.01901      0.01901
  749   3.126e+06           0      0.01905      0.01905
  750   3.199e+06           0      0.01909      0.01909
  751   3.273e+06           0      0.01914      0.01914
  752    3.35e+06           0      0.01918      0.01918
  753   3.428e+06           0      0.01922      0.01922
  754   3.508e+06           0      0.01927      0.01927
  755   3.589e+06           0      0.01931      0.01931
  756   3.673e+06           0      0.01936      0.01936
  757   3.758e+06           0       0.0194       0.0194
  758   3.846e+06           0      0.01944      0.01944
  759   3.936e+06           0      0.01949      0.01949
  760   4.027e+06           0      0.01953      0.01953
  761   4.121e+06           0      0.01958      0.01958
  762   4.217e+06           0      0.01962      0.01962
  763   4.315e+06           0      0.01967      0.01967
  764   4.416e+06           0      0.01972      0.01972
  765   4.519e+06           0      0.01976      0.01976
  766   4.624e+06           0      0.01981      0.01981
  767   4.732e+06           0      0.01985      0.01985
  768   4.842e+06           0       0.0199       0.0199
  769   4.955e+06           0      0.01995      0.01995
  770    5.07e+06           0      0.01999      0.01999
  771   5.188e+06           0      0.02004      0.02004
  772   5.309e+06           0      0.02009      0.02009
  773   5.433e+06           0      0.02013      0.02013
  774   5.559e+06           0      0.02018      0.02018
  775   5.689e+06           0      0.02023      0.02023
  776   5.821e+06           0      0.02028      0.02028
  777   5.957e+06           0      0.02032      0.02032
  778   6.095e+06           0      0.02037      0.02037
  779   6.237e+06           0      0.02042      0.02042
  780   6.383e+06           0      0.02047      0.02047
  781   6.531e+06           0      0.02052      0.02052
  782   6.683e+06           0      0.02057      0.02057
  783   6.839e+06           0      0.02061      0.02061
  784   6.998e+06           0      0.02066      0.02066
  785   7.161e+06           0      0.02071      0.02071
  786   7.328e+06           0      0.02076      0.02076
  787   7.499e+06           0      0.02081      0.02081
  788   7.674e+06           0      0.02086      0.02086
  789   7.852e+06           0      0.02091      0.02091
  790   8.035e+06           0      0.02096      0.02096
  791   8.222e+06           0      0.02101      0.02101
  792   8.414e+06           0      0.02106      0.02106
  793    8.61e+06           0      0.02111      0.02111
  794    8.81e+06           0      0.02116      0.02116
  795   9.016e+06           0      0.02121      0.02121
  796   9.226e+06           0      0.02126      0.02126
  797   9.441e+06           0      0.02131      0.02131
  798   9.661e+06           0      0.02136      0.02136
  799   9.886e+06           0      0.02141      0.02141
-------------------------------------------------------------
### gamma 5 GeV on G4_PbWO4 xs/X0= 2405.25
/gun/particle e-
/testhadr/fileName enuc
/testhadr/particle e-
/run/beamOn 1

========= Table of registered couples ============================

Index : 0     used in the geometry : Yes
 Material : G4_Galactic
 Range cuts        :  gamma  700 um     e-  700 um     e+  700 um  proton 700 um 
 Energy thresholds :  gamma  990 eV     e-  990 eV     e+  990 eV  proton 70 keV
 Region(s) which use this couple : 
    DefaultRegionForTheWorld

Index : 1     used in the geometry : Yes
 Material : G4_PbWO4
 Range cuts        :  gamma  700 um     e-  700 um     e+  700 um  proton 700 um 
 Energy thresholds :  gamma  75.7749 keV    e-  842.468 keV    e+  797.806 keV proton 70 keV
 Region(s) which use this couple : 
    DefaultRegionForTheWorld

==================================================================

### Run 1 starts.
### Run 1 start
G4WT0 > /gun/particle e-
G4WT0 > /testhadr/fileName enuc
G4WT0 > /testhadr/particle e-

========================================================================================
--> G4TaskRunManager::CreateAndStartWorkers() --> Creating 1 tasks with 1 events/task...
========================================================================================

G4WT0 > /gun/particle e-
G4WT0 > /testhadr/fileName enuc
G4WT0 > /testhadr/particle e-
G4WT0 > ### Run 1 starts on worker thread 0.
G4WT0 > --> Event 0 starts with initial seeds (99594690,49590222).
G4WT0 > EventAction: Event # 0 started
G4WT0 > [thread 0] Thread-local run terminated.
G4WT0 > [thread 0] Run Summary
G4WT0 > [thread 0]   Number of events processed : 1
G4WT0 > [thread 0]   User=0.000000s Real=0.000186s Sys=0.000000s [Cpu=0.0%]
 Run terminated.
Run Summary
  Number of events processed : 1
  User=0.000000s Real=0.000518s Sys=0.000000s [Cpu=0.0%]
RunAction: End of run actions are started
HistoManager: End of run actions are started
### Fill Cross Sections for e- off Pb
-------------------------------------------------------------
    N     E(MeV)   Elastic(b)   Inelastic(b)   Total(b)
-------------------------------------------------------------
    0      0.1012           0            0            0
    1      0.1035           0            0            0
    2      0.1059           0            0            0
    3      0.1084           0            0            0
    4      0.1109           0            0            0
    5      0.1135           0            0            0
    6      0.1161           0            0            0
    7      0.1189           0            0            0
    8      0.1216           0            0            0
    9      0.1245           0            0            0
   10      0.1274           0            0            0
   11      0.1303           0            0            0
   12      0.1334           0            0            0
   13      0.1365           0            0            0
   14      0.1396           0            0            0
   15      0.1429           0            0            0
   16      0.1462           0            0            0
   17      0.1496           0            0            0
   18      0.1531           0            0            0
   19      0.1567           0            0            0
   20      0.1603           0            0            0
   21      0.1641           0            0            0
   22      0.1679           0            0            0
   23      0.1718           0            0            0
   24      0.1758           0            0            0
   25      0.1799           0            0            0
   26      0.1841           0            0            0
   27      0.1884           0            0            0
   28      0.1928           0            0            0
   29      0.1972           0            0            0
   30      0.2018           0            0            0
   31      0.2065           0            0            0
   32      0.2113           0            0            0
   33      0.2163           0            0            0
   34      0.2213           0            0            0
   35      0.2265           0            0            0
   36      0.2317           0            0            0
   37      0.2371           0            0            0
   38      0.2427           0            0            0
   39      0.2483           0            0            0
   40      0.2541           0            0            0
   41        0.26           0            0            0
   42      0.2661           0            0            0
   43      0.2723           0            0            0
   44      0.2786           0            0            0
   45      0.2851           0            0            0
   46      0.2917           0            0            0
   47      0.2985           0            0            0
   48      0.3055           0            0            0
   49      0.3126           0            0            0
   50      0.3199           0            0            0
   51      0.3273           0            0            0
   52       0.335           0            0            0
   53      0.3428           0            0            0
   54      0.3508           0            0            0
   55      0.3589           0            0            0
   56      0.3673           0            0            0
   57      0.3758           0            0            0
   58      0.3846           0            0            0
   59      0.3936           0            0            0
   60      0.4027           0            0            0
   61      0.4121           0            0            0
   62      0.4217           0            0            0
   63      0.4315           0            0            0
   64      0.4416           0            0            0
   65      0.4519           0            0            0
   66      0.4624           0            0            0
   67      0.4732           0            0            0
   68      0.4842           0            0            0
   69      0.4955           0            0            0
   70       0.507           0            0            0
   71      0.5188           0            0            0
   72      0.5309           0            0            0
   73      0.5433           0            0            0
   74      0.5559           0            0            0
   75      0.5689           0            0            0
   76      0.5821           0            0            0
   77      0.5957           0            0            0
   78      0.6095           0            0            0
   79      0.6237           0            0            0
   80      0.6383           0            0            0
   81      0.6531           0            0            0
   82      0.6683           0            0            0
   83      0.6839           0            0            0
   84      0.6998           0            0            0
   85      0.7161           0            0            0
   86      0.7328           0            0            0
   87      0.7499           0            0            0
   88      0.7674           0            0            0
   89      0.7852           0            0            0
   90      0.8035           0            0            0
   91      0.8222           0            0            0
   92      0.8414           0            0            0
   93       0.861           0            0            0
   94       0.881           0            0            0
   95      0.9016           0            0            0
   96      0.9226           0            0            0
   97      0.9441           0            0            0
   98      0.9661           0            0            0
   99      0.9886           0            0            0
  100       1.012           0            0            0
  101       1.035           0            0            0
  102       1.059           0            0            0
  103       1.084           0            0            0
  104       1.109           0            0            0
  105       1.135           0            0            0
  106       1.161           0            0            0
  107       1.189           0            0            0
  108       1.216           0            0            0
  109       1.245           0            0            0
  110       1.274           0            0            0
  111       1.303           0            0            0
  112       1.334           0            0            0
  113       1.365           0            0            0
  114       1.396           0            0            0
  115       1.429           0            0            0
  116       1.462           0            0            0
  117       1.496           0            0            0
  118       1.531           0            0            0
  119       1.567           0            0            0
  120       1.603           0            0            0
  121       1.641           0            0            0
  122       1.679           0            0            0
  123       1.718           0            0            0
  124       1.758           0            0            0
  125       1.799           0            0            0
  126       1.841           0            0            0
  127       1.884           0            0            0
  128       1.928           0            0            0
  129       1.972           0            0            0
  130       2.018           0            0            0
  131       2.065           0            0            0
  132       2.113           0            0            0
  133       2.163           0            0            0
  134       2.213           0            0            0
  135       2.265           0            0            0
  136       2.317           0            0            0
  137       2.371           0            0            0
  138       2.427           0            0            0
  139       2.483           0            0            0
  140       2.541           0            0            0
  141         2.6           0            0            0
  142       2.661           0            0            0
  143       2.723           0            0            0
  144       2.786           0            0            0
  145       2.851           0            0            0
  146       2.917           0            0            0
  147       2.985           0            0            0
  148       3.055           0            0            0
  149       3.126           0            0            0
  150       3.199           0            0            0
  151       3.273           0            0            0
  152        3.35           0            0            0
  153       3.428           0            0            0
  154       3.508           0            0            0
  155       3.589           0            0            0
  156       3.673           0            0            0
  157       3.758           0            0            0
  158       3.846           0            0            0
  159       3.936           0            0            0
  160       4.027           0            0            0
  161       4.121           0            0            0
  162       4.217           0            0            0
  163       4.315           0            0            0
  164       4.416           0            0            0
  165       4.519           0            0            0
  166       4.624           0            0            0
  167       4.732           0            0            0
  168       4.842           0            0            0
  169       4.955           0            0            0
  170        5.07           0            0            0
  171       5.188           0            0            0
  172       5.309           0            0            0
  173       5.433           0            0            0
  174       5.559           0            0            0
  175       5.689           0            0            0
  176       5.821           0            0            0
  177       5.957           0            0            0
  178       6.095           0            0            0
  179       6.237           0            0            0
  180       6.383           0            0            0
  181       6.531           0            0            0
  182       6.683           0            0            0
  183       6.839           0    5.406e-07    5.406e-07
  184       6.998           0     1.33e-06     1.33e-06
  185       7.161           0    2.372e-06    2.372e-06
  186       7.328           0    3.669e-06    3.669e-06
  187       7.499           0     5.33e-06     5.33e-06
  188       7.674           0    7.349e-06    7.349e-06
  189       7.852           0    9.706e-06    9.706e-06
  190       8.035           0    1.247e-05    1.247e-05
  191       8.222           0    1.589e-05    1.589e-05
  192       8.414           0    2.031e-05    2.031e-05
  193        8.61           0    2.559e-05    2.559e-05
  194        8.81           0    3.179e-05    3.179e-05
  195       9.016           0    3.902e-05    3.902e-05
  196       9.226           0    4.821e-05    4.821e-05
  197       9.441           0    5.933e-05    5.933e-05
  198       9.661           0     7.25e-05     7.25e-05
  199       9.886           0    8.784e-05    8.784e-05
  200       10.12           0    0.0001065    0.0001065
  201       10.35           0    0.0001288    0.0001288
  202       10.59           0     0.000155     0.000155
  203       10.84           0    0.0001851    0.0001851
  204       11.09           0    0.0002208    0.0002208
  205       11.35           0    0.0002629    0.0002629
  206       11.61           0    0.0003112    0.0003112
  207       11.89           0    0.0003663    0.0003663
  208       12.16           0    0.0004294    0.0004294
  209       12.45           0    0.0005016    0.0005016
  210       12.74           0     0.000582     0.000582
  211       13.03           0    0.0006698    0.0006698
  212       13.34           0    0.0007638    0.0007638
  213       13.65           0    0.0008588    0.0008588
  214       13.96           0    0.0009549    0.0009549
  215       14.29           0      0.00105      0.00105
  216       14.62           0     0.001143     0.001143
  217       14.96           0     0.001228     0.001228
  218       15.31           0      0.00131      0.00131
  219       15.67           0     0.001388     0.001388
  220       16.03           0     0.001462     0.001462
  221       16.41           0     0.001532     0.001532
  222       16.79           0     0.001598     0.001598
  223       17.18           0     0.001662     0.001662
  224       17.58           0     0.001725     0.001725
  225       17.99           0     0.001785     0.001785
  226       18.41           0     0.001843     0.001843
  227       18.84           0     0.001901     0.001901
  228       19.28           0     0.001957     0.001957
  229       19.72           0     0.002013     0.002013
  230       20.18           0     0.002068     0.002068
  231       20.65           0     0.002123     0.002123
  232       21.13           0     0.002178     0.002178
  233       21.63           0     0.002232     0.002232
  234       22.13           0     0.002286     0.002286
  235       22.65           0      0.00234      0.00234
  236       23.17           0     0.002394     0.002394
  237       23.71           0     0.002449     0.002449
  238       24.27           0     0.002503     0.002503
  239       24.83           0     0.002557     0.002557
  240       25.41           0     0.002612     0.002612
  241          26           0     0.002667     0.002667
  242       26.61           0     0.002722     0.002722
  243       27.23           0     0.002777     0.002777
  244       27.86           0     0.002833     0.002833
  245       28.51           0     0.002888     0.002888
  246       29.17           0     0.002944     0.002944
  247       29.85           0        0.003        0.003
  248       30.55           0     0.003057     0.003057
  249       31.26           0     0.003113     0.003113
  250       31.99           0      0.00317      0.00317
  251       32.73           0     0.003227     0.003227
  252        33.5           0     0.003284     0.003284
  253       34.28           0     0.003341     0.003341
  254       35.08           0     0.003399     0.003399
  255       35.89           0     0.003456     0.003456
  256       36.73           0     0.003514     0.003514
  257       37.58           0     0.003572     0.003572
  258       38.46           0      0.00363      0.00363
  259       39.36           0     0.003688     0.003688
  260       40.27           0     0.003746     0.003746
  261       41.21           0     0.003804     0.003804
  262       42.17           0     0.003862     0.003862
  263       43.15           0      0.00392      0.00392
  264       44.16           0     0.003979     0.003979
  265       45.19           0     0.004037     0.004037
  266       46.24           0     0.004095     0.004095
  267       47.32           0     0.004154     0.004154
  268       48.42           0     0.004212     0.004212
  269       49.55           0      0.00427      0.00427
  270        50.7           0     0.004329     0.004329
  271       51.88           0     0.004387     0.004387
  272       53.09           0     0.004445     0.004445
  273       54.33           0     0.004504     0.004504
  274       55.59           0     0.004562     0.004562
  275       56.89           0      0.00462      0.00462
  276       58.21           0     0.004678     0.004678
  277       59.57           0     0.004736     0.004736
  278       60.95           0     0.004794     0.004794
  279       62.37           0     0.004852     0.004852
  280       63.83           0      0.00491      0.00491
  281       65.31           0     0.004967     0.004967
  282       66.83           0     0.005025     0.005025
  283       68.39           0     0.005082     0.005082
  284       69.98           0      0.00514      0.00514
  285       71.61           0     0.005197     0.005197
  286       73.28           0     0.005254     0.005254
  287       74.99           0     0.005311     0.005311
  288       76.74           0     0.005368     0.005368
  289       78.52           0     0.005425     0.005425
  290       80.35           0     0.005481     0.005481
  291       82.22           0     0.005538     0.005538
  292       84.14           0     0.005594     0.005594
  293        86.1           0      0.00565      0.00565
  294        88.1           0     0.005706     0.005706
  295       90.16           0     0.005762     0.005762
  296       92.26           0     0.005818     0.005818
  297       94.41           0     0.005874     0.005874
  298       96.61           0     0.005929     0.005929
  299       98.86           0     0.005984     0.005984
  300       101.2           0     0.006039     0.006039
  301       103.5           0     0.006094     0.006094
  302       105.9           0     0.006149     0.006149
  303       108.4           0     0.006204     0.006204
  304       110.9           0     0.006258     0.006258
  305       113.5           0     0.006312     0.006312
  306       116.1           0     0.006367     0.006367
  307       118.9           0     0.006421     0.006421
  308       121.6           0     0.006475     0.006475
  309       124.5           0     0.006529     0.006529
  310       127.4           0     0.006583     0.006583
  311       130.3           0     0.006637     0.006637
  312       133.4           0     0.006691     0.006691
  313       136.5           0     0.006745     0.006745
  314       139.6           0     0.006799     0.006799
  315       142.9           0     0.006854     0.006854
  316       146.2           0     0.006908     0.006908
  317       149.6           0     0.006963     0.006963
  318       153.1           0     0.007018     0.007018
  319       156.7           0     0.007074     0.007074
  320       160.3           0      0.00713      0.00713
  321       164.1           0     0.007186     0.007186
  322       167.9           0     0.007243     0.007243
  323       171.8           0       0.0073       0.0073
  324       175.8           0     0.007357     0.007357
  325       179.9           0     0.007415     0.007415
  326       184.1           0     0.007473     0.007473
  327       188.4           0     0.007532     0.007532
  328       192.8           0     0.007591     0.007591
  329       197.2           0     0.007651     0.007651
  330       201.8           0     0.007711     0.007711
  331       206.5           0     0.007771     0.007771
  332       211.3           0     0.007833     0.007833
  333       216.3           0     0.007894     0.007894
  334       221.3           0     0.007957     0.007957
  335       226.5           0      0.00802      0.00802
  336       231.7           0     0.008084     0.008084
  337       237.1           0     0.008149     0.008149
  338       242.7           0     0.008214     0.008214
  339       248.3           0     0.008281     0.008281
  340       254.1           0     0.008348     0.008348
  341         260           0     0.008417     0.008417
  342       266.1           0     0.008486     0.008486
  343       272.3           0     0.008557     0.008557
  344       278.6           0     0.008628     0.008628
  345       285.1           0     0.008701     0.008701
  346       291.7           0     0.008774     0.008774
  347       298.5           0     0.008849     0.008849
  348       305.5           0     0.008924     0.008924
  349       312.6           0        0.009        0.009
  350       319.9           0     0.009077     0.009077
  351       327.3           0     0.009155     0.009155
  352         335           0     0.009234     0.009234
  353       342.8           0     0.009312     0.009312
  354       350.8           0     0.009391     0.009391
  355       358.9           0     0.009471     0.009471
  356       367.3           0      0.00955      0.00955
  357       375.8           0      0.00963      0.00963
  358       384.6           0     0.009709     0.009709
  359       393.6           0     0.009789     0.009789
  360       402.7           0     0.009868     0.009868
  361       412.1           0     0.009947     0.009947
  362       421.7           0      0.01003      0.01003
  363       431.5           0       0.0101       0.0101
  364       441.6           0      0.01018      0.01018
  365       451.9           0      0.01026      0.01026
  366       462.4           0      0.01034      0.01034
  367       473.2           0      0.01041      0.01041
  368       484.2           0      0.01049      0.01049
  369       495.5           0      0.01057      0.01057
  370         507           0      0.01064      0.01064
  371       518.8           0      0.01072      0.01072
  372       530.9           0      0.01079      0.01079
  373       543.3           0      0.01087      0.01087
  374       555.9           0      0.01094      0.01094
  375       568.9           0      0.01102      0.01102
  376       582.1           0      0.01109      0.01109
  377       595.7           0      0.01117      0.01117
  378       609.5           0      0.01124      0.01124
  379       623.7           0      0.01132      0.01132
  380       638.3           0      0.01139      0.01139
  381       653.1           0      0.01147      0.01147
  382       668.3           0      0.01154      0.01154
  383       683.9           0      0.01161      0.01161
  384       699.8           0      0.01169      0.01169
  385       716.1           0      0.01176      0.01176
  386       732.8           0      0.01184      0.01184
  387       749.9           0      0.01191      0.01191
  388       767.4           0      0.01199      0.01199
  389       785.2           0      0.01206      0.01206
  390       803.5           0      0.01214      0.01214
  391       822.2           0      0.01221      0.01221
  392       841.4           0      0.01229      0.01229
  393         861           0      0.01236      0.01236
  394         881           0      0.01244      0.01244
  395       901.6           0      0.01251      0.01251
  396       922.6           0      0.01259      0.01259
  397       944.1           0      0.01266      0.01266
  398       966.1           0      0.01274      0.01274
  399       988.6           0      0.01281      0.01281
  400        1012           0      0.01289      0.01289
  401        1035           0      0.01296      0.01296
  402        1059           0      0.01304      0.01304
  403        1084           0      0.01311      0.01311
  404        1109           0      0.01319      0.01319
  405        1135           0      0.01327      0.01327
  406        1161           0      0.01334      0.01334
  407        1189           0      0.01342      0.01342
  408        1216           0      0.01349      0.01349
  409        1245           0      0.01357      0.01357
  410        1274           0      0.01364      0.01364
  411        1303           0      0.01372      0.01372
  412        1334           0      0.01379      0.01379
  413        1365           0      0.01387      0.01387
  414        1396           0      0.01394      0.01394
  415        1429           0      0.01402      0.01402
  416        1462           0       0.0141       0.0141
  417        1496           0      0.01417      0.01417
  418        1531           0      0.01425      0.01425
  419        1567           0      0.01432      0.01432
  420        1603           0       0.0144       0.0144
  421        1641           0      0.01447      0.01447
  422        1679           0      0.01455      0.01455
  423        1718           0      0.01462      0.01462
  424        1758           0       0.0147       0.0147
  425        1799           0      0.01477      0.01477
  426        1841           0      0.01485      0.01485
  427        1884           0      0.01492      0.01492
  428        1928           0        0.015        0.015
  429        1972           0      0.01507      0.01507
  430        2018           0      0.01515      0.01515
  431        2065           0      0.01522      0.01522
  432        2113           0       0.0153       0.0153
  433        2163           0      0.01537      0.01537
  434        2213           0      0.01545      0.01545
  435        2265           0      0.01552      0.01552
  436        2317           0       0.0156       0.0156
  437        2371           0      0.01567      0.01567
  438        2427           0      0.01575      0.01575
  439        2483           0      0.01582      0.01582
  440        2541           0       0.0159       0.0159
  441        2600           0      0.01597      0.01597
  442        2661           0      0.01605      0.01605
  443        2723           0      0.01612      0.01612
  444        2786           0      0.01619      0.01619
  445        2851           0      0.01627      0.01627
  446        2917           0      0.01634      0.01634
  447        2985           0      0.01642      0.01642
  448        3055           0      0.01649      0.01649
  449        3126           0      0.01656      0.01656
  450        3199           0      0.01664      0.01664
  451        3273           0      0.01671      0.01671
  452        3350           0      0.01679      0.01679
  453        3428           0      0.01686      0.01686
  454        3508           0      0.01693      0.01693
  455        3589           0      0.01701      0.01701
  456        3673           0      0.01708      0.01708
  457        3758           0      0.01715      0.01715
  458        3846           0      0.01723      0.01723
  459        3936           0       0.0173       0.0173
  460        4027           0      0.01738      0.01738
  461        4121           0      0.01745      0.01745
  462        4217           0      0.01752      0.01752
  463        4315           0      0.01759      0.01759
  464        4416           0      0.01767      0.01767
  465        4519           0      0.01774      0.01774
  466        4624           0      0.01781      0.01781
  467        4732           0      0.01789      0.01789
  468        4842           0      0.01796      0.01796
  469        4955           0      0.01803      0.01803
  470        5070           0      0.01811      0.01811
  471        5188           0      0.01818      0.01818
  472        5309           0      0.01825      0.01825
  473        5433           0      0.01832      0.01832
  474        5559           0       0.0184       0.0184
  475        5689           0      0.01847      0.01847
  476        5821           0      0.01854      0.01854
  477        5957           0      0.01862      0.01862
  478        6095           0      0.01869      0.01869
  479        6237           0      0.01876      0.01876
  480        6383           0      0.01883      0.01883
  481        6531           0      0.01891      0.01891
  482        6683           0      0.01898      0.01898
  483        6839           0      0.01905      0.01905
  484        6998           0      0.01912      0.01912
  485        7161           0       0.0192       0.0192
  486        7328           0      0.01927      0.01927
  487        7499           0      0.01934      0.01934
  488        7674           0      0.01941      0.01941
  489        7852           0      0.01948      0.01948
  490        8035           0      0.01956      0.01956
  491        8222           0      0.01963      0.01963
  492        8414           0       0.0197       0.0197
  493        8610           0      0.01977      0.01977
  494        8810           0      0.01985      0.01985
  495        9016           0      0.01992      0.01992
  496        9226           0      0.01999      0.01999
  497        9441           0      0.02006      0.02006
  498        9661           0      0.02013      0.02013
  499        9886           0      0.02021      0.02021
  500   1.012e+04           0      0.02028      0.02028
  501   1.035e+04           0      0.02035      0.02035
  502   1.059e+04           0      0.02042      0.02042
  503   1.084e+04           0      0.02049      0.02049
  504   1.109e+04           0      0.02056      0.02056
  505   1.135e+04           0      0.02064      0.02064
  506   1.161e+04           0      0.02071      0.02071
  507   1.189e+04           0      0.02078      0.02078
  508   1.216e+04           0      0.02085      0.02085
  509   1.245e+04           0      0.02092      0.02092
  510   1.274e+04           0        0.021        0.021
  511   1.303e+04           0      0.02107      0.02107
  512   1.334e+04           0      0.02114      0.02114
  513   1.365e+04           0      0.02121      0.02121
  514   1.396e+04           0      0.02128      0.02128
  515   1.429e+04           0      0.02135      0.02135
  516   1.462e+04           0      0.02143      0.02143
  517   1.496e+04           0       0.0215       0.0215
  518   1.531e+04           0      0.02157      0.02157
  519   1.567e+04           0      0.02164      0.02164
  520   1.603e+04           0      0.02171      0.02171
  521   1.641e+04           0      0.02178      0.02178
  522   1.679e+04           0      0.02186      0.02186
  523   1.718e+04           0      0.02193      0.02193
  524   1.758e+04           0        0.022        0.022
  525   1.799e+04           0      0.02207      0.02207
  526   1.841e+04           0      0.02214      0.02214
  527   1.884e+04           0      0.02221      0.02221
  528   1.928e+04           0      0.02229      0.02229
  529   1.972e+04           0      0.02236      0.02236
  530   2.018e+04           0      0.02243      0.02243
  531   2.065e+04           0       0.0225       0.0225
  532   2.113e+04           0      0.02257      0.02257
  533   2.163e+04           0      0.02264      0.02264
  534   2.213e+04           0      0.02272      0.02272
  535   2.265e+04           0      0.02279      0.02279
  536   2.317e+04           0      0.02286      0.02286
  537   2.371e+04           0      0.02293      0.02293
  538   2.427e+04           0        0.023        0.023
  539   2.483e+04           0      0.02307      0.02307
  540   2.541e+04           0      0.02315      0.02315
  541     2.6e+04           0      0.02322      0.02322
  542   2.661e+04           0      0.02329      0.02329
  543   2.723e+04           0      0.02336      0.02336
  544   2.786e+04           0      0.02343      0.02343
  545   2.851e+04           0      0.02351      0.02351
  546   2.917e+04           0      0.02358      0.02358
  547   2.985e+04           0      0.02365      0.02365
  548   3.055e+04           0      0.02372      0.02372
  549   3.126e+04           0      0.02379      0.02379
  550   3.199e+04           0      0.02386      0.02386
  551   3.273e+04           0      0.02394      0.02394
  552    3.35e+04           0      0.02401      0.02401
  553   3.428e+04           0      0.02408      0.02408
  554   3.508e+04           0      0.02415      0.02415
  555   3.589e+04           0      0.02422      0.02422
  556   3.673e+04           0       0.0243       0.0243
  557   3.758e+04           0      0.02437      0.02437
  558   3.846e+04           0      0.02444      0.02444
  559   3.936e+04           0      0.02451      0.02451
  560   4.027e+04           0      0.02459      0.02459
  561   4.121e+04           0      0.02466      0.02466
  562   4.217e+04           0      0.02473      0.02473
  563   4.315e+04           0       0.0248       0.0248
  564   4.416e+04           0      0.02487      0.02487
  565   4.519e+04           0      0.02495      0.02495
  566   4.624e+04           0      0.02502      0.02502
  567   4.732e+04           0      0.02509      0.02509
  568   4.842e+04           0      0.02516      0.02516
  569   4.955e+04           0      0.02524      0.02524
  570    5.07e+04           0      0.02531      0.02531
  571   5.188e+04           0      0.02538      0.02538
  572   5.309e+04           0      0.02545      0.02545
  573   5.433e+04           0      0.02553      0.02553
  574   5.559e+04           0       0.0256       0.0256
  575   5.689e+04           0      0.02567      0.02567
  576   5.821e+04           0      0.02574      0.02574
  577   5.957e+04           0      0.02582      0.02582
  578   6.095e+04           0      0.02589      0.02589
  579   6.237e+04           0      0.02596      0.02596
  580   6.383e+04           0      0.02603      0.02603
  581   6.531e+04           0      0.02611      0.02611
  582   6.683e+04           0      0.02618      0.02618
  583   6.839e+04           0      0.02625      0.02625
  584   6.998e+04           0      0.02633      0.02633
  585   7.161e+04           0       0.0264       0.0264
  586   7.328e+04           0      0.02647      0.02647
  587   7.499e+04           0      0.02655      0.02655
  588   7.674e+04           0      0.02662      0.02662
  589   7.852e+04           0      0.02669      0.02669
  590   8.035e+04           0      0.02676      0.02676
  591   8.222e+04           0      0.02684      0.02684
  592   8.414e+04           0      0.02691      0.02691
  593    8.61e+04           0      0.02698      0.02698
  594    8.81e+04           0      0.02706      0.02706
  595   9.016e+04           0      0.02713      0.02713
  596   9.226e+04           0      0.02721      0.02721
  597   9.441e+04           0      0.02728      0.02728
  598   9.661e+04           0      0.02735      0.02735
  599   9.886e+04           0      0.02743      0.02743
  600   1.012e+05           0       0.0275       0.0275
  601   1.035e+05           0      0.02757      0.02757
  602   1.059e+05           0      0.02765      0.02765
  603   1.084e+05           0      0.02772      0.02772
  604   1.109e+05           0       0.0278       0.0278
  605   1.135e+05           0      0.02787      0.02787
  606   1.161e+05           0      0.02794      0.02794
  607   1.189e+05           0      0.02802      0.02802
  608   1.216e+05           0      0.02809      0.02809
  609   1.245e+05           0      0.02817      0.02817
  610   1.274e+05           0      0.02824      0.02824
  611   1.303e+05           0      0.02832      0.02832
  612   1.334e+05           0      0.02839      0.02839
  613   1.365e+05           0      0.02846      0.02846
  614   1.396e+05           0      0.02854      0.02854
  615   1.429e+05           0      0.02861      0.02861
  616   1.462e+05           0      0.02869      0.02869
  617   1.496e+05           0      0.02876      0.02876
  618   1.531e+05           0      0.02884      0.02884
  619   1.567e+05           0      0.02891      0.02891
  620   1.603e+05           0      0.02899      0.02899
  621   1.641e+05           0      0.02906      0.02906
  622   1.679e+05           0      0.02914      0.02914
  623   1.718e+05           0      0.02921      0.02921
  624   1.758e+05           0      0.02929      0.02929
  625   1.799e+05           0      0.02936      0.02936
  626   1.841e+05           0      0.02944      0.02944
  627   1.884e+05           0      0.02952      0.02952
  628   1.928e+05           0      0.02959      0.02959
  629   1.972e+05           0      0.02967      0.02967
  630   2.018e+05           0      0.02974      0.02974
  631   2.065e+05           0      0.02982      0.02982
  632   2.113e+05           0      0.02989      0.02989
  633   2.163e+05           0      0.02997      0.02997
  634   2.213e+05           0      0.03005      0.03005
  635   2.265e+05           0      0.03012      0.03012
  636   2.317e+05           0       0.0302       0.0302
  637   2.371e+05           0      0.03028      0.03028
  638   2.427e+05           0      0.03035      0.03035
  639   2.483e+05           0      0.03043      0.03043
  640   2.541e+05           0      0.03051      0.03051
  641     2.6e+05           0      0.03058      0.03058
  642   2.661e+05           0      0.03066      0.03066
  643   2.723e+05           0      0.03074      0.03074
  644   2.786e+05           0      0.03081      0.03081
  645   2.851e+05           0      0.03089      0.03089
  646   2.917e+05           0      0.03097      0.03097
  647   2.985e+05           0      0.03104      0.03104
  648   3.055e+05           0      0.03112      0.03112
  649   3.126e+05           0       0.0312       0.0312
  650   3.199e+05           0      0.03128      0.03128
  651   3.273e+05           0      0.03135      0.03135
  652    3.35e+05           0      0.03143      0.03143
  653   3.428e+05           0      0.03151      0.03151
  654   3.508e+05           0      0.03159      0.03159
  655   3.589e+05           0      0.03166      0.03166
  656   3.673e+05           0      0.03174      0.03174
  657   3.758e+05           0      0.03182      0.03182
  658   3.846e+05           0       0.0319       0.0319
  659   3.936e+05           0      0.03198      0.03198
  660   4.027e+05           0      0.03206      0.03206
  661   4.121e+05           0      0.03213      0.03213
  662   4.217e+05           0      0.03221      0.03221
  663   4.315e+05           0      0.03229      0.03229
  664   4.416e+05           0      0.03237      0.03237
  665   4.519e+05           0      0.03245      0.03245
  666   4.624e+05           0      0.03253      0.03253
  667   4.732e+05           0      0.03261      0.03261
  668   4.842e+05           0      0.03269      0.03269
  669   4.955e+05           0      0.03277      0.03277
  670    5.07e+05           0      0.03284      0.03284
  671   5.188e+05           0      0.03292      0.03292
  672   5.309e+05           0        0.033        0.033
  673   5.433e+05           0      0.03308      0.03308
  674   5.559e+05           0      0.03316      0.03316
  675   5.689e+05           0      0.03324      0.03324
  676   5.821e+05           0      0.03332      0.03332
  677   5.957e+05           0       0.0334       0.0334
  678   6.095e+05           0      0.03348      0.03348
  679   6.237e+05           0      0.03356      0.03356
  680   6.383e+05           0      0.03364      0.03364
  681   6.531e+05           0      0.03372      0.03372
  682   6.683e+05           0      0.03381      0.03381
  683   6.839e+05           0      0.03389      0.03389
  684   6.998e+05           0      0.03397      0.03397
  685   7.161e+05           0      0.03405      0.03405
  686   7.328e+05           0      0.03413      0.03413
  687   7.499e+05           0      0.03421      0.03421
  688   7.674e+05           0      0.03429      0.03429
  689   7.852e+05           0      0.03437      0.03437
  690   8.035e+05           0      0.03445      0.03445
  691   8.222e+05           0      0.03454      0.03454
  692   8.414e+05           0      0.03462      0.03462
  693    8.61e+05           0       0.0347       0.0347
  694    8.81e+05           0      0.03478      0.03478
  695   9.016e+05           0      0.03486      0.03486
  696   9.226e+05           0      0.03495      0.03495
  697   9.441e+05           0      0.03503      0.03503
  698   9.661e+05           0      0.03511      0.03511
  699   9.886e+05           0      0.03519      0.03519
  700   1.012e+06           0      0.03528      0.03528
  701   1.035e+06           0      0.03536      0.03536
  702   1.059e+06           0      0.03544      0.03544
  703   1.084e+06           0      0.03552      0.03552
  704   1.109e+06           0      0.03561      0.03561
  705   1.135e+06           0      0.03569      0.03569
  706   1.161e+06           0      0.03577      0.03577
  707   1.189e+06           0      0.03586      0.03586
  708   1.216e+06           0      0.03594      0.03594
  709   1.245e+06           0      0.03602      0.03602
  710   1.274e+06           0      0.03611      0.03611
  711   1.303e+06           0      0.03619      0.03619
  712   1.334e+06           0      0.03628      0.03628
  713   1.365e+06           0      0.03636      0.03636
  714   1.396e+06           0      0.03644      0.03644
  715   1.429e+06           0      0.03653      0.03653
  716   1.462e+06           0      0.03661      0.03661
  717   1.496e+06           0       0.0367       0.0367
  718   1.531e+06           0      0.03678      0.03678
  719   1.567e+06           0      0.03687      0.03687
  720   1.603e+06           0      0.03695      0.03695
  721   1.641e+06           0      0.03704      0.03704
  722   1.679e+06           0      0.03712      0.03712
  723   1.718e+06           0      0.03721      0.03721
  724   1.758e+06           0       0.0373       0.0373
  725   1.799e+06           0      0.03738      0.03738
  726   1.841e+06           0      0.03747      0.03747
  727   1.884e+06           0      0.03755      0.03755
  728   1.928e+06           0      0.03764      0.03764
  729   1.972e+06           0      0.03773      0.03773
  730   2.018e+06           0      0.03781      0.03781
  731   2.065e+06           0       0.0379       0.0379
  732   2.113e+06           0      0.03799      0.03799
  733   2.163e+06           0      0.03807      0.03807
  734   2.213e+06           0      0.03816      0.03816
  735   2.265e+06           0      0.03825      0.03825
  736   2.317e+06           0      0.03833      0.03833
  737   2.371e+06           0      0.03842      0.03842
  738   2.427e+06           0      0.03851      0.03851
  739   2.483e+06           0       0.0386       0.0386
  740   2.541e+06           0      0.03868      0.03868
  741     2.6e+06           0      0.03877      0.03877
  742   2.661e+06           0      0.03886      0.03886
  743   2.723e+06           0      0.03895      0.03895
  744   2.786e+06           0      0.03904      0.03904
  745   2.851e+06           0      0.03913      0.03913
  746   2.917e+06           0      0.03921      0.03921
  747   2.985e+06           0       0.0393       0.0393
  748   3.055e+06           0      0.03939      0.03939
  749   3.126e+06           0      0.03948      0.03948
  750   3.199e+06           0      0.03957      0.03957
  751   3.273e+06           0      0.03966      0.03966
  752    3.35e+06           0      0.03975      0.03975
  753   3.428e+06           0      0.03984      0.03984
  754   3.508e+06           0      0.03993      0.03993
  755   3.589e+06           0      0.04002      0.04002
  756   3.673e+06           0      0.04011      0.04011
  757   3.758e+06           0       0.0402       0.0402
  758   3.846e+06           0      0.04029      0.04029
  759   3.936e+06           0      0.04038      0.04038
  760   4.027e+06           0      0.04047      0.04047
  761   4.121e+06           0      0.04056      0.04056
  762   4.217e+06           0      0.04065      0.04065
  763   4.315e+06           0      0.04074      0.04074
  764   4.416e+06           0      0.04084      0.04084
  765   4.519e+06           0      0.04093      0.04093
  766   4.624e+06           0      0.04102      0.04102
  767   4.732e+06           0      0.04111      0.04111
  768   4.842e+06           0       0.0412       0.0412
  769   4.955e+06           0      0.04129      0.04129
  770    5.07e+06           0      0.04139      0.04139
  771   5.188e+06           0      0.04148      0.04148
  772   5.309e+06           0      0.04157      0.04157
  773   5.433e+06           0      0.04166      0.04166
  774   5.559e+06           0      0.04176      0.04176
  775   5.689e+06           0      0.04185      0.04185
  776   5.821e+06           0      0.04194      0.04194
  777   5.957e+06           0      0.04204      0.04204
  778   6.095e+06           0      0.04213      0.04213
  779   6.237e+06           0      0.04223      0.04223
  780   6.383e+06           0      0.04232      0.04232
  781   6.531e+06           0      0.04241      0.04241
  782   6.683e+06           0      0.04251      0.04251
  783   6.839e+06           0       0.0426       0.0426
  784   6.998e+06           0       0.0427       0.0427
  785   7.161e+06           0      0.04279      0.04279
  786   7.328e+06           0      0.04289      0.04289
  787   7.499e+06           0      0.04298      0.04298
  788   7.674e+06           0      0.04308      0.04308
  789   7.852e+06           0      0.04317      0.04317
  790   8.035e+06           0      0.04327      0.04327
  791   8.222e+06           0      0.04336      0.04336
  792   8.414e+06           0      0.04346      0.04346
  793    8.61e+06           0      0.04356      0.04356
  794    8.81e+06           0      0.04365      0.04365
  795   9.016e+06           0      0.04375      0.04375
  796   9.226e+06           0      0.04385      0.04385
  797   9.441e+06           0      0.04394      0.04394
  798   9.661e+06           0      0.04404      0.04404
  799   9.886e+06           0      0.04414      0.04414
-------------------------------------------------------------
### e- 5 GeV on G4_PbWO4 xs/X0= 2709.33
G4WT0 > ================== Deleting memory pools ===================
G4WT0 > Number of memory pools allocated: 9; of which, static: 0
G4WT0 > Dynamic pools deleted: 9 / Total memory freed: 0.021 MB
G4WT0 > ============================================================
================== Deleting memory pools ===================
Number of memory pools allocated: 4; of which, static: 0
Dynamic pools deleted: 4 / Total memory freed: 0.0058 MB
============================================================
