
        ############################################
        !!! WARNING - FPE detection is activated !!!
        ############################################

**************************************************************
 Geant4 version Name: geant4-11-02-ref-07 [MT]   (31-August-2024)
  << in Multi-threaded mode >> 
                       Copyright : Geant4 Collaboration
                      References : NIM A 506 (2003), 250-303
                                 : IEEE-TNS 53 (2006), 270-278
                                 : NIM A 835 (2016), 186-225
                             WWW : http://geant4.org/
**************************************************************

##### Hadr00 started for 1 threads #####
G4PhysListFactory::GetReferencePhysList <QGSP_BERT_HP>  EMoption= 0
<<< Geant4 Physics List simulation engine: QGSP_BERT_HP


/run/verbose 1
/tracking/verbose 0
/testhadr/TargetMat G4_Gd
/testhadr/targetElm Gd
/testhadr/TargetRadius 1 cm
/testhadr/TargetLength 10 cm
/run/printProgress 10
/process/em/verbose 0
/process/had/verbose 0
/run/initialize

==========================================================================================
G4TaskRunManager :: Using G4ThreadPool...
==========================================================================================

### Target consist of G4_Gd disks with R(mm)= 10  fLength(mm)= 100  ###

***** Table : Nb of materials = 3 *****

 Material:    G4_Al    density:  2.699 g/cm3   RadL:   8.896 cm   Nucl.Int.Length:  38.894 cm 
                       Imean: 166.000 eV   temperature: 293.15 K  pressure:   1.00 atm

   --->  Element: Al (Al)   Z = 13.0   N =    27   A = 26.982 g/mole
         --->  Isotope:  Al27   Z = 13   N =  27   A =  26.98 g/mole   abundance: 100.000 %
          ElmMassFraction: 100.00 %  ElmAbundance 100.00 % 


 Material: G4_Galactic    density:  0.000 mg/cm3  RadL: 204310098.490 pc   Nucl.Int.Length: 113427284.261 pc 
                       Imean:  21.800 eV   temperature:   2.73 K  pressure:   0.00 atm

   --->  Element: H (H)   Z =  1.0   N =     1   A =  1.008 g/mole
         --->  Isotope:    H1   Z =  1   N =   1   A =   1.01 g/mole   abundance: 99.989 %
         --->  Isotope:    H2   Z =  1   N =   2   A =   2.01 g/mole   abundance:  0.011 %
          ElmMassFraction: 100.00 %  ElmAbundance 100.00 % 


 Material:    G4_Gd    density:  7.900 g/cm3   RadL:   9.472 mm   Nucl.Int.Length:  23.912 cm 
                       Imean: 591.000 eV   temperature: 293.15 K  pressure:   1.00 atm

   --->  Element: Gd (Gd)   Z = 64.0   N =   157   A = 157.252 g/mole
         --->  Isotope: Gd152   Z = 64   N = 152   A = 151.92 g/mole   abundance:  0.200 %
         --->  Isotope: Gd154   Z = 64   N = 154   A = 153.92 g/mole   abundance:  2.180 %
         --->  Isotope: Gd155   Z = 64   N = 155   A = 154.92 g/mole   abundance: 14.800 %
         --->  Isotope: Gd156   Z = 64   N = 156   A = 155.92 g/mole   abundance: 20.470 %
         --->  Isotope: Gd157   Z = 64   N = 157   A = 156.92 g/mole   abundance: 15.650 %
         --->  Isotope: Gd158   Z = 64   N = 158   A = 157.92 g/mole   abundance: 24.840 %
         --->  Isotope: Gd160   Z = 64   N = 160   A = 159.93 g/mole   abundance: 21.860 %
          ElmMassFraction: 100.00 %  ElmAbundance 100.00 % 



/run/physicsModified
 G4CrossSectionHP::Initialise: Z=13 for neutronElasticHP minZ=0 maxZ=100
 G4CrossSectionHP::Initialise: Z=1 for neutronElasticHP minZ=0 maxZ=100
 G4CrossSectionHP::Initialise: Z=64 for neutronElasticHP minZ=0 maxZ=100
 G4CrossSectionHP::Initialise: Z=13 for neutronInelasticHP minZ=0 maxZ=100
 G4CrossSectionHP::Initialise: Z=1 for neutronInelasticHP minZ=0 maxZ=100
 G4CrossSectionHP::Initialise: Z=64 for neutronInelasticHP minZ=0 maxZ=100

=======================================================
======       ParticleHP Physics Parameters     ========
=======================================================
 Use only photo-evaporation      0
 Skip missing isotopes           0
 Neglect Doppler                 0
 Do not adjust final state       0
 Produce fission fragments       0
 Use WendtFissionModel           0
 Use NRESP71Model                0
 Use DBRC                        0
 PHP use Poisson                 0
 PHP check                       1
 CHECK HP NAMES                  0
 Enable DEBUG                    0
 Use probability tables from     njoy
=======================================================

 G4CrossSectionHP::Initialise: Z=13 for neutronCaptureHP minZ=0 maxZ=100
 G4CrossSectionHP::Initialise: Z=1 for neutronCaptureHP minZ=0 maxZ=100
 G4CrossSectionHP::Initialise: Z=64 for neutronCaptureHP minZ=0 maxZ=100

=========================================================================
--> G4TaskRunManager::CreateAndStartWorkers() --> Initializing workers...
=========================================================================

G4WT0 > /run/verbose 1
G4WT0 > /tracking/verbose 0
G4WT0 > /testhadr/targetElm Gd
G4WT0 > /run/printProgress 10
G4WT0 > /process/had/verbose 0
G4WT0 > /run/initialize 
G4WT0 > /run/physicsModified 
G4WT0 > /control/verbose 1
G4WT0 > /run/verbose 1
G4WT0 > /tracking/verbose 0
G4WT0 > /testhadr/targetElm Gd
G4WT0 > /run/printProgress 10
G4WT0 > /process/had/verbose 0
G4WT0 > /run/initialize 
G4WT0 > /run/physicsModified 
/gun/particle neutron
/gun/energy 1. MeV
/testhadr/minEnergy 0.1 keV
/testhadr/particle neutron
/testhadr/verbose 1
/process/eLoss/verbose 0
/run/beamOn 1

========= Table of registered couples ============================

Index : 0     used in the geometry : Yes
 Material : G4_Galactic
 Range cuts        :  gamma  700 um     e-  700 um     e+  700 um  proton 0 fm 
 Energy thresholds :  gamma  990 eV     e-  990 eV     e+  990 eV  proton 0 eV 
 Region(s) which use this couple : 
    DefaultRegionForTheWorld

Index : 1     used in the geometry : Yes
 Material : G4_Gd
 Range cuts        :  gamma  700 um     e-  700 um     e+  700 um  proton 0 fm 
 Energy thresholds :  gamma  57.366 keV    e-  786.023 keV    e+  744.241 keV proton 0 eV 
 Region(s) which use this couple : 
    DefaultRegionForTheWorld

==================================================================

### Run 0 starts.
### Run 0 start
G4WT0 > /gun/particle neutron
G4WT0 > /gun/energy 1. MeV
G4WT0 > /testhadr/minEnergy 0.1 keV
G4WT0 > /testhadr/particle neutron
G4WT0 > /testhadr/verbose 1

========================================================================================
--> G4TaskRunManager::CreateAndStartWorkers() --> Creating 1 tasks with 1 events/task...
========================================================================================

G4WT0 > ### Run 0 starts on worker thread 0.
G4WT0 > --> Event 0 starts with initial seeds (13049039,61775110).
G4WT0 > EventAction: Event # 0 started
G4WT0 > G4CrossSectionHP::IsoXS neutronCaptureHP  Z= 64  A= 152 Ekin(MeV)= 1  xs(b)= 0.387763  size=7
G4WT0 > G4CrossSectionHP::IsoXS neutronCaptureHP  Z= 64  A= 154 Ekin(MeV)= 1  xs(b)= 0.307674  size=7
G4WT0 > G4CrossSectionHP::IsoXS neutronCaptureHP  Z= 64  A= 155 Ekin(MeV)= 1  xs(b)= 0.378361  size=7
G4WT0 > G4CrossSectionHP::IsoXS neutronCaptureHP  Z= 64  A= 156 Ekin(MeV)= 1  xs(b)= 0.196855  size=7
G4WT0 > G4CrossSectionHP::IsoXS neutronCaptureHP  Z= 64  A= 157 Ekin(MeV)= 1  xs(b)= 0.197199  size=7
G4WT0 > G4CrossSectionHP::IsoXS neutronCaptureHP  Z= 64  A= 158 Ekin(MeV)= 1  xs(b)= 0.07533  size=7
G4WT0 > G4CrossSectionHP::IsoXS neutronCaptureHP  Z= 64  A= 160 Ekin(MeV)= 1  xs(b)= 0.0898  size=7
G4WT0 > G4CrossSectionHP::IsoXS neutronInelasticHP  Z= 64  A= 152 Ekin(MeV)= 1  xs(b)= 1.60315  size=7
G4WT0 > G4CrossSectionHP::IsoXS neutronInelasticHP  Z= 64  A= 154 Ekin(MeV)= 1  xs(b)= 1.87786  size=7
G4WT0 > G4CrossSectionHP::IsoXS neutronInelasticHP  Z= 64  A= 155 Ekin(MeV)= 1  xs(b)= 2.16965  size=7
G4WT0 > G4CrossSectionHP::IsoXS neutronInelasticHP  Z= 64  A= 156 Ekin(MeV)= 1  xs(b)= 1.62097  size=7
G4WT0 > G4CrossSectionHP::IsoXS neutronInelasticHP  Z= 64  A= 157 Ekin(MeV)= 1  xs(b)= 2.27131  size=7
G4WT0 > G4CrossSectionHP::IsoXS neutronInelasticHP  Z= 64  A= 158 Ekin(MeV)= 1  xs(b)= 1.46559  size=7
G4WT0 > G4CrossSectionHP::IsoXS neutronInelasticHP  Z= 64  A= 160 Ekin(MeV)= 1  xs(b)= 1.4375  size=7
G4WT0 > G4CrossSectionHP::IsoXS neutronElasticHP  Z= 64  A= 152 Ekin(MeV)= 1  xs(b)= 5.30246  size=7
G4WT0 > G4CrossSectionHP::IsoXS neutronElasticHP  Z= 64  A= 154 Ekin(MeV)= 1  xs(b)= 5.087  size=7
G4WT0 > G4CrossSectionHP::IsoXS neutronElasticHP  Z= 64  A= 155 Ekin(MeV)= 1  xs(b)= 5.07475  size=7
G4WT0 > G4CrossSectionHP::IsoXS neutronElasticHP  Z= 64  A= 156 Ekin(MeV)= 1  xs(b)= 5.31218  size=7
G4WT0 > G4CrossSectionHP::IsoXS neutronElasticHP  Z= 64  A= 157 Ekin(MeV)= 1  xs(b)= 4.69621  size=7
G4WT0 > G4CrossSectionHP::IsoXS neutronElasticHP  Z= 64  A= 158 Ekin(MeV)= 1  xs(b)= 5.1365  size=7
G4WT0 > G4CrossSectionHP::IsoXS neutronElasticHP  Z= 64  A= 160 Ekin(MeV)= 1  xs(b)= 5.14206  size=7
G4WT0 > G4CrossSectionHP::IsoXS neutronElasticHP  Z= 64  A= 152 Ekin(MeV)= 1  xs(b)= 5.30246  size=7
G4WT0 > G4CrossSectionHP::IsoXS neutronElasticHP  Z= 64  A= 154 Ekin(MeV)= 1  xs(b)= 5.087  size=7
G4WT0 > G4CrossSectionHP::IsoXS neutronElasticHP  Z= 64  A= 155 Ekin(MeV)= 1  xs(b)= 5.07475  size=7
G4WT0 > G4CrossSectionHP::IsoXS neutronElasticHP  Z= 64  A= 156 Ekin(MeV)= 1  xs(b)= 5.31218  size=7
G4WT0 > G4CrossSectionHP::IsoXS neutronElasticHP  Z= 64  A= 157 Ekin(MeV)= 1  xs(b)= 4.69621  size=7
G4WT0 > G4CrossSectionHP::IsoXS neutronElasticHP  Z= 64  A= 158 Ekin(MeV)= 1  xs(b)= 5.1365  size=7
G4WT0 > G4CrossSectionHP::IsoXS neutronElasticHP  Z= 64  A= 160 Ekin(MeV)= 1  xs(b)= 5.14206  size=7
G4WT0 > G4CrossSectionHP::IsoXS neutronCaptureHP  Z= 64  A= 152 Ekin(MeV)= 0.999552  xs(b)= 0.387832  size=7
G4WT0 > G4CrossSectionHP::IsoXS neutronCaptureHP  Z= 64  A= 154 Ekin(MeV)= 0.999552  xs(b)= 0.307696  size=7
G4WT0 > G4CrossSectionHP::IsoXS neutronCaptureHP  Z= 64  A= 155 Ekin(MeV)= 0.999552  xs(b)= 0.378451  size=7
G4WT0 > G4CrossSectionHP::IsoXS neutronCaptureHP  Z= 64  A= 156 Ekin(MeV)= 0.999552  xs(b)= 0.196818  size=7
G4WT0 > G4CrossSectionHP::IsoXS neutronCaptureHP  Z= 64  A= 157 Ekin(MeV)= 0.999552  xs(b)= 0.197241  size=7
G4WT0 > G4CrossSectionHP::IsoXS neutronCaptureHP  Z= 64  A= 158 Ekin(MeV)= 0.999552  xs(b)= 0.0753356  size=7
G4WT0 > G4CrossSectionHP::IsoXS neutronCaptureHP  Z= 64  A= 160 Ekin(MeV)= 0.999552  xs(b)= 0.0897809  size=7
G4WT0 > G4CrossSectionHP::IsoXS neutronInelasticHP  Z= 64  A= 152 Ekin(MeV)= 0.999552  xs(b)= 1.60215  size=7
G4WT0 > G4CrossSectionHP::IsoXS neutronInelasticHP  Z= 64  A= 154 Ekin(MeV)= 0.999552  xs(b)= 1.87734  size=7
G4WT0 > G4CrossSectionHP::IsoXS neutronInelasticHP  Z= 64  A= 155 Ekin(MeV)= 0.999552  xs(b)= 2.16935  size=7
G4WT0 > G4CrossSectionHP::IsoXS neutronInelasticHP  Z= 64  A= 156 Ekin(MeV)= 0.999552  xs(b)= 1.62089  size=7
G4WT0 > G4CrossSectionHP::IsoXS neutronInelasticHP  Z= 64  A= 157 Ekin(MeV)= 0.999552  xs(b)= 2.27103  size=7
G4WT0 > G4CrossSectionHP::IsoXS neutronInelasticHP  Z= 64  A= 158 Ekin(MeV)= 0.999552  xs(b)= 1.46349  size=7
G4WT0 > G4CrossSectionHP::IsoXS neutronInelasticHP  Z= 64  A= 160 Ekin(MeV)= 0.999552  xs(b)= 1.43731  size=7
G4WT0 > G4CrossSectionHP::IsoXS neutronElasticHP  Z= 64  A= 152 Ekin(MeV)= 0.999552  xs(b)= 5.30342  size=7
G4WT0 > G4CrossSectionHP::IsoXS neutronElasticHP  Z= 64  A= 154 Ekin(MeV)= 0.999552  xs(b)= 5.08748  size=7
G4WT0 > G4CrossSectionHP::IsoXS neutronElasticHP  Z= 64  A= 155 Ekin(MeV)= 0.999552  xs(b)= 5.07481  size=7
G4WT0 > G4CrossSectionHP::IsoXS neutronElasticHP  Z= 64  A= 156 Ekin(MeV)= 0.999552  xs(b)= 5.31183  size=7
G4WT0 > G4CrossSectionHP::IsoXS neutronElasticHP  Z= 64  A= 157 Ekin(MeV)= 0.999552  xs(b)= 4.69592  size=7
G4WT0 > G4CrossSectionHP::IsoXS neutronElasticHP  Z= 64  A= 158 Ekin(MeV)= 0.999552  xs(b)= 5.13812  size=7
G4WT0 > G4CrossSectionHP::IsoXS neutronElasticHP  Z= 64  A= 160 Ekin(MeV)= 0.999552  xs(b)= 5.14181  size=7
G4WT0 > G4CrossSectionHP::IsoXS neutronElasticHP  Z= 64  A= 152 Ekin(MeV)= 0.999552  xs(b)= 5.30342  size=7
G4WT0 > G4CrossSectionHP::IsoXS neutronElasticHP  Z= 64  A= 154 Ekin(MeV)= 0.999552  xs(b)= 5.08748  size=7
G4WT0 > G4CrossSectionHP::IsoXS neutronElasticHP  Z= 64  A= 155 Ekin(MeV)= 0.999552  xs(b)= 5.07481  size=7
G4WT0 > G4CrossSectionHP::IsoXS neutronElasticHP  Z= 64  A= 156 Ekin(MeV)= 0.999552  xs(b)= 5.31183  size=7
G4WT0 > G4CrossSectionHP::IsoXS neutronElasticHP  Z= 64  A= 157 Ekin(MeV)= 0.999552  xs(b)= 4.69592  size=7
G4WT0 > G4CrossSectionHP::IsoXS neutronElasticHP  Z= 64  A= 158 Ekin(MeV)= 0.999552  xs(b)= 5.13812  size=7
G4WT0 > G4CrossSectionHP::IsoXS neutronElasticHP  Z= 64  A= 160 Ekin(MeV)= 0.999552  xs(b)= 5.14181  size=7
G4WT0 > G4CrossSectionHP::IsoXS neutronCaptureHP  Z= 64  A= 152 Ekin(MeV)= 0.99073  xs(b)= 0.389186  size=7
G4WT0 > G4CrossSectionHP::IsoXS neutronCaptureHP  Z= 64  A= 154 Ekin(MeV)= 0.99073  xs(b)= 0.308133  size=7
G4WT0 > G4CrossSectionHP::IsoXS neutronCaptureHP  Z= 64  A= 155 Ekin(MeV)= 0.99073  xs(b)= 0.380231  size=7
G4WT0 > G4CrossSectionHP::IsoXS neutronCaptureHP  Z= 64  A= 156 Ekin(MeV)= 0.99073  xs(b)= 0.196096  size=7
G4WT0 > G4CrossSectionHP::IsoXS neutronCaptureHP  Z= 64  A= 157 Ekin(MeV)= 0.99073  xs(b)= 0.198066  size=7
G4WT0 > G4CrossSectionHP::IsoXS neutronCaptureHP  Z= 64  A= 158 Ekin(MeV)= 0.99073  xs(b)= 0.0754453  size=7
G4WT0 > G4CrossSectionHP::IsoXS neutronCaptureHP  Z= 64  A= 160 Ekin(MeV)= 0.99073  xs(b)= 0.0894061  size=7
G4WT0 > G4CrossSectionHP::IsoXS neutronInelasticHP  Z= 64  A= 152 Ekin(MeV)= 0.99073  xs(b)= 1.58257  size=7
G4WT0 > G4CrossSectionHP::IsoXS neutronInelasticHP  Z= 64  A= 154 Ekin(MeV)= 0.99073  xs(b)= 1.86714  size=7
G4WT0 > G4CrossSectionHP::IsoXS neutronInelasticHP  Z= 64  A= 155 Ekin(MeV)= 0.99073  xs(b)= 2.16343  size=7
G4WT0 > G4CrossSectionHP::IsoXS neutronInelasticHP  Z= 64  A= 156 Ekin(MeV)= 0.99073  xs(b)= 1.61928  size=7
G4WT0 > G4CrossSectionHP::IsoXS neutronInelasticHP  Z= 64  A= 157 Ekin(MeV)= 0.99073  xs(b)= 2.26567  size=7
G4WT0 > G4CrossSectionHP::IsoXS neutronInelasticHP  Z= 64  A= 158 Ekin(MeV)= 0.99073  xs(b)= 1.42214  size=7
G4WT0 > G4CrossSectionHP::IsoXS neutronInelasticHP  Z= 64  A= 160 Ekin(MeV)= 0.99073  xs(b)= 1.43357  size=7
G4WT0 > G4CrossSectionHP::IsoXS neutronElasticHP  Z= 64  A= 152 Ekin(MeV)= 0.99073  xs(b)= 5.32235  size=7
G4WT0 > G4CrossSectionHP::IsoXS neutronElasticHP  Z= 64  A= 154 Ekin(MeV)= 0.99073  xs(b)= 5.09705  size=7
G4WT0 > G4CrossSectionHP::IsoXS neutronElasticHP  Z= 64  A= 155 Ekin(MeV)= 0.99073  xs(b)= 5.07602  size=7
G4WT0 > G4CrossSectionHP::IsoXS neutronElasticHP  Z= 64  A= 156 Ekin(MeV)= 0.99073  xs(b)= 5.30498  size=7
G4WT0 > G4CrossSectionHP::IsoXS neutronElasticHP  Z= 64  A= 157 Ekin(MeV)= 0.99073  xs(b)= 4.69028  size=7
G4WT0 > G4CrossSectionHP::IsoXS neutronElasticHP  Z= 64  A= 158 Ekin(MeV)= 0.99073  xs(b)= 5.17005  size=7
G4WT0 > G4CrossSectionHP::IsoXS neutronElasticHP  Z= 64  A= 160 Ekin(MeV)= 0.99073  xs(b)= 5.13674  size=7
G4WT0 > G4CrossSectionHP::IsoXS neutronCaptureHP  Z= 1  A= 1 Ekin(MeV)= 0.99073  xs(b)= 3.36715e-05  size=2
G4WT0 > G4CrossSectionHP::IsoXS neutronCaptureHP  Z= 1  A= 2 Ekin(MeV)= 0.99073  xs(b)= 5.83504e-06  size=2
G4WT0 > G4CrossSectionHP::IsoXS neutronInelasticHP  Z= 1  A= 2 Ekin(MeV)= 0.99073  xs(b)= 0  size=2
G4WT0 > G4CrossSectionHP::IsoXS neutronElasticHP  Z= 1  A= 1 Ekin(MeV)= 0.99073  xs(b)= 4.26885  size=2
G4WT0 > G4CrossSectionHP::IsoXS neutronElasticHP  Z= 1  A= 2 Ekin(MeV)= 0.99073  xs(b)= 2.85715  size=2
G4WT0 > [thread 0] Thread-local run terminated.
G4WT0 > [thread 0] Run Summary
G4WT0 > [thread 0]   Number of events processed : 1
G4WT0 > [thread 0]   User=0.000000s Real=0.000322s Sys=0.000000s [Cpu=0.0%]
 Run terminated.
Run Summary
  Number of events processed : 1
  User=0.000000s Real=0.001011s Sys=0.000000s [Cpu=0.0%]
RunAction: End of run actions are started
HistoManager: End of run actions are started
### Fill Cross Sections for neutron off Gd
-------------------------------------------------------------
    N     E(MeV)   Elastic(b)   Inelastic(b) Capture(b)   Fission(b)   Total(b)
-------------------------------------------------------------
    0   0.0001122### ekin(eV)=112.2 e0(eV)=0.02526
     1) sig(eV)=0.345 y(b)=7.829
     2) sig(eV)=0.345 y(b)=7.874
     3) sig(eV)=0.345 y(b)=7.88
G4CrossSectionHP::IsoXS neutronElasticHP  Z= 64  A= 152 Ekin(MeV)= 0.0001122  xs(b)= 7.861  size=7
### ekin(eV)=112.2 e0(eV)=0.02526
     1) sig(eV)=0.3428 y(b)=1.692
     2) sig(eV)=0.3428 y(b)=1.721
     3) sig(eV)=0.3428 y(b)=1.706
G4CrossSectionHP::IsoXS neutronElasticHP  Z= 64  A= 154 Ekin(MeV)= 0.0001122  xs(b)= 1.706  size=7
### ekin(eV)=112.2 e0(eV)=0.02526
     1) sig(eV)=0.3417 y(b)=1.151
     2) sig(eV)=0.3417 y(b)=0.7092
     3) sig(eV)=0.3417 y(b)=0.9881
     4) sig(eV)=0.3417 y(b)=0.8958
     5) sig(eV)=0.3417 y(b)=1.922
     6) sig(eV)=0.3417 y(b)=2.167
     7) sig(eV)=0.3417 y(b)=0.9817
     8) sig(eV)=0.3417 y(b)=0.9463
     9) sig(eV)=0.3417 y(b)=0.9265
     10) sig(eV)=0.3417 y(b)=1.03
     11) sig(eV)=0.3417 y(b)=0.752
     12) sig(eV)=0.3417 y(b)=0.7902
     13) sig(eV)=0.3417 y(b)=1.224
     14) sig(eV)=0.3417 y(b)=1.024
     15) sig(eV)=0.3417 y(b)=0.494
     16) sig(eV)=0.3417 y(b)=1.468
     17) sig(eV)=0.3417 y(b)=7.139
     18) sig(eV)=0.3417 y(b)=51.16
     19) sig(eV)=0.3417 y(b)=110.1
     20) sig(eV)=0.3417 y(b)=46.42
G4CrossSectionHP::IsoXS neutronElasticHP  Z= 64  A= 155 Ekin(MeV)= 0.0001122  xs(b)= 11.62  size=7
### ekin(eV)=112.2 e0(eV)=0.02526
     1) sig(eV)=0.3406 y(b)=6.381
     2) sig(eV)=0.3406 y(b)=6.377
     3) sig(eV)=0.3406 y(b)=6.388
G4CrossSectionHP::IsoXS neutronElasticHP  Z= 64  A= 156 Ekin(MeV)= 0.0001122  xs(b)= 6.382  size=7
### ekin(eV)=112.2 e0(eV)=0.02526
     1) sig(eV)=0.3395 y(b)=5.172
     2) sig(eV)=0.3395 y(b)=6.012
     3) sig(eV)=0.3395 y(b)=7.288
     4) sig(eV)=0.3395 y(b)=6.575
     5) sig(eV)=0.3395 y(b)=8.196
     6) sig(eV)=0.3395 y(b)=8.828
     7) sig(eV)=0.3395 y(b)=10.01
     8) sig(eV)=0.3395 y(b)=8.935
     9) sig(eV)=0.3395 y(b)=11.09
     10) sig(eV)=0.3395 y(b)=15.97
     11) sig(eV)=0.3395 y(b)=11.79
     12) sig(eV)=0.3395 y(b)=15.19
     13) sig(eV)=0.3395 y(b)=13.6
     14) sig(eV)=0.3395 y(b)=9.013
     15) sig(eV)=0.3395 y(b)=9.06
     16) sig(eV)=0.3395 y(b)=11.41
     17) sig(eV)=0.3395 y(b)=14.27
     18) sig(eV)=0.3395 y(b)=12.42
     19) sig(eV)=0.3395 y(b)=12.46
     20) sig(eV)=0.3395 y(b)=12.77
G4CrossSectionHP::IsoXS neutronElasticHP  Z= 64  A= 157 Ekin(MeV)= 0.0001122  xs(b)= 10.5  size=7
### ekin(eV)=112.2 e0(eV)=0.02526
     1) sig(eV)=0.3384 y(b)=3.498
     2) sig(eV)=0.3384 y(b)=3.498
     3) sig(eV)=0.3384 y(b)=3.498
G4CrossSectionHP::IsoXS neutronElasticHP  Z= 64  A= 158 Ekin(MeV)= 0.0001122  xs(b)= 3.498  size=7
### ekin(eV)=112.2 e0(eV)=0.02526
     1) sig(eV)=0.3363 y(b)=3.514
     2) sig(eV)=0.3363 y(b)=3.514
     3) sig(eV)=0.3363 y(b)=3.514
G4CrossSectionHP::IsoXS neutronElasticHP  Z= 64  A= 160 Ekin(MeV)= 0.0001122  xs(b)= 3.514  size=7
       6.359### ekin(eV)=112.2 e0(eV)=0.02526
     1) sig(eV)=0.345 y(b)=0.0004175
     2) sig(eV)=0.345 y(b)=0.0004189
     3) sig(eV)=0.345 y(b)=0.0004147
G4CrossSectionHP::IsoXS neutronInelasticHP  Z= 64  A= 152 Ekin(MeV)= 0.0001122  xs(b)= 0.000417  size=7
### ekin(eV)=112.2 e0(eV)=0.02526
     1) sig(eV)=0.3428 y(b)=0
     2) sig(eV)=0.3428 y(b)=0
     3) sig(eV)=0.3428 y(b)=0
G4CrossSectionHP::IsoXS neutronInelasticHP  Z= 64  A= 154 Ekin(MeV)= 0.0001122  xs(b)= 0  size=7
### ekin(eV)=112.2 e0(eV)=0.02526
     1) sig(eV)=0.3417 y(b)=1.141e-10
     2) sig(eV)=0.3417 y(b)=1.143e-10
     3) sig(eV)=0.3417 y(b)=1.142e-10
G4CrossSectionHP::IsoXS neutronInelasticHP  Z= 64  A= 155 Ekin(MeV)= 0.0001122  xs(b)= 1.142e-10  size=7
### ekin(eV)=112.2 e0(eV)=0.02526
     1) sig(eV)=0.3406 y(b)=1.133e-10
     2) sig(eV)=0.3406 y(b)=1.132e-10
     3) sig(eV)=0.3406 y(b)=1.132e-10
G4CrossSectionHP::IsoXS neutronInelasticHP  Z= 64  A= 156 Ekin(MeV)= 0.0001122  xs(b)= 1.132e-10  size=7
### ekin(eV)=112.2 e0(eV)=0.02526
     1) sig(eV)=0.3395 y(b)=4.718e-11
     2) sig(eV)=0.3395 y(b)=4.712e-11
     3) sig(eV)=0.3395 y(b)=4.709e-11
G4CrossSectionHP::IsoXS neutronInelasticHP  Z= 64  A= 157 Ekin(MeV)= 0.0001122  xs(b)= 4.713e-11  size=7
### ekin(eV)=112.2 e0(eV)=0.02526
     1) sig(eV)=0.3384 y(b)=4.747e-11
     2) sig(eV)=0.3384 y(b)=4.742e-11
     3) sig(eV)=0.3384 y(b)=4.731e-11
G4CrossSectionHP::IsoXS neutronInelasticHP  Z= 64  A= 158 Ekin(MeV)= 0.0001122  xs(b)= 4.74e-11  size=7
### ekin(eV)=112.2 e0(eV)=0.02526
     1) sig(eV)=0.3363 y(b)=7.374e-11
     2) sig(eV)=0.3363 y(b)=7.382e-11
     3) sig(eV)=0.3363 y(b)=7.4e-11
G4CrossSectionHP::IsoXS neutronInelasticHP  Z= 64  A= 160 Ekin(MeV)= 0.0001122  xs(b)= 7.385e-11  size=7
    8.341e-07### ekin(eV)=112.2 e0(eV)=0.02526
     1) sig(eV)=0.345 y(b)=0.0004213
     2) sig(eV)=0.345 y(b)=0.0004249
     3) sig(eV)=0.345 y(b)=0.0004206
G4CrossSectionHP::IsoXS neutronInelasticHP  Z= 64  A= 152 Ekin(MeV)= 0.0001122  xs(b)= 0.0004223  size=7
### ekin(eV)=112.2 e0(eV)=0.02526
     1) sig(eV)=0.3428 y(b)=0
     2) sig(eV)=0.3428 y(b)=0
     3) sig(eV)=0.3428 y(b)=0
G4CrossSectionHP::IsoXS neutronInelasticHP  Z= 64  A= 154 Ekin(MeV)= 0.0001122  xs(b)= 0  size=7
### ekin(eV)=112.2 e0(eV)=0.02526
     1) sig(eV)=0.3417 y(b)=1.142e-10
     2) sig(eV)=0.3417 y(b)=1.141e-10
     3) sig(eV)=0.3417 y(b)=1.14e-10
G4CrossSectionHP::IsoXS neutronInelasticHP  Z= 64  A= 155 Ekin(MeV)= 0.0001122  xs(b)= 1.141e-10  size=7
### ekin(eV)=112.2 e0(eV)=0.02526
     1) sig(eV)=0.3406 y(b)=1.135e-10
     2) sig(eV)=0.3406 y(b)=1.134e-10
     3) sig(eV)=0.3406 y(b)=1.134e-10
G4CrossSectionHP::IsoXS neutronInelasticHP  Z= 64  A= 156 Ekin(MeV)= 0.0001122  xs(b)= 1.134e-10  size=7
### ekin(eV)=112.2 e0(eV)=0.02526
     1) sig(eV)=0.3395 y(b)=4.719e-11
     2) sig(eV)=0.3395 y(b)=4.718e-11
     3) sig(eV)=0.3395 y(b)=4.711e-11
G4CrossSectionHP::IsoXS neutronInelasticHP  Z= 64  A= 157 Ekin(MeV)= 0.0001122  xs(b)= 4.716e-11  size=7
### ekin(eV)=112.2 e0(eV)=0.02526
     1) sig(eV)=0.3384 y(b)=4.743e-11
     2) sig(eV)=0.3384 y(b)=4.754e-11
     3) sig(eV)=0.3384 y(b)=4.749e-11
G4CrossSectionHP::IsoXS neutronInelasticHP  Z= 64  A= 158 Ekin(MeV)= 0.0001122  xs(b)= 4.748e-11  size=7
### ekin(eV)=112.2 e0(eV)=0.02526
     1) sig(eV)=0.3363 y(b)=7.384e-11
     2) sig(eV)=0.3363 y(b)=7.379e-11
     3) sig(eV)=0.3363 y(b)=7.376e-11
G4CrossSectionHP::IsoXS neutronInelasticHP  Z= 64  A= 160 Ekin(MeV)= 0.0001122  xs(b)= 7.38e-11  size=7
### ekin(eV)=112.2 e0(eV)=0.02526
     1) sig(eV)=0.345 y(b)=7.923
     2) sig(eV)=0.345 y(b)=7.938
     3) sig(eV)=0.345 y(b)=7.88
G4CrossSectionHP::IsoXS neutronElasticHP  Z= 64  A= 152 Ekin(MeV)= 0.0001122  xs(b)= 7.914  size=7
### ekin(eV)=112.2 e0(eV)=0.02526
     1) sig(eV)=0.3428 y(b)=1.583
     2) sig(eV)=0.3428 y(b)=1.614
     3) sig(eV)=0.3428 y(b)=1.58
G4CrossSectionHP::IsoXS neutronElasticHP  Z= 64  A= 154 Ekin(MeV)= 0.0001122  xs(b)= 1.592  size=7
### ekin(eV)=112.2 e0(eV)=0.02526
     1) sig(eV)=0.3417 y(b)=0.917
     2) sig(eV)=0.3417 y(b)=0.6142
     3) sig(eV)=0.3417 y(b)=0.4882
     4) sig(eV)=0.3417 y(b)=15.38
     5) sig(eV)=0.3417 y(b)=12.77
     6) sig(eV)=0.3417 y(b)=0.5648
     7) sig(eV)=0.3417 y(b)=1.431
     8) sig(eV)=0.3417 y(b)=2.136
     9) sig(eV)=0.3417 y(b)=1.549
     10) sig(eV)=0.3417 y(b)=0.5392
     11) sig(eV)=0.3417 y(b)=1.223
     12) sig(eV)=0.3417 y(b)=1.439
     13) sig(eV)=0.3417 y(b)=1.449
     14) sig(eV)=0.3417 y(b)=2.218
     15) sig(eV)=0.3417 y(b)=2.473
     16) sig(eV)=0.3417 y(b)=2.089
     17) sig(eV)=0.3417 y(b)=1.974
     18) sig(eV)=0.3417 y(b)=1.835
     19) sig(eV)=0.3417 y(b)=1.8
     20) sig(eV)=0.3417 y(b)=1.677
G4CrossSectionHP::IsoXS neutronElasticHP  Z= 64  A= 155 Ekin(MeV)= 0.0001122  xs(b)= 2.728  size=7
### ekin(eV)=112.2 e0(eV)=0.02526
     1) sig(eV)=0.3406 y(b)=6.384
     2) sig(eV)=0.3406 y(b)=6.375
     3) sig(eV)=0.3406 y(b)=6.382
G4CrossSectionHP::IsoXS neutronElasticHP  Z= 64  A= 156 Ekin(MeV)= 0.0001122  xs(b)= 6.381  size=7
### ekin(eV)=112.2 e0(eV)=0.02526
     1) sig(eV)=0.3395 y(b)=5.15
     2) sig(eV)=0.3395 y(b)=4.884
     3) sig(eV)=0.3395 y(b)=5.725
G4CrossSectionHP::IsoXS neutronElasticHP  Z= 64  A= 157 Ekin(MeV)= 0.0001122  xs(b)= 5.253  size=7
### ekin(eV)=112.2 e0(eV)=0.02526
     1) sig(eV)=0.3384 y(b)=3.5
     2) sig(eV)=0.3384 y(b)=3.5
     3) sig(eV)=0.3384 y(b)=3.499
G4CrossSectionHP::IsoXS neutronElasticHP  Z= 64  A= 158 Ekin(MeV)= 0.0001122  xs(b)= 3.499  size=7
### ekin(eV)=112.2 e0(eV)=0.02526
     1) sig(eV)=0.3363 y(b)=3.513
     2) sig(eV)=0.3363 y(b)=3.514
     3) sig(eV)=0.3363 y(b)=3.514
G4CrossSectionHP::IsoXS neutronElasticHP  Z= 64  A= 160 Ekin(MeV)= 0.0001122  xs(b)= 3.514  size=7
### ekin(eV)=112.2 e0(eV)=0.02526
     1) sig(eV)=0.345 y(b)=0.2572
     2) sig(eV)=0.345 y(b)=0.2584
     3) sig(eV)=0.345 y(b)=0.2593
G4CrossSectionHP::IsoXS neutronCaptureHP  Z= 64  A= 152 Ekin(MeV)= 0.0001122  xs(b)= 0.2583  size=7
### ekin(eV)=112.2 e0(eV)=0.02526
     1) sig(eV)=0.3428 y(b)=0.7236
     2) sig(eV)=0.3428 y(b)=0.7178
     3) sig(eV)=0.3428 y(b)=0.7172
G4CrossSectionHP::IsoXS neutronCaptureHP  Z= 64  A= 154 Ekin(MeV)= 0.0001122  xs(b)= 0.7195  size=7
### ekin(eV)=112.2 e0(eV)=0.02526
     1) sig(eV)=0.3417 y(b)=17.1
     2) sig(eV)=0.3417 y(b)=52.15
     3) sig(eV)=0.3417 y(b)=247.1
     4) sig(eV)=0.3417 y(b)=26.32
     5) sig(eV)=0.3417 y(b)=21.26
     6) sig(eV)=0.3417 y(b)=39.96
     7) sig(eV)=0.3417 y(b)=17.49
     8) sig(eV)=0.3417 y(b)=16.51
     9) sig(eV)=0.3417 y(b)=15.39
     10) sig(eV)=0.3417 y(b)=16.67
     11) sig(eV)=0.3417 y(b)=70.93
     12) sig(eV)=0.3417 y(b)=47.77
     13) sig(eV)=0.3417 y(b)=56.74
     14) sig(eV)=0.3417 y(b)=951.2
     15) sig(eV)=0.3417 y(b)=944.7
     16) sig(eV)=0.3417 y(b)=33.57
     17) sig(eV)=0.3417 y(b)=32.22
     18) sig(eV)=0.3417 y(b)=55.47
     19) sig(eV)=0.3417 y(b)=40.85
     20) sig(eV)=0.3417 y(b)=774.4
G4CrossSectionHP::IsoXS neutronCaptureHP  Z= 64  A= 155 Ekin(MeV)= 0.0001122  xs(b)= 173.9  size=7
### ekin(eV)=112.2 e0(eV)=0.02526
     1) sig(eV)=0.3406 y(b)=0.07694
     2) sig(eV)=0.3406 y(b)=0.07654
     3) sig(eV)=0.3406 y(b)=0.07675
G4CrossSectionHP::IsoXS neutronCaptureHP  Z= 64  A= 156 Ekin(MeV)= 0.0001122  xs(b)= 0.07675  size=7
### ekin(eV)=112.2 e0(eV)=0.02526
     1) sig(eV)=0.3395 y(b)=5.895
     2) sig(eV)=0.3395 y(b)=5.137
     3) sig(eV)=0.3395 y(b)=4.997
G4CrossSectionHP::IsoXS neutronCaptureHP  Z= 64  A= 157 Ekin(MeV)= 0.0001122  xs(b)= 5.343  size=7
### ekin(eV)=112.2 e0(eV)=0.02526
     1) sig(eV)=0.3384 y(b)=0.03026
     2) sig(eV)=0.3384 y(b)=0.03028
     3) sig(eV)=0.3384 y(b)=0.03029
G4CrossSectionHP::IsoXS neutronCaptureHP  Z= 64  A= 158 Ekin(MeV)= 0.0001122  xs(b)= 0.03028  size=7
### ekin(eV)=112.2 e0(eV)=0.02526
     1) sig(eV)=0.3363 y(b)=0.01398
     2) sig(eV)=0.3363 y(b)=0.01399
     3) sig(eV)=0.3363 y(b)=0.01399
G4CrossSectionHP::IsoXS neutronCaptureHP  Z= 64  A= 160 Ekin(MeV)= 0.0001122  xs(b)= 0.01399  size=7
        26.61            0        32.97
    1   0.0001413### ekin(eV)=141.3 e0(eV)=0.02526
     1) sig(eV)=0.345 y(b)=95.58
     2) sig(eV)=0.345 y(b)=133.9
     3) sig(eV)=0.345 y(b)=156.5
     4) sig(eV)=0.345 y(b)=143.6
     5) sig(eV)=0.345 y(b)=128.8
     6) sig(eV)=0.345 y(b)=104.4
     7) sig(eV)=0.345 y(b)=88.23
     8) sig(eV)=0.345 y(b)=127.8
     9) sig(eV)=0.345 y(b)=212.2
     10) sig(eV)=0.345 y(b)=138.1
     11) sig(eV)=0.345 y(b)=216.2
     12) sig(eV)=0.345 y(b)=134.1
     13) sig(eV)=0.345 y(b)=167.3
     14) sig(eV)=0.345 y(b)=379.7
     15) sig(eV)=0.345 y(b)=301.4
     16) sig(eV)=0.345 y(b)=204.4
     17) sig(eV)=0.345 y(b)=191.1
     18) sig(eV)=0.345 y(b)=114.2
     19) sig(eV)=0.345 y(b)=129.6
     20) sig(eV)=0.345 y(b)=484.5
G4CrossSectionHP::IsoXS neutronElasticHP  Z= 64  A= 152 Ekin(MeV)= 0.0001413  xs(b)= 182.6  size=7
### ekin(eV)=141.3 e0(eV)=0.02526
     1) sig(eV)=0.3428 y(b)=41.75
     2) sig(eV)=0.3428 y(b)=55.14
     3) sig(eV)=0.3428 y(b)=54.84
     4) sig(eV)=0.3428 y(b)=52.43
     5) sig(eV)=0.3428 y(b)=60.41
     6) sig(eV)=0.3428 y(b)=60.15
     7) sig(eV)=0.3428 y(b)=63.72
     8) sig(eV)=0.3428 y(b)=56.57
     9) sig(eV)=0.3428 y(b)=42.72
     10) sig(eV)=0.3428 y(b)=37.58
     11) sig(eV)=0.3428 y(b)=39.98
     12) sig(eV)=0.3428 y(b)=38.69
     13) sig(eV)=0.3428 y(b)=40.69
     14) sig(eV)=0.3428 y(b)=43.12
     15) sig(eV)=0.3428 y(b)=39.71
     16) sig(eV)=0.3428 y(b)=44.24
     17) sig(eV)=0.3428 y(b)=57.27
     18) sig(eV)=0.3428 y(b)=61.37
     19) sig(eV)=0.3428 y(b)=71.92
     20) sig(eV)=0.3428 y(b)=68.65
G4CrossSectionHP::IsoXS neutronElasticHP  Z= 64  A= 154 Ekin(MeV)= 0.0001413  xs(b)= 51.55  size=7
### ekin(eV)=141.3 e0(eV)=0.02526
     1) sig(eV)=0.3417 y(b)=5.771
     2) sig(eV)=0.3417 y(b)=8.114
     3) sig(eV)=0.3417 y(b)=5.928
     4) sig(eV)=0.3417 y(b)=7.057
     5) sig(eV)=0.3417 y(b)=7.116
     6) sig(eV)=0.3417 y(b)=7.42
     7) sig(eV)=0.3417 y(b)=7.875
     8) sig(eV)=0.3417 y(b)=7.5
     9) sig(eV)=0.3417 y(b)=7.775
     10) sig(eV)=0.3417 y(b)=7.504
     11) sig(eV)=0.3417 y(b)=6.807
     12) sig(eV)=0.3417 y(b)=7.246
G4CrossSectionHP::IsoXS neutronElasticHP  Z= 64  A= 155 Ekin(MeV)= 0.0001413  xs(b)= 7.176  size=7
### ekin(eV)=141.3 e0(eV)=0.02526
     1) sig(eV)=0.3406 y(b)=4.197
     2) sig(eV)=0.3406 y(b)=4.168
     3) sig(eV)=0.3406 y(b)=4.199
G4CrossSectionHP::IsoXS neutronElasticHP  Z= 64  A= 156 Ekin(MeV)= 0.0001413  xs(b)= 4.188  size=7
### ekin(eV)=141.3 e0(eV)=0.02526
     1) sig(eV)=0.3395 y(b)=1.008
     2) sig(eV)=0.3395 y(b)=0.5781
     3) sig(eV)=0.3395 y(b)=1.752
     4) sig(eV)=0.3395 y(b)=2.618
     5) sig(eV)=0.3395 y(b)=3.427
     6) sig(eV)=0.3395 y(b)=2.862
     7) sig(eV)=0.3395 y(b)=4.328
     8) sig(eV)=0.3395 y(b)=4.457
     9) sig(eV)=0.3395 y(b)=6.166
     10) sig(eV)=0.3395 y(b)=7.887
     11) sig(eV)=0.3395 y(b)=10.17
     12) sig(eV)=0.3395 y(b)=6.617
     13) sig(eV)=0.3395 y(b)=8.963
     14) sig(eV)=0.3395 y(b)=8.149
     15) sig(eV)=0.3395 y(b)=10.96
     16) sig(eV)=0.3395 y(b)=5.483
     17) sig(eV)=0.3395 y(b)=4.655
     18) sig(eV)=0.3395 y(b)=4.535
     19) sig(eV)=0.3395 y(b)=5.761
     20) sig(eV)=0.3395 y(b)=4.212
G4CrossSectionHP::IsoXS neutronElasticHP  Z= 64  A= 157 Ekin(MeV)= 0.0001413  xs(b)= 5.229  size=7
### ekin(eV)=141.3 e0(eV)=0.02526
     1) sig(eV)=0.3384 y(b)=3.365
     2) sig(eV)=0.3384 y(b)=3.366
     3) sig(eV)=0.3384 y(b)=3.366
G4CrossSectionHP::IsoXS neutronElasticHP  Z= 64  A= 158 Ekin(MeV)= 0.0001413  xs(b)= 3.366  size=7
### ekin(eV)=141.3 e0(eV)=0.02526
     1) sig(eV)=0.3363 y(b)=3.433
     2) sig(eV)=0.3363 y(b)=3.433
     3) sig(eV)=0.3363 y(b)=3.433
G4CrossSectionHP::IsoXS neutronElasticHP  Z= 64  A= 160 Ekin(MeV)= 0.0001413  xs(b)= 3.433  size=7
       5.813### ekin(eV)=141.3 e0(eV)=0.02526
     1) sig(eV)=0.345 y(b)=0.0007637
     2) sig(eV)=0.345 y(b)=0.000762
     3) sig(eV)=0.345 y(b)=0.0007627
G4CrossSectionHP::IsoXS neutronInelasticHP  Z= 64  A= 152 Ekin(MeV)= 0.0001413  xs(b)= 0.0007628  size=7
### ekin(eV)=141.3 e0(eV)=0.02526
     1) sig(eV)=0.3428 y(b)=0
     2) sig(eV)=0.3428 y(b)=0
     3) sig(eV)=0.3428 y(b)=0
G4CrossSectionHP::IsoXS neutronInelasticHP  Z= 64  A= 154 Ekin(MeV)= 0.0001413  xs(b)= 0  size=7
### ekin(eV)=141.3 e0(eV)=0.02526
     1) sig(eV)=0.3417 y(b)=1.432e-10
     2) sig(eV)=0.3417 y(b)=1.432e-10
     3) sig(eV)=0.3417 y(b)=1.431e-10
G4CrossSectionHP::IsoXS neutronInelasticHP  Z= 64  A= 155 Ekin(MeV)= 0.0001413  xs(b)= 1.432e-10  size=7
### ekin(eV)=141.3 e0(eV)=0.02526
     1) sig(eV)=0.3406 y(b)=1.425e-10
     2) sig(eV)=0.3406 y(b)=1.424e-10
     3) sig(eV)=0.3406 y(b)=1.425e-10
G4CrossSectionHP::IsoXS neutronInelasticHP  Z= 64  A= 156 Ekin(MeV)= 0.0001413  xs(b)= 1.425e-10  size=7
### ekin(eV)=141.3 e0(eV)=0.02526
     1) sig(eV)=0.3395 y(b)=5.939e-11
     2) sig(eV)=0.3395 y(b)=5.947e-11
     3) sig(eV)=0.3395 y(b)=5.954e-11
G4CrossSectionHP::IsoXS neutronInelasticHP  Z= 64  A= 157 Ekin(MeV)= 0.0001413  xs(b)= 5.947e-11  size=7
### ekin(eV)=141.3 e0(eV)=0.02526
     1) sig(eV)=0.3384 y(b)=5.983e-11
     2) sig(eV)=0.3384 y(b)=5.987e-11
     3) sig(eV)=0.3384 y(b)=5.986e-11
G4CrossSectionHP::IsoXS neutronInelasticHP  Z= 64  A= 158 Ekin(MeV)= 0.0001413  xs(b)= 5.986e-11  size=7
### ekin(eV)=141.3 e0(eV)=0.02526
     1) sig(eV)=0.3363 y(b)=9.318e-11
     2) sig(eV)=0.3363 y(b)=9.319e-11
     3) sig(eV)=0.3363 y(b)=9.316e-11
G4CrossSectionHP::IsoXS neutronInelasticHP  Z= 64  A= 160 Ekin(MeV)= 0.0001413  xs(b)= 9.318e-11  size=7
    1.526e-06### ekin(eV)=141.3 e0(eV)=0.02526
     1) sig(eV)=0.345 y(b)=0.0007622
     2) sig(eV)=0.345 y(b)=0.0007617
     3) sig(eV)=0.345 y(b)=0.0007625
G4CrossSectionHP::IsoXS neutronInelasticHP  Z= 64  A= 152 Ekin(MeV)= 0.0001413  xs(b)= 0.0007622  size=7
### ekin(eV)=141.3 e0(eV)=0.02526
     1) sig(eV)=0.3428 y(b)=0
     2) sig(eV)=0.3428 y(b)=0
     3) sig(eV)=0.3428 y(b)=0
G4CrossSectionHP::IsoXS neutronInelasticHP  Z= 64  A= 154 Ekin(MeV)= 0.0001413  xs(b)= 0  size=7
### ekin(eV)=141.3 e0(eV)=0.02526
     1) sig(eV)=0.3417 y(b)=1.434e-10
     2) sig(eV)=0.3417 y(b)=1.432e-10
     3) sig(eV)=0.3417 y(b)=1.431e-10
G4CrossSectionHP::IsoXS neutronInelasticHP  Z= 64  A= 155 Ekin(MeV)= 0.0001413  xs(b)= 1.433e-10  size=7
### ekin(eV)=141.3 e0(eV)=0.02526
     1) sig(eV)=0.3406 y(b)=1.424e-10
     2) sig(eV)=0.3406 y(b)=1.427e-10
     3) sig(eV)=0.3406 y(b)=1.427e-10
G4CrossSectionHP::IsoXS neutronInelasticHP  Z= 64  A= 156 Ekin(MeV)= 0.0001413  xs(b)= 1.426e-10  size=7
### ekin(eV)=141.3 e0(eV)=0.02526
     1) sig(eV)=0.3395 y(b)=5.937e-11
     2) sig(eV)=0.3395 y(b)=5.95e-11
     3) sig(eV)=0.3395 y(b)=5.939e-11
G4CrossSectionHP::IsoXS neutronInelasticHP  Z= 64  A= 157 Ekin(MeV)= 0.0001413  xs(b)= 5.942e-11  size=7
### ekin(eV)=141.3 e0(eV)=0.02526
     1) sig(eV)=0.3384 y(b)=5.979e-11
     2) sig(eV)=0.3384 y(b)=5.982e-11
     3) sig(eV)=0.3384 y(b)=5.993e-11
G4CrossSectionHP::IsoXS neutronInelasticHP  Z= 64  A= 158 Ekin(MeV)= 0.0001413  xs(b)= 5.985e-11  size=7
### ekin(eV)=141.3 e0(eV)=0.02526
     1) sig(eV)=0.3363 y(b)=9.312e-11
     2) sig(eV)=0.3363 y(b)=9.316e-11
     3) sig(eV)=0.3363 y(b)=9.325e-11
G4CrossSectionHP::IsoXS neutronInelasticHP  Z= 64  A= 160 Ekin(MeV)= 0.0001413  xs(b)= 9.318e-11  size=7
### ekin(eV)=141.3 e0(eV)=0.02526
     1) sig(eV)=0.345 y(b)=74.45
     2) sig(eV)=0.345 y(b)=89.66
     3) sig(eV)=0.345 y(b)=78.94
G4CrossSectionHP::IsoXS neutronElasticHP  Z= 64  A= 152 Ekin(MeV)= 0.0001413  xs(b)= 81.01  size=7
### ekin(eV)=141.3 e0(eV)=0.02526
     1) sig(eV)=0.3428 y(b)=42.8
     2) sig(eV)=0.3428 y(b)=42.83
     3) sig(eV)=0.3428 y(b)=37.53
G4CrossSectionHP::IsoXS neutronElasticHP  Z= 64  A= 154 Ekin(MeV)= 0.0001413  xs(b)= 41.05  size=7
### ekin(eV)=141.3 e0(eV)=0.02526
     1) sig(eV)=0.3417 y(b)=7.073
     2) sig(eV)=0.3417 y(b)=8.388
     3) sig(eV)=0.3417 y(b)=13.01
     4) sig(eV)=0.3417 y(b)=13.14
     5) sig(eV)=0.3417 y(b)=13.23
     6) sig(eV)=0.3417 y(b)=10.3
     7) sig(eV)=0.3417 y(b)=13.2
     8) sig(eV)=0.3417 y(b)=4.673
     9) sig(eV)=0.3417 y(b)=12.96
     10) sig(eV)=0.3417 y(b)=4.374
     11) sig(eV)=0.3417 y(b)=6.231
     12) sig(eV)=0.3417 y(b)=10.33
     13) sig(eV)=0.3417 y(b)=4.906
     14) sig(eV)=0.3417 y(b)=5.497
     15) sig(eV)=0.3417 y(b)=6.079
     16) sig(eV)=0.3417 y(b)=5.957
     17) sig(eV)=0.3417 y(b)=6.333
     18) sig(eV)=0.3417 y(b)=6.981
     19) sig(eV)=0.3417 y(b)=6.636
     20) sig(eV)=0.3417 y(b)=7.096
G4CrossSectionHP::IsoXS neutronElasticHP  Z= 64  A= 155 Ekin(MeV)= 0.0001413  xs(b)= 8.32  size=7
### ekin(eV)=141.3 e0(eV)=0.02526
     1) sig(eV)=0.3406 y(b)=4.178
     2) sig(eV)=0.3406 y(b)=4.175
     3) sig(eV)=0.3406 y(b)=4.139
G4CrossSectionHP::IsoXS neutronElasticHP  Z= 64  A= 156 Ekin(MeV)= 0.0001413  xs(b)= 4.164  size=7
### ekin(eV)=141.3 e0(eV)=0.02526
     1) sig(eV)=0.3395 y(b)=0.7109
     2) sig(eV)=0.3395 y(b)=0.4279
     3) sig(eV)=0.3395 y(b)=0.466
     4) sig(eV)=0.3395 y(b)=0.6452
     5) sig(eV)=0.3395 y(b)=0.4481
     6) sig(eV)=0.3395 y(b)=0.4947
     7) sig(eV)=0.3395 y(b)=1.031
     8) sig(eV)=0.3395 y(b)=0.7993
     9) sig(eV)=0.3395 y(b)=0.3617
     10) sig(eV)=0.3395 y(b)=0.6428
     11) sig(eV)=0.3395 y(b)=0.05624
     12) sig(eV)=0.3395 y(b)=0.6168
     13) sig(eV)=0.3395 y(b)=1.066
     14) sig(eV)=0.3395 y(b)=1.373
     15) sig(eV)=0.3395 y(b)=1.163
     16) sig(eV)=0.3395 y(b)=2.503
     17) sig(eV)=0.3395 y(b)=4.072
     18) sig(eV)=0.3395 y(b)=3.996
     19) sig(eV)=0.3395 y(b)=3.289
     20) sig(eV)=0.3395 y(b)=3.674
G4CrossSectionHP::IsoXS neutronElasticHP  Z= 64  A= 157 Ekin(MeV)= 0.0001413  xs(b)= 1.392  size=7
### ekin(eV)=141.3 e0(eV)=0.02526
     1) sig(eV)=0.3384 y(b)=3.365
     2) sig(eV)=0.3384 y(b)=3.366
     3) sig(eV)=0.3384 y(b)=3.366
G4CrossSectionHP::IsoXS neutronElasticHP  Z= 64  A= 158 Ekin(MeV)= 0.0001413  xs(b)= 3.366  size=7
### ekin(eV)=141.3 e0(eV)=0.02526
     1) sig(eV)=0.3363 y(b)=3.433
     2) sig(eV)=0.3363 y(b)=3.433
     3) sig(eV)=0.3363 y(b)=3.432
G4CrossSectionHP::IsoXS neutronElasticHP  Z= 64  A= 160 Ekin(MeV)= 0.0001413  xs(b)= 3.433  size=7
### ekin(eV)=141.3 e0(eV)=0.02526
     1) sig(eV)=0.345 y(b)=31
     2) sig(eV)=0.345 y(b)=25.98
     3) sig(eV)=0.345 y(b)=20.07
     4) sig(eV)=0.345 y(b)=22.43
     5) sig(eV)=0.345 y(b)=19.1
     6) sig(eV)=0.345 y(b)=19.35
     7) sig(eV)=0.345 y(b)=22.94
     8) sig(eV)=0.345 y(b)=30.15
     9) sig(eV)=0.345 y(b)=37.04
     10) sig(eV)=0.345 y(b)=26.31
     11) sig(eV)=0.345 y(b)=16.97
     12) sig(eV)=0.345 y(b)=29.83
     13) sig(eV)=0.345 y(b)=50.97
     14) sig(eV)=0.345 y(b)=57.8
     15) sig(eV)=0.345 y(b)=46.46
     16) sig(eV)=0.345 y(b)=26.11
     17) sig(eV)=0.345 y(b)=28.97
     18) sig(eV)=0.345 y(b)=37.55
     19) sig(eV)=0.345 y(b)=32.21
     20) sig(eV)=0.345 y(b)=63.15
G4CrossSectionHP::IsoXS neutronCaptureHP  Z= 64  A= 152 Ekin(MeV)= 0.0001413  xs(b)= 32.22  size=7
### ekin(eV)=141.3 e0(eV)=0.02526
     1) sig(eV)=0.3428 y(b)=14.1
     2) sig(eV)=0.3428 y(b)=13.3
     3) sig(eV)=0.3428 y(b)=12.78
G4CrossSectionHP::IsoXS neutronCaptureHP  Z= 64  A= 154 Ekin(MeV)= 0.0001413  xs(b)= 13.4  size=7
### ekin(eV)=141.3 e0(eV)=0.02526
     1) sig(eV)=0.3417 y(b)=7.47
     2) sig(eV)=0.3417 y(b)=48.09
     3) sig(eV)=0.3417 y(b)=14.25
     4) sig(eV)=0.3417 y(b)=26.38
     5) sig(eV)=0.3417 y(b)=41.21
     6) sig(eV)=0.3417 y(b)=70.78
     7) sig(eV)=0.3417 y(b)=6.417
     8) sig(eV)=0.3417 y(b)=3.569
     9) sig(eV)=0.3417 y(b)=2.76
     10) sig(eV)=0.3417 y(b)=2.827
     11) sig(eV)=0.3417 y(b)=3.898
     12) sig(eV)=0.3417 y(b)=3.094
     13) sig(eV)=0.3417 y(b)=4.803
     14) sig(eV)=0.3417 y(b)=26.9
     15) sig(eV)=0.3417 y(b)=10.62
     16) sig(eV)=0.3417 y(b)=10.55
     17) sig(eV)=0.3417 y(b)=9.193
     18) sig(eV)=0.3417 y(b)=85.54
     19) sig(eV)=0.3417 y(b)=4.271
     20) sig(eV)=0.3417 y(b)=2.806
G4CrossSectionHP::IsoXS neutronCaptureHP  Z= 64  A= 155 Ekin(MeV)= 0.0001413  xs(b)= 19.27  size=7
### ekin(eV)=141.3 e0(eV)=0.02526
     1) sig(eV)=0.3406 y(b)=0.2251
     2) sig(eV)=0.3406 y(b)=0.2234
     3) sig(eV)=0.3406 y(b)=0.2227
G4CrossSectionHP::IsoXS neutronCaptureHP  Z= 64  A= 156 Ekin(MeV)= 0.0001413  xs(b)= 0.2237  size=7
### ekin(eV)=141.3 e0(eV)=0.02526
     1) sig(eV)=0.3395 y(b)=5.688
     2) sig(eV)=0.3395 y(b)=5.797
     3) sig(eV)=0.3395 y(b)=6.201
G4CrossSectionHP::IsoXS neutronCaptureHP  Z= 64  A= 157 Ekin(MeV)= 0.0001413  xs(b)= 5.895  size=7
### ekin(eV)=141.3 e0(eV)=0.02526
     1) sig(eV)=0.3384 y(b)=0.02469
     2) sig(eV)=0.3384 y(b)=0.02468
     3) sig(eV)=0.3384 y(b)=0.02469
G4CrossSectionHP::IsoXS neutronCaptureHP  Z= 64  A= 158 Ekin(MeV)= 0.0001413  xs(b)= 0.02469  size=7
### ekin(eV)=141.3 e0(eV)=0.02526
     1) sig(eV)=0.3363 y(b)=0.01432
     2) sig(eV)=0.3363 y(b)=0.01433
     3) sig(eV)=0.3363 y(b)=0.01433
G4CrossSectionHP::IsoXS neutronCaptureHP  Z= 64  A= 160 Ekin(MeV)= 0.0001413  xs(b)= 0.01433  size=7
        4.186            0           10
    2   0.0001778### ekin(eV)=177.8 e0(eV)=0.02526
     1) sig(eV)=0.345 y(b)=7.044
     2) sig(eV)=0.345 y(b)=7.212
     3) sig(eV)=0.345 y(b)=6.896
G4CrossSectionHP::IsoXS neutronElasticHP  Z= 64  A= 152 Ekin(MeV)= 0.0001778  xs(b)= 7.051  size=7
### ekin(eV)=177.8 e0(eV)=0.02526
     1) sig(eV)=0.3428 y(b)=10.03
     2) sig(eV)=0.3428 y(b)=9.97
     3) sig(eV)=0.3428 y(b)=9.955
G4CrossSectionHP::IsoXS neutronElasticHP  Z= 64  A= 154 Ekin(MeV)= 0.0001778  xs(b)= 9.984  size=7
### ekin(eV)=177.8 e0(eV)=0.02526
     1) sig(eV)=0.3417 y(b)=4.07
     2) sig(eV)=0.3417 y(b)=4.621
     3) sig(eV)=0.3417 y(b)=7.254
     4) sig(eV)=0.3417 y(b)=35.19
     5) sig(eV)=0.3417 y(b)=18.23
     6) sig(eV)=0.3417 y(b)=16.55
     7) sig(eV)=0.3417 y(b)=12.75
     8) sig(eV)=0.3417 y(b)=13.21
     9) sig(eV)=0.3417 y(b)=13.49
     10) sig(eV)=0.3417 y(b)=13.38
     11) sig(eV)=0.3417 y(b)=12.16
     12) sig(eV)=0.3417 y(b)=14.47
     13) sig(eV)=0.3417 y(b)=14.65
     14) sig(eV)=0.3417 y(b)=12.7
     15) sig(eV)=0.3417 y(b)=22.44
     16) sig(eV)=0.3417 y(b)=13.83
     17) sig(eV)=0.3417 y(b)=4.351
     18) sig(eV)=0.3417 y(b)=18.16
     19) sig(eV)=0.3417 y(b)=22.28
     20) sig(eV)=0.3417 y(b)=7.515
G4CrossSectionHP::IsoXS neutronElasticHP  Z= 64  A= 155 Ekin(MeV)= 0.0001778  xs(b)= 14.07  size=7
### ekin(eV)=177.8 e0(eV)=0.02526
     1) sig(eV)=0.3406 y(b)=3.388
     2) sig(eV)=0.3406 y(b)=3.376
     3) sig(eV)=0.3406 y(b)=3.402
G4CrossSectionHP::IsoXS neutronElasticHP  Z= 64  A= 156 Ekin(MeV)= 0.0001778  xs(b)= 3.389  size=7
### ekin(eV)=177.8 e0(eV)=0.02526
     1) sig(eV)=0.3395 y(b)=2.195
     2) sig(eV)=0.3395 y(b)=2.035
     3) sig(eV)=0.3395 y(b)=2.111
G4CrossSectionHP::IsoXS neutronElasticHP  Z= 64  A= 157 Ekin(MeV)= 0.0001778  xs(b)= 2.114  size=7
### ekin(eV)=177.8 e0(eV)=0.02526
     1) sig(eV)=0.3384 y(b)=3.181
     2) sig(eV)=0.3384 y(b)=3.181
     3) sig(eV)=0.3384 y(b)=3.18
G4CrossSectionHP::IsoXS neutronElasticHP  Z= 64  A= 158 Ekin(MeV)= 0.0001778  xs(b)= 3.181  size=7
### ekin(eV)=177.8 e0(eV)=0.02526
     1) sig(eV)=0.3363 y(b)=3.266
     2) sig(eV)=0.3363 y(b)=3.265
     3) sig(eV)=0.3363 y(b)=3.262
G4CrossSectionHP::IsoXS neutronElasticHP  Z= 64  A= 160 Ekin(MeV)= 0.0001778  xs(b)= 3.264  size=7
       4.842### ekin(eV)=177.8 e0(eV)=0.02526
     1) sig(eV)=0.345 y(b)=0.001245
     2) sig(eV)=0.345 y(b)=0.001249
     3) sig(eV)=0.345 y(b)=0.001255
G4CrossSectionHP::IsoXS neutronInelasticHP  Z= 64  A= 152 Ekin(MeV)= 0.0001778  xs(b)= 0.00125  size=7
### ekin(eV)=177.8 e0(eV)=0.02526
     1) sig(eV)=0.3428 y(b)=0
     2) sig(eV)=0.3428 y(b)=0
     3) sig(eV)=0.3428 y(b)=0
G4CrossSectionHP::IsoXS neutronInelasticHP  Z= 64  A= 154 Ekin(MeV)= 0.0001778  xs(b)= 0  size=7
### ekin(eV)=177.8 e0(eV)=0.02526
     1) sig(eV)=0.3417 y(b)=1.81e-10
     2) sig(eV)=0.3417 y(b)=1.813e-10
     3) sig(eV)=0.3417 y(b)=1.815e-10
G4CrossSectionHP::IsoXS neutronInelasticHP  Z= 64  A= 155 Ekin(MeV)= 0.0001778  xs(b)= 1.813e-10  size=7
### ekin(eV)=177.8 e0(eV)=0.02526
     1) sig(eV)=0.3406 y(b)=1.791e-10
     2) sig(eV)=0.3406 y(b)=1.794e-10
     3) sig(eV)=0.3406 y(b)=1.794e-10
G4CrossSectionHP::IsoXS neutronInelasticHP  Z= 64  A= 156 Ekin(MeV)= 0.0001778  xs(b)= 1.793e-10  size=7
### ekin(eV)=177.8 e0(eV)=0.02526
     1) sig(eV)=0.3395 y(b)=7.483e-11
     2) sig(eV)=0.3395 y(b)=7.483e-11
     3) sig(eV)=0.3395 y(b)=7.49e-11
G4CrossSectionHP::IsoXS neutronInelasticHP  Z= 64  A= 157 Ekin(MeV)= 0.0001778  xs(b)= 7.486e-11  size=7
### ekin(eV)=177.8 e0(eV)=0.02526
     1) sig(eV)=0.3384 y(b)=7.549e-11
     2) sig(eV)=0.3384 y(b)=7.542e-11
     3) sig(eV)=0.3384 y(b)=7.538e-11
G4CrossSectionHP::IsoXS neutronInelasticHP  Z= 64  A= 158 Ekin(MeV)= 0.0001778  xs(b)= 7.543e-11  size=7
### ekin(eV)=177.8 e0(eV)=0.02526
     1) sig(eV)=0.3363 y(b)=1.173e-10
     2) sig(eV)=0.3363 y(b)=1.174e-10
     3) sig(eV)=0.3363 y(b)=1.174e-10
G4CrossSectionHP::IsoXS neutronInelasticHP  Z= 64  A= 160 Ekin(MeV)= 0.0001778  xs(b)= 1.173e-10  size=7
      2.5e-06### ekin(eV)=177.8 e0(eV)=0.02526
     1) sig(eV)=0.345 y(b)=0.001258
     2) sig(eV)=0.345 y(b)=0.001255
     3) sig(eV)=0.345 y(b)=0.001258
G4CrossSectionHP::IsoXS neutronInelasticHP  Z= 64  A= 152 Ekin(MeV)= 0.0001778  xs(b)= 0.001257  size=7
### ekin(eV)=177.8 e0(eV)=0.02526
     1) sig(eV)=0.3428 y(b)=0
     2) sig(eV)=0.3428 y(b)=0
     3) sig(eV)=0.3428 y(b)=0
G4CrossSectionHP::IsoXS neutronInelasticHP  Z= 64  A= 154 Ekin(MeV)= 0.0001778  xs(b)= 0  size=7
### ekin(eV)=177.8 e0(eV)=0.02526
     1) sig(eV)=0.3417 y(b)=1.811e-10
     2) sig(eV)=0.3417 y(b)=1.812e-10
     3) sig(eV)=0.3417 y(b)=1.812e-10
G4CrossSectionHP::IsoXS neutronInelasticHP  Z= 64  A= 155 Ekin(MeV)= 0.0001778  xs(b)= 1.812e-10  size=7
### ekin(eV)=177.8 e0(eV)=0.02526
     1) sig(eV)=0.3406 y(b)=1.794e-10
     2) sig(eV)=0.3406 y(b)=1.796e-10
     3) sig(eV)=0.3406 y(b)=1.797e-10
G4CrossSectionHP::IsoXS neutronInelasticHP  Z= 64  A= 156 Ekin(MeV)= 0.0001778  xs(b)= 1.796e-10  size=7
### ekin(eV)=177.8 e0(eV)=0.02526
     1) sig(eV)=0.3395 y(b)=7.475e-11
     2) sig(eV)=0.3395 y(b)=7.474e-11
     3) sig(eV)=0.3395 y(b)=7.486e-11
G4CrossSectionHP::IsoXS neutronInelasticHP  Z= 64  A= 157 Ekin(MeV)= 0.0001778  xs(b)= 7.478e-11  size=7
### ekin(eV)=177.8 e0(eV)=0.02526
     1) sig(eV)=0.3384 y(b)=7.532e-11
     2) sig(eV)=0.3384 y(b)=7.538e-11
     3) sig(eV)=0.3384 y(b)=7.536e-11
G4CrossSectionHP::IsoXS neutronInelasticHP  Z= 64  A= 158 Ekin(MeV)= 0.0001778  xs(b)= 7.536e-11  size=7
### ekin(eV)=177.8 e0(eV)=0.02526
     1) sig(eV)=0.3363 y(b)=1.174e-10
     2) sig(eV)=0.3363 y(b)=1.172e-10
     3) sig(eV)=0.3363 y(b)=1.174e-10
G4CrossSectionHP::IsoXS neutronInelasticHP  Z= 64  A= 160 Ekin(MeV)= 0.0001778  xs(b)= 1.173e-10  size=7
### ekin(eV)=177.8 e0(eV)=0.02526
     1) sig(eV)=0.345 y(b)=6.649
     2) sig(eV)=0.345 y(b)=6.49
     3) sig(eV)=0.345 y(b)=6.728
G4CrossSectionHP::IsoXS neutronElasticHP  Z= 64  A= 152 Ekin(MeV)= 0.0001778  xs(b)= 6.622  size=7
### ekin(eV)=177.8 e0(eV)=0.02526
     1) sig(eV)=0.3428 y(b)=9.985
     2) sig(eV)=0.3428 y(b)=9.976
     3) sig(eV)=0.3428 y(b)=9.904
G4CrossSectionHP::IsoXS neutronElasticHP  Z= 64  A= 154 Ekin(MeV)= 0.0001778  xs(b)= 9.955  size=7
### ekin(eV)=177.8 e0(eV)=0.02526
     1) sig(eV)=0.3417 y(b)=25.71
     2) sig(eV)=0.3417 y(b)=35.76
     3) sig(eV)=0.3417 y(b)=5.511
     4) sig(eV)=0.3417 y(b)=4.962
     5) sig(eV)=0.3417 y(b)=5.195
     6) sig(eV)=0.3417 y(b)=5.401
     7) sig(eV)=0.3417 y(b)=7.214
     8) sig(eV)=0.3417 y(b)=6.442
     9) sig(eV)=0.3417 y(b)=7.421
     10) sig(eV)=0.3417 y(b)=9.168
     11) sig(eV)=0.3417 y(b)=9.317
     12) sig(eV)=0.3417 y(b)=9.119
     13) sig(eV)=0.3417 y(b)=9.27
     14) sig(eV)=0.3417 y(b)=8.247
     15) sig(eV)=0.3417 y(b)=8.879
     16) sig(eV)=0.3417 y(b)=8.517
     17) sig(eV)=0.3417 y(b)=8.608
     18) sig(eV)=0.3417 y(b)=8.627
     19) sig(eV)=0.3417 y(b)=8.648
     20) sig(eV)=0.3417 y(b)=8.906
G4CrossSectionHP::IsoXS neutronElasticHP  Z= 64  A= 155 Ekin(MeV)= 0.0001778  xs(b)= 10.05  size=7
### ekin(eV)=177.8 e0(eV)=0.02526
     1) sig(eV)=0.3406 y(b)=3.395
     2) sig(eV)=0.3406 y(b)=3.414
     3) sig(eV)=0.3406 y(b)=3.435
G4CrossSectionHP::IsoXS neutronElasticHP  Z= 64  A= 156 Ekin(MeV)= 0.0001778  xs(b)= 3.415  size=7
### ekin(eV)=177.8 e0(eV)=0.02526
     1) sig(eV)=0.3395 y(b)=2.368
     2) sig(eV)=0.3395 y(b)=2.116
     3) sig(eV)=0.3395 y(b)=2.018
G4CrossSectionHP::IsoXS neutronElasticHP  Z= 64  A= 157 Ekin(MeV)= 0.0001778  xs(b)= 2.168  size=7
### ekin(eV)=177.8 e0(eV)=0.02526
     1) sig(eV)=0.3384 y(b)=3.182
     2) sig(eV)=0.3384 y(b)=3.183
     3) sig(eV)=0.3384 y(b)=3.182
G4CrossSectionHP::IsoXS neutronElasticHP  Z= 64  A= 158 Ekin(MeV)= 0.0001778  xs(b)= 3.182  size=7
### ekin(eV)=177.8 e0(eV)=0.02526
     1) sig(eV)=0.3363 y(b)=3.267
     2) sig(eV)=0.3363 y(b)=3.264
     3) sig(eV)=0.3363 y(b)=3.264
G4CrossSectionHP::IsoXS neutronElasticHP  Z= 64  A= 160 Ekin(MeV)= 0.0001778  xs(b)= 3.265  size=7
### ekin(eV)=177.8 e0(eV)=0.02526
     1) sig(eV)=0.345 y(b)=1.048
     2) sig(eV)=0.345 y(b)=1.07
     3) sig(eV)=0.345 y(b)=1.243
G4CrossSectionHP::IsoXS neutronCaptureHP  Z= 64  A= 152 Ekin(MeV)= 0.0001778  xs(b)= 1.12  size=7
### ekin(eV)=177.8 e0(eV)=0.02526
     1) sig(eV)=0.3428 y(b)=0.3109
     2) sig(eV)=0.3428 y(b)=0.3237
     3) sig(eV)=0.3428 y(b)=0.3307
G4CrossSectionHP::IsoXS neutronCaptureHP  Z= 64  A= 154 Ekin(MeV)= 0.0001778  xs(b)= 0.3217  size=7
### ekin(eV)=177.8 e0(eV)=0.02526
     1) sig(eV)=0.3417 y(b)=39.33
     2) sig(eV)=0.3417 y(b)=8.983
     3) sig(eV)=0.3417 y(b)=11.22
     4) sig(eV)=0.3417 y(b)=12.59
     5) sig(eV)=0.3417 y(b)=122.3
     6) sig(eV)=0.3417 y(b)=6.926
     7) sig(eV)=0.3417 y(b)=9.401
     8) sig(eV)=0.3417 y(b)=6.084
     9) sig(eV)=0.3417 y(b)=7.438
     10) sig(eV)=0.3417 y(b)=8.493
     11) sig(eV)=0.3417 y(b)=6.009
     12) sig(eV)=0.3417 y(b)=5.984
     13) sig(eV)=0.3417 y(b)=7.839
     14) sig(eV)=0.3417 y(b)=4.38
     15) sig(eV)=0.3417 y(b)=3.782
     16) sig(eV)=0.3417 y(b)=3.762
     17) sig(eV)=0.3417 y(b)=3.738
     18) sig(eV)=0.3417 y(b)=3.812
     19) sig(eV)=0.3417 y(b)=5.049
     20) sig(eV)=0.3417 y(b)=3.947
G4CrossSectionHP::IsoXS neutronCaptureHP  Z= 64  A= 155 Ekin(MeV)= 0.0001778  xs(b)= 14.05  size=7
### ekin(eV)=177.8 e0(eV)=0.02526
     1) sig(eV)=0.3406 y(b)=0.2314
     2) sig(eV)=0.3406 y(b)=0.2292
     3) sig(eV)=0.3406 y(b)=0.2286
G4CrossSectionHP::IsoXS neutronCaptureHP  Z= 64  A= 156 Ekin(MeV)= 0.0001778  xs(b)= 0.2297  size=7
### ekin(eV)=177.8 e0(eV)=0.02526
     1) sig(eV)=0.3395 y(b)=5.563
     2) sig(eV)=0.3395 y(b)=3.815
     3) sig(eV)=0.3395 y(b)=3.4
     4) sig(eV)=0.3395 y(b)=3.987
     5) sig(eV)=0.3395 y(b)=3.169
     6) sig(eV)=0.3395 y(b)=3.017
     7) sig(eV)=0.3395 y(b)=3.157
     8) sig(eV)=0.3395 y(b)=4.901
     9) sig(eV)=0.3395 y(b)=8.593
     10) sig(eV)=0.3395 y(b)=11.79
     11) sig(eV)=0.3395 y(b)=17.41
     12) sig(eV)=0.3395 y(b)=20.26
     13) sig(eV)=0.3395 y(b)=10.29
     14) sig(eV)=0.3395 y(b)=12.27
     15) sig(eV)=0.3395 y(b)=27.01
     16) sig(eV)=0.3395 y(b)=46.23
     17) sig(eV)=0.3395 y(b)=290
     18) sig(eV)=0.3395 y(b)=61.25
     19) sig(eV)=0.3395 y(b)=229.5
     20) sig(eV)=0.3395 y(b)=222.6
G4CrossSectionHP::IsoXS neutronCaptureHP  Z= 64  A= 157 Ekin(MeV)= 0.0001778  xs(b)= 49.41  size=7
### ekin(eV)=177.8 e0(eV)=0.02526
     1) sig(eV)=0.3384 y(b)=0.02572
     2) sig(eV)=0.3384 y(b)=0.02569
     3) sig(eV)=0.3384 y(b)=0.02566
G4CrossSectionHP::IsoXS neutronCaptureHP  Z= 64  A= 158 Ekin(MeV)= 0.0001778  xs(b)= 0.02569  size=7
### ekin(eV)=177.8 e0(eV)=0.02526
     1) sig(eV)=0.3363 y(b)=0.02026
     2) sig(eV)=0.3363 y(b)=0.02023
     3) sig(eV)=0.3363 y(b)=0.02028
G4CrossSectionHP::IsoXS neutronCaptureHP  Z= 64  A= 160 Ekin(MeV)= 0.0001778  xs(b)= 0.02026  size=7
        9.879            0        14.72
    3   0.0002239### ekin(eV)=223.9 e0(eV)=0.02526
     1) sig(eV)=0.345 y(b)=1647
     2) sig(eV)=0.345 y(b)=2308
     3) sig(eV)=0.345 y(b)=8002
     4) sig(eV)=0.345 y(b)=7298
     5) sig(eV)=0.345 y(b)=2405
     6) sig(eV)=0.345 y(b)=7544
     7) sig(eV)=0.345 y(b)=4761
     8) sig(eV)=0.345 y(b)=362.4
     9) sig(eV)=0.345 y(b)=153.1
     10) sig(eV)=0.345 y(b)=120.7
     11) sig(eV)=0.345 y(b)=220.7
     12) sig(eV)=0.345 y(b)=316.5
     13) sig(eV)=0.345 y(b)=241.3
     14) sig(eV)=0.345 y(b)=176.8
     15) sig(eV)=0.345 y(b)=112.9
     16) sig(eV)=0.345 y(b)=100.5
     17) sig(eV)=0.345 y(b)=126.4
     18) sig(eV)=0.345 y(b)=138.5
     19) sig(eV)=0.345 y(b)=85.21
     20) sig(eV)=0.345 y(b)=32.75
G4CrossSectionHP::IsoXS neutronElasticHP  Z= 64  A= 152 Ekin(MeV)= 0.0002239  xs(b)= 1808  size=7
### ekin(eV)=223.9 e0(eV)=0.02526
     1) sig(eV)=0.3428 y(b)=126.3
     2) sig(eV)=0.3428 y(b)=10.89
     3) sig(eV)=0.3428 y(b)=0.8569
     4) sig(eV)=0.3428 y(b)=0.9624
     5) sig(eV)=0.3428 y(b)=0.3983
     6) sig(eV)=0.3428 y(b)=1.947
     7) sig(eV)=0.3428 y(b)=1.043
     8) sig(eV)=0.3428 y(b)=1.852
     9) sig(eV)=0.3428 y(b)=1.323
     10) sig(eV)=0.3428 y(b)=1.482
     11) sig(eV)=0.3428 y(b)=2.482
     12) sig(eV)=0.3428 y(b)=1.984
     13) sig(eV)=0.3428 y(b)=0.4476
     14) sig(eV)=0.3428 y(b)=1.197
     15) sig(eV)=0.3428 y(b)=0.6223
     16) sig(eV)=0.3428 y(b)=1.585
     17) sig(eV)=0.3428 y(b)=3.379
     18) sig(eV)=0.3428 y(b)=3.096
     19) sig(eV)=0.3428 y(b)=2.747
     20) sig(eV)=0.3428 y(b)=3.075
G4CrossSectionHP::IsoXS neutronElasticHP  Z= 64  A= 154 Ekin(MeV)= 0.0002239  xs(b)= 8.384  size=7
### ekin(eV)=223.9 e0(eV)=0.02526
     1) sig(eV)=0.3417 y(b)=25.44
     2) sig(eV)=0.3417 y(b)=25.43
     3) sig(eV)=0.3417 y(b)=25.43
G4CrossSectionHP::IsoXS neutronElasticHP  Z= 64  A= 155 Ekin(MeV)= 0.0002239  xs(b)= 25.43  size=7
### ekin(eV)=223.9 e0(eV)=0.02526
     1) sig(eV)=0.3406 y(b)=9.934
     2) sig(eV)=0.3406 y(b)=9.984
     3) sig(eV)=0.3406 y(b)=10.01
G4CrossSectionHP::IsoXS neutronElasticHP  Z= 64  A= 156 Ekin(MeV)= 0.0002239  xs(b)= 9.975  size=7
### ekin(eV)=223.9 e0(eV)=0.02526
     1) sig(eV)=0.3395 y(b)=21.76
     2) sig(eV)=0.3395 y(b)=21.76
     3) sig(eV)=0.3395 y(b)=21.76
G4CrossSectionHP::IsoXS neutronElasticHP  Z= 64  A= 157 Ekin(MeV)= 0.0002239  xs(b)= 21.76  size=7
### ekin(eV)=223.9 e0(eV)=0.02526
     1) sig(eV)=0.3384 y(b)=2.589
     2) sig(eV)=0.3384 y(b)=2.583
     3) sig(eV)=0.3384 y(b)=2.56
G4CrossSectionHP::IsoXS neutronElasticHP  Z= 64  A= 158 Ekin(MeV)= 0.0002239  xs(b)= 2.577  size=7
### ekin(eV)=223.9 e0(eV)=0.02526
     1) sig(eV)=0.3363 y(b)=13.28
     2) sig(eV)=0.3363 y(b)=13.42
     3) sig(eV)=0.3363 y(b)=17.58
     4) sig(eV)=0.3363 y(b)=18.97
     5) sig(eV)=0.3363 y(b)=18.91
     6) sig(eV)=0.3363 y(b)=19.35
     7) sig(eV)=0.3363 y(b)=15.6
     8) sig(eV)=0.3363 y(b)=22.52
     9) sig(eV)=0.3363 y(b)=19.47
     10) sig(eV)=0.3363 y(b)=19.79
     11) sig(eV)=0.3363 y(b)=27.77
     12) sig(eV)=0.3363 y(b)=36.7
     13) sig(eV)=0.3363 y(b)=23.82
     14) sig(eV)=0.3363 y(b)=19.71
     15) sig(eV)=0.3363 y(b)=20.98
     16) sig(eV)=0.3363 y(b)=17.73
     17) sig(eV)=0.3363 y(b)=13.34
     18) sig(eV)=0.3363 y(b)=15.41
     19) sig(eV)=0.3363 y(b)=17.59
     20) sig(eV)=0.3363 y(b)=18.32
G4CrossSectionHP::IsoXS neutronElasticHP  Z= 64  A= 160 Ekin(MeV)= 0.0002239  xs(b)= 19.51  size=7
       17.91### ekin(eV)=223.9 e0(eV)=0.02526
     1) sig(eV)=0.345 y(b)=0.001496
     2) sig(eV)=0.345 y(b)=0.0015
     3) sig(eV)=0.345 y(b)=0.001495
G4CrossSectionHP::IsoXS neutronInelasticHP  Z= 64  A= 152 Ekin(MeV)= 0.0002239  xs(b)= 0.001497  size=7
### ekin(eV)=223.9 e0(eV)=0.02526
     1) sig(eV)=0.3428 y(b)=0
     2) sig(eV)=0.3428 y(b)=0
     3) sig(eV)=0.3428 y(b)=0
G4CrossSectionHP::IsoXS neutronInelasticHP  Z= 64  A= 154 Ekin(MeV)= 0.0002239  xs(b)= 0  size=7
### ekin(eV)=223.9 e0(eV)=0.02526
     1) sig(eV)=0.3417 y(b)=2.276e-10
     2) sig(eV)=0.3417 y(b)=2.278e-10
     3) sig(eV)=0.3417 y(b)=2.276e-10
G4CrossSectionHP::IsoXS neutronInelasticHP  Z= 64  A= 155 Ekin(MeV)= 0.0002239  xs(b)= 2.277e-10  size=7
### ekin(eV)=223.9 e0(eV)=0.02526
     1) sig(eV)=0.3406 y(b)=2.256e-10
     2) sig(eV)=0.3406 y(b)=2.256e-10
     3) sig(eV)=0.3406 y(b)=2.253e-10
G4CrossSectionHP::IsoXS neutronInelasticHP  Z= 64  A= 156 Ekin(MeV)= 0.0002239  xs(b)= 2.255e-10  size=7
### ekin(eV)=223.9 e0(eV)=0.02526
     1) sig(eV)=0.3395 y(b)=9.417e-11
     2) sig(eV)=0.3395 y(b)=9.426e-11
     3) sig(eV)=0.3395 y(b)=9.427e-11
G4CrossSectionHP::IsoXS neutronInelasticHP  Z= 64  A= 157 Ekin(MeV)= 0.0002239  xs(b)= 9.423e-11  size=7
### ekin(eV)=223.9 e0(eV)=0.02526
     1) sig(eV)=0.3384 y(b)=9.491e-11
     2) sig(eV)=0.3384 y(b)=9.498e-11
     3) sig(eV)=0.3384 y(b)=9.494e-11
G4CrossSectionHP::IsoXS neutronInelasticHP  Z= 64  A= 158 Ekin(MeV)= 0.0002239  xs(b)= 9.495e-11  size=7
### ekin(eV)=223.9 e0(eV)=0.02526
     1) sig(eV)=0.3363 y(b)=1.475e-10
     2) sig(eV)=0.3363 y(b)=1.474e-10
     3) sig(eV)=0.3363 y(b)=1.474e-10
G4CrossSectionHP::IsoXS neutronInelasticHP  Z= 64  A= 160 Ekin(MeV)= 0.0002239  xs(b)= 1.474e-10  size=7
    2.994e-06### ekin(eV)=223.9 e0(eV)=0.02526
     1) sig(eV)=0.345 y(b)=0.0015
     2) sig(eV)=0.345 y(b)=0.001495
     3) sig(eV)=0.345 y(b)=0.001492
G4CrossSectionHP::IsoXS neutronInelasticHP  Z= 64  A= 152 Ekin(MeV)= 0.0002239  xs(b)= 0.001496  size=7
### ekin(eV)=223.9 e0(eV)=0.02526
     1) sig(eV)=0.3428 y(b)=0
     2) sig(eV)=0.3428 y(b)=0
     3) sig(eV)=0.3428 y(b)=0
G4CrossSectionHP::IsoXS neutronInelasticHP  Z= 64  A= 154 Ekin(MeV)= 0.0002239  xs(b)= 0  size=7
### ekin(eV)=223.9 e0(eV)=0.02526
     1) sig(eV)=0.3417 y(b)=2.273e-10
     2) sig(eV)=0.3417 y(b)=2.276e-10
     3) sig(eV)=0.3417 y(b)=2.278e-10
G4CrossSectionHP::IsoXS neutronInelasticHP  Z= 64  A= 155 Ekin(MeV)= 0.0002239  xs(b)= 2.275e-10  size=7
### ekin(eV)=223.9 e0(eV)=0.02526
     1) sig(eV)=0.3406 y(b)=2.26e-10
     2) sig(eV)=0.3406 y(b)=2.258e-10
     3) sig(eV)=0.3406 y(b)=2.258e-10
G4CrossSectionHP::IsoXS neutronInelasticHP  Z= 64  A= 156 Ekin(MeV)= 0.0002239  xs(b)= 2.258e-10  size=7
### ekin(eV)=223.9 e0(eV)=0.02526
     1) sig(eV)=0.3395 y(b)=9.417e-11
     2) sig(eV)=0.3395 y(b)=9.425e-11
     3) sig(eV)=0.3395 y(b)=9.413e-11
G4CrossSectionHP::IsoXS neutronInelasticHP  Z= 64  A= 157 Ekin(MeV)= 0.0002239  xs(b)= 9.419e-11  size=7
### ekin(eV)=223.9 e0(eV)=0.02526
     1) sig(eV)=0.3384 y(b)=9.488e-11
     2) sig(eV)=0.3384 y(b)=9.483e-11
     3) sig(eV)=0.3384 y(b)=9.479e-11
G4CrossSectionHP::IsoXS neutronInelasticHP  Z= 64  A= 158 Ekin(MeV)= 0.0002239  xs(b)= 9.483e-11  size=7
### ekin(eV)=223.9 e0(eV)=0.02526
     1) sig(eV)=0.3363 y(b)=1.478e-10
     2) sig(eV)=0.3363 y(b)=1.478e-10
     3) sig(eV)=0.3363 y(b)=1.479e-10
G4CrossSectionHP::IsoXS neutronInelasticHP  Z= 64  A= 160 Ekin(MeV)= 0.0002239  xs(b)= 1.478e-10  size=7
### ekin(eV)=223.9 e0(eV)=0.02526
     1) sig(eV)=0.345 y(b)=293.5
     2) sig(eV)=0.345 y(b)=347.7
     3) sig(eV)=0.345 y(b)=553.7
     4) sig(eV)=0.345 y(b)=272.4
     5) sig(eV)=0.345 y(b)=383.9
     6) sig(eV)=0.345 y(b)=216.5
     7) sig(eV)=0.345 y(b)=160.5
     8) sig(eV)=0.345 y(b)=189.7
     9) sig(eV)=0.345 y(b)=117.2
     10) sig(eV)=0.345 y(b)=72.99
     11) sig(eV)=0.345 y(b)=68.99
     12) sig(eV)=0.345 y(b)=83.61
     13) sig(eV)=0.345 y(b)=81.47
     14) sig(eV)=0.345 y(b)=88.15
     15) sig(eV)=0.345 y(b)=69.75
     16) sig(eV)=0.345 y(b)=51.95
     17) sig(eV)=0.345 y(b)=52.16
     18) sig(eV)=0.345 y(b)=51.78
     19) sig(eV)=0.345 y(b)=61.42
     20) sig(eV)=0.345 y(b)=74.7
G4CrossSectionHP::IsoXS neutronElasticHP  Z= 64  A= 152 Ekin(MeV)= 0.0002239  xs(b)= 164.6  size=7
### ekin(eV)=223.9 e0(eV)=0.02526
     1) sig(eV)=0.3428 y(b)=0.116
     2) sig(eV)=0.3428 y(b)=0.2155
     3) sig(eV)=0.3428 y(b)=0.54
     4) sig(eV)=0.3428 y(b)=1.154
     5) sig(eV)=0.3428 y(b)=0.9624
     6) sig(eV)=0.3428 y(b)=2.832
     7) sig(eV)=0.3428 y(b)=3.78
     8) sig(eV)=0.3428 y(b)=4.097
     9) sig(eV)=0.3428 y(b)=4.468
     10) sig(eV)=0.3428 y(b)=4.392
     11) sig(eV)=0.3428 y(b)=3.665
     12) sig(eV)=0.3428 y(b)=3.773
     13) sig(eV)=0.3428 y(b)=3.33
     14) sig(eV)=0.3428 y(b)=3.959
     15) sig(eV)=0.3428 y(b)=3.512
     16) sig(eV)=0.3428 y(b)=3.516
     17) sig(eV)=0.3428 y(b)=3.737
     18) sig(eV)=0.3428 y(b)=4.046
     19) sig(eV)=0.3428 y(b)=3.899
     20) sig(eV)=0.3428 y(b)=3.841
G4CrossSectionHP::IsoXS neutronElasticHP  Z= 64  A= 154 Ekin(MeV)= 0.0002239  xs(b)= 2.992  size=7
### ekin(eV)=223.9 e0(eV)=0.02526
     1) sig(eV)=0.3417 y(b)=25.44
     2) sig(eV)=0.3417 y(b)=25.44
     3) sig(eV)=0.3417 y(b)=25.44
G4CrossSectionHP::IsoXS neutronElasticHP  Z= 64  A= 155 Ekin(MeV)= 0.0002239  xs(b)= 25.44  size=7
### ekin(eV)=223.9 e0(eV)=0.02526
     1) sig(eV)=0.3406 y(b)=10.01
     2) sig(eV)=0.3406 y(b)=10.07
     3) sig(eV)=0.3406 y(b)=10.03
G4CrossSectionHP::IsoXS neutronElasticHP  Z= 64  A= 156 Ekin(MeV)= 0.0002239  xs(b)= 10.04  size=7
### ekin(eV)=223.9 e0(eV)=0.02526
     1) sig(eV)=0.3395 y(b)=21.76
     2) sig(eV)=0.3395 y(b)=21.75
     3) sig(eV)=0.3395 y(b)=21.75
G4CrossSectionHP::IsoXS neutronElasticHP  Z= 64  A= 157 Ekin(MeV)= 0.0002239  xs(b)= 21.75  size=7
### ekin(eV)=223.9 e0(eV)=0.02526
     1) sig(eV)=0.3384 y(b)=2.589
     2) sig(eV)=0.3384 y(b)=2.596
     3) sig(eV)=0.3384 y(b)=2.6
G4CrossSectionHP::IsoXS neutronElasticHP  Z= 64  A= 158 Ekin(MeV)= 0.0002239  xs(b)= 2.595  size=7
### ekin(eV)=223.9 e0(eV)=0.02526
     1) sig(eV)=0.3363 y(b)=8.548
     2) sig(eV)=0.3363 y(b)=8.41
     3) sig(eV)=0.3363 y(b)=7.758
G4CrossSectionHP::IsoXS neutronElasticHP  Z= 64  A= 160 Ekin(MeV)= 0.0002239  xs(b)= 8.239  size=7
### ekin(eV)=223.9 e0(eV)=0.02526
     1) sig(eV)=0.345 y(b)=95.06
     2) sig(eV)=0.345 y(b)=90.88
     3) sig(eV)=0.345 y(b)=129.3
     4) sig(eV)=0.345 y(b)=154.4
     5) sig(eV)=0.345 y(b)=1460
     6) sig(eV)=0.345 y(b)=542.1
     7) sig(eV)=0.345 y(b)=171.4
     8) sig(eV)=0.345 y(b)=86.97
     9) sig(eV)=0.345 y(b)=44.12
     10) sig(eV)=0.345 y(b)=49.06
     11) sig(eV)=0.345 y(b)=31.05
     12) sig(eV)=0.345 y(b)=41.45
     13) sig(eV)=0.345 y(b)=65.4
     14) sig(eV)=0.345 y(b)=39.72
     15) sig(eV)=0.345 y(b)=31.92
     16) sig(eV)=0.345 y(b)=31.85
     17) sig(eV)=0.345 y(b)=71.07
     18) sig(eV)=0.345 y(b)=92.73
     19) sig(eV)=0.345 y(b)=126
     20) sig(eV)=0.345 y(b)=82.35
G4CrossSectionHP::IsoXS neutronCaptureHP  Z= 64  A= 152 Ekin(MeV)= 0.0002239  xs(b)= 171.8  size=7
### ekin(eV)=223.9 e0(eV)=0.02526
     1) sig(eV)=0.3428 y(b)=21.96
     2) sig(eV)=0.3428 y(b)=36.51
     3) sig(eV)=0.3428 y(b)=1574
     4) sig(eV)=0.3428 y(b)=104.9
     5) sig(eV)=0.3428 y(b)=15.86
     6) sig(eV)=0.3428 y(b)=15.36
     7) sig(eV)=0.3428 y(b)=93.18
     8) sig(eV)=0.3428 y(b)=28.2
     9) sig(eV)=0.3428 y(b)=121.6
     10) sig(eV)=0.3428 y(b)=1412
     11) sig(eV)=0.3428 y(b)=100.4
     12) sig(eV)=0.3428 y(b)=440.6
     13) sig(eV)=0.3428 y(b)=1652
     14) sig(eV)=0.3428 y(b)=146.2
     15) sig(eV)=0.3428 y(b)=214.8
     16) sig(eV)=0.3428 y(b)=106.8
     17) sig(eV)=0.3428 y(b)=51.22
     18) sig(eV)=0.3428 y(b)=27.07
     19) sig(eV)=0.3428 y(b)=1546
     20) sig(eV)=0.3428 y(b)=1194
G4CrossSectionHP::IsoXS neutronCaptureHP  Z= 64  A= 154 Ekin(MeV)= 0.0002239  xs(b)= 445.1  size=7
### ekin(eV)=223.9 e0(eV)=0.02526
     1) sig(eV)=0.3417 y(b)=59.41
     2) sig(eV)=0.3417 y(b)=59.38
     3) sig(eV)=0.3417 y(b)=59.34
G4CrossSectionHP::IsoXS neutronCaptureHP  Z= 64  A= 155 Ekin(MeV)= 0.0002239  xs(b)= 59.38  size=7
### ekin(eV)=223.9 e0(eV)=0.02526
     1) sig(eV)=0.3406 y(b)=0.1315
     2) sig(eV)=0.3406 y(b)=0.1338
     3) sig(eV)=0.3406 y(b)=0.132
G4CrossSectionHP::IsoXS neutronCaptureHP  Z= 64  A= 156 Ekin(MeV)= 0.0002239  xs(b)= 0.1325  size=7
### ekin(eV)=223.9 e0(eV)=0.02526
     1) sig(eV)=0.3395 y(b)=44.93
     2) sig(eV)=0.3395 y(b)=44.93
     3) sig(eV)=0.3395 y(b)=44.97
G4CrossSectionHP::IsoXS neutronCaptureHP  Z= 64  A= 157 Ekin(MeV)= 0.0002239  xs(b)= 44.94  size=7
### ekin(eV)=223.9 e0(eV)=0.02526
     1) sig(eV)=0.3384 y(b)=0.07157
     2) sig(eV)=0.3384 y(b)=0.07189
     3) sig(eV)=0.3384 y(b)=0.07167
G4CrossSectionHP::IsoXS neutronCaptureHP  Z= 64  A= 158 Ekin(MeV)= 0.0002239  xs(b)= 0.07171  size=7
### ekin(eV)=223.9 e0(eV)=0.02526
     1) sig(eV)=0.3363 y(b)=3.498
     2) sig(eV)=0.3363 y(b)=3.826
     3) sig(eV)=0.3363 y(b)=3.379
G4CrossSectionHP::IsoXS neutronCaptureHP  Z= 64  A= 160 Ekin(MeV)= 0.0002239  xs(b)= 3.568  size=7
        26.69            0        44.61
    4   0.0002818### ekin(eV)=281.8 e0(eV)=0.02526
     1) sig(eV)=0.345 y(b)=71.8
     2) sig(eV)=0.345 y(b)=190.1
     3) sig(eV)=0.345 y(b)=310.2
     4) sig(eV)=0.345 y(b)=129.2
     5) sig(eV)=0.345 y(b)=156
     6) sig(eV)=0.345 y(b)=49.06
     7) sig(eV)=0.345 y(b)=24.61
     8) sig(eV)=0.345 y(b)=51.51
     9) sig(eV)=0.345 y(b)=93.42
     10) sig(eV)=0.345 y(b)=278.8
     11) sig(eV)=0.345 y(b)=156.5
     12) sig(eV)=0.345 y(b)=85.62
     13) sig(eV)=0.345 y(b)=88.57
     14) sig(eV)=0.345 y(b)=95.39
     15) sig(eV)=0.345 y(b)=50.18
     16) sig(eV)=0.345 y(b)=25.95
     17) sig(eV)=0.345 y(b)=39.71
     18) sig(eV)=0.345 y(b)=39.09
     19) sig(eV)=0.345 y(b)=144.7
     20) sig(eV)=0.345 y(b)=1580
G4CrossSectionHP::IsoXS neutronElasticHP  Z= 64  A= 152 Ekin(MeV)= 0.0002818  xs(b)= 183  size=7
### ekin(eV)=281.8 e0(eV)=0.02526
     1) sig(eV)=0.3428 y(b)=6.633
     2) sig(eV)=0.3428 y(b)=6.631
     3) sig(eV)=0.3428 y(b)=6.612
G4CrossSectionHP::IsoXS neutronElasticHP  Z= 64  A= 154 Ekin(MeV)= 0.0002818  xs(b)= 6.625  size=7
### ekin(eV)=281.8 e0(eV)=0.02526
     1) sig(eV)=0.3417 y(b)=24.39
     2) sig(eV)=0.3417 y(b)=24.39
     3) sig(eV)=0.3417 y(b)=24.38
G4CrossSectionHP::IsoXS neutronElasticHP  Z= 64  A= 155 Ekin(MeV)= 0.0002818  xs(b)= 24.39  size=7
### ekin(eV)=281.8 e0(eV)=0.02526
     1) sig(eV)=0.3406 y(b)=6.176
     2) sig(eV)=0.3406 y(b)=6.185
     3) sig(eV)=0.3406 y(b)=6.194
G4CrossSectionHP::IsoXS neutronElasticHP  Z= 64  A= 156 Ekin(MeV)= 0.0002818  xs(b)= 6.185  size=7
### ekin(eV)=281.8 e0(eV)=0.02526
     1) sig(eV)=0.3395 y(b)=21.05
     2) sig(eV)=0.3395 y(b)=21.05
     3) sig(eV)=0.3395 y(b)=21.05
G4CrossSectionHP::IsoXS neutronElasticHP  Z= 64  A= 157 Ekin(MeV)= 0.0002818  xs(b)= 21.05  size=7
### ekin(eV)=281.8 e0(eV)=0.02526
     1) sig(eV)=0.3384 y(b)=3.804
     2) sig(eV)=0.3384 y(b)=3.771
     3) sig(eV)=0.3384 y(b)=3.832
G4CrossSectionHP::IsoXS neutronElasticHP  Z= 64  A= 158 Ekin(MeV)= 0.0002818  xs(b)= 3.802  size=7
### ekin(eV)=281.8 e0(eV)=0.02526
     1) sig(eV)=0.3363 y(b)=3.42
     2) sig(eV)=0.3363 y(b)=3.421
     3) sig(eV)=0.3363 y(b)=3.419
G4CrossSectionHP::IsoXS neutronElasticHP  Z= 64  A= 160 Ekin(MeV)= 0.0002818  xs(b)= 3.42  size=7
       10.37### ekin(eV)=281.8 e0(eV)=0.02526
     1) sig(eV)=0.345 y(b)=0.0008662
     2) sig(eV)=0.345 y(b)=0.0008664
     3) sig(eV)=0.345 y(b)=0.0008678
G4CrossSectionHP::IsoXS neutronInelasticHP  Z= 64  A= 152 Ekin(MeV)= 0.0002818  xs(b)= 0.0008668  size=7
### ekin(eV)=281.8 e0(eV)=0.02526
     1) sig(eV)=0.3428 y(b)=0
     2) sig(eV)=0.3428 y(b)=0
     3) sig(eV)=0.3428 y(b)=0
G4CrossSectionHP::IsoXS neutronInelasticHP  Z= 64  A= 154 Ekin(MeV)= 0.0002818  xs(b)= 0  size=7
### ekin(eV)=281.8 e0(eV)=0.02526
     1) sig(eV)=0.3417 y(b)=2.865e-10
     2) sig(eV)=0.3417 y(b)=2.863e-10
     3) sig(eV)=0.3417 y(b)=2.865e-10
G4CrossSectionHP::IsoXS neutronInelasticHP  Z= 64  A= 155 Ekin(MeV)= 0.0002818  xs(b)= 2.864e-10  size=7
### ekin(eV)=281.8 e0(eV)=0.02526
     1) sig(eV)=0.3406 y(b)=2.84e-10
     2) sig(eV)=0.3406 y(b)=2.84e-10
     3) sig(eV)=0.3406 y(b)=2.84e-10
G4CrossSectionHP::IsoXS neutronInelasticHP  Z= 64  A= 156 Ekin(MeV)= 0.0002818  xs(b)= 2.84e-10  size=7
### ekin(eV)=281.8 e0(eV)=0.02526
     1) sig(eV)=0.3395 y(b)=1.186e-10
     2) sig(eV)=0.3395 y(b)=1.184e-10
     3) sig(eV)=0.3395 y(b)=1.183e-10
G4CrossSectionHP::IsoXS neutronInelasticHP  Z= 64  A= 157 Ekin(MeV)= 0.0002818  xs(b)= 1.184e-10  size=7
### ekin(eV)=281.8 e0(eV)=0.02526
     1) sig(eV)=0.3384 y(b)=1.193e-10
     2) sig(eV)=0.3384 y(b)=1.192e-10
     3) sig(eV)=0.3384 y(b)=1.193e-10
G4CrossSectionHP::IsoXS neutronInelasticHP  Z= 64  A= 158 Ekin(MeV)= 0.0002818  xs(b)= 1.193e-10  size=7
### ekin(eV)=281.8 e0(eV)=0.02526
     1) sig(eV)=0.3363 y(b)=1.858e-10
     2) sig(eV)=0.3363 y(b)=1.856e-10
     3) sig(eV)=0.3363 y(b)=1.854e-10
G4CrossSectionHP::IsoXS neutronInelasticHP  Z= 64  A= 160 Ekin(MeV)= 0.0002818  xs(b)= 1.856e-10  size=7
    1.734e-06### ekin(eV)=281.8 e0(eV)=0.02526
     1) sig(eV)=0.345 y(b)=0.0008637
     2) sig(eV)=0.345 y(b)=0.0008652
     3) sig(eV)=0.345 y(b)=0.0008678
G4CrossSectionHP::IsoXS neutronInelasticHP  Z= 64  A= 152 Ekin(MeV)= 0.0002818  xs(b)= 0.0008656  size=7
### ekin(eV)=281.8 e0(eV)=0.02526
     1) sig(eV)=0.3428 y(b)=0
     2) sig(eV)=0.3428 y(b)=0
     3) sig(eV)=0.3428 y(b)=0
G4CrossSectionHP::IsoXS neutronInelasticHP  Z= 64  A= 154 Ekin(MeV)= 0.0002818  xs(b)= 0  size=7
### ekin(eV)=281.8 e0(eV)=0.02526
     1) sig(eV)=0.3417 y(b)=2.866e-10
     2) sig(eV)=0.3417 y(b)=2.864e-10
     3) sig(eV)=0.3417 y(b)=2.863e-10
G4CrossSectionHP::IsoXS neutronInelasticHP  Z= 64  A= 155 Ekin(MeV)= 0.0002818  xs(b)= 2.864e-10  size=7
### ekin(eV)=281.8 e0(eV)=0.02526
     1) sig(eV)=0.3406 y(b)=2.844e-10
     2) sig(eV)=0.3406 y(b)=2.846e-10
     3) sig(eV)=0.3406 y(b)=2.845e-10
G4CrossSectionHP::IsoXS neutronInelasticHP  Z= 64  A= 156 Ekin(MeV)= 0.0002818  xs(b)= 2.845e-10  size=7
### ekin(eV)=281.8 e0(eV)=0.02526
     1) sig(eV)=0.3395 y(b)=1.185e-10
     2) sig(eV)=0.3395 y(b)=1.185e-10
     3) sig(eV)=0.3395 y(b)=1.185e-10
G4CrossSectionHP::IsoXS neutronInelasticHP  Z= 64  A= 157 Ekin(MeV)= 0.0002818  xs(b)= 1.185e-10  size=7
### ekin(eV)=281.8 e0(eV)=0.02526
     1) sig(eV)=0.3384 y(b)=1.194e-10
     2) sig(eV)=0.3384 y(b)=1.197e-10
     3) sig(eV)=0.3384 y(b)=1.195e-10
G4CrossSectionHP::IsoXS neutronInelasticHP  Z= 64  A= 158 Ekin(MeV)= 0.0002818  xs(b)= 1.195e-10  size=7
### ekin(eV)=281.8 e0(eV)=0.02526
     1) sig(eV)=0.3363 y(b)=1.857e-10
     2) sig(eV)=0.3363 y(b)=1.86e-10
     3) sig(eV)=0.3363 y(b)=1.857e-10
G4CrossSectionHP::IsoXS neutronInelasticHP  Z= 64  A= 160 Ekin(MeV)= 0.0002818  xs(b)= 1.858e-10  size=7
### ekin(eV)=281.8 e0(eV)=0.02526
     1) sig(eV)=0.345 y(b)=56.43
     2) sig(eV)=0.345 y(b)=426
     3) sig(eV)=0.345 y(b)=189.4
     4) sig(eV)=0.345 y(b)=89.2
     5) sig(eV)=0.345 y(b)=25.38
     6) sig(eV)=0.345 y(b)=30.83
     7) sig(eV)=0.345 y(b)=70.34
     8) sig(eV)=0.345 y(b)=84.55
     9) sig(eV)=0.345 y(b)=73.94
     10) sig(eV)=0.345 y(b)=816.3
     11) sig(eV)=0.345 y(b)=666.6
     12) sig(eV)=0.345 y(b)=2925
     13) sig(eV)=0.345 y(b)=447.8
     14) sig(eV)=0.345 y(b)=1577
     15) sig(eV)=0.345 y(b)=680.9
     16) sig(eV)=0.345 y(b)=4329
     17) sig(eV)=0.345 y(b)=807.3
     18) sig(eV)=0.345 y(b)=2737
     19) sig(eV)=0.345 y(b)=477
     20) sig(eV)=0.345 y(b)=79.07
G4CrossSectionHP::IsoXS neutronElasticHP  Z= 64  A= 152 Ekin(MeV)= 0.0002818  xs(b)= 829.5  size=7
### ekin(eV)=281.8 e0(eV)=0.02526
     1) sig(eV)=0.3428 y(b)=6.682
     2) sig(eV)=0.3428 y(b)=6.658
     3) sig(eV)=0.3428 y(b)=6.635
G4CrossSectionHP::IsoXS neutronElasticHP  Z= 64  A= 154 Ekin(MeV)= 0.0002818  xs(b)= 6.658  size=7
### ekin(eV)=281.8 e0(eV)=0.02526
     1) sig(eV)=0.3417 y(b)=24.39
     2) sig(eV)=0.3417 y(b)=24.39
     3) sig(eV)=0.3417 y(b)=24.39
G4CrossSectionHP::IsoXS neutronElasticHP  Z= 64  A= 155 Ekin(MeV)= 0.0002818  xs(b)= 24.39  size=7
### ekin(eV)=281.8 e0(eV)=0.02526
     1) sig(eV)=0.3406 y(b)=6.169
     2) sig(eV)=0.3406 y(b)=6.169
     3) sig(eV)=0.3406 y(b)=6.151
G4CrossSectionHP::IsoXS neutronElasticHP  Z= 64  A= 156 Ekin(MeV)= 0.0002818  xs(b)= 6.163  size=7
### ekin(eV)=281.8 e0(eV)=0.02526
     1) sig(eV)=0.3395 y(b)=21.05
     2) sig(eV)=0.3395 y(b)=21.04
     3) sig(eV)=0.3395 y(b)=21.04
G4CrossSectionHP::IsoXS neutronElasticHP  Z= 64  A= 157 Ekin(MeV)= 0.0002818  xs(b)= 21.04  size=7
### ekin(eV)=281.8 e0(eV)=0.02526
     1) sig(eV)=0.3384 y(b)=3.884
     2) sig(eV)=0.3384 y(b)=3.95
     3) sig(eV)=0.3384 y(b)=3.942
G4CrossSectionHP::IsoXS neutronElasticHP  Z= 64  A= 158 Ekin(MeV)= 0.0002818  xs(b)= 3.925  size=7
### ekin(eV)=281.8 e0(eV)=0.02526
     1) sig(eV)=0.3363 y(b)=3.421
     2) sig(eV)=0.3363 y(b)=3.421
     3) sig(eV)=0.3363 y(b)=3.421
G4CrossSectionHP::IsoXS neutronElasticHP  Z= 64  A= 160 Ekin(MeV)= 0.0002818  xs(b)= 3.421  size=7
### ekin(eV)=281.8 e0(eV)=0.02526
     1) sig(eV)=0.345 y(b)=17.27
     2) sig(eV)=0.345 y(b)=16.98
     3) sig(eV)=0.345 y(b)=22.01
     4) sig(eV)=0.345 y(b)=44.4
     5) sig(eV)=0.345 y(b)=70.95
     6) sig(eV)=0.345 y(b)=102.5
     7) sig(eV)=0.345 y(b)=57.14
     8) sig(eV)=0.345 y(b)=127.9
     9) sig(eV)=0.345 y(b)=41.07
     10) sig(eV)=0.345 y(b)=51.44
     11) sig(eV)=0.345 y(b)=60.98
     12) sig(eV)=0.345 y(b)=47.26
     13) sig(eV)=0.345 y(b)=1334
     14) sig(eV)=0.345 y(b)=905.8
     15) sig(eV)=0.345 y(b)=76.97
     16) sig(eV)=0.345 y(b)=30.08
     17) sig(eV)=0.345 y(b)=12.76
     18) sig(eV)=0.345 y(b)=15.71
     19) sig(eV)=0.345 y(b)=13.35
     20) sig(eV)=0.345 y(b)=12.15
G4CrossSectionHP::IsoXS neutronCaptureHP  Z= 64  A= 152 Ekin(MeV)= 0.0002818  xs(b)= 153  size=7
### ekin(eV)=281.8 e0(eV)=0.02526
     1) sig(eV)=0.3428 y(b)=0.07249
     2) sig(eV)=0.3428 y(b)=0.07722
     3) sig(eV)=0.3428 y(b)=0.08041
G4CrossSectionHP::IsoXS neutronCaptureHP  Z= 64  A= 154 Ekin(MeV)= 0.0002818  xs(b)= 0.07671  size=7
### ekin(eV)=281.8 e0(eV)=0.02526
     1) sig(eV)=0.3417 y(b)=51.43
     2) sig(eV)=0.3417 y(b)=51.47
     3) sig(eV)=0.3417 y(b)=51.47
G4CrossSectionHP::IsoXS neutronCaptureHP  Z= 64  A= 155 Ekin(MeV)= 0.0002818  xs(b)= 51.46  size=7
### ekin(eV)=281.8 e0(eV)=0.02526
     1) sig(eV)=0.3406 y(b)=0.03443
     2) sig(eV)=0.3406 y(b)=0.03452
     3) sig(eV)=0.3406 y(b)=0.03447
G4CrossSectionHP::IsoXS neutronCaptureHP  Z= 64  A= 156 Ekin(MeV)= 0.0002818  xs(b)= 0.03447  size=7
### ekin(eV)=281.8 e0(eV)=0.02526
     1) sig(eV)=0.3395 y(b)=38.84
     2) sig(eV)=0.3395 y(b)=38.84
     3) sig(eV)=0.3395 y(b)=38.85
G4CrossSectionHP::IsoXS neutronCaptureHP  Z= 64  A= 157 Ekin(MeV)= 0.0002818  xs(b)= 38.85  size=7
### ekin(eV)=281.8 e0(eV)=0.02526
     1) sig(eV)=0.3384 y(b)=0.2026
     2) sig(eV)=0.3384 y(b)=0.2057
     3) sig(eV)=0.3384 y(b)=0.1909
G4CrossSectionHP::IsoXS neutronCaptureHP  Z= 64  A= 158 Ekin(MeV)= 0.0002818  xs(b)= 0.1998  size=7
### ekin(eV)=281.8 e0(eV)=0.02526
     1) sig(eV)=0.3363 y(b)=0.01415
     2) sig(eV)=0.3363 y(b)=0.01407
     3) sig(eV)=0.3363 y(b)=0.01409
G4CrossSectionHP::IsoXS neutronCaptureHP  Z= 64  A= 160 Ekin(MeV)= 0.0002818  xs(b)= 0.01411  size=7
        14.06            0        24.43
    5   0.0003548### ekin(eV)=354.8 e0(eV)=0.02526
     1) sig(eV)=0.345 y(b)=5.43
     2) sig(eV)=0.345 y(b)=5.496
     3) sig(eV)=0.345 y(b)=5.491
G4CrossSectionHP::IsoXS neutronElasticHP  Z= 64  A= 152 Ekin(MeV)= 0.0003548  xs(b)= 5.472  size=7
### ekin(eV)=354.8 e0(eV)=0.02526
     1) sig(eV)=0.3428 y(b)=4.715
     2) sig(eV)=0.3428 y(b)=4.72
     3) sig(eV)=0.3428 y(b)=4.73
G4CrossSectionHP::IsoXS neutronElasticHP  Z= 64  A= 154 Ekin(MeV)= 0.0003548  xs(b)= 4.722  size=7
### ekin(eV)=354.8 e0(eV)=0.02526
     1) sig(eV)=0.3417 y(b)=23.35
     2) sig(eV)=0.3417 y(b)=23.35
     3) sig(eV)=0.3417 y(b)=23.35
G4CrossSectionHP::IsoXS neutronElasticHP  Z= 64  A= 155 Ekin(MeV)= 0.0003548  xs(b)= 23.35  size=7
### ekin(eV)=354.8 e0(eV)=0.02526
     1) sig(eV)=0.3406 y(b)=31.28
     2) sig(eV)=0.3406 y(b)=31.24
     3) sig(eV)=0.3406 y(b)=32.46
G4CrossSectionHP::IsoXS neutronElasticHP  Z= 64  A= 156 Ekin(MeV)= 0.0003548  xs(b)= 31.66  size=7
### ekin(eV)=354.8 e0(eV)=0.02526
     1) sig(eV)=0.3395 y(b)=20.15
     2) sig(eV)=0.3395 y(b)=20.15
     3) sig(eV)=0.3395 y(b)=20.16
G4CrossSectionHP::IsoXS neutronElasticHP  Z= 64  A= 157 Ekin(MeV)= 0.0003548  xs(b)= 20.15  size=7
### ekin(eV)=354.8 e0(eV)=0.02526
     1) sig(eV)=0.3384 y(b)=5.442
     2) sig(eV)=0.3384 y(b)=5.513
     3) sig(eV)=0.3384 y(b)=5.761
G4CrossSectionHP::IsoXS neutronElasticHP  Z= 64  A= 158 Ekin(MeV)= 0.0003548  xs(b)= 5.572  size=7
### ekin(eV)=354.8 e0(eV)=0.02526
     1) sig(eV)=0.3363 y(b)=3.048
     2) sig(eV)=0.3363 y(b)=3.05
     3) sig(eV)=0.3363 y(b)=3.052
G4CrossSectionHP::IsoXS neutronElasticHP  Z= 64  A= 160 Ekin(MeV)= 0.0003548  xs(b)= 3.05  size=7
       15.26### ekin(eV)=354.8 e0(eV)=0.02526
     1) sig(eV)=0.345 y(b)=0.0006004
     2) sig(eV)=0.345 y(b)=0.0006002
     3) sig(eV)=0.345 y(b)=0.0006001
G4CrossSectionHP::IsoXS neutronInelasticHP  Z= 64  A= 152 Ekin(MeV)= 0.0003548  xs(b)= 0.0006002  size=7
### ekin(eV)=354.8 e0(eV)=0.02526
     1) sig(eV)=0.3428 y(b)=0
     2) sig(eV)=0.3428 y(b)=0
     3) sig(eV)=0.3428 y(b)=0
G4CrossSectionHP::IsoXS neutronInelasticHP  Z= 64  A= 154 Ekin(MeV)= 0.0003548  xs(b)= 0  size=7
### ekin(eV)=354.8 e0(eV)=0.02526
     1) sig(eV)=0.3417 y(b)=3.609e-10
     2) sig(eV)=0.3417 y(b)=3.606e-10
     3) sig(eV)=0.3417 y(b)=3.598e-10
G4CrossSectionHP::IsoXS neutronInelasticHP  Z= 64  A= 155 Ekin(MeV)= 0.0003548  xs(b)= 3.604e-10  size=7
### ekin(eV)=354.8 e0(eV)=0.02526
     1) sig(eV)=0.3406 y(b)=3.581e-10
     2) sig(eV)=0.3406 y(b)=3.584e-10
     3) sig(eV)=0.3406 y(b)=3.585e-10
G4CrossSectionHP::IsoXS neutronInelasticHP  Z= 64  A= 156 Ekin(MeV)= 0.0003548  xs(b)= 3.583e-10  size=7
### ekin(eV)=354.8 e0(eV)=0.02526
     1) sig(eV)=0.3395 y(b)=1.492e-10
     2) sig(eV)=0.3395 y(b)=1.493e-10
     3) sig(eV)=0.3395 y(b)=1.492e-10
G4CrossSectionHP::IsoXS neutronInelasticHP  Z= 64  A= 157 Ekin(MeV)= 0.0003548  xs(b)= 1.492e-10  size=7
### ekin(eV)=354.8 e0(eV)=0.02526
     1) sig(eV)=0.3384 y(b)=1.503e-10
     2) sig(eV)=0.3384 y(b)=1.502e-10
     3) sig(eV)=0.3384 y(b)=1.5e-10
G4CrossSectionHP::IsoXS neutronInelasticHP  Z= 64  A= 158 Ekin(MeV)= 0.0003548  xs(b)= 1.501e-10  size=7
### ekin(eV)=354.8 e0(eV)=0.02526
     1) sig(eV)=0.3363 y(b)=2.341e-10
     2) sig(eV)=0.3363 y(b)=2.342e-10
     3) sig(eV)=0.3363 y(b)=2.34e-10
G4CrossSectionHP::IsoXS neutronInelasticHP  Z= 64  A= 160 Ekin(MeV)= 0.0003548  xs(b)= 2.341e-10  size=7
    1.201e-06### ekin(eV)=354.8 e0(eV)=0.02526
     1) sig(eV)=0.345 y(b)=0.0006004
     2) sig(eV)=0.345 y(b)=0.0006004
     3) sig(eV)=0.345 y(b)=0.0006005
G4CrossSectionHP::IsoXS neutronInelasticHP  Z= 64  A= 152 Ekin(MeV)= 0.0003548  xs(b)= 0.0006004  size=7
### ekin(eV)=354.8 e0(eV)=0.02526
     1) sig(eV)=0.3428 y(b)=0
     2) sig(eV)=0.3428 y(b)=0
     3) sig(eV)=0.3428 y(b)=0
G4CrossSectionHP::IsoXS neutronInelasticHP  Z= 64  A= 154 Ekin(MeV)= 0.0003548  xs(b)= 0  size=7
### ekin(eV)=354.8 e0(eV)=0.02526
     1) sig(eV)=0.3417 y(b)=3.609e-10
     2) sig(eV)=0.3417 y(b)=3.609e-10
     3) sig(eV)=0.3417 y(b)=3.608e-10
G4CrossSectionHP::IsoXS neutronInelasticHP  Z= 64  A= 155 Ekin(MeV)= 0.0003548  xs(b)= 3.609e-10  size=7
### ekin(eV)=354.8 e0(eV)=0.02526
     1) sig(eV)=0.3406 y(b)=3.573e-10
     2) sig(eV)=0.3406 y(b)=3.569e-10
     3) sig(eV)=0.3406 y(b)=3.566e-10
G4CrossSectionHP::IsoXS neutronInelasticHP  Z= 64  A= 156 Ekin(MeV)= 0.0003548  xs(b)= 3.569e-10  size=7
### ekin(eV)=354.8 e0(eV)=0.02526
     1) sig(eV)=0.3395 y(b)=1.491e-10
     2) sig(eV)=0.3395 y(b)=1.489e-10
     3) sig(eV)=0.3395 y(b)=1.49e-10
G4CrossSectionHP::IsoXS neutronInelasticHP  Z= 64  A= 157 Ekin(MeV)= 0.0003548  xs(b)= 1.49e-10  size=7
### ekin(eV)=354.8 e0(eV)=0.02526
     1) sig(eV)=0.3384 y(b)=1.503e-10
     2) sig(eV)=0.3384 y(b)=1.504e-10
     3) sig(eV)=0.3384 y(b)=1.503e-10
G4CrossSectionHP::IsoXS neutronInelasticHP  Z= 64  A= 158 Ekin(MeV)= 0.0003548  xs(b)= 1.503e-10  size=7
### ekin(eV)=354.8 e0(eV)=0.02526
     1) sig(eV)=0.3363 y(b)=2.339e-10
     2) sig(eV)=0.3363 y(b)=2.341e-10
     3) sig(eV)=0.3363 y(b)=2.343e-10
G4CrossSectionHP::IsoXS neutronInelasticHP  Z= 64  A= 160 Ekin(MeV)= 0.0003548  xs(b)= 2.341e-10  size=7
### ekin(eV)=354.8 e0(eV)=0.02526
     1) sig(eV)=0.345 y(b)=5.315
     2) sig(eV)=0.345 y(b)=5.254
     3) sig(eV)=0.345 y(b)=5.173
G4CrossSectionHP::IsoXS neutronElasticHP  Z= 64  A= 152 Ekin(MeV)= 0.0003548  xs(b)= 5.247  size=7
### ekin(eV)=354.8 e0(eV)=0.02526
     1) sig(eV)=0.3428 y(b)=4.703
     2) sig(eV)=0.3428 y(b)=4.693
     3) sig(eV)=0.3428 y(b)=4.672
G4CrossSectionHP::IsoXS neutronElasticHP  Z= 64  A= 154 Ekin(MeV)= 0.0003548  xs(b)= 4.689  size=7
### ekin(eV)=354.8 e0(eV)=0.02526
     1) sig(eV)=0.3417 y(b)=23.35
     2) sig(eV)=0.3417 y(b)=23.35
     3) sig(eV)=0.3417 y(b)=23.35
G4CrossSectionHP::IsoXS neutronElasticHP  Z= 64  A= 155 Ekin(MeV)= 0.0003548  xs(b)= 23.35  size=7
### ekin(eV)=354.8 e0(eV)=0.02526
     1) sig(eV)=0.3406 y(b)=29.82
     2) sig(eV)=0.3406 y(b)=29.45
     3) sig(eV)=0.3406 y(b)=29.93
G4CrossSectionHP::IsoXS neutronElasticHP  Z= 64  A= 156 Ekin(MeV)= 0.0003548  xs(b)= 29.73  size=7
### ekin(eV)=354.8 e0(eV)=0.02526
     1) sig(eV)=0.3395 y(b)=20.15
     2) sig(eV)=0.3395 y(b)=20.15
     3) sig(eV)=0.3395 y(b)=20.15
G4CrossSectionHP::IsoXS neutronElasticHP  Z= 64  A= 157 Ekin(MeV)= 0.0003548  xs(b)= 20.15  size=7
### ekin(eV)=354.8 e0(eV)=0.02526
     1) sig(eV)=0.3384 y(b)=5.458
     2) sig(eV)=0.3384 y(b)=5.589
     3) sig(eV)=0.3384 y(b)=5.707
G4CrossSectionHP::IsoXS neutronElasticHP  Z= 64  A= 158 Ekin(MeV)= 0.0003548  xs(b)= 5.585  size=7
### ekin(eV)=354.8 e0(eV)=0.02526
     1) sig(eV)=0.3363 y(b)=3.047
     2) sig(eV)=0.3363 y(b)=3.046
     3) sig(eV)=0.3363 y(b)=3.046
G4CrossSectionHP::IsoXS neutronElasticHP  Z= 64  A= 160 Ekin(MeV)= 0.0003548  xs(b)= 3.046  size=7
### ekin(eV)=354.8 e0(eV)=0.02526
     1) sig(eV)=0.345 y(b)=0.1439
     2) sig(eV)=0.345 y(b)=0.1457
     3) sig(eV)=0.345 y(b)=0.1476
G4CrossSectionHP::IsoXS neutronCaptureHP  Z= 64  A= 152 Ekin(MeV)= 0.0003548  xs(b)= 0.1457  size=7
### ekin(eV)=354.8 e0(eV)=0.02526
     1) sig(eV)=0.3428 y(b)=0.04514
     2) sig(eV)=0.3428 y(b)=0.04533
     3) sig(eV)=0.3428 y(b)=0.04522
G4CrossSectionHP::IsoXS neutronCaptureHP  Z= 64  A= 154 Ekin(MeV)= 0.0003548  xs(b)= 0.04523  size=7
### ekin(eV)=354.8 e0(eV)=0.02526
     1) sig(eV)=0.3417 y(b)=44.52
     2) sig(eV)=0.3417 y(b)=44.52
     3) sig(eV)=0.3417 y(b)=44.52
G4CrossSectionHP::IsoXS neutronCaptureHP  Z= 64  A= 155 Ekin(MeV)= 0.0003548  xs(b)= 44.52  size=7
### ekin(eV)=354.8 e0(eV)=0.02526
     1) sig(eV)=0.3406 y(b)=1.38
     2) sig(eV)=0.3406 y(b)=1.215
     3) sig(eV)=0.3406 y(b)=1.152
G4CrossSectionHP::IsoXS neutronCaptureHP  Z= 64  A= 156 Ekin(MeV)= 0.0003548  xs(b)= 1.249  size=7
### ekin(eV)=354.8 e0(eV)=0.02526
     1) sig(eV)=0.3395 y(b)=33.51
     2) sig(eV)=0.3395 y(b)=33.5
     3) sig(eV)=0.3395 y(b)=33.47
G4CrossSectionHP::IsoXS neutronCaptureHP  Z= 64  A= 157 Ekin(MeV)= 0.0003548  xs(b)= 33.49  size=7
### ekin(eV)=354.8 e0(eV)=0.02526
     1) sig(eV)=0.3384 y(b)=0.2791
     2) sig(eV)=0.3384 y(b)=0.267
     3) sig(eV)=0.3384 y(b)=0.281
G4CrossSectionHP::IsoXS neutronCaptureHP  Z= 64  A= 158 Ekin(MeV)= 0.0003548  xs(b)= 0.2757  size=7
### ekin(eV)=354.8 e0(eV)=0.02526
     1) sig(eV)=0.3363 y(b)=0.01283
     2) sig(eV)=0.3363 y(b)=0.01281
     3) sig(eV)=0.3363 y(b)=0.01281
G4CrossSectionHP::IsoXS neutronCaptureHP  Z= 64  A= 160 Ekin(MeV)= 0.0003548  xs(b)= 0.01282  size=7
        12.16            0        27.41
    6   0.0004467### ekin(eV)=446.7 e0(eV)=0.02526
     1) sig(eV)=0.345 y(b)=14.74
     2) sig(eV)=0.345 y(b)=14.77
     3) sig(eV)=0.345 y(b)=14.64
G4CrossSectionHP::IsoXS neutronElasticHP  Z= 64  A= 152 Ekin(MeV)= 0.0004467  xs(b)= 14.72  size=7
### ekin(eV)=446.7 e0(eV)=0.02526
     1) sig(eV)=0.3428 y(b)=3.016
     2) sig(eV)=0.3428 y(b)=0.211
     3) sig(eV)=0.3428 y(b)=1.403
     4) sig(eV)=0.3428 y(b)=17.99
     5) sig(eV)=0.3428 y(b)=16.08
     6) sig(eV)=0.3428 y(b)=0.769
     7) sig(eV)=0.3428 y(b)=1.2
     8) sig(eV)=0.3428 y(b)=9.308
     9) sig(eV)=0.3428 y(b)=9.712
     10) sig(eV)=0.3428 y(b)=612.8
     11) sig(eV)=0.3428 y(b)=474.8
     12) sig(eV)=0.3428 y(b)=1566
     13) sig(eV)=0.3428 y(b)=1281
     14) sig(eV)=0.3428 y(b)=357.5
     15) sig(eV)=0.3428 y(b)=85.42
     16) sig(eV)=0.3428 y(b)=157.1
     17) sig(eV)=0.3428 y(b)=73.94
     18) sig(eV)=0.3428 y(b)=39.91
     19) sig(eV)=0.3428 y(b)=61.2
     20) sig(eV)=0.3428 y(b)=36.87
G4CrossSectionHP::IsoXS neutronElasticHP  Z= 64  A= 154 Ekin(MeV)= 0.0004467  xs(b)= 240.3  size=7
### ekin(eV)=446.7 e0(eV)=0.02526
     1) sig(eV)=0.3417 y(b)=22.29
     2) sig(eV)=0.3417 y(b)=22.29
     3) sig(eV)=0.3417 y(b)=22.29
G4CrossSectionHP::IsoXS neutronElasticHP  Z= 64  A= 155 Ekin(MeV)= 0.0004467  xs(b)= 22.29  size=7
### ekin(eV)=446.7 e0(eV)=0.02526
     1) sig(eV)=0.3406 y(b)=3.376
     2) sig(eV)=0.3406 y(b)=3.392
     3) sig(eV)=0.3406 y(b)=3.085
G4CrossSectionHP::IsoXS neutronElasticHP  Z= 64  A= 156 Ekin(MeV)= 0.0004467  xs(b)= 3.285  size=7
### ekin(eV)=446.7 e0(eV)=0.02526
     1) sig(eV)=0.3395 y(b)=19.31
     2) sig(eV)=0.3395 y(b)=19.31
     3) sig(eV)=0.3395 y(b)=19.3
G4CrossSectionHP::IsoXS neutronElasticHP  Z= 64  A= 157 Ekin(MeV)= 0.0004467  xs(b)= 19.3  size=7
### ekin(eV)=446.7 e0(eV)=0.02526
     1) sig(eV)=0.3384 y(b)=3.991
     2) sig(eV)=0.3384 y(b)=3.988
     3) sig(eV)=0.3384 y(b)=3.998
G4CrossSectionHP::IsoXS neutronElasticHP  Z= 64  A= 158 Ekin(MeV)= 0.0004467  xs(b)= 3.992  size=7
### ekin(eV)=446.7 e0(eV)=0.02526
     1) sig(eV)=0.3363 y(b)=0.6719
     2) sig(eV)=0.3363 y(b)=0.9264
     3) sig(eV)=0.3363 y(b)=0.9933
     4) sig(eV)=0.3363 y(b)=1.211
     5) sig(eV)=0.3363 y(b)=1.319
     6) sig(eV)=0.3363 y(b)=1.378
     7) sig(eV)=0.3363 y(b)=1.132
     8) sig(eV)=0.3363 y(b)=0.9592
     9) sig(eV)=0.3363 y(b)=1.038
     10) sig(eV)=0.3363 y(b)=1.077
     11) sig(eV)=0.3363 y(b)=1.122
     12) sig(eV)=0.3363 y(b)=1.143
     13) sig(eV)=0.3363 y(b)=1.304
     14) sig(eV)=0.3363 y(b)=1.338
     15) sig(eV)=0.3363 y(b)=1.327
     16) sig(eV)=0.3363 y(b)=1.371
     17) sig(eV)=0.3363 y(b)=1.475
     18) sig(eV)=0.3363 y(b)=1.553
     19) sig(eV)=0.3363 y(b)=1.557
     20) sig(eV)=0.3363 y(b)=1.512
G4CrossSectionHP::IsoXS neutronElasticHP  Z= 64  A= 160 Ekin(MeV)= 0.0004467  xs(b)= 1.22  size=7
       13.52### ekin(eV)=446.7 e0(eV)=0.02526
     1) sig(eV)=0.345 y(b)=0.0006422
     2) sig(eV)=0.345 y(b)=0.0006426
     3) sig(eV)=0.345 y(b)=0.0006419
G4CrossSectionHP::IsoXS neutronInelasticHP  Z= 64  A= 152 Ekin(MeV)= 0.0004467  xs(b)= 0.0006422  size=7
### ekin(eV)=446.7 e0(eV)=0.02526
     1) sig(eV)=0.3428 y(b)=0
     2) sig(eV)=0.3428 y(b)=0
     3) sig(eV)=0.3428 y(b)=0
G4CrossSectionHP::IsoXS neutronInelasticHP  Z= 64  A= 154 Ekin(MeV)= 0.0004467  xs(b)= 0  size=7
### ekin(eV)=446.7 e0(eV)=0.02526
     1) sig(eV)=0.3417 y(b)=4.541e-10
     2) sig(eV)=0.3417 y(b)=4.538e-10
     3) sig(eV)=0.3417 y(b)=4.538e-10
G4CrossSectionHP::IsoXS neutronInelasticHP  Z= 64  A= 155 Ekin(MeV)= 0.0004467  xs(b)= 4.539e-10  size=7
### ekin(eV)=446.7 e0(eV)=0.02526
     1) sig(eV)=0.3406 y(b)=4.504e-10
     2) sig(eV)=0.3406 y(b)=4.51e-10
     3) sig(eV)=0.3406 y(b)=4.51e-10
G4CrossSectionHP::IsoXS neutronInelasticHP  Z= 64  A= 156 Ekin(MeV)= 0.0004467  xs(b)= 4.508e-10  size=7
### ekin(eV)=446.7 e0(eV)=0.02526
     1) sig(eV)=0.3395 y(b)=1.877e-10
     2) sig(eV)=0.3395 y(b)=1.876e-10
     3) sig(eV)=0.3395 y(b)=1.878e-10
G4CrossSectionHP::IsoXS neutronInelasticHP  Z= 64  A= 157 Ekin(MeV)= 0.0004467  xs(b)= 1.877e-10  size=7
### ekin(eV)=446.7 e0(eV)=0.02526
     1) sig(eV)=0.3384 y(b)=1.891e-10
     2) sig(eV)=0.3384 y(b)=1.892e-10
     3) sig(eV)=0.3384 y(b)=1.891e-10
G4CrossSectionHP::IsoXS neutronInelasticHP  Z= 64  A= 158 Ekin(MeV)= 0.0004467  xs(b)= 1.891e-10  size=7
### ekin(eV)=446.7 e0(eV)=0.02526
     1) sig(eV)=0.3363 y(b)=2.945e-10
     2) sig(eV)=0.3363 y(b)=2.946e-10
     3) sig(eV)=0.3363 y(b)=2.948e-10
G4CrossSectionHP::IsoXS neutronInelasticHP  Z= 64  A= 160 Ekin(MeV)= 0.0004467  xs(b)= 2.946e-10  size=7
    1.285e-06### ekin(eV)=446.7 e0(eV)=0.02526
     1) sig(eV)=0.345 y(b)=0.0006426
     2) sig(eV)=0.345 y(b)=0.0006426
     3) sig(eV)=0.345 y(b)=0.0006423
G4CrossSectionHP::IsoXS neutronInelasticHP  Z= 64  A= 152 Ekin(MeV)= 0.0004467  xs(b)= 0.0006425  size=7
### ekin(eV)=446.7 e0(eV)=0.02526
     1) sig(eV)=0.3428 y(b)=0
     2) sig(eV)=0.3428 y(b)=0
     3) sig(eV)=0.3428 y(b)=0
G4CrossSectionHP::IsoXS neutronInelasticHP  Z= 64  A= 154 Ekin(MeV)= 0.0004467  xs(b)= 0  size=7
### ekin(eV)=446.7 e0(eV)=0.02526
     1) sig(eV)=0.3417 y(b)=4.542e-10
     2) sig(eV)=0.3417 y(b)=4.543e-10
     3) sig(eV)=0.3417 y(b)=4.544e-10
G4CrossSectionHP::IsoXS neutronInelasticHP  Z= 64  A= 155 Ekin(MeV)= 0.0004467  xs(b)= 4.543e-10  size=7
### ekin(eV)=446.7 e0(eV)=0.02526
     1) sig(eV)=0.3406 y(b)=4.504e-10
     2) sig(eV)=0.3406 y(b)=4.507e-10
     3) sig(eV)=0.3406 y(b)=4.511e-10
G4CrossSectionHP::IsoXS neutronInelasticHP  Z= 64  A= 156 Ekin(MeV)= 0.0004467  xs(b)= 4.507e-10  size=7
### ekin(eV)=446.7 e0(eV)=0.02526
     1) sig(eV)=0.3395 y(b)=1.878e-10
     2) sig(eV)=0.3395 y(b)=1.878e-10
     3) sig(eV)=0.3395 y(b)=1.876e-10
G4CrossSectionHP::IsoXS neutronInelasticHP  Z= 64  A= 157 Ekin(MeV)= 0.0004467  xs(b)= 1.877e-10  size=7
### ekin(eV)=446.7 e0(eV)=0.02526
     1) sig(eV)=0.3384 y(b)=1.892e-10
     2) sig(eV)=0.3384 y(b)=1.89e-10
     3) sig(eV)=0.3384 y(b)=1.891e-10
G4CrossSectionHP::IsoXS neutronInelasticHP  Z= 64  A= 158 Ekin(MeV)= 0.0004467  xs(b)= 1.891e-10  size=7
### ekin(eV)=446.7 e0(eV)=0.02526
     1) sig(eV)=0.3363 y(b)=2.946e-10
     2) sig(eV)=0.3363 y(b)=2.948e-10
     3) sig(eV)=0.3363 y(b)=2.951e-10
G4CrossSectionHP::IsoXS neutronInelasticHP  Z= 64  A= 160 Ekin(MeV)= 0.0004467  xs(b)= 2.949e-10  size=7
### ekin(eV)=446.7 e0(eV)=0.02526
     1) sig(eV)=0.345 y(b)=14.46
     2) sig(eV)=0.345 y(b)=14.67
     3) sig(eV)=0.345 y(b)=14.83
G4CrossSectionHP::IsoXS neutronElasticHP  Z= 64  A= 152 Ekin(MeV)= 0.0004467  xs(b)= 14.65  size=7
### ekin(eV)=446.7 e0(eV)=0.02526
     1) sig(eV)=0.3428 y(b)=42.72
     2) sig(eV)=0.3428 y(b)=350.8
     3) sig(eV)=0.3428 y(b)=695
     4) sig(eV)=0.3428 y(b)=173.6
     5) sig(eV)=0.3428 y(b)=528.4
     6) sig(eV)=0.3428 y(b)=341.4
     7) sig(eV)=0.3428 y(b)=316.6
     8) sig(eV)=0.3428 y(b)=418.1
     9) sig(eV)=0.3428 y(b)=985.3
     10) sig(eV)=0.3428 y(b)=816.3
     11) sig(eV)=0.3428 y(b)=205.7
     12) sig(eV)=0.3428 y(b)=851.1
     13) sig(eV)=0.3428 y(b)=608.9
     14) sig(eV)=0.3428 y(b)=117.3
     15) sig(eV)=0.3428 y(b)=114.7
     16) sig(eV)=0.3428 y(b)=106.7
     17) sig(eV)=0.3428 y(b)=75.08
     18) sig(eV)=0.3428 y(b)=112
     19) sig(eV)=0.3428 y(b)=157.8
     20) sig(eV)=0.3428 y(b)=531.5
G4CrossSectionHP::IsoXS neutronElasticHP  Z= 64  A= 154 Ekin(MeV)= 0.0004467  xs(b)= 377.4  size=7
### ekin(eV)=446.7 e0(eV)=0.02526
     1) sig(eV)=0.3417 y(b)=22.29
     2) sig(eV)=0.3417 y(b)=22.29
     3) sig(eV)=0.3417 y(b)=22.29
G4CrossSectionHP::IsoXS neutronElasticHP  Z= 64  A= 155 Ekin(MeV)= 0.0004467  xs(b)= 22.29  size=7
### ekin(eV)=446.7 e0(eV)=0.02526
     1) sig(eV)=0.3406 y(b)=3.181
     2) sig(eV)=0.3406 y(b)=3.385
     3) sig(eV)=0.3406 y(b)=3.303
G4CrossSectionHP::IsoXS neutronElasticHP  Z= 64  A= 156 Ekin(MeV)= 0.0004467  xs(b)= 3.289  size=7
### ekin(eV)=446.7 e0(eV)=0.02526
     1) sig(eV)=0.3395 y(b)=19.31
     2) sig(eV)=0.3395 y(b)=19.31
     3) sig(eV)=0.3395 y(b)=19.31
G4CrossSectionHP::IsoXS neutronElasticHP  Z= 64  A= 157 Ekin(MeV)= 0.0004467  xs(b)= 19.31  size=7
### ekin(eV)=446.7 e0(eV)=0.02526
     1) sig(eV)=0.3384 y(b)=4.01
     2) sig(eV)=0.3384 y(b)=4.011
     3) sig(eV)=0.3384 y(b)=4.051
G4CrossSectionHP::IsoXS neutronElasticHP  Z= 64  A= 158 Ekin(MeV)= 0.0004467  xs(b)= 4.024  size=7
### ekin(eV)=446.7 e0(eV)=0.02526
     1) sig(eV)=0.3363 y(b)=0.7826
     2) sig(eV)=0.3363 y(b)=0.7833
     3) sig(eV)=0.3363 y(b)=1.007
     4) sig(eV)=0.3363 y(b)=0.7219
     5) sig(eV)=0.3363 y(b)=0.5778
     6) sig(eV)=0.3363 y(b)=0.7718
     7) sig(eV)=0.3363 y(b)=0.5423
     8) sig(eV)=0.3363 y(b)=0.6642
     9) sig(eV)=0.3363 y(b)=0.5353
     10) sig(eV)=0.3363 y(b)=0.08346
     11) sig(eV)=0.3363 y(b)=26.04
     12) sig(eV)=0.3363 y(b)=4.707
     13) sig(eV)=0.3363 y(b)=4.472
     14) sig(eV)=0.3363 y(b)=5.295
     15) sig(eV)=0.3363 y(b)=5.098
     16) sig(eV)=0.3363 y(b)=9.235
     17) sig(eV)=0.3363 y(b)=15.09
     18) sig(eV)=0.3363 y(b)=8.621
     19) sig(eV)=0.3363 y(b)=79.62
     20) sig(eV)=0.3363 y(b)=48.62
G4CrossSectionHP::IsoXS neutronElasticHP  Z= 64  A= 160 Ekin(MeV)= 0.0004467  xs(b)= 10.66  size=7
### ekin(eV)=446.7 e0(eV)=0.02526
     1) sig(eV)=0.345 y(b)=0.2233
     2) sig(eV)=0.345 y(b)=0.2376
     3) sig(eV)=0.345 y(b)=0.2469
G4CrossSectionHP::IsoXS neutronCaptureHP  Z= 64  A= 152 Ekin(MeV)= 0.0004467  xs(b)= 0.2359  size=7
### ekin(eV)=446.7 e0(eV)=0.02526
     1) sig(eV)=0.3428 y(b)=15.85
     2) sig(eV)=0.3428 y(b)=17.56
     3) sig(eV)=0.3428 y(b)=20.17
G4CrossSectionHP::IsoXS neutronCaptureHP  Z= 64  A= 154 Ekin(MeV)= 0.0004467  xs(b)= 17.86  size=7
### ekin(eV)=446.7 e0(eV)=0.02526
     1) sig(eV)=0.3417 y(b)=38.42
     2) sig(eV)=0.3417 y(b)=38.42
     3) sig(eV)=0.3417 y(b)=38.41
G4CrossSectionHP::IsoXS neutronCaptureHP  Z= 64  A= 155 Ekin(MeV)= 0.0004467  xs(b)= 38.42  size=7
### ekin(eV)=446.7 e0(eV)=0.02526
     1) sig(eV)=0.3406 y(b)=0.537
     2) sig(eV)=0.3406 y(b)=0.5766
     3) sig(eV)=0.3406 y(b)=0.6208
G4CrossSectionHP::IsoXS neutronCaptureHP  Z= 64  A= 156 Ekin(MeV)= 0.0004467  xs(b)= 0.5781  size=7
### ekin(eV)=446.7 e0(eV)=0.02526
     1) sig(eV)=0.3395 y(b)=28.87
     2) sig(eV)=0.3395 y(b)=28.87
     3) sig(eV)=0.3395 y(b)=28.9
G4CrossSectionHP::IsoXS neutronCaptureHP  Z= 64  A= 157 Ekin(MeV)= 0.0004467  xs(b)= 28.88  size=7
### ekin(eV)=446.7 e0(eV)=0.02526
     1) sig(eV)=0.3384 y(b)=0.05762
     2) sig(eV)=0.3384 y(b)=0.05756
     3) sig(eV)=0.3384 y(b)=0.05685
G4CrossSectionHP::IsoXS neutronCaptureHP  Z= 64  A= 158 Ekin(MeV)= 0.0004467  xs(b)= 0.05734  size=7
### ekin(eV)=446.7 e0(eV)=0.02526
     1) sig(eV)=0.3363 y(b)=1.421
     2) sig(eV)=0.3363 y(b)=1.733
     3) sig(eV)=0.3363 y(b)=1.631
G4CrossSectionHP::IsoXS neutronCaptureHP  Z= 64  A= 160 Ekin(MeV)= 0.0004467  xs(b)= 1.595  size=7
        11.08            0        24.59
    7   0.0005623### ekin(eV)=562.3 e0(eV)=0.02526
     1) sig(eV)=0.345 y(b)=2.8
     2) sig(eV)=0.345 y(b)=2.984
     3) sig(eV)=0.345 y(b)=2.03
     4) sig(eV)=0.345 y(b)=1.535
     5) sig(eV)=0.345 y(b)=1.509
     6) sig(eV)=0.345 y(b)=1.568
     7) sig(eV)=0.345 y(b)=1.451
     8) sig(eV)=0.345 y(b)=1.216
     9) sig(eV)=0.345 y(b)=0.7673
     10) sig(eV)=0.345 y(b)=0.555
     11) sig(eV)=0.345 y(b)=0.7316
     12) sig(eV)=0.345 y(b)=0.6853
     13) sig(eV)=0.345 y(b)=0.724
     14) sig(eV)=0.345 y(b)=0.6685
     15) sig(eV)=0.345 y(b)=0.585
     16) sig(eV)=0.345 y(b)=0.7925
     17) sig(eV)=0.345 y(b)=0.9105
     18) sig(eV)=0.345 y(b)=0.6971
     19) sig(eV)=0.345 y(b)=0.7298
     20) sig(eV)=0.345 y(b)=0.5526
G4CrossSectionHP::IsoXS neutronElasticHP  Z= 64  A= 152 Ekin(MeV)= 0.0005623  xs(b)= 1.175  size=7
### ekin(eV)=562.3 e0(eV)=0.02526
     1) sig(eV)=0.3428 y(b)=4.895
     2) sig(eV)=0.3428 y(b)=4.73
     3) sig(eV)=0.3428 y(b)=4.575
G4CrossSectionHP::IsoXS neutronElasticHP  Z= 64  A= 154 Ekin(MeV)= 0.0005623  xs(b)= 4.734  size=7
### ekin(eV)=562.3 e0(eV)=0.02526
     1) sig(eV)=0.3417 y(b)=21.22
     2) sig(eV)=0.3417 y(b)=21.22
     3) sig(eV)=0.3417 y(b)=21.22
G4CrossSectionHP::IsoXS neutronElasticHP  Z= 64  A= 155 Ekin(MeV)= 0.0005623  xs(b)= 21.22  size=7
### ekin(eV)=562.3 e0(eV)=0.02526
     1) sig(eV)=0.3406 y(b)=7.452
     2) sig(eV)=0.3406 y(b)=7.433
     3) sig(eV)=0.3406 y(b)=7.431
G4CrossSectionHP::IsoXS neutronElasticHP  Z= 64  A= 156 Ekin(MeV)= 0.0005623  xs(b)= 7.439  size=7
### ekin(eV)=562.3 e0(eV)=0.02526
     1) sig(eV)=0.3395 y(b)=18.57
     2) sig(eV)=0.3395 y(b)=18.57
     3) sig(eV)=0.3395 y(b)=18.57
G4CrossSectionHP::IsoXS neutronElasticHP  Z= 64  A= 157 Ekin(MeV)= 0.0005623  xs(b)= 18.57  size=7
### ekin(eV)=562.3 e0(eV)=0.02526
     1) sig(eV)=0.3384 y(b)=3.462
     2) sig(eV)=0.3384 y(b)=3.435
     3) sig(eV)=0.3384 y(b)=3.446
G4CrossSectionHP::IsoXS neutronElasticHP  Z= 64  A= 158 Ekin(MeV)= 0.0005623  xs(b)= 3.448  size=7
### ekin(eV)=562.3 e0(eV)=0.02526
     1) sig(eV)=0.3363 y(b)=3.305
     2) sig(eV)=0.3363 y(b)=3.315
     3) sig(eV)=0.3363 y(b)=3.316
G4CrossSectionHP::IsoXS neutronElasticHP  Z= 64  A= 160 Ekin(MeV)= 0.0005623  xs(b)= 3.312  size=7
       9.256### ekin(eV)=562.3 e0(eV)=0.02526
     1) sig(eV)=0.345 y(b)=0.00056
     2) sig(eV)=0.345 y(b)=0.0005598
     3) sig(eV)=0.345 y(b)=0.0005606
G4CrossSectionHP::IsoXS neutronInelasticHP  Z= 64  A= 152 Ekin(MeV)= 0.0005623  xs(b)= 0.0005601  size=7
### ekin(eV)=562.3 e0(eV)=0.02526
     1) sig(eV)=0.3428 y(b)=0
     2) sig(eV)=0.3428 y(b)=0
     3) sig(eV)=0.3428 y(b)=0
G4CrossSectionHP::IsoXS neutronInelasticHP  Z= 64  A= 154 Ekin(MeV)= 0.0005623  xs(b)= 0  size=7
### ekin(eV)=562.3 e0(eV)=0.02526
     1) sig(eV)=0.3417 y(b)=5.722e-10
     2) sig(eV)=0.3417 y(b)=5.719e-10
     3) sig(eV)=0.3417 y(b)=5.718e-10
G4CrossSectionHP::IsoXS neutronInelasticHP  Z= 64  A= 155 Ekin(MeV)= 0.0005623  xs(b)= 5.72e-10  size=7
### ekin(eV)=562.3 e0(eV)=0.02526
     1) sig(eV)=0.3406 y(b)=5.673e-10
     2) sig(eV)=0.3406 y(b)=5.672e-10
     3) sig(eV)=0.3406 y(b)=5.679e-10
G4CrossSectionHP::IsoXS neutronInelasticHP  Z= 64  A= 156 Ekin(MeV)= 0.0005623  xs(b)= 5.675e-10  size=7
### ekin(eV)=562.3 e0(eV)=0.02526
     1) sig(eV)=0.3395 y(b)=2.365e-10
     2) sig(eV)=0.3395 y(b)=2.366e-10
     3) sig(eV)=0.3395 y(b)=2.364e-10
G4CrossSectionHP::IsoXS neutronInelasticHP  Z= 64  A= 157 Ekin(MeV)= 0.0005623  xs(b)= 2.365e-10  size=7
### ekin(eV)=562.3 e0(eV)=0.02526
     1) sig(eV)=0.3384 y(b)=2.379e-10
     2) sig(eV)=0.3384 y(b)=2.378e-10
     3) sig(eV)=0.3384 y(b)=2.378e-10
G4CrossSectionHP::IsoXS neutronInelasticHP  Z= 64  A= 158 Ekin(MeV)= 0.0005623  xs(b)= 2.378e-10  size=7
### ekin(eV)=562.3 e0(eV)=0.02526
     1) sig(eV)=0.3363 y(b)=3.705e-10
     2) sig(eV)=0.3363 y(b)=3.702e-10
     3) sig(eV)=0.3363 y(b)=3.704e-10
G4CrossSectionHP::IsoXS neutronInelasticHP  Z= 64  A= 160 Ekin(MeV)= 0.0005623  xs(b)= 3.703e-10  size=7
    1.121e-06### ekin(eV)=562.3 e0(eV)=0.02526
     1) sig(eV)=0.345 y(b)=0.000561
     2) sig(eV)=0.345 y(b)=0.00056
     3) sig(eV)=0.345 y(b)=0.0005613
G4CrossSectionHP::IsoXS neutronInelasticHP  Z= 64  A= 152 Ekin(MeV)= 0.0005623  xs(b)= 0.0005608  size=7
### ekin(eV)=562.3 e0(eV)=0.02526
     1) sig(eV)=0.3428 y(b)=0
     2) sig(eV)=0.3428 y(b)=0
     3) sig(eV)=0.3428 y(b)=0
G4CrossSectionHP::IsoXS neutronInelasticHP  Z= 64  A= 154 Ekin(MeV)= 0.0005623  xs(b)= 0  size=7
### ekin(eV)=562.3 e0(eV)=0.02526
     1) sig(eV)=0.3417 y(b)=5.717e-10
     2) sig(eV)=0.3417 y(b)=5.717e-10
     3) sig(eV)=0.3417 y(b)=5.717e-10
G4CrossSectionHP::IsoXS neutronInelasticHP  Z= 64  A= 155 Ekin(MeV)= 0.0005623  xs(b)= 5.717e-10  size=7
### ekin(eV)=562.3 e0(eV)=0.02526
     1) sig(eV)=0.3406 y(b)=5.671e-10
     2) sig(eV)=0.3406 y(b)=5.669e-10
     3) sig(eV)=0.3406 y(b)=5.667e-10
G4CrossSectionHP::IsoXS neutronInelasticHP  Z= 64  A= 156 Ekin(MeV)= 0.0005623  xs(b)= 5.669e-10  size=7
### ekin(eV)=562.3 e0(eV)=0.02526
     1) sig(eV)=0.3395 y(b)=2.362e-10
     2) sig(eV)=0.3395 y(b)=2.362e-10
     3) sig(eV)=0.3395 y(b)=2.363e-10
G4CrossSectionHP::IsoXS neutronInelasticHP  Z= 64  A= 157 Ekin(MeV)= 0.0005623  xs(b)= 2.362e-10  size=7
### ekin(eV)=562.3 e0(eV)=0.02526
     1) sig(eV)=0.3384 y(b)=2.382e-10
     2) sig(eV)=0.3384 y(b)=2.383e-10
     3) sig(eV)=0.3384 y(b)=2.385e-10
G4CrossSectionHP::IsoXS neutronInelasticHP  Z= 64  A= 158 Ekin(MeV)= 0.0005623  xs(b)= 2.383e-10  size=7
### ekin(eV)=562.3 e0(eV)=0.02526
     1) sig(eV)=0.3363 y(b)=3.707e-10
     2) sig(eV)=0.3363 y(b)=3.707e-10
     3) sig(eV)=0.3363 y(b)=3.706e-10
G4CrossSectionHP::IsoXS neutronInelasticHP  Z= 64  A= 160 Ekin(MeV)= 0.0005623  xs(b)= 3.707e-10  size=7
### ekin(eV)=562.3 e0(eV)=0.02526
     1) sig(eV)=0.345 y(b)=3.67
     2) sig(eV)=0.345 y(b)=3.517
     3) sig(eV)=0.345 y(b)=4.139
G4CrossSectionHP::IsoXS neutronElasticHP  Z= 64  A= 152 Ekin(MeV)= 0.0005623  xs(b)= 3.775  size=7
### ekin(eV)=562.3 e0(eV)=0.02526
     1) sig(eV)=0.3428 y(b)=5.114
     2) sig(eV)=0.3428 y(b)=5.172
     3) sig(eV)=0.3428 y(b)=5.194
G4CrossSectionHP::IsoXS neutronElasticHP  Z= 64  A= 154 Ekin(MeV)= 0.0005623  xs(b)= 5.16  size=7
### ekin(eV)=562.3 e0(eV)=0.02526
     1) sig(eV)=0.3417 y(b)=21.22
     2) sig(eV)=0.3417 y(b)=21.22
     3) sig(eV)=0.3417 y(b)=21.22
G4CrossSectionHP::IsoXS neutronElasticHP  Z= 64  A= 155 Ekin(MeV)= 0.0005623  xs(b)= 21.22  size=7
### ekin(eV)=562.3 e0(eV)=0.02526
     1) sig(eV)=0.3406 y(b)=7.463
     2) sig(eV)=0.3406 y(b)=7.447
     3) sig(eV)=0.3406 y(b)=7.475
G4CrossSectionHP::IsoXS neutronElasticHP  Z= 64  A= 156 Ekin(MeV)= 0.0005623  xs(b)= 7.462  size=7
### ekin(eV)=562.3 e0(eV)=0.02526
     1) sig(eV)=0.3395 y(b)=18.57
     2) sig(eV)=0.3395 y(b)=18.57
     3) sig(eV)=0.3395 y(b)=18.57
G4CrossSectionHP::IsoXS neutronElasticHP  Z= 64  A= 157 Ekin(MeV)= 0.0005623  xs(b)= 18.57  size=7
### ekin(eV)=562.3 e0(eV)=0.02526
     1) sig(eV)=0.3384 y(b)=3.466
     2) sig(eV)=0.3384 y(b)=3.438
     3) sig(eV)=0.3384 y(b)=3.446
G4CrossSectionHP::IsoXS neutronElasticHP  Z= 64  A= 158 Ekin(MeV)= 0.0005623  xs(b)= 3.45  size=7
### ekin(eV)=562.3 e0(eV)=0.02526
     1) sig(eV)=0.3363 y(b)=3.31
     2) sig(eV)=0.3363 y(b)=3.315
     3) sig(eV)=0.3363 y(b)=3.305
G4CrossSectionHP::IsoXS neutronElasticHP  Z= 64  A= 160 Ekin(MeV)= 0.0005623  xs(b)= 3.31  size=7
### ekin(eV)=562.3 e0(eV)=0.02526
     1) sig(eV)=0.345 y(b)=0.6921
     2) sig(eV)=0.345 y(b)=0.6907
     3) sig(eV)=0.345 y(b)=0.693
G4CrossSectionHP::IsoXS neutronCaptureHP  Z= 64  A= 152 Ekin(MeV)= 0.0005623  xs(b)= 0.692  size=7
### ekin(eV)=562.3 e0(eV)=0.02526
     1) sig(eV)=0.3428 y(b)=0.2003
     2) sig(eV)=0.3428 y(b)=0.1746
     3) sig(eV)=0.3428 y(b)=0.1725
G4CrossSectionHP::IsoXS neutronCaptureHP  Z= 64  A= 154 Ekin(MeV)= 0.0005623  xs(b)= 0.1824  size=7
### ekin(eV)=562.3 e0(eV)=0.02526
     1) sig(eV)=0.3417 y(b)=33.11
     2) sig(eV)=0.3417 y(b)=33.11
     3) sig(eV)=0.3417 y(b)=33.11
G4CrossSectionHP::IsoXS neutronCaptureHP  Z= 64  A= 155 Ekin(MeV)= 0.0005623  xs(b)= 33.11  size=7
### ekin(eV)=562.3 e0(eV)=0.02526
     1) sig(eV)=0.3406 y(b)=0.01795
     2) sig(eV)=0.3406 y(b)=0.01796
     3) sig(eV)=0.3406 y(b)=0.01796
G4CrossSectionHP::IsoXS neutronCaptureHP  Z= 64  A= 156 Ekin(MeV)= 0.0005623  xs(b)= 0.01796  size=7
### ekin(eV)=562.3 e0(eV)=0.02526
     1) sig(eV)=0.3395 y(b)=24.79
     2) sig(eV)=0.3395 y(b)=24.78
     3) sig(eV)=0.3395 y(b)=24.77
G4CrossSectionHP::IsoXS neutronCaptureHP  Z= 64  A= 157 Ekin(MeV)= 0.0005623  xs(b)= 24.78  size=7
### ekin(eV)=562.3 e0(eV)=0.02526
     1) sig(eV)=0.3384 y(b)=0.03889
     2) sig(eV)=0.3384 y(b)=0.03897
     3) sig(eV)=0.3384 y(b)=0.03892
G4CrossSectionHP::IsoXS neutronCaptureHP  Z= 64  A= 158 Ekin(MeV)= 0.0005623  xs(b)= 0.03892  size=7
### ekin(eV)=562.3 e0(eV)=0.02526
     1) sig(eV)=0.3363 y(b)=0.02353
     2) sig(eV)=0.3363 y(b)=0.02371
     3) sig(eV)=0.3363 y(b)=0.02348
G4CrossSectionHP::IsoXS neutronCaptureHP  Z= 64  A= 160 Ekin(MeV)= 0.0005623  xs(b)= 0.02357  size=7
        8.802            0        18.06
    8   0.0007079### ekin(eV)=707.9 e0(eV)=0.02526
     1) sig(eV)=0.345 y(b)=17.64
     2) sig(eV)=0.345 y(b)=17.72
     3) sig(eV)=0.345 y(b)=17.75
G4CrossSectionHP::IsoXS neutronElasticHP  Z= 64  A= 152 Ekin(MeV)= 0.0007079  xs(b)= 17.71  size=7
### ekin(eV)=707.9 e0(eV)=0.02526
     1) sig(eV)=0.3428 y(b)=5.261
     2) sig(eV)=0.3428 y(b)=5.237
     3) sig(eV)=0.3428 y(b)=5.18
G4CrossSectionHP::IsoXS neutronElasticHP  Z= 64  A= 154 Ekin(MeV)= 0.0007079  xs(b)= 5.226  size=7
### ekin(eV)=707.9 e0(eV)=0.02526
     1) sig(eV)=0.3417 y(b)=20.18
     2) sig(eV)=0.3417 y(b)=20.17
     3) sig(eV)=0.3417 y(b)=20.18
G4CrossSectionHP::IsoXS neutronElasticHP  Z= 64  A= 155 Ekin(MeV)= 0.0007079  xs(b)= 20.18  size=7
### ekin(eV)=707.9 e0(eV)=0.02526
     1) sig(eV)=0.3406 y(b)=2598
     2) sig(eV)=0.3406 y(b)=1716
     3) sig(eV)=0.3406 y(b)=1166
     4) sig(eV)=0.3406 y(b)=1841
     5) sig(eV)=0.3406 y(b)=137.9
     6) sig(eV)=0.3406 y(b)=249.2
     7) sig(eV)=0.3406 y(b)=383.7
     8) sig(eV)=0.3406 y(b)=158.5
     9) sig(eV)=0.3406 y(b)=705
     10) sig(eV)=0.3406 y(b)=2026
     11) sig(eV)=0.3406 y(b)=1057
     12) sig(eV)=0.3406 y(b)=466.9
     13) sig(eV)=0.3406 y(b)=985.2
     14) sig(eV)=0.3406 y(b)=1218
     15) sig(eV)=0.3406 y(b)=1297
     16) sig(eV)=0.3406 y(b)=182.1
     17) sig(eV)=0.3406 y(b)=1216
     18) sig(eV)=0.3406 y(b)=169.2
     19) sig(eV)=0.3406 y(b)=147
     20) sig(eV)=0.3406 y(b)=99.24
G4CrossSectionHP::IsoXS neutronElasticHP  Z= 64  A= 156 Ekin(MeV)= 0.0007079  xs(b)= 891  size=7
### ekin(eV)=707.9 e0(eV)=0.02526
     1) sig(eV)=0.3395 y(b)=17.65
     2) sig(eV)=0.3395 y(b)=17.65
     3) sig(eV)=0.3395 y(b)=17.65
G4CrossSectionHP::IsoXS neutronElasticHP  Z= 64  A= 157 Ekin(MeV)= 0.0007079  xs(b)= 17.65  size=7
### ekin(eV)=707.9 e0(eV)=0.02526
     1) sig(eV)=0.3384 y(b)=10.36
     2) sig(eV)=0.3384 y(b)=10.07
     3) sig(eV)=0.3384 y(b)=9.946
G4CrossSectionHP::IsoXS neutronElasticHP  Z= 64  A= 158 Ekin(MeV)= 0.0007079  xs(b)= 10.13  size=7
### ekin(eV)=707.9 e0(eV)=0.02526
     1) sig(eV)=0.3363 y(b)=2.974
     2) sig(eV)=0.3363 y(b)=3.658
     3) sig(eV)=0.3363 y(b)=0.4565
     4) sig(eV)=0.3363 y(b)=0.8234
     5) sig(eV)=0.3363 y(b)=2.979
     6) sig(eV)=0.3363 y(b)=2.574
     7) sig(eV)=0.3363 y(b)=2.575
     8) sig(eV)=0.3363 y(b)=2.592
     9) sig(eV)=0.3363 y(b)=2.693
     10) sig(eV)=0.3363 y(b)=2.468
     11) sig(eV)=0.3363 y(b)=2.534
     12) sig(eV)=0.3363 y(b)=2.38
     13) sig(eV)=0.3363 y(b)=2.382
     14) sig(eV)=0.3363 y(b)=2.363
     15) sig(eV)=0.3363 y(b)=2.354
     16) sig(eV)=0.3363 y(b)=2.444
     17) sig(eV)=0.3363 y(b)=2.432
     18) sig(eV)=0.3363 y(b)=3.033
     19) sig(eV)=0.3363 y(b)=5.285
     20) sig(eV)=0.3363 y(b)=3.356
G4CrossSectionHP::IsoXS neutronElasticHP  Z= 64  A= 160 Ekin(MeV)= 0.0007079  xs(b)= 2.618  size=7
       191.4### ekin(eV)=707.9 e0(eV)=0.02526
     1) sig(eV)=0.345 y(b)=0.0003922
     2) sig(eV)=0.345 y(b)=0.0003922
     3) sig(eV)=0.345 y(b)=0.0003922
G4CrossSectionHP::IsoXS neutronInelasticHP  Z= 64  A= 152 Ekin(MeV)= 0.0007079  xs(b)= 0.0003922  size=7
### ekin(eV)=707.9 e0(eV)=0.02526
     1) sig(eV)=0.3428 y(b)=0
     2) sig(eV)=0.3428 y(b)=0
     3) sig(eV)=0.3428 y(b)=0
G4CrossSectionHP::IsoXS neutronInelasticHP  Z= 64  A= 154 Ekin(MeV)= 0.0007079  xs(b)= 0  size=7
### ekin(eV)=707.9 e0(eV)=0.02526
     1) sig(eV)=0.3417 y(b)=7.19e-10
     2) sig(eV)=0.3417 y(b)=7.196e-10
     3) sig(eV)=0.3417 y(b)=7.19e-10
G4CrossSectionHP::IsoXS neutronInelasticHP  Z= 64  A= 155 Ekin(MeV)= 0.0007079  xs(b)= 7.192e-10  size=7
### ekin(eV)=707.9 e0(eV)=0.02526
     1) sig(eV)=0.3406 y(b)=7.144e-10
     2) sig(eV)=0.3406 y(b)=7.146e-10
     3) sig(eV)=0.3406 y(b)=7.149e-10
G4CrossSectionHP::IsoXS neutronInelasticHP  Z= 64  A= 156 Ekin(MeV)= 0.0007079  xs(b)= 7.146e-10  size=7
### ekin(eV)=707.9 e0(eV)=0.02526
     1) sig(eV)=0.3395 y(b)=2.976e-10
     2) sig(eV)=0.3395 y(b)=2.975e-10
     3) sig(eV)=0.3395 y(b)=2.974e-10
G4CrossSectionHP::IsoXS neutronInelasticHP  Z= 64  A= 157 Ekin(MeV)= 0.0007079  xs(b)= 2.975e-10  size=7
### ekin(eV)=707.9 e0(eV)=0.02526
     1) sig(eV)=0.3384 y(b)=3e-10
     2) sig(eV)=0.3384 y(b)=2.999e-10
     3) sig(eV)=0.3384 y(b)=3.001e-10
G4CrossSectionHP::IsoXS neutronInelasticHP  Z= 64  A= 158 Ekin(MeV)= 0.0007079  xs(b)= 3e-10  size=7
### ekin(eV)=707.9 e0(eV)=0.02526
     1) sig(eV)=0.3363 y(b)=4.669e-10
     2) sig(eV)=0.3363 y(b)=4.666e-10
     3) sig(eV)=0.3363 y(b)=4.668e-10
G4CrossSectionHP::IsoXS neutronInelasticHP  Z= 64  A= 160 Ekin(MeV)= 0.0007079  xs(b)= 4.668e-10  size=7
    7.849e-07### ekin(eV)=707.9 e0(eV)=0.02526
     1) sig(eV)=0.345 y(b)=0.0003922
     2) sig(eV)=0.345 y(b)=0.0003922
     3) sig(eV)=0.345 y(b)=0.0003922
G4CrossSectionHP::IsoXS neutronInelasticHP  Z= 64  A= 152 Ekin(MeV)= 0.0007079  xs(b)= 0.0003922  size=7
### ekin(eV)=707.9 e0(eV)=0.02526
     1) sig(eV)=0.3428 y(b)=0
     2) sig(eV)=0.3428 y(b)=0
     3) sig(eV)=0.3428 y(b)=0
G4CrossSectionHP::IsoXS neutronInelasticHP  Z= 64  A= 154 Ekin(MeV)= 0.0007079  xs(b)= 0  size=7
### ekin(eV)=707.9 e0(eV)=0.02526
     1) sig(eV)=0.3417 y(b)=7.194e-10
     2) sig(eV)=0.3417 y(b)=7.2e-10
     3) sig(eV)=0.3417 y(b)=7.2e-10
G4CrossSectionHP::IsoXS neutronInelasticHP  Z= 64  A= 155 Ekin(MeV)= 0.0007079  xs(b)= 7.198e-10  size=7
### ekin(eV)=707.9 e0(eV)=0.02526
     1) sig(eV)=0.3406 y(b)=7.136e-10
     2) sig(eV)=0.3406 y(b)=7.138e-10
     3) sig(eV)=0.3406 y(b)=7.138e-10
G4CrossSectionHP::IsoXS neutronInelasticHP  Z= 64  A= 156 Ekin(MeV)= 0.0007079  xs(b)= 7.138e-10  size=7
### ekin(eV)=707.9 e0(eV)=0.02526
     1) sig(eV)=0.3395 y(b)=2.976e-10
     2) sig(eV)=0.3395 y(b)=2.978e-10
     3) sig(eV)=0.3395 y(b)=2.979e-10
G4CrossSectionHP::IsoXS neutronInelasticHP  Z= 64  A= 157 Ekin(MeV)= 0.0007079  xs(b)= 2.978e-10  size=7
### ekin(eV)=707.9 e0(eV)=0.02526
     1) sig(eV)=0.3384 y(b)=3e-10
     2) sig(eV)=0.3384 y(b)=3.002e-10
     3) sig(eV)=0.3384 y(b)=3.003e-10
G4CrossSectionHP::IsoXS neutronInelasticHP  Z= 64  A= 158 Ekin(MeV)= 0.0007079  xs(b)= 3.002e-10  size=7
### ekin(eV)=707.9 e0(eV)=0.02526
     1) sig(eV)=0.3363 y(b)=4.672e-10
     2) sig(eV)=0.3363 y(b)=4.671e-10
     3) sig(eV)=0.3363 y(b)=4.668e-10
G4CrossSectionHP::IsoXS neutronInelasticHP  Z= 64  A= 160 Ekin(MeV)= 0.0007079  xs(b)= 4.67e-10  size=7
### ekin(eV)=707.9 e0(eV)=0.02526
     1) sig(eV)=0.345 y(b)=17.81
     2) sig(eV)=0.345 y(b)=18.21
     3) sig(eV)=0.345 y(b)=18.42
G4CrossSectionHP::IsoXS neutronElasticHP  Z= 64  A= 152 Ekin(MeV)= 0.0007079  xs(b)= 18.14  size=7
### ekin(eV)=707.9 e0(eV)=0.02526
     1) sig(eV)=0.3428 y(b)=5.268
     2) sig(eV)=0.3428 y(b)=5.322
     3) sig(eV)=0.3428 y(b)=5.258
G4CrossSectionHP::IsoXS neutronElasticHP  Z= 64  A= 154 Ekin(MeV)= 0.0007079  xs(b)= 5.283  size=7
### ekin(eV)=707.9 e0(eV)=0.02526
     1) sig(eV)=0.3417 y(b)=20.18
     2) sig(eV)=0.3417 y(b)=20.18
     3) sig(eV)=0.3417 y(b)=20.18
G4CrossSectionHP::IsoXS neutronElasticHP  Z= 64  A= 155 Ekin(MeV)= 0.0007079  xs(b)= 20.18  size=7
### ekin(eV)=707.9 e0(eV)=0.02526
     1) sig(eV)=0.3406 y(b)=97.63
     2) sig(eV)=0.3406 y(b)=67.69
     3) sig(eV)=0.3406 y(b)=27.62
     4) sig(eV)=0.3406 y(b)=16
     5) sig(eV)=0.3406 y(b)=19.24
     6) sig(eV)=0.3406 y(b)=15.44
     7) sig(eV)=0.3406 y(b)=19.69
     8) sig(eV)=0.3406 y(b)=25.64
     9) sig(eV)=0.3406 y(b)=11.25
     10) sig(eV)=0.3406 y(b)=4.682
     11) sig(eV)=0.3406 y(b)=16.94
     12) sig(eV)=0.3406 y(b)=8.974
     13) sig(eV)=0.3406 y(b)=24.02
     14) sig(eV)=0.3406 y(b)=39.74
     15) sig(eV)=0.3406 y(b)=18.5
     16) sig(eV)=0.3406 y(b)=22.84
     17) sig(eV)=0.3406 y(b)=15.72
     18) sig(eV)=0.3406 y(b)=19.23
     19) sig(eV)=0.3406 y(b)=18.26
     20) sig(eV)=0.3406 y(b)=15.29
G4CrossSectionHP::IsoXS neutronElasticHP  Z= 64  A= 156 Ekin(MeV)= 0.0007079  xs(b)= 25.22  size=7
### ekin(eV)=707.9 e0(eV)=0.02526
     1) sig(eV)=0.3395 y(b)=17.64
     2) sig(eV)=0.3395 y(b)=17.64
     3) sig(eV)=0.3395 y(b)=17.64
G4CrossSectionHP::IsoXS neutronElasticHP  Z= 64  A= 157 Ekin(MeV)= 0.0007079  xs(b)= 17.64  size=7
### ekin(eV)=707.9 e0(eV)=0.02526
     1) sig(eV)=0.3384 y(b)=10.82
     2) sig(eV)=0.3384 y(b)=10.93
     3) sig(eV)=0.3384 y(b)=11.13
G4CrossSectionHP::IsoXS neutronElasticHP  Z= 64  A= 158 Ekin(MeV)= 0.0007079  xs(b)= 10.96  size=7
### ekin(eV)=707.9 e0(eV)=0.02526
     1) sig(eV)=0.3363 y(b)=3.358
     2) sig(eV)=0.3363 y(b)=3.66
     3) sig(eV)=0.3363 y(b)=0.9116
     4) sig(eV)=0.3363 y(b)=0.5504
     5) sig(eV)=0.3363 y(b)=3.644
     6) sig(eV)=0.3363 y(b)=2.805
     7) sig(eV)=0.3363 y(b)=2.43
     8) sig(eV)=0.3363 y(b)=2.405
     9) sig(eV)=0.3363 y(b)=2.387
     10) sig(eV)=0.3363 y(b)=2.363
     11) sig(eV)=0.3363 y(b)=2.393
     12) sig(eV)=0.3363 y(b)=2.571
     13) sig(eV)=0.3363 y(b)=2.403
     14) sig(eV)=0.3363 y(b)=2.406
     15) sig(eV)=0.3363 y(b)=2.381
     16) sig(eV)=0.3363 y(b)=2.56
     17) sig(eV)=0.3363 y(b)=2.581
     18) sig(eV)=0.3363 y(b)=2.476
     19) sig(eV)=0.3363 y(b)=2.568
     20) sig(eV)=0.3363 y(b)=2.478
G4CrossSectionHP::IsoXS neutronElasticHP  Z= 64  A= 160 Ekin(MeV)= 0.0007079  xs(b)= 2.467  size=7
### ekin(eV)=707.9 e0(eV)=0.02526
     1) sig(eV)=0.345 y(b)=0.1005
     2) sig(eV)=0.345 y(b)=0.09823
     3) sig(eV)=0.345 y(b)=0.1018
G4CrossSectionHP::IsoXS neutronCaptureHP  Z= 64  A= 152 Ekin(MeV)= 0.0007079  xs(b)= 0.1002  size=7
### ekin(eV)=707.9 e0(eV)=0.02526
     1) sig(eV)=0.3428 y(b)=0.03832
     2) sig(eV)=0.3428 y(b)=0.03854
     3) sig(eV)=0.3428 y(b)=0.0385
G4CrossSectionHP::IsoXS neutronCaptureHP  Z= 64  A= 154 Ekin(MeV)= 0.0007079  xs(b)= 0.03845  size=7
### ekin(eV)=707.9 e0(eV)=0.02526
     1) sig(eV)=0.3417 y(b)=28.47
     2) sig(eV)=0.3417 y(b)=28.48
     3) sig(eV)=0.3417 y(b)=28.47
G4CrossSectionHP::IsoXS neutronCaptureHP  Z= 64  A= 155 Ekin(MeV)= 0.0007079  xs(b)= 28.47  size=7
### ekin(eV)=707.9 e0(eV)=0.02526
     1) sig(eV)=0.3406 y(b)=14.28
     2) sig(eV)=0.3406 y(b)=17.11
     3) sig(eV)=0.3406 y(b)=36.01
     4) sig(eV)=0.3406 y(b)=9.061
     5) sig(eV)=0.3406 y(b)=11.36
     6) sig(eV)=0.3406 y(b)=6.996
     7) sig(eV)=0.3406 y(b)=9.7
     8) sig(eV)=0.3406 y(b)=12.02
     9) sig(eV)=0.3406 y(b)=6.67
     10) sig(eV)=0.3406 y(b)=7.152
     11) sig(eV)=0.3406 y(b)=11.55
     12) sig(eV)=0.3406 y(b)=17.75
     13) sig(eV)=0.3406 y(b)=52.13
     14) sig(eV)=0.3406 y(b)=24.92
     15) sig(eV)=0.3406 y(b)=13.45
     16) sig(eV)=0.3406 y(b)=15.32
     17) sig(eV)=0.3406 y(b)=10.79
     18) sig(eV)=0.3406 y(b)=15.59
     19) sig(eV)=0.3406 y(b)=27.97
     20) sig(eV)=0.3406 y(b)=34.26
G4CrossSectionHP::IsoXS neutronCaptureHP  Z= 64  A= 156 Ekin(MeV)= 0.0007079  xs(b)= 17.7  size=7
### ekin(eV)=707.9 e0(eV)=0.02526
     1) sig(eV)=0.3395 y(b)=21.28
     2) sig(eV)=0.3395 y(b)=21.27
     3) sig(eV)=0.3395 y(b)=21.28
G4CrossSectionHP::IsoXS neutronCaptureHP  Z= 64  A= 157 Ekin(MeV)= 0.0007079  xs(b)= 21.28  size=7
### ekin(eV)=707.9 e0(eV)=0.02526
     1) sig(eV)=0.3384 y(b)=0.3023
     2) sig(eV)=0.3384 y(b)=0.3115
     3) sig(eV)=0.3384 y(b)=0.2976
G4CrossSectionHP::IsoXS neutronCaptureHP  Z= 64  A= 158 Ekin(MeV)= 0.0007079  xs(b)= 0.3038  size=7
### ekin(eV)=707.9 e0(eV)=0.02526
     1) sig(eV)=0.3363 y(b)=1.612
     2) sig(eV)=0.3363 y(b)=0.8219
     3) sig(eV)=0.3363 y(b)=0.4084
     4) sig(eV)=0.3363 y(b)=0.2332
     5) sig(eV)=0.3363 y(b)=0.2547
     6) sig(eV)=0.3363 y(b)=0.816
     7) sig(eV)=0.3363 y(b)=0.9084
     8) sig(eV)=0.3363 y(b)=2.948
     9) sig(eV)=0.3363 y(b)=0.9103
     10) sig(eV)=0.3363 y(b)=3.232
     11) sig(eV)=0.3363 y(b)=1.283
     12) sig(eV)=0.3363 y(b)=2.068
     13) sig(eV)=0.3363 y(b)=2.816
     14) sig(eV)=0.3363 y(b)=1.606
     15) sig(eV)=0.3363 y(b)=1.241
     16) sig(eV)=0.3363 y(b)=10.98
     17) sig(eV)=0.3363 y(b)=2.284
     18) sig(eV)=0.3363 y(b)=19.49
     19) sig(eV)=0.3363 y(b)=4.093
     20) sig(eV)=0.3363 y(b)=0.8516
G4CrossSectionHP::IsoXS neutronCaptureHP  Z= 64  A= 160 Ekin(MeV)= 0.0007079  xs(b)= 2.942  size=7
        11.89            0        203.3
    9   0.0008913### ekin(eV)=891.3 e0(eV)=0.02526
     1) sig(eV)=0.345 y(b)=3.88
     2) sig(eV)=0.345 y(b)=3.379
     3) sig(eV)=0.345 y(b)=2.815
     4) sig(eV)=0.345 y(b)=3.706
     5) sig(eV)=0.345 y(b)=4.862
     6) sig(eV)=0.345 y(b)=6.341
     7) sig(eV)=0.345 y(b)=6.988
     8) sig(eV)=0.345 y(b)=6.733
     9) sig(eV)=0.345 y(b)=6.124
     10) sig(eV)=0.345 y(b)=5.696
     11) sig(eV)=0.345 y(b)=4.536
     12) sig(eV)=0.345 y(b)=4.045
     13) sig(eV)=0.345 y(b)=3.956
     14) sig(eV)=0.345 y(b)=5.253
     15) sig(eV)=0.345 y(b)=4.513
     16) sig(eV)=0.345 y(b)=5.483
     17) sig(eV)=0.345 y(b)=5.068
     18) sig(eV)=0.345 y(b)=5.289
     19) sig(eV)=0.345 y(b)=5.94
     20) sig(eV)=0.345 y(b)=5.195
G4CrossSectionHP::IsoXS neutronElasticHP  Z= 64  A= 152 Ekin(MeV)= 0.0008913  xs(b)= 4.99  size=7
### ekin(eV)=891.3 e0(eV)=0.02526
     1) sig(eV)=0.3428 y(b)=2.14
     2) sig(eV)=0.3428 y(b)=2.378
     3) sig(eV)=0.3428 y(b)=2.508
G4CrossSectionHP::IsoXS neutronElasticHP  Z= 64  A= 154 Ekin(MeV)= 0.0008913  xs(b)= 2.342  size=7
### ekin(eV)=891.3 e0(eV)=0.02526
     1) sig(eV)=0.3417 y(b)=19.13
     2) sig(eV)=0.3417 y(b)=19.12
     3) sig(eV)=0.3417 y(b)=19.12
G4CrossSectionHP::IsoXS neutronElasticHP  Z= 64  A= 155 Ekin(MeV)= 0.0008913  xs(b)= 19.12  size=7
### ekin(eV)=891.3 e0(eV)=0.02526
     1) sig(eV)=0.3406 y(b)=6.302
     2) sig(eV)=0.3406 y(b)=6.631
     3) sig(eV)=0.3406 y(b)=6.154
G4CrossSectionHP::IsoXS neutronElasticHP  Z= 64  A= 156 Ekin(MeV)= 0.0008913  xs(b)= 6.362  size=7
### ekin(eV)=891.3 e0(eV)=0.02526
     1) sig(eV)=0.3395 y(b)=16.68
     2) sig(eV)=0.3395 y(b)=16.68
     3) sig(eV)=0.3395 y(b)=16.68
G4CrossSectionHP::IsoXS neutronElasticHP  Z= 64  A= 157 Ekin(MeV)= 0.0008913  xs(b)= 16.68  size=7
### ekin(eV)=891.3 e0(eV)=0.02526
     1) sig(eV)=0.3384 y(b)=6.827
     2) sig(eV)=0.3384 y(b)=6.863
     3) sig(eV)=0.3384 y(b)=6.804
G4CrossSectionHP::IsoXS neutronElasticHP  Z= 64  A= 158 Ekin(MeV)= 0.0008913  xs(b)= 6.831  size=7
### ekin(eV)=891.3 e0(eV)=0.02526
     1) sig(eV)=0.3363 y(b)=25.1
     2) sig(eV)=0.3363 y(b)=24.84
     3) sig(eV)=0.3363 y(b)=26.18
G4CrossSectionHP::IsoXS neutronElasticHP  Z= 64  A= 160 Ekin(MeV)= 0.0008913  xs(b)= 25.37  size=7
       14.05### ekin(eV)=891.3 e0(eV)=0.02526
     1) sig(eV)=0.345 y(b)=0.0003231
     2) sig(eV)=0.345 y(b)=0.0003233
     3) sig(eV)=0.345 y(b)=0.0003233
G4CrossSectionHP::IsoXS neutronInelasticHP  Z= 64  A= 152 Ekin(MeV)= 0.0008913  xs(b)= 0.0003232  size=7
### ekin(eV)=891.3 e0(eV)=0.02526
     1) sig(eV)=0.3428 y(b)=0
     2) sig(eV)=0.3428 y(b)=0
     3) sig(eV)=0.3428 y(b)=0
G4CrossSectionHP::IsoXS neutronInelasticHP  Z= 64  A= 154 Ekin(MeV)= 0.0008913  xs(b)= 0  size=7
### ekin(eV)=891.3 e0(eV)=0.02526
     1) sig(eV)=0.3417 y(b)=9.064e-10
     2) sig(eV)=0.3417 y(b)=9.067e-10
     3) sig(eV)=0.3417 y(b)=9.057e-10
G4CrossSectionHP::IsoXS neutronInelasticHP  Z= 64  A= 155 Ekin(MeV)= 0.0008913  xs(b)= 9.063e-10  size=7
### ekin(eV)=891.3 e0(eV)=0.02526
     1) sig(eV)=0.3406 y(b)=8.988e-10
     2) sig(eV)=0.3406 y(b)=8.993e-10
     3) sig(eV)=0.3406 y(b)=8.992e-10
G4CrossSectionHP::IsoXS neutronInelasticHP  Z= 64  A= 156 Ekin(MeV)= 0.0008913  xs(b)= 8.991e-10  size=7
### ekin(eV)=891.3 e0(eV)=0.02526
     1) sig(eV)=0.3395 y(b)=3.748e-10
     2) sig(eV)=0.3395 y(b)=3.749e-10
     3) sig(eV)=0.3395 y(b)=3.749e-10
G4CrossSectionHP::IsoXS neutronInelasticHP  Z= 64  A= 157 Ekin(MeV)= 0.0008913  xs(b)= 3.748e-10  size=7
### ekin(eV)=891.3 e0(eV)=0.02526
     1) sig(eV)=0.3384 y(b)=3.775e-10
     2) sig(eV)=0.3384 y(b)=3.776e-10
     3) sig(eV)=0.3384 y(b)=3.777e-10
G4CrossSectionHP::IsoXS neutronInelasticHP  Z= 64  A= 158 Ekin(MeV)= 0.0008913  xs(b)= 3.776e-10  size=7
### ekin(eV)=891.3 e0(eV)=0.02526
     1) sig(eV)=0.3363 y(b)=5.872e-10
     2) sig(eV)=0.3363 y(b)=5.871e-10
     3) sig(eV)=0.3363 y(b)=5.869e-10
G4CrossSectionHP::IsoXS neutronInelasticHP  Z= 64  A= 160 Ekin(MeV)= 0.0008913  xs(b)= 5.871e-10  size=7
    6.471e-07### ekin(eV)=891.3 e0(eV)=0.02526
     1) sig(eV)=0.345 y(b)=0.0003226
     2) sig(eV)=0.345 y(b)=0.000322
     3) sig(eV)=0.345 y(b)=0.0003221
G4CrossSectionHP::IsoXS neutronInelasticHP  Z= 64  A= 152 Ekin(MeV)= 0.0008913  xs(b)= 0.0003222  size=7
### ekin(eV)=891.3 e0(eV)=0.02526
     1) sig(eV)=0.3428 y(b)=0
     2) sig(eV)=0.3428 y(b)=0
     3) sig(eV)=0.3428 y(b)=0
G4CrossSectionHP::IsoXS neutronInelasticHP  Z= 64  A= 154 Ekin(MeV)= 0.0008913  xs(b)= 0  size=7
### ekin(eV)=891.3 e0(eV)=0.02526
     1) sig(eV)=0.3417 y(b)=9.064e-10
     2) sig(eV)=0.3417 y(b)=9.057e-10
     3) sig(eV)=0.3417 y(b)=9.058e-10
G4CrossSectionHP::IsoXS neutronInelasticHP  Z= 64  A= 155 Ekin(MeV)= 0.0008913  xs(b)= 9.06e-10  size=7
### ekin(eV)=891.3 e0(eV)=0.02526
     1) sig(eV)=0.3406 y(b)=8.98e-10
     2) sig(eV)=0.3406 y(b)=8.973e-10
     3) sig(eV)=0.3406 y(b)=8.981e-10
G4CrossSectionHP::IsoXS neutronInelasticHP  Z= 64  A= 156 Ekin(MeV)= 0.0008913  xs(b)= 8.978e-10  size=7
### ekin(eV)=891.3 e0(eV)=0.02526
     1) sig(eV)=0.3395 y(b)=3.747e-10
     2) sig(eV)=0.3395 y(b)=3.747e-10
     3) sig(eV)=0.3395 y(b)=3.746e-10
G4CrossSectionHP::IsoXS neutronInelasticHP  Z= 64  A= 157 Ekin(MeV)= 0.0008913  xs(b)= 3.747e-10  size=7
### ekin(eV)=891.3 e0(eV)=0.02526
     1) sig(eV)=0.3384 y(b)=3.777e-10
     2) sig(eV)=0.3384 y(b)=3.778e-10
     3) sig(eV)=0.3384 y(b)=3.778e-10
G4CrossSectionHP::IsoXS neutronInelasticHP  Z= 64  A= 158 Ekin(MeV)= 0.0008913  xs(b)= 3.778e-10  size=7
### ekin(eV)=891.3 e0(eV)=0.02526
     1) sig(eV)=0.3363 y(b)=5.877e-10
     2) sig(eV)=0.3363 y(b)=5.874e-10
     3) sig(eV)=0.3363 y(b)=5.87e-10
G4CrossSectionHP::IsoXS neutronInelasticHP  Z= 64  A= 160 Ekin(MeV)= 0.0008913  xs(b)= 5.874e-10  size=7
### ekin(eV)=891.3 e0(eV)=0.02526
     1) sig(eV)=0.345 y(b)=0.1165
     2) sig(eV)=0.345 y(b)=75.69
     3) sig(eV)=0.345 y(b)=462
     4) sig(eV)=0.345 y(b)=15.42
     5) sig(eV)=0.345 y(b)=73.91
     6) sig(eV)=0.345 y(b)=25.54
     7) sig(eV)=0.345 y(b)=19.38
     8) sig(eV)=0.345 y(b)=48.64
     9) sig(eV)=0.345 y(b)=34.04
     10) sig(eV)=0.345 y(b)=660.9
     11) sig(eV)=0.345 y(b)=44.97
     12) sig(eV)=0.345 y(b)=19.74
     13) sig(eV)=0.345 y(b)=71.16
     14) sig(eV)=0.345 y(b)=21.05
     15) sig(eV)=0.345 y(b)=18.14
     16) sig(eV)=0.345 y(b)=18.03
     17) sig(eV)=0.345 y(b)=19.43
     18) sig(eV)=0.345 y(b)=18.68
     19) sig(eV)=0.345 y(b)=22.65
     20) sig(eV)=0.345 y(b)=21.15
G4CrossSectionHP::IsoXS neutronElasticHP  Z= 64  A= 152 Ekin(MeV)= 0.0008913  xs(b)= 84.53  size=7
### ekin(eV)=891.3 e0(eV)=0.02526
     1) sig(eV)=0.3428 y(b)=1.983
     2) sig(eV)=0.3428 y(b)=2.191
     3) sig(eV)=0.3428 y(b)=2.42
G4CrossSectionHP::IsoXS neutronElasticHP  Z= 64  A= 154 Ekin(MeV)= 0.0008913  xs(b)= 2.198  size=7
### ekin(eV)=891.3 e0(eV)=0.02526
     1) sig(eV)=0.3417 y(b)=19.12
     2) sig(eV)=0.3417 y(b)=19.12
     3) sig(eV)=0.3417 y(b)=19.12
G4CrossSectionHP::IsoXS neutronElasticHP  Z= 64  A= 155 Ekin(MeV)= 0.0008913  xs(b)= 19.12  size=7
### ekin(eV)=891.3 e0(eV)=0.02526
     1) sig(eV)=0.3406 y(b)=5.353
     2) sig(eV)=0.3406 y(b)=5.355
     3) sig(eV)=0.3406 y(b)=5.574
G4CrossSectionHP::IsoXS neutronElasticHP  Z= 64  A= 156 Ekin(MeV)= 0.0008913  xs(b)= 5.428  size=7
### ekin(eV)=891.3 e0(eV)=0.02526
     1) sig(eV)=0.3395 y(b)=16.68
     2) sig(eV)=0.3395 y(b)=16.68
     3) sig(eV)=0.3395 y(b)=16.68
G4CrossSectionHP::IsoXS neutronElasticHP  Z= 64  A= 157 Ekin(MeV)= 0.0008913  xs(b)= 16.68  size=7
### ekin(eV)=891.3 e0(eV)=0.02526
     1) sig(eV)=0.3384 y(b)=6.742
     2) sig(eV)=0.3384 y(b)=6.696
     3) sig(eV)=0.3384 y(b)=6.783
G4CrossSectionHP::IsoXS neutronElasticHP  Z= 64  A= 158 Ekin(MeV)= 0.0008913  xs(b)= 6.74  size=7
### ekin(eV)=891.3 e0(eV)=0.02526
     1) sig(eV)=0.3363 y(b)=25.07
     2) sig(eV)=0.3363 y(b)=26.49
     3) sig(eV)=0.3363 y(b)=24.49
G4CrossSectionHP::IsoXS neutronElasticHP  Z= 64  A= 160 Ekin(MeV)= 0.0008913  xs(b)= 25.35  size=7
### ekin(eV)=891.3 e0(eV)=0.02526
     1) sig(eV)=0.345 y(b)=3.2
     2) sig(eV)=0.345 y(b)=1.944
     3) sig(eV)=0.345 y(b)=1.434
     4) sig(eV)=0.345 y(b)=5.861
     5) sig(eV)=0.345 y(b)=12.87
     6) sig(eV)=0.345 y(b)=10.1
     7) sig(eV)=0.345 y(b)=47.94
     8) sig(eV)=0.345 y(b)=5.29
     9) sig(eV)=0.345 y(b)=1.559
     10) sig(eV)=0.345 y(b)=1.098
     11) sig(eV)=0.345 y(b)=4.376
     12) sig(eV)=0.345 y(b)=46.92
     13) sig(eV)=0.345 y(b)=3.048
     14) sig(eV)=0.345 y(b)=1.367
     15) sig(eV)=0.345 y(b)=1.318
     16) sig(eV)=0.345 y(b)=1.127
     17) sig(eV)=0.345 y(b)=1.828
     18) sig(eV)=0.345 y(b)=0.9667
     19) sig(eV)=0.345 y(b)=0.6983
     20) sig(eV)=0.345 y(b)=0.6885
G4CrossSectionHP::IsoXS neutronCaptureHP  Z= 64  A= 152 Ekin(MeV)= 0.0008913  xs(b)= 7.682  size=7
### ekin(eV)=891.3 e0(eV)=0.02526
     1) sig(eV)=0.3428 y(b)=0.4321
     2) sig(eV)=0.3428 y(b)=0.5059
     3) sig(eV)=0.3428 y(b)=0.5222
G4CrossSectionHP::IsoXS neutronCaptureHP  Z= 64  A= 154 Ekin(MeV)= 0.0008913  xs(b)= 0.4867  size=7
### ekin(eV)=891.3 e0(eV)=0.02526
     1) sig(eV)=0.3417 y(b)=24.46
     2) sig(eV)=0.3417 y(b)=24.45
     3) sig(eV)=0.3417 y(b)=24.45
G4CrossSectionHP::IsoXS neutronCaptureHP  Z= 64  A= 155 Ekin(MeV)= 0.0008913  xs(b)= 24.45  size=7
### ekin(eV)=891.3 e0(eV)=0.02526
     1) sig(eV)=0.3406 y(b)=0.3078
     2) sig(eV)=0.3406 y(b)=0.3126
     3) sig(eV)=0.3406 y(b)=0.2896
G4CrossSectionHP::IsoXS neutronCaptureHP  Z= 64  A= 156 Ekin(MeV)= 0.0008913  xs(b)= 0.3033  size=7
### ekin(eV)=891.3 e0(eV)=0.02526
     1) sig(eV)=0.3395 y(b)=18.26
     2) sig(eV)=0.3395 y(b)=18.26
     3) sig(eV)=0.3395 y(b)=18.26
G4CrossSectionHP::IsoXS neutronCaptureHP  Z= 64  A= 157 Ekin(MeV)= 0.0008913  xs(b)= 18.26  size=7
### ekin(eV)=891.3 e0(eV)=0.02526
     1) sig(eV)=0.3384 y(b)=0.1201
     2) sig(eV)=0.3384 y(b)=0.12
     3) sig(eV)=0.3384 y(b)=0.1201
G4CrossSectionHP::IsoXS neutronCaptureHP  Z= 64  A= 158 Ekin(MeV)= 0.0008913  xs(b)= 0.1201  size=7
### ekin(eV)=891.3 e0(eV)=0.02526
     1) sig(eV)=0.3363 y(b)=1.264
     2) sig(eV)=0.3363 y(b)=1.269
     3) sig(eV)=0.3363 y(b)=1.282
G4CrossSectionHP::IsoXS neutronCaptureHP  Z= 64  A= 160 Ekin(MeV)= 0.0008913  xs(b)= 1.272  size=7
        6.872            0        20.92
   10    0.001122### ekin(eV)=1122 e0(eV)=0.02526
     1) sig(eV)=0.345 y(b)=4.407
     2) sig(eV)=0.345 y(b)=4.74
     3) sig(eV)=0.345 y(b)=4.61
G4CrossSectionHP::IsoXS neutronElasticHP  Z= 64  A= 152 Ekin(MeV)= 0.001122  xs(b)= 4.586  size=7
### ekin(eV)=1122 e0(eV)=0.02526
     1) sig(eV)=0.3428 y(b)=8.348
     2) sig(eV)=0.3428 y(b)=8.391
     3) sig(eV)=0.3428 y(b)=8.354
G4CrossSectionHP::IsoXS neutronElasticHP  Z= 64  A= 154 Ekin(MeV)= 0.001122  xs(b)= 8.364  size=7
### ekin(eV)=1122 e0(eV)=0.02526
     1) sig(eV)=0.3417 y(b)=18.11
     2) sig(eV)=0.3417 y(b)=18.1
     3) sig(eV)=0.3417 y(b)=18.11
G4CrossSectionHP::IsoXS neutronElasticHP  Z= 64  A= 155 Ekin(MeV)= 0.001122  xs(b)= 18.11  size=7
### ekin(eV)=1122 e0(eV)=0.02526
     1) sig(eV)=0.3406 y(b)=3.529
     2) sig(eV)=0.3406 y(b)=3.448
     3) sig(eV)=0.3406 y(b)=3.227
G4CrossSectionHP::IsoXS neutronElasticHP  Z= 64  A= 156 Ekin(MeV)= 0.001122  xs(b)= 3.401  size=7
### ekin(eV)=1122 e0(eV)=0.02526
     1) sig(eV)=0.3395 y(b)=15.84
     2) sig(eV)=0.3395 y(b)=15.84
     3) sig(eV)=0.3395 y(b)=15.84
G4CrossSectionHP::IsoXS neutronElasticHP  Z= 64  A= 157 Ekin(MeV)= 0.001122  xs(b)= 15.84  size=7
### ekin(eV)=1122 e0(eV)=0.02526
     1) sig(eV)=0.3384 y(b)=4.477
     2) sig(eV)=0.3384 y(b)=4.465
     3) sig(eV)=0.3384 y(b)=4.466
G4CrossSectionHP::IsoXS neutronElasticHP  Z= 64  A= 158 Ekin(MeV)= 0.001122  xs(b)= 4.47  size=7
### ekin(eV)=1122 e0(eV)=0.02526
     1) sig(eV)=0.3363 y(b)=3.011
     2) sig(eV)=0.3363 y(b)=3.03
     3) sig(eV)=0.3363 y(b)=3.025
G4CrossSectionHP::IsoXS neutronElasticHP  Z= 64  A= 160 Ekin(MeV)= 0.001122  xs(b)= 3.022  size=7
       7.818### ekin(eV)=1122 e0(eV)=0.02526
     1) sig(eV)=0.345 y(b)=0.0002186
     2) sig(eV)=0.345 y(b)=0.0002187
     3) sig(eV)=0.345 y(b)=0.0002187
G4CrossSectionHP::IsoXS neutronInelasticHP  Z= 64  A= 152 Ekin(MeV)= 0.001122  xs(b)= 0.0002187  size=7
### ekin(eV)=1122 e0(eV)=0.02526
     1) sig(eV)=0.3428 y(b)=0
     2) sig(eV)=0.3428 y(b)=0
     3) sig(eV)=0.3428 y(b)=0
G4CrossSectionHP::IsoXS neutronInelasticHP  Z= 64  A= 154 Ekin(MeV)= 0.001122  xs(b)= 0  size=7
### ekin(eV)=1122 e0(eV)=0.02526
     1) sig(eV)=0.3417 y(b)=1.141e-09
     2) sig(eV)=0.3417 y(b)=1.141e-09
     3) sig(eV)=0.3417 y(b)=1.141e-09
G4CrossSectionHP::IsoXS neutronInelasticHP  Z= 64  A= 155 Ekin(MeV)= 0.001122  xs(b)= 1.141e-09  size=7
### ekin(eV)=1122 e0(eV)=0.02526
     1) sig(eV)=0.3406 y(b)=1.131e-09
     2) sig(eV)=0.3406 y(b)=1.131e-09
     3) sig(eV)=0.3406 y(b)=1.131e-09
G4CrossSectionHP::IsoXS neutronInelasticHP  Z= 64  A= 156 Ekin(MeV)= 0.001122  xs(b)= 1.131e-09  size=7
### ekin(eV)=1122 e0(eV)=0.02526
     1) sig(eV)=0.3395 y(b)=4.716e-10
     2) sig(eV)=0.3395 y(b)=4.716e-10
     3) sig(eV)=0.3395 y(b)=4.717e-10
G4CrossSectionHP::IsoXS neutronInelasticHP  Z= 64  A= 157 Ekin(MeV)= 0.001122  xs(b)= 4.716e-10  size=7
### ekin(eV)=1122 e0(eV)=0.02526
     1) sig(eV)=0.3384 y(b)=4.75e-10
     2) sig(eV)=0.3384 y(b)=4.747e-10
     3) sig(eV)=0.3384 y(b)=4.746e-10
G4CrossSectionHP::IsoXS neutronInelasticHP  Z= 64  A= 158 Ekin(MeV)= 0.001122  xs(b)= 4.748e-10  size=7
### ekin(eV)=1122 e0(eV)=0.02526
     1) sig(eV)=0.3363 y(b)=7.398e-10
     2) sig(eV)=0.3363 y(b)=7.397e-10
     3) sig(eV)=0.3363 y(b)=7.399e-10
G4CrossSectionHP::IsoXS neutronInelasticHP  Z= 64  A= 160 Ekin(MeV)= 0.001122  xs(b)= 7.398e-10  size=7
    4.381e-07### ekin(eV)=1122 e0(eV)=0.02526
     1) sig(eV)=0.345 y(b)=0.0002186
     2) sig(eV)=0.345 y(b)=0.0002184
     3) sig(eV)=0.345 y(b)=0.0002186
G4CrossSectionHP::IsoXS neutronInelasticHP  Z= 64  A= 152 Ekin(MeV)= 0.001122  xs(b)= 0.0002185  size=7
### ekin(eV)=1122 e0(eV)=0.02526
     1) sig(eV)=0.3428 y(b)=0
     2) sig(eV)=0.3428 y(b)=0
     3) sig(eV)=0.3428 y(b)=0
G4CrossSectionHP::IsoXS neutronInelasticHP  Z= 64  A= 154 Ekin(MeV)= 0.001122  xs(b)= 0  size=7
### ekin(eV)=1122 e0(eV)=0.02526
     1) sig(eV)=0.3417 y(b)=1.141e-09
     2) sig(eV)=0.3417 y(b)=1.141e-09
     3) sig(eV)=0.3417 y(b)=1.141e-09
G4CrossSectionHP::IsoXS neutronInelasticHP  Z= 64  A= 155 Ekin(MeV)= 0.001122  xs(b)= 1.141e-09  size=7
### ekin(eV)=1122 e0(eV)=0.02526
     1) sig(eV)=0.3406 y(b)=1.132e-09
     2) sig(eV)=0.3406 y(b)=1.132e-09
     3) sig(eV)=0.3406 y(b)=1.133e-09
G4CrossSectionHP::IsoXS neutronInelasticHP  Z= 64  A= 156 Ekin(MeV)= 0.001122  xs(b)= 1.132e-09  size=7
### ekin(eV)=1122 e0(eV)=0.02526
     1) sig(eV)=0.3395 y(b)=4.719e-10
     2) sig(eV)=0.3395 y(b)=4.719e-10
     3) sig(eV)=0.3395 y(b)=4.718e-10
G4CrossSectionHP::IsoXS neutronInelasticHP  Z= 64  A= 157 Ekin(MeV)= 0.001122  xs(b)= 4.718e-10  size=7
### ekin(eV)=1122 e0(eV)=0.02526
     1) sig(eV)=0.3384 y(b)=4.75e-10
     2) sig(eV)=0.3384 y(b)=4.751e-10
     3) sig(eV)=0.3384 y(b)=4.75e-10
G4CrossSectionHP::IsoXS neutronInelasticHP  Z= 64  A= 158 Ekin(MeV)= 0.001122  xs(b)= 4.75e-10  size=7
### ekin(eV)=1122 e0(eV)=0.02526
     1) sig(eV)=0.3363 y(b)=7.394e-10
     2) sig(eV)=0.3363 y(b)=7.391e-10
     3) sig(eV)=0.3363 y(b)=7.392e-10
G4CrossSectionHP::IsoXS neutronInelasticHP  Z= 64  A= 160 Ekin(MeV)= 0.001122  xs(b)= 7.392e-10  size=7
### ekin(eV)=1122 e0(eV)=0.02526
     1) sig(eV)=0.345 y(b)=4.915
     2) sig(eV)=0.345 y(b)=4.818
     3) sig(eV)=0.345 y(b)=4.743
G4CrossSectionHP::IsoXS neutronElasticHP  Z= 64  A= 152 Ekin(MeV)= 0.001122  xs(b)= 4.825  size=7
### ekin(eV)=1122 e0(eV)=0.02526
     1) sig(eV)=0.3428 y(b)=8.595
     2) sig(eV)=0.3428 y(b)=8.63
     3) sig(eV)=0.3428 y(b)=8.696
G4CrossSectionHP::IsoXS neutronElasticHP  Z= 64  A= 154 Ekin(MeV)= 0.001122  xs(b)= 8.64  size=7
### ekin(eV)=1122 e0(eV)=0.02526
     1) sig(eV)=0.3417 y(b)=18.11
     2) sig(eV)=0.3417 y(b)=18.11
     3) sig(eV)=0.3417 y(b)=18.11
G4CrossSectionHP::IsoXS neutronElasticHP  Z= 64  A= 155 Ekin(MeV)= 0.001122  xs(b)= 18.11  size=7
### ekin(eV)=1122 e0(eV)=0.02526
     1) sig(eV)=0.3406 y(b)=3.444
     2) sig(eV)=0.3406 y(b)=3.422
     3) sig(eV)=0.3406 y(b)=3.284
G4CrossSectionHP::IsoXS neutronElasticHP  Z= 64  A= 156 Ekin(MeV)= 0.001122  xs(b)= 3.384  size=7
### ekin(eV)=1122 e0(eV)=0.02526
     1) sig(eV)=0.3395 y(b)=15.84
     2) sig(eV)=0.3395 y(b)=15.84
     3) sig(eV)=0.3395 y(b)=15.84
G4CrossSectionHP::IsoXS neutronElasticHP  Z= 64  A= 157 Ekin(MeV)= 0.001122  xs(b)= 15.84  size=7
### ekin(eV)=1122 e0(eV)=0.02526
     1) sig(eV)=0.3384 y(b)=4.481
     2) sig(eV)=0.3384 y(b)=4.49
     3) sig(eV)=0.3384 y(b)=4.485
G4CrossSectionHP::IsoXS neutronElasticHP  Z= 64  A= 158 Ekin(MeV)= 0.001122  xs(b)= 4.485  size=7
### ekin(eV)=1122 e0(eV)=0.02526
     1) sig(eV)=0.3363 y(b)=3.012
     2) sig(eV)=0.3363 y(b)=2.985
     3) sig(eV)=0.3363 y(b)=3.002
G4CrossSectionHP::IsoXS neutronElasticHP  Z= 64  A= 160 Ekin(MeV)= 0.001122  xs(b)= 2.999  size=7
### ekin(eV)=1122 e0(eV)=0.02526
     1) sig(eV)=0.345 y(b)=0.149
     2) sig(eV)=0.345 y(b)=0.1533
     3) sig(eV)=0.345 y(b)=0.1746
G4CrossSectionHP::IsoXS neutronCaptureHP  Z= 64  A= 152 Ekin(MeV)= 0.001122  xs(b)= 0.159  size=7
### ekin(eV)=1122 e0(eV)=0.02526
     1) sig(eV)=0.3428 y(b)=0.03922
     2) sig(eV)=0.3428 y(b)=0.03872
     3) sig(eV)=0.3428 y(b)=0.03858
G4CrossSectionHP::IsoXS neutronCaptureHP  Z= 64  A= 154 Ekin(MeV)= 0.001122  xs(b)= 0.03884  size=7
### ekin(eV)=1122 e0(eV)=0.02526
     1) sig(eV)=0.3417 y(b)=20.99
     2) sig(eV)=0.3417 y(b)=20.99
     3) sig(eV)=0.3417 y(b)=20.98
G4CrossSectionHP::IsoXS neutronCaptureHP  Z= 64  A= 155 Ekin(MeV)= 0.001122  xs(b)= 20.99  size=7
### ekin(eV)=1122 e0(eV)=0.02526
     1) sig(eV)=0.3406 y(b)=0.114
     2) sig(eV)=0.3406 y(b)=0.1089
     3) sig(eV)=0.3406 y(b)=0.1133
G4CrossSectionHP::IsoXS neutronCaptureHP  Z= 64  A= 156 Ekin(MeV)= 0.001122  xs(b)= 0.1121  size=7
### ekin(eV)=1122 e0(eV)=0.02526
     1) sig(eV)=0.3395 y(b)=15.57
     2) sig(eV)=0.3395 y(b)=15.57
     3) sig(eV)=0.3395 y(b)=15.57
G4CrossSectionHP::IsoXS neutronCaptureHP  Z= 64  A= 157 Ekin(MeV)= 0.001122  xs(b)= 15.57  size=7
### ekin(eV)=1122 e0(eV)=0.02526
     1) sig(eV)=0.3384 y(b)=0.0208
     2) sig(eV)=0.3384 y(b)=0.0208
     3) sig(eV)=0.3384 y(b)=0.02079
G4CrossSectionHP::IsoXS neutronCaptureHP  Z= 64  A= 158 Ekin(MeV)= 0.001122  xs(b)= 0.0208  size=7
### ekin(eV)=1122 e0(eV)=0.02526
     1) sig(eV)=0.3363 y(b)=0.02048
     2) sig(eV)=0.3363 y(b)=0.0204
     3) sig(eV)=0.3363 y(b)=0.02047
G4CrossSectionHP::IsoXS neutronCaptureHP  Z= 64  A= 160 Ekin(MeV)= 0.001122  xs(b)= 0.02045  size=7
        5.577            0        13.39
   11    0.001413### ekin(eV)=1413 e0(eV)=0.02526
     1) sig(eV)=0.345 y(b)=59.62
     2) sig(eV)=0.345 y(b)=29.4
     3) sig(eV)=0.345 y(b)=24.74
     4) sig(eV)=0.345 y(b)=21.87
     5) sig(eV)=0.345 y(b)=21.27
     6) sig(eV)=0.345 y(b)=24.39
     7) sig(eV)=0.345 y(b)=25.05
     8) sig(eV)=0.345 y(b)=27.23
     9) sig(eV)=0.345 y(b)=34.51
     10) sig(eV)=0.345 y(b)=72.02
     11) sig(eV)=0.345 y(b)=63.13
     12) sig(eV)=0.345 y(b)=46.2
     13) sig(eV)=0.345 y(b)=38.75
     14) sig(eV)=0.345 y(b)=45.63
     15) sig(eV)=0.345 y(b)=100.3
     16) sig(eV)=0.345 y(b)=143.6
     17) sig(eV)=0.345 y(b)=74.93
     18) sig(eV)=0.345 y(b)=944.9
     19) sig(eV)=0.345 y(b)=1096
     20) sig(eV)=0.345 y(b)=321.3
G4CrossSectionHP::IsoXS neutronElasticHP  Z= 64  A= 152 Ekin(MeV)= 0.001413  xs(b)= 160.7  size=7
### ekin(eV)=1413 e0(eV)=0.02526
     1) sig(eV)=0.3428 y(b)=8.148
     2) sig(eV)=0.3428 y(b)=8.182
     3) sig(eV)=0.3428 y(b)=8.31
G4CrossSectionHP::IsoXS neutronElasticHP  Z= 64  A= 154 Ekin(MeV)= 0.001413  xs(b)= 8.213  size=7
### ekin(eV)=1413 e0(eV)=0.02526
     1) sig(eV)=0.3417 y(b)=17.09
     2) sig(eV)=0.3417 y(b)=17.09
     3) sig(eV)=0.3417 y(b)=17.09
G4CrossSectionHP::IsoXS neutronElasticHP  Z= 64  A= 155 Ekin(MeV)= 0.001413  xs(b)= 17.09  size=7
### ekin(eV)=1413 e0(eV)=0.02526
     1) sig(eV)=0.3406 y(b)=9.384
     2) sig(eV)=0.3406 y(b)=9.235
     3) sig(eV)=0.3406 y(b)=9.123
G4CrossSectionHP::IsoXS neutronElasticHP  Z= 64  A= 156 Ekin(MeV)= 0.001413  xs(b)= 9.248  size=7
### ekin(eV)=1413 e0(eV)=0.02526
     1) sig(eV)=0.3395 y(b)=15.03
     2) sig(eV)=0.3395 y(b)=15.03
     3) sig(eV)=0.3395 y(b)=15.03
G4CrossSectionHP::IsoXS neutronElasticHP  Z= 64  A= 157 Ekin(MeV)= 0.001413  xs(b)= 15.03  size=7
### ekin(eV)=1413 e0(eV)=0.02526
     1) sig(eV)=0.3384 y(b)=0.9568
     2) sig(eV)=0.3384 y(b)=1.023
     3) sig(eV)=0.3384 y(b)=0.8938
G4CrossSectionHP::IsoXS neutronElasticHP  Z= 64  A= 158 Ekin(MeV)= 0.001413  xs(b)= 0.9577  size=7
### ekin(eV)=1413 e0(eV)=0.02526
     1) sig(eV)=0.3363 y(b)=1.412
     2) sig(eV)=0.3363 y(b)=1.399
     3) sig(eV)=0.3363 y(b)=3.513
     4) sig(eV)=0.3363 y(b)=2.303
     5) sig(eV)=0.3363 y(b)=2.136
     6) sig(eV)=0.3363 y(b)=1.852
     7) sig(eV)=0.3363 y(b)=2.342
     8) sig(eV)=0.3363 y(b)=23.44
     9) sig(eV)=0.3363 y(b)=21.64
     10) sig(eV)=0.3363 y(b)=10.05
     11) sig(eV)=0.3363 y(b)=14.67
     12) sig(eV)=0.3363 y(b)=22.27
     13) sig(eV)=0.3363 y(b)=26.67
     14) sig(eV)=0.3363 y(b)=35.48
     15) sig(eV)=0.3363 y(b)=54.3
     16) sig(eV)=0.3363 y(b)=13.04
     17) sig(eV)=0.3363 y(b)=12.07
     18) sig(eV)=0.3363 y(b)=6.98
     19) sig(eV)=0.3363 y(b)=5.253
     20) sig(eV)=0.3363 y(b)=10.63
G4CrossSectionHP::IsoXS neutronElasticHP  Z= 64  A= 160 Ekin(MeV)= 0.001413  xs(b)= 13.57  size=7
       10.48### ekin(eV)=1413 e0(eV)=0.02526
     1) sig(eV)=0.345 y(b)=0.0002073
     2) sig(eV)=0.345 y(b)=0.0002074
     3) sig(eV)=0.345 y(b)=0.0002072
G4CrossSectionHP::IsoXS neutronInelasticHP  Z= 64  A= 152 Ekin(MeV)= 0.001413  xs(b)= 0.0002073  size=7
### ekin(eV)=1413 e0(eV)=0.02526
     1) sig(eV)=0.3428 y(b)=0
     2) sig(eV)=0.3428 y(b)=0
     3) sig(eV)=0.3428 y(b)=0
G4CrossSectionHP::IsoXS neutronInelasticHP  Z= 64  A= 154 Ekin(MeV)= 0.001413  xs(b)= 0  size=7
### ekin(eV)=1413 e0(eV)=0.02526
     1) sig(eV)=0.3417 y(b)=1.437e-09
     2) sig(eV)=0.3417 y(b)=1.437e-09
     3) sig(eV)=0.3417 y(b)=1.436e-09
G4CrossSectionHP::IsoXS neutronInelasticHP  Z= 64  A= 155 Ekin(MeV)= 0.001413  xs(b)= 1.437e-09  size=7
### ekin(eV)=1413 e0(eV)=0.02526
     1) sig(eV)=0.3406 y(b)=1.425e-09
     2) sig(eV)=0.3406 y(b)=1.425e-09
     3) sig(eV)=0.3406 y(b)=1.425e-09
G4CrossSectionHP::IsoXS neutronInelasticHP  Z= 64  A= 156 Ekin(MeV)= 0.001413  xs(b)= 1.425e-09  size=7
### ekin(eV)=1413 e0(eV)=0.02526
     1) sig(eV)=0.3395 y(b)=5.936e-10
     2) sig(eV)=0.3395 y(b)=5.935e-10
     3) sig(eV)=0.3395 y(b)=5.936e-10
G4CrossSectionHP::IsoXS neutronInelasticHP  Z= 64  A= 157 Ekin(MeV)= 0.001413  xs(b)= 5.936e-10  size=7
### ekin(eV)=1413 e0(eV)=0.02526
     1) sig(eV)=0.3384 y(b)=5.985e-10
     2) sig(eV)=0.3384 y(b)=5.985e-10
     3) sig(eV)=0.3384 y(b)=5.987e-10
G4CrossSectionHP::IsoXS neutronInelasticHP  Z= 64  A= 158 Ekin(MeV)= 0.001413  xs(b)= 5.986e-10  size=7
### ekin(eV)=1413 e0(eV)=0.02526
     1) sig(eV)=0.3363 y(b)=9.314e-10
     2) sig(eV)=0.3363 y(b)=9.31e-10
     3) sig(eV)=0.3363 y(b)=9.317e-10
G4CrossSectionHP::IsoXS neutronInelasticHP  Z= 64  A= 160 Ekin(MeV)= 0.001413  xs(b)= 9.314e-10  size=7
    4.155e-07### ekin(eV)=1413 e0(eV)=0.02526
     1) sig(eV)=0.345 y(b)=0.0002071
     2) sig(eV)=0.345 y(b)=0.000207
     3) sig(eV)=0.345 y(b)=0.000207
G4CrossSectionHP::IsoXS neutronInelasticHP  Z= 64  A= 152 Ekin(MeV)= 0.001413  xs(b)= 0.000207  size=7
### ekin(eV)=1413 e0(eV)=0.02526
     1) sig(eV)=0.3428 y(b)=0
     2) sig(eV)=0.3428 y(b)=0
     3) sig(eV)=0.3428 y(b)=0
G4CrossSectionHP::IsoXS neutronInelasticHP  Z= 64  A= 154 Ekin(MeV)= 0.001413  xs(b)= 0  size=7
### ekin(eV)=1413 e0(eV)=0.02526
     1) sig(eV)=0.3417 y(b)=1.435e-09
     2) sig(eV)=0.3417 y(b)=1.435e-09
     3) sig(eV)=0.3417 y(b)=1.435e-09
G4CrossSectionHP::IsoXS neutronInelasticHP  Z= 64  A= 155 Ekin(MeV)= 0.001413  xs(b)= 1.435e-09  size=7
### ekin(eV)=1413 e0(eV)=0.02526
     1) sig(eV)=0.3406 y(b)=1.423e-09
     2) sig(eV)=0.3406 y(b)=1.422e-09
     3) sig(eV)=0.3406 y(b)=1.422e-09
G4CrossSectionHP::IsoXS neutronInelasticHP  Z= 64  A= 156 Ekin(MeV)= 0.001413  xs(b)= 1.423e-09  size=7
### ekin(eV)=1413 e0(eV)=0.02526
     1) sig(eV)=0.3395 y(b)=5.94e-10
     2) sig(eV)=0.3395 y(b)=5.941e-10
     3) sig(eV)=0.3395 y(b)=5.94e-10
G4CrossSectionHP::IsoXS neutronInelasticHP  Z= 64  A= 157 Ekin(MeV)= 0.001413  xs(b)= 5.94e-10  size=7
### ekin(eV)=1413 e0(eV)=0.02526
     1) sig(eV)=0.3384 y(b)=5.983e-10
     2) sig(eV)=0.3384 y(b)=5.978e-10
     3) sig(eV)=0.3384 y(b)=5.979e-10
G4CrossSectionHP::IsoXS neutronInelasticHP  Z= 64  A= 158 Ekin(MeV)= 0.001413  xs(b)= 5.98e-10  size=7
### ekin(eV)=1413 e0(eV)=0.02526
     1) sig(eV)=0.3363 y(b)=9.313e-10
     2) sig(eV)=0.3363 y(b)=9.318e-10
     3) sig(eV)=0.3363 y(b)=9.322e-10
G4CrossSectionHP::IsoXS neutronInelasticHP  Z= 64  A= 160 Ekin(MeV)= 0.001413  xs(b)= 9.317e-10  size=7
### ekin(eV)=1413 e0(eV)=0.02526
     1) sig(eV)=0.345 y(b)=62.97
     2) sig(eV)=0.345 y(b)=54.9
     3) sig(eV)=0.345 y(b)=60.67
G4CrossSectionHP::IsoXS neutronElasticHP  Z= 64  A= 152 Ekin(MeV)= 0.001413  xs(b)= 59.51  size=7
### ekin(eV)=1413 e0(eV)=0.02526
     1) sig(eV)=0.3428 y(b)=8.189
     2) sig(eV)=0.3428 y(b)=8.263
     3) sig(eV)=0.3428 y(b)=8.208
G4CrossSectionHP::IsoXS neutronElasticHP  Z= 64  A= 154 Ekin(MeV)= 0.001413  xs(b)= 8.22  size=7
### ekin(eV)=1413 e0(eV)=0.02526
     1) sig(eV)=0.3417 y(b)=17.09
     2) sig(eV)=0.3417 y(b)=17.09
     3) sig(eV)=0.3417 y(b)=17.09
G4CrossSectionHP::IsoXS neutronElasticHP  Z= 64  A= 155 Ekin(MeV)= 0.001413  xs(b)= 17.09  size=7
### ekin(eV)=1413 e0(eV)=0.02526
     1) sig(eV)=0.3406 y(b)=9.116
     2) sig(eV)=0.3406 y(b)=9.137
     3) sig(eV)=0.3406 y(b)=9.211
G4CrossSectionHP::IsoXS neutronElasticHP  Z= 64  A= 156 Ekin(MeV)= 0.001413  xs(b)= 9.155  size=7
### ekin(eV)=1413 e0(eV)=0.02526
     1) sig(eV)=0.3395 y(b)=15.03
     2) sig(eV)=0.3395 y(b)=15.03
     3) sig(eV)=0.3395 y(b)=15.03
G4CrossSectionHP::IsoXS neutronElasticHP  Z= 64  A= 157 Ekin(MeV)= 0.001413  xs(b)= 15.03  size=7
### ekin(eV)=1413 e0(eV)=0.02526
     1) sig(eV)=0.3384 y(b)=0.8058
     2) sig(eV)=0.3384 y(b)=0.8341
     3) sig(eV)=0.3384 y(b)=0.8978
G4CrossSectionHP::IsoXS neutronElasticHP  Z= 64  A= 158 Ekin(MeV)= 0.001413  xs(b)= 0.8459  size=7
### ekin(eV)=1413 e0(eV)=0.02526
     1) sig(eV)=0.3363 y(b)=0.9741
     2) sig(eV)=0.3363 y(b)=1.329
     3) sig(eV)=0.3363 y(b)=2.034
     4) sig(eV)=0.3363 y(b)=7.274
     5) sig(eV)=0.3363 y(b)=16.94
     6) sig(eV)=0.3363 y(b)=15.45
     7) sig(eV)=0.3363 y(b)=20.95
     8) sig(eV)=0.3363 y(b)=54.86
     9) sig(eV)=0.3363 y(b)=181.6
     10) sig(eV)=0.3363 y(b)=584.1
     11) sig(eV)=0.3363 y(b)=78.96
     12) sig(eV)=0.3363 y(b)=44.99
     13) sig(eV)=0.3363 y(b)=22.14
     14) sig(eV)=0.3363 y(b)=12.61
     15) sig(eV)=0.3363 y(b)=31.27
     16) sig(eV)=0.3363 y(b)=23.89
     17) sig(eV)=0.3363 y(b)=22.13
     18) sig(eV)=0.3363 y(b)=27.17
     19) sig(eV)=0.3363 y(b)=145.4
     20) sig(eV)=0.3363 y(b)=83.69
G4CrossSectionHP::IsoXS neutronElasticHP  Z= 64  A= 160 Ekin(MeV)= 0.001413  xs(b)= 68.89  size=7
### ekin(eV)=1413 e0(eV)=0.02526
     1) sig(eV)=0.345 y(b)=85.18
     2) sig(eV)=0.345 y(b)=9.606
     3) sig(eV)=0.345 y(b)=262.6
     4) sig(eV)=0.345 y(b)=179.7
     5) sig(eV)=0.345 y(b)=27.35
     6) sig(eV)=0.345 y(b)=301.8
     7) sig(eV)=0.345 y(b)=62.24
     8) sig(eV)=0.345 y(b)=126.1
     9) sig(eV)=0.345 y(b)=92.99
     10) sig(eV)=0.345 y(b)=161.3
     11) sig(eV)=0.345 y(b)=264.6
     12) sig(eV)=0.345 y(b)=142.3
     13) sig(eV)=0.345 y(b)=2.473
     14) sig(eV)=0.345 y(b)=1.023
     15) sig(eV)=0.345 y(b)=0.7952
     16) sig(eV)=0.345 y(b)=1.541
     17) sig(eV)=0.345 y(b)=2.08
     18) sig(eV)=0.345 y(b)=2.183
     19) sig(eV)=0.345 y(b)=5.597
     20) sig(eV)=0.345 y(b)=2.824
G4CrossSectionHP::IsoXS neutronCaptureHP  Z= 64  A= 152 Ekin(MeV)= 0.001413  xs(b)= 86.71  size=7
### ekin(eV)=1413 e0(eV)=0.02526
     1) sig(eV)=0.3428 y(b)=0.06299
     2) sig(eV)=0.3428 y(b)=0.06605
     3) sig(eV)=0.3428 y(b)=0.06667
G4CrossSectionHP::IsoXS neutronCaptureHP  Z= 64  A= 154 Ekin(MeV)= 0.001413  xs(b)= 0.06524  size=7
### ekin(eV)=1413 e0(eV)=0.02526
     1) sig(eV)=0.3417 y(b)=18.01
     2) sig(eV)=0.3417 y(b)=18.01
     3) sig(eV)=0.3417 y(b)=18.02
G4CrossSectionHP::IsoXS neutronCaptureHP  Z= 64  A= 155 Ekin(MeV)= 0.001413  xs(b)= 18.01  size=7
### ekin(eV)=1413 e0(eV)=0.02526
     1) sig(eV)=0.3406 y(b)=0.05668
     2) sig(eV)=0.3406 y(b)=0.05649
     3) sig(eV)=0.3406 y(b)=0.05797
G4CrossSectionHP::IsoXS neutronCaptureHP  Z= 64  A= 156 Ekin(MeV)= 0.001413  xs(b)= 0.05705  size=7
### ekin(eV)=1413 e0(eV)=0.02526
     1) sig(eV)=0.3395 y(b)=13.26
     2) sig(eV)=0.3395 y(b)=13.26
     3) sig(eV)=0.3395 y(b)=13.26
G4CrossSectionHP::IsoXS neutronCaptureHP  Z= 64  A= 157 Ekin(MeV)= 0.001413  xs(b)= 13.26  size=7
### ekin(eV)=1413 e0(eV)=0.02526
     1) sig(eV)=0.3384 y(b)=0.1843
     2) sig(eV)=0.3384 y(b)=0.1977
     3) sig(eV)=0.3384 y(b)=0.2008
G4CrossSectionHP::IsoXS neutronCaptureHP  Z= 64  A= 158 Ekin(MeV)= 0.001413  xs(b)= 0.1943  size=7
### ekin(eV)=1413 e0(eV)=0.02526
     1) sig(eV)=0.3363 y(b)=1.597
     2) sig(eV)=0.3363 y(b)=1.432
     3) sig(eV)=0.3363 y(b)=1.476
G4CrossSectionHP::IsoXS neutronCaptureHP  Z= 64  A= 160 Ekin(MeV)= 0.001413  xs(b)= 1.502  size=7
        5.305            0        15.78
   12    0.001778### ekin(eV)=1778 e0(eV)=0.02526
     1) sig(eV)=0.345 y(b)=10.72
     2) sig(eV)=0.345 y(b)=10.76
     3) sig(eV)=0.345 y(b)=10.69
G4CrossSectionHP::IsoXS neutronElasticHP  Z= 64  A= 152 Ekin(MeV)= 0.001778  xs(b)= 10.72  size=7
### ekin(eV)=1778 e0(eV)=0.02526
     1) sig(eV)=0.3428 y(b)=36.69
     2) sig(eV)=0.3428 y(b)=44.89
     3) sig(eV)=0.3428 y(b)=27.21
     4) sig(eV)=0.3428 y(b)=35.11
     5) sig(eV)=0.3428 y(b)=43.85
     6) sig(eV)=0.3428 y(b)=140.3
     7) sig(eV)=0.3428 y(b)=84.8
     8) sig(eV)=0.3428 y(b)=42.49
     9) sig(eV)=0.3428 y(b)=93.61
     10) sig(eV)=0.3428 y(b)=45.27
     11) sig(eV)=0.3428 y(b)=95.83
     12) sig(eV)=0.3428 y(b)=155.5
     13) sig(eV)=0.3428 y(b)=87.95
     14) sig(eV)=0.3428 y(b)=682.4
     15) sig(eV)=0.3428 y(b)=0.7159
     16) sig(eV)=0.3428 y(b)=36.85
     17) sig(eV)=0.3428 y(b)=3.598
     18) sig(eV)=0.3428 y(b)=0.9503
     19) sig(eV)=0.3428 y(b)=0.3929
     20) sig(eV)=0.3428 y(b)=0.1212
G4CrossSectionHP::IsoXS neutronElasticHP  Z= 64  A= 154 Ekin(MeV)= 0.001778  xs(b)= 82.92  size=7
### ekin(eV)=1778 e0(eV)=0.02526
     1) sig(eV)=0.3417 y(b)=16.12
     2) sig(eV)=0.3417 y(b)=16.12
     3) sig(eV)=0.3417 y(b)=16.12
G4CrossSectionHP::IsoXS neutronElasticHP  Z= 64  A= 155 Ekin(MeV)= 0.001778  xs(b)= 16.12  size=7
### ekin(eV)=1778 e0(eV)=0.02526
     1) sig(eV)=0.3406 y(b)=22.75
     2) sig(eV)=0.3406 y(b)=22.75
     3) sig(eV)=0.3406 y(b)=22.75
G4CrossSectionHP::IsoXS neutronElasticHP  Z= 64  A= 156 Ekin(MeV)= 0.001778  xs(b)= 22.75  size=7
### ekin(eV)=1778 e0(eV)=0.02526
     1) sig(eV)=0.3395 y(b)=14.24
     2) sig(eV)=0.3395 y(b)=14.25
     3) sig(eV)=0.3395 y(b)=14.24
G4CrossSectionHP::IsoXS neutronElasticHP  Z= 64  A= 157 Ekin(MeV)= 0.001778  xs(b)= 14.24  size=7
### ekin(eV)=1778 e0(eV)=0.02526
     1) sig(eV)=0.3384 y(b)=20.05
     2) sig(eV)=0.3384 y(b)=22.58
     3) sig(eV)=0.3384 y(b)=30.96
     4) sig(eV)=0.3384 y(b)=19.04
     5) sig(eV)=0.3384 y(b)=17.16
     6) sig(eV)=0.3384 y(b)=18.1
     7) sig(eV)=0.3384 y(b)=15.43
     8) sig(eV)=0.3384 y(b)=14.24
     9) sig(eV)=0.3384 y(b)=13.88
     10) sig(eV)=0.3384 y(b)=13.49
     11) sig(eV)=0.3384 y(b)=13.81
     12) sig(eV)=0.3384 y(b)=13.21
     13) sig(eV)=0.3384 y(b)=16.18
     14) sig(eV)=0.3384 y(b)=18.24
     15) sig(eV)=0.3384 y(b)=18.16
     16) sig(eV)=0.3384 y(b)=15.82
     17) sig(eV)=0.3384 y(b)=17.08
     18) sig(eV)=0.3384 y(b)=15.17
     19) sig(eV)=0.3384 y(b)=15.4
     20) sig(eV)=0.3384 y(b)=15.29
G4CrossSectionHP::IsoXS neutronElasticHP  Z= 64  A= 158 Ekin(MeV)= 0.001778  xs(b)= 17.16  size=7
### ekin(eV)=1778 e0(eV)=0.02526
     1) sig(eV)=0.3363 y(b)=4.923
     2) sig(eV)=0.3363 y(b)=5.211
     3) sig(eV)=0.3363 y(b)=4.766
G4CrossSectionHP::IsoXS neutronElasticHP  Z= 64  A= 160 Ekin(MeV)= 0.001778  xs(b)= 4.967  size=7
       16.45### ekin(eV)=1778 e0(eV)=0.02526
     1) sig(eV)=0.345 y(b)=0.0002399
     2) sig(eV)=0.345 y(b)=0.0002398
     3) sig(eV)=0.345 y(b)=0.0002398
G4CrossSectionHP::IsoXS neutronInelasticHP  Z= 64  A= 152 Ekin(MeV)= 0.001778  xs(b)= 0.0002399  size=7
### ekin(eV)=1778 e0(eV)=0.02526
     1) sig(eV)=0.3428 y(b)=0
     2) sig(eV)=0.3428 y(b)=0
     3) sig(eV)=0.3428 y(b)=0
G4CrossSectionHP::IsoXS neutronInelasticHP  Z= 64  A= 154 Ekin(MeV)= 0.001778  xs(b)= 0  size=7
### ekin(eV)=1778 e0(eV)=0.02526
     1) sig(eV)=0.3417 y(b)=1.808e-09
     2) sig(eV)=0.3417 y(b)=1.808e-09
     3) sig(eV)=0.3417 y(b)=1.808e-09
G4CrossSectionHP::IsoXS neutronInelasticHP  Z= 64  A= 155 Ekin(MeV)= 0.001778  xs(b)= 1.808e-09  size=7
### ekin(eV)=1778 e0(eV)=0.02526
     1) sig(eV)=0.3406 y(b)=1.792e-09
     2) sig(eV)=0.3406 y(b)=1.792e-09
     3) sig(eV)=0.3406 y(b)=1.792e-09
G4CrossSectionHP::IsoXS neutronInelasticHP  Z= 64  A= 156 Ekin(MeV)= 0.001778  xs(b)= 1.792e-09  size=7
### ekin(eV)=1778 e0(eV)=0.02526
     1) sig(eV)=0.3395 y(b)=7.478e-10
     2) sig(eV)=0.3395 y(b)=7.477e-10
     3) sig(eV)=0.3395 y(b)=7.473e-10
G4CrossSectionHP::IsoXS neutronInelasticHP  Z= 64  A= 157 Ekin(MeV)= 0.001778  xs(b)= 7.476e-10  size=7
### ekin(eV)=1778 e0(eV)=0.02526
     1) sig(eV)=0.3384 y(b)=7.536e-10
     2) sig(eV)=0.3384 y(b)=7.532e-10
     3) sig(eV)=0.3384 y(b)=7.531e-10
G4CrossSectionHP::IsoXS neutronInelasticHP  Z= 64  A= 158 Ekin(MeV)= 0.001778  xs(b)= 7.533e-10  size=7
### ekin(eV)=1778 e0(eV)=0.02526
     1) sig(eV)=0.3363 y(b)=1.173e-09
     2) sig(eV)=0.3363 y(b)=1.173e-09
     3) sig(eV)=0.3363 y(b)=1.173e-09
G4CrossSectionHP::IsoXS neutronInelasticHP  Z= 64  A= 160 Ekin(MeV)= 0.001778  xs(b)= 1.173e-09  size=7
    4.809e-07### ekin(eV)=1778 e0(eV)=0.02526
     1) sig(eV)=0.345 y(b)=0.0002399
     2) sig(eV)=0.345 y(b)=0.0002399
     3) sig(eV)=0.345 y(b)=0.0002399
G4CrossSectionHP::IsoXS neutronInelasticHP  Z= 64  A= 152 Ekin(MeV)= 0.001778  xs(b)= 0.0002399  size=7
### ekin(eV)=1778 e0(eV)=0.02526
     1) sig(eV)=0.3428 y(b)=0
     2) sig(eV)=0.3428 y(b)=0
     3) sig(eV)=0.3428 y(b)=0
G4CrossSectionHP::IsoXS neutronInelasticHP  Z= 64  A= 154 Ekin(MeV)= 0.001778  xs(b)= 0  size=7
### ekin(eV)=1778 e0(eV)=0.02526
     1) sig(eV)=0.3417 y(b)=1.809e-09
     2) sig(eV)=0.3417 y(b)=1.809e-09
     3) sig(eV)=0.3417 y(b)=1.809e-09
G4CrossSectionHP::IsoXS neutronInelasticHP  Z= 64  A= 155 Ekin(MeV)= 0.001778  xs(b)= 1.809e-09  size=7
### ekin(eV)=1778 e0(eV)=0.02526
     1) sig(eV)=0.3406 y(b)=1.793e-09
     2) sig(eV)=0.3406 y(b)=1.793e-09
     3) sig(eV)=0.3406 y(b)=1.794e-09
G4CrossSectionHP::IsoXS neutronInelasticHP  Z= 64  A= 156 Ekin(MeV)= 0.001778  xs(b)= 1.793e-09  size=7
### ekin(eV)=1778 e0(eV)=0.02526
     1) sig(eV)=0.3395 y(b)=7.477e-10
     2) sig(eV)=0.3395 y(b)=7.479e-10
     3) sig(eV)=0.3395 y(b)=7.48e-10
G4CrossSectionHP::IsoXS neutronInelasticHP  Z= 64  A= 157 Ekin(MeV)= 0.001778  xs(b)= 7.478e-10  size=7
### ekin(eV)=1778 e0(eV)=0.02526
     1) sig(eV)=0.3384 y(b)=7.535e-10
     2) sig(eV)=0.3384 y(b)=7.541e-10
     3) sig(eV)=0.3384 y(b)=7.541e-10
G4CrossSectionHP::IsoXS neutronInelasticHP  Z= 64  A= 158 Ekin(MeV)= 0.001778  xs(b)= 7.539e-10  size=7
### ekin(eV)=1778 e0(eV)=0.02526
     1) sig(eV)=0.3363 y(b)=1.172e-09
     2) sig(eV)=0.3363 y(b)=1.172e-09
     3) sig(eV)=0.3363 y(b)=1.172e-09
G4CrossSectionHP::IsoXS neutronInelasticHP  Z= 64  A= 160 Ekin(MeV)= 0.001778  xs(b)= 1.172e-09  size=7
### ekin(eV)=1778 e0(eV)=0.02526
     1) sig(eV)=0.345 y(b)=10.66
     2) sig(eV)=0.345 y(b)=10.72
     3) sig(eV)=0.345 y(b)=10.75
G4CrossSectionHP::IsoXS neutronElasticHP  Z= 64  A= 152 Ekin(MeV)= 0.001778  xs(b)= 10.71  size=7
### ekin(eV)=1778 e0(eV)=0.02526
     1) sig(eV)=0.3428 y(b)=44.13
     2) sig(eV)=0.3428 y(b)=49.41
     3) sig(eV)=0.3428 y(b)=150.1
     4) sig(eV)=0.3428 y(b)=223.9
     5) sig(eV)=0.3428 y(b)=1.519
     6) sig(eV)=0.3428 y(b)=37.4
     7) sig(eV)=0.3428 y(b)=1.44
     8) sig(eV)=0.3428 y(b)=3.018
     9) sig(eV)=0.3428 y(b)=7.648
     10) sig(eV)=0.3428 y(b)=5.649
     11) sig(eV)=0.3428 y(b)=3.565
     12) sig(eV)=0.3428 y(b)=1.046
     13) sig(eV)=0.3428 y(b)=2.438
     14) sig(eV)=0.3428 y(b)=2.61
     15) sig(eV)=0.3428 y(b)=2.481
     16) sig(eV)=0.3428 y(b)=7.287
     17) sig(eV)=0.3428 y(b)=3.892
     18) sig(eV)=0.3428 y(b)=1.931
     19) sig(eV)=0.3428 y(b)=4.936
     20) sig(eV)=0.3428 y(b)=1.433
G4CrossSectionHP::IsoXS neutronElasticHP  Z= 64  A= 154 Ekin(MeV)= 0.001778  xs(b)= 27.79  size=7
### ekin(eV)=1778 e0(eV)=0.02526
     1) sig(eV)=0.3417 y(b)=16.11
     2) sig(eV)=0.3417 y(b)=16.11
     3) sig(eV)=0.3417 y(b)=16.12
G4CrossSectionHP::IsoXS neutronElasticHP  Z= 64  A= 155 Ekin(MeV)= 0.001778  xs(b)= 16.11  size=7
### ekin(eV)=1778 e0(eV)=0.02526
     1) sig(eV)=0.3406 y(b)=22.75
     2) sig(eV)=0.3406 y(b)=22.75
     3) sig(eV)=0.3406 y(b)=22.75
G4CrossSectionHP::IsoXS neutronElasticHP  Z= 64  A= 156 Ekin(MeV)= 0.001778  xs(b)= 22.75  size=7
### ekin(eV)=1778 e0(eV)=0.02526
     1) sig(eV)=0.3395 y(b)=14.25
     2) sig(eV)=0.3395 y(b)=14.24
     3) sig(eV)=0.3395 y(b)=14.25
G4CrossSectionHP::IsoXS neutronElasticHP  Z= 64  A= 157 Ekin(MeV)= 0.001778  xs(b)= 14.25  size=7
### ekin(eV)=1778 e0(eV)=0.02526
     1) sig(eV)=0.3384 y(b)=33.64
     2) sig(eV)=0.3384 y(b)=31.58
     3) sig(eV)=0.3384 y(b)=40.5
     4) sig(eV)=0.3384 y(b)=46.15
     5) sig(eV)=0.3384 y(b)=28.86
     6) sig(eV)=0.3384 y(b)=46.51
     7) sig(eV)=0.3384 y(b)=38.01
     8) sig(eV)=0.3384 y(b)=54.34
     9) sig(eV)=0.3384 y(b)=24.68
     10) sig(eV)=0.3384 y(b)=22.73
     11) sig(eV)=0.3384 y(b)=23.4
     12) sig(eV)=0.3384 y(b)=27.7
     13) sig(eV)=0.3384 y(b)=31.1
     14) sig(eV)=0.3384 y(b)=29.39
     15) sig(eV)=0.3384 y(b)=22.8
     16) sig(eV)=0.3384 y(b)=24.73
     17) sig(eV)=0.3384 y(b)=21.63
     18) sig(eV)=0.3384 y(b)=19.53
     19) sig(eV)=0.3384 y(b)=25.05
     20) sig(eV)=0.3384 y(b)=26.87
G4CrossSectionHP::IsoXS neutronElasticHP  Z= 64  A= 158 Ekin(MeV)= 0.001778  xs(b)= 30.96  size=7
### ekin(eV)=1778 e0(eV)=0.02526
     1) sig(eV)=0.3363 y(b)=5.175
     2) sig(eV)=0.3363 y(b)=5.194
     3) sig(eV)=0.3363 y(b)=5.376
G4CrossSectionHP::IsoXS neutronElasticHP  Z= 64  A= 160 Ekin(MeV)= 0.001778  xs(b)= 5.248  size=7
### ekin(eV)=1778 e0(eV)=0.02526
     1) sig(eV)=0.345 y(b)=0.02087
     2) sig(eV)=0.345 y(b)=0.02085
     3) sig(eV)=0.345 y(b)=0.02108
G4CrossSectionHP::IsoXS neutronCaptureHP  Z= 64  A= 152 Ekin(MeV)= 0.001778  xs(b)= 0.02093  size=7
### ekin(eV)=1778 e0(eV)=0.02526
     1) sig(eV)=0.3428 y(b)=0.8757
     2) sig(eV)=0.3428 y(b)=0.8364
     3) sig(eV)=0.3428 y(b)=0.9952
G4CrossSectionHP::IsoXS neutronCaptureHP  Z= 64  A= 154 Ekin(MeV)= 0.001778  xs(b)= 0.9024  size=7
### ekin(eV)=1778 e0(eV)=0.02526
     1) sig(eV)=0.3417 y(b)=15.43
     2) sig(eV)=0.3417 y(b)=15.43
     3) sig(eV)=0.3417 y(b)=15.43
G4CrossSectionHP::IsoXS neutronCaptureHP  Z= 64  A= 155 Ekin(MeV)= 0.001778  xs(b)= 15.43  size=7
### ekin(eV)=1778 e0(eV)=0.02526
     1) sig(eV)=0.3406 y(b)=2.749
     2) sig(eV)=0.3406 y(b)=2.748
     3) sig(eV)=0.3406 y(b)=2.748
G4CrossSectionHP::IsoXS neutronCaptureHP  Z= 64  A= 156 Ekin(MeV)= 0.001778  xs(b)= 2.748  size=7
### ekin(eV)=1778 e0(eV)=0.02526
     1) sig(eV)=0.3395 y(b)=11.31
     2) sig(eV)=0.3395 y(b)=11.31
     3) sig(eV)=0.3395 y(b)=11.32
G4CrossSectionHP::IsoXS neutronCaptureHP  Z= 64  A= 157 Ekin(MeV)= 0.001778  xs(b)= 11.31  size=7
### ekin(eV)=1778 e0(eV)=0.02526
     1) sig(eV)=0.3384 y(b)=3.244
     2) sig(eV)=0.3384 y(b)=4.065
     3) sig(eV)=0.3384 y(b)=6.335
     4) sig(eV)=0.3384 y(b)=6.27
     5) sig(eV)=0.3384 y(b)=11.48
     6) sig(eV)=0.3384 y(b)=233.1
     7) sig(eV)=0.3384 y(b)=99.03
     8) sig(eV)=0.3384 y(b)=95.54
     9) sig(eV)=0.3384 y(b)=90.83
     10) sig(eV)=0.3384 y(b)=47.61
     11) sig(eV)=0.3384 y(b)=209.8
     12) sig(eV)=0.3384 y(b)=236.7
     13) sig(eV)=0.3384 y(b)=246.3
     14) sig(eV)=0.3384 y(b)=85.25
     15) sig(eV)=0.3384 y(b)=28.21
     16) sig(eV)=0.3384 y(b)=65.7
     17) sig(eV)=0.3384 y(b)=14.39
     18) sig(eV)=0.3384 y(b)=111.2
     19) sig(eV)=0.3384 y(b)=113.1
     20) sig(eV)=0.3384 y(b)=87.99
G4CrossSectionHP::IsoXS neutronCaptureHP  Z= 64  A= 158 Ekin(MeV)= 0.001778  xs(b)= 89.8  size=7
### ekin(eV)=1778 e0(eV)=0.02526
     1) sig(eV)=0.3363 y(b)=0.2723
     2) sig(eV)=0.3363 y(b)=0.2772
     3) sig(eV)=0.3363 y(b)=0.269
G4CrossSectionHP::IsoXS neutronCaptureHP  Z= 64  A= 160 Ekin(MeV)= 0.001778  xs(b)= 0.2728  size=7
           27            0        43.45
   13    0.002239### ekin(eV)=2239 e0(eV)=0.02526
     1) sig(eV)=0.345 y(b)=36.94
     2) sig(eV)=0.345 y(b)=35.39
     3) sig(eV)=0.345 y(b)=36.24
G4CrossSectionHP::IsoXS neutronElasticHP  Z= 64  A= 152 Ekin(MeV)= 0.002239  xs(b)= 36.19  size=7
### ekin(eV)=2239 e0(eV)=0.02526
     1) sig(eV)=0.3428 y(b)=0.6676
     2) sig(eV)=0.3428 y(b)=0.005773
     3) sig(eV)=0.3428 y(b)=0.6468
     4) sig(eV)=0.3428 y(b)=0.0127
     5) sig(eV)=0.3428 y(b)=0.05602
     6) sig(eV)=0.3428 y(b)=0.01856
     7) sig(eV)=0.3428 y(b)=0.02896
     8) sig(eV)=0.3428 y(b)=0.01673
     9) sig(eV)=0.3428 y(b)=0.2787
     10) sig(eV)=0.3428 y(b)=0.3391
     11) sig(eV)=0.3428 y(b)=0.1122
     12) sig(eV)=0.3428 y(b)=0.5849
     13) sig(eV)=0.3428 y(b)=0.4321
     14) sig(eV)=0.3428 y(b)=0.02231
     15) sig(eV)=0.3428 y(b)=0.02963
     16) sig(eV)=0.3428 y(b)=0.5985
     17) sig(eV)=0.3428 y(b)=0.3986
     18) sig(eV)=0.3428 y(b)=0.05036
     19) sig(eV)=0.3428 y(b)=0.4294
     20) sig(eV)=0.3428 y(b)=0.06584
G4CrossSectionHP::IsoXS neutronElasticHP  Z= 64  A= 154 Ekin(MeV)= 0.002239  xs(b)= 0.2397  size=7
### ekin(eV)=2239 e0(eV)=0.02526
     1) sig(eV)=0.3417 y(b)=15.16
     2) sig(eV)=0.3417 y(b)=15.16
     3) sig(eV)=0.3417 y(b)=15.16
G4CrossSectionHP::IsoXS neutronElasticHP  Z= 64  A= 155 Ekin(MeV)= 0.002239  xs(b)= 15.16  size=7
### ekin(eV)=2239 e0(eV)=0.02526
     1) sig(eV)=0.3406 y(b)=21.32
     2) sig(eV)=0.3406 y(b)=21.32
     3) sig(eV)=0.3406 y(b)=21.32
G4CrossSectionHP::IsoXS neutronElasticHP  Z= 64  A= 156 Ekin(MeV)= 0.002239  xs(b)= 21.32  size=7
### ekin(eV)=2239 e0(eV)=0.02526
     1) sig(eV)=0.3395 y(b)=13.5
     2) sig(eV)=0.3395 y(b)=13.5
     3) sig(eV)=0.3395 y(b)=13.49
G4CrossSectionHP::IsoXS neutronElasticHP  Z= 64  A= 157 Ekin(MeV)= 0.002239  xs(b)= 13.5  size=7
### ekin(eV)=2239 e0(eV)=0.02526
     1) sig(eV)=0.3384 y(b)=2.263
     2) sig(eV)=0.3384 y(b)=2.244
     3) sig(eV)=0.3384 y(b)=2.18
G4CrossSectionHP::IsoXS neutronElasticHP  Z= 64  A= 158 Ekin(MeV)= 0.002239  xs(b)= 2.229  size=7
### ekin(eV)=2239 e0(eV)=0.02526
     1) sig(eV)=0.3363 y(b)=1.012
     2) sig(eV)=0.3363 y(b)=1.026
     3) sig(eV)=0.3363 y(b)=1.007
G4CrossSectionHP::IsoXS neutronElasticHP  Z= 64  A= 160 Ekin(MeV)= 0.002239  xs(b)= 1.015  size=7
       9.574### ekin(eV)=2239 e0(eV)=0.02526
     1) sig(eV)=0.345 y(b)=0.000219
     2) sig(eV)=0.345 y(b)=0.0002191
     3) sig(eV)=0.345 y(b)=0.0002191
G4CrossSectionHP::IsoXS neutronInelasticHP  Z= 64  A= 152 Ekin(MeV)= 0.002239  xs(b)= 0.0002191  size=7
### ekin(eV)=2239 e0(eV)=0.02526
     1) sig(eV)=0.3428 y(b)=0
     2) sig(eV)=0.3428 y(b)=0
     3) sig(eV)=0.3428 y(b)=0
G4CrossSectionHP::IsoXS neutronInelasticHP  Z= 64  A= 154 Ekin(MeV)= 0.002239  xs(b)= 0  size=7
### ekin(eV)=2239 e0(eV)=0.02526
     1) sig(eV)=0.3417 y(b)=2.277e-09
     2) sig(eV)=0.3417 y(b)=2.277e-09
     3) sig(eV)=0.3417 y(b)=2.277e-09
G4CrossSectionHP::IsoXS neutronInelasticHP  Z= 64  A= 155 Ekin(MeV)= 0.002239  xs(b)= 2.277e-09  size=7
### ekin(eV)=2239 e0(eV)=0.02526
     1) sig(eV)=0.3406 y(b)=2.257e-09
     2) sig(eV)=0.3406 y(b)=2.258e-09
     3) sig(eV)=0.3406 y(b)=2.257e-09
G4CrossSectionHP::IsoXS neutronInelasticHP  Z= 64  A= 156 Ekin(MeV)= 0.002239  xs(b)= 2.257e-09  size=7
### ekin(eV)=2239 e0(eV)=0.02526
     1) sig(eV)=0.3395 y(b)=9.41e-10
     2) sig(eV)=0.3395 y(b)=9.404e-10
     3) sig(eV)=0.3395 y(b)=9.407e-10
G4CrossSectionHP::IsoXS neutronInelasticHP  Z= 64  A= 157 Ekin(MeV)= 0.002239  xs(b)= 9.407e-10  size=7
### ekin(eV)=2239 e0(eV)=0.02526
     1) sig(eV)=0.3384 y(b)=9.479e-10
     2) sig(eV)=0.3384 y(b)=9.477e-10
     3) sig(eV)=0.3384 y(b)=9.48e-10
G4CrossSectionHP::IsoXS neutronInelasticHP  Z= 64  A= 158 Ekin(MeV)= 0.002239  xs(b)= 9.478e-10  size=7
### ekin(eV)=2239 e0(eV)=0.02526
     1) sig(eV)=0.3363 y(b)=1.476e-09
     2) sig(eV)=0.3363 y(b)=1.477e-09
     3) sig(eV)=0.3363 y(b)=1.477e-09
G4CrossSectionHP::IsoXS neutronInelasticHP  Z= 64  A= 160 Ekin(MeV)= 0.002239  xs(b)= 1.477e-09  size=7
    4.397e-07### ekin(eV)=2239 e0(eV)=0.02526
     1) sig(eV)=0.345 y(b)=0.0002191
     2) sig(eV)=0.345 y(b)=0.0002191
     3) sig(eV)=0.345 y(b)=0.000219
G4CrossSectionHP::IsoXS neutronInelasticHP  Z= 64  A= 152 Ekin(MeV)= 0.002239  xs(b)= 0.0002191  size=7
### ekin(eV)=2239 e0(eV)=0.02526
     1) sig(eV)=0.3428 y(b)=0
     2) sig(eV)=0.3428 y(b)=0
     3) sig(eV)=0.3428 y(b)=0
G4CrossSectionHP::IsoXS neutronInelasticHP  Z= 64  A= 154 Ekin(MeV)= 0.002239  xs(b)= 0  size=7
### ekin(eV)=2239 e0(eV)=0.02526
     1) sig(eV)=0.3417 y(b)=2.277e-09
     2) sig(eV)=0.3417 y(b)=2.276e-09
     3) sig(eV)=0.3417 y(b)=2.276e-09
G4CrossSectionHP::IsoXS neutronInelasticHP  Z= 64  A= 155 Ekin(MeV)= 0.002239  xs(b)= 2.276e-09  size=7
### ekin(eV)=2239 e0(eV)=0.02526
     1) sig(eV)=0.3406 y(b)=2.256e-09
     2) sig(eV)=0.3406 y(b)=2.256e-09
     3) sig(eV)=0.3406 y(b)=2.256e-09
G4CrossSectionHP::IsoXS neutronInelasticHP  Z= 64  A= 156 Ekin(MeV)= 0.002239  xs(b)= 2.256e-09  size=7
### ekin(eV)=2239 e0(eV)=0.02526
     1) sig(eV)=0.3395 y(b)=9.412e-10
     2) sig(eV)=0.3395 y(b)=9.408e-10
     3) sig(eV)=0.3395 y(b)=9.411e-10
G4CrossSectionHP::IsoXS neutronInelasticHP  Z= 64  A= 157 Ekin(MeV)= 0.002239  xs(b)= 9.41e-10  size=7
### ekin(eV)=2239 e0(eV)=0.02526
     1) sig(eV)=0.3384 y(b)=9.485e-10
     2) sig(eV)=0.3384 y(b)=9.488e-10
     3) sig(eV)=0.3384 y(b)=9.482e-10
G4CrossSectionHP::IsoXS neutronInelasticHP  Z= 64  A= 158 Ekin(MeV)= 0.002239  xs(b)= 9.485e-10  size=7
### ekin(eV)=2239 e0(eV)=0.02526
     1) sig(eV)=0.3363 y(b)=1.476e-09
     2) sig(eV)=0.3363 y(b)=1.477e-09
     3) sig(eV)=0.3363 y(b)=1.477e-09
G4CrossSectionHP::IsoXS neutronInelasticHP  Z= 64  A= 160 Ekin(MeV)= 0.002239  xs(b)= 1.477e-09  size=7
### ekin(eV)=2239 e0(eV)=0.02526
     1) sig(eV)=0.345 y(b)=36.12
     2) sig(eV)=0.345 y(b)=36.81
     3) sig(eV)=0.345 y(b)=38.17
G4CrossSectionHP::IsoXS neutronElasticHP  Z= 64  A= 152 Ekin(MeV)= 0.002239  xs(b)= 37.03  size=7
### ekin(eV)=2239 e0(eV)=0.02526
     1) sig(eV)=0.3428 y(b)=0.008438
     2) sig(eV)=0.3428 y(b)=0.07259
     3) sig(eV)=0.3428 y(b)=0.3084
     4) sig(eV)=0.3428 y(b)=0.05033
     5) sig(eV)=0.3428 y(b)=0.1751
     6) sig(eV)=0.3428 y(b)=0.515
     7) sig(eV)=0.3428 y(b)=0.7044
     8) sig(eV)=0.3428 y(b)=0.744
     9) sig(eV)=0.3428 y(b)=0.5321
     10) sig(eV)=0.3428 y(b)=1.217
     11) sig(eV)=0.3428 y(b)=0.2203
     12) sig(eV)=0.3428 y(b)=1.181
     13) sig(eV)=0.3428 y(b)=0.2533
     14) sig(eV)=0.3428 y(b)=0.2467
     15) sig(eV)=0.3428 y(b)=0.01704
     16) sig(eV)=0.3428 y(b)=0.3957
     17) sig(eV)=0.3428 y(b)=0.278
     18) sig(eV)=0.3428 y(b)=0.7882
     19) sig(eV)=0.3428 y(b)=0.4286
     20) sig(eV)=0.3428 y(b)=0.6743
G4CrossSectionHP::IsoXS neutronElasticHP  Z= 64  A= 154 Ekin(MeV)= 0.002239  xs(b)= 0.4405  size=7
### ekin(eV)=2239 e0(eV)=0.02526
     1) sig(eV)=0.3417 y(b)=15.16
     2) sig(eV)=0.3417 y(b)=15.16
     3) sig(eV)=0.3417 y(b)=15.16
G4CrossSectionHP::IsoXS neutronElasticHP  Z= 64  A= 155 Ekin(MeV)= 0.002239  xs(b)= 15.16  size=7
### ekin(eV)=2239 e0(eV)=0.02526
     1) sig(eV)=0.3406 y(b)=21.32
     2) sig(eV)=0.3406 y(b)=21.32
     3) sig(eV)=0.3406 y(b)=21.32
G4CrossSectionHP::IsoXS neutronElasticHP  Z= 64  A= 156 Ekin(MeV)= 0.002239  xs(b)= 21.32  size=7
### ekin(eV)=2239 e0(eV)=0.02526
     1) sig(eV)=0.3395 y(b)=13.5
     2) sig(eV)=0.3395 y(b)=13.49
     3) sig(eV)=0.3395 y(b)=13.49
G4CrossSectionHP::IsoXS neutronElasticHP  Z= 64  A= 157 Ekin(MeV)= 0.002239  xs(b)= 13.49  size=7
### ekin(eV)=2239 e0(eV)=0.02526
     1) sig(eV)=0.3384 y(b)=2.247
     2) sig(eV)=0.3384 y(b)=2.374
     3) sig(eV)=0.3384 y(b)=2.071
G4CrossSectionHP::IsoXS neutronElasticHP  Z= 64  A= 158 Ekin(MeV)= 0.002239  xs(b)= 2.23  size=7
### ekin(eV)=2239 e0(eV)=0.02526
     1) sig(eV)=0.3363 y(b)=1.053
     2) sig(eV)=0.3363 y(b)=1.073
     3) sig(eV)=0.3363 y(b)=1.115
G4CrossSectionHP::IsoXS neutronElasticHP  Z= 64  A= 160 Ekin(MeV)= 0.002239  xs(b)= 1.081  size=7
### ekin(eV)=2239 e0(eV)=0.02526
     1) sig(eV)=0.345 y(b)=0.2302
     2) sig(eV)=0.345 y(b)=0.2189
     3) sig(eV)=0.345 y(b)=0.2221
G4CrossSectionHP::IsoXS neutronCaptureHP  Z= 64  A= 152 Ekin(MeV)= 0.002239  xs(b)= 0.2237  size=7
### ekin(eV)=2239 e0(eV)=0.02526
     1) sig(eV)=0.3428 y(b)=0.8476
     2) sig(eV)=0.3428 y(b)=0.7282
     3) sig(eV)=0.3428 y(b)=0.57
     4) sig(eV)=0.3428 y(b)=0.4665
     5) sig(eV)=0.3428 y(b)=0.3532
     6) sig(eV)=0.3428 y(b)=0.3785
     7) sig(eV)=0.3428 y(b)=0.3472
     8) sig(eV)=0.3428 y(b)=0.2876
     9) sig(eV)=0.3428 y(b)=0.2323
     10) sig(eV)=0.3428 y(b)=0.2258
     11) sig(eV)=0.3428 y(b)=0.2081
     12) sig(eV)=0.3428 y(b)=0.2015
     13) sig(eV)=0.3428 y(b)=0.1905
     14) sig(eV)=0.3428 y(b)=0.2042
     15) sig(eV)=0.3428 y(b)=0.1842
     16) sig(eV)=0.3428 y(b)=0.1793
     17) sig(eV)=0.3428 y(b)=0.1522
     18) sig(eV)=0.3428 y(b)=0.1619
     19) sig(eV)=0.3428 y(b)=0.186
     20) sig(eV)=0.3428 y(b)=0.2211
G4CrossSectionHP::IsoXS neutronCaptureHP  Z= 64  A= 154 Ekin(MeV)= 0.002239  xs(b)= 0.3163  size=7
### ekin(eV)=2239 e0(eV)=0.02526
     1) sig(eV)=0.3417 y(b)=13.24
     2) sig(eV)=0.3417 y(b)=13.23
     3) sig(eV)=0.3417 y(b)=13.23
G4CrossSectionHP::IsoXS neutronCaptureHP  Z= 64  A= 155 Ekin(MeV)= 0.002239  xs(b)= 13.23  size=7
### ekin(eV)=2239 e0(eV)=0.02526
     1) sig(eV)=0.3406 y(b)=2.326
     2) sig(eV)=0.3406 y(b)=2.326
     3) sig(eV)=0.3406 y(b)=2.325
G4CrossSectionHP::IsoXS neutronCaptureHP  Z= 64  A= 156 Ekin(MeV)= 0.002239  xs(b)= 2.326  size=7
### ekin(eV)=2239 e0(eV)=0.02526
     1) sig(eV)=0.3395 y(b)=9.617
     2) sig(eV)=0.3395 y(b)=9.617
     3) sig(eV)=0.3395 y(b)=9.618
G4CrossSectionHP::IsoXS neutronCaptureHP  Z= 64  A= 157 Ekin(MeV)= 0.002239  xs(b)= 9.617  size=7
### ekin(eV)=2239 e0(eV)=0.02526
     1) sig(eV)=0.3384 y(b)=0.1544
     2) sig(eV)=0.3384 y(b)=0.1236
     3) sig(eV)=0.3384 y(b)=0.1272
     4) sig(eV)=0.3384 y(b)=0.0993
     5) sig(eV)=0.3384 y(b)=0.1069
     6) sig(eV)=0.3384 y(b)=0.09683
     7) sig(eV)=0.3384 y(b)=0.1006
     8) sig(eV)=0.3384 y(b)=0.08129
     9) sig(eV)=0.3384 y(b)=0.0908
     10) sig(eV)=0.3384 y(b)=0.1202
     11) sig(eV)=0.3384 y(b)=0.1475
     12) sig(eV)=0.3384 y(b)=0.1344
     13) sig(eV)=0.3384 y(b)=0.1961
     14) sig(eV)=0.3384 y(b)=0.1645
     15) sig(eV)=0.3384 y(b)=0.1401
     16) sig(eV)=0.3384 y(b)=0.1798
     17) sig(eV)=0.3384 y(b)=0.1567
     18) sig(eV)=0.3384 y(b)=0.1568
     19) sig(eV)=0.3384 y(b)=0.202
     20) sig(eV)=0.3384 y(b)=0.1751
G4CrossSectionHP::IsoXS neutronCaptureHP  Z= 64  A= 158 Ekin(MeV)= 0.002239  xs(b)= 0.1377  size=7
### ekin(eV)=2239 e0(eV)=0.02526
     1) sig(eV)=0.3363 y(b)=0.06074
     2) sig(eV)=0.3363 y(b)=0.0625
     3) sig(eV)=0.3363 y(b)=0.06329
G4CrossSectionHP::IsoXS neutronCaptureHP  Z= 64  A= 160 Ekin(MeV)= 0.002239  xs(b)= 0.06218  size=7
        3.995            0        13.57
   14    0.002818### ekin(eV)=2818 e0(eV)=0.02526
     1) sig(eV)=0.345 y(b)=32.07
     2) sig(eV)=0.345 y(b)=32.07
     3) sig(eV)=0.345 y(b)=32.07
G4CrossSectionHP::IsoXS neutronElasticHP  Z= 64  A= 152 Ekin(MeV)= 0.002818  xs(b)= 32.07  size=7
### ekin(eV)=2818 e0(eV)=0.02526
     1) sig(eV)=0.3428 y(b)=16.95
     2) sig(eV)=0.3428 y(b)=16.95
     3) sig(eV)=0.3428 y(b)=16.95
G4CrossSectionHP::IsoXS neutronElasticHP  Z= 64  A= 154 Ekin(MeV)= 0.002818  xs(b)= 16.95  size=7
### ekin(eV)=2818 e0(eV)=0.02526
     1) sig(eV)=0.3417 y(b)=14.23
     2) sig(eV)=0.3417 y(b)=14.23
     3) sig(eV)=0.3417 y(b)=14.23
G4CrossSectionHP::IsoXS neutronElasticHP  Z= 64  A= 155 Ekin(MeV)= 0.002818  xs(b)= 14.23  size=7
### ekin(eV)=2818 e0(eV)=0.02526
     1) sig(eV)=0.3406 y(b)=20
     2) sig(eV)=0.3406 y(b)=20
     3) sig(eV)=0.3406 y(b)=20
G4CrossSectionHP::IsoXS neutronElasticHP  Z= 64  A= 156 Ekin(MeV)= 0.002818  xs(b)= 20  size=7
### ekin(eV)=2818 e0(eV)=0.02526
     1) sig(eV)=0.3395 y(b)=12.75
     2) sig(eV)=0.3395 y(b)=12.75
     3) sig(eV)=0.3395 y(b)=12.75
G4CrossSectionHP::IsoXS neutronElasticHP  Z= 64  A= 157 Ekin(MeV)= 0.002818  xs(b)= 12.75  size=7
### ekin(eV)=2818 e0(eV)=0.02526
     1) sig(eV)=0.3384 y(b)=1.773
     2) sig(eV)=0.3384 y(b)=1.901
     3) sig(eV)=0.3384 y(b)=1.852
G4CrossSectionHP::IsoXS neutronElasticHP  Z= 64  A= 158 Ekin(MeV)= 0.002818  xs(b)= 1.842  size=7
### ekin(eV)=2818 e0(eV)=0.02526
     1) sig(eV)=0.3363 y(b)=26.64
     2) sig(eV)=0.3363 y(b)=31.47
     3) sig(eV)=0.3363 y(b)=29.06
G4CrossSectionHP::IsoXS neutronElasticHP  Z= 64  A= 160 Ekin(MeV)= 0.002818  xs(b)= 29.06  size=7
       15.44### ekin(eV)=2818 e0(eV)=0.02526
     1) sig(eV)=0.345 y(b)=0.0001875
     2) sig(eV)=0.345 y(b)=0.0001875
     3) sig(eV)=0.345 y(b)=0.0001875
G4CrossSectionHP::IsoXS neutronInelasticHP  Z= 64  A= 152 Ekin(MeV)= 0.002818  xs(b)= 0.0001875  size=7
### ekin(eV)=2818 e0(eV)=0.02526
     1) sig(eV)=0.3428 y(b)=0
     2) sig(eV)=0.3428 y(b)=0
     3) sig(eV)=0.3428 y(b)=0
G4CrossSectionHP::IsoXS neutronInelasticHP  Z= 64  A= 154 Ekin(MeV)= 0.002818  xs(b)= 0  size=7
### ekin(eV)=2818 e0(eV)=0.02526
     1) sig(eV)=0.3417 y(b)=2.866e-09
     2) sig(eV)=0.3417 y(b)=2.865e-09
     3) sig(eV)=0.3417 y(b)=2.865e-09
G4CrossSectionHP::IsoXS neutronInelasticHP  Z= 64  A= 155 Ekin(MeV)= 0.002818  xs(b)= 2.865e-09  size=7
### ekin(eV)=2818 e0(eV)=0.02526
     1) sig(eV)=0.3406 y(b)=2.841e-09
     2) sig(eV)=0.3406 y(b)=2.84e-09
     3) sig(eV)=0.3406 y(b)=2.84e-09
G4CrossSectionHP::IsoXS neutronInelasticHP  Z= 64  A= 156 Ekin(MeV)= 0.002818  xs(b)= 2.84e-09  size=7
### ekin(eV)=2818 e0(eV)=0.02526
     1) sig(eV)=0.3395 y(b)=1.185e-09
     2) sig(eV)=0.3395 y(b)=1.185e-09
     3) sig(eV)=0.3395 y(b)=1.185e-09
G4CrossSectionHP::IsoXS neutronInelasticHP  Z= 64  A= 157 Ekin(MeV)= 0.002818  xs(b)= 1.185e-09  size=7
### ekin(eV)=2818 e0(eV)=0.02526
     1) sig(eV)=0.3384 y(b)=1.194e-09
     2) sig(eV)=0.3384 y(b)=1.194e-09
     3) sig(eV)=0.3384 y(b)=1.194e-09
G4CrossSectionHP::IsoXS neutronInelasticHP  Z= 64  A= 158 Ekin(MeV)= 0.002818  xs(b)= 1.194e-09  size=7
### ekin(eV)=2818 e0(eV)=0.02526
     1) sig(eV)=0.3363 y(b)=1.858e-09
     2) sig(eV)=0.3363 y(b)=1.859e-09
     3) sig(eV)=0.3363 y(b)=1.859e-09
G4CrossSectionHP::IsoXS neutronInelasticHP  Z= 64  A= 160 Ekin(MeV)= 0.002818  xs(b)= 1.858e-09  size=7
    3.768e-07### ekin(eV)=2818 e0(eV)=0.02526
     1) sig(eV)=0.345 y(b)=0.0001875
     2) sig(eV)=0.345 y(b)=0.0001875
     3) sig(eV)=0.345 y(b)=0.0001875
G4CrossSectionHP::IsoXS neutronInelasticHP  Z= 64  A= 152 Ekin(MeV)= 0.002818  xs(b)= 0.0001875  size=7
### ekin(eV)=2818 e0(eV)=0.02526
     1) sig(eV)=0.3428 y(b)=0
     2) sig(eV)=0.3428 y(b)=0
     3) sig(eV)=0.3428 y(b)=0
G4CrossSectionHP::IsoXS neutronInelasticHP  Z= 64  A= 154 Ekin(MeV)= 0.002818  xs(b)= 0  size=7
### ekin(eV)=2818 e0(eV)=0.02526
     1) sig(eV)=0.3417 y(b)=2.864e-09
     2) sig(eV)=0.3417 y(b)=2.864e-09
     3) sig(eV)=0.3417 y(b)=2.862e-09
G4CrossSectionHP::IsoXS neutronInelasticHP  Z= 64  A= 155 Ekin(MeV)= 0.002818  xs(b)= 2.863e-09  size=7
### ekin(eV)=2818 e0(eV)=0.02526
     1) sig(eV)=0.3406 y(b)=2.842e-09
     2) sig(eV)=0.3406 y(b)=2.842e-09
     3) sig(eV)=0.3406 y(b)=2.843e-09
G4CrossSectionHP::IsoXS neutronInelasticHP  Z= 64  A= 156 Ekin(MeV)= 0.002818  xs(b)= 2.842e-09  size=7
### ekin(eV)=2818 e0(eV)=0.02526
     1) sig(eV)=0.3395 y(b)=1.185e-09
     2) sig(eV)=0.3395 y(b)=1.185e-09
     3) sig(eV)=0.3395 y(b)=1.185e-09
G4CrossSectionHP::IsoXS neutronInelasticHP  Z= 64  A= 157 Ekin(MeV)= 0.002818  xs(b)= 1.185e-09  size=7
### ekin(eV)=2818 e0(eV)=0.02526
     1) sig(eV)=0.3384 y(b)=1.194e-09
     2) sig(eV)=0.3384 y(b)=1.193e-09
     3) sig(eV)=0.3384 y(b)=1.193e-09
G4CrossSectionHP::IsoXS neutronInelasticHP  Z= 64  A= 158 Ekin(MeV)= 0.002818  xs(b)= 1.193e-09  size=7
### ekin(eV)=2818 e0(eV)=0.02526
     1) sig(eV)=0.3363 y(b)=1.859e-09
     2) sig(eV)=0.3363 y(b)=1.859e-09
     3) sig(eV)=0.3363 y(b)=1.859e-09
G4CrossSectionHP::IsoXS neutronInelasticHP  Z= 64  A= 160 Ekin(MeV)= 0.002818  xs(b)= 1.859e-09  size=7
### ekin(eV)=2818 e0(eV)=0.02526
     1) sig(eV)=0.345 y(b)=32.07
     2) sig(eV)=0.345 y(b)=32.07
     3) sig(eV)=0.345 y(b)=32.07
G4CrossSectionHP::IsoXS neutronElasticHP  Z= 64  A= 152 Ekin(MeV)= 0.002818  xs(b)= 32.07  size=7
### ekin(eV)=2818 e0(eV)=0.02526
     1) sig(eV)=0.3428 y(b)=16.95
     2) sig(eV)=0.3428 y(b)=16.95
     3) sig(eV)=0.3428 y(b)=16.95
G4CrossSectionHP::IsoXS neutronElasticHP  Z= 64  A= 154 Ekin(MeV)= 0.002818  xs(b)= 16.95  size=7
### ekin(eV)=2818 e0(eV)=0.02526
     1) sig(eV)=0.3417 y(b)=14.23
     2) sig(eV)=0.3417 y(b)=14.23
     3) sig(eV)=0.3417 y(b)=14.23
G4CrossSectionHP::IsoXS neutronElasticHP  Z= 64  A= 155 Ekin(MeV)= 0.002818  xs(b)= 14.23  size=7
### ekin(eV)=2818 e0(eV)=0.02526
     1) sig(eV)=0.3406 y(b)=20
     2) sig(eV)=0.3406 y(b)=20
     3) sig(eV)=0.3406 y(b)=20.01
G4CrossSectionHP::IsoXS neutronElasticHP  Z= 64  A= 156 Ekin(MeV)= 0.002818  xs(b)= 20.01  size=7
### ekin(eV)=2818 e0(eV)=0.02526
     1) sig(eV)=0.3395 y(b)=12.75
     2) sig(eV)=0.3395 y(b)=12.75
     3) sig(eV)=0.3395 y(b)=12.75
G4CrossSectionHP::IsoXS neutronElasticHP  Z= 64  A= 157 Ekin(MeV)= 0.002818  xs(b)= 12.75  size=7
### ekin(eV)=2818 e0(eV)=0.02526
     1) sig(eV)=0.3384 y(b)=1.701
     2) sig(eV)=0.3384 y(b)=1.688
     3) sig(eV)=0.3384 y(b)=1.563
G4CrossSectionHP::IsoXS neutronElasticHP  Z= 64  A= 158 Ekin(MeV)= 0.002818  xs(b)= 1.651  size=7
### ekin(eV)=2818 e0(eV)=0.02526
     1) sig(eV)=0.3363 y(b)=20.43
     2) sig(eV)=0.3363 y(b)=19.37
     3) sig(eV)=0.3363 y(b)=19.48
G4CrossSectionHP::IsoXS neutronElasticHP  Z= 64  A= 160 Ekin(MeV)= 0.002818  xs(b)= 19.76  size=7
### ekin(eV)=2818 e0(eV)=0.02526
     1) sig(eV)=0.345 y(b)=3.944
     2) sig(eV)=0.345 y(b)=3.944
     3) sig(eV)=0.345 y(b)=3.943
G4CrossSectionHP::IsoXS neutronCaptureHP  Z= 64  A= 152 Ekin(MeV)= 0.002818  xs(b)= 3.944  size=7
### ekin(eV)=2818 e0(eV)=0.02526
     1) sig(eV)=0.3428 y(b)=3.857
     2) sig(eV)=0.3428 y(b)=3.858
     3) sig(eV)=0.3428 y(b)=3.859
G4CrossSectionHP::IsoXS neutronCaptureHP  Z= 64  A= 154 Ekin(MeV)= 0.002818  xs(b)= 3.858  size=7
### ekin(eV)=2818 e0(eV)=0.02526
     1) sig(eV)=0.3417 y(b)=11.36
     2) sig(eV)=0.3417 y(b)=11.37
     3) sig(eV)=0.3417 y(b)=11.37
G4CrossSectionHP::IsoXS neutronCaptureHP  Z= 64  A= 155 Ekin(MeV)= 0.002818  xs(b)= 11.37  size=7
### ekin(eV)=2818 e0(eV)=0.02526
     1) sig(eV)=0.3406 y(b)=1.984
     2) sig(eV)=0.3406 y(b)=1.984
     3) sig(eV)=0.3406 y(b)=1.985
G4CrossSectionHP::IsoXS neutronCaptureHP  Z= 64  A= 156 Ekin(MeV)= 0.002818  xs(b)= 1.984  size=7
### ekin(eV)=2818 e0(eV)=0.02526
     1) sig(eV)=0.3395 y(b)=8.162
     2) sig(eV)=0.3395 y(b)=8.161
     3) sig(eV)=0.3395 y(b)=8.16
G4CrossSectionHP::IsoXS neutronCaptureHP  Z= 64  A= 157 Ekin(MeV)= 0.002818  xs(b)= 8.161  size=7
### ekin(eV)=2818 e0(eV)=0.02526
     1) sig(eV)=0.3384 y(b)=0.07572
     2) sig(eV)=0.3384 y(b)=0.07614
     3) sig(eV)=0.3384 y(b)=0.07481
G4CrossSectionHP::IsoXS neutronCaptureHP  Z= 64  A= 158 Ekin(MeV)= 0.002818  xs(b)= 0.07556  size=7
### ekin(eV)=2818 e0(eV)=0.02526
     1) sig(eV)=0.3363 y(b)=0.5446
     2) sig(eV)=0.3363 y(b)=0.5327
     3) sig(eV)=0.3363 y(b)=0.4612
G4CrossSectionHP::IsoXS neutronCaptureHP  Z= 64  A= 160 Ekin(MeV)= 0.002818  xs(b)= 0.5128  size=7
        3.588            0        19.03
   15    0.003548### ekin(eV)=3548 e0(eV)=0.02526
     1) sig(eV)=0.345 y(b)=29.59
     2) sig(eV)=0.345 y(b)=29.59
     3) sig(eV)=0.345 y(b)=29.6
G4CrossSectionHP::IsoXS neutronElasticHP  Z= 64  A= 152 Ekin(MeV)= 0.003548  xs(b)= 29.6  size=7
### ekin(eV)=3548 e0(eV)=0.02526
     1) sig(eV)=0.3428 y(b)=15.91
     2) sig(eV)=0.3428 y(b)=15.91
     3) sig(eV)=0.3428 y(b)=15.91
G4CrossSectionHP::IsoXS neutronElasticHP  Z= 64  A= 154 Ekin(MeV)= 0.003548  xs(b)= 15.91  size=7
### ekin(eV)=3548 e0(eV)=0.02526
     1) sig(eV)=0.3417 y(b)=13.35
     2) sig(eV)=0.3417 y(b)=13.35
     3) sig(eV)=0.3417 y(b)=13.35
G4CrossSectionHP::IsoXS neutronElasticHP  Z= 64  A= 155 Ekin(MeV)= 0.003548  xs(b)= 13.35  size=7
### ekin(eV)=3548 e0(eV)=0.02526
     1) sig(eV)=0.3406 y(b)=18.8
     2) sig(eV)=0.3406 y(b)=18.8
     3) sig(eV)=0.3406 y(b)=18.8
G4CrossSectionHP::IsoXS neutronElasticHP  Z= 64  A= 156 Ekin(MeV)= 0.003548  xs(b)= 18.8  size=7
### ekin(eV)=3548 e0(eV)=0.02526
     1) sig(eV)=0.3395 y(b)=12.04
     2) sig(eV)=0.3395 y(b)=12.04
     3) sig(eV)=0.3395 y(b)=12.04
G4CrossSectionHP::IsoXS neutronElasticHP  Z= 64  A= 157 Ekin(MeV)= 0.003548  xs(b)= 12.04  size=7
### ekin(eV)=3548 e0(eV)=0.02526
     1) sig(eV)=0.3384 y(b)=6.298
     2) sig(eV)=0.3384 y(b)=6.185
     3) sig(eV)=0.3384 y(b)=6.083
G4CrossSectionHP::IsoXS neutronElasticHP  Z= 64  A= 158 Ekin(MeV)= 0.003548  xs(b)= 6.189  size=7
### ekin(eV)=3548 e0(eV)=0.02526
     1) sig(eV)=0.3363 y(b)=37.97
     2) sig(eV)=0.3363 y(b)=37.97
     3) sig(eV)=0.3363 y(b)=37.96
G4CrossSectionHP::IsoXS neutronElasticHP  Z= 64  A= 160 Ekin(MeV)= 0.003548  xs(b)= 37.97  size=7
       17.95### ekin(eV)=3548 e0(eV)=0.02526
     1) sig(eV)=0.345 y(b)=0.0001785
     2) sig(eV)=0.345 y(b)=0.0001784
     3) sig(eV)=0.345 y(b)=0.0001785
G4CrossSectionHP::IsoXS neutronInelasticHP  Z= 64  A= 152 Ekin(MeV)= 0.003548  xs(b)= 0.0001785  size=7
### ekin(eV)=3548 e0(eV)=0.02526
     1) sig(eV)=0.3428 y(b)=0
     2) sig(eV)=0.3428 y(b)=0
     3) sig(eV)=0.3428 y(b)=0
G4CrossSectionHP::IsoXS neutronInelasticHP  Z= 64  A= 154 Ekin(MeV)= 0.003548  xs(b)= 0  size=7
### ekin(eV)=3548 e0(eV)=0.02526
     1) sig(eV)=0.3417 y(b)=3.608e-09
     2) sig(eV)=0.3417 y(b)=3.608e-09
     3) sig(eV)=0.3417 y(b)=3.608e-09
G4CrossSectionHP::IsoXS neutronInelasticHP  Z= 64  A= 155 Ekin(MeV)= 0.003548  xs(b)= 3.608e-09  size=7
### ekin(eV)=3548 e0(eV)=0.02526
     1) sig(eV)=0.3406 y(b)=3.577e-09
     2) sig(eV)=0.3406 y(b)=3.575e-09
     3) sig(eV)=0.3406 y(b)=3.574e-09
G4CrossSectionHP::IsoXS neutronInelasticHP  Z= 64  A= 156 Ekin(MeV)= 0.003548  xs(b)= 3.575e-09  size=7
### ekin(eV)=3548 e0(eV)=0.02526
     1) sig(eV)=0.3395 y(b)=1.492e-09
     2) sig(eV)=0.3395 y(b)=1.492e-09
     3) sig(eV)=0.3395 y(b)=1.492e-09
G4CrossSectionHP::IsoXS neutronInelasticHP  Z= 64  A= 157 Ekin(MeV)= 0.003548  xs(b)= 1.492e-09  size=7
### ekin(eV)=3548 e0(eV)=0.02526
     1) sig(eV)=0.3384 y(b)=1.503e-09
     2) sig(eV)=0.3384 y(b)=1.503e-09
     3) sig(eV)=0.3384 y(b)=1.503e-09
G4CrossSectionHP::IsoXS neutronInelasticHP  Z= 64  A= 158 Ekin(MeV)= 0.003548  xs(b)= 1.503e-09  size=7
### ekin(eV)=3548 e0(eV)=0.02526
     1) sig(eV)=0.3363 y(b)=2.34e-09
     2) sig(eV)=0.3363 y(b)=2.34e-09
     3) sig(eV)=0.3363 y(b)=2.34e-09
G4CrossSectionHP::IsoXS neutronInelasticHP  Z= 64  A= 160 Ekin(MeV)= 0.003548  xs(b)= 2.34e-09  size=7
    3.593e-07### ekin(eV)=3548 e0(eV)=0.02526
     1) sig(eV)=0.345 y(b)=0.0001785
     2) sig(eV)=0.345 y(b)=0.0001785
     3) sig(eV)=0.345 y(b)=0.0001786
G4CrossSectionHP::IsoXS neutronInelasticHP  Z= 64  A= 152 Ekin(MeV)= 0.003548  xs(b)= 0.0001785  size=7
### ekin(eV)=3548 e0(eV)=0.02526
     1) sig(eV)=0.3428 y(b)=0
     2) sig(eV)=0.3428 y(b)=0
     3) sig(eV)=0.3428 y(b)=0
G4CrossSectionHP::IsoXS neutronInelasticHP  Z= 64  A= 154 Ekin(MeV)= 0.003548  xs(b)= 0  size=7
### ekin(eV)=3548 e0(eV)=0.02526
     1) sig(eV)=0.3417 y(b)=3.608e-09
     2) sig(eV)=0.3417 y(b)=3.608e-09
     3) sig(eV)=0.3417 y(b)=3.608e-09
G4CrossSectionHP::IsoXS neutronInelasticHP  Z= 64  A= 155 Ekin(MeV)= 0.003548  xs(b)= 3.608e-09  size=7
### ekin(eV)=3548 e0(eV)=0.02526
     1) sig(eV)=0.3406 y(b)=3.577e-09
     2) sig(eV)=0.3406 y(b)=3.576e-09
     3) sig(eV)=0.3406 y(b)=3.579e-09
G4CrossSectionHP::IsoXS neutronInelasticHP  Z= 64  A= 156 Ekin(MeV)= 0.003548  xs(b)= 3.577e-09  size=7
### ekin(eV)=3548 e0(eV)=0.02526
     1) sig(eV)=0.3395 y(b)=1.492e-09
     2) sig(eV)=0.3395 y(b)=1.492e-09
     3) sig(eV)=0.3395 y(b)=1.492e-09
G4CrossSectionHP::IsoXS neutronInelasticHP  Z= 64  A= 157 Ekin(MeV)= 0.003548  xs(b)= 1.492e-09  size=7
### ekin(eV)=3548 e0(eV)=0.02526
     1) sig(eV)=0.3384 y(b)=1.503e-09
     2) sig(eV)=0.3384 y(b)=1.503e-09
     3) sig(eV)=0.3384 y(b)=1.503e-09
G4CrossSectionHP::IsoXS neutronInelasticHP  Z= 64  A= 158 Ekin(MeV)= 0.003548  xs(b)= 1.503e-09  size=7
### ekin(eV)=3548 e0(eV)=0.02526
     1) sig(eV)=0.3363 y(b)=2.339e-09
     2) sig(eV)=0.3363 y(b)=2.339e-09
     3) sig(eV)=0.3363 y(b)=2.339e-09
G4CrossSectionHP::IsoXS neutronInelasticHP  Z= 64  A= 160 Ekin(MeV)= 0.003548  xs(b)= 2.339e-09  size=7
### ekin(eV)=3548 e0(eV)=0.02526
     1) sig(eV)=0.345 y(b)=29.59
     2) sig(eV)=0.345 y(b)=29.59
     3) sig(eV)=0.345 y(b)=29.59
G4CrossSectionHP::IsoXS neutronElasticHP  Z= 64  A= 152 Ekin(MeV)= 0.003548  xs(b)= 29.59  size=7
### ekin(eV)=3548 e0(eV)=0.02526
     1) sig(eV)=0.3428 y(b)=15.91
     2) sig(eV)=0.3428 y(b)=15.91
     3) sig(eV)=0.3428 y(b)=15.91
G4CrossSectionHP::IsoXS neutronElasticHP  Z= 64  A= 154 Ekin(MeV)= 0.003548  xs(b)= 15.91  size=7
### ekin(eV)=3548 e0(eV)=0.02526
     1) sig(eV)=0.3417 y(b)=13.35
     2) sig(eV)=0.3417 y(b)=13.35
     3) sig(eV)=0.3417 y(b)=13.35
G4CrossSectionHP::IsoXS neutronElasticHP  Z= 64  A= 155 Ekin(MeV)= 0.003548  xs(b)= 13.35  size=7
### ekin(eV)=3548 e0(eV)=0.02526
     1) sig(eV)=0.3406 y(b)=18.8
     2) sig(eV)=0.3406 y(b)=18.8
     3) sig(eV)=0.3406 y(b)=18.8
G4CrossSectionHP::IsoXS neutronElasticHP  Z= 64  A= 156 Ekin(MeV)= 0.003548  xs(b)= 18.8  size=7
### ekin(eV)=3548 e0(eV)=0.02526
     1) sig(eV)=0.3395 y(b)=12.04
     2) sig(eV)=0.3395 y(b)=12.04
     3) sig(eV)=0.3395 y(b)=12.04
G4CrossSectionHP::IsoXS neutronElasticHP  Z= 64  A= 157 Ekin(MeV)= 0.003548  xs(b)= 12.04  size=7
### ekin(eV)=3548 e0(eV)=0.02526
     1) sig(eV)=0.3384 y(b)=6.123
     2) sig(eV)=0.3384 y(b)=6.228
     3) sig(eV)=0.3384 y(b)=6.17
G4CrossSectionHP::IsoXS neutronElasticHP  Z= 64  A= 158 Ekin(MeV)= 0.003548  xs(b)= 6.174  size=7
### ekin(eV)=3548 e0(eV)=0.02526
     1) sig(eV)=0.3363 y(b)=37.96
     2) sig(eV)=0.3363 y(b)=37.96
     3) sig(eV)=0.3363 y(b)=37.96
G4CrossSectionHP::IsoXS neutronElasticHP  Z= 64  A= 160 Ekin(MeV)= 0.003548  xs(b)= 37.96  size=7
### ekin(eV)=3548 e0(eV)=0.02526
     1) sig(eV)=0.345 y(b)=3.315
     2) sig(eV)=0.345 y(b)=3.314
     3) sig(eV)=0.345 y(b)=3.314
G4CrossSectionHP::IsoXS neutronCaptureHP  Z= 64  A= 152 Ekin(MeV)= 0.003548  xs(b)= 3.314  size=7
### ekin(eV)=3548 e0(eV)=0.02526
     1) sig(eV)=0.3428 y(b)=3.278
     2) sig(eV)=0.3428 y(b)=3.278
     3) sig(eV)=0.3428 y(b)=3.277
G4CrossSectionHP::IsoXS neutronCaptureHP  Z= 64  A= 154 Ekin(MeV)= 0.003548  xs(b)= 3.278  size=7
### ekin(eV)=3548 e0(eV)=0.02526
     1) sig(eV)=0.3417 y(b)=9.772
     2) sig(eV)=0.3417 y(b)=9.773
     3) sig(eV)=0.3417 y(b)=9.772
G4CrossSectionHP::IsoXS neutronCaptureHP  Z= 64  A= 155 Ekin(MeV)= 0.003548  xs(b)= 9.772  size=7
### ekin(eV)=3548 e0(eV)=0.02526
     1) sig(eV)=0.3406 y(b)=1.708
     2) sig(eV)=0.3406 y(b)=1.708
     3) sig(eV)=0.3406 y(b)=1.708
G4CrossSectionHP::IsoXS neutronCaptureHP  Z= 64  A= 156 Ekin(MeV)= 0.003548  xs(b)= 1.708  size=7
### ekin(eV)=3548 e0(eV)=0.02526
     1) sig(eV)=0.3395 y(b)=6.917
     2) sig(eV)=0.3395 y(b)=6.918
     3) sig(eV)=0.3395 y(b)=6.919
G4CrossSectionHP::IsoXS neutronCaptureHP  Z= 64  A= 157 Ekin(MeV)= 0.003548  xs(b)= 6.918  size=7
### ekin(eV)=3548 e0(eV)=0.02526
     1) sig(eV)=0.3384 y(b)=0.02892
     2) sig(eV)=0.3384 y(b)=0.02929
     3) sig(eV)=0.3384 y(b)=0.02902
G4CrossSectionHP::IsoXS neutronCaptureHP  Z= 64  A= 158 Ekin(MeV)= 0.003548  xs(b)= 0.02907  size=7
### ekin(eV)=3548 e0(eV)=0.02526
     1) sig(eV)=0.3363 y(b)=0.7669
     2) sig(eV)=0.3363 y(b)=0.7669
     3) sig(eV)=0.3363 y(b)=0.7668
G4CrossSectionHP::IsoXS neutronCaptureHP  Z= 64  A= 160 Ekin(MeV)= 0.003548  xs(b)= 0.7669  size=7
        3.132            0        21.08
   16    0.004467### ekin(eV)=4467 e0(eV)=0.02526
     1) sig(eV)=0.345 y(b)=27.37
     2) sig(eV)=0.345 y(b)=27.37
     3) sig(eV)=0.345 y(b)=27.36
G4CrossSectionHP::IsoXS neutronElasticHP  Z= 64  A= 152 Ekin(MeV)= 0.004467  xs(b)= 27.36  size=7
### ekin(eV)=4467 e0(eV)=0.02526
     1) sig(eV)=0.3428 y(b)=14.94
     2) sig(eV)=0.3428 y(b)=14.94
     3) sig(eV)=0.3428 y(b)=14.94
G4CrossSectionHP::IsoXS neutronElasticHP  Z= 64  A= 154 Ekin(MeV)= 0.004467  xs(b)= 14.94  size=7
### ekin(eV)=4467 e0(eV)=0.02526
     1) sig(eV)=0.3417 y(b)=12.5
     2) sig(eV)=0.3417 y(b)=12.5
     3) sig(eV)=0.3417 y(b)=12.5
G4CrossSectionHP::IsoXS neutronElasticHP  Z= 64  A= 155 Ekin(MeV)= 0.004467  xs(b)= 12.5  size=7
### ekin(eV)=4467 e0(eV)=0.02526
     1) sig(eV)=0.3406 y(b)=17.7
     2) sig(eV)=0.3406 y(b)=17.7
     3) sig(eV)=0.3406 y(b)=17.7
G4CrossSectionHP::IsoXS neutronElasticHP  Z= 64  A= 156 Ekin(MeV)= 0.004467  xs(b)= 17.7  size=7
### ekin(eV)=4467 e0(eV)=0.02526
     1) sig(eV)=0.3395 y(b)=11.35
     2) sig(eV)=0.3395 y(b)=11.35
     3) sig(eV)=0.3395 y(b)=11.35
G4CrossSectionHP::IsoXS neutronElasticHP  Z= 64  A= 157 Ekin(MeV)= 0.004467  xs(b)= 11.35  size=7
### ekin(eV)=4467 e0(eV)=0.02526
     1) sig(eV)=0.3384 y(b)=3.735
     2) sig(eV)=0.3384 y(b)=3.941
     3) sig(eV)=0.3384 y(b)=3.974
G4CrossSectionHP::IsoXS neutronElasticHP  Z= 64  A= 158 Ekin(MeV)= 0.004467  xs(b)= 3.883  size=7
### ekin(eV)=4467 e0(eV)=0.02526
     1) sig(eV)=0.3363 y(b)=34.22
     2) sig(eV)=0.3363 y(b)=34.21
     3) sig(eV)=0.3363 y(b)=34.21
G4CrossSectionHP::IsoXS neutronElasticHP  Z= 64  A= 160 Ekin(MeV)= 0.004467  xs(b)= 34.21  size=7
       16.07### ekin(eV)=4467 e0(eV)=0.02526
     1) sig(eV)=0.345 y(b)=0.000162
     2) sig(eV)=0.345 y(b)=0.000162
     3) sig(eV)=0.345 y(b)=0.000162
G4CrossSectionHP::IsoXS neutronInelasticHP  Z= 64  A= 152 Ekin(MeV)= 0.004467  xs(b)= 0.000162  size=7
### ekin(eV)=4467 e0(eV)=0.02526
     1) sig(eV)=0.3428 y(b)=0
     2) sig(eV)=0.3428 y(b)=0
     3) sig(eV)=0.3428 y(b)=0
G4CrossSectionHP::IsoXS neutronInelasticHP  Z= 64  A= 154 Ekin(MeV)= 0.004467  xs(b)= 0  size=7
### ekin(eV)=4467 e0(eV)=0.02526
     1) sig(eV)=0.3417 y(b)=4.541e-09
     2) sig(eV)=0.3417 y(b)=4.54e-09
     3) sig(eV)=0.3417 y(b)=4.539e-09
G4CrossSectionHP::IsoXS neutronInelasticHP  Z= 64  A= 155 Ekin(MeV)= 0.004467  xs(b)= 4.54e-09  size=7
### ekin(eV)=4467 e0(eV)=0.02526
     1) sig(eV)=0.3406 y(b)=4.503e-09
     2) sig(eV)=0.3406 y(b)=4.504e-09
     3) sig(eV)=0.3406 y(b)=4.507e-09
G4CrossSectionHP::IsoXS neutronInelasticHP  Z= 64  A= 156 Ekin(MeV)= 0.004467  xs(b)= 4.504e-09  size=7
### ekin(eV)=4467 e0(eV)=0.02526
     1) sig(eV)=0.3395 y(b)=1.878e-09
     2) sig(eV)=0.3395 y(b)=1.879e-09
     3) sig(eV)=0.3395 y(b)=1.88e-09
G4CrossSectionHP::IsoXS neutronInelasticHP  Z= 64  A= 157 Ekin(MeV)= 0.004467  xs(b)= 1.879e-09  size=7
### ekin(eV)=4467 e0(eV)=0.02526
     1) sig(eV)=0.3384 y(b)=1.892e-09
     2) sig(eV)=0.3384 y(b)=1.892e-09
     3) sig(eV)=0.3384 y(b)=1.892e-09
G4CrossSectionHP::IsoXS neutronInelasticHP  Z= 64  A= 158 Ekin(MeV)= 0.004467  xs(b)= 1.892e-09  size=7
### ekin(eV)=4467 e0(eV)=0.02526
     1) sig(eV)=0.3363 y(b)=2.944e-09
     2) sig(eV)=0.3363 y(b)=2.945e-09
     3) sig(eV)=0.3363 y(b)=2.945e-09
G4CrossSectionHP::IsoXS neutronInelasticHP  Z= 64  A= 160 Ekin(MeV)= 0.004467  xs(b)= 2.945e-09  size=7
    3.269e-07### ekin(eV)=4467 e0(eV)=0.02526
     1) sig(eV)=0.345 y(b)=0.000162
     2) sig(eV)=0.345 y(b)=0.000162
     3) sig(eV)=0.345 y(b)=0.000162
G4CrossSectionHP::IsoXS neutronInelasticHP  Z= 64  A= 152 Ekin(MeV)= 0.004467  xs(b)= 0.000162  size=7
### ekin(eV)=4467 e0(eV)=0.02526
     1) sig(eV)=0.3428 y(b)=0
     2) sig(eV)=0.3428 y(b)=0
     3) sig(eV)=0.3428 y(b)=0
G4CrossSectionHP::IsoXS neutronInelasticHP  Z= 64  A= 154 Ekin(MeV)= 0.004467  xs(b)= 0  size=7
### ekin(eV)=4467 e0(eV)=0.02526
     1) sig(eV)=0.3417 y(b)=4.542e-09
     2) sig(eV)=0.3417 y(b)=4.542e-09
     3) sig(eV)=0.3417 y(b)=4.543e-09
G4CrossSectionHP::IsoXS neutronInelasticHP  Z= 64  A= 155 Ekin(MeV)= 0.004467  xs(b)= 4.543e-09  size=7
### ekin(eV)=4467 e0(eV)=0.02526
     1) sig(eV)=0.3406 y(b)=4.504e-09
     2) sig(eV)=0.3406 y(b)=4.503e-09
     3) sig(eV)=0.3406 y(b)=4.503e-09
G4CrossSectionHP::IsoXS neutronInelasticHP  Z= 64  A= 156 Ekin(MeV)= 0.004467  xs(b)= 4.503e-09  size=7
### ekin(eV)=4467 e0(eV)=0.02526
     1) sig(eV)=0.3395 y(b)=1.878e-09
     2) sig(eV)=0.3395 y(b)=1.878e-09
     3) sig(eV)=0.3395 y(b)=1.879e-09
G4CrossSectionHP::IsoXS neutronInelasticHP  Z= 64  A= 157 Ekin(MeV)= 0.004467  xs(b)= 1.878e-09  size=7
### ekin(eV)=4467 e0(eV)=0.02526
     1) sig(eV)=0.3384 y(b)=1.892e-09
     2) sig(eV)=0.3384 y(b)=1.892e-09
     3) sig(eV)=0.3384 y(b)=1.892e-09
G4CrossSectionHP::IsoXS neutronInelasticHP  Z= 64  A= 158 Ekin(MeV)= 0.004467  xs(b)= 1.892e-09  size=7
### ekin(eV)=4467 e0(eV)=0.02526
     1) sig(eV)=0.3363 y(b)=2.946e-09
     2) sig(eV)=0.3363 y(b)=2.947e-09
     3) sig(eV)=0.3363 y(b)=2.947e-09
G4CrossSectionHP::IsoXS neutronInelasticHP  Z= 64  A= 160 Ekin(MeV)= 0.004467  xs(b)= 2.947e-09  size=7
### ekin(eV)=4467 e0(eV)=0.02526
     1) sig(eV)=0.345 y(b)=27.37
     2) sig(eV)=0.345 y(b)=27.37
     3) sig(eV)=0.345 y(b)=27.37
G4CrossSectionHP::IsoXS neutronElasticHP  Z= 64  A= 152 Ekin(MeV)= 0.004467  xs(b)= 27.37  size=7
### ekin(eV)=4467 e0(eV)=0.02526
     1) sig(eV)=0.3428 y(b)=14.95
     2) sig(eV)=0.3428 y(b)=14.95
     3) sig(eV)=0.3428 y(b)=14.94
G4CrossSectionHP::IsoXS neutronElasticHP  Z= 64  A= 154 Ekin(MeV)= 0.004467  xs(b)= 14.95  size=7
### ekin(eV)=4467 e0(eV)=0.02526
     1) sig(eV)=0.3417 y(b)=12.5
     2) sig(eV)=0.3417 y(b)=12.5
     3) sig(eV)=0.3417 y(b)=12.5
G4CrossSectionHP::IsoXS neutronElasticHP  Z= 64  A= 155 Ekin(MeV)= 0.004467  xs(b)= 12.5  size=7
### ekin(eV)=4467 e0(eV)=0.02526
     1) sig(eV)=0.3406 y(b)=17.7
     2) sig(eV)=0.3406 y(b)=17.7
     3) sig(eV)=0.3406 y(b)=17.7
G4CrossSectionHP::IsoXS neutronElasticHP  Z= 64  A= 156 Ekin(MeV)= 0.004467  xs(b)= 17.7  size=7
### ekin(eV)=4467 e0(eV)=0.02526
     1) sig(eV)=0.3395 y(b)=11.35
     2) sig(eV)=0.3395 y(b)=11.35
     3) sig(eV)=0.3395 y(b)=11.35
G4CrossSectionHP::IsoXS neutronElasticHP  Z= 64  A= 157 Ekin(MeV)= 0.004467  xs(b)= 11.35  size=7
### ekin(eV)=4467 e0(eV)=0.02526
     1) sig(eV)=0.3384 y(b)=3.816
     2) sig(eV)=0.3384 y(b)=4.223
     3) sig(eV)=0.3384 y(b)=4.295
G4CrossSectionHP::IsoXS neutronElasticHP  Z= 64  A= 158 Ekin(MeV)= 0.004467  xs(b)= 4.111  size=7
### ekin(eV)=4467 e0(eV)=0.02526
     1) sig(eV)=0.3363 y(b)=34.22
     2) sig(eV)=0.3363 y(b)=34.21
     3) sig(eV)=0.3363 y(b)=34.21
G4CrossSectionHP::IsoXS neutronElasticHP  Z= 64  A= 160 Ekin(MeV)= 0.004467  xs(b)= 34.21  size=7
### ekin(eV)=4467 e0(eV)=0.02526
     1) sig(eV)=0.345 y(b)=2.803
     2) sig(eV)=0.345 y(b)=2.802
     3) sig(eV)=0.345 y(b)=2.803
G4CrossSectionHP::IsoXS neutronCaptureHP  Z= 64  A= 152 Ekin(MeV)= 0.004467  xs(b)= 2.803  size=7
### ekin(eV)=4467 e0(eV)=0.02526
     1) sig(eV)=0.3428 y(b)=2.803
     2) sig(eV)=0.3428 y(b)=2.802
     3) sig(eV)=0.3428 y(b)=2.803
G4CrossSectionHP::IsoXS neutronCaptureHP  Z= 64  A= 154 Ekin(MeV)= 0.004467  xs(b)= 2.803  size=7
### ekin(eV)=4467 e0(eV)=0.02526
     1) sig(eV)=0.3417 y(b)=8.426
     2) sig(eV)=0.3417 y(b)=8.427
     3) sig(eV)=0.3417 y(b)=8.425
G4CrossSectionHP::IsoXS neutronCaptureHP  Z= 64  A= 155 Ekin(MeV)= 0.004467  xs(b)= 8.426  size=7
### ekin(eV)=4467 e0(eV)=0.02526
     1) sig(eV)=0.3406 y(b)=1.485
     2) sig(eV)=0.3406 y(b)=1.485
     3) sig(eV)=0.3406 y(b)=1.485
G4CrossSectionHP::IsoXS neutronCaptureHP  Z= 64  A= 156 Ekin(MeV)= 0.004467  xs(b)= 1.485  size=7
### ekin(eV)=4467 e0(eV)=0.02526
     1) sig(eV)=0.3395 y(b)=5.857
     2) sig(eV)=0.3395 y(b)=5.857
     3) sig(eV)=0.3395 y(b)=5.857
G4CrossSectionHP::IsoXS neutronCaptureHP  Z= 64  A= 157 Ekin(MeV)= 0.004467  xs(b)= 5.857  size=7
### ekin(eV)=4467 e0(eV)=0.02526
     1) sig(eV)=0.3384 y(b)=0.112
     2) sig(eV)=0.3384 y(b)=0.1153
     3) sig(eV)=0.3384 y(b)=0.2888
     4) sig(eV)=0.3384 y(b)=0.7588
     5) sig(eV)=0.3384 y(b)=0.2644
     6) sig(eV)=0.3384 y(b)=1.266
     7) sig(eV)=0.3384 y(b)=138.6
     8) sig(eV)=0.3384 y(b)=0.3171
     9) sig(eV)=0.3384 y(b)=4.512
     10) sig(eV)=0.3384 y(b)=13.62
     11) sig(eV)=0.3384 y(b)=0.1478
     12) sig(eV)=0.3384 y(b)=0.1137
     13) sig(eV)=0.3384 y(b)=0.08083
     14) sig(eV)=0.3384 y(b)=0.05797
     15) sig(eV)=0.3384 y(b)=0.07287
     16) sig(eV)=0.3384 y(b)=0.06293
     17) sig(eV)=0.3384 y(b)=0.08292
     18) sig(eV)=0.3384 y(b)=0.06631
     19) sig(eV)=0.3384 y(b)=0.04646
     20) sig(eV)=0.3384 y(b)=0.06732
G4CrossSectionHP::IsoXS neutronCaptureHP  Z= 64  A= 158 Ekin(MeV)= 0.004467  xs(b)= 8.031  size=7
### ekin(eV)=4467 e0(eV)=0.02526
     1) sig(eV)=0.3363 y(b)=0.6484
     2) sig(eV)=0.3363 y(b)=0.6487
     3) sig(eV)=0.3363 y(b)=0.6488
G4CrossSectionHP::IsoXS neutronCaptureHP  Z= 64  A= 160 Ekin(MeV)= 0.004467  xs(b)= 0.6487  size=7
        4.671            0        20.74
   17    0.005623### ekin(eV)=5623 e0(eV)=0.02526
     1) sig(eV)=0.345 y(b)=25.33
     2) sig(eV)=0.345 y(b)=25.33
     3) sig(eV)=0.345 y(b)=25.33
G4CrossSectionHP::IsoXS neutronElasticHP  Z= 64  A= 152 Ekin(MeV)= 0.005623  xs(b)= 25.33  size=7
### ekin(eV)=5623 e0(eV)=0.02526
     1) sig(eV)=0.3428 y(b)=14.05
     2) sig(eV)=0.3428 y(b)=14.05
     3) sig(eV)=0.3428 y(b)=14.05
G4CrossSectionHP::IsoXS neutronElasticHP  Z= 64  A= 154 Ekin(MeV)= 0.005623  xs(b)= 14.05  size=7
### ekin(eV)=5623 e0(eV)=0.02526
     1) sig(eV)=0.3417 y(b)=11.68
     2) sig(eV)=0.3417 y(b)=11.68
     3) sig(eV)=0.3417 y(b)=11.68
G4CrossSectionHP::IsoXS neutronElasticHP  Z= 64  A= 155 Ekin(MeV)= 0.005623  xs(b)= 11.68  size=7
### ekin(eV)=5623 e0(eV)=0.02526
     1) sig(eV)=0.3406 y(b)=16.71
     2) sig(eV)=0.3406 y(b)=16.71
     3) sig(eV)=0.3406 y(b)=16.71
G4CrossSectionHP::IsoXS neutronElasticHP  Z= 64  A= 156 Ekin(MeV)= 0.005623  xs(b)= 16.71  size=7
### ekin(eV)=5623 e0(eV)=0.02526
     1) sig(eV)=0.3395 y(b)=10.79
     2) sig(eV)=0.3395 y(b)=10.79
     3) sig(eV)=0.3395 y(b)=10.79
G4CrossSectionHP::IsoXS neutronElasticHP  Z= 64  A= 157 Ekin(MeV)= 0.005623  xs(b)= 10.79  size=7
### ekin(eV)=5623 e0(eV)=0.02526
     1) sig(eV)=0.3384 y(b)=47.56
     2) sig(eV)=0.3384 y(b)=47.93
     3) sig(eV)=0.3384 y(b)=48.03
G4CrossSectionHP::IsoXS neutronElasticHP  Z= 64  A= 158 Ekin(MeV)= 0.005623  xs(b)= 47.84  size=7
### ekin(eV)=5623 e0(eV)=0.02526
     1) sig(eV)=0.3363 y(b)=30.83
     2) sig(eV)=0.3363 y(b)=30.83
     3) sig(eV)=0.3363 y(b)=30.83
G4CrossSectionHP::IsoXS neutronElasticHP  Z= 64  A= 160 Ekin(MeV)= 0.005623  xs(b)= 30.83  size=7
       25.82### ekin(eV)=5623 e0(eV)=0.02526
     1) sig(eV)=0.345 y(b)=0.0001471
     2) sig(eV)=0.345 y(b)=0.0001471
     3) sig(eV)=0.345 y(b)=0.0001471
G4CrossSectionHP::IsoXS neutronInelasticHP  Z= 64  A= 152 Ekin(MeV)= 0.005623  xs(b)= 0.0001471  size=7
### ekin(eV)=5623 e0(eV)=0.02526
     1) sig(eV)=0.3428 y(b)=0
     2) sig(eV)=0.3428 y(b)=0
     3) sig(eV)=0.3428 y(b)=0
G4CrossSectionHP::IsoXS neutronInelasticHP  Z= 64  A= 154 Ekin(MeV)= 0.005623  xs(b)= 0  size=7
### ekin(eV)=5623 e0(eV)=0.02526
     1) sig(eV)=0.3417 y(b)=5.717e-09
     2) sig(eV)=0.3417 y(b)=5.718e-09
     3) sig(eV)=0.3417 y(b)=5.717e-09
G4CrossSectionHP::IsoXS neutronInelasticHP  Z= 64  A= 155 Ekin(MeV)= 0.005623  xs(b)= 5.717e-09  size=7
### ekin(eV)=5623 e0(eV)=0.02526
     1) sig(eV)=0.3406 y(b)=5.67e-09
     2) sig(eV)=0.3406 y(b)=5.668e-09
     3) sig(eV)=0.3406 y(b)=5.67e-09
G4CrossSectionHP::IsoXS neutronInelasticHP  Z= 64  A= 156 Ekin(MeV)= 0.005623  xs(b)= 5.669e-09  size=7
### ekin(eV)=5623 e0(eV)=0.02526
     1) sig(eV)=0.3395 y(b)=2.365e-09
     2) sig(eV)=0.3395 y(b)=2.365e-09
     3) sig(eV)=0.3395 y(b)=2.365e-09
G4CrossSectionHP::IsoXS neutronInelasticHP  Z= 64  A= 157 Ekin(MeV)= 0.005623  xs(b)= 2.365e-09  size=7
### ekin(eV)=5623 e0(eV)=0.02526
     1) sig(eV)=0.3384 y(b)=2.382e-09
     2) sig(eV)=0.3384 y(b)=2.381e-09
     3) sig(eV)=0.3384 y(b)=2.381e-09
G4CrossSectionHP::IsoXS neutronInelasticHP  Z= 64  A= 158 Ekin(MeV)= 0.005623  xs(b)= 2.381e-09  size=7
### ekin(eV)=5623 e0(eV)=0.02526
     1) sig(eV)=0.3363 y(b)=3.708e-09
     2) sig(eV)=0.3363 y(b)=3.707e-09
     3) sig(eV)=0.3363 y(b)=3.707e-09
G4CrossSectionHP::IsoXS neutronInelasticHP  Z= 64  A= 160 Ekin(MeV)= 0.005623  xs(b)= 3.707e-09  size=7
     2.98e-07### ekin(eV)=5623 e0(eV)=0.02526
     1) sig(eV)=0.345 y(b)=0.0001472
     2) sig(eV)=0.345 y(b)=0.0001472
     3) sig(eV)=0.345 y(b)=0.0001471
G4CrossSectionHP::IsoXS neutronInelasticHP  Z= 64  A= 152 Ekin(MeV)= 0.005623  xs(b)= 0.0001472  size=7
### ekin(eV)=5623 e0(eV)=0.02526
     1) sig(eV)=0.3428 y(b)=0
     2) sig(eV)=0.3428 y(b)=0
     3) sig(eV)=0.3428 y(b)=0
G4CrossSectionHP::IsoXS neutronInelasticHP  Z= 64  A= 154 Ekin(MeV)= 0.005623  xs(b)= 0  size=7
### ekin(eV)=5623 e0(eV)=0.02526
     1) sig(eV)=0.3417 y(b)=5.717e-09
     2) sig(eV)=0.3417 y(b)=5.717e-09
     3) sig(eV)=0.3417 y(b)=5.718e-09
G4CrossSectionHP::IsoXS neutronInelasticHP  Z= 64  A= 155 Ekin(MeV)= 0.005623  xs(b)= 5.717e-09  size=7
### ekin(eV)=5623 e0(eV)=0.02526
     1) sig(eV)=0.3406 y(b)=5.671e-09
     2) sig(eV)=0.3406 y(b)=5.673e-09
     3) sig(eV)=0.3406 y(b)=5.674e-09
G4CrossSectionHP::IsoXS neutronInelasticHP  Z= 64  A= 156 Ekin(MeV)= 0.005623  xs(b)= 5.673e-09  size=7
### ekin(eV)=5623 e0(eV)=0.02526
     1) sig(eV)=0.3395 y(b)=2.364e-09
     2) sig(eV)=0.3395 y(b)=2.364e-09
     3) sig(eV)=0.3395 y(b)=2.363e-09
G4CrossSectionHP::IsoXS neutronInelasticHP  Z= 64  A= 157 Ekin(MeV)= 0.005623  xs(b)= 2.363e-09  size=7
### ekin(eV)=5623 e0(eV)=0.02526
     1) sig(eV)=0.3384 y(b)=2.383e-09
     2) sig(eV)=0.3384 y(b)=2.382e-09
     3) sig(eV)=0.3384 y(b)=2.381e-09
G4CrossSectionHP::IsoXS neutronInelasticHP  Z= 64  A= 158 Ekin(MeV)= 0.005623  xs(b)= 2.382e-09  size=7
### ekin(eV)=5623 e0(eV)=0.02526
     1) sig(eV)=0.3363 y(b)=3.707e-09
     2) sig(eV)=0.3363 y(b)=3.707e-09
     3) sig(eV)=0.3363 y(b)=3.707e-09
G4CrossSectionHP::IsoXS neutronInelasticHP  Z= 64  A= 160 Ekin(MeV)= 0.005623  xs(b)= 3.707e-09  size=7
### ekin(eV)=5623 e0(eV)=0.02526
     1) sig(eV)=0.345 y(b)=25.33
     2) sig(eV)=0.345 y(b)=25.33
     3) sig(eV)=0.345 y(b)=25.33
G4CrossSectionHP::IsoXS neutronElasticHP  Z= 64  A= 152 Ekin(MeV)= 0.005623  xs(b)= 25.33  size=7
### ekin(eV)=5623 e0(eV)=0.02526
     1) sig(eV)=0.3428 y(b)=14.05
     2) sig(eV)=0.3428 y(b)=14.05
     3) sig(eV)=0.3428 y(b)=14.06
G4CrossSectionHP::IsoXS neutronElasticHP  Z= 64  A= 154 Ekin(MeV)= 0.005623  xs(b)= 14.05  size=7
### ekin(eV)=5623 e0(eV)=0.02526
     1) sig(eV)=0.3417 y(b)=11.68
     2) sig(eV)=0.3417 y(b)=11.68
     3) sig(eV)=0.3417 y(b)=11.68
G4CrossSectionHP::IsoXS neutronElasticHP  Z= 64  A= 155 Ekin(MeV)= 0.005623  xs(b)= 11.68  size=7
### ekin(eV)=5623 e0(eV)=0.02526
     1) sig(eV)=0.3406 y(b)=16.71
     2) sig(eV)=0.3406 y(b)=16.71
     3) sig(eV)=0.3406 y(b)=16.71
G4CrossSectionHP::IsoXS neutronElasticHP  Z= 64  A= 156 Ekin(MeV)= 0.005623  xs(b)= 16.71  size=7
### ekin(eV)=5623 e0(eV)=0.02526
     1) sig(eV)=0.3395 y(b)=10.79
     2) sig(eV)=0.3395 y(b)=10.79
     3) sig(eV)=0.3395 y(b)=10.79
G4CrossSectionHP::IsoXS neutronElasticHP  Z= 64  A= 157 Ekin(MeV)= 0.005623  xs(b)= 10.79  size=7
### ekin(eV)=5623 e0(eV)=0.02526
     1) sig(eV)=0.3384 y(b)=54.29
     2) sig(eV)=0.3384 y(b)=50.33
     3) sig(eV)=0.3384 y(b)=53.74
G4CrossSectionHP::IsoXS neutronElasticHP  Z= 64  A= 158 Ekin(MeV)= 0.005623  xs(b)= 52.79  size=7
### ekin(eV)=5623 e0(eV)=0.02526
     1) sig(eV)=0.3363 y(b)=30.83
     2) sig(eV)=0.3363 y(b)=30.84
     3) sig(eV)=0.3363 y(b)=30.84
G4CrossSectionHP::IsoXS neutronElasticHP  Z= 64  A= 160 Ekin(MeV)= 0.005623  xs(b)= 30.84  size=7
### ekin(eV)=5623 e0(eV)=0.02526
     1) sig(eV)=0.345 y(b)=2.389
     2) sig(eV)=0.345 y(b)=2.389
     3) sig(eV)=0.345 y(b)=2.389
G4CrossSectionHP::IsoXS neutronCaptureHP  Z= 64  A= 152 Ekin(MeV)= 0.005623  xs(b)= 2.389  size=7
### ekin(eV)=5623 e0(eV)=0.02526
     1) sig(eV)=0.3428 y(b)=2.41
     2) sig(eV)=0.3428 y(b)=2.41
     3) sig(eV)=0.3428 y(b)=2.41
G4CrossSectionHP::IsoXS neutronCaptureHP  Z= 64  A= 154 Ekin(MeV)= 0.005623  xs(b)= 2.41  size=7
### ekin(eV)=5623 e0(eV)=0.02526
     1) sig(eV)=0.3417 y(b)=7.29
     2) sig(eV)=0.3417 y(b)=7.289
     3) sig(eV)=0.3417 y(b)=7.288
G4CrossSectionHP::IsoXS neutronCaptureHP  Z= 64  A= 155 Ekin(MeV)= 0.005623  xs(b)= 7.289  size=7
### ekin(eV)=5623 e0(eV)=0.02526
     1) sig(eV)=0.3406 y(b)=1.306
     2) sig(eV)=0.3406 y(b)=1.306
     3) sig(eV)=0.3406 y(b)=1.306
G4CrossSectionHP::IsoXS neutronCaptureHP  Z= 64  A= 156 Ekin(MeV)= 0.005623  xs(b)= 1.306  size=7
### ekin(eV)=5623 e0(eV)=0.02526
     1) sig(eV)=0.3395 y(b)=4.956
     2) sig(eV)=0.3395 y(b)=4.955
     3) sig(eV)=0.3395 y(b)=4.955
G4CrossSectionHP::IsoXS neutronCaptureHP  Z= 64  A= 157 Ekin(MeV)= 0.005623  xs(b)= 4.955  size=7
### ekin(eV)=5623 e0(eV)=0.02526
     1) sig(eV)=0.3384 y(b)=0.4752
     2) sig(eV)=0.3384 y(b)=0.7573
     3) sig(eV)=0.3384 y(b)=0.6554
     4) sig(eV)=0.3384 y(b)=0.7707
     5) sig(eV)=0.3384 y(b)=0.833
     6) sig(eV)=0.3384 y(b)=1.363
     7) sig(eV)=0.3384 y(b)=2.016
     8) sig(eV)=0.3384 y(b)=1.518
     9) sig(eV)=0.3384 y(b)=2.39
     10) sig(eV)=0.3384 y(b)=2.556
     11) sig(eV)=0.3384 y(b)=2.796
     12) sig(eV)=0.3384 y(b)=5.347
     13) sig(eV)=0.3384 y(b)=5.151
     14) sig(eV)=0.3384 y(b)=6.227
     15) sig(eV)=0.3384 y(b)=6.339
     16) sig(eV)=0.3384 y(b)=3.932
     17) sig(eV)=0.3384 y(b)=5.189
     18) sig(eV)=0.3384 y(b)=4.622
     19) sig(eV)=0.3384 y(b)=4.742
     20) sig(eV)=0.3384 y(b)=4.937
G4CrossSectionHP::IsoXS neutronCaptureHP  Z= 64  A= 158 Ekin(MeV)= 0.005623  xs(b)= 3.131  size=7
### ekin(eV)=5623 e0(eV)=0.02526
     1) sig(eV)=0.3363 y(b)=0.548
     2) sig(eV)=0.3363 y(b)=0.548
     3) sig(eV)=0.3363 y(b)=0.548
G4CrossSectionHP::IsoXS neutronCaptureHP  Z= 64  A= 160 Ekin(MeV)= 0.005623  xs(b)= 0.548  size=7
        3.076            0        28.89
   18    0.007079### ekin(eV)=7079 e0(eV)=0.02526
     1) sig(eV)=0.345 y(b)=23.46
     2) sig(eV)=0.345 y(b)=23.46
     3) sig(eV)=0.345 y(b)=23.47
G4CrossSectionHP::IsoXS neutronElasticHP  Z= 64  A= 152 Ekin(MeV)= 0.007079  xs(b)= 23.46  size=7
### ekin(eV)=7079 e0(eV)=0.02526
     1) sig(eV)=0.3428 y(b)=13.23
     2) sig(eV)=0.3428 y(b)=13.24
     3) sig(eV)=0.3428 y(b)=13.24
G4CrossSectionHP::IsoXS neutronElasticHP  Z= 64  A= 154 Ekin(MeV)= 0.007079  xs(b)= 13.24  size=7
### ekin(eV)=7079 e0(eV)=0.02526
     1) sig(eV)=0.3417 y(b)=10.93
     2) sig(eV)=0.3417 y(b)=10.93
     3) sig(eV)=0.3417 y(b)=10.93
G4CrossSectionHP::IsoXS neutronElasticHP  Z= 64  A= 155 Ekin(MeV)= 0.007079  xs(b)= 10.93  size=7
### ekin(eV)=7079 e0(eV)=0.02526
     1) sig(eV)=0.3406 y(b)=15.82
     2) sig(eV)=0.3406 y(b)=15.82
     3) sig(eV)=0.3406 y(b)=15.81
G4CrossSectionHP::IsoXS neutronElasticHP  Z= 64  A= 156 Ekin(MeV)= 0.007079  xs(b)= 15.82  size=7
### ekin(eV)=7079 e0(eV)=0.02526
     1) sig(eV)=0.3395 y(b)=10.34
     2) sig(eV)=0.3395 y(b)=10.34
     3) sig(eV)=0.3395 y(b)=10.34
G4CrossSectionHP::IsoXS neutronElasticHP  Z= 64  A= 157 Ekin(MeV)= 0.007079  xs(b)= 10.34  size=7
### ekin(eV)=7079 e0(eV)=0.02526
     1) sig(eV)=0.3384 y(b)=26.51
     2) sig(eV)=0.3384 y(b)=26.51
     3) sig(eV)=0.3384 y(b)=26.51
G4CrossSectionHP::IsoXS neutronElasticHP  Z= 64  A= 158 Ekin(MeV)= 0.007079  xs(b)= 26.51  size=7
### ekin(eV)=7079 e0(eV)=0.02526
     1) sig(eV)=0.3363 y(b)=27.78
     2) sig(eV)=0.3363 y(b)=27.78
     3) sig(eV)=0.3363 y(b)=27.78
G4CrossSectionHP::IsoXS neutronElasticHP  Z= 64  A= 160 Ekin(MeV)= 0.007079  xs(b)= 27.78  size=7
       19.47### ekin(eV)=7079 e0(eV)=0.02526
     1) sig(eV)=0.345 y(b)=0.0001338
     2) sig(eV)=0.345 y(b)=0.0001338
     3) sig(eV)=0.345 y(b)=0.0001338
G4CrossSectionHP::IsoXS neutronInelasticHP  Z= 64  A= 152 Ekin(MeV)= 0.007079  xs(b)= 0.0001338  size=7
### ekin(eV)=7079 e0(eV)=0.02526
     1) sig(eV)=0.3428 y(b)=0
     2) sig(eV)=0.3428 y(b)=0
     3) sig(eV)=0.3428 y(b)=0
G4CrossSectionHP::IsoXS neutronInelasticHP  Z= 64  A= 154 Ekin(MeV)= 0.007079  xs(b)= 0  size=7
### ekin(eV)=7079 e0(eV)=0.02526
     1) sig(eV)=0.3417 y(b)=7.199e-09
     2) sig(eV)=0.3417 y(b)=7.199e-09
     3) sig(eV)=0.3417 y(b)=7.197e-09
G4CrossSectionHP::IsoXS neutronInelasticHP  Z= 64  A= 155 Ekin(MeV)= 0.007079  xs(b)= 7.198e-09  size=7
### ekin(eV)=7079 e0(eV)=0.02526
     1) sig(eV)=0.3406 y(b)=7.139e-09
     2) sig(eV)=0.3406 y(b)=7.14e-09
     3) sig(eV)=0.3406 y(b)=7.139e-09
G4CrossSectionHP::IsoXS neutronInelasticHP  Z= 64  A= 156 Ekin(MeV)= 0.007079  xs(b)= 7.139e-09  size=7
### ekin(eV)=7079 e0(eV)=0.02526
     1) sig(eV)=0.3395 y(b)=2.976e-09
     2) sig(eV)=0.3395 y(b)=2.977e-09
     3) sig(eV)=0.3395 y(b)=2.977e-09
G4CrossSectionHP::IsoXS neutronInelasticHP  Z= 64  A= 157 Ekin(MeV)= 0.007079  xs(b)= 2.977e-09  size=7
### ekin(eV)=7079 e0(eV)=0.02526
     1) sig(eV)=0.3384 y(b)=3e-09
     2) sig(eV)=0.3384 y(b)=2.999e-09
     3) sig(eV)=0.3384 y(b)=2.999e-09
G4CrossSectionHP::IsoXS neutronInelasticHP  Z= 64  A= 158 Ekin(MeV)= 0.007079  xs(b)= 2.999e-09  size=7
### ekin(eV)=7079 e0(eV)=0.02526
     1) sig(eV)=0.3363 y(b)=4.668e-09
     2) sig(eV)=0.3363 y(b)=4.668e-09
     3) sig(eV)=0.3363 y(b)=4.667e-09
G4CrossSectionHP::IsoXS neutronInelasticHP  Z= 64  A= 160 Ekin(MeV)= 0.007079  xs(b)= 4.668e-09  size=7
    2.724e-07### ekin(eV)=7079 e0(eV)=0.02526
     1) sig(eV)=0.345 y(b)=0.0001339
     2) sig(eV)=0.345 y(b)=0.0001339
     3) sig(eV)=0.345 y(b)=0.0001339
G4CrossSectionHP::IsoXS neutronInelasticHP  Z= 64  A= 152 Ekin(MeV)= 0.007079  xs(b)= 0.0001339  size=7
### ekin(eV)=7079 e0(eV)=0.02526
     1) sig(eV)=0.3428 y(b)=0
     2) sig(eV)=0.3428 y(b)=0
     3) sig(eV)=0.3428 y(b)=0
G4CrossSectionHP::IsoXS neutronInelasticHP  Z= 64  A= 154 Ekin(MeV)= 0.007079  xs(b)= 0  size=7
### ekin(eV)=7079 e0(eV)=0.02526
     1) sig(eV)=0.3417 y(b)=7.197e-09
     2) sig(eV)=0.3417 y(b)=7.199e-09
     3) sig(eV)=0.3417 y(b)=7.199e-09
G4CrossSectionHP::IsoXS neutronInelasticHP  Z= 64  A= 155 Ekin(MeV)= 0.007079  xs(b)= 7.199e-09  size=7
### ekin(eV)=7079 e0(eV)=0.02526
     1) sig(eV)=0.3406 y(b)=7.138e-09
     2) sig(eV)=0.3406 y(b)=7.137e-09
     3) sig(eV)=0.3406 y(b)=7.135e-09
G4CrossSectionHP::IsoXS neutronInelasticHP  Z= 64  A= 156 Ekin(MeV)= 0.007079  xs(b)= 7.137e-09  size=7
### ekin(eV)=7079 e0(eV)=0.02526
     1) sig(eV)=0.3395 y(b)=2.976e-09
     2) sig(eV)=0.3395 y(b)=2.976e-09
     3) sig(eV)=0.3395 y(b)=2.976e-09
G4CrossSectionHP::IsoXS neutronInelasticHP  Z= 64  A= 157 Ekin(MeV)= 0.007079  xs(b)= 2.976e-09  size=7
### ekin(eV)=7079 e0(eV)=0.02526
     1) sig(eV)=0.3384 y(b)=2.999e-09
     2) sig(eV)=0.3384 y(b)=2.998e-09
     3) sig(eV)=0.3384 y(b)=2.997e-09
G4CrossSectionHP::IsoXS neutronInelasticHP  Z= 64  A= 158 Ekin(MeV)= 0.007079  xs(b)= 2.998e-09  size=7
### ekin(eV)=7079 e0(eV)=0.02526
     1) sig(eV)=0.3363 y(b)=4.667e-09
     2) sig(eV)=0.3363 y(b)=4.668e-09
     3) sig(eV)=0.3363 y(b)=4.669e-09
G4CrossSectionHP::IsoXS neutronInelasticHP  Z= 64  A= 160 Ekin(MeV)= 0.007079  xs(b)= 4.668e-09  size=7
### ekin(eV)=7079 e0(eV)=0.02526
     1) sig(eV)=0.345 y(b)=23.47
     2) sig(eV)=0.345 y(b)=23.47
     3) sig(eV)=0.345 y(b)=23.47
G4CrossSectionHP::IsoXS neutronElasticHP  Z= 64  A= 152 Ekin(MeV)= 0.007079  xs(b)= 23.47  size=7
### ekin(eV)=7079 e0(eV)=0.02526
     1) sig(eV)=0.3428 y(b)=13.23
     2) sig(eV)=0.3428 y(b)=13.23
     3) sig(eV)=0.3428 y(b)=13.23
G4CrossSectionHP::IsoXS neutronElasticHP  Z= 64  A= 154 Ekin(MeV)= 0.007079  xs(b)= 13.23  size=7
### ekin(eV)=7079 e0(eV)=0.02526
     1) sig(eV)=0.3417 y(b)=10.93
     2) sig(eV)=0.3417 y(b)=10.93
     3) sig(eV)=0.3417 y(b)=10.93
G4CrossSectionHP::IsoXS neutronElasticHP  Z= 64  A= 155 Ekin(MeV)= 0.007079  xs(b)= 10.93  size=7
### ekin(eV)=7079 e0(eV)=0.02526
     1) sig(eV)=0.3406 y(b)=15.82
     2) sig(eV)=0.3406 y(b)=15.82
     3) sig(eV)=0.3406 y(b)=15.82
G4CrossSectionHP::IsoXS neutronElasticHP  Z= 64  A= 156 Ekin(MeV)= 0.007079  xs(b)= 15.82  size=7
### ekin(eV)=7079 e0(eV)=0.02526
     1) sig(eV)=0.3395 y(b)=10.34
     2) sig(eV)=0.3395 y(b)=10.34
     3) sig(eV)=0.3395 y(b)=10.34
G4CrossSectionHP::IsoXS neutronElasticHP  Z= 64  A= 157 Ekin(MeV)= 0.007079  xs(b)= 10.34  size=7
### ekin(eV)=7079 e0(eV)=0.02526
     1) sig(eV)=0.3384 y(b)=26.51
     2) sig(eV)=0.3384 y(b)=26.51
     3) sig(eV)=0.3384 y(b)=26.5
G4CrossSectionHP::IsoXS neutronElasticHP  Z= 64  A= 158 Ekin(MeV)= 0.007079  xs(b)= 26.51  size=7
### ekin(eV)=7079 e0(eV)=0.02526
     1) sig(eV)=0.3363 y(b)=27.78
     2) sig(eV)=0.3363 y(b)=27.78
     3) sig(eV)=0.3363 y(b)=27.78
G4CrossSectionHP::IsoXS neutronElasticHP  Z= 64  A= 160 Ekin(MeV)= 0.007079  xs(b)= 27.78  size=7
### ekin(eV)=7079 e0(eV)=0.02526
     1) sig(eV)=0.345 y(b)=2.054
     2) sig(eV)=0.345 y(b)=2.054
     3) sig(eV)=0.345 y(b)=2.053
G4CrossSectionHP::IsoXS neutronCaptureHP  Z= 64  A= 152 Ekin(MeV)= 0.007079  xs(b)= 2.053  size=7
### ekin(eV)=7079 e0(eV)=0.02526
     1) sig(eV)=0.3428 y(b)=2.085
     2) sig(eV)=0.3428 y(b)=2.085
     3) sig(eV)=0.3428 y(b)=2.085
G4CrossSectionHP::IsoXS neutronCaptureHP  Z= 64  A= 154 Ekin(MeV)= 0.007079  xs(b)= 2.085  size=7
### ekin(eV)=7079 e0(eV)=0.02526
     1) sig(eV)=0.3417 y(b)=6.34
     2) sig(eV)=0.3417 y(b)=6.339
     3) sig(eV)=0.3417 y(b)=6.34
G4CrossSectionHP::IsoXS neutronCaptureHP  Z= 64  A= 155 Ekin(MeV)= 0.007079  xs(b)= 6.34  size=7
### ekin(eV)=7079 e0(eV)=0.02526
     1) sig(eV)=0.3406 y(b)=1.16
     2) sig(eV)=0.3406 y(b)=1.16
     3) sig(eV)=0.3406 y(b)=1.16
G4CrossSectionHP::IsoXS neutronCaptureHP  Z= 64  A= 156 Ekin(MeV)= 0.007079  xs(b)= 1.16  size=7
### ekin(eV)=7079 e0(eV)=0.02526
     1) sig(eV)=0.3395 y(b)=4.194
     2) sig(eV)=0.3395 y(b)=4.193
     3) sig(eV)=0.3395 y(b)=4.193
G4CrossSectionHP::IsoXS neutronCaptureHP  Z= 64  A= 157 Ekin(MeV)= 0.007079  xs(b)= 4.193  size=7
### ekin(eV)=7079 e0(eV)=0.02526
     1) sig(eV)=0.3384 y(b)=0.629
     2) sig(eV)=0.3384 y(b)=0.629
     3) sig(eV)=0.3384 y(b)=0.6289
G4CrossSectionHP::IsoXS neutronCaptureHP  Z= 64  A= 158 Ekin(MeV)= 0.007079  xs(b)= 0.629  size=7
### ekin(eV)=7079 e0(eV)=0.02526
     1) sig(eV)=0.3363 y(b)=0.463
     2) sig(eV)=0.3363 y(b)=0.463
     3) sig(eV)=0.3363 y(b)=0.463
G4CrossSectionHP::IsoXS neutronCaptureHP  Z= 64  A= 160 Ekin(MeV)= 0.007079  xs(b)= 0.463  size=7
        2.139            0         21.6
   19    0.008913### ekin(eV)=8913 e0(eV)=0.02526
     1) sig(eV)=0.345 y(b)=21.75
     2) sig(eV)=0.345 y(b)=21.75
     3) sig(eV)=0.345 y(b)=21.75
G4CrossSectionHP::IsoXS neutronElasticHP  Z= 64  A= 152 Ekin(MeV)= 0.008913  xs(b)= 21.75  size=7
### ekin(eV)=8913 e0(eV)=0.02526
     1) sig(eV)=0.3428 y(b)=12.49
     2) sig(eV)=0.3428 y(b)=12.49
     3) sig(eV)=0.3428 y(b)=12.49
G4CrossSectionHP::IsoXS neutronElasticHP  Z= 64  A= 154 Ekin(MeV)= 0.008913  xs(b)= 12.49  size=7
### ekin(eV)=8913 e0(eV)=0.02526
     1) sig(eV)=0.3417 y(b)=10.21
     2) sig(eV)=0.3417 y(b)=10.21
     3) sig(eV)=0.3417 y(b)=10.21
G4CrossSectionHP::IsoXS neutronElasticHP  Z= 64  A= 155 Ekin(MeV)= 0.008913  xs(b)= 10.21  size=7
### ekin(eV)=8913 e0(eV)=0.02526
     1) sig(eV)=0.3406 y(b)=14.99
     2) sig(eV)=0.3406 y(b)=14.99
     3) sig(eV)=0.3406 y(b)=14.99
G4CrossSectionHP::IsoXS neutronElasticHP  Z= 64  A= 156 Ekin(MeV)= 0.008913  xs(b)= 14.99  size=7
### ekin(eV)=8913 e0(eV)=0.02526
     1) sig(eV)=0.3395 y(b)=9.963
     2) sig(eV)=0.3395 y(b)=9.963
     3) sig(eV)=0.3395 y(b)=9.963
G4CrossSectionHP::IsoXS neutronElasticHP  Z= 64  A= 157 Ekin(MeV)= 0.008913  xs(b)= 9.963  size=7
### ekin(eV)=8913 e0(eV)=0.02526
     1) sig(eV)=0.3384 y(b)=23.94
     2) sig(eV)=0.3384 y(b)=23.94
     3) sig(eV)=0.3384 y(b)=23.94
G4CrossSectionHP::IsoXS neutronElasticHP  Z= 64  A= 158 Ekin(MeV)= 0.008913  xs(b)= 23.94  size=7
### ekin(eV)=8913 e0(eV)=0.02526
     1) sig(eV)=0.3363 y(b)=25.06
     2) sig(eV)=0.3363 y(b)=25.07
     3) sig(eV)=0.3363 y(b)=25.07
G4CrossSectionHP::IsoXS neutronElasticHP  Z= 64  A= 160 Ekin(MeV)= 0.008913  xs(b)= 25.06  size=7
       17.88### ekin(eV)=8913 e0(eV)=0.02526
     1) sig(eV)=0.345 y(b)=0.0001219
     2) sig(eV)=0.345 y(b)=0.0001219
     3) sig(eV)=0.345 y(b)=0.0001219
G4CrossSectionHP::IsoXS neutronInelasticHP  Z= 64  A= 152 Ekin(MeV)= 0.008913  xs(b)= 0.0001219  size=7
### ekin(eV)=8913 e0(eV)=0.02526
     1) sig(eV)=0.3428 y(b)=0
     2) sig(eV)=0.3428 y(b)=0
     3) sig(eV)=0.3428 y(b)=0
G4CrossSectionHP::IsoXS neutronInelasticHP  Z= 64  A= 154 Ekin(MeV)= 0.008913  xs(b)= 0  size=7
### ekin(eV)=8913 e0(eV)=0.02526
     1) sig(eV)=0.3417 y(b)=9.06e-09
     2) sig(eV)=0.3417 y(b)=9.061e-09
     3) sig(eV)=0.3417 y(b)=9.063e-09
G4CrossSectionHP::IsoXS neutronInelasticHP  Z= 64  A= 155 Ekin(MeV)= 0.008913  xs(b)= 9.062e-09  size=7
### ekin(eV)=8913 e0(eV)=0.02526
     1) sig(eV)=0.3406 y(b)=8.988e-09
     2) sig(eV)=0.3406 y(b)=8.986e-09
     3) sig(eV)=0.3406 y(b)=8.985e-09
G4CrossSectionHP::IsoXS neutronInelasticHP  Z= 64  A= 156 Ekin(MeV)= 0.008913  xs(b)= 8.986e-09  size=7
### ekin(eV)=8913 e0(eV)=0.02526
     1) sig(eV)=0.3395 y(b)=3.747e-09
     2) sig(eV)=0.3395 y(b)=3.747e-09
     3) sig(eV)=0.3395 y(b)=3.747e-09
G4CrossSectionHP::IsoXS neutronInelasticHP  Z= 64  A= 157 Ekin(MeV)= 0.008913  xs(b)= 3.747e-09  size=7
### ekin(eV)=8913 e0(eV)=0.02526
     1) sig(eV)=0.3384 y(b)=3.774e-09
     2) sig(eV)=0.3384 y(b)=3.774e-09
     3) sig(eV)=0.3384 y(b)=3.774e-09
G4CrossSectionHP::IsoXS neutronInelasticHP  Z= 64  A= 158 Ekin(MeV)= 0.008913  xs(b)= 3.774e-09  size=7
### ekin(eV)=8913 e0(eV)=0.02526
     1) sig(eV)=0.3363 y(b)=5.876e-09
     2) sig(eV)=0.3363 y(b)=5.875e-09
     3) sig(eV)=0.3363 y(b)=5.875e-09
G4CrossSectionHP::IsoXS neutronInelasticHP  Z= 64  A= 160 Ekin(MeV)= 0.008913  xs(b)= 5.875e-09  size=7
    2.498e-07### ekin(eV)=8913 e0(eV)=0.02526
     1) sig(eV)=0.345 y(b)=0.0001219
     2) sig(eV)=0.345 y(b)=0.0001219
     3) sig(eV)=0.345 y(b)=0.0001219
G4CrossSectionHP::IsoXS neutronInelasticHP  Z= 64  A= 152 Ekin(MeV)= 0.008913  xs(b)= 0.0001219  size=7
### ekin(eV)=8913 e0(eV)=0.02526
     1) sig(eV)=0.3428 y(b)=0
     2) sig(eV)=0.3428 y(b)=0
     3) sig(eV)=0.3428 y(b)=0
G4CrossSectionHP::IsoXS neutronInelasticHP  Z= 64  A= 154 Ekin(MeV)= 0.008913  xs(b)= 0  size=7
### ekin(eV)=8913 e0(eV)=0.02526
     1) sig(eV)=0.3417 y(b)=9.06e-09
     2) sig(eV)=0.3417 y(b)=9.06e-09
     3) sig(eV)=0.3417 y(b)=9.063e-09
G4CrossSectionHP::IsoXS neutronInelasticHP  Z= 64  A= 155 Ekin(MeV)= 0.008913  xs(b)= 9.061e-09  size=7
### ekin(eV)=8913 e0(eV)=0.02526
     1) sig(eV)=0.3406 y(b)=8.985e-09
     2) sig(eV)=0.3406 y(b)=8.985e-09
     3) sig(eV)=0.3406 y(b)=8.987e-09
G4CrossSectionHP::IsoXS neutronInelasticHP  Z= 64  A= 156 Ekin(MeV)= 0.008913  xs(b)= 8.985e-09  size=7
### ekin(eV)=8913 e0(eV)=0.02526
     1) sig(eV)=0.3395 y(b)=3.748e-09
     2) sig(eV)=0.3395 y(b)=3.748e-09
     3) sig(eV)=0.3395 y(b)=3.748e-09
G4CrossSectionHP::IsoXS neutronInelasticHP  Z= 64  A= 157 Ekin(MeV)= 0.008913  xs(b)= 3.748e-09  size=7
### ekin(eV)=8913 e0(eV)=0.02526
     1) sig(eV)=0.3384 y(b)=3.776e-09
     2) sig(eV)=0.3384 y(b)=3.777e-09
     3) sig(eV)=0.3384 y(b)=3.778e-09
G4CrossSectionHP::IsoXS neutronInelasticHP  Z= 64  A= 158 Ekin(MeV)= 0.008913  xs(b)= 3.777e-09  size=7
### ekin(eV)=8913 e0(eV)=0.02526
     1) sig(eV)=0.3363 y(b)=5.878e-09
     2) sig(eV)=0.3363 y(b)=5.877e-09
     3) sig(eV)=0.3363 y(b)=5.879e-09
G4CrossSectionHP::IsoXS neutronInelasticHP  Z= 64  A= 160 Ekin(MeV)= 0.008913  xs(b)= 5.878e-09  size=7
### ekin(eV)=8913 e0(eV)=0.02526
     1) sig(eV)=0.345 y(b)=21.75
     2) sig(eV)=0.345 y(b)=21.75
     3) sig(eV)=0.345 y(b)=21.75
G4CrossSectionHP::IsoXS neutronElasticHP  Z= 64  A= 152 Ekin(MeV)= 0.008913  xs(b)= 21.75  size=7
### ekin(eV)=8913 e0(eV)=0.02526
     1) sig(eV)=0.3428 y(b)=12.5
     2) sig(eV)=0.3428 y(b)=12.5
     3) sig(eV)=0.3428 y(b)=12.49
G4CrossSectionHP::IsoXS neutronElasticHP  Z= 64  A= 154 Ekin(MeV)= 0.008913  xs(b)= 12.5  size=7
### ekin(eV)=8913 e0(eV)=0.02526
     1) sig(eV)=0.3417 y(b)=10.21
     2) sig(eV)=0.3417 y(b)=10.21
     3) sig(eV)=0.3417 y(b)=10.21
G4CrossSectionHP::IsoXS neutronElasticHP  Z= 64  A= 155 Ekin(MeV)= 0.008913  xs(b)= 10.21  size=7
### ekin(eV)=8913 e0(eV)=0.02526
     1) sig(eV)=0.3406 y(b)=14.99
     2) sig(eV)=0.3406 y(b)=14.99
     3) sig(eV)=0.3406 y(b)=14.99
G4CrossSectionHP::IsoXS neutronElasticHP  Z= 64  A= 156 Ekin(MeV)= 0.008913  xs(b)= 14.99  size=7
### ekin(eV)=8913 e0(eV)=0.02526
     1) sig(eV)=0.3395 y(b)=9.963
     2) sig(eV)=0.3395 y(b)=9.963
     3) sig(eV)=0.3395 y(b)=9.963
G4CrossSectionHP::IsoXS neutronElasticHP  Z= 64  A= 157 Ekin(MeV)= 0.008913  xs(b)= 9.963  size=7
### ekin(eV)=8913 e0(eV)=0.02526
     1) sig(eV)=0.3384 y(b)=23.94
     2) sig(eV)=0.3384 y(b)=23.94
     3) sig(eV)=0.3384 y(b)=23.94
G4CrossSectionHP::IsoXS neutronElasticHP  Z= 64  A= 158 Ekin(MeV)= 0.008913  xs(b)= 23.94  size=7
### ekin(eV)=8913 e0(eV)=0.02526
     1) sig(eV)=0.3363 y(b)=25.06
     2) sig(eV)=0.3363 y(b)=25.06
     3) sig(eV)=0.3363 y(b)=25.06
G4CrossSectionHP::IsoXS neutronElasticHP  Z= 64  A= 160 Ekin(MeV)= 0.008913  xs(b)= 25.06  size=7
### ekin(eV)=8913 e0(eV)=0.02526
     1) sig(eV)=0.345 y(b)=1.78
     2) sig(eV)=0.345 y(b)=1.78
     3) sig(eV)=0.345 y(b)=1.78
G4CrossSectionHP::IsoXS neutronCaptureHP  Z= 64  A= 152 Ekin(MeV)= 0.008913  xs(b)= 1.78  size=7
### ekin(eV)=8913 e0(eV)=0.02526
     1) sig(eV)=0.3428 y(b)=1.819
     2) sig(eV)=0.3428 y(b)=1.819
     3) sig(eV)=0.3428 y(b)=1.819
G4CrossSectionHP::IsoXS neutronCaptureHP  Z= 64  A= 154 Ekin(MeV)= 0.008913  xs(b)= 1.819  size=7
### ekin(eV)=8913 e0(eV)=0.02526
     1) sig(eV)=0.3417 y(b)=5.547
     2) sig(eV)=0.3417 y(b)=5.547
     3) sig(eV)=0.3417 y(b)=5.547
G4CrossSectionHP::IsoXS neutronCaptureHP  Z= 64  A= 155 Ekin(MeV)= 0.008913  xs(b)= 5.547  size=7
### ekin(eV)=8913 e0(eV)=0.02526
     1) sig(eV)=0.3406 y(b)=1.04
     2) sig(eV)=0.3406 y(b)=1.04
     3) sig(eV)=0.3406 y(b)=1.04
G4CrossSectionHP::IsoXS neutronCaptureHP  Z= 64  A= 156 Ekin(MeV)= 0.008913  xs(b)= 1.04  size=7
### ekin(eV)=8913 e0(eV)=0.02526
     1) sig(eV)=0.3395 y(b)=3.596
     2) sig(eV)=0.3395 y(b)=3.596
     3) sig(eV)=0.3395 y(b)=3.596
G4CrossSectionHP::IsoXS neutronCaptureHP  Z= 64  A= 157 Ekin(MeV)= 0.008913  xs(b)= 3.596  size=7
### ekin(eV)=8913 e0(eV)=0.02526
     1) sig(eV)=0.3384 y(b)=0.5286
     2) sig(eV)=0.3384 y(b)=0.5285
     3) sig(eV)=0.3384 y(b)=0.5287
G4CrossSectionHP::IsoXS neutronCaptureHP  Z= 64  A= 158 Ekin(MeV)= 0.008913  xs(b)= 0.5286  size=7
### ekin(eV)=8913 e0(eV)=0.02526
     1) sig(eV)=0.3363 y(b)=0.3916
     2) sig(eV)=0.3363 y(b)=0.3916
     3) sig(eV)=0.3363 y(b)=0.3916
G4CrossSectionHP::IsoXS neutronCaptureHP  Z= 64  A= 160 Ekin(MeV)= 0.008913  xs(b)= 0.3916  size=7
        1.857            0        19.74
   20     0.01122### ekin(eV)=1.122e+04 e0(eV)=0.02526
     1) sig(eV)=0.345 y(b)=20.21
     2) sig(eV)=0.345 y(b)=20.22
     3) sig(eV)=0.345 y(b)=20.22
G4CrossSectionHP::IsoXS neutronElasticHP  Z= 64  A= 152 Ekin(MeV)= 0.01122  xs(b)= 20.22  size=7
### ekin(eV)=1.122e+04 e0(eV)=0.02526
     1) sig(eV)=0.3428 y(b)=11.82
     2) sig(eV)=0.3428 y(b)=11.82
     3) sig(eV)=0.3428 y(b)=11.82
G4CrossSectionHP::IsoXS neutronElasticHP  Z= 64  A= 154 Ekin(MeV)= 0.01122  xs(b)= 11.82  size=7
### ekin(eV)=1.122e+04 e0(eV)=0.02526
     1) sig(eV)=0.3417 y(b)=9.549
     2) sig(eV)=0.3417 y(b)=9.549
     3) sig(eV)=0.3417 y(b)=9.548
G4CrossSectionHP::IsoXS neutronElasticHP  Z= 64  A= 155 Ekin(MeV)= 0.01122  xs(b)= 9.549  size=7
### ekin(eV)=1.122e+04 e0(eV)=0.02526
     1) sig(eV)=0.3406 y(b)=14.26
     2) sig(eV)=0.3406 y(b)=14.26
     3) sig(eV)=0.3406 y(b)=14.26
G4CrossSectionHP::IsoXS neutronElasticHP  Z= 64  A= 156 Ekin(MeV)= 0.01122  xs(b)= 14.26  size=7
### ekin(eV)=1.122e+04 e0(eV)=0.02526
     1) sig(eV)=0.3395 y(b)=9.662
     2) sig(eV)=0.3395 y(b)=9.662
     3) sig(eV)=0.3395 y(b)=9.662
G4CrossSectionHP::IsoXS neutronElasticHP  Z= 64  A= 157 Ekin(MeV)= 0.01122  xs(b)= 9.662  size=7
### ekin(eV)=1.122e+04 e0(eV)=0.02526
     1) sig(eV)=0.3384 y(b)=21.61
     2) sig(eV)=0.3384 y(b)=21.61
     3) sig(eV)=0.3384 y(b)=21.61
G4CrossSectionHP::IsoXS neutronElasticHP  Z= 64  A= 158 Ekin(MeV)= 0.01122  xs(b)= 21.61  size=7
### ekin(eV)=1.122e+04 e0(eV)=0.02526
     1) sig(eV)=0.3363 y(b)=22.6
     2) sig(eV)=0.3363 y(b)=22.6
     3) sig(eV)=0.3363 y(b)=22.6
G4CrossSectionHP::IsoXS neutronElasticHP  Z= 64  A= 160 Ekin(MeV)= 0.01122  xs(b)= 22.6  size=7
       16.45### ekin(eV)=1.122e+04 e0(eV)=0.02526
     1) sig(eV)=0.345 y(b)=0.0001113
     2) sig(eV)=0.345 y(b)=0.0001113
     3) sig(eV)=0.345 y(b)=0.0001113
G4CrossSectionHP::IsoXS neutronInelasticHP  Z= 64  A= 152 Ekin(MeV)= 0.01122  xs(b)= 0.0001113  size=7
### ekin(eV)=1.122e+04 e0(eV)=0.02526
     1) sig(eV)=0.3428 y(b)=0
     2) sig(eV)=0.3428 y(b)=0
     3) sig(eV)=0.3428 y(b)=0
G4CrossSectionHP::IsoXS neutronInelasticHP  Z= 64  A= 154 Ekin(MeV)= 0.01122  xs(b)= 0  size=7
### ekin(eV)=1.122e+04 e0(eV)=0.02526
     1) sig(eV)=0.3417 y(b)=1.141e-08
     2) sig(eV)=0.3417 y(b)=1.141e-08
     3) sig(eV)=0.3417 y(b)=1.141e-08
G4CrossSectionHP::IsoXS neutronInelasticHP  Z= 64  A= 155 Ekin(MeV)= 0.01122  xs(b)= 1.141e-08  size=7
### ekin(eV)=1.122e+04 e0(eV)=0.02526
     1) sig(eV)=0.3406 y(b)=1.131e-08
     2) sig(eV)=0.3406 y(b)=1.132e-08
     3) sig(eV)=0.3406 y(b)=1.132e-08
G4CrossSectionHP::IsoXS neutronInelasticHP  Z= 64  A= 156 Ekin(MeV)= 0.01122  xs(b)= 1.132e-08  size=7
### ekin(eV)=1.122e+04 e0(eV)=0.02526
     1) sig(eV)=0.3395 y(b)=4.718e-09
     2) sig(eV)=0.3395 y(b)=4.716e-09
     3) sig(eV)=0.3395 y(b)=4.717e-09
G4CrossSectionHP::IsoXS neutronInelasticHP  Z= 64  A= 157 Ekin(MeV)= 0.01122  xs(b)= 4.717e-09  size=7
### ekin(eV)=1.122e+04 e0(eV)=0.02526
     1) sig(eV)=0.3384 y(b)=4.752e-09
     2) sig(eV)=0.3384 y(b)=4.754e-09
     3) sig(eV)=0.3384 y(b)=4.754e-09
G4CrossSectionHP::IsoXS neutronInelasticHP  Z= 64  A= 158 Ekin(MeV)= 0.01122  xs(b)= 4.753e-09  size=7
### ekin(eV)=1.122e+04 e0(eV)=0.02526
     1) sig(eV)=0.3363 y(b)=7.399e-09
     2) sig(eV)=0.3363 y(b)=7.401e-09
     3) sig(eV)=0.3363 y(b)=7.402e-09
G4CrossSectionHP::IsoXS neutronInelasticHP  Z= 64  A= 160 Ekin(MeV)= 0.01122  xs(b)= 7.401e-09  size=7
    2.302e-07### ekin(eV)=1.122e+04 e0(eV)=0.02526
     1) sig(eV)=0.345 y(b)=0.0001113
     2) sig(eV)=0.345 y(b)=0.0001113
     3) sig(eV)=0.345 y(b)=0.0001113
G4CrossSectionHP::IsoXS neutronInelasticHP  Z= 64  A= 152 Ekin(MeV)= 0.01122  xs(b)= 0.0001113  size=7
### ekin(eV)=1.122e+04 e0(eV)=0.02526
     1) sig(eV)=0.3428 y(b)=0
     2) sig(eV)=0.3428 y(b)=0
     3) sig(eV)=0.3428 y(b)=0
G4CrossSectionHP::IsoXS neutronInelasticHP  Z= 64  A= 154 Ekin(MeV)= 0.01122  xs(b)= 0  size=7
### ekin(eV)=1.122e+04 e0(eV)=0.02526
     1) sig(eV)=0.3417 y(b)=1.141e-08
     2) sig(eV)=0.3417 y(b)=1.141e-08
     3) sig(eV)=0.3417 y(b)=1.141e-08
G4CrossSectionHP::IsoXS neutronInelasticHP  Z= 64  A= 155 Ekin(MeV)= 0.01122  xs(b)= 1.141e-08  size=7
### ekin(eV)=1.122e+04 e0(eV)=0.02526
     1) sig(eV)=0.3406 y(b)=1.132e-08
     2) sig(eV)=0.3406 y(b)=1.132e-08
     3) sig(eV)=0.3406 y(b)=1.132e-08
G4CrossSectionHP::IsoXS neutronInelasticHP  Z= 64  A= 156 Ekin(MeV)= 0.01122  xs(b)= 1.132e-08  size=7
### ekin(eV)=1.122e+04 e0(eV)=0.02526
     1) sig(eV)=0.3395 y(b)=4.719e-09
     2) sig(eV)=0.3395 y(b)=4.719e-09
     3) sig(eV)=0.3395 y(b)=4.718e-09
G4CrossSectionHP::IsoXS neutronInelasticHP  Z= 64  A= 157 Ekin(MeV)= 0.01122  xs(b)= 4.719e-09  size=7
### ekin(eV)=1.122e+04 e0(eV)=0.02526
     1) sig(eV)=0.3384 y(b)=4.753e-09
     2) sig(eV)=0.3384 y(b)=4.753e-09
     3) sig(eV)=0.3384 y(b)=4.752e-09
G4CrossSectionHP::IsoXS neutronInelasticHP  Z= 64  A= 158 Ekin(MeV)= 0.01122  xs(b)= 4.753e-09  size=7
### ekin(eV)=1.122e+04 e0(eV)=0.02526
     1) sig(eV)=0.3363 y(b)=7.398e-09
     2) sig(eV)=0.3363 y(b)=7.398e-09
     3) sig(eV)=0.3363 y(b)=7.399e-09
G4CrossSectionHP::IsoXS neutronInelasticHP  Z= 64  A= 160 Ekin(MeV)= 0.01122  xs(b)= 7.398e-09  size=7
### ekin(eV)=1.122e+04 e0(eV)=0.02526
     1) sig(eV)=0.345 y(b)=20.21
     2) sig(eV)=0.345 y(b)=20.21
     3) sig(eV)=0.345 y(b)=20.21
G4CrossSectionHP::IsoXS neutronElasticHP  Z= 64  A= 152 Ekin(MeV)= 0.01122  xs(b)= 20.21  size=7
### ekin(eV)=1.122e+04 e0(eV)=0.02526
     1) sig(eV)=0.3428 y(b)=11.82
     2) sig(eV)=0.3428 y(b)=11.82
     3) sig(eV)=0.3428 y(b)=11.82
G4CrossSectionHP::IsoXS neutronElasticHP  Z= 64  A= 154 Ekin(MeV)= 0.01122  xs(b)= 11.82  size=7
### ekin(eV)=1.122e+04 e0(eV)=0.02526
     1) sig(eV)=0.3417 y(b)=9.55
     2) sig(eV)=0.3417 y(b)=9.549
     3) sig(eV)=0.3417 y(b)=9.549
G4CrossSectionHP::IsoXS neutronElasticHP  Z= 64  A= 155 Ekin(MeV)= 0.01122  xs(b)= 9.549  size=7
### ekin(eV)=1.122e+04 e0(eV)=0.02526
     1) sig(eV)=0.3406 y(b)=14.27
     2) sig(eV)=0.3406 y(b)=14.27
     3) sig(eV)=0.3406 y(b)=14.26
G4CrossSectionHP::IsoXS neutronElasticHP  Z= 64  A= 156 Ekin(MeV)= 0.01122  xs(b)= 14.27  size=7
### ekin(eV)=1.122e+04 e0(eV)=0.02526
     1) sig(eV)=0.3395 y(b)=9.663
     2) sig(eV)=0.3395 y(b)=9.662
     3) sig(eV)=0.3395 y(b)=9.663
G4CrossSectionHP::IsoXS neutronElasticHP  Z= 64  A= 157 Ekin(MeV)= 0.01122  xs(b)= 9.663  size=7
### ekin(eV)=1.122e+04 e0(eV)=0.02526
     1) sig(eV)=0.3384 y(b)=21.61
     2) sig(eV)=0.3384 y(b)=21.61
     3) sig(eV)=0.3384 y(b)=21.61
G4CrossSectionHP::IsoXS neutronElasticHP  Z= 64  A= 158 Ekin(MeV)= 0.01122  xs(b)= 21.61  size=7
### ekin(eV)=1.122e+04 e0(eV)=0.02526
     1) sig(eV)=0.3363 y(b)=22.59
     2) sig(eV)=0.3363 y(b)=22.59
     3) sig(eV)=0.3363 y(b)=22.59
G4CrossSectionHP::IsoXS neutronElasticHP  Z= 64  A= 160 Ekin(MeV)= 0.01122  xs(b)= 22.59  size=7
### ekin(eV)=1.122e+04 e0(eV)=0.02526
     1) sig(eV)=0.345 y(b)=1.555
     2) sig(eV)=0.345 y(b)=1.555
     3) sig(eV)=0.345 y(b)=1.555
G4CrossSectionHP::IsoXS neutronCaptureHP  Z= 64  A= 152 Ekin(MeV)= 0.01122  xs(b)= 1.555  size=7
### ekin(eV)=1.122e+04 e0(eV)=0.02526
     1) sig(eV)=0.3428 y(b)=1.595
     2) sig(eV)=0.3428 y(b)=1.594
     3) sig(eV)=0.3428 y(b)=1.594
G4CrossSectionHP::IsoXS neutronCaptureHP  Z= 64  A= 154 Ekin(MeV)= 0.01122  xs(b)= 1.594  size=7
### ekin(eV)=1.122e+04 e0(eV)=0.02526
     1) sig(eV)=0.3417 y(b)=4.885
     2) sig(eV)=0.3417 y(b)=4.885
     3) sig(eV)=0.3417 y(b)=4.886
G4CrossSectionHP::IsoXS neutronCaptureHP  Z= 64  A= 155 Ekin(MeV)= 0.01122  xs(b)= 4.885  size=7
### ekin(eV)=1.122e+04 e0(eV)=0.02526
     1) sig(eV)=0.3406 y(b)=0.9381
     2) sig(eV)=0.3406 y(b)=0.9382
     3) sig(eV)=0.3406 y(b)=0.9382
G4CrossSectionHP::IsoXS neutronCaptureHP  Z= 64  A= 156 Ekin(MeV)= 0.01122  xs(b)= 0.9382  size=7
### ekin(eV)=1.122e+04 e0(eV)=0.02526
     1) sig(eV)=0.3395 y(b)=3.12
     2) sig(eV)=0.3395 y(b)=3.12
     3) sig(eV)=0.3395 y(b)=3.12
G4CrossSectionHP::IsoXS neutronCaptureHP  Z= 64  A= 157 Ekin(MeV)= 0.01122  xs(b)= 3.12  size=7
### ekin(eV)=1.122e+04 e0(eV)=0.02526
     1) sig(eV)=0.3384 y(b)=0.4548
     2) sig(eV)=0.3384 y(b)=0.4548
     3) sig(eV)=0.3384 y(b)=0.4548
G4CrossSectionHP::IsoXS neutronCaptureHP  Z= 64  A= 158 Ekin(MeV)= 0.01122  xs(b)= 0.4548  size=7
### ekin(eV)=1.122e+04 e0(eV)=0.02526
     1) sig(eV)=0.3363 y(b)=0.3395
     2) sig(eV)=0.3363 y(b)=0.3395
     3) sig(eV)=0.3363 y(b)=0.3395
G4CrossSectionHP::IsoXS neutronCaptureHP  Z= 64  A= 160 Ekin(MeV)= 0.01122  xs(b)= 0.3395  size=7
        1.628            0        18.08
   21     0.01413### ekin(eV)=1.413e+04 e0(eV)=0.02526
     1) sig(eV)=0.345 y(b)=18.81
     2) sig(eV)=0.345 y(b)=18.81
     3) sig(eV)=0.345 y(b)=18.81
G4CrossSectionHP::IsoXS neutronElasticHP  Z= 64  A= 152 Ekin(MeV)= 0.01413  xs(b)= 18.81  size=7
### ekin(eV)=1.413e+04 e0(eV)=0.02526
     1) sig(eV)=0.3428 y(b)=11.2
     2) sig(eV)=0.3428 y(b)=11.2
     3) sig(eV)=0.3428 y(b)=11.2
G4CrossSectionHP::IsoXS neutronElasticHP  Z= 64  A= 154 Ekin(MeV)= 0.01413  xs(b)= 11.2  size=7
### ekin(eV)=1.413e+04 e0(eV)=0.02526
     1) sig(eV)=0.3417 y(b)=8.942
     2) sig(eV)=0.3417 y(b)=8.942
     3) sig(eV)=0.3417 y(b)=8.943
G4CrossSectionHP::IsoXS neutronElasticHP  Z= 64  A= 155 Ekin(MeV)= 0.01413  xs(b)= 8.942  size=7
### ekin(eV)=1.413e+04 e0(eV)=0.02526
     1) sig(eV)=0.3406 y(b)=13.6
     2) sig(eV)=0.3406 y(b)=13.6
     3) sig(eV)=0.3406 y(b)=13.6
G4CrossSectionHP::IsoXS neutronElasticHP  Z= 64  A= 156 Ekin(MeV)= 0.01413  xs(b)= 13.6  size=7
### ekin(eV)=1.413e+04 e0(eV)=0.02526
     1) sig(eV)=0.3395 y(b)=9.379
     2) sig(eV)=0.3395 y(b)=9.379
     3) sig(eV)=0.3395 y(b)=9.379
G4CrossSectionHP::IsoXS neutronElasticHP  Z= 64  A= 157 Ekin(MeV)= 0.01413  xs(b)= 9.379  size=7
### ekin(eV)=1.413e+04 e0(eV)=0.02526
     1) sig(eV)=0.3384 y(b)=19.51
     2) sig(eV)=0.3384 y(b)=19.51
     3) sig(eV)=0.3384 y(b)=19.51
G4CrossSectionHP::IsoXS neutronElasticHP  Z= 64  A= 158 Ekin(MeV)= 0.01413  xs(b)= 19.51  size=7
### ekin(eV)=1.413e+04 e0(eV)=0.02526
     1) sig(eV)=0.3363 y(b)=20.41
     2) sig(eV)=0.3363 y(b)=20.41
     3) sig(eV)=0.3363 y(b)=20.41
G4CrossSectionHP::IsoXS neutronElasticHP  Z= 64  A= 160 Ekin(MeV)= 0.01413  xs(b)= 20.41  size=7
       15.17### ekin(eV)=1.413e+04 e0(eV)=0.02526
     1) sig(eV)=0.345 y(b)=0.0001019
     2) sig(eV)=0.345 y(b)=0.0001019
     3) sig(eV)=0.345 y(b)=0.0001019
G4CrossSectionHP::IsoXS neutronInelasticHP  Z= 64  A= 152 Ekin(MeV)= 0.01413  xs(b)= 0.0001019  size=7
### ekin(eV)=1.413e+04 e0(eV)=0.02526
     1) sig(eV)=0.3428 y(b)=0
     2) sig(eV)=0.3428 y(b)=0
     3) sig(eV)=0.3428 y(b)=0
G4CrossSectionHP::IsoXS neutronInelasticHP  Z= 64  A= 154 Ekin(MeV)= 0.01413  xs(b)= 0  size=7
### ekin(eV)=1.413e+04 e0(eV)=0.02526
     1) sig(eV)=0.3417 y(b)=1.436e-08
     2) sig(eV)=0.3417 y(b)=1.436e-08
     3) sig(eV)=0.3417 y(b)=1.436e-08
G4CrossSectionHP::IsoXS neutronInelasticHP  Z= 64  A= 155 Ekin(MeV)= 0.01413  xs(b)= 1.436e-08  size=7
### ekin(eV)=1.413e+04 e0(eV)=0.02526
     1) sig(eV)=0.3406 y(b)=1.424e-08
     2) sig(eV)=0.3406 y(b)=1.425e-08
     3) sig(eV)=0.3406 y(b)=1.425e-08
G4CrossSectionHP::IsoXS neutronInelasticHP  Z= 64  A= 156 Ekin(MeV)= 0.01413  xs(b)= 1.424e-08  size=7
### ekin(eV)=1.413e+04 e0(eV)=0.02526
     1) sig(eV)=0.3395 y(b)=5.939e-09
     2) sig(eV)=0.3395 y(b)=5.938e-09
     3) sig(eV)=0.3395 y(b)=5.937e-09
G4CrossSectionHP::IsoXS neutronInelasticHP  Z= 64  A= 157 Ekin(MeV)= 0.01413  xs(b)= 5.938e-09  size=7
### ekin(eV)=1.413e+04 e0(eV)=0.02526
     1) sig(eV)=0.3384 y(b)=5.983e-09
     2) sig(eV)=0.3384 y(b)=5.982e-09
     3) sig(eV)=0.3384 y(b)=5.983e-09
G4CrossSectionHP::IsoXS neutronInelasticHP  Z= 64  A= 158 Ekin(MeV)= 0.01413  xs(b)= 5.983e-09  size=7
### ekin(eV)=1.413e+04 e0(eV)=0.02526
     1) sig(eV)=0.3363 y(b)=9.315e-09
     2) sig(eV)=0.3363 y(b)=9.315e-09
     3) sig(eV)=0.3363 y(b)=9.315e-09
G4CrossSectionHP::IsoXS neutronInelasticHP  Z= 64  A= 160 Ekin(MeV)= 0.01413  xs(b)= 9.315e-09  size=7
    2.133e-07### ekin(eV)=1.413e+04 e0(eV)=0.02526
     1) sig(eV)=0.345 y(b)=0.0001019
     2) sig(eV)=0.345 y(b)=0.0001019
     3) sig(eV)=0.345 y(b)=0.0001019
G4CrossSectionHP::IsoXS neutronInelasticHP  Z= 64  A= 152 Ekin(MeV)= 0.01413  xs(b)= 0.0001019  size=7
### ekin(eV)=1.413e+04 e0(eV)=0.02526
     1) sig(eV)=0.3428 y(b)=0
     2) sig(eV)=0.3428 y(b)=0
     3) sig(eV)=0.3428 y(b)=0
G4CrossSectionHP::IsoXS neutronInelasticHP  Z= 64  A= 154 Ekin(MeV)= 0.01413  xs(b)= 0  size=7
### ekin(eV)=1.413e+04 e0(eV)=0.02526
     1) sig(eV)=0.3417 y(b)=1.436e-08
     2) sig(eV)=0.3417 y(b)=1.436e-08
     3) sig(eV)=0.3417 y(b)=1.436e-08
G4CrossSectionHP::IsoXS neutronInelasticHP  Z= 64  A= 155 Ekin(MeV)= 0.01413  xs(b)= 1.436e-08  size=7
### ekin(eV)=1.413e+04 e0(eV)=0.02526
     1) sig(eV)=0.3406 y(b)=1.424e-08
     2) sig(eV)=0.3406 y(b)=1.424e-08
     3) sig(eV)=0.3406 y(b)=1.424e-08
G4CrossSectionHP::IsoXS neutronInelasticHP  Z= 64  A= 156 Ekin(MeV)= 0.01413  xs(b)= 1.424e-08  size=7
### ekin(eV)=1.413e+04 e0(eV)=0.02526
     1) sig(eV)=0.3395 y(b)=5.937e-09
     2) sig(eV)=0.3395 y(b)=5.937e-09
     3) sig(eV)=0.3395 y(b)=5.937e-09
G4CrossSectionHP::IsoXS neutronInelasticHP  Z= 64  A= 157 Ekin(MeV)= 0.01413  xs(b)= 5.937e-09  size=7
### ekin(eV)=1.413e+04 e0(eV)=0.02526
     1) sig(eV)=0.3384 y(b)=5.983e-09
     2) sig(eV)=0.3384 y(b)=5.984e-09
     3) sig(eV)=0.3384 y(b)=5.983e-09
G4CrossSectionHP::IsoXS neutronInelasticHP  Z= 64  A= 158 Ekin(MeV)= 0.01413  xs(b)= 5.983e-09  size=7
### ekin(eV)=1.413e+04 e0(eV)=0.02526
     1) sig(eV)=0.3363 y(b)=9.314e-09
     2) sig(eV)=0.3363 y(b)=9.314e-09
     3) sig(eV)=0.3363 y(b)=9.317e-09
G4CrossSectionHP::IsoXS neutronInelasticHP  Z= 64  A= 160 Ekin(MeV)= 0.01413  xs(b)= 9.315e-09  size=7
### ekin(eV)=1.413e+04 e0(eV)=0.02526
     1) sig(eV)=0.345 y(b)=18.81
     2) sig(eV)=0.345 y(b)=18.81
     3) sig(eV)=0.345 y(b)=18.81
G4CrossSectionHP::IsoXS neutronElasticHP  Z= 64  A= 152 Ekin(MeV)= 0.01413  xs(b)= 18.81  size=7
### ekin(eV)=1.413e+04 e0(eV)=0.02526
     1) sig(eV)=0.3428 y(b)=11.2
     2) sig(eV)=0.3428 y(b)=11.2
     3) sig(eV)=0.3428 y(b)=11.2
G4CrossSectionHP::IsoXS neutronElasticHP  Z= 64  A= 154 Ekin(MeV)= 0.01413  xs(b)= 11.2  size=7
### ekin(eV)=1.413e+04 e0(eV)=0.02526
     1) sig(eV)=0.3417 y(b)=8.943
     2) sig(eV)=0.3417 y(b)=8.943
     3) sig(eV)=0.3417 y(b)=8.943
G4CrossSectionHP::IsoXS neutronElasticHP  Z= 64  A= 155 Ekin(MeV)= 0.01413  xs(b)= 8.943  size=7
### ekin(eV)=1.413e+04 e0(eV)=0.02526
     1) sig(eV)=0.3406 y(b)=13.6
     2) sig(eV)=0.3406 y(b)=13.6
     3) sig(eV)=0.3406 y(b)=13.6
G4CrossSectionHP::IsoXS neutronElasticHP  Z= 64  A= 156 Ekin(MeV)= 0.01413  xs(b)= 13.6  size=7
### ekin(eV)=1.413e+04 e0(eV)=0.02526
     1) sig(eV)=0.3395 y(b)=9.378
     2) sig(eV)=0.3395 y(b)=9.378
     3) sig(eV)=0.3395 y(b)=9.379
G4CrossSectionHP::IsoXS neutronElasticHP  Z= 64  A= 157 Ekin(MeV)= 0.01413  xs(b)= 9.378  size=7
### ekin(eV)=1.413e+04 e0(eV)=0.02526
     1) sig(eV)=0.3384 y(b)=19.51
     2) sig(eV)=0.3384 y(b)=19.51
     3) sig(eV)=0.3384 y(b)=19.51
G4CrossSectionHP::IsoXS neutronElasticHP  Z= 64  A= 158 Ekin(MeV)= 0.01413  xs(b)= 19.51  size=7
### ekin(eV)=1.413e+04 e0(eV)=0.02526
     1) sig(eV)=0.3363 y(b)=20.41
     2) sig(eV)=0.3363 y(b)=20.41
     3) sig(eV)=0.3363 y(b)=20.41
G4CrossSectionHP::IsoXS neutronElasticHP  Z= 64  A= 160 Ekin(MeV)= 0.01413  xs(b)= 20.41  size=7
### ekin(eV)=1.413e+04 e0(eV)=0.02526
     1) sig(eV)=0.345 y(b)=1.369
     2) sig(eV)=0.345 y(b)=1.369
     3) sig(eV)=0.345 y(b)=1.369
G4CrossSectionHP::IsoXS neutronCaptureHP  Z= 64  A= 152 Ekin(MeV)= 0.01413  xs(b)= 1.369  size=7
### ekin(eV)=1.413e+04 e0(eV)=0.02526
     1) sig(eV)=0.3428 y(b)=1.406
     2) sig(eV)=0.3428 y(b)=1.406
     3) sig(eV)=0.3428 y(b)=1.406
G4CrossSectionHP::IsoXS neutronCaptureHP  Z= 64  A= 154 Ekin(MeV)= 0.01413  xs(b)= 1.406  size=7
### ekin(eV)=1.413e+04 e0(eV)=0.02526
     1) sig(eV)=0.3417 y(b)=4.337
     2) sig(eV)=0.3417 y(b)=4.337
     3) sig(eV)=0.3417 y(b)=4.337
G4CrossSectionHP::IsoXS neutronCaptureHP  Z= 64  A= 155 Ekin(MeV)= 0.01413  xs(b)= 4.337  size=7
### ekin(eV)=1.413e+04 e0(eV)=0.02526
     1) sig(eV)=0.3406 y(b)=0.85
     2) sig(eV)=0.3406 y(b)=0.8501
     3) sig(eV)=0.3406 y(b)=0.8501
G4CrossSectionHP::IsoXS neutronCaptureHP  Z= 64  A= 156 Ekin(MeV)= 0.01413  xs(b)= 0.8501  size=7
### ekin(eV)=1.413e+04 e0(eV)=0.02526
     1) sig(eV)=0.3395 y(b)=2.701
     2) sig(eV)=0.3395 y(b)=2.701
     3) sig(eV)=0.3395 y(b)=2.701
G4CrossSectionHP::IsoXS neutronCaptureHP  Z= 64  A= 157 Ekin(MeV)= 0.01413  xs(b)= 2.701  size=7
### ekin(eV)=1.413e+04 e0(eV)=0.02526
     1) sig(eV)=0.3384 y(b)=0.4004
     2) sig(eV)=0.3384 y(b)=0.4004
     3) sig(eV)=0.3384 y(b)=0.4004
G4CrossSectionHP::IsoXS neutronCaptureHP  Z= 64  A= 158 Ekin(MeV)= 0.01413  xs(b)= 0.4004  size=7
### ekin(eV)=1.413e+04 e0(eV)=0.02526
     1) sig(eV)=0.3363 y(b)=0.3016
     2) sig(eV)=0.3363 y(b)=0.3016
     3) sig(eV)=0.3363 y(b)=0.3016
G4CrossSectionHP::IsoXS neutronCaptureHP  Z= 64  A= 160 Ekin(MeV)= 0.01413  xs(b)= 0.3016  size=7
        1.437            0         16.6
   22     0.01778### ekin(eV)=1.778e+04 e0(eV)=0.02526
     1) sig(eV)=0.345 y(b)=17.54
     2) sig(eV)=0.345 y(b)=17.53
     3) sig(eV)=0.345 y(b)=17.53
G4CrossSectionHP::IsoXS neutronElasticHP  Z= 64  A= 152 Ekin(MeV)= 0.01778  xs(b)= 17.54  size=7
### ekin(eV)=1.778e+04 e0(eV)=0.02526
     1) sig(eV)=0.3428 y(b)=10.66
     2) sig(eV)=0.3428 y(b)=10.66
     3) sig(eV)=0.3428 y(b)=10.66
G4CrossSectionHP::IsoXS neutronElasticHP  Z= 64  A= 154 Ekin(MeV)= 0.01778  xs(b)= 10.66  size=7
### ekin(eV)=1.778e+04 e0(eV)=0.02526
     1) sig(eV)=0.3417 y(b)=8.404
     2) sig(eV)=0.3417 y(b)=8.404
     3) sig(eV)=0.3417 y(b)=8.404
G4CrossSectionHP::IsoXS neutronElasticHP  Z= 64  A= 155 Ekin(MeV)= 0.01778  xs(b)= 8.404  size=7
### ekin(eV)=1.778e+04 e0(eV)=0.02526
     1) sig(eV)=0.3406 y(b)=13.02
     2) sig(eV)=0.3406 y(b)=13.02
     3) sig(eV)=0.3406 y(b)=13.02
G4CrossSectionHP::IsoXS neutronElasticHP  Z= 64  A= 156 Ekin(MeV)= 0.01778  xs(b)= 13.02  size=7
### ekin(eV)=1.778e+04 e0(eV)=0.02526
     1) sig(eV)=0.3395 y(b)=9.161
     2) sig(eV)=0.3395 y(b)=9.161
     3) sig(eV)=0.3395 y(b)=9.161
G4CrossSectionHP::IsoXS neutronElasticHP  Z= 64  A= 157 Ekin(MeV)= 0.01778  xs(b)= 9.161  size=7
### ekin(eV)=1.778e+04 e0(eV)=0.02526
     1) sig(eV)=0.3384 y(b)=17.63
     2) sig(eV)=0.3384 y(b)=17.63
     3) sig(eV)=0.3384 y(b)=17.63
G4CrossSectionHP::IsoXS neutronElasticHP  Z= 64  A= 158 Ekin(MeV)= 0.01778  xs(b)= 17.63  size=7
### ekin(eV)=1.778e+04 e0(eV)=0.02526
     1) sig(eV)=0.3363 y(b)=18.44
     2) sig(eV)=0.3363 y(b)=18.44
     3) sig(eV)=0.3363 y(b)=18.44
G4CrossSectionHP::IsoXS neutronElasticHP  Z= 64  A= 160 Ekin(MeV)= 0.01778  xs(b)= 18.44  size=7
       14.02### ekin(eV)=1.778e+04 e0(eV)=0.02526
     1) sig(eV)=0.345 y(b)=9.348e-05
     2) sig(eV)=0.345 y(b)=9.349e-05
     3) sig(eV)=0.345 y(b)=9.349e-05
G4CrossSectionHP::IsoXS neutronInelasticHP  Z= 64  A= 152 Ekin(MeV)= 0.01778  xs(b)= 9.349e-05  size=7
### ekin(eV)=1.778e+04 e0(eV)=0.02526
     1) sig(eV)=0.3428 y(b)=0
     2) sig(eV)=0.3428 y(b)=0
     3) sig(eV)=0.3428 y(b)=0
G4CrossSectionHP::IsoXS neutronInelasticHP  Z= 64  A= 154 Ekin(MeV)= 0.01778  xs(b)= 0  size=7
### ekin(eV)=1.778e+04 e0(eV)=0.02526
     1) sig(eV)=0.3417 y(b)=1.808e-08
     2) sig(eV)=0.3417 y(b)=1.808e-08
     3) sig(eV)=0.3417 y(b)=1.808e-08
G4CrossSectionHP::IsoXS neutronInelasticHP  Z= 64  A= 155 Ekin(MeV)= 0.01778  xs(b)= 1.808e-08  size=7
### ekin(eV)=1.778e+04 e0(eV)=0.02526
     1) sig(eV)=0.3406 y(b)=1.793e-08
     2) sig(eV)=0.3406 y(b)=1.793e-08
     3) sig(eV)=0.3406 y(b)=1.794e-08
G4CrossSectionHP::IsoXS neutronInelasticHP  Z= 64  A= 156 Ekin(MeV)= 0.01778  xs(b)= 1.793e-08  size=7
### ekin(eV)=1.778e+04 e0(eV)=0.02526
     1) sig(eV)=0.3395 y(b)=7.476e-09
     2) sig(eV)=0.3395 y(b)=7.476e-09
     3) sig(eV)=0.3395 y(b)=7.476e-09
G4CrossSectionHP::IsoXS neutronInelasticHP  Z= 64  A= 157 Ekin(MeV)= 0.01778  xs(b)= 7.476e-09  size=7
### ekin(eV)=1.778e+04 e0(eV)=0.02526
     1) sig(eV)=0.3384 y(b)=7.535e-09
     2) sig(eV)=0.3384 y(b)=7.535e-09
     3) sig(eV)=0.3384 y(b)=7.535e-09
G4CrossSectionHP::IsoXS neutronInelasticHP  Z= 64  A= 158 Ekin(MeV)= 0.01778  xs(b)= 7.535e-09  size=7
### ekin(eV)=1.778e+04 e0(eV)=0.02526
     1) sig(eV)=0.3363 y(b)=1.173e-08
     2) sig(eV)=0.3363 y(b)=1.172e-08
     3) sig(eV)=0.3363 y(b)=1.173e-08
G4CrossSectionHP::IsoXS neutronInelasticHP  Z= 64  A= 160 Ekin(MeV)= 0.01778  xs(b)= 1.173e-08  size=7
    1.989e-07### ekin(eV)=1.778e+04 e0(eV)=0.02526
     1) sig(eV)=0.345 y(b)=9.349e-05
     2) sig(eV)=0.345 y(b)=9.349e-05
     3) sig(eV)=0.345 y(b)=9.348e-05
G4CrossSectionHP::IsoXS neutronInelasticHP  Z= 64  A= 152 Ekin(MeV)= 0.01778  xs(b)= 9.348e-05  size=7
### ekin(eV)=1.778e+04 e0(eV)=0.02526
     1) sig(eV)=0.3428 y(b)=0
     2) sig(eV)=0.3428 y(b)=0
     3) sig(eV)=0.3428 y(b)=0
G4CrossSectionHP::IsoXS neutronInelasticHP  Z= 64  A= 154 Ekin(MeV)= 0.01778  xs(b)= 0  size=7
### ekin(eV)=1.778e+04 e0(eV)=0.02526
     1) sig(eV)=0.3417 y(b)=1.808e-08
     2) sig(eV)=0.3417 y(b)=1.808e-08
     3) sig(eV)=0.3417 y(b)=1.808e-08
G4CrossSectionHP::IsoXS neutronInelasticHP  Z= 64  A= 155 Ekin(MeV)= 0.01778  xs(b)= 1.808e-08  size=7
### ekin(eV)=1.778e+04 e0(eV)=0.02526
     1) sig(eV)=0.3406 y(b)=1.793e-08
     2) sig(eV)=0.3406 y(b)=1.793e-08
     3) sig(eV)=0.3406 y(b)=1.793e-08
G4CrossSectionHP::IsoXS neutronInelasticHP  Z= 64  A= 156 Ekin(MeV)= 0.01778  xs(b)= 1.793e-08  size=7
### ekin(eV)=1.778e+04 e0(eV)=0.02526
     1) sig(eV)=0.3395 y(b)=7.477e-09
     2) sig(eV)=0.3395 y(b)=7.478e-09
     3) sig(eV)=0.3395 y(b)=7.478e-09
G4CrossSectionHP::IsoXS neutronInelasticHP  Z= 64  A= 157 Ekin(MeV)= 0.01778  xs(b)= 7.478e-09  size=7
### ekin(eV)=1.778e+04 e0(eV)=0.02526
     1) sig(eV)=0.3384 y(b)=7.532e-09
     2) sig(eV)=0.3384 y(b)=7.531e-09
     3) sig(eV)=0.3384 y(b)=7.53e-09
G4CrossSectionHP::IsoXS neutronInelasticHP  Z= 64  A= 158 Ekin(MeV)= 0.01778  xs(b)= 7.531e-09  size=7
### ekin(eV)=1.778e+04 e0(eV)=0.02526
     1) sig(eV)=0.3363 y(b)=1.172e-08
     2) sig(eV)=0.3363 y(b)=1.172e-08
     3) sig(eV)=0.3363 y(b)=1.173e-08
G4CrossSectionHP::IsoXS neutronInelasticHP  Z= 64  A= 160 Ekin(MeV)= 0.01778  xs(b)= 1.173e-08  size=7
### ekin(eV)=1.778e+04 e0(eV)=0.02526
     1) sig(eV)=0.345 y(b)=17.54
     2) sig(eV)=0.345 y(b)=17.54
     3) sig(eV)=0.345 y(b)=17.54
G4CrossSectionHP::IsoXS neutronElasticHP  Z= 64  A= 152 Ekin(MeV)= 0.01778  xs(b)= 17.54  size=7
### ekin(eV)=1.778e+04 e0(eV)=0.02526
     1) sig(eV)=0.3428 y(b)=10.66
     2) sig(eV)=0.3428 y(b)=10.66
     3) sig(eV)=0.3428 y(b)=10.66
G4CrossSectionHP::IsoXS neutronElasticHP  Z= 64  A= 154 Ekin(MeV)= 0.01778  xs(b)= 10.66  size=7
### ekin(eV)=1.778e+04 e0(eV)=0.02526
     1) sig(eV)=0.3417 y(b)=8.404
     2) sig(eV)=0.3417 y(b)=8.404
     3) sig(eV)=0.3417 y(b)=8.404
G4CrossSectionHP::IsoXS neutronElasticHP  Z= 64  A= 155 Ekin(MeV)= 0.01778  xs(b)= 8.404  size=7
### ekin(eV)=1.778e+04 e0(eV)=0.02526
     1) sig(eV)=0.3406 y(b)=13.02
     2) sig(eV)=0.3406 y(b)=13.02
     3) sig(eV)=0.3406 y(b)=13.02
G4CrossSectionHP::IsoXS neutronElasticHP  Z= 64  A= 156 Ekin(MeV)= 0.01778  xs(b)= 13.02  size=7
### ekin(eV)=1.778e+04 e0(eV)=0.02526
     1) sig(eV)=0.3395 y(b)=9.161
     2) sig(eV)=0.3395 y(b)=9.161
     3) sig(eV)=0.3395 y(b)=9.161
G4CrossSectionHP::IsoXS neutronElasticHP  Z= 64  A= 157 Ekin(MeV)= 0.01778  xs(b)= 9.161  size=7
### ekin(eV)=1.778e+04 e0(eV)=0.02526
     1) sig(eV)=0.3384 y(b)=17.63
     2) sig(eV)=0.3384 y(b)=17.63
     3) sig(eV)=0.3384 y(b)=17.63
G4CrossSectionHP::IsoXS neutronElasticHP  Z= 64  A= 158 Ekin(MeV)= 0.01778  xs(b)= 17.63  size=7
### ekin(eV)=1.778e+04 e0(eV)=0.02526
     1) sig(eV)=0.3363 y(b)=18.44
     2) sig(eV)=0.3363 y(b)=18.44
     3) sig(eV)=0.3363 y(b)=18.44
G4CrossSectionHP::IsoXS neutronElasticHP  Z= 64  A= 160 Ekin(MeV)= 0.01778  xs(b)= 18.44  size=7
### ekin(eV)=1.778e+04 e0(eV)=0.02526
     1) sig(eV)=0.345 y(b)=1.211
     2) sig(eV)=0.345 y(b)=1.211
     3) sig(eV)=0.345 y(b)=1.211
G4CrossSectionHP::IsoXS neutronCaptureHP  Z= 64  A= 152 Ekin(MeV)= 0.01778  xs(b)= 1.211  size=7
### ekin(eV)=1.778e+04 e0(eV)=0.02526
     1) sig(eV)=0.3428 y(b)=1.244
     2) sig(eV)=0.3428 y(b)=1.244
     3) sig(eV)=0.3428 y(b)=1.244
G4CrossSectionHP::IsoXS neutronCaptureHP  Z= 64  A= 154 Ekin(MeV)= 0.01778  xs(b)= 1.244  size=7
### ekin(eV)=1.778e+04 e0(eV)=0.02526
     1) sig(eV)=0.3417 y(b)=3.868
     2) sig(eV)=0.3417 y(b)=3.868
     3) sig(eV)=0.3417 y(b)=3.868
G4CrossSectionHP::IsoXS neutronCaptureHP  Z= 64  A= 155 Ekin(MeV)= 0.01778  xs(b)= 3.868  size=7
### ekin(eV)=1.778e+04 e0(eV)=0.02526
     1) sig(eV)=0.3406 y(b)=0.7703
     2) sig(eV)=0.3406 y(b)=0.7703
     3) sig(eV)=0.3406 y(b)=0.7702
G4CrossSectionHP::IsoXS neutronCaptureHP  Z= 64  A= 156 Ekin(MeV)= 0.01778  xs(b)= 0.7702  size=7
### ekin(eV)=1.778e+04 e0(eV)=0.02526
     1) sig(eV)=0.3395 y(b)=2.33
     2) sig(eV)=0.3395 y(b)=2.33
     3) sig(eV)=0.3395 y(b)=2.33
G4CrossSectionHP::IsoXS neutronCaptureHP  Z= 64  A= 157 Ekin(MeV)= 0.01778  xs(b)= 2.33  size=7
### ekin(eV)=1.778e+04 e0(eV)=0.02526
     1) sig(eV)=0.3384 y(b)=0.3525
     2) sig(eV)=0.3384 y(b)=0.3526
     3) sig(eV)=0.3384 y(b)=0.3526
G4CrossSectionHP::IsoXS neutronCaptureHP  Z= 64  A= 158 Ekin(MeV)= 0.01778  xs(b)= 0.3526  size=7
### ekin(eV)=1.778e+04 e0(eV)=0.02526
     1) sig(eV)=0.3363 y(b)=0.2681
     2) sig(eV)=0.3363 y(b)=0.2681
     3) sig(eV)=0.3363 y(b)=0.2681
G4CrossSectionHP::IsoXS neutronCaptureHP  Z= 64  A= 160 Ekin(MeV)= 0.01778  xs(b)= 0.2681  size=7
        1.271            0        15.29
   23     0.02239### ekin(eV)=2.239e+04 e0(eV)=0.02526
     1) sig(eV)=0.345 y(b)=16.37
     2) sig(eV)=0.345 y(b)=16.37
     3) sig(eV)=0.345 y(b)=16.37
G4CrossSectionHP::IsoXS neutronElasticHP  Z= 64  A= 152 Ekin(MeV)= 0.02239  xs(b)= 16.37  size=7
### ekin(eV)=2.239e+04 e0(eV)=0.02526
     1) sig(eV)=0.3428 y(b)=10.17
     2) sig(eV)=0.3428 y(b)=10.17
     3) sig(eV)=0.3428 y(b)=10.17
G4CrossSectionHP::IsoXS neutronElasticHP  Z= 64  A= 154 Ekin(MeV)= 0.02239  xs(b)= 10.17  size=7
### ekin(eV)=2.239e+04 e0(eV)=0.02526
     1) sig(eV)=0.3417 y(b)=7.913
     2) sig(eV)=0.3417 y(b)=7.912
     3) sig(eV)=0.3417 y(b)=7.913
G4CrossSectionHP::IsoXS neutronElasticHP  Z= 64  A= 155 Ekin(MeV)= 0.02239  xs(b)= 7.913  size=7
### ekin(eV)=2.239e+04 e0(eV)=0.02526
     1) sig(eV)=0.3406 y(b)=12.48
     2) sig(eV)=0.3406 y(b)=12.48
     3) sig(eV)=0.3406 y(b)=12.48
G4CrossSectionHP::IsoXS neutronElasticHP  Z= 64  A= 156 Ekin(MeV)= 0.02239  xs(b)= 12.48  size=7
### ekin(eV)=2.239e+04 e0(eV)=0.02526
     1) sig(eV)=0.3395 y(b)=8.931
     2) sig(eV)=0.3395 y(b)=8.931
     3) sig(eV)=0.3395 y(b)=8.931
G4CrossSectionHP::IsoXS neutronElasticHP  Z= 64  A= 157 Ekin(MeV)= 0.02239  xs(b)= 8.931  size=7
### ekin(eV)=2.239e+04 e0(eV)=0.02526
     1) sig(eV)=0.3384 y(b)=15.93
     2) sig(eV)=0.3384 y(b)=15.93
     3) sig(eV)=0.3384 y(b)=15.93
G4CrossSectionHP::IsoXS neutronElasticHP  Z= 64  A= 158 Ekin(MeV)= 0.02239  xs(b)= 15.93  size=7
### ekin(eV)=2.239e+04 e0(eV)=0.02526
     1) sig(eV)=0.3363 y(b)=16.66
     2) sig(eV)=0.3363 y(b)=16.66
     3) sig(eV)=0.3363 y(b)=16.66
G4CrossSectionHP::IsoXS neutronElasticHP  Z= 64  A= 160 Ekin(MeV)= 0.02239  xs(b)= 16.66  size=7
       12.98### ekin(eV)=2.239e+04 e0(eV)=0.02526
     1) sig(eV)=0.345 y(b)=8.595e-05
     2) sig(eV)=0.345 y(b)=8.596e-05
     3) sig(eV)=0.345 y(b)=8.595e-05
G4CrossSectionHP::IsoXS neutronInelasticHP  Z= 64  A= 152 Ekin(MeV)= 0.02239  xs(b)= 8.595e-05  size=7
### ekin(eV)=2.239e+04 e0(eV)=0.02526
     1) sig(eV)=0.3428 y(b)=0
     2) sig(eV)=0.3428 y(b)=0
     3) sig(eV)=0.3428 y(b)=0
G4CrossSectionHP::IsoXS neutronInelasticHP  Z= 64  A= 154 Ekin(MeV)= 0.02239  xs(b)= 0  size=7
### ekin(eV)=2.239e+04 e0(eV)=0.02526
     1) sig(eV)=0.3417 y(b)=2.276e-08
     2) sig(eV)=0.3417 y(b)=2.276e-08
     3) sig(eV)=0.3417 y(b)=2.276e-08
G4CrossSectionHP::IsoXS neutronInelasticHP  Z= 64  A= 155 Ekin(MeV)= 0.02239  xs(b)= 2.276e-08  size=7
### ekin(eV)=2.239e+04 e0(eV)=0.02526
     1) sig(eV)=0.3406 y(b)=2.258e-08
     2) sig(eV)=0.3406 y(b)=2.258e-08
     3) sig(eV)=0.3406 y(b)=2.258e-08
G4CrossSectionHP::IsoXS neutronInelasticHP  Z= 64  A= 156 Ekin(MeV)= 0.02239  xs(b)= 2.258e-08  size=7
### ekin(eV)=2.239e+04 e0(eV)=0.02526
     1) sig(eV)=0.3395 y(b)=9.412e-09
     2) sig(eV)=0.3395 y(b)=9.412e-09
     3) sig(eV)=0.3395 y(b)=9.412e-09
G4CrossSectionHP::IsoXS neutronInelasticHP  Z= 64  A= 157 Ekin(MeV)= 0.02239  xs(b)= 9.412e-09  size=7
### ekin(eV)=2.239e+04 e0(eV)=0.02526
     1) sig(eV)=0.3384 y(b)=9.485e-09
     2) sig(eV)=0.3384 y(b)=9.486e-09
     3) sig(eV)=0.3384 y(b)=9.487e-09
G4CrossSectionHP::IsoXS neutronInelasticHP  Z= 64  A= 158 Ekin(MeV)= 0.02239  xs(b)= 9.486e-09  size=7
### ekin(eV)=2.239e+04 e0(eV)=0.02526
     1) sig(eV)=0.3363 y(b)=1.476e-08
     2) sig(eV)=0.3363 y(b)=1.476e-08
     3) sig(eV)=0.3363 y(b)=1.476e-08
G4CrossSectionHP::IsoXS neutronInelasticHP  Z= 64  A= 160 Ekin(MeV)= 0.02239  xs(b)= 1.476e-08  size=7
     1.87e-07### ekin(eV)=2.239e+04 e0(eV)=0.02526
     1) sig(eV)=0.345 y(b)=8.596e-05
     2) sig(eV)=0.345 y(b)=8.596e-05
     3) sig(eV)=0.345 y(b)=8.595e-05
G4CrossSectionHP::IsoXS neutronInelasticHP  Z= 64  A= 152 Ekin(MeV)= 0.02239  xs(b)= 8.596e-05  size=7
### ekin(eV)=2.239e+04 e0(eV)=0.02526
     1) sig(eV)=0.3428 y(b)=0
     2) sig(eV)=0.3428 y(b)=0
     3) sig(eV)=0.3428 y(b)=0
G4CrossSectionHP::IsoXS neutronInelasticHP  Z= 64  A= 154 Ekin(MeV)= 0.02239  xs(b)= 0  size=7
### ekin(eV)=2.239e+04 e0(eV)=0.02526
     1) sig(eV)=0.3417 y(b)=2.276e-08
     2) sig(eV)=0.3417 y(b)=2.276e-08
     3) sig(eV)=0.3417 y(b)=2.276e-08
G4CrossSectionHP::IsoXS neutronInelasticHP  Z= 64  A= 155 Ekin(MeV)= 0.02239  xs(b)= 2.276e-08  size=7
### ekin(eV)=2.239e+04 e0(eV)=0.02526
     1) sig(eV)=0.3406 y(b)=2.257e-08
     2) sig(eV)=0.3406 y(b)=2.257e-08
     3) sig(eV)=0.3406 y(b)=2.257e-08
G4CrossSectionHP::IsoXS neutronInelasticHP  Z= 64  A= 156 Ekin(MeV)= 0.02239  xs(b)= 2.257e-08  size=7
### ekin(eV)=2.239e+04 e0(eV)=0.02526
     1) sig(eV)=0.3395 y(b)=9.412e-09
     2) sig(eV)=0.3395 y(b)=9.413e-09
     3) sig(eV)=0.3395 y(b)=9.413e-09
G4CrossSectionHP::IsoXS neutronInelasticHP  Z= 64  A= 157 Ekin(MeV)= 0.02239  xs(b)= 9.412e-09  size=7
### ekin(eV)=2.239e+04 e0(eV)=0.02526
     1) sig(eV)=0.3384 y(b)=9.484e-09
     2) sig(eV)=0.3384 y(b)=9.483e-09
     3) sig(eV)=0.3384 y(b)=9.482e-09
G4CrossSectionHP::IsoXS neutronInelasticHP  Z= 64  A= 158 Ekin(MeV)= 0.02239  xs(b)= 9.483e-09  size=7
### ekin(eV)=2.239e+04 e0(eV)=0.02526
     1) sig(eV)=0.3363 y(b)=1.476e-08
     2) sig(eV)=0.3363 y(b)=1.476e-08
     3) sig(eV)=0.3363 y(b)=1.476e-08
G4CrossSectionHP::IsoXS neutronInelasticHP  Z= 64  A= 160 Ekin(MeV)= 0.02239  xs(b)= 1.476e-08  size=7
### ekin(eV)=2.239e+04 e0(eV)=0.02526
     1) sig(eV)=0.345 y(b)=16.37
     2) sig(eV)=0.345 y(b)=16.37
     3) sig(eV)=0.345 y(b)=16.37
G4CrossSectionHP::IsoXS neutronElasticHP  Z= 64  A= 152 Ekin(MeV)= 0.02239  xs(b)= 16.37  size=7
### ekin(eV)=2.239e+04 e0(eV)=0.02526
     1) sig(eV)=0.3428 y(b)=10.17
     2) sig(eV)=0.3428 y(b)=10.17
     3) sig(eV)=0.3428 y(b)=10.17
G4CrossSectionHP::IsoXS neutronElasticHP  Z= 64  A= 154 Ekin(MeV)= 0.02239  xs(b)= 10.17  size=7
### ekin(eV)=2.239e+04 e0(eV)=0.02526
     1) sig(eV)=0.3417 y(b)=7.912
     2) sig(eV)=0.3417 y(b)=7.913
     3) sig(eV)=0.3417 y(b)=7.912
G4CrossSectionHP::IsoXS neutronElasticHP  Z= 64  A= 155 Ekin(MeV)= 0.02239  xs(b)= 7.912  size=7
### ekin(eV)=2.239e+04 e0(eV)=0.02526
     1) sig(eV)=0.3406 y(b)=12.49
     2) sig(eV)=0.3406 y(b)=12.49
     3) sig(eV)=0.3406 y(b)=12.49
G4CrossSectionHP::IsoXS neutronElasticHP  Z= 64  A= 156 Ekin(MeV)= 0.02239  xs(b)= 12.49  size=7
### ekin(eV)=2.239e+04 e0(eV)=0.02526
     1) sig(eV)=0.3395 y(b)=8.931
     2) sig(eV)=0.3395 y(b)=8.931
     3) sig(eV)=0.3395 y(b)=8.931
G4CrossSectionHP::IsoXS neutronElasticHP  Z= 64  A= 157 Ekin(MeV)= 0.02239  xs(b)= 8.931  size=7
### ekin(eV)=2.239e+04 e0(eV)=0.02526
     1) sig(eV)=0.3384 y(b)=15.93
     2) sig(eV)=0.3384 y(b)=15.93
     3) sig(eV)=0.3384 y(b)=15.93
G4CrossSectionHP::IsoXS neutronElasticHP  Z= 64  A= 158 Ekin(MeV)= 0.02239  xs(b)= 15.93  size=7
### ekin(eV)=2.239e+04 e0(eV)=0.02526
     1) sig(eV)=0.3363 y(b)=16.66
     2) sig(eV)=0.3363 y(b)=16.66
     3) sig(eV)=0.3363 y(b)=16.66
G4CrossSectionHP::IsoXS neutronElasticHP  Z= 64  A= 160 Ekin(MeV)= 0.02239  xs(b)= 16.66  size=7
### ekin(eV)=2.239e+04 e0(eV)=0.02526
     1) sig(eV)=0.345 y(b)=1.077
     2) sig(eV)=0.345 y(b)=1.077
     3) sig(eV)=0.345 y(b)=1.077
G4CrossSectionHP::IsoXS neutronCaptureHP  Z= 64  A= 152 Ekin(MeV)= 0.02239  xs(b)= 1.077  size=7
### ekin(eV)=2.239e+04 e0(eV)=0.02526
     1) sig(eV)=0.3428 y(b)=1.103
     2) sig(eV)=0.3428 y(b)=1.103
     3) sig(eV)=0.3428 y(b)=1.103
G4CrossSectionHP::IsoXS neutronCaptureHP  Z= 64  A= 154 Ekin(MeV)= 0.02239  xs(b)= 1.103  size=7
### ekin(eV)=2.239e+04 e0(eV)=0.02526
     1) sig(eV)=0.3417 y(b)=3.486
     2) sig(eV)=0.3417 y(b)=3.486
     3) sig(eV)=0.3417 y(b)=3.486
G4CrossSectionHP::IsoXS neutronCaptureHP  Z= 64  A= 155 Ekin(MeV)= 0.02239  xs(b)= 3.486  size=7
### ekin(eV)=2.239e+04 e0(eV)=0.02526
     1) sig(eV)=0.3406 y(b)=0.6969
     2) sig(eV)=0.3406 y(b)=0.6969
     3) sig(eV)=0.3406 y(b)=0.6969
G4CrossSectionHP::IsoXS neutronCaptureHP  Z= 64  A= 156 Ekin(MeV)= 0.02239  xs(b)= 0.6969  size=7
### ekin(eV)=2.239e+04 e0(eV)=0.02526
     1) sig(eV)=0.3395 y(b)=2.017
     2) sig(eV)=0.3395 y(b)=2.017
     3) sig(eV)=0.3395 y(b)=2.017
G4CrossSectionHP::IsoXS neutronCaptureHP  Z= 64  A= 157 Ekin(MeV)= 0.02239  xs(b)= 2.017  size=7
### ekin(eV)=2.239e+04 e0(eV)=0.02526
     1) sig(eV)=0.3384 y(b)=0.3189
     2) sig(eV)=0.3384 y(b)=0.3189
     3) sig(eV)=0.3384 y(b)=0.3189
G4CrossSectionHP::IsoXS neutronCaptureHP  Z= 64  A= 158 Ekin(MeV)= 0.02239  xs(b)= 0.3189  size=7
### ekin(eV)=2.239e+04 e0(eV)=0.02526
     1) sig(eV)=0.3363 y(b)=0.2455
     2) sig(eV)=0.3363 y(b)=0.2454
     3) sig(eV)=0.3363 y(b)=0.2455
G4CrossSectionHP::IsoXS neutronCaptureHP  Z= 64  A= 160 Ekin(MeV)= 0.02239  xs(b)= 0.2455  size=7
        1.133            0        14.11
   24     0.02818### ekin(eV)=2.818e+04 e0(eV)=0.02526
     1) sig(eV)=0.345 y(b)=15.31
     2) sig(eV)=0.345 y(b)=15.31
     3) sig(eV)=0.345 y(b)=15.31
G4CrossSectionHP::IsoXS neutronElasticHP  Z= 64  A= 152 Ekin(MeV)= 0.02818  xs(b)= 15.31  size=7
### ekin(eV)=2.818e+04 e0(eV)=0.02526
     1) sig(eV)=0.3428 y(b)=9.728
     2) sig(eV)=0.3428 y(b)=9.728
     3) sig(eV)=0.3428 y(b)=9.728
G4CrossSectionHP::IsoXS neutronElasticHP  Z= 64  A= 154 Ekin(MeV)= 0.02818  xs(b)= 9.728  size=7
### ekin(eV)=2.818e+04 e0(eV)=0.02526
     1) sig(eV)=0.3417 y(b)=7.471
     2) sig(eV)=0.3417 y(b)=7.471
     3) sig(eV)=0.3417 y(b)=7.472
G4CrossSectionHP::IsoXS neutronElasticHP  Z= 64  A= 155 Ekin(MeV)= 0.02818  xs(b)= 7.471  size=7
### ekin(eV)=2.818e+04 e0(eV)=0.02526
     1) sig(eV)=0.3406 y(b)=12.01
     2) sig(eV)=0.3406 y(b)=12.01
     3) sig(eV)=0.3406 y(b)=12.01
G4CrossSectionHP::IsoXS neutronElasticHP  Z= 64  A= 156 Ekin(MeV)= 0.02818  xs(b)= 12.01  size=7
### ekin(eV)=2.818e+04 e0(eV)=0.02526
     1) sig(eV)=0.3395 y(b)=8.699
     2) sig(eV)=0.3395 y(b)=8.7
     3) sig(eV)=0.3395 y(b)=8.7
G4CrossSectionHP::IsoXS neutronElasticHP  Z= 64  A= 157 Ekin(MeV)= 0.02818  xs(b)= 8.7  size=7
### ekin(eV)=2.818e+04 e0(eV)=0.02526
     1) sig(eV)=0.3384 y(b)=14.41
     2) sig(eV)=0.3384 y(b)=14.4
     3) sig(eV)=0.3384 y(b)=14.4
G4CrossSectionHP::IsoXS neutronElasticHP  Z= 64  A= 158 Ekin(MeV)= 0.02818  xs(b)= 14.4  size=7
### ekin(eV)=2.818e+04 e0(eV)=0.02526
     1) sig(eV)=0.3363 y(b)=15.07
     2) sig(eV)=0.3363 y(b)=15.07
     3) sig(eV)=0.3363 y(b)=15.07
G4CrossSectionHP::IsoXS neutronElasticHP  Z= 64  A= 160 Ekin(MeV)= 0.02818  xs(b)= 15.07  size=7
       12.04### ekin(eV)=2.818e+04 e0(eV)=0.02526
     1) sig(eV)=0.345 y(b)=7.926e-05
     2) sig(eV)=0.345 y(b)=7.925e-05
     3) sig(eV)=0.345 y(b)=7.926e-05
G4CrossSectionHP::IsoXS neutronInelasticHP  Z= 64  A= 152 Ekin(MeV)= 0.02818  xs(b)= 7.926e-05  size=7
### ekin(eV)=2.818e+04 e0(eV)=0.02526
     1) sig(eV)=0.3428 y(b)=0
     2) sig(eV)=0.3428 y(b)=0
     3) sig(eV)=0.3428 y(b)=0
G4CrossSectionHP::IsoXS neutronInelasticHP  Z= 64  A= 154 Ekin(MeV)= 0.02818  xs(b)= 0  size=7
### ekin(eV)=2.818e+04 e0(eV)=0.02526
     1) sig(eV)=0.3417 y(b)=2.865e-08
     2) sig(eV)=0.3417 y(b)=2.866e-08
     3) sig(eV)=0.3417 y(b)=2.866e-08
G4CrossSectionHP::IsoXS neutronInelasticHP  Z= 64  A= 155 Ekin(MeV)= 0.02818  xs(b)= 2.866e-08  size=7
### ekin(eV)=2.818e+04 e0(eV)=0.02526
     1) sig(eV)=0.3406 y(b)=2.842e-08
     2) sig(eV)=0.3406 y(b)=2.842e-08
     3) sig(eV)=0.3406 y(b)=2.843e-08
G4CrossSectionHP::IsoXS neutronInelasticHP  Z= 64  A= 156 Ekin(MeV)= 0.02818  xs(b)= 2.842e-08  size=7
### ekin(eV)=2.818e+04 e0(eV)=0.02526
     1) sig(eV)=0.3395 y(b)=1.185e-08
     2) sig(eV)=0.3395 y(b)=1.185e-08
     3) sig(eV)=0.3395 y(b)=1.185e-08
G4CrossSectionHP::IsoXS neutronInelasticHP  Z= 64  A= 157 Ekin(MeV)= 0.02818  xs(b)= 1.185e-08  size=7
### ekin(eV)=2.818e+04 e0(eV)=0.02526
     1) sig(eV)=0.3384 y(b)=1.194e-08
     2) sig(eV)=0.3384 y(b)=1.194e-08
     3) sig(eV)=0.3384 y(b)=1.194e-08
G4CrossSectionHP::IsoXS neutronInelasticHP  Z= 64  A= 158 Ekin(MeV)= 0.02818  xs(b)= 1.194e-08  size=7
### ekin(eV)=2.818e+04 e0(eV)=0.02526
     1) sig(eV)=0.3363 y(b)=1.859e-08
     2) sig(eV)=0.3363 y(b)=1.858e-08
     3) sig(eV)=0.3363 y(b)=1.858e-08
G4CrossSectionHP::IsoXS neutronInelasticHP  Z= 64  A= 160 Ekin(MeV)= 0.02818  xs(b)= 1.858e-08  size=7
    1.775e-07### ekin(eV)=2.818e+04 e0(eV)=0.02526
     1) sig(eV)=0.345 y(b)=7.926e-05
     2) sig(eV)=0.345 y(b)=7.926e-05
     3) sig(eV)=0.345 y(b)=7.926e-05
G4CrossSectionHP::IsoXS neutronInelasticHP  Z= 64  A= 152 Ekin(MeV)= 0.02818  xs(b)= 7.926e-05  size=7
### ekin(eV)=2.818e+04 e0(eV)=0.02526
     1) sig(eV)=0.3428 y(b)=0
     2) sig(eV)=0.3428 y(b)=0
     3) sig(eV)=0.3428 y(b)=0
G4CrossSectionHP::IsoXS neutronInelasticHP  Z= 64  A= 154 Ekin(MeV)= 0.02818  xs(b)= 0  size=7
### ekin(eV)=2.818e+04 e0(eV)=0.02526
     1) sig(eV)=0.3417 y(b)=2.865e-08
     2) sig(eV)=0.3417 y(b)=2.864e-08
     3) sig(eV)=0.3417 y(b)=2.865e-08
G4CrossSectionHP::IsoXS neutronInelasticHP  Z= 64  A= 155 Ekin(MeV)= 0.02818  xs(b)= 2.865e-08  size=7
### ekin(eV)=2.818e+04 e0(eV)=0.02526
     1) sig(eV)=0.3406 y(b)=2.842e-08
     2) sig(eV)=0.3406 y(b)=2.842e-08
     3) sig(eV)=0.3406 y(b)=2.842e-08
G4CrossSectionHP::IsoXS neutronInelasticHP  Z= 64  A= 156 Ekin(MeV)= 0.02818  xs(b)= 2.842e-08  size=7
### ekin(eV)=2.818e+04 e0(eV)=0.02526
     1) sig(eV)=0.3395 y(b)=1.185e-08
     2) sig(eV)=0.3395 y(b)=1.185e-08
     3) sig(eV)=0.3395 y(b)=1.185e-08
G4CrossSectionHP::IsoXS neutronInelasticHP  Z= 64  A= 157 Ekin(MeV)= 0.02818  xs(b)= 1.185e-08  size=7
### ekin(eV)=2.818e+04 e0(eV)=0.02526
     1) sig(eV)=0.3384 y(b)=1.194e-08
     2) sig(eV)=0.3384 y(b)=1.194e-08
     3) sig(eV)=0.3384 y(b)=1.194e-08
G4CrossSectionHP::IsoXS neutronInelasticHP  Z= 64  A= 158 Ekin(MeV)= 0.02818  xs(b)= 1.194e-08  size=7
### ekin(eV)=2.818e+04 e0(eV)=0.02526
     1) sig(eV)=0.3363 y(b)=1.858e-08
     2) sig(eV)=0.3363 y(b)=1.859e-08
     3) sig(eV)=0.3363 y(b)=1.859e-08
G4CrossSectionHP::IsoXS neutronInelasticHP  Z= 64  A= 160 Ekin(MeV)= 0.02818  xs(b)= 1.859e-08  size=7
### ekin(eV)=2.818e+04 e0(eV)=0.02526
     1) sig(eV)=0.345 y(b)=15.31
     2) sig(eV)=0.345 y(b)=15.31
     3) sig(eV)=0.345 y(b)=15.31
G4CrossSectionHP::IsoXS neutronElasticHP  Z= 64  A= 152 Ekin(MeV)= 0.02818  xs(b)= 15.31  size=7
### ekin(eV)=2.818e+04 e0(eV)=0.02526
     1) sig(eV)=0.3428 y(b)=9.728
     2) sig(eV)=0.3428 y(b)=9.728
     3) sig(eV)=0.3428 y(b)=9.728
G4CrossSectionHP::IsoXS neutronElasticHP  Z= 64  A= 154 Ekin(MeV)= 0.02818  xs(b)= 9.728  size=7
### ekin(eV)=2.818e+04 e0(eV)=0.02526
     1) sig(eV)=0.3417 y(b)=7.471
     2) sig(eV)=0.3417 y(b)=7.471
     3) sig(eV)=0.3417 y(b)=7.471
G4CrossSectionHP::IsoXS neutronElasticHP  Z= 64  A= 155 Ekin(MeV)= 0.02818  xs(b)= 7.471  size=7
### ekin(eV)=2.818e+04 e0(eV)=0.02526
     1) sig(eV)=0.3406 y(b)=12.01
     2) sig(eV)=0.3406 y(b)=12.01
     3) sig(eV)=0.3406 y(b)=12.01
G4CrossSectionHP::IsoXS neutronElasticHP  Z= 64  A= 156 Ekin(MeV)= 0.02818  xs(b)= 12.01  size=7
### ekin(eV)=2.818e+04 e0(eV)=0.02526
     1) sig(eV)=0.3395 y(b)=8.699
     2) sig(eV)=0.3395 y(b)=8.699
     3) sig(eV)=0.3395 y(b)=8.699
G4CrossSectionHP::IsoXS neutronElasticHP  Z= 64  A= 157 Ekin(MeV)= 0.02818  xs(b)= 8.699  size=7
### ekin(eV)=2.818e+04 e0(eV)=0.02526
     1) sig(eV)=0.3384 y(b)=14.4
     2) sig(eV)=0.3384 y(b)=14.41
     3) sig(eV)=0.3384 y(b)=14.41
G4CrossSectionHP::IsoXS neutronElasticHP  Z= 64  A= 158 Ekin(MeV)= 0.02818  xs(b)= 14.41  size=7
### ekin(eV)=2.818e+04 e0(eV)=0.02526
     1) sig(eV)=0.3363 y(b)=15.07
     2) sig(eV)=0.3363 y(b)=15.07
     3) sig(eV)=0.3363 y(b)=15.07
G4CrossSectionHP::IsoXS neutronElasticHP  Z= 64  A= 160 Ekin(MeV)= 0.02818  xs(b)= 15.07  size=7
### ekin(eV)=2.818e+04 e0(eV)=0.02526
     1) sig(eV)=0.345 y(b)=0.9613
     2) sig(eV)=0.345 y(b)=0.9613
     3) sig(eV)=0.345 y(b)=0.9614
G4CrossSectionHP::IsoXS neutronCaptureHP  Z= 64  A= 152 Ekin(MeV)= 0.02818  xs(b)= 0.9614  size=7
### ekin(eV)=2.818e+04 e0(eV)=0.02526
     1) sig(eV)=0.3428 y(b)=0.9773
     2) sig(eV)=0.3428 y(b)=0.9773
     3) sig(eV)=0.3428 y(b)=0.9773
G4CrossSectionHP::IsoXS neutronCaptureHP  Z= 64  A= 154 Ekin(MeV)= 0.02818  xs(b)= 0.9773  size=7
### ekin(eV)=2.818e+04 e0(eV)=0.02526
     1) sig(eV)=0.3417 y(b)=3.18
     2) sig(eV)=0.3417 y(b)=3.18
     3) sig(eV)=0.3417 y(b)=3.18
G4CrossSectionHP::IsoXS neutronCaptureHP  Z= 64  A= 155 Ekin(MeV)= 0.02818  xs(b)= 3.18  size=7
### ekin(eV)=2.818e+04 e0(eV)=0.02526
     1) sig(eV)=0.3406 y(b)=0.6287
     2) sig(eV)=0.3406 y(b)=0.6287
     3) sig(eV)=0.3406 y(b)=0.6287
G4CrossSectionHP::IsoXS neutronCaptureHP  Z= 64  A= 156 Ekin(MeV)= 0.02818  xs(b)= 0.6287  size=7
### ekin(eV)=2.818e+04 e0(eV)=0.02526
     1) sig(eV)=0.3395 y(b)=1.733
     2) sig(eV)=0.3395 y(b)=1.733
     3) sig(eV)=0.3395 y(b)=1.734
G4CrossSectionHP::IsoXS neutronCaptureHP  Z= 64  A= 157 Ekin(MeV)= 0.02818  xs(b)= 1.733  size=7
### ekin(eV)=2.818e+04 e0(eV)=0.02526
     1) sig(eV)=0.3384 y(b)=0.2966
     2) sig(eV)=0.3384 y(b)=0.2966
     3) sig(eV)=0.3384 y(b)=0.2966
G4CrossSectionHP::IsoXS neutronCaptureHP  Z= 64  A= 158 Ekin(MeV)= 0.02818  xs(b)= 0.2966  size=7
### ekin(eV)=2.818e+04 e0(eV)=0.02526
     1) sig(eV)=0.3363 y(b)=0.2319
     2) sig(eV)=0.3363 y(b)=0.2319
     3) sig(eV)=0.3363 y(b)=0.2319
G4CrossSectionHP::IsoXS neutronCaptureHP  Z= 64  A= 160 Ekin(MeV)= 0.02818  xs(b)= 0.2319  size=7
        1.018            0        13.06
   25     0.03548G4CrossSectionHP::IsoXS neutronElasticHP  Z= 64  A= 152 Ekin(MeV)= 0.03548  xs(b)= 14.34  size=7
G4CrossSectionHP::IsoXS neutronElasticHP  Z= 64  A= 154 Ekin(MeV)= 0.03548  xs(b)= 9.342  size=7
G4CrossSectionHP::IsoXS neutronElasticHP  Z= 64  A= 155 Ekin(MeV)= 0.03548  xs(b)= 7.146  size=7
G4CrossSectionHP::IsoXS neutronElasticHP  Z= 64  A= 156 Ekin(MeV)= 0.03548  xs(b)= 11.58  size=7
G4CrossSectionHP::IsoXS neutronElasticHP  Z= 64  A= 157 Ekin(MeV)= 0.03548  xs(b)= 8.469  size=7
G4CrossSectionHP::IsoXS neutronElasticHP  Z= 64  A= 158 Ekin(MeV)= 0.03548  xs(b)= 13.03  size=7
G4CrossSectionHP::IsoXS neutronElasticHP  Z= 64  A= 160 Ekin(MeV)= 0.03548  xs(b)= 13.62  size=7
        11.2G4CrossSectionHP::IsoXS neutronInelasticHP  Z= 64  A= 152 Ekin(MeV)= 0.03548  xs(b)= 7.321e-05  size=7
G4CrossSectionHP::IsoXS neutronInelasticHP  Z= 64  A= 154 Ekin(MeV)= 0.03548  xs(b)= 0  size=7
G4CrossSectionHP::IsoXS neutronInelasticHP  Z= 64  A= 155 Ekin(MeV)= 0.03548  xs(b)= 3.607e-08  size=7
G4CrossSectionHP::IsoXS neutronInelasticHP  Z= 64  A= 156 Ekin(MeV)= 0.03548  xs(b)= 3.578e-08  size=7
G4CrossSectionHP::IsoXS neutronInelasticHP  Z= 64  A= 157 Ekin(MeV)= 0.03548  xs(b)= 1.492e-08  size=7
G4CrossSectionHP::IsoXS neutronInelasticHP  Z= 64  A= 158 Ekin(MeV)= 0.03548  xs(b)= 1.503e-08  size=7
G4CrossSectionHP::IsoXS neutronInelasticHP  Z= 64  A= 160 Ekin(MeV)= 0.03548  xs(b)= 2.34e-08  size=7
    1.703e-07G4CrossSectionHP::IsoXS neutronInelasticHP  Z= 64  A= 152 Ekin(MeV)= 0.03548  xs(b)= 7.321e-05  size=7
G4CrossSectionHP::IsoXS neutronInelasticHP  Z= 64  A= 154 Ekin(MeV)= 0.03548  xs(b)= 0  size=7
G4CrossSectionHP::IsoXS neutronInelasticHP  Z= 64  A= 155 Ekin(MeV)= 0.03548  xs(b)= 3.607e-08  size=7
G4CrossSectionHP::IsoXS neutronInelasticHP  Z= 64  A= 156 Ekin(MeV)= 0.03548  xs(b)= 3.578e-08  size=7
G4CrossSectionHP::IsoXS neutronInelasticHP  Z= 64  A= 157 Ekin(MeV)= 0.03548  xs(b)= 1.492e-08  size=7
G4CrossSectionHP::IsoXS neutronInelasticHP  Z= 64  A= 158 Ekin(MeV)= 0.03548  xs(b)= 1.503e-08  size=7
G4CrossSectionHP::IsoXS neutronInelasticHP  Z= 64  A= 160 Ekin(MeV)= 0.03548  xs(b)= 2.34e-08  size=7
G4CrossSectionHP::IsoXS neutronElasticHP  Z= 64  A= 152 Ekin(MeV)= 0.03548  xs(b)= 14.34  size=7
G4CrossSectionHP::IsoXS neutronElasticHP  Z= 64  A= 154 Ekin(MeV)= 0.03548  xs(b)= 9.342  size=7
G4CrossSectionHP::IsoXS neutronElasticHP  Z= 64  A= 155 Ekin(MeV)= 0.03548  xs(b)= 7.146  size=7
G4CrossSectionHP::IsoXS neutronElasticHP  Z= 64  A= 156 Ekin(MeV)= 0.03548  xs(b)= 11.58  size=7
G4CrossSectionHP::IsoXS neutronElasticHP  Z= 64  A= 157 Ekin(MeV)= 0.03548  xs(b)= 8.469  size=7
G4CrossSectionHP::IsoXS neutronElasticHP  Z= 64  A= 158 Ekin(MeV)= 0.03548  xs(b)= 13.03  size=7
G4CrossSectionHP::IsoXS neutronElasticHP  Z= 64  A= 160 Ekin(MeV)= 0.03548  xs(b)= 13.62  size=7
G4CrossSectionHP::IsoXS neutronCaptureHP  Z= 64  A= 152 Ekin(MeV)= 0.03548  xs(b)= 0.8613  size=7
G4CrossSectionHP::IsoXS neutronCaptureHP  Z= 64  A= 154 Ekin(MeV)= 0.03548  xs(b)= 0.8653  size=7
G4CrossSectionHP::IsoXS neutronCaptureHP  Z= 64  A= 155 Ekin(MeV)= 0.03548  xs(b)= 2.866  size=7
G4CrossSectionHP::IsoXS neutronCaptureHP  Z= 64  A= 156 Ekin(MeV)= 0.03548  xs(b)= 0.5648  size=7
G4CrossSectionHP::IsoXS neutronCaptureHP  Z= 64  A= 157 Ekin(MeV)= 0.03548  xs(b)= 1.496  size=7
G4CrossSectionHP::IsoXS neutronCaptureHP  Z= 64  A= 158 Ekin(MeV)= 0.03548  xs(b)= 0.276  size=7
G4CrossSectionHP::IsoXS neutronCaptureHP  Z= 64  A= 160 Ekin(MeV)= 0.03548  xs(b)= 0.2189  size=7
       0.9109            0        12.11
   26     0.04467G4CrossSectionHP::IsoXS neutronElasticHP  Z= 64  A= 152 Ekin(MeV)= 0.04467  xs(b)= 13.45  size=7
G4CrossSectionHP::IsoXS neutronElasticHP  Z= 64  A= 154 Ekin(MeV)= 0.04467  xs(b)= 8.988  size=7
G4CrossSectionHP::IsoXS neutronElasticHP  Z= 64  A= 155 Ekin(MeV)= 0.04467  xs(b)= 6.909  size=7
G4CrossSectionHP::IsoXS neutronElasticHP  Z= 64  A= 156 Ekin(MeV)= 0.04467  xs(b)= 11.18  size=7
G4CrossSectionHP::IsoXS neutronElasticHP  Z= 64  A= 157 Ekin(MeV)= 0.04467  xs(b)= 8.22  size=7
G4CrossSectionHP::IsoXS neutronElasticHP  Z= 64  A= 158 Ekin(MeV)= 0.04467  xs(b)= 11.77  size=7
G4CrossSectionHP::IsoXS neutronElasticHP  Z= 64  A= 160 Ekin(MeV)= 0.04467  xs(b)= 12.31  size=7
       10.43G4CrossSectionHP::IsoXS neutronInelasticHP  Z= 64  A= 152 Ekin(MeV)= 0.04467  xs(b)= 6.815e-05  size=7
G4CrossSectionHP::IsoXS neutronInelasticHP  Z= 64  A= 154 Ekin(MeV)= 0.04467  xs(b)= 0  size=7
G4CrossSectionHP::IsoXS neutronInelasticHP  Z= 64  A= 155 Ekin(MeV)= 0.04467  xs(b)= 4.541e-08  size=7
G4CrossSectionHP::IsoXS neutronInelasticHP  Z= 64  A= 156 Ekin(MeV)= 0.04467  xs(b)= 4.504e-08  size=7
G4CrossSectionHP::IsoXS neutronInelasticHP  Z= 64  A= 157 Ekin(MeV)= 0.04467  xs(b)= 1.878e-08  size=7
G4CrossSectionHP::IsoXS neutronInelasticHP  Z= 64  A= 158 Ekin(MeV)= 0.04467  xs(b)= 1.892e-08  size=7
G4CrossSectionHP::IsoXS neutronInelasticHP  Z= 64  A= 160 Ekin(MeV)= 0.04467  xs(b)= 2.945e-08  size=7
    1.663e-07G4CrossSectionHP::IsoXS neutronInelasticHP  Z= 64  A= 152 Ekin(MeV)= 0.04467  xs(b)= 6.815e-05  size=7
G4CrossSectionHP::IsoXS neutronInelasticHP  Z= 64  A= 154 Ekin(MeV)= 0.04467  xs(b)= 0  size=7
G4CrossSectionHP::IsoXS neutronInelasticHP  Z= 64  A= 155 Ekin(MeV)= 0.04467  xs(b)= 4.541e-08  size=7
G4CrossSectionHP::IsoXS neutronInelasticHP  Z= 64  A= 156 Ekin(MeV)= 0.04467  xs(b)= 4.504e-08  size=7
G4CrossSectionHP::IsoXS neutronInelasticHP  Z= 64  A= 157 Ekin(MeV)= 0.04467  xs(b)= 1.878e-08  size=7
G4CrossSectionHP::IsoXS neutronInelasticHP  Z= 64  A= 158 Ekin(MeV)= 0.04467  xs(b)= 1.892e-08  size=7
G4CrossSectionHP::IsoXS neutronInelasticHP  Z= 64  A= 160 Ekin(MeV)= 0.04467  xs(b)= 2.945e-08  size=7
G4CrossSectionHP::IsoXS neutronElasticHP  Z= 64  A= 152 Ekin(MeV)= 0.04467  xs(b)= 13.45  size=7
G4CrossSectionHP::IsoXS neutronElasticHP  Z= 64  A= 154 Ekin(MeV)= 0.04467  xs(b)= 8.988  size=7
G4CrossSectionHP::IsoXS neutronElasticHP  Z= 64  A= 155 Ekin(MeV)= 0.04467  xs(b)= 6.909  size=7
G4CrossSectionHP::IsoXS neutronElasticHP  Z= 64  A= 156 Ekin(MeV)= 0.04467  xs(b)= 11.18  size=7
G4CrossSectionHP::IsoXS neutronElasticHP  Z= 64  A= 157 Ekin(MeV)= 0.04467  xs(b)= 8.22  size=7
G4CrossSectionHP::IsoXS neutronElasticHP  Z= 64  A= 158 Ekin(MeV)= 0.04467  xs(b)= 11.77  size=7
G4CrossSectionHP::IsoXS neutronElasticHP  Z= 64  A= 160 Ekin(MeV)= 0.04467  xs(b)= 12.31  size=7
G4CrossSectionHP::IsoXS neutronCaptureHP  Z= 64  A= 152 Ekin(MeV)= 0.04467  xs(b)= 0.7759  size=7
G4CrossSectionHP::IsoXS neutronCaptureHP  Z= 64  A= 154 Ekin(MeV)= 0.04467  xs(b)= 0.7653  size=7
G4CrossSectionHP::IsoXS neutronCaptureHP  Z= 64  A= 155 Ekin(MeV)= 0.04467  xs(b)= 2.554  size=7
G4CrossSectionHP::IsoXS neutronCaptureHP  Z= 64  A= 156 Ekin(MeV)= 0.04467  xs(b)= 0.506  size=7
G4CrossSectionHP::IsoXS neutronCaptureHP  Z= 64  A= 157 Ekin(MeV)= 0.04467  xs(b)= 1.298  size=7
G4CrossSectionHP::IsoXS neutronCaptureHP  Z= 64  A= 158 Ekin(MeV)= 0.04467  xs(b)= 0.2567  size=7
G4CrossSectionHP::IsoXS neutronCaptureHP  Z= 64  A= 160 Ekin(MeV)= 0.04467  xs(b)= 0.2068  size=7
       0.8118            0        11.25
   27     0.05623G4CrossSectionHP::IsoXS neutronElasticHP  Z= 64  A= 152 Ekin(MeV)= 0.05623  xs(b)= 12.61  size=7
G4CrossSectionHP::IsoXS neutronElasticHP  Z= 64  A= 154 Ekin(MeV)= 0.05623  xs(b)= 8.67  size=7
G4CrossSectionHP::IsoXS neutronElasticHP  Z= 64  A= 155 Ekin(MeV)= 0.05623  xs(b)= 6.689  size=7
G4CrossSectionHP::IsoXS neutronElasticHP  Z= 64  A= 156 Ekin(MeV)= 0.05623  xs(b)= 10.72  size=7
G4CrossSectionHP::IsoXS neutronElasticHP  Z= 64  A= 157 Ekin(MeV)= 0.05623  xs(b)= 7.926  size=7
G4CrossSectionHP::IsoXS neutronElasticHP  Z= 64  A= 158 Ekin(MeV)= 0.05623  xs(b)= 10.67  size=7
G4CrossSectionHP::IsoXS neutronElasticHP  Z= 64  A= 160 Ekin(MeV)= 0.05623  xs(b)= 11.16  size=7
       9.729G4CrossSectionHP::IsoXS neutronInelasticHP  Z= 64  A= 152 Ekin(MeV)= 0.05623  xs(b)= 6.471e-05  size=7
G4CrossSectionHP::IsoXS neutronInelasticHP  Z= 64  A= 154 Ekin(MeV)= 0.05623  xs(b)= 0  size=7
G4CrossSectionHP::IsoXS neutronInelasticHP  Z= 64  A= 155 Ekin(MeV)= 0.05623  xs(b)= 8.098e-08  size=7
G4CrossSectionHP::IsoXS neutronInelasticHP  Z= 64  A= 156 Ekin(MeV)= 0.05623  xs(b)= 5.67e-08  size=7
G4CrossSectionHP::IsoXS neutronInelasticHP  Z= 64  A= 157 Ekin(MeV)= 0.05623  xs(b)= 0.06946  size=7
G4CrossSectionHP::IsoXS neutronInelasticHP  Z= 64  A= 158 Ekin(MeV)= 0.05623  xs(b)= 2.382e-08  size=7
G4CrossSectionHP::IsoXS neutronInelasticHP  Z= 64  A= 160 Ekin(MeV)= 0.05623  xs(b)= 3.708e-08  size=7
      0.01087G4CrossSectionHP::IsoXS neutronInelasticHP  Z= 64  A= 152 Ekin(MeV)= 0.05623  xs(b)= 6.471e-05  size=7
G4CrossSectionHP::IsoXS neutronInelasticHP  Z= 64  A= 154 Ekin(MeV)= 0.05623  xs(b)= 0  size=7
G4CrossSectionHP::IsoXS neutronInelasticHP  Z= 64  A= 155 Ekin(MeV)= 0.05623  xs(b)= 8.098e-08  size=7
G4CrossSectionHP::IsoXS neutronInelasticHP  Z= 64  A= 156 Ekin(MeV)= 0.05623  xs(b)= 5.67e-08  size=7
G4CrossSectionHP::IsoXS neutronInelasticHP  Z= 64  A= 157 Ekin(MeV)= 0.05623  xs(b)= 0.06946  size=7
G4CrossSectionHP::IsoXS neutronInelasticHP  Z= 64  A= 158 Ekin(MeV)= 0.05623  xs(b)= 2.382e-08  size=7
G4CrossSectionHP::IsoXS neutronInelasticHP  Z= 64  A= 160 Ekin(MeV)= 0.05623  xs(b)= 3.708e-08  size=7
G4CrossSectionHP::IsoXS neutronElasticHP  Z= 64  A= 152 Ekin(MeV)= 0.05623  xs(b)= 12.61  size=7
G4CrossSectionHP::IsoXS neutronElasticHP  Z= 64  A= 154 Ekin(MeV)= 0.05623  xs(b)= 8.67  size=7
G4CrossSectionHP::IsoXS neutronElasticHP  Z= 64  A= 155 Ekin(MeV)= 0.05623  xs(b)= 6.689  size=7
G4CrossSectionHP::IsoXS neutronElasticHP  Z= 64  A= 156 Ekin(MeV)= 0.05623  xs(b)= 10.72  size=7
G4CrossSectionHP::IsoXS neutronElasticHP  Z= 64  A= 157 Ekin(MeV)= 0.05623  xs(b)= 7.926  size=7
G4CrossSectionHP::IsoXS neutronElasticHP  Z= 64  A= 158 Ekin(MeV)= 0.05623  xs(b)= 10.67  size=7
G4CrossSectionHP::IsoXS neutronElasticHP  Z= 64  A= 160 Ekin(MeV)= 0.05623  xs(b)= 11.16  size=7
G4CrossSectionHP::IsoXS neutronCaptureHP  Z= 64  A= 152 Ekin(MeV)= 0.05623  xs(b)= 0.7046  size=7
G4CrossSectionHP::IsoXS neutronCaptureHP  Z= 64  A= 154 Ekin(MeV)= 0.05623  xs(b)= 0.6763  size=7
G4CrossSectionHP::IsoXS neutronCaptureHP  Z= 64  A= 155 Ekin(MeV)= 0.05623  xs(b)= 2.305  size=7
G4CrossSectionHP::IsoXS neutronCaptureHP  Z= 64  A= 156 Ekin(MeV)= 0.05623  xs(b)= 0.4484  size=7
G4CrossSectionHP::IsoXS neutronCaptureHP  Z= 64  A= 157 Ekin(MeV)= 0.05623  xs(b)= 1.115  size=7
G4CrossSectionHP::IsoXS neutronCaptureHP  Z= 64  A= 158 Ekin(MeV)= 0.05623  xs(b)= 0.2296  size=7
G4CrossSectionHP::IsoXS neutronCaptureHP  Z= 64  A= 160 Ekin(MeV)= 0.05623  xs(b)= 0.1838  size=7
       0.7209            0        10.46
   28     0.07079G4CrossSectionHP::IsoXS neutronElasticHP  Z= 64  A= 152 Ekin(MeV)= 0.07079  xs(b)= 11.83  size=7
G4CrossSectionHP::IsoXS neutronElasticHP  Z= 64  A= 154 Ekin(MeV)= 0.07079  xs(b)= 8.375  size=7
G4CrossSectionHP::IsoXS neutronElasticHP  Z= 64  A= 155 Ekin(MeV)= 0.07079  xs(b)= 6.225  size=7
G4CrossSectionHP::IsoXS neutronElasticHP  Z= 64  A= 156 Ekin(MeV)= 0.07079  xs(b)= 9.56  size=7
G4CrossSectionHP::IsoXS neutronElasticHP  Z= 64  A= 157 Ekin(MeV)= 0.07079  xs(b)= 7.459  size=7
G4CrossSectionHP::IsoXS neutronElasticHP  Z= 64  A= 158 Ekin(MeV)= 0.07079  xs(b)= 9.712  size=7
G4CrossSectionHP::IsoXS neutronElasticHP  Z= 64  A= 160 Ekin(MeV)= 0.07079  xs(b)= 10.14  size=7
        8.88G4CrossSectionHP::IsoXS neutronInelasticHP  Z= 64  A= 152 Ekin(MeV)= 0.07079  xs(b)= 6.214e-05  size=7
G4CrossSectionHP::IsoXS neutronInelasticHP  Z= 64  A= 154 Ekin(MeV)= 0.07079  xs(b)= 0  size=7
G4CrossSectionHP::IsoXS neutronInelasticHP  Z= 64  A= 155 Ekin(MeV)= 0.07079  xs(b)= 0.0901  size=7
G4CrossSectionHP::IsoXS neutronInelasticHP  Z= 64  A= 156 Ekin(MeV)= 0.07079  xs(b)= 7.138e-08  size=7
G4CrossSectionHP::IsoXS neutronInelasticHP  Z= 64  A= 157 Ekin(MeV)= 0.07079  xs(b)= 0.5401  size=7
G4CrossSectionHP::IsoXS neutronInelasticHP  Z= 64  A= 158 Ekin(MeV)= 0.07079  xs(b)= 2.999e-08  size=7
G4CrossSectionHP::IsoXS neutronInelasticHP  Z= 64  A= 160 Ekin(MeV)= 0.07079  xs(b)= 4.668e-08  size=7
      0.09785G4CrossSectionHP::IsoXS neutronInelasticHP  Z= 64  A= 152 Ekin(MeV)= 0.07079  xs(b)= 6.214e-05  size=7
G4CrossSectionHP::IsoXS neutronInelasticHP  Z= 64  A= 154 Ekin(MeV)= 0.07079  xs(b)= 0  size=7
G4CrossSectionHP::IsoXS neutronInelasticHP  Z= 64  A= 155 Ekin(MeV)= 0.07079  xs(b)= 0.0901  size=7
G4CrossSectionHP::IsoXS neutronInelasticHP  Z= 64  A= 156 Ekin(MeV)= 0.07079  xs(b)= 7.138e-08  size=7
G4CrossSectionHP::IsoXS neutronInelasticHP  Z= 64  A= 157 Ekin(MeV)= 0.07079  xs(b)= 0.5401  size=7
G4CrossSectionHP::IsoXS neutronInelasticHP  Z= 64  A= 158 Ekin(MeV)= 0.07079  xs(b)= 2.999e-08  size=7
G4CrossSectionHP::IsoXS neutronInelasticHP  Z= 64  A= 160 Ekin(MeV)= 0.07079  xs(b)= 4.668e-08  size=7
G4CrossSectionHP::IsoXS neutronElasticHP  Z= 64  A= 152 Ekin(MeV)= 0.07079  xs(b)= 11.83  size=7
G4CrossSectionHP::IsoXS neutronElasticHP  Z= 64  A= 154 Ekin(MeV)= 0.07079  xs(b)= 8.375  size=7
G4CrossSectionHP::IsoXS neutronElasticHP  Z= 64  A= 155 Ekin(MeV)= 0.07079  xs(b)= 6.225  size=7
G4CrossSectionHP::IsoXS neutronElasticHP  Z= 64  A= 156 Ekin(MeV)= 0.07079  xs(b)= 9.56  size=7
G4CrossSectionHP::IsoXS neutronElasticHP  Z= 64  A= 157 Ekin(MeV)= 0.07079  xs(b)= 7.459  size=7
G4CrossSectionHP::IsoXS neutronElasticHP  Z= 64  A= 158 Ekin(MeV)= 0.07079  xs(b)= 9.712  size=7
G4CrossSectionHP::IsoXS neutronElasticHP  Z= 64  A= 160 Ekin(MeV)= 0.07079  xs(b)= 10.14  size=7
G4CrossSectionHP::IsoXS neutronCaptureHP  Z= 64  A= 152 Ekin(MeV)= 0.07079  xs(b)= 0.6479  size=7
G4CrossSectionHP::IsoXS neutronCaptureHP  Z= 64  A= 154 Ekin(MeV)= 0.07079  xs(b)= 0.5974  size=7
G4CrossSectionHP::IsoXS neutronCaptureHP  Z= 64  A= 155 Ekin(MeV)= 0.07079  xs(b)= 1.982  size=7
G4CrossSectionHP::IsoXS neutronCaptureHP  Z= 64  A= 156 Ekin(MeV)= 0.07079  xs(b)= 0.402  size=7
G4CrossSectionHP::IsoXS neutronCaptureHP  Z= 64  A= 157 Ekin(MeV)= 0.07079  xs(b)= 0.8547  size=7
G4CrossSectionHP::IsoXS neutronCaptureHP  Z= 64  A= 158 Ekin(MeV)= 0.07079  xs(b)= 0.1974  size=7
G4CrossSectionHP::IsoXS neutronCaptureHP  Z= 64  A= 160 Ekin(MeV)= 0.07079  xs(b)= 0.1542  size=7
       0.6064            0        9.585
   29     0.08913G4CrossSectionHP::IsoXS neutronElasticHP  Z= 64  A= 152 Ekin(MeV)= 0.08913  xs(b)= 11.09  size=7
G4CrossSectionHP::IsoXS neutronElasticHP  Z= 64  A= 154 Ekin(MeV)= 0.08913  xs(b)= 8.087  size=7
G4CrossSectionHP::IsoXS neutronElasticHP  Z= 64  A= 155 Ekin(MeV)= 0.08913  xs(b)= 5.861  size=7
G4CrossSectionHP::IsoXS neutronElasticHP  Z= 64  A= 156 Ekin(MeV)= 0.08913  xs(b)= 8.293  size=7
G4CrossSectionHP::IsoXS neutronElasticHP  Z= 64  A= 157 Ekin(MeV)= 0.08913  xs(b)= 7.148  size=7
G4CrossSectionHP::IsoXS neutronElasticHP  Z= 64  A= 158 Ekin(MeV)= 0.08913  xs(b)= 8.759  size=7
G4CrossSectionHP::IsoXS neutronElasticHP  Z= 64  A= 160 Ekin(MeV)= 0.08913  xs(b)= 9.119  size=7
       8.051G4CrossSectionHP::IsoXS neutronInelasticHP  Z= 64  A= 152 Ekin(MeV)= 0.08913  xs(b)= 5.979e-05  size=7
G4CrossSectionHP::IsoXS neutronInelasticHP  Z= 64  A= 154 Ekin(MeV)= 0.08913  xs(b)= 1.473e-11  size=7
G4CrossSectionHP::IsoXS neutronInelasticHP  Z= 64  A= 155 Ekin(MeV)= 0.08913  xs(b)= 0.1972  size=7
G4CrossSectionHP::IsoXS neutronInelasticHP  Z= 64  A= 156 Ekin(MeV)= 0.08913  xs(b)= 8.987e-08  size=7
G4CrossSectionHP::IsoXS neutronInelasticHP  Z= 64  A= 157 Ekin(MeV)= 0.08913  xs(b)= 0.6334  size=7
G4CrossSectionHP::IsoXS neutronInelasticHP  Z= 64  A= 158 Ekin(MeV)= 0.08913  xs(b)= 0.05965  size=7
G4CrossSectionHP::IsoXS neutronInelasticHP  Z= 64  A= 160 Ekin(MeV)= 0.08913  xs(b)= 0.08533  size=7
       0.1618G4CrossSectionHP::IsoXS neutronInelasticHP  Z= 64  A= 152 Ekin(MeV)= 0.08913  xs(b)= 5.979e-05  size=7
G4CrossSectionHP::IsoXS neutronInelasticHP  Z= 64  A= 154 Ekin(MeV)= 0.08913  xs(b)= 1.473e-11  size=7
G4CrossSectionHP::IsoXS neutronInelasticHP  Z= 64  A= 155 Ekin(MeV)= 0.08913  xs(b)= 0.1972  size=7
G4CrossSectionHP::IsoXS neutronInelasticHP  Z= 64  A= 156 Ekin(MeV)= 0.08913  xs(b)= 8.987e-08  size=7
G4CrossSectionHP::IsoXS neutronInelasticHP  Z= 64  A= 157 Ekin(MeV)= 0.08913  xs(b)= 0.6334  size=7
G4CrossSectionHP::IsoXS neutronInelasticHP  Z= 64  A= 158 Ekin(MeV)= 0.08913  xs(b)= 0.05965  size=7
G4CrossSectionHP::IsoXS neutronInelasticHP  Z= 64  A= 160 Ekin(MeV)= 0.08913  xs(b)= 0.08533  size=7
G4CrossSectionHP::IsoXS neutronElasticHP  Z= 64  A= 152 Ekin(MeV)= 0.08913  xs(b)= 11.09  size=7
G4CrossSectionHP::IsoXS neutronElasticHP  Z= 64  A= 154 Ekin(MeV)= 0.08913  xs(b)= 8.087  size=7
G4CrossSectionHP::IsoXS neutronElasticHP  Z= 64  A= 155 Ekin(MeV)= 0.08913  xs(b)= 5.861  size=7
G4CrossSectionHP::IsoXS neutronElasticHP  Z= 64  A= 156 Ekin(MeV)= 0.08913  xs(b)= 8.293  size=7
G4CrossSectionHP::IsoXS neutronElasticHP  Z= 64  A= 157 Ekin(MeV)= 0.08913  xs(b)= 7.148  size=7
G4CrossSectionHP::IsoXS neutronElasticHP  Z= 64  A= 158 Ekin(MeV)= 0.08913  xs(b)= 8.759  size=7
G4CrossSectionHP::IsoXS neutronElasticHP  Z= 64  A= 160 Ekin(MeV)= 0.08913  xs(b)= 9.119  size=7
G4CrossSectionHP::IsoXS neutronCaptureHP  Z= 64  A= 152 Ekin(MeV)= 0.08913  xs(b)= 0.6061  size=7
G4CrossSectionHP::IsoXS neutronCaptureHP  Z= 64  A= 154 Ekin(MeV)= 0.08913  xs(b)= 0.5293  size=7
G4CrossSectionHP::IsoXS neutronCaptureHP  Z= 64  A= 155 Ekin(MeV)= 0.08913  xs(b)= 1.663  size=7
G4CrossSectionHP::IsoXS neutronCaptureHP  Z= 64  A= 156 Ekin(MeV)= 0.08913  xs(b)= 0.3604  size=7
G4CrossSectionHP::IsoXS neutronCaptureHP  Z= 64  A= 157 Ekin(MeV)= 0.08913  xs(b)= 0.7138  size=7
G4CrossSectionHP::IsoXS neutronCaptureHP  Z= 64  A= 158 Ekin(MeV)= 0.08913  xs(b)= 0.1698  size=7
G4CrossSectionHP::IsoXS neutronCaptureHP  Z= 64  A= 160 Ekin(MeV)= 0.08913  xs(b)= 0.1294  size=7
       0.5149            0        8.728
   30      0.1122G4CrossSectionHP::IsoXS neutronElasticHP  Z= 64  A= 152 Ekin(MeV)= 0.1122  xs(b)= 10.4  size=7
G4CrossSectionHP::IsoXS neutronElasticHP  Z= 64  A= 154 Ekin(MeV)= 0.1122  xs(b)= 7.808  size=7
G4CrossSectionHP::IsoXS neutronElasticHP  Z= 64  A= 155 Ekin(MeV)= 0.1122  xs(b)= 6.185  size=7
G4CrossSectionHP::IsoXS neutronElasticHP  Z= 64  A= 156 Ekin(MeV)= 0.1122  xs(b)= 7.517  size=7
G4CrossSectionHP::IsoXS neutronElasticHP  Z= 64  A= 157 Ekin(MeV)= 0.1122  xs(b)= 6.583  size=7
G4CrossSectionHP::IsoXS neutronElasticHP  Z= 64  A= 158 Ekin(MeV)= 0.1122  xs(b)= 7.91  size=7
G4CrossSectionHP::IsoXS neutronElasticHP  Z= 64  A= 160 Ekin(MeV)= 0.1122  xs(b)= 8.228  size=7
       7.439G4CrossSectionHP::IsoXS neutronInelasticHP  Z= 64  A= 152 Ekin(MeV)= 0.1122  xs(b)= 5.777e-05  size=7
G4CrossSectionHP::IsoXS neutronInelasticHP  Z= 64  A= 154 Ekin(MeV)= 0.1122  xs(b)= 1.158e-10  size=7
G4CrossSectionHP::IsoXS neutronInelasticHP  Z= 64  A= 155 Ekin(MeV)= 0.1122  xs(b)= 0.3578  size=7
G4CrossSectionHP::IsoXS neutronInelasticHP  Z= 64  A= 156 Ekin(MeV)= 0.1122  xs(b)= 0.1458  size=7
G4CrossSectionHP::IsoXS neutronInelasticHP  Z= 64  A= 157 Ekin(MeV)= 0.1122  xs(b)= 0.6455  size=7
G4CrossSectionHP::IsoXS neutronInelasticHP  Z= 64  A= 158 Ekin(MeV)= 0.1122  xs(b)= 0.166  size=7
G4CrossSectionHP::IsoXS neutronInelasticHP  Z= 64  A= 160 Ekin(MeV)= 0.1122  xs(b)= 0.1845  size=7
       0.2654G4CrossSectionHP::IsoXS neutronInelasticHP  Z= 64  A= 152 Ekin(MeV)= 0.1122  xs(b)= 5.777e-05  size=7
G4CrossSectionHP::IsoXS neutronInelasticHP  Z= 64  A= 154 Ekin(MeV)= 0.1122  xs(b)= 1.158e-10  size=7
G4CrossSectionHP::IsoXS neutronInelasticHP  Z= 64  A= 155 Ekin(MeV)= 0.1122  xs(b)= 0.3578  size=7
G4CrossSectionHP::IsoXS neutronInelasticHP  Z= 64  A= 156 Ekin(MeV)= 0.1122  xs(b)= 0.1458  size=7
G4CrossSectionHP::IsoXS neutronInelasticHP  Z= 64  A= 157 Ekin(MeV)= 0.1122  xs(b)= 0.6455  size=7
G4CrossSectionHP::IsoXS neutronInelasticHP  Z= 64  A= 158 Ekin(MeV)= 0.1122  xs(b)= 0.166  size=7
G4CrossSectionHP::IsoXS neutronInelasticHP  Z= 64  A= 160 Ekin(MeV)= 0.1122  xs(b)= 0.1845  size=7
G4CrossSectionHP::IsoXS neutronElasticHP  Z= 64  A= 152 Ekin(MeV)= 0.1122  xs(b)= 10.4  size=7
G4CrossSectionHP::IsoXS neutronElasticHP  Z= 64  A= 154 Ekin(MeV)= 0.1122  xs(b)= 7.808  size=7
G4CrossSectionHP::IsoXS neutronElasticHP  Z= 64  A= 155 Ekin(MeV)= 0.1122  xs(b)= 6.185  size=7
G4CrossSectionHP::IsoXS neutronElasticHP  Z= 64  A= 156 Ekin(MeV)= 0.1122  xs(b)= 7.517  size=7
G4CrossSectionHP::IsoXS neutronElasticHP  Z= 64  A= 157 Ekin(MeV)= 0.1122  xs(b)= 6.583  size=7
G4CrossSectionHP::IsoXS neutronElasticHP  Z= 64  A= 158 Ekin(MeV)= 0.1122  xs(b)= 7.91  size=7
G4CrossSectionHP::IsoXS neutronElasticHP  Z= 64  A= 160 Ekin(MeV)= 0.1122  xs(b)= 8.228  size=7
G4CrossSectionHP::IsoXS neutronCaptureHP  Z= 64  A= 152 Ekin(MeV)= 0.1122  xs(b)= 0.5768  size=7
G4CrossSectionHP::IsoXS neutronCaptureHP  Z= 64  A= 154 Ekin(MeV)= 0.1122  xs(b)= 0.4721  size=7
G4CrossSectionHP::IsoXS neutronCaptureHP  Z= 64  A= 155 Ekin(MeV)= 0.1122  xs(b)= 1.407  size=7
G4CrossSectionHP::IsoXS neutronCaptureHP  Z= 64  A= 156 Ekin(MeV)= 0.1122  xs(b)= 0.29  size=7
G4CrossSectionHP::IsoXS neutronCaptureHP  Z= 64  A= 157 Ekin(MeV)= 0.1122  xs(b)= 0.6359  size=7
G4CrossSectionHP::IsoXS neutronCaptureHP  Z= 64  A= 158 Ekin(MeV)= 0.1122  xs(b)= 0.1481  size=7
G4CrossSectionHP::IsoXS neutronCaptureHP  Z= 64  A= 160 Ekin(MeV)= 0.1122  xs(b)= 0.1121  size=7
       0.4399            0        8.144
   31      0.1413G4CrossSectionHP::IsoXS neutronElasticHP  Z= 64  A= 152 Ekin(MeV)= 0.1413  xs(b)= 9.743  size=7
G4CrossSectionHP::IsoXS neutronElasticHP  Z= 64  A= 154 Ekin(MeV)= 0.1413  xs(b)= 7.485  size=7
G4CrossSectionHP::IsoXS neutronElasticHP  Z= 64  A= 155 Ekin(MeV)= 0.1413  xs(b)= 5.961  size=7
G4CrossSectionHP::IsoXS neutronElasticHP  Z= 64  A= 156 Ekin(MeV)= 0.1413  xs(b)= 6.86  size=7
G4CrossSectionHP::IsoXS neutronElasticHP  Z= 64  A= 157 Ekin(MeV)= 0.1413  xs(b)= 6.03  size=7
G4CrossSectionHP::IsoXS neutronElasticHP  Z= 64  A= 158 Ekin(MeV)= 0.1413  xs(b)= 7.197  size=7
G4CrossSectionHP::IsoXS neutronElasticHP  Z= 64  A= 160 Ekin(MeV)= 0.1413  xs(b)= 7.46  size=7
       6.831G4CrossSectionHP::IsoXS neutronInelasticHP  Z= 64  A= 152 Ekin(MeV)= 0.1413  xs(b)= 5.615e-05  size=7
G4CrossSectionHP::IsoXS neutronInelasticHP  Z= 64  A= 154 Ekin(MeV)= 0.1413  xs(b)= 0.09977  size=7
G4CrossSectionHP::IsoXS neutronInelasticHP  Z= 64  A= 155 Ekin(MeV)= 0.1413  xs(b)= 0.4994  size=7
G4CrossSectionHP::IsoXS neutronInelasticHP  Z= 64  A= 156 Ekin(MeV)= 0.1413  xs(b)= 0.2338  size=7
G4CrossSectionHP::IsoXS neutronInelasticHP  Z= 64  A= 157 Ekin(MeV)= 0.1413  xs(b)= 0.688  size=7
G4CrossSectionHP::IsoXS neutronInelasticHP  Z= 64  A= 158 Ekin(MeV)= 0.1413  xs(b)= 0.2471  size=7
G4CrossSectionHP::IsoXS neutronInelasticHP  Z= 64  A= 160 Ekin(MeV)= 0.1413  xs(b)= 0.2679  size=7
       0.3516G4CrossSectionHP::IsoXS neutronInelasticHP  Z= 64  A= 152 Ekin(MeV)= 0.1413  xs(b)= 5.615e-05  size=7
G4CrossSectionHP::IsoXS neutronInelasticHP  Z= 64  A= 154 Ekin(MeV)= 0.1413  xs(b)= 0.09977  size=7
G4CrossSectionHP::IsoXS neutronInelasticHP  Z= 64  A= 155 Ekin(MeV)= 0.1413  xs(b)= 0.4994  size=7
G4CrossSectionHP::IsoXS neutronInelasticHP  Z= 64  A= 156 Ekin(MeV)= 0.1413  xs(b)= 0.2338  size=7
G4CrossSectionHP::IsoXS neutronInelasticHP  Z= 64  A= 157 Ekin(MeV)= 0.1413  xs(b)= 0.688  size=7
G4CrossSectionHP::IsoXS neutronInelasticHP  Z= 64  A= 158 Ekin(MeV)= 0.1413  xs(b)= 0.2471  size=7
G4CrossSectionHP::IsoXS neutronInelasticHP  Z= 64  A= 160 Ekin(MeV)= 0.1413  xs(b)= 0.2679  size=7
G4CrossSectionHP::IsoXS neutronElasticHP  Z= 64  A= 152 Ekin(MeV)= 0.1413  xs(b)= 9.743  size=7
G4CrossSectionHP::IsoXS neutronElasticHP  Z= 64  A= 154 Ekin(MeV)= 0.1413  xs(b)= 7.485  size=7
G4CrossSectionHP::IsoXS neutronElasticHP  Z= 64  A= 155 Ekin(MeV)= 0.1413  xs(b)= 5.961  size=7
G4CrossSectionHP::IsoXS neutronElasticHP  Z= 64  A= 156 Ekin(MeV)= 0.1413  xs(b)= 6.86  size=7
G4CrossSectionHP::IsoXS neutronElasticHP  Z= 64  A= 157 Ekin(MeV)= 0.1413  xs(b)= 6.03  size=7
G4CrossSectionHP::IsoXS neutronElasticHP  Z= 64  A= 158 Ekin(MeV)= 0.1413  xs(b)= 7.197  size=7
G4CrossSectionHP::IsoXS neutronElasticHP  Z= 64  A= 160 Ekin(MeV)= 0.1413  xs(b)= 7.46  size=7
G4CrossSectionHP::IsoXS neutronCaptureHP  Z= 64  A= 152 Ekin(MeV)= 0.1413  xs(b)= 0.5576  size=7
G4CrossSectionHP::IsoXS neutronCaptureHP  Z= 64  A= 154 Ekin(MeV)= 0.1413  xs(b)= 0.4309  size=7
G4CrossSectionHP::IsoXS neutronCaptureHP  Z= 64  A= 155 Ekin(MeV)= 0.1413  xs(b)= 1.222  size=7
G4CrossSectionHP::IsoXS neutronCaptureHP  Z= 64  A= 156 Ekin(MeV)= 0.1413  xs(b)= 0.2587  size=7
G4CrossSectionHP::IsoXS neutronCaptureHP  Z= 64  A= 157 Ekin(MeV)= 0.1413  xs(b)= 0.5527  size=7
G4CrossSectionHP::IsoXS neutronCaptureHP  Z= 64  A= 158 Ekin(MeV)= 0.1413  xs(b)= 0.1311  size=7
G4CrossSectionHP::IsoXS neutronCaptureHP  Z= 64  A= 160 Ekin(MeV)= 0.1413  xs(b)= 0.1004  size=7
       0.3854            0        7.568
   32      0.1778G4CrossSectionHP::IsoXS neutronElasticHP  Z= 64  A= 152 Ekin(MeV)= 0.1778  xs(b)= 9.127  size=7
G4CrossSectionHP::IsoXS neutronElasticHP  Z= 64  A= 154 Ekin(MeV)= 0.1778  xs(b)= 7.174  size=7
G4CrossSectionHP::IsoXS neutronElasticHP  Z= 64  A= 155 Ekin(MeV)= 0.1778  xs(b)= 5.772  size=7
G4CrossSectionHP::IsoXS neutronElasticHP  Z= 64  A= 156 Ekin(MeV)= 0.1778  xs(b)= 6.279  size=7
G4CrossSectionHP::IsoXS neutronElasticHP  Z= 64  A= 157 Ekin(MeV)= 0.1778  xs(b)= 5.556  size=7
G4CrossSectionHP::IsoXS neutronElasticHP  Z= 64  A= 158 Ekin(MeV)= 0.1778  xs(b)= 6.518  size=7
G4CrossSectionHP::IsoXS neutronElasticHP  Z= 64  A= 160 Ekin(MeV)= 0.1778  xs(b)= 6.734  size=7
       6.275G4CrossSectionHP::IsoXS neutronInelasticHP  Z= 64  A= 152 Ekin(MeV)= 0.1778  xs(b)= 5.465e-05  size=7
G4CrossSectionHP::IsoXS neutronInelasticHP  Z= 64  A= 154 Ekin(MeV)= 0.1778  xs(b)= 0.2433  size=7
G4CrossSectionHP::IsoXS neutronInelasticHP  Z= 64  A= 155 Ekin(MeV)= 0.1778  xs(b)= 0.619  size=7
G4CrossSectionHP::IsoXS neutronInelasticHP  Z= 64  A= 156 Ekin(MeV)= 0.1778  xs(b)= 0.3446  size=7
G4CrossSectionHP::IsoXS neutronInelasticHP  Z= 64  A= 157 Ekin(MeV)= 0.1778  xs(b)= 0.7459  size=7
G4CrossSectionHP::IsoXS neutronInelasticHP  Z= 64  A= 158 Ekin(MeV)= 0.1778  xs(b)= 0.3483  size=7
G4CrossSectionHP::IsoXS neutronInelasticHP  Z= 64  A= 160 Ekin(MeV)= 0.1778  xs(b)= 0.3726  size=7
       0.4522G4CrossSectionHP::IsoXS neutronInelasticHP  Z= 64  A= 152 Ekin(MeV)= 0.1778  xs(b)= 5.465e-05  size=7
G4CrossSectionHP::IsoXS neutronInelasticHP  Z= 64  A= 154 Ekin(MeV)= 0.1778  xs(b)= 0.2433  size=7
G4CrossSectionHP::IsoXS neutronInelasticHP  Z= 64  A= 155 Ekin(MeV)= 0.1778  xs(b)= 0.619  size=7
G4CrossSectionHP::IsoXS neutronInelasticHP  Z= 64  A= 156 Ekin(MeV)= 0.1778  xs(b)= 0.3446  size=7
G4CrossSectionHP::IsoXS neutronInelasticHP  Z= 64  A= 157 Ekin(MeV)= 0.1778  xs(b)= 0.7459  size=7
G4CrossSectionHP::IsoXS neutronInelasticHP  Z= 64  A= 158 Ekin(MeV)= 0.1778  xs(b)= 0.3483  size=7
G4CrossSectionHP::IsoXS neutronInelasticHP  Z= 64  A= 160 Ekin(MeV)= 0.1778  xs(b)= 0.3726  size=7
G4CrossSectionHP::IsoXS neutronElasticHP  Z= 64  A= 152 Ekin(MeV)= 0.1778  xs(b)= 9.127  size=7
G4CrossSectionHP::IsoXS neutronElasticHP  Z= 64  A= 154 Ekin(MeV)= 0.1778  xs(b)= 7.174  size=7
G4CrossSectionHP::IsoXS neutronElasticHP  Z= 64  A= 155 Ekin(MeV)= 0.1778  xs(b)= 5.772  size=7
G4CrossSectionHP::IsoXS neutronElasticHP  Z= 64  A= 156 Ekin(MeV)= 0.1778  xs(b)= 6.279  size=7
G4CrossSectionHP::IsoXS neutronElasticHP  Z= 64  A= 157 Ekin(MeV)= 0.1778  xs(b)= 5.556  size=7
G4CrossSectionHP::IsoXS neutronElasticHP  Z= 64  A= 158 Ekin(MeV)= 0.1778  xs(b)= 6.518  size=7
G4CrossSectionHP::IsoXS neutronElasticHP  Z= 64  A= 160 Ekin(MeV)= 0.1778  xs(b)= 6.734  size=7
G4CrossSectionHP::IsoXS neutronCaptureHP  Z= 64  A= 152 Ekin(MeV)= 0.1778  xs(b)= 0.5432  size=7
G4CrossSectionHP::IsoXS neutronCaptureHP  Z= 64  A= 154 Ekin(MeV)= 0.1778  xs(b)= 0.3922  size=7
G4CrossSectionHP::IsoXS neutronCaptureHP  Z= 64  A= 155 Ekin(MeV)= 0.1778  xs(b)= 1.08  size=7
G4CrossSectionHP::IsoXS neutronCaptureHP  Z= 64  A= 156 Ekin(MeV)= 0.1778  xs(b)= 0.2305  size=7
G4CrossSectionHP::IsoXS neutronCaptureHP  Z= 64  A= 157 Ekin(MeV)= 0.1778  xs(b)= 0.4875  size=7
G4CrossSectionHP::IsoXS neutronCaptureHP  Z= 64  A= 158 Ekin(MeV)= 0.1778  xs(b)= 0.116  size=7
G4CrossSectionHP::IsoXS neutronCaptureHP  Z= 64  A= 160 Ekin(MeV)= 0.1778  xs(b)= 0.08997  size=7
       0.3415            0        7.068
   33      0.2239G4CrossSectionHP::IsoXS neutronElasticHP  Z= 64  A= 152 Ekin(MeV)= 0.2239  xs(b)= 8.562  size=7
G4CrossSectionHP::IsoXS neutronElasticHP  Z= 64  A= 154 Ekin(MeV)= 0.2239  xs(b)= 6.844  size=7
G4CrossSectionHP::IsoXS neutronElasticHP  Z= 64  A= 155 Ekin(MeV)= 0.2239  xs(b)= 5.611  size=7
G4CrossSectionHP::IsoXS neutronElasticHP  Z= 64  A= 156 Ekin(MeV)= 0.2239  xs(b)= 5.797  size=7
G4CrossSectionHP::IsoXS neutronElasticHP  Z= 64  A= 157 Ekin(MeV)= 0.2239  xs(b)= 5.173  size=7
G4CrossSectionHP::IsoXS neutronElasticHP  Z= 64  A= 158 Ekin(MeV)= 0.2239  xs(b)= 5.99  size=7
G4CrossSectionHP::IsoXS neutronElasticHP  Z= 64  A= 160 Ekin(MeV)= 0.2239  xs(b)= 6.168  size=7
       5.829G4CrossSectionHP::IsoXS neutronInelasticHP  Z= 64  A= 152 Ekin(MeV)= 0.2239  xs(b)= 5.329e-05  size=7
G4CrossSectionHP::IsoXS neutronInelasticHP  Z= 64  A= 154 Ekin(MeV)= 0.2239  xs(b)= 0.3881  size=7
G4CrossSectionHP::IsoXS neutronInelasticHP  Z= 64  A= 155 Ekin(MeV)= 0.2239  xs(b)= 0.7275  size=7
G4CrossSectionHP::IsoXS neutronInelasticHP  Z= 64  A= 156 Ekin(MeV)= 0.2239  xs(b)= 0.4779  size=7
G4CrossSectionHP::IsoXS neutronInelasticHP  Z= 64  A= 157 Ekin(MeV)= 0.2239  xs(b)= 0.811  size=7
G4CrossSectionHP::IsoXS neutronInelasticHP  Z= 64  A= 158 Ekin(MeV)= 0.2239  xs(b)= 0.4629  size=7
G4CrossSectionHP::IsoXS neutronInelasticHP  Z= 64  A= 160 Ekin(MeV)= 0.2239  xs(b)= 0.4904  size=7
       0.5631G4CrossSectionHP::IsoXS neutronInelasticHP  Z= 64  A= 152 Ekin(MeV)= 0.2239  xs(b)= 5.329e-05  size=7
G4CrossSectionHP::IsoXS neutronInelasticHP  Z= 64  A= 154 Ekin(MeV)= 0.2239  xs(b)= 0.3881  size=7
G4CrossSectionHP::IsoXS neutronInelasticHP  Z= 64  A= 155 Ekin(MeV)= 0.2239  xs(b)= 0.7275  size=7
G4CrossSectionHP::IsoXS neutronInelasticHP  Z= 64  A= 156 Ekin(MeV)= 0.2239  xs(b)= 0.4779  size=7
G4CrossSectionHP::IsoXS neutronInelasticHP  Z= 64  A= 157 Ekin(MeV)= 0.2239  xs(b)= 0.811  size=7
G4CrossSectionHP::IsoXS neutronInelasticHP  Z= 64  A= 158 Ekin(MeV)= 0.2239  xs(b)= 0.4629  size=7
G4CrossSectionHP::IsoXS neutronInelasticHP  Z= 64  A= 160 Ekin(MeV)= 0.2239  xs(b)= 0.4904  size=7
G4CrossSectionHP::IsoXS neutronElasticHP  Z= 64  A= 152 Ekin(MeV)= 0.2239  xs(b)= 8.562  size=7
G4CrossSectionHP::IsoXS neutronElasticHP  Z= 64  A= 154 Ekin(MeV)= 0.2239  xs(b)= 6.844  size=7
G4CrossSectionHP::IsoXS neutronElasticHP  Z= 64  A= 155 Ekin(MeV)= 0.2239  xs(b)= 5.611  size=7
G4CrossSectionHP::IsoXS neutronElasticHP  Z= 64  A= 156 Ekin(MeV)= 0.2239  xs(b)= 5.797  size=7
G4CrossSectionHP::IsoXS neutronElasticHP  Z= 64  A= 157 Ekin(MeV)= 0.2239  xs(b)= 5.173  size=7
G4CrossSectionHP::IsoXS neutronElasticHP  Z= 64  A= 158 Ekin(MeV)= 0.2239  xs(b)= 5.99  size=7
G4CrossSectionHP::IsoXS neutronElasticHP  Z= 64  A= 160 Ekin(MeV)= 0.2239  xs(b)= 6.168  size=7
G4CrossSectionHP::IsoXS neutronCaptureHP  Z= 64  A= 152 Ekin(MeV)= 0.2239  xs(b)= 0.5349  size=7
G4CrossSectionHP::IsoXS neutronCaptureHP  Z= 64  A= 154 Ekin(MeV)= 0.2239  xs(b)= 0.353  size=7
G4CrossSectionHP::IsoXS neutronCaptureHP  Z= 64  A= 155 Ekin(MeV)= 0.2239  xs(b)= 0.9715  size=7
G4CrossSectionHP::IsoXS neutronCaptureHP  Z= 64  A= 156 Ekin(MeV)= 0.2239  xs(b)= 0.2103  size=7
G4CrossSectionHP::IsoXS neutronCaptureHP  Z= 64  A= 157 Ekin(MeV)= 0.2239  xs(b)= 0.4471  size=7
G4CrossSectionHP::IsoXS neutronCaptureHP  Z= 64  A= 158 Ekin(MeV)= 0.2239  xs(b)= 0.1062  size=7
G4CrossSectionHP::IsoXS neutronCaptureHP  Z= 64  A= 160 Ekin(MeV)= 0.2239  xs(b)= 0.08391  size=7
       0.3103            0        6.703
   34      0.2818G4CrossSectionHP::IsoXS neutronElasticHP  Z= 64  A= 152 Ekin(MeV)= 0.2818  xs(b)= 8.061  size=7
G4CrossSectionHP::IsoXS neutronElasticHP  Z= 64  A= 154 Ekin(MeV)= 0.2818  xs(b)= 6.539  size=7
G4CrossSectionHP::IsoXS neutronElasticHP  Z= 64  A= 155 Ekin(MeV)= 0.2818  xs(b)= 5.457  size=7
G4CrossSectionHP::IsoXS neutronElasticHP  Z= 64  A= 156 Ekin(MeV)= 0.2818  xs(b)= 5.391  size=7
G4CrossSectionHP::IsoXS neutronElasticHP  Z= 64  A= 157 Ekin(MeV)= 0.2818  xs(b)= 4.889  size=7
G4CrossSectionHP::IsoXS neutronElasticHP  Z= 64  A= 158 Ekin(MeV)= 0.2818  xs(b)= 5.596  size=7
G4CrossSectionHP::IsoXS neutronElasticHP  Z= 64  A= 160 Ekin(MeV)= 0.2818  xs(b)= 5.725  size=7
       5.476G4CrossSectionHP::IsoXS neutronInelasticHP  Z= 64  A= 152 Ekin(MeV)= 0.2818  xs(b)= 5.225e-05  size=7
G4CrossSectionHP::IsoXS neutronInelasticHP  Z= 64  A= 154 Ekin(MeV)= 0.2818  xs(b)= 0.5448  size=7
G4CrossSectionHP::IsoXS neutronInelasticHP  Z= 64  A= 155 Ekin(MeV)= 0.2818  xs(b)= 0.9216  size=7
G4CrossSectionHP::IsoXS neutronInelasticHP  Z= 64  A= 156 Ekin(MeV)= 0.2818  xs(b)= 0.6382  size=7
G4CrossSectionHP::IsoXS neutronInelasticHP  Z= 64  A= 157 Ekin(MeV)= 0.2818  xs(b)= 0.9287  size=7
G4CrossSectionHP::IsoXS neutronInelasticHP  Z= 64  A= 158 Ekin(MeV)= 0.2818  xs(b)= 0.5946  size=7
G4CrossSectionHP::IsoXS neutronInelasticHP  Z= 64  A= 160 Ekin(MeV)= 0.2818  xs(b)= 0.6271  size=7
       0.7091G4CrossSectionHP::IsoXS neutronInelasticHP  Z= 64  A= 152 Ekin(MeV)= 0.2818  xs(b)= 5.225e-05  size=7
G4CrossSectionHP::IsoXS neutronInelasticHP  Z= 64  A= 154 Ekin(MeV)= 0.2818  xs(b)= 0.5448  size=7
G4CrossSectionHP::IsoXS neutronInelasticHP  Z= 64  A= 155 Ekin(MeV)= 0.2818  xs(b)= 0.9216  size=7
G4CrossSectionHP::IsoXS neutronInelasticHP  Z= 64  A= 156 Ekin(MeV)= 0.2818  xs(b)= 0.6382  size=7
G4CrossSectionHP::IsoXS neutronInelasticHP  Z= 64  A= 157 Ekin(MeV)= 0.2818  xs(b)= 0.9287  size=7
G4CrossSectionHP::IsoXS neutronInelasticHP  Z= 64  A= 158 Ekin(MeV)= 0.2818  xs(b)= 0.5946  size=7
G4CrossSectionHP::IsoXS neutronInelasticHP  Z= 64  A= 160 Ekin(MeV)= 0.2818  xs(b)= 0.6271  size=7
G4CrossSectionHP::IsoXS neutronElasticHP  Z= 64  A= 152 Ekin(MeV)= 0.2818  xs(b)= 8.061  size=7
G4CrossSectionHP::IsoXS neutronElasticHP  Z= 64  A= 154 Ekin(MeV)= 0.2818  xs(b)= 6.539  size=7
G4CrossSectionHP::IsoXS neutronElasticHP  Z= 64  A= 155 Ekin(MeV)= 0.2818  xs(b)= 5.457  size=7
G4CrossSectionHP::IsoXS neutronElasticHP  Z= 64  A= 156 Ekin(MeV)= 0.2818  xs(b)= 5.391  size=7
G4CrossSectionHP::IsoXS neutronElasticHP  Z= 64  A= 157 Ekin(MeV)= 0.2818  xs(b)= 4.889  size=7
G4CrossSectionHP::IsoXS neutronElasticHP  Z= 64  A= 158 Ekin(MeV)= 0.2818  xs(b)= 5.596  size=7
G4CrossSectionHP::IsoXS neutronElasticHP  Z= 64  A= 160 Ekin(MeV)= 0.2818  xs(b)= 5.725  size=7
G4CrossSectionHP::IsoXS neutronCaptureHP  Z= 64  A= 152 Ekin(MeV)= 0.2818  xs(b)= 0.5305  size=7
G4CrossSectionHP::IsoXS neutronCaptureHP  Z= 64  A= 154 Ekin(MeV)= 0.2818  xs(b)= 0.3235  size=7
G4CrossSectionHP::IsoXS neutronCaptureHP  Z= 64  A= 155 Ekin(MeV)= 0.2818  xs(b)= 0.8377  size=7
G4CrossSectionHP::IsoXS neutronCaptureHP  Z= 64  A= 156 Ekin(MeV)= 0.2818  xs(b)= 0.1965  size=7
G4CrossSectionHP::IsoXS neutronCaptureHP  Z= 64  A= 157 Ekin(MeV)= 0.2818  xs(b)= 0.4019  size=7
G4CrossSectionHP::IsoXS neutronCaptureHP  Z= 64  A= 158 Ekin(MeV)= 0.2818  xs(b)= 0.1007  size=7
G4CrossSectionHP::IsoXS neutronCaptureHP  Z= 64  A= 160 Ekin(MeV)= 0.2818  xs(b)= 0.08157  size=7
       0.2781            0        6.464
   35      0.3548G4CrossSectionHP::IsoXS neutronElasticHP  Z= 64  A= 152 Ekin(MeV)= 0.3548  xs(b)= 7.571  size=7
G4CrossSectionHP::IsoXS neutronElasticHP  Z= 64  A= 154 Ekin(MeV)= 0.3548  xs(b)= 6.314  size=7
G4CrossSectionHP::IsoXS neutronElasticHP  Z= 64  A= 155 Ekin(MeV)= 0.3548  xs(b)= 5.292  size=7
G4CrossSectionHP::IsoXS neutronElasticHP  Z= 64  A= 156 Ekin(MeV)= 0.3548  xs(b)= 5.143  size=7
G4CrossSectionHP::IsoXS neutronElasticHP  Z= 64  A= 157 Ekin(MeV)= 0.3548  xs(b)= 4.7  size=7
G4CrossSectionHP::IsoXS neutronElasticHP  Z= 64  A= 158 Ekin(MeV)= 0.3548  xs(b)= 5.185  size=7
G4CrossSectionHP::IsoXS neutronElasticHP  Z= 64  A= 160 Ekin(MeV)= 0.3548  xs(b)= 5.276  size=7
       5.166G4CrossSectionHP::IsoXS neutronInelasticHP  Z= 64  A= 152 Ekin(MeV)= 0.3548  xs(b)= 0.05583  size=7
G4CrossSectionHP::IsoXS neutronInelasticHP  Z= 64  A= 154 Ekin(MeV)= 0.3548  xs(b)= 0.71  size=7
G4CrossSectionHP::IsoXS neutronInelasticHP  Z= 64  A= 155 Ekin(MeV)= 0.3548  xs(b)= 1.224  size=7
G4CrossSectionHP::IsoXS neutronInelasticHP  Z= 64  A= 156 Ekin(MeV)= 0.3548  xs(b)= 0.8245  size=7
G4CrossSectionHP::IsoXS neutronInelasticHP  Z= 64  A= 157 Ekin(MeV)= 0.3548  xs(b)= 1.058  size=7
G4CrossSectionHP::IsoXS neutronInelasticHP  Z= 64  A= 158 Ekin(MeV)= 0.3548  xs(b)= 0.7663  size=7
G4CrossSectionHP::IsoXS neutronInelasticHP  Z= 64  A= 160 Ekin(MeV)= 0.3548  xs(b)= 0.8042  size=7
       0.8972G4CrossSectionHP::IsoXS neutronInelasticHP  Z= 64  A= 152 Ekin(MeV)= 0.3548  xs(b)= 0.05583  size=7
G4CrossSectionHP::IsoXS neutronInelasticHP  Z= 64  A= 154 Ekin(MeV)= 0.3548  xs(b)= 0.71  size=7
G4CrossSectionHP::IsoXS neutronInelasticHP  Z= 64  A= 155 Ekin(MeV)= 0.3548  xs(b)= 1.224  size=7
G4CrossSectionHP::IsoXS neutronInelasticHP  Z= 64  A= 156 Ekin(MeV)= 0.3548  xs(b)= 0.8245  size=7
G4CrossSectionHP::IsoXS neutronInelasticHP  Z= 64  A= 157 Ekin(MeV)= 0.3548  xs(b)= 1.058  size=7
G4CrossSectionHP::IsoXS neutronInelasticHP  Z= 64  A= 158 Ekin(MeV)= 0.3548  xs(b)= 0.7663  size=7
G4CrossSectionHP::IsoXS neutronInelasticHP  Z= 64  A= 160 Ekin(MeV)= 0.3548  xs(b)= 0.8042  size=7
G4CrossSectionHP::IsoXS neutronElasticHP  Z= 64  A= 152 Ekin(MeV)= 0.3548  xs(b)= 7.571  size=7
G4CrossSectionHP::IsoXS neutronElasticHP  Z= 64  A= 154 Ekin(MeV)= 0.3548  xs(b)= 6.314  size=7
G4CrossSectionHP::IsoXS neutronElasticHP  Z= 64  A= 155 Ekin(MeV)= 0.3548  xs(b)= 5.292  size=7
G4CrossSectionHP::IsoXS neutronElasticHP  Z= 64  A= 156 Ekin(MeV)= 0.3548  xs(b)= 5.143  size=7
G4CrossSectionHP::IsoXS neutronElasticHP  Z= 64  A= 157 Ekin(MeV)= 0.3548  xs(b)= 4.7  size=7
G4CrossSectionHP::IsoXS neutronElasticHP  Z= 64  A= 158 Ekin(MeV)= 0.3548  xs(b)= 5.185  size=7
G4CrossSectionHP::IsoXS neutronElasticHP  Z= 64  A= 160 Ekin(MeV)= 0.3548  xs(b)= 5.276  size=7
G4CrossSectionHP::IsoXS neutronCaptureHP  Z= 64  A= 152 Ekin(MeV)= 0.3548  xs(b)= 0.5142  size=7
G4CrossSectionHP::IsoXS neutronCaptureHP  Z= 64  A= 154 Ekin(MeV)= 0.3548  xs(b)= 0.2965  size=7
G4CrossSectionHP::IsoXS neutronCaptureHP  Z= 64  A= 155 Ekin(MeV)= 0.3548  xs(b)= 0.6842  size=7
G4CrossSectionHP::IsoXS neutronCaptureHP  Z= 64  A= 156 Ekin(MeV)= 0.3548  xs(b)= 0.1884  size=7
G4CrossSectionHP::IsoXS neutronCaptureHP  Z= 64  A= 157 Ekin(MeV)= 0.3548  xs(b)= 0.3766  size=7
G4CrossSectionHP::IsoXS neutronCaptureHP  Z= 64  A= 158 Ekin(MeV)= 0.3548  xs(b)= 0.0954  size=7
G4CrossSectionHP::IsoXS neutronCaptureHP  Z= 64  A= 160 Ekin(MeV)= 0.3548  xs(b)= 0.07929  size=7
       0.2473            0         6.31
   36      0.4467G4CrossSectionHP::IsoXS neutronElasticHP  Z= 64  A= 152 Ekin(MeV)= 0.4467  xs(b)= 6.876  size=7
G4CrossSectionHP::IsoXS neutronElasticHP  Z= 64  A= 154 Ekin(MeV)= 0.4467  xs(b)= 6.094  size=7
G4CrossSectionHP::IsoXS neutronElasticHP  Z= 64  A= 155 Ekin(MeV)= 0.4467  xs(b)= 5.2  size=7
G4CrossSectionHP::IsoXS neutronElasticHP  Z= 64  A= 156 Ekin(MeV)= 0.4467  xs(b)= 4.988  size=7
G4CrossSectionHP::IsoXS neutronElasticHP  Z= 64  A= 157 Ekin(MeV)= 0.4467  xs(b)= 4.628  size=7
G4CrossSectionHP::IsoXS neutronElasticHP  Z= 64  A= 158 Ekin(MeV)= 0.4467  xs(b)= 5.084  size=7
G4CrossSectionHP::IsoXS neutronElasticHP  Z= 64  A= 160 Ekin(MeV)= 0.4467  xs(b)= 5.15  size=7
        5.05G4CrossSectionHP::IsoXS neutronInelasticHP  Z= 64  A= 152 Ekin(MeV)= 0.4467  xs(b)= 0.4732  size=7
G4CrossSectionHP::IsoXS neutronInelasticHP  Z= 64  A= 154 Ekin(MeV)= 0.4467  xs(b)= 0.9046  size=7
G4CrossSectionHP::IsoXS neutronInelasticHP  Z= 64  A= 155 Ekin(MeV)= 0.4467  xs(b)= 1.465  size=7
G4CrossSectionHP::IsoXS neutronInelasticHP  Z= 64  A= 156 Ekin(MeV)= 0.4467  xs(b)= 1.034  size=7
G4CrossSectionHP::IsoXS neutronInelasticHP  Z= 64  A= 157 Ekin(MeV)= 0.4467  xs(b)= 1.228  size=7
G4CrossSectionHP::IsoXS neutronInelasticHP  Z= 64  A= 158 Ekin(MeV)= 0.4467  xs(b)= 0.9121  size=7
G4CrossSectionHP::IsoXS neutronInelasticHP  Z= 64  A= 160 Ekin(MeV)= 0.4467  xs(b)= 0.9501  size=7
        1.076G4CrossSectionHP::IsoXS neutronInelasticHP  Z= 64  A= 152 Ekin(MeV)= 0.4467  xs(b)= 0.4732  size=7
G4CrossSectionHP::IsoXS neutronInelasticHP  Z= 64  A= 154 Ekin(MeV)= 0.4467  xs(b)= 0.9046  size=7
G4CrossSectionHP::IsoXS neutronInelasticHP  Z= 64  A= 155 Ekin(MeV)= 0.4467  xs(b)= 1.465  size=7
G4CrossSectionHP::IsoXS neutronInelasticHP  Z= 64  A= 156 Ekin(MeV)= 0.4467  xs(b)= 1.034  size=7
G4CrossSectionHP::IsoXS neutronInelasticHP  Z= 64  A= 157 Ekin(MeV)= 0.4467  xs(b)= 1.228  size=7
G4CrossSectionHP::IsoXS neutronInelasticHP  Z= 64  A= 158 Ekin(MeV)= 0.4467  xs(b)= 0.9121  size=7
G4CrossSectionHP::IsoXS neutronInelasticHP  Z= 64  A= 160 Ekin(MeV)= 0.4467  xs(b)= 0.9501  size=7
G4CrossSectionHP::IsoXS neutronElasticHP  Z= 64  A= 152 Ekin(MeV)= 0.4467  xs(b)= 6.876  size=7
G4CrossSectionHP::IsoXS neutronElasticHP  Z= 64  A= 154 Ekin(MeV)= 0.4467  xs(b)= 6.094  size=7
G4CrossSectionHP::IsoXS neutronElasticHP  Z= 64  A= 155 Ekin(MeV)= 0.4467  xs(b)= 5.2  size=7
G4CrossSectionHP::IsoXS neutronElasticHP  Z= 64  A= 156 Ekin(MeV)= 0.4467  xs(b)= 4.988  size=7
G4CrossSectionHP::IsoXS neutronElasticHP  Z= 64  A= 157 Ekin(MeV)= 0.4467  xs(b)= 4.628  size=7
G4CrossSectionHP::IsoXS neutronElasticHP  Z= 64  A= 158 Ekin(MeV)= 0.4467  xs(b)= 5.084  size=7
G4CrossSectionHP::IsoXS neutronElasticHP  Z= 64  A= 160 Ekin(MeV)= 0.4467  xs(b)= 5.15  size=7
G4CrossSectionHP::IsoXS neutronCaptureHP  Z= 64  A= 152 Ekin(MeV)= 0.4467  xs(b)= 0.4167  size=7
G4CrossSectionHP::IsoXS neutronCaptureHP  Z= 64  A= 154 Ekin(MeV)= 0.4467  xs(b)= 0.2906  size=7
G4CrossSectionHP::IsoXS neutronCaptureHP  Z= 64  A= 155 Ekin(MeV)= 0.4467  xs(b)= 0.5828  size=7
G4CrossSectionHP::IsoXS neutronCaptureHP  Z= 64  A= 156 Ekin(MeV)= 0.4467  xs(b)= 0.1821  size=7
G4CrossSectionHP::IsoXS neutronCaptureHP  Z= 64  A= 157 Ekin(MeV)= 0.4467  xs(b)= 0.3564  size=7
G4CrossSectionHP::IsoXS neutronCaptureHP  Z= 64  A= 158 Ekin(MeV)= 0.4467  xs(b)= 0.08985  size=7
G4CrossSectionHP::IsoXS neutronCaptureHP  Z= 64  A= 160 Ekin(MeV)= 0.4467  xs(b)= 0.07808  size=7
       0.2259            0        6.352
   37      0.5623G4CrossSectionHP::IsoXS neutronElasticHP  Z= 64  A= 152 Ekin(MeV)= 0.5623  xs(b)= 6.42  size=7
G4CrossSectionHP::IsoXS neutronElasticHP  Z= 64  A= 154 Ekin(MeV)= 0.5623  xs(b)= 5.865  size=7
G4CrossSectionHP::IsoXS neutronElasticHP  Z= 64  A= 155 Ekin(MeV)= 0.5623  xs(b)= 5.144  size=7
G4CrossSectionHP::IsoXS neutronElasticHP  Z= 64  A= 156 Ekin(MeV)= 0.5623  xs(b)= 4.968  size=7
G4CrossSectionHP::IsoXS neutronElasticHP  Z= 64  A= 157 Ekin(MeV)= 0.5623  xs(b)= 4.591  size=7
G4CrossSectionHP::IsoXS neutronElasticHP  Z= 64  A= 158 Ekin(MeV)= 0.5623  xs(b)= 5.042  size=7
G4CrossSectionHP::IsoXS neutronElasticHP  Z= 64  A= 160 Ekin(MeV)= 0.5623  xs(b)= 5.068  size=7
       4.998G4CrossSectionHP::IsoXS neutronInelasticHP  Z= 64  A= 152 Ekin(MeV)= 0.5623  xs(b)= 0.7183  size=7
G4CrossSectionHP::IsoXS neutronInelasticHP  Z= 64  A= 154 Ekin(MeV)= 0.5623  xs(b)= 1.123  size=7
G4CrossSectionHP::IsoXS neutronInelasticHP  Z= 64  A= 155 Ekin(MeV)= 0.5623  xs(b)= 1.702  size=7
G4CrossSectionHP::IsoXS neutronInelasticHP  Z= 64  A= 156 Ekin(MeV)= 0.5623  xs(b)= 1.255  size=7
G4CrossSectionHP::IsoXS neutronInelasticHP  Z= 64  A= 157 Ekin(MeV)= 0.5623  xs(b)= 1.53  size=7
G4CrossSectionHP::IsoXS neutronInelasticHP  Z= 64  A= 158 Ekin(MeV)= 0.5623  xs(b)= 1.078  size=7
G4CrossSectionHP::IsoXS neutronInelasticHP  Z= 64  A= 160 Ekin(MeV)= 0.5623  xs(b)= 1.115  size=7
        1.286G4CrossSectionHP::IsoXS neutronInelasticHP  Z= 64  A= 152 Ekin(MeV)= 0.5623  xs(b)= 0.7183  size=7
G4CrossSectionHP::IsoXS neutronInelasticHP  Z= 64  A= 154 Ekin(MeV)= 0.5623  xs(b)= 1.123  size=7
G4CrossSectionHP::IsoXS neutronInelasticHP  Z= 64  A= 155 Ekin(MeV)= 0.5623  xs(b)= 1.702  size=7
G4CrossSectionHP::IsoXS neutronInelasticHP  Z= 64  A= 156 Ekin(MeV)= 0.5623  xs(b)= 1.255  size=7
G4CrossSectionHP::IsoXS neutronInelasticHP  Z= 64  A= 157 Ekin(MeV)= 0.5623  xs(b)= 1.53  size=7
G4CrossSectionHP::IsoXS neutronInelasticHP  Z= 64  A= 158 Ekin(MeV)= 0.5623  xs(b)= 1.078  size=7
G4CrossSectionHP::IsoXS neutronInelasticHP  Z= 64  A= 160 Ekin(MeV)= 0.5623  xs(b)= 1.115  size=7
G4CrossSectionHP::IsoXS neutronElasticHP  Z= 64  A= 152 Ekin(MeV)= 0.5623  xs(b)= 6.42  size=7
G4CrossSectionHP::IsoXS neutronElasticHP  Z= 64  A= 154 Ekin(MeV)= 0.5623  xs(b)= 5.865  size=7
G4CrossSectionHP::IsoXS neutronElasticHP  Z= 64  A= 155 Ekin(MeV)= 0.5623  xs(b)= 5.144  size=7
G4CrossSectionHP::IsoXS neutronElasticHP  Z= 64  A= 156 Ekin(MeV)= 0.5623  xs(b)= 4.968  size=7
G4CrossSectionHP::IsoXS neutronElasticHP  Z= 64  A= 157 Ekin(MeV)= 0.5623  xs(b)= 4.591  size=7
G4CrossSectionHP::IsoXS neutronElasticHP  Z= 64  A= 158 Ekin(MeV)= 0.5623  xs(b)= 5.042  size=7
G4CrossSectionHP::IsoXS neutronElasticHP  Z= 64  A= 160 Ekin(MeV)= 0.5623  xs(b)= 5.068  size=7
G4CrossSectionHP::IsoXS neutronCaptureHP  Z= 64  A= 152 Ekin(MeV)= 0.5623  xs(b)= 0.3913  size=7
G4CrossSectionHP::IsoXS neutronCaptureHP  Z= 64  A= 154 Ekin(MeV)= 0.5623  xs(b)= 0.2945  size=7
G4CrossSectionHP::IsoXS neutronCaptureHP  Z= 64  A= 155 Ekin(MeV)= 0.5623  xs(b)= 0.5046  size=7
G4CrossSectionHP::IsoXS neutronCaptureHP  Z= 64  A= 156 Ekin(MeV)= 0.5623  xs(b)= 0.1786  size=7
G4CrossSectionHP::IsoXS neutronCaptureHP  Z= 64  A= 157 Ekin(MeV)= 0.5623  xs(b)= 0.3049  size=7
G4CrossSectionHP::IsoXS neutronCaptureHP  Z= 64  A= 158 Ekin(MeV)= 0.5623  xs(b)= 0.08439  size=7
G4CrossSectionHP::IsoXS neutronCaptureHP  Z= 64  A= 160 Ekin(MeV)= 0.5623  xs(b)= 0.07706  size=7
        0.204            0        6.487
   38      0.7079G4CrossSectionHP::IsoXS neutronElasticHP  Z= 64  A= 152 Ekin(MeV)= 0.7079  xs(b)= 5.833  size=7
G4CrossSectionHP::IsoXS neutronElasticHP  Z= 64  A= 154 Ekin(MeV)= 0.7079  xs(b)= 5.586  size=7
G4CrossSectionHP::IsoXS neutronElasticHP  Z= 64  A= 155 Ekin(MeV)= 0.7079  xs(b)= 5.115  size=7
G4CrossSectionHP::IsoXS neutronElasticHP  Z= 64  A= 156 Ekin(MeV)= 0.7079  xs(b)= 5.058  size=7
G4CrossSectionHP::IsoXS neutronElasticHP  Z= 64  A= 157 Ekin(MeV)= 0.7079  xs(b)= 4.659  size=7
G4CrossSectionHP::IsoXS neutronElasticHP  Z= 64  A= 158 Ekin(MeV)= 0.7079  xs(b)= 4.966  size=7
G4CrossSectionHP::IsoXS neutronElasticHP  Z= 64  A= 160 Ekin(MeV)= 0.7079  xs(b)= 4.959  size=7
       4.972G4CrossSectionHP::IsoXS neutronInelasticHP  Z= 64  A= 152 Ekin(MeV)= 0.7079  xs(b)= 1.129  size=7
G4CrossSectionHP::IsoXS neutronInelasticHP  Z= 64  A= 154 Ekin(MeV)= 0.7079  xs(b)= 1.392  size=7
G4CrossSectionHP::IsoXS neutronInelasticHP  Z= 64  A= 155 Ekin(MeV)= 0.7079  xs(b)= 1.912  size=7
G4CrossSectionHP::IsoXS neutronInelasticHP  Z= 64  A= 156 Ekin(MeV)= 0.7079  xs(b)= 1.452  size=7
G4CrossSectionHP::IsoXS neutronInelasticHP  Z= 64  A= 157 Ekin(MeV)= 0.7079  xs(b)= 1.789  size=7
G4CrossSectionHP::IsoXS neutronInelasticHP  Z= 64  A= 158 Ekin(MeV)= 0.7079  xs(b)= 1.279  size=7
G4CrossSectionHP::IsoXS neutronInelasticHP  Z= 64  A= 160 Ekin(MeV)= 0.7079  xs(b)= 1.314  size=7
        1.498G4CrossSectionHP::IsoXS neutronInelasticHP  Z= 64  A= 152 Ekin(MeV)= 0.7079  xs(b)= 1.129  size=7
G4CrossSectionHP::IsoXS neutronInelasticHP  Z= 64  A= 154 Ekin(MeV)= 0.7079  xs(b)= 1.392  size=7
G4CrossSectionHP::IsoXS neutronInelasticHP  Z= 64  A= 155 Ekin(MeV)= 0.7079  xs(b)= 1.912  size=7
G4CrossSectionHP::IsoXS neutronInelasticHP  Z= 64  A= 156 Ekin(MeV)= 0.7079  xs(b)= 1.452  size=7
G4CrossSectionHP::IsoXS neutronInelasticHP  Z= 64  A= 157 Ekin(MeV)= 0.7079  xs(b)= 1.789  size=7
G4CrossSectionHP::IsoXS neutronInelasticHP  Z= 64  A= 158 Ekin(MeV)= 0.7079  xs(b)= 1.279  size=7
G4CrossSectionHP::IsoXS neutronInelasticHP  Z= 64  A= 160 Ekin(MeV)= 0.7079  xs(b)= 1.314  size=7
G4CrossSectionHP::IsoXS neutronElasticHP  Z= 64  A= 152 Ekin(MeV)= 0.7079  xs(b)= 5.833  size=7
G4CrossSectionHP::IsoXS neutronElasticHP  Z= 64  A= 154 Ekin(MeV)= 0.7079  xs(b)= 5.586  size=7
G4CrossSectionHP::IsoXS neutronElasticHP  Z= 64  A= 155 Ekin(MeV)= 0.7079  xs(b)= 5.115  size=7
G4CrossSectionHP::IsoXS neutronElasticHP  Z= 64  A= 156 Ekin(MeV)= 0.7079  xs(b)= 5.058  size=7
G4CrossSectionHP::IsoXS neutronElasticHP  Z= 64  A= 157 Ekin(MeV)= 0.7079  xs(b)= 4.659  size=7
G4CrossSectionHP::IsoXS neutronElasticHP  Z= 64  A= 158 Ekin(MeV)= 0.7079  xs(b)= 4.966  size=7
G4CrossSectionHP::IsoXS neutronElasticHP  Z= 64  A= 160 Ekin(MeV)= 0.7079  xs(b)= 4.959  size=7
G4CrossSectionHP::IsoXS neutronCaptureHP  Z= 64  A= 152 Ekin(MeV)= 0.7079  xs(b)= 0.3945  size=7
G4CrossSectionHP::IsoXS neutronCaptureHP  Z= 64  A= 154 Ekin(MeV)= 0.7079  xs(b)= 0.3042  size=7
G4CrossSectionHP::IsoXS neutronCaptureHP  Z= 64  A= 155 Ekin(MeV)= 0.7079  xs(b)= 0.4482  size=7
G4CrossSectionHP::IsoXS neutronCaptureHP  Z= 64  A= 156 Ekin(MeV)= 0.7079  xs(b)= 0.1797  size=7
G4CrossSectionHP::IsoXS neutronCaptureHP  Z= 64  A= 157 Ekin(MeV)= 0.7079  xs(b)= 0.2709  size=7
G4CrossSectionHP::IsoXS neutronCaptureHP  Z= 64  A= 158 Ekin(MeV)= 0.7079  xs(b)= 0.07936  size=7
G4CrossSectionHP::IsoXS neutronCaptureHP  Z= 64  A= 160 Ekin(MeV)= 0.7079  xs(b)= 0.07646  size=7
       0.1894            0         6.66
   39      0.8913G4CrossSectionHP::IsoXS neutronElasticHP  Z= 64  A= 152 Ekin(MeV)= 0.8913  xs(b)= 5.524  size=7
G4CrossSectionHP::IsoXS neutronElasticHP  Z= 64  A= 154 Ekin(MeV)= 0.8913  xs(b)= 5.213  size=7
G4CrossSectionHP::IsoXS neutronElasticHP  Z= 64  A= 155 Ekin(MeV)= 0.8913  xs(b)= 5.09  size=7
G4CrossSectionHP::IsoXS neutronElasticHP  Z= 64  A= 156 Ekin(MeV)= 0.8913  xs(b)= 5.218  size=7
G4CrossSectionHP::IsoXS neutronElasticHP  Z= 64  A= 157 Ekin(MeV)= 0.8913  xs(b)= 4.627  size=7
G4CrossSectionHP::IsoXS neutronElasticHP  Z= 64  A= 158 Ekin(MeV)= 0.8913  xs(b)= 5.126  size=7
G4CrossSectionHP::IsoXS neutronElasticHP  Z= 64  A= 160 Ekin(MeV)= 0.8913  xs(b)= 5.08  size=7
       5.054G4CrossSectionHP::IsoXS neutronInelasticHP  Z= 64  A= 152 Ekin(MeV)= 0.8913  xs(b)= 1.386  size=7
G4CrossSectionHP::IsoXS neutronInelasticHP  Z= 64  A= 154 Ekin(MeV)= 0.8913  xs(b)= 1.746  size=7
G4CrossSectionHP::IsoXS neutronInelasticHP  Z= 64  A= 155 Ekin(MeV)= 0.8913  xs(b)= 2.091  size=7
G4CrossSectionHP::IsoXS neutronInelasticHP  Z= 64  A= 156 Ekin(MeV)= 0.8913  xs(b)= 1.587  size=7
G4CrossSectionHP::IsoXS neutronInelasticHP  Z= 64  A= 157 Ekin(MeV)= 0.8913  xs(b)= 2.199  size=7
G4CrossSectionHP::IsoXS neutronInelasticHP  Z= 64  A= 158 Ekin(MeV)= 0.8913  xs(b)= 1.354  size=7
G4CrossSectionHP::IsoXS neutronInelasticHP  Z= 64  A= 160 Ekin(MeV)= 0.8913  xs(b)= 1.391  size=7
         1.66G4CrossSectionHP::IsoXS neutronInelasticHP  Z= 64  A= 152 Ekin(MeV)= 0.8913  xs(b)= 1.386  size=7
G4CrossSectionHP::IsoXS neutronInelasticHP  Z= 64  A= 154 Ekin(MeV)= 0.8913  xs(b)= 1.746  size=7
G4CrossSectionHP::IsoXS neutronInelasticHP  Z= 64  A= 155 Ekin(MeV)= 0.8913  xs(b)= 2.091  size=7
G4CrossSectionHP::IsoXS neutronInelasticHP  Z= 64  A= 156 Ekin(MeV)= 0.8913  xs(b)= 1.587  size=7
G4CrossSectionHP::IsoXS neutronInelasticHP  Z= 64  A= 157 Ekin(MeV)= 0.8913  xs(b)= 2.199  size=7
G4CrossSectionHP::IsoXS neutronInelasticHP  Z= 64  A= 158 Ekin(MeV)= 0.8913  xs(b)= 1.354  size=7
G4CrossSectionHP::IsoXS neutronInelasticHP  Z= 64  A= 160 Ekin(MeV)= 0.8913  xs(b)= 1.391  size=7
G4CrossSectionHP::IsoXS neutronElasticHP  Z= 64  A= 152 Ekin(MeV)= 0.8913  xs(b)= 5.524  size=7
G4CrossSectionHP::IsoXS neutronElasticHP  Z= 64  A= 154 Ekin(MeV)= 0.8913  xs(b)= 5.213  size=7
G4CrossSectionHP::IsoXS neutronElasticHP  Z= 64  A= 155 Ekin(MeV)= 0.8913  xs(b)= 5.09  size=7
G4CrossSectionHP::IsoXS neutronElasticHP  Z= 64  A= 156 Ekin(MeV)= 0.8913  xs(b)= 5.218  size=7
G4CrossSectionHP::IsoXS neutronElasticHP  Z= 64  A= 157 Ekin(MeV)= 0.8913  xs(b)= 4.627  size=7
G4CrossSectionHP::IsoXS neutronElasticHP  Z= 64  A= 158 Ekin(MeV)= 0.8913  xs(b)= 5.126  size=7
G4CrossSectionHP::IsoXS neutronElasticHP  Z= 64  A= 160 Ekin(MeV)= 0.8913  xs(b)= 5.08  size=7
G4CrossSectionHP::IsoXS neutronCaptureHP  Z= 64  A= 152 Ekin(MeV)= 0.8913  xs(b)= 0.4026  size=7
G4CrossSectionHP::IsoXS neutronCaptureHP  Z= 64  A= 154 Ekin(MeV)= 0.8913  xs(b)= 0.3124  size=7
G4CrossSectionHP::IsoXS neutronCaptureHP  Z= 64  A= 155 Ekin(MeV)= 0.8913  xs(b)= 0.4015  size=7
G4CrossSectionHP::IsoXS neutronCaptureHP  Z= 64  A= 156 Ekin(MeV)= 0.8913  xs(b)= 0.1882  size=7
G4CrossSectionHP::IsoXS neutronCaptureHP  Z= 64  A= 157 Ekin(MeV)= 0.8913  xs(b)= 0.2079  size=7
G4CrossSectionHP::IsoXS neutronCaptureHP  Z= 64  A= 158 Ekin(MeV)= 0.8913  xs(b)= 0.07668  size=7
G4CrossSectionHP::IsoXS neutronCaptureHP  Z= 64  A= 160 Ekin(MeV)= 0.8913  xs(b)= 0.08508  size=7
       0.1757            0        6.889
   40       1.122G4CrossSectionHP::IsoXS neutronElasticHP  Z= 64  A= 152 Ekin(MeV)= 1.122  xs(b)= 5.109  size=7
G4CrossSectionHP::IsoXS neutronElasticHP  Z= 64  A= 154 Ekin(MeV)= 1.122  xs(b)= 4.927  size=7
G4CrossSectionHP::IsoXS neutronElasticHP  Z= 64  A= 155 Ekin(MeV)= 1.122  xs(b)= 5.035  size=7
G4CrossSectionHP::IsoXS neutronElasticHP  Z= 64  A= 156 Ekin(MeV)= 1.122  xs(b)= 5.389  size=7
G4CrossSectionHP::IsoXS neutronElasticHP  Z= 64  A= 157 Ekin(MeV)= 1.122  xs(b)= 4.774  size=7
G4CrossSectionHP::IsoXS neutronElasticHP  Z= 64  A= 158 Ekin(MeV)= 1.122  xs(b)= 5.223  size=7
G4CrossSectionHP::IsoXS neutronElasticHP  Z= 64  A= 160 Ekin(MeV)= 1.122  xs(b)= 5.19  size=7
       5.145G4CrossSectionHP::IsoXS neutronInelasticHP  Z= 64  A= 152 Ekin(MeV)= 1.122  xs(b)= 1.784  size=7
G4CrossSectionHP::IsoXS neutronInelasticHP  Z= 64  A= 154 Ekin(MeV)= 1.122  xs(b)= 2.034  size=7
G4CrossSectionHP::IsoXS neutronInelasticHP  Z= 64  A= 155 Ekin(MeV)= 1.122  xs(b)= 2.231  size=7
G4CrossSectionHP::IsoXS neutronInelasticHP  Z= 64  A= 156 Ekin(MeV)= 1.122  xs(b)= 1.653  size=7
G4CrossSectionHP::IsoXS neutronInelasticHP  Z= 64  A= 157 Ekin(MeV)= 1.122  xs(b)= 2.302  size=7
G4CrossSectionHP::IsoXS neutronInelasticHP  Z= 64  A= 158 Ekin(MeV)= 1.122  xs(b)= 1.441  size=7
G4CrossSectionHP::IsoXS neutronInelasticHP  Z= 64  A= 160 Ekin(MeV)= 1.122  xs(b)= 1.435  size=7
        1.749G4CrossSectionHP::IsoXS neutronInelasticHP  Z= 64  A= 152 Ekin(MeV)= 1.122  xs(b)= 1.784  size=7
G4CrossSectionHP::IsoXS neutronInelasticHP  Z= 64  A= 154 Ekin(MeV)= 1.122  xs(b)= 2.034  size=7
G4CrossSectionHP::IsoXS neutronInelasticHP  Z= 64  A= 155 Ekin(MeV)= 1.122  xs(b)= 2.231  size=7
G4CrossSectionHP::IsoXS neutronInelasticHP  Z= 64  A= 156 Ekin(MeV)= 1.122  xs(b)= 1.653  size=7
G4CrossSectionHP::IsoXS neutronInelasticHP  Z= 64  A= 157 Ekin(MeV)= 1.122  xs(b)= 2.302  size=7
G4CrossSectionHP::IsoXS neutronInelasticHP  Z= 64  A= 158 Ekin(MeV)= 1.122  xs(b)= 1.441  size=7
G4CrossSectionHP::IsoXS neutronInelasticHP  Z= 64  A= 160 Ekin(MeV)= 1.122  xs(b)= 1.435  size=7
G4CrossSectionHP::IsoXS neutronElasticHP  Z= 64  A= 152 Ekin(MeV)= 1.122  xs(b)= 5.109  size=7
G4CrossSectionHP::IsoXS neutronElasticHP  Z= 64  A= 154 Ekin(MeV)= 1.122  xs(b)= 4.927  size=7
G4CrossSectionHP::IsoXS neutronElasticHP  Z= 64  A= 155 Ekin(MeV)= 1.122  xs(b)= 5.035  size=7
G4CrossSectionHP::IsoXS neutronElasticHP  Z= 64  A= 156 Ekin(MeV)= 1.122  xs(b)= 5.389  size=7
G4CrossSectionHP::IsoXS neutronElasticHP  Z= 64  A= 157 Ekin(MeV)= 1.122  xs(b)= 4.774  size=7
G4CrossSectionHP::IsoXS neutronElasticHP  Z= 64  A= 158 Ekin(MeV)= 1.122  xs(b)= 5.223  size=7
G4CrossSectionHP::IsoXS neutronElasticHP  Z= 64  A= 160 Ekin(MeV)= 1.122  xs(b)= 5.19  size=7
G4CrossSectionHP::IsoXS neutronCaptureHP  Z= 64  A= 152 Ekin(MeV)= 1.122  xs(b)= 0.3635  size=7
G4CrossSectionHP::IsoXS neutronCaptureHP  Z= 64  A= 154 Ekin(MeV)= 1.122  xs(b)= 0.2982  size=7
G4CrossSectionHP::IsoXS neutronCaptureHP  Z= 64  A= 155 Ekin(MeV)= 1.122  xs(b)= 0.3551  size=7
G4CrossSectionHP::IsoXS neutronCaptureHP  Z= 64  A= 156 Ekin(MeV)= 1.122  xs(b)= 0.2032  size=7
G4CrossSectionHP::IsoXS neutronCaptureHP  Z= 64  A= 157 Ekin(MeV)= 1.122  xs(b)= 0.1894  size=7
G4CrossSectionHP::IsoXS neutronCaptureHP  Z= 64  A= 158 Ekin(MeV)= 1.122  xs(b)= 0.07068  size=7
G4CrossSectionHP::IsoXS neutronCaptureHP  Z= 64  A= 160 Ekin(MeV)= 1.122  xs(b)= 0.09009  size=7
       0.1683            0        7.062
   41       1.413G4CrossSectionHP::IsoXS neutronElasticHP  Z= 64  A= 152 Ekin(MeV)= 1.413  xs(b)= 4.578  size=7
G4CrossSectionHP::IsoXS neutronElasticHP  Z= 64  A= 154 Ekin(MeV)= 1.413  xs(b)= 4.299  size=7
G4CrossSectionHP::IsoXS neutronElasticHP  Z= 64  A= 155 Ekin(MeV)= 1.413  xs(b)= 4.918  size=7
G4CrossSectionHP::IsoXS neutronElasticHP  Z= 64  A= 156 Ekin(MeV)= 1.413  xs(b)= 5.174  size=7
G4CrossSectionHP::IsoXS neutronElasticHP  Z= 64  A= 157 Ekin(MeV)= 1.413  xs(b)= 4.892  size=7
G4CrossSectionHP::IsoXS neutronElasticHP  Z= 64  A= 158 Ekin(MeV)= 1.413  xs(b)= 5.161  size=7
G4CrossSectionHP::IsoXS neutronElasticHP  Z= 64  A= 160 Ekin(MeV)= 1.413  xs(b)= 5.234  size=7
       5.082G4CrossSectionHP::IsoXS neutronInelasticHP  Z= 64  A= 152 Ekin(MeV)= 1.413  xs(b)= 2.187  size=7
G4CrossSectionHP::IsoXS neutronInelasticHP  Z= 64  A= 154 Ekin(MeV)= 1.413  xs(b)= 2.603  size=7
G4CrossSectionHP::IsoXS neutronInelasticHP  Z= 64  A= 155 Ekin(MeV)= 1.413  xs(b)= 2.33  size=7
G4CrossSectionHP::IsoXS neutronInelasticHP  Z= 64  A= 156 Ekin(MeV)= 1.413  xs(b)= 2.054  size=7
G4CrossSectionHP::IsoXS neutronInelasticHP  Z= 64  A= 157 Ekin(MeV)= 1.413  xs(b)= 2.32  size=7
G4CrossSectionHP::IsoXS neutronInelasticHP  Z= 64  A= 158 Ekin(MeV)= 1.413  xs(b)= 1.631  size=7
G4CrossSectionHP::IsoXS neutronInelasticHP  Z= 64  A= 160 Ekin(MeV)= 1.413  xs(b)= 1.5  size=7
        1.922G4CrossSectionHP::IsoXS neutronInelasticHP  Z= 64  A= 152 Ekin(MeV)= 1.413  xs(b)= 2.187  size=7
G4CrossSectionHP::IsoXS neutronInelasticHP  Z= 64  A= 154 Ekin(MeV)= 1.413  xs(b)= 2.603  size=7
G4CrossSectionHP::IsoXS neutronInelasticHP  Z= 64  A= 155 Ekin(MeV)= 1.413  xs(b)= 2.33  size=7
G4CrossSectionHP::IsoXS neutronInelasticHP  Z= 64  A= 156 Ekin(MeV)= 1.413  xs(b)= 2.054  size=7
G4CrossSectionHP::IsoXS neutronInelasticHP  Z= 64  A= 157 Ekin(MeV)= 1.413  xs(b)= 2.32  size=7
G4CrossSectionHP::IsoXS neutronInelasticHP  Z= 64  A= 158 Ekin(MeV)= 1.413  xs(b)= 1.631  size=7
G4CrossSectionHP::IsoXS neutronInelasticHP  Z= 64  A= 160 Ekin(MeV)= 1.413  xs(b)= 1.5  size=7
G4CrossSectionHP::IsoXS neutronElasticHP  Z= 64  A= 152 Ekin(MeV)= 1.413  xs(b)= 4.578  size=7
G4CrossSectionHP::IsoXS neutronElasticHP  Z= 64  A= 154 Ekin(MeV)= 1.413  xs(b)= 4.299  size=7
G4CrossSectionHP::IsoXS neutronElasticHP  Z= 64  A= 155 Ekin(MeV)= 1.413  xs(b)= 4.918  size=7
G4CrossSectionHP::IsoXS neutronElasticHP  Z= 64  A= 156 Ekin(MeV)= 1.413  xs(b)= 5.174  size=7
G4CrossSectionHP::IsoXS neutronElasticHP  Z= 64  A= 157 Ekin(MeV)= 1.413  xs(b)= 4.892  size=7
G4CrossSectionHP::IsoXS neutronElasticHP  Z= 64  A= 158 Ekin(MeV)= 1.413  xs(b)= 5.161  size=7
G4CrossSectionHP::IsoXS neutronElasticHP  Z= 64  A= 160 Ekin(MeV)= 1.413  xs(b)= 5.234  size=7
G4CrossSectionHP::IsoXS neutronCaptureHP  Z= 64  A= 152 Ekin(MeV)= 1.413  xs(b)= 0.3172  size=7
G4CrossSectionHP::IsoXS neutronCaptureHP  Z= 64  A= 154 Ekin(MeV)= 1.413  xs(b)= 0.1998  size=7
G4CrossSectionHP::IsoXS neutronCaptureHP  Z= 64  A= 155 Ekin(MeV)= 1.413  xs(b)= 0.3097  size=7
G4CrossSectionHP::IsoXS neutronCaptureHP  Z= 64  A= 156 Ekin(MeV)= 1.413  xs(b)= 0.1448  size=7
G4CrossSectionHP::IsoXS neutronCaptureHP  Z= 64  A= 157 Ekin(MeV)= 1.413  xs(b)= 0.1774  size=7
G4CrossSectionHP::IsoXS neutronCaptureHP  Z= 64  A= 158 Ekin(MeV)= 1.413  xs(b)= 0.06206  size=7
G4CrossSectionHP::IsoXS neutronCaptureHP  Z= 64  A= 160 Ekin(MeV)= 1.413  xs(b)= 0.09077  size=7
       0.1435            0        7.147
   42       1.778G4CrossSectionHP::IsoXS neutronElasticHP  Z= 64  A= 152 Ekin(MeV)= 1.778  xs(b)= 4.148  size=7
G4CrossSectionHP::IsoXS neutronElasticHP  Z= 64  A= 154 Ekin(MeV)= 1.778  xs(b)= 3.768  size=7
G4CrossSectionHP::IsoXS neutronElasticHP  Z= 64  A= 155 Ekin(MeV)= 1.778  xs(b)= 4.71  size=7
G4CrossSectionHP::IsoXS neutronElasticHP  Z= 64  A= 156 Ekin(MeV)= 1.778  xs(b)= 4.991  size=7
G4CrossSectionHP::IsoXS neutronElasticHP  Z= 64  A= 157 Ekin(MeV)= 1.778  xs(b)= 4.91  size=7
G4CrossSectionHP::IsoXS neutronElasticHP  Z= 64  A= 158 Ekin(MeV)= 1.778  xs(b)= 4.892  size=7
G4CrossSectionHP::IsoXS neutronElasticHP  Z= 64  A= 160 Ekin(MeV)= 1.778  xs(b)= 5.129  size=7
       4.914G4CrossSectionHP::IsoXS neutronInelasticHP  Z= 64  A= 152 Ekin(MeV)= 1.778  xs(b)= 2.423  size=7
G4CrossSectionHP::IsoXS neutronInelasticHP  Z= 64  A= 154 Ekin(MeV)= 1.778  xs(b)= 2.943  size=7
G4CrossSectionHP::IsoXS neutronInelasticHP  Z= 64  A= 155 Ekin(MeV)= 1.778  xs(b)= 2.386  size=7
G4CrossSectionHP::IsoXS neutronInelasticHP  Z= 64  A= 156 Ekin(MeV)= 1.778  xs(b)= 2.255  size=7
G4CrossSectionHP::IsoXS neutronInelasticHP  Z= 64  A= 157 Ekin(MeV)= 1.778  xs(b)= 2.27  size=7
G4CrossSectionHP::IsoXS neutronInelasticHP  Z= 64  A= 158 Ekin(MeV)= 1.778  xs(b)= 1.949  size=7
G4CrossSectionHP::IsoXS neutronInelasticHP  Z= 64  A= 160 Ekin(MeV)= 1.778  xs(b)= 1.649  size=7
        2.084G4CrossSectionHP::IsoXS neutronInelasticHP  Z= 64  A= 152 Ekin(MeV)= 1.778  xs(b)= 2.423  size=7
G4CrossSectionHP::IsoXS neutronInelasticHP  Z= 64  A= 154 Ekin(MeV)= 1.778  xs(b)= 2.943  size=7
G4CrossSectionHP::IsoXS neutronInelasticHP  Z= 64  A= 155 Ekin(MeV)= 1.778  xs(b)= 2.386  size=7
G4CrossSectionHP::IsoXS neutronInelasticHP  Z= 64  A= 156 Ekin(MeV)= 1.778  xs(b)= 2.255  size=7
G4CrossSectionHP::IsoXS neutronInelasticHP  Z= 64  A= 157 Ekin(MeV)= 1.778  xs(b)= 2.27  size=7
G4CrossSectionHP::IsoXS neutronInelasticHP  Z= 64  A= 158 Ekin(MeV)= 1.778  xs(b)= 1.949  size=7
G4CrossSectionHP::IsoXS neutronInelasticHP  Z= 64  A= 160 Ekin(MeV)= 1.778  xs(b)= 1.649  size=7
G4CrossSectionHP::IsoXS neutronElasticHP  Z= 64  A= 152 Ekin(MeV)= 1.778  xs(b)= 4.148  size=7
G4CrossSectionHP::IsoXS neutronElasticHP  Z= 64  A= 154 Ekin(MeV)= 1.778  xs(b)= 3.768  size=7
G4CrossSectionHP::IsoXS neutronElasticHP  Z= 64  A= 155 Ekin(MeV)= 1.778  xs(b)= 4.71  size=7
G4CrossSectionHP::IsoXS neutronElasticHP  Z= 64  A= 156 Ekin(MeV)= 1.778  xs(b)= 4.991  size=7
G4CrossSectionHP::IsoXS neutronElasticHP  Z= 64  A= 157 Ekin(MeV)= 1.778  xs(b)= 4.91  size=7
G4CrossSectionHP::IsoXS neutronElasticHP  Z= 64  A= 158 Ekin(MeV)= 1.778  xs(b)= 4.892  size=7
G4CrossSectionHP::IsoXS neutronElasticHP  Z= 64  A= 160 Ekin(MeV)= 1.778  xs(b)= 5.129  size=7
G4CrossSectionHP::IsoXS neutronCaptureHP  Z= 64  A= 152 Ekin(MeV)= 1.778  xs(b)= 0.281  size=7
G4CrossSectionHP::IsoXS neutronCaptureHP  Z= 64  A= 154 Ekin(MeV)= 1.778  xs(b)= 0.1371  size=7
G4CrossSectionHP::IsoXS neutronCaptureHP  Z= 64  A= 155 Ekin(MeV)= 1.778  xs(b)= 0.2622  size=7
G4CrossSectionHP::IsoXS neutronCaptureHP  Z= 64  A= 156 Ekin(MeV)= 1.778  xs(b)= 0.08813  size=7
G4CrossSectionHP::IsoXS neutronCaptureHP  Z= 64  A= 157 Ekin(MeV)= 1.778  xs(b)= 0.1706  size=7
G4CrossSectionHP::IsoXS neutronCaptureHP  Z= 64  A= 158 Ekin(MeV)= 1.778  xs(b)= 0.05114  size=7
G4CrossSectionHP::IsoXS neutronCaptureHP  Z= 64  A= 160 Ekin(MeV)= 1.778  xs(b)= 0.08861  size=7
       0.1192            0        7.117
   43       2.239G4CrossSectionHP::IsoXS neutronElasticHP  Z= 64  A= 152 Ekin(MeV)= 2.239  xs(b)= 3.804  size=7
G4CrossSectionHP::IsoXS neutronElasticHP  Z= 64  A= 154 Ekin(MeV)= 2.239  xs(b)= 3.43  size=7
G4CrossSectionHP::IsoXS neutronElasticHP  Z= 64  A= 155 Ekin(MeV)= 2.239  xs(b)= 4.343  size=7
G4CrossSectionHP::IsoXS neutronElasticHP  Z= 64  A= 156 Ekin(MeV)= 2.239  xs(b)= 4.737  size=7
G4CrossSectionHP::IsoXS neutronElasticHP  Z= 64  A= 157 Ekin(MeV)= 2.239  xs(b)= 4.655  size=7
G4CrossSectionHP::IsoXS neutronElasticHP  Z= 64  A= 158 Ekin(MeV)= 2.239  xs(b)= 4.763  size=7
G4CrossSectionHP::IsoXS neutronElasticHP  Z= 64  A= 160 Ekin(MeV)= 2.239  xs(b)= 4.809  size=7
       4.658G4CrossSectionHP::IsoXS neutronInelasticHP  Z= 64  A= 152 Ekin(MeV)= 2.239  xs(b)= 2.537  size=7
G4CrossSectionHP::IsoXS neutronInelasticHP  Z= 64  A= 154 Ekin(MeV)= 2.239  xs(b)= 3.052  size=7
G4CrossSectionHP::IsoXS neutronInelasticHP  Z= 64  A= 155 Ekin(MeV)= 2.239  xs(b)= 2.419  size=7
G4CrossSectionHP::IsoXS neutronInelasticHP  Z= 64  A= 156 Ekin(MeV)= 2.239  xs(b)= 2.29  size=7
G4CrossSectionHP::IsoXS neutronInelasticHP  Z= 64  A= 157 Ekin(MeV)= 2.239  xs(b)= 2.235  size=7
G4CrossSectionHP::IsoXS neutronInelasticHP  Z= 64  A= 158 Ekin(MeV)= 2.239  xs(b)= 1.907  size=7
G4CrossSectionHP::IsoXS neutronInelasticHP  Z= 64  A= 160 Ekin(MeV)= 2.239  xs(b)= 1.801  size=7
        2.115G4CrossSectionHP::IsoXS neutronInelasticHP  Z= 64  A= 152 Ekin(MeV)= 2.239  xs(b)= 2.537  size=7
G4CrossSectionHP::IsoXS neutronInelasticHP  Z= 64  A= 154 Ekin(MeV)= 2.239  xs(b)= 3.052  size=7
G4CrossSectionHP::IsoXS neutronInelasticHP  Z= 64  A= 155 Ekin(MeV)= 2.239  xs(b)= 2.419  size=7
G4CrossSectionHP::IsoXS neutronInelasticHP  Z= 64  A= 156 Ekin(MeV)= 2.239  xs(b)= 2.29  size=7
G4CrossSectionHP::IsoXS neutronInelasticHP  Z= 64  A= 157 Ekin(MeV)= 2.239  xs(b)= 2.235  size=7
G4CrossSectionHP::IsoXS neutronInelasticHP  Z= 64  A= 158 Ekin(MeV)= 2.239  xs(b)= 1.907  size=7
G4CrossSectionHP::IsoXS neutronInelasticHP  Z= 64  A= 160 Ekin(MeV)= 2.239  xs(b)= 1.801  size=7
G4CrossSectionHP::IsoXS neutronElasticHP  Z= 64  A= 152 Ekin(MeV)= 2.239  xs(b)= 3.804  size=7
G4CrossSectionHP::IsoXS neutronElasticHP  Z= 64  A= 154 Ekin(MeV)= 2.239  xs(b)= 3.43  size=7
G4CrossSectionHP::IsoXS neutronElasticHP  Z= 64  A= 155 Ekin(MeV)= 2.239  xs(b)= 4.343  size=7
G4CrossSectionHP::IsoXS neutronElasticHP  Z= 64  A= 156 Ekin(MeV)= 2.239  xs(b)= 4.737  size=7
G4CrossSectionHP::IsoXS neutronElasticHP  Z= 64  A= 157 Ekin(MeV)= 2.239  xs(b)= 4.655  size=7
G4CrossSectionHP::IsoXS neutronElasticHP  Z= 64  A= 158 Ekin(MeV)= 2.239  xs(b)= 4.763  size=7
G4CrossSectionHP::IsoXS neutronElasticHP  Z= 64  A= 160 Ekin(MeV)= 2.239  xs(b)= 4.809  size=7
G4CrossSectionHP::IsoXS neutronCaptureHP  Z= 64  A= 152 Ekin(MeV)= 2.239  xs(b)= 0.2386  size=7
G4CrossSectionHP::IsoXS neutronCaptureHP  Z= 64  A= 154 Ekin(MeV)= 2.239  xs(b)= 0.08653  size=7
G4CrossSectionHP::IsoXS neutronCaptureHP  Z= 64  A= 155 Ekin(MeV)= 2.239  xs(b)= 0.2016  size=7
G4CrossSectionHP::IsoXS neutronCaptureHP  Z= 64  A= 156 Ekin(MeV)= 2.239  xs(b)= 0.05825  size=7
G4CrossSectionHP::IsoXS neutronCaptureHP  Z= 64  A= 157 Ekin(MeV)= 2.239  xs(b)= 0.1527  size=7
G4CrossSectionHP::IsoXS neutronCaptureHP  Z= 64  A= 158 Ekin(MeV)= 2.239  xs(b)= 0.03696  size=7
G4CrossSectionHP::IsoXS neutronCaptureHP  Z= 64  A= 160 Ekin(MeV)= 2.239  xs(b)= 0.08589  size=7
      0.09598            0        6.869
   44       2.818G4CrossSectionHP::IsoXS neutronElasticHP  Z= 64  A= 152 Ekin(MeV)= 2.818  xs(b)= 3.422  size=7
G4CrossSectionHP::IsoXS neutronElasticHP  Z= 64  A= 154 Ekin(MeV)= 2.818  xs(b)= 3.107  size=7
G4CrossSectionHP::IsoXS neutronElasticHP  Z= 64  A= 155 Ekin(MeV)= 2.818  xs(b)= 3.929  size=7
G4CrossSectionHP::IsoXS neutronElasticHP  Z= 64  A= 156 Ekin(MeV)= 2.818  xs(b)= 4.33  size=7
G4CrossSectionHP::IsoXS neutronElasticHP  Z= 64  A= 157 Ekin(MeV)= 2.818  xs(b)= 4.279  size=7
G4CrossSectionHP::IsoXS neutronElasticHP  Z= 64  A= 158 Ekin(MeV)= 2.818  xs(b)= 4.484  size=7
G4CrossSectionHP::IsoXS neutronElasticHP  Z= 64  A= 160 Ekin(MeV)= 2.818  xs(b)= 4.449  size=7
       4.298G4CrossSectionHP::IsoXS neutronInelasticHP  Z= 64  A= 152 Ekin(MeV)= 2.818  xs(b)= 2.628  size=7
G4CrossSectionHP::IsoXS neutronInelasticHP  Z= 64  A= 154 Ekin(MeV)= 2.818  xs(b)= 3.074  size=7
G4CrossSectionHP::IsoXS neutronInelasticHP  Z= 64  A= 155 Ekin(MeV)= 2.818  xs(b)= 2.447  size=7
G4CrossSectionHP::IsoXS neutronInelasticHP  Z= 64  A= 156 Ekin(MeV)= 2.818  xs(b)= 2.293  size=7
G4CrossSectionHP::IsoXS neutronInelasticHP  Z= 64  A= 157 Ekin(MeV)= 2.818  xs(b)= 2.228  size=7
G4CrossSectionHP::IsoXS neutronInelasticHP  Z= 64  A= 158 Ekin(MeV)= 2.818  xs(b)= 1.89  size=7
G4CrossSectionHP::IsoXS neutronInelasticHP  Z= 64  A= 160 Ekin(MeV)= 2.818  xs(b)= 1.876  size=7
        2.132G4CrossSectionHP::IsoXS neutronInelasticHP  Z= 64  A= 152 Ekin(MeV)= 2.818  xs(b)= 2.628  size=7
G4CrossSectionHP::IsoXS neutronInelasticHP  Z= 64  A= 154 Ekin(MeV)= 2.818  xs(b)= 3.074  size=7
G4CrossSectionHP::IsoXS neutronInelasticHP  Z= 64  A= 155 Ekin(MeV)= 2.818  xs(b)= 2.447  size=7
G4CrossSectionHP::IsoXS neutronInelasticHP  Z= 64  A= 156 Ekin(MeV)= 2.818  xs(b)= 2.293  size=7
G4CrossSectionHP::IsoXS neutronInelasticHP  Z= 64  A= 157 Ekin(MeV)= 2.818  xs(b)= 2.228  size=7
G4CrossSectionHP::IsoXS neutronInelasticHP  Z= 64  A= 158 Ekin(MeV)= 2.818  xs(b)= 1.89  size=7
G4CrossSectionHP::IsoXS neutronInelasticHP  Z= 64  A= 160 Ekin(MeV)= 2.818  xs(b)= 1.876  size=7
G4CrossSectionHP::IsoXS neutronElasticHP  Z= 64  A= 152 Ekin(MeV)= 2.818  xs(b)= 3.422  size=7
G4CrossSectionHP::IsoXS neutronElasticHP  Z= 64  A= 154 Ekin(MeV)= 2.818  xs(b)= 3.107  size=7
G4CrossSectionHP::IsoXS neutronElasticHP  Z= 64  A= 155 Ekin(MeV)= 2.818  xs(b)= 3.929  size=7
G4CrossSectionHP::IsoXS neutronElasticHP  Z= 64  A= 156 Ekin(MeV)= 2.818  xs(b)= 4.33  size=7
G4CrossSectionHP::IsoXS neutronElasticHP  Z= 64  A= 157 Ekin(MeV)= 2.818  xs(b)= 4.279  size=7
G4CrossSectionHP::IsoXS neutronElasticHP  Z= 64  A= 158 Ekin(MeV)= 2.818  xs(b)= 4.484  size=7
G4CrossSectionHP::IsoXS neutronElasticHP  Z= 64  A= 160 Ekin(MeV)= 2.818  xs(b)= 4.449  size=7
G4CrossSectionHP::IsoXS neutronCaptureHP  Z= 64  A= 152 Ekin(MeV)= 2.818  xs(b)= 0.1812  size=7
G4CrossSectionHP::IsoXS neutronCaptureHP  Z= 64  A= 154 Ekin(MeV)= 2.818  xs(b)= 0.05607  size=7
G4CrossSectionHP::IsoXS neutronCaptureHP  Z= 64  A= 155 Ekin(MeV)= 2.818  xs(b)= 0.1463  size=7
G4CrossSectionHP::IsoXS neutronCaptureHP  Z= 64  A= 156 Ekin(MeV)= 2.818  xs(b)= 0.04254  size=7
G4CrossSectionHP::IsoXS neutronCaptureHP  Z= 64  A= 157 Ekin(MeV)= 2.818  xs(b)= 0.1271  size=7
G4CrossSectionHP::IsoXS neutronCaptureHP  Z= 64  A= 158 Ekin(MeV)= 2.818  xs(b)= 0.02528  size=7
G4CrossSectionHP::IsoXS neutronCaptureHP  Z= 64  A= 160 Ekin(MeV)= 2.818  xs(b)= 0.08616  size=7
      0.07694            0        6.507
   45       3.548G4CrossSectionHP::IsoXS neutronElasticHP  Z= 64  A= 152 Ekin(MeV)= 3.548  xs(b)= 3.035  size=7
G4CrossSectionHP::IsoXS neutronElasticHP  Z= 64  A= 154 Ekin(MeV)= 3.548  xs(b)= 2.763  size=7
G4CrossSectionHP::IsoXS neutronElasticHP  Z= 64  A= 155 Ekin(MeV)= 3.548  xs(b)= 3.45  size=7
G4CrossSectionHP::IsoXS neutronElasticHP  Z= 64  A= 156 Ekin(MeV)= 3.548  xs(b)= 3.736  size=7
G4CrossSectionHP::IsoXS neutronElasticHP  Z= 64  A= 157 Ekin(MeV)= 3.548  xs(b)= 3.712  size=7
G4CrossSectionHP::IsoXS neutronElasticHP  Z= 64  A= 158 Ekin(MeV)= 3.548  xs(b)= 3.948  size=7
G4CrossSectionHP::IsoXS neutronElasticHP  Z= 64  A= 160 Ekin(MeV)= 3.548  xs(b)= 3.921  size=7
        3.76G4CrossSectionHP::IsoXS neutronInelasticHP  Z= 64  A= 152 Ekin(MeV)= 3.548  xs(b)= 2.668  size=7
G4CrossSectionHP::IsoXS neutronInelasticHP  Z= 64  A= 154 Ekin(MeV)= 3.548  xs(b)= 3.047  size=7
G4CrossSectionHP::IsoXS neutronInelasticHP  Z= 64  A= 155 Ekin(MeV)= 3.548  xs(b)= 2.471  size=7
G4CrossSectionHP::IsoXS neutronInelasticHP  Z= 64  A= 156 Ekin(MeV)= 3.548  xs(b)= 2.309  size=7
G4CrossSectionHP::IsoXS neutronInelasticHP  Z= 64  A= 157 Ekin(MeV)= 3.548  xs(b)= 2.245  size=7
G4CrossSectionHP::IsoXS neutronInelasticHP  Z= 64  A= 158 Ekin(MeV)= 3.548  xs(b)= 1.876  size=7
G4CrossSectionHP::IsoXS neutronInelasticHP  Z= 64  A= 160 Ekin(MeV)= 3.548  xs(b)= 1.894  size=7
        2.141G4CrossSectionHP::IsoXS neutronInelasticHP  Z= 64  A= 152 Ekin(MeV)= 3.548  xs(b)= 2.668  size=7
G4CrossSectionHP::IsoXS neutronInelasticHP  Z= 64  A= 154 Ekin(MeV)= 3.548  xs(b)= 3.047  size=7
G4CrossSectionHP::IsoXS neutronInelasticHP  Z= 64  A= 155 Ekin(MeV)= 3.548  xs(b)= 2.471  size=7
G4CrossSectionHP::IsoXS neutronInelasticHP  Z= 64  A= 156 Ekin(MeV)= 3.548  xs(b)= 2.309  size=7
G4CrossSectionHP::IsoXS neutronInelasticHP  Z= 64  A= 157 Ekin(MeV)= 3.548  xs(b)= 2.245  size=7
G4CrossSectionHP::IsoXS neutronInelasticHP  Z= 64  A= 158 Ekin(MeV)= 3.548  xs(b)= 1.876  size=7
G4CrossSectionHP::IsoXS neutronInelasticHP  Z= 64  A= 160 Ekin(MeV)= 3.548  xs(b)= 1.894  size=7
G4CrossSectionHP::IsoXS neutronElasticHP  Z= 64  A= 152 Ekin(MeV)= 3.548  xs(b)= 3.035  size=7
G4CrossSectionHP::IsoXS neutronElasticHP  Z= 64  A= 154 Ekin(MeV)= 3.548  xs(b)= 2.763  size=7
G4CrossSectionHP::IsoXS neutronElasticHP  Z= 64  A= 155 Ekin(MeV)= 3.548  xs(b)= 3.45  size=7
G4CrossSectionHP::IsoXS neutronElasticHP  Z= 64  A= 156 Ekin(MeV)= 3.548  xs(b)= 3.736  size=7
G4CrossSectionHP::IsoXS neutronElasticHP  Z= 64  A= 157 Ekin(MeV)= 3.548  xs(b)= 3.712  size=7
G4CrossSectionHP::IsoXS neutronElasticHP  Z= 64  A= 158 Ekin(MeV)= 3.548  xs(b)= 3.948  size=7
G4CrossSectionHP::IsoXS neutronElasticHP  Z= 64  A= 160 Ekin(MeV)= 3.548  xs(b)= 3.921  size=7
G4CrossSectionHP::IsoXS neutronCaptureHP  Z= 64  A= 152 Ekin(MeV)= 3.548  xs(b)= 0.1156  size=7
G4CrossSectionHP::IsoXS neutronCaptureHP  Z= 64  A= 154 Ekin(MeV)= 3.548  xs(b)= 0.03211  size=7
G4CrossSectionHP::IsoXS neutronCaptureHP  Z= 64  A= 155 Ekin(MeV)= 3.548  xs(b)= 0.08801  size=7
G4CrossSectionHP::IsoXS neutronCaptureHP  Z= 64  A= 156 Ekin(MeV)= 3.548  xs(b)= 0.03247  size=7
G4CrossSectionHP::IsoXS neutronCaptureHP  Z= 64  A= 157 Ekin(MeV)= 3.548  xs(b)= 0.08282  size=7
G4CrossSectionHP::IsoXS neutronCaptureHP  Z= 64  A= 158 Ekin(MeV)= 3.548  xs(b)= 0.01328  size=7
G4CrossSectionHP::IsoXS neutronCaptureHP  Z= 64  A= 160 Ekin(MeV)= 3.548  xs(b)= 0.07006  size=7
      0.05218            0        5.954
   46       4.467G4CrossSectionHP::IsoXS neutronElasticHP  Z= 64  A= 152 Ekin(MeV)= 4.467  xs(b)= 2.622  size=7
G4CrossSectionHP::IsoXS neutronElasticHP  Z= 64  A= 154 Ekin(MeV)= 4.467  xs(b)= 2.341  size=7
G4CrossSectionHP::IsoXS neutronElasticHP  Z= 64  A= 155 Ekin(MeV)= 4.467  xs(b)= 3.001  size=7
G4CrossSectionHP::IsoXS neutronElasticHP  Z= 64  A= 156 Ekin(MeV)= 4.467  xs(b)= 3.101  size=7
G4CrossSectionHP::IsoXS neutronElasticHP  Z= 64  A= 157 Ekin(MeV)= 4.467  xs(b)= 3.095  size=7
G4CrossSectionHP::IsoXS neutronElasticHP  Z= 64  A= 158 Ekin(MeV)= 4.467  xs(b)= 3.371  size=7
G4CrossSectionHP::IsoXS neutronElasticHP  Z= 64  A= 160 Ekin(MeV)= 4.467  xs(b)= 3.371  size=7
       3.194G4CrossSectionHP::IsoXS neutronInelasticHP  Z= 64  A= 152 Ekin(MeV)= 4.467  xs(b)= 2.681  size=7
G4CrossSectionHP::IsoXS neutronInelasticHP  Z= 64  A= 154 Ekin(MeV)= 4.467  xs(b)= 3.009  size=7
G4CrossSectionHP::IsoXS neutronInelasticHP  Z= 64  A= 155 Ekin(MeV)= 4.467  xs(b)= 2.5  size=7
G4CrossSectionHP::IsoXS neutronInelasticHP  Z= 64  A= 156 Ekin(MeV)= 4.467  xs(b)= 2.28  size=7
G4CrossSectionHP::IsoXS neutronInelasticHP  Z= 64  A= 157 Ekin(MeV)= 4.467  xs(b)= 2.267  size=7
G4CrossSectionHP::IsoXS neutronInelasticHP  Z= 64  A= 158 Ekin(MeV)= 4.467  xs(b)= 1.86  size=7
G4CrossSectionHP::IsoXS neutronInelasticHP  Z= 64  A= 160 Ekin(MeV)= 4.467  xs(b)= 1.884  size=7
        2.137G4CrossSectionHP::IsoXS neutronInelasticHP  Z= 64  A= 152 Ekin(MeV)= 4.467  xs(b)= 2.681  size=7
G4CrossSectionHP::IsoXS neutronInelasticHP  Z= 64  A= 154 Ekin(MeV)= 4.467  xs(b)= 3.009  size=7
G4CrossSectionHP::IsoXS neutronInelasticHP  Z= 64  A= 155 Ekin(MeV)= 4.467  xs(b)= 2.5  size=7
G4CrossSectionHP::IsoXS neutronInelasticHP  Z= 64  A= 156 Ekin(MeV)= 4.467  xs(b)= 2.28  size=7
G4CrossSectionHP::IsoXS neutronInelasticHP  Z= 64  A= 157 Ekin(MeV)= 4.467  xs(b)= 2.267  size=7
G4CrossSectionHP::IsoXS neutronInelasticHP  Z= 64  A= 158 Ekin(MeV)= 4.467  xs(b)= 1.86  size=7
G4CrossSectionHP::IsoXS neutronInelasticHP  Z= 64  A= 160 Ekin(MeV)= 4.467  xs(b)= 1.884  size=7
G4CrossSectionHP::IsoXS neutronElasticHP  Z= 64  A= 152 Ekin(MeV)= 4.467  xs(b)= 2.622  size=7
G4CrossSectionHP::IsoXS neutronElasticHP  Z= 64  A= 154 Ekin(MeV)= 4.467  xs(b)= 2.341  size=7
G4CrossSectionHP::IsoXS neutronElasticHP  Z= 64  A= 155 Ekin(MeV)= 4.467  xs(b)= 3.001  size=7
G4CrossSectionHP::IsoXS neutronElasticHP  Z= 64  A= 156 Ekin(MeV)= 4.467  xs(b)= 3.101  size=7
G4CrossSectionHP::IsoXS neutronElasticHP  Z= 64  A= 157 Ekin(MeV)= 4.467  xs(b)= 3.095  size=7
G4CrossSectionHP::IsoXS neutronElasticHP  Z= 64  A= 158 Ekin(MeV)= 4.467  xs(b)= 3.371  size=7
G4CrossSectionHP::IsoXS neutronElasticHP  Z= 64  A= 160 Ekin(MeV)= 4.467  xs(b)= 3.371  size=7
G4CrossSectionHP::IsoXS neutronCaptureHP  Z= 64  A= 152 Ekin(MeV)= 4.467  xs(b)= 0.05484  size=7
G4CrossSectionHP::IsoXS neutronCaptureHP  Z= 64  A= 154 Ekin(MeV)= 4.467  xs(b)= 0.01557  size=7
G4CrossSectionHP::IsoXS neutronCaptureHP  Z= 64  A= 155 Ekin(MeV)= 4.467  xs(b)= 0.04285  size=7
G4CrossSectionHP::IsoXS neutronCaptureHP  Z= 64  A= 156 Ekin(MeV)= 4.467  xs(b)= 0.0221  size=7
G4CrossSectionHP::IsoXS neutronCaptureHP  Z= 64  A= 157 Ekin(MeV)= 4.467  xs(b)= 0.04183  size=7
G4CrossSectionHP::IsoXS neutronCaptureHP  Z= 64  A= 158 Ekin(MeV)= 4.467  xs(b)= 0.006331  size=7
G4CrossSectionHP::IsoXS neutronCaptureHP  Z= 64  A= 160 Ekin(MeV)= 4.467  xs(b)= 0.0526  size=7
      0.03093            0        5.361
   47       5.623G4CrossSectionHP::IsoXS neutronElasticHP  Z= 64  A= 152 Ekin(MeV)= 5.623  xs(b)= 2.293  size=7
G4CrossSectionHP::IsoXS neutronElasticHP  Z= 64  A= 154 Ekin(MeV)= 5.623  xs(b)= 2.055  size=7
G4CrossSectionHP::IsoXS neutronElasticHP  Z= 64  A= 155 Ekin(MeV)= 5.623  xs(b)= 2.679  size=7
G4CrossSectionHP::IsoXS neutronElasticHP  Z= 64  A= 156 Ekin(MeV)= 5.623  xs(b)= 2.59  size=7
G4CrossSectionHP::IsoXS neutronElasticHP  Z= 64  A= 157 Ekin(MeV)= 5.623  xs(b)= 2.586  size=7
G4CrossSectionHP::IsoXS neutronElasticHP  Z= 64  A= 158 Ekin(MeV)= 5.623  xs(b)= 2.963  size=7
G4CrossSectionHP::IsoXS neutronElasticHP  Z= 64  A= 160 Ekin(MeV)= 5.623  xs(b)= 2.997  size=7
       2.772G4CrossSectionHP::IsoXS neutronInelasticHP  Z= 64  A= 152 Ekin(MeV)= 5.623  xs(b)= 2.704  size=7
G4CrossSectionHP::IsoXS neutronInelasticHP  Z= 64  A= 154 Ekin(MeV)= 5.623  xs(b)= 2.97  size=7
G4CrossSectionHP::IsoXS neutronInelasticHP  Z= 64  A= 155 Ekin(MeV)= 5.623  xs(b)= 2.542  size=7
G4CrossSectionHP::IsoXS neutronInelasticHP  Z= 64  A= 156 Ekin(MeV)= 5.623  xs(b)= 2.298  size=7
G4CrossSectionHP::IsoXS neutronInelasticHP  Z= 64  A= 157 Ekin(MeV)= 5.623  xs(b)= 2.301  size=7
G4CrossSectionHP::IsoXS neutronInelasticHP  Z= 64  A= 158 Ekin(MeV)= 5.623  xs(b)= 1.826  size=7
G4CrossSectionHP::IsoXS neutronInelasticHP  Z= 64  A= 160 Ekin(MeV)= 5.623  xs(b)= 1.852  size=7
        2.135G4CrossSectionHP::IsoXS neutronInelasticHP  Z= 64  A= 152 Ekin(MeV)= 5.623  xs(b)= 2.704  size=7
G4CrossSectionHP::IsoXS neutronInelasticHP  Z= 64  A= 154 Ekin(MeV)= 5.623  xs(b)= 2.97  size=7
G4CrossSectionHP::IsoXS neutronInelasticHP  Z= 64  A= 155 Ekin(MeV)= 5.623  xs(b)= 2.542  size=7
G4CrossSectionHP::IsoXS neutronInelasticHP  Z= 64  A= 156 Ekin(MeV)= 5.623  xs(b)= 2.298  size=7
G4CrossSectionHP::IsoXS neutronInelasticHP  Z= 64  A= 157 Ekin(MeV)= 5.623  xs(b)= 2.301  size=7
G4CrossSectionHP::IsoXS neutronInelasticHP  Z= 64  A= 158 Ekin(MeV)= 5.623  xs(b)= 1.826  size=7
G4CrossSectionHP::IsoXS neutronInelasticHP  Z= 64  A= 160 Ekin(MeV)= 5.623  xs(b)= 1.852  size=7
G4CrossSectionHP::IsoXS neutronElasticHP  Z= 64  A= 152 Ekin(MeV)= 5.623  xs(b)= 2.293  size=7
G4CrossSectionHP::IsoXS neutronElasticHP  Z= 64  A= 154 Ekin(MeV)= 5.623  xs(b)= 2.055  size=7
G4CrossSectionHP::IsoXS neutronElasticHP  Z= 64  A= 155 Ekin(MeV)= 5.623  xs(b)= 2.679  size=7
G4CrossSectionHP::IsoXS neutronElasticHP  Z= 64  A= 156 Ekin(MeV)= 5.623  xs(b)= 2.59  size=7
G4CrossSectionHP::IsoXS neutronElasticHP  Z= 64  A= 157 Ekin(MeV)= 5.623  xs(b)= 2.586  size=7
G4CrossSectionHP::IsoXS neutronElasticHP  Z= 64  A= 158 Ekin(MeV)= 5.623  xs(b)= 2.963  size=7
G4CrossSectionHP::IsoXS neutronElasticHP  Z= 64  A= 160 Ekin(MeV)= 5.623  xs(b)= 2.997  size=7
G4CrossSectionHP::IsoXS neutronCaptureHP  Z= 64  A= 152 Ekin(MeV)= 5.623  xs(b)= 0.02383  size=7
G4CrossSectionHP::IsoXS neutronCaptureHP  Z= 64  A= 154 Ekin(MeV)= 5.623  xs(b)= 0.006192  size=7
G4CrossSectionHP::IsoXS neutronCaptureHP  Z= 64  A= 155 Ekin(MeV)= 5.623  xs(b)= 0.01498  size=7
G4CrossSectionHP::IsoXS neutronCaptureHP  Z= 64  A= 156 Ekin(MeV)= 5.623  xs(b)= 0.0116  size=7
G4CrossSectionHP::IsoXS neutronCaptureHP  Z= 64  A= 157 Ekin(MeV)= 5.623  xs(b)= 0.01507  size=7
G4CrossSectionHP::IsoXS neutronCaptureHP  Z= 64  A= 158 Ekin(MeV)= 5.623  xs(b)= 0.003598  size=7
G4CrossSectionHP::IsoXS neutronCaptureHP  Z= 64  A= 160 Ekin(MeV)= 5.623  xs(b)= 0.01923  size=7
      0.01223            0         4.92
   48       7.079G4CrossSectionHP::IsoXS neutronElasticHP  Z= 64  A= 152 Ekin(MeV)= 7.079  xs(b)= 2.192  size=7
G4CrossSectionHP::IsoXS neutronElasticHP  Z= 64  A= 154 Ekin(MeV)= 7.079  xs(b)= 1.984  size=7
G4CrossSectionHP::IsoXS neutronElasticHP  Z= 64  A= 155 Ekin(MeV)= 7.079  xs(b)= 2.575  size=7
G4CrossSectionHP::IsoXS neutronElasticHP  Z= 64  A= 156 Ekin(MeV)= 7.079  xs(b)= 2.352  size=7
G4CrossSectionHP::IsoXS neutronElasticHP  Z= 64  A= 157 Ekin(MeV)= 7.079  xs(b)= 2.359  size=7
G4CrossSectionHP::IsoXS neutronElasticHP  Z= 64  A= 158 Ekin(MeV)= 7.079  xs(b)= 2.71  size=7
G4CrossSectionHP::IsoXS neutronElasticHP  Z= 64  A= 160 Ekin(MeV)= 7.079  xs(b)= 2.747  size=7
       2.553G4CrossSectionHP::IsoXS neutronInelasticHP  Z= 64  A= 152 Ekin(MeV)= 7.079  xs(b)= 2.674  size=7
G4CrossSectionHP::IsoXS neutronInelasticHP  Z= 64  A= 154 Ekin(MeV)= 7.079  xs(b)= 2.897  size=7
G4CrossSectionHP::IsoXS neutronInelasticHP  Z= 64  A= 155 Ekin(MeV)= 7.079  xs(b)= 2.545  size=7
G4CrossSectionHP::IsoXS neutronInelasticHP  Z= 64  A= 156 Ekin(MeV)= 7.079  xs(b)= 2.308  size=7
G4CrossSectionHP::IsoXS neutronInelasticHP  Z= 64  A= 157 Ekin(MeV)= 7.079  xs(b)= 2.313  size=7
G4CrossSectionHP::IsoXS neutronInelasticHP  Z= 64  A= 158 Ekin(MeV)= 7.079  xs(b)= 1.765  size=7
G4CrossSectionHP::IsoXS neutronInelasticHP  Z= 64  A= 160 Ekin(MeV)= 7.079  xs(b)= 1.791  size=7
        2.109G4CrossSectionHP::IsoXS neutronInelasticHP  Z= 64  A= 152 Ekin(MeV)= 7.079  xs(b)= 2.674  size=7
G4CrossSectionHP::IsoXS neutronInelasticHP  Z= 64  A= 154 Ekin(MeV)= 7.079  xs(b)= 2.897  size=7
G4CrossSectionHP::IsoXS neutronInelasticHP  Z= 64  A= 155 Ekin(MeV)= 7.079  xs(b)= 2.545  size=7
G4CrossSectionHP::IsoXS neutronInelasticHP  Z= 64  A= 156 Ekin(MeV)= 7.079  xs(b)= 2.308  size=7
G4CrossSectionHP::IsoXS neutronInelasticHP  Z= 64  A= 157 Ekin(MeV)= 7.079  xs(b)= 2.313  size=7
G4CrossSectionHP::IsoXS neutronInelasticHP  Z= 64  A= 158 Ekin(MeV)= 7.079  xs(b)= 1.765  size=7
G4CrossSectionHP::IsoXS neutronInelasticHP  Z= 64  A= 160 Ekin(MeV)= 7.079  xs(b)= 1.791  size=7
G4CrossSectionHP::IsoXS neutronElasticHP  Z= 64  A= 152 Ekin(MeV)= 7.079  xs(b)= 2.192  size=7
G4CrossSectionHP::IsoXS neutronElasticHP  Z= 64  A= 154 Ekin(MeV)= 7.079  xs(b)= 1.984  size=7
G4CrossSectionHP::IsoXS neutronElasticHP  Z= 64  A= 155 Ekin(MeV)= 7.079  xs(b)= 2.575  size=7
G4CrossSectionHP::IsoXS neutronElasticHP  Z= 64  A= 156 Ekin(MeV)= 7.079  xs(b)= 2.352  size=7
G4CrossSectionHP::IsoXS neutronElasticHP  Z= 64  A= 157 Ekin(MeV)= 7.079  xs(b)= 2.359  size=7
G4CrossSectionHP::IsoXS neutronElasticHP  Z= 64  A= 158 Ekin(MeV)= 7.079  xs(b)= 2.71  size=7
G4CrossSectionHP::IsoXS neutronElasticHP  Z= 64  A= 160 Ekin(MeV)= 7.079  xs(b)= 2.747  size=7
G4CrossSectionHP::IsoXS neutronCaptureHP  Z= 64  A= 152 Ekin(MeV)= 7.079  xs(b)= 0.008129  size=7
G4CrossSectionHP::IsoXS neutronCaptureHP  Z= 64  A= 154 Ekin(MeV)= 7.079  xs(b)= 0.002117  size=7
G4CrossSectionHP::IsoXS neutronCaptureHP  Z= 64  A= 155 Ekin(MeV)= 7.079  xs(b)= 0.003386  size=7
G4CrossSectionHP::IsoXS neutronCaptureHP  Z= 64  A= 156 Ekin(MeV)= 7.079  xs(b)= 0.004546  size=7
G4CrossSectionHP::IsoXS neutronCaptureHP  Z= 64  A= 157 Ekin(MeV)= 7.079  xs(b)= 0.003985  size=7
G4CrossSectionHP::IsoXS neutronCaptureHP  Z= 64  A= 158 Ekin(MeV)= 7.079  xs(b)= 0.002462  size=7
G4CrossSectionHP::IsoXS neutronCaptureHP  Z= 64  A= 160 Ekin(MeV)= 7.079  xs(b)= 0.003737  size=7
     0.003546            0        4.666
   49       8.913G4CrossSectionHP::IsoXS neutronElasticHP  Z= 64  A= 152 Ekin(MeV)= 8.913  xs(b)= 2.359  size=7
G4CrossSectionHP::IsoXS neutronElasticHP  Z= 64  A= 154 Ekin(MeV)= 8.913  xs(b)= 2.131  size=7
G4CrossSectionHP::IsoXS neutronElasticHP  Z= 64  A= 155 Ekin(MeV)= 8.913  xs(b)= 2.711  size=7
G4CrossSectionHP::IsoXS neutronElasticHP  Z= 64  A= 156 Ekin(MeV)= 8.913  xs(b)= 2.477  size=7
G4CrossSectionHP::IsoXS neutronElasticHP  Z= 64  A= 157 Ekin(MeV)= 8.913  xs(b)= 2.494  size=7
G4CrossSectionHP::IsoXS neutronElasticHP  Z= 64  A= 158 Ekin(MeV)= 8.913  xs(b)= 2.648  size=7
G4CrossSectionHP::IsoXS neutronElasticHP  Z= 64  A= 160 Ekin(MeV)= 8.913  xs(b)= 2.643  size=7
       2.585G4CrossSectionHP::IsoXS neutronInelasticHP  Z= 64  A= 152 Ekin(MeV)= 8.913  xs(b)= 2.557  size=7
G4CrossSectionHP::IsoXS neutronInelasticHP  Z= 64  A= 154 Ekin(MeV)= 8.913  xs(b)= 2.772  size=7
G4CrossSectionHP::IsoXS neutronInelasticHP  Z= 64  A= 155 Ekin(MeV)= 8.913  xs(b)= 2.502  size=7
G4CrossSectionHP::IsoXS neutronInelasticHP  Z= 64  A= 156 Ekin(MeV)= 8.913  xs(b)= 2.24  size=7
G4CrossSectionHP::IsoXS neutronInelasticHP  Z= 64  A= 157 Ekin(MeV)= 8.913  xs(b)= 2.244  size=7
G4CrossSectionHP::IsoXS neutronInelasticHP  Z= 64  A= 158 Ekin(MeV)= 8.913  xs(b)= 1.68  size=7
G4CrossSectionHP::IsoXS neutronInelasticHP  Z= 64  A= 160 Ekin(MeV)= 8.913  xs(b)= 1.705  size=7
        2.036G4CrossSectionHP::IsoXS neutronInelasticHP  Z= 64  A= 152 Ekin(MeV)= 8.913  xs(b)= 2.557  size=7
G4CrossSectionHP::IsoXS neutronInelasticHP  Z= 64  A= 154 Ekin(MeV)= 8.913  xs(b)= 2.772  size=7
G4CrossSectionHP::IsoXS neutronInelasticHP  Z= 64  A= 155 Ekin(MeV)= 8.913  xs(b)= 2.502  size=7
G4CrossSectionHP::IsoXS neutronInelasticHP  Z= 64  A= 156 Ekin(MeV)= 8.913  xs(b)= 2.24  size=7
G4CrossSectionHP::IsoXS neutronInelasticHP  Z= 64  A= 157 Ekin(MeV)= 8.913  xs(b)= 2.244  size=7
G4CrossSectionHP::IsoXS neutronInelasticHP  Z= 64  A= 158 Ekin(MeV)= 8.913  xs(b)= 1.68  size=7
G4CrossSectionHP::IsoXS neutronInelasticHP  Z= 64  A= 160 Ekin(MeV)= 8.913  xs(b)= 1.705  size=7
G4CrossSectionHP::IsoXS neutronElasticHP  Z= 64  A= 152 Ekin(MeV)= 8.913  xs(b)= 2.359  size=7
G4CrossSectionHP::IsoXS neutronElasticHP  Z= 64  A= 154 Ekin(MeV)= 8.913  xs(b)= 2.131  size=7
G4CrossSectionHP::IsoXS neutronElasticHP  Z= 64  A= 155 Ekin(MeV)= 8.913  xs(b)= 2.711  size=7
G4CrossSectionHP::IsoXS neutronElasticHP  Z= 64  A= 156 Ekin(MeV)= 8.913  xs(b)= 2.477  size=7
G4CrossSectionHP::IsoXS neutronElasticHP  Z= 64  A= 157 Ekin(MeV)= 8.913  xs(b)= 2.494  size=7
G4CrossSectionHP::IsoXS neutronElasticHP  Z= 64  A= 158 Ekin(MeV)= 8.913  xs(b)= 2.648  size=7
G4CrossSectionHP::IsoXS neutronElasticHP  Z= 64  A= 160 Ekin(MeV)= 8.913  xs(b)= 2.643  size=7
G4CrossSectionHP::IsoXS neutronCaptureHP  Z= 64  A= 152 Ekin(MeV)= 8.913  xs(b)= 0.003027  size=7
G4CrossSectionHP::IsoXS neutronCaptureHP  Z= 64  A= 154 Ekin(MeV)= 8.913  xs(b)= 0.001034  size=7
G4CrossSectionHP::IsoXS neutronCaptureHP  Z= 64  A= 155 Ekin(MeV)= 8.913  xs(b)= 0.0005739  size=7
G4CrossSectionHP::IsoXS neutronCaptureHP  Z= 64  A= 156 Ekin(MeV)= 8.913  xs(b)= 0.001718  size=7
G4CrossSectionHP::IsoXS neutronCaptureHP  Z= 64  A= 157 Ekin(MeV)= 8.913  xs(b)= 0.0009138  size=7
G4CrossSectionHP::IsoXS neutronCaptureHP  Z= 64  A= 158 Ekin(MeV)= 8.913  xs(b)= 0.002318  size=7
G4CrossSectionHP::IsoXS neutronCaptureHP  Z= 64  A= 160 Ekin(MeV)= 8.913  xs(b)= 0.002223  size=7
      0.00167            0        4.623
### ekin(eV)=544.6 e0(eV)=0.02526
     1) sig(eV)=0.345 y(b)=0.8821
     2) sig(eV)=0.345 y(b)=0.8703
     3) sig(eV)=0.345 y(b)=1.309
     4) sig(eV)=0.345 y(b)=1.374
     5) sig(eV)=0.345 y(b)=1.855
     6) sig(eV)=0.345 y(b)=1.949
     7) sig(eV)=0.345 y(b)=1.523
     8) sig(eV)=0.345 y(b)=1.583
     9) sig(eV)=0.345 y(b)=1.496
     10) sig(eV)=0.345 y(b)=1.466
     11) sig(eV)=0.345 y(b)=1.611
     12) sig(eV)=0.345 y(b)=1.304
     13) sig(eV)=0.345 y(b)=1.465
     14) sig(eV)=0.345 y(b)=1.536
     15) sig(eV)=0.345 y(b)=1.32
     16) sig(eV)=0.345 y(b)=1.138
     17) sig(eV)=0.345 y(b)=1.048
     18) sig(eV)=0.345 y(b)=1.091
     19) sig(eV)=0.345 y(b)=0.9649
     20) sig(eV)=0.345 y(b)=1.38
G4CrossSectionHP::IsoXS neutronElasticHP  Z= 64  A= 152 Ekin(MeV)= 0.0005446  xs(b)= 1.358  size=7
### ekin(eV)=544.6 e0(eV)=0.02526
     1) sig(eV)=0.3428 y(b)=4.77
     2) sig(eV)=0.3428 y(b)=4.823
     3) sig(eV)=0.3428 y(b)=4.808
G4CrossSectionHP::IsoXS neutronElasticHP  Z= 64  A= 154 Ekin(MeV)= 0.0005446  xs(b)= 4.8  size=7
### ekin(eV)=544.6 e0(eV)=0.02526
     1) sig(eV)=0.3417 y(b)=21.37
     2) sig(eV)=0.3417 y(b)=21.37
     3) sig(eV)=0.3417 y(b)=21.37
G4CrossSectionHP::IsoXS neutronElasticHP  Z= 64  A= 155 Ekin(MeV)= 0.0005446  xs(b)= 21.37  size=7
### ekin(eV)=544.6 e0(eV)=0.02526
     1) sig(eV)=0.3406 y(b)=8.236
     2) sig(eV)=0.3406 y(b)=8.218
     3) sig(eV)=0.3406 y(b)=8.234
G4CrossSectionHP::IsoXS neutronElasticHP  Z= 64  A= 156 Ekin(MeV)= 0.0005446  xs(b)= 8.23  size=7
### ekin(eV)=544.6 e0(eV)=0.02526
     1) sig(eV)=0.3395 y(b)=18.68
     2) sig(eV)=0.3395 y(b)=18.68
     3) sig(eV)=0.3395 y(b)=18.68
G4CrossSectionHP::IsoXS neutronElasticHP  Z= 64  A= 157 Ekin(MeV)= 0.0005446  xs(b)= 18.68  size=7
### ekin(eV)=544.6 e0(eV)=0.02526
     1) sig(eV)=0.3384 y(b)=4.048
     2) sig(eV)=0.3384 y(b)=4.058
     3) sig(eV)=0.3384 y(b)=4.058
G4CrossSectionHP::IsoXS neutronElasticHP  Z= 64  A= 158 Ekin(MeV)= 0.0005446  xs(b)= 4.055  size=7
### ekin(eV)=544.6 e0(eV)=0.02526
     1) sig(eV)=0.3363 y(b)=3.603
     2) sig(eV)=0.3363 y(b)=3.597
     3) sig(eV)=0.3363 y(b)=3.6
G4CrossSectionHP::IsoXS neutronElasticHP  Z= 64  A= 160 Ekin(MeV)= 0.0005446  xs(b)= 3.6  size=7
### ekin(eV)=544.6 e0(eV)=0.02526
     1) sig(eV)=0.345 y(b)=0.0006023
     2) sig(eV)=0.345 y(b)=0.0006026
     3) sig(eV)=0.345 y(b)=0.000602
G4CrossSectionHP::IsoXS neutronInelasticHP  Z= 64  A= 152 Ekin(MeV)= 0.0005446  xs(b)= 0.0006023  size=7
### ekin(eV)=544.6 e0(eV)=0.02526
     1) sig(eV)=0.3428 y(b)=0
     2) sig(eV)=0.3428 y(b)=0
     3) sig(eV)=0.3428 y(b)=0
G4CrossSectionHP::IsoXS neutronInelasticHP  Z= 64  A= 154 Ekin(MeV)= 0.0005446  xs(b)= 0  size=7
### ekin(eV)=544.6 e0(eV)=0.02526
     1) sig(eV)=0.3417 y(b)=5.532e-10
     2) sig(eV)=0.3417 y(b)=5.532e-10
     3) sig(eV)=0.3417 y(b)=5.526e-10
G4CrossSectionHP::IsoXS neutronInelasticHP  Z= 64  A= 155 Ekin(MeV)= 0.0005446  xs(b)= 5.53e-10  size=7
### ekin(eV)=544.6 e0(eV)=0.02526
     1) sig(eV)=0.3406 y(b)=5.49e-10
     2) sig(eV)=0.3406 y(b)=5.497e-10
     3) sig(eV)=0.3406 y(b)=5.495e-10
G4CrossSectionHP::IsoXS neutronInelasticHP  Z= 64  A= 156 Ekin(MeV)= 0.0005446  xs(b)= 5.494e-10  size=7
### ekin(eV)=544.6 e0(eV)=0.02526
     1) sig(eV)=0.3395 y(b)=2.29e-10
     2) sig(eV)=0.3395 y(b)=2.293e-10
     3) sig(eV)=0.3395 y(b)=2.293e-10
G4CrossSectionHP::IsoXS neutronInelasticHP  Z= 64  A= 157 Ekin(MeV)= 0.0005446  xs(b)= 2.292e-10  size=7
### ekin(eV)=544.6 e0(eV)=0.02526
     1) sig(eV)=0.3384 y(b)=2.308e-10
     2) sig(eV)=0.3384 y(b)=2.307e-10
     3) sig(eV)=0.3384 y(b)=2.305e-10
G4CrossSectionHP::IsoXS neutronInelasticHP  Z= 64  A= 158 Ekin(MeV)= 0.0005446  xs(b)= 2.307e-10  size=7
### ekin(eV)=544.6 e0(eV)=0.02526
     1) sig(eV)=0.3363 y(b)=3.593e-10
     2) sig(eV)=0.3363 y(b)=3.592e-10
     3) sig(eV)=0.3363 y(b)=3.592e-10
G4CrossSectionHP::IsoXS neutronInelasticHP  Z= 64  A= 160 Ekin(MeV)= 0.0005446  xs(b)= 3.592e-10  size=7
### ekin(eV)=570.2 e0(eV)=0.02526
     1) sig(eV)=0.345 y(b)=3.146
     2) sig(eV)=0.345 y(b)=4.128
     3) sig(eV)=0.345 y(b)=5.073
     4) sig(eV)=0.345 y(b)=5.363
     5) sig(eV)=0.345 y(b)=6.435
     6) sig(eV)=0.345 y(b)=7.48
     7) sig(eV)=0.345 y(b)=9.735
     8) sig(eV)=0.345 y(b)=8.477
     9) sig(eV)=0.345 y(b)=11.38
     10) sig(eV)=0.345 y(b)=13.7
     11) sig(eV)=0.345 y(b)=11.39
     12) sig(eV)=0.345 y(b)=16.4
     13) sig(eV)=0.345 y(b)=16.49
     14) sig(eV)=0.345 y(b)=20.78
     15) sig(eV)=0.345 y(b)=11.66
     16) sig(eV)=0.345 y(b)=11.74
     17) sig(eV)=0.345 y(b)=10.56
     18) sig(eV)=0.345 y(b)=11.62
     19) sig(eV)=0.345 y(b)=15.5
     20) sig(eV)=0.345 y(b)=15.88
G4CrossSectionHP::IsoXS neutronElasticHP  Z= 64  A= 152 Ekin(MeV)= 0.0005702  xs(b)= 10.85  size=7
### ekin(eV)=570.2 e0(eV)=0.02526
     1) sig(eV)=0.3428 y(b)=4.991
     2) sig(eV)=0.3428 y(b)=4.951
     3) sig(eV)=0.3428 y(b)=4.964
G4CrossSectionHP::IsoXS neutronElasticHP  Z= 64  A= 154 Ekin(MeV)= 0.0005702  xs(b)= 4.969  size=7
### ekin(eV)=570.2 e0(eV)=0.02526
     1) sig(eV)=0.3417 y(b)=21.16
     2) sig(eV)=0.3417 y(b)=21.16
     3) sig(eV)=0.3417 y(b)=21.16
G4CrossSectionHP::IsoXS neutronElasticHP  Z= 64  A= 155 Ekin(MeV)= 0.0005702  xs(b)= 21.16  size=7
### ekin(eV)=570.2 e0(eV)=0.02526
     1) sig(eV)=0.3406 y(b)=7.209
     2) sig(eV)=0.3406 y(b)=7.224
     3) sig(eV)=0.3406 y(b)=7.224
G4CrossSectionHP::IsoXS neutronElasticHP  Z= 64  A= 156 Ekin(MeV)= 0.0005702  xs(b)= 7.219  size=7
### ekin(eV)=570.2 e0(eV)=0.02526
     1) sig(eV)=0.3395 y(b)=18.53
     2) sig(eV)=0.3395 y(b)=18.53
     3) sig(eV)=0.3395 y(b)=18.53
G4CrossSectionHP::IsoXS neutronElasticHP  Z= 64  A= 157 Ekin(MeV)= 0.0005702  xs(b)= 18.53  size=7
### ekin(eV)=570.2 e0(eV)=0.02526
     1) sig(eV)=0.3384 y(b)=3.204
     2) sig(eV)=0.3384 y(b)=3.21
     3) sig(eV)=0.3384 y(b)=3.216
G4CrossSectionHP::IsoXS neutronElasticHP  Z= 64  A= 158 Ekin(MeV)= 0.0005702  xs(b)= 3.21  size=7
### ekin(eV)=570.2 e0(eV)=0.02526
     1) sig(eV)=0.3363 y(b)=2.752
     2) sig(eV)=0.3363 y(b)=2.875
     3) sig(eV)=0.3363 y(b)=2.849
G4CrossSectionHP::IsoXS neutronElasticHP  Z= 64  A= 160 Ekin(MeV)= 0.0005702  xs(b)= 2.825  size=7
### ekin(eV)=570.2 e0(eV)=0.02526
     1) sig(eV)=0.345 y(b)=0.0005414
     2) sig(eV)=0.345 y(b)=0.0005421
     3) sig(eV)=0.345 y(b)=0.0005413
G4CrossSectionHP::IsoXS neutronInelasticHP  Z= 64  A= 152 Ekin(MeV)= 0.0005702  xs(b)= 0.0005416  size=7
### ekin(eV)=570.2 e0(eV)=0.02526
     1) sig(eV)=0.3428 y(b)=0
     2) sig(eV)=0.3428 y(b)=0
     3) sig(eV)=0.3428 y(b)=0
G4CrossSectionHP::IsoXS neutronInelasticHP  Z= 64  A= 154 Ekin(MeV)= 0.0005702  xs(b)= 0  size=7
### ekin(eV)=570.2 e0(eV)=0.02526
     1) sig(eV)=0.3417 y(b)=5.794e-10
     2) sig(eV)=0.3417 y(b)=5.793e-10
     3) sig(eV)=0.3417 y(b)=5.793e-10
G4CrossSectionHP::IsoXS neutronInelasticHP  Z= 64  A= 155 Ekin(MeV)= 0.0005702  xs(b)= 5.793e-10  size=7
### ekin(eV)=570.2 e0(eV)=0.02526
     1) sig(eV)=0.3406 y(b)=5.752e-10
     2) sig(eV)=0.3406 y(b)=5.752e-10
     3) sig(eV)=0.3406 y(b)=5.753e-10
G4CrossSectionHP::IsoXS neutronInelasticHP  Z= 64  A= 156 Ekin(MeV)= 0.0005702  xs(b)= 5.752e-10  size=7
### ekin(eV)=570.2 e0(eV)=0.02526
     1) sig(eV)=0.3395 y(b)=2.399e-10
     2) sig(eV)=0.3395 y(b)=2.398e-10
     3) sig(eV)=0.3395 y(b)=2.398e-10
G4CrossSectionHP::IsoXS neutronInelasticHP  Z= 64  A= 157 Ekin(MeV)= 0.0005702  xs(b)= 2.398e-10  size=7
### ekin(eV)=570.2 e0(eV)=0.02526
     1) sig(eV)=0.3384 y(b)=2.417e-10
     2) sig(eV)=0.3384 y(b)=2.418e-10
     3) sig(eV)=0.3384 y(b)=2.417e-10
G4CrossSectionHP::IsoXS neutronInelasticHP  Z= 64  A= 158 Ekin(MeV)= 0.0005702  xs(b)= 2.417e-10  size=7
### ekin(eV)=570.2 e0(eV)=0.02526
     1) sig(eV)=0.3363 y(b)=3.76e-10
     2) sig(eV)=0.3363 y(b)=3.764e-10
     3) sig(eV)=0.3363 y(b)=3.762e-10
G4CrossSectionHP::IsoXS neutronInelasticHP  Z= 64  A= 160 Ekin(MeV)= 0.0005702  xs(b)= 3.762e-10  size=7
### ekin(eV)=597.1 e0(eV)=0.02526
     1) sig(eV)=0.345 y(b)=14.28
     2) sig(eV)=0.345 y(b)=13.77
     3) sig(eV)=0.345 y(b)=13.4
G4CrossSectionHP::IsoXS neutronElasticHP  Z= 64  A= 152 Ekin(MeV)= 0.0005971  xs(b)= 13.81  size=7
### ekin(eV)=597.1 e0(eV)=0.02526
     1) sig(eV)=0.3428 y(b)=9.922
     2) sig(eV)=0.3428 y(b)=10.05
     3) sig(eV)=0.3428 y(b)=10.97
G4CrossSectionHP::IsoXS neutronElasticHP  Z= 64  A= 154 Ekin(MeV)= 0.0005971  xs(b)= 10.31  size=7
### ekin(eV)=597.1 e0(eV)=0.02526
     1) sig(eV)=0.3417 y(b)=20.96
     2) sig(eV)=0.3417 y(b)=20.96
     3) sig(eV)=0.3417 y(b)=20.96
G4CrossSectionHP::IsoXS neutronElasticHP  Z= 64  A= 155 Ekin(MeV)= 0.0005971  xs(b)= 20.96  size=7
### ekin(eV)=597.1 e0(eV)=0.02526
     1) sig(eV)=0.3406 y(b)=6.432
     2) sig(eV)=0.3406 y(b)=6.446
     3) sig(eV)=0.3406 y(b)=6.448
G4CrossSectionHP::IsoXS neutronElasticHP  Z= 64  A= 156 Ekin(MeV)= 0.0005971  xs(b)= 6.442  size=7
### ekin(eV)=597.1 e0(eV)=0.02526
     1) sig(eV)=0.3395 y(b)=18.35
     2) sig(eV)=0.3395 y(b)=18.36
     3) sig(eV)=0.3395 y(b)=18.35
G4CrossSectionHP::IsoXS neutronElasticHP  Z= 64  A= 157 Ekin(MeV)= 0.0005971  xs(b)= 18.35  size=7
### ekin(eV)=597.1 e0(eV)=0.02526
     1) sig(eV)=0.3384 y(b)=3.899
     2) sig(eV)=0.3384 y(b)=3.876
     3) sig(eV)=0.3384 y(b)=3.837
G4CrossSectionHP::IsoXS neutronElasticHP  Z= 64  A= 158 Ekin(MeV)= 0.0005971  xs(b)= 3.871  size=7
### ekin(eV)=597.1 e0(eV)=0.02526
     1) sig(eV)=0.3363 y(b)=3.099
     2) sig(eV)=0.3363 y(b)=3.101
     3) sig(eV)=0.3363 y(b)=3.097
G4CrossSectionHP::IsoXS neutronElasticHP  Z= 64  A= 160 Ekin(MeV)= 0.0005971  xs(b)= 3.099  size=7
### ekin(eV)=597.1 e0(eV)=0.02526
     1) sig(eV)=0.345 y(b)=0.000478
     2) sig(eV)=0.345 y(b)=0.0004782
     3) sig(eV)=0.345 y(b)=0.0004763
G4CrossSectionHP::IsoXS neutronInelasticHP  Z= 64  A= 152 Ekin(MeV)= 0.0005971  xs(b)= 0.0004775  size=7
### ekin(eV)=597.1 e0(eV)=0.02526
     1) sig(eV)=0.3428 y(b)=0
     2) sig(eV)=0.3428 y(b)=0
     3) sig(eV)=0.3428 y(b)=0
G4CrossSectionHP::IsoXS neutronInelasticHP  Z= 64  A= 154 Ekin(MeV)= 0.0005971  xs(b)= 0  size=7
### ekin(eV)=597.1 e0(eV)=0.02526
     1) sig(eV)=0.3417 y(b)=6.077e-10
     2) sig(eV)=0.3417 y(b)=6.079e-10
     3) sig(eV)=0.3417 y(b)=6.083e-10
G4CrossSectionHP::IsoXS neutronInelasticHP  Z= 64  A= 155 Ekin(MeV)= 0.0005971  xs(b)= 6.08e-10  size=7
### ekin(eV)=597.1 e0(eV)=0.02526
     1) sig(eV)=0.3406 y(b)=6.023e-10
     2) sig(eV)=0.3406 y(b)=6.025e-10
     3) sig(eV)=0.3406 y(b)=6.026e-10
G4CrossSectionHP::IsoXS neutronInelasticHP  Z= 64  A= 156 Ekin(MeV)= 0.0005971  xs(b)= 6.025e-10  size=7
### ekin(eV)=597.1 e0(eV)=0.02526
     1) sig(eV)=0.3395 y(b)=2.512e-10
     2) sig(eV)=0.3395 y(b)=2.51e-10
     3) sig(eV)=0.3395 y(b)=2.512e-10
G4CrossSectionHP::IsoXS neutronInelasticHP  Z= 64  A= 157 Ekin(MeV)= 0.0005971  xs(b)= 2.511e-10  size=7
### ekin(eV)=597.1 e0(eV)=0.02526
     1) sig(eV)=0.3384 y(b)=2.528e-10
     2) sig(eV)=0.3384 y(b)=2.53e-10
     3) sig(eV)=0.3384 y(b)=2.53e-10
G4CrossSectionHP::IsoXS neutronInelasticHP  Z= 64  A= 158 Ekin(MeV)= 0.0005971  xs(b)= 2.53e-10  size=7
### ekin(eV)=597.1 e0(eV)=0.02526
     1) sig(eV)=0.3363 y(b)=3.94e-10
     2) sig(eV)=0.3363 y(b)=3.944e-10
     3) sig(eV)=0.3363 y(b)=3.942e-10
G4CrossSectionHP::IsoXS neutronInelasticHP  Z= 64  A= 160 Ekin(MeV)= 0.0005971  xs(b)= 3.942e-10  size=7
### ekin(eV)=625.2 e0(eV)=0.02526
     1) sig(eV)=0.345 y(b)=19.26
     2) sig(eV)=0.345 y(b)=17.58
     3) sig(eV)=0.345 y(b)=18.16
G4CrossSectionHP::IsoXS neutronElasticHP  Z= 64  A= 152 Ekin(MeV)= 0.0006252  xs(b)= 18.33  size=7
### ekin(eV)=625.2 e0(eV)=0.02526
     1) sig(eV)=0.3428 y(b)=50.33
     2) sig(eV)=0.3428 y(b)=69.53
     3) sig(eV)=0.3428 y(b)=250
     4) sig(eV)=0.3428 y(b)=1323
     5) sig(eV)=0.3428 y(b)=562.1
     6) sig(eV)=0.3428 y(b)=494.5
     7) sig(eV)=0.3428 y(b)=648.8
     8) sig(eV)=0.3428 y(b)=75.53
     9) sig(eV)=0.3428 y(b)=82.09
     10) sig(eV)=0.3428 y(b)=27.81
     11) sig(eV)=0.3428 y(b)=77.69
     12) sig(eV)=0.3428 y(b)=68.09
     13) sig(eV)=0.3428 y(b)=38.94
     14) sig(eV)=0.3428 y(b)=20
     15) sig(eV)=0.3428 y(b)=38.88
     16) sig(eV)=0.3428 y(b)=248
     17) sig(eV)=0.3428 y(b)=1366
     18) sig(eV)=0.3428 y(b)=449.5
     19) sig(eV)=0.3428 y(b)=122.8
     20) sig(eV)=0.3428 y(b)=986.1
G4CrossSectionHP::IsoXS neutronElasticHP  Z= 64  A= 154 Ekin(MeV)= 0.0006252  xs(b)= 350  size=7
### ekin(eV)=625.2 e0(eV)=0.02526
     1) sig(eV)=0.3417 y(b)=20.74
     2) sig(eV)=0.3417 y(b)=20.74
     3) sig(eV)=0.3417 y(b)=20.74
G4CrossSectionHP::IsoXS neutronElasticHP  Z= 64  A= 155 Ekin(MeV)= 0.0006252  xs(b)= 20.74  size=7
### ekin(eV)=625.2 e0(eV)=0.02526
     1) sig(eV)=0.3406 y(b)=5.614
     2) sig(eV)=0.3406 y(b)=5.609
     3) sig(eV)=0.3406 y(b)=5.613
G4CrossSectionHP::IsoXS neutronElasticHP  Z= 64  A= 156 Ekin(MeV)= 0.0006252  xs(b)= 5.612  size=7
### ekin(eV)=625.2 e0(eV)=0.02526
     1) sig(eV)=0.3395 y(b)=18.17
     2) sig(eV)=0.3395 y(b)=18.17
     3) sig(eV)=0.3395 y(b)=18.17
G4CrossSectionHP::IsoXS neutronElasticHP  Z= 64  A= 157 Ekin(MeV)= 0.0006252  xs(b)= 18.17  size=7
### ekin(eV)=625.2 e0(eV)=0.02526
     1) sig(eV)=0.3384 y(b)=2.695
     2) sig(eV)=0.3384 y(b)=2.688
     3) sig(eV)=0.3384 y(b)=2.684
G4CrossSectionHP::IsoXS neutronElasticHP  Z= 64  A= 158 Ekin(MeV)= 0.0006252  xs(b)= 2.689  size=7
### ekin(eV)=625.2 e0(eV)=0.02526
     1) sig(eV)=0.3363 y(b)=2.854
     2) sig(eV)=0.3363 y(b)=2.856
     3) sig(eV)=0.3363 y(b)=2.863
G4CrossSectionHP::IsoXS neutronElasticHP  Z= 64  A= 160 Ekin(MeV)= 0.0006252  xs(b)= 2.858  size=7
### ekin(eV)=625.2 e0(eV)=0.02526
     1) sig(eV)=0.345 y(b)=0.0004107
     2) sig(eV)=0.345 y(b)=0.0004125
     3) sig(eV)=0.345 y(b)=0.0004117
G4CrossSectionHP::IsoXS neutronInelasticHP  Z= 64  A= 152 Ekin(MeV)= 0.0006252  xs(b)= 0.0004116  size=7
### ekin(eV)=625.2 e0(eV)=0.02526
     1) sig(eV)=0.3428 y(b)=0
     2) sig(eV)=0.3428 y(b)=0
     3) sig(eV)=0.3428 y(b)=0
G4CrossSectionHP::IsoXS neutronInelasticHP  Z= 64  A= 154 Ekin(MeV)= 0.0006252  xs(b)= 0  size=7
### ekin(eV)=625.2 e0(eV)=0.02526
     1) sig(eV)=0.3417 y(b)=6.355e-10
     2) sig(eV)=0.3417 y(b)=6.36e-10
     3) sig(eV)=0.3417 y(b)=6.358e-10
G4CrossSectionHP::IsoXS neutronInelasticHP  Z= 64  A= 155 Ekin(MeV)= 0.0006252  xs(b)= 6.358e-10  size=7
### ekin(eV)=625.2 e0(eV)=0.02526
     1) sig(eV)=0.3406 y(b)=6.304e-10
     2) sig(eV)=0.3406 y(b)=6.31e-10
     3) sig(eV)=0.3406 y(b)=6.308e-10
G4CrossSectionHP::IsoXS neutronInelasticHP  Z= 64  A= 156 Ekin(MeV)= 0.0006252  xs(b)= 6.307e-10  size=7
### ekin(eV)=625.2 e0(eV)=0.02526
     1) sig(eV)=0.3395 y(b)=2.632e-10
     2) sig(eV)=0.3395 y(b)=2.633e-10
     3) sig(eV)=0.3395 y(b)=2.635e-10
G4CrossSectionHP::IsoXS neutronInelasticHP  Z= 64  A= 157 Ekin(MeV)= 0.0006252  xs(b)= 2.633e-10  size=7
### ekin(eV)=625.2 e0(eV)=0.02526
     1) sig(eV)=0.3384 y(b)=2.648e-10
     2) sig(eV)=0.3384 y(b)=2.65e-10
     3) sig(eV)=0.3384 y(b)=2.652e-10
G4CrossSectionHP::IsoXS neutronInelasticHP  Z= 64  A= 158 Ekin(MeV)= 0.0006252  xs(b)= 2.65e-10  size=7
### ekin(eV)=625.2 e0(eV)=0.02526
     1) sig(eV)=0.3363 y(b)=4.122e-10
     2) sig(eV)=0.3363 y(b)=4.122e-10
     3) sig(eV)=0.3363 y(b)=4.119e-10
G4CrossSectionHP::IsoXS neutronInelasticHP  Z= 64  A= 160 Ekin(MeV)= 0.0006252  xs(b)= 4.121e-10  size=7
### ekin(eV)=654.7 e0(eV)=0.02526
     1) sig(eV)=0.345 y(b)=1.447
     2) sig(eV)=0.345 y(b)=2.075
     3) sig(eV)=0.345 y(b)=2.252
     4) sig(eV)=0.345 y(b)=1.993
     5) sig(eV)=0.345 y(b)=2.354
     6) sig(eV)=0.345 y(b)=2.27
     7) sig(eV)=0.345 y(b)=1.701
     8) sig(eV)=0.345 y(b)=1.829
     9) sig(eV)=0.345 y(b)=1.939
     10) sig(eV)=0.345 y(b)=1.717
     11) sig(eV)=0.345 y(b)=1.366
     12) sig(eV)=0.345 y(b)=1.824
     13) sig(eV)=0.345 y(b)=1.685
     14) sig(eV)=0.345 y(b)=1.847
     15) sig(eV)=0.345 y(b)=2.208
     16) sig(eV)=0.345 y(b)=1.94
     17) sig(eV)=0.345 y(b)=2.048
     18) sig(eV)=0.345 y(b)=2.723
     19) sig(eV)=0.345 y(b)=2.3
     20) sig(eV)=0.345 y(b)=1.969
G4CrossSectionHP::IsoXS neutronElasticHP  Z= 64  A= 152 Ekin(MeV)= 0.0006547  xs(b)= 1.974  size=7
### ekin(eV)=654.7 e0(eV)=0.02526
     1) sig(eV)=0.3428 y(b)=7.685
     2) sig(eV)=0.3428 y(b)=7.562
     3) sig(eV)=0.3428 y(b)=7.351
G4CrossSectionHP::IsoXS neutronElasticHP  Z= 64  A= 154 Ekin(MeV)= 0.0006547  xs(b)= 7.532  size=7
### ekin(eV)=654.7 e0(eV)=0.02526
     1) sig(eV)=0.3417 y(b)=20.52
     2) sig(eV)=0.3417 y(b)=20.52
     3) sig(eV)=0.3417 y(b)=20.52
G4CrossSectionHP::IsoXS neutronElasticHP  Z= 64  A= 155 Ekin(MeV)= 0.0006547  xs(b)= 20.52  size=7
### ekin(eV)=654.7 e0(eV)=0.02526
     1) sig(eV)=0.3406 y(b)=4.411
     2) sig(eV)=0.3406 y(b)=4.407
     3) sig(eV)=0.3406 y(b)=4.395
G4CrossSectionHP::IsoXS neutronElasticHP  Z= 64  A= 156 Ekin(MeV)= 0.0006547  xs(b)= 4.404  size=7
### ekin(eV)=654.7 e0(eV)=0.02526
     1) sig(eV)=0.3395 y(b)=17.98
     2) sig(eV)=0.3395 y(b)=17.99
     3) sig(eV)=0.3395 y(b)=17.98
G4CrossSectionHP::IsoXS neutronElasticHP  Z= 64  A= 157 Ekin(MeV)= 0.0006547  xs(b)= 17.98  size=7
### ekin(eV)=654.7 e0(eV)=0.02526
     1) sig(eV)=0.3384 y(b)=1.641
     2) sig(eV)=0.3384 y(b)=1.637
     3) sig(eV)=0.3384 y(b)=1.586
G4CrossSectionHP::IsoXS neutronElasticHP  Z= 64  A= 158 Ekin(MeV)= 0.0006547  xs(b)= 1.622  size=7
### ekin(eV)=654.7 e0(eV)=0.02526
     1) sig(eV)=0.3363 y(b)=2.624
     2) sig(eV)=0.3363 y(b)=2.622
     3) sig(eV)=0.3363 y(b)=2.624
G4CrossSectionHP::IsoXS neutronElasticHP  Z= 64  A= 160 Ekin(MeV)= 0.0006547  xs(b)= 2.623  size=7
### ekin(eV)=654.7 e0(eV)=0.02526
     1) sig(eV)=0.345 y(b)=0.000395
     2) sig(eV)=0.345 y(b)=0.000395
     3) sig(eV)=0.345 y(b)=0.000395
G4CrossSectionHP::IsoXS neutronInelasticHP  Z= 64  A= 152 Ekin(MeV)= 0.0006547  xs(b)= 0.000395  size=7
### ekin(eV)=654.7 e0(eV)=0.02526
     1) sig(eV)=0.3428 y(b)=0
     2) sig(eV)=0.3428 y(b)=0
     3) sig(eV)=0.3428 y(b)=0
G4CrossSectionHP::IsoXS neutronInelasticHP  Z= 64  A= 154 Ekin(MeV)= 0.0006547  xs(b)= 0  size=7
### ekin(eV)=654.7 e0(eV)=0.02526
     1) sig(eV)=0.3417 y(b)=6.65e-10
     2) sig(eV)=0.3417 y(b)=6.649e-10
     3) sig(eV)=0.3417 y(b)=6.65e-10
G4CrossSectionHP::IsoXS neutronInelasticHP  Z= 64  A= 155 Ekin(MeV)= 0.0006547  xs(b)= 6.65e-10  size=7
### ekin(eV)=654.7 e0(eV)=0.02526
     1) sig(eV)=0.3406 y(b)=6.597e-10
     2) sig(eV)=0.3406 y(b)=6.596e-10
     3) sig(eV)=0.3406 y(b)=6.592e-10
G4CrossSectionHP::IsoXS neutronInelasticHP  Z= 64  A= 156 Ekin(MeV)= 0.0006547  xs(b)= 6.595e-10  size=7
### ekin(eV)=654.7 e0(eV)=0.02526
     1) sig(eV)=0.3395 y(b)=2.75e-10
     2) sig(eV)=0.3395 y(b)=2.749e-10
     3) sig(eV)=0.3395 y(b)=2.747e-10
G4CrossSectionHP::IsoXS neutronInelasticHP  Z= 64  A= 157 Ekin(MeV)= 0.0006547  xs(b)= 2.749e-10  size=7
### ekin(eV)=654.7 e0(eV)=0.02526
     1) sig(eV)=0.3384 y(b)=2.773e-10
     2) sig(eV)=0.3384 y(b)=2.771e-10
     3) sig(eV)=0.3384 y(b)=2.771e-10
G4CrossSectionHP::IsoXS neutronInelasticHP  Z= 64  A= 158 Ekin(MeV)= 0.0006547  xs(b)= 2.772e-10  size=7
### ekin(eV)=654.7 e0(eV)=0.02526
     1) sig(eV)=0.3363 y(b)=4.317e-10
     2) sig(eV)=0.3363 y(b)=4.32e-10
     3) sig(eV)=0.3363 y(b)=4.315e-10
G4CrossSectionHP::IsoXS neutronInelasticHP  Z= 64  A= 160 Ekin(MeV)= 0.0006547  xs(b)= 4.317e-10  size=7
### ekin(eV)=685.6 e0(eV)=0.02526
     1) sig(eV)=0.345 y(b)=533.6
     2) sig(eV)=0.345 y(b)=2948
     3) sig(eV)=0.345 y(b)=1125
     4) sig(eV)=0.345 y(b)=943.3
     5) sig(eV)=0.345 y(b)=1300
     6) sig(eV)=0.345 y(b)=3245
     7) sig(eV)=0.345 y(b)=3348
     8) sig(eV)=0.345 y(b)=737.8
     9) sig(eV)=0.345 y(b)=363.5
     10) sig(eV)=0.345 y(b)=422.5
     11) sig(eV)=0.345 y(b)=3330
     12) sig(eV)=0.345 y(b)=2938
     13) sig(eV)=0.345 y(b)=2016
     14) sig(eV)=0.345 y(b)=3030
     15) sig(eV)=0.345 y(b)=3332
     16) sig(eV)=0.345 y(b)=1197
     17) sig(eV)=0.345 y(b)=668.6
     18) sig(eV)=0.345 y(b)=409.1
     19) sig(eV)=0.345 y(b)=421.5
     20) sig(eV)=0.345 y(b)=474.8
G4CrossSectionHP::IsoXS neutronElasticHP  Z= 64  A= 152 Ekin(MeV)= 0.0006856  xs(b)= 1639  size=7
### ekin(eV)=685.6 e0(eV)=0.02526
     1) sig(eV)=0.3428 y(b)=150.9
     2) sig(eV)=0.3428 y(b)=85.23
     3) sig(eV)=0.3428 y(b)=127
     4) sig(eV)=0.3428 y(b)=223.9
     5) sig(eV)=0.3428 y(b)=64.76
     6) sig(eV)=0.3428 y(b)=1.011
     7) sig(eV)=0.3428 y(b)=0.03385
     8) sig(eV)=0.3428 y(b)=0.9088
     9) sig(eV)=0.3428 y(b)=1.277
     10) sig(eV)=0.3428 y(b)=2.175
     11) sig(eV)=0.3428 y(b)=1.937
     12) sig(eV)=0.3428 y(b)=2.426
     13) sig(eV)=0.3428 y(b)=2.467
     14) sig(eV)=0.3428 y(b)=2.437
     15) sig(eV)=0.3428 y(b)=2.454
     16) sig(eV)=0.3428 y(b)=2.094
     17) sig(eV)=0.3428 y(b)=2.543
     18) sig(eV)=0.3428 y(b)=2.738
     19) sig(eV)=0.3428 y(b)=2.003
     20) sig(eV)=0.3428 y(b)=1.005
G4CrossSectionHP::IsoXS neutronElasticHP  Z= 64  A= 154 Ekin(MeV)= 0.0006856  xs(b)= 33.97  size=7
### ekin(eV)=685.6 e0(eV)=0.02526
     1) sig(eV)=0.3417 y(b)=20.32
     2) sig(eV)=0.3417 y(b)=20.32
     3) sig(eV)=0.3417 y(b)=20.32
G4CrossSectionHP::IsoXS neutronElasticHP  Z= 64  A= 155 Ekin(MeV)= 0.0006856  xs(b)= 20.32  size=7
### ekin(eV)=685.6 e0(eV)=0.02526
     1) sig(eV)=0.3406 y(b)=1.781
     2) sig(eV)=0.3406 y(b)=1.731
     3) sig(eV)=0.3406 y(b)=1.719
G4CrossSectionHP::IsoXS neutronElasticHP  Z= 64  A= 156 Ekin(MeV)= 0.0006856  xs(b)= 1.744  size=7
### ekin(eV)=685.6 e0(eV)=0.02526
     1) sig(eV)=0.3395 y(b)=17.78
     2) sig(eV)=0.3395 y(b)=17.78
     3) sig(eV)=0.3395 y(b)=17.78
G4CrossSectionHP::IsoXS neutronElasticHP  Z= 64  A= 157 Ekin(MeV)= 0.0006856  xs(b)= 17.78  size=7
### ekin(eV)=685.6 e0(eV)=0.02526
     1) sig(eV)=0.3384 y(b)=1.89
     2) sig(eV)=0.3384 y(b)=1.292
     3) sig(eV)=0.3384 y(b)=1.096
     4) sig(eV)=0.3384 y(b)=1.348
     5) sig(eV)=0.3384 y(b)=0.8081
     6) sig(eV)=0.3384 y(b)=0.7887
     7) sig(eV)=0.3384 y(b)=0.8184
     8) sig(eV)=0.3384 y(b)=0.9277
     9) sig(eV)=0.3384 y(b)=1.309
     10) sig(eV)=0.3384 y(b)=1.813
     11) sig(eV)=0.3384 y(b)=2.109
     12) sig(eV)=0.3384 y(b)=1.456
     13) sig(eV)=0.3384 y(b)=1.743
     14) sig(eV)=0.3384 y(b)=2.49
     15) sig(eV)=0.3384 y(b)=2.097
     16) sig(eV)=0.3384 y(b)=1.746
     17) sig(eV)=0.3384 y(b)=1.236
     18) sig(eV)=0.3384 y(b)=1.107
     19) sig(eV)=0.3384 y(b)=1.5
     20) sig(eV)=0.3384 y(b)=1.247
G4CrossSectionHP::IsoXS neutronElasticHP  Z= 64  A= 158 Ekin(MeV)= 0.0006856  xs(b)= 1.441  size=7
### ekin(eV)=685.6 e0(eV)=0.02526
     1) sig(eV)=0.3363 y(b)=2.36
     2) sig(eV)=0.3363 y(b)=2.364
     3) sig(eV)=0.3363 y(b)=2.363
G4CrossSectionHP::IsoXS neutronElasticHP  Z= 64  A= 160 Ekin(MeV)= 0.0006856  xs(b)= 2.362  size=7
### ekin(eV)=685.6 e0(eV)=0.02526
     1) sig(eV)=0.345 y(b)=0.0003934
     2) sig(eV)=0.345 y(b)=0.0003933
     3) sig(eV)=0.345 y(b)=0.0003933
G4CrossSectionHP::IsoXS neutronInelasticHP  Z= 64  A= 152 Ekin(MeV)= 0.0006856  xs(b)= 0.0003933  size=7
### ekin(eV)=685.6 e0(eV)=0.02526
     1) sig(eV)=0.3428 y(b)=0
     2) sig(eV)=0.3428 y(b)=0
     3) sig(eV)=0.3428 y(b)=0
G4CrossSectionHP::IsoXS neutronInelasticHP  Z= 64  A= 154 Ekin(MeV)= 0.0006856  xs(b)= 0  size=7
### ekin(eV)=685.6 e0(eV)=0.02526
     1) sig(eV)=0.3417 y(b)=6.973e-10
     2) sig(eV)=0.3417 y(b)=6.973e-10
     3) sig(eV)=0.3417 y(b)=6.972e-10
G4CrossSectionHP::IsoXS neutronInelasticHP  Z= 64  A= 155 Ekin(MeV)= 0.0006856  xs(b)= 6.973e-10  size=7
### ekin(eV)=685.6 e0(eV)=0.02526
     1) sig(eV)=0.3406 y(b)=6.915e-10
     2) sig(eV)=0.3406 y(b)=6.922e-10
     3) sig(eV)=0.3406 y(b)=6.923e-10
G4CrossSectionHP::IsoXS neutronInelasticHP  Z= 64  A= 156 Ekin(MeV)= 0.0006856  xs(b)= 6.92e-10  size=7
### ekin(eV)=685.6 e0(eV)=0.02526
     1) sig(eV)=0.3395 y(b)=2.885e-10
     2) sig(eV)=0.3395 y(b)=2.883e-10
     3) sig(eV)=0.3395 y(b)=2.885e-10
G4CrossSectionHP::IsoXS neutronInelasticHP  Z= 64  A= 157 Ekin(MeV)= 0.0006856  xs(b)= 2.884e-10  size=7
### ekin(eV)=685.6 e0(eV)=0.02526
     1) sig(eV)=0.3384 y(b)=2.9e-10
     2) sig(eV)=0.3384 y(b)=2.9e-10
     3) sig(eV)=0.3384 y(b)=2.901e-10
G4CrossSectionHP::IsoXS neutronInelasticHP  Z= 64  A= 158 Ekin(MeV)= 0.0006856  xs(b)= 2.9e-10  size=7
### ekin(eV)=685.6 e0(eV)=0.02526
     1) sig(eV)=0.3363 y(b)=4.525e-10
     2) sig(eV)=0.3363 y(b)=4.522e-10
     3) sig(eV)=0.3363 y(b)=4.522e-10
G4CrossSectionHP::IsoXS neutronInelasticHP  Z= 64  A= 160 Ekin(MeV)= 0.0006856  xs(b)= 4.523e-10  size=7
### ekin(eV)=717.9 e0(eV)=0.02526
     1) sig(eV)=0.345 y(b)=13.4
     2) sig(eV)=0.345 y(b)=13.75
     3) sig(eV)=0.345 y(b)=13.66
G4CrossSectionHP::IsoXS neutronElasticHP  Z= 64  A= 152 Ekin(MeV)= 0.0007179  xs(b)= 13.6  size=7
### ekin(eV)=717.9 e0(eV)=0.02526
     1) sig(eV)=0.3428 y(b)=4.241
     2) sig(eV)=0.3428 y(b)=4.306
     3) sig(eV)=0.3428 y(b)=4.368
G4CrossSectionHP::IsoXS neutronElasticHP  Z= 64  A= 154 Ekin(MeV)= 0.0007179  xs(b)= 4.305  size=7
### ekin(eV)=717.9 e0(eV)=0.02526
     1) sig(eV)=0.3417 y(b)=20.11
     2) sig(eV)=0.3417 y(b)=20.11
     3) sig(eV)=0.3417 y(b)=20.11
G4CrossSectionHP::IsoXS neutronElasticHP  Z= 64  A= 155 Ekin(MeV)= 0.0007179  xs(b)= 20.11  size=7
### ekin(eV)=717.9 e0(eV)=0.02526
     1) sig(eV)=0.3406 y(b)=31.77
     2) sig(eV)=0.3406 y(b)=35.88
     3) sig(eV)=0.3406 y(b)=38.44
G4CrossSectionHP::IsoXS neutronElasticHP  Z= 64  A= 156 Ekin(MeV)= 0.0007179  xs(b)= 35.36  size=7
### ekin(eV)=717.9 e0(eV)=0.02526
     1) sig(eV)=0.3395 y(b)=17.58
     2) sig(eV)=0.3395 y(b)=17.59
     3) sig(eV)=0.3395 y(b)=17.59
G4CrossSectionHP::IsoXS neutronElasticHP  Z= 64  A= 157 Ekin(MeV)= 0.0007179  xs(b)= 17.59  size=7
### ekin(eV)=717.9 e0(eV)=0.02526
     1) sig(eV)=0.3384 y(b)=6.927
     2) sig(eV)=0.3384 y(b)=6.823
     3) sig(eV)=0.3384 y(b)=6.899
G4CrossSectionHP::IsoXS neutronElasticHP  Z= 64  A= 158 Ekin(MeV)= 0.0007179  xs(b)= 6.883  size=7
### ekin(eV)=717.9 e0(eV)=0.02526
     1) sig(eV)=0.3363 y(b)=2.116
     2) sig(eV)=0.3363 y(b)=2.121
     3) sig(eV)=0.3363 y(b)=2.118
G4CrossSectionHP::IsoXS neutronElasticHP  Z= 64  A= 160 Ekin(MeV)= 0.0007179  xs(b)= 2.118  size=7
### ekin(eV)=717.9 e0(eV)=0.02526
     1) sig(eV)=0.345 y(b)=0.0003917
     2) sig(eV)=0.345 y(b)=0.0003917
     3) sig(eV)=0.345 y(b)=0.0003918
G4CrossSectionHP::IsoXS neutronInelasticHP  Z= 64  A= 152 Ekin(MeV)= 0.0007179  xs(b)= 0.0003917  size=7
### ekin(eV)=717.9 e0(eV)=0.02526
     1) sig(eV)=0.3428 y(b)=0
     2) sig(eV)=0.3428 y(b)=0
     3) sig(eV)=0.3428 y(b)=0
G4CrossSectionHP::IsoXS neutronInelasticHP  Z= 64  A= 154 Ekin(MeV)= 0.0007179  xs(b)= 0  size=7
### ekin(eV)=717.9 e0(eV)=0.02526
     1) sig(eV)=0.3417 y(b)=7.299e-10
     2) sig(eV)=0.3417 y(b)=7.293e-10
     3) sig(eV)=0.3417 y(b)=7.291e-10
G4CrossSectionHP::IsoXS neutronInelasticHP  Z= 64  A= 155 Ekin(MeV)= 0.0007179  xs(b)= 7.294e-10  size=7
### ekin(eV)=717.9 e0(eV)=0.02526
     1) sig(eV)=0.3406 y(b)=7.244e-10
     2) sig(eV)=0.3406 y(b)=7.241e-10
     3) sig(eV)=0.3406 y(b)=7.24e-10
G4CrossSectionHP::IsoXS neutronInelasticHP  Z= 64  A= 156 Ekin(MeV)= 0.0007179  xs(b)= 7.242e-10  size=7
### ekin(eV)=717.9 e0(eV)=0.02526
     1) sig(eV)=0.3395 y(b)=3.019e-10
     2) sig(eV)=0.3395 y(b)=3.019e-10
     3) sig(eV)=0.3395 y(b)=3.016e-10
G4CrossSectionHP::IsoXS neutronInelasticHP  Z= 64  A= 157 Ekin(MeV)= 0.0007179  xs(b)= 3.018e-10  size=7
### ekin(eV)=717.9 e0(eV)=0.02526
     1) sig(eV)=0.3384 y(b)=3.042e-10
     2) sig(eV)=0.3384 y(b)=3.041e-10
     3) sig(eV)=0.3384 y(b)=3.042e-10
G4CrossSectionHP::IsoXS neutronInelasticHP  Z= 64  A= 158 Ekin(MeV)= 0.0007179  xs(b)= 3.042e-10  size=7
### ekin(eV)=717.9 e0(eV)=0.02526
     1) sig(eV)=0.3363 y(b)=4.737e-10
     2) sig(eV)=0.3363 y(b)=4.743e-10
     3) sig(eV)=0.3363 y(b)=4.744e-10
G4CrossSectionHP::IsoXS neutronInelasticHP  Z= 64  A= 160 Ekin(MeV)= 0.0007179  xs(b)= 4.741e-10  size=7
### ekin(eV)=751.7 e0(eV)=0.02526
     1) sig(eV)=0.345 y(b)=110.1
     2) sig(eV)=0.345 y(b)=19.49
     3) sig(eV)=0.345 y(b)=15.27
     4) sig(eV)=0.345 y(b)=20.57
     5) sig(eV)=0.345 y(b)=15.7
     6) sig(eV)=0.345 y(b)=13.15
     7) sig(eV)=0.345 y(b)=13.9
     8) sig(eV)=0.345 y(b)=15.91
     9) sig(eV)=0.345 y(b)=14.96
     10) sig(eV)=0.345 y(b)=14.73
     11) sig(eV)=0.345 y(b)=16.03
     12) sig(eV)=0.345 y(b)=13.68
     13) sig(eV)=0.345 y(b)=13.55
     14) sig(eV)=0.345 y(b)=12.95
     15) sig(eV)=0.345 y(b)=13.96
     16) sig(eV)=0.345 y(b)=13.21
     17) sig(eV)=0.345 y(b)=12.69
     18) sig(eV)=0.345 y(b)=13.21
     19) sig(eV)=0.345 y(b)=13.83
     20) sig(eV)=0.345 y(b)=14.23
G4CrossSectionHP::IsoXS neutronElasticHP  Z= 64  A= 152 Ekin(MeV)= 0.0007517  xs(b)= 19.55  size=7
### ekin(eV)=751.7 e0(eV)=0.02526
     1) sig(eV)=0.3428 y(b)=5.059
     2) sig(eV)=0.3428 y(b)=4.71
     3) sig(eV)=0.3428 y(b)=5.153
G4CrossSectionHP::IsoXS neutronElasticHP  Z= 64  A= 154 Ekin(MeV)= 0.0007517  xs(b)= 4.974  size=7
### ekin(eV)=751.7 e0(eV)=0.02526
     1) sig(eV)=0.3417 y(b)=19.9
     2) sig(eV)=0.3417 y(b)=19.89
     3) sig(eV)=0.3417 y(b)=19.89
G4CrossSectionHP::IsoXS neutronElasticHP  Z= 64  A= 155 Ekin(MeV)= 0.0007517  xs(b)= 19.89  size=7
### ekin(eV)=751.7 e0(eV)=0.02526
     1) sig(eV)=0.3406 y(b)=11.43
     2) sig(eV)=0.3406 y(b)=11.69
     3) sig(eV)=0.3406 y(b)=12.09
G4CrossSectionHP::IsoXS neutronElasticHP  Z= 64  A= 156 Ekin(MeV)= 0.0007517  xs(b)= 11.74  size=7
### ekin(eV)=751.7 e0(eV)=0.02526
     1) sig(eV)=0.3395 y(b)=17.37
     2) sig(eV)=0.3395 y(b)=17.37
     3) sig(eV)=0.3395 y(b)=17.37
G4CrossSectionHP::IsoXS neutronElasticHP  Z= 64  A= 157 Ekin(MeV)= 0.0007517  xs(b)= 17.37  size=7
### ekin(eV)=751.7 e0(eV)=0.02526
     1) sig(eV)=0.3384 y(b)=3.722
     2) sig(eV)=0.3384 y(b)=3.699
     3) sig(eV)=0.3384 y(b)=3.716
G4CrossSectionHP::IsoXS neutronElasticHP  Z= 64  A= 158 Ekin(MeV)= 0.0007517  xs(b)= 3.712  size=7
### ekin(eV)=751.7 e0(eV)=0.02526
     1) sig(eV)=0.3363 y(b)=0.8358
     2) sig(eV)=0.3363 y(b)=10.29
     3) sig(eV)=0.3363 y(b)=3.725
     4) sig(eV)=0.3363 y(b)=5.122
     5) sig(eV)=0.3363 y(b)=0.3235
     6) sig(eV)=0.3363 y(b)=4.046
     7) sig(eV)=0.3363 y(b)=0.5318
     8) sig(eV)=0.3363 y(b)=0.2635
     9) sig(eV)=0.3363 y(b)=1.362
     10) sig(eV)=0.3363 y(b)=1.242
     11) sig(eV)=0.3363 y(b)=0.5121
     12) sig(eV)=0.3363 y(b)=0.2501
     13) sig(eV)=0.3363 y(b)=4.335
     14) sig(eV)=0.3363 y(b)=1.095
     15) sig(eV)=0.3363 y(b)=1.167
     16) sig(eV)=0.3363 y(b)=1.29
     17) sig(eV)=0.3363 y(b)=1.424
     18) sig(eV)=0.3363 y(b)=1.497
     19) sig(eV)=0.3363 y(b)=1.462
     20) sig(eV)=0.3363 y(b)=1.347
G4CrossSectionHP::IsoXS neutronElasticHP  Z= 64  A= 160 Ekin(MeV)= 0.0007517  xs(b)= 2.106  size=7
### ekin(eV)=751.7 e0(eV)=0.02526
     1) sig(eV)=0.345 y(b)=0.0003899
     2) sig(eV)=0.345 y(b)=0.00039
     3) sig(eV)=0.345 y(b)=0.00039
G4CrossSectionHP::IsoXS neutronInelasticHP  Z= 64  A= 152 Ekin(MeV)= 0.0007517  xs(b)= 0.00039  size=7
### ekin(eV)=751.7 e0(eV)=0.02526
     1) sig(eV)=0.3428 y(b)=0
     2) sig(eV)=0.3428 y(b)=0
     3) sig(eV)=0.3428 y(b)=0
G4CrossSectionHP::IsoXS neutronInelasticHP  Z= 64  A= 154 Ekin(MeV)= 0.0007517  xs(b)= 0  size=7
### ekin(eV)=751.7 e0(eV)=0.02526
     1) sig(eV)=0.3417 y(b)=7.652e-10
     2) sig(eV)=0.3417 y(b)=7.658e-10
     3) sig(eV)=0.3417 y(b)=7.66e-10
G4CrossSectionHP::IsoXS neutronInelasticHP  Z= 64  A= 155 Ekin(MeV)= 0.0007517  xs(b)= 7.657e-10  size=7
### ekin(eV)=751.7 e0(eV)=0.02526
     1) sig(eV)=0.3406 y(b)=7.579e-10
     2) sig(eV)=0.3406 y(b)=7.581e-10
     3) sig(eV)=0.3406 y(b)=7.575e-10
G4CrossSectionHP::IsoXS neutronInelasticHP  Z= 64  A= 156 Ekin(MeV)= 0.0007517  xs(b)= 7.578e-10  size=7
### ekin(eV)=751.7 e0(eV)=0.02526
     1) sig(eV)=0.3395 y(b)=3.158e-10
     2) sig(eV)=0.3395 y(b)=3.157e-10
     3) sig(eV)=0.3395 y(b)=3.155e-10
G4CrossSectionHP::IsoXS neutronInelasticHP  Z= 64  A= 157 Ekin(MeV)= 0.0007517  xs(b)= 3.157e-10  size=7
### ekin(eV)=751.7 e0(eV)=0.02526
     1) sig(eV)=0.3384 y(b)=3.187e-10
     2) sig(eV)=0.3384 y(b)=3.185e-10
     3) sig(eV)=0.3384 y(b)=3.182e-10
G4CrossSectionHP::IsoXS neutronInelasticHP  Z= 64  A= 158 Ekin(MeV)= 0.0007517  xs(b)= 3.185e-10  size=7
### ekin(eV)=751.7 e0(eV)=0.02526
     1) sig(eV)=0.3363 y(b)=4.954e-10
     2) sig(eV)=0.3363 y(b)=4.957e-10
     3) sig(eV)=0.3363 y(b)=4.957e-10
G4CrossSectionHP::IsoXS neutronInelasticHP  Z= 64  A= 160 Ekin(MeV)= 0.0007517  xs(b)= 4.956e-10  size=7
### ekin(eV)=787.1 e0(eV)=0.02526
     1) sig(eV)=0.345 y(b)=7.395
     2) sig(eV)=0.345 y(b)=7.287
     3) sig(eV)=0.345 y(b)=7.212
G4CrossSectionHP::IsoXS neutronElasticHP  Z= 64  A= 152 Ekin(MeV)= 0.0007871  xs(b)= 7.298  size=7
### ekin(eV)=787.1 e0(eV)=0.02526
     1) sig(eV)=0.3428 y(b)=2.664
     2) sig(eV)=0.3428 y(b)=2.502
     3) sig(eV)=0.3428 y(b)=2.523
G4CrossSectionHP::IsoXS neutronElasticHP  Z= 64  A= 154 Ekin(MeV)= 0.0007871  xs(b)= 2.563  size=7
### ekin(eV)=787.1 e0(eV)=0.02526
     1) sig(eV)=0.3417 y(b)=19.7
     2) sig(eV)=0.3417 y(b)=19.7
     3) sig(eV)=0.3417 y(b)=19.7
G4CrossSectionHP::IsoXS neutronElasticHP  Z= 64  A= 155 Ekin(MeV)= 0.0007871  xs(b)= 19.7  size=7
### ekin(eV)=787.1 e0(eV)=0.02526
     1) sig(eV)=0.3406 y(b)=4.099
     2) sig(eV)=0.3406 y(b)=4.274
     3) sig(eV)=0.3406 y(b)=4.264
G4CrossSectionHP::IsoXS neutronElasticHP  Z= 64  A= 156 Ekin(MeV)= 0.0007871  xs(b)= 4.213  size=7
### ekin(eV)=787.1 e0(eV)=0.02526
     1) sig(eV)=0.3395 y(b)=17.14
     2) sig(eV)=0.3395 y(b)=17.14
     3) sig(eV)=0.3395 y(b)=17.14
G4CrossSectionHP::IsoXS neutronElasticHP  Z= 64  A= 157 Ekin(MeV)= 0.0007871  xs(b)= 17.14  size=7
### ekin(eV)=787.1 e0(eV)=0.02526
     1) sig(eV)=0.3384 y(b)=2.098
     2) sig(eV)=0.3384 y(b)=2.066
     3) sig(eV)=0.3384 y(b)=2.092
G4CrossSectionHP::IsoXS neutronElasticHP  Z= 64  A= 158 Ekin(MeV)= 0.0007871  xs(b)= 2.085  size=7
### ekin(eV)=787.1 e0(eV)=0.02526
     1) sig(eV)=0.3363 y(b)=1.212
     2) sig(eV)=0.3363 y(b)=1.221
     3) sig(eV)=0.3363 y(b)=1.227
G4CrossSectionHP::IsoXS neutronElasticHP  Z= 64  A= 160 Ekin(MeV)= 0.0007871  xs(b)= 1.22  size=7
### ekin(eV)=787.1 e0(eV)=0.02526
     1) sig(eV)=0.345 y(b)=0.000388
     2) sig(eV)=0.345 y(b)=0.000388
     3) sig(eV)=0.345 y(b)=0.000388
G4CrossSectionHP::IsoXS neutronInelasticHP  Z= 64  A= 152 Ekin(MeV)= 0.0007871  xs(b)= 0.000388  size=7
### ekin(eV)=787.1 e0(eV)=0.02526
     1) sig(eV)=0.3428 y(b)=0
     2) sig(eV)=0.3428 y(b)=0
     3) sig(eV)=0.3428 y(b)=0
G4CrossSectionHP::IsoXS neutronInelasticHP  Z= 64  A= 154 Ekin(MeV)= 0.0007871  xs(b)= 0  size=7
### ekin(eV)=787.1 e0(eV)=0.02526
     1) sig(eV)=0.3417 y(b)=8.005e-10
     2) sig(eV)=0.3417 y(b)=8.004e-10
     3) sig(eV)=0.3417 y(b)=8.007e-10
G4CrossSectionHP::IsoXS neutronInelasticHP  Z= 64  A= 155 Ekin(MeV)= 0.0007871  xs(b)= 8.005e-10  size=7
### ekin(eV)=787.1 e0(eV)=0.02526
     1) sig(eV)=0.3406 y(b)=7.941e-10
     2) sig(eV)=0.3406 y(b)=7.942e-10
     3) sig(eV)=0.3406 y(b)=7.937e-10
G4CrossSectionHP::IsoXS neutronInelasticHP  Z= 64  A= 156 Ekin(MeV)= 0.0007871  xs(b)= 7.94e-10  size=7
### ekin(eV)=787.1 e0(eV)=0.02526
     1) sig(eV)=0.3395 y(b)=3.31e-10
     2) sig(eV)=0.3395 y(b)=3.31e-10
     3) sig(eV)=0.3395 y(b)=3.31e-10
G4CrossSectionHP::IsoXS neutronInelasticHP  Z= 64  A= 157 Ekin(MeV)= 0.0007871  xs(b)= 3.31e-10  size=7
### ekin(eV)=787.1 e0(eV)=0.02526
     1) sig(eV)=0.3384 y(b)=3.335e-10
     2) sig(eV)=0.3384 y(b)=3.337e-10
     3) sig(eV)=0.3384 y(b)=3.338e-10
G4CrossSectionHP::IsoXS neutronInelasticHP  Z= 64  A= 158 Ekin(MeV)= 0.0007871  xs(b)= 3.337e-10  size=7
### ekin(eV)=787.1 e0(eV)=0.02526
     1) sig(eV)=0.3363 y(b)=5.188e-10
     2) sig(eV)=0.3363 y(b)=5.187e-10
     3) sig(eV)=0.3363 y(b)=5.184e-10
G4CrossSectionHP::IsoXS neutronInelasticHP  Z= 64  A= 160 Ekin(MeV)= 0.0007871  xs(b)= 5.186e-10  size=7
### ekin(eV)=824.2 e0(eV)=0.02526
     1) sig(eV)=0.345 y(b)=9.348
     2) sig(eV)=0.345 y(b)=8.618
     3) sig(eV)=0.345 y(b)=9.006
G4CrossSectionHP::IsoXS neutronElasticHP  Z= 64  A= 152 Ekin(MeV)= 0.0008242  xs(b)= 8.991  size=7
### ekin(eV)=824.2 e0(eV)=0.02526
     1) sig(eV)=0.3428 y(b)=1.117
     2) sig(eV)=0.3428 y(b)=1.121
     3) sig(eV)=0.3428 y(b)=0.9094
G4CrossSectionHP::IsoXS neutronElasticHP  Z= 64  A= 154 Ekin(MeV)= 0.0008242  xs(b)= 1.049  size=7
### ekin(eV)=824.2 e0(eV)=0.02526
     1) sig(eV)=0.3417 y(b)=19.49
     2) sig(eV)=0.3417 y(b)=19.49
     3) sig(eV)=0.3417 y(b)=19.49
G4CrossSectionHP::IsoXS neutronElasticHP  Z= 64  A= 155 Ekin(MeV)= 0.0008242  xs(b)= 19.49  size=7
### ekin(eV)=824.2 e0(eV)=0.02526
     1) sig(eV)=0.3406 y(b)=537.9
     2) sig(eV)=0.3406 y(b)=840.5
     3) sig(eV)=0.3406 y(b)=473.5
     4) sig(eV)=0.3406 y(b)=437.5
     5) sig(eV)=0.3406 y(b)=1222
     6) sig(eV)=0.3406 y(b)=780.2
     7) sig(eV)=0.3406 y(b)=638.4
     8) sig(eV)=0.3406 y(b)=703.8
     9) sig(eV)=0.3406 y(b)=1407
     10) sig(eV)=0.3406 y(b)=2152
     11) sig(eV)=0.3406 y(b)=1676
     12) sig(eV)=0.3406 y(b)=1088
     13) sig(eV)=0.3406 y(b)=1717
     14) sig(eV)=0.3406 y(b)=2583
     15) sig(eV)=0.3406 y(b)=2573
     16) sig(eV)=0.3406 y(b)=2670
     17) sig(eV)=0.3406 y(b)=2638
     18) sig(eV)=0.3406 y(b)=2585
     19) sig(eV)=0.3406 y(b)=980.8
     20) sig(eV)=0.3406 y(b)=998.3
G4CrossSectionHP::IsoXS neutronElasticHP  Z= 64  A= 156 Ekin(MeV)= 0.0008242  xs(b)= 1435  size=7
### ekin(eV)=824.2 e0(eV)=0.02526
     1) sig(eV)=0.3395 y(b)=16.96
     2) sig(eV)=0.3395 y(b)=16.96
     3) sig(eV)=0.3395 y(b)=16.96
G4CrossSectionHP::IsoXS neutronElasticHP  Z= 64  A= 157 Ekin(MeV)= 0.0008242  xs(b)= 16.96  size=7
### ekin(eV)=824.2 e0(eV)=0.02526
     1) sig(eV)=0.3384 y(b)=0.008059
     2) sig(eV)=0.3384 y(b)=0.01044
     3) sig(eV)=0.3384 y(b)=0.01718
     4) sig(eV)=0.3384 y(b)=0.02002
     5) sig(eV)=0.3384 y(b)=0.007433
     6) sig(eV)=0.3384 y(b)=0.01097
     7) sig(eV)=0.3384 y(b)=0.008871
     8) sig(eV)=0.3384 y(b)=0.002048
     9) sig(eV)=0.3384 y(b)=0.002402
     10) sig(eV)=0.3384 y(b)=0.01435
     11) sig(eV)=0.3384 y(b)=0.01871
     12) sig(eV)=0.3384 y(b)=0.01667
     13) sig(eV)=0.3384 y(b)=0.01927
     14) sig(eV)=0.3384 y(b)=0.01414
     15) sig(eV)=0.3384 y(b)=0.01287
     16) sig(eV)=0.3384 y(b)=0.005712
     17) sig(eV)=0.3384 y(b)=0.0003527
     18) sig(eV)=0.3384 y(b)=0.0002809
     19) sig(eV)=0.3384 y(b)=0.0003419
     20) sig(eV)=0.3384 y(b)=0.0005677
G4CrossSectionHP::IsoXS neutronElasticHP  Z= 64  A= 158 Ekin(MeV)= 0.0008242  xs(b)= 0.009535  size=7
### ekin(eV)=824.2 e0(eV)=0.02526
     1) sig(eV)=0.3363 y(b)=0.5148
     2) sig(eV)=0.3363 y(b)=0.5095
     3) sig(eV)=0.3363 y(b)=0.5146
G4CrossSectionHP::IsoXS neutronElasticHP  Z= 64  A= 160 Ekin(MeV)= 0.0008242  xs(b)= 0.5129  size=7
### ekin(eV)=824.2 e0(eV)=0.02526
     1) sig(eV)=0.345 y(b)=0.0003682
     2) sig(eV)=0.345 y(b)=0.0003684
     3) sig(eV)=0.345 y(b)=0.0003683
G4CrossSectionHP::IsoXS neutronInelasticHP  Z= 64  A= 152 Ekin(MeV)= 0.0008242  xs(b)= 0.0003683  size=7
### ekin(eV)=824.2 e0(eV)=0.02526
     1) sig(eV)=0.3428 y(b)=0
     2) sig(eV)=0.3428 y(b)=0
     3) sig(eV)=0.3428 y(b)=0
G4CrossSectionHP::IsoXS neutronInelasticHP  Z= 64  A= 154 Ekin(MeV)= 0.0008242  xs(b)= 0  size=7
### ekin(eV)=824.2 e0(eV)=0.02526
     1) sig(eV)=0.3417 y(b)=8.386e-10
     2) sig(eV)=0.3417 y(b)=8.39e-10
     3) sig(eV)=0.3417 y(b)=8.389e-10
G4CrossSectionHP::IsoXS neutronInelasticHP  Z= 64  A= 155 Ekin(MeV)= 0.0008242  xs(b)= 8.388e-10  size=7
### ekin(eV)=824.2 e0(eV)=0.02526
     1) sig(eV)=0.3406 y(b)=8.313e-10
     2) sig(eV)=0.3406 y(b)=8.317e-10
     3) sig(eV)=0.3406 y(b)=8.318e-10
G4CrossSectionHP::IsoXS neutronInelasticHP  Z= 64  A= 156 Ekin(MeV)= 0.0008242  xs(b)= 8.316e-10  size=7
### ekin(eV)=824.2 e0(eV)=0.02526
     1) sig(eV)=0.3395 y(b)=3.466e-10
     2) sig(eV)=0.3395 y(b)=3.464e-10
     3) sig(eV)=0.3395 y(b)=3.464e-10
G4CrossSectionHP::IsoXS neutronInelasticHP  Z= 64  A= 157 Ekin(MeV)= 0.0008242  xs(b)= 3.465e-10  size=7
### ekin(eV)=824.2 e0(eV)=0.02526
     1) sig(eV)=0.3384 y(b)=3.49e-10
     2) sig(eV)=0.3384 y(b)=3.487e-10
     3) sig(eV)=0.3384 y(b)=3.485e-10
G4CrossSectionHP::IsoXS neutronInelasticHP  Z= 64  A= 158 Ekin(MeV)= 0.0008242  xs(b)= 3.487e-10  size=7
### ekin(eV)=824.2 e0(eV)=0.02526
     1) sig(eV)=0.3363 y(b)=5.434e-10
     2) sig(eV)=0.3363 y(b)=5.44e-10
     3) sig(eV)=0.3363 y(b)=5.439e-10
G4CrossSectionHP::IsoXS neutronInelasticHP  Z= 64  A= 160 Ekin(MeV)= 0.0008242  xs(b)= 5.437e-10  size=7
### ekin(eV)=863.1 e0(eV)=0.02526
     1) sig(eV)=0.345 y(b)=12.6
     2) sig(eV)=0.345 y(b)=12.66
     3) sig(eV)=0.345 y(b)=12.56
G4CrossSectionHP::IsoXS neutronElasticHP  Z= 64  A= 152 Ekin(MeV)= 0.0008631  xs(b)= 12.61  size=7
### ekin(eV)=863.1 e0(eV)=0.02526
     1) sig(eV)=0.3428 y(b)=43.48
     2) sig(eV)=0.3428 y(b)=38.83
     3) sig(eV)=0.3428 y(b)=35.1
G4CrossSectionHP::IsoXS neutronElasticHP  Z= 64  A= 154 Ekin(MeV)= 0.0008631  xs(b)= 39.14  size=7
### ekin(eV)=863.1 e0(eV)=0.02526
     1) sig(eV)=0.3417 y(b)=19.29
     2) sig(eV)=0.3417 y(b)=19.29
     3) sig(eV)=0.3417 y(b)=19.29
G4CrossSectionHP::IsoXS neutronElasticHP  Z= 64  A= 155 Ekin(MeV)= 0.0008631  xs(b)= 19.29  size=7
### ekin(eV)=863.1 e0(eV)=0.02526
     1) sig(eV)=0.3406 y(b)=17.05
     2) sig(eV)=0.3406 y(b)=17.09
     3) sig(eV)=0.3406 y(b)=17.41
G4CrossSectionHP::IsoXS neutronElasticHP  Z= 64  A= 156 Ekin(MeV)= 0.0008631  xs(b)= 17.18  size=7
### ekin(eV)=863.1 e0(eV)=0.02526
     1) sig(eV)=0.3395 y(b)=16.8
     2) sig(eV)=0.3395 y(b)=16.8
     3) sig(eV)=0.3395 y(b)=16.8
G4CrossSectionHP::IsoXS neutronElasticHP  Z= 64  A= 157 Ekin(MeV)= 0.0008631  xs(b)= 16.8  size=7
### ekin(eV)=863.1 e0(eV)=0.02526
     1) sig(eV)=0.3384 y(b)=21.51
     2) sig(eV)=0.3384 y(b)=22.64
     3) sig(eV)=0.3384 y(b)=22.05
G4CrossSectionHP::IsoXS neutronElasticHP  Z= 64  A= 158 Ekin(MeV)= 0.0008631  xs(b)= 22.07  size=7
### ekin(eV)=863.1 e0(eV)=0.02526
     1) sig(eV)=0.3363 y(b)=0.1352
     2) sig(eV)=0.3363 y(b)=0.1156
     3) sig(eV)=0.3363 y(b)=0.1158
G4CrossSectionHP::IsoXS neutronElasticHP  Z= 64  A= 160 Ekin(MeV)= 0.0008631  xs(b)= 0.1222  size=7
### ekin(eV)=863.1 e0(eV)=0.02526
     1) sig(eV)=0.345 y(b)=0.0003418
     2) sig(eV)=0.345 y(b)=0.000342
     3) sig(eV)=0.345 y(b)=0.0003421
G4CrossSectionHP::IsoXS neutronInelasticHP  Z= 64  A= 152 Ekin(MeV)= 0.0008631  xs(b)= 0.0003419  size=7
### ekin(eV)=863.1 e0(eV)=0.02526
     1) sig(eV)=0.3428 y(b)=0
     2) sig(eV)=0.3428 y(b)=0
     3) sig(eV)=0.3428 y(b)=0
G4CrossSectionHP::IsoXS neutronInelasticHP  Z= 64  A= 154 Ekin(MeV)= 0.0008631  xs(b)= 0  size=7
### ekin(eV)=863.1 e0(eV)=0.02526
     1) sig(eV)=0.3417 y(b)=8.783e-10
     2) sig(eV)=0.3417 y(b)=8.784e-10
     3) sig(eV)=0.3417 y(b)=8.789e-10
G4CrossSectionHP::IsoXS neutronInelasticHP  Z= 64  A= 155 Ekin(MeV)= 0.0008631  xs(b)= 8.785e-10  size=7
### ekin(eV)=863.1 e0(eV)=0.02526
     1) sig(eV)=0.3406 y(b)=8.706e-10
     2) sig(eV)=0.3406 y(b)=8.712e-10
     3) sig(eV)=0.3406 y(b)=8.71e-10
G4CrossSectionHP::IsoXS neutronInelasticHP  Z= 64  A= 156 Ekin(MeV)= 0.0008631  xs(b)= 8.71e-10  size=7
### ekin(eV)=863.1 e0(eV)=0.02526
     1) sig(eV)=0.3395 y(b)=3.629e-10
     2) sig(eV)=0.3395 y(b)=3.628e-10
     3) sig(eV)=0.3395 y(b)=3.627e-10
G4CrossSectionHP::IsoXS neutronInelasticHP  Z= 64  A= 157 Ekin(MeV)= 0.0008631  xs(b)= 3.628e-10  size=7
### ekin(eV)=863.1 e0(eV)=0.02526
     1) sig(eV)=0.3384 y(b)=3.656e-10
     2) sig(eV)=0.3384 y(b)=3.657e-10
     3) sig(eV)=0.3384 y(b)=3.656e-10
G4CrossSectionHP::IsoXS neutronInelasticHP  Z= 64  A= 158 Ekin(MeV)= 0.0008631  xs(b)= 3.656e-10  size=7
### ekin(eV)=863.1 e0(eV)=0.02526
     1) sig(eV)=0.3363 y(b)=5.693e-10
     2) sig(eV)=0.3363 y(b)=5.698e-10
     3) sig(eV)=0.3363 y(b)=5.698e-10
G4CrossSectionHP::IsoXS neutronInelasticHP  Z= 64  A= 160 Ekin(MeV)= 0.0008631  xs(b)= 5.696e-10  size=7
### ekin(eV)=903.7 e0(eV)=0.02526
     1) sig(eV)=0.345 y(b)=4.272
     2) sig(eV)=0.345 y(b)=3.737
     3) sig(eV)=0.345 y(b)=4.167
G4CrossSectionHP::IsoXS neutronElasticHP  Z= 64  A= 152 Ekin(MeV)= 0.0009037  xs(b)= 4.059  size=7
### ekin(eV)=903.7 e0(eV)=0.02526
     1) sig(eV)=0.3428 y(b)=11.07
     2) sig(eV)=0.3428 y(b)=11.51
     3) sig(eV)=0.3428 y(b)=11.6
G4CrossSectionHP::IsoXS neutronElasticHP  Z= 64  A= 154 Ekin(MeV)= 0.0009037  xs(b)= 11.39  size=7
### ekin(eV)=903.7 e0(eV)=0.02526
     1) sig(eV)=0.3417 y(b)=19.06
     2) sig(eV)=0.3417 y(b)=19.06
     3) sig(eV)=0.3417 y(b)=19.06
G4CrossSectionHP::IsoXS neutronElasticHP  Z= 64  A= 155 Ekin(MeV)= 0.0009037  xs(b)= 19.06  size=7
### ekin(eV)=903.7 e0(eV)=0.02526
     1) sig(eV)=0.3406 y(b)=36.98
     2) sig(eV)=0.3406 y(b)=41.38
     3) sig(eV)=0.3406 y(b)=40.01
G4CrossSectionHP::IsoXS neutronElasticHP  Z= 64  A= 156 Ekin(MeV)= 0.0009037  xs(b)= 39.46  size=7
### ekin(eV)=903.7 e0(eV)=0.02526
     1) sig(eV)=0.3395 y(b)=16.63
     2) sig(eV)=0.3395 y(b)=16.63
     3) sig(eV)=0.3395 y(b)=16.63
G4CrossSectionHP::IsoXS neutronElasticHP  Z= 64  A= 157 Ekin(MeV)= 0.0009037  xs(b)= 16.63  size=7
### ekin(eV)=903.7 e0(eV)=0.02526
     1) sig(eV)=0.3384 y(b)=4.041
     2) sig(eV)=0.3384 y(b)=3.822
     3) sig(eV)=0.3384 y(b)=3.855
G4CrossSectionHP::IsoXS neutronElasticHP  Z= 64  A= 158 Ekin(MeV)= 0.0009037  xs(b)= 3.906  size=7
### ekin(eV)=903.7 e0(eV)=0.02526
     1) sig(eV)=0.3363 y(b)=1546
     2) sig(eV)=0.3363 y(b)=1081
     3) sig(eV)=0.3363 y(b)=866.9
     4) sig(eV)=0.3363 y(b)=1035
     5) sig(eV)=0.3363 y(b)=855.8
     6) sig(eV)=0.3363 y(b)=789.6
     7) sig(eV)=0.3363 y(b)=625.6
     8) sig(eV)=0.3363 y(b)=1043
     9) sig(eV)=0.3363 y(b)=1383
     10) sig(eV)=0.3363 y(b)=1405
     11) sig(eV)=0.3363 y(b)=934.8
     12) sig(eV)=0.3363 y(b)=609.2
     13) sig(eV)=0.3363 y(b)=700.3
     14) sig(eV)=0.3363 y(b)=686.4
     15) sig(eV)=0.3363 y(b)=904.3
     16) sig(eV)=0.3363 y(b)=1111
     17) sig(eV)=0.3363 y(b)=741.1
     18) sig(eV)=0.3363 y(b)=663
     19) sig(eV)=0.3363 y(b)=512.5
     20) sig(eV)=0.3363 y(b)=488.9
G4CrossSectionHP::IsoXS neutronElasticHP  Z= 64  A= 160 Ekin(MeV)= 0.0009037  xs(b)= 899.1  size=7
### ekin(eV)=903.7 e0(eV)=0.02526
     1) sig(eV)=0.345 y(b)=0.0003141
     2) sig(eV)=0.345 y(b)=0.0003151
     3) sig(eV)=0.345 y(b)=0.0003147
G4CrossSectionHP::IsoXS neutronInelasticHP  Z= 64  A= 152 Ekin(MeV)= 0.0009037  xs(b)= 0.0003146  size=7
### ekin(eV)=903.7 e0(eV)=0.02526
     1) sig(eV)=0.3428 y(b)=0
     2) sig(eV)=0.3428 y(b)=0
     3) sig(eV)=0.3428 y(b)=0
G4CrossSectionHP::IsoXS neutronInelasticHP  Z= 64  A= 154 Ekin(MeV)= 0.0009037  xs(b)= 0  size=7
### ekin(eV)=903.7 e0(eV)=0.02526
     1) sig(eV)=0.3417 y(b)=9.187e-10
     2) sig(eV)=0.3417 y(b)=9.191e-10
     3) sig(eV)=0.3417 y(b)=9.187e-10
G4CrossSectionHP::IsoXS neutronInelasticHP  Z= 64  A= 155 Ekin(MeV)= 0.0009037  xs(b)= 9.188e-10  size=7
### ekin(eV)=903.7 e0(eV)=0.02526
     1) sig(eV)=0.3406 y(b)=9.115e-10
     2) sig(eV)=0.3406 y(b)=9.114e-10
     3) sig(eV)=0.3406 y(b)=9.117e-10
G4CrossSectionHP::IsoXS neutronInelasticHP  Z= 64  A= 156 Ekin(MeV)= 0.0009037  xs(b)= 9.115e-10  size=7
### ekin(eV)=903.7 e0(eV)=0.02526
     1) sig(eV)=0.3395 y(b)=3.8e-10
     2) sig(eV)=0.3395 y(b)=3.799e-10
     3) sig(eV)=0.3395 y(b)=3.797e-10
G4CrossSectionHP::IsoXS neutronInelasticHP  Z= 64  A= 157 Ekin(MeV)= 0.0009037  xs(b)= 3.798e-10  size=7
### ekin(eV)=903.7 e0(eV)=0.02526
     1) sig(eV)=0.3384 y(b)=3.829e-10
     2) sig(eV)=0.3384 y(b)=3.827e-10
     3) sig(eV)=0.3384 y(b)=3.827e-10
G4CrossSectionHP::IsoXS neutronInelasticHP  Z= 64  A= 158 Ekin(MeV)= 0.0009037  xs(b)= 3.827e-10  size=7
### ekin(eV)=903.7 e0(eV)=0.02526
     1) sig(eV)=0.3363 y(b)=5.96e-10
     2) sig(eV)=0.3363 y(b)=5.963e-10
     3) sig(eV)=0.3363 y(b)=5.956e-10
G4CrossSectionHP::IsoXS neutronInelasticHP  Z= 64  A= 160 Ekin(MeV)= 0.0009037  xs(b)= 5.96e-10  size=7
### ekin(eV)=946.3 e0(eV)=0.02526
     1) sig(eV)=0.345 y(b)=3.333
     2) sig(eV)=0.345 y(b)=4.538
     3) sig(eV)=0.345 y(b)=5.364
     4) sig(eV)=0.345 y(b)=4.245
     5) sig(eV)=0.345 y(b)=3.894
     6) sig(eV)=0.345 y(b)=3.998
     7) sig(eV)=0.345 y(b)=1.858
     8) sig(eV)=0.345 y(b)=0.075
     9) sig(eV)=0.345 y(b)=0.02036
     10) sig(eV)=0.345 y(b)=12.09
     11) sig(eV)=0.345 y(b)=13.94
     12) sig(eV)=0.345 y(b)=0.8378
     13) sig(eV)=0.345 y(b)=0.1513
     14) sig(eV)=0.345 y(b)=1333
     15) sig(eV)=0.345 y(b)=55.97
     16) sig(eV)=0.345 y(b)=253.3
     17) sig(eV)=0.345 y(b)=54.5
     18) sig(eV)=0.345 y(b)=372.1
     19) sig(eV)=0.345 y(b)=327.6
     20) sig(eV)=0.345 y(b)=247.3
G4CrossSectionHP::IsoXS neutronElasticHP  Z= 64  A= 152 Ekin(MeV)= 0.0009463  xs(b)= 134.9  size=7
### ekin(eV)=946.3 e0(eV)=0.02526
     1) sig(eV)=0.3428 y(b)=8.627
     2) sig(eV)=0.3428 y(b)=8.802
     3) sig(eV)=0.3428 y(b)=8.88
G4CrossSectionHP::IsoXS neutronElasticHP  Z= 64  A= 154 Ekin(MeV)= 0.0009463  xs(b)= 8.77  size=7
### ekin(eV)=946.3 e0(eV)=0.02526
     1) sig(eV)=0.3417 y(b)=18.87
     2) sig(eV)=0.3417 y(b)=18.87
     3) sig(eV)=0.3417 y(b)=18.87
G4CrossSectionHP::IsoXS neutronElasticHP  Z= 64  A= 155 Ekin(MeV)= 0.0009463  xs(b)= 18.87  size=7
### ekin(eV)=946.3 e0(eV)=0.02526
     1) sig(eV)=0.3406 y(b)=11.64
     2) sig(eV)=0.3406 y(b)=11.62
     3) sig(eV)=0.3406 y(b)=11.55
G4CrossSectionHP::IsoXS neutronElasticHP  Z= 64  A= 156 Ekin(MeV)= 0.0009463  xs(b)= 11.61  size=7
### ekin(eV)=946.3 e0(eV)=0.02526
     1) sig(eV)=0.3395 y(b)=16.45
     2) sig(eV)=0.3395 y(b)=16.45
     3) sig(eV)=0.3395 y(b)=16.45
G4CrossSectionHP::IsoXS neutronElasticHP  Z= 64  A= 157 Ekin(MeV)= 0.0009463  xs(b)= 16.45  size=7
### ekin(eV)=946.3 e0(eV)=0.02526
     1) sig(eV)=0.3384 y(b)=8.169
     2) sig(eV)=0.3384 y(b)=8.253
     3) sig(eV)=0.3384 y(b)=8.264
G4CrossSectionHP::IsoXS neutronElasticHP  Z= 64  A= 158 Ekin(MeV)= 0.0009463  xs(b)= 8.229  size=7
### ekin(eV)=946.3 e0(eV)=0.02526
     1) sig(eV)=0.3363 y(b)=16.28
     2) sig(eV)=0.3363 y(b)=16.24
     3) sig(eV)=0.3363 y(b)=15.83
G4CrossSectionHP::IsoXS neutronElasticHP  Z= 64  A= 160 Ekin(MeV)= 0.0009463  xs(b)= 16.12  size=7
### ekin(eV)=946.3 e0(eV)=0.02526
     1) sig(eV)=0.345 y(b)=0.0002859
     2) sig(eV)=0.345 y(b)=0.000286
     3) sig(eV)=0.345 y(b)=0.0002858
G4CrossSectionHP::IsoXS neutronInelasticHP  Z= 64  A= 152 Ekin(MeV)= 0.0009463  xs(b)= 0.0002859  size=7
### ekin(eV)=946.3 e0(eV)=0.02526
     1) sig(eV)=0.3428 y(b)=0
     2) sig(eV)=0.3428 y(b)=0
     3) sig(eV)=0.3428 y(b)=0
G4CrossSectionHP::IsoXS neutronInelasticHP  Z= 64  A= 154 Ekin(MeV)= 0.0009463  xs(b)= 0  size=7
### ekin(eV)=946.3 e0(eV)=0.02526
     1) sig(eV)=0.3417 y(b)=9.625e-10
     2) sig(eV)=0.3417 y(b)=9.626e-10
     3) sig(eV)=0.3417 y(b)=9.618e-10
G4CrossSectionHP::IsoXS neutronInelasticHP  Z= 64  A= 155 Ekin(MeV)= 0.0009463  xs(b)= 9.623e-10  size=7
### ekin(eV)=946.3 e0(eV)=0.02526
     1) sig(eV)=0.3406 y(b)=9.538e-10
     2) sig(eV)=0.3406 y(b)=9.541e-10
     3) sig(eV)=0.3406 y(b)=9.536e-10
G4CrossSectionHP::IsoXS neutronInelasticHP  Z= 64  A= 156 Ekin(MeV)= 0.0009463  xs(b)= 9.539e-10  size=7
### ekin(eV)=946.3 e0(eV)=0.02526
     1) sig(eV)=0.3395 y(b)=3.977e-10
     2) sig(eV)=0.3395 y(b)=3.975e-10
     3) sig(eV)=0.3395 y(b)=3.977e-10
G4CrossSectionHP::IsoXS neutronInelasticHP  Z= 64  A= 157 Ekin(MeV)= 0.0009463  xs(b)= 3.976e-10  size=7
### ekin(eV)=946.3 e0(eV)=0.02526
     1) sig(eV)=0.3384 y(b)=4.008e-10
     2) sig(eV)=0.3384 y(b)=4.01e-10
     3) sig(eV)=0.3384 y(b)=4.012e-10
G4CrossSectionHP::IsoXS neutronInelasticHP  Z= 64  A= 158 Ekin(MeV)= 0.0009463  xs(b)= 4.01e-10  size=7
### ekin(eV)=946.3 e0(eV)=0.02526
     1) sig(eV)=0.3363 y(b)=6.246e-10
     2) sig(eV)=0.3363 y(b)=6.248e-10
     3) sig(eV)=0.3363 y(b)=6.245e-10
G4CrossSectionHP::IsoXS neutronInelasticHP  Z= 64  A= 160 Ekin(MeV)= 0.0009463  xs(b)= 6.246e-10  size=7
### ekin(eV)=990.9 e0(eV)=0.02526
     1) sig(eV)=0.345 y(b)=1.758
     2) sig(eV)=0.345 y(b)=1.905
     3) sig(eV)=0.345 y(b)=3.36
     4) sig(eV)=0.345 y(b)=3.3
     5) sig(eV)=0.345 y(b)=2.855
     6) sig(eV)=0.345 y(b)=3.371
     7) sig(eV)=0.345 y(b)=3.402
     8) sig(eV)=0.345 y(b)=3.455
     9) sig(eV)=0.345 y(b)=3.338
     10) sig(eV)=0.345 y(b)=3.211
     11) sig(eV)=0.345 y(b)=3.075
     12) sig(eV)=0.345 y(b)=3.652
     13) sig(eV)=0.345 y(b)=3.119
     14) sig(eV)=0.345 y(b)=2.916
     15) sig(eV)=0.345 y(b)=1.836
     16) sig(eV)=0.345 y(b)=1.572
     17) sig(eV)=0.345 y(b)=1.862
     18) sig(eV)=0.345 y(b)=2.356
     19) sig(eV)=0.345 y(b)=2.318
     20) sig(eV)=0.345 y(b)=3.219
G4CrossSectionHP::IsoXS neutronElasticHP  Z= 64  A= 152 Ekin(MeV)= 0.0009909  xs(b)= 2.794  size=7
### ekin(eV)=990.9 e0(eV)=0.02526
     1) sig(eV)=0.3428 y(b)=14.79
     2) sig(eV)=0.3428 y(b)=15.72
     3) sig(eV)=0.3428 y(b)=15.72
G4CrossSectionHP::IsoXS neutronElasticHP  Z= 64  A= 154 Ekin(MeV)= 0.0009909  xs(b)= 15.41  size=7
### ekin(eV)=990.9 e0(eV)=0.02526
     1) sig(eV)=0.3417 y(b)=18.67
     2) sig(eV)=0.3417 y(b)=18.67
     3) sig(eV)=0.3417 y(b)=18.67
G4CrossSectionHP::IsoXS neutronElasticHP  Z= 64  A= 155 Ekin(MeV)= 0.0009909  xs(b)= 18.67  size=7
### ekin(eV)=990.9 e0(eV)=0.02526
     1) sig(eV)=0.3406 y(b)=10.72
     2) sig(eV)=0.3406 y(b)=10.72
     3) sig(eV)=0.3406 y(b)=10.77
G4CrossSectionHP::IsoXS neutronElasticHP  Z= 64  A= 156 Ekin(MeV)= 0.0009909  xs(b)= 10.73  size=7
### ekin(eV)=990.9 e0(eV)=0.02526
     1) sig(eV)=0.3395 y(b)=16.29
     2) sig(eV)=0.3395 y(b)=16.29
     3) sig(eV)=0.3395 y(b)=16.29
G4CrossSectionHP::IsoXS neutronElasticHP  Z= 64  A= 157 Ekin(MeV)= 0.0009909  xs(b)= 16.29  size=7
### ekin(eV)=990.9 e0(eV)=0.02526
     1) sig(eV)=0.3384 y(b)=5.742
     2) sig(eV)=0.3384 y(b)=5.773
     3) sig(eV)=0.3384 y(b)=5.757
G4CrossSectionHP::IsoXS neutronElasticHP  Z= 64  A= 158 Ekin(MeV)= 0.0009909  xs(b)= 5.757  size=7
### ekin(eV)=990.9 e0(eV)=0.02526
     1) sig(eV)=0.3363 y(b)=7.818
     2) sig(eV)=0.3363 y(b)=7.782
     3) sig(eV)=0.3363 y(b)=7.8
G4CrossSectionHP::IsoXS neutronElasticHP  Z= 64  A= 160 Ekin(MeV)= 0.0009909  xs(b)= 7.8  size=7
### ekin(eV)=990.9 e0(eV)=0.02526
     1) sig(eV)=0.345 y(b)=0.0002561
     2) sig(eV)=0.345 y(b)=0.0002562
     3) sig(eV)=0.345 y(b)=0.0002563
G4CrossSectionHP::IsoXS neutronInelasticHP  Z= 64  A= 152 Ekin(MeV)= 0.0009909  xs(b)= 0.0002562  size=7
### ekin(eV)=990.9 e0(eV)=0.02526
     1) sig(eV)=0.3428 y(b)=0
     2) sig(eV)=0.3428 y(b)=0
     3) sig(eV)=0.3428 y(b)=0
G4CrossSectionHP::IsoXS neutronInelasticHP  Z= 64  A= 154 Ekin(MeV)= 0.0009909  xs(b)= 0  size=7
### ekin(eV)=990.9 e0(eV)=0.02526
     1) sig(eV)=0.3417 y(b)=1.007e-09
     2) sig(eV)=0.3417 y(b)=1.007e-09
     3) sig(eV)=0.3417 y(b)=1.007e-09
G4CrossSectionHP::IsoXS neutronInelasticHP  Z= 64  A= 155 Ekin(MeV)= 0.0009909  xs(b)= 1.007e-09  size=7
### ekin(eV)=990.9 e0(eV)=0.02526
     1) sig(eV)=0.3406 y(b)=9.992e-10
     2) sig(eV)=0.3406 y(b)=9.984e-10
     3) sig(eV)=0.3406 y(b)=9.987e-10
G4CrossSectionHP::IsoXS neutronInelasticHP  Z= 64  A= 156 Ekin(MeV)= 0.0009909  xs(b)= 9.988e-10  size=7
### ekin(eV)=990.9 e0(eV)=0.02526
     1) sig(eV)=0.3395 y(b)=4.167e-10
     2) sig(eV)=0.3395 y(b)=4.166e-10
     3) sig(eV)=0.3395 y(b)=4.166e-10
G4CrossSectionHP::IsoXS neutronInelasticHP  Z= 64  A= 157 Ekin(MeV)= 0.0009909  xs(b)= 4.166e-10  size=7
### ekin(eV)=990.9 e0(eV)=0.02526
     1) sig(eV)=0.3384 y(b)=4.197e-10
     2) sig(eV)=0.3384 y(b)=4.196e-10
     3) sig(eV)=0.3384 y(b)=4.198e-10
G4CrossSectionHP::IsoXS neutronInelasticHP  Z= 64  A= 158 Ekin(MeV)= 0.0009909  xs(b)= 4.197e-10  size=7
### ekin(eV)=990.9 e0(eV)=0.02526
     1) sig(eV)=0.3363 y(b)=6.53e-10
     2) sig(eV)=0.3363 y(b)=6.53e-10
     3) sig(eV)=0.3363 y(b)=6.532e-10
G4CrossSectionHP::IsoXS neutronInelasticHP  Z= 64  A= 160 Ekin(MeV)= 0.0009909  xs(b)= 6.531e-10  size=7
### ekin(eV)=1038 e0(eV)=0.02526
     1) sig(eV)=0.345 y(b)=9.352
     2) sig(eV)=0.345 y(b)=9.767
     3) sig(eV)=0.345 y(b)=9.846
G4CrossSectionHP::IsoXS neutronElasticHP  Z= 64  A= 152 Ekin(MeV)= 0.001038  xs(b)= 9.655  size=7
### ekin(eV)=1038 e0(eV)=0.02526
     1) sig(eV)=0.3428 y(b)=17.75
     2) sig(eV)=0.3428 y(b)=17.66
     3) sig(eV)=0.3428 y(b)=17.54
G4CrossSectionHP::IsoXS neutronElasticHP  Z= 64  A= 154 Ekin(MeV)= 0.001038  xs(b)= 17.65  size=7
### ekin(eV)=1038 e0(eV)=0.02526
     1) sig(eV)=0.3417 y(b)=18.45
     2) sig(eV)=0.3417 y(b)=18.45
     3) sig(eV)=0.3417 y(b)=18.46
G4CrossSectionHP::IsoXS neutronElasticHP  Z= 64  A= 155 Ekin(MeV)= 0.001038  xs(b)= 18.45  size=7
### ekin(eV)=1038 e0(eV)=0.02526
     1) sig(eV)=0.3406 y(b)=9.757
     2) sig(eV)=0.3406 y(b)=9.233
     3) sig(eV)=0.3406 y(b)=9.546
G4CrossSectionHP::IsoXS neutronElasticHP  Z= 64  A= 156 Ekin(MeV)= 0.001038  xs(b)= 9.512  size=7
### ekin(eV)=1038 e0(eV)=0.02526
     1) sig(eV)=0.3395 y(b)=16.12
     2) sig(eV)=0.3395 y(b)=16.12
     3) sig(eV)=0.3395 y(b)=16.12
G4CrossSectionHP::IsoXS neutronElasticHP  Z= 64  A= 157 Ekin(MeV)= 0.001038  xs(b)= 16.12  size=7
### ekin(eV)=1038 e0(eV)=0.02526
     1) sig(eV)=0.3384 y(b)=4.257
     2) sig(eV)=0.3384 y(b)=4.249
     3) sig(eV)=0.3384 y(b)=4.255
G4CrossSectionHP::IsoXS neutronElasticHP  Z= 64  A= 158 Ekin(MeV)= 0.001038  xs(b)= 4.254  size=7
### ekin(eV)=1038 e0(eV)=0.02526
     1) sig(eV)=0.3363 y(b)=5.346
     2) sig(eV)=0.3363 y(b)=5.332
     3) sig(eV)=0.3363 y(b)=5.331
G4CrossSectionHP::IsoXS neutronElasticHP  Z= 64  A= 160 Ekin(MeV)= 0.001038  xs(b)= 5.336  size=7
### ekin(eV)=1038 e0(eV)=0.02526
     1) sig(eV)=0.345 y(b)=0.0002405
     2) sig(eV)=0.345 y(b)=0.0002405
     3) sig(eV)=0.345 y(b)=0.0002405
G4CrossSectionHP::IsoXS neutronInelasticHP  Z= 64  A= 152 Ekin(MeV)= 0.001038  xs(b)= 0.0002405  size=7
### ekin(eV)=1038 e0(eV)=0.02526
     1) sig(eV)=0.3428 y(b)=0
     2) sig(eV)=0.3428 y(b)=0
     3) sig(eV)=0.3428 y(b)=0
G4CrossSectionHP::IsoXS neutronInelasticHP  Z= 64  A= 154 Ekin(MeV)= 0.001038  xs(b)= 0  size=7
### ekin(eV)=1038 e0(eV)=0.02526
     1) sig(eV)=0.3417 y(b)=1.055e-09
     2) sig(eV)=0.3417 y(b)=1.054e-09
     3) sig(eV)=0.3417 y(b)=1.054e-09
G4CrossSectionHP::IsoXS neutronInelasticHP  Z= 64  A= 155 Ekin(MeV)= 0.001038  xs(b)= 1.054e-09  size=7
### ekin(eV)=1038 e0(eV)=0.02526
     1) sig(eV)=0.3406 y(b)=1.046e-09
     2) sig(eV)=0.3406 y(b)=1.047e-09
     3) sig(eV)=0.3406 y(b)=1.047e-09
G4CrossSectionHP::IsoXS neutronInelasticHP  Z= 64  A= 156 Ekin(MeV)= 0.001038  xs(b)= 1.047e-09  size=7
### ekin(eV)=1038 e0(eV)=0.02526
     1) sig(eV)=0.3395 y(b)=4.366e-10
     2) sig(eV)=0.3395 y(b)=4.366e-10
     3) sig(eV)=0.3395 y(b)=4.366e-10
G4CrossSectionHP::IsoXS neutronInelasticHP  Z= 64  A= 157 Ekin(MeV)= 0.001038  xs(b)= 4.366e-10  size=7
### ekin(eV)=1038 e0(eV)=0.02526
     1) sig(eV)=0.3384 y(b)=4.396e-10
     2) sig(eV)=0.3384 y(b)=4.396e-10
     3) sig(eV)=0.3384 y(b)=4.395e-10
G4CrossSectionHP::IsoXS neutronInelasticHP  Z= 64  A= 158 Ekin(MeV)= 0.001038  xs(b)= 4.396e-10  size=7
### ekin(eV)=1038 e0(eV)=0.02526
     1) sig(eV)=0.3363 y(b)=6.847e-10
     2) sig(eV)=0.3363 y(b)=6.846e-10
     3) sig(eV)=0.3363 y(b)=6.85e-10
G4CrossSectionHP::IsoXS neutronInelasticHP  Z= 64  A= 160 Ekin(MeV)= 0.001038  xs(b)= 6.848e-10  size=7
### ekin(eV)=1087 e0(eV)=0.02526
     1) sig(eV)=0.345 y(b)=17.88
     2) sig(eV)=0.345 y(b)=16.79
     3) sig(eV)=0.345 y(b)=18.6
G4CrossSectionHP::IsoXS neutronElasticHP  Z= 64  A= 152 Ekin(MeV)= 0.001087  xs(b)= 17.76  size=7
### ekin(eV)=1087 e0(eV)=0.02526
     1) sig(eV)=0.3428 y(b)=15.11
     2) sig(eV)=0.3428 y(b)=15.12
     3) sig(eV)=0.3428 y(b)=14.91
G4CrossSectionHP::IsoXS neutronElasticHP  Z= 64  A= 154 Ekin(MeV)= 0.001087  xs(b)= 15.04  size=7
### ekin(eV)=1087 e0(eV)=0.02526
     1) sig(eV)=0.3417 y(b)=18.25
     2) sig(eV)=0.3417 y(b)=18.25
     3) sig(eV)=0.3417 y(b)=18.25
G4CrossSectionHP::IsoXS neutronElasticHP  Z= 64  A= 155 Ekin(MeV)= 0.001087  xs(b)= 18.25  size=7
### ekin(eV)=1087 e0(eV)=0.02526
     1) sig(eV)=0.3406 y(b)=6.854
     2) sig(eV)=0.3406 y(b)=6.74
     3) sig(eV)=0.3406 y(b)=6.783
G4CrossSectionHP::IsoXS neutronElasticHP  Z= 64  A= 156 Ekin(MeV)= 0.001087  xs(b)= 6.792  size=7
### ekin(eV)=1087 e0(eV)=0.02526
     1) sig(eV)=0.3395 y(b)=15.95
     2) sig(eV)=0.3395 y(b)=15.96
     3) sig(eV)=0.3395 y(b)=15.96
G4CrossSectionHP::IsoXS neutronElasticHP  Z= 64  A= 157 Ekin(MeV)= 0.001087  xs(b)= 15.96  size=7
### ekin(eV)=1087 e0(eV)=0.02526
     1) sig(eV)=0.3384 y(b)=6.18
     2) sig(eV)=0.3384 y(b)=6.141
     3) sig(eV)=0.3384 y(b)=6.113
G4CrossSectionHP::IsoXS neutronElasticHP  Z= 64  A= 158 Ekin(MeV)= 0.001087  xs(b)= 6.145  size=7
### ekin(eV)=1087 e0(eV)=0.02526
     1) sig(eV)=0.3363 y(b)=3.917
     2) sig(eV)=0.3363 y(b)=3.911
     3) sig(eV)=0.3363 y(b)=3.909
G4CrossSectionHP::IsoXS neutronElasticHP  Z= 64  A= 160 Ekin(MeV)= 0.001087  xs(b)= 3.913  size=7
### ekin(eV)=1087 e0(eV)=0.02526
     1) sig(eV)=0.345 y(b)=0.000228
     2) sig(eV)=0.345 y(b)=0.0002278
     3) sig(eV)=0.345 y(b)=0.0002279
G4CrossSectionHP::IsoXS neutronInelasticHP  Z= 64  A= 152 Ekin(MeV)= 0.001087  xs(b)= 0.0002279  size=7
### ekin(eV)=1087 e0(eV)=0.02526
     1) sig(eV)=0.3428 y(b)=0
     2) sig(eV)=0.3428 y(b)=0
     3) sig(eV)=0.3428 y(b)=0
G4CrossSectionHP::IsoXS neutronInelasticHP  Z= 64  A= 154 Ekin(MeV)= 0.001087  xs(b)= 0  size=7
### ekin(eV)=1087 e0(eV)=0.02526
     1) sig(eV)=0.3417 y(b)=1.104e-09
     2) sig(eV)=0.3417 y(b)=1.104e-09
     3) sig(eV)=0.3417 y(b)=1.104e-09
G4CrossSectionHP::IsoXS neutronInelasticHP  Z= 64  A= 155 Ekin(MeV)= 0.001087  xs(b)= 1.104e-09  size=7
### ekin(eV)=1087 e0(eV)=0.02526
     1) sig(eV)=0.3406 y(b)=1.095e-09
     2) sig(eV)=0.3406 y(b)=1.095e-09
     3) sig(eV)=0.3406 y(b)=1.095e-09
G4CrossSectionHP::IsoXS neutronInelasticHP  Z= 64  A= 156 Ekin(MeV)= 0.001087  xs(b)= 1.095e-09  size=7
### ekin(eV)=1087 e0(eV)=0.02526
     1) sig(eV)=0.3395 y(b)=4.568e-10
     2) sig(eV)=0.3395 y(b)=4.57e-10
     3) sig(eV)=0.3395 y(b)=4.569e-10
G4CrossSectionHP::IsoXS neutronInelasticHP  Z= 64  A= 157 Ekin(MeV)= 0.001087  xs(b)= 4.569e-10  size=7
### ekin(eV)=1087 e0(eV)=0.02526
     1) sig(eV)=0.3384 y(b)=4.6e-10
     2) sig(eV)=0.3384 y(b)=4.597e-10
     3) sig(eV)=0.3384 y(b)=4.597e-10
G4CrossSectionHP::IsoXS neutronInelasticHP  Z= 64  A= 158 Ekin(MeV)= 0.001087  xs(b)= 4.598e-10  size=7
### ekin(eV)=1087 e0(eV)=0.02526
     1) sig(eV)=0.3363 y(b)=7.161e-10
     2) sig(eV)=0.3363 y(b)=7.159e-10
     3) sig(eV)=0.3363 y(b)=7.16e-10
G4CrossSectionHP::IsoXS neutronInelasticHP  Z= 64  A= 160 Ekin(MeV)= 0.001087  xs(b)= 7.16e-10  size=7
### ekin(eV)=1138 e0(eV)=0.02526
     1) sig(eV)=0.345 y(b)=47.45
     2) sig(eV)=0.345 y(b)=63.55
     3) sig(eV)=0.345 y(b)=51.62
     4) sig(eV)=0.345 y(b)=53.13
     5) sig(eV)=0.345 y(b)=48.2
     6) sig(eV)=0.345 y(b)=54.11
G4CrossSectionHP::IsoXS neutronElasticHP  Z= 64  A= 152 Ekin(MeV)= 0.001138  xs(b)= 53.01  size=7
### ekin(eV)=1138 e0(eV)=0.02526
     1) sig(eV)=0.3428 y(b)=7.908
     2) sig(eV)=0.3428 y(b)=7.968
     3) sig(eV)=0.3428 y(b)=7.923
G4CrossSectionHP::IsoXS neutronElasticHP  Z= 64  A= 154 Ekin(MeV)= 0.001138  xs(b)= 7.933  size=7
### ekin(eV)=1138 e0(eV)=0.02526
     1) sig(eV)=0.3417 y(b)=18.05
     2) sig(eV)=0.3417 y(b)=18.05
     3) sig(eV)=0.3417 y(b)=18.05
G4CrossSectionHP::IsoXS neutronElasticHP  Z= 64  A= 155 Ekin(MeV)= 0.001138  xs(b)= 18.05  size=7
### ekin(eV)=1138 e0(eV)=0.02526
     1) sig(eV)=0.3406 y(b)=7.165
     2) sig(eV)=0.3406 y(b)=8.767
     3) sig(eV)=0.3406 y(b)=3.103
     4) sig(eV)=0.3406 y(b)=4.915
     5) sig(eV)=0.3406 y(b)=3.984
     6) sig(eV)=0.3406 y(b)=7.052
     7) sig(eV)=0.3406 y(b)=5.56
     8) sig(eV)=0.3406 y(b)=4.022
     9) sig(eV)=0.3406 y(b)=4.178
     10) sig(eV)=0.3406 y(b)=13.47
     11) sig(eV)=0.3406 y(b)=7.171
     12) sig(eV)=0.3406 y(b)=4.03
     13) sig(eV)=0.3406 y(b)=4.694
     14) sig(eV)=0.3406 y(b)=2.713
     15) sig(eV)=0.3406 y(b)=2.179
     16) sig(eV)=0.3406 y(b)=0.6358
     17) sig(eV)=0.3406 y(b)=0.4022
     18) sig(eV)=0.3406 y(b)=0.5346
     19) sig(eV)=0.3406 y(b)=1.17
     20) sig(eV)=0.3406 y(b)=0.9863
G4CrossSectionHP::IsoXS neutronElasticHP  Z= 64  A= 156 Ekin(MeV)= 0.001138  xs(b)= 4.337  size=7
### ekin(eV)=1138 e0(eV)=0.02526
     1) sig(eV)=0.3395 y(b)=15.79
     2) sig(eV)=0.3395 y(b)=15.79
     3) sig(eV)=0.3395 y(b)=15.79
G4CrossSectionHP::IsoXS neutronElasticHP  Z= 64  A= 157 Ekin(MeV)= 0.001138  xs(b)= 15.79  size=7
### ekin(eV)=1138 e0(eV)=0.02526
     1) sig(eV)=0.3384 y(b)=4.065
     2) sig(eV)=0.3384 y(b)=4.05
     3) sig(eV)=0.3384 y(b)=4.047
G4CrossSectionHP::IsoXS neutronElasticHP  Z= 64  A= 158 Ekin(MeV)= 0.001138  xs(b)= 4.054  size=7
### ekin(eV)=1138 e0(eV)=0.02526
     1) sig(eV)=0.3363 y(b)=2.586
     2) sig(eV)=0.3363 y(b)=2.575
     3) sig(eV)=0.3363 y(b)=2.582
G4CrossSectionHP::IsoXS neutronElasticHP  Z= 64  A= 160 Ekin(MeV)= 0.001138  xs(b)= 2.581  size=7
### ekin(eV)=1138 e0(eV)=0.02526
     1) sig(eV)=0.345 y(b)=0.0002147
     2) sig(eV)=0.345 y(b)=0.0002148
     3) sig(eV)=0.345 y(b)=0.0002146
G4CrossSectionHP::IsoXS neutronInelasticHP  Z= 64  A= 152 Ekin(MeV)= 0.001138  xs(b)= 0.0002147  size=7
### ekin(eV)=1138 e0(eV)=0.02526
     1) sig(eV)=0.3428 y(b)=0
     2) sig(eV)=0.3428 y(b)=0
     3) sig(eV)=0.3428 y(b)=0
G4CrossSectionHP::IsoXS neutronInelasticHP  Z= 64  A= 154 Ekin(MeV)= 0.001138  xs(b)= 0  size=7
### ekin(eV)=1138 e0(eV)=0.02526
     1) sig(eV)=0.3417 y(b)=1.157e-09
     2) sig(eV)=0.3417 y(b)=1.157e-09
     3) sig(eV)=0.3417 y(b)=1.158e-09
G4CrossSectionHP::IsoXS neutronInelasticHP  Z= 64  A= 155 Ekin(MeV)= 0.001138  xs(b)= 1.157e-09  size=7
### ekin(eV)=1138 e0(eV)=0.02526
     1) sig(eV)=0.3406 y(b)=1.148e-09
     2) sig(eV)=0.3406 y(b)=1.149e-09
     3) sig(eV)=0.3406 y(b)=1.15e-09
G4CrossSectionHP::IsoXS neutronInelasticHP  Z= 64  A= 156 Ekin(MeV)= 0.001138  xs(b)= 1.149e-09  size=7
### ekin(eV)=1138 e0(eV)=0.02526
     1) sig(eV)=0.3395 y(b)=4.783e-10
     2) sig(eV)=0.3395 y(b)=4.784e-10
     3) sig(eV)=0.3395 y(b)=4.784e-10
G4CrossSectionHP::IsoXS neutronInelasticHP  Z= 64  A= 157 Ekin(MeV)= 0.001138  xs(b)= 4.784e-10  size=7
### ekin(eV)=1138 e0(eV)=0.02526
     1) sig(eV)=0.3384 y(b)=4.82e-10
     2) sig(eV)=0.3384 y(b)=4.818e-10
     3) sig(eV)=0.3384 y(b)=4.815e-10
G4CrossSectionHP::IsoXS neutronInelasticHP  Z= 64  A= 158 Ekin(MeV)= 0.001138  xs(b)= 4.818e-10  size=7
### ekin(eV)=1138 e0(eV)=0.02526
     1) sig(eV)=0.3363 y(b)=7.496e-10
     2) sig(eV)=0.3363 y(b)=7.497e-10
     3) sig(eV)=0.3363 y(b)=7.493e-10
G4CrossSectionHP::IsoXS neutronInelasticHP  Z= 64  A= 160 Ekin(MeV)= 0.001138  xs(b)= 7.495e-10  size=7
### ekin(eV)=1191 e0(eV)=0.02526
     1) sig(eV)=0.345 y(b)=6.021
     2) sig(eV)=0.345 y(b)=5.641
     3) sig(eV)=0.345 y(b)=5.838
G4CrossSectionHP::IsoXS neutronElasticHP  Z= 64  A= 152 Ekin(MeV)= 0.001191  xs(b)= 5.833  size=7
### ekin(eV)=1191 e0(eV)=0.02526
     1) sig(eV)=0.3428 y(b)=15.07
     2) sig(eV)=0.3428 y(b)=14.41
     3) sig(eV)=0.3428 y(b)=14.93
G4CrossSectionHP::IsoXS neutronElasticHP  Z= 64  A= 154 Ekin(MeV)= 0.001191  xs(b)= 14.8  size=7
### ekin(eV)=1191 e0(eV)=0.02526
     1) sig(eV)=0.3417 y(b)=17.84
     2) sig(eV)=0.3417 y(b)=17.84
     3) sig(eV)=0.3417 y(b)=17.84
G4CrossSectionHP::IsoXS neutronElasticHP  Z= 64  A= 155 Ekin(MeV)= 0.001191  xs(b)= 17.84  size=7
### ekin(eV)=1191 e0(eV)=0.02526
     1) sig(eV)=0.3406 y(b)=18.62
     2) sig(eV)=0.3406 y(b)=20.61
     3) sig(eV)=0.3406 y(b)=21.82
G4CrossSectionHP::IsoXS neutronElasticHP  Z= 64  A= 156 Ekin(MeV)= 0.001191  xs(b)= 20.35  size=7
### ekin(eV)=1191 e0(eV)=0.02526
     1) sig(eV)=0.3395 y(b)=15.63
     2) sig(eV)=0.3395 y(b)=15.63
     3) sig(eV)=0.3395 y(b)=15.63
G4CrossSectionHP::IsoXS neutronElasticHP  Z= 64  A= 157 Ekin(MeV)= 0.001191  xs(b)= 15.63  size=7
### ekin(eV)=1191 e0(eV)=0.02526
     1) sig(eV)=0.3384 y(b)=1.958
     2) sig(eV)=0.3384 y(b)=1.965
     3) sig(eV)=0.3384 y(b)=1.971
G4CrossSectionHP::IsoXS neutronElasticHP  Z= 64  A= 158 Ekin(MeV)= 0.001191  xs(b)= 1.965  size=7
### ekin(eV)=1191 e0(eV)=0.02526
     1) sig(eV)=0.3363 y(b)=0.5596
     2) sig(eV)=0.3363 y(b)=0.5717
     3) sig(eV)=0.3363 y(b)=0.6029
G4CrossSectionHP::IsoXS neutronElasticHP  Z= 64  A= 160 Ekin(MeV)= 0.001191  xs(b)= 0.5781  size=7
### ekin(eV)=1191 e0(eV)=0.02526
     1) sig(eV)=0.345 y(b)=0.0002008
     2) sig(eV)=0.345 y(b)=0.0002007
     3) sig(eV)=0.345 y(b)=0.0002008
G4CrossSectionHP::IsoXS neutronInelasticHP  Z= 64  A= 152 Ekin(MeV)= 0.001191  xs(b)= 0.0002008  size=7
### ekin(eV)=1191 e0(eV)=0.02526
     1) sig(eV)=0.3428 y(b)=0
     2) sig(eV)=0.3428 y(b)=0
     3) sig(eV)=0.3428 y(b)=0
G4CrossSectionHP::IsoXS neutronInelasticHP  Z= 64  A= 154 Ekin(MeV)= 0.001191  xs(b)= 0  size=7
### ekin(eV)=1191 e0(eV)=0.02526
     1) sig(eV)=0.3417 y(b)=1.211e-09
     2) sig(eV)=0.3417 y(b)=1.211e-09
     3) sig(eV)=0.3417 y(b)=1.211e-09
G4CrossSectionHP::IsoXS neutronInelasticHP  Z= 64  A= 155 Ekin(MeV)= 0.001191  xs(b)= 1.211e-09  size=7
### ekin(eV)=1191 e0(eV)=0.02526
     1) sig(eV)=0.3406 y(b)=1.201e-09
     2) sig(eV)=0.3406 y(b)=1.2e-09
     3) sig(eV)=0.3406 y(b)=1.201e-09
G4CrossSectionHP::IsoXS neutronInelasticHP  Z= 64  A= 156 Ekin(MeV)= 0.001191  xs(b)= 1.201e-09  size=7
### ekin(eV)=1191 e0(eV)=0.02526
     1) sig(eV)=0.3395 y(b)=5.01e-10
     2) sig(eV)=0.3395 y(b)=5.011e-10
     3) sig(eV)=0.3395 y(b)=5.014e-10
G4CrossSectionHP::IsoXS neutronInelasticHP  Z= 64  A= 157 Ekin(MeV)= 0.001191  xs(b)= 5.012e-10  size=7
### ekin(eV)=1191 e0(eV)=0.02526
     1) sig(eV)=0.3384 y(b)=5.047e-10
     2) sig(eV)=0.3384 y(b)=5.047e-10
     3) sig(eV)=0.3384 y(b)=5.047e-10
G4CrossSectionHP::IsoXS neutronInelasticHP  Z= 64  A= 158 Ekin(MeV)= 0.001191  xs(b)= 5.047e-10  size=7
### ekin(eV)=1191 e0(eV)=0.02526
     1) sig(eV)=0.3363 y(b)=7.858e-10
     2) sig(eV)=0.3363 y(b)=7.858e-10
     3) sig(eV)=0.3363 y(b)=7.855e-10
G4CrossSectionHP::IsoXS neutronInelasticHP  Z= 64  A= 160 Ekin(MeV)= 0.001191  xs(b)= 7.857e-10  size=7
### ekin(eV)=1248 e0(eV)=0.02526
     1) sig(eV)=0.345 y(b)=9.349
     2) sig(eV)=0.345 y(b)=9.229
     3) sig(eV)=0.345 y(b)=9.526
G4CrossSectionHP::IsoXS neutronElasticHP  Z= 64  A= 152 Ekin(MeV)= 0.001248  xs(b)= 9.368  size=7
### ekin(eV)=1248 e0(eV)=0.02526
     1) sig(eV)=0.3428 y(b)=13.1
     2) sig(eV)=0.3428 y(b)=17.44
     3) sig(eV)=0.3428 y(b)=9.618
     4) sig(eV)=0.3428 y(b)=12.26
     5) sig(eV)=0.3428 y(b)=9.812
     6) sig(eV)=0.3428 y(b)=11.3
     7) sig(eV)=0.3428 y(b)=8.993
     8) sig(eV)=0.3428 y(b)=7.596
     9) sig(eV)=0.3428 y(b)=7.82
     10) sig(eV)=0.3428 y(b)=7.886
     11) sig(eV)=0.3428 y(b)=7.873
     12) sig(eV)=0.3428 y(b)=9.27
     13) sig(eV)=0.3428 y(b)=9.708
     14) sig(eV)=0.3428 y(b)=9.115
     15) sig(eV)=0.3428 y(b)=7.614
     16) sig(eV)=0.3428 y(b)=7.005
     17) sig(eV)=0.3428 y(b)=6.723
     18) sig(eV)=0.3428 y(b)=6.719
     19) sig(eV)=0.3428 y(b)=6.457
     20) sig(eV)=0.3428 y(b)=6.13
G4CrossSectionHP::IsoXS neutronElasticHP  Z= 64  A= 154 Ekin(MeV)= 0.001248  xs(b)= 9.122  size=7
### ekin(eV)=1248 e0(eV)=0.02526
     1) sig(eV)=0.3417 y(b)=17.63
     2) sig(eV)=0.3417 y(b)=17.63
     3) sig(eV)=0.3417 y(b)=17.63
G4CrossSectionHP::IsoXS neutronElasticHP  Z= 64  A= 155 Ekin(MeV)= 0.001248  xs(b)= 17.63  size=7
### ekin(eV)=1248 e0(eV)=0.02526
     1) sig(eV)=0.3406 y(b)=9.158
     2) sig(eV)=0.3406 y(b)=8.702
     3) sig(eV)=0.3406 y(b)=9.777
G4CrossSectionHP::IsoXS neutronElasticHP  Z= 64  A= 156 Ekin(MeV)= 0.001248  xs(b)= 9.212  size=7
### ekin(eV)=1248 e0(eV)=0.02526
     1) sig(eV)=0.3395 y(b)=15.46
     2) sig(eV)=0.3395 y(b)=15.46
     3) sig(eV)=0.3395 y(b)=15.46
G4CrossSectionHP::IsoXS neutronElasticHP  Z= 64  A= 157 Ekin(MeV)= 0.001248  xs(b)= 15.46  size=7
### ekin(eV)=1248 e0(eV)=0.02526
     1) sig(eV)=0.3384 y(b)=6.849
     2) sig(eV)=0.3384 y(b)=6.992
     3) sig(eV)=0.3384 y(b)=6.995
G4CrossSectionHP::IsoXS neutronElasticHP  Z= 64  A= 158 Ekin(MeV)= 0.001248  xs(b)= 6.945  size=7
### ekin(eV)=1248 e0(eV)=0.02526
     1) sig(eV)=0.3363 y(b)=167.5
     2) sig(eV)=0.3363 y(b)=195.7
     3) sig(eV)=0.3363 y(b)=173.9
G4CrossSectionHP::IsoXS neutronElasticHP  Z= 64  A= 160 Ekin(MeV)= 0.001248  xs(b)= 179  size=7
### ekin(eV)=1248 e0(eV)=0.02526
     1) sig(eV)=0.345 y(b)=0.0001861
     2) sig(eV)=0.345 y(b)=0.000186
     3) sig(eV)=0.345 y(b)=0.0001859
G4CrossSectionHP::IsoXS neutronInelasticHP  Z= 64  A= 152 Ekin(MeV)= 0.001248  xs(b)= 0.000186  size=7
### ekin(eV)=1248 e0(eV)=0.02526
     1) sig(eV)=0.3428 y(b)=0
     2) sig(eV)=0.3428 y(b)=0
     3) sig(eV)=0.3428 y(b)=0
G4CrossSectionHP::IsoXS neutronInelasticHP  Z= 64  A= 154 Ekin(MeV)= 0.001248  xs(b)= 0  size=7
### ekin(eV)=1248 e0(eV)=0.02526
     1) sig(eV)=0.3417 y(b)=1.269e-09
     2) sig(eV)=0.3417 y(b)=1.268e-09
     3) sig(eV)=0.3417 y(b)=1.269e-09
G4CrossSectionHP::IsoXS neutronInelasticHP  Z= 64  A= 155 Ekin(MeV)= 0.001248  xs(b)= 1.268e-09  size=7
### ekin(eV)=1248 e0(eV)=0.02526
     1) sig(eV)=0.3406 y(b)=1.258e-09
     2) sig(eV)=0.3406 y(b)=1.258e-09
     3) sig(eV)=0.3406 y(b)=1.257e-09
G4CrossSectionHP::IsoXS neutronInelasticHP  Z= 64  A= 156 Ekin(MeV)= 0.001248  xs(b)= 1.258e-09  size=7
### ekin(eV)=1248 e0(eV)=0.02526
     1) sig(eV)=0.3395 y(b)=5.25e-10
     2) sig(eV)=0.3395 y(b)=5.254e-10
     3) sig(eV)=0.3395 y(b)=5.256e-10
G4CrossSectionHP::IsoXS neutronInelasticHP  Z= 64  A= 157 Ekin(MeV)= 0.001248  xs(b)= 5.253e-10  size=7
### ekin(eV)=1248 e0(eV)=0.02526
     1) sig(eV)=0.3384 y(b)=5.285e-10
     2) sig(eV)=0.3384 y(b)=5.284e-10
     3) sig(eV)=0.3384 y(b)=5.28e-10
G4CrossSectionHP::IsoXS neutronInelasticHP  Z= 64  A= 158 Ekin(MeV)= 0.001248  xs(b)= 5.283e-10  size=7
### ekin(eV)=1248 e0(eV)=0.02526
     1) sig(eV)=0.3363 y(b)=8.234e-10
     2) sig(eV)=0.3363 y(b)=8.236e-10
     3) sig(eV)=0.3363 y(b)=8.235e-10
G4CrossSectionHP::IsoXS neutronInelasticHP  Z= 64  A= 160 Ekin(MeV)= 0.001248  xs(b)= 8.235e-10  size=7
### ekin(eV)=1306 e0(eV)=0.02526
     1) sig(eV)=0.345 y(b)=7.88
     2) sig(eV)=0.345 y(b)=7.953
     3) sig(eV)=0.345 y(b)=7.922
G4CrossSectionHP::IsoXS neutronElasticHP  Z= 64  A= 152 Ekin(MeV)= 0.001306  xs(b)= 7.918  size=7
### ekin(eV)=1306 e0(eV)=0.02526
     1) sig(eV)=0.3428 y(b)=8.653
     2) sig(eV)=0.3428 y(b)=8.83
     3) sig(eV)=0.3428 y(b)=8.883
G4CrossSectionHP::IsoXS neutronElasticHP  Z= 64  A= 154 Ekin(MeV)= 0.001306  xs(b)= 8.789  size=7
### ekin(eV)=1306 e0(eV)=0.02526
     1) sig(eV)=0.3417 y(b)=17.44
     2) sig(eV)=0.3417 y(b)=17.43
     3) sig(eV)=0.3417 y(b)=17.44
G4CrossSectionHP::IsoXS neutronElasticHP  Z= 64  A= 155 Ekin(MeV)= 0.001306  xs(b)= 17.44  size=7
### ekin(eV)=1306 e0(eV)=0.02526
     1) sig(eV)=0.3406 y(b)=10.29
     2) sig(eV)=0.3406 y(b)=10.3
     3) sig(eV)=0.3406 y(b)=10.23
G4CrossSectionHP::IsoXS neutronElasticHP  Z= 64  A= 156 Ekin(MeV)= 0.001306  xs(b)= 10.27  size=7
### ekin(eV)=1306 e0(eV)=0.02526
     1) sig(eV)=0.3395 y(b)=15.3
     2) sig(eV)=0.3395 y(b)=15.3
     3) sig(eV)=0.3395 y(b)=15.3
G4CrossSectionHP::IsoXS neutronElasticHP  Z= 64  A= 157 Ekin(MeV)= 0.001306  xs(b)= 15.3  size=7
### ekin(eV)=1306 e0(eV)=0.02526
     1) sig(eV)=0.3384 y(b)=9.879
     2) sig(eV)=0.3384 y(b)=9.573
     3) sig(eV)=0.3384 y(b)=9.426
G4CrossSectionHP::IsoXS neutronElasticHP  Z= 64  A= 158 Ekin(MeV)= 0.001306  xs(b)= 9.626  size=7
### ekin(eV)=1306 e0(eV)=0.02526
     1) sig(eV)=0.3363 y(b)=8.871
     2) sig(eV)=0.3363 y(b)=8.885
     3) sig(eV)=0.3363 y(b)=8.835
G4CrossSectionHP::IsoXS neutronElasticHP  Z= 64  A= 160 Ekin(MeV)= 0.001306  xs(b)= 8.863  size=7
### ekin(eV)=1306 e0(eV)=0.02526
     1) sig(eV)=0.345 y(b)=0.0001907
     2) sig(eV)=0.345 y(b)=0.0001907
     3) sig(eV)=0.345 y(b)=0.0001908
G4CrossSectionHP::IsoXS neutronInelasticHP  Z= 64  A= 152 Ekin(MeV)= 0.001306  xs(b)= 0.0001907  size=7
### ekin(eV)=1306 e0(eV)=0.02526
     1) sig(eV)=0.3428 y(b)=0
     2) sig(eV)=0.3428 y(b)=0
     3) sig(eV)=0.3428 y(b)=0
G4CrossSectionHP::IsoXS neutronInelasticHP  Z= 64  A= 154 Ekin(MeV)= 0.001306  xs(b)= 0  size=7
### ekin(eV)=1306 e0(eV)=0.02526
     1) sig(eV)=0.3417 y(b)=1.328e-09
     2) sig(eV)=0.3417 y(b)=1.329e-09
     3) sig(eV)=0.3417 y(b)=1.329e-09
G4CrossSectionHP::IsoXS neutronInelasticHP  Z= 64  A= 155 Ekin(MeV)= 0.001306  xs(b)= 1.329e-09  size=7
### ekin(eV)=1306 e0(eV)=0.02526
     1) sig(eV)=0.3406 y(b)=1.317e-09
     2) sig(eV)=0.3406 y(b)=1.317e-09
     3) sig(eV)=0.3406 y(b)=1.317e-09
G4CrossSectionHP::IsoXS neutronInelasticHP  Z= 64  A= 156 Ekin(MeV)= 0.001306  xs(b)= 1.317e-09  size=7
### ekin(eV)=1306 e0(eV)=0.02526
     1) sig(eV)=0.3395 y(b)=5.49e-10
     2) sig(eV)=0.3395 y(b)=5.489e-10
     3) sig(eV)=0.3395 y(b)=5.487e-10
G4CrossSectionHP::IsoXS neutronInelasticHP  Z= 64  A= 157 Ekin(MeV)= 0.001306  xs(b)= 5.489e-10  size=7
### ekin(eV)=1306 e0(eV)=0.02526
     1) sig(eV)=0.3384 y(b)=5.536e-10
     2) sig(eV)=0.3384 y(b)=5.536e-10
     3) sig(eV)=0.3384 y(b)=5.537e-10
G4CrossSectionHP::IsoXS neutronInelasticHP  Z= 64  A= 158 Ekin(MeV)= 0.001306  xs(b)= 5.536e-10  size=7
### ekin(eV)=1306 e0(eV)=0.02526
     1) sig(eV)=0.3363 y(b)=8.615e-10
     2) sig(eV)=0.3363 y(b)=8.613e-10
     3) sig(eV)=0.3363 y(b)=8.605e-10
G4CrossSectionHP::IsoXS neutronInelasticHP  Z= 64  A= 160 Ekin(MeV)= 0.001306  xs(b)= 8.611e-10  size=7
### ekin(eV)=1368 e0(eV)=0.02526
     1) sig(eV)=0.345 y(b)=11.16
     2) sig(eV)=0.345 y(b)=8.834
     3) sig(eV)=0.345 y(b)=7.325
     4) sig(eV)=0.345 y(b)=4.69
     5) sig(eV)=0.345 y(b)=4.821
     6) sig(eV)=0.345 y(b)=2.269
     7) sig(eV)=0.345 y(b)=3.198
     8) sig(eV)=0.345 y(b)=0.2854
     9) sig(eV)=0.345 y(b)=0.1157
     10) sig(eV)=0.345 y(b)=11.46
     11) sig(eV)=0.345 y(b)=6.54
     12) sig(eV)=0.345 y(b)=308.9
     13) sig(eV)=0.345 y(b)=1068
     14) sig(eV)=0.345 y(b)=107.7
     15) sig(eV)=0.345 y(b)=27.08
     16) sig(eV)=0.345 y(b)=28.6
     17) sig(eV)=0.345 y(b)=41.3
     18) sig(eV)=0.345 y(b)=39.66
     19) sig(eV)=0.345 y(b)=51.67
     20) sig(eV)=0.345 y(b)=36.45
G4CrossSectionHP::IsoXS neutronElasticHP  Z= 64  A= 152 Ekin(MeV)= 0.001368  xs(b)= 88.5  size=7
### ekin(eV)=1368 e0(eV)=0.02526
     1) sig(eV)=0.3428 y(b)=14.74
     2) sig(eV)=0.3428 y(b)=4.881
     3) sig(eV)=0.3428 y(b)=9.868
     4) sig(eV)=0.3428 y(b)=6.241
     5) sig(eV)=0.3428 y(b)=5.783
     6) sig(eV)=0.3428 y(b)=6.525
     7) sig(eV)=0.3428 y(b)=3.897
     8) sig(eV)=0.3428 y(b)=5.786
     9) sig(eV)=0.3428 y(b)=7.001
     10) sig(eV)=0.3428 y(b)=7.008
     11) sig(eV)=0.3428 y(b)=7.377
     12) sig(eV)=0.3428 y(b)=7.116
     13) sig(eV)=0.3428 y(b)=7.733
     14) sig(eV)=0.3428 y(b)=7.588
     15) sig(eV)=0.3428 y(b)=6.116
     16) sig(eV)=0.3428 y(b)=6.317
     17) sig(eV)=0.3428 y(b)=6.907
     18) sig(eV)=0.3428 y(b)=7.547
     19) sig(eV)=0.3428 y(b)=7.369
     20) sig(eV)=0.3428 y(b)=7.491
G4CrossSectionHP::IsoXS neutronElasticHP  Z= 64  A= 154 Ekin(MeV)= 0.001368  xs(b)= 7.164  size=7
### ekin(eV)=1368 e0(eV)=0.02526
     1) sig(eV)=0.3417 y(b)=17.24
     2) sig(eV)=0.3417 y(b)=17.24
     3) sig(eV)=0.3417 y(b)=17.24
G4CrossSectionHP::IsoXS neutronElasticHP  Z= 64  A= 155 Ekin(MeV)= 0.001368  xs(b)= 17.24  size=7
### ekin(eV)=1368 e0(eV)=0.02526
     1) sig(eV)=0.3406 y(b)=9.502
     2) sig(eV)=0.3406 y(b)=9.503
     3) sig(eV)=0.3406 y(b)=9.503
G4CrossSectionHP::IsoXS neutronElasticHP  Z= 64  A= 156 Ekin(MeV)= 0.001368  xs(b)= 9.503  size=7
### ekin(eV)=1368 e0(eV)=0.02526
     1) sig(eV)=0.3395 y(b)=15.14
     2) sig(eV)=0.3395 y(b)=15.14
     3) sig(eV)=0.3395 y(b)=15.15
G4CrossSectionHP::IsoXS neutronElasticHP  Z= 64  A= 157 Ekin(MeV)= 0.001368  xs(b)= 15.14  size=7
### ekin(eV)=1368 e0(eV)=0.02526
     1) sig(eV)=0.3384 y(b)=4.212
     2) sig(eV)=0.3384 y(b)=4.204
     3) sig(eV)=0.3384 y(b)=4.162
G4CrossSectionHP::IsoXS neutronElasticHP  Z= 64  A= 158 Ekin(MeV)= 0.001368  xs(b)= 4.193  size=7
### ekin(eV)=1368 e0(eV)=0.02526
     1) sig(eV)=0.3363 y(b)=4.772
     2) sig(eV)=0.3363 y(b)=4.74
     3) sig(eV)=0.3363 y(b)=4.782
G4CrossSectionHP::IsoXS neutronElasticHP  Z= 64  A= 160 Ekin(MeV)= 0.001368  xs(b)= 4.765  size=7
### ekin(eV)=1368 e0(eV)=0.02526
     1) sig(eV)=0.345 y(b)=0.0002003
     2) sig(eV)=0.345 y(b)=0.0002002
     3) sig(eV)=0.345 y(b)=0.0002001
G4CrossSectionHP::IsoXS neutronInelasticHP  Z= 64  A= 152 Ekin(MeV)= 0.001368  xs(b)= 0.0002002  size=7
### ekin(eV)=1368 e0(eV)=0.02526
     1) sig(eV)=0.3428 y(b)=0
     2) sig(eV)=0.3428 y(b)=0
     3) sig(eV)=0.3428 y(b)=0
G4CrossSectionHP::IsoXS neutronInelasticHP  Z= 64  A= 154 Ekin(MeV)= 0.001368  xs(b)= 0  size=7
### ekin(eV)=1368 e0(eV)=0.02526
     1) sig(eV)=0.3417 y(b)=1.39e-09
     2) sig(eV)=0.3417 y(b)=1.391e-09
     3) sig(eV)=0.3417 y(b)=1.391e-09
G4CrossSectionHP::IsoXS neutronInelasticHP  Z= 64  A= 155 Ekin(MeV)= 0.001368  xs(b)= 1.391e-09  size=7
### ekin(eV)=1368 e0(eV)=0.02526
     1) sig(eV)=0.3406 y(b)=1.378e-09
     2) sig(eV)=0.3406 y(b)=1.379e-09
     3) sig(eV)=0.3406 y(b)=1.38e-09
G4CrossSectionHP::IsoXS neutronInelasticHP  Z= 64  A= 156 Ekin(MeV)= 0.001368  xs(b)= 1.379e-09  size=7
### ekin(eV)=1368 e0(eV)=0.02526
     1) sig(eV)=0.3395 y(b)=5.751e-10
     2) sig(eV)=0.3395 y(b)=5.752e-10
     3) sig(eV)=0.3395 y(b)=5.747e-10
G4CrossSectionHP::IsoXS neutronInelasticHP  Z= 64  A= 157 Ekin(MeV)= 0.001368  xs(b)= 5.75e-10  size=7
### ekin(eV)=1368 e0(eV)=0.02526
     1) sig(eV)=0.3384 y(b)=5.793e-10
     2) sig(eV)=0.3384 y(b)=5.793e-10
     3) sig(eV)=0.3384 y(b)=5.795e-10
G4CrossSectionHP::IsoXS neutronInelasticHP  Z= 64  A= 158 Ekin(MeV)= 0.001368  xs(b)= 5.794e-10  size=7
### ekin(eV)=1368 e0(eV)=0.02526
     1) sig(eV)=0.3363 y(b)=9.019e-10
     2) sig(eV)=0.3363 y(b)=9.022e-10
     3) sig(eV)=0.3363 y(b)=9.022e-10
G4CrossSectionHP::IsoXS neutronInelasticHP  Z= 64  A= 160 Ekin(MeV)= 0.001368  xs(b)= 9.021e-10  size=7
### ekin(eV)=1432 e0(eV)=0.02526
     1) sig(eV)=0.345 y(b)=10.7
     2) sig(eV)=0.345 y(b)=10.62
     3) sig(eV)=0.345 y(b)=10.5
G4CrossSectionHP::IsoXS neutronElasticHP  Z= 64  A= 152 Ekin(MeV)= 0.001432  xs(b)= 10.61  size=7
### ekin(eV)=1432 e0(eV)=0.02526
     1) sig(eV)=0.3428 y(b)=7.122
     2) sig(eV)=0.3428 y(b)=7.107
     3) sig(eV)=0.3428 y(b)=6.949
G4CrossSectionHP::IsoXS neutronElasticHP  Z= 64  A= 154 Ekin(MeV)= 0.001432  xs(b)= 7.059  size=7
### ekin(eV)=1432 e0(eV)=0.02526
     1) sig(eV)=0.3417 y(b)=17.03
     2) sig(eV)=0.3417 y(b)=17.03
     3) sig(eV)=0.3417 y(b)=17.03
G4CrossSectionHP::IsoXS neutronElasticHP  Z= 64  A= 155 Ekin(MeV)= 0.001432  xs(b)= 17.03  size=7
### ekin(eV)=1432 e0(eV)=0.02526
     1) sig(eV)=0.3406 y(b)=15.44
     2) sig(eV)=0.3406 y(b)=15.22
     3) sig(eV)=0.3406 y(b)=15.63
G4CrossSectionHP::IsoXS neutronElasticHP  Z= 64  A= 156 Ekin(MeV)= 0.001432  xs(b)= 15.43  size=7
### ekin(eV)=1432 e0(eV)=0.02526
     1) sig(eV)=0.3395 y(b)=14.98
     2) sig(eV)=0.3395 y(b)=14.98
     3) sig(eV)=0.3395 y(b)=14.98
G4CrossSectionHP::IsoXS neutronElasticHP  Z= 64  A= 157 Ekin(MeV)= 0.001432  xs(b)= 14.98  size=7
### ekin(eV)=1432 e0(eV)=0.02526
     1) sig(eV)=0.3384 y(b)=14.95
     2) sig(eV)=0.3384 y(b)=19.04
     3) sig(eV)=0.3384 y(b)=22.14
     4) sig(eV)=0.3384 y(b)=18.77
     5) sig(eV)=0.3384 y(b)=21.41
     6) sig(eV)=0.3384 y(b)=17.98
     7) sig(eV)=0.3384 y(b)=17.77
     8) sig(eV)=0.3384 y(b)=23.35
     9) sig(eV)=0.3384 y(b)=24.87
     10) sig(eV)=0.3384 y(b)=23.57
     11) sig(eV)=0.3384 y(b)=31.08
     12) sig(eV)=0.3384 y(b)=41.29
     13) sig(eV)=0.3384 y(b)=54.32
     14) sig(eV)=0.3384 y(b)=49.17
     15) sig(eV)=0.3384 y(b)=51.99
     16) sig(eV)=0.3384 y(b)=44.29
     17) sig(eV)=0.3384 y(b)=49.17
     18) sig(eV)=0.3384 y(b)=34
     19) sig(eV)=0.3384 y(b)=35.77
     20) sig(eV)=0.3384 y(b)=40.39
G4CrossSectionHP::IsoXS neutronElasticHP  Z= 64  A= 158 Ekin(MeV)= 0.001432  xs(b)= 31.77  size=7
### ekin(eV)=1432 e0(eV)=0.02526
     1) sig(eV)=0.3363 y(b)=13.09
     2) sig(eV)=0.3363 y(b)=13.06
     3) sig(eV)=0.3363 y(b)=12.7
G4CrossSectionHP::IsoXS neutronElasticHP  Z= 64  A= 160 Ekin(MeV)= 0.001432  xs(b)= 12.95  size=7
### ekin(eV)=1432 e0(eV)=0.02526
     1) sig(eV)=0.345 y(b)=0.0002101
     2) sig(eV)=0.345 y(b)=0.0002103
     3) sig(eV)=0.345 y(b)=0.0002103
G4CrossSectionHP::IsoXS neutronInelasticHP  Z= 64  A= 152 Ekin(MeV)= 0.001432  xs(b)= 0.0002102  size=7
### ekin(eV)=1432 e0(eV)=0.02526
     1) sig(eV)=0.3428 y(b)=0
     2) sig(eV)=0.3428 y(b)=0
     3) sig(eV)=0.3428 y(b)=0
G4CrossSectionHP::IsoXS neutronInelasticHP  Z= 64  A= 154 Ekin(MeV)= 0.001432  xs(b)= 0  size=7
### ekin(eV)=1432 e0(eV)=0.02526
     1) sig(eV)=0.3417 y(b)=1.456e-09
     2) sig(eV)=0.3417 y(b)=1.456e-09
     3) sig(eV)=0.3417 y(b)=1.456e-09
G4CrossSectionHP::IsoXS neutronInelasticHP  Z= 64  A= 155 Ekin(MeV)= 0.001432  xs(b)= 1.456e-09  size=7
### ekin(eV)=1432 e0(eV)=0.02526
     1) sig(eV)=0.3406 y(b)=1.443e-09
     2) sig(eV)=0.3406 y(b)=1.442e-09
     3) sig(eV)=0.3406 y(b)=1.442e-09
G4CrossSectionHP::IsoXS neutronInelasticHP  Z= 64  A= 156 Ekin(MeV)= 0.001432  xs(b)= 1.443e-09  size=7
### ekin(eV)=1432 e0(eV)=0.02526
     1) sig(eV)=0.3395 y(b)=6.021e-10
     2) sig(eV)=0.3395 y(b)=6.024e-10
     3) sig(eV)=0.3395 y(b)=6.026e-10
G4CrossSectionHP::IsoXS neutronInelasticHP  Z= 64  A= 157 Ekin(MeV)= 0.001432  xs(b)= 6.024e-10  size=7
### ekin(eV)=1432 e0(eV)=0.02526
     1) sig(eV)=0.3384 y(b)=6.069e-10
     2) sig(eV)=0.3384 y(b)=6.071e-10
     3) sig(eV)=0.3384 y(b)=6.07e-10
G4CrossSectionHP::IsoXS neutronInelasticHP  Z= 64  A= 158 Ekin(MeV)= 0.001432  xs(b)= 6.07e-10  size=7
### ekin(eV)=1432 e0(eV)=0.02526
     1) sig(eV)=0.3363 y(b)=9.444e-10
     2) sig(eV)=0.3363 y(b)=9.447e-10
     3) sig(eV)=0.3363 y(b)=9.447e-10
G4CrossSectionHP::IsoXS neutronInelasticHP  Z= 64  A= 160 Ekin(MeV)= 0.001432  xs(b)= 9.446e-10  size=7
### ekin(eV)=1500 e0(eV)=0.02526
     1) sig(eV)=0.345 y(b)=7.191
     2) sig(eV)=0.345 y(b)=7.358
     3) sig(eV)=0.345 y(b)=7.156
G4CrossSectionHP::IsoXS neutronElasticHP  Z= 64  A= 152 Ekin(MeV)= 0.0015  xs(b)= 7.235  size=7
### ekin(eV)=1500 e0(eV)=0.02526
     1) sig(eV)=0.3428 y(b)=8.453
     2) sig(eV)=0.3428 y(b)=8.506
     3) sig(eV)=0.3428 y(b)=8.602
G4CrossSectionHP::IsoXS neutronElasticHP  Z= 64  A= 154 Ekin(MeV)= 0.0015  xs(b)= 8.521  size=7
### ekin(eV)=1500 e0(eV)=0.02526
     1) sig(eV)=0.3417 y(b)=16.84
     2) sig(eV)=0.3417 y(b)=16.84
     3) sig(eV)=0.3417 y(b)=16.84
G4CrossSectionHP::IsoXS neutronElasticHP  Z= 64  A= 155 Ekin(MeV)= 0.0015  xs(b)= 16.84  size=7
### ekin(eV)=1500 e0(eV)=0.02526
     1) sig(eV)=0.3406 y(b)=11.02
     2) sig(eV)=0.3406 y(b)=11.22
     3) sig(eV)=0.3406 y(b)=11.55
G4CrossSectionHP::IsoXS neutronElasticHP  Z= 64  A= 156 Ekin(MeV)= 0.0015  xs(b)= 11.26  size=7
### ekin(eV)=1500 e0(eV)=0.02526
     1) sig(eV)=0.3395 y(b)=14.82
     2) sig(eV)=0.3395 y(b)=14.81
     3) sig(eV)=0.3395 y(b)=14.81
G4CrossSectionHP::IsoXS neutronElasticHP  Z= 64  A= 157 Ekin(MeV)= 0.0015  xs(b)= 14.81  size=7
### ekin(eV)=1500 e0(eV)=0.02526
     1) sig(eV)=0.3384 y(b)=8.645
     2) sig(eV)=0.3384 y(b)=8.605
     3) sig(eV)=0.3384 y(b)=8.554
G4CrossSectionHP::IsoXS neutronElasticHP  Z= 64  A= 158 Ekin(MeV)= 0.0015  xs(b)= 8.601  size=7
### ekin(eV)=1500 e0(eV)=0.02526
     1) sig(eV)=0.3363 y(b)=5.235
     2) sig(eV)=0.3363 y(b)=5.252
     3) sig(eV)=0.3363 y(b)=5.242
G4CrossSectionHP::IsoXS neutronElasticHP  Z= 64  A= 160 Ekin(MeV)= 0.0015  xs(b)= 5.243  size=7
### ekin(eV)=1500 e0(eV)=0.02526
     1) sig(eV)=0.345 y(b)=0.0002207
     2) sig(eV)=0.345 y(b)=0.0002207
     3) sig(eV)=0.345 y(b)=0.0002207
G4CrossSectionHP::IsoXS neutronInelasticHP  Z= 64  A= 152 Ekin(MeV)= 0.0015  xs(b)= 0.0002207  size=7
### ekin(eV)=1500 e0(eV)=0.02526
     1) sig(eV)=0.3428 y(b)=0
     2) sig(eV)=0.3428 y(b)=0
     3) sig(eV)=0.3428 y(b)=0
G4CrossSectionHP::IsoXS neutronInelasticHP  Z= 64  A= 154 Ekin(MeV)= 0.0015  xs(b)= 0  size=7
### ekin(eV)=1500 e0(eV)=0.02526
     1) sig(eV)=0.3417 y(b)=1.524e-09
     2) sig(eV)=0.3417 y(b)=1.525e-09
     3) sig(eV)=0.3417 y(b)=1.524e-09
G4CrossSectionHP::IsoXS neutronInelasticHP  Z= 64  A= 155 Ekin(MeV)= 0.0015  xs(b)= 1.524e-09  size=7
### ekin(eV)=1500 e0(eV)=0.02526
     1) sig(eV)=0.3406 y(b)=1.512e-09
     2) sig(eV)=0.3406 y(b)=1.512e-09
     3) sig(eV)=0.3406 y(b)=1.512e-09
G4CrossSectionHP::IsoXS neutronInelasticHP  Z= 64  A= 156 Ekin(MeV)= 0.0015  xs(b)= 1.512e-09  size=7
### ekin(eV)=1500 e0(eV)=0.02526
     1) sig(eV)=0.3395 y(b)=6.306e-10
     2) sig(eV)=0.3395 y(b)=6.305e-10
     3) sig(eV)=0.3395 y(b)=6.308e-10
G4CrossSectionHP::IsoXS neutronInelasticHP  Z= 64  A= 157 Ekin(MeV)= 0.0015  xs(b)= 6.306e-10  size=7
### ekin(eV)=1500 e0(eV)=0.02526
     1) sig(eV)=0.3384 y(b)=6.354e-10
     2) sig(eV)=0.3384 y(b)=6.355e-10
     3) sig(eV)=0.3384 y(b)=6.355e-10
G4CrossSectionHP::IsoXS neutronInelasticHP  Z= 64  A= 158 Ekin(MeV)= 0.0015  xs(b)= 6.355e-10  size=7
### ekin(eV)=1500 e0(eV)=0.02526
     1) sig(eV)=0.3363 y(b)=9.889e-10
     2) sig(eV)=0.3363 y(b)=9.884e-10
     3) sig(eV)=0.3363 y(b)=9.881e-10
G4CrossSectionHP::IsoXS neutronInelasticHP  Z= 64  A= 160 Ekin(MeV)= 0.0015  xs(b)= 9.885e-10  size=7
### ekin(eV)=1571 e0(eV)=0.02526
     1) sig(eV)=0.345 y(b)=9.543
     2) sig(eV)=0.345 y(b)=9.83
     3) sig(eV)=0.345 y(b)=9.685
G4CrossSectionHP::IsoXS neutronElasticHP  Z= 64  A= 152 Ekin(MeV)= 0.001571  xs(b)= 9.686  size=7
### ekin(eV)=1571 e0(eV)=0.02526
     1) sig(eV)=0.3428 y(b)=4.297
     2) sig(eV)=0.3428 y(b)=4.521
     3) sig(eV)=0.3428 y(b)=4.656
G4CrossSectionHP::IsoXS neutronElasticHP  Z= 64  A= 154 Ekin(MeV)= 0.001571  xs(b)= 4.491  size=7
### ekin(eV)=1571 e0(eV)=0.02526
     1) sig(eV)=0.3417 y(b)=16.64
     2) sig(eV)=0.3417 y(b)=16.64
     3) sig(eV)=0.3417 y(b)=16.64
G4CrossSectionHP::IsoXS neutronElasticHP  Z= 64  A= 155 Ekin(MeV)= 0.001571  xs(b)= 16.64  size=7
### ekin(eV)=1571 e0(eV)=0.02526
     1) sig(eV)=0.3406 y(b)=12.76
     2) sig(eV)=0.3406 y(b)=12.77
     3) sig(eV)=0.3406 y(b)=12.73
G4CrossSectionHP::IsoXS neutronElasticHP  Z= 64  A= 156 Ekin(MeV)= 0.001571  xs(b)= 12.75  size=7
### ekin(eV)=1571 e0(eV)=0.02526
     1) sig(eV)=0.3395 y(b)=14.67
     2) sig(eV)=0.3395 y(b)=14.67
     3) sig(eV)=0.3395 y(b)=14.67
G4CrossSectionHP::IsoXS neutronElasticHP  Z= 64  A= 157 Ekin(MeV)= 0.001571  xs(b)= 14.67  size=7
### ekin(eV)=1571 e0(eV)=0.02526
     1) sig(eV)=0.3384 y(b)=4.005
     2) sig(eV)=0.3384 y(b)=3.976
     3) sig(eV)=0.3384 y(b)=4.061
G4CrossSectionHP::IsoXS neutronElasticHP  Z= 64  A= 158 Ekin(MeV)= 0.001571  xs(b)= 4.014  size=7
### ekin(eV)=1571 e0(eV)=0.02526
     1) sig(eV)=0.3363 y(b)=3.8
     2) sig(eV)=0.3363 y(b)=3.797
     3) sig(eV)=0.3363 y(b)=3.786
G4CrossSectionHP::IsoXS neutronElasticHP  Z= 64  A= 160 Ekin(MeV)= 0.001571  xs(b)= 3.794  size=7
### ekin(eV)=1571 e0(eV)=0.02526
     1) sig(eV)=0.345 y(b)=0.0002315
     2) sig(eV)=0.345 y(b)=0.0002314
     3) sig(eV)=0.345 y(b)=0.0002314
G4CrossSectionHP::IsoXS neutronInelasticHP  Z= 64  A= 152 Ekin(MeV)= 0.001571  xs(b)= 0.0002315  size=7
### ekin(eV)=1571 e0(eV)=0.02526
     1) sig(eV)=0.3428 y(b)=0
     2) sig(eV)=0.3428 y(b)=0
     3) sig(eV)=0.3428 y(b)=0
G4CrossSectionHP::IsoXS neutronInelasticHP  Z= 64  A= 154 Ekin(MeV)= 0.001571  xs(b)= 0  size=7
### ekin(eV)=1571 e0(eV)=0.02526
     1) sig(eV)=0.3417 y(b)=1.596e-09
     2) sig(eV)=0.3417 y(b)=1.597e-09
     3) sig(eV)=0.3417 y(b)=1.597e-09
G4CrossSectionHP::IsoXS neutronInelasticHP  Z= 64  A= 155 Ekin(MeV)= 0.001571  xs(b)= 1.597e-09  size=7
### ekin(eV)=1571 e0(eV)=0.02526
     1) sig(eV)=0.3406 y(b)=1.584e-09
     2) sig(eV)=0.3406 y(b)=1.584e-09
     3) sig(eV)=0.3406 y(b)=1.584e-09
G4CrossSectionHP::IsoXS neutronInelasticHP  Z= 64  A= 156 Ekin(MeV)= 0.001571  xs(b)= 1.584e-09  size=7
### ekin(eV)=1571 e0(eV)=0.02526
     1) sig(eV)=0.3395 y(b)=6.605e-10
     2) sig(eV)=0.3395 y(b)=6.604e-10
     3) sig(eV)=0.3395 y(b)=6.603e-10
G4CrossSectionHP::IsoXS neutronInelasticHP  Z= 64  A= 157 Ekin(MeV)= 0.001571  xs(b)= 6.604e-10  size=7
### ekin(eV)=1571 e0(eV)=0.02526
     1) sig(eV)=0.3384 y(b)=6.649e-10
     2) sig(eV)=0.3384 y(b)=6.644e-10
     3) sig(eV)=0.3384 y(b)=6.644e-10
G4CrossSectionHP::IsoXS neutronInelasticHP  Z= 64  A= 158 Ekin(MeV)= 0.001571  xs(b)= 6.646e-10  size=7
### ekin(eV)=1571 e0(eV)=0.02526
     1) sig(eV)=0.3363 y(b)=1.036e-09
     2) sig(eV)=0.3363 y(b)=1.036e-09
     3) sig(eV)=0.3363 y(b)=1.037e-09
G4CrossSectionHP::IsoXS neutronInelasticHP  Z= 64  A= 160 Ekin(MeV)= 0.001571  xs(b)= 1.036e-09  size=7
### ekin(eV)=1645 e0(eV)=0.02526
     1) sig(eV)=0.345 y(b)=10.23
     2) sig(eV)=0.345 y(b)=9.048
     3) sig(eV)=0.345 y(b)=8.802
G4CrossSectionHP::IsoXS neutronElasticHP  Z= 64  A= 152 Ekin(MeV)= 0.001645  xs(b)= 9.359  size=7
### ekin(eV)=1645 e0(eV)=0.02526
     1) sig(eV)=0.3428 y(b)=6.423
     2) sig(eV)=0.3428 y(b)=6.424
     3) sig(eV)=0.3428 y(b)=6.32
G4CrossSectionHP::IsoXS neutronElasticHP  Z= 64  A= 154 Ekin(MeV)= 0.001645  xs(b)= 6.389  size=7
### ekin(eV)=1645 e0(eV)=0.02526
     1) sig(eV)=0.3417 y(b)=16.44
     2) sig(eV)=0.3417 y(b)=16.44
     3) sig(eV)=0.3417 y(b)=16.44
G4CrossSectionHP::IsoXS neutronElasticHP  Z= 64  A= 155 Ekin(MeV)= 0.001645  xs(b)= 16.44  size=7
### ekin(eV)=1645 e0(eV)=0.02526
     1) sig(eV)=0.3406 y(b)=23.28
     2) sig(eV)=0.3406 y(b)=23.28
     3) sig(eV)=0.3406 y(b)=23.28
G4CrossSectionHP::IsoXS neutronElasticHP  Z= 64  A= 156 Ekin(MeV)= 0.001645  xs(b)= 23.28  size=7
### ekin(eV)=1645 e0(eV)=0.02526
     1) sig(eV)=0.3395 y(b)=14.52
     2) sig(eV)=0.3395 y(b)=14.52
     3) sig(eV)=0.3395 y(b)=14.52
G4CrossSectionHP::IsoXS neutronElasticHP  Z= 64  A= 157 Ekin(MeV)= 0.001645  xs(b)= 14.52  size=7
### ekin(eV)=1645 e0(eV)=0.02526
     1) sig(eV)=0.3384 y(b)=5.913
     2) sig(eV)=0.3384 y(b)=5.909
     3) sig(eV)=0.3384 y(b)=5.91
G4CrossSectionHP::IsoXS neutronElasticHP  Z= 64  A= 158 Ekin(MeV)= 0.001645  xs(b)= 5.911  size=7
### ekin(eV)=1645 e0(eV)=0.02526
     1) sig(eV)=0.3363 y(b)=2.444
     2) sig(eV)=0.3363 y(b)=2.443
     3) sig(eV)=0.3363 y(b)=2.447
G4CrossSectionHP::IsoXS neutronElasticHP  Z= 64  A= 160 Ekin(MeV)= 0.001645  xs(b)= 2.445  size=7
### ekin(eV)=1645 e0(eV)=0.02526
     1) sig(eV)=0.345 y(b)=0.0002357
     2) sig(eV)=0.345 y(b)=0.0002357
     3) sig(eV)=0.345 y(b)=0.0002357
G4CrossSectionHP::IsoXS neutronInelasticHP  Z= 64  A= 152 Ekin(MeV)= 0.001645  xs(b)= 0.0002357  size=7
### ekin(eV)=1645 e0(eV)=0.02526
     1) sig(eV)=0.3428 y(b)=0
     2) sig(eV)=0.3428 y(b)=0
     3) sig(eV)=0.3428 y(b)=0
G4CrossSectionHP::IsoXS neutronInelasticHP  Z= 64  A= 154 Ekin(MeV)= 0.001645  xs(b)= 0  size=7
### ekin(eV)=1645 e0(eV)=0.02526
     1) sig(eV)=0.3417 y(b)=1.671e-09
     2) sig(eV)=0.3417 y(b)=1.671e-09
     3) sig(eV)=0.3417 y(b)=1.672e-09
G4CrossSectionHP::IsoXS neutronInelasticHP  Z= 64  A= 155 Ekin(MeV)= 0.001645  xs(b)= 1.672e-09  size=7
### ekin(eV)=1645 e0(eV)=0.02526
     1) sig(eV)=0.3406 y(b)=1.658e-09
     2) sig(eV)=0.3406 y(b)=1.658e-09
     3) sig(eV)=0.3406 y(b)=1.657e-09
G4CrossSectionHP::IsoXS neutronInelasticHP  Z= 64  A= 156 Ekin(MeV)= 0.001645  xs(b)= 1.658e-09  size=7
### ekin(eV)=1645 e0(eV)=0.02526
     1) sig(eV)=0.3395 y(b)=6.917e-10
     2) sig(eV)=0.3395 y(b)=6.916e-10
     3) sig(eV)=0.3395 y(b)=6.919e-10
G4CrossSectionHP::IsoXS neutronInelasticHP  Z= 64  A= 157 Ekin(MeV)= 0.001645  xs(b)= 6.917e-10  size=7
### ekin(eV)=1645 e0(eV)=0.02526
     1) sig(eV)=0.3384 y(b)=6.962e-10
     2) sig(eV)=0.3384 y(b)=6.964e-10
     3) sig(eV)=0.3384 y(b)=6.966e-10
G4CrossSectionHP::IsoXS neutronInelasticHP  Z= 64  A= 158 Ekin(MeV)= 0.001645  xs(b)= 6.964e-10  size=7
### ekin(eV)=1645 e0(eV)=0.02526
     1) sig(eV)=0.3363 y(b)=1.084e-09
     2) sig(eV)=0.3363 y(b)=1.083e-09
     3) sig(eV)=0.3363 y(b)=1.084e-09
G4CrossSectionHP::IsoXS neutronInelasticHP  Z= 64  A= 160 Ekin(MeV)= 0.001645  xs(b)= 1.084e-09  size=7
### ekin(eV)=1722 e0(eV)=0.02526
     1) sig(eV)=0.345 y(b)=15.68
     2) sig(eV)=0.345 y(b)=15.66
     3) sig(eV)=0.345 y(b)=15.99
G4CrossSectionHP::IsoXS neutronElasticHP  Z= 64  A= 152 Ekin(MeV)= 0.001722  xs(b)= 15.78  size=7
### ekin(eV)=1722 e0(eV)=0.02526
     1) sig(eV)=0.3428 y(b)=21.42
     2) sig(eV)=0.3428 y(b)=251
     3) sig(eV)=0.3428 y(b)=31.23
     4) sig(eV)=0.3428 y(b)=79.9
     5) sig(eV)=0.3428 y(b)=0.7552
     6) sig(eV)=0.3428 y(b)=1.37
     7) sig(eV)=0.3428 y(b)=285.6
     8) sig(eV)=0.3428 y(b)=15.84
     9) sig(eV)=0.3428 y(b)=239.7
     10) sig(eV)=0.3428 y(b)=9.487
     11) sig(eV)=0.3428 y(b)=19.07
     12) sig(eV)=0.3428 y(b)=48.97
     13) sig(eV)=0.3428 y(b)=5.022
     14) sig(eV)=0.3428 y(b)=0.717
     15) sig(eV)=0.3428 y(b)=111.3
     16) sig(eV)=0.3428 y(b)=380.9
     17) sig(eV)=0.3428 y(b)=99.94
     18) sig(eV)=0.3428 y(b)=370.7
     19) sig(eV)=0.3428 y(b)=96.07
     20) sig(eV)=0.3428 y(b)=63.47
G4CrossSectionHP::IsoXS neutronElasticHP  Z= 64  A= 154 Ekin(MeV)= 0.001722  xs(b)= 106.6  size=7
### ekin(eV)=1722 e0(eV)=0.02526
     1) sig(eV)=0.3417 y(b)=16.25
     2) sig(eV)=0.3417 y(b)=16.25
     3) sig(eV)=0.3417 y(b)=16.25
G4CrossSectionHP::IsoXS neutronElasticHP  Z= 64  A= 155 Ekin(MeV)= 0.001722  xs(b)= 16.25  size=7
### ekin(eV)=1722 e0(eV)=0.02526
     1) sig(eV)=0.3406 y(b)=22.97
     2) sig(eV)=0.3406 y(b)=22.97
     3) sig(eV)=0.3406 y(b)=22.97
G4CrossSectionHP::IsoXS neutronElasticHP  Z= 64  A= 156 Ekin(MeV)= 0.001722  xs(b)= 22.97  size=7
### ekin(eV)=1722 e0(eV)=0.02526
     1) sig(eV)=0.3395 y(b)=14.36
     2) sig(eV)=0.3395 y(b)=14.36
     3) sig(eV)=0.3395 y(b)=14.36
G4CrossSectionHP::IsoXS neutronElasticHP  Z= 64  A= 157 Ekin(MeV)= 0.001722  xs(b)= 14.36  size=7
### ekin(eV)=1722 e0(eV)=0.02526
     1) sig(eV)=0.3384 y(b)=4.555
     2) sig(eV)=0.3384 y(b)=4.56
     3) sig(eV)=0.3384 y(b)=4.537
G4CrossSectionHP::IsoXS neutronElasticHP  Z= 64  A= 158 Ekin(MeV)= 0.001722  xs(b)= 4.551  size=7
### ekin(eV)=1722 e0(eV)=0.02526
     1) sig(eV)=0.3363 y(b)=0.5125
     2) sig(eV)=0.3363 y(b)=0.5187
     3) sig(eV)=0.3363 y(b)=0.552
G4CrossSectionHP::IsoXS neutronElasticHP  Z= 64  A= 160 Ekin(MeV)= 0.001722  xs(b)= 0.5277  size=7
### ekin(eV)=1722 e0(eV)=0.02526
     1) sig(eV)=0.345 y(b)=0.0002381
     2) sig(eV)=0.345 y(b)=0.0002381
     3) sig(eV)=0.345 y(b)=0.0002381
G4CrossSectionHP::IsoXS neutronInelasticHP  Z= 64  A= 152 Ekin(MeV)= 0.001722  xs(b)= 0.0002381  size=7
### ekin(eV)=1722 e0(eV)=0.02526
     1) sig(eV)=0.3428 y(b)=0
     2) sig(eV)=0.3428 y(b)=0
     3) sig(eV)=0.3428 y(b)=0
G4CrossSectionHP::IsoXS neutronInelasticHP  Z= 64  A= 154 Ekin(MeV)= 0.001722  xs(b)= 0  size=7
### ekin(eV)=1722 e0(eV)=0.02526
     1) sig(eV)=0.3417 y(b)=1.751e-09
     2) sig(eV)=0.3417 y(b)=1.752e-09
     3) sig(eV)=0.3417 y(b)=1.752e-09
G4CrossSectionHP::IsoXS neutronInelasticHP  Z= 64  A= 155 Ekin(MeV)= 0.001722  xs(b)= 1.752e-09  size=7
### ekin(eV)=1722 e0(eV)=0.02526
     1) sig(eV)=0.3406 y(b)=1.738e-09
     2) sig(eV)=0.3406 y(b)=1.738e-09
     3) sig(eV)=0.3406 y(b)=1.738e-09
G4CrossSectionHP::IsoXS neutronInelasticHP  Z= 64  A= 156 Ekin(MeV)= 0.001722  xs(b)= 1.738e-09  size=7
### ekin(eV)=1722 e0(eV)=0.02526
     1) sig(eV)=0.3395 y(b)=7.239e-10
     2) sig(eV)=0.3395 y(b)=7.238e-10
     3) sig(eV)=0.3395 y(b)=7.237e-10
G4CrossSectionHP::IsoXS neutronInelasticHP  Z= 64  A= 157 Ekin(MeV)= 0.001722  xs(b)= 7.238e-10  size=7
### ekin(eV)=1722 e0(eV)=0.02526
     1) sig(eV)=0.3384 y(b)=7.292e-10
     2) sig(eV)=0.3384 y(b)=7.293e-10
     3) sig(eV)=0.3384 y(b)=7.292e-10
G4CrossSectionHP::IsoXS neutronInelasticHP  Z= 64  A= 158 Ekin(MeV)= 0.001722  xs(b)= 7.292e-10  size=7
### ekin(eV)=1722 e0(eV)=0.02526
     1) sig(eV)=0.3363 y(b)=1.135e-09
     2) sig(eV)=0.3363 y(b)=1.135e-09
     3) sig(eV)=0.3363 y(b)=1.134e-09
G4CrossSectionHP::IsoXS neutronInelasticHP  Z= 64  A= 160 Ekin(MeV)= 0.001722  xs(b)= 1.135e-09  size=7
### ekin(eV)=1803 e0(eV)=0.02526
     1) sig(eV)=0.345 y(b)=17.98
     2) sig(eV)=0.345 y(b)=20.76
     3) sig(eV)=0.345 y(b)=21.52
G4CrossSectionHP::IsoXS neutronElasticHP  Z= 64  A= 152 Ekin(MeV)= 0.001803  xs(b)= 20.09  size=7
### ekin(eV)=1803 e0(eV)=0.02526
     1) sig(eV)=0.3428 y(b)=9.451
     2) sig(eV)=0.3428 y(b)=9.309
     3) sig(eV)=0.3428 y(b)=9.111
G4CrossSectionHP::IsoXS neutronElasticHP  Z= 64  A= 154 Ekin(MeV)= 0.001803  xs(b)= 9.29  size=7
### ekin(eV)=1803 e0(eV)=0.02526
     1) sig(eV)=0.3417 y(b)=16.06
     2) sig(eV)=0.3417 y(b)=16.06
     3) sig(eV)=0.3417 y(b)=16.06
G4CrossSectionHP::IsoXS neutronElasticHP  Z= 64  A= 155 Ekin(MeV)= 0.001803  xs(b)= 16.06  size=7
### ekin(eV)=1803 e0(eV)=0.02526
     1) sig(eV)=0.3406 y(b)=22.67
     2) sig(eV)=0.3406 y(b)=22.66
     3) sig(eV)=0.3406 y(b)=22.66
G4CrossSectionHP::IsoXS neutronElasticHP  Z= 64  A= 156 Ekin(MeV)= 0.001803  xs(b)= 22.67  size=7
### ekin(eV)=1803 e0(eV)=0.02526
     1) sig(eV)=0.3395 y(b)=14.21
     2) sig(eV)=0.3395 y(b)=14.21
     3) sig(eV)=0.3395 y(b)=14.21
G4CrossSectionHP::IsoXS neutronElasticHP  Z= 64  A= 157 Ekin(MeV)= 0.001803  xs(b)= 14.21  size=7
### ekin(eV)=1803 e0(eV)=0.02526
     1) sig(eV)=0.3384 y(b)=6.055
     2) sig(eV)=0.3384 y(b)=6.075
     3) sig(eV)=0.3384 y(b)=6.067
G4CrossSectionHP::IsoXS neutronElasticHP  Z= 64  A= 158 Ekin(MeV)= 0.001803  xs(b)= 6.066  size=7
### ekin(eV)=1803 e0(eV)=0.02526
     1) sig(eV)=0.3363 y(b)=468.3
     2) sig(eV)=0.3363 y(b)=505
     3) sig(eV)=0.3363 y(b)=400.8
G4CrossSectionHP::IsoXS neutronElasticHP  Z= 64  A= 160 Ekin(MeV)= 0.001803  xs(b)= 458  size=7
### ekin(eV)=1803 e0(eV)=0.02526
     1) sig(eV)=0.345 y(b)=0.0002407
     2) sig(eV)=0.345 y(b)=0.0002407
     3) sig(eV)=0.345 y(b)=0.0002407
G4CrossSectionHP::IsoXS neutronInelasticHP  Z= 64  A= 152 Ekin(MeV)= 0.001803  xs(b)= 0.0002407  size=7
### ekin(eV)=1803 e0(eV)=0.02526
     1) sig(eV)=0.3428 y(b)=0
     2) sig(eV)=0.3428 y(b)=0
     3) sig(eV)=0.3428 y(b)=0
G4CrossSectionHP::IsoXS neutronInelasticHP  Z= 64  A= 154 Ekin(MeV)= 0.001803  xs(b)= 0  size=7
### ekin(eV)=1803 e0(eV)=0.02526
     1) sig(eV)=0.3417 y(b)=1.833e-09
     2) sig(eV)=0.3417 y(b)=1.832e-09
     3) sig(eV)=0.3417 y(b)=1.834e-09
G4CrossSectionHP::IsoXS neutronInelasticHP  Z= 64  A= 155 Ekin(MeV)= 0.001803  xs(b)= 1.833e-09  size=7
### ekin(eV)=1803 e0(eV)=0.02526
     1) sig(eV)=0.3406 y(b)=1.819e-09
     2) sig(eV)=0.3406 y(b)=1.819e-09
     3) sig(eV)=0.3406 y(b)=1.82e-09
G4CrossSectionHP::IsoXS neutronInelasticHP  Z= 64  A= 156 Ekin(MeV)= 0.001803  xs(b)= 1.819e-09  size=7
### ekin(eV)=1803 e0(eV)=0.02526
     1) sig(eV)=0.3395 y(b)=7.579e-10
     2) sig(eV)=0.3395 y(b)=7.578e-10
     3) sig(eV)=0.3395 y(b)=7.578e-10
G4CrossSectionHP::IsoXS neutronInelasticHP  Z= 64  A= 157 Ekin(MeV)= 0.001803  xs(b)= 7.578e-10  size=7
### ekin(eV)=1803 e0(eV)=0.02526
     1) sig(eV)=0.3384 y(b)=7.639e-10
     2) sig(eV)=0.3384 y(b)=7.638e-10
     3) sig(eV)=0.3384 y(b)=7.636e-10
G4CrossSectionHP::IsoXS neutronInelasticHP  Z= 64  A= 158 Ekin(MeV)= 0.001803  xs(b)= 7.638e-10  size=7
### ekin(eV)=1803 e0(eV)=0.02526
     1) sig(eV)=0.3363 y(b)=1.189e-09
     2) sig(eV)=0.3363 y(b)=1.189e-09
     3) sig(eV)=0.3363 y(b)=1.188e-09
G4CrossSectionHP::IsoXS neutronInelasticHP  Z= 64  A= 160 Ekin(MeV)= 0.001803  xs(b)= 1.189e-09  size=7
### ekin(eV)=1888 e0(eV)=0.02526
     1) sig(eV)=0.345 y(b)=2.358
     2) sig(eV)=0.345 y(b)=2.09
     3) sig(eV)=0.345 y(b)=2.295
G4CrossSectionHP::IsoXS neutronElasticHP  Z= 64  A= 152 Ekin(MeV)= 0.001888  xs(b)= 2.248  size=7
### ekin(eV)=1888 e0(eV)=0.02526
     1) sig(eV)=0.3428 y(b)=7.326
     2) sig(eV)=0.3428 y(b)=7.347
     3) sig(eV)=0.3428 y(b)=7.382
G4CrossSectionHP::IsoXS neutronElasticHP  Z= 64  A= 154 Ekin(MeV)= 0.001888  xs(b)= 7.352  size=7
### ekin(eV)=1888 e0(eV)=0.02526
     1) sig(eV)=0.3417 y(b)=15.86
     2) sig(eV)=0.3417 y(b)=15.86
     3) sig(eV)=0.3417 y(b)=15.86
G4CrossSectionHP::IsoXS neutronElasticHP  Z= 64  A= 155 Ekin(MeV)= 0.001888  xs(b)= 15.86  size=7
### ekin(eV)=1888 e0(eV)=0.02526
     1) sig(eV)=0.3406 y(b)=22.39
     2) sig(eV)=0.3406 y(b)=22.38
     3) sig(eV)=0.3406 y(b)=22.39
G4CrossSectionHP::IsoXS neutronElasticHP  Z= 64  A= 156 Ekin(MeV)= 0.001888  xs(b)= 22.39  size=7
### ekin(eV)=1888 e0(eV)=0.02526
     1) sig(eV)=0.3395 y(b)=14.06
     2) sig(eV)=0.3395 y(b)=14.06
     3) sig(eV)=0.3395 y(b)=14.06
G4CrossSectionHP::IsoXS neutronElasticHP  Z= 64  A= 157 Ekin(MeV)= 0.001888  xs(b)= 14.06  size=7
### ekin(eV)=1888 e0(eV)=0.02526
     1) sig(eV)=0.3384 y(b)=6.021
     2) sig(eV)=0.3384 y(b)=6.232
     3) sig(eV)=0.3384 y(b)=6.222
G4CrossSectionHP::IsoXS neutronElasticHP  Z= 64  A= 158 Ekin(MeV)= 0.001888  xs(b)= 6.158  size=7
### ekin(eV)=1888 e0(eV)=0.02526
     1) sig(eV)=0.3363 y(b)=14.53
     2) sig(eV)=0.3363 y(b)=14.44
     3) sig(eV)=0.3363 y(b)=14.47
G4CrossSectionHP::IsoXS neutronElasticHP  Z= 64  A= 160 Ekin(MeV)= 0.001888  xs(b)= 14.48  size=7
### ekin(eV)=1888 e0(eV)=0.02526
     1) sig(eV)=0.345 y(b)=0.0002434
     2) sig(eV)=0.345 y(b)=0.0002434
     3) sig(eV)=0.345 y(b)=0.0002434
G4CrossSectionHP::IsoXS neutronInelasticHP  Z= 64  A= 152 Ekin(MeV)= 0.001888  xs(b)= 0.0002434  size=7
### ekin(eV)=1888 e0(eV)=0.02526
     1) sig(eV)=0.3428 y(b)=0
     2) sig(eV)=0.3428 y(b)=0
     3) sig(eV)=0.3428 y(b)=0
G4CrossSectionHP::IsoXS neutronInelasticHP  Z= 64  A= 154 Ekin(MeV)= 0.001888  xs(b)= 0  size=7
### ekin(eV)=1888 e0(eV)=0.02526
     1) sig(eV)=0.3417 y(b)=1.919e-09
     2) sig(eV)=0.3417 y(b)=1.919e-09
     3) sig(eV)=0.3417 y(b)=1.918e-09
G4CrossSectionHP::IsoXS neutronInelasticHP  Z= 64  A= 155 Ekin(MeV)= 0.001888  xs(b)= 1.919e-09  size=7
### ekin(eV)=1888 e0(eV)=0.02526
     1) sig(eV)=0.3406 y(b)=1.904e-09
     2) sig(eV)=0.3406 y(b)=1.903e-09
     3) sig(eV)=0.3406 y(b)=1.903e-09
G4CrossSectionHP::IsoXS neutronInelasticHP  Z= 64  A= 156 Ekin(MeV)= 0.001888  xs(b)= 1.903e-09  size=7
### ekin(eV)=1888 e0(eV)=0.02526
     1) sig(eV)=0.3395 y(b)=7.94e-10
     2) sig(eV)=0.3395 y(b)=7.938e-10
     3) sig(eV)=0.3395 y(b)=7.934e-10
G4CrossSectionHP::IsoXS neutronInelasticHP  Z= 64  A= 157 Ekin(MeV)= 0.001888  xs(b)= 7.937e-10  size=7
### ekin(eV)=1888 e0(eV)=0.02526
     1) sig(eV)=0.3384 y(b)=8e-10
     2) sig(eV)=0.3384 y(b)=8.001e-10
     3) sig(eV)=0.3384 y(b)=7.999e-10
G4CrossSectionHP::IsoXS neutronInelasticHP  Z= 64  A= 158 Ekin(MeV)= 0.001888  xs(b)= 8e-10  size=7
### ekin(eV)=1888 e0(eV)=0.02526
     1) sig(eV)=0.3363 y(b)=1.245e-09
     2) sig(eV)=0.3363 y(b)=1.245e-09
     3) sig(eV)=0.3363 y(b)=1.245e-09
G4CrossSectionHP::IsoXS neutronInelasticHP  Z= 64  A= 160 Ekin(MeV)= 0.001888  xs(b)= 1.245e-09  size=7
### ekin(eV)=1977 e0(eV)=0.02526
     1) sig(eV)=0.345 y(b)=10.04
     2) sig(eV)=0.345 y(b)=10.05
     3) sig(eV)=0.345 y(b)=10.11
G4CrossSectionHP::IsoXS neutronElasticHP  Z= 64  A= 152 Ekin(MeV)= 0.001977  xs(b)= 10.07  size=7
### ekin(eV)=1977 e0(eV)=0.02526
     1) sig(eV)=0.3428 y(b)=26.46
     2) sig(eV)=0.3428 y(b)=270.4
     3) sig(eV)=0.3428 y(b)=4.059
     4) sig(eV)=0.3428 y(b)=10.58
     5) sig(eV)=0.3428 y(b)=183.8
     6) sig(eV)=0.3428 y(b)=33.09
     7) sig(eV)=0.3428 y(b)=29.56
     8) sig(eV)=0.3428 y(b)=85.28
     9) sig(eV)=0.3428 y(b)=219.8
     10) sig(eV)=0.3428 y(b)=63.24
     11) sig(eV)=0.3428 y(b)=72.78
     12) sig(eV)=0.3428 y(b)=34.6
     13) sig(eV)=0.3428 y(b)=32.29
     14) sig(eV)=0.3428 y(b)=35.08
     15) sig(eV)=0.3428 y(b)=33.78
     16) sig(eV)=0.3428 y(b)=43.35
     17) sig(eV)=0.3428 y(b)=26.43
     18) sig(eV)=0.3428 y(b)=28.6
     19) sig(eV)=0.3428 y(b)=25.27
     20) sig(eV)=0.3428 y(b)=17.73
G4CrossSectionHP::IsoXS neutronElasticHP  Z= 64  A= 154 Ekin(MeV)= 0.001977  xs(b)= 63.8  size=7
### ekin(eV)=1977 e0(eV)=0.02526
     1) sig(eV)=0.3417 y(b)=15.67
     2) sig(eV)=0.3417 y(b)=15.67
     3) sig(eV)=0.3417 y(b)=15.67
G4CrossSectionHP::IsoXS neutronElasticHP  Z= 64  A= 155 Ekin(MeV)= 0.001977  xs(b)= 15.67  size=7
### ekin(eV)=1977 e0(eV)=0.02526
     1) sig(eV)=0.3406 y(b)=22.09
     2) sig(eV)=0.3406 y(b)=22.1
     3) sig(eV)=0.3406 y(b)=22.1
G4CrossSectionHP::IsoXS neutronElasticHP  Z= 64  A= 156 Ekin(MeV)= 0.001977  xs(b)= 22.1  size=7
### ekin(eV)=1977 e0(eV)=0.02526
     1) sig(eV)=0.3395 y(b)=13.91
     2) sig(eV)=0.3395 y(b)=13.91
     3) sig(eV)=0.3395 y(b)=13.91
G4CrossSectionHP::IsoXS neutronElasticHP  Z= 64  A= 157 Ekin(MeV)= 0.001977  xs(b)= 13.91  size=7
### ekin(eV)=1977 e0(eV)=0.02526
     1) sig(eV)=0.3384 y(b)=3.472
     2) sig(eV)=0.3384 y(b)=3.497
     3) sig(eV)=0.3384 y(b)=3.582
G4CrossSectionHP::IsoXS neutronElasticHP  Z= 64  A= 158 Ekin(MeV)= 0.001977  xs(b)= 3.517  size=7
### ekin(eV)=1977 e0(eV)=0.02526
     1) sig(eV)=0.3363 y(b)=9.297
     2) sig(eV)=0.3363 y(b)=9.29
     3) sig(eV)=0.3363 y(b)=9.308
G4CrossSectionHP::IsoXS neutronElasticHP  Z= 64  A= 160 Ekin(MeV)= 0.001977  xs(b)= 9.299  size=7
### ekin(eV)=1977 e0(eV)=0.02526
     1) sig(eV)=0.345 y(b)=0.0002462
     2) sig(eV)=0.345 y(b)=0.0002462
     3) sig(eV)=0.345 y(b)=0.0002462
G4CrossSectionHP::IsoXS neutronInelasticHP  Z= 64  A= 152 Ekin(MeV)= 0.001977  xs(b)= 0.0002462  size=7
### ekin(eV)=1977 e0(eV)=0.02526
     1) sig(eV)=0.3428 y(b)=0
     2) sig(eV)=0.3428 y(b)=0
     3) sig(eV)=0.3428 y(b)=0
G4CrossSectionHP::IsoXS neutronInelasticHP  Z= 64  A= 154 Ekin(MeV)= 0.001977  xs(b)= 0  size=7
### ekin(eV)=1977 e0(eV)=0.02526
     1) sig(eV)=0.3417 y(b)=2.01e-09
     2) sig(eV)=0.3417 y(b)=2.011e-09
     3) sig(eV)=0.3417 y(b)=2.01e-09
G4CrossSectionHP::IsoXS neutronInelasticHP  Z= 64  A= 155 Ekin(MeV)= 0.001977  xs(b)= 2.01e-09  size=7
### ekin(eV)=1977 e0(eV)=0.02526
     1) sig(eV)=0.3406 y(b)=1.993e-09
     2) sig(eV)=0.3406 y(b)=1.993e-09
     3) sig(eV)=0.3406 y(b)=1.993e-09
G4CrossSectionHP::IsoXS neutronInelasticHP  Z= 64  A= 156 Ekin(MeV)= 0.001977  xs(b)= 1.993e-09  size=7
### ekin(eV)=1977 e0(eV)=0.02526
     1) sig(eV)=0.3395 y(b)=8.313e-10
     2) sig(eV)=0.3395 y(b)=8.312e-10
     3) sig(eV)=0.3395 y(b)=8.313e-10
G4CrossSectionHP::IsoXS neutronInelasticHP  Z= 64  A= 157 Ekin(MeV)= 0.001977  xs(b)= 8.313e-10  size=7
### ekin(eV)=1977 e0(eV)=0.02526
     1) sig(eV)=0.3384 y(b)=8.373e-10
     2) sig(eV)=0.3384 y(b)=8.376e-10
     3) sig(eV)=0.3384 y(b)=8.376e-10
G4CrossSectionHP::IsoXS neutronInelasticHP  Z= 64  A= 158 Ekin(MeV)= 0.001977  xs(b)= 8.375e-10  size=7
### ekin(eV)=1977 e0(eV)=0.02526
     1) sig(eV)=0.3363 y(b)=1.304e-09
     2) sig(eV)=0.3363 y(b)=1.304e-09
     3) sig(eV)=0.3363 y(b)=1.304e-09
G4CrossSectionHP::IsoXS neutronInelasticHP  Z= 64  A= 160 Ekin(MeV)= 0.001977  xs(b)= 1.304e-09  size=7
### ekin(eV)=2070 e0(eV)=0.02526
     1) sig(eV)=0.345 y(b)=10.81
     2) sig(eV)=0.345 y(b)=11.1
     3) sig(eV)=0.345 y(b)=11.15
G4CrossSectionHP::IsoXS neutronElasticHP  Z= 64  A= 152 Ekin(MeV)= 0.00207  xs(b)= 11.02  size=7
### ekin(eV)=2070 e0(eV)=0.02526
     1) sig(eV)=0.3428 y(b)=4.388
     2) sig(eV)=0.3428 y(b)=3.247
     3) sig(eV)=0.3428 y(b)=0.02142
     4) sig(eV)=0.3428 y(b)=0.5801
     5) sig(eV)=0.3428 y(b)=479.2
     6) sig(eV)=0.3428 y(b)=13.06
     7) sig(eV)=0.3428 y(b)=1.809
     8) sig(eV)=0.3428 y(b)=2.059
     9) sig(eV)=0.3428 y(b)=2.691
     10) sig(eV)=0.3428 y(b)=4.035
     11) sig(eV)=0.3428 y(b)=1.418
     12) sig(eV)=0.3428 y(b)=4.142
     13) sig(eV)=0.3428 y(b)=0.9497
     14) sig(eV)=0.3428 y(b)=2.242
     15) sig(eV)=0.3428 y(b)=0.2729
     16) sig(eV)=0.3428 y(b)=0.1779
     17) sig(eV)=0.3428 y(b)=34.46
     18) sig(eV)=0.3428 y(b)=44.2
     19) sig(eV)=0.3428 y(b)=0.04771
     20) sig(eV)=0.3428 y(b)=2.345
G4CrossSectionHP::IsoXS neutronElasticHP  Z= 64  A= 154 Ekin(MeV)= 0.00207  xs(b)= 30.07  size=7
### ekin(eV)=2070 e0(eV)=0.02526
     1) sig(eV)=0.3417 y(b)=15.48
     2) sig(eV)=0.3417 y(b)=15.48
     3) sig(eV)=0.3417 y(b)=15.48
G4CrossSectionHP::IsoXS neutronElasticHP  Z= 64  A= 155 Ekin(MeV)= 0.00207  xs(b)= 15.48  size=7
### ekin(eV)=2070 e0(eV)=0.02526
     1) sig(eV)=0.3406 y(b)=21.79
     2) sig(eV)=0.3406 y(b)=21.79
     3) sig(eV)=0.3406 y(b)=21.79
G4CrossSectionHP::IsoXS neutronElasticHP  Z= 64  A= 156 Ekin(MeV)= 0.00207  xs(b)= 21.79  size=7
### ekin(eV)=2070 e0(eV)=0.02526
     1) sig(eV)=0.3395 y(b)=13.75
     2) sig(eV)=0.3395 y(b)=13.75
     3) sig(eV)=0.3395 y(b)=13.75
G4CrossSectionHP::IsoXS neutronElasticHP  Z= 64  A= 157 Ekin(MeV)= 0.00207  xs(b)= 13.75  size=7
### ekin(eV)=2070 e0(eV)=0.02526
     1) sig(eV)=0.3384 y(b)=5.952
     2) sig(eV)=0.3384 y(b)=5.949
     3) sig(eV)=0.3384 y(b)=5.936
G4CrossSectionHP::IsoXS neutronElasticHP  Z= 64  A= 158 Ekin(MeV)= 0.00207  xs(b)= 5.946  size=7
### ekin(eV)=2070 e0(eV)=0.02526
     1) sig(eV)=0.3363 y(b)=5.859
     2) sig(eV)=0.3363 y(b)=5.865
     3) sig(eV)=0.3363 y(b)=5.864
G4CrossSectionHP::IsoXS neutronElasticHP  Z= 64  A= 160 Ekin(MeV)= 0.00207  xs(b)= 5.863  size=7
### ekin(eV)=2070 e0(eV)=0.02526
     1) sig(eV)=0.345 y(b)=0.0002382
     2) sig(eV)=0.345 y(b)=0.0002383
     3) sig(eV)=0.345 y(b)=0.0002383
G4CrossSectionHP::IsoXS neutronInelasticHP  Z= 64  A= 152 Ekin(MeV)= 0.00207  xs(b)= 0.0002383  size=7
### ekin(eV)=2070 e0(eV)=0.02526
     1) sig(eV)=0.3428 y(b)=0
     2) sig(eV)=0.3428 y(b)=0
     3) sig(eV)=0.3428 y(b)=0
G4CrossSectionHP::IsoXS neutronInelasticHP  Z= 64  A= 154 Ekin(MeV)= 0.00207  xs(b)= 0  size=7
### ekin(eV)=2070 e0(eV)=0.02526
     1) sig(eV)=0.3417 y(b)=2.103e-09
     2) sig(eV)=0.3417 y(b)=2.102e-09
     3) sig(eV)=0.3417 y(b)=2.102e-09
G4CrossSectionHP::IsoXS neutronInelasticHP  Z= 64  A= 155 Ekin(MeV)= 0.00207  xs(b)= 2.102e-09  size=7
### ekin(eV)=2070 e0(eV)=0.02526
     1) sig(eV)=0.3406 y(b)=2.088e-09
     2) sig(eV)=0.3406 y(b)=2.088e-09
     3) sig(eV)=0.3406 y(b)=2.088e-09
G4CrossSectionHP::IsoXS neutronInelasticHP  Z= 64  A= 156 Ekin(MeV)= 0.00207  xs(b)= 2.088e-09  size=7
### ekin(eV)=2070 e0(eV)=0.02526
     1) sig(eV)=0.3395 y(b)=8.707e-10
     2) sig(eV)=0.3395 y(b)=8.712e-10
     3) sig(eV)=0.3395 y(b)=8.711e-10
G4CrossSectionHP::IsoXS neutronInelasticHP  Z= 64  A= 157 Ekin(MeV)= 0.00207  xs(b)= 8.71e-10  size=7
### ekin(eV)=2070 e0(eV)=0.02526
     1) sig(eV)=0.3384 y(b)=8.772e-10
     2) sig(eV)=0.3384 y(b)=8.776e-10
     3) sig(eV)=0.3384 y(b)=8.773e-10
G4CrossSectionHP::IsoXS neutronInelasticHP  Z= 64  A= 158 Ekin(MeV)= 0.00207  xs(b)= 8.774e-10  size=7
### ekin(eV)=2070 e0(eV)=0.02526
     1) sig(eV)=0.3363 y(b)=1.365e-09
     2) sig(eV)=0.3363 y(b)=1.365e-09
     3) sig(eV)=0.3363 y(b)=1.365e-09
G4CrossSectionHP::IsoXS neutronInelasticHP  Z= 64  A= 160 Ekin(MeV)= 0.00207  xs(b)= 1.365e-09  size=7
### ekin(eV)=2168 e0(eV)=0.02526
     1) sig(eV)=0.345 y(b)=4.631
     2) sig(eV)=0.345 y(b)=4.739
     3) sig(eV)=0.345 y(b)=4.463
G4CrossSectionHP::IsoXS neutronElasticHP  Z= 64  A= 152 Ekin(MeV)= 0.002168  xs(b)= 4.611  size=7
### ekin(eV)=2168 e0(eV)=0.02526
     1) sig(eV)=0.3428 y(b)=0.0003367
     2) sig(eV)=0.3428 y(b)=0.01728
     3) sig(eV)=0.3428 y(b)=0.06326
     4) sig(eV)=0.3428 y(b)=0.05861
     5) sig(eV)=0.3428 y(b)=0.03458
     6) sig(eV)=0.3428 y(b)=0.02442
     7) sig(eV)=0.3428 y(b)=0.1815
     8) sig(eV)=0.3428 y(b)=0.1771
     9) sig(eV)=0.3428 y(b)=0.5473
     10) sig(eV)=0.3428 y(b)=1.352
     11) sig(eV)=0.3428 y(b)=1.541
     12) sig(eV)=0.3428 y(b)=1.844
     13) sig(eV)=0.3428 y(b)=1.961
     14) sig(eV)=0.3428 y(b)=2.265
     15) sig(eV)=0.3428 y(b)=2.52
     16) sig(eV)=0.3428 y(b)=2.311
     17) sig(eV)=0.3428 y(b)=2.526
     18) sig(eV)=0.3428 y(b)=2.768
     19) sig(eV)=0.3428 y(b)=3.131
     20) sig(eV)=0.3428 y(b)=3.195
G4CrossSectionHP::IsoXS neutronElasticHP  Z= 64  A= 154 Ekin(MeV)= 0.002168  xs(b)= 1.326  size=7
### ekin(eV)=2168 e0(eV)=0.02526
     1) sig(eV)=0.3417 y(b)=15.29
     2) sig(eV)=0.3417 y(b)=15.29
     3) sig(eV)=0.3417 y(b)=15.29
G4CrossSectionHP::IsoXS neutronElasticHP  Z= 64  A= 155 Ekin(MeV)= 0.002168  xs(b)= 15.29  size=7
### ekin(eV)=2168 e0(eV)=0.02526
     1) sig(eV)=0.3406 y(b)=21.52
     2) sig(eV)=0.3406 y(b)=21.52
     3) sig(eV)=0.3406 y(b)=21.52
G4CrossSectionHP::IsoXS neutronElasticHP  Z= 64  A= 156 Ekin(MeV)= 0.002168  xs(b)= 21.52  size=7
### ekin(eV)=2168 e0(eV)=0.02526
     1) sig(eV)=0.3395 y(b)=13.6
     2) sig(eV)=0.3395 y(b)=13.6
     3) sig(eV)=0.3395 y(b)=13.6
G4CrossSectionHP::IsoXS neutronElasticHP  Z= 64  A= 157 Ekin(MeV)= 0.002168  xs(b)= 13.6  size=7
### ekin(eV)=2168 e0(eV)=0.02526
     1) sig(eV)=0.3384 y(b)=4.858
     2) sig(eV)=0.3384 y(b)=4.861
     3) sig(eV)=0.3384 y(b)=4.869
G4CrossSectionHP::IsoXS neutronElasticHP  Z= 64  A= 158 Ekin(MeV)= 0.002168  xs(b)= 4.863  size=7
### ekin(eV)=2168 e0(eV)=0.02526
     1) sig(eV)=0.3363 y(b)=3.762
     2) sig(eV)=0.3363 y(b)=3.753
     3) sig(eV)=0.3363 y(b)=3.747
G4CrossSectionHP::IsoXS neutronElasticHP  Z= 64  A= 160 Ekin(MeV)= 0.002168  xs(b)= 3.754  size=7
### ekin(eV)=2168 e0(eV)=0.02526
     1) sig(eV)=0.345 y(b)=0.0002272
     2) sig(eV)=0.345 y(b)=0.0002273
     3) sig(eV)=0.345 y(b)=0.0002271
G4CrossSectionHP::IsoXS neutronInelasticHP  Z= 64  A= 152 Ekin(MeV)= 0.002168  xs(b)= 0.0002272  size=7
### ekin(eV)=2168 e0(eV)=0.02526
     1) sig(eV)=0.3428 y(b)=0
     2) sig(eV)=0.3428 y(b)=0
     3) sig(eV)=0.3428 y(b)=0
G4CrossSectionHP::IsoXS neutronInelasticHP  Z= 64  A= 154 Ekin(MeV)= 0.002168  xs(b)= 0  size=7
### ekin(eV)=2168 e0(eV)=0.02526
     1) sig(eV)=0.3417 y(b)=2.203e-09
     2) sig(eV)=0.3417 y(b)=2.203e-09
     3) sig(eV)=0.3417 y(b)=2.203e-09
G4CrossSectionHP::IsoXS neutronInelasticHP  Z= 64  A= 155 Ekin(MeV)= 0.002168  xs(b)= 2.203e-09  size=7
### ekin(eV)=2168 e0(eV)=0.02526
     1) sig(eV)=0.3406 y(b)=2.185e-09
     2) sig(eV)=0.3406 y(b)=2.184e-09
     3) sig(eV)=0.3406 y(b)=2.185e-09
G4CrossSectionHP::IsoXS neutronInelasticHP  Z= 64  A= 156 Ekin(MeV)= 0.002168  xs(b)= 2.185e-09  size=7
### ekin(eV)=2168 e0(eV)=0.02526
     1) sig(eV)=0.3395 y(b)=9.115e-10
     2) sig(eV)=0.3395 y(b)=9.118e-10
     3) sig(eV)=0.3395 y(b)=9.117e-10
G4CrossSectionHP::IsoXS neutronInelasticHP  Z= 64  A= 157 Ekin(MeV)= 0.002168  xs(b)= 9.117e-10  size=7
### ekin(eV)=2168 e0(eV)=0.02526
     1) sig(eV)=0.3384 y(b)=9.186e-10
     2) sig(eV)=0.3384 y(b)=9.186e-10
     3) sig(eV)=0.3384 y(b)=9.181e-10
G4CrossSectionHP::IsoXS neutronInelasticHP  Z= 64  A= 158 Ekin(MeV)= 0.002168  xs(b)= 9.184e-10  size=7
### ekin(eV)=2168 e0(eV)=0.02526
     1) sig(eV)=0.3363 y(b)=1.43e-09
     2) sig(eV)=0.3363 y(b)=1.43e-09
     3) sig(eV)=0.3363 y(b)=1.43e-09
G4CrossSectionHP::IsoXS neutronInelasticHP  Z= 64  A= 160 Ekin(MeV)= 0.002168  xs(b)= 1.43e-09  size=7
### ekin(eV)=2270 e0(eV)=0.02526
     1) sig(eV)=0.345 y(b)=20.73
     2) sig(eV)=0.345 y(b)=21.1
     3) sig(eV)=0.345 y(b)=23.68
G4CrossSectionHP::IsoXS neutronElasticHP  Z= 64  A= 152 Ekin(MeV)= 0.00227  xs(b)= 21.84  size=7
### ekin(eV)=2270 e0(eV)=0.02526
     1) sig(eV)=0.3428 y(b)=7.836
     2) sig(eV)=0.3428 y(b)=8.951
     3) sig(eV)=0.3428 y(b)=8.336
G4CrossSectionHP::IsoXS neutronElasticHP  Z= 64  A= 154 Ekin(MeV)= 0.00227  xs(b)= 8.374  size=7
### ekin(eV)=2270 e0(eV)=0.02526
     1) sig(eV)=0.3417 y(b)=15.11
     2) sig(eV)=0.3417 y(b)=15.11
     3) sig(eV)=0.3417 y(b)=15.11
G4CrossSectionHP::IsoXS neutronElasticHP  Z= 64  A= 155 Ekin(MeV)= 0.00227  xs(b)= 15.11  size=7
### ekin(eV)=2270 e0(eV)=0.02526
     1) sig(eV)=0.3406 y(b)=21.24
     2) sig(eV)=0.3406 y(b)=21.24
     3) sig(eV)=0.3406 y(b)=21.24
G4CrossSectionHP::IsoXS neutronElasticHP  Z= 64  A= 156 Ekin(MeV)= 0.00227  xs(b)= 21.24  size=7
### ekin(eV)=2270 e0(eV)=0.02526
     1) sig(eV)=0.3395 y(b)=13.45
     2) sig(eV)=0.3395 y(b)=13.45
     3) sig(eV)=0.3395 y(b)=13.45
G4CrossSectionHP::IsoXS neutronElasticHP  Z= 64  A= 157 Ekin(MeV)= 0.00227  xs(b)= 13.45  size=7
### ekin(eV)=2270 e0(eV)=0.02526
     1) sig(eV)=0.3384 y(b)=4.328
     2) sig(eV)=0.3384 y(b)=4.333
     3) sig(eV)=0.3384 y(b)=4.269
G4CrossSectionHP::IsoXS neutronElasticHP  Z= 64  A= 158 Ekin(MeV)= 0.00227  xs(b)= 4.31  size=7
### ekin(eV)=2270 e0(eV)=0.02526
     1) sig(eV)=0.3363 y(b)=239.2
     2) sig(eV)=0.3363 y(b)=144.2
     3) sig(eV)=0.3363 y(b)=131.8
     4) sig(eV)=0.3363 y(b)=131.1
     5) sig(eV)=0.3363 y(b)=70
     6) sig(eV)=0.3363 y(b)=53.18
     7) sig(eV)=0.3363 y(b)=75.53
     8) sig(eV)=0.3363 y(b)=77.28
     9) sig(eV)=0.3363 y(b)=108.8
     10) sig(eV)=0.3363 y(b)=144.2
     11) sig(eV)=0.3363 y(b)=91.41
     12) sig(eV)=0.3363 y(b)=57.36
     13) sig(eV)=0.3363 y(b)=39.02
     14) sig(eV)=0.3363 y(b)=42.28
     15) sig(eV)=0.3363 y(b)=58.23
     16) sig(eV)=0.3363 y(b)=58.49
     17) sig(eV)=0.3363 y(b)=62.7
     18) sig(eV)=0.3363 y(b)=50.03
     19) sig(eV)=0.3363 y(b)=45.06
     20) sig(eV)=0.3363 y(b)=45.94
G4CrossSectionHP::IsoXS neutronElasticHP  Z= 64  A= 160 Ekin(MeV)= 0.00227  xs(b)= 86.29  size=7
### ekin(eV)=2270 e0(eV)=0.02526
     1) sig(eV)=0.345 y(b)=0.0002156
     2) sig(eV)=0.345 y(b)=0.0002156
     3) sig(eV)=0.345 y(b)=0.0002156
G4CrossSectionHP::IsoXS neutronInelasticHP  Z= 64  A= 152 Ekin(MeV)= 0.00227  xs(b)= 0.0002156  size=7
### ekin(eV)=2270 e0(eV)=0.02526
     1) sig(eV)=0.3428 y(b)=0
     2) sig(eV)=0.3428 y(b)=0
     3) sig(eV)=0.3428 y(b)=0
G4CrossSectionHP::IsoXS neutronInelasticHP  Z= 64  A= 154 Ekin(MeV)= 0.00227  xs(b)= 0  size=7
### ekin(eV)=2270 e0(eV)=0.02526
     1) sig(eV)=0.3417 y(b)=2.306e-09
     2) sig(eV)=0.3417 y(b)=2.307e-09
     3) sig(eV)=0.3417 y(b)=2.307e-09
G4CrossSectionHP::IsoXS neutronInelasticHP  Z= 64  A= 155 Ekin(MeV)= 0.00227  xs(b)= 2.307e-09  size=7
### ekin(eV)=2270 e0(eV)=0.02526
     1) sig(eV)=0.3406 y(b)=2.288e-09
     2) sig(eV)=0.3406 y(b)=2.289e-09
     3) sig(eV)=0.3406 y(b)=2.288e-09
G4CrossSectionHP::IsoXS neutronInelasticHP  Z= 64  A= 156 Ekin(MeV)= 0.00227  xs(b)= 2.288e-09  size=7
### ekin(eV)=2270 e0(eV)=0.02526
     1) sig(eV)=0.3395 y(b)=9.545e-10
     2) sig(eV)=0.3395 y(b)=9.547e-10
     3) sig(eV)=0.3395 y(b)=9.544e-10
G4CrossSectionHP::IsoXS neutronInelasticHP  Z= 64  A= 157 Ekin(MeV)= 0.00227  xs(b)= 9.545e-10  size=7
### ekin(eV)=2270 e0(eV)=0.02526
     1) sig(eV)=0.3384 y(b)=9.613e-10
     2) sig(eV)=0.3384 y(b)=9.611e-10
     3) sig(eV)=0.3384 y(b)=9.61e-10
G4CrossSectionHP::IsoXS neutronInelasticHP  Z= 64  A= 158 Ekin(MeV)= 0.00227  xs(b)= 9.611e-10  size=7
### ekin(eV)=2270 e0(eV)=0.02526
     1) sig(eV)=0.3363 y(b)=1.496e-09
     2) sig(eV)=0.3363 y(b)=1.496e-09
     3) sig(eV)=0.3363 y(b)=1.497e-09
G4CrossSectionHP::IsoXS neutronInelasticHP  Z= 64  A= 160 Ekin(MeV)= 0.00227  xs(b)= 1.497e-09  size=7
### ekin(eV)=2377 e0(eV)=0.02526
     1) sig(eV)=0.345 y(b)=6.184
     2) sig(eV)=0.345 y(b)=7.033
     3) sig(eV)=0.345 y(b)=8.576
     4) sig(eV)=0.345 y(b)=7.663
     5) sig(eV)=0.345 y(b)=8.801
     6) sig(eV)=0.345 y(b)=8.717
     7) sig(eV)=0.345 y(b)=8.777
     8) sig(eV)=0.345 y(b)=8.624
     9) sig(eV)=0.345 y(b)=8.659
     10) sig(eV)=0.345 y(b)=8.487
     11) sig(eV)=0.345 y(b)=8.725
     12) sig(eV)=0.345 y(b)=8.989
G4CrossSectionHP::IsoXS neutronElasticHP  Z= 64  A= 152 Ekin(MeV)= 0.002377  xs(b)= 8.27  size=7
### ekin(eV)=2377 e0(eV)=0.02526
     1) sig(eV)=0.3428 y(b)=9.188
     2) sig(eV)=0.3428 y(b)=9.249
     3) sig(eV)=0.3428 y(b)=9.224
G4CrossSectionHP::IsoXS neutronElasticHP  Z= 64  A= 154 Ekin(MeV)= 0.002377  xs(b)= 9.22  size=7
### ekin(eV)=2377 e0(eV)=0.02526
     1) sig(eV)=0.3417 y(b)=14.92
     2) sig(eV)=0.3417 y(b)=14.92
     3) sig(eV)=0.3417 y(b)=14.92
G4CrossSectionHP::IsoXS neutronElasticHP  Z= 64  A= 155 Ekin(MeV)= 0.002377  xs(b)= 14.92  size=7
### ekin(eV)=2377 e0(eV)=0.02526
     1) sig(eV)=0.3406 y(b)=20.96
     2) sig(eV)=0.3406 y(b)=20.96
     3) sig(eV)=0.3406 y(b)=20.95
G4CrossSectionHP::IsoXS neutronElasticHP  Z= 64  A= 156 Ekin(MeV)= 0.002377  xs(b)= 20.96  size=7
### ekin(eV)=2377 e0(eV)=0.02526
     1) sig(eV)=0.3395 y(b)=13.29
     2) sig(eV)=0.3395 y(b)=13.29
     3) sig(eV)=0.3395 y(b)=13.3
G4CrossSectionHP::IsoXS neutronElasticHP  Z= 64  A= 157 Ekin(MeV)= 0.002377  xs(b)= 13.29  size=7
### ekin(eV)=2377 e0(eV)=0.02526
     1) sig(eV)=0.3384 y(b)=4.571
     2) sig(eV)=0.3384 y(b)=4.488
     3) sig(eV)=0.3384 y(b)=4.56
G4CrossSectionHP::IsoXS neutronElasticHP  Z= 64  A= 158 Ekin(MeV)= 0.002377  xs(b)= 4.54  size=7
### ekin(eV)=2377 e0(eV)=0.02526
     1) sig(eV)=0.3363 y(b)=8.04
     2) sig(eV)=0.3363 y(b)=8.023
     3) sig(eV)=0.3363 y(b)=9.235
G4CrossSectionHP::IsoXS neutronElasticHP  Z= 64  A= 160 Ekin(MeV)= 0.002377  xs(b)= 8.433  size=7
### ekin(eV)=2377 e0(eV)=0.02526
     1) sig(eV)=0.345 y(b)=0.0002035
     2) sig(eV)=0.345 y(b)=0.0002035
     3) sig(eV)=0.345 y(b)=0.0002037
G4CrossSectionHP::IsoXS neutronInelasticHP  Z= 64  A= 152 Ekin(MeV)= 0.002377  xs(b)= 0.0002036  size=7
### ekin(eV)=2377 e0(eV)=0.02526
     1) sig(eV)=0.3428 y(b)=0
     2) sig(eV)=0.3428 y(b)=0
     3) sig(eV)=0.3428 y(b)=0
G4CrossSectionHP::IsoXS neutronInelasticHP  Z= 64  A= 154 Ekin(MeV)= 0.002377  xs(b)= 0  size=7
### ekin(eV)=2377 e0(eV)=0.02526
     1) sig(eV)=0.3417 y(b)=2.417e-09
     2) sig(eV)=0.3417 y(b)=2.417e-09
     3) sig(eV)=0.3417 y(b)=2.417e-09
G4CrossSectionHP::IsoXS neutronInelasticHP  Z= 64  A= 155 Ekin(MeV)= 0.002377  xs(b)= 2.417e-09  size=7
### ekin(eV)=2377 e0(eV)=0.02526
     1) sig(eV)=0.3406 y(b)=2.396e-09
     2) sig(eV)=0.3406 y(b)=2.396e-09
     3) sig(eV)=0.3406 y(b)=2.396e-09
G4CrossSectionHP::IsoXS neutronInelasticHP  Z= 64  A= 156 Ekin(MeV)= 0.002377  xs(b)= 2.396e-09  size=7
### ekin(eV)=2377 e0(eV)=0.02526
     1) sig(eV)=0.3395 y(b)=9.993e-10
     2) sig(eV)=0.3395 y(b)=9.994e-10
     3) sig(eV)=0.3395 y(b)=9.988e-10
G4CrossSectionHP::IsoXS neutronInelasticHP  Z= 64  A= 157 Ekin(MeV)= 0.002377  xs(b)= 9.992e-10  size=7
### ekin(eV)=2377 e0(eV)=0.02526
     1) sig(eV)=0.3384 y(b)=1.007e-09
     2) sig(eV)=0.3384 y(b)=1.007e-09
     3) sig(eV)=0.3384 y(b)=1.008e-09
G4CrossSectionHP::IsoXS neutronInelasticHP  Z= 64  A= 158 Ekin(MeV)= 0.002377  xs(b)= 1.007e-09  size=7
### ekin(eV)=2377 e0(eV)=0.02526
     1) sig(eV)=0.3363 y(b)=1.567e-09
     2) sig(eV)=0.3363 y(b)=1.567e-09
     3) sig(eV)=0.3363 y(b)=1.568e-09
G4CrossSectionHP::IsoXS neutronInelasticHP  Z= 64  A= 160 Ekin(MeV)= 0.002377  xs(b)= 1.568e-09  size=7
### ekin(eV)=2489 e0(eV)=0.02526
     1) sig(eV)=0.345 y(b)=14.7
     2) sig(eV)=0.345 y(b)=14.85
     3) sig(eV)=0.345 y(b)=14.78
G4CrossSectionHP::IsoXS neutronElasticHP  Z= 64  A= 152 Ekin(MeV)= 0.002489  xs(b)= 14.78  size=7
### ekin(eV)=2489 e0(eV)=0.02526
     1) sig(eV)=0.3428 y(b)=6.929
     2) sig(eV)=0.3428 y(b)=6.591
     3) sig(eV)=0.3428 y(b)=6.648
G4CrossSectionHP::IsoXS neutronElasticHP  Z= 64  A= 154 Ekin(MeV)= 0.002489  xs(b)= 6.723  size=7
### ekin(eV)=2489 e0(eV)=0.02526
     1) sig(eV)=0.3417 y(b)=14.72
     2) sig(eV)=0.3417 y(b)=14.72
     3) sig(eV)=0.3417 y(b)=14.72
G4CrossSectionHP::IsoXS neutronElasticHP  Z= 64  A= 155 Ekin(MeV)= 0.002489  xs(b)= 14.72  size=7
### ekin(eV)=2489 e0(eV)=0.02526
     1) sig(eV)=0.3406 y(b)=20.69
     2) sig(eV)=0.3406 y(b)=20.69
     3) sig(eV)=0.3406 y(b)=20.69
G4CrossSectionHP::IsoXS neutronElasticHP  Z= 64  A= 156 Ekin(MeV)= 0.002489  xs(b)= 20.69  size=7
### ekin(eV)=2489 e0(eV)=0.02526
     1) sig(eV)=0.3395 y(b)=13.15
     2) sig(eV)=0.3395 y(b)=13.15
     3) sig(eV)=0.3395 y(b)=13.15
G4CrossSectionHP::IsoXS neutronElasticHP  Z= 64  A= 157 Ekin(MeV)= 0.002489  xs(b)= 13.15  size=7
### ekin(eV)=2489 e0(eV)=0.02526
     1) sig(eV)=0.3384 y(b)=4.207
     2) sig(eV)=0.3384 y(b)=4.205
     3) sig(eV)=0.3384 y(b)=4.215
G4CrossSectionHP::IsoXS neutronElasticHP  Z= 64  A= 158 Ekin(MeV)= 0.002489  xs(b)= 4.209  size=7
### ekin(eV)=2489 e0(eV)=0.02526
     1) sig(eV)=0.3363 y(b)=0.4899
     2) sig(eV)=0.3363 y(b)=0.5853
     3) sig(eV)=0.3363 y(b)=0.8157
     4) sig(eV)=0.3363 y(b)=0.6721
     5) sig(eV)=0.3363 y(b)=0.6722
     6) sig(eV)=0.3363 y(b)=0.7359
     7) sig(eV)=0.3363 y(b)=0.6778
     8) sig(eV)=0.3363 y(b)=0.6659
     9) sig(eV)=0.3363 y(b)=0.4862
     10) sig(eV)=0.3363 y(b)=0.5274
     11) sig(eV)=0.3363 y(b)=0.3755
     12) sig(eV)=0.3363 y(b)=0.5922
     13) sig(eV)=0.3363 y(b)=0.5852
     14) sig(eV)=0.3363 y(b)=0.6865
     15) sig(eV)=0.3363 y(b)=0.6269
     16) sig(eV)=0.3363 y(b)=0.4404
     17) sig(eV)=0.3363 y(b)=0.3665
     18) sig(eV)=0.3363 y(b)=0.3377
     19) sig(eV)=0.3363 y(b)=0.3265
     20) sig(eV)=0.3363 y(b)=0.3417
G4CrossSectionHP::IsoXS neutronElasticHP  Z= 64  A= 160 Ekin(MeV)= 0.002489  xs(b)= 0.5504  size=7
### ekin(eV)=2489 e0(eV)=0.02526
     1) sig(eV)=0.345 y(b)=0.0001907
     2) sig(eV)=0.345 y(b)=0.0001906
     3) sig(eV)=0.345 y(b)=0.0001904
G4CrossSectionHP::IsoXS neutronInelasticHP  Z= 64  A= 152 Ekin(MeV)= 0.002489  xs(b)= 0.0001906  size=7
### ekin(eV)=2489 e0(eV)=0.02526
     1) sig(eV)=0.3428 y(b)=0
     2) sig(eV)=0.3428 y(b)=0
     3) sig(eV)=0.3428 y(b)=0
G4CrossSectionHP::IsoXS neutronInelasticHP  Z= 64  A= 154 Ekin(MeV)= 0.002489  xs(b)= 0  size=7
### ekin(eV)=2489 e0(eV)=0.02526
     1) sig(eV)=0.3417 y(b)=2.531e-09
     2) sig(eV)=0.3417 y(b)=2.531e-09
     3) sig(eV)=0.3417 y(b)=2.532e-09
G4CrossSectionHP::IsoXS neutronInelasticHP  Z= 64  A= 155 Ekin(MeV)= 0.002489  xs(b)= 2.531e-09  size=7
### ekin(eV)=2489 e0(eV)=0.02526
     1) sig(eV)=0.3406 y(b)=2.51e-09
     2) sig(eV)=0.3406 y(b)=2.51e-09
     3) sig(eV)=0.3406 y(b)=2.51e-09
G4CrossSectionHP::IsoXS neutronInelasticHP  Z= 64  A= 156 Ekin(MeV)= 0.002489  xs(b)= 2.51e-09  size=7
### ekin(eV)=2489 e0(eV)=0.02526
     1) sig(eV)=0.3395 y(b)=1.047e-09
     2) sig(eV)=0.3395 y(b)=1.047e-09
     3) sig(eV)=0.3395 y(b)=1.047e-09
G4CrossSectionHP::IsoXS neutronInelasticHP  Z= 64  A= 157 Ekin(MeV)= 0.002489  xs(b)= 1.047e-09  size=7
### ekin(eV)=2489 e0(eV)=0.02526
     1) sig(eV)=0.3384 y(b)=1.055e-09
     2) sig(eV)=0.3384 y(b)=1.054e-09
     3) sig(eV)=0.3384 y(b)=1.055e-09
G4CrossSectionHP::IsoXS neutronInelasticHP  Z= 64  A= 158 Ekin(MeV)= 0.002489  xs(b)= 1.055e-09  size=7
### ekin(eV)=2489 e0(eV)=0.02526
     1) sig(eV)=0.3363 y(b)=1.642e-09
     2) sig(eV)=0.3363 y(b)=1.643e-09
     3) sig(eV)=0.3363 y(b)=1.642e-09
G4CrossSectionHP::IsoXS neutronInelasticHP  Z= 64  A= 160 Ekin(MeV)= 0.002489  xs(b)= 1.642e-09  size=7
### ekin(eV)=2606 e0(eV)=0.02526
     1) sig(eV)=0.345 y(b)=12.94
     2) sig(eV)=0.345 y(b)=12.94
     3) sig(eV)=0.345 y(b)=12.93
G4CrossSectionHP::IsoXS neutronElasticHP  Z= 64  A= 152 Ekin(MeV)= 0.002606  xs(b)= 12.93  size=7
### ekin(eV)=2606 e0(eV)=0.02526
     1) sig(eV)=0.3428 y(b)=0.09118
     2) sig(eV)=0.3428 y(b)=0.06783
     3) sig(eV)=0.3428 y(b)=0.05542
     4) sig(eV)=0.3428 y(b)=0.1254
     5) sig(eV)=0.3428 y(b)=0.00116
     6) sig(eV)=0.3428 y(b)=0.0008975
     7) sig(eV)=0.3428 y(b)=0.4298
     8) sig(eV)=0.3428 y(b)=0.1008
     9) sig(eV)=0.3428 y(b)=2.37
     10) sig(eV)=0.3428 y(b)=3.144
     11) sig(eV)=0.3428 y(b)=7.83
     12) sig(eV)=0.3428 y(b)=16.91
     13) sig(eV)=0.3428 y(b)=4.178
     14) sig(eV)=0.3428 y(b)=5.583
     15) sig(eV)=0.3428 y(b)=12.08
     16) sig(eV)=0.3428 y(b)=29.21
     17) sig(eV)=0.3428 y(b)=54.61
     18) sig(eV)=0.3428 y(b)=706.3
     19) sig(eV)=0.3428 y(b)=99.58
     20) sig(eV)=0.3428 y(b)=62.16
G4CrossSectionHP::IsoXS neutronElasticHP  Z= 64  A= 154 Ekin(MeV)= 0.002606  xs(b)= 50.24  size=7
### ekin(eV)=2606 e0(eV)=0.02526
     1) sig(eV)=0.3417 y(b)=14.55
     2) sig(eV)=0.3417 y(b)=14.54
     3) sig(eV)=0.3417 y(b)=14.54
G4CrossSectionHP::IsoXS neutronElasticHP  Z= 64  A= 155 Ekin(MeV)= 0.002606  xs(b)= 14.54  size=7
### ekin(eV)=2606 e0(eV)=0.02526
     1) sig(eV)=0.3406 y(b)=20.44
     2) sig(eV)=0.3406 y(b)=20.44
     3) sig(eV)=0.3406 y(b)=20.44
G4CrossSectionHP::IsoXS neutronElasticHP  Z= 64  A= 156 Ekin(MeV)= 0.002606  xs(b)= 20.44  size=7
### ekin(eV)=2606 e0(eV)=0.02526
     1) sig(eV)=0.3395 y(b)=13.01
     2) sig(eV)=0.3395 y(b)=13.01
     3) sig(eV)=0.3395 y(b)=13.01
G4CrossSectionHP::IsoXS neutronElasticHP  Z= 64  A= 157 Ekin(MeV)= 0.002606  xs(b)= 13.01  size=7
### ekin(eV)=2606 e0(eV)=0.02526
     1) sig(eV)=0.3384 y(b)=4.37
     2) sig(eV)=0.3384 y(b)=4.379
     3) sig(eV)=0.3384 y(b)=4.395
G4CrossSectionHP::IsoXS neutronElasticHP  Z= 64  A= 158 Ekin(MeV)= 0.002606  xs(b)= 4.381  size=7
### ekin(eV)=2606 e0(eV)=0.02526
     1) sig(eV)=0.3363 y(b)=5.833
     2) sig(eV)=0.3363 y(b)=5.446
     3) sig(eV)=0.3363 y(b)=5.164
G4CrossSectionHP::IsoXS neutronElasticHP  Z= 64  A= 160 Ekin(MeV)= 0.002606  xs(b)= 5.481  size=7
### ekin(eV)=2606 e0(eV)=0.02526
     1) sig(eV)=0.345 y(b)=0.000188
     2) sig(eV)=0.345 y(b)=0.000188
     3) sig(eV)=0.345 y(b)=0.000188
G4CrossSectionHP::IsoXS neutronInelasticHP  Z= 64  A= 152 Ekin(MeV)= 0.002606  xs(b)= 0.000188  size=7
### ekin(eV)=2606 e0(eV)=0.02526
     1) sig(eV)=0.3428 y(b)=0
     2) sig(eV)=0.3428 y(b)=0
     3) sig(eV)=0.3428 y(b)=0
G4CrossSectionHP::IsoXS neutronInelasticHP  Z= 64  A= 154 Ekin(MeV)= 0.002606  xs(b)= 0  size=7
### ekin(eV)=2606 e0(eV)=0.02526
     1) sig(eV)=0.3417 y(b)=2.649e-09
     2) sig(eV)=0.3417 y(b)=2.65e-09
     3) sig(eV)=0.3417 y(b)=2.649e-09
G4CrossSectionHP::IsoXS neutronInelasticHP  Z= 64  A= 155 Ekin(MeV)= 0.002606  xs(b)= 2.649e-09  size=7
### ekin(eV)=2606 e0(eV)=0.02526
     1) sig(eV)=0.3406 y(b)=2.63e-09
     2) sig(eV)=0.3406 y(b)=2.63e-09
     3) sig(eV)=0.3406 y(b)=2.63e-09
G4CrossSectionHP::IsoXS neutronInelasticHP  Z= 64  A= 156 Ekin(MeV)= 0.002606  xs(b)= 2.63e-09  size=7
### ekin(eV)=2606 e0(eV)=0.02526
     1) sig(eV)=0.3395 y(b)=1.096e-09
     2) sig(eV)=0.3395 y(b)=1.096e-09
     3) sig(eV)=0.3395 y(b)=1.097e-09
G4CrossSectionHP::IsoXS neutronInelasticHP  Z= 64  A= 157 Ekin(MeV)= 0.002606  xs(b)= 1.096e-09  size=7
### ekin(eV)=2606 e0(eV)=0.02526
     1) sig(eV)=0.3384 y(b)=1.104e-09
     2) sig(eV)=0.3384 y(b)=1.104e-09
     3) sig(eV)=0.3384 y(b)=1.104e-09
G4CrossSectionHP::IsoXS neutronInelasticHP  Z= 64  A= 158 Ekin(MeV)= 0.002606  xs(b)= 1.104e-09  size=7
### ekin(eV)=2606 e0(eV)=0.02526
     1) sig(eV)=0.3363 y(b)=1.719e-09
     2) sig(eV)=0.3363 y(b)=1.719e-09
     3) sig(eV)=0.3363 y(b)=1.72e-09
G4CrossSectionHP::IsoXS neutronInelasticHP  Z= 64  A= 160 Ekin(MeV)= 0.002606  xs(b)= 1.719e-09  size=7
### ekin(eV)=2729 e0(eV)=0.02526
     1) sig(eV)=0.345 y(b)=32.42
     2) sig(eV)=0.345 y(b)=32.42
     3) sig(eV)=0.345 y(b)=32.42
G4CrossSectionHP::IsoXS neutronElasticHP  Z= 64  A= 152 Ekin(MeV)= 0.002729  xs(b)= 32.42  size=7
### ekin(eV)=2729 e0(eV)=0.02526
     1) sig(eV)=0.3428 y(b)=10.93
     2) sig(eV)=0.3428 y(b)=10.92
     3) sig(eV)=0.3428 y(b)=11.04
G4CrossSectionHP::IsoXS neutronElasticHP  Z= 64  A= 154 Ekin(MeV)= 0.002729  xs(b)= 10.96  size=7
### ekin(eV)=2729 e0(eV)=0.02526
     1) sig(eV)=0.3417 y(b)=14.36
     2) sig(eV)=0.3417 y(b)=14.36
     3) sig(eV)=0.3417 y(b)=14.36
G4CrossSectionHP::IsoXS neutronElasticHP  Z= 64  A= 155 Ekin(MeV)= 0.002729  xs(b)= 14.36  size=7
### ekin(eV)=2729 e0(eV)=0.02526
     1) sig(eV)=0.3406 y(b)=20.19
     2) sig(eV)=0.3406 y(b)=20.19
     3) sig(eV)=0.3406 y(b)=20.19
G4CrossSectionHP::IsoXS neutronElasticHP  Z= 64  A= 156 Ekin(MeV)= 0.002729  xs(b)= 20.19  size=7
### ekin(eV)=2729 e0(eV)=0.02526
     1) sig(eV)=0.3395 y(b)=12.86
     2) sig(eV)=0.3395 y(b)=12.86
     3) sig(eV)=0.3395 y(b)=12.86
G4CrossSectionHP::IsoXS neutronElasticHP  Z= 64  A= 157 Ekin(MeV)= 0.002729  xs(b)= 12.86  size=7
### ekin(eV)=2729 e0(eV)=0.02526
     1) sig(eV)=0.3384 y(b)=2.773
     2) sig(eV)=0.3384 y(b)=2.78
     3) sig(eV)=0.3384 y(b)=2.806
G4CrossSectionHP::IsoXS neutronElasticHP  Z= 64  A= 158 Ekin(MeV)= 0.002729  xs(b)= 2.787  size=7
### ekin(eV)=2729 e0(eV)=0.02526
     1) sig(eV)=0.3363 y(b)=14.06
     2) sig(eV)=0.3363 y(b)=14.1
     3) sig(eV)=0.3363 y(b)=14.09
G4CrossSectionHP::IsoXS neutronElasticHP  Z= 64  A= 160 Ekin(MeV)= 0.002729  xs(b)= 14.08  size=7
### ekin(eV)=2729 e0(eV)=0.02526
     1) sig(eV)=0.345 y(b)=0.0001877
     2) sig(eV)=0.345 y(b)=0.0001877
     3) sig(eV)=0.345 y(b)=0.0001877
G4CrossSectionHP::IsoXS neutronInelasticHP  Z= 64  A= 152 Ekin(MeV)= 0.002729  xs(b)= 0.0001877  size=7
### ekin(eV)=2729 e0(eV)=0.02526
     1) sig(eV)=0.3428 y(b)=0
     2) sig(eV)=0.3428 y(b)=0
     3) sig(eV)=0.3428 y(b)=0
G4CrossSectionHP::IsoXS neutronInelasticHP  Z= 64  A= 154 Ekin(MeV)= 0.002729  xs(b)= 0  size=7
### ekin(eV)=2729 e0(eV)=0.02526
     1) sig(eV)=0.3417 y(b)=2.776e-09
     2) sig(eV)=0.3417 y(b)=2.776e-09
     3) sig(eV)=0.3417 y(b)=2.776e-09
G4CrossSectionHP::IsoXS neutronInelasticHP  Z= 64  A= 155 Ekin(MeV)= 0.002729  xs(b)= 2.776e-09  size=7
### ekin(eV)=2729 e0(eV)=0.02526
     1) sig(eV)=0.3406 y(b)=2.753e-09
     2) sig(eV)=0.3406 y(b)=2.753e-09
     3) sig(eV)=0.3406 y(b)=2.755e-09
G4CrossSectionHP::IsoXS neutronInelasticHP  Z= 64  A= 156 Ekin(MeV)= 0.002729  xs(b)= 2.754e-09  size=7
### ekin(eV)=2729 e0(eV)=0.02526
     1) sig(eV)=0.3395 y(b)=1.148e-09
     2) sig(eV)=0.3395 y(b)=1.148e-09
     3) sig(eV)=0.3395 y(b)=1.147e-09
G4CrossSectionHP::IsoXS neutronInelasticHP  Z= 64  A= 157 Ekin(MeV)= 0.002729  xs(b)= 1.148e-09  size=7
### ekin(eV)=2729 e0(eV)=0.02526
     1) sig(eV)=0.3384 y(b)=1.156e-09
     2) sig(eV)=0.3384 y(b)=1.156e-09
     3) sig(eV)=0.3384 y(b)=1.156e-09
G4CrossSectionHP::IsoXS neutronInelasticHP  Z= 64  A= 158 Ekin(MeV)= 0.002729  xs(b)= 1.156e-09  size=7
### ekin(eV)=2729 e0(eV)=0.02526
     1) sig(eV)=0.3363 y(b)=1.8e-09
     2) sig(eV)=0.3363 y(b)=1.801e-09
     3) sig(eV)=0.3363 y(b)=1.801e-09
G4CrossSectionHP::IsoXS neutronInelasticHP  Z= 64  A= 160 Ekin(MeV)= 0.002729  xs(b)= 1.801e-09  size=7
### ekin(eV)=2858 e0(eV)=0.02526
     1) sig(eV)=0.345 y(b)=31.92
     2) sig(eV)=0.345 y(b)=31.92
     3) sig(eV)=0.345 y(b)=31.92
G4CrossSectionHP::IsoXS neutronElasticHP  Z= 64  A= 152 Ekin(MeV)= 0.002858  xs(b)= 31.92  size=7
### ekin(eV)=2858 e0(eV)=0.02526
     1) sig(eV)=0.3428 y(b)=16.89
     2) sig(eV)=0.3428 y(b)=16.89
     3) sig(eV)=0.3428 y(b)=16.89
G4CrossSectionHP::IsoXS neutronElasticHP  Z= 64  A= 154 Ekin(MeV)= 0.002858  xs(b)= 16.89  size=7
### ekin(eV)=2858 e0(eV)=0.02526
     1) sig(eV)=0.3417 y(b)=14.17
     2) sig(eV)=0.3417 y(b)=14.17
     3) sig(eV)=0.3417 y(b)=14.18
G4CrossSectionHP::IsoXS neutronElasticHP  Z= 64  A= 155 Ekin(MeV)= 0.002858  xs(b)= 14.17  size=7
### ekin(eV)=2858 e0(eV)=0.02526
     1) sig(eV)=0.3406 y(b)=19.93
     2) sig(eV)=0.3406 y(b)=19.93
     3) sig(eV)=0.3406 y(b)=19.93
G4CrossSectionHP::IsoXS neutronElasticHP  Z= 64  A= 156 Ekin(MeV)= 0.002858  xs(b)= 19.93  size=7
### ekin(eV)=2858 e0(eV)=0.02526
     1) sig(eV)=0.3395 y(b)=12.71
     2) sig(eV)=0.3395 y(b)=12.71
     3) sig(eV)=0.3395 y(b)=12.71
G4CrossSectionHP::IsoXS neutronElasticHP  Z= 64  A= 157 Ekin(MeV)= 0.002858  xs(b)= 12.71  size=7
### ekin(eV)=2858 e0(eV)=0.02526
     1) sig(eV)=0.3384 y(b)=12.31
     2) sig(eV)=0.3384 y(b)=10.94
     3) sig(eV)=0.3384 y(b)=13.09
G4CrossSectionHP::IsoXS neutronElasticHP  Z= 64  A= 158 Ekin(MeV)= 0.002858  xs(b)= 12.11  size=7
### ekin(eV)=2858 e0(eV)=0.02526
     1) sig(eV)=0.3363 y(b)=11.71
     2) sig(eV)=0.3363 y(b)=11.66
     3) sig(eV)=0.3363 y(b)=11.67
G4CrossSectionHP::IsoXS neutronElasticHP  Z= 64  A= 160 Ekin(MeV)= 0.002858  xs(b)= 11.68  size=7
### ekin(eV)=2858 e0(eV)=0.02526
     1) sig(eV)=0.345 y(b)=0.0001874
     2) sig(eV)=0.345 y(b)=0.0001874
     3) sig(eV)=0.345 y(b)=0.0001874
G4CrossSectionHP::IsoXS neutronInelasticHP  Z= 64  A= 152 Ekin(MeV)= 0.002858  xs(b)= 0.0001874  size=7
### ekin(eV)=2858 e0(eV)=0.02526
     1) sig(eV)=0.3428 y(b)=0
     2) sig(eV)=0.3428 y(b)=0
     3) sig(eV)=0.3428 y(b)=0
G4CrossSectionHP::IsoXS neutronInelasticHP  Z= 64  A= 154 Ekin(MeV)= 0.002858  xs(b)= 0  size=7
### ekin(eV)=2858 e0(eV)=0.02526
     1) sig(eV)=0.3417 y(b)=2.906e-09
     2) sig(eV)=0.3417 y(b)=2.906e-09
     3) sig(eV)=0.3417 y(b)=2.907e-09
G4CrossSectionHP::IsoXS neutronInelasticHP  Z= 64  A= 155 Ekin(MeV)= 0.002858  xs(b)= 2.906e-09  size=7
### ekin(eV)=2858 e0(eV)=0.02526
     1) sig(eV)=0.3406 y(b)=2.882e-09
     2) sig(eV)=0.3406 y(b)=2.882e-09
     3) sig(eV)=0.3406 y(b)=2.881e-09
G4CrossSectionHP::IsoXS neutronInelasticHP  Z= 64  A= 156 Ekin(MeV)= 0.002858  xs(b)= 2.881e-09  size=7
### ekin(eV)=2858 e0(eV)=0.02526
     1) sig(eV)=0.3395 y(b)=1.202e-09
     2) sig(eV)=0.3395 y(b)=1.201e-09
     3) sig(eV)=0.3395 y(b)=1.201e-09
G4CrossSectionHP::IsoXS neutronInelasticHP  Z= 64  A= 157 Ekin(MeV)= 0.002858  xs(b)= 1.201e-09  size=7
### ekin(eV)=2858 e0(eV)=0.02526
     1) sig(eV)=0.3384 y(b)=1.211e-09
     2) sig(eV)=0.3384 y(b)=1.211e-09
     3) sig(eV)=0.3384 y(b)=1.211e-09
G4CrossSectionHP::IsoXS neutronInelasticHP  Z= 64  A= 158 Ekin(MeV)= 0.002858  xs(b)= 1.211e-09  size=7
### ekin(eV)=2858 e0(eV)=0.02526
     1) sig(eV)=0.3363 y(b)=1.884e-09
     2) sig(eV)=0.3363 y(b)=1.884e-09
     3) sig(eV)=0.3363 y(b)=1.885e-09
G4CrossSectionHP::IsoXS neutronInelasticHP  Z= 64  A= 160 Ekin(MeV)= 0.002858  xs(b)= 1.884e-09  size=7
### ekin(eV)=2993 e0(eV)=0.02526
     1) sig(eV)=0.345 y(b)=31.38
     2) sig(eV)=0.345 y(b)=31.38
     3) sig(eV)=0.345 y(b)=31.39
G4CrossSectionHP::IsoXS neutronElasticHP  Z= 64  A= 152 Ekin(MeV)= 0.002993  xs(b)= 31.38  size=7
### ekin(eV)=2993 e0(eV)=0.02526
     1) sig(eV)=0.3428 y(b)=16.68
     2) sig(eV)=0.3428 y(b)=16.68
     3) sig(eV)=0.3428 y(b)=16.68
G4CrossSectionHP::IsoXS neutronElasticHP  Z= 64  A= 154 Ekin(MeV)= 0.002993  xs(b)= 16.68  size=7
### ekin(eV)=2993 e0(eV)=0.02526
     1) sig(eV)=0.3417 y(b)=14
     2) sig(eV)=0.3417 y(b)=14
     3) sig(eV)=0.3417 y(b)=14
G4CrossSectionHP::IsoXS neutronElasticHP  Z= 64  A= 155 Ekin(MeV)= 0.002993  xs(b)= 14  size=7
### ekin(eV)=2993 e0(eV)=0.02526
     1) sig(eV)=0.3406 y(b)=19.68
     2) sig(eV)=0.3406 y(b)=19.68
     3) sig(eV)=0.3406 y(b)=19.68
G4CrossSectionHP::IsoXS neutronElasticHP  Z= 64  A= 156 Ekin(MeV)= 0.002993  xs(b)= 19.68  size=7
### ekin(eV)=2993 e0(eV)=0.02526
     1) sig(eV)=0.3395 y(b)=12.57
     2) sig(eV)=0.3395 y(b)=12.57
     3) sig(eV)=0.3395 y(b)=12.57
G4CrossSectionHP::IsoXS neutronElasticHP  Z= 64  A= 157 Ekin(MeV)= 0.002993  xs(b)= 12.57  size=7
### ekin(eV)=2993 e0(eV)=0.02526
     1) sig(eV)=0.3384 y(b)=8.33
     2) sig(eV)=0.3384 y(b)=8.318
     3) sig(eV)=0.3384 y(b)=8.348
G4CrossSectionHP::IsoXS neutronElasticHP  Z= 64  A= 158 Ekin(MeV)= 0.002993  xs(b)= 8.332  size=7
### ekin(eV)=2993 e0(eV)=0.02526
     1) sig(eV)=0.3363 y(b)=40.98
     2) sig(eV)=0.3363 y(b)=40.98
     3) sig(eV)=0.3363 y(b)=40.98
G4CrossSectionHP::IsoXS neutronElasticHP  Z= 64  A= 160 Ekin(MeV)= 0.002993  xs(b)= 40.98  size=7
### ekin(eV)=2993 e0(eV)=0.02526
     1) sig(eV)=0.345 y(b)=0.000187
     2) sig(eV)=0.345 y(b)=0.000187
     3) sig(eV)=0.345 y(b)=0.000187
G4CrossSectionHP::IsoXS neutronInelasticHP  Z= 64  A= 152 Ekin(MeV)= 0.002993  xs(b)= 0.000187  size=7
### ekin(eV)=2993 e0(eV)=0.02526
     1) sig(eV)=0.3428 y(b)=0
     2) sig(eV)=0.3428 y(b)=0
     3) sig(eV)=0.3428 y(b)=0
G4CrossSectionHP::IsoXS neutronInelasticHP  Z= 64  A= 154 Ekin(MeV)= 0.002993  xs(b)= 0  size=7
### ekin(eV)=2993 e0(eV)=0.02526
     1) sig(eV)=0.3417 y(b)=3.043e-09
     2) sig(eV)=0.3417 y(b)=3.043e-09
     3) sig(eV)=0.3417 y(b)=3.043e-09
G4CrossSectionHP::IsoXS neutronInelasticHP  Z= 64  A= 155 Ekin(MeV)= 0.002993  xs(b)= 3.043e-09  size=7
### ekin(eV)=2993 e0(eV)=0.02526
     1) sig(eV)=0.3406 y(b)=3.017e-09
     2) sig(eV)=0.3406 y(b)=3.018e-09
     3) sig(eV)=0.3406 y(b)=3.019e-09
G4CrossSectionHP::IsoXS neutronInelasticHP  Z= 64  A= 156 Ekin(MeV)= 0.002993  xs(b)= 3.018e-09  size=7
### ekin(eV)=2993 e0(eV)=0.02526
     1) sig(eV)=0.3395 y(b)=1.258e-09
     2) sig(eV)=0.3395 y(b)=1.258e-09
     3) sig(eV)=0.3395 y(b)=1.258e-09
G4CrossSectionHP::IsoXS neutronInelasticHP  Z= 64  A= 157 Ekin(MeV)= 0.002993  xs(b)= 1.258e-09  size=7
### ekin(eV)=2993 e0(eV)=0.02526
     1) sig(eV)=0.3384 y(b)=1.268e-09
     2) sig(eV)=0.3384 y(b)=1.268e-09
     3) sig(eV)=0.3384 y(b)=1.267e-09
G4CrossSectionHP::IsoXS neutronInelasticHP  Z= 64  A= 158 Ekin(MeV)= 0.002993  xs(b)= 1.268e-09  size=7
### ekin(eV)=2993 e0(eV)=0.02526
     1) sig(eV)=0.3363 y(b)=1.973e-09
     2) sig(eV)=0.3363 y(b)=1.973e-09
     3) sig(eV)=0.3363 y(b)=1.972e-09
G4CrossSectionHP::IsoXS neutronInelasticHP  Z= 64  A= 160 Ekin(MeV)= 0.002993  xs(b)= 1.972e-09  size=7
### ekin(eV)=3134 e0(eV)=0.02526
     1) sig(eV)=0.345 y(b)=30.9
     2) sig(eV)=0.345 y(b)=30.9
     3) sig(eV)=0.345 y(b)=30.9
G4CrossSectionHP::IsoXS neutronElasticHP  Z= 64  A= 152 Ekin(MeV)= 0.003134  xs(b)= 30.9  size=7
### ekin(eV)=3134 e0(eV)=0.02526
     1) sig(eV)=0.3428 y(b)=16.46
     2) sig(eV)=0.3428 y(b)=16.46
     3) sig(eV)=0.3428 y(b)=16.46
G4CrossSectionHP::IsoXS neutronElasticHP  Z= 64  A= 154 Ekin(MeV)= 0.003134  xs(b)= 16.46  size=7
### ekin(eV)=3134 e0(eV)=0.02526
     1) sig(eV)=0.3417 y(b)=13.82
     2) sig(eV)=0.3417 y(b)=13.82
     3) sig(eV)=0.3417 y(b)=13.82
G4CrossSectionHP::IsoXS neutronElasticHP  Z= 64  A= 155 Ekin(MeV)= 0.003134  xs(b)= 13.82  size=7
### ekin(eV)=3134 e0(eV)=0.02526
     1) sig(eV)=0.3406 y(b)=19.44
     2) sig(eV)=0.3406 y(b)=19.44
     3) sig(eV)=0.3406 y(b)=19.43
G4CrossSectionHP::IsoXS neutronElasticHP  Z= 64  A= 156 Ekin(MeV)= 0.003134  xs(b)= 19.44  size=7
### ekin(eV)=3134 e0(eV)=0.02526
     1) sig(eV)=0.3395 y(b)=12.42
     2) sig(eV)=0.3395 y(b)=12.42
     3) sig(eV)=0.3395 y(b)=12.42
G4CrossSectionHP::IsoXS neutronElasticHP  Z= 64  A= 157 Ekin(MeV)= 0.003134  xs(b)= 12.42  size=7
### ekin(eV)=3134 e0(eV)=0.02526
     1) sig(eV)=0.3384 y(b)=5.335
     2) sig(eV)=0.3384 y(b)=5.351
     3) sig(eV)=0.3384 y(b)=5.378
G4CrossSectionHP::IsoXS neutronElasticHP  Z= 64  A= 158 Ekin(MeV)= 0.003134  xs(b)= 5.354  size=7
### ekin(eV)=3134 e0(eV)=0.02526
     1) sig(eV)=0.3363 y(b)=40.12
     2) sig(eV)=0.3363 y(b)=40.12
     3) sig(eV)=0.3363 y(b)=40.11
G4CrossSectionHP::IsoXS neutronElasticHP  Z= 64  A= 160 Ekin(MeV)= 0.003134  xs(b)= 40.12  size=7
### ekin(eV)=3134 e0(eV)=0.02526
     1) sig(eV)=0.345 y(b)=0.0001867
     2) sig(eV)=0.345 y(b)=0.0001867
     3) sig(eV)=0.345 y(b)=0.0001867
G4CrossSectionHP::IsoXS neutronInelasticHP  Z= 64  A= 152 Ekin(MeV)= 0.003134  xs(b)= 0.0001867  size=7
### ekin(eV)=3134 e0(eV)=0.02526
     1) sig(eV)=0.3428 y(b)=0
     2) sig(eV)=0.3428 y(b)=0
     3) sig(eV)=0.3428 y(b)=0
G4CrossSectionHP::IsoXS neutronInelasticHP  Z= 64  A= 154 Ekin(MeV)= 0.003134  xs(b)= 0  size=7
### ekin(eV)=3134 e0(eV)=0.02526
     1) sig(eV)=0.3417 y(b)=3.186e-09
     2) sig(eV)=0.3417 y(b)=3.185e-09
     3) sig(eV)=0.3417 y(b)=3.186e-09
G4CrossSectionHP::IsoXS neutronInelasticHP  Z= 64  A= 155 Ekin(MeV)= 0.003134  xs(b)= 3.186e-09  size=7
### ekin(eV)=3134 e0(eV)=0.02526
     1) sig(eV)=0.3406 y(b)=3.16e-09
     2) sig(eV)=0.3406 y(b)=3.16e-09
     3) sig(eV)=0.3406 y(b)=3.159e-09
G4CrossSectionHP::IsoXS neutronInelasticHP  Z= 64  A= 156 Ekin(MeV)= 0.003134  xs(b)= 3.16e-09  size=7
### ekin(eV)=3134 e0(eV)=0.02526
     1) sig(eV)=0.3395 y(b)=1.317e-09
     2) sig(eV)=0.3395 y(b)=1.316e-09
     3) sig(eV)=0.3395 y(b)=1.317e-09
G4CrossSectionHP::IsoXS neutronInelasticHP  Z= 64  A= 157 Ekin(MeV)= 0.003134  xs(b)= 1.317e-09  size=7
### ekin(eV)=3134 e0(eV)=0.02526
     1) sig(eV)=0.3384 y(b)=1.327e-09
     2) sig(eV)=0.3384 y(b)=1.327e-09
     3) sig(eV)=0.3384 y(b)=1.327e-09
G4CrossSectionHP::IsoXS neutronInelasticHP  Z= 64  A= 158 Ekin(MeV)= 0.003134  xs(b)= 1.327e-09  size=7
### ekin(eV)=3134 e0(eV)=0.02526
     1) sig(eV)=0.3363 y(b)=2.068e-09
     2) sig(eV)=0.3363 y(b)=2.068e-09
     3) sig(eV)=0.3363 y(b)=2.068e-09
G4CrossSectionHP::IsoXS neutronInelasticHP  Z= 64  A= 160 Ekin(MeV)= 0.003134  xs(b)= 2.068e-09  size=7
### ekin(eV)=3281 e0(eV)=0.02526
     1) sig(eV)=0.345 y(b)=30.4
     2) sig(eV)=0.345 y(b)=30.4
     3) sig(eV)=0.345 y(b)=30.4
G4CrossSectionHP::IsoXS neutronElasticHP  Z= 64  A= 152 Ekin(MeV)= 0.003281  xs(b)= 30.4  size=7
### ekin(eV)=3281 e0(eV)=0.02526
     1) sig(eV)=0.3428 y(b)=16.26
     2) sig(eV)=0.3428 y(b)=16.26
     3) sig(eV)=0.3428 y(b)=16.26
G4CrossSectionHP::IsoXS neutronElasticHP  Z= 64  A= 154 Ekin(MeV)= 0.003281  xs(b)= 16.26  size=7
### ekin(eV)=3281 e0(eV)=0.02526
     1) sig(eV)=0.3417 y(b)=13.64
     2) sig(eV)=0.3417 y(b)=13.64
     3) sig(eV)=0.3417 y(b)=13.64
G4CrossSectionHP::IsoXS neutronElasticHP  Z= 64  A= 155 Ekin(MeV)= 0.003281  xs(b)= 13.64  size=7
### ekin(eV)=3281 e0(eV)=0.02526
     1) sig(eV)=0.3406 y(b)=19.19
     2) sig(eV)=0.3406 y(b)=19.18
     3) sig(eV)=0.3406 y(b)=19.19
G4CrossSectionHP::IsoXS neutronElasticHP  Z= 64  A= 156 Ekin(MeV)= 0.003281  xs(b)= 19.19  size=7
### ekin(eV)=3281 e0(eV)=0.02526
     1) sig(eV)=0.3395 y(b)=12.28
     2) sig(eV)=0.3395 y(b)=12.28
     3) sig(eV)=0.3395 y(b)=12.28
G4CrossSectionHP::IsoXS neutronElasticHP  Z= 64  A= 157 Ekin(MeV)= 0.003281  xs(b)= 12.28  size=7
### ekin(eV)=3281 e0(eV)=0.02526
     1) sig(eV)=0.3384 y(b)=4.487
     2) sig(eV)=0.3384 y(b)=4.492
     3) sig(eV)=0.3384 y(b)=4.478
G4CrossSectionHP::IsoXS neutronElasticHP  Z= 64  A= 158 Ekin(MeV)= 0.003281  xs(b)= 4.486  size=7
### ekin(eV)=3281 e0(eV)=0.02526
     1) sig(eV)=0.3363 y(b)=39.32
     2) sig(eV)=0.3363 y(b)=39.32
     3) sig(eV)=0.3363 y(b)=39.32
G4CrossSectionHP::IsoXS neutronElasticHP  Z= 64  A= 160 Ekin(MeV)= 0.003281  xs(b)= 39.32  size=7
### ekin(eV)=3281 e0(eV)=0.02526
     1) sig(eV)=0.345 y(b)=0.0001841
     2) sig(eV)=0.345 y(b)=0.0001842
     3) sig(eV)=0.345 y(b)=0.0001842
G4CrossSectionHP::IsoXS neutronInelasticHP  Z= 64  A= 152 Ekin(MeV)= 0.003281  xs(b)= 0.0001842  size=7
### ekin(eV)=3281 e0(eV)=0.02526
     1) sig(eV)=0.3428 y(b)=0
     2) sig(eV)=0.3428 y(b)=0
     3) sig(eV)=0.3428 y(b)=0
G4CrossSectionHP::IsoXS neutronInelasticHP  Z= 64  A= 154 Ekin(MeV)= 0.003281  xs(b)= 0  size=7
### ekin(eV)=3281 e0(eV)=0.02526
     1) sig(eV)=0.3417 y(b)=3.335e-09
     2) sig(eV)=0.3417 y(b)=3.335e-09
     3) sig(eV)=0.3417 y(b)=3.335e-09
G4CrossSectionHP::IsoXS neutronInelasticHP  Z= 64  A= 155 Ekin(MeV)= 0.003281  xs(b)= 3.335e-09  size=7
### ekin(eV)=3281 e0(eV)=0.02526
     1) sig(eV)=0.3406 y(b)=3.31e-09
     2) sig(eV)=0.3406 y(b)=3.312e-09
     3) sig(eV)=0.3406 y(b)=3.312e-09
G4CrossSectionHP::IsoXS neutronInelasticHP  Z= 64  A= 156 Ekin(MeV)= 0.003281  xs(b)= 3.311e-09  size=7
### ekin(eV)=3281 e0(eV)=0.02526
     1) sig(eV)=0.3395 y(b)=1.38e-09
     2) sig(eV)=0.3395 y(b)=1.38e-09
     3) sig(eV)=0.3395 y(b)=1.379e-09
G4CrossSectionHP::IsoXS neutronInelasticHP  Z= 64  A= 157 Ekin(MeV)= 0.003281  xs(b)= 1.38e-09  size=7
### ekin(eV)=3281 e0(eV)=0.02526
     1) sig(eV)=0.3384 y(b)=1.39e-09
     2) sig(eV)=0.3384 y(b)=1.39e-09
     3) sig(eV)=0.3384 y(b)=1.39e-09
G4CrossSectionHP::IsoXS neutronInelasticHP  Z= 64  A= 158 Ekin(MeV)= 0.003281  xs(b)= 1.39e-09  size=7
### ekin(eV)=3281 e0(eV)=0.02526
     1) sig(eV)=0.3363 y(b)=2.164e-09
     2) sig(eV)=0.3363 y(b)=2.163e-09
     3) sig(eV)=0.3363 y(b)=2.163e-09
G4CrossSectionHP::IsoXS neutronInelasticHP  Z= 64  A= 160 Ekin(MeV)= 0.003281  xs(b)= 2.163e-09  size=7
### ekin(eV)=3436 e0(eV)=0.02526
     1) sig(eV)=0.345 y(b)=29.93
     2) sig(eV)=0.345 y(b)=29.92
     3) sig(eV)=0.345 y(b)=29.92
G4CrossSectionHP::IsoXS neutronElasticHP  Z= 64  A= 152 Ekin(MeV)= 0.003436  xs(b)= 29.92  size=7
### ekin(eV)=3436 e0(eV)=0.02526
     1) sig(eV)=0.3428 y(b)=16.06
     2) sig(eV)=0.3428 y(b)=16.06
     3) sig(eV)=0.3428 y(b)=16.06
G4CrossSectionHP::IsoXS neutronElasticHP  Z= 64  A= 154 Ekin(MeV)= 0.003436  xs(b)= 16.06  size=7
### ekin(eV)=3436 e0(eV)=0.02526
     1) sig(eV)=0.3417 y(b)=13.47
     2) sig(eV)=0.3417 y(b)=13.47
     3) sig(eV)=0.3417 y(b)=13.47
G4CrossSectionHP::IsoXS neutronElasticHP  Z= 64  A= 155 Ekin(MeV)= 0.003436  xs(b)= 13.47  size=7
### ekin(eV)=3436 e0(eV)=0.02526
     1) sig(eV)=0.3406 y(b)=18.96
     2) sig(eV)=0.3406 y(b)=18.96
     3) sig(eV)=0.3406 y(b)=18.96
G4CrossSectionHP::IsoXS neutronElasticHP  Z= 64  A= 156 Ekin(MeV)= 0.003436  xs(b)= 18.96  size=7
### ekin(eV)=3436 e0(eV)=0.02526
     1) sig(eV)=0.3395 y(b)=12.14
     2) sig(eV)=0.3395 y(b)=12.14
     3) sig(eV)=0.3395 y(b)=12.14
G4CrossSectionHP::IsoXS neutronElasticHP  Z= 64  A= 157 Ekin(MeV)= 0.003436  xs(b)= 12.14  size=7
### ekin(eV)=3436 e0(eV)=0.02526
     1) sig(eV)=0.3384 y(b)=1.238
     2) sig(eV)=0.3384 y(b)=1.199
     3) sig(eV)=0.3384 y(b)=1.101
G4CrossSectionHP::IsoXS neutronElasticHP  Z= 64  A= 158 Ekin(MeV)= 0.003436  xs(b)= 1.179  size=7
### ekin(eV)=3436 e0(eV)=0.02526
     1) sig(eV)=0.3363 y(b)=38.5
     2) sig(eV)=0.3363 y(b)=38.5
     3) sig(eV)=0.3363 y(b)=38.51
G4CrossSectionHP::IsoXS neutronElasticHP  Z= 64  A= 160 Ekin(MeV)= 0.003436  xs(b)= 38.5  size=7
### ekin(eV)=3436 e0(eV)=0.02526
     1) sig(eV)=0.345 y(b)=0.0001808
     2) sig(eV)=0.345 y(b)=0.0001808
     3) sig(eV)=0.345 y(b)=0.0001808
G4CrossSectionHP::IsoXS neutronInelasticHP  Z= 64  A= 152 Ekin(MeV)= 0.003436  xs(b)= 0.0001808  size=7
### ekin(eV)=3436 e0(eV)=0.02526
     1) sig(eV)=0.3428 y(b)=0
     2) sig(eV)=0.3428 y(b)=0
     3) sig(eV)=0.3428 y(b)=0
G4CrossSectionHP::IsoXS neutronInelasticHP  Z= 64  A= 154 Ekin(MeV)= 0.003436  xs(b)= 0  size=7
### ekin(eV)=3436 e0(eV)=0.02526
     1) sig(eV)=0.3417 y(b)=3.493e-09
     2) sig(eV)=0.3417 y(b)=3.494e-09
     3) sig(eV)=0.3417 y(b)=3.495e-09
G4CrossSectionHP::IsoXS neutronInelasticHP  Z= 64  A= 155 Ekin(MeV)= 0.003436  xs(b)= 3.494e-09  size=7
### ekin(eV)=3436 e0(eV)=0.02526
     1) sig(eV)=0.3406 y(b)=3.463e-09
     2) sig(eV)=0.3406 y(b)=3.464e-09
     3) sig(eV)=0.3406 y(b)=3.464e-09
G4CrossSectionHP::IsoXS neutronInelasticHP  Z= 64  A= 156 Ekin(MeV)= 0.003436  xs(b)= 3.464e-09  size=7
### ekin(eV)=3436 e0(eV)=0.02526
     1) sig(eV)=0.3395 y(b)=1.445e-09
     2) sig(eV)=0.3395 y(b)=1.445e-09
     3) sig(eV)=0.3395 y(b)=1.445e-09
G4CrossSectionHP::IsoXS neutronInelasticHP  Z= 64  A= 157 Ekin(MeV)= 0.003436  xs(b)= 1.445e-09  size=7
### ekin(eV)=3436 e0(eV)=0.02526
     1) sig(eV)=0.3384 y(b)=1.455e-09
     2) sig(eV)=0.3384 y(b)=1.456e-09
     3) sig(eV)=0.3384 y(b)=1.455e-09
G4CrossSectionHP::IsoXS neutronInelasticHP  Z= 64  A= 158 Ekin(MeV)= 0.003436  xs(b)= 1.455e-09  size=7
### ekin(eV)=3436 e0(eV)=0.02526
     1) sig(eV)=0.3363 y(b)=2.266e-09
     2) sig(eV)=0.3363 y(b)=2.265e-09
     3) sig(eV)=0.3363 y(b)=2.266e-09
G4CrossSectionHP::IsoXS neutronInelasticHP  Z= 64  A= 160 Ekin(MeV)= 0.003436  xs(b)= 2.266e-09  size=7
### ekin(eV)=3598 e0(eV)=0.02526
     1) sig(eV)=0.345 y(b)=29.45
     2) sig(eV)=0.345 y(b)=29.45
     3) sig(eV)=0.345 y(b)=29.45
G4CrossSectionHP::IsoXS neutronElasticHP  Z= 64  A= 152 Ekin(MeV)= 0.003598  xs(b)= 29.45  size=7
### ekin(eV)=3598 e0(eV)=0.02526
     1) sig(eV)=0.3428 y(b)=15.84
     2) sig(eV)=0.3428 y(b)=15.84
     3) sig(eV)=0.3428 y(b)=15.84
G4CrossSectionHP::IsoXS neutronElasticHP  Z= 64  A= 154 Ekin(MeV)= 0.003598  xs(b)= 15.84  size=7
### ekin(eV)=3598 e0(eV)=0.02526
     1) sig(eV)=0.3417 y(b)=13.3
     2) sig(eV)=0.3417 y(b)=13.3
     3) sig(eV)=0.3417 y(b)=13.3
G4CrossSectionHP::IsoXS neutronElasticHP  Z= 64  A= 155 Ekin(MeV)= 0.003598  xs(b)= 13.3  size=7
### ekin(eV)=3598 e0(eV)=0.02526
     1) sig(eV)=0.3406 y(b)=18.73
     2) sig(eV)=0.3406 y(b)=18.73
     3) sig(eV)=0.3406 y(b)=18.72
G4CrossSectionHP::IsoXS neutronElasticHP  Z= 64  A= 156 Ekin(MeV)= 0.003598  xs(b)= 18.73  size=7
### ekin(eV)=3598 e0(eV)=0.02526
     1) sig(eV)=0.3395 y(b)=12
     2) sig(eV)=0.3395 y(b)=12
     3) sig(eV)=0.3395 y(b)=12
G4CrossSectionHP::IsoXS neutronElasticHP  Z= 64  A= 157 Ekin(MeV)= 0.003598  xs(b)= 12  size=7
### ekin(eV)=3598 e0(eV)=0.02526
     1) sig(eV)=0.3384 y(b)=11.44
     2) sig(eV)=0.3384 y(b)=11.11
     3) sig(eV)=0.3384 y(b)=10.58
G4CrossSectionHP::IsoXS neutronElasticHP  Z= 64  A= 158 Ekin(MeV)= 0.003598  xs(b)= 11.04  size=7
### ekin(eV)=3598 e0(eV)=0.02526
     1) sig(eV)=0.3363 y(b)=37.74
     2) sig(eV)=0.3363 y(b)=37.73
     3) sig(eV)=0.3363 y(b)=37.73
G4CrossSectionHP::IsoXS neutronElasticHP  Z= 64  A= 160 Ekin(MeV)= 0.003598  xs(b)= 37.73  size=7
### ekin(eV)=3598 e0(eV)=0.02526
     1) sig(eV)=0.345 y(b)=0.0001774
     2) sig(eV)=0.345 y(b)=0.0001775
     3) sig(eV)=0.345 y(b)=0.0001774
G4CrossSectionHP::IsoXS neutronInelasticHP  Z= 64  A= 152 Ekin(MeV)= 0.003598  xs(b)= 0.0001774  size=7
### ekin(eV)=3598 e0(eV)=0.02526
     1) sig(eV)=0.3428 y(b)=0
     2) sig(eV)=0.3428 y(b)=0
     3) sig(eV)=0.3428 y(b)=0
G4CrossSectionHP::IsoXS neutronInelasticHP  Z= 64  A= 154 Ekin(MeV)= 0.003598  xs(b)= 0  size=7
### ekin(eV)=3598 e0(eV)=0.02526
     1) sig(eV)=0.3417 y(b)=3.658e-09
     2) sig(eV)=0.3417 y(b)=3.658e-09
     3) sig(eV)=0.3417 y(b)=3.659e-09
G4CrossSectionHP::IsoXS neutronInelasticHP  Z= 64  A= 155 Ekin(MeV)= 0.003598  xs(b)= 3.658e-09  size=7
### ekin(eV)=3598 e0(eV)=0.02526
     1) sig(eV)=0.3406 y(b)=3.628e-09
     2) sig(eV)=0.3406 y(b)=3.627e-09
     3) sig(eV)=0.3406 y(b)=3.628e-09
G4CrossSectionHP::IsoXS neutronInelasticHP  Z= 64  A= 156 Ekin(MeV)= 0.003598  xs(b)= 3.627e-09  size=7
### ekin(eV)=3598 e0(eV)=0.02526
     1) sig(eV)=0.3395 y(b)=1.513e-09
     2) sig(eV)=0.3395 y(b)=1.513e-09
     3) sig(eV)=0.3395 y(b)=1.513e-09
G4CrossSectionHP::IsoXS neutronInelasticHP  Z= 64  A= 157 Ekin(MeV)= 0.003598  xs(b)= 1.513e-09  size=7
### ekin(eV)=3598 e0(eV)=0.02526
     1) sig(eV)=0.3384 y(b)=1.525e-09
     2) sig(eV)=0.3384 y(b)=1.525e-09
     3) sig(eV)=0.3384 y(b)=1.525e-09
G4CrossSectionHP::IsoXS neutronInelasticHP  Z= 64  A= 158 Ekin(MeV)= 0.003598  xs(b)= 1.525e-09  size=7
### ekin(eV)=3598 e0(eV)=0.02526
     1) sig(eV)=0.3363 y(b)=2.372e-09
     2) sig(eV)=0.3363 y(b)=2.372e-09
     3) sig(eV)=0.3363 y(b)=2.373e-09
G4CrossSectionHP::IsoXS neutronInelasticHP  Z= 64  A= 160 Ekin(MeV)= 0.003598  xs(b)= 2.372e-09  size=7
### ekin(eV)=3767 e0(eV)=0.02526
     1) sig(eV)=0.345 y(b)=28.99
     2) sig(eV)=0.345 y(b)=28.99
     3) sig(eV)=0.345 y(b)=28.99
G4CrossSectionHP::IsoXS neutronElasticHP  Z= 64  A= 152 Ekin(MeV)= 0.003767  xs(b)= 28.99  size=7
### ekin(eV)=3767 e0(eV)=0.02526
     1) sig(eV)=0.3428 y(b)=15.65
     2) sig(eV)=0.3428 y(b)=15.65
     3) sig(eV)=0.3428 y(b)=15.65
G4CrossSectionHP::IsoXS neutronElasticHP  Z= 64  A= 154 Ekin(MeV)= 0.003767  xs(b)= 15.65  size=7
### ekin(eV)=3767 e0(eV)=0.02526
     1) sig(eV)=0.3417 y(b)=13.11
     2) sig(eV)=0.3417 y(b)=13.11
     3) sig(eV)=0.3417 y(b)=13.12
G4CrossSectionHP::IsoXS neutronElasticHP  Z= 64  A= 155 Ekin(MeV)= 0.003767  xs(b)= 13.11  size=7
### ekin(eV)=3767 e0(eV)=0.02526
     1) sig(eV)=0.3406 y(b)=18.51
     2) sig(eV)=0.3406 y(b)=18.5
     3) sig(eV)=0.3406 y(b)=18.5
G4CrossSectionHP::IsoXS neutronElasticHP  Z= 64  A= 156 Ekin(MeV)= 0.003767  xs(b)= 18.5  size=7
### ekin(eV)=3767 e0(eV)=0.02526
     1) sig(eV)=0.3395 y(b)=11.85
     2) sig(eV)=0.3395 y(b)=11.85
     3) sig(eV)=0.3395 y(b)=11.85
G4CrossSectionHP::IsoXS neutronElasticHP  Z= 64  A= 157 Ekin(MeV)= 0.003767  xs(b)= 11.85  size=7
### ekin(eV)=3767 e0(eV)=0.02526
     1) sig(eV)=0.3384 y(b)=150.8
     2) sig(eV)=0.3384 y(b)=186.1
     3) sig(eV)=0.3384 y(b)=213.8
     4) sig(eV)=0.3384 y(b)=122.8
     5) sig(eV)=0.3384 y(b)=163.4
     6) sig(eV)=0.3384 y(b)=222.3
     7) sig(eV)=0.3384 y(b)=110.2
     8) sig(eV)=0.3384 y(b)=47.58
     9) sig(eV)=0.3384 y(b)=21.24
     10) sig(eV)=0.3384 y(b)=12.64
     11) sig(eV)=0.3384 y(b)=26.96
     12) sig(eV)=0.3384 y(b)=24.04
     13) sig(eV)=0.3384 y(b)=29.36
     14) sig(eV)=0.3384 y(b)=15.35
     15) sig(eV)=0.3384 y(b)=20.96
     16) sig(eV)=0.3384 y(b)=25.46
     17) sig(eV)=0.3384 y(b)=64.77
     18) sig(eV)=0.3384 y(b)=66.56
     19) sig(eV)=0.3384 y(b)=75.94
     20) sig(eV)=0.3384 y(b)=94.46
G4CrossSectionHP::IsoXS neutronElasticHP  Z= 64  A= 158 Ekin(MeV)= 0.003767  xs(b)= 84.73  size=7
### ekin(eV)=3767 e0(eV)=0.02526
     1) sig(eV)=0.3363 y(b)=36.93
     2) sig(eV)=0.3363 y(b)=36.92
     3) sig(eV)=0.3363 y(b)=36.92
G4CrossSectionHP::IsoXS neutronElasticHP  Z= 64  A= 160 Ekin(MeV)= 0.003767  xs(b)= 36.92  size=7
### ekin(eV)=3767 e0(eV)=0.02526
     1) sig(eV)=0.345 y(b)=0.0001739
     2) sig(eV)=0.345 y(b)=0.0001739
     3) sig(eV)=0.345 y(b)=0.0001739
G4CrossSectionHP::IsoXS neutronInelasticHP  Z= 64  A= 152 Ekin(MeV)= 0.003767  xs(b)= 0.0001739  size=7
### ekin(eV)=3767 e0(eV)=0.02526
     1) sig(eV)=0.3428 y(b)=0
     2) sig(eV)=0.3428 y(b)=0
     3) sig(eV)=0.3428 y(b)=0
G4CrossSectionHP::IsoXS neutronInelasticHP  Z= 64  A= 154 Ekin(MeV)= 0.003767  xs(b)= 0  size=7
### ekin(eV)=3767 e0(eV)=0.02526
     1) sig(eV)=0.3417 y(b)=3.829e-09
     2) sig(eV)=0.3417 y(b)=3.829e-09
     3) sig(eV)=0.3417 y(b)=3.83e-09
G4CrossSectionHP::IsoXS neutronInelasticHP  Z= 64  A= 155 Ekin(MeV)= 0.003767  xs(b)= 3.829e-09  size=7
### ekin(eV)=3767 e0(eV)=0.02526
     1) sig(eV)=0.3406 y(b)=3.798e-09
     2) sig(eV)=0.3406 y(b)=3.799e-09
     3) sig(eV)=0.3406 y(b)=3.798e-09
G4CrossSectionHP::IsoXS neutronInelasticHP  Z= 64  A= 156 Ekin(MeV)= 0.003767  xs(b)= 3.798e-09  size=7
### ekin(eV)=3767 e0(eV)=0.02526
     1) sig(eV)=0.3395 y(b)=1.585e-09
     2) sig(eV)=0.3395 y(b)=1.584e-09
     3) sig(eV)=0.3395 y(b)=1.585e-09
G4CrossSectionHP::IsoXS neutronInelasticHP  Z= 64  A= 157 Ekin(MeV)= 0.003767  xs(b)= 1.585e-09  size=7
### ekin(eV)=3767 e0(eV)=0.02526
     1) sig(eV)=0.3384 y(b)=1.596e-09
     2) sig(eV)=0.3384 y(b)=1.597e-09
     3) sig(eV)=0.3384 y(b)=1.597e-09
G4CrossSectionHP::IsoXS neutronInelasticHP  Z= 64  A= 158 Ekin(MeV)= 0.003767  xs(b)= 1.597e-09  size=7
### ekin(eV)=3767 e0(eV)=0.02526
     1) sig(eV)=0.3363 y(b)=2.482e-09
     2) sig(eV)=0.3363 y(b)=2.483e-09
     3) sig(eV)=0.3363 y(b)=2.484e-09
G4CrossSectionHP::IsoXS neutronInelasticHP  Z= 64  A= 160 Ekin(MeV)= 0.003767  xs(b)= 2.483e-09  size=7
### ekin(eV)=3945 e0(eV)=0.02526
     1) sig(eV)=0.345 y(b)=28.56
     2) sig(eV)=0.345 y(b)=28.56
     3) sig(eV)=0.345 y(b)=28.56
G4CrossSectionHP::IsoXS neutronElasticHP  Z= 64  A= 152 Ekin(MeV)= 0.003945  xs(b)= 28.56  size=7
### ekin(eV)=3945 e0(eV)=0.02526
     1) sig(eV)=0.3428 y(b)=15.45
     2) sig(eV)=0.3428 y(b)=15.45
     3) sig(eV)=0.3428 y(b)=15.45
G4CrossSectionHP::IsoXS neutronElasticHP  Z= 64  A= 154 Ekin(MeV)= 0.003945  xs(b)= 15.45  size=7
### ekin(eV)=3945 e0(eV)=0.02526
     1) sig(eV)=0.3417 y(b)=12.95
     2) sig(eV)=0.3417 y(b)=12.95
     3) sig(eV)=0.3417 y(b)=12.95
G4CrossSectionHP::IsoXS neutronElasticHP  Z= 64  A= 155 Ekin(MeV)= 0.003945  xs(b)= 12.95  size=7
### ekin(eV)=3945 e0(eV)=0.02526
     1) sig(eV)=0.3406 y(b)=18.29
     2) sig(eV)=0.3406 y(b)=18.29
     3) sig(eV)=0.3406 y(b)=18.29
G4CrossSectionHP::IsoXS neutronElasticHP  Z= 64  A= 156 Ekin(MeV)= 0.003945  xs(b)= 18.29  size=7
### ekin(eV)=3945 e0(eV)=0.02526
     1) sig(eV)=0.3395 y(b)=11.72
     2) sig(eV)=0.3395 y(b)=11.72
     3) sig(eV)=0.3395 y(b)=11.72
G4CrossSectionHP::IsoXS neutronElasticHP  Z= 64  A= 157 Ekin(MeV)= 0.003945  xs(b)= 11.72  size=7
### ekin(eV)=3945 e0(eV)=0.02526
     1) sig(eV)=0.3384 y(b)=17.11
     2) sig(eV)=0.3384 y(b)=16.82
     3) sig(eV)=0.3384 y(b)=14.53
G4CrossSectionHP::IsoXS neutronElasticHP  Z= 64  A= 158 Ekin(MeV)= 0.003945  xs(b)= 16.15  size=7
### ekin(eV)=3945 e0(eV)=0.02526
     1) sig(eV)=0.3363 y(b)=36.2
     2) sig(eV)=0.3363 y(b)=36.2
     3) sig(eV)=0.3363 y(b)=36.2
G4CrossSectionHP::IsoXS neutronElasticHP  Z= 64  A= 160 Ekin(MeV)= 0.003945  xs(b)= 36.2  size=7
### ekin(eV)=3945 e0(eV)=0.02526
     1) sig(eV)=0.345 y(b)=0.0001701
     2) sig(eV)=0.345 y(b)=0.0001701
     3) sig(eV)=0.345 y(b)=0.0001701
G4CrossSectionHP::IsoXS neutronInelasticHP  Z= 64  A= 152 Ekin(MeV)= 0.003945  xs(b)= 0.0001701  size=7
### ekin(eV)=3945 e0(eV)=0.02526
     1) sig(eV)=0.3428 y(b)=0
     2) sig(eV)=0.3428 y(b)=0
     3) sig(eV)=0.3428 y(b)=0
G4CrossSectionHP::IsoXS neutronInelasticHP  Z= 64  A= 154 Ekin(MeV)= 0.003945  xs(b)= 0  size=7
### ekin(eV)=3945 e0(eV)=0.02526
     1) sig(eV)=0.3417 y(b)=4.011e-09
     2) sig(eV)=0.3417 y(b)=4.01e-09
     3) sig(eV)=0.3417 y(b)=4.009e-09
G4CrossSectionHP::IsoXS neutronInelasticHP  Z= 64  A= 155 Ekin(MeV)= 0.003945  xs(b)= 4.01e-09  size=7
### ekin(eV)=3945 e0(eV)=0.02526
     1) sig(eV)=0.3406 y(b)=3.979e-09
     2) sig(eV)=0.3406 y(b)=3.979e-09
     3) sig(eV)=0.3406 y(b)=3.98e-09
G4CrossSectionHP::IsoXS neutronInelasticHP  Z= 64  A= 156 Ekin(MeV)= 0.003945  xs(b)= 3.979e-09  size=7
### ekin(eV)=3945 e0(eV)=0.02526
     1) sig(eV)=0.3395 y(b)=1.659e-09
     2) sig(eV)=0.3395 y(b)=1.659e-09
     3) sig(eV)=0.3395 y(b)=1.659e-09
G4CrossSectionHP::IsoXS neutronInelasticHP  Z= 64  A= 157 Ekin(MeV)= 0.003945  xs(b)= 1.659e-09  size=7
### ekin(eV)=3945 e0(eV)=0.02526
     1) sig(eV)=0.3384 y(b)=1.671e-09
     2) sig(eV)=0.3384 y(b)=1.67e-09
     3) sig(eV)=0.3384 y(b)=1.67e-09
G4CrossSectionHP::IsoXS neutronInelasticHP  Z= 64  A= 158 Ekin(MeV)= 0.003945  xs(b)= 1.67e-09  size=7
### ekin(eV)=3945 e0(eV)=0.02526
     1) sig(eV)=0.3363 y(b)=2.601e-09
     2) sig(eV)=0.3363 y(b)=2.602e-09
     3) sig(eV)=0.3363 y(b)=2.603e-09
G4CrossSectionHP::IsoXS neutronInelasticHP  Z= 64  A= 160 Ekin(MeV)= 0.003945  xs(b)= 2.602e-09  size=7
### ekin(eV)=4131 e0(eV)=0.02526
     1) sig(eV)=0.345 y(b)=28.11
     2) sig(eV)=0.345 y(b)=28.11
     3) sig(eV)=0.345 y(b)=28.11
G4CrossSectionHP::IsoXS neutronElasticHP  Z= 64  A= 152 Ekin(MeV)= 0.004131  xs(b)= 28.11  size=7
### ekin(eV)=4131 e0(eV)=0.02526
     1) sig(eV)=0.3428 y(b)=15.27
     2) sig(eV)=0.3428 y(b)=15.27
     3) sig(eV)=0.3428 y(b)=15.27
G4CrossSectionHP::IsoXS neutronElasticHP  Z= 64  A= 154 Ekin(MeV)= 0.004131  xs(b)= 15.27  size=7
### ekin(eV)=4131 e0(eV)=0.02526
     1) sig(eV)=0.3417 y(b)=12.78
     2) sig(eV)=0.3417 y(b)=12.78
     3) sig(eV)=0.3417 y(b)=12.78
G4CrossSectionHP::IsoXS neutronElasticHP  Z= 64  A= 155 Ekin(MeV)= 0.004131  xs(b)= 12.78  size=7
### ekin(eV)=4131 e0(eV)=0.02526
     1) sig(eV)=0.3406 y(b)=18.06
     2) sig(eV)=0.3406 y(b)=18.06
     3) sig(eV)=0.3406 y(b)=18.07
G4CrossSectionHP::IsoXS neutronElasticHP  Z= 64  A= 156 Ekin(MeV)= 0.004131  xs(b)= 18.07  size=7
### ekin(eV)=4131 e0(eV)=0.02526
     1) sig(eV)=0.3395 y(b)=11.58
     2) sig(eV)=0.3395 y(b)=11.58
     3) sig(eV)=0.3395 y(b)=11.58
G4CrossSectionHP::IsoXS neutronElasticHP  Z= 64  A= 157 Ekin(MeV)= 0.004131  xs(b)= 11.58  size=7
### ekin(eV)=4131 e0(eV)=0.02526
     1) sig(eV)=0.3384 y(b)=7.475
     2) sig(eV)=0.3384 y(b)=7.484
     3) sig(eV)=0.3384 y(b)=7.488
G4CrossSectionHP::IsoXS neutronElasticHP  Z= 64  A= 158 Ekin(MeV)= 0.004131  xs(b)= 7.482  size=7
### ekin(eV)=4131 e0(eV)=0.02526
     1) sig(eV)=0.3363 y(b)=35.44
     2) sig(eV)=0.3363 y(b)=35.44
     3) sig(eV)=0.3363 y(b)=35.45
G4CrossSectionHP::IsoXS neutronElasticHP  Z= 64  A= 160 Ekin(MeV)= 0.004131  xs(b)= 35.44  size=7
### ekin(eV)=4131 e0(eV)=0.02526
     1) sig(eV)=0.345 y(b)=0.0001671
     2) sig(eV)=0.345 y(b)=0.0001671
     3) sig(eV)=0.345 y(b)=0.0001671
G4CrossSectionHP::IsoXS neutronInelasticHP  Z= 64  A= 152 Ekin(MeV)= 0.004131  xs(b)= 0.0001671  size=7
### ekin(eV)=4131 e0(eV)=0.02526
     1) sig(eV)=0.3428 y(b)=0
     2) sig(eV)=0.3428 y(b)=0
     3) sig(eV)=0.3428 y(b)=0
G4CrossSectionHP::IsoXS neutronInelasticHP  Z= 64  A= 154 Ekin(MeV)= 0.004131  xs(b)= 0  size=7
### ekin(eV)=4131 e0(eV)=0.02526
     1) sig(eV)=0.3417 y(b)=4.2e-09
     2) sig(eV)=0.3417 y(b)=4.2e-09
     3) sig(eV)=0.3417 y(b)=4.2e-09
G4CrossSectionHP::IsoXS neutronInelasticHP  Z= 64  A= 155 Ekin(MeV)= 0.004131  xs(b)= 4.2e-09  size=7
### ekin(eV)=4131 e0(eV)=0.02526
     1) sig(eV)=0.3406 y(b)=4.165e-09
     2) sig(eV)=0.3406 y(b)=4.168e-09
     3) sig(eV)=0.3406 y(b)=4.168e-09
G4CrossSectionHP::IsoXS neutronInelasticHP  Z= 64  A= 156 Ekin(MeV)= 0.004131  xs(b)= 4.167e-09  size=7
### ekin(eV)=4131 e0(eV)=0.02526
     1) sig(eV)=0.3395 y(b)=1.737e-09
     2) sig(eV)=0.3395 y(b)=1.737e-09
     3) sig(eV)=0.3395 y(b)=1.737e-09
G4CrossSectionHP::IsoXS neutronInelasticHP  Z= 64  A= 157 Ekin(MeV)= 0.004131  xs(b)= 1.737e-09  size=7
### ekin(eV)=4131 e0(eV)=0.02526
     1) sig(eV)=0.3384 y(b)=1.75e-09
     2) sig(eV)=0.3384 y(b)=1.749e-09
     3) sig(eV)=0.3384 y(b)=1.748e-09
G4CrossSectionHP::IsoXS neutronInelasticHP  Z= 64  A= 158 Ekin(MeV)= 0.004131  xs(b)= 1.749e-09  size=7
### ekin(eV)=4131 e0(eV)=0.02526
     1) sig(eV)=0.3363 y(b)=2.723e-09
     2) sig(eV)=0.3363 y(b)=2.722e-09
     3) sig(eV)=0.3363 y(b)=2.722e-09
G4CrossSectionHP::IsoXS neutronInelasticHP  Z= 64  A= 160 Ekin(MeV)= 0.004131  xs(b)= 2.723e-09  size=7
### ekin(eV)=4326 e0(eV)=0.02526
     1) sig(eV)=0.345 y(b)=27.66
     2) sig(eV)=0.345 y(b)=27.66
     3) sig(eV)=0.345 y(b)=27.66
G4CrossSectionHP::IsoXS neutronElasticHP  Z= 64  A= 152 Ekin(MeV)= 0.004326  xs(b)= 27.66  size=7
### ekin(eV)=4326 e0(eV)=0.02526
     1) sig(eV)=0.3428 y(b)=15.08
     2) sig(eV)=0.3428 y(b)=15.08
     3) sig(eV)=0.3428 y(b)=15.08
G4CrossSectionHP::IsoXS neutronElasticHP  Z= 64  A= 154 Ekin(MeV)= 0.004326  xs(b)= 15.08  size=7
### ekin(eV)=4326 e0(eV)=0.02526
     1) sig(eV)=0.3417 y(b)=12.61
     2) sig(eV)=0.3417 y(b)=12.61
     3) sig(eV)=0.3417 y(b)=12.61
G4CrossSectionHP::IsoXS neutronElasticHP  Z= 64  A= 155 Ekin(MeV)= 0.004326  xs(b)= 12.61  size=7
### ekin(eV)=4326 e0(eV)=0.02526
     1) sig(eV)=0.3406 y(b)=17.84
     2) sig(eV)=0.3406 y(b)=17.84
     3) sig(eV)=0.3406 y(b)=17.84
G4CrossSectionHP::IsoXS neutronElasticHP  Z= 64  A= 156 Ekin(MeV)= 0.004326  xs(b)= 17.84  size=7
### ekin(eV)=4326 e0(eV)=0.02526
     1) sig(eV)=0.3395 y(b)=11.44
     2) sig(eV)=0.3395 y(b)=11.44
     3) sig(eV)=0.3395 y(b)=11.44
G4CrossSectionHP::IsoXS neutronElasticHP  Z= 64  A= 157 Ekin(MeV)= 0.004326  xs(b)= 11.44  size=7
### ekin(eV)=4326 e0(eV)=0.02526
     1) sig(eV)=0.3384 y(b)=7.736
     2) sig(eV)=0.3384 y(b)=7.731
     3) sig(eV)=0.3384 y(b)=7.738
G4CrossSectionHP::IsoXS neutronElasticHP  Z= 64  A= 158 Ekin(MeV)= 0.004326  xs(b)= 7.735  size=7
### ekin(eV)=4326 e0(eV)=0.02526
     1) sig(eV)=0.3363 y(b)=34.71
     2) sig(eV)=0.3363 y(b)=34.71
     3) sig(eV)=0.3363 y(b)=34.71
G4CrossSectionHP::IsoXS neutronElasticHP  Z= 64  A= 160 Ekin(MeV)= 0.004326  xs(b)= 34.71  size=7
### ekin(eV)=4326 e0(eV)=0.02526
     1) sig(eV)=0.345 y(b)=0.0001641
     2) sig(eV)=0.345 y(b)=0.0001641
     3) sig(eV)=0.345 y(b)=0.0001641
G4CrossSectionHP::IsoXS neutronInelasticHP  Z= 64  A= 152 Ekin(MeV)= 0.004326  xs(b)= 0.0001641  size=7
### ekin(eV)=4326 e0(eV)=0.02526
     1) sig(eV)=0.3428 y(b)=0
     2) sig(eV)=0.3428 y(b)=0
     3) sig(eV)=0.3428 y(b)=0
G4CrossSectionHP::IsoXS neutronInelasticHP  Z= 64  A= 154 Ekin(MeV)= 0.004326  xs(b)= 0  size=7
### ekin(eV)=4326 e0(eV)=0.02526
     1) sig(eV)=0.3417 y(b)=4.399e-09
     2) sig(eV)=0.3417 y(b)=4.399e-09
     3) sig(eV)=0.3417 y(b)=4.398e-09
G4CrossSectionHP::IsoXS neutronInelasticHP  Z= 64  A= 155 Ekin(MeV)= 0.004326  xs(b)= 4.399e-09  size=7
### ekin(eV)=4326 e0(eV)=0.02526
     1) sig(eV)=0.3406 y(b)=4.362e-09
     2) sig(eV)=0.3406 y(b)=4.361e-09
     3) sig(eV)=0.3406 y(b)=4.36e-09
G4CrossSectionHP::IsoXS neutronInelasticHP  Z= 64  A= 156 Ekin(MeV)= 0.004326  xs(b)= 4.361e-09  size=7
### ekin(eV)=4326 e0(eV)=0.02526
     1) sig(eV)=0.3395 y(b)=1.818e-09
     2) sig(eV)=0.3395 y(b)=1.818e-09
     3) sig(eV)=0.3395 y(b)=1.818e-09
G4CrossSectionHP::IsoXS neutronInelasticHP  Z= 64  A= 157 Ekin(MeV)= 0.004326  xs(b)= 1.818e-09  size=7
### ekin(eV)=4326 e0(eV)=0.02526
     1) sig(eV)=0.3384 y(b)=1.833e-09
     2) sig(eV)=0.3384 y(b)=1.834e-09
     3) sig(eV)=0.3384 y(b)=1.834e-09
G4CrossSectionHP::IsoXS neutronInelasticHP  Z= 64  A= 158 Ekin(MeV)= 0.004326  xs(b)= 1.834e-09  size=7
### ekin(eV)=4326 e0(eV)=0.02526
     1) sig(eV)=0.3363 y(b)=2.854e-09
     2) sig(eV)=0.3363 y(b)=2.854e-09
     3) sig(eV)=0.3363 y(b)=2.853e-09
G4CrossSectionHP::IsoXS neutronInelasticHP  Z= 64  A= 160 Ekin(MeV)= 0.004326  xs(b)= 2.854e-09  size=7
### ekin(eV)=4529 e0(eV)=0.02526
     1) sig(eV)=0.345 y(b)=27.24
     2) sig(eV)=0.345 y(b)=27.23
     3) sig(eV)=0.345 y(b)=27.23
G4CrossSectionHP::IsoXS neutronElasticHP  Z= 64  A= 152 Ekin(MeV)= 0.004529  xs(b)= 27.23  size=7
### ekin(eV)=4529 e0(eV)=0.02526
     1) sig(eV)=0.3428 y(b)=14.88
     2) sig(eV)=0.3428 y(b)=14.88
     3) sig(eV)=0.3428 y(b)=14.88
G4CrossSectionHP::IsoXS neutronElasticHP  Z= 64  A= 154 Ekin(MeV)= 0.004529  xs(b)= 14.88  size=7
### ekin(eV)=4529 e0(eV)=0.02526
     1) sig(eV)=0.3417 y(b)=12.45
     2) sig(eV)=0.3417 y(b)=12.44
     3) sig(eV)=0.3417 y(b)=12.45
G4CrossSectionHP::IsoXS neutronElasticHP  Z= 64  A= 155 Ekin(MeV)= 0.004529  xs(b)= 12.45  size=7
### ekin(eV)=4529 e0(eV)=0.02526
     1) sig(eV)=0.3406 y(b)=17.64
     2) sig(eV)=0.3406 y(b)=17.64
     3) sig(eV)=0.3406 y(b)=17.64
G4CrossSectionHP::IsoXS neutronElasticHP  Z= 64  A= 156 Ekin(MeV)= 0.004529  xs(b)= 17.64  size=7
### ekin(eV)=4529 e0(eV)=0.02526
     1) sig(eV)=0.3395 y(b)=11.31
     2) sig(eV)=0.3395 y(b)=11.31
     3) sig(eV)=0.3395 y(b)=11.31
G4CrossSectionHP::IsoXS neutronElasticHP  Z= 64  A= 157 Ekin(MeV)= 0.004529  xs(b)= 11.31  size=7
### ekin(eV)=4529 e0(eV)=0.02526
     1) sig(eV)=0.3384 y(b)=5.768
     2) sig(eV)=0.3384 y(b)=5.641
     3) sig(eV)=0.3384 y(b)=5.582
G4CrossSectionHP::IsoXS neutronElasticHP  Z= 64  A= 158 Ekin(MeV)= 0.004529  xs(b)= 5.663  size=7
### ekin(eV)=4529 e0(eV)=0.02526
     1) sig(eV)=0.3363 y(b)=34
     2) sig(eV)=0.3363 y(b)=34
     3) sig(eV)=0.3363 y(b)=33.99
G4CrossSectionHP::IsoXS neutronElasticHP  Z= 64  A= 160 Ekin(MeV)= 0.004529  xs(b)= 33.99  size=7
### ekin(eV)=4529 e0(eV)=0.02526
     1) sig(eV)=0.345 y(b)=0.000161
     2) sig(eV)=0.345 y(b)=0.000161
     3) sig(eV)=0.345 y(b)=0.000161
G4CrossSectionHP::IsoXS neutronInelasticHP  Z= 64  A= 152 Ekin(MeV)= 0.004529  xs(b)= 0.000161  size=7
### ekin(eV)=4529 e0(eV)=0.02526
     1) sig(eV)=0.3428 y(b)=0
     2) sig(eV)=0.3428 y(b)=0
     3) sig(eV)=0.3428 y(b)=0
G4CrossSectionHP::IsoXS neutronInelasticHP  Z= 64  A= 154 Ekin(MeV)= 0.004529  xs(b)= 0  size=7
### ekin(eV)=4529 e0(eV)=0.02526
     1) sig(eV)=0.3417 y(b)=4.607e-09
     2) sig(eV)=0.3417 y(b)=4.606e-09
     3) sig(eV)=0.3417 y(b)=4.606e-09
G4CrossSectionHP::IsoXS neutronInelasticHP  Z= 64  A= 155 Ekin(MeV)= 0.004529  xs(b)= 4.606e-09  size=7
### ekin(eV)=4529 e0(eV)=0.02526
     1) sig(eV)=0.3406 y(b)=4.568e-09
     2) sig(eV)=0.3406 y(b)=4.568e-09
     3) sig(eV)=0.3406 y(b)=4.569e-09
G4CrossSectionHP::IsoXS neutronInelasticHP  Z= 64  A= 156 Ekin(MeV)= 0.004529  xs(b)= 4.568e-09  size=7
### ekin(eV)=4529 e0(eV)=0.02526
     1) sig(eV)=0.3395 y(b)=1.904e-09
     2) sig(eV)=0.3395 y(b)=1.904e-09
     3) sig(eV)=0.3395 y(b)=1.904e-09
G4CrossSectionHP::IsoXS neutronInelasticHP  Z= 64  A= 157 Ekin(MeV)= 0.004529  xs(b)= 1.904e-09  size=7
### ekin(eV)=4529 e0(eV)=0.02526
     1) sig(eV)=0.3384 y(b)=1.919e-09
     2) sig(eV)=0.3384 y(b)=1.919e-09
     3) sig(eV)=0.3384 y(b)=1.92e-09
G4CrossSectionHP::IsoXS neutronInelasticHP  Z= 64  A= 158 Ekin(MeV)= 0.004529  xs(b)= 1.919e-09  size=7
### ekin(eV)=4529 e0(eV)=0.02526
     1) sig(eV)=0.3363 y(b)=2.986e-09
     2) sig(eV)=0.3363 y(b)=2.986e-09
     3) sig(eV)=0.3363 y(b)=2.985e-09
G4CrossSectionHP::IsoXS neutronInelasticHP  Z= 64  A= 160 Ekin(MeV)= 0.004529  xs(b)= 2.986e-09  size=7
### ekin(eV)=4743 e0(eV)=0.02526
     1) sig(eV)=0.345 y(b)=26.8
     2) sig(eV)=0.345 y(b)=26.8
     3) sig(eV)=0.345 y(b)=26.8
G4CrossSectionHP::IsoXS neutronElasticHP  Z= 64  A= 152 Ekin(MeV)= 0.004743  xs(b)= 26.8  size=7
### ekin(eV)=4743 e0(eV)=0.02526
     1) sig(eV)=0.3428 y(b)=14.71
     2) sig(eV)=0.3428 y(b)=14.71
     3) sig(eV)=0.3428 y(b)=14.71
G4CrossSectionHP::IsoXS neutronElasticHP  Z= 64  A= 154 Ekin(MeV)= 0.004743  xs(b)= 14.71  size=7
### ekin(eV)=4743 e0(eV)=0.02526
     1) sig(eV)=0.3417 y(b)=12.27
     2) sig(eV)=0.3417 y(b)=12.27
     3) sig(eV)=0.3417 y(b)=12.28
G4CrossSectionHP::IsoXS neutronElasticHP  Z= 64  A= 155 Ekin(MeV)= 0.004743  xs(b)= 12.27  size=7
### ekin(eV)=4743 e0(eV)=0.02526
     1) sig(eV)=0.3406 y(b)=17.43
     2) sig(eV)=0.3406 y(b)=17.43
     3) sig(eV)=0.3406 y(b)=17.43
G4CrossSectionHP::IsoXS neutronElasticHP  Z= 64  A= 156 Ekin(MeV)= 0.004743  xs(b)= 17.43  size=7
### ekin(eV)=4743 e0(eV)=0.02526
     1) sig(eV)=0.3395 y(b)=11.19
     2) sig(eV)=0.3395 y(b)=11.18
     3) sig(eV)=0.3395 y(b)=11.18
G4CrossSectionHP::IsoXS neutronElasticHP  Z= 64  A= 157 Ekin(MeV)= 0.004743  xs(b)= 11.18  size=7
### ekin(eV)=4743 e0(eV)=0.02526
     1) sig(eV)=0.3384 y(b)=5.109
     2) sig(eV)=0.3384 y(b)=5.089
     3) sig(eV)=0.3384 y(b)=5.035
G4CrossSectionHP::IsoXS neutronElasticHP  Z= 64  A= 158 Ekin(MeV)= 0.004743  xs(b)= 5.078  size=7
### ekin(eV)=4743 e0(eV)=0.02526
     1) sig(eV)=0.3363 y(b)=33.31
     2) sig(eV)=0.3363 y(b)=33.31
     3) sig(eV)=0.3363 y(b)=33.3
G4CrossSectionHP::IsoXS neutronElasticHP  Z= 64  A= 160 Ekin(MeV)= 0.004743  xs(b)= 33.31  size=7
### ekin(eV)=4743 e0(eV)=0.02526
     1) sig(eV)=0.345 y(b)=0.0001578
     2) sig(eV)=0.345 y(b)=0.0001578
     3) sig(eV)=0.345 y(b)=0.0001578
G4CrossSectionHP::IsoXS neutronInelasticHP  Z= 64  A= 152 Ekin(MeV)= 0.004743  xs(b)= 0.0001578  size=7
### ekin(eV)=4743 e0(eV)=0.02526
     1) sig(eV)=0.3428 y(b)=0
     2) sig(eV)=0.3428 y(b)=0
     3) sig(eV)=0.3428 y(b)=0
G4CrossSectionHP::IsoXS neutronInelasticHP  Z= 64  A= 154 Ekin(MeV)= 0.004743  xs(b)= 0  size=7
### ekin(eV)=4743 e0(eV)=0.02526
     1) sig(eV)=0.3417 y(b)=4.822e-09
     2) sig(eV)=0.3417 y(b)=4.822e-09
     3) sig(eV)=0.3417 y(b)=4.824e-09
G4CrossSectionHP::IsoXS neutronInelasticHP  Z= 64  A= 155 Ekin(MeV)= 0.004743  xs(b)= 4.823e-09  size=7
### ekin(eV)=4743 e0(eV)=0.02526
     1) sig(eV)=0.3406 y(b)=4.783e-09
     2) sig(eV)=0.3406 y(b)=4.782e-09
     3) sig(eV)=0.3406 y(b)=4.782e-09
G4CrossSectionHP::IsoXS neutronInelasticHP  Z= 64  A= 156 Ekin(MeV)= 0.004743  xs(b)= 4.782e-09  size=7
### ekin(eV)=4743 e0(eV)=0.02526
     1) sig(eV)=0.3395 y(b)=1.994e-09
     2) sig(eV)=0.3395 y(b)=1.995e-09
     3) sig(eV)=0.3395 y(b)=1.995e-09
G4CrossSectionHP::IsoXS neutronInelasticHP  Z= 64  A= 157 Ekin(MeV)= 0.004743  xs(b)= 1.995e-09  size=7
### ekin(eV)=4743 e0(eV)=0.02526
     1) sig(eV)=0.3384 y(b)=2.009e-09
     2) sig(eV)=0.3384 y(b)=2.008e-09
     3) sig(eV)=0.3384 y(b)=2.009e-09
G4CrossSectionHP::IsoXS neutronInelasticHP  Z= 64  A= 158 Ekin(MeV)= 0.004743  xs(b)= 2.009e-09  size=7
### ekin(eV)=4743 e0(eV)=0.02526
     1) sig(eV)=0.3363 y(b)=3.128e-09
     2) sig(eV)=0.3363 y(b)=3.128e-09
     3) sig(eV)=0.3363 y(b)=3.128e-09
G4CrossSectionHP::IsoXS neutronInelasticHP  Z= 64  A= 160 Ekin(MeV)= 0.004743  xs(b)= 3.128e-09  size=7
### ekin(eV)=4966 e0(eV)=0.02526
     1) sig(eV)=0.345 y(b)=26.4
     2) sig(eV)=0.345 y(b)=26.4
     3) sig(eV)=0.345 y(b)=26.4
G4CrossSectionHP::IsoXS neutronElasticHP  Z= 64  A= 152 Ekin(MeV)= 0.004966  xs(b)= 26.4  size=7
### ekin(eV)=4966 e0(eV)=0.02526
     1) sig(eV)=0.3428 y(b)=14.53
     2) sig(eV)=0.3428 y(b)=14.53
     3) sig(eV)=0.3428 y(b)=14.53
G4CrossSectionHP::IsoXS neutronElasticHP  Z= 64  A= 154 Ekin(MeV)= 0.004966  xs(b)= 14.53  size=7
### ekin(eV)=4966 e0(eV)=0.02526
     1) sig(eV)=0.3417 y(b)=12.12
     2) sig(eV)=0.3417 y(b)=12.12
     3) sig(eV)=0.3417 y(b)=12.12
G4CrossSectionHP::IsoXS neutronElasticHP  Z= 64  A= 155 Ekin(MeV)= 0.004966  xs(b)= 12.12  size=7
### ekin(eV)=4966 e0(eV)=0.02526
     1) sig(eV)=0.3406 y(b)=17.23
     2) sig(eV)=0.3406 y(b)=17.23
     3) sig(eV)=0.3406 y(b)=17.23
G4CrossSectionHP::IsoXS neutronElasticHP  Z= 64  A= 156 Ekin(MeV)= 0.004966  xs(b)= 17.23  size=7
### ekin(eV)=4966 e0(eV)=0.02526
     1) sig(eV)=0.3395 y(b)=11.05
     2) sig(eV)=0.3395 y(b)=11.05
     3) sig(eV)=0.3395 y(b)=11.05
G4CrossSectionHP::IsoXS neutronElasticHP  Z= 64  A= 157 Ekin(MeV)= 0.004966  xs(b)= 11.05  size=7
### ekin(eV)=4966 e0(eV)=0.02526
     1) sig(eV)=0.3384 y(b)=3.872
     2) sig(eV)=0.3384 y(b)=3.98
     3) sig(eV)=0.3384 y(b)=3.998
G4CrossSectionHP::IsoXS neutronElasticHP  Z= 64  A= 158 Ekin(MeV)= 0.004966  xs(b)= 3.95  size=7
### ekin(eV)=4966 e0(eV)=0.02526
     1) sig(eV)=0.3363 y(b)=32.61
     2) sig(eV)=0.3363 y(b)=32.61
     3) sig(eV)=0.3363 y(b)=32.61
G4CrossSectionHP::IsoXS neutronElasticHP  Z= 64  A= 160 Ekin(MeV)= 0.004966  xs(b)= 32.61  size=7
### ekin(eV)=4966 e0(eV)=0.02526
     1) sig(eV)=0.345 y(b)=0.0001544
     2) sig(eV)=0.345 y(b)=0.0001544
     3) sig(eV)=0.345 y(b)=0.0001544
G4CrossSectionHP::IsoXS neutronInelasticHP  Z= 64  A= 152 Ekin(MeV)= 0.004966  xs(b)= 0.0001544  size=7
### ekin(eV)=4966 e0(eV)=0.02526
     1) sig(eV)=0.3428 y(b)=0
     2) sig(eV)=0.3428 y(b)=0
     3) sig(eV)=0.3428 y(b)=0
G4CrossSectionHP::IsoXS neutronInelasticHP  Z= 64  A= 154 Ekin(MeV)= 0.004966  xs(b)= 0  size=7
### ekin(eV)=4966 e0(eV)=0.02526
     1) sig(eV)=0.3417 y(b)=5.049e-09
     2) sig(eV)=0.3417 y(b)=5.05e-09
     3) sig(eV)=0.3417 y(b)=5.05e-09
G4CrossSectionHP::IsoXS neutronInelasticHP  Z= 64  A= 155 Ekin(MeV)= 0.004966  xs(b)= 5.05e-09  size=7
### ekin(eV)=4966 e0(eV)=0.02526
     1) sig(eV)=0.3406 y(b)=5.008e-09
     2) sig(eV)=0.3406 y(b)=5.008e-09
     3) sig(eV)=0.3406 y(b)=5.007e-09
G4CrossSectionHP::IsoXS neutronInelasticHP  Z= 64  A= 156 Ekin(MeV)= 0.004966  xs(b)= 5.008e-09  size=7
### ekin(eV)=4966 e0(eV)=0.02526
     1) sig(eV)=0.3395 y(b)=2.088e-09
     2) sig(eV)=0.3395 y(b)=2.088e-09
     3) sig(eV)=0.3395 y(b)=2.088e-09
G4CrossSectionHP::IsoXS neutronInelasticHP  Z= 64  A= 157 Ekin(MeV)= 0.004966  xs(b)= 2.088e-09  size=7
### ekin(eV)=4966 e0(eV)=0.02526
     1) sig(eV)=0.3384 y(b)=2.103e-09
     2) sig(eV)=0.3384 y(b)=2.103e-09
     3) sig(eV)=0.3384 y(b)=2.104e-09
G4CrossSectionHP::IsoXS neutronInelasticHP  Z= 64  A= 158 Ekin(MeV)= 0.004966  xs(b)= 2.104e-09  size=7
### ekin(eV)=4966 e0(eV)=0.02526
     1) sig(eV)=0.3363 y(b)=3.275e-09
     2) sig(eV)=0.3363 y(b)=3.275e-09
     3) sig(eV)=0.3363 y(b)=3.274e-09
G4CrossSectionHP::IsoXS neutronInelasticHP  Z= 64  A= 160 Ekin(MeV)= 0.004966  xs(b)= 3.275e-09  size=7
### ekin(eV)=5200 e0(eV)=0.02526
     1) sig(eV)=0.345 y(b)=25.98
     2) sig(eV)=0.345 y(b)=25.98
     3) sig(eV)=0.345 y(b)=25.98
G4CrossSectionHP::IsoXS neutronElasticHP  Z= 64  A= 152 Ekin(MeV)= 0.0052  xs(b)= 25.98  size=7
### ekin(eV)=5200 e0(eV)=0.02526
     1) sig(eV)=0.3428 y(b)=14.34
     2) sig(eV)=0.3428 y(b)=14.34
     3) sig(eV)=0.3428 y(b)=14.34
G4CrossSectionHP::IsoXS neutronElasticHP  Z= 64  A= 154 Ekin(MeV)= 0.0052  xs(b)= 14.34  size=7
### ekin(eV)=5200 e0(eV)=0.02526
     1) sig(eV)=0.3417 y(b)=11.96
     2) sig(eV)=0.3417 y(b)=11.96
     3) sig(eV)=0.3417 y(b)=11.96
G4CrossSectionHP::IsoXS neutronElasticHP  Z= 64  A= 155 Ekin(MeV)= 0.0052  xs(b)= 11.96  size=7
### ekin(eV)=5200 e0(eV)=0.02526
     1) sig(eV)=0.3406 y(b)=17.04
     2) sig(eV)=0.3406 y(b)=17.04
     3) sig(eV)=0.3406 y(b)=17.04
G4CrossSectionHP::IsoXS neutronElasticHP  Z= 64  A= 156 Ekin(MeV)= 0.0052  xs(b)= 17.04  size=7
### ekin(eV)=5200 e0(eV)=0.02526
     1) sig(eV)=0.3395 y(b)=10.95
     2) sig(eV)=0.3395 y(b)=10.95
     3) sig(eV)=0.3395 y(b)=10.95
G4CrossSectionHP::IsoXS neutronElasticHP  Z= 64  A= 157 Ekin(MeV)= 0.0052  xs(b)= 10.95  size=7
### ekin(eV)=5200 e0(eV)=0.02526
     1) sig(eV)=0.3384 y(b)=6.088
     2) sig(eV)=0.3384 y(b)=6.212
     3) sig(eV)=0.3384 y(b)=6.136
G4CrossSectionHP::IsoXS neutronElasticHP  Z= 64  A= 158 Ekin(MeV)= 0.0052  xs(b)= 6.146  size=7
### ekin(eV)=5200 e0(eV)=0.02526
     1) sig(eV)=0.3363 y(b)=31.94
     2) sig(eV)=0.3363 y(b)=31.94
     3) sig(eV)=0.3363 y(b)=31.94
G4CrossSectionHP::IsoXS neutronElasticHP  Z= 64  A= 160 Ekin(MeV)= 0.0052  xs(b)= 31.94  size=7
### ekin(eV)=5200 e0(eV)=0.02526
     1) sig(eV)=0.345 y(b)=0.0001517
     2) sig(eV)=0.345 y(b)=0.0001517
     3) sig(eV)=0.345 y(b)=0.0001517
G4CrossSectionHP::IsoXS neutronInelasticHP  Z= 64  A= 152 Ekin(MeV)= 0.0052  xs(b)= 0.0001517  size=7
### ekin(eV)=5200 e0(eV)=0.02526
     1) sig(eV)=0.3428 y(b)=0
     2) sig(eV)=0.3428 y(b)=0
     3) sig(eV)=0.3428 y(b)=0
G4CrossSectionHP::IsoXS neutronInelasticHP  Z= 64  A= 154 Ekin(MeV)= 0.0052  xs(b)= 0  size=7
### ekin(eV)=5200 e0(eV)=0.02526
     1) sig(eV)=0.3417 y(b)=5.288e-09
     2) sig(eV)=0.3417 y(b)=5.288e-09
     3) sig(eV)=0.3417 y(b)=5.288e-09
G4CrossSectionHP::IsoXS neutronInelasticHP  Z= 64  A= 155 Ekin(MeV)= 0.0052  xs(b)= 5.288e-09  size=7
### ekin(eV)=5200 e0(eV)=0.02526
     1) sig(eV)=0.3406 y(b)=5.245e-09
     2) sig(eV)=0.3406 y(b)=5.246e-09
     3) sig(eV)=0.3406 y(b)=5.246e-09
G4CrossSectionHP::IsoXS neutronInelasticHP  Z= 64  A= 156 Ekin(MeV)= 0.0052  xs(b)= 5.246e-09  size=7
### ekin(eV)=5200 e0(eV)=0.02526
     1) sig(eV)=0.3395 y(b)=2.187e-09
     2) sig(eV)=0.3395 y(b)=2.187e-09
     3) sig(eV)=0.3395 y(b)=2.187e-09
G4CrossSectionHP::IsoXS neutronInelasticHP  Z= 64  A= 157 Ekin(MeV)= 0.0052  xs(b)= 2.187e-09  size=7
### ekin(eV)=5200 e0(eV)=0.02526
     1) sig(eV)=0.3384 y(b)=2.202e-09
     2) sig(eV)=0.3384 y(b)=2.203e-09
     3) sig(eV)=0.3384 y(b)=2.203e-09
G4CrossSectionHP::IsoXS neutronInelasticHP  Z= 64  A= 158 Ekin(MeV)= 0.0052  xs(b)= 2.203e-09  size=7
### ekin(eV)=5200 e0(eV)=0.02526
     1) sig(eV)=0.3363 y(b)=3.429e-09
     2) sig(eV)=0.3363 y(b)=3.429e-09
     3) sig(eV)=0.3363 y(b)=3.429e-09
G4CrossSectionHP::IsoXS neutronInelasticHP  Z= 64  A= 160 Ekin(MeV)= 0.0052  xs(b)= 3.429e-09  size=7
### ekin(eV)=5446 e0(eV)=0.02526
     1) sig(eV)=0.345 y(b)=25.6
     2) sig(eV)=0.345 y(b)=25.6
     3) sig(eV)=0.345 y(b)=25.6
G4CrossSectionHP::IsoXS neutronElasticHP  Z= 64  A= 152 Ekin(MeV)= 0.005446  xs(b)= 25.6  size=7
### ekin(eV)=5446 e0(eV)=0.02526
     1) sig(eV)=0.3428 y(b)=14.17
     2) sig(eV)=0.3428 y(b)=14.17
     3) sig(eV)=0.3428 y(b)=14.17
G4CrossSectionHP::IsoXS neutronElasticHP  Z= 64  A= 154 Ekin(MeV)= 0.005446  xs(b)= 14.17  size=7
### ekin(eV)=5446 e0(eV)=0.02526
     1) sig(eV)=0.3417 y(b)=11.79
     2) sig(eV)=0.3417 y(b)=11.79
     3) sig(eV)=0.3417 y(b)=11.79
G4CrossSectionHP::IsoXS neutronElasticHP  Z= 64  A= 155 Ekin(MeV)= 0.005446  xs(b)= 11.79  size=7
### ekin(eV)=5446 e0(eV)=0.02526
     1) sig(eV)=0.3406 y(b)=16.85
     2) sig(eV)=0.3406 y(b)=16.85
     3) sig(eV)=0.3406 y(b)=16.85
G4CrossSectionHP::IsoXS neutronElasticHP  Z= 64  A= 156 Ekin(MeV)= 0.005446  xs(b)= 16.85  size=7
### ekin(eV)=5446 e0(eV)=0.02526
     1) sig(eV)=0.3395 y(b)=10.86
     2) sig(eV)=0.3395 y(b)=10.86
     3) sig(eV)=0.3395 y(b)=10.86
G4CrossSectionHP::IsoXS neutronElasticHP  Z= 64  A= 157 Ekin(MeV)= 0.005446  xs(b)= 10.86  size=7
### ekin(eV)=5446 e0(eV)=0.02526
     1) sig(eV)=0.3384 y(b)=5.836
     2) sig(eV)=0.3384 y(b)=5.819
     3) sig(eV)=0.3384 y(b)=5.875
G4CrossSectionHP::IsoXS neutronElasticHP  Z= 64  A= 158 Ekin(MeV)= 0.005446  xs(b)= 5.843  size=7
### ekin(eV)=5446 e0(eV)=0.02526
     1) sig(eV)=0.3363 y(b)=31.27
     2) sig(eV)=0.3363 y(b)=31.27
     3) sig(eV)=0.3363 y(b)=31.28
G4CrossSectionHP::IsoXS neutronElasticHP  Z= 64  A= 160 Ekin(MeV)= 0.005446  xs(b)= 31.27  size=7
### ekin(eV)=5446 e0(eV)=0.02526
     1) sig(eV)=0.345 y(b)=0.000149
     2) sig(eV)=0.345 y(b)=0.0001491
     3) sig(eV)=0.345 y(b)=0.0001491
G4CrossSectionHP::IsoXS neutronInelasticHP  Z= 64  A= 152 Ekin(MeV)= 0.005446  xs(b)= 0.0001491  size=7
### ekin(eV)=5446 e0(eV)=0.02526
     1) sig(eV)=0.3428 y(b)=0
     2) sig(eV)=0.3428 y(b)=0
     3) sig(eV)=0.3428 y(b)=0
G4CrossSectionHP::IsoXS neutronInelasticHP  Z= 64  A= 154 Ekin(MeV)= 0.005446  xs(b)= 0  size=7
### ekin(eV)=5446 e0(eV)=0.02526
     1) sig(eV)=0.3417 y(b)=5.537e-09
     2) sig(eV)=0.3417 y(b)=5.536e-09
     3) sig(eV)=0.3417 y(b)=5.537e-09
G4CrossSectionHP::IsoXS neutronInelasticHP  Z= 64  A= 155 Ekin(MeV)= 0.005446  xs(b)= 5.537e-09  size=7
### ekin(eV)=5446 e0(eV)=0.02526
     1) sig(eV)=0.3406 y(b)=5.492e-09
     2) sig(eV)=0.3406 y(b)=5.491e-09
     3) sig(eV)=0.3406 y(b)=5.49e-09
G4CrossSectionHP::IsoXS neutronInelasticHP  Z= 64  A= 156 Ekin(MeV)= 0.005446  xs(b)= 5.491e-09  size=7
### ekin(eV)=5446 e0(eV)=0.02526
     1) sig(eV)=0.3395 y(b)=2.289e-09
     2) sig(eV)=0.3395 y(b)=2.289e-09
     3) sig(eV)=0.3395 y(b)=2.29e-09
G4CrossSectionHP::IsoXS neutronInelasticHP  Z= 64  A= 157 Ekin(MeV)= 0.005446  xs(b)= 2.289e-09  size=7
### ekin(eV)=5446 e0(eV)=0.02526
     1) sig(eV)=0.3384 y(b)=2.307e-09
     2) sig(eV)=0.3384 y(b)=2.307e-09
     3) sig(eV)=0.3384 y(b)=2.307e-09
G4CrossSectionHP::IsoXS neutronInelasticHP  Z= 64  A= 158 Ekin(MeV)= 0.005446  xs(b)= 2.307e-09  size=7
### ekin(eV)=5446 e0(eV)=0.02526
     1) sig(eV)=0.3363 y(b)=3.591e-09
     2) sig(eV)=0.3363 y(b)=3.593e-09
     3) sig(eV)=0.3363 y(b)=3.592e-09
G4CrossSectionHP::IsoXS neutronInelasticHP  Z= 64  A= 160 Ekin(MeV)= 0.005446  xs(b)= 3.592e-09  size=7
### ekin(eV)=5702 e0(eV)=0.02526
     1) sig(eV)=0.345 y(b)=25.21
     2) sig(eV)=0.345 y(b)=25.21
     3) sig(eV)=0.345 y(b)=25.21
G4CrossSectionHP::IsoXS neutronElasticHP  Z= 64  A= 152 Ekin(MeV)= 0.005702  xs(b)= 25.21  size=7
### ekin(eV)=5702 e0(eV)=0.02526
     1) sig(eV)=0.3428 y(b)=14
     2) sig(eV)=0.3428 y(b)=14
     3) sig(eV)=0.3428 y(b)=14
G4CrossSectionHP::IsoXS neutronElasticHP  Z= 64  A= 154 Ekin(MeV)= 0.005702  xs(b)= 14  size=7
### ekin(eV)=5702 e0(eV)=0.02526
     1) sig(eV)=0.3417 y(b)=11.64
     2) sig(eV)=0.3417 y(b)=11.64
     3) sig(eV)=0.3417 y(b)=11.64
G4CrossSectionHP::IsoXS neutronElasticHP  Z= 64  A= 155 Ekin(MeV)= 0.005702  xs(b)= 11.64  size=7
### ekin(eV)=5702 e0(eV)=0.02526
     1) sig(eV)=0.3406 y(b)=16.65
     2) sig(eV)=0.3406 y(b)=16.65
     3) sig(eV)=0.3406 y(b)=16.65
G4CrossSectionHP::IsoXS neutronElasticHP  Z= 64  A= 156 Ekin(MeV)= 0.005702  xs(b)= 16.65  size=7
### ekin(eV)=5702 e0(eV)=0.02526
     1) sig(eV)=0.3395 y(b)=10.76
     2) sig(eV)=0.3395 y(b)=10.76
     3) sig(eV)=0.3395 y(b)=10.76
G4CrossSectionHP::IsoXS neutronElasticHP  Z= 64  A= 157 Ekin(MeV)= 0.005702  xs(b)= 10.76  size=7
### ekin(eV)=5702 e0(eV)=0.02526
     1) sig(eV)=0.3384 y(b)=15.22
     2) sig(eV)=0.3384 y(b)=15.36
     3) sig(eV)=0.3384 y(b)=14.67
G4CrossSectionHP::IsoXS neutronElasticHP  Z= 64  A= 158 Ekin(MeV)= 0.005702  xs(b)= 15.08  size=7
### ekin(eV)=5702 e0(eV)=0.02526
     1) sig(eV)=0.3363 y(b)=30.65
     2) sig(eV)=0.3363 y(b)=30.65
     3) sig(eV)=0.3363 y(b)=30.64
G4CrossSectionHP::IsoXS neutronElasticHP  Z= 64  A= 160 Ekin(MeV)= 0.005702  xs(b)= 30.65  size=7
### ekin(eV)=5702 e0(eV)=0.02526
     1) sig(eV)=0.345 y(b)=0.0001463
     2) sig(eV)=0.345 y(b)=0.0001463
     3) sig(eV)=0.345 y(b)=0.0001463
G4CrossSectionHP::IsoXS neutronInelasticHP  Z= 64  A= 152 Ekin(MeV)= 0.005702  xs(b)= 0.0001463  size=7
### ekin(eV)=5702 e0(eV)=0.02526
     1) sig(eV)=0.3428 y(b)=0
     2) sig(eV)=0.3428 y(b)=0
     3) sig(eV)=0.3428 y(b)=0
G4CrossSectionHP::IsoXS neutronInelasticHP  Z= 64  A= 154 Ekin(MeV)= 0.005702  xs(b)= 0  size=7
### ekin(eV)=5702 e0(eV)=0.02526
     1) sig(eV)=0.3417 y(b)=5.798e-09
     2) sig(eV)=0.3417 y(b)=5.798e-09
     3) sig(eV)=0.3417 y(b)=5.797e-09
G4CrossSectionHP::IsoXS neutronInelasticHP  Z= 64  A= 155 Ekin(MeV)= 0.005702  xs(b)= 5.798e-09  size=7
### ekin(eV)=5702 e0(eV)=0.02526
     1) sig(eV)=0.3406 y(b)=5.751e-09
     2) sig(eV)=0.3406 y(b)=5.751e-09
     3) sig(eV)=0.3406 y(b)=5.754e-09
G4CrossSectionHP::IsoXS neutronInelasticHP  Z= 64  A= 156 Ekin(MeV)= 0.005702  xs(b)= 5.752e-09  size=7
### ekin(eV)=5702 e0(eV)=0.02526
     1) sig(eV)=0.3395 y(b)=2.396e-09
     2) sig(eV)=0.3395 y(b)=2.395e-09
     3) sig(eV)=0.3395 y(b)=2.395e-09
G4CrossSectionHP::IsoXS neutronInelasticHP  Z= 64  A= 157 Ekin(MeV)= 0.005702  xs(b)= 2.395e-09  size=7
### ekin(eV)=5702 e0(eV)=0.02526
     1) sig(eV)=0.3384 y(b)=2.416e-09
     2) sig(eV)=0.3384 y(b)=2.416e-09
     3) sig(eV)=0.3384 y(b)=2.415e-09
G4CrossSectionHP::IsoXS neutronInelasticHP  Z= 64  A= 158 Ekin(MeV)= 0.005702  xs(b)= 2.416e-09  size=7
### ekin(eV)=5702 e0(eV)=0.02526
     1) sig(eV)=0.3363 y(b)=3.76e-09
     2) sig(eV)=0.3363 y(b)=3.761e-09
     3) sig(eV)=0.3363 y(b)=3.761e-09
G4CrossSectionHP::IsoXS neutronInelasticHP  Z= 64  A= 160 Ekin(MeV)= 0.005702  xs(b)= 3.761e-09  size=7
### ekin(eV)=5971 e0(eV)=0.02526
     1) sig(eV)=0.345 y(b)=24.81
     2) sig(eV)=0.345 y(b)=24.8
     3) sig(eV)=0.345 y(b)=24.81
G4CrossSectionHP::IsoXS neutronElasticHP  Z= 64  A= 152 Ekin(MeV)= 0.005971  xs(b)= 24.81  size=7
### ekin(eV)=5971 e0(eV)=0.02526
     1) sig(eV)=0.3428 y(b)=13.84
     2) sig(eV)=0.3428 y(b)=13.84
     3) sig(eV)=0.3428 y(b)=13.83
G4CrossSectionHP::IsoXS neutronElasticHP  Z= 64  A= 154 Ekin(MeV)= 0.005971  xs(b)= 13.84  size=7
### ekin(eV)=5971 e0(eV)=0.02526
     1) sig(eV)=0.3417 y(b)=11.48
     2) sig(eV)=0.3417 y(b)=11.48
     3) sig(eV)=0.3417 y(b)=11.48
G4CrossSectionHP::IsoXS neutronElasticHP  Z= 64  A= 155 Ekin(MeV)= 0.005971  xs(b)= 11.48  size=7
### ekin(eV)=5971 e0(eV)=0.02526
     1) sig(eV)=0.3406 y(b)=16.47
     2) sig(eV)=0.3406 y(b)=16.47
     3) sig(eV)=0.3406 y(b)=16.47
G4CrossSectionHP::IsoXS neutronElasticHP  Z= 64  A= 156 Ekin(MeV)= 0.005971  xs(b)= 16.47  size=7
### ekin(eV)=5971 e0(eV)=0.02526
     1) sig(eV)=0.3395 y(b)=10.67
     2) sig(eV)=0.3395 y(b)=10.68
     3) sig(eV)=0.3395 y(b)=10.68
G4CrossSectionHP::IsoXS neutronElasticHP  Z= 64  A= 157 Ekin(MeV)= 0.005971  xs(b)= 10.68  size=7
### ekin(eV)=5971 e0(eV)=0.02526
     1) sig(eV)=0.3384 y(b)=5.043
     2) sig(eV)=0.3384 y(b)=5.015
     3) sig(eV)=0.3384 y(b)=5.256
G4CrossSectionHP::IsoXS neutronElasticHP  Z= 64  A= 158 Ekin(MeV)= 0.005971  xs(b)= 5.105  size=7
### ekin(eV)=5971 e0(eV)=0.02526
     1) sig(eV)=0.3363 y(b)=30
     2) sig(eV)=0.3363 y(b)=30
     3) sig(eV)=0.3363 y(b)=30.01
G4CrossSectionHP::IsoXS neutronElasticHP  Z= 64  A= 160 Ekin(MeV)= 0.005971  xs(b)= 30  size=7
### ekin(eV)=5971 e0(eV)=0.02526
     1) sig(eV)=0.345 y(b)=0.0001434
     2) sig(eV)=0.345 y(b)=0.0001434
     3) sig(eV)=0.345 y(b)=0.0001434
G4CrossSectionHP::IsoXS neutronInelasticHP  Z= 64  A= 152 Ekin(MeV)= 0.005971  xs(b)= 0.0001434  size=7
### ekin(eV)=5971 e0(eV)=0.02526
     1) sig(eV)=0.3428 y(b)=0
     2) sig(eV)=0.3428 y(b)=0
     3) sig(eV)=0.3428 y(b)=0
G4CrossSectionHP::IsoXS neutronInelasticHP  Z= 64  A= 154 Ekin(MeV)= 0.005971  xs(b)= 0  size=7
### ekin(eV)=5971 e0(eV)=0.02526
     1) sig(eV)=0.3417 y(b)=6.071e-09
     2) sig(eV)=0.3417 y(b)=6.072e-09
     3) sig(eV)=0.3417 y(b)=6.074e-09
G4CrossSectionHP::IsoXS neutronInelasticHP  Z= 64  A= 155 Ekin(MeV)= 0.005971  xs(b)= 6.072e-09  size=7
### ekin(eV)=5971 e0(eV)=0.02526
     1) sig(eV)=0.3406 y(b)=6.021e-09
     2) sig(eV)=0.3406 y(b)=6.02e-09
     3) sig(eV)=0.3406 y(b)=6.019e-09
G4CrossSectionHP::IsoXS neutronInelasticHP  Z= 64  A= 156 Ekin(MeV)= 0.005971  xs(b)= 6.02e-09  size=7
### ekin(eV)=5971 e0(eV)=0.02526
     1) sig(eV)=0.3395 y(b)=2.509e-09
     2) sig(eV)=0.3395 y(b)=2.509e-09
     3) sig(eV)=0.3395 y(b)=2.509e-09
G4CrossSectionHP::IsoXS neutronInelasticHP  Z= 64  A= 157 Ekin(MeV)= 0.005971  xs(b)= 2.509e-09  size=7
### ekin(eV)=5971 e0(eV)=0.02526
     1) sig(eV)=0.3384 y(b)=2.529e-09
     2) sig(eV)=0.3384 y(b)=2.53e-09
     3) sig(eV)=0.3384 y(b)=2.529e-09
G4CrossSectionHP::IsoXS neutronInelasticHP  Z= 64  A= 158 Ekin(MeV)= 0.005971  xs(b)= 2.53e-09  size=7
### ekin(eV)=5971 e0(eV)=0.02526
     1) sig(eV)=0.3363 y(b)=3.938e-09
     2) sig(eV)=0.3363 y(b)=3.938e-09
     3) sig(eV)=0.3363 y(b)=3.938e-09
G4CrossSectionHP::IsoXS neutronInelasticHP  Z= 64  A= 160 Ekin(MeV)= 0.005971  xs(b)= 3.938e-09  size=7
### ekin(eV)=6252 e0(eV)=0.02526
     1) sig(eV)=0.345 y(b)=24.44
     2) sig(eV)=0.345 y(b)=24.44
     3) sig(eV)=0.345 y(b)=24.44
G4CrossSectionHP::IsoXS neutronElasticHP  Z= 64  A= 152 Ekin(MeV)= 0.006252  xs(b)= 24.44  size=7
### ekin(eV)=6252 e0(eV)=0.02526
     1) sig(eV)=0.3428 y(b)=13.68
     2) sig(eV)=0.3428 y(b)=13.68
     3) sig(eV)=0.3428 y(b)=13.68
G4CrossSectionHP::IsoXS neutronElasticHP  Z= 64  A= 154 Ekin(MeV)= 0.006252  xs(b)= 13.68  size=7
### ekin(eV)=6252 e0(eV)=0.02526
     1) sig(eV)=0.3417 y(b)=11.33
     2) sig(eV)=0.3417 y(b)=11.33
     3) sig(eV)=0.3417 y(b)=11.33
G4CrossSectionHP::IsoXS neutronElasticHP  Z= 64  A= 155 Ekin(MeV)= 0.006252  xs(b)= 11.33  size=7
### ekin(eV)=6252 e0(eV)=0.02526
     1) sig(eV)=0.3406 y(b)=16.28
     2) sig(eV)=0.3406 y(b)=16.28
     3) sig(eV)=0.3406 y(b)=16.28
G4CrossSectionHP::IsoXS neutronElasticHP  Z= 64  A= 156 Ekin(MeV)= 0.006252  xs(b)= 16.28  size=7
### ekin(eV)=6252 e0(eV)=0.02526
     1) sig(eV)=0.3395 y(b)=10.58
     2) sig(eV)=0.3395 y(b)=10.58
     3) sig(eV)=0.3395 y(b)=10.58
G4CrossSectionHP::IsoXS neutronElasticHP  Z= 64  A= 157 Ekin(MeV)= 0.006252  xs(b)= 10.58  size=7
### ekin(eV)=6252 e0(eV)=0.02526
     1) sig(eV)=0.3384 y(b)=28
     2) sig(eV)=0.3384 y(b)=28.01
     3) sig(eV)=0.3384 y(b)=28
G4CrossSectionHP::IsoXS neutronElasticHP  Z= 64  A= 158 Ekin(MeV)= 0.006252  xs(b)= 28  size=7
### ekin(eV)=6252 e0(eV)=0.02526
     1) sig(eV)=0.3363 y(b)=29.4
     2) sig(eV)=0.3363 y(b)=29.39
     3) sig(eV)=0.3363 y(b)=29.39
G4CrossSectionHP::IsoXS neutronElasticHP  Z= 64  A= 160 Ekin(MeV)= 0.006252  xs(b)= 29.4  size=7
### ekin(eV)=6252 e0(eV)=0.02526
     1) sig(eV)=0.345 y(b)=0.0001404
     2) sig(eV)=0.345 y(b)=0.0001404
     3) sig(eV)=0.345 y(b)=0.0001404
G4CrossSectionHP::IsoXS neutronInelasticHP  Z= 64  A= 152 Ekin(MeV)= 0.006252  xs(b)= 0.0001404  size=7
### ekin(eV)=6252 e0(eV)=0.02526
     1) sig(eV)=0.3428 y(b)=0
     2) sig(eV)=0.3428 y(b)=0
     3) sig(eV)=0.3428 y(b)=0
G4CrossSectionHP::IsoXS neutronInelasticHP  Z= 64  A= 154 Ekin(MeV)= 0.006252  xs(b)= 0  size=7
### ekin(eV)=6252 e0(eV)=0.02526
     1) sig(eV)=0.3417 y(b)=6.355e-09
     2) sig(eV)=0.3417 y(b)=6.356e-09
     3) sig(eV)=0.3417 y(b)=6.358e-09
G4CrossSectionHP::IsoXS neutronInelasticHP  Z= 64  A= 155 Ekin(MeV)= 0.006252  xs(b)= 6.356e-09  size=7
### ekin(eV)=6252 e0(eV)=0.02526
     1) sig(eV)=0.3406 y(b)=6.305e-09
     2) sig(eV)=0.3406 y(b)=6.307e-09
     3) sig(eV)=0.3406 y(b)=6.306e-09
G4CrossSectionHP::IsoXS neutronInelasticHP  Z= 64  A= 156 Ekin(MeV)= 0.006252  xs(b)= 6.306e-09  size=7
### ekin(eV)=6252 e0(eV)=0.02526
     1) sig(eV)=0.3395 y(b)=2.629e-09
     2) sig(eV)=0.3395 y(b)=2.629e-09
     3) sig(eV)=0.3395 y(b)=2.628e-09
G4CrossSectionHP::IsoXS neutronInelasticHP  Z= 64  A= 157 Ekin(MeV)= 0.006252  xs(b)= 2.629e-09  size=7
### ekin(eV)=6252 e0(eV)=0.02526
     1) sig(eV)=0.3384 y(b)=2.648e-09
     2) sig(eV)=0.3384 y(b)=2.648e-09
     3) sig(eV)=0.3384 y(b)=2.647e-09
G4CrossSectionHP::IsoXS neutronInelasticHP  Z= 64  A= 158 Ekin(MeV)= 0.006252  xs(b)= 2.648e-09  size=7
### ekin(eV)=6252 e0(eV)=0.02526
     1) sig(eV)=0.3363 y(b)=4.123e-09
     2) sig(eV)=0.3363 y(b)=4.124e-09
     3) sig(eV)=0.3363 y(b)=4.122e-09
G4CrossSectionHP::IsoXS neutronInelasticHP  Z= 64  A= 160 Ekin(MeV)= 0.006252  xs(b)= 4.123e-09  size=7
### ekin(eV)=6547 e0(eV)=0.02526
     1) sig(eV)=0.345 y(b)=24.06
     2) sig(eV)=0.345 y(b)=24.06
     3) sig(eV)=0.345 y(b)=24.06
G4CrossSectionHP::IsoXS neutronElasticHP  Z= 64  A= 152 Ekin(MeV)= 0.006547  xs(b)= 24.06  size=7
### ekin(eV)=6547 e0(eV)=0.02526
     1) sig(eV)=0.3428 y(b)=13.51
     2) sig(eV)=0.3428 y(b)=13.51
     3) sig(eV)=0.3428 y(b)=13.51
G4CrossSectionHP::IsoXS neutronElasticHP  Z= 64  A= 154 Ekin(MeV)= 0.006547  xs(b)= 13.51  size=7
### ekin(eV)=6547 e0(eV)=0.02526
     1) sig(eV)=0.3417 y(b)=11.17
     2) sig(eV)=0.3417 y(b)=11.17
     3) sig(eV)=0.3417 y(b)=11.17
G4CrossSectionHP::IsoXS neutronElasticHP  Z= 64  A= 155 Ekin(MeV)= 0.006547  xs(b)= 11.17  size=7
### ekin(eV)=6547 e0(eV)=0.02526
     1) sig(eV)=0.3406 y(b)=16.1
     2) sig(eV)=0.3406 y(b)=16.1
     3) sig(eV)=0.3406 y(b)=16.1
G4CrossSectionHP::IsoXS neutronElasticHP  Z= 64  A= 156 Ekin(MeV)= 0.006547  xs(b)= 16.1  size=7
### ekin(eV)=6547 e0(eV)=0.02526
     1) sig(eV)=0.3395 y(b)=10.49
     2) sig(eV)=0.3395 y(b)=10.49
     3) sig(eV)=0.3395 y(b)=10.49
G4CrossSectionHP::IsoXS neutronElasticHP  Z= 64  A= 157 Ekin(MeV)= 0.006547  xs(b)= 10.49  size=7
### ekin(eV)=6547 e0(eV)=0.02526
     1) sig(eV)=0.3384 y(b)=27.44
     2) sig(eV)=0.3384 y(b)=27.44
     3) sig(eV)=0.3384 y(b)=27.44
G4CrossSectionHP::IsoXS neutronElasticHP  Z= 64  A= 158 Ekin(MeV)= 0.006547  xs(b)= 27.44  size=7
### ekin(eV)=6547 e0(eV)=0.02526
     1) sig(eV)=0.3363 y(b)=28.78
     2) sig(eV)=0.3363 y(b)=28.79
     3) sig(eV)=0.3363 y(b)=28.79
G4CrossSectionHP::IsoXS neutronElasticHP  Z= 64  A= 160 Ekin(MeV)= 0.006547  xs(b)= 28.79  size=7
### ekin(eV)=6547 e0(eV)=0.02526
     1) sig(eV)=0.345 y(b)=0.0001379
     2) sig(eV)=0.345 y(b)=0.0001379
     3) sig(eV)=0.345 y(b)=0.0001379
G4CrossSectionHP::IsoXS neutronInelasticHP  Z= 64  A= 152 Ekin(MeV)= 0.006547  xs(b)= 0.0001379  size=7
### ekin(eV)=6547 e0(eV)=0.02526
     1) sig(eV)=0.3428 y(b)=0
     2) sig(eV)=0.3428 y(b)=0
     3) sig(eV)=0.3428 y(b)=0
G4CrossSectionHP::IsoXS neutronInelasticHP  Z= 64  A= 154 Ekin(MeV)= 0.006547  xs(b)= 0  size=7
### ekin(eV)=6547 e0(eV)=0.02526
     1) sig(eV)=0.3417 y(b)=6.656e-09
     2) sig(eV)=0.3417 y(b)=6.655e-09
     3) sig(eV)=0.3417 y(b)=6.654e-09
G4CrossSectionHP::IsoXS neutronInelasticHP  Z= 64  A= 155 Ekin(MeV)= 0.006547  xs(b)= 6.655e-09  size=7
### ekin(eV)=6547 e0(eV)=0.02526
     1) sig(eV)=0.3406 y(b)=6.6e-09
     2) sig(eV)=0.3406 y(b)=6.599e-09
     3) sig(eV)=0.3406 y(b)=6.6e-09
G4CrossSectionHP::IsoXS neutronInelasticHP  Z= 64  A= 156 Ekin(MeV)= 0.006547  xs(b)= 6.6e-09  size=7
### ekin(eV)=6547 e0(eV)=0.02526
     1) sig(eV)=0.3395 y(b)=2.752e-09
     2) sig(eV)=0.3395 y(b)=2.752e-09
     3) sig(eV)=0.3395 y(b)=2.753e-09
G4CrossSectionHP::IsoXS neutronInelasticHP  Z= 64  A= 157 Ekin(MeV)= 0.006547  xs(b)= 2.752e-09  size=7
### ekin(eV)=6547 e0(eV)=0.02526
     1) sig(eV)=0.3384 y(b)=2.773e-09
     2) sig(eV)=0.3384 y(b)=2.773e-09
     3) sig(eV)=0.3384 y(b)=2.773e-09
G4CrossSectionHP::IsoXS neutronInelasticHP  Z= 64  A= 158 Ekin(MeV)= 0.006547  xs(b)= 2.773e-09  size=7
### ekin(eV)=6547 e0(eV)=0.02526
     1) sig(eV)=0.3363 y(b)=4.318e-09
     2) sig(eV)=0.3363 y(b)=4.317e-09
     3) sig(eV)=0.3363 y(b)=4.318e-09
G4CrossSectionHP::IsoXS neutronInelasticHP  Z= 64  A= 160 Ekin(MeV)= 0.006547  xs(b)= 4.318e-09  size=7
### ekin(eV)=6856 e0(eV)=0.02526
     1) sig(eV)=0.345 y(b)=23.71
     2) sig(eV)=0.345 y(b)=23.71
     3) sig(eV)=0.345 y(b)=23.71
G4CrossSectionHP::IsoXS neutronElasticHP  Z= 64  A= 152 Ekin(MeV)= 0.006856  xs(b)= 23.71  size=7
### ekin(eV)=6856 e0(eV)=0.02526
     1) sig(eV)=0.3428 y(b)=13.34
     2) sig(eV)=0.3428 y(b)=13.34
     3) sig(eV)=0.3428 y(b)=13.34
G4CrossSectionHP::IsoXS neutronElasticHP  Z= 64  A= 154 Ekin(MeV)= 0.006856  xs(b)= 13.34  size=7
### ekin(eV)=6856 e0(eV)=0.02526
     1) sig(eV)=0.3417 y(b)=11.03
     2) sig(eV)=0.3417 y(b)=11.03
     3) sig(eV)=0.3417 y(b)=11.03
G4CrossSectionHP::IsoXS neutronElasticHP  Z= 64  A= 155 Ekin(MeV)= 0.006856  xs(b)= 11.03  size=7
### ekin(eV)=6856 e0(eV)=0.02526
     1) sig(eV)=0.3406 y(b)=15.94
     2) sig(eV)=0.3406 y(b)=15.94
     3) sig(eV)=0.3406 y(b)=15.94
G4CrossSectionHP::IsoXS neutronElasticHP  Z= 64  A= 156 Ekin(MeV)= 0.006856  xs(b)= 15.94  size=7
### ekin(eV)=6856 e0(eV)=0.02526
     1) sig(eV)=0.3395 y(b)=10.4
     2) sig(eV)=0.3395 y(b)=10.4
     3) sig(eV)=0.3395 y(b)=10.4
G4CrossSectionHP::IsoXS neutronElasticHP  Z= 64  A= 157 Ekin(MeV)= 0.006856  xs(b)= 10.4  size=7
### ekin(eV)=6856 e0(eV)=0.02526
     1) sig(eV)=0.3384 y(b)=26.89
     2) sig(eV)=0.3384 y(b)=26.9
     3) sig(eV)=0.3384 y(b)=26.9
G4CrossSectionHP::IsoXS neutronElasticHP  Z= 64  A= 158 Ekin(MeV)= 0.006856  xs(b)= 26.9  size=7
### ekin(eV)=6856 e0(eV)=0.02526
     1) sig(eV)=0.3363 y(b)=28.2
     2) sig(eV)=0.3363 y(b)=28.2
     3) sig(eV)=0.3363 y(b)=28.2
G4CrossSectionHP::IsoXS neutronElasticHP  Z= 64  A= 160 Ekin(MeV)= 0.006856  xs(b)= 28.2  size=7
### ekin(eV)=6856 e0(eV)=0.02526
     1) sig(eV)=0.345 y(b)=0.0001356
     2) sig(eV)=0.345 y(b)=0.0001356
     3) sig(eV)=0.345 y(b)=0.0001356
G4CrossSectionHP::IsoXS neutronInelasticHP  Z= 64  A= 152 Ekin(MeV)= 0.006856  xs(b)= 0.0001356  size=7
### ekin(eV)=6856 e0(eV)=0.02526
     1) sig(eV)=0.3428 y(b)=0
     2) sig(eV)=0.3428 y(b)=0
     3) sig(eV)=0.3428 y(b)=0
G4CrossSectionHP::IsoXS neutronInelasticHP  Z= 64  A= 154 Ekin(MeV)= 0.006856  xs(b)= 0  size=7
### ekin(eV)=6856 e0(eV)=0.02526
     1) sig(eV)=0.3417 y(b)=6.97e-09
     2) sig(eV)=0.3417 y(b)=6.971e-09
     3) sig(eV)=0.3417 y(b)=6.971e-09
G4CrossSectionHP::IsoXS neutronInelasticHP  Z= 64  A= 155 Ekin(MeV)= 0.006856  xs(b)= 6.971e-09  size=7
### ekin(eV)=6856 e0(eV)=0.02526
     1) sig(eV)=0.3406 y(b)=6.911e-09
     2) sig(eV)=0.3406 y(b)=6.912e-09
     3) sig(eV)=0.3406 y(b)=6.91e-09
G4CrossSectionHP::IsoXS neutronInelasticHP  Z= 64  A= 156 Ekin(MeV)= 0.006856  xs(b)= 6.911e-09  size=7
### ekin(eV)=6856 e0(eV)=0.02526
     1) sig(eV)=0.3395 y(b)=2.883e-09
     2) sig(eV)=0.3395 y(b)=2.883e-09
     3) sig(eV)=0.3395 y(b)=2.883e-09
G4CrossSectionHP::IsoXS neutronInelasticHP  Z= 64  A= 157 Ekin(MeV)= 0.006856  xs(b)= 2.883e-09  size=7
### ekin(eV)=6856 e0(eV)=0.02526
     1) sig(eV)=0.3384 y(b)=2.904e-09
     2) sig(eV)=0.3384 y(b)=2.903e-09
     3) sig(eV)=0.3384 y(b)=2.903e-09
G4CrossSectionHP::IsoXS neutronInelasticHP  Z= 64  A= 158 Ekin(MeV)= 0.006856  xs(b)= 2.903e-09  size=7
### ekin(eV)=6856 e0(eV)=0.02526
     1) sig(eV)=0.3363 y(b)=4.52e-09
     2) sig(eV)=0.3363 y(b)=4.52e-09
     3) sig(eV)=0.3363 y(b)=4.52e-09
G4CrossSectionHP::IsoXS neutronInelasticHP  Z= 64  A= 160 Ekin(MeV)= 0.006856  xs(b)= 4.52e-09  size=7
### ekin(eV)=7179 e0(eV)=0.02526
     1) sig(eV)=0.345 y(b)=23.35
     2) sig(eV)=0.345 y(b)=23.36
     3) sig(eV)=0.345 y(b)=23.36
G4CrossSectionHP::IsoXS neutronElasticHP  Z= 64  A= 152 Ekin(MeV)= 0.007179  xs(b)= 23.35  size=7
### ekin(eV)=7179 e0(eV)=0.02526
     1) sig(eV)=0.3428 y(b)=13.19
     2) sig(eV)=0.3428 y(b)=13.19
     3) sig(eV)=0.3428 y(b)=13.19
G4CrossSectionHP::IsoXS neutronElasticHP  Z= 64  A= 154 Ekin(MeV)= 0.007179  xs(b)= 13.19  size=7
### ekin(eV)=7179 e0(eV)=0.02526
     1) sig(eV)=0.3417 y(b)=10.88
     2) sig(eV)=0.3417 y(b)=10.88
     3) sig(eV)=0.3417 y(b)=10.88
G4CrossSectionHP::IsoXS neutronElasticHP  Z= 64  A= 155 Ekin(MeV)= 0.007179  xs(b)= 10.88  size=7
### ekin(eV)=7179 e0(eV)=0.02526
     1) sig(eV)=0.3406 y(b)=15.77
     2) sig(eV)=0.3406 y(b)=15.77
     3) sig(eV)=0.3406 y(b)=15.77
G4CrossSectionHP::IsoXS neutronElasticHP  Z= 64  A= 156 Ekin(MeV)= 0.007179  xs(b)= 15.77  size=7
### ekin(eV)=7179 e0(eV)=0.02526
     1) sig(eV)=0.3395 y(b)=10.31
     2) sig(eV)=0.3395 y(b)=10.31
     3) sig(eV)=0.3395 y(b)=10.31
G4CrossSectionHP::IsoXS neutronElasticHP  Z= 64  A= 157 Ekin(MeV)= 0.007179  xs(b)= 10.31  size=7
### ekin(eV)=7179 e0(eV)=0.02526
     1) sig(eV)=0.3384 y(b)=26.33
     2) sig(eV)=0.3384 y(b)=26.33
     3) sig(eV)=0.3384 y(b)=26.33
G4CrossSectionHP::IsoXS neutronElasticHP  Z= 64  A= 158 Ekin(MeV)= 0.007179  xs(b)= 26.33  size=7
### ekin(eV)=7179 e0(eV)=0.02526
     1) sig(eV)=0.3363 y(b)=27.62
     2) sig(eV)=0.3363 y(b)=27.61
     3) sig(eV)=0.3363 y(b)=27.62
G4CrossSectionHP::IsoXS neutronElasticHP  Z= 64  A= 160 Ekin(MeV)= 0.007179  xs(b)= 27.62  size=7
### ekin(eV)=7179 e0(eV)=0.02526
     1) sig(eV)=0.345 y(b)=0.0001331
     2) sig(eV)=0.345 y(b)=0.0001331
     3) sig(eV)=0.345 y(b)=0.0001331
G4CrossSectionHP::IsoXS neutronInelasticHP  Z= 64  A= 152 Ekin(MeV)= 0.007179  xs(b)= 0.0001331  size=7
### ekin(eV)=7179 e0(eV)=0.02526
     1) sig(eV)=0.3428 y(b)=0
     2) sig(eV)=0.3428 y(b)=0
     3) sig(eV)=0.3428 y(b)=0
G4CrossSectionHP::IsoXS neutronInelasticHP  Z= 64  A= 154 Ekin(MeV)= 0.007179  xs(b)= 0  size=7
### ekin(eV)=7179 e0(eV)=0.02526
     1) sig(eV)=0.3417 y(b)=7.299e-09
     2) sig(eV)=0.3417 y(b)=7.3e-09
     3) sig(eV)=0.3417 y(b)=7.301e-09
G4CrossSectionHP::IsoXS neutronInelasticHP  Z= 64  A= 155 Ekin(MeV)= 0.007179  xs(b)= 7.3e-09  size=7
### ekin(eV)=7179 e0(eV)=0.02526
     1) sig(eV)=0.3406 y(b)=7.239e-09
     2) sig(eV)=0.3406 y(b)=7.238e-09
     3) sig(eV)=0.3406 y(b)=7.237e-09
G4CrossSectionHP::IsoXS neutronInelasticHP  Z= 64  A= 156 Ekin(MeV)= 0.007179  xs(b)= 7.238e-09  size=7
### ekin(eV)=7179 e0(eV)=0.02526
     1) sig(eV)=0.3395 y(b)=3.018e-09
     2) sig(eV)=0.3395 y(b)=3.018e-09
     3) sig(eV)=0.3395 y(b)=3.018e-09
G4CrossSectionHP::IsoXS neutronInelasticHP  Z= 64  A= 157 Ekin(MeV)= 0.007179  xs(b)= 3.018e-09  size=7
### ekin(eV)=7179 e0(eV)=0.02526
     1) sig(eV)=0.3384 y(b)=3.04e-09
     2) sig(eV)=0.3384 y(b)=3.041e-09
     3) sig(eV)=0.3384 y(b)=3.041e-09
G4CrossSectionHP::IsoXS neutronInelasticHP  Z= 64  A= 158 Ekin(MeV)= 0.007179  xs(b)= 3.041e-09  size=7
### ekin(eV)=7179 e0(eV)=0.02526
     1) sig(eV)=0.3363 y(b)=4.734e-09
     2) sig(eV)=0.3363 y(b)=4.733e-09
     3) sig(eV)=0.3363 y(b)=4.734e-09
G4CrossSectionHP::IsoXS neutronInelasticHP  Z= 64  A= 160 Ekin(MeV)= 0.007179  xs(b)= 4.733e-09  size=7
### ekin(eV)=7517 e0(eV)=0.02526
     1) sig(eV)=0.345 y(b)=22.99
     2) sig(eV)=0.345 y(b)=22.98
     3) sig(eV)=0.345 y(b)=22.98
G4CrossSectionHP::IsoXS neutronElasticHP  Z= 64  A= 152 Ekin(MeV)= 0.007517  xs(b)= 22.99  size=7
### ekin(eV)=7517 e0(eV)=0.02526
     1) sig(eV)=0.3428 y(b)=13.03
     2) sig(eV)=0.3428 y(b)=13.03
     3) sig(eV)=0.3428 y(b)=13.03
G4CrossSectionHP::IsoXS neutronElasticHP  Z= 64  A= 154 Ekin(MeV)= 0.007517  xs(b)= 13.03  size=7
### ekin(eV)=7517 e0(eV)=0.02526
     1) sig(eV)=0.3417 y(b)=10.73
     2) sig(eV)=0.3417 y(b)=10.73
     3) sig(eV)=0.3417 y(b)=10.73
G4CrossSectionHP::IsoXS neutronElasticHP  Z= 64  A= 155 Ekin(MeV)= 0.007517  xs(b)= 10.73  size=7
### ekin(eV)=7517 e0(eV)=0.02526
     1) sig(eV)=0.3406 y(b)=15.59
     2) sig(eV)=0.3406 y(b)=15.59
     3) sig(eV)=0.3406 y(b)=15.59
G4CrossSectionHP::IsoXS neutronElasticHP  Z= 64  A= 156 Ekin(MeV)= 0.007517  xs(b)= 15.59  size=7
### ekin(eV)=7517 e0(eV)=0.02526
     1) sig(eV)=0.3395 y(b)=10.23
     2) sig(eV)=0.3395 y(b)=10.23
     3) sig(eV)=0.3395 y(b)=10.23
G4CrossSectionHP::IsoXS neutronElasticHP  Z= 64  A= 157 Ekin(MeV)= 0.007517  xs(b)= 10.23  size=7
### ekin(eV)=7517 e0(eV)=0.02526
     1) sig(eV)=0.3384 y(b)=25.82
     2) sig(eV)=0.3384 y(b)=25.82
     3) sig(eV)=0.3384 y(b)=25.82
G4CrossSectionHP::IsoXS neutronElasticHP  Z= 64  A= 158 Ekin(MeV)= 0.007517  xs(b)= 25.82  size=7
### ekin(eV)=7517 e0(eV)=0.02526
     1) sig(eV)=0.3363 y(b)=27.05
     2) sig(eV)=0.3363 y(b)=27.05
     3) sig(eV)=0.3363 y(b)=27.06
G4CrossSectionHP::IsoXS neutronElasticHP  Z= 64  A= 160 Ekin(MeV)= 0.007517  xs(b)= 27.05  size=7
### ekin(eV)=7517 e0(eV)=0.02526
     1) sig(eV)=0.345 y(b)=0.0001305
     2) sig(eV)=0.345 y(b)=0.0001305
     3) sig(eV)=0.345 y(b)=0.0001305
G4CrossSectionHP::IsoXS neutronInelasticHP  Z= 64  A= 152 Ekin(MeV)= 0.007517  xs(b)= 0.0001305  size=7
### ekin(eV)=7517 e0(eV)=0.02526
     1) sig(eV)=0.3428 y(b)=0
     2) sig(eV)=0.3428 y(b)=0
     3) sig(eV)=0.3428 y(b)=0
G4CrossSectionHP::IsoXS neutronInelasticHP  Z= 64  A= 154 Ekin(MeV)= 0.007517  xs(b)= 0  size=7
### ekin(eV)=7517 e0(eV)=0.02526
     1) sig(eV)=0.3417 y(b)=7.642e-09
     2) sig(eV)=0.3417 y(b)=7.642e-09
     3) sig(eV)=0.3417 y(b)=7.643e-09
G4CrossSectionHP::IsoXS neutronInelasticHP  Z= 64  A= 155 Ekin(MeV)= 0.007517  xs(b)= 7.643e-09  size=7
### ekin(eV)=7517 e0(eV)=0.02526
     1) sig(eV)=0.3406 y(b)=7.578e-09
     2) sig(eV)=0.3406 y(b)=7.578e-09
     3) sig(eV)=0.3406 y(b)=7.577e-09
G4CrossSectionHP::IsoXS neutronInelasticHP  Z= 64  A= 156 Ekin(MeV)= 0.007517  xs(b)= 7.578e-09  size=7
### ekin(eV)=7517 e0(eV)=0.02526
     1) sig(eV)=0.3395 y(b)=3.161e-09
     2) sig(eV)=0.3395 y(b)=3.16e-09
     3) sig(eV)=0.3395 y(b)=3.16e-09
G4CrossSectionHP::IsoXS neutronInelasticHP  Z= 64  A= 157 Ekin(MeV)= 0.007517  xs(b)= 3.16e-09  size=7
### ekin(eV)=7517 e0(eV)=0.02526
     1) sig(eV)=0.3384 y(b)=3.185e-09
     2) sig(eV)=0.3384 y(b)=3.186e-09
     3) sig(eV)=0.3384 y(b)=3.186e-09
G4CrossSectionHP::IsoXS neutronInelasticHP  Z= 64  A= 158 Ekin(MeV)= 0.007517  xs(b)= 3.186e-09  size=7
### ekin(eV)=7517 e0(eV)=0.02526
     1) sig(eV)=0.3363 y(b)=4.957e-09
     2) sig(eV)=0.3363 y(b)=4.956e-09
     3) sig(eV)=0.3363 y(b)=4.956e-09
G4CrossSectionHP::IsoXS neutronInelasticHP  Z= 64  A= 160 Ekin(MeV)= 0.007517  xs(b)= 4.956e-09  size=7
### ekin(eV)=7871 e0(eV)=0.02526
     1) sig(eV)=0.345 y(b)=22.65
     2) sig(eV)=0.345 y(b)=22.66
     3) sig(eV)=0.345 y(b)=22.66
G4CrossSectionHP::IsoXS neutronElasticHP  Z= 64  A= 152 Ekin(MeV)= 0.007871  xs(b)= 22.66  size=7
### ekin(eV)=7871 e0(eV)=0.02526
     1) sig(eV)=0.3428 y(b)=12.88
     2) sig(eV)=0.3428 y(b)=12.88
     3) sig(eV)=0.3428 y(b)=12.88
G4CrossSectionHP::IsoXS neutronElasticHP  Z= 64  A= 154 Ekin(MeV)= 0.007871  xs(b)= 12.88  size=7
### ekin(eV)=7871 e0(eV)=0.02526
     1) sig(eV)=0.3417 y(b)=10.59
     2) sig(eV)=0.3417 y(b)=10.59
     3) sig(eV)=0.3417 y(b)=10.59
G4CrossSectionHP::IsoXS neutronElasticHP  Z= 64  A= 155 Ekin(MeV)= 0.007871  xs(b)= 10.59  size=7
### ekin(eV)=7871 e0(eV)=0.02526
     1) sig(eV)=0.3406 y(b)=15.42
     2) sig(eV)=0.3406 y(b)=15.42
     3) sig(eV)=0.3406 y(b)=15.42
G4CrossSectionHP::IsoXS neutronElasticHP  Z= 64  A= 156 Ekin(MeV)= 0.007871  xs(b)= 15.42  size=7
### ekin(eV)=7871 e0(eV)=0.02526
     1) sig(eV)=0.3395 y(b)=10.13
     2) sig(eV)=0.3395 y(b)=10.13
     3) sig(eV)=0.3395 y(b)=10.13
G4CrossSectionHP::IsoXS neutronElasticHP  Z= 64  A= 157 Ekin(MeV)= 0.007871  xs(b)= 10.13  size=7
### ekin(eV)=7871 e0(eV)=0.02526
     1) sig(eV)=0.3384 y(b)=25.3
     2) sig(eV)=0.3384 y(b)=25.3
     3) sig(eV)=0.3384 y(b)=25.3
G4CrossSectionHP::IsoXS neutronElasticHP  Z= 64  A= 158 Ekin(MeV)= 0.007871  xs(b)= 25.3  size=7
### ekin(eV)=7871 e0(eV)=0.02526
     1) sig(eV)=0.3363 y(b)=26.49
     2) sig(eV)=0.3363 y(b)=26.49
     3) sig(eV)=0.3363 y(b)=26.49
G4CrossSectionHP::IsoXS neutronElasticHP  Z= 64  A= 160 Ekin(MeV)= 0.007871  xs(b)= 26.49  size=7
### ekin(eV)=7871 e0(eV)=0.02526
     1) sig(eV)=0.345 y(b)=0.0001278
     2) sig(eV)=0.345 y(b)=0.0001278
     3) sig(eV)=0.345 y(b)=0.0001278
G4CrossSectionHP::IsoXS neutronInelasticHP  Z= 64  A= 152 Ekin(MeV)= 0.007871  xs(b)= 0.0001278  size=7
### ekin(eV)=7871 e0(eV)=0.02526
     1) sig(eV)=0.3428 y(b)=0
     2) sig(eV)=0.3428 y(b)=0
     3) sig(eV)=0.3428 y(b)=0
G4CrossSectionHP::IsoXS neutronInelasticHP  Z= 64  A= 154 Ekin(MeV)= 0.007871  xs(b)= 0  size=7
### ekin(eV)=7871 e0(eV)=0.02526
     1) sig(eV)=0.3417 y(b)=8.003e-09
     2) sig(eV)=0.3417 y(b)=8.002e-09
     3) sig(eV)=0.3417 y(b)=8.004e-09
G4CrossSectionHP::IsoXS neutronInelasticHP  Z= 64  A= 155 Ekin(MeV)= 0.007871  xs(b)= 8.003e-09  size=7
### ekin(eV)=7871 e0(eV)=0.02526
     1) sig(eV)=0.3406 y(b)=7.936e-09
     2) sig(eV)=0.3406 y(b)=7.937e-09
     3) sig(eV)=0.3406 y(b)=7.936e-09
G4CrossSectionHP::IsoXS neutronInelasticHP  Z= 64  A= 156 Ekin(MeV)= 0.007871  xs(b)= 7.937e-09  size=7
### ekin(eV)=7871 e0(eV)=0.02526
     1) sig(eV)=0.3395 y(b)=3.31e-09
     2) sig(eV)=0.3395 y(b)=3.309e-09
     3) sig(eV)=0.3395 y(b)=3.31e-09
G4CrossSectionHP::IsoXS neutronInelasticHP  Z= 64  A= 157 Ekin(MeV)= 0.007871  xs(b)= 3.309e-09  size=7
### ekin(eV)=7871 e0(eV)=0.02526
     1) sig(eV)=0.3384 y(b)=3.335e-09
     2) sig(eV)=0.3384 y(b)=3.335e-09
     3) sig(eV)=0.3384 y(b)=3.335e-09
G4CrossSectionHP::IsoXS neutronInelasticHP  Z= 64  A= 158 Ekin(MeV)= 0.007871  xs(b)= 3.335e-09  size=7
### ekin(eV)=7871 e0(eV)=0.02526
     1) sig(eV)=0.3363 y(b)=5.19e-09
     2) sig(eV)=0.3363 y(b)=5.19e-09
     3) sig(eV)=0.3363 y(b)=5.191e-09
G4CrossSectionHP::IsoXS neutronInelasticHP  Z= 64  A= 160 Ekin(MeV)= 0.007871  xs(b)= 5.19e-09  size=7
### ekin(eV)=8242 e0(eV)=0.02526
     1) sig(eV)=0.345 y(b)=22.32
     2) sig(eV)=0.345 y(b)=22.32
     3) sig(eV)=0.345 y(b)=22.32
G4CrossSectionHP::IsoXS neutronElasticHP  Z= 64  A= 152 Ekin(MeV)= 0.008242  xs(b)= 22.32  size=7
### ekin(eV)=8242 e0(eV)=0.02526
     1) sig(eV)=0.3428 y(b)=12.74
     2) sig(eV)=0.3428 y(b)=12.74
     3) sig(eV)=0.3428 y(b)=12.74
G4CrossSectionHP::IsoXS neutronElasticHP  Z= 64  A= 154 Ekin(MeV)= 0.008242  xs(b)= 12.74  size=7
### ekin(eV)=8242 e0(eV)=0.02526
     1) sig(eV)=0.3417 y(b)=10.45
     2) sig(eV)=0.3417 y(b)=10.45
     3) sig(eV)=0.3417 y(b)=10.44
G4CrossSectionHP::IsoXS neutronElasticHP  Z= 64  A= 155 Ekin(MeV)= 0.008242  xs(b)= 10.45  size=7
### ekin(eV)=8242 e0(eV)=0.02526
     1) sig(eV)=0.3406 y(b)=15.26
     2) sig(eV)=0.3406 y(b)=15.26
     3) sig(eV)=0.3406 y(b)=15.26
G4CrossSectionHP::IsoXS neutronElasticHP  Z= 64  A= 156 Ekin(MeV)= 0.008242  xs(b)= 15.26  size=7
### ekin(eV)=8242 e0(eV)=0.02526
     1) sig(eV)=0.3395 y(b)=10.06
     2) sig(eV)=0.3395 y(b)=10.06
     3) sig(eV)=0.3395 y(b)=10.06
G4CrossSectionHP::IsoXS neutronElasticHP  Z= 64  A= 157 Ekin(MeV)= 0.008242  xs(b)= 10.06  size=7
### ekin(eV)=8242 e0(eV)=0.02526
     1) sig(eV)=0.3384 y(b)=24.78
     2) sig(eV)=0.3384 y(b)=24.78
     3) sig(eV)=0.3384 y(b)=24.78
G4CrossSectionHP::IsoXS neutronElasticHP  Z= 64  A= 158 Ekin(MeV)= 0.008242  xs(b)= 24.78  size=7
### ekin(eV)=8242 e0(eV)=0.02526
     1) sig(eV)=0.3363 y(b)=25.95
     2) sig(eV)=0.3363 y(b)=25.95
     3) sig(eV)=0.3363 y(b)=25.95
G4CrossSectionHP::IsoXS neutronElasticHP  Z= 64  A= 160 Ekin(MeV)= 0.008242  xs(b)= 25.95  size=7
### ekin(eV)=8242 e0(eV)=0.02526
     1) sig(eV)=0.345 y(b)=0.0001256
     2) sig(eV)=0.345 y(b)=0.0001256
     3) sig(eV)=0.345 y(b)=0.0001256
G4CrossSectionHP::IsoXS neutronInelasticHP  Z= 64  A= 152 Ekin(MeV)= 0.008242  xs(b)= 0.0001256  size=7
### ekin(eV)=8242 e0(eV)=0.02526
     1) sig(eV)=0.3428 y(b)=0
     2) sig(eV)=0.3428 y(b)=0
     3) sig(eV)=0.3428 y(b)=0
G4CrossSectionHP::IsoXS neutronInelasticHP  Z= 64  A= 154 Ekin(MeV)= 0.008242  xs(b)= 0  size=7
### ekin(eV)=8242 e0(eV)=0.02526
     1) sig(eV)=0.3417 y(b)=8.379e-09
     2) sig(eV)=0.3417 y(b)=8.378e-09
     3) sig(eV)=0.3417 y(b)=8.377e-09
G4CrossSectionHP::IsoXS neutronInelasticHP  Z= 64  A= 155 Ekin(MeV)= 0.008242  xs(b)= 8.378e-09  size=7
### ekin(eV)=8242 e0(eV)=0.02526
     1) sig(eV)=0.3406 y(b)=8.312e-09
     2) sig(eV)=0.3406 y(b)=8.311e-09
     3) sig(eV)=0.3406 y(b)=8.309e-09
G4CrossSectionHP::IsoXS neutronInelasticHP  Z= 64  A= 156 Ekin(MeV)= 0.008242  xs(b)= 8.311e-09  size=7
### ekin(eV)=8242 e0(eV)=0.02526
     1) sig(eV)=0.3395 y(b)=3.466e-09
     2) sig(eV)=0.3395 y(b)=3.465e-09
     3) sig(eV)=0.3395 y(b)=3.466e-09
G4CrossSectionHP::IsoXS neutronInelasticHP  Z= 64  A= 157 Ekin(MeV)= 0.008242  xs(b)= 3.466e-09  size=7
### ekin(eV)=8242 e0(eV)=0.02526
     1) sig(eV)=0.3384 y(b)=3.493e-09
     2) sig(eV)=0.3384 y(b)=3.492e-09
     3) sig(eV)=0.3384 y(b)=3.493e-09
G4CrossSectionHP::IsoXS neutronInelasticHP  Z= 64  A= 158 Ekin(MeV)= 0.008242  xs(b)= 3.493e-09  size=7
### ekin(eV)=8242 e0(eV)=0.02526
     1) sig(eV)=0.3363 y(b)=5.436e-09
     2) sig(eV)=0.3363 y(b)=5.434e-09
     3) sig(eV)=0.3363 y(b)=5.435e-09
G4CrossSectionHP::IsoXS neutronInelasticHP  Z= 64  A= 160 Ekin(MeV)= 0.008242  xs(b)= 5.435e-09  size=7
### ekin(eV)=8631 e0(eV)=0.02526
     1) sig(eV)=0.345 y(b)=21.98
     2) sig(eV)=0.345 y(b)=21.98
     3) sig(eV)=0.345 y(b)=21.98
G4CrossSectionHP::IsoXS neutronElasticHP  Z= 64  A= 152 Ekin(MeV)= 0.008631  xs(b)= 21.98  size=7
### ekin(eV)=8631 e0(eV)=0.02526
     1) sig(eV)=0.3428 y(b)=12.6
     2) sig(eV)=0.3428 y(b)=12.6
     3) sig(eV)=0.3428 y(b)=12.6
G4CrossSectionHP::IsoXS neutronElasticHP  Z= 64  A= 154 Ekin(MeV)= 0.008631  xs(b)= 12.6  size=7
### ekin(eV)=8631 e0(eV)=0.02526
     1) sig(eV)=0.3417 y(b)=10.3
     2) sig(eV)=0.3417 y(b)=10.3
     3) sig(eV)=0.3417 y(b)=10.3
G4CrossSectionHP::IsoXS neutronElasticHP  Z= 64  A= 155 Ekin(MeV)= 0.008631  xs(b)= 10.3  size=7
### ekin(eV)=8631 e0(eV)=0.02526
     1) sig(eV)=0.3406 y(b)=15.1
     2) sig(eV)=0.3406 y(b)=15.1
     3) sig(eV)=0.3406 y(b)=15.1
G4CrossSectionHP::IsoXS neutronElasticHP  Z= 64  A= 156 Ekin(MeV)= 0.008631  xs(b)= 15.1  size=7
### ekin(eV)=8631 e0(eV)=0.02526
     1) sig(eV)=0.3395 y(b)=10.01
     2) sig(eV)=0.3395 y(b)=10.01
     3) sig(eV)=0.3395 y(b)=10.01
G4CrossSectionHP::IsoXS neutronElasticHP  Z= 64  A= 157 Ekin(MeV)= 0.008631  xs(b)= 10.01  size=7
### ekin(eV)=8631 e0(eV)=0.02526
     1) sig(eV)=0.3384 y(b)=24.27
     2) sig(eV)=0.3384 y(b)=24.27
     3) sig(eV)=0.3384 y(b)=24.27
G4CrossSectionHP::IsoXS neutronElasticHP  Z= 64  A= 158 Ekin(MeV)= 0.008631  xs(b)= 24.27  size=7
### ekin(eV)=8631 e0(eV)=0.02526
     1) sig(eV)=0.3363 y(b)=25.42
     2) sig(eV)=0.3363 y(b)=25.42
     3) sig(eV)=0.3363 y(b)=25.42
G4CrossSectionHP::IsoXS neutronElasticHP  Z= 64  A= 160 Ekin(MeV)= 0.008631  xs(b)= 25.42  size=7
### ekin(eV)=8631 e0(eV)=0.02526
     1) sig(eV)=0.345 y(b)=0.0001235
     2) sig(eV)=0.345 y(b)=0.0001235
     3) sig(eV)=0.345 y(b)=0.0001235
G4CrossSectionHP::IsoXS neutronInelasticHP  Z= 64  A= 152 Ekin(MeV)= 0.008631  xs(b)= 0.0001235  size=7
### ekin(eV)=8631 e0(eV)=0.02526
     1) sig(eV)=0.3428 y(b)=0
     2) sig(eV)=0.3428 y(b)=0
     3) sig(eV)=0.3428 y(b)=0
G4CrossSectionHP::IsoXS neutronInelasticHP  Z= 64  A= 154 Ekin(MeV)= 0.008631  xs(b)= 0  size=7
### ekin(eV)=8631 e0(eV)=0.02526
     1) sig(eV)=0.3417 y(b)=8.776e-09
     2) sig(eV)=0.3417 y(b)=8.776e-09
     3) sig(eV)=0.3417 y(b)=8.779e-09
G4CrossSectionHP::IsoXS neutronInelasticHP  Z= 64  A= 155 Ekin(MeV)= 0.008631  xs(b)= 8.777e-09  size=7
### ekin(eV)=8631 e0(eV)=0.02526
     1) sig(eV)=0.3406 y(b)=8.701e-09
     2) sig(eV)=0.3406 y(b)=8.702e-09
     3) sig(eV)=0.3406 y(b)=8.702e-09
G4CrossSectionHP::IsoXS neutronInelasticHP  Z= 64  A= 156 Ekin(MeV)= 0.008631  xs(b)= 8.702e-09  size=7
### ekin(eV)=8631 e0(eV)=0.02526
     1) sig(eV)=0.3395 y(b)=3.629e-09
     2) sig(eV)=0.3395 y(b)=3.629e-09
     3) sig(eV)=0.3395 y(b)=3.628e-09
G4CrossSectionHP::IsoXS neutronInelasticHP  Z= 64  A= 157 Ekin(MeV)= 0.008631  xs(b)= 3.629e-09  size=7
### ekin(eV)=8631 e0(eV)=0.02526
     1) sig(eV)=0.3384 y(b)=3.656e-09
     2) sig(eV)=0.3384 y(b)=3.656e-09
     3) sig(eV)=0.3384 y(b)=3.656e-09
G4CrossSectionHP::IsoXS neutronInelasticHP  Z= 64  A= 158 Ekin(MeV)= 0.008631  xs(b)= 3.656e-09  size=7
### ekin(eV)=8631 e0(eV)=0.02526
     1) sig(eV)=0.3363 y(b)=5.691e-09
     2) sig(eV)=0.3363 y(b)=5.692e-09
     3) sig(eV)=0.3363 y(b)=5.692e-09
G4CrossSectionHP::IsoXS neutronInelasticHP  Z= 64  A= 160 Ekin(MeV)= 0.008631  xs(b)= 5.692e-09  size=7
### ekin(eV)=9037 e0(eV)=0.02526
     1) sig(eV)=0.345 y(b)=21.65
     2) sig(eV)=0.345 y(b)=21.65
     3) sig(eV)=0.345 y(b)=21.64
G4CrossSectionHP::IsoXS neutronElasticHP  Z= 64  A= 152 Ekin(MeV)= 0.009037  xs(b)= 21.65  size=7
### ekin(eV)=9037 e0(eV)=0.02526
     1) sig(eV)=0.3428 y(b)=12.45
     2) sig(eV)=0.3428 y(b)=12.45
     3) sig(eV)=0.3428 y(b)=12.45
G4CrossSectionHP::IsoXS neutronElasticHP  Z= 64  A= 154 Ekin(MeV)= 0.009037  xs(b)= 12.45  size=7
### ekin(eV)=9037 e0(eV)=0.02526
     1) sig(eV)=0.3417 y(b)=10.17
     2) sig(eV)=0.3417 y(b)=10.17
     3) sig(eV)=0.3417 y(b)=10.17
G4CrossSectionHP::IsoXS neutronElasticHP  Z= 64  A= 155 Ekin(MeV)= 0.009037  xs(b)= 10.17  size=7
### ekin(eV)=9037 e0(eV)=0.02526
     1) sig(eV)=0.3406 y(b)=14.94
     2) sig(eV)=0.3406 y(b)=14.94
     3) sig(eV)=0.3406 y(b)=14.94
G4CrossSectionHP::IsoXS neutronElasticHP  Z= 64  A= 156 Ekin(MeV)= 0.009037  xs(b)= 14.94  size=7
### ekin(eV)=9037 e0(eV)=0.02526
     1) sig(eV)=0.3395 y(b)=9.945
     2) sig(eV)=0.3395 y(b)=9.945
     3) sig(eV)=0.3395 y(b)=9.945
G4CrossSectionHP::IsoXS neutronElasticHP  Z= 64  A= 157 Ekin(MeV)= 0.009037  xs(b)= 9.945  size=7
### ekin(eV)=9037 e0(eV)=0.02526
     1) sig(eV)=0.3384 y(b)=23.79
     2) sig(eV)=0.3384 y(b)=23.79
     3) sig(eV)=0.3384 y(b)=23.79
G4CrossSectionHP::IsoXS neutronElasticHP  Z= 64  A= 158 Ekin(MeV)= 0.009037  xs(b)= 23.79  size=7
### ekin(eV)=9037 e0(eV)=0.02526
     1) sig(eV)=0.3363 y(b)=24.91
     2) sig(eV)=0.3363 y(b)=24.9
     3) sig(eV)=0.3363 y(b)=24.9
G4CrossSectionHP::IsoXS neutronElasticHP  Z= 64  A= 160 Ekin(MeV)= 0.009037  xs(b)= 24.9  size=7
### ekin(eV)=9037 e0(eV)=0.02526
     1) sig(eV)=0.345 y(b)=0.0001213
     2) sig(eV)=0.345 y(b)=0.0001213
     3) sig(eV)=0.345 y(b)=0.0001213
G4CrossSectionHP::IsoXS neutronInelasticHP  Z= 64  A= 152 Ekin(MeV)= 0.009037  xs(b)= 0.0001213  size=7
### ekin(eV)=9037 e0(eV)=0.02526
     1) sig(eV)=0.3428 y(b)=0
     2) sig(eV)=0.3428 y(b)=0
     3) sig(eV)=0.3428 y(b)=0
G4CrossSectionHP::IsoXS neutronInelasticHP  Z= 64  A= 154 Ekin(MeV)= 0.009037  xs(b)= 0  size=7
### ekin(eV)=9037 e0(eV)=0.02526
     1) sig(eV)=0.3417 y(b)=9.189e-09
     2) sig(eV)=0.3417 y(b)=9.192e-09
     3) sig(eV)=0.3417 y(b)=9.191e-09
G4CrossSectionHP::IsoXS neutronInelasticHP  Z= 64  A= 155 Ekin(MeV)= 0.009037  xs(b)= 9.191e-09  size=7
### ekin(eV)=9037 e0(eV)=0.02526
     1) sig(eV)=0.3406 y(b)=9.111e-09
     2) sig(eV)=0.3406 y(b)=9.11e-09
     3) sig(eV)=0.3406 y(b)=9.112e-09
G4CrossSectionHP::IsoXS neutronInelasticHP  Z= 64  A= 156 Ekin(MeV)= 0.009037  xs(b)= 9.111e-09  size=7
### ekin(eV)=9037 e0(eV)=0.02526
     1) sig(eV)=0.3395 y(b)=3.801e-09
     2) sig(eV)=0.3395 y(b)=3.801e-09
     3) sig(eV)=0.3395 y(b)=3.802e-09
G4CrossSectionHP::IsoXS neutronInelasticHP  Z= 64  A= 157 Ekin(MeV)= 0.009037  xs(b)= 3.801e-09  size=7
### ekin(eV)=9037 e0(eV)=0.02526
     1) sig(eV)=0.3384 y(b)=3.828e-09
     2) sig(eV)=0.3384 y(b)=3.828e-09
     3) sig(eV)=0.3384 y(b)=3.828e-09
G4CrossSectionHP::IsoXS neutronInelasticHP  Z= 64  A= 158 Ekin(MeV)= 0.009037  xs(b)= 3.828e-09  size=7
### ekin(eV)=9037 e0(eV)=0.02526
     1) sig(eV)=0.3363 y(b)=5.958e-09
     2) sig(eV)=0.3363 y(b)=5.958e-09
     3) sig(eV)=0.3363 y(b)=5.959e-09
G4CrossSectionHP::IsoXS neutronInelasticHP  Z= 64  A= 160 Ekin(MeV)= 0.009037  xs(b)= 5.959e-09  size=7
### ekin(eV)=9463 e0(eV)=0.02526
     1) sig(eV)=0.345 y(b)=21.34
     2) sig(eV)=0.345 y(b)=21.34
     3) sig(eV)=0.345 y(b)=21.34
G4CrossSectionHP::IsoXS neutronElasticHP  Z= 64  A= 152 Ekin(MeV)= 0.009463  xs(b)= 21.34  size=7
### ekin(eV)=9463 e0(eV)=0.02526
     1) sig(eV)=0.3428 y(b)=12.31
     2) sig(eV)=0.3428 y(b)=12.31
     3) sig(eV)=0.3428 y(b)=12.31
G4CrossSectionHP::IsoXS neutronElasticHP  Z= 64  A= 154 Ekin(MeV)= 0.009463  xs(b)= 12.31  size=7
### ekin(eV)=9463 e0(eV)=0.02526
     1) sig(eV)=0.3417 y(b)=10.03
     2) sig(eV)=0.3417 y(b)=10.03
     3) sig(eV)=0.3417 y(b)=10.03
G4CrossSectionHP::IsoXS neutronElasticHP  Z= 64  A= 155 Ekin(MeV)= 0.009463  xs(b)= 10.03  size=7
### ekin(eV)=9463 e0(eV)=0.02526
     1) sig(eV)=0.3406 y(b)=14.8
     2) sig(eV)=0.3406 y(b)=14.8
     3) sig(eV)=0.3406 y(b)=14.8
G4CrossSectionHP::IsoXS neutronElasticHP  Z= 64  A= 156 Ekin(MeV)= 0.009463  xs(b)= 14.8  size=7
### ekin(eV)=9463 e0(eV)=0.02526
     1) sig(eV)=0.3395 y(b)=9.88
     2) sig(eV)=0.3395 y(b)=9.88
     3) sig(eV)=0.3395 y(b)=9.88
G4CrossSectionHP::IsoXS neutronElasticHP  Z= 64  A= 157 Ekin(MeV)= 0.009463  xs(b)= 9.88  size=7
### ekin(eV)=9463 e0(eV)=0.02526
     1) sig(eV)=0.3384 y(b)=23.3
     2) sig(eV)=0.3384 y(b)=23.3
     3) sig(eV)=0.3384 y(b)=23.3
G4CrossSectionHP::IsoXS neutronElasticHP  Z= 64  A= 158 Ekin(MeV)= 0.009463  xs(b)= 23.3  size=7
### ekin(eV)=9463 e0(eV)=0.02526
     1) sig(eV)=0.3363 y(b)=24.36
     2) sig(eV)=0.3363 y(b)=24.37
     3) sig(eV)=0.3363 y(b)=24.37
G4CrossSectionHP::IsoXS neutronElasticHP  Z= 64  A= 160 Ekin(MeV)= 0.009463  xs(b)= 24.37  size=7
### ekin(eV)=9463 e0(eV)=0.02526
     1) sig(eV)=0.345 y(b)=0.0001189
     2) sig(eV)=0.345 y(b)=0.0001189
     3) sig(eV)=0.345 y(b)=0.0001189
G4CrossSectionHP::IsoXS neutronInelasticHP  Z= 64  A= 152 Ekin(MeV)= 0.009463  xs(b)= 0.0001189  size=7
### ekin(eV)=9463 e0(eV)=0.02526
     1) sig(eV)=0.3428 y(b)=0
     2) sig(eV)=0.3428 y(b)=0
     3) sig(eV)=0.3428 y(b)=0
G4CrossSectionHP::IsoXS neutronInelasticHP  Z= 64  A= 154 Ekin(MeV)= 0.009463  xs(b)= 0  size=7
### ekin(eV)=9463 e0(eV)=0.02526
     1) sig(eV)=0.3417 y(b)=9.62e-09
     2) sig(eV)=0.3417 y(b)=9.621e-09
     3) sig(eV)=0.3417 y(b)=9.62e-09
G4CrossSectionHP::IsoXS neutronInelasticHP  Z= 64  A= 155 Ekin(MeV)= 0.009463  xs(b)= 9.62e-09  size=7
### ekin(eV)=9463 e0(eV)=0.02526
     1) sig(eV)=0.3406 y(b)=9.542e-09
     2) sig(eV)=0.3406 y(b)=9.54e-09
     3) sig(eV)=0.3406 y(b)=9.541e-09
G4CrossSectionHP::IsoXS neutronInelasticHP  Z= 64  A= 156 Ekin(MeV)= 0.009463  xs(b)= 9.541e-09  size=7
### ekin(eV)=9463 e0(eV)=0.02526
     1) sig(eV)=0.3395 y(b)=3.98e-09
     2) sig(eV)=0.3395 y(b)=3.979e-09
     3) sig(eV)=0.3395 y(b)=3.98e-09
G4CrossSectionHP::IsoXS neutronInelasticHP  Z= 64  A= 157 Ekin(MeV)= 0.009463  xs(b)= 3.979e-09  size=7
### ekin(eV)=9463 e0(eV)=0.02526
     1) sig(eV)=0.3384 y(b)=4.009e-09
     2) sig(eV)=0.3384 y(b)=4.009e-09
     3) sig(eV)=0.3384 y(b)=4.01e-09
G4CrossSectionHP::IsoXS neutronInelasticHP  Z= 64  A= 158 Ekin(MeV)= 0.009463  xs(b)= 4.01e-09  size=7
### ekin(eV)=9463 e0(eV)=0.02526
     1) sig(eV)=0.3363 y(b)=6.24e-09
     2) sig(eV)=0.3363 y(b)=6.242e-09
     3) sig(eV)=0.3363 y(b)=6.242e-09
G4CrossSectionHP::IsoXS neutronInelasticHP  Z= 64  A= 160 Ekin(MeV)= 0.009463  xs(b)= 6.241e-09  size=7
### ekin(eV)=9909 e0(eV)=0.02526
     1) sig(eV)=0.345 y(b)=21.03
     2) sig(eV)=0.345 y(b)=21.03
     3) sig(eV)=0.345 y(b)=21.03
G4CrossSectionHP::IsoXS neutronElasticHP  Z= 64  A= 152 Ekin(MeV)= 0.009909  xs(b)= 21.03  size=7
### ekin(eV)=9909 e0(eV)=0.02526
     1) sig(eV)=0.3428 y(b)=12.18
     2) sig(eV)=0.3428 y(b)=12.18
     3) sig(eV)=0.3428 y(b)=12.18
G4CrossSectionHP::IsoXS neutronElasticHP  Z= 64  A= 154 Ekin(MeV)= 0.009909  xs(b)= 12.18  size=7
### ekin(eV)=9909 e0(eV)=0.02526
     1) sig(eV)=0.3417 y(b)=9.899
     2) sig(eV)=0.3417 y(b)=9.899
     3) sig(eV)=0.3417 y(b)=9.899
G4CrossSectionHP::IsoXS neutronElasticHP  Z= 64  A= 155 Ekin(MeV)= 0.009909  xs(b)= 9.899  size=7
### ekin(eV)=9909 e0(eV)=0.02526
     1) sig(eV)=0.3406 y(b)=14.65
     2) sig(eV)=0.3406 y(b)=14.65
     3) sig(eV)=0.3406 y(b)=14.65
G4CrossSectionHP::IsoXS neutronElasticHP  Z= 64  A= 156 Ekin(MeV)= 0.009909  xs(b)= 14.65  size=7
### ekin(eV)=9909 e0(eV)=0.02526
     1) sig(eV)=0.3395 y(b)=9.813
     2) sig(eV)=0.3395 y(b)=9.813
     3) sig(eV)=0.3395 y(b)=9.813
G4CrossSectionHP::IsoXS neutronElasticHP  Z= 64  A= 157 Ekin(MeV)= 0.009909  xs(b)= 9.813  size=7
### ekin(eV)=9909 e0(eV)=0.02526
     1) sig(eV)=0.3384 y(b)=22.84
     2) sig(eV)=0.3384 y(b)=22.84
     3) sig(eV)=0.3384 y(b)=22.84
G4CrossSectionHP::IsoXS neutronElasticHP  Z= 64  A= 158 Ekin(MeV)= 0.009909  xs(b)= 22.84  size=7
### ekin(eV)=9909 e0(eV)=0.02526
     1) sig(eV)=0.3363 y(b)=23.89
     2) sig(eV)=0.3363 y(b)=23.89
     3) sig(eV)=0.3363 y(b)=23.89
G4CrossSectionHP::IsoXS neutronElasticHP  Z= 64  A= 160 Ekin(MeV)= 0.009909  xs(b)= 23.89  size=7
### ekin(eV)=9909 e0(eV)=0.02526
     1) sig(eV)=0.345 y(b)=0.0001165
     2) sig(eV)=0.345 y(b)=0.0001165
     3) sig(eV)=0.345 y(b)=0.0001165
G4CrossSectionHP::IsoXS neutronInelasticHP  Z= 64  A= 152 Ekin(MeV)= 0.009909  xs(b)= 0.0001165  size=7
### ekin(eV)=9909 e0(eV)=0.02526
     1) sig(eV)=0.3428 y(b)=0
     2) sig(eV)=0.3428 y(b)=0
     3) sig(eV)=0.3428 y(b)=0
G4CrossSectionHP::IsoXS neutronInelasticHP  Z= 64  A= 154 Ekin(MeV)= 0.009909  xs(b)= 0  size=7
### ekin(eV)=9909 e0(eV)=0.02526
     1) sig(eV)=0.3417 y(b)=1.007e-08
     2) sig(eV)=0.3417 y(b)=1.007e-08
     3) sig(eV)=0.3417 y(b)=1.007e-08
G4CrossSectionHP::IsoXS neutronInelasticHP  Z= 64  A= 155 Ekin(MeV)= 0.009909  xs(b)= 1.007e-08  size=7
### ekin(eV)=9909 e0(eV)=0.02526
     1) sig(eV)=0.3406 y(b)=9.99e-09
     2) sig(eV)=0.3406 y(b)=9.99e-09
     3) sig(eV)=0.3406 y(b)=9.991e-09
G4CrossSectionHP::IsoXS neutronInelasticHP  Z= 64  A= 156 Ekin(MeV)= 0.009909  xs(b)= 9.991e-09  size=7
### ekin(eV)=9909 e0(eV)=0.02526
     1) sig(eV)=0.3395 y(b)=4.167e-09
     2) sig(eV)=0.3395 y(b)=4.166e-09
     3) sig(eV)=0.3395 y(b)=4.165e-09
G4CrossSectionHP::IsoXS neutronInelasticHP  Z= 64  A= 157 Ekin(MeV)= 0.009909  xs(b)= 4.166e-09  size=7
### ekin(eV)=9909 e0(eV)=0.02526
     1) sig(eV)=0.3384 y(b)=4.198e-09
     2) sig(eV)=0.3384 y(b)=4.198e-09
     3) sig(eV)=0.3384 y(b)=4.198e-09
G4CrossSectionHP::IsoXS neutronInelasticHP  Z= 64  A= 158 Ekin(MeV)= 0.009909  xs(b)= 4.198e-09  size=7
### ekin(eV)=9909 e0(eV)=0.02526
     1) sig(eV)=0.3363 y(b)=6.534e-09
     2) sig(eV)=0.3363 y(b)=6.534e-09
     3) sig(eV)=0.3363 y(b)=6.534e-09
G4CrossSectionHP::IsoXS neutronInelasticHP  Z= 64  A= 160 Ekin(MeV)= 0.009909  xs(b)= 6.534e-09  size=7
### ekin(eV)=1.038e+04 e0(eV)=0.02526
     1) sig(eV)=0.345 y(b)=20.71
     2) sig(eV)=0.345 y(b)=20.71
     3) sig(eV)=0.345 y(b)=20.71
G4CrossSectionHP::IsoXS neutronElasticHP  Z= 64  A= 152 Ekin(MeV)= 0.01038  xs(b)= 20.71  size=7
### ekin(eV)=1.038e+04 e0(eV)=0.02526
     1) sig(eV)=0.3428 y(b)=12.03
     2) sig(eV)=0.3428 y(b)=12.04
     3) sig(eV)=0.3428 y(b)=12.04
G4CrossSectionHP::IsoXS neutronElasticHP  Z= 64  A= 154 Ekin(MeV)= 0.01038  xs(b)= 12.04  size=7
### ekin(eV)=1.038e+04 e0(eV)=0.02526
     1) sig(eV)=0.3417 y(b)=9.766
     2) sig(eV)=0.3417 y(b)=9.766
     3) sig(eV)=0.3417 y(b)=9.765
G4CrossSectionHP::IsoXS neutronElasticHP  Z= 64  A= 155 Ekin(MeV)= 0.01038  xs(b)= 9.765  size=7
### ekin(eV)=1.038e+04 e0(eV)=0.02526
     1) sig(eV)=0.3406 y(b)=14.5
     2) sig(eV)=0.3406 y(b)=14.5
     3) sig(eV)=0.3406 y(b)=14.5
G4CrossSectionHP::IsoXS neutronElasticHP  Z= 64  A= 156 Ekin(MeV)= 0.01038  xs(b)= 14.5  size=7
### ekin(eV)=1.038e+04 e0(eV)=0.02526
     1) sig(eV)=0.3395 y(b)=9.758
     2) sig(eV)=0.3395 y(b)=9.757
     3) sig(eV)=0.3395 y(b)=9.757
G4CrossSectionHP::IsoXS neutronElasticHP  Z= 64  A= 157 Ekin(MeV)= 0.01038  xs(b)= 9.757  size=7
### ekin(eV)=1.038e+04 e0(eV)=0.02526
     1) sig(eV)=0.3384 y(b)=22.37
     2) sig(eV)=0.3384 y(b)=22.37
     3) sig(eV)=0.3384 y(b)=22.37
G4CrossSectionHP::IsoXS neutronElasticHP  Z= 64  A= 158 Ekin(MeV)= 0.01038  xs(b)= 22.37  size=7
### ekin(eV)=1.038e+04 e0(eV)=0.02526
     1) sig(eV)=0.3363 y(b)=23.39
     2) sig(eV)=0.3363 y(b)=23.39
     3) sig(eV)=0.3363 y(b)=23.39
G4CrossSectionHP::IsoXS neutronElasticHP  Z= 64  A= 160 Ekin(MeV)= 0.01038  xs(b)= 23.39  size=7
### ekin(eV)=1.038e+04 e0(eV)=0.02526
     1) sig(eV)=0.345 y(b)=0.0001145
     2) sig(eV)=0.345 y(b)=0.0001145
     3) sig(eV)=0.345 y(b)=0.0001145
G4CrossSectionHP::IsoXS neutronInelasticHP  Z= 64  A= 152 Ekin(MeV)= 0.01038  xs(b)= 0.0001145  size=7
### ekin(eV)=1.038e+04 e0(eV)=0.02526
     1) sig(eV)=0.3428 y(b)=0
     2) sig(eV)=0.3428 y(b)=0
     3) sig(eV)=0.3428 y(b)=0
G4CrossSectionHP::IsoXS neutronInelasticHP  Z= 64  A= 154 Ekin(MeV)= 0.01038  xs(b)= 0  size=7
### ekin(eV)=1.038e+04 e0(eV)=0.02526
     1) sig(eV)=0.3417 y(b)=1.055e-08
     2) sig(eV)=0.3417 y(b)=1.055e-08
     3) sig(eV)=0.3417 y(b)=1.055e-08
G4CrossSectionHP::IsoXS neutronInelasticHP  Z= 64  A= 155 Ekin(MeV)= 0.01038  xs(b)= 1.055e-08  size=7
### ekin(eV)=1.038e+04 e0(eV)=0.02526
     1) sig(eV)=0.3406 y(b)=1.046e-08
     2) sig(eV)=0.3406 y(b)=1.046e-08
     3) sig(eV)=0.3406 y(b)=1.046e-08
G4CrossSectionHP::IsoXS neutronInelasticHP  Z= 64  A= 156 Ekin(MeV)= 0.01038  xs(b)= 1.046e-08  size=7
### ekin(eV)=1.038e+04 e0(eV)=0.02526
     1) sig(eV)=0.3395 y(b)=4.363e-09
     2) sig(eV)=0.3395 y(b)=4.363e-09
     3) sig(eV)=0.3395 y(b)=4.363e-09
G4CrossSectionHP::IsoXS neutronInelasticHP  Z= 64  A= 157 Ekin(MeV)= 0.01038  xs(b)= 4.363e-09  size=7
### ekin(eV)=1.038e+04 e0(eV)=0.02526
     1) sig(eV)=0.3384 y(b)=4.396e-09
     2) sig(eV)=0.3384 y(b)=4.395e-09
     3) sig(eV)=0.3384 y(b)=4.396e-09
G4CrossSectionHP::IsoXS neutronInelasticHP  Z= 64  A= 158 Ekin(MeV)= 0.01038  xs(b)= 4.395e-09  size=7
### ekin(eV)=1.038e+04 e0(eV)=0.02526
     1) sig(eV)=0.3363 y(b)=6.842e-09
     2) sig(eV)=0.3363 y(b)=6.842e-09
     3) sig(eV)=0.3363 y(b)=6.843e-09
G4CrossSectionHP::IsoXS neutronInelasticHP  Z= 64  A= 160 Ekin(MeV)= 0.01038  xs(b)= 6.842e-09  size=7
### ekin(eV)=1.087e+04 e0(eV)=0.02526
     1) sig(eV)=0.345 y(b)=20.42
     2) sig(eV)=0.345 y(b)=20.42
     3) sig(eV)=0.345 y(b)=20.42
G4CrossSectionHP::IsoXS neutronElasticHP  Z= 64  A= 152 Ekin(MeV)= 0.01087  xs(b)= 20.42  size=7
### ekin(eV)=1.087e+04 e0(eV)=0.02526
     1) sig(eV)=0.3428 y(b)=11.91
     2) sig(eV)=0.3428 y(b)=11.91
     3) sig(eV)=0.3428 y(b)=11.91
G4CrossSectionHP::IsoXS neutronElasticHP  Z= 64  A= 154 Ekin(MeV)= 0.01087  xs(b)= 11.91  size=7
### ekin(eV)=1.087e+04 e0(eV)=0.02526
     1) sig(eV)=0.3417 y(b)=9.636
     2) sig(eV)=0.3417 y(b)=9.636
     3) sig(eV)=0.3417 y(b)=9.636
G4CrossSectionHP::IsoXS neutronElasticHP  Z= 64  A= 155 Ekin(MeV)= 0.01087  xs(b)= 9.636  size=7
### ekin(eV)=1.087e+04 e0(eV)=0.02526
     1) sig(eV)=0.3406 y(b)=14.36
     2) sig(eV)=0.3406 y(b)=14.36
     3) sig(eV)=0.3406 y(b)=14.36
G4CrossSectionHP::IsoXS neutronElasticHP  Z= 64  A= 156 Ekin(MeV)= 0.01087  xs(b)= 14.36  size=7
### ekin(eV)=1.087e+04 e0(eV)=0.02526
     1) sig(eV)=0.3395 y(b)=9.702
     2) sig(eV)=0.3395 y(b)=9.702
     3) sig(eV)=0.3395 y(b)=9.702
G4CrossSectionHP::IsoXS neutronElasticHP  Z= 64  A= 157 Ekin(MeV)= 0.01087  xs(b)= 9.702  size=7
### ekin(eV)=1.087e+04 e0(eV)=0.02526
     1) sig(eV)=0.3384 y(b)=21.92
     2) sig(eV)=0.3384 y(b)=21.92
     3) sig(eV)=0.3384 y(b)=21.92
G4CrossSectionHP::IsoXS neutronElasticHP  Z= 64  A= 158 Ekin(MeV)= 0.01087  xs(b)= 21.92  size=7
### ekin(eV)=1.087e+04 e0(eV)=0.02526
     1) sig(eV)=0.3363 y(b)=22.93
     2) sig(eV)=0.3363 y(b)=22.93
     3) sig(eV)=0.3363 y(b)=22.93
G4CrossSectionHP::IsoXS neutronElasticHP  Z= 64  A= 160 Ekin(MeV)= 0.01087  xs(b)= 22.93  size=7
### ekin(eV)=1.087e+04 e0(eV)=0.02526
     1) sig(eV)=0.345 y(b)=0.0001127
     2) sig(eV)=0.345 y(b)=0.0001127
     3) sig(eV)=0.345 y(b)=0.0001127
G4CrossSectionHP::IsoXS neutronInelasticHP  Z= 64  A= 152 Ekin(MeV)= 0.01087  xs(b)= 0.0001127  size=7
### ekin(eV)=1.087e+04 e0(eV)=0.02526
     1) sig(eV)=0.3428 y(b)=0
     2) sig(eV)=0.3428 y(b)=0
     3) sig(eV)=0.3428 y(b)=0
G4CrossSectionHP::IsoXS neutronInelasticHP  Z= 64  A= 154 Ekin(MeV)= 0.01087  xs(b)= 0  size=7
### ekin(eV)=1.087e+04 e0(eV)=0.02526
     1) sig(eV)=0.3417 y(b)=1.105e-08
     2) sig(eV)=0.3417 y(b)=1.105e-08
     3) sig(eV)=0.3417 y(b)=1.104e-08
G4CrossSectionHP::IsoXS neutronInelasticHP  Z= 64  A= 155 Ekin(MeV)= 0.01087  xs(b)= 1.105e-08  size=7
### ekin(eV)=1.087e+04 e0(eV)=0.02526
     1) sig(eV)=0.3406 y(b)=1.096e-08
     2) sig(eV)=0.3406 y(b)=1.096e-08
     3) sig(eV)=0.3406 y(b)=1.096e-08
G4CrossSectionHP::IsoXS neutronInelasticHP  Z= 64  A= 156 Ekin(MeV)= 0.01087  xs(b)= 1.096e-08  size=7
### ekin(eV)=1.087e+04 e0(eV)=0.02526
     1) sig(eV)=0.3395 y(b)=4.567e-09
     2) sig(eV)=0.3395 y(b)=4.567e-09
     3) sig(eV)=0.3395 y(b)=4.566e-09
G4CrossSectionHP::IsoXS neutronInelasticHP  Z= 64  A= 157 Ekin(MeV)= 0.01087  xs(b)= 4.567e-09  size=7
### ekin(eV)=1.087e+04 e0(eV)=0.02526
     1) sig(eV)=0.3384 y(b)=4.604e-09
     2) sig(eV)=0.3384 y(b)=4.604e-09
     3) sig(eV)=0.3384 y(b)=4.604e-09
G4CrossSectionHP::IsoXS neutronInelasticHP  Z= 64  A= 158 Ekin(MeV)= 0.01087  xs(b)= 4.604e-09  size=7
### ekin(eV)=1.087e+04 e0(eV)=0.02526
     1) sig(eV)=0.3363 y(b)=7.166e-09
     2) sig(eV)=0.3363 y(b)=7.166e-09
     3) sig(eV)=0.3363 y(b)=7.167e-09
G4CrossSectionHP::IsoXS neutronInelasticHP  Z= 64  A= 160 Ekin(MeV)= 0.01087  xs(b)= 7.166e-09  size=7
### ekin(eV)=1.138e+04 e0(eV)=0.02526
     1) sig(eV)=0.345 y(b)=20.12
     2) sig(eV)=0.345 y(b)=20.12
     3) sig(eV)=0.345 y(b)=20.12
G4CrossSectionHP::IsoXS neutronElasticHP  Z= 64  A= 152 Ekin(MeV)= 0.01138  xs(b)= 20.12  size=7
### ekin(eV)=1.138e+04 e0(eV)=0.02526
     1) sig(eV)=0.3428 y(b)=11.78
     2) sig(eV)=0.3428 y(b)=11.78
     3) sig(eV)=0.3428 y(b)=11.78
G4CrossSectionHP::IsoXS neutronElasticHP  Z= 64  A= 154 Ekin(MeV)= 0.01138  xs(b)= 11.78  size=7
### ekin(eV)=1.138e+04 e0(eV)=0.02526
     1) sig(eV)=0.3417 y(b)=9.511
     2) sig(eV)=0.3417 y(b)=9.511
     3) sig(eV)=0.3417 y(b)=9.511
G4CrossSectionHP::IsoXS neutronElasticHP  Z= 64  A= 155 Ekin(MeV)= 0.01138  xs(b)= 9.511  size=7
### ekin(eV)=1.138e+04 e0(eV)=0.02526
     1) sig(eV)=0.3406 y(b)=14.22
     2) sig(eV)=0.3406 y(b)=14.23
     3) sig(eV)=0.3406 y(b)=14.23
G4CrossSectionHP::IsoXS neutronElasticHP  Z= 64  A= 156 Ekin(MeV)= 0.01138  xs(b)= 14.22  size=7
### ekin(eV)=1.138e+04 e0(eV)=0.02526
     1) sig(eV)=0.3395 y(b)=9.645
     2) sig(eV)=0.3395 y(b)=9.645
     3) sig(eV)=0.3395 y(b)=9.645
G4CrossSectionHP::IsoXS neutronElasticHP  Z= 64  A= 157 Ekin(MeV)= 0.01138  xs(b)= 9.645  size=7
### ekin(eV)=1.138e+04 e0(eV)=0.02526
     1) sig(eV)=0.3384 y(b)=21.47
     2) sig(eV)=0.3384 y(b)=21.48
     3) sig(eV)=0.3384 y(b)=21.47
G4CrossSectionHP::IsoXS neutronElasticHP  Z= 64  A= 158 Ekin(MeV)= 0.01138  xs(b)= 21.47  size=7
### ekin(eV)=1.138e+04 e0(eV)=0.02526
     1) sig(eV)=0.3363 y(b)=22.46
     2) sig(eV)=0.3363 y(b)=22.46
     3) sig(eV)=0.3363 y(b)=22.46
G4CrossSectionHP::IsoXS neutronElasticHP  Z= 64  A= 160 Ekin(MeV)= 0.01138  xs(b)= 22.46  size=7
### ekin(eV)=1.138e+04 e0(eV)=0.02526
     1) sig(eV)=0.345 y(b)=0.0001107
     2) sig(eV)=0.345 y(b)=0.0001107
     3) sig(eV)=0.345 y(b)=0.0001107
G4CrossSectionHP::IsoXS neutronInelasticHP  Z= 64  A= 152 Ekin(MeV)= 0.01138  xs(b)= 0.0001107  size=7
### ekin(eV)=1.138e+04 e0(eV)=0.02526
     1) sig(eV)=0.3428 y(b)=0
     2) sig(eV)=0.3428 y(b)=0
     3) sig(eV)=0.3428 y(b)=0
G4CrossSectionHP::IsoXS neutronInelasticHP  Z= 64  A= 154 Ekin(MeV)= 0.01138  xs(b)= 0  size=7
### ekin(eV)=1.138e+04 e0(eV)=0.02526
     1) sig(eV)=0.3417 y(b)=1.157e-08
     2) sig(eV)=0.3417 y(b)=1.157e-08
     3) sig(eV)=0.3417 y(b)=1.157e-08
G4CrossSectionHP::IsoXS neutronInelasticHP  Z= 64  A= 155 Ekin(MeV)= 0.01138  xs(b)= 1.157e-08  size=7
### ekin(eV)=1.138e+04 e0(eV)=0.02526
     1) sig(eV)=0.3406 y(b)=1.147e-08
     2) sig(eV)=0.3406 y(b)=1.147e-08
     3) sig(eV)=0.3406 y(b)=1.147e-08
G4CrossSectionHP::IsoXS neutronInelasticHP  Z= 64  A= 156 Ekin(MeV)= 0.01138  xs(b)= 1.147e-08  size=7
### ekin(eV)=1.138e+04 e0(eV)=0.02526
     1) sig(eV)=0.3395 y(b)=4.784e-09
     2) sig(eV)=0.3395 y(b)=4.783e-09
     3) sig(eV)=0.3395 y(b)=4.783e-09
G4CrossSectionHP::IsoXS neutronInelasticHP  Z= 64  A= 157 Ekin(MeV)= 0.01138  xs(b)= 4.783e-09  size=7
### ekin(eV)=1.138e+04 e0(eV)=0.02526
     1) sig(eV)=0.3384 y(b)=4.819e-09
     2) sig(eV)=0.3384 y(b)=4.819e-09
     3) sig(eV)=0.3384 y(b)=4.818e-09
G4CrossSectionHP::IsoXS neutronInelasticHP  Z= 64  A= 158 Ekin(MeV)= 0.01138  xs(b)= 4.819e-09  size=7
### ekin(eV)=1.138e+04 e0(eV)=0.02526
     1) sig(eV)=0.3363 y(b)=7.501e-09
     2) sig(eV)=0.3363 y(b)=7.5e-09
     3) sig(eV)=0.3363 y(b)=7.5e-09
G4CrossSectionHP::IsoXS neutronInelasticHP  Z= 64  A= 160 Ekin(MeV)= 0.01138  xs(b)= 7.5e-09  size=7
### ekin(eV)=1.191e+04 e0(eV)=0.02526
     1) sig(eV)=0.345 y(b)=19.83
     2) sig(eV)=0.345 y(b)=19.83
     3) sig(eV)=0.345 y(b)=19.83
G4CrossSectionHP::IsoXS neutronElasticHP  Z= 64  A= 152 Ekin(MeV)= 0.01191  xs(b)= 19.83  size=7
### ekin(eV)=1.191e+04 e0(eV)=0.02526
     1) sig(eV)=0.3428 y(b)=11.65
     2) sig(eV)=0.3428 y(b)=11.65
     3) sig(eV)=0.3428 y(b)=11.65
G4CrossSectionHP::IsoXS neutronElasticHP  Z= 64  A= 154 Ekin(MeV)= 0.01191  xs(b)= 11.65  size=7
### ekin(eV)=1.191e+04 e0(eV)=0.02526
     1) sig(eV)=0.3417 y(b)=9.382
     2) sig(eV)=0.3417 y(b)=9.382
     3) sig(eV)=0.3417 y(b)=9.382
G4CrossSectionHP::IsoXS neutronElasticHP  Z= 64  A= 155 Ekin(MeV)= 0.01191  xs(b)= 9.382  size=7
### ekin(eV)=1.191e+04 e0(eV)=0.02526
     1) sig(eV)=0.3406 y(b)=14.08
     2) sig(eV)=0.3406 y(b)=14.08
     3) sig(eV)=0.3406 y(b)=14.08
G4CrossSectionHP::IsoXS neutronElasticHP  Z= 64  A= 156 Ekin(MeV)= 0.01191  xs(b)= 14.08  size=7
### ekin(eV)=1.191e+04 e0(eV)=0.02526
     1) sig(eV)=0.3395 y(b)=9.585
     2) sig(eV)=0.3395 y(b)=9.585
     3) sig(eV)=0.3395 y(b)=9.585
G4CrossSectionHP::IsoXS neutronElasticHP  Z= 64  A= 157 Ekin(MeV)= 0.01191  xs(b)= 9.585  size=7
### ekin(eV)=1.191e+04 e0(eV)=0.02526
     1) sig(eV)=0.3384 y(b)=21.06
     2) sig(eV)=0.3384 y(b)=21.06
     3) sig(eV)=0.3384 y(b)=21.06
G4CrossSectionHP::IsoXS neutronElasticHP  Z= 64  A= 158 Ekin(MeV)= 0.01191  xs(b)= 21.06  size=7
### ekin(eV)=1.191e+04 e0(eV)=0.02526
     1) sig(eV)=0.3363 y(b)=22.02
     2) sig(eV)=0.3363 y(b)=22.02
     3) sig(eV)=0.3363 y(b)=22.02
G4CrossSectionHP::IsoXS neutronElasticHP  Z= 64  A= 160 Ekin(MeV)= 0.01191  xs(b)= 22.02  size=7
### ekin(eV)=1.191e+04 e0(eV)=0.02526
     1) sig(eV)=0.345 y(b)=0.0001087
     2) sig(eV)=0.345 y(b)=0.0001087
     3) sig(eV)=0.345 y(b)=0.0001087
G4CrossSectionHP::IsoXS neutronInelasticHP  Z= 64  A= 152 Ekin(MeV)= 0.01191  xs(b)= 0.0001087  size=7
### ekin(eV)=1.191e+04 e0(eV)=0.02526
     1) sig(eV)=0.3428 y(b)=0
     2) sig(eV)=0.3428 y(b)=0
     3) sig(eV)=0.3428 y(b)=0
G4CrossSectionHP::IsoXS neutronInelasticHP  Z= 64  A= 154 Ekin(MeV)= 0.01191  xs(b)= 0  size=7
### ekin(eV)=1.191e+04 e0(eV)=0.02526
     1) sig(eV)=0.3417 y(b)=1.211e-08
     2) sig(eV)=0.3417 y(b)=1.211e-08
     3) sig(eV)=0.3417 y(b)=1.211e-08
G4CrossSectionHP::IsoXS neutronInelasticHP  Z= 64  A= 155 Ekin(MeV)= 0.01191  xs(b)= 1.211e-08  size=7
### ekin(eV)=1.191e+04 e0(eV)=0.02526
     1) sig(eV)=0.3406 y(b)=1.201e-08
     2) sig(eV)=0.3406 y(b)=1.201e-08
     3) sig(eV)=0.3406 y(b)=1.201e-08
G4CrossSectionHP::IsoXS neutronInelasticHP  Z= 64  A= 156 Ekin(MeV)= 0.01191  xs(b)= 1.201e-08  size=7
### ekin(eV)=1.191e+04 e0(eV)=0.02526
     1) sig(eV)=0.3395 y(b)=5.008e-09
     2) sig(eV)=0.3395 y(b)=5.009e-09
     3) sig(eV)=0.3395 y(b)=5.009e-09
G4CrossSectionHP::IsoXS neutronInelasticHP  Z= 64  A= 157 Ekin(MeV)= 0.01191  xs(b)= 5.008e-09  size=7
### ekin(eV)=1.191e+04 e0(eV)=0.02526
     1) sig(eV)=0.3384 y(b)=5.047e-09
     2) sig(eV)=0.3384 y(b)=5.048e-09
     3) sig(eV)=0.3384 y(b)=5.048e-09
G4CrossSectionHP::IsoXS neutronInelasticHP  Z= 64  A= 158 Ekin(MeV)= 0.01191  xs(b)= 5.048e-09  size=7
### ekin(eV)=1.191e+04 e0(eV)=0.02526
     1) sig(eV)=0.3363 y(b)=7.856e-09
     2) sig(eV)=0.3363 y(b)=7.855e-09
     3) sig(eV)=0.3363 y(b)=7.856e-09
G4CrossSectionHP::IsoXS neutronInelasticHP  Z= 64  A= 160 Ekin(MeV)= 0.01191  xs(b)= 7.856e-09  size=7
### ekin(eV)=1.247e+04 e0(eV)=0.02526
     1) sig(eV)=0.345 y(b)=19.55
     2) sig(eV)=0.345 y(b)=19.55
     3) sig(eV)=0.345 y(b)=19.55
G4CrossSectionHP::IsoXS neutronElasticHP  Z= 64  A= 152 Ekin(MeV)= 0.01247  xs(b)= 19.55  size=7
### ekin(eV)=1.247e+04 e0(eV)=0.02526
     1) sig(eV)=0.3428 y(b)=11.53
     2) sig(eV)=0.3428 y(b)=11.53
     3) sig(eV)=0.3428 y(b)=11.53
G4CrossSectionHP::IsoXS neutronElasticHP  Z= 64  A= 154 Ekin(MeV)= 0.01247  xs(b)= 11.53  size=7
### ekin(eV)=1.247e+04 e0(eV)=0.02526
     1) sig(eV)=0.3417 y(b)=9.267
     2) sig(eV)=0.3417 y(b)=9.267
     3) sig(eV)=0.3417 y(b)=9.266
G4CrossSectionHP::IsoXS neutronElasticHP  Z= 64  A= 155 Ekin(MeV)= 0.01247  xs(b)= 9.267  size=7
### ekin(eV)=1.247e+04 e0(eV)=0.02526
     1) sig(eV)=0.3406 y(b)=13.95
     2) sig(eV)=0.3406 y(b)=13.95
     3) sig(eV)=0.3406 y(b)=13.95
G4CrossSectionHP::IsoXS neutronElasticHP  Z= 64  A= 156 Ekin(MeV)= 0.01247  xs(b)= 13.95  size=7
### ekin(eV)=1.247e+04 e0(eV)=0.02526
     1) sig(eV)=0.3395 y(b)=9.526
     2) sig(eV)=0.3395 y(b)=9.526
     3) sig(eV)=0.3395 y(b)=9.526
G4CrossSectionHP::IsoXS neutronElasticHP  Z= 64  A= 157 Ekin(MeV)= 0.01247  xs(b)= 9.526  size=7
### ekin(eV)=1.247e+04 e0(eV)=0.02526
     1) sig(eV)=0.3384 y(b)=20.62
     2) sig(eV)=0.3384 y(b)=20.62
     3) sig(eV)=0.3384 y(b)=20.62
G4CrossSectionHP::IsoXS neutronElasticHP  Z= 64  A= 158 Ekin(MeV)= 0.01247  xs(b)= 20.62  size=7
### ekin(eV)=1.247e+04 e0(eV)=0.02526
     1) sig(eV)=0.3363 y(b)=21.56
     2) sig(eV)=0.3363 y(b)=21.56
     3) sig(eV)=0.3363 y(b)=21.56
G4CrossSectionHP::IsoXS neutronElasticHP  Z= 64  A= 160 Ekin(MeV)= 0.01247  xs(b)= 21.56  size=7
### ekin(eV)=1.247e+04 e0(eV)=0.02526
     1) sig(eV)=0.345 y(b)=0.0001065
     2) sig(eV)=0.345 y(b)=0.0001065
     3) sig(eV)=0.345 y(b)=0.0001065
G4CrossSectionHP::IsoXS neutronInelasticHP  Z= 64  A= 152 Ekin(MeV)= 0.01247  xs(b)= 0.0001065  size=7
### ekin(eV)=1.247e+04 e0(eV)=0.02526
     1) sig(eV)=0.3428 y(b)=0
     2) sig(eV)=0.3428 y(b)=0
     3) sig(eV)=0.3428 y(b)=0
G4CrossSectionHP::IsoXS neutronInelasticHP  Z= 64  A= 154 Ekin(MeV)= 0.01247  xs(b)= 0  size=7
### ekin(eV)=1.247e+04 e0(eV)=0.02526
     1) sig(eV)=0.3417 y(b)=1.268e-08
     2) sig(eV)=0.3417 y(b)=1.268e-08
     3) sig(eV)=0.3417 y(b)=1.268e-08
G4CrossSectionHP::IsoXS neutronInelasticHP  Z= 64  A= 155 Ekin(MeV)= 0.01247  xs(b)= 1.268e-08  size=7
### ekin(eV)=1.247e+04 e0(eV)=0.02526
     1) sig(eV)=0.3406 y(b)=1.258e-08
     2) sig(eV)=0.3406 y(b)=1.258e-08
     3) sig(eV)=0.3406 y(b)=1.258e-08
G4CrossSectionHP::IsoXS neutronInelasticHP  Z= 64  A= 156 Ekin(MeV)= 0.01247  xs(b)= 1.258e-08  size=7
### ekin(eV)=1.247e+04 e0(eV)=0.02526
     1) sig(eV)=0.3395 y(b)=5.246e-09
     2) sig(eV)=0.3395 y(b)=5.246e-09
     3) sig(eV)=0.3395 y(b)=5.246e-09
G4CrossSectionHP::IsoXS neutronInelasticHP  Z= 64  A= 157 Ekin(MeV)= 0.01247  xs(b)= 5.246e-09  size=7
### ekin(eV)=1.247e+04 e0(eV)=0.02526
     1) sig(eV)=0.3384 y(b)=5.285e-09
     2) sig(eV)=0.3384 y(b)=5.285e-09
     3) sig(eV)=0.3384 y(b)=5.285e-09
G4CrossSectionHP::IsoXS neutronInelasticHP  Z= 64  A= 158 Ekin(MeV)= 0.01247  xs(b)= 5.285e-09  size=7
### ekin(eV)=1.247e+04 e0(eV)=0.02526
     1) sig(eV)=0.3363 y(b)=8.225e-09
     2) sig(eV)=0.3363 y(b)=8.226e-09
     3) sig(eV)=0.3363 y(b)=8.227e-09
G4CrossSectionHP::IsoXS neutronInelasticHP  Z= 64  A= 160 Ekin(MeV)= 0.01247  xs(b)= 8.226e-09  size=7
### ekin(eV)=1.306e+04 e0(eV)=0.02526
     1) sig(eV)=0.345 y(b)=19.27
     2) sig(eV)=0.345 y(b)=19.27
     3) sig(eV)=0.345 y(b)=19.27
G4CrossSectionHP::IsoXS neutronElasticHP  Z= 64  A= 152 Ekin(MeV)= 0.01306  xs(b)= 19.27  size=7
### ekin(eV)=1.306e+04 e0(eV)=0.02526
     1) sig(eV)=0.3428 y(b)=11.4
     2) sig(eV)=0.3428 y(b)=11.4
     3) sig(eV)=0.3428 y(b)=11.4
G4CrossSectionHP::IsoXS neutronElasticHP  Z= 64  A= 154 Ekin(MeV)= 0.01306  xs(b)= 11.4  size=7
### ekin(eV)=1.306e+04 e0(eV)=0.02526
     1) sig(eV)=0.3417 y(b)=9.147
     2) sig(eV)=0.3417 y(b)=9.147
     3) sig(eV)=0.3417 y(b)=9.147
G4CrossSectionHP::IsoXS neutronElasticHP  Z= 64  A= 155 Ekin(MeV)= 0.01306  xs(b)= 9.147  size=7
### ekin(eV)=1.306e+04 e0(eV)=0.02526
     1) sig(eV)=0.3406 y(b)=13.82
     2) sig(eV)=0.3406 y(b)=13.82
     3) sig(eV)=0.3406 y(b)=13.82
G4CrossSectionHP::IsoXS neutronElasticHP  Z= 64  A= 156 Ekin(MeV)= 0.01306  xs(b)= 13.82  size=7
### ekin(eV)=1.306e+04 e0(eV)=0.02526
     1) sig(eV)=0.3395 y(b)=9.474
     2) sig(eV)=0.3395 y(b)=9.474
     3) sig(eV)=0.3395 y(b)=9.474
G4CrossSectionHP::IsoXS neutronElasticHP  Z= 64  A= 157 Ekin(MeV)= 0.01306  xs(b)= 9.474  size=7
### ekin(eV)=1.306e+04 e0(eV)=0.02526
     1) sig(eV)=0.3384 y(b)=20.21
     2) sig(eV)=0.3384 y(b)=20.22
     3) sig(eV)=0.3384 y(b)=20.21
G4CrossSectionHP::IsoXS neutronElasticHP  Z= 64  A= 158 Ekin(MeV)= 0.01306  xs(b)= 20.22  size=7
### ekin(eV)=1.306e+04 e0(eV)=0.02526
     1) sig(eV)=0.3363 y(b)=21.14
     2) sig(eV)=0.3363 y(b)=21.14
     3) sig(eV)=0.3363 y(b)=21.14
G4CrossSectionHP::IsoXS neutronElasticHP  Z= 64  A= 160 Ekin(MeV)= 0.01306  xs(b)= 21.14  size=7
### ekin(eV)=1.306e+04 e0(eV)=0.02526
     1) sig(eV)=0.345 y(b)=0.0001048
     2) sig(eV)=0.345 y(b)=0.0001048
     3) sig(eV)=0.345 y(b)=0.0001048
G4CrossSectionHP::IsoXS neutronInelasticHP  Z= 64  A= 152 Ekin(MeV)= 0.01306  xs(b)= 0.0001048  size=7
### ekin(eV)=1.306e+04 e0(eV)=0.02526
     1) sig(eV)=0.3428 y(b)=0
     2) sig(eV)=0.3428 y(b)=0
     3) sig(eV)=0.3428 y(b)=0
G4CrossSectionHP::IsoXS neutronInelasticHP  Z= 64  A= 154 Ekin(MeV)= 0.01306  xs(b)= 0  size=7
### ekin(eV)=1.306e+04 e0(eV)=0.02526
     1) sig(eV)=0.3417 y(b)=1.328e-08
     2) sig(eV)=0.3417 y(b)=1.328e-08
     3) sig(eV)=0.3417 y(b)=1.328e-08
G4CrossSectionHP::IsoXS neutronInelasticHP  Z= 64  A= 155 Ekin(MeV)= 0.01306  xs(b)= 1.328e-08  size=7
### ekin(eV)=1.306e+04 e0(eV)=0.02526
     1) sig(eV)=0.3406 y(b)=1.317e-08
     2) sig(eV)=0.3406 y(b)=1.317e-08
     3) sig(eV)=0.3406 y(b)=1.317e-08
G4CrossSectionHP::IsoXS neutronInelasticHP  Z= 64  A= 156 Ekin(MeV)= 0.01306  xs(b)= 1.317e-08  size=7
### ekin(eV)=1.306e+04 e0(eV)=0.02526
     1) sig(eV)=0.3395 y(b)=5.492e-09
     2) sig(eV)=0.3395 y(b)=5.492e-09
     3) sig(eV)=0.3395 y(b)=5.493e-09
G4CrossSectionHP::IsoXS neutronInelasticHP  Z= 64  A= 157 Ekin(MeV)= 0.01306  xs(b)= 5.492e-09  size=7
### ekin(eV)=1.306e+04 e0(eV)=0.02526
     1) sig(eV)=0.3384 y(b)=5.534e-09
     2) sig(eV)=0.3384 y(b)=5.535e-09
     3) sig(eV)=0.3384 y(b)=5.535e-09
G4CrossSectionHP::IsoXS neutronInelasticHP  Z= 64  A= 158 Ekin(MeV)= 0.01306  xs(b)= 5.535e-09  size=7
### ekin(eV)=1.306e+04 e0(eV)=0.02526
     1) sig(eV)=0.3363 y(b)=8.614e-09
     2) sig(eV)=0.3363 y(b)=8.614e-09
     3) sig(eV)=0.3363 y(b)=8.613e-09
G4CrossSectionHP::IsoXS neutronInelasticHP  Z= 64  A= 160 Ekin(MeV)= 0.01306  xs(b)= 8.614e-09  size=7
### ekin(eV)=1.368e+04 e0(eV)=0.02526
     1) sig(eV)=0.345 y(b)=19
     2) sig(eV)=0.345 y(b)=19
     3) sig(eV)=0.345 y(b)=19
G4CrossSectionHP::IsoXS neutronElasticHP  Z= 64  A= 152 Ekin(MeV)= 0.01368  xs(b)= 19  size=7
### ekin(eV)=1.368e+04 e0(eV)=0.02526
     1) sig(eV)=0.3428 y(b)=11.28
     2) sig(eV)=0.3428 y(b)=11.28
     3) sig(eV)=0.3428 y(b)=11.28
G4CrossSectionHP::IsoXS neutronElasticHP  Z= 64  A= 154 Ekin(MeV)= 0.01368  xs(b)= 11.28  size=7
### ekin(eV)=1.368e+04 e0(eV)=0.02526
     1) sig(eV)=0.3417 y(b)=9.022
     2) sig(eV)=0.3417 y(b)=9.022
     3) sig(eV)=0.3417 y(b)=9.021
G4CrossSectionHP::IsoXS neutronElasticHP  Z= 64  A= 155 Ekin(MeV)= 0.01368  xs(b)= 9.022  size=7
### ekin(eV)=1.368e+04 e0(eV)=0.02526
     1) sig(eV)=0.3406 y(b)=13.69
     2) sig(eV)=0.3406 y(b)=13.69
     3) sig(eV)=0.3406 y(b)=13.69
G4CrossSectionHP::IsoXS neutronElasticHP  Z= 64  A= 156 Ekin(MeV)= 0.01368  xs(b)= 13.69  size=7
### ekin(eV)=1.368e+04 e0(eV)=0.02526
     1) sig(eV)=0.3395 y(b)=9.418
     2) sig(eV)=0.3395 y(b)=9.418
     3) sig(eV)=0.3395 y(b)=9.418
G4CrossSectionHP::IsoXS neutronElasticHP  Z= 64  A= 157 Ekin(MeV)= 0.01368  xs(b)= 9.418  size=7
### ekin(eV)=1.368e+04 e0(eV)=0.02526
     1) sig(eV)=0.3384 y(b)=19.8
     2) sig(eV)=0.3384 y(b)=19.8
     3) sig(eV)=0.3384 y(b)=19.8
G4CrossSectionHP::IsoXS neutronElasticHP  Z= 64  A= 158 Ekin(MeV)= 0.01368  xs(b)= 19.8  size=7
### ekin(eV)=1.368e+04 e0(eV)=0.02526
     1) sig(eV)=0.3363 y(b)=20.71
     2) sig(eV)=0.3363 y(b)=20.71
     3) sig(eV)=0.3363 y(b)=20.71
G4CrossSectionHP::IsoXS neutronElasticHP  Z= 64  A= 160 Ekin(MeV)= 0.01368  xs(b)= 20.71  size=7
### ekin(eV)=1.368e+04 e0(eV)=0.02526
     1) sig(eV)=0.345 y(b)=0.0001031
     2) sig(eV)=0.345 y(b)=0.0001031
     3) sig(eV)=0.345 y(b)=0.0001031
G4CrossSectionHP::IsoXS neutronInelasticHP  Z= 64  A= 152 Ekin(MeV)= 0.01368  xs(b)= 0.0001031  size=7
### ekin(eV)=1.368e+04 e0(eV)=0.02526
     1) sig(eV)=0.3428 y(b)=0
     2) sig(eV)=0.3428 y(b)=0
     3) sig(eV)=0.3428 y(b)=0
G4CrossSectionHP::IsoXS neutronInelasticHP  Z= 64  A= 154 Ekin(MeV)= 0.01368  xs(b)= 0  size=7
### ekin(eV)=1.368e+04 e0(eV)=0.02526
     1) sig(eV)=0.3417 y(b)=1.391e-08
     2) sig(eV)=0.3417 y(b)=1.391e-08
     3) sig(eV)=0.3417 y(b)=1.391e-08
G4CrossSectionHP::IsoXS neutronInelasticHP  Z= 64  A= 155 Ekin(MeV)= 0.01368  xs(b)= 1.391e-08  size=7
### ekin(eV)=1.368e+04 e0(eV)=0.02526
     1) sig(eV)=0.3406 y(b)=1.379e-08
     2) sig(eV)=0.3406 y(b)=1.379e-08
     3) sig(eV)=0.3406 y(b)=1.379e-08
G4CrossSectionHP::IsoXS neutronInelasticHP  Z= 64  A= 156 Ekin(MeV)= 0.01368  xs(b)= 1.379e-08  size=7
### ekin(eV)=1.368e+04 e0(eV)=0.02526
     1) sig(eV)=0.3395 y(b)=5.752e-09
     2) sig(eV)=0.3395 y(b)=5.751e-09
     3) sig(eV)=0.3395 y(b)=5.752e-09
G4CrossSectionHP::IsoXS neutronInelasticHP  Z= 64  A= 157 Ekin(MeV)= 0.01368  xs(b)= 5.752e-09  size=7
### ekin(eV)=1.368e+04 e0(eV)=0.02526
     1) sig(eV)=0.3384 y(b)=5.795e-09
     2) sig(eV)=0.3384 y(b)=5.794e-09
     3) sig(eV)=0.3384 y(b)=5.794e-09
G4CrossSectionHP::IsoXS neutronInelasticHP  Z= 64  A= 158 Ekin(MeV)= 0.01368  xs(b)= 5.794e-09  size=7
### ekin(eV)=1.368e+04 e0(eV)=0.02526
     1) sig(eV)=0.3363 y(b)=9.019e-09
     2) sig(eV)=0.3363 y(b)=9.019e-09
     3) sig(eV)=0.3363 y(b)=9.019e-09
G4CrossSectionHP::IsoXS neutronInelasticHP  Z= 64  A= 160 Ekin(MeV)= 0.01368  xs(b)= 9.019e-09  size=7
### ekin(eV)=1.432e+04 e0(eV)=0.02526
     1) sig(eV)=0.345 y(b)=18.73
     2) sig(eV)=0.345 y(b)=18.73
     3) sig(eV)=0.345 y(b)=18.73
G4CrossSectionHP::IsoXS neutronElasticHP  Z= 64  A= 152 Ekin(MeV)= 0.01432  xs(b)= 18.73  size=7
### ekin(eV)=1.432e+04 e0(eV)=0.02526
     1) sig(eV)=0.3428 y(b)=11.17
     2) sig(eV)=0.3428 y(b)=11.17
     3) sig(eV)=0.3428 y(b)=11.17
G4CrossSectionHP::IsoXS neutronElasticHP  Z= 64  A= 154 Ekin(MeV)= 0.01432  xs(b)= 11.17  size=7
### ekin(eV)=1.432e+04 e0(eV)=0.02526
     1) sig(eV)=0.3417 y(b)=8.908
     2) sig(eV)=0.3417 y(b)=8.908
     3) sig(eV)=0.3417 y(b)=8.908
G4CrossSectionHP::IsoXS neutronElasticHP  Z= 64  A= 155 Ekin(MeV)= 0.01432  xs(b)= 8.908  size=7
### ekin(eV)=1.432e+04 e0(eV)=0.02526
     1) sig(eV)=0.3406 y(b)=13.57
     2) sig(eV)=0.3406 y(b)=13.57
     3) sig(eV)=0.3406 y(b)=13.57
G4CrossSectionHP::IsoXS neutronElasticHP  Z= 64  A= 156 Ekin(MeV)= 0.01432  xs(b)= 13.57  size=7
### ekin(eV)=1.432e+04 e0(eV)=0.02526
     1) sig(eV)=0.3395 y(b)=9.361
     2) sig(eV)=0.3395 y(b)=9.361
     3) sig(eV)=0.3395 y(b)=9.361
G4CrossSectionHP::IsoXS neutronElasticHP  Z= 64  A= 157 Ekin(MeV)= 0.01432  xs(b)= 9.361  size=7
### ekin(eV)=1.432e+04 e0(eV)=0.02526
     1) sig(eV)=0.3384 y(b)=19.4
     2) sig(eV)=0.3384 y(b)=19.4
     3) sig(eV)=0.3384 y(b)=19.4
G4CrossSectionHP::IsoXS neutronElasticHP  Z= 64  A= 158 Ekin(MeV)= 0.01432  xs(b)= 19.4  size=7
### ekin(eV)=1.432e+04 e0(eV)=0.02526
     1) sig(eV)=0.3363 y(b)=20.29
     2) sig(eV)=0.3363 y(b)=20.29
     3) sig(eV)=0.3363 y(b)=20.29
G4CrossSectionHP::IsoXS neutronElasticHP  Z= 64  A= 160 Ekin(MeV)= 0.01432  xs(b)= 20.29  size=7
### ekin(eV)=1.432e+04 e0(eV)=0.02526
     1) sig(eV)=0.345 y(b)=0.0001014
     2) sig(eV)=0.345 y(b)=0.0001014
     3) sig(eV)=0.345 y(b)=0.0001014
G4CrossSectionHP::IsoXS neutronInelasticHP  Z= 64  A= 152 Ekin(MeV)= 0.01432  xs(b)= 0.0001014  size=7
### ekin(eV)=1.432e+04 e0(eV)=0.02526
     1) sig(eV)=0.3428 y(b)=0
     2) sig(eV)=0.3428 y(b)=0
     3) sig(eV)=0.3428 y(b)=0
G4CrossSectionHP::IsoXS neutronInelasticHP  Z= 64  A= 154 Ekin(MeV)= 0.01432  xs(b)= 0  size=7
### ekin(eV)=1.432e+04 e0(eV)=0.02526
     1) sig(eV)=0.3417 y(b)=1.456e-08
     2) sig(eV)=0.3417 y(b)=1.456e-08
     3) sig(eV)=0.3417 y(b)=1.457e-08
G4CrossSectionHP::IsoXS neutronInelasticHP  Z= 64  A= 155 Ekin(MeV)= 0.01432  xs(b)= 1.456e-08  size=7
### ekin(eV)=1.432e+04 e0(eV)=0.02526
     1) sig(eV)=0.3406 y(b)=1.444e-08
     2) sig(eV)=0.3406 y(b)=1.444e-08
     3) sig(eV)=0.3406 y(b)=1.444e-08
G4CrossSectionHP::IsoXS neutronInelasticHP  Z= 64  A= 156 Ekin(MeV)= 0.01432  xs(b)= 1.444e-08  size=7
### ekin(eV)=1.432e+04 e0(eV)=0.02526
     1) sig(eV)=0.3395 y(b)=6.021e-09
     2) sig(eV)=0.3395 y(b)=6.021e-09
     3) sig(eV)=0.3395 y(b)=6.021e-09
G4CrossSectionHP::IsoXS neutronInelasticHP  Z= 64  A= 157 Ekin(MeV)= 0.01432  xs(b)= 6.021e-09  size=7
### ekin(eV)=1.432e+04 e0(eV)=0.02526
     1) sig(eV)=0.3384 y(b)=6.068e-09
     2) sig(eV)=0.3384 y(b)=6.067e-09
     3) sig(eV)=0.3384 y(b)=6.067e-09
G4CrossSectionHP::IsoXS neutronInelasticHP  Z= 64  A= 158 Ekin(MeV)= 0.01432  xs(b)= 6.067e-09  size=7
### ekin(eV)=1.432e+04 e0(eV)=0.02526
     1) sig(eV)=0.3363 y(b)=9.445e-09
     2) sig(eV)=0.3363 y(b)=9.444e-09
     3) sig(eV)=0.3363 y(b)=9.444e-09
G4CrossSectionHP::IsoXS neutronInelasticHP  Z= 64  A= 160 Ekin(MeV)= 0.01432  xs(b)= 9.444e-09  size=7
### ekin(eV)=1.5e+04 e0(eV)=0.02526
     1) sig(eV)=0.345 y(b)=18.46
     2) sig(eV)=0.345 y(b)=18.46
     3) sig(eV)=0.345 y(b)=18.46
G4CrossSectionHP::IsoXS neutronElasticHP  Z= 64  A= 152 Ekin(MeV)= 0.015  xs(b)= 18.46  size=7
### ekin(eV)=1.5e+04 e0(eV)=0.02526
     1) sig(eV)=0.3428 y(b)=11.06
     2) sig(eV)=0.3428 y(b)=11.06
     3) sig(eV)=0.3428 y(b)=11.06
G4CrossSectionHP::IsoXS neutronElasticHP  Z= 64  A= 154 Ekin(MeV)= 0.015  xs(b)= 11.06  size=7
### ekin(eV)=1.5e+04 e0(eV)=0.02526
     1) sig(eV)=0.3417 y(b)=8.792
     2) sig(eV)=0.3417 y(b)=8.792
     3) sig(eV)=0.3417 y(b)=8.792
G4CrossSectionHP::IsoXS neutronElasticHP  Z= 64  A= 155 Ekin(MeV)= 0.015  xs(b)= 8.792  size=7
### ekin(eV)=1.5e+04 e0(eV)=0.02526
     1) sig(eV)=0.3406 y(b)=13.44
     2) sig(eV)=0.3406 y(b)=13.44
     3) sig(eV)=0.3406 y(b)=13.44
G4CrossSectionHP::IsoXS neutronElasticHP  Z= 64  A= 156 Ekin(MeV)= 0.015  xs(b)= 13.44  size=7
### ekin(eV)=1.5e+04 e0(eV)=0.02526
     1) sig(eV)=0.3395 y(b)=9.3
     2) sig(eV)=0.3395 y(b)=9.3
     3) sig(eV)=0.3395 y(b)=9.3
G4CrossSectionHP::IsoXS neutronElasticHP  Z= 64  A= 157 Ekin(MeV)= 0.015  xs(b)= 9.3  size=7
### ekin(eV)=1.5e+04 e0(eV)=0.02526
     1) sig(eV)=0.3384 y(b)=19.01
     2) sig(eV)=0.3384 y(b)=19.01
     3) sig(eV)=0.3384 y(b)=19.01
G4CrossSectionHP::IsoXS neutronElasticHP  Z= 64  A= 158 Ekin(MeV)= 0.015  xs(b)= 19.01  size=7
### ekin(eV)=1.5e+04 e0(eV)=0.02526
     1) sig(eV)=0.3363 y(b)=19.88
     2) sig(eV)=0.3363 y(b)=19.88
     3) sig(eV)=0.3363 y(b)=19.88
G4CrossSectionHP::IsoXS neutronElasticHP  Z= 64  A= 160 Ekin(MeV)= 0.015  xs(b)= 19.88  size=7
### ekin(eV)=1.5e+04 e0(eV)=0.02526
     1) sig(eV)=0.345 y(b)=9.951e-05
     2) sig(eV)=0.345 y(b)=9.951e-05
     3) sig(eV)=0.345 y(b)=9.951e-05
G4CrossSectionHP::IsoXS neutronInelasticHP  Z= 64  A= 152 Ekin(MeV)= 0.015  xs(b)= 9.951e-05  size=7
### ekin(eV)=1.5e+04 e0(eV)=0.02526
     1) sig(eV)=0.3428 y(b)=0
     2) sig(eV)=0.3428 y(b)=0
     3) sig(eV)=0.3428 y(b)=0
G4CrossSectionHP::IsoXS neutronInelasticHP  Z= 64  A= 154 Ekin(MeV)= 0.015  xs(b)= 0  size=7
### ekin(eV)=1.5e+04 e0(eV)=0.02526
     1) sig(eV)=0.3417 y(b)=1.525e-08
     2) sig(eV)=0.3417 y(b)=1.525e-08
     3) sig(eV)=0.3417 y(b)=1.525e-08
G4CrossSectionHP::IsoXS neutronInelasticHP  Z= 64  A= 155 Ekin(MeV)= 0.015  xs(b)= 1.525e-08  size=7
### ekin(eV)=1.5e+04 e0(eV)=0.02526
     1) sig(eV)=0.3406 y(b)=1.512e-08
     2) sig(eV)=0.3406 y(b)=1.512e-08
     3) sig(eV)=0.3406 y(b)=1.512e-08
G4CrossSectionHP::IsoXS neutronInelasticHP  Z= 64  A= 156 Ekin(MeV)= 0.015  xs(b)= 1.512e-08  size=7
### ekin(eV)=1.5e+04 e0(eV)=0.02526
     1) sig(eV)=0.3395 y(b)=6.307e-09
     2) sig(eV)=0.3395 y(b)=6.306e-09
     3) sig(eV)=0.3395 y(b)=6.305e-09
G4CrossSectionHP::IsoXS neutronInelasticHP  Z= 64  A= 157 Ekin(MeV)= 0.015  xs(b)= 6.306e-09  size=7
### ekin(eV)=1.5e+04 e0(eV)=0.02526
     1) sig(eV)=0.3384 y(b)=6.352e-09
     2) sig(eV)=0.3384 y(b)=6.352e-09
     3) sig(eV)=0.3384 y(b)=6.352e-09
G4CrossSectionHP::IsoXS neutronInelasticHP  Z= 64  A= 158 Ekin(MeV)= 0.015  xs(b)= 6.352e-09  size=7
### ekin(eV)=1.5e+04 e0(eV)=0.02526
     1) sig(eV)=0.3363 y(b)=9.89e-09
     2) sig(eV)=0.3363 y(b)=9.889e-09
     3) sig(eV)=0.3363 y(b)=9.89e-09
G4CrossSectionHP::IsoXS neutronInelasticHP  Z= 64  A= 160 Ekin(MeV)= 0.015  xs(b)= 9.89e-09  size=7
### ekin(eV)=1.571e+04 e0(eV)=0.02526
     1) sig(eV)=0.345 y(b)=18.2
     2) sig(eV)=0.345 y(b)=18.2
     3) sig(eV)=0.345 y(b)=18.2
G4CrossSectionHP::IsoXS neutronElasticHP  Z= 64  A= 152 Ekin(MeV)= 0.01571  xs(b)= 18.2  size=7
### ekin(eV)=1.571e+04 e0(eV)=0.02526
     1) sig(eV)=0.3428 y(b)=10.94
     2) sig(eV)=0.3428 y(b)=10.94
     3) sig(eV)=0.3428 y(b)=10.94
G4CrossSectionHP::IsoXS neutronElasticHP  Z= 64  A= 154 Ekin(MeV)= 0.01571  xs(b)= 10.94  size=7
### ekin(eV)=1.571e+04 e0(eV)=0.02526
     1) sig(eV)=0.3417 y(b)=8.686
     2) sig(eV)=0.3417 y(b)=8.686
     3) sig(eV)=0.3417 y(b)=8.685
G4CrossSectionHP::IsoXS neutronElasticHP  Z= 64  A= 155 Ekin(MeV)= 0.01571  xs(b)= 8.686  size=7
### ekin(eV)=1.571e+04 e0(eV)=0.02526
     1) sig(eV)=0.3406 y(b)=13.32
     2) sig(eV)=0.3406 y(b)=13.32
     3) sig(eV)=0.3406 y(b)=13.32
G4CrossSectionHP::IsoXS neutronElasticHP  Z= 64  A= 156 Ekin(MeV)= 0.01571  xs(b)= 13.32  size=7
### ekin(eV)=1.571e+04 e0(eV)=0.02526
     1) sig(eV)=0.3395 y(b)=9.265
     2) sig(eV)=0.3395 y(b)=9.265
     3) sig(eV)=0.3395 y(b)=9.265
G4CrossSectionHP::IsoXS neutronElasticHP  Z= 64  A= 157 Ekin(MeV)= 0.01571  xs(b)= 9.265  size=7
### ekin(eV)=1.571e+04 e0(eV)=0.02526
     1) sig(eV)=0.3384 y(b)=18.62
     2) sig(eV)=0.3384 y(b)=18.63
     3) sig(eV)=0.3384 y(b)=18.63
G4CrossSectionHP::IsoXS neutronElasticHP  Z= 64  A= 158 Ekin(MeV)= 0.01571  xs(b)= 18.63  size=7
### ekin(eV)=1.571e+04 e0(eV)=0.02526
     1) sig(eV)=0.3363 y(b)=19.48
     2) sig(eV)=0.3363 y(b)=19.48
     3) sig(eV)=0.3363 y(b)=19.48
G4CrossSectionHP::IsoXS neutronElasticHP  Z= 64  A= 160 Ekin(MeV)= 0.01571  xs(b)= 19.48  size=7
### ekin(eV)=1.571e+04 e0(eV)=0.02526
     1) sig(eV)=0.345 y(b)=9.758e-05
     2) sig(eV)=0.345 y(b)=9.759e-05
     3) sig(eV)=0.345 y(b)=9.76e-05
G4CrossSectionHP::IsoXS neutronInelasticHP  Z= 64  A= 152 Ekin(MeV)= 0.01571  xs(b)= 9.759e-05  size=7
### ekin(eV)=1.571e+04 e0(eV)=0.02526
     1) sig(eV)=0.3428 y(b)=0
     2) sig(eV)=0.3428 y(b)=0
     3) sig(eV)=0.3428 y(b)=0
G4CrossSectionHP::IsoXS neutronInelasticHP  Z= 64  A= 154 Ekin(MeV)= 0.01571  xs(b)= 0  size=7
### ekin(eV)=1.571e+04 e0(eV)=0.02526
     1) sig(eV)=0.3417 y(b)=1.597e-08
     2) sig(eV)=0.3417 y(b)=1.597e-08
     3) sig(eV)=0.3417 y(b)=1.597e-08
G4CrossSectionHP::IsoXS neutronInelasticHP  Z= 64  A= 155 Ekin(MeV)= 0.01571  xs(b)= 1.597e-08  size=7
### ekin(eV)=1.571e+04 e0(eV)=0.02526
     1) sig(eV)=0.3406 y(b)=1.584e-08
     2) sig(eV)=0.3406 y(b)=1.584e-08
     3) sig(eV)=0.3406 y(b)=1.584e-08
G4CrossSectionHP::IsoXS neutronInelasticHP  Z= 64  A= 156 Ekin(MeV)= 0.01571  xs(b)= 1.584e-08  size=7
### ekin(eV)=1.571e+04 e0(eV)=0.02526
     1) sig(eV)=0.3395 y(b)=6.604e-09
     2) sig(eV)=0.3395 y(b)=6.605e-09
     3) sig(eV)=0.3395 y(b)=6.607e-09
G4CrossSectionHP::IsoXS neutronInelasticHP  Z= 64  A= 157 Ekin(MeV)= 0.01571  xs(b)= 6.605e-09  size=7
### ekin(eV)=1.571e+04 e0(eV)=0.02526
     1) sig(eV)=0.3384 y(b)=6.652e-09
     2) sig(eV)=0.3384 y(b)=6.652e-09
     3) sig(eV)=0.3384 y(b)=6.653e-09
G4CrossSectionHP::IsoXS neutronInelasticHP  Z= 64  A= 158 Ekin(MeV)= 0.01571  xs(b)= 6.652e-09  size=7
### ekin(eV)=1.571e+04 e0(eV)=0.02526
     1) sig(eV)=0.3363 y(b)=1.036e-08
     2) sig(eV)=0.3363 y(b)=1.035e-08
     3) sig(eV)=0.3363 y(b)=1.035e-08
G4CrossSectionHP::IsoXS neutronInelasticHP  Z= 64  A= 160 Ekin(MeV)= 0.01571  xs(b)= 1.035e-08  size=7
### ekin(eV)=1.645e+04 e0(eV)=0.02526
     1) sig(eV)=0.345 y(b)=17.95
     2) sig(eV)=0.345 y(b)=17.95
     3) sig(eV)=0.345 y(b)=17.95
G4CrossSectionHP::IsoXS neutronElasticHP  Z= 64  A= 152 Ekin(MeV)= 0.01645  xs(b)= 17.95  size=7
### ekin(eV)=1.645e+04 e0(eV)=0.02526
     1) sig(eV)=0.3428 y(b)=10.84
     2) sig(eV)=0.3428 y(b)=10.84
     3) sig(eV)=0.3428 y(b)=10.84
G4CrossSectionHP::IsoXS neutronElasticHP  Z= 64  A= 154 Ekin(MeV)= 0.01645  xs(b)= 10.84  size=7
### ekin(eV)=1.645e+04 e0(eV)=0.02526
     1) sig(eV)=0.3417 y(b)=8.577
     2) sig(eV)=0.3417 y(b)=8.578
     3) sig(eV)=0.3417 y(b)=8.578
G4CrossSectionHP::IsoXS neutronElasticHP  Z= 64  A= 155 Ekin(MeV)= 0.01645  xs(b)= 8.578  size=7
### ekin(eV)=1.645e+04 e0(eV)=0.02526
     1) sig(eV)=0.3406 y(b)=13.21
     2) sig(eV)=0.3406 y(b)=13.21
     3) sig(eV)=0.3406 y(b)=13.21
G4CrossSectionHP::IsoXS neutronElasticHP  Z= 64  A= 156 Ekin(MeV)= 0.01645  xs(b)= 13.21  size=7
### ekin(eV)=1.645e+04 e0(eV)=0.02526
     1) sig(eV)=0.3395 y(b)=9.228
     2) sig(eV)=0.3395 y(b)=9.228
     3) sig(eV)=0.3395 y(b)=9.228
G4CrossSectionHP::IsoXS neutronElasticHP  Z= 64  A= 157 Ekin(MeV)= 0.01645  xs(b)= 9.228  size=7
### ekin(eV)=1.645e+04 e0(eV)=0.02526
     1) sig(eV)=0.3384 y(b)=18.25
     2) sig(eV)=0.3384 y(b)=18.25
     3) sig(eV)=0.3384 y(b)=18.25
G4CrossSectionHP::IsoXS neutronElasticHP  Z= 64  A= 158 Ekin(MeV)= 0.01645  xs(b)= 18.25  size=7
### ekin(eV)=1.645e+04 e0(eV)=0.02526
     1) sig(eV)=0.3363 y(b)=19.09
     2) sig(eV)=0.3363 y(b)=19.09
     3) sig(eV)=0.3363 y(b)=19.09
G4CrossSectionHP::IsoXS neutronElasticHP  Z= 64  A= 160 Ekin(MeV)= 0.01645  xs(b)= 19.09  size=7
### ekin(eV)=1.645e+04 e0(eV)=0.02526
     1) sig(eV)=0.345 y(b)=9.605e-05
     2) sig(eV)=0.345 y(b)=9.604e-05
     3) sig(eV)=0.345 y(b)=9.604e-05
G4CrossSectionHP::IsoXS neutronInelasticHP  Z= 64  A= 152 Ekin(MeV)= 0.01645  xs(b)= 9.604e-05  size=7
### ekin(eV)=1.645e+04 e0(eV)=0.02526
     1) sig(eV)=0.3428 y(b)=0
     2) sig(eV)=0.3428 y(b)=0
     3) sig(eV)=0.3428 y(b)=0
G4CrossSectionHP::IsoXS neutronInelasticHP  Z= 64  A= 154 Ekin(MeV)= 0.01645  xs(b)= 0  size=7
### ekin(eV)=1.645e+04 e0(eV)=0.02526
     1) sig(eV)=0.3417 y(b)=1.672e-08
     2) sig(eV)=0.3417 y(b)=1.672e-08
     3) sig(eV)=0.3417 y(b)=1.672e-08
G4CrossSectionHP::IsoXS neutronInelasticHP  Z= 64  A= 155 Ekin(MeV)= 0.01645  xs(b)= 1.672e-08  size=7
### ekin(eV)=1.645e+04 e0(eV)=0.02526
     1) sig(eV)=0.3406 y(b)=1.659e-08
     2) sig(eV)=0.3406 y(b)=1.658e-08
     3) sig(eV)=0.3406 y(b)=1.658e-08
G4CrossSectionHP::IsoXS neutronInelasticHP  Z= 64  A= 156 Ekin(MeV)= 0.01645  xs(b)= 1.658e-08  size=7
### ekin(eV)=1.645e+04 e0(eV)=0.02526
     1) sig(eV)=0.3395 y(b)=6.914e-09
     2) sig(eV)=0.3395 y(b)=6.914e-09
     3) sig(eV)=0.3395 y(b)=6.914e-09
G4CrossSectionHP::IsoXS neutronInelasticHP  Z= 64  A= 157 Ekin(MeV)= 0.01645  xs(b)= 6.914e-09  size=7
### ekin(eV)=1.645e+04 e0(eV)=0.02526
     1) sig(eV)=0.3384 y(b)=6.968e-09
     2) sig(eV)=0.3384 y(b)=6.968e-09
     3) sig(eV)=0.3384 y(b)=6.969e-09
G4CrossSectionHP::IsoXS neutronInelasticHP  Z= 64  A= 158 Ekin(MeV)= 0.01645  xs(b)= 6.968e-09  size=7
### ekin(eV)=1.645e+04 e0(eV)=0.02526
     1) sig(eV)=0.3363 y(b)=1.084e-08
     2) sig(eV)=0.3363 y(b)=1.085e-08
     3) sig(eV)=0.3363 y(b)=1.085e-08
G4CrossSectionHP::IsoXS neutronInelasticHP  Z= 64  A= 160 Ekin(MeV)= 0.01645  xs(b)= 1.085e-08  size=7
### ekin(eV)=1.722e+04 e0(eV)=0.02526
     1) sig(eV)=0.345 y(b)=17.7
     2) sig(eV)=0.345 y(b)=17.7
     3) sig(eV)=0.345 y(b)=17.7
G4CrossSectionHP::IsoXS neutronElasticHP  Z= 64  A= 152 Ekin(MeV)= 0.01722  xs(b)= 17.7  size=7
### ekin(eV)=1.722e+04 e0(eV)=0.02526
     1) sig(eV)=0.3428 y(b)=10.73
     2) sig(eV)=0.3428 y(b)=10.73
     3) sig(eV)=0.3428 y(b)=10.73
G4CrossSectionHP::IsoXS neutronElasticHP  Z= 64  A= 154 Ekin(MeV)= 0.01722  xs(b)= 10.73  size=7
### ekin(eV)=1.722e+04 e0(eV)=0.02526
     1) sig(eV)=0.3417 y(b)=8.474
     2) sig(eV)=0.3417 y(b)=8.474
     3) sig(eV)=0.3417 y(b)=8.474
G4CrossSectionHP::IsoXS neutronElasticHP  Z= 64  A= 155 Ekin(MeV)= 0.01722  xs(b)= 8.474  size=7
### ekin(eV)=1.722e+04 e0(eV)=0.02526
     1) sig(eV)=0.3406 y(b)=13.1
     2) sig(eV)=0.3406 y(b)=13.1
     3) sig(eV)=0.3406 y(b)=13.1
G4CrossSectionHP::IsoXS neutronElasticHP  Z= 64  A= 156 Ekin(MeV)= 0.01722  xs(b)= 13.1  size=7
### ekin(eV)=1.722e+04 e0(eV)=0.02526
     1) sig(eV)=0.3395 y(b)=9.189
     2) sig(eV)=0.3395 y(b)=9.189
     3) sig(eV)=0.3395 y(b)=9.189
G4CrossSectionHP::IsoXS neutronElasticHP  Z= 64  A= 157 Ekin(MeV)= 0.01722  xs(b)= 9.189  size=7
### ekin(eV)=1.722e+04 e0(eV)=0.02526
     1) sig(eV)=0.3384 y(b)=17.88
     2) sig(eV)=0.3384 y(b)=17.88
     3) sig(eV)=0.3384 y(b)=17.88
G4CrossSectionHP::IsoXS neutronElasticHP  Z= 64  A= 158 Ekin(MeV)= 0.01722  xs(b)= 17.88  size=7
### ekin(eV)=1.722e+04 e0(eV)=0.02526
     1) sig(eV)=0.3363 y(b)=18.7
     2) sig(eV)=0.3363 y(b)=18.7
     3) sig(eV)=0.3363 y(b)=18.7
G4CrossSectionHP::IsoXS neutronElasticHP  Z= 64  A= 160 Ekin(MeV)= 0.01722  xs(b)= 18.7  size=7
### ekin(eV)=1.722e+04 e0(eV)=0.02526
     1) sig(eV)=0.345 y(b)=9.456e-05
     2) sig(eV)=0.345 y(b)=9.455e-05
     3) sig(eV)=0.345 y(b)=9.455e-05
G4CrossSectionHP::IsoXS neutronInelasticHP  Z= 64  A= 152 Ekin(MeV)= 0.01722  xs(b)= 9.455e-05  size=7
### ekin(eV)=1.722e+04 e0(eV)=0.02526
     1) sig(eV)=0.3428 y(b)=0
     2) sig(eV)=0.3428 y(b)=0
     3) sig(eV)=0.3428 y(b)=0
G4CrossSectionHP::IsoXS neutronInelasticHP  Z= 64  A= 154 Ekin(MeV)= 0.01722  xs(b)= 0  size=7
### ekin(eV)=1.722e+04 e0(eV)=0.02526
     1) sig(eV)=0.3417 y(b)=1.751e-08
     2) sig(eV)=0.3417 y(b)=1.75e-08
     3) sig(eV)=0.3417 y(b)=1.75e-08
G4CrossSectionHP::IsoXS neutronInelasticHP  Z= 64  A= 155 Ekin(MeV)= 0.01722  xs(b)= 1.75e-08  size=7
### ekin(eV)=1.722e+04 e0(eV)=0.02526
     1) sig(eV)=0.3406 y(b)=1.736e-08
     2) sig(eV)=0.3406 y(b)=1.736e-08
     3) sig(eV)=0.3406 y(b)=1.736e-08
G4CrossSectionHP::IsoXS neutronInelasticHP  Z= 64  A= 156 Ekin(MeV)= 0.01722  xs(b)= 1.736e-08  size=7
### ekin(eV)=1.722e+04 e0(eV)=0.02526
     1) sig(eV)=0.3395 y(b)=7.24e-09
     2) sig(eV)=0.3395 y(b)=7.239e-09
     3) sig(eV)=0.3395 y(b)=7.239e-09
G4CrossSectionHP::IsoXS neutronInelasticHP  Z= 64  A= 157 Ekin(MeV)= 0.01722  xs(b)= 7.239e-09  size=7
### ekin(eV)=1.722e+04 e0(eV)=0.02526
     1) sig(eV)=0.3384 y(b)=7.295e-09
     2) sig(eV)=0.3384 y(b)=7.296e-09
     3) sig(eV)=0.3384 y(b)=7.295e-09
G4CrossSectionHP::IsoXS neutronInelasticHP  Z= 64  A= 158 Ekin(MeV)= 0.01722  xs(b)= 7.295e-09  size=7
### ekin(eV)=1.722e+04 e0(eV)=0.02526
     1) sig(eV)=0.3363 y(b)=1.135e-08
     2) sig(eV)=0.3363 y(b)=1.136e-08
     3) sig(eV)=0.3363 y(b)=1.136e-08
G4CrossSectionHP::IsoXS neutronInelasticHP  Z= 64  A= 160 Ekin(MeV)= 0.01722  xs(b)= 1.136e-08  size=7
### ekin(eV)=1.803e+04 e0(eV)=0.02526
     1) sig(eV)=0.345 y(b)=17.47
     2) sig(eV)=0.345 y(b)=17.47
     3) sig(eV)=0.345 y(b)=17.47
G4CrossSectionHP::IsoXS neutronElasticHP  Z= 64  A= 152 Ekin(MeV)= 0.01803  xs(b)= 17.47  size=7
### ekin(eV)=1.803e+04 e0(eV)=0.02526
     1) sig(eV)=0.3428 y(b)=10.62
     2) sig(eV)=0.3428 y(b)=10.62
     3) sig(eV)=0.3428 y(b)=10.62
G4CrossSectionHP::IsoXS neutronElasticHP  Z= 64  A= 154 Ekin(MeV)= 0.01803  xs(b)= 10.62  size=7
### ekin(eV)=1.803e+04 e0(eV)=0.02526
     1) sig(eV)=0.3417 y(b)=8.376
     2) sig(eV)=0.3417 y(b)=8.376
     3) sig(eV)=0.3417 y(b)=8.376
G4CrossSectionHP::IsoXS neutronElasticHP  Z= 64  A= 155 Ekin(MeV)= 0.01803  xs(b)= 8.376  size=7
### ekin(eV)=1.803e+04 e0(eV)=0.02526
     1) sig(eV)=0.3406 y(b)=12.99
     2) sig(eV)=0.3406 y(b)=12.99
     3) sig(eV)=0.3406 y(b)=12.99
G4CrossSectionHP::IsoXS neutronElasticHP  Z= 64  A= 156 Ekin(MeV)= 0.01803  xs(b)= 12.99  size=7
### ekin(eV)=1.803e+04 e0(eV)=0.02526
     1) sig(eV)=0.3395 y(b)=9.148
     2) sig(eV)=0.3395 y(b)=9.148
     3) sig(eV)=0.3395 y(b)=9.148
G4CrossSectionHP::IsoXS neutronElasticHP  Z= 64  A= 157 Ekin(MeV)= 0.01803  xs(b)= 9.148  size=7
### ekin(eV)=1.803e+04 e0(eV)=0.02526
     1) sig(eV)=0.3384 y(b)=17.52
     2) sig(eV)=0.3384 y(b)=17.51
     3) sig(eV)=0.3384 y(b)=17.51
G4CrossSectionHP::IsoXS neutronElasticHP  Z= 64  A= 158 Ekin(MeV)= 0.01803  xs(b)= 17.51  size=7
### ekin(eV)=1.803e+04 e0(eV)=0.02526
     1) sig(eV)=0.3363 y(b)=18.32
     2) sig(eV)=0.3363 y(b)=18.32
     3) sig(eV)=0.3363 y(b)=18.32
G4CrossSectionHP::IsoXS neutronElasticHP  Z= 64  A= 160 Ekin(MeV)= 0.01803  xs(b)= 18.32  size=7
### ekin(eV)=1.803e+04 e0(eV)=0.02526
     1) sig(eV)=0.345 y(b)=9.301e-05
     2) sig(eV)=0.345 y(b)=9.301e-05
     3) sig(eV)=0.345 y(b)=9.301e-05
G4CrossSectionHP::IsoXS neutronInelasticHP  Z= 64  A= 152 Ekin(MeV)= 0.01803  xs(b)= 9.301e-05  size=7
### ekin(eV)=1.803e+04 e0(eV)=0.02526
     1) sig(eV)=0.3428 y(b)=0
     2) sig(eV)=0.3428 y(b)=0
     3) sig(eV)=0.3428 y(b)=0
G4CrossSectionHP::IsoXS neutronInelasticHP  Z= 64  A= 154 Ekin(MeV)= 0.01803  xs(b)= 0  size=7
### ekin(eV)=1.803e+04 e0(eV)=0.02526
     1) sig(eV)=0.3417 y(b)=1.834e-08
     2) sig(eV)=0.3417 y(b)=1.834e-08
     3) sig(eV)=0.3417 y(b)=1.834e-08
G4CrossSectionHP::IsoXS neutronInelasticHP  Z= 64  A= 155 Ekin(MeV)= 0.01803  xs(b)= 1.834e-08  size=7
### ekin(eV)=1.803e+04 e0(eV)=0.02526
     1) sig(eV)=0.3406 y(b)=1.818e-08
     2) sig(eV)=0.3406 y(b)=1.818e-08
     3) sig(eV)=0.3406 y(b)=1.818e-08
G4CrossSectionHP::IsoXS neutronInelasticHP  Z= 64  A= 156 Ekin(MeV)= 0.01803  xs(b)= 1.818e-08  size=7
### ekin(eV)=1.803e+04 e0(eV)=0.02526
     1) sig(eV)=0.3395 y(b)=7.581e-09
     2) sig(eV)=0.3395 y(b)=7.581e-09
     3) sig(eV)=0.3395 y(b)=7.58e-09
G4CrossSectionHP::IsoXS neutronInelasticHP  Z= 64  A= 157 Ekin(MeV)= 0.01803  xs(b)= 7.581e-09  size=7
### ekin(eV)=1.803e+04 e0(eV)=0.02526
     1) sig(eV)=0.3384 y(b)=7.639e-09
     2) sig(eV)=0.3384 y(b)=7.638e-09
     3) sig(eV)=0.3384 y(b)=7.639e-09
G4CrossSectionHP::IsoXS neutronInelasticHP  Z= 64  A= 158 Ekin(MeV)= 0.01803  xs(b)= 7.639e-09  size=7
### ekin(eV)=1.803e+04 e0(eV)=0.02526
     1) sig(eV)=0.3363 y(b)=1.189e-08
     2) sig(eV)=0.3363 y(b)=1.189e-08
     3) sig(eV)=0.3363 y(b)=1.189e-08
G4CrossSectionHP::IsoXS neutronInelasticHP  Z= 64  A= 160 Ekin(MeV)= 0.01803  xs(b)= 1.189e-08  size=7
### ekin(eV)=1.888e+04 e0(eV)=0.02526
     1) sig(eV)=0.345 y(b)=17.23
     2) sig(eV)=0.345 y(b)=17.23
     3) sig(eV)=0.345 y(b)=17.23
G4CrossSectionHP::IsoXS neutronElasticHP  Z= 64  A= 152 Ekin(MeV)= 0.01888  xs(b)= 17.23  size=7
### ekin(eV)=1.888e+04 e0(eV)=0.02526
     1) sig(eV)=0.3428 y(b)=10.53
     2) sig(eV)=0.3428 y(b)=10.53
     3) sig(eV)=0.3428 y(b)=10.53
G4CrossSectionHP::IsoXS neutronElasticHP  Z= 64  A= 154 Ekin(MeV)= 0.01888  xs(b)= 10.53  size=7
### ekin(eV)=1.888e+04 e0(eV)=0.02526
     1) sig(eV)=0.3417 y(b)=8.279
     2) sig(eV)=0.3417 y(b)=8.279
     3) sig(eV)=0.3417 y(b)=8.279
G4CrossSectionHP::IsoXS neutronElasticHP  Z= 64  A= 155 Ekin(MeV)= 0.01888  xs(b)= 8.279  size=7
### ekin(eV)=1.888e+04 e0(eV)=0.02526
     1) sig(eV)=0.3406 y(b)=12.88
     2) sig(eV)=0.3406 y(b)=12.88
     3) sig(eV)=0.3406 y(b)=12.88
G4CrossSectionHP::IsoXS neutronElasticHP  Z= 64  A= 156 Ekin(MeV)= 0.01888  xs(b)= 12.88  size=7
### ekin(eV)=1.888e+04 e0(eV)=0.02526
     1) sig(eV)=0.3395 y(b)=9.106
     2) sig(eV)=0.3395 y(b)=9.106
     3) sig(eV)=0.3395 y(b)=9.106
G4CrossSectionHP::IsoXS neutronElasticHP  Z= 64  A= 157 Ekin(MeV)= 0.01888  xs(b)= 9.106  size=7
### ekin(eV)=1.888e+04 e0(eV)=0.02526
     1) sig(eV)=0.3384 y(b)=17.16
     2) sig(eV)=0.3384 y(b)=17.16
     3) sig(eV)=0.3384 y(b)=17.16
G4CrossSectionHP::IsoXS neutronElasticHP  Z= 64  A= 158 Ekin(MeV)= 0.01888  xs(b)= 17.16  size=7
### ekin(eV)=1.888e+04 e0(eV)=0.02526
     1) sig(eV)=0.3363 y(b)=17.95
     2) sig(eV)=0.3363 y(b)=17.96
     3) sig(eV)=0.3363 y(b)=17.95
G4CrossSectionHP::IsoXS neutronElasticHP  Z= 64  A= 160 Ekin(MeV)= 0.01888  xs(b)= 17.95  size=7
### ekin(eV)=1.888e+04 e0(eV)=0.02526
     1) sig(eV)=0.345 y(b)=9.139e-05
     2) sig(eV)=0.345 y(b)=9.139e-05
     3) sig(eV)=0.345 y(b)=9.138e-05
G4CrossSectionHP::IsoXS neutronInelasticHP  Z= 64  A= 152 Ekin(MeV)= 0.01888  xs(b)= 9.138e-05  size=7
### ekin(eV)=1.888e+04 e0(eV)=0.02526
     1) sig(eV)=0.3428 y(b)=0
     2) sig(eV)=0.3428 y(b)=0
     3) sig(eV)=0.3428 y(b)=0
G4CrossSectionHP::IsoXS neutronInelasticHP  Z= 64  A= 154 Ekin(MeV)= 0.01888  xs(b)= 0  size=7
### ekin(eV)=1.888e+04 e0(eV)=0.02526
     1) sig(eV)=0.3417 y(b)=1.92e-08
     2) sig(eV)=0.3417 y(b)=1.919e-08
     3) sig(eV)=0.3417 y(b)=1.919e-08
G4CrossSectionHP::IsoXS neutronInelasticHP  Z= 64  A= 155 Ekin(MeV)= 0.01888  xs(b)= 1.919e-08  size=7
### ekin(eV)=1.888e+04 e0(eV)=0.02526
     1) sig(eV)=0.3406 y(b)=1.904e-08
     2) sig(eV)=0.3406 y(b)=1.904e-08
     3) sig(eV)=0.3406 y(b)=1.904e-08
G4CrossSectionHP::IsoXS neutronInelasticHP  Z= 64  A= 156 Ekin(MeV)= 0.01888  xs(b)= 1.904e-08  size=7
### ekin(eV)=1.888e+04 e0(eV)=0.02526
     1) sig(eV)=0.3395 y(b)=7.939e-09
     2) sig(eV)=0.3395 y(b)=7.939e-09
     3) sig(eV)=0.3395 y(b)=7.94e-09
G4CrossSectionHP::IsoXS neutronInelasticHP  Z= 64  A= 157 Ekin(MeV)= 0.01888  xs(b)= 7.939e-09  size=7
### ekin(eV)=1.888e+04 e0(eV)=0.02526
     1) sig(eV)=0.3384 y(b)=7.999e-09
     2) sig(eV)=0.3384 y(b)=7.998e-09
     3) sig(eV)=0.3384 y(b)=7.998e-09
G4CrossSectionHP::IsoXS neutronInelasticHP  Z= 64  A= 158 Ekin(MeV)= 0.01888  xs(b)= 7.998e-09  size=7
### ekin(eV)=1.888e+04 e0(eV)=0.02526
     1) sig(eV)=0.3363 y(b)=1.245e-08
     2) sig(eV)=0.3363 y(b)=1.245e-08
     3) sig(eV)=0.3363 y(b)=1.245e-08
G4CrossSectionHP::IsoXS neutronInelasticHP  Z= 64  A= 160 Ekin(MeV)= 0.01888  xs(b)= 1.245e-08  size=7
### ekin(eV)=1.977e+04 e0(eV)=0.02526
     1) sig(eV)=0.345 y(b)=16.98
     2) sig(eV)=0.345 y(b)=16.98
     3) sig(eV)=0.345 y(b)=16.98
G4CrossSectionHP::IsoXS neutronElasticHP  Z= 64  A= 152 Ekin(MeV)= 0.01977  xs(b)= 16.98  size=7
### ekin(eV)=1.977e+04 e0(eV)=0.02526
     1) sig(eV)=0.3428 y(b)=10.43
     2) sig(eV)=0.3428 y(b)=10.43
     3) sig(eV)=0.3428 y(b)=10.43
G4CrossSectionHP::IsoXS neutronElasticHP  Z= 64  A= 154 Ekin(MeV)= 0.01977  xs(b)= 10.43  size=7
### ekin(eV)=1.977e+04 e0(eV)=0.02526
     1) sig(eV)=0.3417 y(b)=8.178
     2) sig(eV)=0.3417 y(b)=8.178
     3) sig(eV)=0.3417 y(b)=8.178
G4CrossSectionHP::IsoXS neutronElasticHP  Z= 64  A= 155 Ekin(MeV)= 0.01977  xs(b)= 8.178  size=7
### ekin(eV)=1.977e+04 e0(eV)=0.02526
     1) sig(eV)=0.3406 y(b)=12.76
     2) sig(eV)=0.3406 y(b)=12.76
     3) sig(eV)=0.3406 y(b)=12.76
G4CrossSectionHP::IsoXS neutronElasticHP  Z= 64  A= 156 Ekin(MeV)= 0.01977  xs(b)= 12.76  size=7
### ekin(eV)=1.977e+04 e0(eV)=0.02526
     1) sig(eV)=0.3395 y(b)=9.061
     2) sig(eV)=0.3395 y(b)=9.061
     3) sig(eV)=0.3395 y(b)=9.061
G4CrossSectionHP::IsoXS neutronElasticHP  Z= 64  A= 157 Ekin(MeV)= 0.01977  xs(b)= 9.061  size=7
### ekin(eV)=1.977e+04 e0(eV)=0.02526
     1) sig(eV)=0.3384 y(b)=16.82
     2) sig(eV)=0.3384 y(b)=16.82
     3) sig(eV)=0.3384 y(b)=16.81
G4CrossSectionHP::IsoXS neutronElasticHP  Z= 64  A= 158 Ekin(MeV)= 0.01977  xs(b)= 16.82  size=7
### ekin(eV)=1.977e+04 e0(eV)=0.02526
     1) sig(eV)=0.3363 y(b)=17.59
     2) sig(eV)=0.3363 y(b)=17.59
     3) sig(eV)=0.3363 y(b)=17.59
G4CrossSectionHP::IsoXS neutronElasticHP  Z= 64  A= 160 Ekin(MeV)= 0.01977  xs(b)= 17.59  size=7
### ekin(eV)=1.977e+04 e0(eV)=0.02526
     1) sig(eV)=0.345 y(b)=8.967e-05
     2) sig(eV)=0.345 y(b)=8.968e-05
     3) sig(eV)=0.345 y(b)=8.968e-05
G4CrossSectionHP::IsoXS neutronInelasticHP  Z= 64  A= 152 Ekin(MeV)= 0.01977  xs(b)= 8.968e-05  size=7
### ekin(eV)=1.977e+04 e0(eV)=0.02526
     1) sig(eV)=0.3428 y(b)=0
     2) sig(eV)=0.3428 y(b)=0
     3) sig(eV)=0.3428 y(b)=0
G4CrossSectionHP::IsoXS neutronInelasticHP  Z= 64  A= 154 Ekin(MeV)= 0.01977  xs(b)= 0  size=7
### ekin(eV)=1.977e+04 e0(eV)=0.02526
     1) sig(eV)=0.3417 y(b)=2.01e-08
     2) sig(eV)=0.3417 y(b)=2.01e-08
     3) sig(eV)=0.3417 y(b)=2.01e-08
G4CrossSectionHP::IsoXS neutronInelasticHP  Z= 64  A= 155 Ekin(MeV)= 0.01977  xs(b)= 2.01e-08  size=7
### ekin(eV)=1.977e+04 e0(eV)=0.02526
     1) sig(eV)=0.3406 y(b)=1.994e-08
     2) sig(eV)=0.3406 y(b)=1.994e-08
     3) sig(eV)=0.3406 y(b)=1.994e-08
G4CrossSectionHP::IsoXS neutronInelasticHP  Z= 64  A= 156 Ekin(MeV)= 0.01977  xs(b)= 1.994e-08  size=7
### ekin(eV)=1.977e+04 e0(eV)=0.02526
     1) sig(eV)=0.3395 y(b)=8.313e-09
     2) sig(eV)=0.3395 y(b)=8.313e-09
     3) sig(eV)=0.3395 y(b)=8.312e-09
G4CrossSectionHP::IsoXS neutronInelasticHP  Z= 64  A= 157 Ekin(MeV)= 0.01977  xs(b)= 8.313e-09  size=7
### ekin(eV)=1.977e+04 e0(eV)=0.02526
     1) sig(eV)=0.3384 y(b)=8.376e-09
     2) sig(eV)=0.3384 y(b)=8.375e-09
     3) sig(eV)=0.3384 y(b)=8.376e-09
G4CrossSectionHP::IsoXS neutronInelasticHP  Z= 64  A= 158 Ekin(MeV)= 0.01977  xs(b)= 8.376e-09  size=7
### ekin(eV)=1.977e+04 e0(eV)=0.02526
     1) sig(eV)=0.3363 y(b)=1.303e-08
     2) sig(eV)=0.3363 y(b)=1.304e-08
     3) sig(eV)=0.3363 y(b)=1.304e-08
G4CrossSectionHP::IsoXS neutronInelasticHP  Z= 64  A= 160 Ekin(MeV)= 0.01977  xs(b)= 1.304e-08  size=7
### ekin(eV)=2.07e+04 e0(eV)=0.02526
     1) sig(eV)=0.345 y(b)=16.76
     2) sig(eV)=0.345 y(b)=16.76
     3) sig(eV)=0.345 y(b)=16.76
G4CrossSectionHP::IsoXS neutronElasticHP  Z= 64  A= 152 Ekin(MeV)= 0.0207  xs(b)= 16.76  size=7
### ekin(eV)=2.07e+04 e0(eV)=0.02526
     1) sig(eV)=0.3428 y(b)=10.33
     2) sig(eV)=0.3428 y(b)=10.33
     3) sig(eV)=0.3428 y(b)=10.33
G4CrossSectionHP::IsoXS neutronElasticHP  Z= 64  A= 154 Ekin(MeV)= 0.0207  xs(b)= 10.33  size=7
### ekin(eV)=2.07e+04 e0(eV)=0.02526
     1) sig(eV)=0.3417 y(b)=8.082
     2) sig(eV)=0.3417 y(b)=8.082
     3) sig(eV)=0.3417 y(b)=8.082
G4CrossSectionHP::IsoXS neutronElasticHP  Z= 64  A= 155 Ekin(MeV)= 0.0207  xs(b)= 8.082  size=7
### ekin(eV)=2.07e+04 e0(eV)=0.02526
     1) sig(eV)=0.3406 y(b)=12.66
     2) sig(eV)=0.3406 y(b)=12.66
     3) sig(eV)=0.3406 y(b)=12.66
G4CrossSectionHP::IsoXS neutronElasticHP  Z= 64  A= 156 Ekin(MeV)= 0.0207  xs(b)= 12.66  size=7
### ekin(eV)=2.07e+04 e0(eV)=0.02526
     1) sig(eV)=0.3395 y(b)=9.015
     2) sig(eV)=0.3395 y(b)=9.015
     3) sig(eV)=0.3395 y(b)=9.015
G4CrossSectionHP::IsoXS neutronElasticHP  Z= 64  A= 157 Ekin(MeV)= 0.0207  xs(b)= 9.015  size=7
### ekin(eV)=2.07e+04 e0(eV)=0.02526
     1) sig(eV)=0.3384 y(b)=16.48
     2) sig(eV)=0.3384 y(b)=16.48
     3) sig(eV)=0.3384 y(b)=16.48
G4CrossSectionHP::IsoXS neutronElasticHP  Z= 64  A= 158 Ekin(MeV)= 0.0207  xs(b)= 16.48  size=7
### ekin(eV)=2.07e+04 e0(eV)=0.02526
     1) sig(eV)=0.3363 y(b)=17.24
     2) sig(eV)=0.3363 y(b)=17.24
     3) sig(eV)=0.3363 y(b)=17.24
G4CrossSectionHP::IsoXS neutronElasticHP  Z= 64  A= 160 Ekin(MeV)= 0.0207  xs(b)= 17.24  size=7
### ekin(eV)=2.07e+04 e0(eV)=0.02526
     1) sig(eV)=0.345 y(b)=8.829e-05
     2) sig(eV)=0.345 y(b)=8.829e-05
     3) sig(eV)=0.345 y(b)=8.828e-05
G4CrossSectionHP::IsoXS neutronInelasticHP  Z= 64  A= 152 Ekin(MeV)= 0.0207  xs(b)= 8.828e-05  size=7
### ekin(eV)=2.07e+04 e0(eV)=0.02526
     1) sig(eV)=0.3428 y(b)=0
     2) sig(eV)=0.3428 y(b)=0
     3) sig(eV)=0.3428 y(b)=0
G4CrossSectionHP::IsoXS neutronInelasticHP  Z= 64  A= 154 Ekin(MeV)= 0.0207  xs(b)= 0  size=7
### ekin(eV)=2.07e+04 e0(eV)=0.02526
     1) sig(eV)=0.3417 y(b)=2.105e-08
     2) sig(eV)=0.3417 y(b)=2.105e-08
     3) sig(eV)=0.3417 y(b)=2.105e-08
G4CrossSectionHP::IsoXS neutronInelasticHP  Z= 64  A= 155 Ekin(MeV)= 0.0207  xs(b)= 2.105e-08  size=7
### ekin(eV)=2.07e+04 e0(eV)=0.02526
     1) sig(eV)=0.3406 y(b)=2.087e-08
     2) sig(eV)=0.3406 y(b)=2.087e-08
     3) sig(eV)=0.3406 y(b)=2.088e-08
G4CrossSectionHP::IsoXS neutronInelasticHP  Z= 64  A= 156 Ekin(MeV)= 0.0207  xs(b)= 2.087e-08  size=7
### ekin(eV)=2.07e+04 e0(eV)=0.02526
     1) sig(eV)=0.3395 y(b)=8.703e-09
     2) sig(eV)=0.3395 y(b)=8.704e-09
     3) sig(eV)=0.3395 y(b)=8.706e-09
G4CrossSectionHP::IsoXS neutronInelasticHP  Z= 64  A= 157 Ekin(MeV)= 0.0207  xs(b)= 8.704e-09  size=7
### ekin(eV)=2.07e+04 e0(eV)=0.02526
     1) sig(eV)=0.3384 y(b)=8.771e-09
     2) sig(eV)=0.3384 y(b)=8.772e-09
     3) sig(eV)=0.3384 y(b)=8.772e-09
G4CrossSectionHP::IsoXS neutronInelasticHP  Z= 64  A= 158 Ekin(MeV)= 0.0207  xs(b)= 8.772e-09  size=7
### ekin(eV)=2.07e+04 e0(eV)=0.02526
     1) sig(eV)=0.3363 y(b)=1.365e-08
     2) sig(eV)=0.3363 y(b)=1.365e-08
     3) sig(eV)=0.3363 y(b)=1.365e-08
G4CrossSectionHP::IsoXS neutronInelasticHP  Z= 64  A= 160 Ekin(MeV)= 0.0207  xs(b)= 1.365e-08  size=7
### ekin(eV)=2.168e+04 e0(eV)=0.02526
     1) sig(eV)=0.345 y(b)=16.53
     2) sig(eV)=0.345 y(b)=16.53
     3) sig(eV)=0.345 y(b)=16.53
G4CrossSectionHP::IsoXS neutronElasticHP  Z= 64  A= 152 Ekin(MeV)= 0.02168  xs(b)= 16.53  size=7
### ekin(eV)=2.168e+04 e0(eV)=0.02526
     1) sig(eV)=0.3428 y(b)=10.24
     2) sig(eV)=0.3428 y(b)=10.24
     3) sig(eV)=0.3428 y(b)=10.24
G4CrossSectionHP::IsoXS neutronElasticHP  Z= 64  A= 154 Ekin(MeV)= 0.02168  xs(b)= 10.24  size=7
### ekin(eV)=2.168e+04 e0(eV)=0.02526
     1) sig(eV)=0.3417 y(b)=7.984
     2) sig(eV)=0.3417 y(b)=7.984
     3) sig(eV)=0.3417 y(b)=7.984
G4CrossSectionHP::IsoXS neutronElasticHP  Z= 64  A= 155 Ekin(MeV)= 0.02168  xs(b)= 7.984  size=7
### ekin(eV)=2.168e+04 e0(eV)=0.02526
     1) sig(eV)=0.3406 y(b)=12.56
     2) sig(eV)=0.3406 y(b)=12.56
     3) sig(eV)=0.3406 y(b)=12.56
G4CrossSectionHP::IsoXS neutronElasticHP  Z= 64  A= 156 Ekin(MeV)= 0.02168  xs(b)= 12.56  size=7
### ekin(eV)=2.168e+04 e0(eV)=0.02526
     1) sig(eV)=0.3395 y(b)=8.966
     2) sig(eV)=0.3395 y(b)=8.966
     3) sig(eV)=0.3395 y(b)=8.967
G4CrossSectionHP::IsoXS neutronElasticHP  Z= 64  A= 157 Ekin(MeV)= 0.02168  xs(b)= 8.966  size=7
### ekin(eV)=2.168e+04 e0(eV)=0.02526
     1) sig(eV)=0.3384 y(b)=16.15
     2) sig(eV)=0.3384 y(b)=16.15
     3) sig(eV)=0.3384 y(b)=16.15
G4CrossSectionHP::IsoXS neutronElasticHP  Z= 64  A= 158 Ekin(MeV)= 0.02168  xs(b)= 16.15  size=7
### ekin(eV)=2.168e+04 e0(eV)=0.02526
     1) sig(eV)=0.3363 y(b)=16.89
     2) sig(eV)=0.3363 y(b)=16.89
     3) sig(eV)=0.3363 y(b)=16.89
G4CrossSectionHP::IsoXS neutronElasticHP  Z= 64  A= 160 Ekin(MeV)= 0.02168  xs(b)= 16.89  size=7
### ekin(eV)=2.168e+04 e0(eV)=0.02526
     1) sig(eV)=0.345 y(b)=8.694e-05
     2) sig(eV)=0.345 y(b)=8.694e-05
     3) sig(eV)=0.345 y(b)=8.694e-05
G4CrossSectionHP::IsoXS neutronInelasticHP  Z= 64  A= 152 Ekin(MeV)= 0.02168  xs(b)= 8.694e-05  size=7
### ekin(eV)=2.168e+04 e0(eV)=0.02526
     1) sig(eV)=0.3428 y(b)=0
     2) sig(eV)=0.3428 y(b)=0
     3) sig(eV)=0.3428 y(b)=0
G4CrossSectionHP::IsoXS neutronInelasticHP  Z= 64  A= 154 Ekin(MeV)= 0.02168  xs(b)= 0  size=7
### ekin(eV)=2.168e+04 e0(eV)=0.02526
     1) sig(eV)=0.3417 y(b)=2.204e-08
     2) sig(eV)=0.3417 y(b)=2.204e-08
     3) sig(eV)=0.3417 y(b)=2.204e-08
G4CrossSectionHP::IsoXS neutronInelasticHP  Z= 64  A= 155 Ekin(MeV)= 0.02168  xs(b)= 2.204e-08  size=7
### ekin(eV)=2.168e+04 e0(eV)=0.02526
     1) sig(eV)=0.3406 y(b)=2.186e-08
     2) sig(eV)=0.3406 y(b)=2.186e-08
     3) sig(eV)=0.3406 y(b)=2.186e-08
G4CrossSectionHP::IsoXS neutronInelasticHP  Z= 64  A= 156 Ekin(MeV)= 0.02168  xs(b)= 2.186e-08  size=7
### ekin(eV)=2.168e+04 e0(eV)=0.02526
     1) sig(eV)=0.3395 y(b)=9.116e-09
     2) sig(eV)=0.3395 y(b)=9.117e-09
     3) sig(eV)=0.3395 y(b)=9.116e-09
G4CrossSectionHP::IsoXS neutronInelasticHP  Z= 64  A= 157 Ekin(MeV)= 0.02168  xs(b)= 9.116e-09  size=7
### ekin(eV)=2.168e+04 e0(eV)=0.02526
     1) sig(eV)=0.3384 y(b)=9.185e-09
     2) sig(eV)=0.3384 y(b)=9.184e-09
     3) sig(eV)=0.3384 y(b)=9.184e-09
G4CrossSectionHP::IsoXS neutronInelasticHP  Z= 64  A= 158 Ekin(MeV)= 0.02168  xs(b)= 9.184e-09  size=7
### ekin(eV)=2.168e+04 e0(eV)=0.02526
     1) sig(eV)=0.3363 y(b)=1.43e-08
     2) sig(eV)=0.3363 y(b)=1.43e-08
     3) sig(eV)=0.3363 y(b)=1.43e-08
G4CrossSectionHP::IsoXS neutronInelasticHP  Z= 64  A= 160 Ekin(MeV)= 0.02168  xs(b)= 1.43e-08  size=7
### ekin(eV)=2.27e+04 e0(eV)=0.02526
     1) sig(eV)=0.345 y(b)=16.31
     2) sig(eV)=0.345 y(b)=16.31
     3) sig(eV)=0.345 y(b)=16.31
G4CrossSectionHP::IsoXS neutronElasticHP  Z= 64  A= 152 Ekin(MeV)= 0.0227  xs(b)= 16.31  size=7
### ekin(eV)=2.27e+04 e0(eV)=0.02526
     1) sig(eV)=0.3428 y(b)=10.15
     2) sig(eV)=0.3428 y(b)=10.15
     3) sig(eV)=0.3428 y(b)=10.15
G4CrossSectionHP::IsoXS neutronElasticHP  Z= 64  A= 154 Ekin(MeV)= 0.0227  xs(b)= 10.15  size=7
### ekin(eV)=2.27e+04 e0(eV)=0.02526
     1) sig(eV)=0.3417 y(b)=7.884
     2) sig(eV)=0.3417 y(b)=7.884
     3) sig(eV)=0.3417 y(b)=7.885
G4CrossSectionHP::IsoXS neutronElasticHP  Z= 64  A= 155 Ekin(MeV)= 0.0227  xs(b)= 7.884  size=7
### ekin(eV)=2.27e+04 e0(eV)=0.02526
     1) sig(eV)=0.3406 y(b)=12.45
     2) sig(eV)=0.3406 y(b)=12.45
     3) sig(eV)=0.3406 y(b)=12.45
G4CrossSectionHP::IsoXS neutronElasticHP  Z= 64  A= 156 Ekin(MeV)= 0.0227  xs(b)= 12.45  size=7
### ekin(eV)=2.27e+04 e0(eV)=0.02526
     1) sig(eV)=0.3395 y(b)=8.915
     2) sig(eV)=0.3395 y(b)=8.915
     3) sig(eV)=0.3395 y(b)=8.915
G4CrossSectionHP::IsoXS neutronElasticHP  Z= 64  A= 157 Ekin(MeV)= 0.0227  xs(b)= 8.915  size=7
### ekin(eV)=2.27e+04 e0(eV)=0.02526
     1) sig(eV)=0.3384 y(b)=15.84
     2) sig(eV)=0.3384 y(b)=15.84
     3) sig(eV)=0.3384 y(b)=15.84
G4CrossSectionHP::IsoXS neutronElasticHP  Z= 64  A= 158 Ekin(MeV)= 0.0227  xs(b)= 15.84  size=7
### ekin(eV)=2.27e+04 e0(eV)=0.02526
     1) sig(eV)=0.3363 y(b)=16.56
     2) sig(eV)=0.3363 y(b)=16.56
     3) sig(eV)=0.3363 y(b)=16.56
G4CrossSectionHP::IsoXS neutronElasticHP  Z= 64  A= 160 Ekin(MeV)= 0.0227  xs(b)= 16.56  size=7
### ekin(eV)=2.27e+04 e0(eV)=0.02526
     1) sig(eV)=0.345 y(b)=8.553e-05
     2) sig(eV)=0.345 y(b)=8.552e-05
     3) sig(eV)=0.345 y(b)=8.553e-05
G4CrossSectionHP::IsoXS neutronInelasticHP  Z= 64  A= 152 Ekin(MeV)= 0.0227  xs(b)= 8.552e-05  size=7
### ekin(eV)=2.27e+04 e0(eV)=0.02526
     1) sig(eV)=0.3428 y(b)=0
     2) sig(eV)=0.3428 y(b)=0
     3) sig(eV)=0.3428 y(b)=0
G4CrossSectionHP::IsoXS neutronInelasticHP  Z= 64  A= 154 Ekin(MeV)= 0.0227  xs(b)= 0  size=7
### ekin(eV)=2.27e+04 e0(eV)=0.02526
     1) sig(eV)=0.3417 y(b)=2.308e-08
     2) sig(eV)=0.3417 y(b)=2.308e-08
     3) sig(eV)=0.3417 y(b)=2.308e-08
G4CrossSectionHP::IsoXS neutronInelasticHP  Z= 64  A= 155 Ekin(MeV)= 0.0227  xs(b)= 2.308e-08  size=7
### ekin(eV)=2.27e+04 e0(eV)=0.02526
     1) sig(eV)=0.3406 y(b)=2.289e-08
     2) sig(eV)=0.3406 y(b)=2.289e-08
     3) sig(eV)=0.3406 y(b)=2.289e-08
G4CrossSectionHP::IsoXS neutronInelasticHP  Z= 64  A= 156 Ekin(MeV)= 0.0227  xs(b)= 2.289e-08  size=7
### ekin(eV)=2.27e+04 e0(eV)=0.02526
     1) sig(eV)=0.3395 y(b)=9.545e-09
     2) sig(eV)=0.3395 y(b)=9.545e-09
     3) sig(eV)=0.3395 y(b)=9.545e-09
G4CrossSectionHP::IsoXS neutronInelasticHP  Z= 64  A= 157 Ekin(MeV)= 0.0227  xs(b)= 9.545e-09  size=7
### ekin(eV)=2.27e+04 e0(eV)=0.02526
     1) sig(eV)=0.3384 y(b)=9.618e-09
     2) sig(eV)=0.3384 y(b)=9.618e-09
     3) sig(eV)=0.3384 y(b)=9.618e-09
G4CrossSectionHP::IsoXS neutronInelasticHP  Z= 64  A= 158 Ekin(MeV)= 0.0227  xs(b)= 9.618e-09  size=7
### ekin(eV)=2.27e+04 e0(eV)=0.02526
     1) sig(eV)=0.3363 y(b)=1.497e-08
     2) sig(eV)=0.3363 y(b)=1.497e-08
     3) sig(eV)=0.3363 y(b)=1.497e-08
G4CrossSectionHP::IsoXS neutronInelasticHP  Z= 64  A= 160 Ekin(MeV)= 0.0227  xs(b)= 1.497e-08  size=7
### ekin(eV)=2.377e+04 e0(eV)=0.02526
     1) sig(eV)=0.345 y(b)=16.09
     2) sig(eV)=0.345 y(b)=16.09
     3) sig(eV)=0.345 y(b)=16.09
G4CrossSectionHP::IsoXS neutronElasticHP  Z= 64  A= 152 Ekin(MeV)= 0.02377  xs(b)= 16.09  size=7
### ekin(eV)=2.377e+04 e0(eV)=0.02526
     1) sig(eV)=0.3428 y(b)=10.05
     2) sig(eV)=0.3428 y(b)=10.05
     3) sig(eV)=0.3428 y(b)=10.05
G4CrossSectionHP::IsoXS neutronElasticHP  Z= 64  A= 154 Ekin(MeV)= 0.02377  xs(b)= 10.05  size=7
### ekin(eV)=2.377e+04 e0(eV)=0.02526
     1) sig(eV)=0.3417 y(b)=7.795
     2) sig(eV)=0.3417 y(b)=7.794
     3) sig(eV)=0.3417 y(b)=7.794
G4CrossSectionHP::IsoXS neutronElasticHP  Z= 64  A= 155 Ekin(MeV)= 0.02377  xs(b)= 7.795  size=7
### ekin(eV)=2.377e+04 e0(eV)=0.02526
     1) sig(eV)=0.3406 y(b)=12.36
     2) sig(eV)=0.3406 y(b)=12.36
     3) sig(eV)=0.3406 y(b)=12.36
G4CrossSectionHP::IsoXS neutronElasticHP  Z= 64  A= 156 Ekin(MeV)= 0.02377  xs(b)= 12.36  size=7
### ekin(eV)=2.377e+04 e0(eV)=0.02526
     1) sig(eV)=0.3395 y(b)=8.862
     2) sig(eV)=0.3395 y(b)=8.862
     3) sig(eV)=0.3395 y(b)=8.861
G4CrossSectionHP::IsoXS neutronElasticHP  Z= 64  A= 157 Ekin(MeV)= 0.02377  xs(b)= 8.862  size=7
### ekin(eV)=2.377e+04 e0(eV)=0.02526
     1) sig(eV)=0.3384 y(b)=15.52
     2) sig(eV)=0.3384 y(b)=15.52
     3) sig(eV)=0.3384 y(b)=15.52
G4CrossSectionHP::IsoXS neutronElasticHP  Z= 64  A= 158 Ekin(MeV)= 0.02377  xs(b)= 15.52  size=7
### ekin(eV)=2.377e+04 e0(eV)=0.02526
     1) sig(eV)=0.3363 y(b)=16.23
     2) sig(eV)=0.3363 y(b)=16.23
     3) sig(eV)=0.3363 y(b)=16.23
G4CrossSectionHP::IsoXS neutronElasticHP  Z= 64  A= 160 Ekin(MeV)= 0.02377  xs(b)= 16.23  size=7
### ekin(eV)=2.377e+04 e0(eV)=0.02526
     1) sig(eV)=0.345 y(b)=8.404e-05
     2) sig(eV)=0.345 y(b)=8.403e-05
     3) sig(eV)=0.345 y(b)=8.403e-05
G4CrossSectionHP::IsoXS neutronInelasticHP  Z= 64  A= 152 Ekin(MeV)= 0.02377  xs(b)= 8.403e-05  size=7
### ekin(eV)=2.377e+04 e0(eV)=0.02526
     1) sig(eV)=0.3428 y(b)=0
     2) sig(eV)=0.3428 y(b)=0
     3) sig(eV)=0.3428 y(b)=0
G4CrossSectionHP::IsoXS neutronInelasticHP  Z= 64  A= 154 Ekin(MeV)= 0.02377  xs(b)= 0  size=7
### ekin(eV)=2.377e+04 e0(eV)=0.02526
     1) sig(eV)=0.3417 y(b)=2.417e-08
     2) sig(eV)=0.3417 y(b)=2.417e-08
     3) sig(eV)=0.3417 y(b)=2.417e-08
G4CrossSectionHP::IsoXS neutronInelasticHP  Z= 64  A= 155 Ekin(MeV)= 0.02377  xs(b)= 2.417e-08  size=7
### ekin(eV)=2.377e+04 e0(eV)=0.02526
     1) sig(eV)=0.3406 y(b)=2.397e-08
     2) sig(eV)=0.3406 y(b)=2.397e-08
     3) sig(eV)=0.3406 y(b)=2.397e-08
G4CrossSectionHP::IsoXS neutronInelasticHP  Z= 64  A= 156 Ekin(MeV)= 0.02377  xs(b)= 2.397e-08  size=7
### ekin(eV)=2.377e+04 e0(eV)=0.02526
     1) sig(eV)=0.3395 y(b)=9.993e-09
     2) sig(eV)=0.3395 y(b)=9.992e-09
     3) sig(eV)=0.3395 y(b)=9.993e-09
G4CrossSectionHP::IsoXS neutronInelasticHP  Z= 64  A= 157 Ekin(MeV)= 0.02377  xs(b)= 9.992e-09  size=7
### ekin(eV)=2.377e+04 e0(eV)=0.02526
     1) sig(eV)=0.3384 y(b)=1.007e-08
     2) sig(eV)=0.3384 y(b)=1.007e-08
     3) sig(eV)=0.3384 y(b)=1.007e-08
G4CrossSectionHP::IsoXS neutronInelasticHP  Z= 64  A= 158 Ekin(MeV)= 0.02377  xs(b)= 1.007e-08  size=7
### ekin(eV)=2.377e+04 e0(eV)=0.02526
     1) sig(eV)=0.3363 y(b)=1.567e-08
     2) sig(eV)=0.3363 y(b)=1.567e-08
     3) sig(eV)=0.3363 y(b)=1.567e-08
G4CrossSectionHP::IsoXS neutronInelasticHP  Z= 64  A= 160 Ekin(MeV)= 0.02377  xs(b)= 1.567e-08  size=7
### ekin(eV)=2.489e+04 e0(eV)=0.02526
     1) sig(eV)=0.345 y(b)=15.87
     2) sig(eV)=0.345 y(b)=15.87
     3) sig(eV)=0.345 y(b)=15.87
G4CrossSectionHP::IsoXS neutronElasticHP  Z= 64  A= 152 Ekin(MeV)= 0.02489  xs(b)= 15.87  size=7
### ekin(eV)=2.489e+04 e0(eV)=0.02526
     1) sig(eV)=0.3428 y(b)=9.961
     2) sig(eV)=0.3428 y(b)=9.961
     3) sig(eV)=0.3428 y(b)=9.961
G4CrossSectionHP::IsoXS neutronElasticHP  Z= 64  A= 154 Ekin(MeV)= 0.02489  xs(b)= 9.961  size=7
### ekin(eV)=2.489e+04 e0(eV)=0.02526
     1) sig(eV)=0.3417 y(b)=7.7
     2) sig(eV)=0.3417 y(b)=7.7
     3) sig(eV)=0.3417 y(b)=7.7
G4CrossSectionHP::IsoXS neutronElasticHP  Z= 64  A= 155 Ekin(MeV)= 0.02489  xs(b)= 7.7  size=7
### ekin(eV)=2.489e+04 e0(eV)=0.02526
     1) sig(eV)=0.3406 y(b)=12.26
     2) sig(eV)=0.3406 y(b)=12.26
     3) sig(eV)=0.3406 y(b)=12.26
G4CrossSectionHP::IsoXS neutronElasticHP  Z= 64  A= 156 Ekin(MeV)= 0.02489  xs(b)= 12.26  size=7
### ekin(eV)=2.489e+04 e0(eV)=0.02526
     1) sig(eV)=0.3395 y(b)=8.806
     2) sig(eV)=0.3395 y(b)=8.806
     3) sig(eV)=0.3395 y(b)=8.806
G4CrossSectionHP::IsoXS neutronElasticHP  Z= 64  A= 157 Ekin(MeV)= 0.02489  xs(b)= 8.806  size=7
### ekin(eV)=2.489e+04 e0(eV)=0.02526
     1) sig(eV)=0.3384 y(b)=15.21
     2) sig(eV)=0.3384 y(b)=15.21
     3) sig(eV)=0.3384 y(b)=15.2
G4CrossSectionHP::IsoXS neutronElasticHP  Z= 64  A= 158 Ekin(MeV)= 0.02489  xs(b)= 15.21  size=7
### ekin(eV)=2.489e+04 e0(eV)=0.02526
     1) sig(eV)=0.3363 y(b)=15.91
     2) sig(eV)=0.3363 y(b)=15.91
     3) sig(eV)=0.3363 y(b)=15.91
G4CrossSectionHP::IsoXS neutronElasticHP  Z= 64  A= 160 Ekin(MeV)= 0.02489  xs(b)= 15.91  size=7
### ekin(eV)=2.489e+04 e0(eV)=0.02526
     1) sig(eV)=0.345 y(b)=8.249e-05
     2) sig(eV)=0.345 y(b)=8.248e-05
     3) sig(eV)=0.345 y(b)=8.248e-05
G4CrossSectionHP::IsoXS neutronInelasticHP  Z= 64  A= 152 Ekin(MeV)= 0.02489  xs(b)= 8.248e-05  size=7
### ekin(eV)=2.489e+04 e0(eV)=0.02526
     1) sig(eV)=0.3428 y(b)=0
     2) sig(eV)=0.3428 y(b)=0
     3) sig(eV)=0.3428 y(b)=0
G4CrossSectionHP::IsoXS neutronInelasticHP  Z= 64  A= 154 Ekin(MeV)= 0.02489  xs(b)= 0  size=7
### ekin(eV)=2.489e+04 e0(eV)=0.02526
     1) sig(eV)=0.3417 y(b)=2.53e-08
     2) sig(eV)=0.3417 y(b)=2.53e-08
     3) sig(eV)=0.3417 y(b)=2.529e-08
G4CrossSectionHP::IsoXS neutronInelasticHP  Z= 64  A= 155 Ekin(MeV)= 0.02489  xs(b)= 2.53e-08  size=7
### ekin(eV)=2.489e+04 e0(eV)=0.02526
     1) sig(eV)=0.3406 y(b)=2.51e-08
     2) sig(eV)=0.3406 y(b)=2.509e-08
     3) sig(eV)=0.3406 y(b)=2.509e-08
G4CrossSectionHP::IsoXS neutronInelasticHP  Z= 64  A= 156 Ekin(MeV)= 0.02489  xs(b)= 2.51e-08  size=7
### ekin(eV)=2.489e+04 e0(eV)=0.02526
     1) sig(eV)=0.3395 y(b)=1.047e-08
     2) sig(eV)=0.3395 y(b)=1.047e-08
     3) sig(eV)=0.3395 y(b)=1.047e-08
G4CrossSectionHP::IsoXS neutronInelasticHP  Z= 64  A= 157 Ekin(MeV)= 0.02489  xs(b)= 1.047e-08  size=7
### ekin(eV)=2.489e+04 e0(eV)=0.02526
     1) sig(eV)=0.3384 y(b)=1.054e-08
     2) sig(eV)=0.3384 y(b)=1.054e-08
     3) sig(eV)=0.3384 y(b)=1.055e-08
G4CrossSectionHP::IsoXS neutronInelasticHP  Z= 64  A= 158 Ekin(MeV)= 0.02489  xs(b)= 1.054e-08  size=7
### ekin(eV)=2.489e+04 e0(eV)=0.02526
     1) sig(eV)=0.3363 y(b)=1.641e-08
     2) sig(eV)=0.3363 y(b)=1.641e-08
     3) sig(eV)=0.3363 y(b)=1.641e-08
G4CrossSectionHP::IsoXS neutronInelasticHP  Z= 64  A= 160 Ekin(MeV)= 0.02489  xs(b)= 1.641e-08  size=7
### ekin(eV)=2.606e+04 e0(eV)=0.02526
     1) sig(eV)=0.345 y(b)=15.67
     2) sig(eV)=0.345 y(b)=15.67
     3) sig(eV)=0.345 y(b)=15.66
G4CrossSectionHP::IsoXS neutronElasticHP  Z= 64  A= 152 Ekin(MeV)= 0.02606  xs(b)= 15.67  size=7
### ekin(eV)=2.606e+04 e0(eV)=0.02526
     1) sig(eV)=0.3428 y(b)=9.877
     2) sig(eV)=0.3428 y(b)=9.877
     3) sig(eV)=0.3428 y(b)=9.877
G4CrossSectionHP::IsoXS neutronElasticHP  Z= 64  A= 154 Ekin(MeV)= 0.02606  xs(b)= 9.877  size=7
### ekin(eV)=2.606e+04 e0(eV)=0.02526
     1) sig(eV)=0.3417 y(b)=7.615
     2) sig(eV)=0.3417 y(b)=7.615
     3) sig(eV)=0.3417 y(b)=7.615
G4CrossSectionHP::IsoXS neutronElasticHP  Z= 64  A= 155 Ekin(MeV)= 0.02606  xs(b)= 7.615  size=7
### ekin(eV)=2.606e+04 e0(eV)=0.02526
     1) sig(eV)=0.3406 y(b)=12.16
     2) sig(eV)=0.3406 y(b)=12.16
     3) sig(eV)=0.3406 y(b)=12.16
G4CrossSectionHP::IsoXS neutronElasticHP  Z= 64  A= 156 Ekin(MeV)= 0.02606  xs(b)= 12.16  size=7
### ekin(eV)=2.606e+04 e0(eV)=0.02526
     1) sig(eV)=0.3395 y(b)=8.767
     2) sig(eV)=0.3395 y(b)=8.766
     3) sig(eV)=0.3395 y(b)=8.766
G4CrossSectionHP::IsoXS neutronElasticHP  Z= 64  A= 157 Ekin(MeV)= 0.02606  xs(b)= 8.766  size=7
### ekin(eV)=2.606e+04 e0(eV)=0.02526
     1) sig(eV)=0.3384 y(b)=14.9
     2) sig(eV)=0.3384 y(b)=14.9
     3) sig(eV)=0.3384 y(b)=14.9
G4CrossSectionHP::IsoXS neutronElasticHP  Z= 64  A= 158 Ekin(MeV)= 0.02606  xs(b)= 14.9  size=7
### ekin(eV)=2.606e+04 e0(eV)=0.02526
     1) sig(eV)=0.3363 y(b)=15.59
     2) sig(eV)=0.3363 y(b)=15.59
     3) sig(eV)=0.3363 y(b)=15.59
G4CrossSectionHP::IsoXS neutronElasticHP  Z= 64  A= 160 Ekin(MeV)= 0.02606  xs(b)= 15.59  size=7
### ekin(eV)=2.606e+04 e0(eV)=0.02526
     1) sig(eV)=0.345 y(b)=8.127e-05
     2) sig(eV)=0.345 y(b)=8.127e-05
     3) sig(eV)=0.345 y(b)=8.127e-05
G4CrossSectionHP::IsoXS neutronInelasticHP  Z= 64  A= 152 Ekin(MeV)= 0.02606  xs(b)= 8.127e-05  size=7
### ekin(eV)=2.606e+04 e0(eV)=0.02526
     1) sig(eV)=0.3428 y(b)=0
     2) sig(eV)=0.3428 y(b)=0
     3) sig(eV)=0.3428 y(b)=0
G4CrossSectionHP::IsoXS neutronInelasticHP  Z= 64  A= 154 Ekin(MeV)= 0.02606  xs(b)= 0  size=7
### ekin(eV)=2.606e+04 e0(eV)=0.02526
     1) sig(eV)=0.3417 y(b)=2.649e-08
     2) sig(eV)=0.3417 y(b)=2.65e-08
     3) sig(eV)=0.3417 y(b)=2.65e-08
G4CrossSectionHP::IsoXS neutronInelasticHP  Z= 64  A= 155 Ekin(MeV)= 0.02606  xs(b)= 2.65e-08  size=7
### ekin(eV)=2.606e+04 e0(eV)=0.02526
     1) sig(eV)=0.3406 y(b)=2.628e-08
     2) sig(eV)=0.3406 y(b)=2.628e-08
     3) sig(eV)=0.3406 y(b)=2.628e-08
G4CrossSectionHP::IsoXS neutronInelasticHP  Z= 64  A= 156 Ekin(MeV)= 0.02606  xs(b)= 2.628e-08  size=7
### ekin(eV)=2.606e+04 e0(eV)=0.02526
     1) sig(eV)=0.3395 y(b)=1.096e-08
     2) sig(eV)=0.3395 y(b)=1.096e-08
     3) sig(eV)=0.3395 y(b)=1.096e-08
G4CrossSectionHP::IsoXS neutronInelasticHP  Z= 64  A= 157 Ekin(MeV)= 0.02606  xs(b)= 1.096e-08  size=7
### ekin(eV)=2.606e+04 e0(eV)=0.02526
     1) sig(eV)=0.3384 y(b)=1.104e-08
     2) sig(eV)=0.3384 y(b)=1.104e-08
     3) sig(eV)=0.3384 y(b)=1.104e-08
G4CrossSectionHP::IsoXS neutronInelasticHP  Z= 64  A= 158 Ekin(MeV)= 0.02606  xs(b)= 1.104e-08  size=7
### ekin(eV)=2.606e+04 e0(eV)=0.02526
     1) sig(eV)=0.3363 y(b)=1.719e-08
     2) sig(eV)=0.3363 y(b)=1.719e-08
     3) sig(eV)=0.3363 y(b)=1.719e-08
G4CrossSectionHP::IsoXS neutronInelasticHP  Z= 64  A= 160 Ekin(MeV)= 0.02606  xs(b)= 1.719e-08  size=7
### ekin(eV)=2.729e+04 e0(eV)=0.02526
     1) sig(eV)=0.345 y(b)=15.46
     2) sig(eV)=0.345 y(b)=15.46
     3) sig(eV)=0.345 y(b)=15.46
G4CrossSectionHP::IsoXS neutronElasticHP  Z= 64  A= 152 Ekin(MeV)= 0.02729  xs(b)= 15.46  size=7
### ekin(eV)=2.729e+04 e0(eV)=0.02526
     1) sig(eV)=0.3428 y(b)=9.789
     2) sig(eV)=0.3428 y(b)=9.789
     3) sig(eV)=0.3428 y(b)=9.789
G4CrossSectionHP::IsoXS neutronElasticHP  Z= 64  A= 154 Ekin(MeV)= 0.02729  xs(b)= 9.789  size=7
### ekin(eV)=2.729e+04 e0(eV)=0.02526
     1) sig(eV)=0.3417 y(b)=7.528
     2) sig(eV)=0.3417 y(b)=7.528
     3) sig(eV)=0.3417 y(b)=7.528
G4CrossSectionHP::IsoXS neutronElasticHP  Z= 64  A= 155 Ekin(MeV)= 0.02729  xs(b)= 7.528  size=7
### ekin(eV)=2.729e+04 e0(eV)=0.02526
     1) sig(eV)=0.3406 y(b)=12.07
     2) sig(eV)=0.3406 y(b)=12.07
     3) sig(eV)=0.3406 y(b)=12.07
G4CrossSectionHP::IsoXS neutronElasticHP  Z= 64  A= 156 Ekin(MeV)= 0.02729  xs(b)= 12.07  size=7
### ekin(eV)=2.729e+04 e0(eV)=0.02526
     1) sig(eV)=0.3395 y(b)=8.728
     2) sig(eV)=0.3395 y(b)=8.728
     3) sig(eV)=0.3395 y(b)=8.728
G4CrossSectionHP::IsoXS neutronElasticHP  Z= 64  A= 157 Ekin(MeV)= 0.02729  xs(b)= 8.728  size=7
### ekin(eV)=2.729e+04 e0(eV)=0.02526
     1) sig(eV)=0.3384 y(b)=14.61
     2) sig(eV)=0.3384 y(b)=14.61
     3) sig(eV)=0.3384 y(b)=14.61
G4CrossSectionHP::IsoXS neutronElasticHP  Z= 64  A= 158 Ekin(MeV)= 0.02729  xs(b)= 14.61  size=7
### ekin(eV)=2.729e+04 e0(eV)=0.02526
     1) sig(eV)=0.3363 y(b)=15.28
     2) sig(eV)=0.3363 y(b)=15.28
     3) sig(eV)=0.3363 y(b)=15.28
G4CrossSectionHP::IsoXS neutronElasticHP  Z= 64  A= 160 Ekin(MeV)= 0.02729  xs(b)= 15.28  size=7
### ekin(eV)=2.729e+04 e0(eV)=0.02526
     1) sig(eV)=0.345 y(b)=8.011e-05
     2) sig(eV)=0.345 y(b)=8.01e-05
     3) sig(eV)=0.345 y(b)=8.01e-05
G4CrossSectionHP::IsoXS neutronInelasticHP  Z= 64  A= 152 Ekin(MeV)= 0.02729  xs(b)= 8.01e-05  size=7
### ekin(eV)=2.729e+04 e0(eV)=0.02526
     1) sig(eV)=0.3428 y(b)=0
     2) sig(eV)=0.3428 y(b)=0
     3) sig(eV)=0.3428 y(b)=0
G4CrossSectionHP::IsoXS neutronInelasticHP  Z= 64  A= 154 Ekin(MeV)= 0.02729  xs(b)= 0  size=7
### ekin(eV)=2.729e+04 e0(eV)=0.02526
     1) sig(eV)=0.3417 y(b)=2.775e-08
     2) sig(eV)=0.3417 y(b)=2.775e-08
     3) sig(eV)=0.3417 y(b)=2.775e-08
G4CrossSectionHP::IsoXS neutronInelasticHP  Z= 64  A= 155 Ekin(MeV)= 0.02729  xs(b)= 2.775e-08  size=7
### ekin(eV)=2.729e+04 e0(eV)=0.02526
     1) sig(eV)=0.3406 y(b)=2.751e-08
     2) sig(eV)=0.3406 y(b)=2.751e-08
     3) sig(eV)=0.3406 y(b)=2.751e-08
G4CrossSectionHP::IsoXS neutronInelasticHP  Z= 64  A= 156 Ekin(MeV)= 0.02729  xs(b)= 2.751e-08  size=7
### ekin(eV)=2.729e+04 e0(eV)=0.02526
     1) sig(eV)=0.3395 y(b)=1.148e-08
     2) sig(eV)=0.3395 y(b)=1.148e-08
     3) sig(eV)=0.3395 y(b)=1.148e-08
G4CrossSectionHP::IsoXS neutronInelasticHP  Z= 64  A= 157 Ekin(MeV)= 0.02729  xs(b)= 1.148e-08  size=7
### ekin(eV)=2.729e+04 e0(eV)=0.02526
     1) sig(eV)=0.3384 y(b)=1.156e-08
     2) sig(eV)=0.3384 y(b)=1.156e-08
     3) sig(eV)=0.3384 y(b)=1.156e-08
G4CrossSectionHP::IsoXS neutronInelasticHP  Z= 64  A= 158 Ekin(MeV)= 0.02729  xs(b)= 1.156e-08  size=7
### ekin(eV)=2.729e+04 e0(eV)=0.02526
     1) sig(eV)=0.3363 y(b)=1.8e-08
     2) sig(eV)=0.3363 y(b)=1.8e-08
     3) sig(eV)=0.3363 y(b)=1.799e-08
G4CrossSectionHP::IsoXS neutronInelasticHP  Z= 64  A= 160 Ekin(MeV)= 0.02729  xs(b)= 1.8e-08  size=7
### ekin(eV)=2.858e+04 e0(eV)=0.02526
     1) sig(eV)=0.345 y(b)=15.25
     2) sig(eV)=0.345 y(b)=15.25
     3) sig(eV)=0.345 y(b)=15.25
G4CrossSectionHP::IsoXS neutronElasticHP  Z= 64  A= 152 Ekin(MeV)= 0.02858  xs(b)= 15.25  size=7
### ekin(eV)=2.858e+04 e0(eV)=0.02526
     1) sig(eV)=0.3428 y(b)=9.706
     2) sig(eV)=0.3428 y(b)=9.706
     3) sig(eV)=0.3428 y(b)=9.706
G4CrossSectionHP::IsoXS neutronElasticHP  Z= 64  A= 154 Ekin(MeV)= 0.02858  xs(b)= 9.706  size=7
### ekin(eV)=2.858e+04 e0(eV)=0.02526
     1) sig(eV)=0.3417 y(b)=7.447
     2) sig(eV)=0.3417 y(b)=7.447
     3) sig(eV)=0.3417 y(b)=7.447
G4CrossSectionHP::IsoXS neutronElasticHP  Z= 64  A= 155 Ekin(MeV)= 0.02858  xs(b)= 7.447  size=7
### ekin(eV)=2.858e+04 e0(eV)=0.02526
     1) sig(eV)=0.3406 y(b)=11.98
     2) sig(eV)=0.3406 y(b)=11.98
     3) sig(eV)=0.3406 y(b)=11.98
G4CrossSectionHP::IsoXS neutronElasticHP  Z= 64  A= 156 Ekin(MeV)= 0.02858  xs(b)= 11.98  size=7
### ekin(eV)=2.858e+04 e0(eV)=0.02526
     1) sig(eV)=0.3395 y(b)=8.687
     2) sig(eV)=0.3395 y(b)=8.687
     3) sig(eV)=0.3395 y(b)=8.687
G4CrossSectionHP::IsoXS neutronElasticHP  Z= 64  A= 157 Ekin(MeV)= 0.02858  xs(b)= 8.687  size=7
### ekin(eV)=2.858e+04 e0(eV)=0.02526
     1) sig(eV)=0.3384 y(b)=14.32
     2) sig(eV)=0.3384 y(b)=14.32
     3) sig(eV)=0.3384 y(b)=14.32
G4CrossSectionHP::IsoXS neutronElasticHP  Z= 64  A= 158 Ekin(MeV)= 0.02858  xs(b)= 14.32  size=7
### ekin(eV)=2.858e+04 e0(eV)=0.02526
     1) sig(eV)=0.3363 y(b)=14.97
     2) sig(eV)=0.3363 y(b)=14.97
     3) sig(eV)=0.3363 y(b)=14.97
G4CrossSectionHP::IsoXS neutronElasticHP  Z= 64  A= 160 Ekin(MeV)= 0.02858  xs(b)= 14.97  size=7
### ekin(eV)=2.858e+04 e0(eV)=0.02526
     1) sig(eV)=0.345 y(b)=7.888e-05
     2) sig(eV)=0.345 y(b)=7.888e-05
     3) sig(eV)=0.345 y(b)=7.888e-05
G4CrossSectionHP::IsoXS neutronInelasticHP  Z= 64  A= 152 Ekin(MeV)= 0.02858  xs(b)= 7.888e-05  size=7
### ekin(eV)=2.858e+04 e0(eV)=0.02526
     1) sig(eV)=0.3428 y(b)=0
     2) sig(eV)=0.3428 y(b)=0
     3) sig(eV)=0.3428 y(b)=0
G4CrossSectionHP::IsoXS neutronInelasticHP  Z= 64  A= 154 Ekin(MeV)= 0.02858  xs(b)= 0  size=7
### ekin(eV)=2.858e+04 e0(eV)=0.02526
     1) sig(eV)=0.3417 y(b)=2.905e-08
     2) sig(eV)=0.3417 y(b)=2.906e-08
     3) sig(eV)=0.3417 y(b)=2.906e-08
G4CrossSectionHP::IsoXS neutronInelasticHP  Z= 64  A= 155 Ekin(MeV)= 0.02858  xs(b)= 2.906e-08  size=7
### ekin(eV)=2.858e+04 e0(eV)=0.02526
     1) sig(eV)=0.3406 y(b)=2.882e-08
     2) sig(eV)=0.3406 y(b)=2.882e-08
     3) sig(eV)=0.3406 y(b)=2.882e-08
G4CrossSectionHP::IsoXS neutronInelasticHP  Z= 64  A= 156 Ekin(MeV)= 0.02858  xs(b)= 2.882e-08  size=7
### ekin(eV)=2.858e+04 e0(eV)=0.02526
     1) sig(eV)=0.3395 y(b)=1.202e-08
     2) sig(eV)=0.3395 y(b)=1.202e-08
     3) sig(eV)=0.3395 y(b)=1.201e-08
G4CrossSectionHP::IsoXS neutronInelasticHP  Z= 64  A= 157 Ekin(MeV)= 0.02858  xs(b)= 1.202e-08  size=7
### ekin(eV)=2.858e+04 e0(eV)=0.02526
     1) sig(eV)=0.3384 y(b)=1.211e-08
     2) sig(eV)=0.3384 y(b)=1.211e-08
     3) sig(eV)=0.3384 y(b)=1.211e-08
G4CrossSectionHP::IsoXS neutronInelasticHP  Z= 64  A= 158 Ekin(MeV)= 0.02858  xs(b)= 1.211e-08  size=7
### ekin(eV)=2.858e+04 e0(eV)=0.02526
     1) sig(eV)=0.3363 y(b)=1.885e-08
     2) sig(eV)=0.3363 y(b)=1.885e-08
     3) sig(eV)=0.3363 y(b)=1.885e-08
G4CrossSectionHP::IsoXS neutronInelasticHP  Z= 64  A= 160 Ekin(MeV)= 0.02858  xs(b)= 1.885e-08  size=7
### ekin(eV)=2.993e+04 e0(eV)=0.02526
     1) sig(eV)=0.345 y(b)=15.06
     2) sig(eV)=0.345 y(b)=15.06
     3) sig(eV)=0.345 y(b)=15.06
G4CrossSectionHP::IsoXS neutronElasticHP  Z= 64  A= 152 Ekin(MeV)= 0.02993  xs(b)= 15.06  size=7
### ekin(eV)=2.993e+04 e0(eV)=0.02526
     1) sig(eV)=0.3428 y(b)=9.629
     2) sig(eV)=0.3428 y(b)=9.629
     3) sig(eV)=0.3428 y(b)=9.629
G4CrossSectionHP::IsoXS neutronElasticHP  Z= 64  A= 154 Ekin(MeV)= 0.02993  xs(b)= 9.629  size=7
### ekin(eV)=2.993e+04 e0(eV)=0.02526
     1) sig(eV)=0.3417 y(b)=7.365
     2) sig(eV)=0.3417 y(b)=7.364
     3) sig(eV)=0.3417 y(b)=7.364
G4CrossSectionHP::IsoXS neutronElasticHP  Z= 64  A= 155 Ekin(MeV)= 0.02993  xs(b)= 7.364  size=7
### ekin(eV)=2.993e+04 e0(eV)=0.02526
     1) sig(eV)=0.3406 y(b)=11.89
     2) sig(eV)=0.3406 y(b)=11.89
     3) sig(eV)=0.3406 y(b)=11.89
G4CrossSectionHP::IsoXS neutronElasticHP  Z= 64  A= 156 Ekin(MeV)= 0.02993  xs(b)= 11.89  size=7
### ekin(eV)=2.993e+04 e0(eV)=0.02526
     1) sig(eV)=0.3395 y(b)=8.645
     2) sig(eV)=0.3395 y(b)=8.645
     3) sig(eV)=0.3395 y(b)=8.645
G4CrossSectionHP::IsoXS neutronElasticHP  Z= 64  A= 157 Ekin(MeV)= 0.02993  xs(b)= 8.645  size=7
### ekin(eV)=2.993e+04 e0(eV)=0.02526
     1) sig(eV)=0.3384 y(b)=14.03
     2) sig(eV)=0.3384 y(b)=14.03
     3) sig(eV)=0.3384 y(b)=14.03
G4CrossSectionHP::IsoXS neutronElasticHP  Z= 64  A= 158 Ekin(MeV)= 0.02993  xs(b)= 14.03  size=7
### ekin(eV)=2.993e+04 e0(eV)=0.02526
     1) sig(eV)=0.3363 y(b)=14.67
     2) sig(eV)=0.3363 y(b)=14.67
     3) sig(eV)=0.3363 y(b)=14.67
G4CrossSectionHP::IsoXS neutronElasticHP  Z= 64  A= 160 Ekin(MeV)= 0.02993  xs(b)= 14.67  size=7
### ekin(eV)=2.993e+04 e0(eV)=0.02526
     1) sig(eV)=0.345 y(b)=7.76e-05
     2) sig(eV)=0.345 y(b)=7.76e-05
     3) sig(eV)=0.345 y(b)=7.76e-05
G4CrossSectionHP::IsoXS neutronInelasticHP  Z= 64  A= 152 Ekin(MeV)= 0.02993  xs(b)= 7.76e-05  size=7
### ekin(eV)=2.993e+04 e0(eV)=0.02526
     1) sig(eV)=0.3428 y(b)=0
     2) sig(eV)=0.3428 y(b)=0
     3) sig(eV)=0.3428 y(b)=0
G4CrossSectionHP::IsoXS neutronInelasticHP  Z= 64  A= 154 Ekin(MeV)= 0.02993  xs(b)= 0  size=7
### ekin(eV)=2.993e+04 e0(eV)=0.02526
     1) sig(eV)=0.3417 y(b)=3.042e-08
     2) sig(eV)=0.3417 y(b)=3.042e-08
     3) sig(eV)=0.3417 y(b)=3.042e-08
G4CrossSectionHP::IsoXS neutronInelasticHP  Z= 64  A= 155 Ekin(MeV)= 0.02993  xs(b)= 3.042e-08  size=7
### ekin(eV)=2.993e+04 e0(eV)=0.02526
     1) sig(eV)=0.3406 y(b)=3.017e-08
     2) sig(eV)=0.3406 y(b)=3.017e-08
     3) sig(eV)=0.3406 y(b)=3.017e-08
G4CrossSectionHP::IsoXS neutronInelasticHP  Z= 64  A= 156 Ekin(MeV)= 0.02993  xs(b)= 3.017e-08  size=7
### ekin(eV)=2.993e+04 e0(eV)=0.02526
     1) sig(eV)=0.3395 y(b)=1.258e-08
     2) sig(eV)=0.3395 y(b)=1.258e-08
     3) sig(eV)=0.3395 y(b)=1.258e-08
G4CrossSectionHP::IsoXS neutronInelasticHP  Z= 64  A= 157 Ekin(MeV)= 0.02993  xs(b)= 1.258e-08  size=7
### ekin(eV)=2.993e+04 e0(eV)=0.02526
     1) sig(eV)=0.3384 y(b)=1.268e-08
     2) sig(eV)=0.3384 y(b)=1.268e-08
     3) sig(eV)=0.3384 y(b)=1.268e-08
G4CrossSectionHP::IsoXS neutronInelasticHP  Z= 64  A= 158 Ekin(MeV)= 0.02993  xs(b)= 1.268e-08  size=7
### ekin(eV)=2.993e+04 e0(eV)=0.02526
     1) sig(eV)=0.3363 y(b)=1.973e-08
     2) sig(eV)=0.3363 y(b)=1.973e-08
     3) sig(eV)=0.3363 y(b)=1.973e-08
G4CrossSectionHP::IsoXS neutronInelasticHP  Z= 64  A= 160 Ekin(MeV)= 0.02993  xs(b)= 1.973e-08  size=7
### ekin(eV)=3.134e+04 e0(eV)=0.02526
     1) sig(eV)=0.345 y(b)=14.85
     2) sig(eV)=0.345 y(b)=14.86
     3) sig(eV)=0.345 y(b)=14.85
G4CrossSectionHP::IsoXS neutronElasticHP  Z= 64  A= 152 Ekin(MeV)= 0.03134  xs(b)= 14.85  size=7
### ekin(eV)=3.134e+04 e0(eV)=0.02526
     1) sig(eV)=0.3428 y(b)=9.549
     2) sig(eV)=0.3428 y(b)=9.549
     3) sig(eV)=0.3428 y(b)=9.549
G4CrossSectionHP::IsoXS neutronElasticHP  Z= 64  A= 154 Ekin(MeV)= 0.03134  xs(b)= 9.549  size=7
### ekin(eV)=3.134e+04 e0(eV)=0.02526
     1) sig(eV)=0.3417 y(b)=7.301
     2) sig(eV)=0.3417 y(b)=7.301
     3) sig(eV)=0.3417 y(b)=7.301
G4CrossSectionHP::IsoXS neutronElasticHP  Z= 64  A= 155 Ekin(MeV)= 0.03134  xs(b)= 7.301  size=7
### ekin(eV)=3.134e+04 e0(eV)=0.02526
     1) sig(eV)=0.3406 y(b)=11.81
     2) sig(eV)=0.3406 y(b)=11.8
     3) sig(eV)=0.3406 y(b)=11.8
G4CrossSectionHP::IsoXS neutronElasticHP  Z= 64  A= 156 Ekin(MeV)= 0.03134  xs(b)= 11.8  size=7
### ekin(eV)=3.134e+04 e0(eV)=0.02526
     1) sig(eV)=0.3395 y(b)=8.6
     2) sig(eV)=0.3395 y(b)=8.6
     3) sig(eV)=0.3395 y(b)=8.6
G4CrossSectionHP::IsoXS neutronElasticHP  Z= 64  A= 157 Ekin(MeV)= 0.03134  xs(b)= 8.6  size=7
### ekin(eV)=3.134e+04 e0(eV)=0.02526
     1) sig(eV)=0.3384 y(b)=13.75
     2) sig(eV)=0.3384 y(b)=13.75
     3) sig(eV)=0.3384 y(b)=13.75
G4CrossSectionHP::IsoXS neutronElasticHP  Z= 64  A= 158 Ekin(MeV)= 0.03134  xs(b)= 13.75  size=7
### ekin(eV)=3.134e+04 e0(eV)=0.02526
     1) sig(eV)=0.3363 y(b)=14.38
     2) sig(eV)=0.3363 y(b)=14.39
     3) sig(eV)=0.3363 y(b)=14.38
G4CrossSectionHP::IsoXS neutronElasticHP  Z= 64  A= 160 Ekin(MeV)= 0.03134  xs(b)= 14.38  size=7
### ekin(eV)=3.134e+04 e0(eV)=0.02526
     1) sig(eV)=0.345 y(b)=7.626e-05
     2) sig(eV)=0.345 y(b)=7.626e-05
     3) sig(eV)=0.345 y(b)=7.626e-05
G4CrossSectionHP::IsoXS neutronInelasticHP  Z= 64  A= 152 Ekin(MeV)= 0.03134  xs(b)= 7.626e-05  size=7
### ekin(eV)=3.134e+04 e0(eV)=0.02526
     1) sig(eV)=0.3428 y(b)=0
     2) sig(eV)=0.3428 y(b)=0
     3) sig(eV)=0.3428 y(b)=0
G4CrossSectionHP::IsoXS neutronInelasticHP  Z= 64  A= 154 Ekin(MeV)= 0.03134  xs(b)= 0  size=7
### ekin(eV)=3.134e+04 e0(eV)=0.02526
     1) sig(eV)=0.3417 y(b)=3.185e-08
     2) sig(eV)=0.3417 y(b)=3.186e-08
     3) sig(eV)=0.3417 y(b)=3.186e-08
G4CrossSectionHP::IsoXS neutronInelasticHP  Z= 64  A= 155 Ekin(MeV)= 0.03134  xs(b)= 3.186e-08  size=7
### ekin(eV)=3.134e+04 e0(eV)=0.02526
     1) sig(eV)=0.3406 y(b)=3.16e-08
     2) sig(eV)=0.3406 y(b)=3.16e-08
     3) sig(eV)=0.3406 y(b)=3.16e-08
G4CrossSectionHP::IsoXS neutronInelasticHP  Z= 64  A= 156 Ekin(MeV)= 0.03134  xs(b)= 3.16e-08  size=7
### ekin(eV)=3.134e+04 e0(eV)=0.02526
     1) sig(eV)=0.3395 y(b)=1.318e-08
     2) sig(eV)=0.3395 y(b)=1.318e-08
     3) sig(eV)=0.3395 y(b)=1.318e-08
G4CrossSectionHP::IsoXS neutronInelasticHP  Z= 64  A= 157 Ekin(MeV)= 0.03134  xs(b)= 1.318e-08  size=7
### ekin(eV)=3.134e+04 e0(eV)=0.02526
     1) sig(eV)=0.3384 y(b)=1.328e-08
     2) sig(eV)=0.3384 y(b)=1.328e-08
     3) sig(eV)=0.3384 y(b)=1.328e-08
G4CrossSectionHP::IsoXS neutronInelasticHP  Z= 64  A= 158 Ekin(MeV)= 0.03134  xs(b)= 1.328e-08  size=7
### ekin(eV)=3.134e+04 e0(eV)=0.02526
     1) sig(eV)=0.3363 y(b)=2.066e-08
     2) sig(eV)=0.3363 y(b)=2.066e-08
     3) sig(eV)=0.3363 y(b)=2.067e-08
G4CrossSectionHP::IsoXS neutronInelasticHP  Z= 64  A= 160 Ekin(MeV)= 0.03134  xs(b)= 2.066e-08  size=7
G4CrossSectionHP::IsoXS neutronElasticHP  Z= 64  A= 152 Ekin(MeV)= 0.03281  xs(b)= 14.67  size=7
G4CrossSectionHP::IsoXS neutronElasticHP  Z= 64  A= 154 Ekin(MeV)= 0.03281  xs(b)= 9.466  size=7
G4CrossSectionHP::IsoXS neutronElasticHP  Z= 64  A= 155 Ekin(MeV)= 0.03281  xs(b)= 7.239  size=7
G4CrossSectionHP::IsoXS neutronElasticHP  Z= 64  A= 156 Ekin(MeV)= 0.03281  xs(b)= 11.72  size=7
G4CrossSectionHP::IsoXS neutronElasticHP  Z= 64  A= 157 Ekin(MeV)= 0.03281  xs(b)= 8.553  size=7
G4CrossSectionHP::IsoXS neutronElasticHP  Z= 64  A= 158 Ekin(MeV)= 0.03281  xs(b)= 13.47  size=7
G4CrossSectionHP::IsoXS neutronElasticHP  Z= 64  A= 160 Ekin(MeV)= 0.03281  xs(b)= 14.09  size=7
G4CrossSectionHP::IsoXS neutronInelasticHP  Z= 64  A= 152 Ekin(MeV)= 0.03281  xs(b)= 7.513e-05  size=7
G4CrossSectionHP::IsoXS neutronInelasticHP  Z= 64  A= 154 Ekin(MeV)= 0.03281  xs(b)= 0  size=7
G4CrossSectionHP::IsoXS neutronInelasticHP  Z= 64  A= 155 Ekin(MeV)= 0.03281  xs(b)= 3.336e-08  size=7
G4CrossSectionHP::IsoXS neutronInelasticHP  Z= 64  A= 156 Ekin(MeV)= 0.03281  xs(b)= 3.309e-08  size=7
G4CrossSectionHP::IsoXS neutronInelasticHP  Z= 64  A= 157 Ekin(MeV)= 0.03281  xs(b)= 1.38e-08  size=7
G4CrossSectionHP::IsoXS neutronInelasticHP  Z= 64  A= 158 Ekin(MeV)= 0.03281  xs(b)= 1.39e-08  size=7
G4CrossSectionHP::IsoXS neutronInelasticHP  Z= 64  A= 160 Ekin(MeV)= 0.03281  xs(b)= 2.164e-08  size=7
G4CrossSectionHP::IsoXS neutronElasticHP  Z= 64  A= 152 Ekin(MeV)= 0.03436  xs(b)= 14.48  size=7
G4CrossSectionHP::IsoXS neutronElasticHP  Z= 64  A= 154 Ekin(MeV)= 0.03436  xs(b)= 9.393  size=7
G4CrossSectionHP::IsoXS neutronElasticHP  Z= 64  A= 155 Ekin(MeV)= 0.03436  xs(b)= 7.185  size=7
G4CrossSectionHP::IsoXS neutronElasticHP  Z= 64  A= 156 Ekin(MeV)= 0.03436  xs(b)= 11.64  size=7
G4CrossSectionHP::IsoXS neutronElasticHP  Z= 64  A= 157 Ekin(MeV)= 0.03436  xs(b)= 8.505  size=7
G4CrossSectionHP::IsoXS neutronElasticHP  Z= 64  A= 158 Ekin(MeV)= 0.03436  xs(b)= 13.21  size=7
G4CrossSectionHP::IsoXS neutronElasticHP  Z= 64  A= 160 Ekin(MeV)= 0.03436  xs(b)= 13.82  size=7
G4CrossSectionHP::IsoXS neutronInelasticHP  Z= 64  A= 152 Ekin(MeV)= 0.03436  xs(b)= 7.402e-05  size=7
G4CrossSectionHP::IsoXS neutronInelasticHP  Z= 64  A= 154 Ekin(MeV)= 0.03436  xs(b)= 0  size=7
G4CrossSectionHP::IsoXS neutronInelasticHP  Z= 64  A= 155 Ekin(MeV)= 0.03436  xs(b)= 3.493e-08  size=7
G4CrossSectionHP::IsoXS neutronInelasticHP  Z= 64  A= 156 Ekin(MeV)= 0.03436  xs(b)= 3.464e-08  size=7
G4CrossSectionHP::IsoXS neutronInelasticHP  Z= 64  A= 157 Ekin(MeV)= 0.03436  xs(b)= 1.445e-08  size=7
G4CrossSectionHP::IsoXS neutronInelasticHP  Z= 64  A= 158 Ekin(MeV)= 0.03436  xs(b)= 1.456e-08  size=7
G4CrossSectionHP::IsoXS neutronInelasticHP  Z= 64  A= 160 Ekin(MeV)= 0.03436  xs(b)= 2.266e-08  size=7
G4CrossSectionHP::IsoXS neutronElasticHP  Z= 64  A= 152 Ekin(MeV)= 0.03598  xs(b)= 14.28  size=7
G4CrossSectionHP::IsoXS neutronElasticHP  Z= 64  A= 154 Ekin(MeV)= 0.03598  xs(b)= 9.32  size=7
G4CrossSectionHP::IsoXS neutronElasticHP  Z= 64  A= 155 Ekin(MeV)= 0.03598  xs(b)= 7.129  size=7
G4CrossSectionHP::IsoXS neutronElasticHP  Z= 64  A= 156 Ekin(MeV)= 0.03598  xs(b)= 11.56  size=7
G4CrossSectionHP::IsoXS neutronElasticHP  Z= 64  A= 157 Ekin(MeV)= 0.03598  xs(b)= 8.453  size=7
G4CrossSectionHP::IsoXS neutronElasticHP  Z= 64  A= 158 Ekin(MeV)= 0.03598  xs(b)= 12.94  size=7
G4CrossSectionHP::IsoXS neutronElasticHP  Z= 64  A= 160 Ekin(MeV)= 0.03598  xs(b)= 13.54  size=7
G4CrossSectionHP::IsoXS neutronInelasticHP  Z= 64  A= 152 Ekin(MeV)= 0.03598  xs(b)= 7.286e-05  size=7
G4CrossSectionHP::IsoXS neutronInelasticHP  Z= 64  A= 154 Ekin(MeV)= 0.03598  xs(b)= 0  size=7
G4CrossSectionHP::IsoXS neutronInelasticHP  Z= 64  A= 155 Ekin(MeV)= 0.03598  xs(b)= 3.658e-08  size=7
G4CrossSectionHP::IsoXS neutronInelasticHP  Z= 64  A= 156 Ekin(MeV)= 0.03598  xs(b)= 3.628e-08  size=7
G4CrossSectionHP::IsoXS neutronInelasticHP  Z= 64  A= 157 Ekin(MeV)= 0.03598  xs(b)= 1.513e-08  size=7
G4CrossSectionHP::IsoXS neutronInelasticHP  Z= 64  A= 158 Ekin(MeV)= 0.03598  xs(b)= 1.524e-08  size=7
G4CrossSectionHP::IsoXS neutronInelasticHP  Z= 64  A= 160 Ekin(MeV)= 0.03598  xs(b)= 2.372e-08  size=7
G4CrossSectionHP::IsoXS neutronElasticHP  Z= 64  A= 152 Ekin(MeV)= 0.03767  xs(b)= 14.11  size=7
G4CrossSectionHP::IsoXS neutronElasticHP  Z= 64  A= 154 Ekin(MeV)= 0.03767  xs(b)= 9.243  size=7
G4CrossSectionHP::IsoXS neutronElasticHP  Z= 64  A= 155 Ekin(MeV)= 0.03767  xs(b)= 7.071  size=7
G4CrossSectionHP::IsoXS neutronElasticHP  Z= 64  A= 156 Ekin(MeV)= 0.03767  xs(b)= 11.47  size=7
G4CrossSectionHP::IsoXS neutronElasticHP  Z= 64  A= 157 Ekin(MeV)= 0.03767  xs(b)= 8.401  size=7
G4CrossSectionHP::IsoXS neutronElasticHP  Z= 64  A= 158 Ekin(MeV)= 0.03767  xs(b)= 12.68  size=7
G4CrossSectionHP::IsoXS neutronElasticHP  Z= 64  A= 160 Ekin(MeV)= 0.03767  xs(b)= 13.26  size=7
G4CrossSectionHP::IsoXS neutronInelasticHP  Z= 64  A= 152 Ekin(MeV)= 0.03767  xs(b)= 7.164e-05  size=7
G4CrossSectionHP::IsoXS neutronInelasticHP  Z= 64  A= 154 Ekin(MeV)= 0.03767  xs(b)= 0  size=7
G4CrossSectionHP::IsoXS neutronInelasticHP  Z= 64  A= 155 Ekin(MeV)= 0.03767  xs(b)= 3.83e-08  size=7
G4CrossSectionHP::IsoXS neutronInelasticHP  Z= 64  A= 156 Ekin(MeV)= 0.03767  xs(b)= 3.799e-08  size=7
G4CrossSectionHP::IsoXS neutronInelasticHP  Z= 64  A= 157 Ekin(MeV)= 0.03767  xs(b)= 1.584e-08  size=7
G4CrossSectionHP::IsoXS neutronInelasticHP  Z= 64  A= 158 Ekin(MeV)= 0.03767  xs(b)= 1.596e-08  size=7
G4CrossSectionHP::IsoXS neutronInelasticHP  Z= 64  A= 160 Ekin(MeV)= 0.03767  xs(b)= 2.484e-08  size=7
G4CrossSectionHP::IsoXS neutronElasticHP  Z= 64  A= 152 Ekin(MeV)= 0.03945  xs(b)= 13.92  size=7
G4CrossSectionHP::IsoXS neutronElasticHP  Z= 64  A= 154 Ekin(MeV)= 0.03945  xs(b)= 9.176  size=7
G4CrossSectionHP::IsoXS neutronElasticHP  Z= 64  A= 155 Ekin(MeV)= 0.03945  xs(b)= 7.025  size=7
G4CrossSectionHP::IsoXS neutronElasticHP  Z= 64  A= 156 Ekin(MeV)= 0.03945  xs(b)= 11.4  size=7
G4CrossSectionHP::IsoXS neutronElasticHP  Z= 64  A= 157 Ekin(MeV)= 0.03945  xs(b)= 8.355  size=7
G4CrossSectionHP::IsoXS neutronElasticHP  Z= 64  A= 158 Ekin(MeV)= 0.03945  xs(b)= 12.43  size=7
G4CrossSectionHP::IsoXS neutronElasticHP  Z= 64  A= 160 Ekin(MeV)= 0.03945  xs(b)= 13  size=7
G4CrossSectionHP::IsoXS neutronInelasticHP  Z= 64  A= 152 Ekin(MeV)= 0.03945  xs(b)= 7.036e-05  size=7
G4CrossSectionHP::IsoXS neutronInelasticHP  Z= 64  A= 154 Ekin(MeV)= 0.03945  xs(b)= 0  size=7
G4CrossSectionHP::IsoXS neutronInelasticHP  Z= 64  A= 155 Ekin(MeV)= 0.03945  xs(b)= 4.011e-08  size=7
G4CrossSectionHP::IsoXS neutronInelasticHP  Z= 64  A= 156 Ekin(MeV)= 0.03945  xs(b)= 3.978e-08  size=7
G4CrossSectionHP::IsoXS neutronInelasticHP  Z= 64  A= 157 Ekin(MeV)= 0.03945  xs(b)= 1.659e-08  size=7
G4CrossSectionHP::IsoXS neutronInelasticHP  Z= 64  A= 158 Ekin(MeV)= 0.03945  xs(b)= 1.671e-08  size=7
G4CrossSectionHP::IsoXS neutronInelasticHP  Z= 64  A= 160 Ekin(MeV)= 0.03945  xs(b)= 2.601e-08  size=7
G4CrossSectionHP::IsoXS neutronElasticHP  Z= 64  A= 152 Ekin(MeV)= 0.04131  xs(b)= 13.74  size=7
G4CrossSectionHP::IsoXS neutronElasticHP  Z= 64  A= 154 Ekin(MeV)= 0.04131  xs(b)= 9.109  size=7
G4CrossSectionHP::IsoXS neutronElasticHP  Z= 64  A= 155 Ekin(MeV)= 0.04131  xs(b)= 6.978  size=7
G4CrossSectionHP::IsoXS neutronElasticHP  Z= 64  A= 156 Ekin(MeV)= 0.04131  xs(b)= 11.32  size=7
G4CrossSectionHP::IsoXS neutronElasticHP  Z= 64  A= 157 Ekin(MeV)= 0.04131  xs(b)= 8.307  size=7
G4CrossSectionHP::IsoXS neutronElasticHP  Z= 64  A= 158 Ekin(MeV)= 0.04131  xs(b)= 12.19  size=7
G4CrossSectionHP::IsoXS neutronElasticHP  Z= 64  A= 160 Ekin(MeV)= 0.04131  xs(b)= 12.74  size=7
G4CrossSectionHP::IsoXS neutronInelasticHP  Z= 64  A= 152 Ekin(MeV)= 0.04131  xs(b)= 6.95e-05  size=7
G4CrossSectionHP::IsoXS neutronInelasticHP  Z= 64  A= 154 Ekin(MeV)= 0.04131  xs(b)= 0  size=7
G4CrossSectionHP::IsoXS neutronInelasticHP  Z= 64  A= 155 Ekin(MeV)= 0.04131  xs(b)= 4.2e-08  size=7
G4CrossSectionHP::IsoXS neutronInelasticHP  Z= 64  A= 156 Ekin(MeV)= 0.04131  xs(b)= 4.165e-08  size=7
G4CrossSectionHP::IsoXS neutronInelasticHP  Z= 64  A= 157 Ekin(MeV)= 0.04131  xs(b)= 1.737e-08  size=7
G4CrossSectionHP::IsoXS neutronInelasticHP  Z= 64  A= 158 Ekin(MeV)= 0.04131  xs(b)= 1.75e-08  size=7
G4CrossSectionHP::IsoXS neutronInelasticHP  Z= 64  A= 160 Ekin(MeV)= 0.04131  xs(b)= 2.724e-08  size=7
G4CrossSectionHP::IsoXS neutronElasticHP  Z= 64  A= 152 Ekin(MeV)= 0.04325  xs(b)= 13.57  size=7
G4CrossSectionHP::IsoXS neutronElasticHP  Z= 64  A= 154 Ekin(MeV)= 0.04325  xs(b)= 9.039  size=7
G4CrossSectionHP::IsoXS neutronElasticHP  Z= 64  A= 155 Ekin(MeV)= 0.04325  xs(b)= 6.934  size=7
G4CrossSectionHP::IsoXS neutronElasticHP  Z= 64  A= 156 Ekin(MeV)= 0.04325  xs(b)= 11.24  size=7
G4CrossSectionHP::IsoXS neutronElasticHP  Z= 64  A= 157 Ekin(MeV)= 0.04325  xs(b)= 8.257  size=7
G4CrossSectionHP::IsoXS neutronElasticHP  Z= 64  A= 158 Ekin(MeV)= 0.04325  xs(b)= 11.94  size=7
G4CrossSectionHP::IsoXS neutronElasticHP  Z= 64  A= 160 Ekin(MeV)= 0.04325  xs(b)= 12.49  size=7
G4CrossSectionHP::IsoXS neutronInelasticHP  Z= 64  A= 152 Ekin(MeV)= 0.04325  xs(b)= 6.872e-05  size=7
G4CrossSectionHP::IsoXS neutronInelasticHP  Z= 64  A= 154 Ekin(MeV)= 0.04325  xs(b)= 0  size=7
G4CrossSectionHP::IsoXS neutronInelasticHP  Z= 64  A= 155 Ekin(MeV)= 0.04325  xs(b)= 4.398e-08  size=7
G4CrossSectionHP::IsoXS neutronInelasticHP  Z= 64  A= 156 Ekin(MeV)= 0.04325  xs(b)= 4.361e-08  size=7
G4CrossSectionHP::IsoXS neutronInelasticHP  Z= 64  A= 157 Ekin(MeV)= 0.04325  xs(b)= 1.819e-08  size=7
G4CrossSectionHP::IsoXS neutronInelasticHP  Z= 64  A= 158 Ekin(MeV)= 0.04325  xs(b)= 1.832e-08  size=7
G4CrossSectionHP::IsoXS neutronInelasticHP  Z= 64  A= 160 Ekin(MeV)= 0.04325  xs(b)= 2.852e-08  size=7
G4CrossSectionHP::IsoXS neutronElasticHP  Z= 64  A= 152 Ekin(MeV)= 0.04529  xs(b)= 13.39  size=7
G4CrossSectionHP::IsoXS neutronElasticHP  Z= 64  A= 154 Ekin(MeV)= 0.04529  xs(b)= 8.965  size=7
G4CrossSectionHP::IsoXS neutronElasticHP  Z= 64  A= 155 Ekin(MeV)= 0.04529  xs(b)= 6.898  size=7
G4CrossSectionHP::IsoXS neutronElasticHP  Z= 64  A= 156 Ekin(MeV)= 0.04529  xs(b)= 11.16  size=7
G4CrossSectionHP::IsoXS neutronElasticHP  Z= 64  A= 157 Ekin(MeV)= 0.04529  xs(b)= 8.204  size=7
G4CrossSectionHP::IsoXS neutronElasticHP  Z= 64  A= 158 Ekin(MeV)= 0.04529  xs(b)= 11.7  size=7
G4CrossSectionHP::IsoXS neutronElasticHP  Z= 64  A= 160 Ekin(MeV)= 0.04529  xs(b)= 12.24  size=7
G4CrossSectionHP::IsoXS neutronInelasticHP  Z= 64  A= 152 Ekin(MeV)= 0.04529  xs(b)= 6.79e-05  size=7
G4CrossSectionHP::IsoXS neutronInelasticHP  Z= 64  A= 154 Ekin(MeV)= 0.04529  xs(b)= 0  size=7
G4CrossSectionHP::IsoXS neutronInelasticHP  Z= 64  A= 155 Ekin(MeV)= 0.04529  xs(b)= 4.605e-08  size=7
G4CrossSectionHP::IsoXS neutronInelasticHP  Z= 64  A= 156 Ekin(MeV)= 0.04529  xs(b)= 4.567e-08  size=7
G4CrossSectionHP::IsoXS neutronInelasticHP  Z= 64  A= 157 Ekin(MeV)= 0.04529  xs(b)= 1.904e-08  size=7
G4CrossSectionHP::IsoXS neutronInelasticHP  Z= 64  A= 158 Ekin(MeV)= 0.04529  xs(b)= 1.919e-08  size=7
G4CrossSectionHP::IsoXS neutronInelasticHP  Z= 64  A= 160 Ekin(MeV)= 0.04529  xs(b)= 2.987e-08  size=7
G4CrossSectionHP::IsoXS neutronElasticHP  Z= 64  A= 152 Ekin(MeV)= 0.04743  xs(b)= 13.22  size=7
G4CrossSectionHP::IsoXS neutronElasticHP  Z= 64  A= 154 Ekin(MeV)= 0.04743  xs(b)= 8.903  size=7
G4CrossSectionHP::IsoXS neutronElasticHP  Z= 64  A= 155 Ekin(MeV)= 0.04743  xs(b)= 6.861  size=7
G4CrossSectionHP::IsoXS neutronElasticHP  Z= 64  A= 156 Ekin(MeV)= 0.04743  xs(b)= 11.09  size=7
G4CrossSectionHP::IsoXS neutronElasticHP  Z= 64  A= 157 Ekin(MeV)= 0.04743  xs(b)= 8.158  size=7
G4CrossSectionHP::IsoXS neutronElasticHP  Z= 64  A= 158 Ekin(MeV)= 0.04743  xs(b)= 11.47  size=7
G4CrossSectionHP::IsoXS neutronElasticHP  Z= 64  A= 160 Ekin(MeV)= 0.04743  xs(b)= 12  size=7
G4CrossSectionHP::IsoXS neutronInelasticHP  Z= 64  A= 152 Ekin(MeV)= 0.04743  xs(b)= 6.705e-05  size=7
G4CrossSectionHP::IsoXS neutronInelasticHP  Z= 64  A= 154 Ekin(MeV)= 0.04743  xs(b)= 0  size=7
G4CrossSectionHP::IsoXS neutronInelasticHP  Z= 64  A= 155 Ekin(MeV)= 0.04743  xs(b)= 4.822e-08  size=7
G4CrossSectionHP::IsoXS neutronInelasticHP  Z= 64  A= 156 Ekin(MeV)= 0.04743  xs(b)= 4.782e-08  size=7
G4CrossSectionHP::IsoXS neutronInelasticHP  Z= 64  A= 157 Ekin(MeV)= 0.04743  xs(b)= 1.994e-08  size=7
G4CrossSectionHP::IsoXS neutronInelasticHP  Z= 64  A= 158 Ekin(MeV)= 0.04743  xs(b)= 2.009e-08  size=7
G4CrossSectionHP::IsoXS neutronInelasticHP  Z= 64  A= 160 Ekin(MeV)= 0.04743  xs(b)= 3.127e-08  size=7
G4CrossSectionHP::IsoXS neutronElasticHP  Z= 64  A= 152 Ekin(MeV)= 0.04966  xs(b)= 13.06  size=7
G4CrossSectionHP::IsoXS neutronElasticHP  Z= 64  A= 154 Ekin(MeV)= 0.04966  xs(b)= 8.839  size=7
G4CrossSectionHP::IsoXS neutronElasticHP  Z= 64  A= 155 Ekin(MeV)= 0.04966  xs(b)= 6.822  size=7
G4CrossSectionHP::IsoXS neutronElasticHP  Z= 64  A= 156 Ekin(MeV)= 0.04966  xs(b)= 11.01  size=7
G4CrossSectionHP::IsoXS neutronElasticHP  Z= 64  A= 157 Ekin(MeV)= 0.04966  xs(b)= 8.11  size=7
G4CrossSectionHP::IsoXS neutronElasticHP  Z= 64  A= 158 Ekin(MeV)= 0.04966  xs(b)= 11.24  size=7
G4CrossSectionHP::IsoXS neutronElasticHP  Z= 64  A= 160 Ekin(MeV)= 0.04966  xs(b)= 11.75  size=7
G4CrossSectionHP::IsoXS neutronInelasticHP  Z= 64  A= 152 Ekin(MeV)= 0.04966  xs(b)= 6.615e-05  size=7
G4CrossSectionHP::IsoXS neutronInelasticHP  Z= 64  A= 154 Ekin(MeV)= 0.04966  xs(b)= 0  size=7
G4CrossSectionHP::IsoXS neutronInelasticHP  Z= 64  A= 155 Ekin(MeV)= 0.04966  xs(b)= 5.049e-08  size=7
G4CrossSectionHP::IsoXS neutronInelasticHP  Z= 64  A= 156 Ekin(MeV)= 0.04966  xs(b)= 5.008e-08  size=7
G4CrossSectionHP::IsoXS neutronInelasticHP  Z= 64  A= 157 Ekin(MeV)= 0.04966  xs(b)= 2.088e-08  size=7
G4CrossSectionHP::IsoXS neutronInelasticHP  Z= 64  A= 158 Ekin(MeV)= 0.04966  xs(b)= 2.104e-08  size=7
G4CrossSectionHP::IsoXS neutronInelasticHP  Z= 64  A= 160 Ekin(MeV)= 0.04966  xs(b)= 3.275e-08  size=7
G4CrossSectionHP::IsoXS neutronElasticHP  Z= 64  A= 152 Ekin(MeV)= 0.052  xs(b)= 12.89  size=7
G4CrossSectionHP::IsoXS neutronElasticHP  Z= 64  A= 154 Ekin(MeV)= 0.052  xs(b)= 8.772  size=7
G4CrossSectionHP::IsoXS neutronElasticHP  Z= 64  A= 155 Ekin(MeV)= 0.052  xs(b)= 6.774  size=7
G4CrossSectionHP::IsoXS neutronElasticHP  Z= 64  A= 156 Ekin(MeV)= 0.052  xs(b)= 10.98  size=7
G4CrossSectionHP::IsoXS neutronElasticHP  Z= 64  A= 157 Ekin(MeV)= 0.052  xs(b)= 8.061  size=7
G4CrossSectionHP::IsoXS neutronElasticHP  Z= 64  A= 158 Ekin(MeV)= 0.052  xs(b)= 11.03  size=7
G4CrossSectionHP::IsoXS neutronElasticHP  Z= 64  A= 160 Ekin(MeV)= 0.052  xs(b)= 11.53  size=7
G4CrossSectionHP::IsoXS neutronInelasticHP  Z= 64  A= 152 Ekin(MeV)= 0.052  xs(b)= 6.558e-05  size=7
G4CrossSectionHP::IsoXS neutronInelasticHP  Z= 64  A= 154 Ekin(MeV)= 0.052  xs(b)= 0  size=7
G4CrossSectionHP::IsoXS neutronInelasticHP  Z= 64  A= 155 Ekin(MeV)= 0.052  xs(b)= 6.052e-08  size=7
G4CrossSectionHP::IsoXS neutronInelasticHP  Z= 64  A= 156 Ekin(MeV)= 0.052  xs(b)= 5.244e-08  size=7
G4CrossSectionHP::IsoXS neutronInelasticHP  Z= 64  A= 157 Ekin(MeV)= 0.052  xs(b)= 2.186e-08  size=7
G4CrossSectionHP::IsoXS neutronInelasticHP  Z= 64  A= 158 Ekin(MeV)= 0.052  xs(b)= 2.203e-08  size=7
G4CrossSectionHP::IsoXS neutronInelasticHP  Z= 64  A= 160 Ekin(MeV)= 0.052  xs(b)= 3.429e-08  size=7
G4CrossSectionHP::IsoXS neutronElasticHP  Z= 64  A= 152 Ekin(MeV)= 0.05445  xs(b)= 12.73  size=7
G4CrossSectionHP::IsoXS neutronElasticHP  Z= 64  A= 154 Ekin(MeV)= 0.05445  xs(b)= 8.711  size=7
G4CrossSectionHP::IsoXS neutronElasticHP  Z= 64  A= 155 Ekin(MeV)= 0.05445  xs(b)= 6.722  size=7
G4CrossSectionHP::IsoXS neutronElasticHP  Z= 64  A= 156 Ekin(MeV)= 0.05445  xs(b)= 10.83  size=7
G4CrossSectionHP::IsoXS neutronElasticHP  Z= 64  A= 157 Ekin(MeV)= 0.05445  xs(b)= 8.008  size=7
G4CrossSectionHP::IsoXS neutronElasticHP  Z= 64  A= 158 Ekin(MeV)= 0.05445  xs(b)= 10.82  size=7
G4CrossSectionHP::IsoXS neutronElasticHP  Z= 64  A= 160 Ekin(MeV)= 0.05445  xs(b)= 11.31  size=7
G4CrossSectionHP::IsoXS neutronInelasticHP  Z= 64  A= 152 Ekin(MeV)= 0.05445  xs(b)= 6.508e-05  size=7
G4CrossSectionHP::IsoXS neutronInelasticHP  Z= 64  A= 154 Ekin(MeV)= 0.05445  xs(b)= 0  size=7
G4CrossSectionHP::IsoXS neutronInelasticHP  Z= 64  A= 155 Ekin(MeV)= 0.05445  xs(b)= 7.237e-08  size=7
G4CrossSectionHP::IsoXS neutronInelasticHP  Z= 64  A= 156 Ekin(MeV)= 0.05445  xs(b)= 5.491e-08  size=7
G4CrossSectionHP::IsoXS neutronInelasticHP  Z= 64  A= 157 Ekin(MeV)= 0.05445  xs(b)= 2.29e-08  size=7
G4CrossSectionHP::IsoXS neutronInelasticHP  Z= 64  A= 158 Ekin(MeV)= 0.05445  xs(b)= 2.307e-08  size=7
G4CrossSectionHP::IsoXS neutronInelasticHP  Z= 64  A= 160 Ekin(MeV)= 0.05445  xs(b)= 3.591e-08  size=7
G4CrossSectionHP::IsoXS neutronElasticHP  Z= 64  A= 152 Ekin(MeV)= 0.05702  xs(b)= 12.56  size=7
G4CrossSectionHP::IsoXS neutronElasticHP  Z= 64  A= 154 Ekin(MeV)= 0.05702  xs(b)= 8.652  size=7
G4CrossSectionHP::IsoXS neutronElasticHP  Z= 64  A= 155 Ekin(MeV)= 0.05702  xs(b)= 6.675  size=7
G4CrossSectionHP::IsoXS neutronElasticHP  Z= 64  A= 156 Ekin(MeV)= 0.05702  xs(b)= 10.67  size=7
G4CrossSectionHP::IsoXS neutronElasticHP  Z= 64  A= 157 Ekin(MeV)= 0.05702  xs(b)= 7.883  size=7
G4CrossSectionHP::IsoXS neutronElasticHP  Z= 64  A= 158 Ekin(MeV)= 0.05702  xs(b)= 10.61  size=7
G4CrossSectionHP::IsoXS neutronElasticHP  Z= 64  A= 160 Ekin(MeV)= 0.05702  xs(b)= 11.1  size=7
G4CrossSectionHP::IsoXS neutronInelasticHP  Z= 64  A= 152 Ekin(MeV)= 0.05702  xs(b)= 6.455e-05  size=7
G4CrossSectionHP::IsoXS neutronInelasticHP  Z= 64  A= 154 Ekin(MeV)= 0.05702  xs(b)= 0  size=7
G4CrossSectionHP::IsoXS neutronInelasticHP  Z= 64  A= 155 Ekin(MeV)= 0.05702  xs(b)= 8.478e-08  size=7
G4CrossSectionHP::IsoXS neutronInelasticHP  Z= 64  A= 156 Ekin(MeV)= 0.05702  xs(b)= 5.749e-08  size=7
G4CrossSectionHP::IsoXS neutronInelasticHP  Z= 64  A= 157 Ekin(MeV)= 0.05702  xs(b)= 0.1089  size=7
G4CrossSectionHP::IsoXS neutronInelasticHP  Z= 64  A= 158 Ekin(MeV)= 0.05702  xs(b)= 2.416e-08  size=7
G4CrossSectionHP::IsoXS neutronInelasticHP  Z= 64  A= 160 Ekin(MeV)= 0.05702  xs(b)= 3.76e-08  size=7
G4CrossSectionHP::IsoXS neutronElasticHP  Z= 64  A= 152 Ekin(MeV)= 0.05971  xs(b)= 12.41  size=7
G4CrossSectionHP::IsoXS neutronElasticHP  Z= 64  A= 154 Ekin(MeV)= 0.05971  xs(b)= 8.59  size=7
G4CrossSectionHP::IsoXS neutronElasticHP  Z= 64  A= 155 Ekin(MeV)= 0.05971  xs(b)= 6.627  size=7
G4CrossSectionHP::IsoXS neutronElasticHP  Z= 64  A= 156 Ekin(MeV)= 0.05971  xs(b)= 10.51  size=7
G4CrossSectionHP::IsoXS neutronElasticHP  Z= 64  A= 157 Ekin(MeV)= 0.05971  xs(b)= 7.739  size=7
G4CrossSectionHP::IsoXS neutronElasticHP  Z= 64  A= 158 Ekin(MeV)= 0.05971  xs(b)= 10.41  size=7
G4CrossSectionHP::IsoXS neutronElasticHP  Z= 64  A= 160 Ekin(MeV)= 0.05971  xs(b)= 10.89  size=7
G4CrossSectionHP::IsoXS neutronInelasticHP  Z= 64  A= 152 Ekin(MeV)= 0.05971  xs(b)= 6.399e-05  size=7
G4CrossSectionHP::IsoXS neutronInelasticHP  Z= 64  A= 154 Ekin(MeV)= 0.05971  xs(b)= 0  size=7
G4CrossSectionHP::IsoXS neutronInelasticHP  Z= 64  A= 155 Ekin(MeV)= 0.05971  xs(b)= 9.777e-08  size=7
G4CrossSectionHP::IsoXS neutronInelasticHP  Z= 64  A= 156 Ekin(MeV)= 0.05971  xs(b)= 6.02e-08  size=7
G4CrossSectionHP::IsoXS neutronInelasticHP  Z= 64  A= 157 Ekin(MeV)= 0.05971  xs(b)= 0.2438  size=7
G4CrossSectionHP::IsoXS neutronInelasticHP  Z= 64  A= 158 Ekin(MeV)= 0.05971  xs(b)= 2.529e-08  size=7
G4CrossSectionHP::IsoXS neutronInelasticHP  Z= 64  A= 160 Ekin(MeV)= 0.05971  xs(b)= 3.937e-08  size=7
G4CrossSectionHP::IsoXS neutronElasticHP  Z= 64  A= 152 Ekin(MeV)= 0.06252  xs(b)= 12.25  size=7
G4CrossSectionHP::IsoXS neutronElasticHP  Z= 64  A= 154 Ekin(MeV)= 0.06252  xs(b)= 8.526  size=7
G4CrossSectionHP::IsoXS neutronElasticHP  Z= 64  A= 155 Ekin(MeV)= 0.06252  xs(b)= 6.498  size=7
G4CrossSectionHP::IsoXS neutronElasticHP  Z= 64  A= 156 Ekin(MeV)= 0.06252  xs(b)= 10.26  size=7
G4CrossSectionHP::IsoXS neutronElasticHP  Z= 64  A= 157 Ekin(MeV)= 0.06252  xs(b)= 7.591  size=7
G4CrossSectionHP::IsoXS neutronElasticHP  Z= 64  A= 158 Ekin(MeV)= 0.06252  xs(b)= 10.22  size=7
G4CrossSectionHP::IsoXS neutronElasticHP  Z= 64  A= 160 Ekin(MeV)= 0.06252  xs(b)= 10.68  size=7
G4CrossSectionHP::IsoXS neutronInelasticHP  Z= 64  A= 152 Ekin(MeV)= 0.06252  xs(b)= 6.341e-05  size=7
G4CrossSectionHP::IsoXS neutronInelasticHP  Z= 64  A= 154 Ekin(MeV)= 0.06252  xs(b)= 0  size=7
G4CrossSectionHP::IsoXS neutronInelasticHP  Z= 64  A= 155 Ekin(MeV)= 0.06252  xs(b)= 0.01845  size=7
G4CrossSectionHP::IsoXS neutronInelasticHP  Z= 64  A= 156 Ekin(MeV)= 0.06252  xs(b)= 6.304e-08  size=7
G4CrossSectionHP::IsoXS neutronInelasticHP  Z= 64  A= 157 Ekin(MeV)= 0.06252  xs(b)= 0.3851  size=7
G4CrossSectionHP::IsoXS neutronInelasticHP  Z= 64  A= 158 Ekin(MeV)= 0.06252  xs(b)= 2.649e-08  size=7
G4CrossSectionHP::IsoXS neutronInelasticHP  Z= 64  A= 160 Ekin(MeV)= 0.06252  xs(b)= 4.122e-08  size=7
G4CrossSectionHP::IsoXS neutronElasticHP  Z= 64  A= 152 Ekin(MeV)= 0.06547  xs(b)= 12.1  size=7
G4CrossSectionHP::IsoXS neutronElasticHP  Z= 64  A= 154 Ekin(MeV)= 0.06547  xs(b)= 8.471  size=7
G4CrossSectionHP::IsoXS neutronElasticHP  Z= 64  A= 155 Ekin(MeV)= 0.06547  xs(b)= 6.383  size=7
G4CrossSectionHP::IsoXS neutronElasticHP  Z= 64  A= 156 Ekin(MeV)= 0.06547  xs(b)= 10.01  size=7
G4CrossSectionHP::IsoXS neutronElasticHP  Z= 64  A= 157 Ekin(MeV)= 0.06547  xs(b)= 7.493  size=7
G4CrossSectionHP::IsoXS neutronElasticHP  Z= 64  A= 158 Ekin(MeV)= 0.06547  xs(b)= 10.03  size=7
G4CrossSectionHP::IsoXS neutronElasticHP  Z= 64  A= 160 Ekin(MeV)= 0.06547  xs(b)= 10.48  size=7
G4CrossSectionHP::IsoXS neutronInelasticHP  Z= 64  A= 152 Ekin(MeV)= 0.06547  xs(b)= 6.294e-05  size=7
G4CrossSectionHP::IsoXS neutronInelasticHP  Z= 64  A= 154 Ekin(MeV)= 0.06547  xs(b)= 0  size=7
G4CrossSectionHP::IsoXS neutronInelasticHP  Z= 64  A= 155 Ekin(MeV)= 0.06547  xs(b)= 0.04397  size=7
G4CrossSectionHP::IsoXS neutronInelasticHP  Z= 64  A= 156 Ekin(MeV)= 0.06547  xs(b)= 6.601e-08  size=7
G4CrossSectionHP::IsoXS neutronInelasticHP  Z= 64  A= 157 Ekin(MeV)= 0.06547  xs(b)= 0.4899  size=7
G4CrossSectionHP::IsoXS neutronInelasticHP  Z= 64  A= 158 Ekin(MeV)= 0.06547  xs(b)= 2.773e-08  size=7
G4CrossSectionHP::IsoXS neutronInelasticHP  Z= 64  A= 160 Ekin(MeV)= 0.06547  xs(b)= 4.317e-08  size=7
G4CrossSectionHP::IsoXS neutronElasticHP  Z= 64  A= 152 Ekin(MeV)= 0.06855  xs(b)= 11.94  size=7
G4CrossSectionHP::IsoXS neutronElasticHP  Z= 64  A= 154 Ekin(MeV)= 0.06855  xs(b)= 8.415  size=7
G4CrossSectionHP::IsoXS neutronElasticHP  Z= 64  A= 155 Ekin(MeV)= 0.06855  xs(b)= 6.282  size=7
G4CrossSectionHP::IsoXS neutronElasticHP  Z= 64  A= 156 Ekin(MeV)= 0.06855  xs(b)= 9.76  size=7
G4CrossSectionHP::IsoXS neutronElasticHP  Z= 64  A= 157 Ekin(MeV)= 0.06855  xs(b)= 7.473  size=7
G4CrossSectionHP::IsoXS neutronElasticHP  Z= 64  A= 158 Ekin(MeV)= 0.06855  xs(b)= 9.838  size=7
G4CrossSectionHP::IsoXS neutronElasticHP  Z= 64  A= 160 Ekin(MeV)= 0.06855  xs(b)= 10.27  size=7
G4CrossSectionHP::IsoXS neutronInelasticHP  Z= 64  A= 152 Ekin(MeV)= 0.06855  xs(b)= 6.248e-05  size=7
G4CrossSectionHP::IsoXS neutronInelasticHP  Z= 64  A= 154 Ekin(MeV)= 0.06855  xs(b)= 0  size=7
G4CrossSectionHP::IsoXS neutronInelasticHP  Z= 64  A= 155 Ekin(MeV)= 0.06855  xs(b)= 0.07069  size=7
G4CrossSectionHP::IsoXS neutronInelasticHP  Z= 64  A= 156 Ekin(MeV)= 0.06855  xs(b)= 6.912e-08  size=7
G4CrossSectionHP::IsoXS neutronInelasticHP  Z= 64  A= 157 Ekin(MeV)= 0.06855  xs(b)= 0.5189  size=7
G4CrossSectionHP::IsoXS neutronInelasticHP  Z= 64  A= 158 Ekin(MeV)= 0.06855  xs(b)= 2.904e-08  size=7
G4CrossSectionHP::IsoXS neutronInelasticHP  Z= 64  A= 160 Ekin(MeV)= 0.06855  xs(b)= 4.52e-08  size=7
G4CrossSectionHP::IsoXS neutronElasticHP  Z= 64  A= 152 Ekin(MeV)= 0.07178  xs(b)= 11.78  size=7
G4CrossSectionHP::IsoXS neutronElasticHP  Z= 64  A= 154 Ekin(MeV)= 0.07178  xs(b)= 8.357  size=7
G4CrossSectionHP::IsoXS neutronElasticHP  Z= 64  A= 155 Ekin(MeV)= 0.07178  xs(b)= 6.211  size=7
G4CrossSectionHP::IsoXS neutronElasticHP  Z= 64  A= 156 Ekin(MeV)= 0.07178  xs(b)= 9.453  size=7
G4CrossSectionHP::IsoXS neutronElasticHP  Z= 64  A= 157 Ekin(MeV)= 0.07178  xs(b)= 7.453  size=7
G4CrossSectionHP::IsoXS neutronElasticHP  Z= 64  A= 158 Ekin(MeV)= 0.07178  xs(b)= 9.657  size=7
G4CrossSectionHP::IsoXS neutronElasticHP  Z= 64  A= 160 Ekin(MeV)= 0.07178  xs(b)= 10.08  size=7
G4CrossSectionHP::IsoXS neutronInelasticHP  Z= 64  A= 152 Ekin(MeV)= 0.07178  xs(b)= 6.199e-05  size=7
G4CrossSectionHP::IsoXS neutronInelasticHP  Z= 64  A= 154 Ekin(MeV)= 0.07178  xs(b)= 0  size=7
G4CrossSectionHP::IsoXS neutronInelasticHP  Z= 64  A= 155 Ekin(MeV)= 0.07178  xs(b)= 0.09867  size=7
G4CrossSectionHP::IsoXS neutronInelasticHP  Z= 64  A= 156 Ekin(MeV)= 0.07178  xs(b)= 7.238e-08  size=7
G4CrossSectionHP::IsoXS neutronInelasticHP  Z= 64  A= 157 Ekin(MeV)= 0.07178  xs(b)= 0.5494  size=7
G4CrossSectionHP::IsoXS neutronInelasticHP  Z= 64  A= 158 Ekin(MeV)= 0.07178  xs(b)= 3.041e-08  size=7
G4CrossSectionHP::IsoXS neutronInelasticHP  Z= 64  A= 160 Ekin(MeV)= 0.07178  xs(b)= 4.733e-08  size=7
G4CrossSectionHP::IsoXS neutronElasticHP  Z= 64  A= 152 Ekin(MeV)= 0.07517  xs(b)= 11.64  size=7
G4CrossSectionHP::IsoXS neutronElasticHP  Z= 64  A= 154 Ekin(MeV)= 0.07517  xs(b)= 8.297  size=7
G4CrossSectionHP::IsoXS neutronElasticHP  Z= 64  A= 155 Ekin(MeV)= 0.07517  xs(b)= 6.167  size=7
G4CrossSectionHP::IsoXS neutronElasticHP  Z= 64  A= 156 Ekin(MeV)= 0.07517  xs(b)= 9.094  size=7
G4CrossSectionHP::IsoXS neutronElasticHP  Z= 64  A= 157 Ekin(MeV)= 0.07517  xs(b)= 7.431  size=7
G4CrossSectionHP::IsoXS neutronElasticHP  Z= 64  A= 158 Ekin(MeV)= 0.07517  xs(b)= 9.467  size=7
G4CrossSectionHP::IsoXS neutronElasticHP  Z= 64  A= 160 Ekin(MeV)= 0.07517  xs(b)= 9.884  size=7
G4CrossSectionHP::IsoXS neutronInelasticHP  Z= 64  A= 152 Ekin(MeV)= 0.07517  xs(b)= 6.148e-05  size=7
G4CrossSectionHP::IsoXS neutronInelasticHP  Z= 64  A= 154 Ekin(MeV)= 0.07517  xs(b)= 1.248e-11  size=7
G4CrossSectionHP::IsoXS neutronInelasticHP  Z= 64  A= 155 Ekin(MeV)= 0.07517  xs(b)= 0.128  size=7
G4CrossSectionHP::IsoXS neutronInelasticHP  Z= 64  A= 156 Ekin(MeV)= 0.07517  xs(b)= 7.579e-08  size=7
G4CrossSectionHP::IsoXS neutronInelasticHP  Z= 64  A= 157 Ekin(MeV)= 0.07517  xs(b)= 0.5801  size=7
G4CrossSectionHP::IsoXS neutronInelasticHP  Z= 64  A= 158 Ekin(MeV)= 0.07517  xs(b)= 3.184e-08  size=7
G4CrossSectionHP::IsoXS neutronInelasticHP  Z= 64  A= 160 Ekin(MeV)= 0.07517  xs(b)= 4.956e-08  size=7
G4CrossSectionHP::IsoXS neutronElasticHP  Z= 64  A= 152 Ekin(MeV)= 0.07871  xs(b)= 11.49  size=7
G4CrossSectionHP::IsoXS neutronElasticHP  Z= 64  A= 154 Ekin(MeV)= 0.07871  xs(b)= 8.236  size=7
G4CrossSectionHP::IsoXS neutronElasticHP  Z= 64  A= 155 Ekin(MeV)= 0.07871  xs(b)= 6.12  size=7
G4CrossSectionHP::IsoXS neutronElasticHP  Z= 64  A= 156 Ekin(MeV)= 0.07871  xs(b)= 8.756  size=7
G4CrossSectionHP::IsoXS neutronElasticHP  Z= 64  A= 157 Ekin(MeV)= 0.07871  xs(b)= 7.408  size=7
G4CrossSectionHP::IsoXS neutronElasticHP  Z= 64  A= 158 Ekin(MeV)= 0.07871  xs(b)= 9.285  size=7
G4CrossSectionHP::IsoXS neutronElasticHP  Z= 64  A= 160 Ekin(MeV)= 0.07871  xs(b)= 9.679  size=7
G4CrossSectionHP::IsoXS neutronInelasticHP  Z= 64  A= 152 Ekin(MeV)= 0.07871  xs(b)= 6.095e-05  size=7
G4CrossSectionHP::IsoXS neutronInelasticHP  Z= 64  A= 154 Ekin(MeV)= 0.07871  xs(b)= 2.199e-11  size=7
G4CrossSectionHP::IsoXS neutronInelasticHP  Z= 64  A= 155 Ekin(MeV)= 0.07871  xs(b)= 0.1586  size=7
G4CrossSectionHP::IsoXS neutronInelasticHP  Z= 64  A= 156 Ekin(MeV)= 0.07871  xs(b)= 7.936e-08  size=7
G4CrossSectionHP::IsoXS neutronInelasticHP  Z= 64  A= 157 Ekin(MeV)= 0.07871  xs(b)= 0.6124  size=7
G4CrossSectionHP::IsoXS neutronInelasticHP  Z= 64  A= 158 Ekin(MeV)= 0.07871  xs(b)= 3.334e-08  size=7
G4CrossSectionHP::IsoXS neutronInelasticHP  Z= 64  A= 160 Ekin(MeV)= 0.07871  xs(b)= 0.01875  size=7
G4CrossSectionHP::IsoXS neutronElasticHP  Z= 64  A= 152 Ekin(MeV)= 0.08242  xs(b)= 11.34  size=7
G4CrossSectionHP::IsoXS neutronElasticHP  Z= 64  A= 154 Ekin(MeV)= 0.08242  xs(b)= 8.183  size=7
G4CrossSectionHP::IsoXS neutronElasticHP  Z= 64  A= 155 Ekin(MeV)= 0.08242  xs(b)= 6.037  size=7
G4CrossSectionHP::IsoXS neutronElasticHP  Z= 64  A= 156 Ekin(MeV)= 0.08242  xs(b)= 8.536  size=7
G4CrossSectionHP::IsoXS neutronElasticHP  Z= 64  A= 157 Ekin(MeV)= 0.08242  xs(b)= 7.333  size=7
G4CrossSectionHP::IsoXS neutronElasticHP  Z= 64  A= 158 Ekin(MeV)= 0.08242  xs(b)= 9.096  size=7
G4CrossSectionHP::IsoXS neutronElasticHP  Z= 64  A= 160 Ekin(MeV)= 0.08242  xs(b)= 9.465  size=7
G4CrossSectionHP::IsoXS neutronInelasticHP  Z= 64  A= 152 Ekin(MeV)= 0.08242  xs(b)= 6.052e-05  size=7
G4CrossSectionHP::IsoXS neutronInelasticHP  Z= 64  A= 154 Ekin(MeV)= 0.08242  xs(b)= 1.948e-11  size=7
G4CrossSectionHP::IsoXS neutronInelasticHP  Z= 64  A= 155 Ekin(MeV)= 0.08242  xs(b)= 0.1742  size=7
G4CrossSectionHP::IsoXS neutronInelasticHP  Z= 64  A= 156 Ekin(MeV)= 0.08242  xs(b)= 8.31e-08  size=7
G4CrossSectionHP::IsoXS neutronInelasticHP  Z= 64  A= 157 Ekin(MeV)= 0.08242  xs(b)= 0.6267  size=7
G4CrossSectionHP::IsoXS neutronInelasticHP  Z= 64  A= 158 Ekin(MeV)= 0.08242  xs(b)= 0.01577  size=7
G4CrossSectionHP::IsoXS neutronInelasticHP  Z= 64  A= 160 Ekin(MeV)= 0.08242  xs(b)= 0.04246  size=7
G4CrossSectionHP::IsoXS neutronElasticHP  Z= 64  A= 152 Ekin(MeV)= 0.0863  xs(b)= 11.2  size=7
G4CrossSectionHP::IsoXS neutronElasticHP  Z= 64  A= 154 Ekin(MeV)= 0.0863  xs(b)= 8.128  size=7
G4CrossSectionHP::IsoXS neutronElasticHP  Z= 64  A= 155 Ekin(MeV)= 0.0863  xs(b)= 5.931  size=7
G4CrossSectionHP::IsoXS neutronElasticHP  Z= 64  A= 156 Ekin(MeV)= 0.0863  xs(b)= 8.379  size=7
G4CrossSectionHP::IsoXS neutronElasticHP  Z= 64  A= 157 Ekin(MeV)= 0.0863  xs(b)= 7.226  size=7
G4CrossSectionHP::IsoXS neutronElasticHP  Z= 64  A= 158 Ekin(MeV)= 0.0863  xs(b)= 8.897  size=7
G4CrossSectionHP::IsoXS neutronElasticHP  Z= 64  A= 160 Ekin(MeV)= 0.0863  xs(b)= 9.261  size=7
G4CrossSectionHP::IsoXS neutronInelasticHP  Z= 64  A= 152 Ekin(MeV)= 0.0863  xs(b)= 6.01e-05  size=7
G4CrossSectionHP::IsoXS neutronInelasticHP  Z= 64  A= 154 Ekin(MeV)= 0.0863  xs(b)= 1.673e-11  size=7
G4CrossSectionHP::IsoXS neutronInelasticHP  Z= 64  A= 155 Ekin(MeV)= 0.0863  xs(b)= 0.1813  size=7
G4CrossSectionHP::IsoXS neutronInelasticHP  Z= 64  A= 156 Ekin(MeV)= 0.0863  xs(b)= 8.702e-08  size=7
G4CrossSectionHP::IsoXS neutronInelasticHP  Z= 64  A= 157 Ekin(MeV)= 0.0863  xs(b)= 0.6307  size=7
G4CrossSectionHP::IsoXS neutronInelasticHP  Z= 64  A= 158 Ekin(MeV)= 0.0863  xs(b)= 0.04118  size=7
G4CrossSectionHP::IsoXS neutronInelasticHP  Z= 64  A= 160 Ekin(MeV)= 0.0863  xs(b)= 0.06729  size=7
G4CrossSectionHP::IsoXS neutronElasticHP  Z= 64  A= 152 Ekin(MeV)= 0.09037  xs(b)= 11.05  size=7
G4CrossSectionHP::IsoXS neutronElasticHP  Z= 64  A= 154 Ekin(MeV)= 0.09037  xs(b)= 8.07  size=7
G4CrossSectionHP::IsoXS neutronElasticHP  Z= 64  A= 155 Ekin(MeV)= 0.09037  xs(b)= 5.832  size=7
G4CrossSectionHP::IsoXS neutronElasticHP  Z= 64  A= 156 Ekin(MeV)= 0.09037  xs(b)= 8.254  size=7
G4CrossSectionHP::IsoXS neutronElasticHP  Z= 64  A= 157 Ekin(MeV)= 0.09037  xs(b)= 7.118  size=7
G4CrossSectionHP::IsoXS neutronElasticHP  Z= 64  A= 158 Ekin(MeV)= 0.09037  xs(b)= 8.702  size=7
G4CrossSectionHP::IsoXS neutronElasticHP  Z= 64  A= 160 Ekin(MeV)= 0.09037  xs(b)= 9.057  size=7
G4CrossSectionHP::IsoXS neutronInelasticHP  Z= 64  A= 152 Ekin(MeV)= 0.09037  xs(b)= 5.966e-05  size=7
G4CrossSectionHP::IsoXS neutronInelasticHP  Z= 64  A= 154 Ekin(MeV)= 0.09037  xs(b)= 1.464e-11  size=7
G4CrossSectionHP::IsoXS neutronInelasticHP  Z= 64  A= 155 Ekin(MeV)= 0.09037  xs(b)= 0.2059  size=7
G4CrossSectionHP::IsoXS neutronInelasticHP  Z= 64  A= 156 Ekin(MeV)= 0.09037  xs(b)= 0.008296  size=7
G4CrossSectionHP::IsoXS neutronInelasticHP  Z= 64  A= 157 Ekin(MeV)= 0.09037  xs(b)= 0.6345  size=7
G4CrossSectionHP::IsoXS neutronInelasticHP  Z= 64  A= 158 Ekin(MeV)= 0.09037  xs(b)= 0.06779  size=7
G4CrossSectionHP::IsoXS neutronInelasticHP  Z= 64  A= 160 Ekin(MeV)= 0.09037  xs(b)= 0.09328  size=7
G4CrossSectionHP::IsoXS neutronElasticHP  Z= 64  A= 152 Ekin(MeV)= 0.09463  xs(b)= 10.91  size=7
G4CrossSectionHP::IsoXS neutronElasticHP  Z= 64  A= 154 Ekin(MeV)= 0.09463  xs(b)= 8.013  size=7
G4CrossSectionHP::IsoXS neutronElasticHP  Z= 64  A= 155 Ekin(MeV)= 0.09463  xs(b)= 5.735  size=7
G4CrossSectionHP::IsoXS neutronElasticHP  Z= 64  A= 156 Ekin(MeV)= 0.09463  xs(b)= 8.08  size=7
G4CrossSectionHP::IsoXS neutronElasticHP  Z= 64  A= 157 Ekin(MeV)= 0.09463  xs(b)= 7.016  size=7
G4CrossSectionHP::IsoXS neutronElasticHP  Z= 64  A= 158 Ekin(MeV)= 0.09463  xs(b)= 8.509  size=7
G4CrossSectionHP::IsoXS neutronElasticHP  Z= 64  A= 160 Ekin(MeV)= 0.09463  xs(b)= 8.859  size=7
G4CrossSectionHP::IsoXS neutronInelasticHP  Z= 64  A= 152 Ekin(MeV)= 0.09463  xs(b)= 5.919e-05  size=7
G4CrossSectionHP::IsoXS neutronInelasticHP  Z= 64  A= 154 Ekin(MeV)= 0.09463  xs(b)= 2.072e-11  size=7
G4CrossSectionHP::IsoXS neutronInelasticHP  Z= 64  A= 155 Ekin(MeV)= 0.09463  xs(b)= 0.2358  size=7
G4CrossSectionHP::IsoXS neutronInelasticHP  Z= 64  A= 156 Ekin(MeV)= 0.09463  xs(b)= 0.05276  size=7
G4CrossSectionHP::IsoXS neutronInelasticHP  Z= 64  A= 157 Ekin(MeV)= 0.09463  xs(b)= 0.6384  size=7
G4CrossSectionHP::IsoXS neutronInelasticHP  Z= 64  A= 158 Ekin(MeV)= 0.09463  xs(b)= 0.09566  size=7
G4CrossSectionHP::IsoXS neutronInelasticHP  Z= 64  A= 160 Ekin(MeV)= 0.09463  xs(b)= 0.1205  size=7
G4CrossSectionHP::IsoXS neutronElasticHP  Z= 64  A= 152 Ekin(MeV)= 0.09909  xs(b)= 10.78  size=7
G4CrossSectionHP::IsoXS neutronElasticHP  Z= 64  A= 154 Ekin(MeV)= 0.09909  xs(b)= 7.961  size=7
G4CrossSectionHP::IsoXS neutronElasticHP  Z= 64  A= 155 Ekin(MeV)= 0.09909  xs(b)= 5.634  size=7
G4CrossSectionHP::IsoXS neutronElasticHP  Z= 64  A= 156 Ekin(MeV)= 0.09909  xs(b)= 7.898  size=7
G4CrossSectionHP::IsoXS neutronElasticHP  Z= 64  A= 157 Ekin(MeV)= 0.09909  xs(b)= 6.91  size=7
G4CrossSectionHP::IsoXS neutronElasticHP  Z= 64  A= 158 Ekin(MeV)= 0.09909  xs(b)= 8.32  size=7
G4CrossSectionHP::IsoXS neutronElasticHP  Z= 64  A= 160 Ekin(MeV)= 0.09909  xs(b)= 8.665  size=7
G4CrossSectionHP::IsoXS neutronInelasticHP  Z= 64  A= 152 Ekin(MeV)= 0.09909  xs(b)= 5.871e-05  size=7
G4CrossSectionHP::IsoXS neutronInelasticHP  Z= 64  A= 154 Ekin(MeV)= 0.09909  xs(b)= 2.709e-11  size=7
G4CrossSectionHP::IsoXS neutronInelasticHP  Z= 64  A= 155 Ekin(MeV)= 0.09909  xs(b)= 0.2671  size=7
G4CrossSectionHP::IsoXS neutronInelasticHP  Z= 64  A= 156 Ekin(MeV)= 0.09909  xs(b)= 0.09933  size=7
G4CrossSectionHP::IsoXS neutronInelasticHP  Z= 64  A= 157 Ekin(MeV)= 0.09909  xs(b)= 0.6422  size=7
G4CrossSectionHP::IsoXS neutronInelasticHP  Z= 64  A= 158 Ekin(MeV)= 0.09909  xs(b)= 0.1248  size=7
G4CrossSectionHP::IsoXS neutronInelasticHP  Z= 64  A= 160 Ekin(MeV)= 0.09909  xs(b)= 0.1464  size=7
G4CrossSectionHP::IsoXS neutronElasticHP  Z= 64  A= 152 Ekin(MeV)= 0.1038  xs(b)= 10.63  size=7
G4CrossSectionHP::IsoXS neutronElasticHP  Z= 64  A= 154 Ekin(MeV)= 0.1038  xs(b)= 7.906  size=7
G4CrossSectionHP::IsoXS neutronElasticHP  Z= 64  A= 155 Ekin(MeV)= 0.1038  xs(b)= 6.263  size=7
G4CrossSectionHP::IsoXS neutronElasticHP  Z= 64  A= 156 Ekin(MeV)= 0.1038  xs(b)= 7.755  size=7
G4CrossSectionHP::IsoXS neutronElasticHP  Z= 64  A= 157 Ekin(MeV)= 0.1038  xs(b)= 6.794  size=7
G4CrossSectionHP::IsoXS neutronElasticHP  Z= 64  A= 158 Ekin(MeV)= 0.1038  xs(b)= 8.168  size=7
G4CrossSectionHP::IsoXS neutronElasticHP  Z= 64  A= 160 Ekin(MeV)= 0.1038  xs(b)= 8.503  size=7
G4CrossSectionHP::IsoXS neutronInelasticHP  Z= 64  A= 152 Ekin(MeV)= 0.1038  xs(b)= 5.835e-05  size=7
G4CrossSectionHP::IsoXS neutronInelasticHP  Z= 64  A= 154 Ekin(MeV)= 0.1038  xs(b)= 5.532e-11  size=7
G4CrossSectionHP::IsoXS neutronInelasticHP  Z= 64  A= 155 Ekin(MeV)= 0.1038  xs(b)= 0.2853  size=7
G4CrossSectionHP::IsoXS neutronInelasticHP  Z= 64  A= 156 Ekin(MeV)= 0.1038  xs(b)= 0.1202  size=7
G4CrossSectionHP::IsoXS neutronInelasticHP  Z= 64  A= 157 Ekin(MeV)= 0.1038  xs(b)= 0.6438  size=7
G4CrossSectionHP::IsoXS neutronInelasticHP  Z= 64  A= 158 Ekin(MeV)= 0.1038  xs(b)= 0.1421  size=7
G4CrossSectionHP::IsoXS neutronInelasticHP  Z= 64  A= 160 Ekin(MeV)= 0.1038  xs(b)= 0.16  size=7
G4CrossSectionHP::IsoXS neutronElasticHP  Z= 64  A= 152 Ekin(MeV)= 0.1086  xs(b)= 10.49  size=7
G4CrossSectionHP::IsoXS neutronElasticHP  Z= 64  A= 154 Ekin(MeV)= 0.1086  xs(b)= 7.849  size=7
G4CrossSectionHP::IsoXS neutronElasticHP  Z= 64  A= 155 Ekin(MeV)= 0.1086  xs(b)= 6.218  size=7
G4CrossSectionHP::IsoXS neutronElasticHP  Z= 64  A= 156 Ekin(MeV)= 0.1086  xs(b)= 7.617  size=7
G4CrossSectionHP::IsoXS neutronElasticHP  Z= 64  A= 157 Ekin(MeV)= 0.1086  xs(b)= 6.672  size=7
G4CrossSectionHP::IsoXS neutronElasticHP  Z= 64  A= 158 Ekin(MeV)= 0.1086  xs(b)= 8.018  size=7
G4CrossSectionHP::IsoXS neutronElasticHP  Z= 64  A= 160 Ekin(MeV)= 0.1086  xs(b)= 8.344  size=7
G4CrossSectionHP::IsoXS neutronInelasticHP  Z= 64  A= 152 Ekin(MeV)= 0.1086  xs(b)= 5.801e-05  size=7
G4CrossSectionHP::IsoXS neutronInelasticHP  Z= 64  A= 154 Ekin(MeV)= 0.1086  xs(b)= 9.036e-11  size=7
G4CrossSectionHP::IsoXS neutronInelasticHP  Z= 64  A= 155 Ekin(MeV)= 0.1086  xs(b)= 0.3365  size=7
G4CrossSectionHP::IsoXS neutronInelasticHP  Z= 64  A= 156 Ekin(MeV)= 0.1086  xs(b)= 0.135  size=7
G4CrossSectionHP::IsoXS neutronInelasticHP  Z= 64  A= 157 Ekin(MeV)= 0.1086  xs(b)= 0.6449  size=7
G4CrossSectionHP::IsoXS neutronInelasticHP  Z= 64  A= 158 Ekin(MeV)= 0.1086  xs(b)= 0.156  size=7
G4CrossSectionHP::IsoXS neutronInelasticHP  Z= 64  A= 160 Ekin(MeV)= 0.1086  xs(b)= 0.1742  size=7
G4CrossSectionHP::IsoXS neutronElasticHP  Z= 64  A= 152 Ekin(MeV)= 0.1138  xs(b)= 10.36  size=7
G4CrossSectionHP::IsoXS neutronElasticHP  Z= 64  A= 154 Ekin(MeV)= 0.1138  xs(b)= 7.791  size=7
G4CrossSectionHP::IsoXS neutronElasticHP  Z= 64  A= 155 Ekin(MeV)= 0.1138  xs(b)= 6.17  size=7
G4CrossSectionHP::IsoXS neutronElasticHP  Z= 64  A= 156 Ekin(MeV)= 0.1138  xs(b)= 7.473  size=7
G4CrossSectionHP::IsoXS neutronElasticHP  Z= 64  A= 157 Ekin(MeV)= 0.1138  xs(b)= 6.55  size=7
G4CrossSectionHP::IsoXS neutronElasticHP  Z= 64  A= 158 Ekin(MeV)= 0.1138  xs(b)= 7.869  size=7
G4CrossSectionHP::IsoXS neutronElasticHP  Z= 64  A= 160 Ekin(MeV)= 0.1138  xs(b)= 8.182  size=7
G4CrossSectionHP::IsoXS neutronInelasticHP  Z= 64  A= 152 Ekin(MeV)= 0.1138  xs(b)= 5.766e-05  size=7
G4CrossSectionHP::IsoXS neutronInelasticHP  Z= 64  A= 154 Ekin(MeV)= 0.1138  xs(b)= 1.27e-10  size=7
G4CrossSectionHP::IsoXS neutronInelasticHP  Z= 64  A= 155 Ekin(MeV)= 0.1138  xs(b)= 0.3671  size=7
G4CrossSectionHP::IsoXS neutronInelasticHP  Z= 64  A= 156 Ekin(MeV)= 0.1138  xs(b)= 0.1506  size=7
G4CrossSectionHP::IsoXS neutronInelasticHP  Z= 64  A= 157 Ekin(MeV)= 0.1138  xs(b)= 0.6457  size=7
G4CrossSectionHP::IsoXS neutronInelasticHP  Z= 64  A= 158 Ekin(MeV)= 0.1138  xs(b)= 0.1705  size=7
G4CrossSectionHP::IsoXS neutronInelasticHP  Z= 64  A= 160 Ekin(MeV)= 0.1138  xs(b)= 0.189  size=7
G4CrossSectionHP::IsoXS neutronElasticHP  Z= 64  A= 152 Ekin(MeV)= 0.1191  xs(b)= 10.22  size=7
G4CrossSectionHP::IsoXS neutronElasticHP  Z= 64  A= 154 Ekin(MeV)= 0.1191  xs(b)= 7.736  size=7
G4CrossSectionHP::IsoXS neutronElasticHP  Z= 64  A= 155 Ekin(MeV)= 0.1191  xs(b)= 6.12  size=7
G4CrossSectionHP::IsoXS neutronElasticHP  Z= 64  A= 156 Ekin(MeV)= 0.1191  xs(b)= 7.342  size=7
G4CrossSectionHP::IsoXS neutronElasticHP  Z= 64  A= 157 Ekin(MeV)= 0.1191  xs(b)= 6.436  size=7
G4CrossSectionHP::IsoXS neutronElasticHP  Z= 64  A= 158 Ekin(MeV)= 0.1191  xs(b)= 7.728  size=7
G4CrossSectionHP::IsoXS neutronElasticHP  Z= 64  A= 160 Ekin(MeV)= 0.1191  xs(b)= 8.029  size=7
G4CrossSectionHP::IsoXS neutronInelasticHP  Z= 64  A= 152 Ekin(MeV)= 0.1191  xs(b)= 5.729e-05  size=7
G4CrossSectionHP::IsoXS neutronInelasticHP  Z= 64  A= 154 Ekin(MeV)= 0.1191  xs(b)= 1.655e-10  size=7
G4CrossSectionHP::IsoXS neutronInelasticHP  Z= 64  A= 155 Ekin(MeV)= 0.1191  xs(b)= 0.3986  size=7
G4CrossSectionHP::IsoXS neutronInelasticHP  Z= 64  A= 156 Ekin(MeV)= 0.1191  xs(b)= 0.1668  size=7
G4CrossSectionHP::IsoXS neutronInelasticHP  Z= 64  A= 157 Ekin(MeV)= 0.1191  xs(b)= 0.6492  size=7
G4CrossSectionHP::IsoXS neutronInelasticHP  Z= 64  A= 158 Ekin(MeV)= 0.1191  xs(b)= 0.1857  size=7
G4CrossSectionHP::IsoXS neutronInelasticHP  Z= 64  A= 160 Ekin(MeV)= 0.1191  xs(b)= 0.2045  size=7
G4CrossSectionHP::IsoXS neutronElasticHP  Z= 64  A= 152 Ekin(MeV)= 0.1247  xs(b)= 10.09  size=7
G4CrossSectionHP::IsoXS neutronElasticHP  Z= 64  A= 154 Ekin(MeV)= 0.1247  xs(b)= 7.677  size=7
G4CrossSectionHP::IsoXS neutronElasticHP  Z= 64  A= 155 Ekin(MeV)= 0.1247  xs(b)= 6.074  size=7
G4CrossSectionHP::IsoXS neutronElasticHP  Z= 64  A= 156 Ekin(MeV)= 0.1247  xs(b)= 7.207  size=7
G4CrossSectionHP::IsoXS neutronElasticHP  Z= 64  A= 157 Ekin(MeV)= 0.1247  xs(b)= 6.318  size=7
G4CrossSectionHP::IsoXS neutronElasticHP  Z= 64  A= 158 Ekin(MeV)= 0.1247  xs(b)= 7.58  size=7
G4CrossSectionHP::IsoXS neutronElasticHP  Z= 64  A= 160 Ekin(MeV)= 0.1247  xs(b)= 7.87  size=7
G4CrossSectionHP::IsoXS neutronInelasticHP  Z= 64  A= 152 Ekin(MeV)= 0.1247  xs(b)= 5.69e-05  size=7
G4CrossSectionHP::IsoXS neutronInelasticHP  Z= 64  A= 154 Ekin(MeV)= 0.1247  xs(b)= 0.004972  size=7
G4CrossSectionHP::IsoXS neutronInelasticHP  Z= 64  A= 155 Ekin(MeV)= 0.1247  xs(b)= 0.4326  size=7
G4CrossSectionHP::IsoXS neutronInelasticHP  Z= 64  A= 156 Ekin(MeV)= 0.1247  xs(b)= 0.1838  size=7
G4CrossSectionHP::IsoXS neutronInelasticHP  Z= 64  A= 157 Ekin(MeV)= 0.1247  xs(b)= 0.6557  size=7
G4CrossSectionHP::IsoXS neutronInelasticHP  Z= 64  A= 158 Ekin(MeV)= 0.1247  xs(b)= 0.2014  size=7
G4CrossSectionHP::IsoXS neutronInelasticHP  Z= 64  A= 160 Ekin(MeV)= 0.1247  xs(b)= 0.2206  size=7
G4CrossSectionHP::IsoXS neutronElasticHP  Z= 64  A= 152 Ekin(MeV)= 0.1306  xs(b)= 9.96  size=7
G4CrossSectionHP::IsoXS neutronElasticHP  Z= 64  A= 154 Ekin(MeV)= 0.1306  xs(b)= 7.609  size=7
G4CrossSectionHP::IsoXS neutronElasticHP  Z= 64  A= 155 Ekin(MeV)= 0.1306  xs(b)= 6.034  size=7
G4CrossSectionHP::IsoXS neutronElasticHP  Z= 64  A= 156 Ekin(MeV)= 0.1306  xs(b)= 7.084  size=7
G4CrossSectionHP::IsoXS neutronElasticHP  Z= 64  A= 157 Ekin(MeV)= 0.1306  xs(b)= 6.211  size=7
G4CrossSectionHP::IsoXS neutronElasticHP  Z= 64  A= 158 Ekin(MeV)= 0.1306  xs(b)= 7.437  size=7
G4CrossSectionHP::IsoXS neutronElasticHP  Z= 64  A= 160 Ekin(MeV)= 0.1306  xs(b)= 7.72  size=7
G4CrossSectionHP::IsoXS neutronInelasticHP  Z= 64  A= 152 Ekin(MeV)= 0.1306  xs(b)= 5.661e-05  size=7
G4CrossSectionHP::IsoXS neutronInelasticHP  Z= 64  A= 154 Ekin(MeV)= 0.1306  xs(b)= 0.03872  size=7
G4CrossSectionHP::IsoXS neutronInelasticHP  Z= 64  A= 155 Ekin(MeV)= 0.1306  xs(b)= 0.4573  size=7
G4CrossSectionHP::IsoXS neutronInelasticHP  Z= 64  A= 156 Ekin(MeV)= 0.1306  xs(b)= 0.2016  size=7
G4CrossSectionHP::IsoXS neutronInelasticHP  Z= 64  A= 157 Ekin(MeV)= 0.1306  xs(b)= 0.6625  size=7
G4CrossSectionHP::IsoXS neutronInelasticHP  Z= 64  A= 158 Ekin(MeV)= 0.1306  xs(b)= 0.2177  size=7
G4CrossSectionHP::IsoXS neutronInelasticHP  Z= 64  A= 160 Ekin(MeV)= 0.1306  xs(b)= 0.2374  size=7
G4CrossSectionHP::IsoXS neutronElasticHP  Z= 64  A= 152 Ekin(MeV)= 0.1368  xs(b)= 9.827  size=7
G4CrossSectionHP::IsoXS neutronElasticHP  Z= 64  A= 154 Ekin(MeV)= 0.1368  xs(b)= 7.537  size=7
G4CrossSectionHP::IsoXS neutronElasticHP  Z= 64  A= 155 Ekin(MeV)= 0.1368  xs(b)= 5.991  size=7
G4CrossSectionHP::IsoXS neutronElasticHP  Z= 64  A= 156 Ekin(MeV)= 0.1368  xs(b)= 6.954  size=7
G4CrossSectionHP::IsoXS neutronElasticHP  Z= 64  A= 157 Ekin(MeV)= 0.1368  xs(b)= 6.1  size=7
G4CrossSectionHP::IsoXS neutronElasticHP  Z= 64  A= 158 Ekin(MeV)= 0.1368  xs(b)= 7.293  size=7
G4CrossSectionHP::IsoXS neutronElasticHP  Z= 64  A= 160 Ekin(MeV)= 0.1368  xs(b)= 7.568  size=7
G4CrossSectionHP::IsoXS neutronInelasticHP  Z= 64  A= 152 Ekin(MeV)= 0.1368  xs(b)= 5.634e-05  size=7
G4CrossSectionHP::IsoXS neutronInelasticHP  Z= 64  A= 154 Ekin(MeV)= 0.1368  xs(b)= 0.07406  size=7
G4CrossSectionHP::IsoXS neutronInelasticHP  Z= 64  A= 155 Ekin(MeV)= 0.1368  xs(b)= 0.4821  size=7
G4CrossSectionHP::IsoXS neutronInelasticHP  Z= 64  A= 156 Ekin(MeV)= 0.1368  xs(b)= 0.2203  size=7
G4CrossSectionHP::IsoXS neutronInelasticHP  Z= 64  A= 157 Ekin(MeV)= 0.1368  xs(b)= 0.6762  size=7
G4CrossSectionHP::IsoXS neutronInelasticHP  Z= 64  A= 158 Ekin(MeV)= 0.1368  xs(b)= 0.2347  size=7
G4CrossSectionHP::IsoXS neutronInelasticHP  Z= 64  A= 160 Ekin(MeV)= 0.1368  xs(b)= 0.2551  size=7
G4CrossSectionHP::IsoXS neutronElasticHP  Z= 64  A= 152 Ekin(MeV)= 0.1432  xs(b)= 9.706  size=7
G4CrossSectionHP::IsoXS neutronElasticHP  Z= 64  A= 154 Ekin(MeV)= 0.1432  xs(b)= 7.462  size=7
G4CrossSectionHP::IsoXS neutronElasticHP  Z= 64  A= 155 Ekin(MeV)= 0.1432  xs(b)= 5.947  size=7
G4CrossSectionHP::IsoXS neutronElasticHP  Z= 64  A= 156 Ekin(MeV)= 0.1432  xs(b)= 6.825  size=7
G4CrossSectionHP::IsoXS neutronElasticHP  Z= 64  A= 157 Ekin(MeV)= 0.1432  xs(b)= 5.999  size=7
G4CrossSectionHP::IsoXS neutronElasticHP  Z= 64  A= 158 Ekin(MeV)= 0.1432  xs(b)= 7.157  size=7
G4CrossSectionHP::IsoXS neutronElasticHP  Z= 64  A= 160 Ekin(MeV)= 0.1432  xs(b)= 7.418  size=7
G4CrossSectionHP::IsoXS neutronInelasticHP  Z= 64  A= 152 Ekin(MeV)= 0.1432  xs(b)= 5.606e-05  size=7
G4CrossSectionHP::IsoXS neutronInelasticHP  Z= 64  A= 154 Ekin(MeV)= 0.1432  xs(b)= 0.1111  size=7
G4CrossSectionHP::IsoXS neutronInelasticHP  Z= 64  A= 155 Ekin(MeV)= 0.1432  xs(b)= 0.507  size=7
G4CrossSectionHP::IsoXS neutronInelasticHP  Z= 64  A= 156 Ekin(MeV)= 0.1432  xs(b)= 0.2398  size=7
G4CrossSectionHP::IsoXS neutronInelasticHP  Z= 64  A= 157 Ekin(MeV)= 0.1432  xs(b)= 0.6932  size=7
G4CrossSectionHP::IsoXS neutronInelasticHP  Z= 64  A= 158 Ekin(MeV)= 0.1432  xs(b)= 0.2525  size=7
G4CrossSectionHP::IsoXS neutronInelasticHP  Z= 64  A= 160 Ekin(MeV)= 0.1432  xs(b)= 0.2735  size=7
G4CrossSectionHP::IsoXS neutronElasticHP  Z= 64  A= 152 Ekin(MeV)= 0.15  xs(b)= 9.58  size=7
G4CrossSectionHP::IsoXS neutronElasticHP  Z= 64  A= 154 Ekin(MeV)= 0.15  xs(b)= 7.384  size=7
G4CrossSectionHP::IsoXS neutronElasticHP  Z= 64  A= 155 Ekin(MeV)= 0.15  xs(b)= 5.901  size=7
G4CrossSectionHP::IsoXS neutronElasticHP  Z= 64  A= 156 Ekin(MeV)= 0.15  xs(b)= 6.709  size=7
G4CrossSectionHP::IsoXS neutronElasticHP  Z= 64  A= 157 Ekin(MeV)= 0.15  xs(b)= 5.893  size=7
G4CrossSectionHP::IsoXS neutronElasticHP  Z= 64  A= 158 Ekin(MeV)= 0.15  xs(b)= 7.019  size=7
G4CrossSectionHP::IsoXS neutronElasticHP  Z= 64  A= 160 Ekin(MeV)= 0.15  xs(b)= 7.277  size=7
G4CrossSectionHP::IsoXS neutronInelasticHP  Z= 64  A= 152 Ekin(MeV)= 0.15  xs(b)= 5.577e-05  size=7
G4CrossSectionHP::IsoXS neutronInelasticHP  Z= 64  A= 154 Ekin(MeV)= 0.15  xs(b)= 0.1498  size=7
G4CrossSectionHP::IsoXS neutronInelasticHP  Z= 64  A= 155 Ekin(MeV)= 0.15  xs(b)= 0.5357  size=7
G4CrossSectionHP::IsoXS neutronInelasticHP  Z= 64  A= 156 Ekin(MeV)= 0.15  xs(b)= 0.2602  size=7
G4CrossSectionHP::IsoXS neutronInelasticHP  Z= 64  A= 157 Ekin(MeV)= 0.15  xs(b)= 0.7107  size=7
G4CrossSectionHP::IsoXS neutronInelasticHP  Z= 64  A= 158 Ekin(MeV)= 0.15  xs(b)= 0.2712  size=7
G4CrossSectionHP::IsoXS neutronInelasticHP  Z= 64  A= 160 Ekin(MeV)= 0.15  xs(b)= 0.2928  size=7
G4CrossSectionHP::IsoXS neutronElasticHP  Z= 64  A= 152 Ekin(MeV)= 0.157  xs(b)= 9.45  size=7
G4CrossSectionHP::IsoXS neutronElasticHP  Z= 64  A= 154 Ekin(MeV)= 0.157  xs(b)= 7.331  size=7
G4CrossSectionHP::IsoXS neutronElasticHP  Z= 64  A= 155 Ekin(MeV)= 0.157  xs(b)= 5.868  size=7
G4CrossSectionHP::IsoXS neutronElasticHP  Z= 64  A= 156 Ekin(MeV)= 0.157  xs(b)= 6.593  size=7
G4CrossSectionHP::IsoXS neutronElasticHP  Z= 64  A= 157 Ekin(MeV)= 0.157  xs(b)= 5.802  size=7
G4CrossSectionHP::IsoXS neutronElasticHP  Z= 64  A= 158 Ekin(MeV)= 0.157  xs(b)= 6.882  size=7
G4CrossSectionHP::IsoXS neutronElasticHP  Z= 64  A= 160 Ekin(MeV)= 0.157  xs(b)= 7.128  size=7
G4CrossSectionHP::IsoXS neutronInelasticHP  Z= 64  A= 152 Ekin(MeV)= 0.157  xs(b)= 5.546e-05  size=7
G4CrossSectionHP::IsoXS neutronInelasticHP  Z= 64  A= 154 Ekin(MeV)= 0.157  xs(b)= 0.1736  size=7
G4CrossSectionHP::IsoXS neutronInelasticHP  Z= 64  A= 155 Ekin(MeV)= 0.157  xs(b)= 0.558  size=7
G4CrossSectionHP::IsoXS neutronInelasticHP  Z= 64  A= 156 Ekin(MeV)= 0.157  xs(b)= 0.2817  size=7
G4CrossSectionHP::IsoXS neutronInelasticHP  Z= 64  A= 157 Ekin(MeV)= 0.157  xs(b)= 0.7204  size=7
G4CrossSectionHP::IsoXS neutronInelasticHP  Z= 64  A= 158 Ekin(MeV)= 0.157  xs(b)= 0.2908  size=7
G4CrossSectionHP::IsoXS neutronInelasticHP  Z= 64  A= 160 Ekin(MeV)= 0.157  xs(b)= 0.3131  size=7
G4CrossSectionHP::IsoXS neutronElasticHP  Z= 64  A= 152 Ekin(MeV)= 0.1644  xs(b)= 9.333  size=7
G4CrossSectionHP::IsoXS neutronElasticHP  Z= 64  A= 154 Ekin(MeV)= 0.1644  xs(b)= 7.275  size=7
G4CrossSectionHP::IsoXS neutronElasticHP  Z= 64  A= 155 Ekin(MeV)= 0.1644  xs(b)= 5.834  size=7
G4CrossSectionHP::IsoXS neutronElasticHP  Z= 64  A= 156 Ekin(MeV)= 0.1644  xs(b)= 6.48  size=7
G4CrossSectionHP::IsoXS neutronElasticHP  Z= 64  A= 157 Ekin(MeV)= 0.1644  xs(b)= 5.708  size=7
G4CrossSectionHP::IsoXS neutronElasticHP  Z= 64  A= 158 Ekin(MeV)= 0.1644  xs(b)= 6.747  size=7
G4CrossSectionHP::IsoXS neutronElasticHP  Z= 64  A= 160 Ekin(MeV)= 0.1644  xs(b)= 6.984  size=7
G4CrossSectionHP::IsoXS neutronInelasticHP  Z= 64  A= 152 Ekin(MeV)= 0.1644  xs(b)= 5.517e-05  size=7
G4CrossSectionHP::IsoXS neutronInelasticHP  Z= 64  A= 154 Ekin(MeV)= 0.1644  xs(b)= 0.1984  size=7
G4CrossSectionHP::IsoXS neutronInelasticHP  Z= 64  A= 155 Ekin(MeV)= 0.1644  xs(b)= 0.5808  size=7
G4CrossSectionHP::IsoXS neutronInelasticHP  Z= 64  A= 156 Ekin(MeV)= 0.1644  xs(b)= 0.3041  size=7
G4CrossSectionHP::IsoXS neutronInelasticHP  Z= 64  A= 157 Ekin(MeV)= 0.1644  xs(b)= 0.7301  size=7
G4CrossSectionHP::IsoXS neutronInelasticHP  Z= 64  A= 158 Ekin(MeV)= 0.1644  xs(b)= 0.3113  size=7
G4CrossSectionHP::IsoXS neutronInelasticHP  Z= 64  A= 160 Ekin(MeV)= 0.1644  xs(b)= 0.3343  size=7
G4CrossSectionHP::IsoXS neutronElasticHP  Z= 64  A= 152 Ekin(MeV)= 0.1722  xs(b)= 9.211  size=7
G4CrossSectionHP::IsoXS neutronElasticHP  Z= 64  A= 154 Ekin(MeV)= 0.1722  xs(b)= 7.216  size=7
G4CrossSectionHP::IsoXS neutronElasticHP  Z= 64  A= 155 Ekin(MeV)= 0.1722  xs(b)= 5.798  size=7
G4CrossSectionHP::IsoXS neutronElasticHP  Z= 64  A= 156 Ekin(MeV)= 0.1722  xs(b)= 6.361  size=7
G4CrossSectionHP::IsoXS neutronElasticHP  Z= 64  A= 157 Ekin(MeV)= 0.1722  xs(b)= 5.619  size=7
G4CrossSectionHP::IsoXS neutronElasticHP  Z= 64  A= 158 Ekin(MeV)= 0.1722  xs(b)= 6.609  size=7
G4CrossSectionHP::IsoXS neutronElasticHP  Z= 64  A= 160 Ekin(MeV)= 0.1722  xs(b)= 6.835  size=7
G4CrossSectionHP::IsoXS neutronInelasticHP  Z= 64  A= 152 Ekin(MeV)= 0.1722  xs(b)= 5.487e-05  size=7
G4CrossSectionHP::IsoXS neutronInelasticHP  Z= 64  A= 154 Ekin(MeV)= 0.1722  xs(b)= 0.2244  size=7
G4CrossSectionHP::IsoXS neutronInelasticHP  Z= 64  A= 155 Ekin(MeV)= 0.1722  xs(b)= 0.6032  size=7
G4CrossSectionHP::IsoXS neutronInelasticHP  Z= 64  A= 156 Ekin(MeV)= 0.1722  xs(b)= 0.3276  size=7
G4CrossSectionHP::IsoXS neutronInelasticHP  Z= 64  A= 157 Ekin(MeV)= 0.1722  xs(b)= 0.7395  size=7
G4CrossSectionHP::IsoXS neutronInelasticHP  Z= 64  A= 158 Ekin(MeV)= 0.1722  xs(b)= 0.3327  size=7
G4CrossSectionHP::IsoXS neutronInelasticHP  Z= 64  A= 160 Ekin(MeV)= 0.1722  xs(b)= 0.3565  size=7
G4CrossSectionHP::IsoXS neutronElasticHP  Z= 64  A= 152 Ekin(MeV)= 0.1803  xs(b)= 9.094  size=7
G4CrossSectionHP::IsoXS neutronElasticHP  Z= 64  A= 154 Ekin(MeV)= 0.1803  xs(b)= 7.155  size=7
G4CrossSectionHP::IsoXS neutronElasticHP  Z= 64  A= 155 Ekin(MeV)= 0.1803  xs(b)= 5.76  size=7
G4CrossSectionHP::IsoXS neutronElasticHP  Z= 64  A= 156 Ekin(MeV)= 0.1803  xs(b)= 6.245  size=7
G4CrossSectionHP::IsoXS neutronElasticHP  Z= 64  A= 157 Ekin(MeV)= 0.1803  xs(b)= 5.528  size=7
G4CrossSectionHP::IsoXS neutronElasticHP  Z= 64  A= 158 Ekin(MeV)= 0.1803  xs(b)= 6.478  size=7
G4CrossSectionHP::IsoXS neutronElasticHP  Z= 64  A= 160 Ekin(MeV)= 0.1803  xs(b)= 6.692  size=7
G4CrossSectionHP::IsoXS neutronInelasticHP  Z= 64  A= 152 Ekin(MeV)= 0.1803  xs(b)= 5.455e-05  size=7
G4CrossSectionHP::IsoXS neutronInelasticHP  Z= 64  A= 154 Ekin(MeV)= 0.1803  xs(b)= 0.2516  size=7
G4CrossSectionHP::IsoXS neutronInelasticHP  Z= 64  A= 155 Ekin(MeV)= 0.1803  xs(b)= 0.6259  size=7
G4CrossSectionHP::IsoXS neutronInelasticHP  Z= 64  A= 156 Ekin(MeV)= 0.1803  xs(b)= 0.3521  size=7
G4CrossSectionHP::IsoXS neutronInelasticHP  Z= 64  A= 157 Ekin(MeV)= 0.1803  xs(b)= 0.7487  size=7
G4CrossSectionHP::IsoXS neutronInelasticHP  Z= 64  A= 158 Ekin(MeV)= 0.1803  xs(b)= 0.3552  size=7
G4CrossSectionHP::IsoXS neutronInelasticHP  Z= 64  A= 160 Ekin(MeV)= 0.1803  xs(b)= 0.3797  size=7
G4CrossSectionHP::IsoXS neutronElasticHP  Z= 64  A= 152 Ekin(MeV)= 0.1888  xs(b)= 8.981  size=7
G4CrossSectionHP::IsoXS neutronElasticHP  Z= 64  A= 154 Ekin(MeV)= 0.1888  xs(b)= 7.091  size=7
G4CrossSectionHP::IsoXS neutronElasticHP  Z= 64  A= 155 Ekin(MeV)= 0.1888  xs(b)= 5.723  size=7
G4CrossSectionHP::IsoXS neutronElasticHP  Z= 64  A= 156 Ekin(MeV)= 0.1888  xs(b)= 6.131  size=7
G4CrossSectionHP::IsoXS neutronElasticHP  Z= 64  A= 157 Ekin(MeV)= 0.1888  xs(b)= 5.447  size=7
G4CrossSectionHP::IsoXS neutronElasticHP  Z= 64  A= 158 Ekin(MeV)= 0.1888  xs(b)= 6.34  size=7
G4CrossSectionHP::IsoXS neutronElasticHP  Z= 64  A= 160 Ekin(MeV)= 0.1888  xs(b)= 6.55  size=7
G4CrossSectionHP::IsoXS neutronInelasticHP  Z= 64  A= 152 Ekin(MeV)= 0.1888  xs(b)= 5.423e-05  size=7
G4CrossSectionHP::IsoXS neutronInelasticHP  Z= 64  A= 154 Ekin(MeV)= 0.1888  xs(b)= 0.2801  size=7
G4CrossSectionHP::IsoXS neutronInelasticHP  Z= 64  A= 155 Ekin(MeV)= 0.1888  xs(b)= 0.6487  size=7
G4CrossSectionHP::IsoXS neutronInelasticHP  Z= 64  A= 156 Ekin(MeV)= 0.1888  xs(b)= 0.3779  size=7
G4CrossSectionHP::IsoXS neutronInelasticHP  Z= 64  A= 157 Ekin(MeV)= 0.1888  xs(b)= 0.76  size=7
G4CrossSectionHP::IsoXS neutronInelasticHP  Z= 64  A= 158 Ekin(MeV)= 0.1888  xs(b)= 0.3787  size=7
G4CrossSectionHP::IsoXS neutronInelasticHP  Z= 64  A= 160 Ekin(MeV)= 0.1888  xs(b)= 0.404  size=7
G4CrossSectionHP::IsoXS neutronElasticHP  Z= 64  A= 152 Ekin(MeV)= 0.1977  xs(b)= 8.862  size=7
G4CrossSectionHP::IsoXS neutronElasticHP  Z= 64  A= 154 Ekin(MeV)= 0.1977  xs(b)= 7.024  size=7
G4CrossSectionHP::IsoXS neutronElasticHP  Z= 64  A= 155 Ekin(MeV)= 0.1977  xs(b)= 5.69  size=7
G4CrossSectionHP::IsoXS neutronElasticHP  Z= 64  A= 156 Ekin(MeV)= 0.1977  xs(b)= 6.012  size=7
G4CrossSectionHP::IsoXS neutronElasticHP  Z= 64  A= 157 Ekin(MeV)= 0.1977  xs(b)= 5.366  size=7
G4CrossSectionHP::IsoXS neutronElasticHP  Z= 64  A= 158 Ekin(MeV)= 0.1977  xs(b)= 6.21  size=7
G4CrossSectionHP::IsoXS neutronElasticHP  Z= 64  A= 160 Ekin(MeV)= 0.1977  xs(b)= 6.411  size=7
G4CrossSectionHP::IsoXS neutronInelasticHP  Z= 64  A= 152 Ekin(MeV)= 0.1977  xs(b)= 5.388e-05  size=7
G4CrossSectionHP::IsoXS neutronInelasticHP  Z= 64  A= 154 Ekin(MeV)= 0.1977  xs(b)= 0.3099  size=7
G4CrossSectionHP::IsoXS neutronInelasticHP  Z= 64  A= 155 Ekin(MeV)= 0.1977  xs(b)= 0.6716  size=7
G4CrossSectionHP::IsoXS neutronInelasticHP  Z= 64  A= 156 Ekin(MeV)= 0.1977  xs(b)= 0.4048  size=7
G4CrossSectionHP::IsoXS neutronInelasticHP  Z= 64  A= 157 Ekin(MeV)= 0.1977  xs(b)= 0.7722  size=7
G4CrossSectionHP::IsoXS neutronInelasticHP  Z= 64  A= 158 Ekin(MeV)= 0.1977  xs(b)= 0.4033  size=7
G4CrossSectionHP::IsoXS neutronInelasticHP  Z= 64  A= 160 Ekin(MeV)= 0.1977  xs(b)= 0.4295  size=7
G4CrossSectionHP::IsoXS neutronElasticHP  Z= 64  A= 152 Ekin(MeV)= 0.207  xs(b)= 8.751  size=7
G4CrossSectionHP::IsoXS neutronElasticHP  Z= 64  A= 154 Ekin(MeV)= 0.207  xs(b)= 6.959  size=7
G4CrossSectionHP::IsoXS neutronElasticHP  Z= 64  A= 155 Ekin(MeV)= 0.207  xs(b)= 5.656  size=7
G4CrossSectionHP::IsoXS neutronElasticHP  Z= 64  A= 156 Ekin(MeV)= 0.207  xs(b)= 5.927  size=7
G4CrossSectionHP::IsoXS neutronElasticHP  Z= 64  A= 157 Ekin(MeV)= 0.207  xs(b)= 5.294  size=7
G4CrossSectionHP::IsoXS neutronElasticHP  Z= 64  A= 158 Ekin(MeV)= 0.207  xs(b)= 6.122  size=7
G4CrossSectionHP::IsoXS neutronElasticHP  Z= 64  A= 160 Ekin(MeV)= 0.207  xs(b)= 6.314  size=7
G4CrossSectionHP::IsoXS neutronInelasticHP  Z= 64  A= 152 Ekin(MeV)= 0.207  xs(b)= 5.365e-05  size=7
G4CrossSectionHP::IsoXS neutronInelasticHP  Z= 64  A= 154 Ekin(MeV)= 0.207  xs(b)= 0.3384  size=7
G4CrossSectionHP::IsoXS neutronInelasticHP  Z= 64  A= 155 Ekin(MeV)= 0.207  xs(b)= 0.6928  size=7
G4CrossSectionHP::IsoXS neutronInelasticHP  Z= 64  A= 156 Ekin(MeV)= 0.207  xs(b)= 0.4312  size=7
G4CrossSectionHP::IsoXS neutronInelasticHP  Z= 64  A= 157 Ekin(MeV)= 0.207  xs(b)= 0.786  size=7
G4CrossSectionHP::IsoXS neutronInelasticHP  Z= 64  A= 158 Ekin(MeV)= 0.207  xs(b)= 0.4253  size=7
G4CrossSectionHP::IsoXS neutronInelasticHP  Z= 64  A= 160 Ekin(MeV)= 0.207  xs(b)= 0.452  size=7
G4CrossSectionHP::IsoXS neutronElasticHP  Z= 64  A= 152 Ekin(MeV)= 0.2168  xs(b)= 8.641  size=7
G4CrossSectionHP::IsoXS neutronElasticHP  Z= 64  A= 154 Ekin(MeV)= 0.2168  xs(b)= 6.893  size=7
G4CrossSectionHP::IsoXS neutronElasticHP  Z= 64  A= 155 Ekin(MeV)= 0.2168  xs(b)= 5.63  size=7
G4CrossSectionHP::IsoXS neutronElasticHP  Z= 64  A= 156 Ekin(MeV)= 0.2168  xs(b)= 5.852  size=7
G4CrossSectionHP::IsoXS neutronElasticHP  Z= 64  A= 157 Ekin(MeV)= 0.2168  xs(b)= 5.224  size=7
G4CrossSectionHP::IsoXS neutronElasticHP  Z= 64  A= 158 Ekin(MeV)= 0.2168  xs(b)= 6.046  size=7
G4CrossSectionHP::IsoXS neutronElasticHP  Z= 64  A= 160 Ekin(MeV)= 0.2168  xs(b)= 6.229  size=7
G4CrossSectionHP::IsoXS neutronInelasticHP  Z= 64  A= 152 Ekin(MeV)= 0.2168  xs(b)= 5.344e-05  size=7
G4CrossSectionHP::IsoXS neutronInelasticHP  Z= 64  A= 154 Ekin(MeV)= 0.2168  xs(b)= 0.3672  size=7
G4CrossSectionHP::IsoXS neutronInelasticHP  Z= 64  A= 155 Ekin(MeV)= 0.2168  xs(b)= 0.7136  size=7
G4CrossSectionHP::IsoXS neutronInelasticHP  Z= 64  A= 156 Ekin(MeV)= 0.2168  xs(b)= 0.4582  size=7
G4CrossSectionHP::IsoXS neutronInelasticHP  Z= 64  A= 157 Ekin(MeV)= 0.2168  xs(b)= 0.8007  size=7
G4CrossSectionHP::IsoXS neutronInelasticHP  Z= 64  A= 158 Ekin(MeV)= 0.2168  xs(b)= 0.4471  size=7
G4CrossSectionHP::IsoXS neutronInelasticHP  Z= 64  A= 160 Ekin(MeV)= 0.2168  xs(b)= 0.4742  size=7
G4CrossSectionHP::IsoXS neutronElasticHP  Z= 64  A= 152 Ekin(MeV)= 0.227  xs(b)= 8.532  size=7
G4CrossSectionHP::IsoXS neutronElasticHP  Z= 64  A= 154 Ekin(MeV)= 0.227  xs(b)= 6.823  size=7
G4CrossSectionHP::IsoXS neutronElasticHP  Z= 64  A= 155 Ekin(MeV)= 0.227  xs(b)= 5.602  size=7
G4CrossSectionHP::IsoXS neutronElasticHP  Z= 64  A= 156 Ekin(MeV)= 0.227  xs(b)= 5.773  size=7
G4CrossSectionHP::IsoXS neutronElasticHP  Z= 64  A= 157 Ekin(MeV)= 0.227  xs(b)= 5.151  size=7
G4CrossSectionHP::IsoXS neutronElasticHP  Z= 64  A= 158 Ekin(MeV)= 0.227  xs(b)= 5.966  size=7
G4CrossSectionHP::IsoXS neutronElasticHP  Z= 64  A= 160 Ekin(MeV)= 0.227  xs(b)= 6.144  size=7
G4CrossSectionHP::IsoXS neutronInelasticHP  Z= 64  A= 152 Ekin(MeV)= 0.227  xs(b)= 5.322e-05  size=7
G4CrossSectionHP::IsoXS neutronInelasticHP  Z= 64  A= 154 Ekin(MeV)= 0.227  xs(b)= 0.3973  size=7
G4CrossSectionHP::IsoXS neutronInelasticHP  Z= 64  A= 155 Ekin(MeV)= 0.227  xs(b)= 0.7336  size=7
G4CrossSectionHP::IsoXS neutronInelasticHP  Z= 64  A= 156 Ekin(MeV)= 0.227  xs(b)= 0.4865  size=7
G4CrossSectionHP::IsoXS neutronInelasticHP  Z= 64  A= 157 Ekin(MeV)= 0.227  xs(b)= 0.8155  size=7
G4CrossSectionHP::IsoXS neutronInelasticHP  Z= 64  A= 158 Ekin(MeV)= 0.227  xs(b)= 0.4699  size=7
G4CrossSectionHP::IsoXS neutronInelasticHP  Z= 64  A= 160 Ekin(MeV)= 0.227  xs(b)= 0.4975  size=7
G4CrossSectionHP::IsoXS neutronElasticHP  Z= 64  A= 152 Ekin(MeV)= 0.2377  xs(b)= 8.426  size=7
G4CrossSectionHP::IsoXS neutronElasticHP  Z= 64  A= 154 Ekin(MeV)= 0.2377  xs(b)= 6.75  size=7
G4CrossSectionHP::IsoXS neutronElasticHP  Z= 64  A= 155 Ekin(MeV)= 0.2377  xs(b)= 5.574  size=7
G4CrossSectionHP::IsoXS neutronElasticHP  Z= 64  A= 156 Ekin(MeV)= 0.2377  xs(b)= 5.691  size=7
G4CrossSectionHP::IsoXS neutronElasticHP  Z= 64  A= 157 Ekin(MeV)= 0.2377  xs(b)= 5.086  size=7
G4CrossSectionHP::IsoXS neutronElasticHP  Z= 64  A= 158 Ekin(MeV)= 0.2377  xs(b)= 5.892  size=7
G4CrossSectionHP::IsoXS neutronElasticHP  Z= 64  A= 160 Ekin(MeV)= 0.2377  xs(b)= 6.062  size=7
G4CrossSectionHP::IsoXS neutronInelasticHP  Z= 64  A= 152 Ekin(MeV)= 0.2377  xs(b)= 5.299e-05  size=7
G4CrossSectionHP::IsoXS neutronInelasticHP  Z= 64  A= 154 Ekin(MeV)= 0.2377  xs(b)= 0.4289  size=7
G4CrossSectionHP::IsoXS neutronInelasticHP  Z= 64  A= 155 Ekin(MeV)= 0.2377  xs(b)= 0.7563  size=7
G4CrossSectionHP::IsoXS neutronInelasticHP  Z= 64  A= 156 Ekin(MeV)= 0.2377  xs(b)= 0.5161  size=7
G4CrossSectionHP::IsoXS neutronInelasticHP  Z= 64  A= 157 Ekin(MeV)= 0.2377  xs(b)= 0.8395  size=7
G4CrossSectionHP::IsoXS neutronInelasticHP  Z= 64  A= 158 Ekin(MeV)= 0.2377  xs(b)= 0.4937  size=7
G4CrossSectionHP::IsoXS neutronInelasticHP  Z= 64  A= 160 Ekin(MeV)= 0.2377  xs(b)= 0.5218  size=7
G4CrossSectionHP::IsoXS neutronElasticHP  Z= 64  A= 152 Ekin(MeV)= 0.2489  xs(b)= 8.328  size=7
G4CrossSectionHP::IsoXS neutronElasticHP  Z= 64  A= 154 Ekin(MeV)= 0.2489  xs(b)= 6.674  size=7
G4CrossSectionHP::IsoXS neutronElasticHP  Z= 64  A= 155 Ekin(MeV)= 0.2489  xs(b)= 5.544  size=7
G4CrossSectionHP::IsoXS neutronElasticHP  Z= 64  A= 156 Ekin(MeV)= 0.2489  xs(b)= 5.612  size=7
G4CrossSectionHP::IsoXS neutronElasticHP  Z= 64  A= 157 Ekin(MeV)= 0.2489  xs(b)= 5.021  size=7
G4CrossSectionHP::IsoXS neutronElasticHP  Z= 64  A= 158 Ekin(MeV)= 0.2489  xs(b)= 5.817  size=7
G4CrossSectionHP::IsoXS neutronElasticHP  Z= 64  A= 160 Ekin(MeV)= 0.2489  xs(b)= 5.977  size=7
G4CrossSectionHP::IsoXS neutronInelasticHP  Z= 64  A= 152 Ekin(MeV)= 0.2489  xs(b)= 5.275e-05  size=7
G4CrossSectionHP::IsoXS neutronInelasticHP  Z= 64  A= 154 Ekin(MeV)= 0.2489  xs(b)= 0.462  size=7
G4CrossSectionHP::IsoXS neutronInelasticHP  Z= 64  A= 155 Ekin(MeV)= 0.2489  xs(b)= 0.8027  size=7
G4CrossSectionHP::IsoXS neutronInelasticHP  Z= 64  A= 156 Ekin(MeV)= 0.2489  xs(b)= 0.547  size=7
G4CrossSectionHP::IsoXS neutronInelasticHP  Z= 64  A= 157 Ekin(MeV)= 0.2489  xs(b)= 0.8666  size=7
G4CrossSectionHP::IsoXS neutronInelasticHP  Z= 64  A= 158 Ekin(MeV)= 0.2489  xs(b)= 0.5187  size=7
G4CrossSectionHP::IsoXS neutronInelasticHP  Z= 64  A= 160 Ekin(MeV)= 0.2489  xs(b)= 0.5472  size=7
G4CrossSectionHP::IsoXS neutronElasticHP  Z= 64  A= 152 Ekin(MeV)= 0.2606  xs(b)= 8.229  size=7
G4CrossSectionHP::IsoXS neutronElasticHP  Z= 64  A= 154 Ekin(MeV)= 0.2606  xs(b)= 6.623  size=7
G4CrossSectionHP::IsoXS neutronElasticHP  Z= 64  A= 155 Ekin(MeV)= 0.2606  xs(b)= 5.513  size=7
G4CrossSectionHP::IsoXS neutronElasticHP  Z= 64  A= 156 Ekin(MeV)= 0.2606  xs(b)= 5.533  size=7
G4CrossSectionHP::IsoXS neutronElasticHP  Z= 64  A= 157 Ekin(MeV)= 0.2606  xs(b)= 4.973  size=7
G4CrossSectionHP::IsoXS neutronElasticHP  Z= 64  A= 158 Ekin(MeV)= 0.2606  xs(b)= 5.738  size=7
G4CrossSectionHP::IsoXS neutronElasticHP  Z= 64  A= 160 Ekin(MeV)= 0.2606  xs(b)= 5.887  size=7
G4CrossSectionHP::IsoXS neutronInelasticHP  Z= 64  A= 152 Ekin(MeV)= 0.2606  xs(b)= 5.256e-05  size=7
G4CrossSectionHP::IsoXS neutronInelasticHP  Z= 64  A= 154 Ekin(MeV)= 0.2606  xs(b)= 0.4918  size=7
G4CrossSectionHP::IsoXS neutronInelasticHP  Z= 64  A= 155 Ekin(MeV)= 0.2606  xs(b)= 0.8365  size=7
G4CrossSectionHP::IsoXS neutronInelasticHP  Z= 64  A= 156 Ekin(MeV)= 0.2606  xs(b)= 0.5795  size=7
G4CrossSectionHP::IsoXS neutronInelasticHP  Z= 64  A= 157 Ekin(MeV)= 0.2606  xs(b)= 0.8897  size=7
G4CrossSectionHP::IsoXS neutronInelasticHP  Z= 64  A= 158 Ekin(MeV)= 0.2606  xs(b)= 0.5449  size=7
G4CrossSectionHP::IsoXS neutronInelasticHP  Z= 64  A= 160 Ekin(MeV)= 0.2606  xs(b)= 0.5756  size=7
G4CrossSectionHP::IsoXS neutronElasticHP  Z= 64  A= 152 Ekin(MeV)= 0.2729  xs(b)= 8.126  size=7
G4CrossSectionHP::IsoXS neutronElasticHP  Z= 64  A= 154 Ekin(MeV)= 0.2729  xs(b)= 6.574  size=7
G4CrossSectionHP::IsoXS neutronElasticHP  Z= 64  A= 155 Ekin(MeV)= 0.2729  xs(b)= 5.481  size=7
G4CrossSectionHP::IsoXS neutronElasticHP  Z= 64  A= 156 Ekin(MeV)= 0.2729  xs(b)= 5.451  size=7
G4CrossSectionHP::IsoXS neutronElasticHP  Z= 64  A= 157 Ekin(MeV)= 0.2729  xs(b)= 4.925  size=7
G4CrossSectionHP::IsoXS neutronElasticHP  Z= 64  A= 158 Ekin(MeV)= 0.2729  xs(b)= 5.656  size=7
G4CrossSectionHP::IsoXS neutronElasticHP  Z= 64  A= 160 Ekin(MeV)= 0.2729  xs(b)= 5.793  size=7
G4CrossSectionHP::IsoXS neutronInelasticHP  Z= 64  A= 152 Ekin(MeV)= 0.2729  xs(b)= 5.238e-05  size=7
G4CrossSectionHP::IsoXS neutronInelasticHP  Z= 64  A= 154 Ekin(MeV)= 0.2729  xs(b)= 0.5225  size=7
G4CrossSectionHP::IsoXS neutronInelasticHP  Z= 64  A= 155 Ekin(MeV)= 0.2729  xs(b)= 0.882  size=7
G4CrossSectionHP::IsoXS neutronInelasticHP  Z= 64  A= 156 Ekin(MeV)= 0.2729  xs(b)= 0.6135  size=7
G4CrossSectionHP::IsoXS neutronInelasticHP  Z= 64  A= 157 Ekin(MeV)= 0.2729  xs(b)= 0.9125  size=7
G4CrossSectionHP::IsoXS neutronInelasticHP  Z= 64  A= 158 Ekin(MeV)= 0.2729  xs(b)= 0.5735  size=7
G4CrossSectionHP::IsoXS neutronInelasticHP  Z= 64  A= 160 Ekin(MeV)= 0.2729  xs(b)= 0.6054  size=7
G4CrossSectionHP::IsoXS neutronElasticHP  Z= 64  A= 152 Ekin(MeV)= 0.2857  xs(b)= 8.035  size=7
G4CrossSectionHP::IsoXS neutronElasticHP  Z= 64  A= 154 Ekin(MeV)= 0.2857  xs(b)= 6.523  size=7
G4CrossSectionHP::IsoXS neutronElasticHP  Z= 64  A= 155 Ekin(MeV)= 0.2857  xs(b)= 5.447  size=7
G4CrossSectionHP::IsoXS neutronElasticHP  Z= 64  A= 156 Ekin(MeV)= 0.2857  xs(b)= 5.364  size=7
G4CrossSectionHP::IsoXS neutronElasticHP  Z= 64  A= 157 Ekin(MeV)= 0.2857  xs(b)= 4.874  size=7
G4CrossSectionHP::IsoXS neutronElasticHP  Z= 64  A= 158 Ekin(MeV)= 0.2857  xs(b)= 5.57  size=7
G4CrossSectionHP::IsoXS neutronElasticHP  Z= 64  A= 160 Ekin(MeV)= 0.2857  xs(b)= 5.695  size=7
G4CrossSectionHP::IsoXS neutronInelasticHP  Z= 64  A= 152 Ekin(MeV)= 0.2857  xs(b)= 5.219e-05  size=7
G4CrossSectionHP::IsoXS neutronInelasticHP  Z= 64  A= 154 Ekin(MeV)= 0.2857  xs(b)= 0.5546  size=7
G4CrossSectionHP::IsoXS neutronInelasticHP  Z= 64  A= 155 Ekin(MeV)= 0.2857  xs(b)= 0.9388  size=7
G4CrossSectionHP::IsoXS neutronInelasticHP  Z= 64  A= 156 Ekin(MeV)= 0.2857  xs(b)= 0.649  size=7
G4CrossSectionHP::IsoXS neutronInelasticHP  Z= 64  A= 157 Ekin(MeV)= 0.2857  xs(b)= 0.9356  size=7
G4CrossSectionHP::IsoXS neutronInelasticHP  Z= 64  A= 158 Ekin(MeV)= 0.2857  xs(b)= 0.6038  size=7
G4CrossSectionHP::IsoXS neutronInelasticHP  Z= 64  A= 160 Ekin(MeV)= 0.2857  xs(b)= 0.6366  size=7
G4CrossSectionHP::IsoXS neutronElasticHP  Z= 64  A= 152 Ekin(MeV)= 0.2992  xs(b)= 7.945  size=7
G4CrossSectionHP::IsoXS neutronElasticHP  Z= 64  A= 154 Ekin(MeV)= 0.2992  xs(b)= 6.469  size=7
G4CrossSectionHP::IsoXS neutronElasticHP  Z= 64  A= 155 Ekin(MeV)= 0.2992  xs(b)= 5.396  size=7
G4CrossSectionHP::IsoXS neutronElasticHP  Z= 64  A= 156 Ekin(MeV)= 0.2992  xs(b)= 5.296  size=7
G4CrossSectionHP::IsoXS neutronElasticHP  Z= 64  A= 157 Ekin(MeV)= 0.2992  xs(b)= 4.821  size=7
G4CrossSectionHP::IsoXS neutronElasticHP  Z= 64  A= 158 Ekin(MeV)= 0.2992  xs(b)= 5.489  size=7
G4CrossSectionHP::IsoXS neutronElasticHP  Z= 64  A= 160 Ekin(MeV)= 0.2992  xs(b)= 5.606  size=7
G4CrossSectionHP::IsoXS neutronInelasticHP  Z= 64  A= 152 Ekin(MeV)= 0.2992  xs(b)= 5.199e-05  size=7
G4CrossSectionHP::IsoXS neutronInelasticHP  Z= 64  A= 154 Ekin(MeV)= 0.2992  xs(b)= 0.5882  size=7
G4CrossSectionHP::IsoXS neutronInelasticHP  Z= 64  A= 155 Ekin(MeV)= 0.2992  xs(b)= 1.024  size=7
G4CrossSectionHP::IsoXS neutronInelasticHP  Z= 64  A= 156 Ekin(MeV)= 0.2992  xs(b)= 0.6847  size=7
G4CrossSectionHP::IsoXS neutronInelasticHP  Z= 64  A= 157 Ekin(MeV)= 0.2992  xs(b)= 0.9591  size=7
G4CrossSectionHP::IsoXS neutronInelasticHP  Z= 64  A= 158 Ekin(MeV)= 0.2992  xs(b)= 0.6355  size=7
G4CrossSectionHP::IsoXS neutronInelasticHP  Z= 64  A= 160 Ekin(MeV)= 0.2992  xs(b)= 0.6693  size=7
G4CrossSectionHP::IsoXS neutronElasticHP  Z= 64  A= 152 Ekin(MeV)= 0.3133  xs(b)= 7.851  size=7
G4CrossSectionHP::IsoXS neutronElasticHP  Z= 64  A= 154 Ekin(MeV)= 0.3133  xs(b)= 6.429  size=7
G4CrossSectionHP::IsoXS neutronElasticHP  Z= 64  A= 155 Ekin(MeV)= 0.3133  xs(b)= 5.363  size=7
G4CrossSectionHP::IsoXS neutronElasticHP  Z= 64  A= 156 Ekin(MeV)= 0.3133  xs(b)= 5.256  size=7
G4CrossSectionHP::IsoXS neutronElasticHP  Z= 64  A= 157 Ekin(MeV)= 0.3133  xs(b)= 4.789  size=7
G4CrossSectionHP::IsoXS neutronElasticHP  Z= 64  A= 158 Ekin(MeV)= 0.3133  xs(b)= 5.405  size=7
G4CrossSectionHP::IsoXS neutronElasticHP  Z= 64  A= 160 Ekin(MeV)= 0.3133  xs(b)= 5.512  size=7
G4CrossSectionHP::IsoXS neutronInelasticHP  Z= 64  A= 152 Ekin(MeV)= 0.3133  xs(b)= 5.179e-05  size=7
G4CrossSectionHP::IsoXS neutronInelasticHP  Z= 64  A= 154 Ekin(MeV)= 0.3133  xs(b)= 0.6193  size=7
G4CrossSectionHP::IsoXS neutronInelasticHP  Z= 64  A= 155 Ekin(MeV)= 0.3133  xs(b)= 1.076  size=7
G4CrossSectionHP::IsoXS neutronInelasticHP  Z= 64  A= 156 Ekin(MeV)= 0.3133  xs(b)= 0.7202  size=7
G4CrossSectionHP::IsoXS neutronInelasticHP  Z= 64  A= 157 Ekin(MeV)= 0.3133  xs(b)= 0.9849  size=7
G4CrossSectionHP::IsoXS neutronInelasticHP  Z= 64  A= 158 Ekin(MeV)= 0.3133  xs(b)= 0.6686  size=7
G4CrossSectionHP::IsoXS neutronInelasticHP  Z= 64  A= 160 Ekin(MeV)= 0.3133  xs(b)= 0.7035  size=7
G4CrossSectionHP::IsoXS neutronElasticHP  Z= 64  A= 152 Ekin(MeV)= 0.3281  xs(b)= 7.765  size=7
G4CrossSectionHP::IsoXS neutronElasticHP  Z= 64  A= 154 Ekin(MeV)= 0.3281  xs(b)= 6.388  size=7
G4CrossSectionHP::IsoXS neutronElasticHP  Z= 64  A= 155 Ekin(MeV)= 0.3281  xs(b)= 5.331  size=7
G4CrossSectionHP::IsoXS neutronElasticHP  Z= 64  A= 156 Ekin(MeV)= 0.3281  xs(b)= 5.216  size=7
G4CrossSectionHP::IsoXS neutronElasticHP  Z= 64  A= 157 Ekin(MeV)= 0.3281  xs(b)= 4.758  size=7
G4CrossSectionHP::IsoXS neutronElasticHP  Z= 64  A= 158 Ekin(MeV)= 0.3281  xs(b)= 5.319  size=7
G4CrossSectionHP::IsoXS neutronElasticHP  Z= 64  A= 160 Ekin(MeV)= 0.3281  xs(b)= 5.427  size=7
G4CrossSectionHP::IsoXS neutronInelasticHP  Z= 64  A= 152 Ekin(MeV)= 0.3281  xs(b)= 5.164e-05  size=7
G4CrossSectionHP::IsoXS neutronInelasticHP  Z= 64  A= 154 Ekin(MeV)= 0.3281  xs(b)= 0.6515  size=7
G4CrossSectionHP::IsoXS neutronInelasticHP  Z= 64  A= 155 Ekin(MeV)= 0.3281  xs(b)= 1.136  size=7
G4CrossSectionHP::IsoXS neutronInelasticHP  Z= 64  A= 156 Ekin(MeV)= 0.3281  xs(b)= 0.7573  size=7
G4CrossSectionHP::IsoXS neutronInelasticHP  Z= 64  A= 157 Ekin(MeV)= 0.3281  xs(b)= 1.011  size=7
G4CrossSectionHP::IsoXS neutronInelasticHP  Z= 64  A= 158 Ekin(MeV)= 0.3281  xs(b)= 0.7034  size=7
G4CrossSectionHP::IsoXS neutronInelasticHP  Z= 64  A= 160 Ekin(MeV)= 0.3281  xs(b)= 0.7393  size=7
G4CrossSectionHP::IsoXS neutronElasticHP  Z= 64  A= 152 Ekin(MeV)= 0.3435  xs(b)= 7.678  size=7
G4CrossSectionHP::IsoXS neutronElasticHP  Z= 64  A= 154 Ekin(MeV)= 0.3435  xs(b)= 6.346  size=7
G4CrossSectionHP::IsoXS neutronElasticHP  Z= 64  A= 155 Ekin(MeV)= 0.3435  xs(b)= 5.308  size=7
G4CrossSectionHP::IsoXS neutronElasticHP  Z= 64  A= 156 Ekin(MeV)= 0.3435  xs(b)= 5.174  size=7
G4CrossSectionHP::IsoXS neutronElasticHP  Z= 64  A= 157 Ekin(MeV)= 0.3435  xs(b)= 4.724  size=7
G4CrossSectionHP::IsoXS neutronElasticHP  Z= 64  A= 158 Ekin(MeV)= 0.3435  xs(b)= 5.242  size=7
G4CrossSectionHP::IsoXS neutronElasticHP  Z= 64  A= 160 Ekin(MeV)= 0.3435  xs(b)= 5.338  size=7
G4CrossSectionHP::IsoXS neutronInelasticHP  Z= 64  A= 152 Ekin(MeV)= 0.3435  xs(b)= 5.151e-05  size=7
G4CrossSectionHP::IsoXS neutronInelasticHP  Z= 64  A= 154 Ekin(MeV)= 0.3435  xs(b)= 0.6853  size=7
G4CrossSectionHP::IsoXS neutronInelasticHP  Z= 64  A= 155 Ekin(MeV)= 0.3435  xs(b)= 1.187  size=7
G4CrossSectionHP::IsoXS neutronInelasticHP  Z= 64  A= 156 Ekin(MeV)= 0.3435  xs(b)= 0.7962  size=7
G4CrossSectionHP::IsoXS neutronInelasticHP  Z= 64  A= 157 Ekin(MeV)= 0.3435  xs(b)= 1.038  size=7
G4CrossSectionHP::IsoXS neutronInelasticHP  Z= 64  A= 158 Ekin(MeV)= 0.3435  xs(b)= 0.7397  size=7
G4CrossSectionHP::IsoXS neutronInelasticHP  Z= 64  A= 160 Ekin(MeV)= 0.3435  xs(b)= 0.7768  size=7
G4CrossSectionHP::IsoXS neutronElasticHP  Z= 64  A= 152 Ekin(MeV)= 0.3597  xs(b)= 7.521  size=7
G4CrossSectionHP::IsoXS neutronElasticHP  Z= 64  A= 154 Ekin(MeV)= 0.3597  xs(b)= 6.301  size=7
G4CrossSectionHP::IsoXS neutronElasticHP  Z= 64  A= 155 Ekin(MeV)= 0.3597  xs(b)= 5.285  size=7
G4CrossSectionHP::IsoXS neutronElasticHP  Z= 64  A= 156 Ekin(MeV)= 0.3597  xs(b)= 5.13  size=7
G4CrossSectionHP::IsoXS neutronElasticHP  Z= 64  A= 157 Ekin(MeV)= 0.3597  xs(b)= 4.696  size=7
G4CrossSectionHP::IsoXS neutronElasticHP  Z= 64  A= 158 Ekin(MeV)= 0.3597  xs(b)= 5.16  size=7
G4CrossSectionHP::IsoXS neutronElasticHP  Z= 64  A= 160 Ekin(MeV)= 0.3597  xs(b)= 5.25  size=7
G4CrossSectionHP::IsoXS neutronInelasticHP  Z= 64  A= 152 Ekin(MeV)= 0.3597  xs(b)= 0.08898  size=7
G4CrossSectionHP::IsoXS neutronInelasticHP  Z= 64  A= 154 Ekin(MeV)= 0.3597  xs(b)= 0.7207  size=7
G4CrossSectionHP::IsoXS neutronInelasticHP  Z= 64  A= 155 Ekin(MeV)= 0.3597  xs(b)= 1.239  size=7
G4CrossSectionHP::IsoXS neutronInelasticHP  Z= 64  A= 156 Ekin(MeV)= 0.3597  xs(b)= 0.8368  size=7
G4CrossSectionHP::IsoXS neutronInelasticHP  Z= 64  A= 157 Ekin(MeV)= 0.3597  xs(b)= 1.067  size=7
G4CrossSectionHP::IsoXS neutronInelasticHP  Z= 64  A= 158 Ekin(MeV)= 0.3597  xs(b)= 0.7778  size=7
G4CrossSectionHP::IsoXS neutronInelasticHP  Z= 64  A= 160 Ekin(MeV)= 0.3597  xs(b)= 0.8161  size=7
G4CrossSectionHP::IsoXS neutronElasticHP  Z= 64  A= 152 Ekin(MeV)= 0.3767  xs(b)= 7.347  size=7
G4CrossSectionHP::IsoXS neutronElasticHP  Z= 64  A= 154 Ekin(MeV)= 0.3767  xs(b)= 6.254  size=7
G4CrossSectionHP::IsoXS neutronElasticHP  Z= 64  A= 155 Ekin(MeV)= 0.3767  xs(b)= 5.26  size=7
G4CrossSectionHP::IsoXS neutronElasticHP  Z= 64  A= 156 Ekin(MeV)= 0.3767  xs(b)= 5.084  size=7
G4CrossSectionHP::IsoXS neutronElasticHP  Z= 64  A= 157 Ekin(MeV)= 0.3767  xs(b)= 4.682  size=7
G4CrossSectionHP::IsoXS neutronElasticHP  Z= 64  A= 158 Ekin(MeV)= 0.3767  xs(b)= 5.106  size=7
G4CrossSectionHP::IsoXS neutronElasticHP  Z= 64  A= 160 Ekin(MeV)= 0.3767  xs(b)= 5.193  size=7
G4CrossSectionHP::IsoXS neutronInelasticHP  Z= 64  A= 152 Ekin(MeV)= 0.3767  xs(b)= 0.2036  size=7
G4CrossSectionHP::IsoXS neutronInelasticHP  Z= 64  A= 154 Ekin(MeV)= 0.3767  xs(b)= 0.758  size=7
G4CrossSectionHP::IsoXS neutronInelasticHP  Z= 64  A= 155 Ekin(MeV)= 0.3767  xs(b)= 1.289  size=7
G4CrossSectionHP::IsoXS neutronInelasticHP  Z= 64  A= 156 Ekin(MeV)= 0.3767  xs(b)= 0.8794  size=7
G4CrossSectionHP::IsoXS neutronInelasticHP  Z= 64  A= 157 Ekin(MeV)= 0.3767  xs(b)= 1.097  size=7
G4CrossSectionHP::IsoXS neutronInelasticHP  Z= 64  A= 158 Ekin(MeV)= 0.3767  xs(b)= 0.8116  size=7
G4CrossSectionHP::IsoXS neutronInelasticHP  Z= 64  A= 160 Ekin(MeV)= 0.3767  xs(b)= 0.8505  size=7
G4CrossSectionHP::IsoXS neutronElasticHP  Z= 64  A= 152 Ekin(MeV)= 0.3944  xs(b)= 7.166  size=7
G4CrossSectionHP::IsoXS neutronElasticHP  Z= 64  A= 154 Ekin(MeV)= 0.3944  xs(b)= 6.205  size=7
G4CrossSectionHP::IsoXS neutronElasticHP  Z= 64  A= 155 Ekin(MeV)= 0.3944  xs(b)= 5.243  size=7
G4CrossSectionHP::IsoXS neutronElasticHP  Z= 64  A= 156 Ekin(MeV)= 0.3944  xs(b)= 5.035  size=7
G4CrossSectionHP::IsoXS neutronElasticHP  Z= 64  A= 157 Ekin(MeV)= 0.3944  xs(b)= 4.667  size=7
G4CrossSectionHP::IsoXS neutronElasticHP  Z= 64  A= 158 Ekin(MeV)= 0.3944  xs(b)= 5.101  size=7
G4CrossSectionHP::IsoXS neutronElasticHP  Z= 64  A= 160 Ekin(MeV)= 0.3944  xs(b)= 5.182  size=7
G4CrossSectionHP::IsoXS neutronInelasticHP  Z= 64  A= 152 Ekin(MeV)= 0.3944  xs(b)= 0.3236  size=7
G4CrossSectionHP::IsoXS neutronInelasticHP  Z= 64  A= 154 Ekin(MeV)= 0.3944  xs(b)= 0.7987  size=7
G4CrossSectionHP::IsoXS neutronInelasticHP  Z= 64  A= 155 Ekin(MeV)= 0.3944  xs(b)= 1.336  size=7
G4CrossSectionHP::IsoXS neutronInelasticHP  Z= 64  A= 156 Ekin(MeV)= 0.3944  xs(b)= 0.924  size=7
G4CrossSectionHP::IsoXS neutronInelasticHP  Z= 64  A= 157 Ekin(MeV)= 0.3944  xs(b)= 1.128  size=7
G4CrossSectionHP::IsoXS neutronInelasticHP  Z= 64  A= 158 Ekin(MeV)= 0.3944  xs(b)= 0.8371  size=7
G4CrossSectionHP::IsoXS neutronInelasticHP  Z= 64  A= 160 Ekin(MeV)= 0.3944  xs(b)= 0.8757  size=7
G4CrossSectionHP::IsoXS neutronElasticHP  Z= 64  A= 152 Ekin(MeV)= 0.413  xs(b)= 7.044  size=7
G4CrossSectionHP::IsoXS neutronElasticHP  Z= 64  A= 154 Ekin(MeV)= 0.413  xs(b)= 6.163  size=7
G4CrossSectionHP::IsoXS neutronElasticHP  Z= 64  A= 155 Ekin(MeV)= 0.413  xs(b)= 5.228  size=7
G4CrossSectionHP::IsoXS neutronElasticHP  Z= 64  A= 156 Ekin(MeV)= 0.413  xs(b)= 5.011  size=7
G4CrossSectionHP::IsoXS neutronElasticHP  Z= 64  A= 157 Ekin(MeV)= 0.413  xs(b)= 4.652  size=7
G4CrossSectionHP::IsoXS neutronElasticHP  Z= 64  A= 158 Ekin(MeV)= 0.413  xs(b)= 5.095  size=7
G4CrossSectionHP::IsoXS neutronElasticHP  Z= 64  A= 160 Ekin(MeV)= 0.413  xs(b)= 5.171  size=7
G4CrossSectionHP::IsoXS neutronInelasticHP  Z= 64  A= 152 Ekin(MeV)= 0.413  xs(b)= 0.3926  size=7
G4CrossSectionHP::IsoXS neutronInelasticHP  Z= 64  A= 154 Ekin(MeV)= 0.413  xs(b)= 0.8374  size=7
G4CrossSectionHP::IsoXS neutronInelasticHP  Z= 64  A= 155 Ekin(MeV)= 0.413  xs(b)= 1.38  size=7
G4CrossSectionHP::IsoXS neutronInelasticHP  Z= 64  A= 156 Ekin(MeV)= 0.413  xs(b)= 0.9649  size=7
G4CrossSectionHP::IsoXS neutronInelasticHP  Z= 64  A= 157 Ekin(MeV)= 0.413  xs(b)= 1.159  size=7
G4CrossSectionHP::IsoXS neutronInelasticHP  Z= 64  A= 158 Ekin(MeV)= 0.413  xs(b)= 0.8638  size=7
G4CrossSectionHP::IsoXS neutronInelasticHP  Z= 64  A= 160 Ekin(MeV)= 0.413  xs(b)= 0.9022  size=7
G4CrossSectionHP::IsoXS neutronElasticHP  Z= 64  A= 152 Ekin(MeV)= 0.4325  xs(b)= 6.947  size=7
G4CrossSectionHP::IsoXS neutronElasticHP  Z= 64  A= 154 Ekin(MeV)= 0.4325  xs(b)= 6.123  size=7
G4CrossSectionHP::IsoXS neutronElasticHP  Z= 64  A= 155 Ekin(MeV)= 0.4325  xs(b)= 5.212  size=7
G4CrossSectionHP::IsoXS neutronElasticHP  Z= 64  A= 156 Ekin(MeV)= 0.4325  xs(b)= 4.998  size=7
G4CrossSectionHP::IsoXS neutronElasticHP  Z= 64  A= 157 Ekin(MeV)= 0.4325  xs(b)= 4.639  size=7
G4CrossSectionHP::IsoXS neutronElasticHP  Z= 64  A= 158 Ekin(MeV)= 0.4325  xs(b)= 5.089  size=7
G4CrossSectionHP::IsoXS neutronElasticHP  Z= 64  A= 160 Ekin(MeV)= 0.4325  xs(b)= 5.159  size=7
G4CrossSectionHP::IsoXS neutronInelasticHP  Z= 64  A= 152 Ekin(MeV)= 0.4325  xs(b)= 0.4392  size=7
G4CrossSectionHP::IsoXS neutronInelasticHP  Z= 64  A= 154 Ekin(MeV)= 0.4325  xs(b)= 0.8762  size=7
G4CrossSectionHP::IsoXS neutronInelasticHP  Z= 64  A= 155 Ekin(MeV)= 0.4325  xs(b)= 1.43  size=7
G4CrossSectionHP::IsoXS neutronInelasticHP  Z= 64  A= 156 Ekin(MeV)= 0.4325  xs(b)= 1.005  size=7
G4CrossSectionHP::IsoXS neutronInelasticHP  Z= 64  A= 157 Ekin(MeV)= 0.4325  xs(b)= 1.192  size=7
G4CrossSectionHP::IsoXS neutronInelasticHP  Z= 64  A= 158 Ekin(MeV)= 0.4325  xs(b)= 0.8917  size=7
G4CrossSectionHP::IsoXS neutronInelasticHP  Z= 64  A= 160 Ekin(MeV)= 0.4325  xs(b)= 0.9298  size=7
G4CrossSectionHP::IsoXS neutronElasticHP  Z= 64  A= 152 Ekin(MeV)= 0.4528  xs(b)= 6.845  size=7
G4CrossSectionHP::IsoXS neutronElasticHP  Z= 64  A= 154 Ekin(MeV)= 0.4528  xs(b)= 6.081  size=7
G4CrossSectionHP::IsoXS neutronElasticHP  Z= 64  A= 155 Ekin(MeV)= 0.4528  xs(b)= 5.195  size=7
G4CrossSectionHP::IsoXS neutronElasticHP  Z= 64  A= 156 Ekin(MeV)= 0.4528  xs(b)= 4.984  size=7
G4CrossSectionHP::IsoXS neutronElasticHP  Z= 64  A= 157 Ekin(MeV)= 0.4528  xs(b)= 4.62  size=7
G4CrossSectionHP::IsoXS neutronElasticHP  Z= 64  A= 158 Ekin(MeV)= 0.4528  xs(b)= 5.082  size=7
G4CrossSectionHP::IsoXS neutronElasticHP  Z= 64  A= 160 Ekin(MeV)= 0.4528  xs(b)= 5.146  size=7
G4CrossSectionHP::IsoXS neutronInelasticHP  Z= 64  A= 152 Ekin(MeV)= 0.4528  xs(b)= 0.4879  size=7
G4CrossSectionHP::IsoXS neutronInelasticHP  Z= 64  A= 154 Ekin(MeV)= 0.4528  xs(b)= 0.9169  size=7
G4CrossSectionHP::IsoXS neutronInelasticHP  Z= 64  A= 155 Ekin(MeV)= 0.4528  xs(b)= 1.48  size=7
G4CrossSectionHP::IsoXS neutronInelasticHP  Z= 64  A= 156 Ekin(MeV)= 0.4528  xs(b)= 1.047  size=7
G4CrossSectionHP::IsoXS neutronInelasticHP  Z= 64  A= 157 Ekin(MeV)= 0.4528  xs(b)= 1.25  size=7
G4CrossSectionHP::IsoXS neutronInelasticHP  Z= 64  A= 158 Ekin(MeV)= 0.4528  xs(b)= 0.921  size=7
G4CrossSectionHP::IsoXS neutronInelasticHP  Z= 64  A= 160 Ekin(MeV)= 0.4528  xs(b)= 0.9588  size=7
G4CrossSectionHP::IsoXS neutronElasticHP  Z= 64  A= 152 Ekin(MeV)= 0.4742  xs(b)= 6.739  size=7
G4CrossSectionHP::IsoXS neutronElasticHP  Z= 64  A= 154 Ekin(MeV)= 0.4742  xs(b)= 6.038  size=7
G4CrossSectionHP::IsoXS neutronElasticHP  Z= 64  A= 155 Ekin(MeV)= 0.4742  xs(b)= 5.178  size=7
G4CrossSectionHP::IsoXS neutronElasticHP  Z= 64  A= 156 Ekin(MeV)= 0.4742  xs(b)= 4.969  size=7
G4CrossSectionHP::IsoXS neutronElasticHP  Z= 64  A= 157 Ekin(MeV)= 0.4742  xs(b)= 4.592  size=7
G4CrossSectionHP::IsoXS neutronElasticHP  Z= 64  A= 158 Ekin(MeV)= 0.4742  xs(b)= 5.076  size=7
G4CrossSectionHP::IsoXS neutronElasticHP  Z= 64  A= 160 Ekin(MeV)= 0.4742  xs(b)= 5.133  size=7
G4CrossSectionHP::IsoXS neutronInelasticHP  Z= 64  A= 152 Ekin(MeV)= 0.4742  xs(b)= 0.539  size=7
G4CrossSectionHP::IsoXS neutronInelasticHP  Z= 64  A= 154 Ekin(MeV)= 0.4742  xs(b)= 0.9594  size=7
G4CrossSectionHP::IsoXS neutronInelasticHP  Z= 64  A= 155 Ekin(MeV)= 0.4742  xs(b)= 1.531  size=7
G4CrossSectionHP::IsoXS neutronInelasticHP  Z= 64  A= 156 Ekin(MeV)= 0.4742  xs(b)= 1.091  size=7
G4CrossSectionHP::IsoXS neutronInelasticHP  Z= 64  A= 157 Ekin(MeV)= 0.4742  xs(b)= 1.324  size=7
G4CrossSectionHP::IsoXS neutronInelasticHP  Z= 64  A= 158 Ekin(MeV)= 0.4742  xs(b)= 0.9516  size=7
G4CrossSectionHP::IsoXS neutronInelasticHP  Z= 64  A= 160 Ekin(MeV)= 0.4742  xs(b)= 0.9891  size=7
G4CrossSectionHP::IsoXS neutronElasticHP  Z= 64  A= 152 Ekin(MeV)= 0.4965  xs(b)= 6.627  size=7
G4CrossSectionHP::IsoXS neutronElasticHP  Z= 64  A= 154 Ekin(MeV)= 0.4965  xs(b)= 5.992  size=7
G4CrossSectionHP::IsoXS neutronElasticHP  Z= 64  A= 155 Ekin(MeV)= 0.4965  xs(b)= 5.16  size=7
G4CrossSectionHP::IsoXS neutronElasticHP  Z= 64  A= 156 Ekin(MeV)= 0.4965  xs(b)= 4.954  size=7
G4CrossSectionHP::IsoXS neutronElasticHP  Z= 64  A= 157 Ekin(MeV)= 0.4965  xs(b)= 4.577  size=7
G4CrossSectionHP::IsoXS neutronElasticHP  Z= 64  A= 158 Ekin(MeV)= 0.4965  xs(b)= 5.068  size=7
G4CrossSectionHP::IsoXS neutronElasticHP  Z= 64  A= 160 Ekin(MeV)= 0.4965  xs(b)= 5.119  size=7
G4CrossSectionHP::IsoXS neutronInelasticHP  Z= 64  A= 152 Ekin(MeV)= 0.4965  xs(b)= 0.5924  size=7
G4CrossSectionHP::IsoXS neutronInelasticHP  Z= 64  A= 154 Ekin(MeV)= 0.4965  xs(b)= 1.004  size=7
G4CrossSectionHP::IsoXS neutronInelasticHP  Z= 64  A= 155 Ekin(MeV)= 0.4965  xs(b)= 1.587  size=7
G4CrossSectionHP::IsoXS neutronInelasticHP  Z= 64  A= 156 Ekin(MeV)= 0.4965  xs(b)= 1.137  size=7
G4CrossSectionHP::IsoXS neutronInelasticHP  Z= 64  A= 157 Ekin(MeV)= 0.4965  xs(b)= 1.389  size=7
G4CrossSectionHP::IsoXS neutronInelasticHP  Z= 64  A= 158 Ekin(MeV)= 0.4965  xs(b)= 0.9837  size=7
G4CrossSectionHP::IsoXS neutronInelasticHP  Z= 64  A= 160 Ekin(MeV)= 0.4965  xs(b)= 1.021  size=7
G4CrossSectionHP::IsoXS neutronElasticHP  Z= 64  A= 152 Ekin(MeV)= 0.5199  xs(b)= 6.548  size=7
G4CrossSectionHP::IsoXS neutronElasticHP  Z= 64  A= 154 Ekin(MeV)= 0.5199  xs(b)= 5.947  size=7
G4CrossSectionHP::IsoXS neutronElasticHP  Z= 64  A= 155 Ekin(MeV)= 0.5199  xs(b)= 5.153  size=7
G4CrossSectionHP::IsoXS neutronElasticHP  Z= 64  A= 156 Ekin(MeV)= 0.5199  xs(b)= 4.957  size=7
G4CrossSectionHP::IsoXS neutronElasticHP  Z= 64  A= 157 Ekin(MeV)= 0.5199  xs(b)= 4.58  size=7
G4CrossSectionHP::IsoXS neutronElasticHP  Z= 64  A= 158 Ekin(MeV)= 0.5199  xs(b)= 5.061  size=7
G4CrossSectionHP::IsoXS neutronElasticHP  Z= 64  A= 160 Ekin(MeV)= 0.5199  xs(b)= 5.103  size=7
G4CrossSectionHP::IsoXS neutronInelasticHP  Z= 64  A= 152 Ekin(MeV)= 0.5199  xs(b)= 0.639  size=7
G4CrossSectionHP::IsoXS neutronInelasticHP  Z= 64  A= 154 Ekin(MeV)= 0.5199  xs(b)= 1.047  size=7
G4CrossSectionHP::IsoXS neutronInelasticHP  Z= 64  A= 155 Ekin(MeV)= 0.5199  xs(b)= 1.633  size=7
G4CrossSectionHP::IsoXS neutronInelasticHP  Z= 64  A= 156 Ekin(MeV)= 0.5199  xs(b)= 1.18  size=7
G4CrossSectionHP::IsoXS neutronInelasticHP  Z= 64  A= 157 Ekin(MeV)= 0.5199  xs(b)= 1.436  size=7
G4CrossSectionHP::IsoXS neutronInelasticHP  Z= 64  A= 158 Ekin(MeV)= 0.5199  xs(b)= 1.017  size=7
G4CrossSectionHP::IsoXS neutronInelasticHP  Z= 64  A= 160 Ekin(MeV)= 0.5199  xs(b)= 1.054  size=7
G4CrossSectionHP::IsoXS neutronElasticHP  Z= 64  A= 152 Ekin(MeV)= 0.5444  xs(b)= 6.474  size=7
G4CrossSectionHP::IsoXS neutronElasticHP  Z= 64  A= 154 Ekin(MeV)= 0.5444  xs(b)= 5.899  size=7
G4CrossSectionHP::IsoXS neutronElasticHP  Z= 64  A= 155 Ekin(MeV)= 0.5444  xs(b)= 5.148  size=7
G4CrossSectionHP::IsoXS neutronElasticHP  Z= 64  A= 156 Ekin(MeV)= 0.5444  xs(b)= 4.964  size=7
G4CrossSectionHP::IsoXS neutronElasticHP  Z= 64  A= 157 Ekin(MeV)= 0.5444  xs(b)= 4.582  size=7
G4CrossSectionHP::IsoXS neutronElasticHP  Z= 64  A= 158 Ekin(MeV)= 0.5444  xs(b)= 5.053  size=7
G4CrossSectionHP::IsoXS neutronElasticHP  Z= 64  A= 160 Ekin(MeV)= 0.5444  xs(b)= 5.083  size=7
G4CrossSectionHP::IsoXS neutronInelasticHP  Z= 64  A= 152 Ekin(MeV)= 0.5444  xs(b)= 0.6861  size=7
G4CrossSectionHP::IsoXS neutronInelasticHP  Z= 64  A= 154 Ekin(MeV)= 0.5444  xs(b)= 1.091  size=7
G4CrossSectionHP::IsoXS neutronInelasticHP  Z= 64  A= 155 Ekin(MeV)= 0.5444  xs(b)= 1.674  size=7
G4CrossSectionHP::IsoXS neutronInelasticHP  Z= 64  A= 156 Ekin(MeV)= 0.5444  xs(b)= 1.223  size=7
G4CrossSectionHP::IsoXS neutronInelasticHP  Z= 64  A= 157 Ekin(MeV)= 0.5444  xs(b)= 1.497  size=7
G4CrossSectionHP::IsoXS neutronInelasticHP  Z= 64  A= 158 Ekin(MeV)= 0.5444  xs(b)= 1.052  size=7
G4CrossSectionHP::IsoXS neutronInelasticHP  Z= 64  A= 160 Ekin(MeV)= 0.5444  xs(b)= 1.089  size=7
G4CrossSectionHP::IsoXS neutronElasticHP  Z= 64  A= 152 Ekin(MeV)= 0.57  xs(b)= 6.397  size=7
G4CrossSectionHP::IsoXS neutronElasticHP  Z= 64  A= 154 Ekin(MeV)= 0.57  xs(b)= 5.85  size=7
G4CrossSectionHP::IsoXS neutronElasticHP  Z= 64  A= 155 Ekin(MeV)= 0.57  xs(b)= 5.142  size=7
G4CrossSectionHP::IsoXS neutronElasticHP  Z= 64  A= 156 Ekin(MeV)= 0.57  xs(b)= 4.97  size=7
G4CrossSectionHP::IsoXS neutronElasticHP  Z= 64  A= 157 Ekin(MeV)= 0.57  xs(b)= 4.595  size=7
G4CrossSectionHP::IsoXS neutronElasticHP  Z= 64  A= 158 Ekin(MeV)= 0.57  xs(b)= 5.037  size=7
G4CrossSectionHP::IsoXS neutronElasticHP  Z= 64  A= 160 Ekin(MeV)= 0.57  xs(b)= 5.062  size=7
G4CrossSectionHP::IsoXS neutronInelasticHP  Z= 64  A= 152 Ekin(MeV)= 0.57  xs(b)= 0.7317  size=7
G4CrossSectionHP::IsoXS neutronInelasticHP  Z= 64  A= 154 Ekin(MeV)= 0.57  xs(b)= 1.137  size=7
G4CrossSectionHP::IsoXS neutronInelasticHP  Z= 64  A= 155 Ekin(MeV)= 0.57  xs(b)= 1.714  size=7
G4CrossSectionHP::IsoXS neutronInelasticHP  Z= 64  A= 156 Ekin(MeV)= 0.57  xs(b)= 1.268  size=7
G4CrossSectionHP::IsoXS neutronInelasticHP  Z= 64  A= 157 Ekin(MeV)= 0.57  xs(b)= 1.544  size=7
G4CrossSectionHP::IsoXS neutronInelasticHP  Z= 64  A= 158 Ekin(MeV)= 0.57  xs(b)= 1.089  size=7
G4CrossSectionHP::IsoXS neutronInelasticHP  Z= 64  A= 160 Ekin(MeV)= 0.57  xs(b)= 1.126  size=7
G4CrossSectionHP::IsoXS neutronElasticHP  Z= 64  A= 152 Ekin(MeV)= 0.5969  xs(b)= 6.317  size=7
G4CrossSectionHP::IsoXS neutronElasticHP  Z= 64  A= 154 Ekin(MeV)= 0.5969  xs(b)= 5.799  size=7
G4CrossSectionHP::IsoXS neutronElasticHP  Z= 64  A= 155 Ekin(MeV)= 0.5969  xs(b)= 5.136  size=7
G4CrossSectionHP::IsoXS neutronElasticHP  Z= 64  A= 156 Ekin(MeV)= 0.5969  xs(b)= 4.978  size=7
G4CrossSectionHP::IsoXS neutronElasticHP  Z= 64  A= 157 Ekin(MeV)= 0.5969  xs(b)= 4.608  size=7
G4CrossSectionHP::IsoXS neutronElasticHP  Z= 64  A= 158 Ekin(MeV)= 0.5969  xs(b)= 5.021  size=7
G4CrossSectionHP::IsoXS neutronElasticHP  Z= 64  A= 160 Ekin(MeV)= 0.5969  xs(b)= 5.039  size=7
G4CrossSectionHP::IsoXS neutronInelasticHP  Z= 64  A= 152 Ekin(MeV)= 0.5969  xs(b)= 0.7784  size=7
G4CrossSectionHP::IsoXS neutronInelasticHP  Z= 64  A= 154 Ekin(MeV)= 0.5969  xs(b)= 1.186  size=7
G4CrossSectionHP::IsoXS neutronInelasticHP  Z= 64  A= 155 Ekin(MeV)= 0.5969  xs(b)= 1.757  size=7
G4CrossSectionHP::IsoXS neutronInelasticHP  Z= 64  A= 156 Ekin(MeV)= 0.5969  xs(b)= 1.314  size=7
G4CrossSectionHP::IsoXS neutronInelasticHP  Z= 64  A= 157 Ekin(MeV)= 0.5969  xs(b)= 1.592  size=7
G4CrossSectionHP::IsoXS neutronInelasticHP  Z= 64  A= 158 Ekin(MeV)= 0.5969  xs(b)= 1.128  size=7
G4CrossSectionHP::IsoXS neutronInelasticHP  Z= 64  A= 160 Ekin(MeV)= 0.5969  xs(b)= 1.164  size=7
G4CrossSectionHP::IsoXS neutronElasticHP  Z= 64  A= 152 Ekin(MeV)= 0.625  xs(b)= 6.218  size=7
G4CrossSectionHP::IsoXS neutronElasticHP  Z= 64  A= 154 Ekin(MeV)= 0.625  xs(b)= 5.754  size=7
G4CrossSectionHP::IsoXS neutronElasticHP  Z= 64  A= 155 Ekin(MeV)= 0.625  xs(b)= 5.13  size=7
G4CrossSectionHP::IsoXS neutronElasticHP  Z= 64  A= 156 Ekin(MeV)= 0.625  xs(b)= 4.997  size=7
G4CrossSectionHP::IsoXS neutronElasticHP  Z= 64  A= 157 Ekin(MeV)= 0.625  xs(b)= 4.622  size=7
G4CrossSectionHP::IsoXS neutronElasticHP  Z= 64  A= 158 Ekin(MeV)= 0.625  xs(b)= 5.004  size=7
G4CrossSectionHP::IsoXS neutronElasticHP  Z= 64  A= 160 Ekin(MeV)= 0.625  xs(b)= 5.016  size=7
G4CrossSectionHP::IsoXS neutronInelasticHP  Z= 64  A= 152 Ekin(MeV)= 0.625  xs(b)= 0.8433  size=7
G4CrossSectionHP::IsoXS neutronInelasticHP  Z= 64  A= 154 Ekin(MeV)= 0.625  xs(b)= 1.231  size=7
G4CrossSectionHP::IsoXS neutronInelasticHP  Z= 64  A= 155 Ekin(MeV)= 0.625  xs(b)= 1.804  size=7
G4CrossSectionHP::IsoXS neutronInelasticHP  Z= 64  A= 156 Ekin(MeV)= 0.625  xs(b)= 1.35  size=7
G4CrossSectionHP::IsoXS neutronInelasticHP  Z= 64  A= 157 Ekin(MeV)= 0.625  xs(b)= 1.64  size=7
G4CrossSectionHP::IsoXS neutronInelasticHP  Z= 64  A= 158 Ekin(MeV)= 0.625  xs(b)= 1.168  size=7
G4CrossSectionHP::IsoXS neutronInelasticHP  Z= 64  A= 160 Ekin(MeV)= 0.625  xs(b)= 1.204  size=7
G4CrossSectionHP::IsoXS neutronElasticHP  Z= 64  A= 152 Ekin(MeV)= 0.6545  xs(b)= 6.052  size=7
G4CrossSectionHP::IsoXS neutronElasticHP  Z= 64  A= 154 Ekin(MeV)= 0.6545  xs(b)= 5.708  size=7
G4CrossSectionHP::IsoXS neutronElasticHP  Z= 64  A= 155 Ekin(MeV)= 0.6545  xs(b)= 5.124  size=7
G4CrossSectionHP::IsoXS neutronElasticHP  Z= 64  A= 156 Ekin(MeV)= 0.6545  xs(b)= 5.018  size=7
G4CrossSectionHP::IsoXS neutronElasticHP  Z= 64  A= 157 Ekin(MeV)= 0.6545  xs(b)= 4.641  size=7
G4CrossSectionHP::IsoXS neutronElasticHP  Z= 64  A= 158 Ekin(MeV)= 0.6545  xs(b)= 4.986  size=7
G4CrossSectionHP::IsoXS neutronElasticHP  Z= 64  A= 160 Ekin(MeV)= 0.6545  xs(b)= 4.992  size=7
G4CrossSectionHP::IsoXS neutronInelasticHP  Z= 64  A= 152 Ekin(MeV)= 0.6545  xs(b)= 0.9732  size=7
G4CrossSectionHP::IsoXS neutronInelasticHP  Z= 64  A= 154 Ekin(MeV)= 0.6545  xs(b)= 1.278  size=7
G4CrossSectionHP::IsoXS neutronInelasticHP  Z= 64  A= 155 Ekin(MeV)= 0.6545  xs(b)= 1.847  size=7
G4CrossSectionHP::IsoXS neutronInelasticHP  Z= 64  A= 156 Ekin(MeV)= 0.6545  xs(b)= 1.388  size=7
G4CrossSectionHP::IsoXS neutronInelasticHP  Z= 64  A= 157 Ekin(MeV)= 0.6545  xs(b)= 1.686  size=7
G4CrossSectionHP::IsoXS neutronInelasticHP  Z= 64  A= 158 Ekin(MeV)= 0.6545  xs(b)= 1.211  size=7
G4CrossSectionHP::IsoXS neutronInelasticHP  Z= 64  A= 160 Ekin(MeV)= 0.6545  xs(b)= 1.246  size=7
G4CrossSectionHP::IsoXS neutronElasticHP  Z= 64  A= 152 Ekin(MeV)= 0.6853  xs(b)= 5.915  size=7
G4CrossSectionHP::IsoXS neutronElasticHP  Z= 64  A= 154 Ekin(MeV)= 0.6853  xs(b)= 5.659  size=7
G4CrossSectionHP::IsoXS neutronElasticHP  Z= 64  A= 155 Ekin(MeV)= 0.6853  xs(b)= 5.118  size=7
G4CrossSectionHP::IsoXS neutronElasticHP  Z= 64  A= 156 Ekin(MeV)= 0.6853  xs(b)= 5.04  size=7
G4CrossSectionHP::IsoXS neutronElasticHP  Z= 64  A= 157 Ekin(MeV)= 0.6853  xs(b)= 4.666  size=7
G4CrossSectionHP::IsoXS neutronElasticHP  Z= 64  A= 158 Ekin(MeV)= 0.6853  xs(b)= 4.968  size=7
G4CrossSectionHP::IsoXS neutronElasticHP  Z= 64  A= 160 Ekin(MeV)= 0.6853  xs(b)= 4.966  size=7
G4CrossSectionHP::IsoXS neutronInelasticHP  Z= 64  A= 152 Ekin(MeV)= 0.6853  xs(b)= 1.073  size=7
G4CrossSectionHP::IsoXS neutronInelasticHP  Z= 64  A= 154 Ekin(MeV)= 0.6853  xs(b)= 1.321  size=7
G4CrossSectionHP::IsoXS neutronInelasticHP  Z= 64  A= 155 Ekin(MeV)= 0.6853  xs(b)= 1.885  size=7
G4CrossSectionHP::IsoXS neutronInelasticHP  Z= 64  A= 156 Ekin(MeV)= 0.6853  xs(b)= 1.427  size=7
G4CrossSectionHP::IsoXS neutronInelasticHP  Z= 64  A= 157 Ekin(MeV)= 0.6853  xs(b)= 1.725  size=7
G4CrossSectionHP::IsoXS neutronInelasticHP  Z= 64  A= 158 Ekin(MeV)= 0.6853  xs(b)= 1.255  size=7
G4CrossSectionHP::IsoXS neutronInelasticHP  Z= 64  A= 160 Ekin(MeV)= 0.6853  xs(b)= 1.289  size=7
G4CrossSectionHP::IsoXS neutronElasticHP  Z= 64  A= 152 Ekin(MeV)= 0.7176  xs(b)= 5.813  size=7
G4CrossSectionHP::IsoXS neutronElasticHP  Z= 64  A= 154 Ekin(MeV)= 0.7176  xs(b)= 5.566  size=7
G4CrossSectionHP::IsoXS neutronElasticHP  Z= 64  A= 155 Ekin(MeV)= 0.7176  xs(b)= 5.114  size=7
G4CrossSectionHP::IsoXS neutronElasticHP  Z= 64  A= 156 Ekin(MeV)= 0.7176  xs(b)= 5.066  size=7
G4CrossSectionHP::IsoXS neutronElasticHP  Z= 64  A= 157 Ekin(MeV)= 0.7176  xs(b)= 4.643  size=7
G4CrossSectionHP::IsoXS neutronElasticHP  Z= 64  A= 158 Ekin(MeV)= 0.7176  xs(b)= 4.974  size=7
G4CrossSectionHP::IsoXS neutronElasticHP  Z= 64  A= 160 Ekin(MeV)= 0.7176  xs(b)= 4.966  size=7
G4CrossSectionHP::IsoXS neutronInelasticHP  Z= 64  A= 152 Ekin(MeV)= 0.7176  xs(b)= 1.145  size=7
G4CrossSectionHP::IsoXS neutronInelasticHP  Z= 64  A= 154 Ekin(MeV)= 0.7176  xs(b)= 1.411  size=7
G4CrossSectionHP::IsoXS neutronInelasticHP  Z= 64  A= 155 Ekin(MeV)= 0.7176  xs(b)= 1.923  size=7
G4CrossSectionHP::IsoXS neutronInelasticHP  Z= 64  A= 156 Ekin(MeV)= 0.7176  xs(b)= 1.461  size=7
G4CrossSectionHP::IsoXS neutronInelasticHP  Z= 64  A= 157 Ekin(MeV)= 0.7176  xs(b)= 1.829  size=7
G4CrossSectionHP::IsoXS neutronInelasticHP  Z= 64  A= 158 Ekin(MeV)= 0.7176  xs(b)= 1.283  size=7
G4CrossSectionHP::IsoXS neutronInelasticHP  Z= 64  A= 160 Ekin(MeV)= 0.7176  xs(b)= 1.318  size=7
G4CrossSectionHP::IsoXS neutronElasticHP  Z= 64  A= 152 Ekin(MeV)= 0.7514  xs(b)= 5.744  size=7
G4CrossSectionHP::IsoXS neutronElasticHP  Z= 64  A= 154 Ekin(MeV)= 0.7514  xs(b)= 5.495  size=7
G4CrossSectionHP::IsoXS neutronElasticHP  Z= 64  A= 155 Ekin(MeV)= 0.7514  xs(b)= 5.109  size=7
G4CrossSectionHP::IsoXS neutronElasticHP  Z= 64  A= 156 Ekin(MeV)= 0.7514  xs(b)= 5.096  size=7
G4CrossSectionHP::IsoXS neutronElasticHP  Z= 64  A= 157 Ekin(MeV)= 0.7514  xs(b)= 4.636  size=7
G4CrossSectionHP::IsoXS neutronElasticHP  Z= 64  A= 158 Ekin(MeV)= 0.7514  xs(b)= 5.004  size=7
G4CrossSectionHP::IsoXS neutronElasticHP  Z= 64  A= 160 Ekin(MeV)= 0.7514  xs(b)= 4.988  size=7
G4CrossSectionHP::IsoXS neutronInelasticHP  Z= 64  A= 152 Ekin(MeV)= 0.7514  xs(b)= 1.198  size=7
G4CrossSectionHP::IsoXS neutronInelasticHP  Z= 64  A= 154 Ekin(MeV)= 0.7514  xs(b)= 1.477  size=7
G4CrossSectionHP::IsoXS neutronInelasticHP  Z= 64  A= 155 Ekin(MeV)= 0.7514  xs(b)= 1.961  size=7
G4CrossSectionHP::IsoXS neutronInelasticHP  Z= 64  A= 156 Ekin(MeV)= 0.7514  xs(b)= 1.492  size=7
G4CrossSectionHP::IsoXS neutronInelasticHP  Z= 64  A= 157 Ekin(MeV)= 0.7514  xs(b)= 1.912  size=7
G4CrossSectionHP::IsoXS neutronInelasticHP  Z= 64  A= 158 Ekin(MeV)= 0.7514  xs(b)= 1.297  size=7
G4CrossSectionHP::IsoXS neutronInelasticHP  Z= 64  A= 160 Ekin(MeV)= 0.7514  xs(b)= 1.332  size=7
G4CrossSectionHP::IsoXS neutronElasticHP  Z= 64  A= 152 Ekin(MeV)= 0.7868  xs(b)= 5.671  size=7
G4CrossSectionHP::IsoXS neutronElasticHP  Z= 64  A= 154 Ekin(MeV)= 0.7868  xs(b)= 5.421  size=7
G4CrossSectionHP::IsoXS neutronElasticHP  Z= 64  A= 155 Ekin(MeV)= 0.7868  xs(b)= 5.104  size=7
G4CrossSectionHP::IsoXS neutronElasticHP  Z= 64  A= 156 Ekin(MeV)= 0.7868  xs(b)= 5.127  size=7
G4CrossSectionHP::IsoXS neutronElasticHP  Z= 64  A= 157 Ekin(MeV)= 0.7868  xs(b)= 4.611  size=7
G4CrossSectionHP::IsoXS neutronElasticHP  Z= 64  A= 158 Ekin(MeV)= 0.7868  xs(b)= 5.035  size=7
G4CrossSectionHP::IsoXS neutronElasticHP  Z= 64  A= 160 Ekin(MeV)= 0.7868  xs(b)= 5.012  size=7
G4CrossSectionHP::IsoXS neutronInelasticHP  Z= 64  A= 152 Ekin(MeV)= 0.7868  xs(b)= 1.252  size=7
G4CrossSectionHP::IsoXS neutronInelasticHP  Z= 64  A= 154 Ekin(MeV)= 0.7868  xs(b)= 1.547  size=7
G4CrossSectionHP::IsoXS neutronInelasticHP  Z= 64  A= 155 Ekin(MeV)= 0.7868  xs(b)= 1.997  size=7
G4CrossSectionHP::IsoXS neutronInelasticHP  Z= 64  A= 156 Ekin(MeV)= 0.7868  xs(b)= 1.525  size=7
G4CrossSectionHP::IsoXS neutronInelasticHP  Z= 64  A= 157 Ekin(MeV)= 0.7868  xs(b)= 2.015  size=7
G4CrossSectionHP::IsoXS neutronInelasticHP  Z= 64  A= 158 Ekin(MeV)= 0.7868  xs(b)= 1.311  size=7
G4CrossSectionHP::IsoXS neutronInelasticHP  Z= 64  A= 160 Ekin(MeV)= 0.7868  xs(b)= 1.347  size=7
G4CrossSectionHP::IsoXS neutronElasticHP  Z= 64  A= 152 Ekin(MeV)= 0.8239  xs(b)= 5.613  size=7
G4CrossSectionHP::IsoXS neutronElasticHP  Z= 64  A= 154 Ekin(MeV)= 0.8239  xs(b)= 5.36  size=7
G4CrossSectionHP::IsoXS neutronElasticHP  Z= 64  A= 155 Ekin(MeV)= 0.8239  xs(b)= 5.099  size=7
G4CrossSectionHP::IsoXS neutronElasticHP  Z= 64  A= 156 Ekin(MeV)= 0.8239  xs(b)= 5.159  size=7
G4CrossSectionHP::IsoXS neutronElasticHP  Z= 64  A= 157 Ekin(MeV)= 0.8239  xs(b)= 4.604  size=7
G4CrossSectionHP::IsoXS neutronElasticHP  Z= 64  A= 158 Ekin(MeV)= 0.8239  xs(b)= 5.067  size=7
G4CrossSectionHP::IsoXS neutronElasticHP  Z= 64  A= 160 Ekin(MeV)= 0.8239  xs(b)= 5.036  size=7
G4CrossSectionHP::IsoXS neutronInelasticHP  Z= 64  A= 152 Ekin(MeV)= 0.8239  xs(b)= 1.303  size=7
G4CrossSectionHP::IsoXS neutronInelasticHP  Z= 64  A= 154 Ekin(MeV)= 0.8239  xs(b)= 1.604  size=7
G4CrossSectionHP::IsoXS neutronInelasticHP  Z= 64  A= 155 Ekin(MeV)= 0.8239  xs(b)= 2.033  size=7
G4CrossSectionHP::IsoXS neutronInelasticHP  Z= 64  A= 156 Ekin(MeV)= 0.8239  xs(b)= 1.55  size=7
G4CrossSectionHP::IsoXS neutronInelasticHP  Z= 64  A= 157 Ekin(MeV)= 0.8239  xs(b)= 2.099  size=7
G4CrossSectionHP::IsoXS neutronInelasticHP  Z= 64  A= 158 Ekin(MeV)= 0.8239  xs(b)= 1.326  size=7
G4CrossSectionHP::IsoXS neutronInelasticHP  Z= 64  A= 160 Ekin(MeV)= 0.8239  xs(b)= 1.363  size=7
G4CrossSectionHP::IsoXS neutronElasticHP  Z= 64  A= 152 Ekin(MeV)= 0.8627  xs(b)= 5.561  size=7
G4CrossSectionHP::IsoXS neutronElasticHP  Z= 64  A= 154 Ekin(MeV)= 0.8627  xs(b)= 5.268  size=7
G4CrossSectionHP::IsoXS neutronElasticHP  Z= 64  A= 155 Ekin(MeV)= 0.8627  xs(b)= 5.094  size=7
G4CrossSectionHP::IsoXS neutronElasticHP  Z= 64  A= 156 Ekin(MeV)= 0.8627  xs(b)= 5.193  size=7
G4CrossSectionHP::IsoXS neutronElasticHP  Z= 64  A= 157 Ekin(MeV)= 0.8627  xs(b)= 4.608  size=7
G4CrossSectionHP::IsoXS neutronElasticHP  Z= 64  A= 158 Ekin(MeV)= 0.8627  xs(b)= 5.101  size=7
G4CrossSectionHP::IsoXS neutronElasticHP  Z= 64  A= 160 Ekin(MeV)= 0.8627  xs(b)= 5.062  size=7
G4CrossSectionHP::IsoXS neutronInelasticHP  Z= 64  A= 152 Ekin(MeV)= 0.8627  xs(b)= 1.353  size=7
G4CrossSectionHP::IsoXS neutronInelasticHP  Z= 64  A= 154 Ekin(MeV)= 0.8627  xs(b)= 1.693  size=7
G4CrossSectionHP::IsoXS neutronInelasticHP  Z= 64  A= 155 Ekin(MeV)= 0.8627  xs(b)= 2.067  size=7
G4CrossSectionHP::IsoXS neutronInelasticHP  Z= 64  A= 156 Ekin(MeV)= 0.8627  xs(b)= 1.571  size=7
G4CrossSectionHP::IsoXS neutronInelasticHP  Z= 64  A= 157 Ekin(MeV)= 0.8627  xs(b)= 2.169  size=7
G4CrossSectionHP::IsoXS neutronInelasticHP  Z= 64  A= 158 Ekin(MeV)= 0.8627  xs(b)= 1.342  size=7
G4CrossSectionHP::IsoXS neutronInelasticHP  Z= 64  A= 160 Ekin(MeV)= 0.8627  xs(b)= 1.379  size=7
G4CrossSectionHP::IsoXS neutronElasticHP  Z= 64  A= 152 Ekin(MeV)= 0.9033  xs(b)= 5.508  size=7
G4CrossSectionHP::IsoXS neutronElasticHP  Z= 64  A= 154 Ekin(MeV)= 0.9033  xs(b)= 5.192  size=7
G4CrossSectionHP::IsoXS neutronElasticHP  Z= 64  A= 155 Ekin(MeV)= 0.9033  xs(b)= 5.088  size=7
G4CrossSectionHP::IsoXS neutronElasticHP  Z= 64  A= 156 Ekin(MeV)= 0.9033  xs(b)= 5.229  size=7
G4CrossSectionHP::IsoXS neutronElasticHP  Z= 64  A= 157 Ekin(MeV)= 0.9033  xs(b)= 4.634  size=7
G4CrossSectionHP::IsoXS neutronElasticHP  Z= 64  A= 158 Ekin(MeV)= 0.9033  xs(b)= 5.136  size=7
G4CrossSectionHP::IsoXS neutronElasticHP  Z= 64  A= 160 Ekin(MeV)= 0.9033  xs(b)= 5.086  size=7
G4CrossSectionHP::IsoXS neutronInelasticHP  Z= 64  A= 152 Ekin(MeV)= 0.9033  xs(b)= 1.4  size=7
G4CrossSectionHP::IsoXS neutronInelasticHP  Z= 64  A= 154 Ekin(MeV)= 0.9033  xs(b)= 1.766  size=7
G4CrossSectionHP::IsoXS neutronInelasticHP  Z= 64  A= 155 Ekin(MeV)= 0.9033  xs(b)= 2.101  size=7
G4CrossSectionHP::IsoXS neutronInelasticHP  Z= 64  A= 156 Ekin(MeV)= 0.9033  xs(b)= 1.593  size=7
G4CrossSectionHP::IsoXS neutronInelasticHP  Z= 64  A= 157 Ekin(MeV)= 0.9033  xs(b)= 2.21  size=7
G4CrossSectionHP::IsoXS neutronInelasticHP  Z= 64  A= 158 Ekin(MeV)= 0.9033  xs(b)= 1.359  size=7
G4CrossSectionHP::IsoXS neutronInelasticHP  Z= 64  A= 160 Ekin(MeV)= 0.9033  xs(b)= 1.397  size=7
G4CrossSectionHP::IsoXS neutronElasticHP  Z= 64  A= 152 Ekin(MeV)= 0.9459  xs(b)= 5.438  size=7
G4CrossSectionHP::IsoXS neutronElasticHP  Z= 64  A= 154 Ekin(MeV)= 0.9459  xs(b)= 5.146  size=7
G4CrossSectionHP::IsoXS neutronElasticHP  Z= 64  A= 155 Ekin(MeV)= 0.9459  xs(b)= 5.082  size=7
G4CrossSectionHP::IsoXS neutronElasticHP  Z= 64  A= 156 Ekin(MeV)= 0.9459  xs(b)= 5.27  size=7
G4CrossSectionHP::IsoXS neutronElasticHP  Z= 64  A= 157 Ekin(MeV)= 0.9459  xs(b)= 4.662  size=7
G4CrossSectionHP::IsoXS neutronElasticHP  Z= 64  A= 158 Ekin(MeV)= 0.9459  xs(b)= 5.166  size=7
G4CrossSectionHP::IsoXS neutronElasticHP  Z= 64  A= 160 Ekin(MeV)= 0.9459  xs(b)= 5.111  size=7
G4CrossSectionHP::IsoXS neutronInelasticHP  Z= 64  A= 152 Ekin(MeV)= 0.9459  xs(b)= 1.468  size=7
G4CrossSectionHP::IsoXS neutronInelasticHP  Z= 64  A= 154 Ekin(MeV)= 0.9459  xs(b)= 1.815  size=7
G4CrossSectionHP::IsoXS neutronInelasticHP  Z= 64  A= 155 Ekin(MeV)= 0.9459  xs(b)= 2.133  size=7
G4CrossSectionHP::IsoXS neutronInelasticHP  Z= 64  A= 156 Ekin(MeV)= 0.9459  xs(b)= 1.608  size=7
G4CrossSectionHP::IsoXS neutronInelasticHP  Z= 64  A= 157 Ekin(MeV)= 0.9459  xs(b)= 2.238  size=7
G4CrossSectionHP::IsoXS neutronInelasticHP  Z= 64  A= 158 Ekin(MeV)= 0.9459  xs(b)= 1.376  size=7
G4CrossSectionHP::IsoXS neutronInelasticHP  Z= 64  A= 160 Ekin(MeV)= 0.9459  xs(b)= 1.415  size=7
G4CrossSectionHP::IsoXS neutronElasticHP  Z= 64  A= 152 Ekin(MeV)= 0.9904  xs(b)= 5.323  size=7
G4CrossSectionHP::IsoXS neutronElasticHP  Z= 64  A= 154 Ekin(MeV)= 0.9904  xs(b)= 5.097  size=7
G4CrossSectionHP::IsoXS neutronElasticHP  Z= 64  A= 155 Ekin(MeV)= 0.9904  xs(b)= 5.076  size=7
G4CrossSectionHP::IsoXS neutronElasticHP  Z= 64  A= 156 Ekin(MeV)= 0.9904  xs(b)= 5.305  size=7
G4CrossSectionHP::IsoXS neutronElasticHP  Z= 64  A= 157 Ekin(MeV)= 0.9904  xs(b)= 4.69  size=7
G4CrossSectionHP::IsoXS neutronElasticHP  Z= 64  A= 158 Ekin(MeV)= 0.9904  xs(b)= 5.171  size=7
G4CrossSectionHP::IsoXS neutronElasticHP  Z= 64  A= 160 Ekin(MeV)= 0.9904  xs(b)= 5.137  size=7
G4CrossSectionHP::IsoXS neutronInelasticHP  Z= 64  A= 152 Ekin(MeV)= 0.9904  xs(b)= 1.582  size=7
G4CrossSectionHP::IsoXS neutronInelasticHP  Z= 64  A= 154 Ekin(MeV)= 0.9904  xs(b)= 1.867  size=7
G4CrossSectionHP::IsoXS neutronInelasticHP  Z= 64  A= 155 Ekin(MeV)= 0.9904  xs(b)= 2.163  size=7
G4CrossSectionHP::IsoXS neutronInelasticHP  Z= 64  A= 156 Ekin(MeV)= 0.9904  xs(b)= 1.619  size=7
G4CrossSectionHP::IsoXS neutronInelasticHP  Z= 64  A= 157 Ekin(MeV)= 0.9904  xs(b)= 2.265  size=7
G4CrossSectionHP::IsoXS neutronInelasticHP  Z= 64  A= 158 Ekin(MeV)= 0.9904  xs(b)= 1.421  size=7
G4CrossSectionHP::IsoXS neutronInelasticHP  Z= 64  A= 160 Ekin(MeV)= 0.9904  xs(b)= 1.433  size=7
G4CrossSectionHP::IsoXS neutronElasticHP  Z= 64  A= 152 Ekin(MeV)= 1.037  xs(b)= 5.239  size=7
G4CrossSectionHP::IsoXS neutronElasticHP  Z= 64  A= 154 Ekin(MeV)= 1.037  xs(b)= 5.032  size=7
G4CrossSectionHP::IsoXS neutronElasticHP  Z= 64  A= 155 Ekin(MeV)= 1.037  xs(b)= 5.063  size=7
G4CrossSectionHP::IsoXS neutronElasticHP  Z= 64  A= 156 Ekin(MeV)= 1.037  xs(b)= 5.349  size=7
G4CrossSectionHP::IsoXS neutronElasticHP  Z= 64  A= 157 Ekin(MeV)= 1.037  xs(b)= 4.72  size=7
G4CrossSectionHP::IsoXS neutronElasticHP  Z= 64  A= 158 Ekin(MeV)= 1.037  xs(b)= 5.169  size=7
G4CrossSectionHP::IsoXS neutronElasticHP  Z= 64  A= 160 Ekin(MeV)= 1.037  xs(b)= 5.159  size=7
G4CrossSectionHP::IsoXS neutronInelasticHP  Z= 64  A= 152 Ekin(MeV)= 1.037  xs(b)= 1.661  size=7
G4CrossSectionHP::IsoXS neutronInelasticHP  Z= 64  A= 154 Ekin(MeV)= 1.037  xs(b)= 1.934  size=7
G4CrossSectionHP::IsoXS neutronInelasticHP  Z= 64  A= 155 Ekin(MeV)= 1.037  xs(b)= 2.19  size=7
G4CrossSectionHP::IsoXS neutronInelasticHP  Z= 64  A= 156 Ekin(MeV)= 1.037  xs(b)= 1.623  size=7
G4CrossSectionHP::IsoXS neutronInelasticHP  Z= 64  A= 157 Ekin(MeV)= 1.037  xs(b)= 2.281  size=7
G4CrossSectionHP::IsoXS neutronInelasticHP  Z= 64  A= 158 Ekin(MeV)= 1.037  xs(b)= 1.452  size=7
G4CrossSectionHP::IsoXS neutronInelasticHP  Z= 64  A= 160 Ekin(MeV)= 1.037  xs(b)= 1.429  size=7
G4CrossSectionHP::IsoXS neutronElasticHP  Z= 64  A= 152 Ekin(MeV)= 1.086  xs(b)= 5.165  size=7
G4CrossSectionHP::IsoXS neutronElasticHP  Z= 64  A= 154 Ekin(MeV)= 1.086  xs(b)= 4.957  size=7
G4CrossSectionHP::IsoXS neutronElasticHP  Z= 64  A= 155 Ekin(MeV)= 1.086  xs(b)= 5.047  size=7
G4CrossSectionHP::IsoXS neutronElasticHP  Z= 64  A= 156 Ekin(MeV)= 1.086  xs(b)= 5.378  size=7
G4CrossSectionHP::IsoXS neutronElasticHP  Z= 64  A= 157 Ekin(MeV)= 1.086  xs(b)= 4.751  size=7
G4CrossSectionHP::IsoXS neutronElasticHP  Z= 64  A= 158 Ekin(MeV)= 1.086  xs(b)= 5.201  size=7
G4CrossSectionHP::IsoXS neutronElasticHP  Z= 64  A= 160 Ekin(MeV)= 1.086  xs(b)= 5.177  size=7
G4CrossSectionHP::IsoXS neutronInelasticHP  Z= 64  A= 152 Ekin(MeV)= 1.086  xs(b)= 1.73  size=7
G4CrossSectionHP::IsoXS neutronInelasticHP  Z= 64  A= 154 Ekin(MeV)= 1.086  xs(b)= 2.004  size=7
G4CrossSectionHP::IsoXS neutronInelasticHP  Z= 64  A= 155 Ekin(MeV)= 1.086  xs(b)= 2.214  size=7
G4CrossSectionHP::IsoXS neutronInelasticHP  Z= 64  A= 156 Ekin(MeV)= 1.086  xs(b)= 1.637  size=7
G4CrossSectionHP::IsoXS neutronInelasticHP  Z= 64  A= 157 Ekin(MeV)= 1.086  xs(b)= 2.293  size=7
G4CrossSectionHP::IsoXS neutronInelasticHP  Z= 64  A= 158 Ekin(MeV)= 1.086  xs(b)= 1.445  size=7
G4CrossSectionHP::IsoXS neutronInelasticHP  Z= 64  A= 160 Ekin(MeV)= 1.086  xs(b)= 1.433  size=7
G4CrossSectionHP::IsoXS neutronElasticHP  Z= 64  A= 152 Ekin(MeV)= 1.137  xs(b)= 5.071  size=7
G4CrossSectionHP::IsoXS neutronElasticHP  Z= 64  A= 154 Ekin(MeV)= 1.137  xs(b)= 4.917  size=7
G4CrossSectionHP::IsoXS neutronElasticHP  Z= 64  A= 155 Ekin(MeV)= 1.137  xs(b)= 5.031  size=7
G4CrossSectionHP::IsoXS neutronElasticHP  Z= 64  A= 156 Ekin(MeV)= 1.137  xs(b)= 5.394  size=7
G4CrossSectionHP::IsoXS neutronElasticHP  Z= 64  A= 157 Ekin(MeV)= 1.137  xs(b)= 4.782  size=7
G4CrossSectionHP::IsoXS neutronElasticHP  Z= 64  A= 158 Ekin(MeV)= 1.137  xs(b)= 5.232  size=7
G4CrossSectionHP::IsoXS neutronElasticHP  Z= 64  A= 160 Ekin(MeV)= 1.137  xs(b)= 5.195  size=7
G4CrossSectionHP::IsoXS neutronInelasticHP  Z= 64  A= 152 Ekin(MeV)= 1.137  xs(b)= 1.817  size=7
G4CrossSectionHP::IsoXS neutronInelasticHP  Z= 64  A= 154 Ekin(MeV)= 1.137  xs(b)= 2.044  size=7
G4CrossSectionHP::IsoXS neutronInelasticHP  Z= 64  A= 155 Ekin(MeV)= 1.137  xs(b)= 2.238  size=7
G4CrossSectionHP::IsoXS neutronInelasticHP  Z= 64  A= 156 Ekin(MeV)= 1.137  xs(b)= 1.66  size=7
G4CrossSectionHP::IsoXS neutronInelasticHP  Z= 64  A= 157 Ekin(MeV)= 1.137  xs(b)= 2.305  size=7
G4CrossSectionHP::IsoXS neutronInelasticHP  Z= 64  A= 158 Ekin(MeV)= 1.137  xs(b)= 1.44  size=7
G4CrossSectionHP::IsoXS neutronInelasticHP  Z= 64  A= 160 Ekin(MeV)= 1.137  xs(b)= 1.436  size=7
G4CrossSectionHP::IsoXS neutronElasticHP  Z= 64  A= 152 Ekin(MeV)= 1.191  xs(b)= 4.962  size=7
G4CrossSectionHP::IsoXS neutronElasticHP  Z= 64  A= 154 Ekin(MeV)= 1.191  xs(b)= 4.821  size=7
G4CrossSectionHP::IsoXS neutronElasticHP  Z= 64  A= 155 Ekin(MeV)= 1.191  xs(b)= 5.013  size=7
G4CrossSectionHP::IsoXS neutronElasticHP  Z= 64  A= 156 Ekin(MeV)= 1.191  xs(b)= 5.289  size=7
G4CrossSectionHP::IsoXS neutronElasticHP  Z= 64  A= 157 Ekin(MeV)= 1.191  xs(b)= 4.812  size=7
G4CrossSectionHP::IsoXS neutronElasticHP  Z= 64  A= 158 Ekin(MeV)= 1.191  xs(b)= 5.262  size=7
G4CrossSectionHP::IsoXS neutronElasticHP  Z= 64  A= 160 Ekin(MeV)= 1.191  xs(b)= 5.214  size=7
G4CrossSectionHP::IsoXS neutronInelasticHP  Z= 64  A= 152 Ekin(MeV)= 1.191  xs(b)= 1.924  size=7
G4CrossSectionHP::IsoXS neutronInelasticHP  Z= 64  A= 154 Ekin(MeV)= 1.191  xs(b)= 2.134  size=7
G4CrossSectionHP::IsoXS neutronInelasticHP  Z= 64  A= 155 Ekin(MeV)= 1.191  xs(b)= 2.263  size=7
G4CrossSectionHP::IsoXS neutronInelasticHP  Z= 64  A= 156 Ekin(MeV)= 1.191  xs(b)= 1.815  size=7
G4CrossSectionHP::IsoXS neutronInelasticHP  Z= 64  A= 157 Ekin(MeV)= 1.191  xs(b)= 2.318  size=7
G4CrossSectionHP::IsoXS neutronInelasticHP  Z= 64  A= 158 Ekin(MeV)= 1.191  xs(b)= 1.436  size=7
G4CrossSectionHP::IsoXS neutronInelasticHP  Z= 64  A= 160 Ekin(MeV)= 1.191  xs(b)= 1.44  size=7
G4CrossSectionHP::IsoXS neutronElasticHP  Z= 64  A= 152 Ekin(MeV)= 1.247  xs(b)= 4.87  size=7
G4CrossSectionHP::IsoXS neutronElasticHP  Z= 64  A= 154 Ekin(MeV)= 1.247  xs(b)= 4.734  size=7
G4CrossSectionHP::IsoXS neutronElasticHP  Z= 64  A= 155 Ekin(MeV)= 1.247  xs(b)= 4.995  size=7
G4CrossSectionHP::IsoXS neutronElasticHP  Z= 64  A= 156 Ekin(MeV)= 1.247  xs(b)= 5.278  size=7
G4CrossSectionHP::IsoXS neutronElasticHP  Z= 64  A= 157 Ekin(MeV)= 1.247  xs(b)= 4.842  size=7
G4CrossSectionHP::IsoXS neutronElasticHP  Z= 64  A= 158 Ekin(MeV)= 1.247  xs(b)= 5.254  size=7
G4CrossSectionHP::IsoXS neutronElasticHP  Z= 64  A= 160 Ekin(MeV)= 1.247  xs(b)= 5.221  size=7
G4CrossSectionHP::IsoXS neutronInelasticHP  Z= 64  A= 152 Ekin(MeV)= 1.247  xs(b)= 1.987  size=7
G4CrossSectionHP::IsoXS neutronInelasticHP  Z= 64  A= 154 Ekin(MeV)= 1.247  xs(b)= 2.221  size=7
G4CrossSectionHP::IsoXS neutronInelasticHP  Z= 64  A= 155 Ekin(MeV)= 1.247  xs(b)= 2.287  size=7
G4CrossSectionHP::IsoXS neutronInelasticHP  Z= 64  A= 156 Ekin(MeV)= 1.247  xs(b)= 1.862  size=7
G4CrossSectionHP::IsoXS neutronInelasticHP  Z= 64  A= 157 Ekin(MeV)= 1.247  xs(b)= 2.33  size=7
G4CrossSectionHP::IsoXS neutronInelasticHP  Z= 64  A= 158 Ekin(MeV)= 1.247  xs(b)= 1.469  size=7
G4CrossSectionHP::IsoXS neutronInelasticHP  Z= 64  A= 160 Ekin(MeV)= 1.247  xs(b)= 1.454  size=7
G4CrossSectionHP::IsoXS neutronElasticHP  Z= 64  A= 152 Ekin(MeV)= 1.305  xs(b)= 4.79  size=7
G4CrossSectionHP::IsoXS neutronElasticHP  Z= 64  A= 154 Ekin(MeV)= 1.305  xs(b)= 4.539  size=7
G4CrossSectionHP::IsoXS neutronElasticHP  Z= 64  A= 155 Ekin(MeV)= 1.305  xs(b)= 4.968  size=7
G4CrossSectionHP::IsoXS neutronElasticHP  Z= 64  A= 156 Ekin(MeV)= 1.305  xs(b)= 5.223  size=7
G4CrossSectionHP::IsoXS neutronElasticHP  Z= 64  A= 157 Ekin(MeV)= 1.305  xs(b)= 4.861  size=7
G4CrossSectionHP::IsoXS neutronElasticHP  Z= 64  A= 158 Ekin(MeV)= 1.305  xs(b)= 5.232  size=7
G4CrossSectionHP::IsoXS neutronElasticHP  Z= 64  A= 160 Ekin(MeV)= 1.305  xs(b)= 5.226  size=7
G4CrossSectionHP::IsoXS neutronInelasticHP  Z= 64  A= 152 Ekin(MeV)= 1.305  xs(b)= 2.033  size=7
G4CrossSectionHP::IsoXS neutronInelasticHP  Z= 64  A= 154 Ekin(MeV)= 1.305  xs(b)= 2.413  size=7
G4CrossSectionHP::IsoXS neutronInelasticHP  Z= 64  A= 155 Ekin(MeV)= 1.305  xs(b)= 2.303  size=7
G4CrossSectionHP::IsoXS neutronInelasticHP  Z= 64  A= 156 Ekin(MeV)= 1.305  xs(b)= 1.959  size=7
G4CrossSectionHP::IsoXS neutronInelasticHP  Z= 64  A= 157 Ekin(MeV)= 1.305  xs(b)= 2.328  size=7
G4CrossSectionHP::IsoXS neutronInelasticHP  Z= 64  A= 158 Ekin(MeV)= 1.305  xs(b)= 1.516  size=7
G4CrossSectionHP::IsoXS neutronInelasticHP  Z= 64  A= 160 Ekin(MeV)= 1.305  xs(b)= 1.471  size=7
G4CrossSectionHP::IsoXS neutronElasticHP  Z= 64  A= 152 Ekin(MeV)= 1.367  xs(b)= 4.664  size=7
G4CrossSectionHP::IsoXS neutronElasticHP  Z= 64  A= 154 Ekin(MeV)= 1.367  xs(b)= 4.378  size=7
G4CrossSectionHP::IsoXS neutronElasticHP  Z= 64  A= 155 Ekin(MeV)= 1.367  xs(b)= 4.939  size=7
G4CrossSectionHP::IsoXS neutronElasticHP  Z= 64  A= 156 Ekin(MeV)= 1.367  xs(b)= 5.185  size=7
G4CrossSectionHP::IsoXS neutronElasticHP  Z= 64  A= 157 Ekin(MeV)= 1.367  xs(b)= 4.879  size=7
G4CrossSectionHP::IsoXS neutronElasticHP  Z= 64  A= 158 Ekin(MeV)= 1.367  xs(b)= 5.192  size=7
G4CrossSectionHP::IsoXS neutronElasticHP  Z= 64  A= 160 Ekin(MeV)= 1.367  xs(b)= 5.23  size=7
G4CrossSectionHP::IsoXS neutronInelasticHP  Z= 64  A= 152 Ekin(MeV)= 1.367  xs(b)= 2.13  size=7
G4CrossSectionHP::IsoXS neutronInelasticHP  Z= 64  A= 154 Ekin(MeV)= 1.367  xs(b)= 2.551  size=7
G4CrossSectionHP::IsoXS neutronInelasticHP  Z= 64  A= 155 Ekin(MeV)= 1.367  xs(b)= 2.319  size=7
G4CrossSectionHP::IsoXS neutronInelasticHP  Z= 64  A= 156 Ekin(MeV)= 1.367  xs(b)= 2.023  size=7
G4CrossSectionHP::IsoXS neutronInelasticHP  Z= 64  A= 157 Ekin(MeV)= 1.367  xs(b)= 2.323  size=7
G4CrossSectionHP::IsoXS neutronInelasticHP  Z= 64  A= 158 Ekin(MeV)= 1.367  xs(b)= 1.581  size=7
G4CrossSectionHP::IsoXS neutronInelasticHP  Z= 64  A= 160 Ekin(MeV)= 1.367  xs(b)= 1.488  size=7
G4CrossSectionHP::IsoXS neutronElasticHP  Z= 64  A= 152 Ekin(MeV)= 1.431  xs(b)= 4.552  size=7
G4CrossSectionHP::IsoXS neutronElasticHP  Z= 64  A= 154 Ekin(MeV)= 1.431  xs(b)= 4.266  size=7
G4CrossSectionHP::IsoXS neutronElasticHP  Z= 64  A= 155 Ekin(MeV)= 1.431  xs(b)= 4.909  size=7
G4CrossSectionHP::IsoXS neutronElasticHP  Z= 64  A= 156 Ekin(MeV)= 1.431  xs(b)= 5.166  size=7
G4CrossSectionHP::IsoXS neutronElasticHP  Z= 64  A= 157 Ekin(MeV)= 1.431  xs(b)= 4.898  size=7
G4CrossSectionHP::IsoXS neutronElasticHP  Z= 64  A= 158 Ekin(MeV)= 1.431  xs(b)= 5.146  size=7
G4CrossSectionHP::IsoXS neutronElasticHP  Z= 64  A= 160 Ekin(MeV)= 1.431  xs(b)= 5.235  size=7
G4CrossSectionHP::IsoXS neutronInelasticHP  Z= 64  A= 152 Ekin(MeV)= 1.431  xs(b)= 2.201  size=7
G4CrossSectionHP::IsoXS neutronInelasticHP  Z= 64  A= 154 Ekin(MeV)= 1.431  xs(b)= 2.625  size=7
G4CrossSectionHP::IsoXS neutronInelasticHP  Z= 64  A= 155 Ekin(MeV)= 1.431  xs(b)= 2.334  size=7
G4CrossSectionHP::IsoXS neutronInelasticHP  Z= 64  A= 156 Ekin(MeV)= 1.431  xs(b)= 2.066  size=7
G4CrossSectionHP::IsoXS neutronInelasticHP  Z= 64  A= 157 Ekin(MeV)= 1.431  xs(b)= 2.319  size=7
G4CrossSectionHP::IsoXS neutronInelasticHP  Z= 64  A= 158 Ekin(MeV)= 1.431  xs(b)= 1.653  size=7
G4CrossSectionHP::IsoXS neutronInelasticHP  Z= 64  A= 160 Ekin(MeV)= 1.431  xs(b)= 1.505  size=7
G4CrossSectionHP::IsoXS neutronElasticHP  Z= 64  A= 152 Ekin(MeV)= 1.499  xs(b)= 4.464  size=7
G4CrossSectionHP::IsoXS neutronElasticHP  Z= 64  A= 154 Ekin(MeV)= 1.499  xs(b)= 4.096  size=7
G4CrossSectionHP::IsoXS neutronElasticHP  Z= 64  A= 155 Ekin(MeV)= 1.499  xs(b)= 4.877  size=7
G4CrossSectionHP::IsoXS neutronElasticHP  Z= 64  A= 156 Ekin(MeV)= 1.499  xs(b)= 5.132  size=7
G4CrossSectionHP::IsoXS neutronElasticHP  Z= 64  A= 157 Ekin(MeV)= 1.499  xs(b)= 4.917  size=7
G4CrossSectionHP::IsoXS neutronElasticHP  Z= 64  A= 158 Ekin(MeV)= 1.499  xs(b)= 5.09  size=7
G4CrossSectionHP::IsoXS neutronElasticHP  Z= 64  A= 160 Ekin(MeV)= 1.499  xs(b)= 5.24  size=7
G4CrossSectionHP::IsoXS neutronInelasticHP  Z= 64  A= 152 Ekin(MeV)= 1.499  xs(b)= 2.256  size=7
G4CrossSectionHP::IsoXS neutronInelasticHP  Z= 64  A= 154 Ekin(MeV)= 1.499  xs(b)= 2.736  size=7
G4CrossSectionHP::IsoXS neutronInelasticHP  Z= 64  A= 155 Ekin(MeV)= 1.499  xs(b)= 2.349  size=7
G4CrossSectionHP::IsoXS neutronInelasticHP  Z= 64  A= 156 Ekin(MeV)= 1.499  xs(b)= 2.115  size=7
G4CrossSectionHP::IsoXS neutronInelasticHP  Z= 64  A= 157 Ekin(MeV)= 1.499  xs(b)= 2.315  size=7
G4CrossSectionHP::IsoXS neutronInelasticHP  Z= 64  A= 158 Ekin(MeV)= 1.499  xs(b)= 1.734  size=7
G4CrossSectionHP::IsoXS neutronInelasticHP  Z= 64  A= 160 Ekin(MeV)= 1.499  xs(b)= 1.524  size=7
G4CrossSectionHP::IsoXS neutronElasticHP  Z= 64  A= 152 Ekin(MeV)= 1.569  xs(b)= 4.378  size=7
G4CrossSectionHP::IsoXS neutronElasticHP  Z= 64  A= 154 Ekin(MeV)= 1.569  xs(b)= 3.998  size=7
G4CrossSectionHP::IsoXS neutronElasticHP  Z= 64  A= 155 Ekin(MeV)= 1.569  xs(b)= 4.835  size=7
G4CrossSectionHP::IsoXS neutronElasticHP  Z= 64  A= 156 Ekin(MeV)= 1.569  xs(b)= 5.096  size=7
G4CrossSectionHP::IsoXS neutronElasticHP  Z= 64  A= 157 Ekin(MeV)= 1.569  xs(b)= 4.918  size=7
G4CrossSectionHP::IsoXS neutronElasticHP  Z= 64  A= 158 Ekin(MeV)= 1.569  xs(b)= 4.963  size=7
G4CrossSectionHP::IsoXS neutronElasticHP  Z= 64  A= 160 Ekin(MeV)= 1.569  xs(b)= 5.245  size=7
G4CrossSectionHP::IsoXS neutronInelasticHP  Z= 64  A= 152 Ekin(MeV)= 1.569  xs(b)= 2.305  size=7
G4CrossSectionHP::IsoXS neutronInelasticHP  Z= 64  A= 154 Ekin(MeV)= 1.569  xs(b)= 2.803  size=7
G4CrossSectionHP::IsoXS neutronInelasticHP  Z= 64  A= 155 Ekin(MeV)= 1.569  xs(b)= 2.36  size=7
G4CrossSectionHP::IsoXS neutronInelasticHP  Z= 64  A= 156 Ekin(MeV)= 1.569  xs(b)= 2.167  size=7
G4CrossSectionHP::IsoXS neutronInelasticHP  Z= 64  A= 157 Ekin(MeV)= 1.569  xs(b)= 2.303  size=7
G4CrossSectionHP::IsoXS neutronInelasticHP  Z= 64  A= 158 Ekin(MeV)= 1.569  xs(b)= 1.887  size=7
G4CrossSectionHP::IsoXS neutronInelasticHP  Z= 64  A= 160 Ekin(MeV)= 1.569  xs(b)= 1.544  size=7
G4CrossSectionHP::IsoXS neutronElasticHP  Z= 64  A= 152 Ekin(MeV)= 1.643  xs(b)= 4.304  size=7
G4CrossSectionHP::IsoXS neutronElasticHP  Z= 64  A= 154 Ekin(MeV)= 1.643  xs(b)= 3.907  size=7
G4CrossSectionHP::IsoXS neutronElasticHP  Z= 64  A= 155 Ekin(MeV)= 1.643  xs(b)= 4.792  size=7
G4CrossSectionHP::IsoXS neutronElasticHP  Z= 64  A= 156 Ekin(MeV)= 1.643  xs(b)= 5.059  size=7
G4CrossSectionHP::IsoXS neutronElasticHP  Z= 64  A= 157 Ekin(MeV)= 1.643  xs(b)= 4.918  size=7
G4CrossSectionHP::IsoXS neutronElasticHP  Z= 64  A= 158 Ekin(MeV)= 1.643  xs(b)= 4.885  size=7
G4CrossSectionHP::IsoXS neutronElasticHP  Z= 64  A= 160 Ekin(MeV)= 1.643  xs(b)= 5.219  size=7
G4CrossSectionHP::IsoXS neutronInelasticHP  Z= 64  A= 152 Ekin(MeV)= 1.643  xs(b)= 2.341  size=7
G4CrossSectionHP::IsoXS neutronInelasticHP  Z= 64  A= 154 Ekin(MeV)= 1.643  xs(b)= 2.861  size=7
G4CrossSectionHP::IsoXS neutronInelasticHP  Z= 64  A= 155 Ekin(MeV)= 1.643  xs(b)= 2.37  size=7
G4CrossSectionHP::IsoXS neutronInelasticHP  Z= 64  A= 156 Ekin(MeV)= 1.643  xs(b)= 2.206  size=7
G4CrossSectionHP::IsoXS neutronInelasticHP  Z= 64  A= 157 Ekin(MeV)= 1.643  xs(b)= 2.291  size=7
G4CrossSectionHP::IsoXS neutronInelasticHP  Z= 64  A= 158 Ekin(MeV)= 1.643  xs(b)= 1.97  size=7
G4CrossSectionHP::IsoXS neutronInelasticHP  Z= 64  A= 160 Ekin(MeV)= 1.643  xs(b)= 1.576  size=7
G4CrossSectionHP::IsoXS neutronElasticHP  Z= 64  A= 152 Ekin(MeV)= 1.72  xs(b)= 4.219  size=7
G4CrossSectionHP::IsoXS neutronElasticHP  Z= 64  A= 154 Ekin(MeV)= 1.72  xs(b)= 3.823  size=7
G4CrossSectionHP::IsoXS neutronElasticHP  Z= 64  A= 155 Ekin(MeV)= 1.72  xs(b)= 4.746  size=7
G4CrossSectionHP::IsoXS neutronElasticHP  Z= 64  A= 156 Ekin(MeV)= 1.72  xs(b)= 5.02  size=7
G4CrossSectionHP::IsoXS neutronElasticHP  Z= 64  A= 157 Ekin(MeV)= 1.72  xs(b)= 4.918  size=7
G4CrossSectionHP::IsoXS neutronElasticHP  Z= 64  A= 158 Ekin(MeV)= 1.72  xs(b)= 4.889  size=7
G4CrossSectionHP::IsoXS neutronElasticHP  Z= 64  A= 160 Ekin(MeV)= 1.72  xs(b)= 5.168  size=7
G4CrossSectionHP::IsoXS neutronInelasticHP  Z= 64  A= 152 Ekin(MeV)= 1.72  xs(b)= 2.386  size=7
G4CrossSectionHP::IsoXS neutronInelasticHP  Z= 64  A= 154 Ekin(MeV)= 1.72  xs(b)= 2.912  size=7
G4CrossSectionHP::IsoXS neutronInelasticHP  Z= 64  A= 155 Ekin(MeV)= 1.72  xs(b)= 2.38  size=7
G4CrossSectionHP::IsoXS neutronInelasticHP  Z= 64  A= 156 Ekin(MeV)= 1.72  xs(b)= 2.234  size=7
G4CrossSectionHP::IsoXS neutronInelasticHP  Z= 64  A= 157 Ekin(MeV)= 1.72  xs(b)= 2.279  size=7
G4CrossSectionHP::IsoXS neutronInelasticHP  Z= 64  A= 158 Ekin(MeV)= 1.72  xs(b)= 1.958  size=7
G4CrossSectionHP::IsoXS neutronInelasticHP  Z= 64  A= 160 Ekin(MeV)= 1.72  xs(b)= 1.618  size=7
G4CrossSectionHP::IsoXS neutronElasticHP  Z= 64  A= 152 Ekin(MeV)= 1.801  xs(b)= 4.125  size=7
G4CrossSectionHP::IsoXS neutronElasticHP  Z= 64  A= 154 Ekin(MeV)= 1.801  xs(b)= 3.747  size=7
G4CrossSectionHP::IsoXS neutronElasticHP  Z= 64  A= 155 Ekin(MeV)= 1.801  xs(b)= 4.694  size=7
G4CrossSectionHP::IsoXS neutronElasticHP  Z= 64  A= 156 Ekin(MeV)= 1.801  xs(b)= 4.979  size=7
G4CrossSectionHP::IsoXS neutronElasticHP  Z= 64  A= 157 Ekin(MeV)= 1.801  xs(b)= 4.904  size=7
G4CrossSectionHP::IsoXS neutronElasticHP  Z= 64  A= 158 Ekin(MeV)= 1.801  xs(b)= 4.893  size=7
G4CrossSectionHP::IsoXS neutronElasticHP  Z= 64  A= 160 Ekin(MeV)= 1.801  xs(b)= 5.114  size=7
G4CrossSectionHP::IsoXS neutronInelasticHP  Z= 64  A= 152 Ekin(MeV)= 1.801  xs(b)= 2.438  size=7
G4CrossSectionHP::IsoXS neutronInelasticHP  Z= 64  A= 154 Ekin(MeV)= 1.801  xs(b)= 2.955  size=7
G4CrossSectionHP::IsoXS neutronInelasticHP  Z= 64  A= 155 Ekin(MeV)= 1.801  xs(b)= 2.388  size=7
G4CrossSectionHP::IsoXS neutronInelasticHP  Z= 64  A= 156 Ekin(MeV)= 1.801  xs(b)= 2.263  size=7
G4CrossSectionHP::IsoXS neutronInelasticHP  Z= 64  A= 157 Ekin(MeV)= 1.801  xs(b)= 2.267  size=7
G4CrossSectionHP::IsoXS neutronInelasticHP  Z= 64  A= 158 Ekin(MeV)= 1.801  xs(b)= 1.945  size=7
G4CrossSectionHP::IsoXS neutronInelasticHP  Z= 64  A= 160 Ekin(MeV)= 1.801  xs(b)= 1.662  size=7
G4CrossSectionHP::IsoXS neutronElasticHP  Z= 64  A= 152 Ekin(MeV)= 1.886  xs(b)= 4.052  size=7
G4CrossSectionHP::IsoXS neutronElasticHP  Z= 64  A= 154 Ekin(MeV)= 1.886  xs(b)= 3.677  size=7
G4CrossSectionHP::IsoXS neutronElasticHP  Z= 64  A= 155 Ekin(MeV)= 1.886  xs(b)= 4.637  size=7
G4CrossSectionHP::IsoXS neutronElasticHP  Z= 64  A= 156 Ekin(MeV)= 1.886  xs(b)= 4.936  size=7
G4CrossSectionHP::IsoXS neutronElasticHP  Z= 64  A= 157 Ekin(MeV)= 1.886  xs(b)= 4.881  size=7
G4CrossSectionHP::IsoXS neutronElasticHP  Z= 64  A= 158 Ekin(MeV)= 1.886  xs(b)= 4.897  size=7
G4CrossSectionHP::IsoXS neutronElasticHP  Z= 64  A= 160 Ekin(MeV)= 1.886  xs(b)= 5.057  size=7
G4CrossSectionHP::IsoXS neutronInelasticHP  Z= 64  A= 152 Ekin(MeV)= 1.886  xs(b)= 2.47  size=7
G4CrossSectionHP::IsoXS neutronInelasticHP  Z= 64  A= 154 Ekin(MeV)= 1.886  xs(b)= 2.99  size=7
G4CrossSectionHP::IsoXS neutronInelasticHP  Z= 64  A= 155 Ekin(MeV)= 1.886  xs(b)= 2.396  size=7
G4CrossSectionHP::IsoXS neutronInelasticHP  Z= 64  A= 156 Ekin(MeV)= 1.886  xs(b)= 2.274  size=7
G4CrossSectionHP::IsoXS neutronInelasticHP  Z= 64  A= 157 Ekin(MeV)= 1.886  xs(b)= 2.253  size=7
G4CrossSectionHP::IsoXS neutronInelasticHP  Z= 64  A= 158 Ekin(MeV)= 1.886  xs(b)= 1.932  size=7
G4CrossSectionHP::IsoXS neutronInelasticHP  Z= 64  A= 160 Ekin(MeV)= 1.886  xs(b)= 1.708  size=7
G4CrossSectionHP::IsoXS neutronElasticHP  Z= 64  A= 152 Ekin(MeV)= 1.975  xs(b)= 3.978  size=7
G4CrossSectionHP::IsoXS neutronElasticHP  Z= 64  A= 154 Ekin(MeV)= 1.975  xs(b)= 3.613  size=7
G4CrossSectionHP::IsoXS neutronElasticHP  Z= 64  A= 155 Ekin(MeV)= 1.975  xs(b)= 4.577  size=7
G4CrossSectionHP::IsoXS neutronElasticHP  Z= 64  A= 156 Ekin(MeV)= 1.975  xs(b)= 4.892  size=7
G4CrossSectionHP::IsoXS neutronElasticHP  Z= 64  A= 157 Ekin(MeV)= 1.975  xs(b)= 4.856  size=7
G4CrossSectionHP::IsoXS neutronElasticHP  Z= 64  A= 158 Ekin(MeV)= 1.975  xs(b)= 4.901  size=7
G4CrossSectionHP::IsoXS neutronElasticHP  Z= 64  A= 160 Ekin(MeV)= 1.975  xs(b)= 5.005  size=7
G4CrossSectionHP::IsoXS neutronInelasticHP  Z= 64  A= 152 Ekin(MeV)= 1.975  xs(b)= 2.494  size=7
G4CrossSectionHP::IsoXS neutronInelasticHP  Z= 64  A= 154 Ekin(MeV)= 1.975  xs(b)= 3.017  size=7
G4CrossSectionHP::IsoXS neutronInelasticHP  Z= 64  A= 155 Ekin(MeV)= 1.975  xs(b)= 2.403  size=7
G4CrossSectionHP::IsoXS neutronInelasticHP  Z= 64  A= 156 Ekin(MeV)= 1.975  xs(b)= 2.286  size=7
G4CrossSectionHP::IsoXS neutronInelasticHP  Z= 64  A= 157 Ekin(MeV)= 1.975  xs(b)= 2.24  size=7
G4CrossSectionHP::IsoXS neutronInelasticHP  Z= 64  A= 158 Ekin(MeV)= 1.975  xs(b)= 1.917  size=7
G4CrossSectionHP::IsoXS neutronInelasticHP  Z= 64  A= 160 Ekin(MeV)= 1.975  xs(b)= 1.757  size=7
G4CrossSectionHP::IsoXS neutronElasticHP  Z= 64  A= 152 Ekin(MeV)= 2.068  xs(b)= 3.917  size=7
G4CrossSectionHP::IsoXS neutronElasticHP  Z= 64  A= 154 Ekin(MeV)= 2.068  xs(b)= 3.548  size=7
G4CrossSectionHP::IsoXS neutronElasticHP  Z= 64  A= 155 Ekin(MeV)= 2.068  xs(b)= 4.497  size=7
G4CrossSectionHP::IsoXS neutronElasticHP  Z= 64  A= 156 Ekin(MeV)= 2.068  xs(b)= 4.838  size=7
G4CrossSectionHP::IsoXS neutronElasticHP  Z= 64  A= 157 Ekin(MeV)= 2.068  xs(b)= 4.794  size=7
G4CrossSectionHP::IsoXS neutronElasticHP  Z= 64  A= 158 Ekin(MeV)= 2.068  xs(b)= 4.862  size=7
G4CrossSectionHP::IsoXS neutronElasticHP  Z= 64  A= 160 Ekin(MeV)= 2.068  xs(b)= 4.939  size=7
G4CrossSectionHP::IsoXS neutronInelasticHP  Z= 64  A= 152 Ekin(MeV)= 2.068  xs(b)= 2.51  size=7
G4CrossSectionHP::IsoXS neutronInelasticHP  Z= 64  A= 154 Ekin(MeV)= 2.068  xs(b)= 3.033  size=7
G4CrossSectionHP::IsoXS neutronInelasticHP  Z= 64  A= 155 Ekin(MeV)= 2.068  xs(b)= 2.408  size=7
G4CrossSectionHP::IsoXS neutronInelasticHP  Z= 64  A= 156 Ekin(MeV)= 2.068  xs(b)= 2.289  size=7
G4CrossSectionHP::IsoXS neutronInelasticHP  Z= 64  A= 157 Ekin(MeV)= 2.068  xs(b)= 2.236  size=7
G4CrossSectionHP::IsoXS neutronInelasticHP  Z= 64  A= 158 Ekin(MeV)= 2.068  xs(b)= 1.912  size=7
G4CrossSectionHP::IsoXS neutronInelasticHP  Z= 64  A= 160 Ekin(MeV)= 2.068  xs(b)= 1.779  size=7
G4CrossSectionHP::IsoXS neutronElasticHP  Z= 64  A= 152 Ekin(MeV)= 2.165  xs(b)= 3.853  size=7
G4CrossSectionHP::IsoXS neutronElasticHP  Z= 64  A= 154 Ekin(MeV)= 2.165  xs(b)= 3.479  size=7
G4CrossSectionHP::IsoXS neutronElasticHP  Z= 64  A= 155 Ekin(MeV)= 2.165  xs(b)= 4.407  size=7
G4CrossSectionHP::IsoXS neutronElasticHP  Z= 64  A= 156 Ekin(MeV)= 2.165  xs(b)= 4.78  size=7
G4CrossSectionHP::IsoXS neutronElasticHP  Z= 64  A= 157 Ekin(MeV)= 2.165  xs(b)= 4.715  size=7
G4CrossSectionHP::IsoXS neutronElasticHP  Z= 64  A= 158 Ekin(MeV)= 2.165  xs(b)= 4.806  size=7
G4CrossSectionHP::IsoXS neutronElasticHP  Z= 64  A= 160 Ekin(MeV)= 2.165  xs(b)= 4.865  size=7
G4CrossSectionHP::IsoXS neutronInelasticHP  Z= 64  A= 152 Ekin(MeV)= 2.165  xs(b)= 2.526  size=7
G4CrossSectionHP::IsoXS neutronInelasticHP  Z= 64  A= 154 Ekin(MeV)= 2.165  xs(b)= 3.044  size=7
G4CrossSectionHP::IsoXS neutronInelasticHP  Z= 64  A= 155 Ekin(MeV)= 2.165  xs(b)= 2.414  size=7
G4CrossSectionHP::IsoXS neutronInelasticHP  Z= 64  A= 156 Ekin(MeV)= 2.165  xs(b)= 2.29  size=7
G4CrossSectionHP::IsoXS neutronInelasticHP  Z= 64  A= 157 Ekin(MeV)= 2.165  xs(b)= 2.235  size=7
G4CrossSectionHP::IsoXS neutronInelasticHP  Z= 64  A= 158 Ekin(MeV)= 2.165  xs(b)= 1.909  size=7
G4CrossSectionHP::IsoXS neutronInelasticHP  Z= 64  A= 160 Ekin(MeV)= 2.165  xs(b)= 1.792  size=7
G4CrossSectionHP::IsoXS neutronElasticHP  Z= 64  A= 152 Ekin(MeV)= 2.267  xs(b)= 3.785  size=7
G4CrossSectionHP::IsoXS neutronElasticHP  Z= 64  A= 154 Ekin(MeV)= 2.267  xs(b)= 3.412  size=7
G4CrossSectionHP::IsoXS neutronElasticHP  Z= 64  A= 155 Ekin(MeV)= 2.267  xs(b)= 4.32  size=7
G4CrossSectionHP::IsoXS neutronElasticHP  Z= 64  A= 156 Ekin(MeV)= 2.267  xs(b)= 4.72  size=7
G4CrossSectionHP::IsoXS neutronElasticHP  Z= 64  A= 157 Ekin(MeV)= 2.267  xs(b)= 4.635  size=7
G4CrossSectionHP::IsoXS neutronElasticHP  Z= 64  A= 158 Ekin(MeV)= 2.267  xs(b)= 4.746  size=7
G4CrossSectionHP::IsoXS neutronElasticHP  Z= 64  A= 160 Ekin(MeV)= 2.267  xs(b)= 4.787  size=7
G4CrossSectionHP::IsoXS neutronInelasticHP  Z= 64  A= 152 Ekin(MeV)= 2.267  xs(b)= 2.542  size=7
G4CrossSectionHP::IsoXS neutronInelasticHP  Z= 64  A= 154 Ekin(MeV)= 2.267  xs(b)= 3.054  size=7
G4CrossSectionHP::IsoXS neutronInelasticHP  Z= 64  A= 155 Ekin(MeV)= 2.267  xs(b)= 2.421  size=7
G4CrossSectionHP::IsoXS neutronInelasticHP  Z= 64  A= 156 Ekin(MeV)= 2.267  xs(b)= 2.29  size=7
G4CrossSectionHP::IsoXS neutronInelasticHP  Z= 64  A= 157 Ekin(MeV)= 2.267  xs(b)= 2.234  size=7
G4CrossSectionHP::IsoXS neutronInelasticHP  Z= 64  A= 158 Ekin(MeV)= 2.267  xs(b)= 1.906  size=7
G4CrossSectionHP::IsoXS neutronInelasticHP  Z= 64  A= 160 Ekin(MeV)= 2.267  xs(b)= 1.805  size=7
G4CrossSectionHP::IsoXS neutronElasticHP  Z= 64  A= 152 Ekin(MeV)= 2.374  xs(b)= 3.715  size=7
G4CrossSectionHP::IsoXS neutronElasticHP  Z= 64  A= 154 Ekin(MeV)= 2.374  xs(b)= 3.344  size=7
G4CrossSectionHP::IsoXS neutronElasticHP  Z= 64  A= 155 Ekin(MeV)= 2.374  xs(b)= 4.235  size=7
G4CrossSectionHP::IsoXS neutronElasticHP  Z= 64  A= 156 Ekin(MeV)= 2.374  xs(b)= 4.656  size=7
G4CrossSectionHP::IsoXS neutronElasticHP  Z= 64  A= 157 Ekin(MeV)= 2.374  xs(b)= 4.561  size=7
G4CrossSectionHP::IsoXS neutronElasticHP  Z= 64  A= 158 Ekin(MeV)= 2.374  xs(b)= 4.69  size=7
G4CrossSectionHP::IsoXS neutronElasticHP  Z= 64  A= 160 Ekin(MeV)= 2.374  xs(b)= 4.714  size=7
G4CrossSectionHP::IsoXS neutronInelasticHP  Z= 64  A= 152 Ekin(MeV)= 2.374  xs(b)= 2.558  size=7
G4CrossSectionHP::IsoXS neutronInelasticHP  Z= 64  A= 154 Ekin(MeV)= 2.374  xs(b)= 3.064  size=7
G4CrossSectionHP::IsoXS neutronInelasticHP  Z= 64  A= 155 Ekin(MeV)= 2.374  xs(b)= 2.427  size=7
G4CrossSectionHP::IsoXS neutronInelasticHP  Z= 64  A= 156 Ekin(MeV)= 2.374  xs(b)= 2.291  size=7
G4CrossSectionHP::IsoXS neutronInelasticHP  Z= 64  A= 157 Ekin(MeV)= 2.374  xs(b)= 2.233  size=7
G4CrossSectionHP::IsoXS neutronInelasticHP  Z= 64  A= 158 Ekin(MeV)= 2.374  xs(b)= 1.903  size=7
G4CrossSectionHP::IsoXS neutronInelasticHP  Z= 64  A= 160 Ekin(MeV)= 2.374  xs(b)= 1.819  size=7
G4CrossSectionHP::IsoXS neutronElasticHP  Z= 64  A= 152 Ekin(MeV)= 2.486  xs(b)= 3.641  size=7
G4CrossSectionHP::IsoXS neutronElasticHP  Z= 64  A= 154 Ekin(MeV)= 2.486  xs(b)= 3.272  size=7
G4CrossSectionHP::IsoXS neutronElasticHP  Z= 64  A= 155 Ekin(MeV)= 2.486  xs(b)= 4.149  size=7
G4CrossSectionHP::IsoXS neutronElasticHP  Z= 64  A= 156 Ekin(MeV)= 2.486  xs(b)= 4.589  size=7
G4CrossSectionHP::IsoXS neutronElasticHP  Z= 64  A= 157 Ekin(MeV)= 2.486  xs(b)= 4.482  size=7
G4CrossSectionHP::IsoXS neutronElasticHP  Z= 64  A= 158 Ekin(MeV)= 2.486  xs(b)= 4.636  size=7
G4CrossSectionHP::IsoXS neutronElasticHP  Z= 64  A= 160 Ekin(MeV)= 2.486  xs(b)= 4.641  size=7
G4CrossSectionHP::IsoXS neutronInelasticHP  Z= 64  A= 152 Ekin(MeV)= 2.486  xs(b)= 2.576  size=7
G4CrossSectionHP::IsoXS neutronInelasticHP  Z= 64  A= 154 Ekin(MeV)= 2.486  xs(b)= 3.074  size=7
G4CrossSectionHP::IsoXS neutronInelasticHP  Z= 64  A= 155 Ekin(MeV)= 2.486  xs(b)= 2.431  size=7
G4CrossSectionHP::IsoXS neutronInelasticHP  Z= 64  A= 156 Ekin(MeV)= 2.486  xs(b)= 2.291  size=7
G4CrossSectionHP::IsoXS neutronInelasticHP  Z= 64  A= 157 Ekin(MeV)= 2.486  xs(b)= 2.232  size=7
G4CrossSectionHP::IsoXS neutronInelasticHP  Z= 64  A= 158 Ekin(MeV)= 2.486  xs(b)= 1.9  size=7
G4CrossSectionHP::IsoXS neutronInelasticHP  Z= 64  A= 160 Ekin(MeV)= 2.486  xs(b)= 1.833  size=7
G4CrossSectionHP::IsoXS neutronElasticHP  Z= 64  A= 152 Ekin(MeV)= 2.603  xs(b)= 3.564  size=7
G4CrossSectionHP::IsoXS neutronElasticHP  Z= 64  A= 154 Ekin(MeV)= 2.603  xs(b)= 3.211  size=7
G4CrossSectionHP::IsoXS neutronElasticHP  Z= 64  A= 155 Ekin(MeV)= 2.603  xs(b)= 4.069  size=7
G4CrossSectionHP::IsoXS neutronElasticHP  Z= 64  A= 156 Ekin(MeV)= 2.603  xs(b)= 4.5  size=7
G4CrossSectionHP::IsoXS neutronElasticHP  Z= 64  A= 157 Ekin(MeV)= 2.603  xs(b)= 4.408  size=7
G4CrossSectionHP::IsoXS neutronElasticHP  Z= 64  A= 158 Ekin(MeV)= 2.603  xs(b)= 4.579  size=7
G4CrossSectionHP::IsoXS neutronElasticHP  Z= 64  A= 160 Ekin(MeV)= 2.603  xs(b)= 4.572  size=7
G4CrossSectionHP::IsoXS neutronInelasticHP  Z= 64  A= 152 Ekin(MeV)= 2.603  xs(b)= 2.594  size=7
G4CrossSectionHP::IsoXS neutronInelasticHP  Z= 64  A= 154 Ekin(MeV)= 2.603  xs(b)= 3.077  size=7
G4CrossSectionHP::IsoXS neutronInelasticHP  Z= 64  A= 155 Ekin(MeV)= 2.603  xs(b)= 2.437  size=7
G4CrossSectionHP::IsoXS neutronInelasticHP  Z= 64  A= 156 Ekin(MeV)= 2.603  xs(b)= 2.292  size=7
G4CrossSectionHP::IsoXS neutronInelasticHP  Z= 64  A= 157 Ekin(MeV)= 2.603  xs(b)= 2.23  size=7
G4CrossSectionHP::IsoXS neutronInelasticHP  Z= 64  A= 158 Ekin(MeV)= 2.603  xs(b)= 1.896  size=7
G4CrossSectionHP::IsoXS neutronInelasticHP  Z= 64  A= 160 Ekin(MeV)= 2.603  xs(b)= 1.848  size=7
G4CrossSectionHP::IsoXS neutronElasticHP  Z= 64  A= 152 Ekin(MeV)= 2.725  xs(b)= 3.484  size=7
G4CrossSectionHP::IsoXS neutronElasticHP  Z= 64  A= 154 Ekin(MeV)= 2.725  xs(b)= 3.15  size=7
G4CrossSectionHP::IsoXS neutronElasticHP  Z= 64  A= 155 Ekin(MeV)= 2.725  xs(b)= 3.986  size=7
G4CrossSectionHP::IsoXS neutronElasticHP  Z= 64  A= 156 Ekin(MeV)= 2.725  xs(b)= 4.403  size=7
G4CrossSectionHP::IsoXS neutronElasticHP  Z= 64  A= 157 Ekin(MeV)= 2.725  xs(b)= 4.331  size=7
G4CrossSectionHP::IsoXS neutronElasticHP  Z= 64  A= 158 Ekin(MeV)= 2.725  xs(b)= 4.523  size=7
G4CrossSectionHP::IsoXS neutronElasticHP  Z= 64  A= 160 Ekin(MeV)= 2.725  xs(b)= 4.502  size=7
G4CrossSectionHP::IsoXS neutronInelasticHP  Z= 64  A= 152 Ekin(MeV)= 2.725  xs(b)= 2.613  size=7
G4CrossSectionHP::IsoXS neutronInelasticHP  Z= 64  A= 154 Ekin(MeV)= 2.725  xs(b)= 3.077  size=7
G4CrossSectionHP::IsoXS neutronInelasticHP  Z= 64  A= 155 Ekin(MeV)= 2.725  xs(b)= 2.444  size=7
G4CrossSectionHP::IsoXS neutronInelasticHP  Z= 64  A= 156 Ekin(MeV)= 2.725  xs(b)= 2.293  size=7
G4CrossSectionHP::IsoXS neutronInelasticHP  Z= 64  A= 157 Ekin(MeV)= 2.725  xs(b)= 2.229  size=7
G4CrossSectionHP::IsoXS neutronInelasticHP  Z= 64  A= 158 Ekin(MeV)= 2.725  xs(b)= 1.893  size=7
G4CrossSectionHP::IsoXS neutronInelasticHP  Z= 64  A= 160 Ekin(MeV)= 2.725  xs(b)= 1.864  size=7
G4CrossSectionHP::IsoXS neutronElasticHP  Z= 64  A= 152 Ekin(MeV)= 2.854  xs(b)= 3.399  size=7
G4CrossSectionHP::IsoXS neutronElasticHP  Z= 64  A= 154 Ekin(MeV)= 2.854  xs(b)= 3.091  size=7
G4CrossSectionHP::IsoXS neutronElasticHP  Z= 64  A= 155 Ekin(MeV)= 2.854  xs(b)= 3.908  size=7
G4CrossSectionHP::IsoXS neutronElasticHP  Z= 64  A= 156 Ekin(MeV)= 2.854  xs(b)= 4.302  size=7
G4CrossSectionHP::IsoXS neutronElasticHP  Z= 64  A= 157 Ekin(MeV)= 2.854  xs(b)= 4.259  size=7
G4CrossSectionHP::IsoXS neutronElasticHP  Z= 64  A= 158 Ekin(MeV)= 2.854  xs(b)= 4.469  size=7
G4CrossSectionHP::IsoXS neutronElasticHP  Z= 64  A= 160 Ekin(MeV)= 2.854  xs(b)= 4.431  size=7
G4CrossSectionHP::IsoXS neutronInelasticHP  Z= 64  A= 152 Ekin(MeV)= 2.854  xs(b)= 2.633  size=7
G4CrossSectionHP::IsoXS neutronInelasticHP  Z= 64  A= 154 Ekin(MeV)= 2.854  xs(b)= 3.073  size=7
G4CrossSectionHP::IsoXS neutronInelasticHP  Z= 64  A= 155 Ekin(MeV)= 2.854  xs(b)= 2.449  size=7
G4CrossSectionHP::IsoXS neutronInelasticHP  Z= 64  A= 156 Ekin(MeV)= 2.854  xs(b)= 2.293  size=7
G4CrossSectionHP::IsoXS neutronInelasticHP  Z= 64  A= 157 Ekin(MeV)= 2.854  xs(b)= 2.228  size=7
G4CrossSectionHP::IsoXS neutronInelasticHP  Z= 64  A= 158 Ekin(MeV)= 2.854  xs(b)= 1.889  size=7
G4CrossSectionHP::IsoXS neutronInelasticHP  Z= 64  A= 160 Ekin(MeV)= 2.854  xs(b)= 1.881  size=7
G4CrossSectionHP::IsoXS neutronElasticHP  Z= 64  A= 152 Ekin(MeV)= 2.988  xs(b)= 3.311  size=7
G4CrossSectionHP::IsoXS neutronElasticHP  Z= 64  A= 154 Ekin(MeV)= 2.988  xs(b)= 3.029  size=7
G4CrossSectionHP::IsoXS neutronElasticHP  Z= 64  A= 155 Ekin(MeV)= 2.988  xs(b)= 3.829  size=7
G4CrossSectionHP::IsoXS neutronElasticHP  Z= 64  A= 156 Ekin(MeV)= 2.988  xs(b)= 4.207  size=7
G4CrossSectionHP::IsoXS neutronElasticHP  Z= 64  A= 157 Ekin(MeV)= 2.988  xs(b)= 4.185  size=7
G4CrossSectionHP::IsoXS neutronElasticHP  Z= 64  A= 158 Ekin(MeV)= 2.988  xs(b)= 4.414  size=7
G4CrossSectionHP::IsoXS neutronElasticHP  Z= 64  A= 160 Ekin(MeV)= 2.988  xs(b)= 4.363  size=7
G4CrossSectionHP::IsoXS neutronInelasticHP  Z= 64  A= 152 Ekin(MeV)= 2.988  xs(b)= 2.654  size=7
G4CrossSectionHP::IsoXS neutronInelasticHP  Z= 64  A= 154 Ekin(MeV)= 2.988  xs(b)= 3.069  size=7
G4CrossSectionHP::IsoXS neutronInelasticHP  Z= 64  A= 155 Ekin(MeV)= 2.988  xs(b)= 2.456  size=7
G4CrossSectionHP::IsoXS neutronInelasticHP  Z= 64  A= 156 Ekin(MeV)= 2.988  xs(b)= 2.294  size=7
G4CrossSectionHP::IsoXS neutronInelasticHP  Z= 64  A= 157 Ekin(MeV)= 2.988  xs(b)= 2.228  size=7
G4CrossSectionHP::IsoXS neutronInelasticHP  Z= 64  A= 158 Ekin(MeV)= 2.988  xs(b)= 1.885  size=7
G4CrossSectionHP::IsoXS neutronInelasticHP  Z= 64  A= 160 Ekin(MeV)= 2.988  xs(b)= 1.898  size=7
G4CrossSectionHP::IsoXS neutronElasticHP  Z= 64  A= 152 Ekin(MeV)= 3.128  xs(b)= 3.24  size=7
G4CrossSectionHP::IsoXS neutronElasticHP  Z= 64  A= 154 Ekin(MeV)= 3.128  xs(b)= 2.965  size=7
G4CrossSectionHP::IsoXS neutronElasticHP  Z= 64  A= 155 Ekin(MeV)= 3.128  xs(b)= 3.727  size=7
G4CrossSectionHP::IsoXS neutronElasticHP  Z= 64  A= 156 Ekin(MeV)= 3.128  xs(b)= 4.087  size=7
G4CrossSectionHP::IsoXS neutronElasticHP  Z= 64  A= 157 Ekin(MeV)= 3.128  xs(b)= 4.06  size=7
G4CrossSectionHP::IsoXS neutronElasticHP  Z= 64  A= 158 Ekin(MeV)= 3.128  xs(b)= 4.292  size=7
G4CrossSectionHP::IsoXS neutronElasticHP  Z= 64  A= 160 Ekin(MeV)= 3.128  xs(b)= 4.246  size=7
G4CrossSectionHP::IsoXS neutronInelasticHP  Z= 64  A= 152 Ekin(MeV)= 3.128  xs(b)= 2.659  size=7
G4CrossSectionHP::IsoXS neutronInelasticHP  Z= 64  A= 154 Ekin(MeV)= 3.128  xs(b)= 3.064  size=7
G4CrossSectionHP::IsoXS neutronInelasticHP  Z= 64  A= 155 Ekin(MeV)= 3.128  xs(b)= 2.46  size=7
G4CrossSectionHP::IsoXS neutronInelasticHP  Z= 64  A= 156 Ekin(MeV)= 3.128  xs(b)= 2.298  size=7
G4CrossSectionHP::IsoXS neutronInelasticHP  Z= 64  A= 157 Ekin(MeV)= 3.128  xs(b)= 2.231  size=7
G4CrossSectionHP::IsoXS neutronInelasticHP  Z= 64  A= 158 Ekin(MeV)= 3.128  xs(b)= 1.883  size=7
G4CrossSectionHP::IsoXS neutronInelasticHP  Z= 64  A= 160 Ekin(MeV)= 3.128  xs(b)= 1.898  size=7
G4CrossSectionHP::IsoXS neutronElasticHP  Z= 64  A= 152 Ekin(MeV)= 3.276  xs(b)= 3.168  size=7
G4CrossSectionHP::IsoXS neutronElasticHP  Z= 64  A= 154 Ekin(MeV)= 3.276  xs(b)= 2.895  size=7
G4CrossSectionHP::IsoXS neutronElasticHP  Z= 64  A= 155 Ekin(MeV)= 3.276  xs(b)= 3.622  size=7
G4CrossSectionHP::IsoXS neutronElasticHP  Z= 64  A= 156 Ekin(MeV)= 3.276  xs(b)= 3.96  size=7
G4CrossSectionHP::IsoXS neutronElasticHP  Z= 64  A= 157 Ekin(MeV)= 3.276  xs(b)= 3.929  size=7
G4CrossSectionHP::IsoXS neutronElasticHP  Z= 64  A= 158 Ekin(MeV)= 3.276  xs(b)= 4.162  size=7
G4CrossSectionHP::IsoXS neutronElasticHP  Z= 64  A= 160 Ekin(MeV)= 3.276  xs(b)= 4.124  size=7
G4CrossSectionHP::IsoXS neutronInelasticHP  Z= 64  A= 152 Ekin(MeV)= 3.276  xs(b)= 2.662  size=7
G4CrossSectionHP::IsoXS neutronInelasticHP  Z= 64  A= 154 Ekin(MeV)= 3.276  xs(b)= 3.058  size=7
G4CrossSectionHP::IsoXS neutronInelasticHP  Z= 64  A= 155 Ekin(MeV)= 3.276  xs(b)= 2.464  size=7
G4CrossSectionHP::IsoXS neutronInelasticHP  Z= 64  A= 156 Ekin(MeV)= 3.276  xs(b)= 2.303  size=7
G4CrossSectionHP::IsoXS neutronInelasticHP  Z= 64  A= 157 Ekin(MeV)= 3.276  xs(b)= 2.236  size=7
G4CrossSectionHP::IsoXS neutronInelasticHP  Z= 64  A= 158 Ekin(MeV)= 3.276  xs(b)= 1.88  size=7
G4CrossSectionHP::IsoXS neutronInelasticHP  Z= 64  A= 160 Ekin(MeV)= 3.276  xs(b)= 1.897  size=7
G4CrossSectionHP::IsoXS neutronElasticHP  Z= 64  A= 152 Ekin(MeV)= 3.43  xs(b)= 3.092  size=7
G4CrossSectionHP::IsoXS neutronElasticHP  Z= 64  A= 154 Ekin(MeV)= 3.43  xs(b)= 2.821  size=7
G4CrossSectionHP::IsoXS neutronElasticHP  Z= 64  A= 155 Ekin(MeV)= 3.43  xs(b)= 3.521  size=7
G4CrossSectionHP::IsoXS neutronElasticHP  Z= 64  A= 156 Ekin(MeV)= 3.43  xs(b)= 3.829  size=7
G4CrossSectionHP::IsoXS neutronElasticHP  Z= 64  A= 157 Ekin(MeV)= 3.43  xs(b)= 3.805  size=7
G4CrossSectionHP::IsoXS neutronElasticHP  Z= 64  A= 158 Ekin(MeV)= 3.43  xs(b)= 4.039  size=7
G4CrossSectionHP::IsoXS neutronElasticHP  Z= 64  A= 160 Ekin(MeV)= 3.43  xs(b)= 4.007  size=7
G4CrossSectionHP::IsoXS neutronInelasticHP  Z= 64  A= 152 Ekin(MeV)= 3.43  xs(b)= 2.665  size=7
G4CrossSectionHP::IsoXS neutronInelasticHP  Z= 64  A= 154 Ekin(MeV)= 3.43  xs(b)= 3.052  size=7
G4CrossSectionHP::IsoXS neutronInelasticHP  Z= 64  A= 155 Ekin(MeV)= 3.43  xs(b)= 2.469  size=7
G4CrossSectionHP::IsoXS neutronInelasticHP  Z= 64  A= 156 Ekin(MeV)= 3.43  xs(b)= 2.308  size=7
G4CrossSectionHP::IsoXS neutronInelasticHP  Z= 64  A= 157 Ekin(MeV)= 3.43  xs(b)= 2.242  size=7
G4CrossSectionHP::IsoXS neutronInelasticHP  Z= 64  A= 158 Ekin(MeV)= 3.43  xs(b)= 1.878  size=7
G4CrossSectionHP::IsoXS neutronInelasticHP  Z= 64  A= 160 Ekin(MeV)= 3.43  xs(b)= 1.895  size=7
G4CrossSectionHP::IsoXS neutronElasticHP  Z= 64  A= 152 Ekin(MeV)= 3.591  xs(b)= 3.014  size=7
G4CrossSectionHP::IsoXS neutronElasticHP  Z= 64  A= 154 Ekin(MeV)= 3.591  xs(b)= 2.742  size=7
G4CrossSectionHP::IsoXS neutronElasticHP  Z= 64  A= 155 Ekin(MeV)= 3.591  xs(b)= 3.425  size=7
G4CrossSectionHP::IsoXS neutronElasticHP  Z= 64  A= 156 Ekin(MeV)= 3.591  xs(b)= 3.704  size=7
G4CrossSectionHP::IsoXS neutronElasticHP  Z= 64  A= 157 Ekin(MeV)= 3.591  xs(b)= 3.68  size=7
G4CrossSectionHP::IsoXS neutronElasticHP  Z= 64  A= 158 Ekin(MeV)= 3.591  xs(b)= 3.916  size=7
G4CrossSectionHP::IsoXS neutronElasticHP  Z= 64  A= 160 Ekin(MeV)= 3.591  xs(b)= 3.892  size=7
G4CrossSectionHP::IsoXS neutronInelasticHP  Z= 64  A= 152 Ekin(MeV)= 3.591  xs(b)= 2.669  size=7
G4CrossSectionHP::IsoXS neutronInelasticHP  Z= 64  A= 154 Ekin(MeV)= 3.591  xs(b)= 3.046  size=7
G4CrossSectionHP::IsoXS neutronInelasticHP  Z= 64  A= 155 Ekin(MeV)= 3.591  xs(b)= 2.472  size=7
G4CrossSectionHP::IsoXS neutronInelasticHP  Z= 64  A= 156 Ekin(MeV)= 3.591  xs(b)= 2.307  size=7
G4CrossSectionHP::IsoXS neutronInelasticHP  Z= 64  A= 157 Ekin(MeV)= 3.591  xs(b)= 2.246  size=7
G4CrossSectionHP::IsoXS neutronInelasticHP  Z= 64  A= 158 Ekin(MeV)= 3.591  xs(b)= 1.875  size=7
G4CrossSectionHP::IsoXS neutronInelasticHP  Z= 64  A= 160 Ekin(MeV)= 3.591  xs(b)= 1.893  size=7
G4CrossSectionHP::IsoXS neutronElasticHP  Z= 64  A= 152 Ekin(MeV)= 3.76  xs(b)= 2.931  size=7
G4CrossSectionHP::IsoXS neutronElasticHP  Z= 64  A= 154 Ekin(MeV)= 3.76  xs(b)= 2.657  size=7
G4CrossSectionHP::IsoXS neutronElasticHP  Z= 64  A= 155 Ekin(MeV)= 3.76  xs(b)= 3.329  size=7
G4CrossSectionHP::IsoXS neutronElasticHP  Z= 64  A= 156 Ekin(MeV)= 3.76  xs(b)= 3.581  size=7
G4CrossSectionHP::IsoXS neutronElasticHP  Z= 64  A= 157 Ekin(MeV)= 3.76  xs(b)= 3.554  size=7
G4CrossSectionHP::IsoXS neutronElasticHP  Z= 64  A= 158 Ekin(MeV)= 3.76  xs(b)= 3.794  size=7
G4CrossSectionHP::IsoXS neutronElasticHP  Z= 64  A= 160 Ekin(MeV)= 3.76  xs(b)= 3.777  size=7
G4CrossSectionHP::IsoXS neutronInelasticHP  Z= 64  A= 152 Ekin(MeV)= 3.76  xs(b)= 2.672  size=7
G4CrossSectionHP::IsoXS neutronInelasticHP  Z= 64  A= 154 Ekin(MeV)= 3.76  xs(b)= 3.039  size=7
G4CrossSectionHP::IsoXS neutronInelasticHP  Z= 64  A= 155 Ekin(MeV)= 3.76  xs(b)= 2.476  size=7
G4CrossSectionHP::IsoXS neutronInelasticHP  Z= 64  A= 156 Ekin(MeV)= 3.76  xs(b)= 2.301  size=7
G4CrossSectionHP::IsoXS neutronInelasticHP  Z= 64  A= 157 Ekin(MeV)= 3.76  xs(b)= 2.252  size=7
G4CrossSectionHP::IsoXS neutronInelasticHP  Z= 64  A= 158 Ekin(MeV)= 3.76  xs(b)= 1.872  size=7
G4CrossSectionHP::IsoXS neutronInelasticHP  Z= 64  A= 160 Ekin(MeV)= 3.76  xs(b)= 1.892  size=7
G4CrossSectionHP::IsoXS neutronElasticHP  Z= 64  A= 152 Ekin(MeV)= 3.937  xs(b)= 2.845  size=7
G4CrossSectionHP::IsoXS neutronElasticHP  Z= 64  A= 154 Ekin(MeV)= 3.937  xs(b)= 2.561  size=7
G4CrossSectionHP::IsoXS neutronElasticHP  Z= 64  A= 155 Ekin(MeV)= 3.937  xs(b)= 3.237  size=7
G4CrossSectionHP::IsoXS neutronElasticHP  Z= 64  A= 156 Ekin(MeV)= 3.937  xs(b)= 3.451  size=7
G4CrossSectionHP::IsoXS neutronElasticHP  Z= 64  A= 157 Ekin(MeV)= 3.937  xs(b)= 3.435  size=7
G4CrossSectionHP::IsoXS neutronElasticHP  Z= 64  A= 158 Ekin(MeV)= 3.937  xs(b)= 3.679  size=7
G4CrossSectionHP::IsoXS neutronElasticHP  Z= 64  A= 160 Ekin(MeV)= 3.937  xs(b)= 3.666  size=7
G4CrossSectionHP::IsoXS neutronInelasticHP  Z= 64  A= 152 Ekin(MeV)= 3.937  xs(b)= 2.676  size=7
G4CrossSectionHP::IsoXS neutronInelasticHP  Z= 64  A= 154 Ekin(MeV)= 3.937  xs(b)= 3.031  size=7
G4CrossSectionHP::IsoXS neutronInelasticHP  Z= 64  A= 155 Ekin(MeV)= 3.937  xs(b)= 2.481  size=7
G4CrossSectionHP::IsoXS neutronInelasticHP  Z= 64  A= 156 Ekin(MeV)= 3.937  xs(b)= 2.295  size=7
G4CrossSectionHP::IsoXS neutronInelasticHP  Z= 64  A= 157 Ekin(MeV)= 3.937  xs(b)= 2.257  size=7
G4CrossSectionHP::IsoXS neutronInelasticHP  Z= 64  A= 158 Ekin(MeV)= 3.937  xs(b)= 1.869  size=7
G4CrossSectionHP::IsoXS neutronInelasticHP  Z= 64  A= 160 Ekin(MeV)= 3.937  xs(b)= 1.89  size=7
G4CrossSectionHP::IsoXS neutronElasticHP  Z= 64  A= 152 Ekin(MeV)= 4.122  xs(b)= 2.764  size=7
G4CrossSectionHP::IsoXS neutronElasticHP  Z= 64  A= 154 Ekin(MeV)= 4.122  xs(b)= 2.478  size=7
G4CrossSectionHP::IsoXS neutronElasticHP  Z= 64  A= 155 Ekin(MeV)= 4.122  xs(b)= 3.148  size=7
G4CrossSectionHP::IsoXS neutronElasticHP  Z= 64  A= 156 Ekin(MeV)= 4.122  xs(b)= 3.323  size=7
G4CrossSectionHP::IsoXS neutronElasticHP  Z= 64  A= 157 Ekin(MeV)= 4.122  xs(b)= 3.311  size=7
G4CrossSectionHP::IsoXS neutronElasticHP  Z= 64  A= 158 Ekin(MeV)= 4.122  xs(b)= 3.564  size=7
G4CrossSectionHP::IsoXS neutronElasticHP  Z= 64  A= 160 Ekin(MeV)= 4.122  xs(b)= 3.555  size=7
G4CrossSectionHP::IsoXS neutronInelasticHP  Z= 64  A= 152 Ekin(MeV)= 4.122  xs(b)= 2.678  size=7
G4CrossSectionHP::IsoXS neutronInelasticHP  Z= 64  A= 154 Ekin(MeV)= 4.122  xs(b)= 3.024  size=7
G4CrossSectionHP::IsoXS neutronInelasticHP  Z= 64  A= 155 Ekin(MeV)= 4.122  xs(b)= 2.487  size=7
G4CrossSectionHP::IsoXS neutronInelasticHP  Z= 64  A= 156 Ekin(MeV)= 4.122  xs(b)= 2.289  size=7
G4CrossSectionHP::IsoXS neutronInelasticHP  Z= 64  A= 157 Ekin(MeV)= 4.122  xs(b)= 2.261  size=7
G4CrossSectionHP::IsoXS neutronInelasticHP  Z= 64  A= 158 Ekin(MeV)= 4.122  xs(b)= 1.866  size=7
G4CrossSectionHP::IsoXS neutronInelasticHP  Z= 64  A= 160 Ekin(MeV)= 4.122  xs(b)= 1.888  size=7
G4CrossSectionHP::IsoXS neutronElasticHP  Z= 64  A= 152 Ekin(MeV)= 4.316  xs(b)= 2.684  size=7
G4CrossSectionHP::IsoXS neutronElasticHP  Z= 64  A= 154 Ekin(MeV)= 4.316  xs(b)= 2.401  size=7
G4CrossSectionHP::IsoXS neutronElasticHP  Z= 64  A= 155 Ekin(MeV)= 4.316  xs(b)= 3.063  size=7
G4CrossSectionHP::IsoXS neutronElasticHP  Z= 64  A= 156 Ekin(MeV)= 4.316  xs(b)= 3.194  size=7
G4CrossSectionHP::IsoXS neutronElasticHP  Z= 64  A= 157 Ekin(MeV)= 4.316  xs(b)= 3.186  size=7
G4CrossSectionHP::IsoXS neutronElasticHP  Z= 64  A= 158 Ekin(MeV)= 4.316  xs(b)= 3.452  size=7
G4CrossSectionHP::IsoXS neutronElasticHP  Z= 64  A= 160 Ekin(MeV)= 4.316  xs(b)= 3.452  size=7
G4CrossSectionHP::IsoXS neutronInelasticHP  Z= 64  A= 152 Ekin(MeV)= 4.316  xs(b)= 2.68  size=7
G4CrossSectionHP::IsoXS neutronInelasticHP  Z= 64  A= 154 Ekin(MeV)= 4.316  xs(b)= 3.016  size=7
G4CrossSectionHP::IsoXS neutronInelasticHP  Z= 64  A= 155 Ekin(MeV)= 4.316  xs(b)= 2.494  size=7
G4CrossSectionHP::IsoXS neutronInelasticHP  Z= 64  A= 156 Ekin(MeV)= 4.316  xs(b)= 2.284  size=7
G4CrossSectionHP::IsoXS neutronInelasticHP  Z= 64  A= 157 Ekin(MeV)= 4.316  xs(b)= 2.264  size=7
G4CrossSectionHP::IsoXS neutronInelasticHP  Z= 64  A= 158 Ekin(MeV)= 4.316  xs(b)= 1.863  size=7
G4CrossSectionHP::IsoXS neutronInelasticHP  Z= 64  A= 160 Ekin(MeV)= 4.316  xs(b)= 1.886  size=7
G4CrossSectionHP::IsoXS neutronElasticHP  Z= 64  A= 152 Ekin(MeV)= 4.519  xs(b)= 2.603  size=7
G4CrossSectionHP::IsoXS neutronElasticHP  Z= 64  A= 154 Ekin(MeV)= 4.519  xs(b)= 2.323  size=7
G4CrossSectionHP::IsoXS neutronElasticHP  Z= 64  A= 155 Ekin(MeV)= 4.519  xs(b)= 2.98  size=7
G4CrossSectionHP::IsoXS neutronElasticHP  Z= 64  A= 156 Ekin(MeV)= 4.519  xs(b)= 3.07  size=7
G4CrossSectionHP::IsoXS neutronElasticHP  Z= 64  A= 157 Ekin(MeV)= 4.519  xs(b)= 3.064  size=7
G4CrossSectionHP::IsoXS neutronElasticHP  Z= 64  A= 158 Ekin(MeV)= 4.519  xs(b)= 3.343  size=7
G4CrossSectionHP::IsoXS neutronElasticHP  Z= 64  A= 160 Ekin(MeV)= 4.519  xs(b)= 3.345  size=7
G4CrossSectionHP::IsoXS neutronInelasticHP  Z= 64  A= 152 Ekin(MeV)= 4.519  xs(b)= 2.681  size=7
G4CrossSectionHP::IsoXS neutronInelasticHP  Z= 64  A= 154 Ekin(MeV)= 4.519  xs(b)= 3.007  size=7
G4CrossSectionHP::IsoXS neutronInelasticHP  Z= 64  A= 155 Ekin(MeV)= 4.519  xs(b)= 2.502  size=7
G4CrossSectionHP::IsoXS neutronInelasticHP  Z= 64  A= 156 Ekin(MeV)= 4.519  xs(b)= 2.28  size=7
G4CrossSectionHP::IsoXS neutronInelasticHP  Z= 64  A= 157 Ekin(MeV)= 4.519  xs(b)= 2.268  size=7
G4CrossSectionHP::IsoXS neutronInelasticHP  Z= 64  A= 158 Ekin(MeV)= 4.519  xs(b)= 1.859  size=7
G4CrossSectionHP::IsoXS neutronInelasticHP  Z= 64  A= 160 Ekin(MeV)= 4.519  xs(b)= 1.884  size=7
G4CrossSectionHP::IsoXS neutronElasticHP  Z= 64  A= 152 Ekin(MeV)= 4.731  xs(b)= 2.532  size=7
G4CrossSectionHP::IsoXS neutronElasticHP  Z= 64  A= 154 Ekin(MeV)= 4.731  xs(b)= 2.263  size=7
G4CrossSectionHP::IsoXS neutronElasticHP  Z= 64  A= 155 Ekin(MeV)= 4.731  xs(b)= 2.899  size=7
G4CrossSectionHP::IsoXS neutronElasticHP  Z= 64  A= 156 Ekin(MeV)= 4.731  xs(b)= 2.952  size=7
G4CrossSectionHP::IsoXS neutronElasticHP  Z= 64  A= 157 Ekin(MeV)= 4.731  xs(b)= 2.942  size=7
G4CrossSectionHP::IsoXS neutronElasticHP  Z= 64  A= 158 Ekin(MeV)= 4.731  xs(b)= 3.236  size=7
G4CrossSectionHP::IsoXS neutronElasticHP  Z= 64  A= 160 Ekin(MeV)= 4.731  xs(b)= 3.244  size=7
G4CrossSectionHP::IsoXS neutronInelasticHP  Z= 64  A= 152 Ekin(MeV)= 4.731  xs(b)= 2.686  size=7
G4CrossSectionHP::IsoXS neutronInelasticHP  Z= 64  A= 154 Ekin(MeV)= 4.731  xs(b)= 3  size=7
G4CrossSectionHP::IsoXS neutronInelasticHP  Z= 64  A= 155 Ekin(MeV)= 4.731  xs(b)= 2.511  size=7
G4CrossSectionHP::IsoXS neutronInelasticHP  Z= 64  A= 156 Ekin(MeV)= 4.731  xs(b)= 2.28  size=7
G4CrossSectionHP::IsoXS neutronInelasticHP  Z= 64  A= 157 Ekin(MeV)= 4.731  xs(b)= 2.273  size=7
G4CrossSectionHP::IsoXS neutronInelasticHP  Z= 64  A= 158 Ekin(MeV)= 4.731  xs(b)= 1.856  size=7
G4CrossSectionHP::IsoXS neutronInelasticHP  Z= 64  A= 160 Ekin(MeV)= 4.731  xs(b)= 1.882  size=7
G4CrossSectionHP::IsoXS neutronElasticHP  Z= 64  A= 152 Ekin(MeV)= 4.953  xs(b)= 2.458  size=7
G4CrossSectionHP::IsoXS neutronElasticHP  Z= 64  A= 154 Ekin(MeV)= 4.953  xs(b)= 2.2  size=7
G4CrossSectionHP::IsoXS neutronElasticHP  Z= 64  A= 155 Ekin(MeV)= 4.953  xs(b)= 2.82  size=7
G4CrossSectionHP::IsoXS neutronElasticHP  Z= 64  A= 156 Ekin(MeV)= 4.953  xs(b)= 2.835  size=7
G4CrossSectionHP::IsoXS neutronElasticHP  Z= 64  A= 157 Ekin(MeV)= 4.953  xs(b)= 2.823  size=7
G4CrossSectionHP::IsoXS neutronElasticHP  Z= 64  A= 158 Ekin(MeV)= 4.953  xs(b)= 3.13  size=7
G4CrossSectionHP::IsoXS neutronElasticHP  Z= 64  A= 160 Ekin(MeV)= 4.953  xs(b)= 3.141  size=7
G4CrossSectionHP::IsoXS neutronInelasticHP  Z= 64  A= 152 Ekin(MeV)= 4.953  xs(b)= 2.691  size=7
G4CrossSectionHP::IsoXS neutronInelasticHP  Z= 64  A= 154 Ekin(MeV)= 4.953  xs(b)= 2.992  size=7
G4CrossSectionHP::IsoXS neutronInelasticHP  Z= 64  A= 155 Ekin(MeV)= 4.953  xs(b)= 2.52  size=7
G4CrossSectionHP::IsoXS neutronInelasticHP  Z= 64  A= 156 Ekin(MeV)= 4.953  xs(b)= 2.281  size=7
G4CrossSectionHP::IsoXS neutronInelasticHP  Z= 64  A= 157 Ekin(MeV)= 4.953  xs(b)= 2.278  size=7
G4CrossSectionHP::IsoXS neutronInelasticHP  Z= 64  A= 158 Ekin(MeV)= 4.953  xs(b)= 1.852  size=7
G4CrossSectionHP::IsoXS neutronInelasticHP  Z= 64  A= 160 Ekin(MeV)= 4.953  xs(b)= 1.879  size=7
G4CrossSectionHP::IsoXS neutronElasticHP  Z= 64  A= 152 Ekin(MeV)= 5.186  xs(b)= 2.395  size=7
G4CrossSectionHP::IsoXS neutronElasticHP  Z= 64  A= 154 Ekin(MeV)= 5.186  xs(b)= 2.145  size=7
G4CrossSectionHP::IsoXS neutronElasticHP  Z= 64  A= 155 Ekin(MeV)= 5.186  xs(b)= 2.765  size=7
G4CrossSectionHP::IsoXS neutronElasticHP  Z= 64  A= 156 Ekin(MeV)= 5.186  xs(b)= 2.743  size=7
G4CrossSectionHP::IsoXS neutronElasticHP  Z= 64  A= 157 Ekin(MeV)= 5.186  xs(b)= 2.732  size=7
G4CrossSectionHP::IsoXS neutronElasticHP  Z= 64  A= 158 Ekin(MeV)= 5.186  xs(b)= 3.063  size=7
G4CrossSectionHP::IsoXS neutronElasticHP  Z= 64  A= 160 Ekin(MeV)= 5.186  xs(b)= 3.084  size=7
G4CrossSectionHP::IsoXS neutronInelasticHP  Z= 64  A= 152 Ekin(MeV)= 5.186  xs(b)= 2.696  size=7
G4CrossSectionHP::IsoXS neutronInelasticHP  Z= 64  A= 154 Ekin(MeV)= 5.186  xs(b)= 2.985  size=7
G4CrossSectionHP::IsoXS neutronInelasticHP  Z= 64  A= 155 Ekin(MeV)= 5.186  xs(b)= 2.528  size=7
G4CrossSectionHP::IsoXS neutronInelasticHP  Z= 64  A= 156 Ekin(MeV)= 5.186  xs(b)= 2.286  size=7
G4CrossSectionHP::IsoXS neutronInelasticHP  Z= 64  A= 157 Ekin(MeV)= 5.186  xs(b)= 2.285  size=7
G4CrossSectionHP::IsoXS neutronInelasticHP  Z= 64  A= 158 Ekin(MeV)= 5.186  xs(b)= 1.844  size=7
G4CrossSectionHP::IsoXS neutronInelasticHP  Z= 64  A= 160 Ekin(MeV)= 5.186  xs(b)= 1.871  size=7
G4CrossSectionHP::IsoXS neutronElasticHP  Z= 64  A= 152 Ekin(MeV)= 5.43  xs(b)= 2.333  size=7
G4CrossSectionHP::IsoXS neutronElasticHP  Z= 64  A= 154 Ekin(MeV)= 5.43  xs(b)= 2.091  size=7
G4CrossSectionHP::IsoXS neutronElasticHP  Z= 64  A= 155 Ekin(MeV)= 5.43  xs(b)= 2.715  size=7
G4CrossSectionHP::IsoXS neutronElasticHP  Z= 64  A= 156 Ekin(MeV)= 5.43  xs(b)= 2.656  size=7
G4CrossSectionHP::IsoXS neutronElasticHP  Z= 64  A= 157 Ekin(MeV)= 5.43  xs(b)= 2.647  size=7
G4CrossSectionHP::IsoXS neutronElasticHP  Z= 64  A= 158 Ekin(MeV)= 5.43  xs(b)= 3.005  size=7
G4CrossSectionHP::IsoXS neutronElasticHP  Z= 64  A= 160 Ekin(MeV)= 5.43  xs(b)= 3.036  size=7
G4CrossSectionHP::IsoXS neutronInelasticHP  Z= 64  A= 152 Ekin(MeV)= 5.43  xs(b)= 2.702  size=7
G4CrossSectionHP::IsoXS neutronInelasticHP  Z= 64  A= 154 Ekin(MeV)= 5.43  xs(b)= 2.977  size=7
G4CrossSectionHP::IsoXS neutronInelasticHP  Z= 64  A= 155 Ekin(MeV)= 5.43  xs(b)= 2.536  size=7
G4CrossSectionHP::IsoXS neutronInelasticHP  Z= 64  A= 156 Ekin(MeV)= 5.43  xs(b)= 2.293  size=7
G4CrossSectionHP::IsoXS neutronInelasticHP  Z= 64  A= 157 Ekin(MeV)= 5.43  xs(b)= 2.294  size=7
G4CrossSectionHP::IsoXS neutronInelasticHP  Z= 64  A= 158 Ekin(MeV)= 5.43  xs(b)= 1.834  size=7
G4CrossSectionHP::IsoXS neutronInelasticHP  Z= 64  A= 160 Ekin(MeV)= 5.43  xs(b)= 1.861  size=7
G4CrossSectionHP::IsoXS neutronElasticHP  Z= 64  A= 152 Ekin(MeV)= 5.685  xs(b)= 2.281  size=7
G4CrossSectionHP::IsoXS neutronElasticHP  Z= 64  A= 154 Ekin(MeV)= 5.685  xs(b)= 2.046  size=7
G4CrossSectionHP::IsoXS neutronElasticHP  Z= 64  A= 155 Ekin(MeV)= 5.685  xs(b)= 2.667  size=7
G4CrossSectionHP::IsoXS neutronElasticHP  Z= 64  A= 156 Ekin(MeV)= 5.685  xs(b)= 2.57  size=7
G4CrossSectionHP::IsoXS neutronElasticHP  Z= 64  A= 157 Ekin(MeV)= 5.685  xs(b)= 2.566  size=7
G4CrossSectionHP::IsoXS neutronElasticHP  Z= 64  A= 158 Ekin(MeV)= 5.685  xs(b)= 2.951  size=7
G4CrossSectionHP::IsoXS neutronElasticHP  Z= 64  A= 160 Ekin(MeV)= 5.685  xs(b)= 2.985  size=7
G4CrossSectionHP::IsoXS neutronInelasticHP  Z= 64  A= 152 Ekin(MeV)= 5.685  xs(b)= 2.705  size=7
G4CrossSectionHP::IsoXS neutronInelasticHP  Z= 64  A= 154 Ekin(MeV)= 5.685  xs(b)= 2.968  size=7
G4CrossSectionHP::IsoXS neutronInelasticHP  Z= 64  A= 155 Ekin(MeV)= 5.685  xs(b)= 2.544  size=7
G4CrossSectionHP::IsoXS neutronInelasticHP  Z= 64  A= 156 Ekin(MeV)= 5.685  xs(b)= 2.3  size=7
G4CrossSectionHP::IsoXS neutronInelasticHP  Z= 64  A= 157 Ekin(MeV)= 5.685  xs(b)= 2.303  size=7
G4CrossSectionHP::IsoXS neutronInelasticHP  Z= 64  A= 158 Ekin(MeV)= 5.685  xs(b)= 1.823  size=7
G4CrossSectionHP::IsoXS neutronInelasticHP  Z= 64  A= 160 Ekin(MeV)= 5.685  xs(b)= 1.85  size=7
G4CrossSectionHP::IsoXS neutronElasticHP  Z= 64  A= 152 Ekin(MeV)= 5.952  xs(b)= 2.233  size=7
G4CrossSectionHP::IsoXS neutronElasticHP  Z= 64  A= 154 Ekin(MeV)= 5.952  xs(b)= 2.003  size=7
G4CrossSectionHP::IsoXS neutronElasticHP  Z= 64  A= 155 Ekin(MeV)= 5.952  xs(b)= 2.619  size=7
G4CrossSectionHP::IsoXS neutronElasticHP  Z= 64  A= 156 Ekin(MeV)= 5.952  xs(b)= 2.484  size=7
G4CrossSectionHP::IsoXS neutronElasticHP  Z= 64  A= 157 Ekin(MeV)= 5.952  xs(b)= 2.48  size=7
G4CrossSectionHP::IsoXS neutronElasticHP  Z= 64  A= 158 Ekin(MeV)= 5.952  xs(b)= 2.897  size=7
G4CrossSectionHP::IsoXS neutronElasticHP  Z= 64  A= 160 Ekin(MeV)= 5.952  xs(b)= 2.932  size=7
G4CrossSectionHP::IsoXS neutronInelasticHP  Z= 64  A= 152 Ekin(MeV)= 5.952  xs(b)= 2.707  size=7
G4CrossSectionHP::IsoXS neutronInelasticHP  Z= 64  A= 154 Ekin(MeV)= 5.952  xs(b)= 2.957  size=7
G4CrossSectionHP::IsoXS neutronInelasticHP  Z= 64  A= 155 Ekin(MeV)= 5.952  xs(b)= 2.553  size=7
G4CrossSectionHP::IsoXS neutronInelasticHP  Z= 64  A= 156 Ekin(MeV)= 5.952  xs(b)= 2.307  size=7
G4CrossSectionHP::IsoXS neutronInelasticHP  Z= 64  A= 157 Ekin(MeV)= 5.952  xs(b)= 2.313  size=7
G4CrossSectionHP::IsoXS neutronInelasticHP  Z= 64  A= 158 Ekin(MeV)= 5.952  xs(b)= 1.812  size=7
G4CrossSectionHP::IsoXS neutronInelasticHP  Z= 64  A= 160 Ekin(MeV)= 5.952  xs(b)= 1.839  size=7
G4CrossSectionHP::IsoXS neutronElasticHP  Z= 64  A= 152 Ekin(MeV)= 6.232  xs(b)= 2.208  size=7
G4CrossSectionHP::IsoXS neutronElasticHP  Z= 64  A= 154 Ekin(MeV)= 6.232  xs(b)= 1.984  size=7
G4CrossSectionHP::IsoXS neutronElasticHP  Z= 64  A= 155 Ekin(MeV)= 6.232  xs(b)= 2.601  size=7
G4CrossSectionHP::IsoXS neutronElasticHP  Z= 64  A= 156 Ekin(MeV)= 6.232  xs(b)= 2.441  size=7
G4CrossSectionHP::IsoXS neutronElasticHP  Z= 64  A= 157 Ekin(MeV)= 6.232  xs(b)= 2.44  size=7
G4CrossSectionHP::IsoXS neutronElasticHP  Z= 64  A= 158 Ekin(MeV)= 6.232  xs(b)= 2.842  size=7
G4CrossSectionHP::IsoXS neutronElasticHP  Z= 64  A= 160 Ekin(MeV)= 6.232  xs(b)= 2.882  size=7
G4CrossSectionHP::IsoXS neutronInelasticHP  Z= 64  A= 152 Ekin(MeV)= 6.232  xs(b)= 2.703  size=7
G4CrossSectionHP::IsoXS neutronInelasticHP  Z= 64  A= 154 Ekin(MeV)= 6.232  xs(b)= 2.944  size=7
G4CrossSectionHP::IsoXS neutronInelasticHP  Z= 64  A= 155 Ekin(MeV)= 6.232  xs(b)= 2.553  size=7
G4CrossSectionHP::IsoXS neutronInelasticHP  Z= 64  A= 156 Ekin(MeV)= 6.232  xs(b)= 2.309  size=7
G4CrossSectionHP::IsoXS neutronInelasticHP  Z= 64  A= 157 Ekin(MeV)= 6.232  xs(b)= 2.315  size=7
G4CrossSectionHP::IsoXS neutronInelasticHP  Z= 64  A= 158 Ekin(MeV)= 6.232  xs(b)= 1.8  size=7
G4CrossSectionHP::IsoXS neutronInelasticHP  Z= 64  A= 160 Ekin(MeV)= 6.232  xs(b)= 1.827  size=7
G4CrossSectionHP::IsoXS neutronElasticHP  Z= 64  A= 152 Ekin(MeV)= 6.524  xs(b)= 2.19  size=7
G4CrossSectionHP::IsoXS neutronElasticHP  Z= 64  A= 154 Ekin(MeV)= 6.524  xs(b)= 1.971  size=7
G4CrossSectionHP::IsoXS neutronElasticHP  Z= 64  A= 155 Ekin(MeV)= 6.524  xs(b)= 2.59  size=7
G4CrossSectionHP::IsoXS neutronElasticHP  Z= 64  A= 156 Ekin(MeV)= 6.524  xs(b)= 2.406  size=7
G4CrossSectionHP::IsoXS neutronElasticHP  Z= 64  A= 157 Ekin(MeV)= 6.524  xs(b)= 2.408  size=7
G4CrossSectionHP::IsoXS neutronElasticHP  Z= 64  A= 158 Ekin(MeV)= 6.524  xs(b)= 2.791  size=7
G4CrossSectionHP::IsoXS neutronElasticHP  Z= 64  A= 160 Ekin(MeV)= 6.524  xs(b)= 2.831  size=7
G4CrossSectionHP::IsoXS neutronInelasticHP  Z= 64  A= 152 Ekin(MeV)= 6.524  xs(b)= 2.697  size=7
G4CrossSectionHP::IsoXS neutronInelasticHP  Z= 64  A= 154 Ekin(MeV)= 6.524  xs(b)= 2.93  size=7
G4CrossSectionHP::IsoXS neutronInelasticHP  Z= 64  A= 155 Ekin(MeV)= 6.524  xs(b)= 2.551  size=7
G4CrossSectionHP::IsoXS neutronInelasticHP  Z= 64  A= 156 Ekin(MeV)= 6.524  xs(b)= 2.31  size=7
G4CrossSectionHP::IsoXS neutronInelasticHP  Z= 64  A= 157 Ekin(MeV)= 6.524  xs(b)= 2.315  size=7
G4CrossSectionHP::IsoXS neutronInelasticHP  Z= 64  A= 158 Ekin(MeV)= 6.524  xs(b)= 1.788  size=7
G4CrossSectionHP::IsoXS neutronInelasticHP  Z= 64  A= 160 Ekin(MeV)= 6.524  xs(b)= 1.814  size=7
G4CrossSectionHP::IsoXS neutronElasticHP  Z= 64  A= 152 Ekin(MeV)= 6.831  xs(b)= 2.189  size=7
G4CrossSectionHP::IsoXS neutronElasticHP  Z= 64  A= 154 Ekin(MeV)= 6.831  xs(b)= 1.976  size=7
G4CrossSectionHP::IsoXS neutronElasticHP  Z= 64  A= 155 Ekin(MeV)= 6.831  xs(b)= 2.578  size=7
G4CrossSectionHP::IsoXS neutronElasticHP  Z= 64  A= 156 Ekin(MeV)= 6.831  xs(b)= 2.37  size=7
G4CrossSectionHP::IsoXS neutronElasticHP  Z= 64  A= 157 Ekin(MeV)= 6.831  xs(b)= 2.375  size=7
G4CrossSectionHP::IsoXS neutronElasticHP  Z= 64  A= 158 Ekin(MeV)= 6.831  xs(b)= 2.74  size=7
G4CrossSectionHP::IsoXS neutronElasticHP  Z= 64  A= 160 Ekin(MeV)= 6.831  xs(b)= 2.779  size=7
G4CrossSectionHP::IsoXS neutronInelasticHP  Z= 64  A= 152 Ekin(MeV)= 6.831  xs(b)= 2.685  size=7
G4CrossSectionHP::IsoXS neutronInelasticHP  Z= 64  A= 154 Ekin(MeV)= 6.831  xs(b)= 2.912  size=7
G4CrossSectionHP::IsoXS neutronInelasticHP  Z= 64  A= 155 Ekin(MeV)= 6.831  xs(b)= 2.548  size=7
G4CrossSectionHP::IsoXS neutronInelasticHP  Z= 64  A= 156 Ekin(MeV)= 6.831  xs(b)= 2.311  size=7
G4CrossSectionHP::IsoXS neutronInelasticHP  Z= 64  A= 157 Ekin(MeV)= 6.831  xs(b)= 2.315  size=7
G4CrossSectionHP::IsoXS neutronInelasticHP  Z= 64  A= 158 Ekin(MeV)= 6.831  xs(b)= 1.775  size=7
G4CrossSectionHP::IsoXS neutronInelasticHP  Z= 64  A= 160 Ekin(MeV)= 6.831  xs(b)= 1.801  size=7
G4CrossSectionHP::IsoXS neutronElasticHP  Z= 64  A= 152 Ekin(MeV)= 7.151  xs(b)= 2.195  size=7
G4CrossSectionHP::IsoXS neutronElasticHP  Z= 64  A= 154 Ekin(MeV)= 7.151  xs(b)= 1.988  size=7
G4CrossSectionHP::IsoXS neutronElasticHP  Z= 64  A= 155 Ekin(MeV)= 7.151  xs(b)= 2.579  size=7
G4CrossSectionHP::IsoXS neutronElasticHP  Z= 64  A= 156 Ekin(MeV)= 7.151  xs(b)= 2.354  size=7
G4CrossSectionHP::IsoXS neutronElasticHP  Z= 64  A= 157 Ekin(MeV)= 7.151  xs(b)= 2.362  size=7
G4CrossSectionHP::IsoXS neutronElasticHP  Z= 64  A= 158 Ekin(MeV)= 7.151  xs(b)= 2.707  size=7
G4CrossSectionHP::IsoXS neutronElasticHP  Z= 64  A= 160 Ekin(MeV)= 7.151  xs(b)= 2.742  size=7
G4CrossSectionHP::IsoXS neutronInelasticHP  Z= 64  A= 152 Ekin(MeV)= 7.151  xs(b)= 2.67  size=7
G4CrossSectionHP::IsoXS neutronInelasticHP  Z= 64  A= 154 Ekin(MeV)= 7.151  xs(b)= 2.892  size=7
G4CrossSectionHP::IsoXS neutronInelasticHP  Z= 64  A= 155 Ekin(MeV)= 7.151  xs(b)= 2.543  size=7
G4CrossSectionHP::IsoXS neutronInelasticHP  Z= 64  A= 156 Ekin(MeV)= 7.151  xs(b)= 2.306  size=7
G4CrossSectionHP::IsoXS neutronInelasticHP  Z= 64  A= 157 Ekin(MeV)= 7.151  xs(b)= 2.31  size=7
G4CrossSectionHP::IsoXS neutronInelasticHP  Z= 64  A= 158 Ekin(MeV)= 7.151  xs(b)= 1.761  size=7
G4CrossSectionHP::IsoXS neutronInelasticHP  Z= 64  A= 160 Ekin(MeV)= 7.151  xs(b)= 1.787  size=7
G4CrossSectionHP::IsoXS neutronElasticHP  Z= 64  A= 152 Ekin(MeV)= 7.487  xs(b)= 2.211  size=7
G4CrossSectionHP::IsoXS neutronElasticHP  Z= 64  A= 154 Ekin(MeV)= 7.487  xs(b)= 2.008  size=7
G4CrossSectionHP::IsoXS neutronElasticHP  Z= 64  A= 155 Ekin(MeV)= 7.487  xs(b)= 2.596  size=7
G4CrossSectionHP::IsoXS neutronElasticHP  Z= 64  A= 156 Ekin(MeV)= 7.487  xs(b)= 2.363  size=7
G4CrossSectionHP::IsoXS neutronElasticHP  Z= 64  A= 157 Ekin(MeV)= 7.487  xs(b)= 2.374  size=7
G4CrossSectionHP::IsoXS neutronElasticHP  Z= 64  A= 158 Ekin(MeV)= 7.487  xs(b)= 2.694  size=7
G4CrossSectionHP::IsoXS neutronElasticHP  Z= 64  A= 160 Ekin(MeV)= 7.487  xs(b)= 2.72  size=7
G4CrossSectionHP::IsoXS neutronInelasticHP  Z= 64  A= 152 Ekin(MeV)= 7.487  xs(b)= 2.652  size=7
G4CrossSectionHP::IsoXS neutronInelasticHP  Z= 64  A= 154 Ekin(MeV)= 7.487  xs(b)= 2.869  size=7
G4CrossSectionHP::IsoXS neutronInelasticHP  Z= 64  A= 155 Ekin(MeV)= 7.487  xs(b)= 2.534  size=7
G4CrossSectionHP::IsoXS neutronInelasticHP  Z= 64  A= 156 Ekin(MeV)= 7.487  xs(b)= 2.294  size=7
G4CrossSectionHP::IsoXS neutronInelasticHP  Z= 64  A= 157 Ekin(MeV)= 7.487  xs(b)= 2.297  size=7
G4CrossSectionHP::IsoXS neutronInelasticHP  Z= 64  A= 158 Ekin(MeV)= 7.487  xs(b)= 1.746  size=7
G4CrossSectionHP::IsoXS neutronInelasticHP  Z= 64  A= 160 Ekin(MeV)= 7.487  xs(b)= 1.771  size=7
G4CrossSectionHP::IsoXS neutronElasticHP  Z= 64  A= 152 Ekin(MeV)= 7.839  xs(b)= 2.23  size=7
G4CrossSectionHP::IsoXS neutronElasticHP  Z= 64  A= 154 Ekin(MeV)= 7.839  xs(b)= 2.036  size=7
G4CrossSectionHP::IsoXS neutronElasticHP  Z= 64  A= 155 Ekin(MeV)= 7.839  xs(b)= 2.614  size=7
G4CrossSectionHP::IsoXS neutronElasticHP  Z= 64  A= 156 Ekin(MeV)= 7.839  xs(b)= 2.373  size=7
G4CrossSectionHP::IsoXS neutronElasticHP  Z= 64  A= 157 Ekin(MeV)= 7.839  xs(b)= 2.387  size=7
G4CrossSectionHP::IsoXS neutronElasticHP  Z= 64  A= 158 Ekin(MeV)= 7.839  xs(b)= 2.68  size=7
G4CrossSectionHP::IsoXS neutronElasticHP  Z= 64  A= 160 Ekin(MeV)= 7.839  xs(b)= 2.698  size=7
G4CrossSectionHP::IsoXS neutronInelasticHP  Z= 64  A= 152 Ekin(MeV)= 7.839  xs(b)= 2.629  size=7
G4CrossSectionHP::IsoXS neutronInelasticHP  Z= 64  A= 154 Ekin(MeV)= 7.839  xs(b)= 2.843  size=7
G4CrossSectionHP::IsoXS neutronInelasticHP  Z= 64  A= 155 Ekin(MeV)= 7.839  xs(b)= 2.525  size=7
G4CrossSectionHP::IsoXS neutronInelasticHP  Z= 64  A= 156 Ekin(MeV)= 7.839  xs(b)= 2.281  size=7
G4CrossSectionHP::IsoXS neutronInelasticHP  Z= 64  A= 157 Ekin(MeV)= 7.839  xs(b)= 2.284  size=7
G4CrossSectionHP::IsoXS neutronInelasticHP  Z= 64  A= 158 Ekin(MeV)= 7.839  xs(b)= 1.73  size=7
G4CrossSectionHP::IsoXS neutronInelasticHP  Z= 64  A= 160 Ekin(MeV)= 7.839  xs(b)= 1.755  size=7
G4CrossSectionHP::IsoXS neutronElasticHP  Z= 64  A= 152 Ekin(MeV)= 8.206  xs(b)= 2.271  size=7
G4CrossSectionHP::IsoXS neutronElasticHP  Z= 64  A= 154 Ekin(MeV)= 8.206  xs(b)= 2.067  size=7
G4CrossSectionHP::IsoXS neutronElasticHP  Z= 64  A= 155 Ekin(MeV)= 8.206  xs(b)= 2.642  size=7
G4CrossSectionHP::IsoXS neutronElasticHP  Z= 64  A= 156 Ekin(MeV)= 8.206  xs(b)= 2.397  size=7
G4CrossSectionHP::IsoXS neutronElasticHP  Z= 64  A= 157 Ekin(MeV)= 8.206  xs(b)= 2.415  size=7
G4CrossSectionHP::IsoXS neutronElasticHP  Z= 64  A= 158 Ekin(MeV)= 8.206  xs(b)= 2.665  size=7
G4CrossSectionHP::IsoXS neutronElasticHP  Z= 64  A= 160 Ekin(MeV)= 8.206  xs(b)= 2.677  size=7
G4CrossSectionHP::IsoXS neutronInelasticHP  Z= 64  A= 152 Ekin(MeV)= 8.206  xs(b)= 2.604  size=7
G4CrossSectionHP::IsoXS neutronInelasticHP  Z= 64  A= 154 Ekin(MeV)= 8.206  xs(b)= 2.818  size=7
G4CrossSectionHP::IsoXS neutronInelasticHP  Z= 64  A= 155 Ekin(MeV)= 8.206  xs(b)= 2.516  size=7
G4CrossSectionHP::IsoXS neutronInelasticHP  Z= 64  A= 156 Ekin(MeV)= 8.206  xs(b)= 2.267  size=7
G4CrossSectionHP::IsoXS neutronInelasticHP  Z= 64  A= 157 Ekin(MeV)= 8.206  xs(b)= 2.27  size=7
G4CrossSectionHP::IsoXS neutronInelasticHP  Z= 64  A= 158 Ekin(MeV)= 8.206  xs(b)= 1.713  size=7
G4CrossSectionHP::IsoXS neutronInelasticHP  Z= 64  A= 160 Ekin(MeV)= 8.206  xs(b)= 1.738  size=7
G4CrossSectionHP::IsoXS neutronElasticHP  Z= 64  A= 152 Ekin(MeV)= 8.591  xs(b)= 2.324  size=7
G4CrossSectionHP::IsoXS neutronElasticHP  Z= 64  A= 154 Ekin(MeV)= 8.591  xs(b)= 2.102  size=7
G4CrossSectionHP::IsoXS neutronElasticHP  Z= 64  A= 155 Ekin(MeV)= 8.591  xs(b)= 2.68  size=7
G4CrossSectionHP::IsoXS neutronElasticHP  Z= 64  A= 156 Ekin(MeV)= 8.591  xs(b)= 2.435  size=7
G4CrossSectionHP::IsoXS neutronElasticHP  Z= 64  A= 157 Ekin(MeV)= 8.591  xs(b)= 2.458  size=7
G4CrossSectionHP::IsoXS neutronElasticHP  Z= 64  A= 158 Ekin(MeV)= 8.591  xs(b)= 2.656  size=7
G4CrossSectionHP::IsoXS neutronElasticHP  Z= 64  A= 160 Ekin(MeV)= 8.591  xs(b)= 2.659  size=7
G4CrossSectionHP::IsoXS neutronInelasticHP  Z= 64  A= 152 Ekin(MeV)= 8.591  xs(b)= 2.573  size=7
G4CrossSectionHP::IsoXS neutronInelasticHP  Z= 64  A= 154 Ekin(MeV)= 8.591  xs(b)= 2.793  size=7
G4CrossSectionHP::IsoXS neutronInelasticHP  Z= 64  A= 155 Ekin(MeV)= 8.591  xs(b)= 2.507  size=7
G4CrossSectionHP::IsoXS neutronInelasticHP  Z= 64  A= 156 Ekin(MeV)= 8.591  xs(b)= 2.251  size=7
G4CrossSectionHP::IsoXS neutronInelasticHP  Z= 64  A= 157 Ekin(MeV)= 8.591  xs(b)= 2.256  size=7
G4CrossSectionHP::IsoXS neutronInelasticHP  Z= 64  A= 158 Ekin(MeV)= 8.591  xs(b)= 1.695  size=7
G4CrossSectionHP::IsoXS neutronInelasticHP  Z= 64  A= 160 Ekin(MeV)= 8.591  xs(b)= 1.72  size=7
G4CrossSectionHP::IsoXS neutronElasticHP  Z= 64  A= 152 Ekin(MeV)= 8.994  xs(b)= 2.367  size=7
G4CrossSectionHP::IsoXS neutronElasticHP  Z= 64  A= 154 Ekin(MeV)= 8.994  xs(b)= 2.138  size=7
G4CrossSectionHP::IsoXS neutronElasticHP  Z= 64  A= 155 Ekin(MeV)= 8.994  xs(b)= 2.719  size=7
G4CrossSectionHP::IsoXS neutronElasticHP  Z= 64  A= 156 Ekin(MeV)= 8.994  xs(b)= 2.487  size=7
G4CrossSectionHP::IsoXS neutronElasticHP  Z= 64  A= 157 Ekin(MeV)= 8.994  xs(b)= 2.503  size=7
G4CrossSectionHP::IsoXS neutronElasticHP  Z= 64  A= 158 Ekin(MeV)= 8.994  xs(b)= 2.646  size=7
G4CrossSectionHP::IsoXS neutronElasticHP  Z= 64  A= 160 Ekin(MeV)= 8.994  xs(b)= 2.639  size=7
G4CrossSectionHP::IsoXS neutronInelasticHP  Z= 64  A= 152 Ekin(MeV)= 8.994  xs(b)= 2.553  size=7
G4CrossSectionHP::IsoXS neutronInelasticHP  Z= 64  A= 154 Ekin(MeV)= 8.994  xs(b)= 2.766  size=7
G4CrossSectionHP::IsoXS neutronInelasticHP  Z= 64  A= 155 Ekin(MeV)= 8.994  xs(b)= 2.501  size=7
G4CrossSectionHP::IsoXS neutronInelasticHP  Z= 64  A= 156 Ekin(MeV)= 8.994  xs(b)= 2.238  size=7
G4CrossSectionHP::IsoXS neutronInelasticHP  Z= 64  A= 157 Ekin(MeV)= 8.994  xs(b)= 2.241  size=7
G4CrossSectionHP::IsoXS neutronInelasticHP  Z= 64  A= 158 Ekin(MeV)= 8.994  xs(b)= 1.676  size=7
G4CrossSectionHP::IsoXS neutronInelasticHP  Z= 64  A= 160 Ekin(MeV)= 8.994  xs(b)= 1.701  size=7
G4CrossSectionHP::IsoXS neutronElasticHP  Z= 64  A= 152 Ekin(MeV)= 9.416  xs(b)= 2.4  size=7
G4CrossSectionHP::IsoXS neutronElasticHP  Z= 64  A= 154 Ekin(MeV)= 9.416  xs(b)= 2.212  size=7
G4CrossSectionHP::IsoXS neutronElasticHP  Z= 64  A= 155 Ekin(MeV)= 9.416  xs(b)= 2.769  size=7
G4CrossSectionHP::IsoXS neutronElasticHP  Z= 64  A= 156 Ekin(MeV)= 9.416  xs(b)= 2.542  size=7
G4CrossSectionHP::IsoXS neutronElasticHP  Z= 64  A= 157 Ekin(MeV)= 9.416  xs(b)= 2.563  size=7
G4CrossSectionHP::IsoXS neutronElasticHP  Z= 64  A= 158 Ekin(MeV)= 9.416  xs(b)= 2.636  size=7
G4CrossSectionHP::IsoXS neutronElasticHP  Z= 64  A= 160 Ekin(MeV)= 9.416  xs(b)= 2.621  size=7
G4CrossSectionHP::IsoXS neutronInelasticHP  Z= 64  A= 152 Ekin(MeV)= 9.416  xs(b)= 2.545  size=7
G4CrossSectionHP::IsoXS neutronInelasticHP  Z= 64  A= 154 Ekin(MeV)= 9.416  xs(b)= 2.712  size=7
G4CrossSectionHP::IsoXS neutronInelasticHP  Z= 64  A= 155 Ekin(MeV)= 9.416  xs(b)= 2.494  size=7
G4CrossSectionHP::IsoXS neutronInelasticHP  Z= 64  A= 156 Ekin(MeV)= 9.416  xs(b)= 2.233  size=7
G4CrossSectionHP::IsoXS neutronInelasticHP  Z= 64  A= 157 Ekin(MeV)= 9.416  xs(b)= 2.236  size=7
G4CrossSectionHP::IsoXS neutronInelasticHP  Z= 64  A= 158 Ekin(MeV)= 9.416  xs(b)= 1.657  size=7
G4CrossSectionHP::IsoXS neutronInelasticHP  Z= 64  A= 160 Ekin(MeV)= 9.416  xs(b)= 1.681  size=7
G4CrossSectionHP::IsoXS neutronElasticHP  Z= 64  A= 152 Ekin(MeV)= 9.858  xs(b)= 2.434  size=7
G4CrossSectionHP::IsoXS neutronElasticHP  Z= 64  A= 154 Ekin(MeV)= 9.858  xs(b)= 2.269  size=7
G4CrossSectionHP::IsoXS neutronElasticHP  Z= 64  A= 155 Ekin(MeV)= 9.858  xs(b)= 2.821  size=7
G4CrossSectionHP::IsoXS neutronElasticHP  Z= 64  A= 156 Ekin(MeV)= 9.858  xs(b)= 2.604  size=7
G4CrossSectionHP::IsoXS neutronElasticHP  Z= 64  A= 157 Ekin(MeV)= 9.858  xs(b)= 2.625  size=7
G4CrossSectionHP::IsoXS neutronElasticHP  Z= 64  A= 158 Ekin(MeV)= 9.858  xs(b)= 2.626  size=7
G4CrossSectionHP::IsoXS neutronElasticHP  Z= 64  A= 160 Ekin(MeV)= 9.858  xs(b)= 2.604  size=7
G4CrossSectionHP::IsoXS neutronInelasticHP  Z= 64  A= 152 Ekin(MeV)= 9.858  xs(b)= 2.536  size=7
G4CrossSectionHP::IsoXS neutronInelasticHP  Z= 64  A= 154 Ekin(MeV)= 9.858  xs(b)= 2.675  size=7
G4CrossSectionHP::IsoXS neutronInelasticHP  Z= 64  A= 155 Ekin(MeV)= 9.858  xs(b)= 2.488  size=7
G4CrossSectionHP::IsoXS neutronInelasticHP  Z= 64  A= 156 Ekin(MeV)= 9.858  xs(b)= 2.227  size=7
G4CrossSectionHP::IsoXS neutronInelasticHP  Z= 64  A= 157 Ekin(MeV)= 9.858  xs(b)= 2.231  size=7
G4CrossSectionHP::IsoXS neutronInelasticHP  Z= 64  A= 158 Ekin(MeV)= 9.858  xs(b)= 1.636  size=7
G4CrossSectionHP::IsoXS neutronInelasticHP  Z= 64  A= 160 Ekin(MeV)= 9.858  xs(b)= 1.66  size=7
G4CrossSectionHP::IsoXS neutronElasticHP  Z= 64  A= 152 Ekin(MeV)= 10.32  xs(b)= 2.475  size=7
G4CrossSectionHP::IsoXS neutronElasticHP  Z= 64  A= 154 Ekin(MeV)= 10.32  xs(b)= 2.351  size=7
G4CrossSectionHP::IsoXS neutronElasticHP  Z= 64  A= 155 Ekin(MeV)= 10.32  xs(b)= 2.875  size=7
G4CrossSectionHP::IsoXS neutronElasticHP  Z= 64  A= 156 Ekin(MeV)= 10.32  xs(b)= 2.668  size=7
G4CrossSectionHP::IsoXS neutronElasticHP  Z= 64  A= 157 Ekin(MeV)= 10.32  xs(b)= 2.69  size=7
G4CrossSectionHP::IsoXS neutronElasticHP  Z= 64  A= 158 Ekin(MeV)= 10.32  xs(b)= 2.663  size=7
G4CrossSectionHP::IsoXS neutronElasticHP  Z= 64  A= 160 Ekin(MeV)= 10.32  xs(b)= 2.64  size=7
G4CrossSectionHP::IsoXS neutronInelasticHP  Z= 64  A= 152 Ekin(MeV)= 10.32  xs(b)= 2.527  size=7
G4CrossSectionHP::IsoXS neutronInelasticHP  Z= 64  A= 154 Ekin(MeV)= 10.32  xs(b)= 2.615  size=7
G4CrossSectionHP::IsoXS neutronInelasticHP  Z= 64  A= 155 Ekin(MeV)= 10.32  xs(b)= 2.481  size=7
G4CrossSectionHP::IsoXS neutronInelasticHP  Z= 64  A= 156 Ekin(MeV)= 10.32  xs(b)= 2.235  size=7
G4CrossSectionHP::IsoXS neutronInelasticHP  Z= 64  A= 157 Ekin(MeV)= 10.32  xs(b)= 2.239  size=7
G4CrossSectionHP::IsoXS neutronInelasticHP  Z= 64  A= 158 Ekin(MeV)= 10.32  xs(b)= 1.615  size=7
G4CrossSectionHP::IsoXS neutronInelasticHP  Z= 64  A= 160 Ekin(MeV)= 10.32  xs(b)= 1.639  size=7
G4CrossSectionHP::IsoXS neutronElasticHP  Z= 64  A= 152 Ekin(MeV)= 10.8  xs(b)= 2.53  size=7
G4CrossSectionHP::IsoXS neutronElasticHP  Z= 64  A= 154 Ekin(MeV)= 10.8  xs(b)= 2.449  size=7
G4CrossSectionHP::IsoXS neutronElasticHP  Z= 64  A= 155 Ekin(MeV)= 10.8  xs(b)= 2.932  size=7
G4CrossSectionHP::IsoXS neutronElasticHP  Z= 64  A= 156 Ekin(MeV)= 10.8  xs(b)= 2.735  size=7
G4CrossSectionHP::IsoXS neutronElasticHP  Z= 64  A= 157 Ekin(MeV)= 10.8  xs(b)= 2.755  size=7
G4CrossSectionHP::IsoXS neutronElasticHP  Z= 64  A= 158 Ekin(MeV)= 10.8  xs(b)= 2.723  size=7
G4CrossSectionHP::IsoXS neutronElasticHP  Z= 64  A= 160 Ekin(MeV)= 10.8  xs(b)= 2.702  size=7
G4CrossSectionHP::IsoXS neutronInelasticHP  Z= 64  A= 152 Ekin(MeV)= 10.8  xs(b)= 2.507  size=7
G4CrossSectionHP::IsoXS neutronInelasticHP  Z= 64  A= 154 Ekin(MeV)= 10.8  xs(b)= 2.543  size=7
G4CrossSectionHP::IsoXS neutronInelasticHP  Z= 64  A= 155 Ekin(MeV)= 10.8  xs(b)= 2.474  size=7
G4CrossSectionHP::IsoXS neutronInelasticHP  Z= 64  A= 156 Ekin(MeV)= 10.8  xs(b)= 2.25  size=7
G4CrossSectionHP::IsoXS neutronInelasticHP  Z= 64  A= 157 Ekin(MeV)= 10.8  xs(b)= 2.254  size=7
G4CrossSectionHP::IsoXS neutronInelasticHP  Z= 64  A= 158 Ekin(MeV)= 10.8  xs(b)= 1.593  size=7
G4CrossSectionHP::IsoXS neutronInelasticHP  Z= 64  A= 160 Ekin(MeV)= 10.8  xs(b)= 1.616  size=7
G4CrossSectionHP::IsoXS neutronElasticHP  Z= 64  A= 152 Ekin(MeV)= 11.31  xs(b)= 2.585  size=7
G4CrossSectionHP::IsoXS neutronElasticHP  Z= 64  A= 154 Ekin(MeV)= 11.31  xs(b)= 2.512  size=7
G4CrossSectionHP::IsoXS neutronElasticHP  Z= 64  A= 155 Ekin(MeV)= 11.31  xs(b)= 2.992  size=7
G4CrossSectionHP::IsoXS neutronElasticHP  Z= 64  A= 156 Ekin(MeV)= 11.31  xs(b)= 2.805  size=7
G4CrossSectionHP::IsoXS neutronElasticHP  Z= 64  A= 157 Ekin(MeV)= 11.31  xs(b)= 2.821  size=7
G4CrossSectionHP::IsoXS neutronElasticHP  Z= 64  A= 158 Ekin(MeV)= 11.31  xs(b)= 2.787  size=7
G4CrossSectionHP::IsoXS neutronElasticHP  Z= 64  A= 160 Ekin(MeV)= 11.31  xs(b)= 2.768  size=7
G4CrossSectionHP::IsoXS neutronInelasticHP  Z= 64  A= 152 Ekin(MeV)= 11.31  xs(b)= 2.489  size=7
G4CrossSectionHP::IsoXS neutronInelasticHP  Z= 64  A= 154 Ekin(MeV)= 11.31  xs(b)= 2.508  size=7
G4CrossSectionHP::IsoXS neutronInelasticHP  Z= 64  A= 155 Ekin(MeV)= 11.31  xs(b)= 2.466  size=7
G4CrossSectionHP::IsoXS neutronInelasticHP  Z= 64  A= 156 Ekin(MeV)= 11.31  xs(b)= 2.266  size=7
G4CrossSectionHP::IsoXS neutronInelasticHP  Z= 64  A= 157 Ekin(MeV)= 11.31  xs(b)= 2.27  size=7
G4CrossSectionHP::IsoXS neutronInelasticHP  Z= 64  A= 158 Ekin(MeV)= 11.31  xs(b)= 1.57  size=7
G4CrossSectionHP::IsoXS neutronInelasticHP  Z= 64  A= 160 Ekin(MeV)= 11.31  xs(b)= 1.593  size=7
G4CrossSectionHP::IsoXS neutronElasticHP  Z= 64  A= 152 Ekin(MeV)= 11.84  xs(b)= 2.622  size=7
G4CrossSectionHP::IsoXS neutronElasticHP  Z= 64  A= 154 Ekin(MeV)= 11.84  xs(b)= 2.545  size=7
G4CrossSectionHP::IsoXS neutronElasticHP  Z= 64  A= 155 Ekin(MeV)= 11.84  xs(b)= 3.05  size=7
G4CrossSectionHP::IsoXS neutronElasticHP  Z= 64  A= 156 Ekin(MeV)= 11.84  xs(b)= 2.879  size=7
G4CrossSectionHP::IsoXS neutronElasticHP  Z= 64  A= 157 Ekin(MeV)= 11.84  xs(b)= 2.89  size=7
G4CrossSectionHP::IsoXS neutronElasticHP  Z= 64  A= 158 Ekin(MeV)= 11.84  xs(b)= 2.853  size=7
G4CrossSectionHP::IsoXS neutronElasticHP  Z= 64  A= 160 Ekin(MeV)= 11.84  xs(b)= 2.836  size=7
G4CrossSectionHP::IsoXS neutronInelasticHP  Z= 64  A= 152 Ekin(MeV)= 11.84  xs(b)= 2.49  size=7
G4CrossSectionHP::IsoXS neutronInelasticHP  Z= 64  A= 154 Ekin(MeV)= 11.84  xs(b)= 2.504  size=7
G4CrossSectionHP::IsoXS neutronInelasticHP  Z= 64  A= 155 Ekin(MeV)= 11.84  xs(b)= 2.459  size=7
G4CrossSectionHP::IsoXS neutronInelasticHP  Z= 64  A= 156 Ekin(MeV)= 11.84  xs(b)= 2.283  size=7
G4CrossSectionHP::IsoXS neutronInelasticHP  Z= 64  A= 157 Ekin(MeV)= 11.84  xs(b)= 2.286  size=7
G4CrossSectionHP::IsoXS neutronInelasticHP  Z= 64  A= 158 Ekin(MeV)= 11.84  xs(b)= 1.545  size=7
G4CrossSectionHP::IsoXS neutronInelasticHP  Z= 64  A= 160 Ekin(MeV)= 11.84  xs(b)= 1.568  size=7
G4CrossSectionHP::IsoXS neutronElasticHP  Z= 64  A= 152 Ekin(MeV)= 12.39  xs(b)= 2.649  size=7
G4CrossSectionHP::IsoXS neutronElasticHP  Z= 64  A= 154 Ekin(MeV)= 12.39  xs(b)= 2.584  size=7
G4CrossSectionHP::IsoXS neutronElasticHP  Z= 64  A= 155 Ekin(MeV)= 12.39  xs(b)= 3.111  size=7
G4CrossSectionHP::IsoXS neutronElasticHP  Z= 64  A= 156 Ekin(MeV)= 12.39  xs(b)= 2.941  size=7
G4CrossSectionHP::IsoXS neutronElasticHP  Z= 64  A= 157 Ekin(MeV)= 12.39  xs(b)= 2.961  size=7
G4CrossSectionHP::IsoXS neutronElasticHP  Z= 64  A= 158 Ekin(MeV)= 12.39  xs(b)= 2.959  size=7
G4CrossSectionHP::IsoXS neutronElasticHP  Z= 64  A= 160 Ekin(MeV)= 12.39  xs(b)= 2.942  size=7
G4CrossSectionHP::IsoXS neutronInelasticHP  Z= 64  A= 152 Ekin(MeV)= 12.39  xs(b)= 2.488  size=7
G4CrossSectionHP::IsoXS neutronInelasticHP  Z= 64  A= 154 Ekin(MeV)= 12.39  xs(b)= 2.495  size=7
G4CrossSectionHP::IsoXS neutronInelasticHP  Z= 64  A= 155 Ekin(MeV)= 12.39  xs(b)= 2.451  size=7
G4CrossSectionHP::IsoXS neutronInelasticHP  Z= 64  A= 156 Ekin(MeV)= 12.39  xs(b)= 2.296  size=7
G4CrossSectionHP::IsoXS neutronInelasticHP  Z= 64  A= 157 Ekin(MeV)= 12.39  xs(b)= 2.303  size=7
G4CrossSectionHP::IsoXS neutronInelasticHP  Z= 64  A= 158 Ekin(MeV)= 12.39  xs(b)= 1.52  size=7
G4CrossSectionHP::IsoXS neutronInelasticHP  Z= 64  A= 160 Ekin(MeV)= 12.39  xs(b)= 1.542  size=7
G4CrossSectionHP::IsoXS neutronElasticHP  Z= 64  A= 152 Ekin(MeV)= 12.97  xs(b)= 2.676  size=7
G4CrossSectionHP::IsoXS neutronElasticHP  Z= 64  A= 154 Ekin(MeV)= 12.97  xs(b)= 2.648  size=7
G4CrossSectionHP::IsoXS neutronElasticHP  Z= 64  A= 155 Ekin(MeV)= 12.97  xs(b)= 3.174  size=7
G4CrossSectionHP::IsoXS neutronElasticHP  Z= 64  A= 156 Ekin(MeV)= 12.97  xs(b)= 2.999  size=7
G4CrossSectionHP::IsoXS neutronElasticHP  Z= 64  A= 157 Ekin(MeV)= 12.97  xs(b)= 3.032  size=7
G4CrossSectionHP::IsoXS neutronElasticHP  Z= 64  A= 158 Ekin(MeV)= 12.97  xs(b)= 3.084  size=7
G4CrossSectionHP::IsoXS neutronElasticHP  Z= 64  A= 160 Ekin(MeV)= 12.97  xs(b)= 3.068  size=7
G4CrossSectionHP::IsoXS neutronInelasticHP  Z= 64  A= 152 Ekin(MeV)= 12.97  xs(b)= 2.482  size=7
G4CrossSectionHP::IsoXS neutronInelasticHP  Z= 64  A= 154 Ekin(MeV)= 12.97  xs(b)= 2.463  size=7
G4CrossSectionHP::IsoXS neutronInelasticHP  Z= 64  A= 155 Ekin(MeV)= 12.97  xs(b)= 2.443  size=7
G4CrossSectionHP::IsoXS neutronInelasticHP  Z= 64  A= 156 Ekin(MeV)= 12.97  xs(b)= 2.309  size=7
G4CrossSectionHP::IsoXS neutronInelasticHP  Z= 64  A= 157 Ekin(MeV)= 12.97  xs(b)= 2.321  size=7
G4CrossSectionHP::IsoXS neutronInelasticHP  Z= 64  A= 158 Ekin(MeV)= 12.97  xs(b)= 1.494  size=7
G4CrossSectionHP::IsoXS neutronInelasticHP  Z= 64  A= 160 Ekin(MeV)= 12.97  xs(b)= 1.516  size=7
G4CrossSectionHP::IsoXS neutronElasticHP  Z= 64  A= 152 Ekin(MeV)= 13.58  xs(b)= 2.706  size=7
G4CrossSectionHP::IsoXS neutronElasticHP  Z= 64  A= 154 Ekin(MeV)= 13.58  xs(b)= 2.688  size=7
G4CrossSectionHP::IsoXS neutronElasticHP  Z= 64  A= 155 Ekin(MeV)= 13.58  xs(b)= 3.215  size=7
G4CrossSectionHP::IsoXS neutronElasticHP  Z= 64  A= 156 Ekin(MeV)= 13.58  xs(b)= 3.055  size=7
G4CrossSectionHP::IsoXS neutronElasticHP  Z= 64  A= 157 Ekin(MeV)= 13.58  xs(b)= 3.064  size=7
G4CrossSectionHP::IsoXS neutronElasticHP  Z= 64  A= 158 Ekin(MeV)= 13.58  xs(b)= 3.215  size=7
G4CrossSectionHP::IsoXS neutronElasticHP  Z= 64  A= 160 Ekin(MeV)= 13.58  xs(b)= 3.2  size=7
G4CrossSectionHP::IsoXS neutronInelasticHP  Z= 64  A= 152 Ekin(MeV)= 13.58  xs(b)= 2.463  size=7
G4CrossSectionHP::IsoXS neutronInelasticHP  Z= 64  A= 154 Ekin(MeV)= 13.58  xs(b)= 2.441  size=7
G4CrossSectionHP::IsoXS neutronInelasticHP  Z= 64  A= 155 Ekin(MeV)= 13.58  xs(b)= 2.44  size=7
G4CrossSectionHP::IsoXS neutronInelasticHP  Z= 64  A= 156 Ekin(MeV)= 13.58  xs(b)= 2.319  size=7
G4CrossSectionHP::IsoXS neutronInelasticHP  Z= 64  A= 157 Ekin(MeV)= 13.58  xs(b)= 2.312  size=7
G4CrossSectionHP::IsoXS neutronInelasticHP  Z= 64  A= 158 Ekin(MeV)= 13.58  xs(b)= 1.467  size=7
G4CrossSectionHP::IsoXS neutronInelasticHP  Z= 64  A= 160 Ekin(MeV)= 13.58  xs(b)= 1.488  size=7
G4CrossSectionHP::IsoXS neutronElasticHP  Z= 64  A= 152 Ekin(MeV)= 14.22  xs(b)= 2.733  size=7
G4CrossSectionHP::IsoXS neutronElasticHP  Z= 64  A= 154 Ekin(MeV)= 14.22  xs(b)= 2.726  size=7
G4CrossSectionHP::IsoXS neutronElasticHP  Z= 64  A= 155 Ekin(MeV)= 14.22  xs(b)= 3.257  size=7
G4CrossSectionHP::IsoXS neutronElasticHP  Z= 64  A= 156 Ekin(MeV)= 14.22  xs(b)= 3.081  size=7
G4CrossSectionHP::IsoXS neutronElasticHP  Z= 64  A= 157 Ekin(MeV)= 14.22  xs(b)= 3.096  size=7
G4CrossSectionHP::IsoXS neutronElasticHP  Z= 64  A= 158 Ekin(MeV)= 14.22  xs(b)= 3.348  size=7
G4CrossSectionHP::IsoXS neutronElasticHP  Z= 64  A= 160 Ekin(MeV)= 14.22  xs(b)= 3.333  size=7
G4CrossSectionHP::IsoXS neutronInelasticHP  Z= 64  A= 152 Ekin(MeV)= 14.22  xs(b)= 2.446  size=7
G4CrossSectionHP::IsoXS neutronInelasticHP  Z= 64  A= 154 Ekin(MeV)= 14.22  xs(b)= 2.422  size=7
G4CrossSectionHP::IsoXS neutronInelasticHP  Z= 64  A= 155 Ekin(MeV)= 14.22  xs(b)= 2.438  size=7
G4CrossSectionHP::IsoXS neutronInelasticHP  Z= 64  A= 156 Ekin(MeV)= 14.22  xs(b)= 2.304  size=7
G4CrossSectionHP::IsoXS neutronInelasticHP  Z= 64  A= 157 Ekin(MeV)= 14.22  xs(b)= 2.301  size=7
G4CrossSectionHP::IsoXS neutronInelasticHP  Z= 64  A= 158 Ekin(MeV)= 14.22  xs(b)= 1.439  size=7
G4CrossSectionHP::IsoXS neutronInelasticHP  Z= 64  A= 160 Ekin(MeV)= 14.22  xs(b)= 1.459  size=7
G4CrossSectionHP::IsoXS neutronElasticHP  Z= 64  A= 152 Ekin(MeV)= 14.88  xs(b)= 2.748  size=7
G4CrossSectionHP::IsoXS neutronElasticHP  Z= 64  A= 154 Ekin(MeV)= 14.88  xs(b)= 2.757  size=7
G4CrossSectionHP::IsoXS neutronElasticHP  Z= 64  A= 155 Ekin(MeV)= 14.88  xs(b)= 3.3  size=7
G4CrossSectionHP::IsoXS neutronElasticHP  Z= 64  A= 156 Ekin(MeV)= 14.88  xs(b)= 3.109  size=7
G4CrossSectionHP::IsoXS neutronElasticHP  Z= 64  A= 157 Ekin(MeV)= 14.88  xs(b)= 3.13  size=7
G4CrossSectionHP::IsoXS neutronElasticHP  Z= 64  A= 158 Ekin(MeV)= 14.88  xs(b)= 3.484  size=7
G4CrossSectionHP::IsoXS neutronElasticHP  Z= 64  A= 160 Ekin(MeV)= 14.88  xs(b)= 3.47  size=7
G4CrossSectionHP::IsoXS neutronInelasticHP  Z= 64  A= 152 Ekin(MeV)= 14.88  xs(b)= 2.432  size=7
G4CrossSectionHP::IsoXS neutronInelasticHP  Z= 64  A= 154 Ekin(MeV)= 14.88  xs(b)= 2.404  size=7
G4CrossSectionHP::IsoXS neutronInelasticHP  Z= 64  A= 155 Ekin(MeV)= 14.88  xs(b)= 2.435  size=7
G4CrossSectionHP::IsoXS neutronInelasticHP  Z= 64  A= 156 Ekin(MeV)= 14.88  xs(b)= 2.289  size=7
G4CrossSectionHP::IsoXS neutronInelasticHP  Z= 64  A= 157 Ekin(MeV)= 14.88  xs(b)= 2.291  size=7
G4CrossSectionHP::IsoXS neutronInelasticHP  Z= 64  A= 158 Ekin(MeV)= 14.88  xs(b)= 1.41  size=7
G4CrossSectionHP::IsoXS neutronInelasticHP  Z= 64  A= 160 Ekin(MeV)= 14.88  xs(b)= 1.43  size=7
G4CrossSectionHP::IsoXS neutronElasticHP  Z= 64  A= 152 Ekin(MeV)= 15.58  xs(b)= 2.755  size=7
G4CrossSectionHP::IsoXS neutronElasticHP  Z= 64  A= 154 Ekin(MeV)= 15.58  xs(b)= 2.775  size=7
G4CrossSectionHP::IsoXS neutronElasticHP  Z= 64  A= 155 Ekin(MeV)= 15.58  xs(b)= 3.306  size=7
G4CrossSectionHP::IsoXS neutronElasticHP  Z= 64  A= 156 Ekin(MeV)= 15.58  xs(b)= 3.217  size=7
G4CrossSectionHP::IsoXS neutronElasticHP  Z= 64  A= 157 Ekin(MeV)= 15.58  xs(b)= 3.185  size=7
G4CrossSectionHP::IsoXS neutronElasticHP  Z= 64  A= 158 Ekin(MeV)= 15.58  xs(b)= 3.56  size=7
G4CrossSectionHP::IsoXS neutronElasticHP  Z= 64  A= 160 Ekin(MeV)= 15.58  xs(b)= 3.549  size=7
G4CrossSectionHP::IsoXS neutronInelasticHP  Z= 64  A= 152 Ekin(MeV)= 15.58  xs(b)= 2.41  size=7
G4CrossSectionHP::IsoXS neutronInelasticHP  Z= 64  A= 154 Ekin(MeV)= 15.58  xs(b)= 2.397  size=7
G4CrossSectionHP::IsoXS neutronInelasticHP  Z= 64  A= 155 Ekin(MeV)= 15.58  xs(b)= 2.432  size=7
G4CrossSectionHP::IsoXS neutronInelasticHP  Z= 64  A= 156 Ekin(MeV)= 15.58  xs(b)= 2.288  size=7
G4CrossSectionHP::IsoXS neutronInelasticHP  Z= 64  A= 157 Ekin(MeV)= 15.58  xs(b)= 2.27  size=7
G4CrossSectionHP::IsoXS neutronInelasticHP  Z= 64  A= 158 Ekin(MeV)= 15.58  xs(b)= 1.381  size=7
G4CrossSectionHP::IsoXS neutronInelasticHP  Z= 64  A= 160 Ekin(MeV)= 15.58  xs(b)= 1.4  size=7
G4CrossSectionHP::IsoXS neutronElasticHP  Z= 64  A= 152 Ekin(MeV)= 16.3  xs(b)= 2.745  size=7
G4CrossSectionHP::IsoXS neutronElasticHP  Z= 64  A= 154 Ekin(MeV)= 16.3  xs(b)= 2.79  size=7
G4CrossSectionHP::IsoXS neutronElasticHP  Z= 64  A= 155 Ekin(MeV)= 16.3  xs(b)= 3.302  size=7
G4CrossSectionHP::IsoXS neutronElasticHP  Z= 64  A= 156 Ekin(MeV)= 16.3  xs(b)= 3.346  size=7
G4CrossSectionHP::IsoXS neutronElasticHP  Z= 64  A= 157 Ekin(MeV)= 16.3  xs(b)= 3.248  size=7
G4CrossSectionHP::IsoXS neutronElasticHP  Z= 64  A= 158 Ekin(MeV)= 16.3  xs(b)= 3.626  size=7
G4CrossSectionHP::IsoXS neutronElasticHP  Z= 64  A= 160 Ekin(MeV)= 16.3  xs(b)= 3.617  size=7
G4CrossSectionHP::IsoXS neutronInelasticHP  Z= 64  A= 152 Ekin(MeV)= 16.3  xs(b)= 2.401  size=7
G4CrossSectionHP::IsoXS neutronInelasticHP  Z= 64  A= 154 Ekin(MeV)= 16.3  xs(b)= 2.374  size=7
G4CrossSectionHP::IsoXS neutronInelasticHP  Z= 64  A= 155 Ekin(MeV)= 16.3  xs(b)= 2.429  size=7
G4CrossSectionHP::IsoXS neutronInelasticHP  Z= 64  A= 156 Ekin(MeV)= 16.3  xs(b)= 2.29  size=7
G4CrossSectionHP::IsoXS neutronInelasticHP  Z= 64  A= 157 Ekin(MeV)= 16.3  xs(b)= 2.246  size=7
G4CrossSectionHP::IsoXS neutronInelasticHP  Z= 64  A= 158 Ekin(MeV)= 16.3  xs(b)= 1.351  size=7
G4CrossSectionHP::IsoXS neutronInelasticHP  Z= 64  A= 160 Ekin(MeV)= 16.3  xs(b)= 1.37  size=7
G4CrossSectionHP::IsoXS neutronElasticHP  Z= 64  A= 152 Ekin(MeV)= 17.07  xs(b)= 2.721  size=7
G4CrossSectionHP::IsoXS neutronElasticHP  Z= 64  A= 154 Ekin(MeV)= 17.07  xs(b)= 2.791  size=7
G4CrossSectionHP::IsoXS neutronElasticHP  Z= 64  A= 155 Ekin(MeV)= 17.07  xs(b)= 3.299  size=7
G4CrossSectionHP::IsoXS neutronElasticHP  Z= 64  A= 156 Ekin(MeV)= 17.07  xs(b)= 3.481  size=7
G4CrossSectionHP::IsoXS neutronElasticHP  Z= 64  A= 157 Ekin(MeV)= 17.07  xs(b)= 3.312  size=7
G4CrossSectionHP::IsoXS neutronElasticHP  Z= 64  A= 158 Ekin(MeV)= 17.07  xs(b)= 3.694  size=7
G4CrossSectionHP::IsoXS neutronElasticHP  Z= 64  A= 160 Ekin(MeV)= 17.07  xs(b)= 3.688  size=7
G4CrossSectionHP::IsoXS neutronInelasticHP  Z= 64  A= 152 Ekin(MeV)= 17.07  xs(b)= 2.402  size=7
G4CrossSectionHP::IsoXS neutronInelasticHP  Z= 64  A= 154 Ekin(MeV)= 17.07  xs(b)= 2.361  size=7
G4CrossSectionHP::IsoXS neutronInelasticHP  Z= 64  A= 155 Ekin(MeV)= 17.07  xs(b)= 2.426  size=7
G4CrossSectionHP::IsoXS neutronInelasticHP  Z= 64  A= 156 Ekin(MeV)= 17.07  xs(b)= 2.293  size=7
G4CrossSectionHP::IsoXS neutronInelasticHP  Z= 64  A= 157 Ekin(MeV)= 17.07  xs(b)= 2.222  size=7
G4CrossSectionHP::IsoXS neutronInelasticHP  Z= 64  A= 158 Ekin(MeV)= 17.07  xs(b)= 1.321  size=7
G4CrossSectionHP::IsoXS neutronInelasticHP  Z= 64  A= 160 Ekin(MeV)= 17.07  xs(b)= 1.339  size=7
G4CrossSectionHP::IsoXS neutronElasticHP  Z= 64  A= 152 Ekin(MeV)= 17.86  xs(b)= 2.697  size=7
G4CrossSectionHP::IsoXS neutronElasticHP  Z= 64  A= 154 Ekin(MeV)= 17.86  xs(b)= 2.786  size=7
G4CrossSectionHP::IsoXS neutronElasticHP  Z= 64  A= 155 Ekin(MeV)= 17.86  xs(b)= 3.296  size=7
G4CrossSectionHP::IsoXS neutronElasticHP  Z= 64  A= 156 Ekin(MeV)= 17.86  xs(b)= 3.617  size=7
G4CrossSectionHP::IsoXS neutronElasticHP  Z= 64  A= 157 Ekin(MeV)= 17.86  xs(b)= 3.371  size=7
G4CrossSectionHP::IsoXS neutronElasticHP  Z= 64  A= 158 Ekin(MeV)= 17.86  xs(b)= 3.761  size=7
G4CrossSectionHP::IsoXS neutronElasticHP  Z= 64  A= 160 Ekin(MeV)= 17.86  xs(b)= 3.756  size=7
G4CrossSectionHP::IsoXS neutronInelasticHP  Z= 64  A= 152 Ekin(MeV)= 17.86  xs(b)= 2.396  size=7
G4CrossSectionHP::IsoXS neutronInelasticHP  Z= 64  A= 154 Ekin(MeV)= 17.86  xs(b)= 2.336  size=7
G4CrossSectionHP::IsoXS neutronInelasticHP  Z= 64  A= 155 Ekin(MeV)= 17.86  xs(b)= 2.425  size=7
G4CrossSectionHP::IsoXS neutronInelasticHP  Z= 64  A= 156 Ekin(MeV)= 17.86  xs(b)= 2.297  size=7
G4CrossSectionHP::IsoXS neutronInelasticHP  Z= 64  A= 157 Ekin(MeV)= 17.86  xs(b)= 2.199  size=7
G4CrossSectionHP::IsoXS neutronInelasticHP  Z= 64  A= 158 Ekin(MeV)= 17.86  xs(b)= 1.291  size=7
G4CrossSectionHP::IsoXS neutronInelasticHP  Z= 64  A= 160 Ekin(MeV)= 17.86  xs(b)= 1.309  size=7
G4CrossSectionHP::IsoXS neutronElasticHP  Z= 64  A= 152 Ekin(MeV)= 18.7  xs(b)= 2.656  size=7
G4CrossSectionHP::IsoXS neutronElasticHP  Z= 64  A= 154 Ekin(MeV)= 18.7  xs(b)= 2.761  size=7
G4CrossSectionHP::IsoXS neutronElasticHP  Z= 64  A= 155 Ekin(MeV)= 18.7  xs(b)= 3.292  size=7
G4CrossSectionHP::IsoXS neutronElasticHP  Z= 64  A= 156 Ekin(MeV)= 18.7  xs(b)= 3.753  size=7
G4CrossSectionHP::IsoXS neutronElasticHP  Z= 64  A= 157 Ekin(MeV)= 18.7  xs(b)= 3.433  size=7
G4CrossSectionHP::IsoXS neutronElasticHP  Z= 64  A= 158 Ekin(MeV)= 18.7  xs(b)= 3.826  size=7
G4CrossSectionHP::IsoXS neutronElasticHP  Z= 64  A= 160 Ekin(MeV)= 18.7  xs(b)= 3.823  size=7
G4CrossSectionHP::IsoXS neutronInelasticHP  Z= 64  A= 152 Ekin(MeV)= 18.7  xs(b)= 2.39  size=7
G4CrossSectionHP::IsoXS neutronInelasticHP  Z= 64  A= 154 Ekin(MeV)= 18.7  xs(b)= 2.328  size=7
G4CrossSectionHP::IsoXS neutronInelasticHP  Z= 64  A= 155 Ekin(MeV)= 18.7  xs(b)= 2.425  size=7
G4CrossSectionHP::IsoXS neutronInelasticHP  Z= 64  A= 156 Ekin(MeV)= 18.7  xs(b)= 2.301  size=7
G4CrossSectionHP::IsoXS neutronInelasticHP  Z= 64  A= 157 Ekin(MeV)= 18.7  xs(b)= 2.177  size=7
G4CrossSectionHP::IsoXS neutronInelasticHP  Z= 64  A= 158 Ekin(MeV)= 18.7  xs(b)= 1.261  size=7
G4CrossSectionHP::IsoXS neutronInelasticHP  Z= 64  A= 160 Ekin(MeV)= 18.7  xs(b)= 1.279  size=7
G4CrossSectionHP::IsoXS neutronElasticHP  Z= 64  A= 152 Ekin(MeV)= 19.57  xs(b)= 2.611  size=7
G4CrossSectionHP::IsoXS neutronElasticHP  Z= 64  A= 154 Ekin(MeV)= 19.57  xs(b)= 2.723  size=7
G4CrossSectionHP::IsoXS neutronElasticHP  Z= 64  A= 155 Ekin(MeV)= 19.57  xs(b)= 3.288  size=7
G4CrossSectionHP::IsoXS neutronElasticHP  Z= 64  A= 156 Ekin(MeV)= 19.57  xs(b)= 3.895  size=7
G4CrossSectionHP::IsoXS neutronElasticHP  Z= 64  A= 157 Ekin(MeV)= 19.57  xs(b)= 3.496  size=7
G4CrossSectionHP::IsoXS neutronElasticHP  Z= 64  A= 158 Ekin(MeV)= 19.57  xs(b)= 3.894  size=7
G4CrossSectionHP::IsoXS neutronElasticHP  Z= 64  A= 160 Ekin(MeV)= 19.57  xs(b)= 3.893  size=7
G4CrossSectionHP::IsoXS neutronInelasticHP  Z= 64  A= 152 Ekin(MeV)= 19.57  xs(b)= 2.382  size=7
G4CrossSectionHP::IsoXS neutronInelasticHP  Z= 64  A= 154 Ekin(MeV)= 19.57  xs(b)= 2.325  size=7
G4CrossSectionHP::IsoXS neutronInelasticHP  Z= 64  A= 155 Ekin(MeV)= 19.57  xs(b)= 2.426  size=7
G4CrossSectionHP::IsoXS neutronInelasticHP  Z= 64  A= 156 Ekin(MeV)= 19.57  xs(b)= 2.307  size=7
G4CrossSectionHP::IsoXS neutronInelasticHP  Z= 64  A= 157 Ekin(MeV)= 19.57  xs(b)= 2.156  size=7
G4CrossSectionHP::IsoXS neutronInelasticHP  Z= 64  A= 158 Ekin(MeV)= 19.57  xs(b)= 1.23  size=7
G4CrossSectionHP::IsoXS neutronInelasticHP  Z= 64  A= 160 Ekin(MeV)= 19.57  xs(b)= 1.249  size=7
-------------------------------------------------------------
### neutron 5 GeV on G4_Gd xs/X0= 22.6767
G4WT0 > ================== Deleting memory pools ===================
G4WT0 > Number of memory pools allocated: 9; of which, static: 0
G4WT0 > Dynamic pools deleted: 9 / Total memory freed: 0.013 MB
G4WT0 > ============================================================
================== Deleting memory pools ===================
Number of memory pools allocated: 4; of which, static: 0
Dynamic pools deleted: 4 / Total memory freed: 0.0058 MB
============================================================
