==639415== Memcheck, a memory error detector
==639415== Copyright (C) 2002-2022, and GNU GPL'd, by Julian Seward et al.
==639415== Using Valgrind-3.22.0 and LibVEX; rerun with -h for copyright info
==639415== Command: /home/vnivanch/cwork/bin/Hadr01 hadr00.in QBBC
==639415== 

        ############################################
        !!! WARNING - FPE detection is activated !!!
        ############################################

**************************************************************
 Geant4 version Name: geant4-11-02-ref-08 [MT]   (30-September-2024)
                       Copyright : Geant4 Collaboration
                      References : NIM A 506 (2003), 250-303
                                 : IEEE-TNS 53 (2006), 270-278
                                 : NIM A 835 (2016), 186-225
                             WWW : http://geant4.org/
**************************************************************

PhysicsList: QBBC
G4PhysListFactory::GetReferencePhysList <QBBC>  EMoption= 0
<<< Reference Physics List QBBC 

/run/verbose 1
/tracking/verbose 0
/testhadr/TargetMat G4_Al
/testhadr/TargetRadius 2 cm
/testhadr/TargetLength 50 cm
/run/printProgress 10
/run/setCut 1 km
/testhadr/RadDecay true
***** COMMAND NOT FOUND </testhadr/RadDecay true> *****

***** Batch is interrupted!! *****

-------- WWWW ------- G4Exception-START -------- WWWW -------
*** G4Exception : UIMAN0123
      issued by : G4UImanager::ApplyCommand
Command aborted (100)
Error code : 100
*** This is just a warning message. ***
-------- WWWW -------- G4Exception-END --------- WWWW -------

================== Deleting memory pools ===================
Number of memory pools allocated: 2; of which, static: 0
Dynamic pools deleted: 2 / Total memory freed: 0.0038 MB
============================================================
==639415== 
==639415== HEAP SUMMARY:
==639415==     in use at exit: 68,961 bytes in 1,202 blocks
==639415==   total heap usage: 139,650 allocs, 138,448 frees, 9,365,690 bytes allocated
==639415== 
==639415== 1 bytes in 1 blocks are still reachable in loss record 1 of 169
==639415==    at 0x4844F95: operator new(unsigned long) (vg_replace_malloc.c:483)
==639415==    by 0x1545EDD: G4GeometryManager::GetInstance() (in /home/vnivanch/cwork/tests-build/Hadr01/Hadr01)
==639415==    by 0x1556E18: G4RegionStore::Clean() (in /home/vnivanch/cwork/tests-build/Hadr01/Hadr01)
==639415==    by 0x1557062: G4RegionStore::~G4RegionStore() (in /home/vnivanch/cwork/tests-build/Hadr01/Hadr01)
==639415==    by 0x4F7EDEC: __run_exit_handlers (in /usr/lib64/libc.so.6)
==639415==    by 0x4F7EF2F: exit (in /usr/lib64/libc.so.6)
==639415==    by 0x4F67596: (below main) (in /usr/lib64/libc.so.6)
==639415== 
==639415== 17 bytes in 1 blocks are still reachable in loss record 2 of 169
==639415==    at 0x4844F95: operator new(unsigned long) (vg_replace_malloc.c:483)
==639415==    by 0x9DE9F6: std::_Rb_tree_iterator<std::pair<G4String const, G4VBasePhysConstrFactory*> > std::_Rb_tree<G4String, std::pair<G4String const, G4VBasePhysConstrFactory*>, std::_Select1st<std::pair<G4String const, G4VBasePhysConstrFactory*> >, std::less<G4String>, std::allocator<std::pair<G4String const, G4VBasePhysConstrFactory*> > >::_M_emplace_hint_unique<std::piecewise_construct_t const&, std::tuple<G4String const&>, std::tuple<> >(std::_Rb_tree_const_iterator<std::pair<G4String const, G4VBasePhysConstrFactory*> >, std::piecewise_construct_t const&, std::tuple<G4String const&>&&, std::tuple<>&&) [clone .isra.0] (in /home/vnivanch/cwork/tests-build/Hadr01/Hadr01)
==639415==    by 0x9DEF77: G4PhysicsConstructorRegistry::AddFactory(G4String, G4VBasePhysConstrFactory*) (in /home/vnivanch/cwork/tests-build/Hadr01/Hadr01)
==639415==    by 0x9E0FF6: G4PhysicsConstructorFactory<G4EmExtraPhysics>::G4PhysicsConstructorFactory(G4String const&) (in /home/vnivanch/cwork/tests-build/Hadr01/Hadr01)
==639415==    by 0x53A52B: _GLOBAL__sub_I__ZGR23G4EmExtraPhysicsFactory_ (in /home/vnivanch/cwork/tests-build/Hadr01/Hadr01)
==639415==    by 0x4F676BA: __libc_start_main@@GLIBC_2.34 (in /usr/lib64/libc.so.6)
==639415==    by 0x59EF44: (below main) (in /home/vnivanch/cwork/tests-build/Hadr01/Hadr01)
==639415== 
==639415== 17 bytes in 1 blocks are still reachable in loss record 3 of 169
==639415==    at 0x4844F95: operator new(unsigned long) (vg_replace_malloc.c:483)
==639415==    by 0x9DE9F6: std::_Rb_tree_iterator<std::pair<G4String const, G4VBasePhysConstrFactory*> > std::_Rb_tree<G4String, std::pair<G4String const, G4VBasePhysConstrFactory*>, std::_Select1st<std::pair<G4String const, G4VBasePhysConstrFactory*> >, std::less<G4String>, std::allocator<std::pair<G4String const, G4VBasePhysConstrFactory*> > >::_M_emplace_hint_unique<std::piecewise_construct_t const&, std::tuple<G4String const&>, std::tuple<> >(std::_Rb_tree_const_iterator<std::pair<G4String const, G4VBasePhysConstrFactory*> >, std::piecewise_construct_t const&, std::tuple<G4String const&>&&, std::tuple<>&&) [clone .isra.0] (in /home/vnivanch/cwork/tests-build/Hadr01/Hadr01)
==639415==    by 0x9DEF77: G4PhysicsConstructorRegistry::AddFactory(G4String, G4VBasePhysConstrFactory*) (in /home/vnivanch/cwork/tests-build/Hadr01/Hadr01)
==639415==    by 0xA108C6: G4PhysicsConstructorFactory<G4EmLowEPPhysics>::G4PhysicsConstructorFactory(G4String const&) (in /home/vnivanch/cwork/tests-build/Hadr01/Hadr01)
==639415==    by 0x53F9AB: _GLOBAL__sub_I__ZGR23G4EmLowEPPhysicsFactory_ (in /home/vnivanch/cwork/tests-build/Hadr01/Hadr01)
==639415==    by 0x4F676BA: __libc_start_main@@GLIBC_2.34 (in /usr/lib64/libc.so.6)
==639415==    by 0x59EF44: (below main) (in /home/vnivanch/cwork/tests-build/Hadr01/Hadr01)
==639415== 
==639415== 17 bytes in 1 blocks are still reachable in loss record 4 of 169
==639415==    at 0x4844F95: operator new(unsigned long) (vg_replace_malloc.c:483)
==639415==    by 0x9DE9F6: std::_Rb_tree_iterator<std::pair<G4String const, G4VBasePhysConstrFactory*> > std::_Rb_tree<G4String, std::pair<G4String const, G4VBasePhysConstrFactory*>, std::_Select1st<std::pair<G4String const, G4VBasePhysConstrFactory*> >, std::less<G4String>, std::allocator<std::pair<G4String const, G4VBasePhysConstrFactory*> > >::_M_emplace_hint_unique<std::piecewise_construct_t const&, std::tuple<G4String const&>, std::tuple<> >(std::_Rb_tree_const_iterator<std::pair<G4String const, G4VBasePhysConstrFactory*> >, std::piecewise_construct_t const&, std::tuple<G4String const&>&&, std::tuple<>&&) [clone .isra.0] (in /home/vnivanch/cwork/tests-build/Hadr01/Hadr01)
==639415==    by 0x9DEF77: G4PhysicsConstructorRegistry::AddFactory(G4String, G4VBasePhysConstrFactory*) (in /home/vnivanch/cwork/tests-build/Hadr01/Hadr01)
==639415==    by 0x540161: _GLOBAL__sub_I__ZGR23G4OpticalPhysicsFactory_ (in /home/vnivanch/cwork/tests-build/Hadr01/Hadr01)
==639415==    by 0x4F676BA: __libc_start_main@@GLIBC_2.34 (in /usr/lib64/libc.so.6)
==639415==    by 0x59EF44: (below main) (in /home/vnivanch/cwork/tests-build/Hadr01/Hadr01)
==639415== 
==639415== 17 bytes in 1 blocks are still reachable in loss record 5 of 169
==639415==    at 0x4844F95: operator new(unsigned long) (vg_replace_malloc.c:483)
==639415==    by 0xCC6F2E: G4CrossSectionFactoryRegistry::Register(G4String const&, G4VBaseXSFactory*) (in /home/vnivanch/cwork/tests-build/Hadr01/Hadr01)
==639415==    by 0x54FCDE: _GLOBAL__sub_I__ZGR35G4ElectroNuclearCrossSectionFactory_ (in /home/vnivanch/cwork/tests-build/Hadr01/Hadr01)
==639415==    by 0x4F676BA: __libc_start_main@@GLIBC_2.34 (in /usr/lib64/libc.so.6)
==639415==    by 0x59EF44: (below main) (in /home/vnivanch/cwork/tests-build/Hadr01/Hadr01)
==639415== 
==639415== 18 bytes in 1 blocks are still reachable in loss record 6 of 169
==639415==    at 0x4844F95: operator new(unsigned long) (vg_replace_malloc.c:483)
==639415==    by 0x9DE9F6: std::_Rb_tree_iterator<std::pair<G4String const, G4VBasePhysConstrFactory*> > std::_Rb_tree<G4String, std::pair<G4String const, G4VBasePhysConstrFactory*>, std::_Select1st<std::pair<G4String const, G4VBasePhysConstrFactory*> >, std::less<G4String>, std::allocator<std::pair<G4String const, G4VBasePhysConstrFactory*> > >::_M_emplace_hint_unique<std::piecewise_construct_t const&, std::tuple<G4String const&>, std::tuple<> >(std::_Rb_tree_const_iterator<std::pair<G4String const, G4VBasePhysConstrFactory*> >, std::piecewise_construct_t const&, std::tuple<G4String const&>&&, std::tuple<>&&) [clone .isra.0] (in /home/vnivanch/cwork/tests-build/Hadr01/Hadr01)
==639415==    by 0x9DEF77: G4PhysicsConstructorRegistry::AddFactory(G4String, G4VBasePhysConstrFactory*) (in /home/vnivanch/cwork/tests-build/Hadr01/Hadr01)
==639415==    by 0x9ECA26: G4PhysicsConstructorFactory<G4StoppingPhysics>::G4PhysicsConstructorFactory(G4String const&) (in /home/vnivanch/cwork/tests-build/Hadr01/Hadr01)
==639415==    by 0x53C2FF: _GLOBAL__sub_I__ZGR24G4StoppingPhysicsFactory_ (in /home/vnivanch/cwork/tests-build/Hadr01/Hadr01)
==639415==    by 0x4F676BA: __libc_start_main@@GLIBC_2.34 (in /usr/lib64/libc.so.6)
==639415==    by 0x59EF44: (below main) (in /home/vnivanch/cwork/tests-build/Hadr01/Hadr01)
==639415== 
==639415== 18 bytes in 1 blocks are still reachable in loss record 7 of 169
==639415==    at 0x4844F95: operator new(unsigned long) (vg_replace_malloc.c:483)
==639415==    by 0x9DE9F6: std::_Rb_tree_iterator<std::pair<G4String const, G4VBasePhysConstrFactory*> > std::_Rb_tree<G4String, std::pair<G4String const, G4VBasePhysConstrFactory*>, std::_Select1st<std::pair<G4String const, G4VBasePhysConstrFactory*> >, std::less<G4String>, std::allocator<std::pair<G4String const, G4VBasePhysConstrFactory*> > >::_M_emplace_hint_unique<std::piecewise_construct_t const&, std::tuple<G4String const&>, std::tuple<> >(std::_Rb_tree_const_iterator<std::pair<G4String const, G4VBasePhysConstrFactory*> >, std::piecewise_construct_t const&, std::tuple<G4String const&>&&, std::tuple<>&&) [clone .isra.0] (in /home/vnivanch/cwork/tests-build/Hadr01/Hadr01)
==639415==    by 0x9DEF77: G4PhysicsConstructorRegistry::AddFactory(G4String, G4VBasePhysConstrFactory*) (in /home/vnivanch/cwork/tests-build/Hadr01/Hadr01)
==639415==    by 0xA1EBA6: G4PhysicsConstructorFactory<G4NeutrinoPhysics>::G4PhysicsConstructorFactory(G4String const&) (in /home/vnivanch/cwork/tests-build/Hadr01/Hadr01)
==639415==    by 0x54033F: _GLOBAL__sub_I__ZGR24G4NeutrinoPhysicsFactory_ (in /home/vnivanch/cwork/tests-build/Hadr01/Hadr01)
==639415==    by 0x4F676BA: __libc_start_main@@GLIBC_2.34 (in /usr/lib64/libc.so.6)
==639415==    by 0x59EF44: (below main) (in /home/vnivanch/cwork/tests-build/Hadr01/Hadr01)
==639415== 
==639415== 18 bytes in 1 blocks are still reachable in loss record 8 of 169
==639415==    at 0x4844F95: operator new(unsigned long) (vg_replace_malloc.c:483)
==639415==    by 0x9DE9F6: std::_Rb_tree_iterator<std::pair<G4String const, G4VBasePhysConstrFactory*> > std::_Rb_tree<G4String, std::pair<G4String const, G4VBasePhysConstrFactory*>, std::_Select1st<std::pair<G4String const, G4VBasePhysConstrFactory*> >, std::less<G4String>, std::allocator<std::pair<G4String const, G4VBasePhysConstrFactory*> > >::_M_emplace_hint_unique<std::piecewise_construct_t const&, std::tuple<G4String const&>, std::tuple<> >(std::_Rb_tree_const_iterator<std::pair<G4String const, G4VBasePhysConstrFactory*> >, std::piecewise_construct_t const&, std::tuple<G4String const&>&&, std::tuple<>&&) [clone .isra.0] (in /home/vnivanch/cwork/tests-build/Hadr01/Hadr01)
==639415==    by 0x9DEF77: G4PhysicsConstructorRegistry::AddFactory(G4String, G4VBasePhysConstrFactory*) (in /home/vnivanch/cwork/tests-build/Hadr01/Hadr01)
==639415==    by 0xA21906: G4PhysicsConstructorFactory<G4ThermalNeutrons>::G4PhysicsConstructorFactory(G4String const&) (in /home/vnivanch/cwork/tests-build/Hadr01/Hadr01)
==639415==    by 0x540E4F: _GLOBAL__sub_I__ZGR24G4ThermalNeutronsFactory_ (in /home/vnivanch/cwork/tests-build/Hadr01/Hadr01)
==639415==    by 0x4F676BA: __libc_start_main@@GLIBC_2.34 (in /usr/lib64/libc.so.6)
==639415==    by 0x59EF44: (below main) (in /home/vnivanch/cwork/tests-build/Hadr01/Hadr01)
==639415== 
==639415== 19 bytes in 1 blocks are still reachable in loss record 9 of 169
==639415==    at 0x4844F95: operator new(unsigned long) (vg_replace_malloc.c:483)
==639415==    by 0x9DE9F6: std::_Rb_tree_iterator<std::pair<G4String const, G4VBasePhysConstrFactory*> > std::_Rb_tree<G4String, std::pair<G4String const, G4VBasePhysConstrFactory*>, std::_Select1st<std::pair<G4String const, G4VBasePhysConstrFactory*> >, std::less<G4String>, std::allocator<std::pair<G4String const, G4VBasePhysConstrFactory*> > >::_M_emplace_hint_unique<std::piecewise_construct_t const&, std::tuple<G4String const&>, std::tuple<> >(std::_Rb_tree_const_iterator<std::pair<G4String const, G4VBasePhysConstrFactory*> >, std::piecewise_construct_t const&, std::tuple<G4String const&>&&, std::tuple<>&&) [clone .isra.0] (in /home/vnivanch/cwork/tests-build/Hadr01/Hadr01)
==639415==    by 0x9DEF77: G4PhysicsConstructorRegistry::AddFactory(G4String, G4VBasePhysConstrFactory*) (in /home/vnivanch/cwork/tests-build/Hadr01/Hadr01)
==639415==    by 0xA24236: G4PhysicsConstructorFactory<G4IonINCLXXPhysics>::G4PhysicsConstructorFactory(G4String const&) (in /home/vnivanch/cwork/tests-build/Hadr01/Hadr01)
==639415==    by 0x541724: _GLOBAL__sub_I__ZGR25G4IonINCLXXPhysicsFactory_ (in /home/vnivanch/cwork/tests-build/Hadr01/Hadr01)
==639415==    by 0x4F676BA: __libc_start_main@@GLIBC_2.34 (in /usr/lib64/libc.so.6)
==639415==    by 0x59EF44: (below main) (in /home/vnivanch/cwork/tests-build/Hadr01/Hadr01)
==639415== 
==639415== 20 bytes in 1 blocks are still reachable in loss record 10 of 169
==639415==    at 0x4844F95: operator new(unsigned long) (vg_replace_malloc.c:483)
==639415==    by 0x9DE9F6: std::_Rb_tree_iterator<std::pair<G4String const, G4VBasePhysConstrFactory*> > std::_Rb_tree<G4String, std::pair<G4String const, G4VBasePhysConstrFactory*>, std::_Select1st<std::pair<G4String const, G4VBasePhysConstrFactory*> >, std::less<G4String>, std::allocator<std::pair<G4String const, G4VBasePhysConstrFactory*> > >::_M_emplace_hint_unique<std::piecewise_construct_t const&, std::tuple<G4String const&>, std::tuple<> >(std::_Rb_tree_const_iterator<std::pair<G4String const, G4VBasePhysConstrFactory*> >, std::piecewise_construct_t const&, std::tuple<G4String const&>&&, std::tuple<>&&) [clone .isra.0] (in /home/vnivanch/cwork/tests-build/Hadr01/Hadr01)
==639415==    by 0x9DEF77: G4PhysicsConstructorRegistry::AddFactory(G4String, G4VBasePhysConstrFactory*) (in /home/vnivanch/cwork/tests-build/Hadr01/Hadr01)
==639415==    by 0x9CE406: G4PhysicsConstructorFactory<G4EmStandardPhysics>::G4PhysicsConstructorFactory(G4String const&) (in /home/vnivanch/cwork/tests-build/Hadr01/Hadr01)
==639415==    by 0x539902: _GLOBAL__sub_I__ZGR26G4EmStandardPhysicsFactory_ (in /home/vnivanch/cwork/tests-build/Hadr01/Hadr01)
==639415==    by 0x4F676BA: __libc_start_main@@GLIBC_2.34 (in /usr/lib64/libc.so.6)
==639415==    by 0x59EF44: (below main) (in /home/vnivanch/cwork/tests-build/Hadr01/Hadr01)
==639415== 
==639415== 20 bytes in 1 blocks are still reachable in loss record 11 of 169
==639415==    at 0x4844F95: operator new(unsigned long) (vg_replace_malloc.c:483)
==639415==    by 0x9DE9F6: std::_Rb_tree_iterator<std::pair<G4String const, G4VBasePhysConstrFactory*> > std::_Rb_tree<G4String, std::pair<G4String const, G4VBasePhysConstrFactory*>, std::_Select1st<std::pair<G4String const, G4VBasePhysConstrFactory*> >, std::less<G4String>, std::allocator<std::pair<G4String const, G4VBasePhysConstrFactory*> > >::_M_emplace_hint_unique<std::piecewise_construct_t const&, std::tuple<G4String const&>, std::tuple<> >(std::_Rb_tree_const_iterator<std::pair<G4String const, G4VBasePhysConstrFactory*> >, std::piecewise_construct_t const&, std::tuple<G4String const&>&&, std::tuple<>&&) [clone .isra.0] (in /home/vnivanch/cwork/tests-build/Hadr01/Hadr01)
==639415==    by 0x9DEF77: G4PhysicsConstructorRegistry::AddFactory(G4String, G4VBasePhysConstrFactory*) (in /home/vnivanch/cwork/tests-build/Hadr01/Hadr01)
==639415==    by 0x9E5016: G4PhysicsConstructorFactory<G4IonElasticPhysics>::G4PhysicsConstructorFactory(G4String const&) (in /home/vnivanch/cwork/tests-build/Hadr01/Hadr01)
==639415==    by 0x53AD02: _GLOBAL__sub_I__ZGR26G4IonElasticPhysicsFactory_ (in /home/vnivanch/cwork/tests-build/Hadr01/Hadr01)
==639415==    by 0x4F676BA: __libc_start_main@@GLIBC_2.34 (in /usr/lib64/libc.so.6)
==639415==    by 0x59EF44: (below main) (in /home/vnivanch/cwork/tests-build/Hadr01/Hadr01)
==639415== 
==639415== 20 bytes in 1 blocks are still reachable in loss record 12 of 169
==639415==    at 0x4844F95: operator new(unsigned long) (vg_replace_malloc.c:483)
==639415==    by 0x9DE9F6: std::_Rb_tree_iterator<std::pair<G4String const, G4VBasePhysConstrFactory*> > std::_Rb_tree<G4String, std::pair<G4String const, G4VBasePhysConstrFactory*>, std::_Select1st<std::pair<G4String const, G4VBasePhysConstrFactory*> >, std::less<G4String>, std::allocator<std::pair<G4String const, G4VBasePhysConstrFactory*> > >::_M_emplace_hint_unique<std::piecewise_construct_t const&, std::tuple<G4String const&>, std::tuple<> >(std::_Rb_tree_const_iterator<std::pair<G4String const, G4VBasePhysConstrFactory*> >, std::piecewise_construct_t const&, std::tuple<G4String const&>&&, std::tuple<>&&) [clone .isra.0] (in /home/vnivanch/cwork/tests-build/Hadr01/Hadr01)
==639415==    by 0x9DEF77: G4PhysicsConstructorRegistry::AddFactory(G4String, G4VBasePhysConstrFactory*) (in /home/vnivanch/cwork/tests-build/Hadr01/Hadr01)
==639415==    by 0xA1A866: G4PhysicsConstructorFactory<G4EmPenelopePhysics>::G4PhysicsConstructorFactory(G4String const&) (in /home/vnivanch/cwork/tests-build/Hadr01/Hadr01)
==639415==    by 0x53FC42: _GLOBAL__sub_I__ZGR26G4EmPenelopePhysicsFactory_ (in /home/vnivanch/cwork/tests-build/Hadr01/Hadr01)
==639415==    by 0x4F676BA: __libc_start_main@@GLIBC_2.34 (in /usr/lib64/libc.so.6)
==639415==    by 0x59EF44: (below main) (in /home/vnivanch/cwork/tests-build/Hadr01/Hadr01)
==639415== 
==639415== 21 bytes in 1 blocks are still reachable in loss record 13 of 169
==639415==    at 0x4844F95: operator new(unsigned long) (vg_replace_malloc.c:483)
==639415==    by 0x9DE9F6: std::_Rb_tree_iterator<std::pair<G4String const, G4VBasePhysConstrFactory*> > std::_Rb_tree<G4String, std::pair<G4String const, G4VBasePhysConstrFactory*>, std::_Select1st<std::pair<G4String const, G4VBasePhysConstrFactory*> >, std::less<G4String>, std::allocator<std::pair<G4String const, G4VBasePhysConstrFactory*> > >::_M_emplace_hint_unique<std::piecewise_construct_t const&, std::tuple<G4String const&>, std::tuple<> >(std::_Rb_tree_const_iterator<std::pair<G4String const, G4VBasePhysConstrFactory*> >, std::piecewise_construct_t const&, std::tuple<G4String const&>&&, std::tuple<>&&) [clone .isra.0] (in /home/vnivanch/cwork/tests-build/Hadr01/Hadr01)
==639415==    by 0x9DEF77: G4PhysicsConstructorRegistry::AddFactory(G4String, G4VBasePhysConstrFactory*) (in /home/vnivanch/cwork/tests-build/Hadr01/Hadr01)
==639415==    by 0x53C122: _GLOBAL__sub_I__ZGR27G4NeutronTrackingCutFactory_ (in /home/vnivanch/cwork/tests-build/Hadr01/Hadr01)
==639415==    by 0x4F676BA: __libc_start_main@@GLIBC_2.34 (in /usr/lib64/libc.so.6)
==639415==    by 0x59EF44: (below main) (in /home/vnivanch/cwork/tests-build/Hadr01/Hadr01)
==639415== 
==639415== 21 bytes in 1 blocks are still reachable in loss record 14 of 169
==639415==    at 0x4844F95: operator new(unsigned long) (vg_replace_malloc.c:483)
==639415==    by 0x9DE9F6: std::_Rb_tree_iterator<std::pair<G4String const, G4VBasePhysConstrFactory*> > std::_Rb_tree<G4String, std::pair<G4String const, G4VBasePhysConstrFactory*>, std::_Select1st<std::pair<G4String const, G4VBasePhysConstrFactory*> >, std::less<G4String>, std::allocator<std::pair<G4String const, G4VBasePhysConstrFactory*> > >::_M_emplace_hint_unique<std::piecewise_construct_t const&, std::tuple<G4String const&>, std::tuple<> >(std::_Rb_tree_const_iterator<std::pair<G4String const, G4VBasePhysConstrFactory*> >, std::piecewise_construct_t const&, std::tuple<G4String const&>&&, std::tuple<>&&) [clone .isra.0] (in /home/vnivanch/cwork/tests-build/Hadr01/Hadr01)
==639415==    by 0x9DEF77: G4PhysicsConstructorRegistry::AddFactory(G4String, G4VBasePhysConstrFactory*) (in /home/vnivanch/cwork/tests-build/Hadr01/Hadr01)
==639415==    by 0xA0F0E6: G4PhysicsConstructorFactory<G4EmLivermorePhysics>::G4PhysicsConstructorFactory(G4String const&) (in /home/vnivanch/cwork/tests-build/Hadr01/Hadr01)
==639415==    by 0x53F832: _GLOBAL__sub_I__ZGR27G4EmLivermorePhysicsFactory_ (in /home/vnivanch/cwork/tests-build/Hadr01/Hadr01)
==639415==    by 0x4F676BA: __libc_start_main@@GLIBC_2.34 (in /usr/lib64/libc.so.6)
==639415==    by 0x59EF44: (below main) (in /home/vnivanch/cwork/tests-build/Hadr01/Hadr01)
==639415== 
==639415== 21 bytes in 1 blocks are still reachable in loss record 15 of 169
==639415==    at 0x4844F95: operator new(unsigned long) (vg_replace_malloc.c:483)
==639415==    by 0x9DE9F6: std::_Rb_tree_iterator<std::pair<G4String const, G4VBasePhysConstrFactory*> > std::_Rb_tree<G4String, std::pair<G4String const, G4VBasePhysConstrFactory*>, std::_Select1st<std::pair<G4String const, G4VBasePhysConstrFactory*> >, std::less<G4String>, std::allocator<std::pair<G4String const, G4VBasePhysConstrFactory*> > >::_M_emplace_hint_unique<std::piecewise_construct_t const&, std::tuple<G4String const&>, std::tuple<> >(std::_Rb_tree_const_iterator<std::pair<G4String const, G4VBasePhysConstrFactory*> >, std::piecewise_construct_t const&, std::tuple<G4String const&>&&, std::tuple<>&&) [clone .isra.0] (in /home/vnivanch/cwork/tests-build/Hadr01/Hadr01)
==639415==    by 0x9DEF77: G4PhysicsConstructorRegistry::AddFactory(G4String, G4VBasePhysConstrFactory*) (in /home/vnivanch/cwork/tests-build/Hadr01/Hadr01)
==639415==    by 0xA264F6: G4PhysicsConstructorFactory<G4LightIonQMDPhysics>::G4PhysicsConstructorFactory(G4String const&) (in /home/vnivanch/cwork/tests-build/Hadr01/Hadr01)
==639415==    by 0x541B82: _GLOBAL__sub_I__ZGR27G4LightIonQMDPhysicsFactory_ (in /home/vnivanch/cwork/tests-build/Hadr01/Hadr01)
==639415==    by 0x4F676BA: __libc_start_main@@GLIBC_2.34 (in /usr/lib64/libc.so.6)
==639415==    by 0x59EF44: (below main) (in /home/vnivanch/cwork/tests-build/Hadr01/Hadr01)
==639415== 
==639415== 21 bytes in 1 blocks are still reachable in loss record 16 of 169
==639415==    at 0x4844F95: operator new(unsigned long) (vg_replace_malloc.c:483)
==639415==    by 0xCC6F2E: G4CrossSectionFactoryRegistry::Register(G4String const&, G4VBaseXSFactory*) (in /home/vnivanch/cwork/tests-build/Hadr01/Hadr01)
==639415==    by 0x575335: _GLOBAL__sub_I__ZGR29G4ChipsProtonElasticXSFactory_ (in /home/vnivanch/cwork/tests-build/Hadr01/Hadr01)
==639415==    by 0x4F676BA: __libc_start_main@@GLIBC_2.34 (in /usr/lib64/libc.so.6)
==639415==    by 0x59EF44: (below main) (in /home/vnivanch/cwork/tests-build/Hadr01/Hadr01)
==639415== 
==639415== 22 bytes in 1 blocks are still reachable in loss record 17 of 169
==639415==    at 0x4844F95: operator new(unsigned long) (vg_replace_malloc.c:483)
==639415==    by 0x9DE9F6: std::_Rb_tree_iterator<std::pair<G4String const, G4VBasePhysConstrFactory*> > std::_Rb_tree<G4String, std::pair<G4String const, G4VBasePhysConstrFactory*>, std::_Select1st<std::pair<G4String const, G4VBasePhysConstrFactory*> >, std::less<G4String>, std::allocator<std::pair<G4String const, G4VBasePhysConstrFactory*> > >::_M_emplace_hint_unique<std::piecewise_construct_t const&, std::tuple<G4String const&>, std::tuple<> >(std::_Rb_tree_const_iterator<std::pair<G4String const, G4VBasePhysConstrFactory*> >, std::piecewise_construct_t const&, std::tuple<G4String const&>&&, std::tuple<>&&) [clone .isra.0] (in /home/vnivanch/cwork/tests-build/Hadr01/Hadr01)
==639415==    by 0x9DEF77: G4PhysicsConstructorRegistry::AddFactory(G4String, G4VBasePhysConstrFactory*) (in /home/vnivanch/cwork/tests-build/Hadr01/Hadr01)
==639415==    by 0x9CF1C6: G4PhysicsConstructorFactory<G4EmStandardPhysicsGS>::G4PhysicsConstructorFactory(G4String const&) (in /home/vnivanch/cwork/tests-build/Hadr01/Hadr01)
==639415==    by 0x539A89: _GLOBAL__sub_I__ZGR28G4EmStandardPhysicsGSFactory_ (in /home/vnivanch/cwork/tests-build/Hadr01/Hadr01)
==639415==    by 0x4F676BA: __libc_start_main@@GLIBC_2.34 (in /usr/lib64/libc.so.6)
==639415==    by 0x59EF44: (below main) (in /home/vnivanch/cwork/tests-build/Hadr01/Hadr01)
==639415== 
==639415== 22 bytes in 1 blocks are still reachable in loss record 18 of 169
==639415==    at 0x4844F95: operator new(unsigned long) (vg_replace_malloc.c:483)
==639415==    by 0x9DE9F6: std::_Rb_tree_iterator<std::pair<G4String const, G4VBasePhysConstrFactory*> > std::_Rb_tree<G4String, std::pair<G4String const, G4VBasePhysConstrFactory*>, std::_Select1st<std::pair<G4String const, G4VBasePhysConstrFactory*> >, std::less<G4String>, std::allocator<std::pair<G4String const, G4VBasePhysConstrFactory*> > >::_M_emplace_hint_unique<std::piecewise_construct_t const&, std::tuple<G4String const&>, std::tuple<> >(std::_Rb_tree_const_iterator<std::pair<G4String const, G4VBasePhysConstrFactory*> >, std::piecewise_construct_t const&, std::tuple<G4String const&>&&, std::tuple<>&&) [clone .isra.0] (in /home/vnivanch/cwork/tests-build/Hadr01/Hadr01)
==639415==    by 0x9DEF77: G4PhysicsConstructorRegistry::AddFactory(G4String, G4VBasePhysConstrFactory*) (in /home/vnivanch/cwork/tests-build/Hadr01/Hadr01)
==639415==    by 0x53AEE9: _GLOBAL__sub_I__ZGR28G4HadronInelasticQBBCFactory_ (in /home/vnivanch/cwork/tests-build/Hadr01/Hadr01)
==639415==    by 0x4F676BA: __libc_start_main@@GLIBC_2.34 (in /usr/lib64/libc.so.6)
==639415==    by 0x59EF44: (below main) (in /home/vnivanch/cwork/tests-build/Hadr01/Hadr01)
==639415== 
==639415== 22 bytes in 1 blocks are still reachable in loss record 19 of 169
==639415==    at 0x4844F95: operator new(unsigned long) (vg_replace_malloc.c:483)
==639415==    by 0x9DE9F6: std::_Rb_tree_iterator<std::pair<G4String const, G4VBasePhysConstrFactory*> > std::_Rb_tree<G4String, std::pair<G4String const, G4VBasePhysConstrFactory*>, std::_Select1st<std::pair<G4String const, G4VBasePhysConstrFactory*> >, std::less<G4String>, std::allocator<std::pair<G4String const, G4VBasePhysConstrFactory*> > >::_M_emplace_hint_unique<std::piecewise_construct_t const&, std::tuple<G4String const&>, std::tuple<> >(std::_Rb_tree_const_iterator<std::pair<G4String const, G4VBasePhysConstrFactory*> >, std::piecewise_construct_t const&, std::tuple<G4String const&>&&, std::tuple<>&&) [clone .isra.0] (in /home/vnivanch/cwork/tests-build/Hadr01/Hadr01)
==639415==    by 0x9DEF77: G4PhysicsConstructorRegistry::AddFactory(G4String, G4VBasePhysConstrFactory*) (in /home/vnivanch/cwork/tests-build/Hadr01/Hadr01)
==639415==    by 0xA1B736: G4PhysicsConstructorFactory<G4EmStandardPhysicsSS>::G4PhysicsConstructorFactory(G4String const&) (in /home/vnivanch/cwork/tests-build/Hadr01/Hadr01)
==639415==    by 0x53FDC9: _GLOBAL__sub_I__ZGR28G4EmStandardPhysicsSSFactory_ (in /home/vnivanch/cwork/tests-build/Hadr01/Hadr01)
==639415==    by 0x4F676BA: __libc_start_main@@GLIBC_2.34 (in /usr/lib64/libc.so.6)
==639415==    by 0x59EF44: (below main) (in /home/vnivanch/cwork/tests-build/Hadr01/Hadr01)
==639415== 
==639415== 22 bytes in 1 blocks are still reachable in loss record 20 of 169
==639415==    at 0x4844F95: operator new(unsigned long) (vg_replace_malloc.c:483)
==639415==    by 0x9DE9F6: std::_Rb_tree_iterator<std::pair<G4String const, G4VBasePhysConstrFactory*> > std::_Rb_tree<G4String, std::pair<G4String const, G4VBasePhysConstrFactory*>, std::_Select1st<std::pair<G4String const, G4VBasePhysConstrFactory*> >, std::less<G4String>, std::allocator<std::pair<G4String const, G4VBasePhysConstrFactory*> > >::_M_emplace_hint_unique<std::piecewise_construct_t const&, std::tuple<G4String const&>, std::tuple<> >(std::_Rb_tree_const_iterator<std::pair<G4String const, G4VBasePhysConstrFactory*> >, std::piecewise_construct_t const&, std::tuple<G4String const&>&&, std::tuple<>&&) [clone .isra.0] (in /home/vnivanch/cwork/tests-build/Hadr01/Hadr01)
==639415==    by 0x9DEF77: G4PhysicsConstructorRegistry::AddFactory(G4String, G4VBasePhysConstrFactory*) (in /home/vnivanch/cwork/tests-build/Hadr01/Hadr01)
==639415==    by 0xA21D36: G4PhysicsConstructorFactory<G4HadronPhysicsNuBeam>::G4PhysicsConstructorFactory(G4String const&) (in /home/vnivanch/cwork/tests-build/Hadr01/Hadr01)
==639415==    by 0x540FD9: _GLOBAL__sub_I__ZGR28G4HadronPhysicsNuBeamFactory_ (in /home/vnivanch/cwork/tests-build/Hadr01/Hadr01)
==639415==    by 0x4F676BA: __libc_start_main@@GLIBC_2.34 (in /usr/lib64/libc.so.6)
==639415==    by 0x59EF44: (below main) (in /home/vnivanch/cwork/tests-build/Hadr01/Hadr01)
==639415== 
==639415== 22 bytes in 1 blocks are still reachable in loss record 21 of 169
==639415==    at 0x4844F95: operator new(unsigned long) (vg_replace_malloc.c:483)
==639415==    by 0x9DE9F6: std::_Rb_tree_iterator<std::pair<G4String const, G4VBasePhysConstrFactory*> > std::_Rb_tree<G4String, std::pair<G4String const, G4VBasePhysConstrFactory*>, std::_Select1st<std::pair<G4String const, G4VBasePhysConstrFactory*> >, std::less<G4String>, std::allocator<std::pair<G4String const, G4VBasePhysConstrFactory*> > >::_M_emplace_hint_unique<std::piecewise_construct_t const&, std::tuple<G4String const&>, std::tuple<> >(std::_Rb_tree_const_iterator<std::pair<G4String const, G4VBasePhysConstrFactory*> >, std::piecewise_construct_t const&, std::tuple<G4String const&>&&, std::tuple<>&&) [clone .isra.0] (in /home/vnivanch/cwork/tests-build/Hadr01/Hadr01)
==639415==    by 0x9DEF77: G4PhysicsConstructorRegistry::AddFactory(G4String, G4VBasePhysConstrFactory*) (in /home/vnivanch/cwork/tests-build/Hadr01/Hadr01)
==639415==    by 0xA22816: G4PhysicsConstructorFactory<G4HadronPhysicsINCLXX>::G4PhysicsConstructorFactory(G4String const&) (in /home/vnivanch/cwork/tests-build/Hadr01/Hadr01)
==639415==    by 0x541183: _GLOBAL__sub_I__ZGR28G4HadronPhysicsINCLXXFactory_ (in /home/vnivanch/cwork/tests-build/Hadr01/Hadr01)
==639415==    by 0x4F676BA: __libc_start_main@@GLIBC_2.34 (in /usr/lib64/libc.so.6)
==639415==    by 0x59EF44: (below main) (in /home/vnivanch/cwork/tests-build/Hadr01/Hadr01)
==639415== 
==639415== 22 bytes in 1 blocks are still reachable in loss record 22 of 169
==639415==    at 0x4844F95: operator new(unsigned long) (vg_replace_malloc.c:483)
==639415==    by 0xCC6F2E: G4CrossSectionFactoryRegistry::Register(G4String const&, G4VBaseXSFactory*) (in /home/vnivanch/cwork/tests-build/Hadr01/Hadr01)
==639415==    by 0x573E1C: _GLOBAL__sub_I__ZGR30G4ChipsHyperonElasticXSFactory_ (in /home/vnivanch/cwork/tests-build/Hadr01/Hadr01)
==639415==    by 0x4F676BA: __libc_start_main@@GLIBC_2.34 (in /usr/lib64/libc.so.6)
==639415==    by 0x59EF44: (below main) (in /home/vnivanch/cwork/tests-build/Hadr01/Hadr01)
==639415== 
==639415== 22 bytes in 1 blocks are still reachable in loss record 23 of 169
==639415==    at 0x4844F95: operator new(unsigned long) (vg_replace_malloc.c:483)
==639415==    by 0xCC6F2E: G4CrossSectionFactoryRegistry::Register(G4String const&, G4VBaseXSFactory*) (in /home/vnivanch/cwork/tests-build/Hadr01/Hadr01)
==639415==    by 0x5749DC: _GLOBAL__sub_I__ZGR30G4ChipsNeutronElasticXSFactory_ (in /home/vnivanch/cwork/tests-build/Hadr01/Hadr01)
==639415==    by 0x4F676BA: __libc_start_main@@GLIBC_2.34 (in /usr/lib64/libc.so.6)
==639415==    by 0x59EF44: (below main) (in /home/vnivanch/cwork/tests-build/Hadr01/Hadr01)
==639415== 
==639415== 22 bytes in 1 blocks are still reachable in loss record 24 of 169
==639415==    at 0x4844F95: operator new(unsigned long) (vg_replace_malloc.c:483)
==639415==    by 0xCC6F2E: G4CrossSectionFactoryRegistry::Register(G4String const&, G4VBaseXSFactory*) (in /home/vnivanch/cwork/tests-build/Hadr01/Hadr01)
==639415==    by 0x576137: _GLOBAL__sub_I__ZGR30G4KokoulinMuonNuclearXSFactory_ (in /home/vnivanch/cwork/tests-build/Hadr01/Hadr01)
==639415==    by 0x4F676BA: __libc_start_main@@GLIBC_2.34 (in /usr/lib64/libc.so.6)
==639415==    by 0x59EF44: (below main) (in /home/vnivanch/cwork/tests-build/Hadr01/Hadr01)
==639415== 
==639415== 23 bytes in 1 blocks are still reachable in loss record 25 of 169
==639415==    at 0x4844F95: operator new(unsigned long) (vg_replace_malloc.c:483)
==639415==    by 0x9DE9F6: std::_Rb_tree_iterator<std::pair<G4String const, G4VBasePhysConstrFactory*> > std::_Rb_tree<G4String, std::pair<G4String const, G4VBasePhysConstrFactory*>, std::_Select1st<std::pair<G4String const, G4VBasePhysConstrFactory*> >, std::less<G4String>, std::allocator<std::pair<G4String const, G4VBasePhysConstrFactory*> > >::_M_emplace_hint_unique<std::piecewise_construct_t const&, std::tuple<G4String const&>, std::tuple<> >(std::_Rb_tree_const_iterator<std::pair<G4String const, G4VBasePhysConstrFactory*> >, std::piecewise_construct_t const&, std::tuple<G4String const&>&&, std::tuple<>&&) [clone .isra.0] (in /home/vnivanch/cwork/tests-build/Hadr01/Hadr01)
==639415==    by 0x9DEF77: G4PhysicsConstructorRegistry::AddFactory(G4String, G4VBasePhysConstrFactory*) (in /home/vnivanch/cwork/tests-build/Hadr01/Hadr01)
==639415==    by 0x9E2FF6: G4PhysicsConstructorFactory<G4HadronElasticPhysics>::G4PhysicsConstructorFactory(G4String const&) (in /home/vnivanch/cwork/tests-build/Hadr01/Hadr01)
==639415==    by 0x53A6D9: _GLOBAL__sub_I__ZGR29G4HadronElasticPhysicsFactory_ (in /home/vnivanch/cwork/tests-build/Hadr01/Hadr01)
==639415==    by 0x4F676BA: __libc_start_main@@GLIBC_2.34 (in /usr/lib64/libc.so.6)
==639415==    by 0x59EF44: (below main) (in /home/vnivanch/cwork/tests-build/Hadr01/Hadr01)
==639415== 
==639415== 23 bytes in 1 blocks are still reachable in loss record 26 of 169
==639415==    at 0x4844F95: operator new(unsigned long) (vg_replace_malloc.c:483)
==639415==    by 0x9DE9F6: std::_Rb_tree_iterator<std::pair<G4String const, G4VBasePhysConstrFactory*> > std::_Rb_tree<G4String, std::pair<G4String const, G4VBasePhysConstrFactory*>, std::_Select1st<std::pair<G4String const, G4VBasePhysConstrFactory*> >, std::less<G4String>, std::allocator<std::pair<G4String const, G4VBasePhysConstrFactory*> > >::_M_emplace_hint_unique<std::piecewise_construct_t const&, std::tuple<G4String const&>, std::tuple<> >(std::_Rb_tree_const_iterator<std::pair<G4String const, G4VBasePhysConstrFactory*> >, std::piecewise_construct_t const&, std::tuple<G4String const&>&&, std::tuple<>&&) [clone .isra.0] (in /home/vnivanch/cwork/tests-build/Hadr01/Hadr01)
==639415==    by 0x9DEF77: G4PhysicsConstructorRegistry::AddFactory(G4String, G4VBasePhysConstrFactory*) (in /home/vnivanch/cwork/tests-build/Hadr01/Hadr01)
==639415==    by 0x9E6636: G4PhysicsConstructorFactory<G4HadronPhysicsFTF_BIC>::G4PhysicsConstructorFactory(G4String const&) (in /home/vnivanch/cwork/tests-build/Hadr01/Hadr01)
==639415==    by 0x53B0C9: _GLOBAL__sub_I__ZGR29G4HadronPhysicsFTF_BICFactory_ (in /home/vnivanch/cwork/tests-build/Hadr01/Hadr01)
==639415==    by 0x4F676BA: __libc_start_main@@GLIBC_2.34 (in /usr/lib64/libc.so.6)
==639415==    by 0x59EF44: (below main) (in /home/vnivanch/cwork/tests-build/Hadr01/Hadr01)
==639415== 
==639415== 23 bytes in 1 blocks are still reachable in loss record 27 of 169
==639415==    at 0x4844F95: operator new(unsigned long) (vg_replace_malloc.c:483)
==639415==    by 0x9DE9F6: std::_Rb_tree_iterator<std::pair<G4String const, G4VBasePhysConstrFactory*> > std::_Rb_tree<G4String, std::pair<G4String const, G4VBasePhysConstrFactory*>, std::_Select1st<std::pair<G4String const, G4VBasePhysConstrFactory*> >, std::less<G4String>, std::allocator<std::pair<G4String const, G4VBasePhysConstrFactory*> > >::_M_emplace_hint_unique<std::piecewise_construct_t const&, std::tuple<G4String const&>, std::tuple<> >(std::_Rb_tree_const_iterator<std::pair<G4String const, G4VBasePhysConstrFactory*> >, std::piecewise_construct_t const&, std::tuple<G4String const&>&&, std::tuple<>&&) [clone .isra.0] (in /home/vnivanch/cwork/tests-build/Hadr01/Hadr01)
==639415==    by 0x9DEF77: G4PhysicsConstructorRegistry::AddFactory(G4String, G4VBasePhysConstrFactory*) (in /home/vnivanch/cwork/tests-build/Hadr01/Hadr01)
==639415==    by 0x9E8106: G4PhysicsConstructorFactory<G4HadronPhysicsQGS_BIC>::G4PhysicsConstructorFactory(G4String const&) (in /home/vnivanch/cwork/tests-build/Hadr01/Hadr01)
==639415==    by 0x53B489: _GLOBAL__sub_I__ZGR29G4HadronPhysicsQGS_BICFactory_ (in /home/vnivanch/cwork/tests-build/Hadr01/Hadr01)
==639415==    by 0x4F676BA: __libc_start_main@@GLIBC_2.34 (in /usr/lib64/libc.so.6)
==639415==    by 0x59EF44: (below main) (in /home/vnivanch/cwork/tests-build/Hadr01/Hadr01)
==639415== 
==639415== 23 bytes in 1 blocks are still reachable in loss record 28 of 169
==639415==    at 0x4844F95: operator new(unsigned long) (vg_replace_malloc.c:483)
==639415==    by 0x9DE9F6: std::_Rb_tree_iterator<std::pair<G4String const, G4VBasePhysConstrFactory*> > std::_Rb_tree<G4String, std::pair<G4String const, G4VBasePhysConstrFactory*>, std::_Select1st<std::pair<G4String const, G4VBasePhysConstrFactory*> >, std::less<G4String>, std::allocator<std::pair<G4String const, G4VBasePhysConstrFactory*> > >::_M_emplace_hint_unique<std::piecewise_construct_t const&, std::tuple<G4String const&>, std::tuple<> >(std::_Rb_tree_const_iterator<std::pair<G4String const, G4VBasePhysConstrFactory*> >, std::piecewise_construct_t const&, std::tuple<G4String const&>&&, std::tuple<>&&) [clone .isra.0] (in /home/vnivanch/cwork/tests-build/Hadr01/Hadr01)
==639415==    by 0x9DEF77: G4PhysicsConstructorRegistry::AddFactory(G4String, G4VBasePhysConstrFactory*) (in /home/vnivanch/cwork/tests-build/Hadr01/Hadr01)
==639415==    by 0xA1C836: G4PhysicsConstructorFactory<G4EmStandardPhysicsWVI>::G4PhysicsConstructorFactory(G4String const&) (in /home/vnivanch/cwork/tests-build/Hadr01/Hadr01)
==639415==    by 0x53FF49: _GLOBAL__sub_I__ZGR29G4EmStandardPhysicsWVIFactory_ (in /home/vnivanch/cwork/tests-build/Hadr01/Hadr01)
==639415==    by 0x4F676BA: __libc_start_main@@GLIBC_2.34 (in /usr/lib64/libc.so.6)
==639415==    by 0x59EF44: (below main) (in /home/vnivanch/cwork/tests-build/Hadr01/Hadr01)
==639415== 
==639415== 23 bytes in 1 blocks are still reachable in loss record 29 of 169
==639415==    at 0x4844F95: operator new(unsigned long) (vg_replace_malloc.c:483)
==639415==    by 0xCC6F2E: G4CrossSectionFactoryRegistry::Register(G4String const&, G4VBaseXSFactory*) (in /home/vnivanch/cwork/tests-build/Hadr01/Hadr01)
==639415==    by 0x5743D5: _GLOBAL__sub_I__ZGR31G4ChipsKaonPlusElasticXSFactory_ (in /home/vnivanch/cwork/tests-build/Hadr01/Hadr01)
==639415==    by 0x4F676BA: __libc_start_main@@GLIBC_2.34 (in /usr/lib64/libc.so.6)
==639415==    by 0x59EF44: (below main) (in /home/vnivanch/cwork/tests-build/Hadr01/Hadr01)
==639415== 
==639415== 23 bytes in 1 blocks are still reachable in loss record 30 of 169
==639415==    at 0x4844F95: operator new(unsigned long) (vg_replace_malloc.c:483)
==639415==    by 0xCC6F2E: G4CrossSectionFactoryRegistry::Register(G4String const&, G4VBaseXSFactory*) (in /home/vnivanch/cwork/tests-build/Hadr01/Hadr01)
==639415==    by 0x5746BC: _GLOBAL__sub_I__ZGR31G4ChipsKaonZeroElasticXSFactory_ (in /home/vnivanch/cwork/tests-build/Hadr01/Hadr01)
==639415==    by 0x4F676BA: __libc_start_main@@GLIBC_2.34 (in /usr/lib64/libc.so.6)
==639415==    by 0x59EF44: (below main) (in /home/vnivanch/cwork/tests-build/Hadr01/Hadr01)
==639415== 
==639415== 23 bytes in 1 blocks are still reachable in loss record 31 of 169
==639415==    at 0x4844F95: operator new(unsigned long) (vg_replace_malloc.c:483)
==639415==    by 0xCC6F2E: G4CrossSectionFactoryRegistry::Register(G4String const&, G4VBaseXSFactory*) (in /home/vnivanch/cwork/tests-build/Hadr01/Hadr01)
==639415==    by 0x57501C: _GLOBAL__sub_I__ZGR31G4ChipsPionPlusElasticXSFactory_ (in /home/vnivanch/cwork/tests-build/Hadr01/Hadr01)
==639415==    by 0x4F676BA: __libc_start_main@@GLIBC_2.34 (in /usr/lib64/libc.so.6)
==639415==    by 0x59EF44: (below main) (in /home/vnivanch/cwork/tests-build/Hadr01/Hadr01)
==639415== 
==639415== 23 bytes in 1 blocks are still reachable in loss record 32 of 169
==639415==    at 0x4844F95: operator new(unsigned long) (vg_replace_malloc.c:483)
==639415==    by 0xCC6F2E: G4CrossSectionFactoryRegistry::Register(G4String const&, G4VBaseXSFactory*) (in /home/vnivanch/cwork/tests-build/Hadr01/Hadr01)
==639415==    by 0x5754C7: _GLOBAL__sub_I__ZGR31G4ChipsProtonInelasticXSFactory_ (in /home/vnivanch/cwork/tests-build/Hadr01/Hadr01)
==639415==    by 0x4F676BA: __libc_start_main@@GLIBC_2.34 (in /usr/lib64/libc.so.6)
==639415==    by 0x59EF44: (below main) (in /home/vnivanch/cwork/tests-build/Hadr01/Hadr01)
==639415== 
==639415== 24 bytes in 1 blocks are still reachable in loss record 33 of 169
==639415==    at 0x4844F95: operator new(unsigned long) (vg_replace_malloc.c:483)
==639415==    by 0x9DE9F6: std::_Rb_tree_iterator<std::pair<G4String const, G4VBasePhysConstrFactory*> > std::_Rb_tree<G4String, std::pair<G4String const, G4VBasePhysConstrFactory*>, std::_Select1st<std::pair<G4String const, G4VBasePhysConstrFactory*> >, std::less<G4String>, std::allocator<std::pair<G4String const, G4VBasePhysConstrFactory*> > >::_M_emplace_hint_unique<std::piecewise_construct_t const&, std::tuple<G4String const&>, std::tuple<> >(std::_Rb_tree_const_iterator<std::pair<G4String const, G4VBasePhysConstrFactory*> >, std::piecewise_construct_t const&, std::tuple<G4String const&>&&, std::tuple<>&&) [clone .isra.0] (in /home/vnivanch/cwork/tests-build/Hadr01/Hadr01)
==639415==    by 0x9DEF77: G4PhysicsConstructorRegistry::AddFactory(G4String, G4VBasePhysConstrFactory*) (in /home/vnivanch/cwork/tests-build/Hadr01/Hadr01)
==639415==    by 0x9E4AF6: G4PhysicsConstructorFactory<G4HadronHElasticPhysics>::G4PhysicsConstructorFactory(G4String const&) (in /home/vnivanch/cwork/tests-build/Hadr01/Hadr01)
==639415==    by 0x53AB89: _GLOBAL__sub_I__ZGR30G4HadronHElasticPhysicsFactory_ (in /home/vnivanch/cwork/tests-build/Hadr01/Hadr01)
==639415==    by 0x4F676BA: __libc_start_main@@GLIBC_2.34 (in /usr/lib64/libc.so.6)
==639415==    by 0x59EF44: (below main) (in /home/vnivanch/cwork/tests-build/Hadr01/Hadr01)
==639415== 
==639415== 24 bytes in 1 blocks are still reachable in loss record 34 of 169
==639415==    at 0x4844F95: operator new(unsigned long) (vg_replace_malloc.c:483)
==639415==    by 0x9DE9F6: std::_Rb_tree_iterator<std::pair<G4String const, G4VBasePhysConstrFactory*> > std::_Rb_tree<G4String, std::pair<G4String const, G4VBasePhysConstrFactory*>, std::_Select1st<std::pair<G4String const, G4VBasePhysConstrFactory*> >, std::less<G4String>, std::allocator<std::pair<G4String const, G4VBasePhysConstrFactory*> > >::_M_emplace_hint_unique<std::piecewise_construct_t const&, std::tuple<G4String const&>, std::tuple<> >(std::_Rb_tree_const_iterator<std::pair<G4String const, G4VBasePhysConstrFactory*> >, std::piecewise_construct_t const&, std::tuple<G4String const&>&&, std::tuple<>&&) [clone .isra.0] (in /home/vnivanch/cwork/tests-build/Hadr01/Hadr01)
==639415==    by 0x9DEF77: G4PhysicsConstructorRegistry::AddFactory(G4String, G4VBasePhysConstrFactory*) (in /home/vnivanch/cwork/tests-build/Hadr01/Hadr01)
==639415==    by 0x9EA036: G4PhysicsConstructorFactory<G4HadronPhysicsQGSP_BIC>::G4PhysicsConstructorFactory(G4String const&) (in /home/vnivanch/cwork/tests-build/Hadr01/Hadr01)
==639415==    by 0x53B939: _GLOBAL__sub_I__ZGR30G4HadronPhysicsQGSP_BICFactory_ (in /home/vnivanch/cwork/tests-build/Hadr01/Hadr01)
==639415==    by 0x4F676BA: __libc_start_main@@GLIBC_2.34 (in /usr/lib64/libc.so.6)
==639415==    by 0x59EF44: (below main) (in /home/vnivanch/cwork/tests-build/Hadr01/Hadr01)
==639415== 
==639415== 24 bytes in 1 blocks are still reachable in loss record 35 of 169
==639415==    at 0x4844F95: operator new(unsigned long) (vg_replace_malloc.c:483)
==639415==    by 0x9DE9F6: std::_Rb_tree_iterator<std::pair<G4String const, G4VBasePhysConstrFactory*> > std::_Rb_tree<G4String, std::pair<G4String const, G4VBasePhysConstrFactory*>, std::_Select1st<std::pair<G4String const, G4VBasePhysConstrFactory*> >, std::less<G4String>, std::allocator<std::pair<G4String const, G4VBasePhysConstrFactory*> > >::_M_emplace_hint_unique<std::piecewise_construct_t const&, std::tuple<G4String const&>, std::tuple<> >(std::_Rb_tree_const_iterator<std::pair<G4String const, G4VBasePhysConstrFactory*> >, std::piecewise_construct_t const&, std::tuple<G4String const&>&&, std::tuple<>&&) [clone .isra.0] (in /home/vnivanch/cwork/tests-build/Hadr01/Hadr01)
==639415==    by 0x9DEF77: G4PhysicsConstructorRegistry::AddFactory(G4String, G4VBasePhysConstrFactory*) (in /home/vnivanch/cwork/tests-build/Hadr01/Hadr01)
==639415==    by 0x540559: _GLOBAL__sub_I__ZGR30G4ChargeExchangePhysicsFactory_ (in /home/vnivanch/cwork/tests-build/Hadr01/Hadr01)
==639415==    by 0x4F676BA: __libc_start_main@@GLIBC_2.34 (in /usr/lib64/libc.so.6)
==639415==    by 0x59EF44: (below main) (in /home/vnivanch/cwork/tests-build/Hadr01/Hadr01)
==639415== 
==639415== 24 bytes in 1 blocks are still reachable in loss record 36 of 169
==639415==    at 0x4844F95: operator new(unsigned long) (vg_replace_malloc.c:483)
==639415==    by 0xCC6F2E: G4CrossSectionFactoryRegistry::Register(G4String const&, G4VBaseXSFactory*) (in /home/vnivanch/cwork/tests-build/Hadr01/Hadr01)
==639415==    by 0x573FA7: _GLOBAL__sub_I__ZGR32G4ChipsHyperonInelasticXSFactory_ (in /home/vnivanch/cwork/tests-build/Hadr01/Hadr01)
==639415==    by 0x4F676BA: __libc_start_main@@GLIBC_2.34 (in /usr/lib64/libc.so.6)
==639415==    by 0x59EF44: (below main) (in /home/vnivanch/cwork/tests-build/Hadr01/Hadr01)
==639415== 
==639415== 24 bytes in 1 blocks are still reachable in loss record 37 of 169
==639415==    at 0x4844F95: operator new(unsigned long) (vg_replace_malloc.c:483)
==639415==    by 0xCC6F2E: G4CrossSectionFactoryRegistry::Register(G4String const&, G4VBaseXSFactory*) (in /home/vnivanch/cwork/tests-build/Hadr01/Hadr01)
==639415==    by 0x5740F5: _GLOBAL__sub_I__ZGR32G4ChipsKaonMinusElasticXSFactory_ (in /home/vnivanch/cwork/tests-build/Hadr01/Hadr01)
==639415==    by 0x4F676BA: __libc_start_main@@GLIBC_2.34 (in /usr/lib64/libc.so.6)
==639415==    by 0x59EF44: (below main) (in /home/vnivanch/cwork/tests-build/Hadr01/Hadr01)
==639415== 
==639415== 24 bytes in 1 blocks are still reachable in loss record 38 of 169
==639415==    at 0x4844F95: operator new(unsigned long) (vg_replace_malloc.c:483)
==639415==    by 0xCC6F2E: G4CrossSectionFactoryRegistry::Register(G4String const&, G4VBaseXSFactory*) (in /home/vnivanch/cwork/tests-build/Hadr01/Hadr01)
==639415==    by 0x574B67: _GLOBAL__sub_I__ZGR32G4ChipsNeutronInelasticXSFactory_ (in /home/vnivanch/cwork/tests-build/Hadr01/Hadr01)
==639415==    by 0x4F676BA: __libc_start_main@@GLIBC_2.34 (in /usr/lib64/libc.so.6)
==639415==    by 0x59EF44: (below main) (in /home/vnivanch/cwork/tests-build/Hadr01/Hadr01)
==639415== 
==639415== 24 bytes in 1 blocks are still reachable in loss record 39 of 169
==639415==    at 0x4844F95: operator new(unsigned long) (vg_replace_malloc.c:483)
==639415==    by 0xCC6F2E: G4CrossSectionFactoryRegistry::Register(G4String const&, G4VBaseXSFactory*) (in /home/vnivanch/cwork/tests-build/Hadr01/Hadr01)
==639415==    by 0x574CFC: _GLOBAL__sub_I__ZGR32G4ChipsPionMinusElasticXSFactory_ (in /home/vnivanch/cwork/tests-build/Hadr01/Hadr01)
==639415==    by 0x4F676BA: __libc_start_main@@GLIBC_2.34 (in /usr/lib64/libc.so.6)
==639415==    by 0x59EF44: (below main) (in /home/vnivanch/cwork/tests-build/Hadr01/Hadr01)
==639415== 
==639415== 24 bytes in 1 blocks are still reachable in loss record 40 of 169
==639415==    at 0x4844F95: operator new(unsigned long) (vg_replace_malloc.c:483)
==639415==    by 0xB10973: G4VRangeToEnergyConverter::FillEnergyVector(double, double) (in /home/vnivanch/cwork/tests-build/Hadr01/Hadr01)
==639415==    by 0xA67678: G4VUserPhysicsList::G4VUserPhysicsList() (in /home/vnivanch/cwork/tests-build/Hadr01/Hadr01)
==639415==    by 0x9F7E3C: QBBC::QBBC(int, G4String const&) (in /home/vnivanch/cwork/tests-build/Hadr01/Hadr01)
==639415==    by 0x9ED7AB: G4PhysListFactory::GetReferencePhysList(G4String const&) (in /home/vnivanch/cwork/tests-build/Hadr01/Hadr01)
==639415==    by 0x59F2B0: main (in /home/vnivanch/cwork/tests-build/Hadr01/Hadr01)
==639415== 
==639415== 25 bytes in 1 blocks are still reachable in loss record 41 of 169
==639415==    at 0x4844F95: operator new(unsigned long) (vg_replace_malloc.c:483)
==639415==    by 0x9DE9F6: std::_Rb_tree_iterator<std::pair<G4String const, G4VBasePhysConstrFactory*> > std::_Rb_tree<G4String, std::pair<G4String const, G4VBasePhysConstrFactory*>, std::_Select1st<std::pair<G4String const, G4VBasePhysConstrFactory*> >, std::less<G4String>, std::allocator<std::pair<G4String const, G4VBasePhysConstrFactory*> > >::_M_emplace_hint_unique<std::piecewise_construct_t const&, std::tuple<G4String const&>, std::tuple<> >(std::_Rb_tree_const_iterator<std::pair<G4String const, G4VBasePhysConstrFactory*> >, std::piecewise_construct_t const&, std::tuple<G4String const&>&&, std::tuple<>&&) [clone .isra.0] (in /home/vnivanch/cwork/tests-build/Hadr01/Hadr01)
==639415==    by 0x9DEF77: G4PhysicsConstructorRegistry::AddFactory(G4String, G4VBasePhysConstrFactory*) (in /home/vnivanch/cwork/tests-build/Hadr01/Hadr01)
==639415==    by 0x9E3406: G4PhysicsConstructorFactory<G4HadronElasticPhysicsHP>::G4PhysicsConstructorFactory(G4String const&) (in /home/vnivanch/cwork/tests-build/Hadr01/Hadr01)
==639415==    by 0x53A883: _GLOBAL__sub_I__ZGR31G4HadronElasticPhysicsHPFactory_ (in /home/vnivanch/cwork/tests-build/Hadr01/Hadr01)
==639415==    by 0x4F676BA: __libc_start_main@@GLIBC_2.34 (in /usr/lib64/libc.so.6)
==639415==    by 0x59EF44: (below main) (in /home/vnivanch/cwork/tests-build/Hadr01/Hadr01)
==639415== 
==639415== 25 bytes in 1 blocks are still reachable in loss record 42 of 169
==639415==    at 0x4844F95: operator new(unsigned long) (vg_replace_malloc.c:483)
==639415==    by 0x9DE9F6: std::_Rb_tree_iterator<std::pair<G4String const, G4VBasePhysConstrFactory*> > std::_Rb_tree<G4String, std::pair<G4String const, G4VBasePhysConstrFactory*>, std::_Select1st<std::pair<G4String const, G4VBasePhysConstrFactory*> >, std::less<G4String>, std::allocator<std::pair<G4String const, G4VBasePhysConstrFactory*> > >::_M_emplace_hint_unique<std::piecewise_construct_t const&, std::tuple<G4String const&>, std::tuple<> >(std::_Rb_tree_const_iterator<std::pair<G4String const, G4VBasePhysConstrFactory*> >, std::piecewise_construct_t const&, std::tuple<G4String const&>&&, std::tuple<>&&) [clone .isra.0] (in /home/vnivanch/cwork/tests-build/Hadr01/Hadr01)
==639415==    by 0x9DEF77: G4PhysicsConstructorRegistry::AddFactory(G4String, G4VBasePhysConstrFactory*) (in /home/vnivanch/cwork/tests-build/Hadr01/Hadr01)
==639415==    by 0x9E3776: G4PhysicsConstructorFactory<G4HadronElasticPhysicsXS>::G4PhysicsConstructorFactory(G4String const&) (in /home/vnivanch/cwork/tests-build/Hadr01/Hadr01)
==639415==    by 0x53AA09: _GLOBAL__sub_I__ZGR31G4HadronElasticPhysicsXSFactory_ (in /home/vnivanch/cwork/tests-build/Hadr01/Hadr01)
==639415==    by 0x4F676BA: __libc_start_main@@GLIBC_2.34 (in /usr/lib64/libc.so.6)
==639415==    by 0x59EF44: (below main) (in /home/vnivanch/cwork/tests-build/Hadr01/Hadr01)
==639415== 
==639415== 25 bytes in 1 blocks are still reachable in loss record 43 of 169
==639415==    at 0x4844F95: operator new(unsigned long) (vg_replace_malloc.c:483)
==639415==    by 0x9DE9F6: std::_Rb_tree_iterator<std::pair<G4String const, G4VBasePhysConstrFactory*> > std::_Rb_tree<G4String, std::pair<G4String const, G4VBasePhysConstrFactory*>, std::_Select1st<std::pair<G4String const, G4VBasePhysConstrFactory*> >, std::less<G4String>, std::allocator<std::pair<G4String const, G4VBasePhysConstrFactory*> > >::_M_emplace_hint_unique<std::piecewise_construct_t const&, std::tuple<G4String const&>, std::tuple<> >(std::_Rb_tree_const_iterator<std::pair<G4String const, G4VBasePhysConstrFactory*> >, std::piecewise_construct_t const&, std::tuple<G4String const&>&&, std::tuple<>&&) [clone .isra.0] (in /home/vnivanch/cwork/tests-build/Hadr01/Hadr01)
==639415==    by 0x9DEF77: G4PhysicsConstructorRegistry::AddFactory(G4String, G4VBasePhysConstrFactory*) (in /home/vnivanch/cwork/tests-build/Hadr01/Hadr01)
==639415==    by 0x9E7576: G4PhysicsConstructorFactory<G4HadronPhysicsFTFP_BERT>::G4PhysicsConstructorFactory(G4String const&) (in /home/vnivanch/cwork/tests-build/Hadr01/Hadr01)
==639415==    by 0x53B249: _GLOBAL__sub_I__ZGR31G4HadronPhysicsFTFP_BERTFactory_ (in /home/vnivanch/cwork/tests-build/Hadr01/Hadr01)
==639415==    by 0x4F676BA: __libc_start_main@@GLIBC_2.34 (in /usr/lib64/libc.so.6)
==639415==    by 0x59EF44: (below main) (in /home/vnivanch/cwork/tests-build/Hadr01/Hadr01)
==639415== 
==639415== 25 bytes in 1 blocks are still reachable in loss record 44 of 169
==639415==    at 0x4844F95: operator new(unsigned long) (vg_replace_malloc.c:483)
==639415==    by 0x9DE9F6: std::_Rb_tree_iterator<std::pair<G4String const, G4VBasePhysConstrFactory*> > std::_Rb_tree<G4String, std::pair<G4String const, G4VBasePhysConstrFactory*>, std::_Select1st<std::pair<G4String const, G4VBasePhysConstrFactory*> >, std::less<G4String>, std::allocator<std::pair<G4String const, G4VBasePhysConstrFactory*> > >::_M_emplace_hint_unique<std::piecewise_construct_t const&, std::tuple<G4String const&>, std::tuple<> >(std::_Rb_tree_const_iterator<std::pair<G4String const, G4VBasePhysConstrFactory*> >, std::piecewise_construct_t const&, std::tuple<G4String const&>&&, std::tuple<>&&) [clone .isra.0] (in /home/vnivanch/cwork/tests-build/Hadr01/Hadr01)
==639415==    by 0x9DEF77: G4PhysicsConstructorRegistry::AddFactory(G4String, G4VBasePhysConstrFactory*) (in /home/vnivanch/cwork/tests-build/Hadr01/Hadr01)
==639415==    by 0x9E8F06: G4PhysicsConstructorFactory<G4HadronPhysicsQGSP_BERT>::G4PhysicsConstructorFactory(G4String const&) (in /home/vnivanch/cwork/tests-build/Hadr01/Hadr01)
==639415==    by 0x53B609: _GLOBAL__sub_I__ZGR31G4HadronPhysicsQGSP_BERTFactory_ (in /home/vnivanch/cwork/tests-build/Hadr01/Hadr01)
==639415==    by 0x4F676BA: __libc_start_main@@GLIBC_2.34 (in /usr/lib64/libc.so.6)
==639415==    by 0x59EF44: (below main) (in /home/vnivanch/cwork/tests-build/Hadr01/Hadr01)
==639415== 
==639415== 25 bytes in 1 blocks are still reachable in loss record 45 of 169
==639415==    at 0x4844F95: operator new(unsigned long) (vg_replace_malloc.c:483)
==639415==    by 0x9DE9F6: std::_Rb_tree_iterator<std::pair<G4String const, G4VBasePhysConstrFactory*> > std::_Rb_tree<G4String, std::pair<G4String const, G4VBasePhysConstrFactory*>, std::_Select1st<std::pair<G4String const, G4VBasePhysConstrFactory*> >, std::less<G4String>, std::allocator<std::pair<G4String const, G4VBasePhysConstrFactory*> > >::_M_emplace_hint_unique<std::piecewise_construct_t const&, std::tuple<G4String const&>, std::tuple<> >(std::_Rb_tree_const_iterator<std::pair<G4String const, G4VBasePhysConstrFactory*> >, std::piecewise_construct_t const&, std::tuple<G4String const&>&&, std::tuple<>&&) [clone .isra.0] (in /home/vnivanch/cwork/tests-build/Hadr01/Hadr01)
==639415==    by 0x9DEF77: G4PhysicsConstructorRegistry::AddFactory(G4String, G4VBasePhysConstrFactory*) (in /home/vnivanch/cwork/tests-build/Hadr01/Hadr01)
==639415==    by 0xA21416: G4PhysicsConstructorFactory<G4HadronElasticPhysicsVI>::G4PhysicsConstructorFactory(G4String const&) (in /home/vnivanch/cwork/tests-build/Hadr01/Hadr01)
==639415==    by 0x540CD3: _GLOBAL__sub_I__ZGR31G4HadronElasticPhysicsVIFactory_ (in /home/vnivanch/cwork/tests-build/Hadr01/Hadr01)
==639415==    by 0x4F676BA: __libc_start_main@@GLIBC_2.34 (in /usr/lib64/libc.so.6)
==639415==    by 0x59EF44: (below main) (in /home/vnivanch/cwork/tests-build/Hadr01/Hadr01)
==639415== 
==639415== 25 bytes in 1 blocks are still reachable in loss record 46 of 169
==639415==    at 0x4844F95: operator new(unsigned long) (vg_replace_malloc.c:483)
==639415==    by 0x9DE9F6: std::_Rb_tree_iterator<std::pair<G4String const, G4VBasePhysConstrFactory*> > std::_Rb_tree<G4String, std::pair<G4String const, G4VBasePhysConstrFactory*>, std::_Select1st<std::pair<G4String const, G4VBasePhysConstrFactory*> >, std::less<G4String>, std::allocator<std::pair<G4String const, G4VBasePhysConstrFactory*> > >::_M_emplace_hint_unique<std::piecewise_construct_t const&, std::tuple<G4String const&>, std::tuple<> >(std::_Rb_tree_const_iterator<std::pair<G4String const, G4VBasePhysConstrFactory*> >, std::piecewise_construct_t const&, std::tuple<G4String const&>&&, std::tuple<>&&) [clone .isra.0] (in /home/vnivanch/cwork/tests-build/Hadr01/Hadr01)
==639415==    by 0x9DEF77: G4PhysicsConstructorRegistry::AddFactory(G4String, G4VBasePhysConstrFactory*) (in /home/vnivanch/cwork/tests-build/Hadr01/Hadr01)
==639415==    by 0xA23036: G4PhysicsConstructorFactory<G4HadronPhysicsShielding>::G4PhysicsConstructorFactory(G4String const&) (in /home/vnivanch/cwork/tests-build/Hadr01/Hadr01)
==639415==    by 0x541333: _GLOBAL__sub_I__ZGR31G4HadronPhysicsShieldingFactory_ (in /home/vnivanch/cwork/tests-build/Hadr01/Hadr01)
==639415==    by 0x4F676BA: __libc_start_main@@GLIBC_2.34 (in /usr/lib64/libc.so.6)
==639415==    by 0x59EF44: (below main) (in /home/vnivanch/cwork/tests-build/Hadr01/Hadr01)
==639415== 
==639415== 25 bytes in 1 blocks are still reachable in loss record 47 of 169
==639415==    at 0x4844F95: operator new(unsigned long) (vg_replace_malloc.c:483)
==639415==    by 0xCC6F2E: G4CrossSectionFactoryRegistry::Register(G4String const&, G4VBaseXSFactory*) (in /home/vnivanch/cwork/tests-build/Hadr01/Hadr01)
==639415==    by 0x573AFC: _GLOBAL__sub_I__ZGR33G4ChipsAntiBaryonElasticXSFactory_ (in /home/vnivanch/cwork/tests-build/Hadr01/Hadr01)
==639415==    by 0x4F676BA: __libc_start_main@@GLIBC_2.34 (in /usr/lib64/libc.so.6)
==639415==    by 0x59EF44: (below main) (in /home/vnivanch/cwork/tests-build/Hadr01/Hadr01)
==639415== 
==639415== 25 bytes in 1 blocks are still reachable in loss record 48 of 169
==639415==    at 0x4844F95: operator new(unsigned long) (vg_replace_malloc.c:483)
==639415==    by 0xCC6F2E: G4CrossSectionFactoryRegistry::Register(G4String const&, G4VBaseXSFactory*) (in /home/vnivanch/cwork/tests-build/Hadr01/Hadr01)
==639415==    by 0x574520: _GLOBAL__sub_I__ZGR33G4ChipsKaonPlusInelasticXSFactory_ (in /home/vnivanch/cwork/tests-build/Hadr01/Hadr01)
==639415==    by 0x4F676BA: __libc_start_main@@GLIBC_2.34 (in /usr/lib64/libc.so.6)
==639415==    by 0x59EF44: (below main) (in /home/vnivanch/cwork/tests-build/Hadr01/Hadr01)
==639415== 
==639415== 25 bytes in 1 blocks are still reachable in loss record 49 of 169
==639415==    at 0x4844F95: operator new(unsigned long) (vg_replace_malloc.c:483)
==639415==    by 0xCC6F2E: G4CrossSectionFactoryRegistry::Register(G4String const&, G4VBaseXSFactory*) (in /home/vnivanch/cwork/tests-build/Hadr01/Hadr01)
==639415==    by 0x574847: _GLOBAL__sub_I__ZGR33G4ChipsKaonZeroInelasticXSFactory_ (in /home/vnivanch/cwork/tests-build/Hadr01/Hadr01)
==639415==    by 0x4F676BA: __libc_start_main@@GLIBC_2.34 (in /usr/lib64/libc.so.6)
==639415==    by 0x59EF44: (below main) (in /home/vnivanch/cwork/tests-build/Hadr01/Hadr01)
==639415== 
==639415== 25 bytes in 1 blocks are still reachable in loss record 50 of 169
==639415==    at 0x4844F95: operator new(unsigned long) (vg_replace_malloc.c:483)
==639415==    by 0xCC6F2E: G4CrossSectionFactoryRegistry::Register(G4String const&, G4VBaseXSFactory*) (in /home/vnivanch/cwork/tests-build/Hadr01/Hadr01)
==639415==    by 0x5751A7: _GLOBAL__sub_I__ZGR33G4ChipsPionPlusInelasticXSFactory_ (in /home/vnivanch/cwork/tests-build/Hadr01/Hadr01)
==639415==    by 0x4F676BA: __libc_start_main@@GLIBC_2.34 (in /usr/lib64/libc.so.6)
==639415==    by 0x59EF44: (below main) (in /home/vnivanch/cwork/tests-build/Hadr01/Hadr01)
==639415== 
==639415== 25 bytes in 1 blocks are still reachable in loss record 51 of 169
==639415==    at 0x4844F95: operator new(unsigned long) (vg_replace_malloc.c:483)
==639415==    by 0xA59500: void G4EnvSettings::insert<int>(std::__cxx11::basic_string<char, std::char_traits<char>, std::allocator<char> > const&, int) (in /home/vnivanch/cwork/tests-build/Hadr01/Hadr01)
==639415==    by 0xA5A053: int G4GetEnv<int>(std::__cxx11::basic_string<char, std::char_traits<char>, std::allocator<char> > const&, int) (in /home/vnivanch/cwork/tests-build/Hadr01/Hadr01)
==639415==    by 0xF3DC8A: G4HadronicParameters::G4HadronicParameters() (in /home/vnivanch/cwork/tests-build/Hadr01/Hadr01)
==639415==    by 0xF3E4F7: G4HadronicParameters::Instance() (in /home/vnivanch/cwork/tests-build/Hadr01/Hadr01)
==639415==    by 0x9FE542: G4PhysListUtil::InitialiseParameters() (in /home/vnivanch/cwork/tests-build/Hadr01/Hadr01)
==639415==    by 0x9CCE3E: G4DecayPhysics::G4DecayPhysics(int) (in /home/vnivanch/cwork/tests-build/Hadr01/Hadr01)
==639415==    by 0x9F7F50: QBBC::QBBC(int, G4String const&) (in /home/vnivanch/cwork/tests-build/Hadr01/Hadr01)
==639415==    by 0x9ED7AB: G4PhysListFactory::GetReferencePhysList(G4String const&) (in /home/vnivanch/cwork/tests-build/Hadr01/Hadr01)
==639415==    by 0x59F2B0: main (in /home/vnivanch/cwork/tests-build/Hadr01/Hadr01)
==639415== 
==639415== 26 bytes in 1 blocks are still reachable in loss record 52 of 169
==639415==    at 0x4844F95: operator new(unsigned long) (vg_replace_malloc.c:483)
==639415==    by 0x9DE9F6: std::_Rb_tree_iterator<std::pair<G4String const, G4VBasePhysConstrFactory*> > std::_Rb_tree<G4String, std::pair<G4String const, G4VBasePhysConstrFactory*>, std::_Select1st<std::pair<G4String const, G4VBasePhysConstrFactory*> >, std::less<G4String>, std::allocator<std::pair<G4String const, G4VBasePhysConstrFactory*> > >::_M_emplace_hint_unique<std::piecewise_construct_t const&, std::tuple<G4String const&>, std::tuple<> >(std::_Rb_tree_const_iterator<std::pair<G4String const, G4VBasePhysConstrFactory*> >, std::piecewise_construct_t const&, std::tuple<G4String const&>&&, std::tuple<>&&) [clone .isra.0] (in /home/vnivanch/cwork/tests-build/Hadr01/Hadr01)
==639415==    by 0x9DEF77: G4PhysicsConstructorRegistry::AddFactory(G4String, G4VBasePhysConstrFactory*) (in /home/vnivanch/cwork/tests-build/Hadr01/Hadr01)
==639415==    by 0x9CD3D6: G4PhysicsConstructorFactory<G4RadioactiveDecayPhysics>::G4PhysicsConstructorFactory(G4String const&) (in /home/vnivanch/cwork/tests-build/Hadr01/Hadr01)
==639415==    by 0x53978D: _GLOBAL__sub_I__ZGR32G4RadioactiveDecayPhysicsFactory_ (in /home/vnivanch/cwork/tests-build/Hadr01/Hadr01)
==639415==    by 0x4F676BA: __libc_start_main@@GLIBC_2.34 (in /usr/lib64/libc.so.6)
==639415==    by 0x59EF44: (below main) (in /home/vnivanch/cwork/tests-build/Hadr01/Hadr01)
==639415== 
==639415== 26 bytes in 1 blocks are still reachable in loss record 53 of 169
==639415==    at 0x4844F95: operator new(unsigned long) (vg_replace_malloc.c:483)
==639415==    by 0x9DE9F6: std::_Rb_tree_iterator<std::pair<G4String const, G4VBasePhysConstrFactory*> > std::_Rb_tree<G4String, std::pair<G4String const, G4VBasePhysConstrFactory*>, std::_Select1st<std::pair<G4String const, G4VBasePhysConstrFactory*> >, std::less<G4String>, std::allocator<std::pair<G4String const, G4VBasePhysConstrFactory*> > >::_M_emplace_hint_unique<std::piecewise_construct_t const&, std::tuple<G4String const&>, std::tuple<> >(std::_Rb_tree_const_iterator<std::pair<G4String const, G4VBasePhysConstrFactory*> >, std::piecewise_construct_t const&, std::tuple<G4String const&>&&, std::tuple<>&&) [clone .isra.0] (in /home/vnivanch/cwork/tests-build/Hadr01/Hadr01)
==639415==    by 0x9DEF77: G4PhysicsConstructorRegistry::AddFactory(G4String, G4VBasePhysConstrFactory*) (in /home/vnivanch/cwork/tests-build/Hadr01/Hadr01)
==639415==    by 0xA20326: G4PhysicsConstructorFactory<G4HadronElasticPhysicsHPT>::G4PhysicsConstructorFactory(G4String const&) (in /home/vnivanch/cwork/tests-build/Hadr01/Hadr01)
==639415==    by 0x540737: _GLOBAL__sub_I__ZGR32G4HadronElasticPhysicsHPTFactory_ (in /home/vnivanch/cwork/tests-build/Hadr01/Hadr01)
==639415==    by 0x4F676BA: __libc_start_main@@GLIBC_2.34 (in /usr/lib64/libc.so.6)
==639415==    by 0x59EF44: (below main) (in /home/vnivanch/cwork/tests-build/Hadr01/Hadr01)
==639415== 
==639415== 26 bytes in 1 blocks are still reachable in loss record 54 of 169
==639415==    at 0x4844F95: operator new(unsigned long) (vg_replace_malloc.c:483)
==639415==    by 0x9DE9F6: std::_Rb_tree_iterator<std::pair<G4String const, G4VBasePhysConstrFactory*> > std::_Rb_tree<G4String, std::pair<G4String const, G4VBasePhysConstrFactory*>, std::_Select1st<std::pair<G4String const, G4VBasePhysConstrFactory*> >, std::less<G4String>, std::allocator<std::pair<G4String const, G4VBasePhysConstrFactory*> > >::_M_emplace_hint_unique<std::piecewise_construct_t const&, std::tuple<G4String const&>, std::tuple<> >(std::_Rb_tree_const_iterator<std::pair<G4String const, G4VBasePhysConstrFactory*> >, std::piecewise_construct_t const&, std::tuple<G4String const&>&&, std::tuple<>&&) [clone .isra.0] (in /home/vnivanch/cwork/tests-build/Hadr01/Hadr01)
==639415==    by 0x9DEF77: G4PhysicsConstructorRegistry::AddFactory(G4String, G4VBasePhysConstrFactory*) (in /home/vnivanch/cwork/tests-build/Hadr01/Hadr01)
==639415==    by 0xA20F46: G4PhysicsConstructorFactory<G4HadronElasticPhysicsPHP>::G4PhysicsConstructorFactory(G4String const&) (in /home/vnivanch/cwork/tests-build/Hadr01/Hadr01)
==639415==    by 0x540B21: _GLOBAL__sub_I__ZGR32G4HadronElasticPhysicsPHPFactory_ (in /home/vnivanch/cwork/tests-build/Hadr01/Hadr01)
==639415==    by 0x4F676BA: __libc_start_main@@GLIBC_2.34 (in /usr/lib64/libc.so.6)
==639415==    by 0x59EF44: (below main) (in /home/vnivanch/cwork/tests-build/Hadr01/Hadr01)
==639415== 
==639415== 26 bytes in 1 blocks are still reachable in loss record 55 of 169
==639415==    at 0x4844F95: operator new(unsigned long) (vg_replace_malloc.c:483)
==639415==    by 0xCC6F2E: G4CrossSectionFactoryRegistry::Register(G4String const&, G4VBaseXSFactory*) (in /home/vnivanch/cwork/tests-build/Hadr01/Hadr01)
==639415==    by 0x574285: _GLOBAL__sub_I__ZGR34G4ChipsKaonMinusInelasticXSFactory_ (in /home/vnivanch/cwork/tests-build/Hadr01/Hadr01)
==639415==    by 0x4F676BA: __libc_start_main@@GLIBC_2.34 (in /usr/lib64/libc.so.6)
==639415==    by 0x59EF44: (below main) (in /home/vnivanch/cwork/tests-build/Hadr01/Hadr01)
==639415== 
==639415== 26 bytes in 1 blocks are still reachable in loss record 56 of 169
==639415==    at 0x4844F95: operator new(unsigned long) (vg_replace_malloc.c:483)
==639415==    by 0xCC6F2E: G4CrossSectionFactoryRegistry::Register(G4String const&, G4VBaseXSFactory*) (in /home/vnivanch/cwork/tests-build/Hadr01/Hadr01)
==639415==    by 0x574E85: _GLOBAL__sub_I__ZGR34G4ChipsPionMinusInelasticXSFactory_ (in /home/vnivanch/cwork/tests-build/Hadr01/Hadr01)
==639415==    by 0x4F676BA: __libc_start_main@@GLIBC_2.34 (in /usr/lib64/libc.so.6)
==639415==    by 0x59EF44: (below main) (in /home/vnivanch/cwork/tests-build/Hadr01/Hadr01)
==639415== 
==639415== 27 bytes in 1 blocks are still reachable in loss record 57 of 169
==639415==    at 0x4844F95: operator new(unsigned long) (vg_replace_malloc.c:483)
==639415==    by 0x9DE9F6: std::_Rb_tree_iterator<std::pair<G4String const, G4VBasePhysConstrFactory*> > std::_Rb_tree<G4String, std::pair<G4String const, G4VBasePhysConstrFactory*>, std::_Select1st<std::pair<G4String const, G4VBasePhysConstrFactory*> >, std::less<G4String>, std::allocator<std::pair<G4String const, G4VBasePhysConstrFactory*> > >::_M_emplace_hint_unique<std::piecewise_construct_t const&, std::tuple<G4String const&>, std::tuple<> >(std::_Rb_tree_const_iterator<std::pair<G4String const, G4VBasePhysConstrFactory*> >, std::piecewise_construct_t const&, std::tuple<G4String const&>&&, std::tuple<>&&) [clone .isra.0] (in /home/vnivanch/cwork/tests-build/Hadr01/Hadr01)
==639415==    by 0x9DEF77: G4PhysicsConstructorRegistry::AddFactory(G4String, G4VBasePhysConstrFactory*) (in /home/vnivanch/cwork/tests-build/Hadr01/Hadr01)
==639415==    by 0x9EA576: G4PhysicsConstructorFactory<G4HadronPhysicsQGSP_BIC_HP>::G4PhysicsConstructorFactory(G4String const&) (in /home/vnivanch/cwork/tests-build/Hadr01/Hadr01)
==639415==    by 0x53BAE1: _GLOBAL__sub_I__ZGR33G4HadronPhysicsQGSP_BIC_HPFactory_ (in /home/vnivanch/cwork/tests-build/Hadr01/Hadr01)
==639415==    by 0x4F676BA: __libc_start_main@@GLIBC_2.34 (in /usr/lib64/libc.so.6)
==639415==    by 0x59EF44: (below main) (in /home/vnivanch/cwork/tests-build/Hadr01/Hadr01)
==639415== 
==639415== 27 bytes in 1 blocks are still reachable in loss record 58 of 169
==639415==    at 0x4844F95: operator new(unsigned long) (vg_replace_malloc.c:483)
==639415==    by 0x9DE9F6: std::_Rb_tree_iterator<std::pair<G4String const, G4VBasePhysConstrFactory*> > std::_Rb_tree<G4String, std::pair<G4String const, G4VBasePhysConstrFactory*>, std::_Select1st<std::pair<G4String const, G4VBasePhysConstrFactory*> >, std::less<G4String>, std::allocator<std::pair<G4String const, G4VBasePhysConstrFactory*> > >::_M_emplace_hint_unique<std::piecewise_construct_t const&, std::tuple<G4String const&>, std::tuple<> >(std::_Rb_tree_const_iterator<std::pair<G4String const, G4VBasePhysConstrFactory*> >, std::piecewise_construct_t const&, std::tuple<G4String const&>&&, std::tuple<>&&) [clone .isra.0] (in /home/vnivanch/cwork/tests-build/Hadr01/Hadr01)
==639415==    by 0x9DEF77: G4PhysicsConstructorRegistry::AddFactory(G4String, G4VBasePhysConstrFactory*) (in /home/vnivanch/cwork/tests-build/Hadr01/Hadr01)
==639415==    by 0x540917: _GLOBAL__sub_I__ZGR33G4HadronElasticPhysicsLENDFactory_ (in /home/vnivanch/cwork/tests-build/Hadr01/Hadr01)
==639415==    by 0x4F676BA: __libc_start_main@@GLIBC_2.34 (in /usr/lib64/libc.so.6)
==639415==    by 0x59EF44: (below main) (in /home/vnivanch/cwork/tests-build/Hadr01/Hadr01)
==639415== 
==639415== 27 bytes in 1 blocks are still reachable in loss record 59 of 169
==639415==    at 0x4844F95: operator new(unsigned long) (vg_replace_malloc.c:483)
==639415==    by 0xCC6F2E: G4CrossSectionFactoryRegistry::Register(G4String const&, G4VBaseXSFactory*) (in /home/vnivanch/cwork/tests-build/Hadr01/Hadr01)
==639415==    by 0x573C85: _GLOBAL__sub_I__ZGR35G4ChipsAntiBaryonInelasticXSFactory_ (in /home/vnivanch/cwork/tests-build/Hadr01/Hadr01)
==639415==    by 0x4F676BA: __libc_start_main@@GLIBC_2.34 (in /usr/lib64/libc.so.6)
==639415==    by 0x59EF44: (below main) (in /home/vnivanch/cwork/tests-build/Hadr01/Hadr01)
==639415== 
==639415== 28 bytes in 1 blocks are still reachable in loss record 60 of 169
==639415==    at 0x4844F95: operator new(unsigned long) (vg_replace_malloc.c:483)
==639415==    by 0x9DE9F6: std::_Rb_tree_iterator<std::pair<G4String const, G4VBasePhysConstrFactory*> > std::_Rb_tree<G4String, std::pair<G4String const, G4VBasePhysConstrFactory*>, std::_Select1st<std::pair<G4String const, G4VBasePhysConstrFactory*> >, std::less<G4String>, std::allocator<std::pair<G4String const, G4VBasePhysConstrFactory*> > >::_M_emplace_hint_unique<std::piecewise_construct_t const&, std::tuple<G4String const&>, std::tuple<> >(std::_Rb_tree_const_iterator<std::pair<G4String const, G4VBasePhysConstrFactory*> >, std::piecewise_construct_t const&, std::tuple<G4String const&>&&, std::tuple<>&&) [clone .isra.0] (in /home/vnivanch/cwork/tests-build/Hadr01/Hadr01)
==639415==    by 0x9DEF77: G4PhysicsConstructorRegistry::AddFactory(G4String, G4VBasePhysConstrFactory*) (in /home/vnivanch/cwork/tests-build/Hadr01/Hadr01)
==639415==    by 0x9CFFB6: G4PhysicsConstructorFactory<G4EmStandardPhysics_option1>::G4PhysicsConstructorFactory(G4String const&) (in /home/vnivanch/cwork/tests-build/Hadr01/Hadr01)
==639415==    by 0x539C07: _GLOBAL__sub_I__ZGR34G4EmStandardPhysics_option1Factory_ (in /home/vnivanch/cwork/tests-build/Hadr01/Hadr01)
==639415==    by 0x4F676BA: __libc_start_main@@GLIBC_2.34 (in /usr/lib64/libc.so.6)
==639415==    by 0x59EF44: (below main) (in /home/vnivanch/cwork/tests-build/Hadr01/Hadr01)
==639415== 
==639415== 28 bytes in 1 blocks are still reachable in loss record 61 of 169
==639415==    at 0x4844F95: operator new(unsigned long) (vg_replace_malloc.c:483)
==639415==    by 0x9DE9F6: std::_Rb_tree_iterator<std::pair<G4String const, G4VBasePhysConstrFactory*> > std::_Rb_tree<G4String, std::pair<G4String const, G4VBasePhysConstrFactory*>, std::_Select1st<std::pair<G4String const, G4VBasePhysConstrFactory*> >, std::less<G4String>, std::allocator<std::pair<G4String const, G4VBasePhysConstrFactory*> > >::_M_emplace_hint_unique<std::piecewise_construct_t const&, std::tuple<G4String const&>, std::tuple<> >(std::_Rb_tree_const_iterator<std::pair<G4String const, G4VBasePhysConstrFactory*> >, std::piecewise_construct_t const&, std::tuple<G4String const&>&&, std::tuple<>&&) [clone .isra.0] (in /home/vnivanch/cwork/tests-build/Hadr01/Hadr01)
==639415==    by 0x9DEF77: G4PhysicsConstructorRegistry::AddFactory(G4String, G4VBasePhysConstrFactory*) (in /home/vnivanch/cwork/tests-build/Hadr01/Hadr01)
==639415==    by 0x9D0D86: G4PhysicsConstructorFactory<G4EmStandardPhysics_option2>::G4PhysicsConstructorFactory(G4String const&) (in /home/vnivanch/cwork/tests-build/Hadr01/Hadr01)
==639415==    by 0x539D87: _GLOBAL__sub_I__ZGR34G4EmStandardPhysics_option2Factory_ (in /home/vnivanch/cwork/tests-build/Hadr01/Hadr01)
==639415==    by 0x4F676BA: __libc_start_main@@GLIBC_2.34 (in /usr/lib64/libc.so.6)
==639415==    by 0x59EF44: (below main) (in /home/vnivanch/cwork/tests-build/Hadr01/Hadr01)
==639415== 
==639415== 28 bytes in 1 blocks are still reachable in loss record 62 of 169
==639415==    at 0x4844F95: operator new(unsigned long) (vg_replace_malloc.c:483)
==639415==    by 0x9DE9F6: std::_Rb_tree_iterator<std::pair<G4String const, G4VBasePhysConstrFactory*> > std::_Rb_tree<G4String, std::pair<G4String const, G4VBasePhysConstrFactory*>, std::_Select1st<std::pair<G4String const, G4VBasePhysConstrFactory*> >, std::less<G4String>, std::allocator<std::pair<G4String const, G4VBasePhysConstrFactory*> > >::_M_emplace_hint_unique<std::piecewise_construct_t const&, std::tuple<G4String const&>, std::tuple<> >(std::_Rb_tree_const_iterator<std::pair<G4String const, G4VBasePhysConstrFactory*> >, std::piecewise_construct_t const&, std::tuple<G4String const&>&&, std::tuple<>&&) [clone .isra.0] (in /home/vnivanch/cwork/tests-build/Hadr01/Hadr01)
==639415==    by 0x9DEF77: G4PhysicsConstructorRegistry::AddFactory(G4String, G4VBasePhysConstrFactory*) (in /home/vnivanch/cwork/tests-build/Hadr01/Hadr01)
==639415==    by 0x9D2226: G4PhysicsConstructorFactory<G4EmStandardPhysics_option3>::G4PhysicsConstructorFactory(G4String const&) (in /home/vnivanch/cwork/tests-build/Hadr01/Hadr01)
==639415==    by 0x539F07: _GLOBAL__sub_I__ZGR34G4EmStandardPhysics_option3Factory_ (in /home/vnivanch/cwork/tests-build/Hadr01/Hadr01)
==639415==    by 0x4F676BA: __libc_start_main@@GLIBC_2.34 (in /usr/lib64/libc.so.6)
==639415==    by 0x59EF44: (below main) (in /home/vnivanch/cwork/tests-build/Hadr01/Hadr01)
==639415== 
==639415== 28 bytes in 1 blocks are still reachable in loss record 63 of 169
==639415==    at 0x4844F95: operator new(unsigned long) (vg_replace_malloc.c:483)
==639415==    by 0x9DE9F6: std::_Rb_tree_iterator<std::pair<G4String const, G4VBasePhysConstrFactory*> > std::_Rb_tree<G4String, std::pair<G4String const, G4VBasePhysConstrFactory*>, std::_Select1st<std::pair<G4String const, G4VBasePhysConstrFactory*> >, std::less<G4String>, std::allocator<std::pair<G4String const, G4VBasePhysConstrFactory*> > >::_M_emplace_hint_unique<std::piecewise_construct_t const&, std::tuple<G4String const&>, std::tuple<> >(std::_Rb_tree_const_iterator<std::pair<G4String const, G4VBasePhysConstrFactory*> >, std::piecewise_construct_t const&, std::tuple<G4String const&>&&, std::tuple<>&&) [clone .isra.0] (in /home/vnivanch/cwork/tests-build/Hadr01/Hadr01)
==639415==    by 0x9DEF77: G4PhysicsConstructorRegistry::AddFactory(G4String, G4VBasePhysConstrFactory*) (in /home/vnivanch/cwork/tests-build/Hadr01/Hadr01)
==639415==    by 0x9D3B26: G4PhysicsConstructorFactory<G4EmStandardPhysics_option4>::G4PhysicsConstructorFactory(G4String const&) (in /home/vnivanch/cwork/tests-build/Hadr01/Hadr01)
==639415==    by 0x53A087: _GLOBAL__sub_I__ZGR34G4EmStandardPhysics_option4Factory_ (in /home/vnivanch/cwork/tests-build/Hadr01/Hadr01)
==639415==    by 0x4F676BA: __libc_start_main@@GLIBC_2.34 (in /usr/lib64/libc.so.6)
==639415==    by 0x59EF44: (below main) (in /home/vnivanch/cwork/tests-build/Hadr01/Hadr01)
==639415== 
==639415== 28 bytes in 1 blocks are still reachable in loss record 64 of 169
==639415==    at 0x4844F95: operator new(unsigned long) (vg_replace_malloc.c:483)
==639415==    by 0x9DE9F6: std::_Rb_tree_iterator<std::pair<G4String const, G4VBasePhysConstrFactory*> > std::_Rb_tree<G4String, std::pair<G4String const, G4VBasePhysConstrFactory*>, std::_Select1st<std::pair<G4String const, G4VBasePhysConstrFactory*> >, std::less<G4String>, std::allocator<std::pair<G4String const, G4VBasePhysConstrFactory*> > >::_M_emplace_hint_unique<std::piecewise_construct_t const&, std::tuple<G4String const&>, std::tuple<> >(std::_Rb_tree_const_iterator<std::pair<G4String const, G4VBasePhysConstrFactory*> >, std::piecewise_construct_t const&, std::tuple<G4String const&>&&, std::tuple<>&&) [clone .isra.0] (in /home/vnivanch/cwork/tests-build/Hadr01/Hadr01)
==639415==    by 0x9DEF77: G4PhysicsConstructorRegistry::AddFactory(G4String, G4VBasePhysConstrFactory*) (in /home/vnivanch/cwork/tests-build/Hadr01/Hadr01)
==639415==    by 0x9E95F6: G4PhysicsConstructorFactory<G4HadronPhysicsQGSP_BERT_HP>::G4PhysicsConstructorFactory(G4String const&) (in /home/vnivanch/cwork/tests-build/Hadr01/Hadr01)
==639415==    by 0x53B7B1: _GLOBAL__sub_I__ZGR34G4HadronPhysicsQGSP_BERT_HPFactory_ (in /home/vnivanch/cwork/tests-build/Hadr01/Hadr01)
==639415==    by 0x4F676BA: __libc_start_main@@GLIBC_2.34 (in /usr/lib64/libc.so.6)
==639415==    by 0x59EF44: (below main) (in /home/vnivanch/cwork/tests-build/Hadr01/Hadr01)
==639415== 
==639415== 28 bytes in 1 blocks are still reachable in loss record 65 of 169
==639415==    at 0x4844F95: operator new(unsigned long) (vg_replace_malloc.c:483)
==639415==    by 0x9DE9F6: std::_Rb_tree_iterator<std::pair<G4String const, G4VBasePhysConstrFactory*> > std::_Rb_tree<G4String, std::pair<G4String const, G4VBasePhysConstrFactory*>, std::_Select1st<std::pair<G4String const, G4VBasePhysConstrFactory*> >, std::less<G4String>, std::allocator<std::pair<G4String const, G4VBasePhysConstrFactory*> > >::_M_emplace_hint_unique<std::piecewise_construct_t const&, std::tuple<G4String const&>, std::tuple<> >(std::_Rb_tree_const_iterator<std::pair<G4String const, G4VBasePhysConstrFactory*> >, std::piecewise_construct_t const&, std::tuple<G4String const&>&&, std::tuple<>&&) [clone .isra.0] (in /home/vnivanch/cwork/tests-build/Hadr01/Hadr01)
==639415==    by 0x9DEF77: G4PhysicsConstructorRegistry::AddFactory(G4String, G4VBasePhysConstrFactory*) (in /home/vnivanch/cwork/tests-build/Hadr01/Hadr01)
==639415==    by 0xA28026: G4PhysicsConstructorFactory<G4StoppingPhysicsWithINCLXX>::G4PhysicsConstructorFactory(G4String const&) (in /home/vnivanch/cwork/tests-build/Hadr01/Hadr01)
==639415==    by 0x542167: _GLOBAL__sub_I__ZGR34G4StoppingPhysicsWithINCLXXFactory_ (in /home/vnivanch/cwork/tests-build/Hadr01/Hadr01)
==639415==    by 0x4F676BA: __libc_start_main@@GLIBC_2.34 (in /usr/lib64/libc.so.6)
==639415==    by 0x59EF44: (below main) (in /home/vnivanch/cwork/tests-build/Hadr01/Hadr01)
==639415== 
==639415== 28 bytes in 1 blocks are still reachable in loss record 66 of 169
==639415==    at 0x4844F95: operator new(unsigned long) (vg_replace_malloc.c:483)
==639415==    by 0x9DE9F6: std::_Rb_tree_iterator<std::pair<G4String const, G4VBasePhysConstrFactory*> > std::_Rb_tree<G4String, std::pair<G4String const, G4VBasePhysConstrFactory*>, std::_Select1st<std::pair<G4String const, G4VBasePhysConstrFactory*> >, std::less<G4String>, std::allocator<std::pair<G4String const, G4VBasePhysConstrFactory*> > >::_M_emplace_hint_unique<std::piecewise_construct_t const&, std::tuple<G4String const&>, std::tuple<> >(std::_Rb_tree_const_iterator<std::pair<G4String const, G4VBasePhysConstrFactory*> >, std::piecewise_construct_t const&, std::tuple<G4String const&>&&, std::tuple<>&&) [clone .isra.0] (in /home/vnivanch/cwork/tests-build/Hadr01/Hadr01)
==639415==    by 0x9DEF77: G4PhysicsConstructorRegistry::AddFactory(G4String, G4VBasePhysConstrFactory*) (in /home/vnivanch/cwork/tests-build/Hadr01/Hadr01)
==639415==    by 0xA2D656: G4PhysicsConstructorFactory<G4HadronPhysicsFTFP_BERT_HP>::G4PhysicsConstructorFactory(G4String const&) (in /home/vnivanch/cwork/tests-build/Hadr01/Hadr01)
==639415==    by 0x543051: _GLOBAL__sub_I__ZGR34G4HadronPhysicsFTFP_BERT_HPFactory_ (in /home/vnivanch/cwork/tests-build/Hadr01/Hadr01)
==639415==    by 0x4F676BA: __libc_start_main@@GLIBC_2.34 (in /usr/lib64/libc.so.6)
==639415==    by 0x59EF44: (below main) (in /home/vnivanch/cwork/tests-build/Hadr01/Hadr01)
==639415== 
==639415== 28 bytes in 1 blocks are still reachable in loss record 67 of 169
==639415==    at 0x4844F95: operator new(unsigned long) (vg_replace_malloc.c:483)
==639415==    by 0x9DE9F6: std::_Rb_tree_iterator<std::pair<G4String const, G4VBasePhysConstrFactory*> > std::_Rb_tree<G4String, std::pair<G4String const, G4VBasePhysConstrFactory*>, std::_Select1st<std::pair<G4String const, G4VBasePhysConstrFactory*> >, std::less<G4String>, std::allocator<std::pair<G4String const, G4VBasePhysConstrFactory*> > >::_M_emplace_hint_unique<std::piecewise_construct_t const&, std::tuple<G4String const&>, std::tuple<> >(std::_Rb_tree_const_iterator<std::pair<G4String const, G4VBasePhysConstrFactory*> >, std::piecewise_construct_t const&, std::tuple<G4String const&>&&, std::tuple<>&&) [clone .isra.0] (in /home/vnivanch/cwork/tests-build/Hadr01/Hadr01)
==639415==    by 0x9DEF77: G4PhysicsConstructorRegistry::AddFactory(G4String, G4VBasePhysConstrFactory*) (in /home/vnivanch/cwork/tests-build/Hadr01/Hadr01)
==639415==    by 0x5432F7: _GLOBAL__sub_I__ZGR34G4HadronPhysicsFTFQGSP_BERTFactory_ (in /home/vnivanch/cwork/tests-build/Hadr01/Hadr01)
==639415==    by 0x4F676BA: __libc_start_main@@GLIBC_2.34 (in /usr/lib64/libc.so.6)
==639415==    by 0x59EF44: (below main) (in /home/vnivanch/cwork/tests-build/Hadr01/Hadr01)
==639415== 
==639415== 29 bytes in 1 blocks are still reachable in loss record 68 of 169
==639415==    at 0x4844F95: operator new(unsigned long) (vg_replace_malloc.c:483)
==639415==    by 0x9DE9F6: std::_Rb_tree_iterator<std::pair<G4String const, G4VBasePhysConstrFactory*> > std::_Rb_tree<G4String, std::pair<G4String const, G4VBasePhysConstrFactory*>, std::_Select1st<std::pair<G4String const, G4VBasePhysConstrFactory*> >, std::less<G4String>, std::allocator<std::pair<G4String const, G4VBasePhysConstrFactory*> > >::_M_emplace_hint_unique<std::piecewise_construct_t const&, std::tuple<G4String const&>, std::tuple<> >(std::_Rb_tree_const_iterator<std::pair<G4String const, G4VBasePhysConstrFactory*> >, std::piecewise_construct_t const&, std::tuple<G4String const&>&&, std::tuple<>&&) [clone .isra.0] (in /home/vnivanch/cwork/tests-build/Hadr01/Hadr01)
==639415==    by 0x9DEF77: G4PhysicsConstructorRegistry::AddFactory(G4String, G4VBasePhysConstrFactory*) (in /home/vnivanch/cwork/tests-build/Hadr01/Hadr01)
==639415==    by 0x9E7826: G4PhysicsConstructorFactory<G4HadronPhysicsFTFP_BERT_TRV>::G4PhysicsConstructorFactory(G4String const&) (in /home/vnivanch/cwork/tests-build/Hadr01/Hadr01)
==639415==    by 0x53B30A: _GLOBAL__sub_I__ZGR35G4HadronPhysicsFTFP_BERT_TRVFactory_ (in /home/vnivanch/cwork/tests-build/Hadr01/Hadr01)
==639415==    by 0x4F676BA: __libc_start_main@@GLIBC_2.34 (in /usr/lib64/libc.so.6)
==639415==    by 0x59EF44: (below main) (in /home/vnivanch/cwork/tests-build/Hadr01/Hadr01)
==639415== 
==639415== 29 bytes in 1 blocks are still reachable in loss record 69 of 169
==639415==    at 0x4844F95: operator new(unsigned long) (vg_replace_malloc.c:483)
==639415==    by 0x9DE9F6: std::_Rb_tree_iterator<std::pair<G4String const, G4VBasePhysConstrFactory*> > std::_Rb_tree<G4String, std::pair<G4String const, G4VBasePhysConstrFactory*>, std::_Select1st<std::pair<G4String const, G4VBasePhysConstrFactory*> >, std::less<G4String>, std::allocator<std::pair<G4String const, G4VBasePhysConstrFactory*> > >::_M_emplace_hint_unique<std::piecewise_construct_t const&, std::tuple<G4String const&>, std::tuple<> >(std::_Rb_tree_const_iterator<std::pair<G4String const, G4VBasePhysConstrFactory*> >, std::piecewise_construct_t const&, std::tuple<G4String const&>&&, std::tuple<>&&) [clone .isra.0] (in /home/vnivanch/cwork/tests-build/Hadr01/Hadr01)
==639415==    by 0x9DEF77: G4PhysicsConstructorRegistry::AddFactory(G4String, G4VBasePhysConstrFactory*) (in /home/vnivanch/cwork/tests-build/Hadr01/Hadr01)
==639415==    by 0xA233D6: G4PhysicsConstructorFactory<G4HadronPhysicsShieldingLEND>::G4PhysicsConstructorFactory(G4String const&) (in /home/vnivanch/cwork/tests-build/Hadr01/Hadr01)
==639415==    by 0x5413FA: _GLOBAL__sub_I__ZGR35G4HadronPhysicsShieldingLENDFactory_ (in /home/vnivanch/cwork/tests-build/Hadr01/Hadr01)
==639415==    by 0x4F676BA: __libc_start_main@@GLIBC_2.34 (in /usr/lib64/libc.so.6)
==639415==    by 0x59EF44: (below main) (in /home/vnivanch/cwork/tests-build/Hadr01/Hadr01)
==639415== 
==639415== 29 bytes in 1 blocks are still reachable in loss record 70 of 169
==639415==    at 0x4844F95: operator new(unsigned long) (vg_replace_malloc.c:483)
==639415==    by 0x9DE9F6: std::_Rb_tree_iterator<std::pair<G4String const, G4VBasePhysConstrFactory*> > std::_Rb_tree<G4String, std::pair<G4String const, G4VBasePhysConstrFactory*>, std::_Select1st<std::pair<G4String const, G4VBasePhysConstrFactory*> >, std::less<G4String>, std::allocator<std::pair<G4String const, G4VBasePhysConstrFactory*> > >::_M_emplace_hint_unique<std::piecewise_construct_t const&, std::tuple<G4String const&>, std::tuple<> >(std::_Rb_tree_const_iterator<std::pair<G4String const, G4VBasePhysConstrFactory*> >, std::piecewise_construct_t const&, std::tuple<G4String const&>&&, std::tuple<>&&) [clone .isra.0] (in /home/vnivanch/cwork/tests-build/Hadr01/Hadr01)
==639415==    by 0x9DEF77: G4PhysicsConstructorRegistry::AddFactory(G4String, G4VBasePhysConstrFactory*) (in /home/vnivanch/cwork/tests-build/Hadr01/Hadr01)
==639415==    by 0xA2DA26: G4PhysicsConstructorFactory<G4HadronPhysicsFTFP_BERT_ATL>::G4PhysicsConstructorFactory(G4String const&) (in /home/vnivanch/cwork/tests-build/Hadr01/Hadr01)
==639415==    by 0x54311A: _GLOBAL__sub_I__ZGR35G4HadronPhysicsFTFP_BERT_ATLFactory_ (in /home/vnivanch/cwork/tests-build/Hadr01/Hadr01)
==639415==    by 0x4F676BA: __libc_start_main@@GLIBC_2.34 (in /usr/lib64/libc.so.6)
==639415==    by 0x59EF44: (below main) (in /home/vnivanch/cwork/tests-build/Hadr01/Hadr01)
==639415== 
==639415== 30 bytes in 1 blocks are still reachable in loss record 71 of 169
==639415==    at 0x4844F95: operator new(unsigned long) (vg_replace_malloc.c:483)
==639415==    by 0x9DE9F6: std::_Rb_tree_iterator<std::pair<G4String const, G4VBasePhysConstrFactory*> > std::_Rb_tree<G4String, std::pair<G4String const, G4VBasePhysConstrFactory*>, std::_Select1st<std::pair<G4String const, G4VBasePhysConstrFactory*> >, std::less<G4String>, std::allocator<std::pair<G4String const, G4VBasePhysConstrFactory*> > >::_M_emplace_hint_unique<std::piecewise_construct_t const&, std::tuple<G4String const&>, std::tuple<> >(std::_Rb_tree_const_iterator<std::pair<G4String const, G4VBasePhysConstrFactory*> >, std::piecewise_construct_t const&, std::tuple<G4String const&>&&, std::tuple<>&&) [clone .isra.0] (in /home/vnivanch/cwork/tests-build/Hadr01/Hadr01)
==639415==    by 0x9DEF77: G4PhysicsConstructorRegistry::AddFactory(G4String, G4VBasePhysConstrFactory*) (in /home/vnivanch/cwork/tests-build/Hadr01/Hadr01)
==639415==    by 0x9EA826: G4PhysicsConstructorFactory<G4HadronPhysicsQGSP_FTFP_BERT>::G4PhysicsConstructorFactory(G4String const&) (in /home/vnivanch/cwork/tests-build/Hadr01/Hadr01)
==639415==    by 0x53BBAA: _GLOBAL__sub_I__ZGR36G4HadronPhysicsQGSP_FTFP_BERTFactory_ (in /home/vnivanch/cwork/tests-build/Hadr01/Hadr01)
==639415==    by 0x4F676BA: __libc_start_main@@GLIBC_2.34 (in /usr/lib64/libc.so.6)
==639415==    by 0x59EF44: (below main) (in /home/vnivanch/cwork/tests-build/Hadr01/Hadr01)
==639415== 
==639415== 30 bytes in 1 blocks are still reachable in loss record 72 of 169
==639415==    at 0x4844F95: operator new(unsigned long) (vg_replace_malloc.c:483)
==639415==    by 0x9DE9F6: std::_Rb_tree_iterator<std::pair<G4String const, G4VBasePhysConstrFactory*> > std::_Rb_tree<G4String, std::pair<G4String const, G4VBasePhysConstrFactory*>, std::_Select1st<std::pair<G4String const, G4VBasePhysConstrFactory*> >, std::less<G4String>, std::allocator<std::pair<G4String const, G4VBasePhysConstrFactory*> > >::_M_emplace_hint_unique<std::piecewise_construct_t const&, std::tuple<G4String const&>, std::tuple<> >(std::_Rb_tree_const_iterator<std::pair<G4String const, G4VBasePhysConstrFactory*> >, std::piecewise_construct_t const&, std::tuple<G4String const&>&&, std::tuple<>&&) [clone .isra.0] (in /home/vnivanch/cwork/tests-build/Hadr01/Hadr01)
==639415==    by 0x9DEF77: G4PhysicsConstructorRegistry::AddFactory(G4String, G4VBasePhysConstrFactory*) (in /home/vnivanch/cwork/tests-build/Hadr01/Hadr01)
==639415==    by 0xA23836: G4PhysicsConstructorFactory<G4HadronPhysicsQGSP_BIC_AllHP>::G4PhysicsConstructorFactory(G4String const&) (in /home/vnivanch/cwork/tests-build/Hadr01/Hadr01)
==639415==    by 0x5415A1: _GLOBAL__sub_I__ZGR36G4HadronPhysicsQGSP_BIC_AllHPFactory_ (in /home/vnivanch/cwork/tests-build/Hadr01/Hadr01)
==639415==    by 0x4F676BA: __libc_start_main@@GLIBC_2.34 (in /usr/lib64/libc.so.6)
==639415==    by 0x59EF44: (below main) (in /home/vnivanch/cwork/tests-build/Hadr01/Hadr01)
==639415== 
==639415== 42 bytes in 1 blocks are still reachable in loss record 73 of 169
==639415==    at 0x4844F95: operator new(unsigned long) (vg_replace_malloc.c:483)
==639415==    by 0x9DE9F6: std::_Rb_tree_iterator<std::pair<G4String const, G4VBasePhysConstrFactory*> > std::_Rb_tree<G4String, std::pair<G4String const, G4VBasePhysConstrFactory*>, std::_Select1st<std::pair<G4String const, G4VBasePhysConstrFactory*> >, std::less<G4String>, std::allocator<std::pair<G4String const, G4VBasePhysConstrFactory*> > >::_M_emplace_hint_unique<std::piecewise_construct_t const&, std::tuple<G4String const&>, std::tuple<> >(std::_Rb_tree_const_iterator<std::pair<G4String const, G4VBasePhysConstrFactory*> >, std::piecewise_construct_t const&, std::tuple<G4String const&>&&, std::tuple<>&&) [clone .isra.0] (in /home/vnivanch/cwork/tests-build/Hadr01/Hadr01)
==639415==    by 0x9DEF77: G4PhysicsConstructorRegistry::AddFactory(G4String, G4VBasePhysConstrFactory*) (in /home/vnivanch/cwork/tests-build/Hadr01/Hadr01)
==639415==    by 0xA27646: G4PhysicsConstructorFactory<G4StoppingPhysicsFritiofWithBinaryCascade>::G4PhysicsConstructorFactory(G4String const&) (in /home/vnivanch/cwork/tests-build/Hadr01/Hadr01)
==639415==    by 0x541FDE: _GLOBAL__sub_I__ZGR48G4StoppingPhysicsFritiofWithBinaryCascadeFactory_ (in /home/vnivanch/cwork/tests-build/Hadr01/Hadr01)
==639415==    by 0x4F676BA: __libc_start_main@@GLIBC_2.34 (in /usr/lib64/libc.so.6)
==639415==    by 0x59EF44: (below main) (in /home/vnivanch/cwork/tests-build/Hadr01/Hadr01)
==639415== 
==639415== 48 bytes in 1 blocks are still reachable in loss record 74 of 169
==639415==    at 0x4844F95: operator new(unsigned long) (vg_replace_malloc.c:483)
==639415==    by 0xCC66EA: G4CrossSectionFactoryRegistry::Instance() (in /home/vnivanch/cwork/tests-build/Hadr01/Hadr01)
==639415==    by 0x54FCCC: _GLOBAL__sub_I__ZGR35G4ElectroNuclearCrossSectionFactory_ (in /home/vnivanch/cwork/tests-build/Hadr01/Hadr01)
==639415==    by 0x4F676BA: __libc_start_main@@GLIBC_2.34 (in /usr/lib64/libc.so.6)
==639415==    by 0x59EF44: (below main) (in /home/vnivanch/cwork/tests-build/Hadr01/Hadr01)
==639415== 
==639415== 48 bytes in 1 blocks are still reachable in loss record 75 of 169
==639415==    at 0x4844F95: operator new(unsigned long) (vg_replace_malloc.c:483)
==639415==    by 0xA5A19B: int G4GetEnv<int>(std::__cxx11::basic_string<char, std::char_traits<char>, std::allocator<char> > const&, int) (in /home/vnivanch/cwork/tests-build/Hadr01/Hadr01)
==639415==    by 0xF3DC8A: G4HadronicParameters::G4HadronicParameters() (in /home/vnivanch/cwork/tests-build/Hadr01/Hadr01)
==639415==    by 0xF3E4F7: G4HadronicParameters::Instance() (in /home/vnivanch/cwork/tests-build/Hadr01/Hadr01)
==639415==    by 0x9FE542: G4PhysListUtil::InitialiseParameters() (in /home/vnivanch/cwork/tests-build/Hadr01/Hadr01)
==639415==    by 0x9CCE3E: G4DecayPhysics::G4DecayPhysics(int) (in /home/vnivanch/cwork/tests-build/Hadr01/Hadr01)
==639415==    by 0x9F7F50: QBBC::QBBC(int, G4String const&) (in /home/vnivanch/cwork/tests-build/Hadr01/Hadr01)
==639415==    by 0x9ED7AB: G4PhysListFactory::GetReferencePhysList(G4String const&) (in /home/vnivanch/cwork/tests-build/Hadr01/Hadr01)
==639415==    by 0x59F2B0: main (in /home/vnivanch/cwork/tests-build/Hadr01/Hadr01)
==639415== 
==639415== 64 bytes in 1 blocks are definitely lost in loss record 76 of 169
==639415==    at 0x4844F95: operator new(unsigned long) (vg_replace_malloc.c:483)
==639415==    by 0x1689568: G4NistElementBuilder::BuildElement(int) (in /home/vnivanch/cwork/tests-build/Hadr01/Hadr01)
==639415==    by 0x169A304: G4NistMaterialBuilder::BuildMaterial(int) (in /home/vnivanch/cwork/tests-build/Hadr01/Hadr01)
==639415==    by 0x169ABA2: G4NistMaterialBuilder::FindOrBuildMaterial(G4String const&, bool) (in /home/vnivanch/cwork/tests-build/Hadr01/Hadr01)
==639415==    by 0x5A43AE: G4NistManager::FindOrBuildMaterial(G4String const&, bool, bool) (in /home/vnivanch/cwork/tests-build/Hadr01/Hadr01)
==639415==    by 0x5A2A72: DetectorConstruction::DetectorConstruction() (in /home/vnivanch/cwork/tests-build/Hadr01/Hadr01)
==639415==    by 0x59F0FE: main (in /home/vnivanch/cwork/tests-build/Hadr01/Hadr01)
==639415== 
==639415== 64 bytes in 1 blocks are definitely lost in loss record 77 of 169
==639415==    at 0x4844F95: operator new(unsigned long) (vg_replace_malloc.c:483)
==639415==    by 0x1689568: G4NistElementBuilder::BuildElement(int) (in /home/vnivanch/cwork/tests-build/Hadr01/Hadr01)
==639415==    by 0x5A4378: G4NistManager::FindOrBuildElement(int, bool) (in /home/vnivanch/cwork/tests-build/Hadr01/Hadr01)
==639415==    by 0x5A2BC0: DetectorConstruction::DetectorConstruction() (in /home/vnivanch/cwork/tests-build/Hadr01/Hadr01)
==639415==    by 0x59F0FE: main (in /home/vnivanch/cwork/tests-build/Hadr01/Hadr01)
==639415== 
==639415== 72 bytes in 1 blocks are still reachable in loss record 78 of 169
==639415==    at 0x4844F95: operator new(unsigned long) (vg_replace_malloc.c:483)
==639415==    by 0x9DE56D: G4PhysicsConstructorRegistry::Instance() (in /home/vnivanch/cwork/tests-build/Hadr01/Hadr01)
==639415==    by 0x9CCEE2: G4PhysicsConstructorFactory<G4DecayPhysics>::G4PhysicsConstructorFactory(G4String const&) (in /home/vnivanch/cwork/tests-build/Hadr01/Hadr01)
==639415==    by 0x5395C2: _GLOBAL__sub_I__ZGR21G4DecayPhysicsFactory_ (in /home/vnivanch/cwork/tests-build/Hadr01/Hadr01)
==639415==    by 0x4F676BA: __libc_start_main@@GLIBC_2.34 (in /usr/lib64/libc.so.6)
==639415==    by 0x59EF44: (below main) (in /home/vnivanch/cwork/tests-build/Hadr01/Hadr01)
==639415== 
==639415== 72 bytes in 1 blocks are still reachable in loss record 79 of 169
==639415==    at 0x4844F95: operator new(unsigned long) (vg_replace_malloc.c:483)
==639415==    by 0x9DE912: std::_Rb_tree_iterator<std::pair<G4String const, G4VBasePhysConstrFactory*> > std::_Rb_tree<G4String, std::pair<G4String const, G4VBasePhysConstrFactory*>, std::_Select1st<std::pair<G4String const, G4VBasePhysConstrFactory*> >, std::less<G4String>, std::allocator<std::pair<G4String const, G4VBasePhysConstrFactory*> > >::_M_emplace_hint_unique<std::piecewise_construct_t const&, std::tuple<G4String const&>, std::tuple<> >(std::_Rb_tree_const_iterator<std::pair<G4String const, G4VBasePhysConstrFactory*> >, std::piecewise_construct_t const&, std::tuple<G4String const&>&&, std::tuple<>&&) [clone .isra.0] (in /home/vnivanch/cwork/tests-build/Hadr01/Hadr01)
==639415==    by 0x9DEF77: G4PhysicsConstructorRegistry::AddFactory(G4String, G4VBasePhysConstrFactory*) (in /home/vnivanch/cwork/tests-build/Hadr01/Hadr01)
==639415==    by 0x9CCF26: G4PhysicsConstructorFactory<G4DecayPhysics>::G4PhysicsConstructorFactory(G4String const&) (in /home/vnivanch/cwork/tests-build/Hadr01/Hadr01)
==639415==    by 0x5395C2: _GLOBAL__sub_I__ZGR21G4DecayPhysicsFactory_ (in /home/vnivanch/cwork/tests-build/Hadr01/Hadr01)
==639415==    by 0x4F676BA: __libc_start_main@@GLIBC_2.34 (in /usr/lib64/libc.so.6)
==639415==    by 0x59EF44: (below main) (in /home/vnivanch/cwork/tests-build/Hadr01/Hadr01)
==639415== 
==639415== 72 bytes in 1 blocks are still reachable in loss record 80 of 169
==639415==    at 0x4844F95: operator new(unsigned long) (vg_replace_malloc.c:483)
==639415==    by 0x9DE912: std::_Rb_tree_iterator<std::pair<G4String const, G4VBasePhysConstrFactory*> > std::_Rb_tree<G4String, std::pair<G4String const, G4VBasePhysConstrFactory*>, std::_Select1st<std::pair<G4String const, G4VBasePhysConstrFactory*> >, std::less<G4String>, std::allocator<std::pair<G4String const, G4VBasePhysConstrFactory*> > >::_M_emplace_hint_unique<std::piecewise_construct_t const&, std::tuple<G4String const&>, std::tuple<> >(std::_Rb_tree_const_iterator<std::pair<G4String const, G4VBasePhysConstrFactory*> >, std::piecewise_construct_t const&, std::tuple<G4String const&>&&, std::tuple<>&&) [clone .isra.0] (in /home/vnivanch/cwork/tests-build/Hadr01/Hadr01)
==639415==    by 0x9DEF77: G4PhysicsConstructorRegistry::AddFactory(G4String, G4VBasePhysConstrFactory*) (in /home/vnivanch/cwork/tests-build/Hadr01/Hadr01)
==639415==    by 0x9CD3D6: G4PhysicsConstructorFactory<G4RadioactiveDecayPhysics>::G4PhysicsConstructorFactory(G4String const&) (in /home/vnivanch/cwork/tests-build/Hadr01/Hadr01)
==639415==    by 0x53978D: _GLOBAL__sub_I__ZGR32G4RadioactiveDecayPhysicsFactory_ (in /home/vnivanch/cwork/tests-build/Hadr01/Hadr01)
==639415==    by 0x4F676BA: __libc_start_main@@GLIBC_2.34 (in /usr/lib64/libc.so.6)
==639415==    by 0x59EF44: (below main) (in /home/vnivanch/cwork/tests-build/Hadr01/Hadr01)
==639415== 
==639415== 72 bytes in 1 blocks are still reachable in loss record 81 of 169
==639415==    at 0x4844F95: operator new(unsigned long) (vg_replace_malloc.c:483)
==639415==    by 0x9DE912: std::_Rb_tree_iterator<std::pair<G4String const, G4VBasePhysConstrFactory*> > std::_Rb_tree<G4String, std::pair<G4String const, G4VBasePhysConstrFactory*>, std::_Select1st<std::pair<G4String const, G4VBasePhysConstrFactory*> >, std::less<G4String>, std::allocator<std::pair<G4String const, G4VBasePhysConstrFactory*> > >::_M_emplace_hint_unique<std::piecewise_construct_t const&, std::tuple<G4String const&>, std::tuple<> >(std::_Rb_tree_const_iterator<std::pair<G4String const, G4VBasePhysConstrFactory*> >, std::piecewise_construct_t const&, std::tuple<G4String const&>&&, std::tuple<>&&) [clone .isra.0] (in /home/vnivanch/cwork/tests-build/Hadr01/Hadr01)
==639415==    by 0x9DEF77: G4PhysicsConstructorRegistry::AddFactory(G4String, G4VBasePhysConstrFactory*) (in /home/vnivanch/cwork/tests-build/Hadr01/Hadr01)
==639415==    by 0x9CE406: G4PhysicsConstructorFactory<G4EmStandardPhysics>::G4PhysicsConstructorFactory(G4String const&) (in /home/vnivanch/cwork/tests-build/Hadr01/Hadr01)
==639415==    by 0x539902: _GLOBAL__sub_I__ZGR26G4EmStandardPhysicsFactory_ (in /home/vnivanch/cwork/tests-build/Hadr01/Hadr01)
==639415==    by 0x4F676BA: __libc_start_main@@GLIBC_2.34 (in /usr/lib64/libc.so.6)
==639415==    by 0x59EF44: (below main) (in /home/vnivanch/cwork/tests-build/Hadr01/Hadr01)
==639415== 
==639415== 72 bytes in 1 blocks are still reachable in loss record 82 of 169
==639415==    at 0x4844F95: operator new(unsigned long) (vg_replace_malloc.c:483)
==639415==    by 0x9DE912: std::_Rb_tree_iterator<std::pair<G4String const, G4VBasePhysConstrFactory*> > std::_Rb_tree<G4String, std::pair<G4String const, G4VBasePhysConstrFactory*>, std::_Select1st<std::pair<G4String const, G4VBasePhysConstrFactory*> >, std::less<G4String>, std::allocator<std::pair<G4String const, G4VBasePhysConstrFactory*> > >::_M_emplace_hint_unique<std::piecewise_construct_t const&, std::tuple<G4String const&>, std::tuple<> >(std::_Rb_tree_const_iterator<std::pair<G4String const, G4VBasePhysConstrFactory*> >, std::piecewise_construct_t const&, std::tuple<G4String const&>&&, std::tuple<>&&) [clone .isra.0] (in /home/vnivanch/cwork/tests-build/Hadr01/Hadr01)
==639415==    by 0x9DEF77: G4PhysicsConstructorRegistry::AddFactory(G4String, G4VBasePhysConstrFactory*) (in /home/vnivanch/cwork/tests-build/Hadr01/Hadr01)
==639415==    by 0x9CF1C6: G4PhysicsConstructorFactory<G4EmStandardPhysicsGS>::G4PhysicsConstructorFactory(G4String const&) (in /home/vnivanch/cwork/tests-build/Hadr01/Hadr01)
==639415==    by 0x539A89: _GLOBAL__sub_I__ZGR28G4EmStandardPhysicsGSFactory_ (in /home/vnivanch/cwork/tests-build/Hadr01/Hadr01)
==639415==    by 0x4F676BA: __libc_start_main@@GLIBC_2.34 (in /usr/lib64/libc.so.6)
==639415==    by 0x59EF44: (below main) (in /home/vnivanch/cwork/tests-build/Hadr01/Hadr01)
==639415== 
==639415== 72 bytes in 1 blocks are still reachable in loss record 83 of 169
==639415==    at 0x4844F95: operator new(unsigned long) (vg_replace_malloc.c:483)
==639415==    by 0x9DE912: std::_Rb_tree_iterator<std::pair<G4String const, G4VBasePhysConstrFactory*> > std::_Rb_tree<G4String, std::pair<G4String const, G4VBasePhysConstrFactory*>, std::_Select1st<std::pair<G4String const, G4VBasePhysConstrFactory*> >, std::less<G4String>, std::allocator<std::pair<G4String const, G4VBasePhysConstrFactory*> > >::_M_emplace_hint_unique<std::piecewise_construct_t const&, std::tuple<G4String const&>, std::tuple<> >(std::_Rb_tree_const_iterator<std::pair<G4String const, G4VBasePhysConstrFactory*> >, std::piecewise_construct_t const&, std::tuple<G4String const&>&&, std::tuple<>&&) [clone .isra.0] (in /home/vnivanch/cwork/tests-build/Hadr01/Hadr01)
==639415==    by 0x9DEF77: G4PhysicsConstructorRegistry::AddFactory(G4String, G4VBasePhysConstrFactory*) (in /home/vnivanch/cwork/tests-build/Hadr01/Hadr01)
==639415==    by 0x9CFFB6: G4PhysicsConstructorFactory<G4EmStandardPhysics_option1>::G4PhysicsConstructorFactory(G4String const&) (in /home/vnivanch/cwork/tests-build/Hadr01/Hadr01)
==639415==    by 0x539C07: _GLOBAL__sub_I__ZGR34G4EmStandardPhysics_option1Factory_ (in /home/vnivanch/cwork/tests-build/Hadr01/Hadr01)
==639415==    by 0x4F676BA: __libc_start_main@@GLIBC_2.34 (in /usr/lib64/libc.so.6)
==639415==    by 0x59EF44: (below main) (in /home/vnivanch/cwork/tests-build/Hadr01/Hadr01)
==639415== 
==639415== 72 bytes in 1 blocks are still reachable in loss record 84 of 169
==639415==    at 0x4844F95: operator new(unsigned long) (vg_replace_malloc.c:483)
==639415==    by 0x9DE912: std::_Rb_tree_iterator<std::pair<G4String const, G4VBasePhysConstrFactory*> > std::_Rb_tree<G4String, std::pair<G4String const, G4VBasePhysConstrFactory*>, std::_Select1st<std::pair<G4String const, G4VBasePhysConstrFactory*> >, std::less<G4String>, std::allocator<std::pair<G4String const, G4VBasePhysConstrFactory*> > >::_M_emplace_hint_unique<std::piecewise_construct_t const&, std::tuple<G4String const&>, std::tuple<> >(std::_Rb_tree_const_iterator<std::pair<G4String const, G4VBasePhysConstrFactory*> >, std::piecewise_construct_t const&, std::tuple<G4String const&>&&, std::tuple<>&&) [clone .isra.0] (in /home/vnivanch/cwork/tests-build/Hadr01/Hadr01)
==639415==    by 0x9DEF77: G4PhysicsConstructorRegistry::AddFactory(G4String, G4VBasePhysConstrFactory*) (in /home/vnivanch/cwork/tests-build/Hadr01/Hadr01)
==639415==    by 0x9D0D86: G4PhysicsConstructorFactory<G4EmStandardPhysics_option2>::G4PhysicsConstructorFactory(G4String const&) (in /home/vnivanch/cwork/tests-build/Hadr01/Hadr01)
==639415==    by 0x539D87: _GLOBAL__sub_I__ZGR34G4EmStandardPhysics_option2Factory_ (in /home/vnivanch/cwork/tests-build/Hadr01/Hadr01)
==639415==    by 0x4F676BA: __libc_start_main@@GLIBC_2.34 (in /usr/lib64/libc.so.6)
==639415==    by 0x59EF44: (below main) (in /home/vnivanch/cwork/tests-build/Hadr01/Hadr01)
==639415== 
==639415== 72 bytes in 1 blocks are still reachable in loss record 85 of 169
==639415==    at 0x4844F95: operator new(unsigned long) (vg_replace_malloc.c:483)
==639415==    by 0x9DE912: std::_Rb_tree_iterator<std::pair<G4String const, G4VBasePhysConstrFactory*> > std::_Rb_tree<G4String, std::pair<G4String const, G4VBasePhysConstrFactory*>, std::_Select1st<std::pair<G4String const, G4VBasePhysConstrFactory*> >, std::less<G4String>, std::allocator<std::pair<G4String const, G4VBasePhysConstrFactory*> > >::_M_emplace_hint_unique<std::piecewise_construct_t const&, std::tuple<G4String const&>, std::tuple<> >(std::_Rb_tree_const_iterator<std::pair<G4String const, G4VBasePhysConstrFactory*> >, std::piecewise_construct_t const&, std::tuple<G4String const&>&&, std::tuple<>&&) [clone .isra.0] (in /home/vnivanch/cwork/tests-build/Hadr01/Hadr01)
==639415==    by 0x9DEF77: G4PhysicsConstructorRegistry::AddFactory(G4String, G4VBasePhysConstrFactory*) (in /home/vnivanch/cwork/tests-build/Hadr01/Hadr01)
==639415==    by 0x9D2226: G4PhysicsConstructorFactory<G4EmStandardPhysics_option3>::G4PhysicsConstructorFactory(G4String const&) (in /home/vnivanch/cwork/tests-build/Hadr01/Hadr01)
==639415==    by 0x539F07: _GLOBAL__sub_I__ZGR34G4EmStandardPhysics_option3Factory_ (in /home/vnivanch/cwork/tests-build/Hadr01/Hadr01)
==639415==    by 0x4F676BA: __libc_start_main@@GLIBC_2.34 (in /usr/lib64/libc.so.6)
==639415==    by 0x59EF44: (below main) (in /home/vnivanch/cwork/tests-build/Hadr01/Hadr01)
==639415== 
==639415== 72 bytes in 1 blocks are still reachable in loss record 86 of 169
==639415==    at 0x4844F95: operator new(unsigned long) (vg_replace_malloc.c:483)
==639415==    by 0x9DE912: std::_Rb_tree_iterator<std::pair<G4String const, G4VBasePhysConstrFactory*> > std::_Rb_tree<G4String, std::pair<G4String const, G4VBasePhysConstrFactory*>, std::_Select1st<std::pair<G4String const, G4VBasePhysConstrFactory*> >, std::less<G4String>, std::allocator<std::pair<G4String const, G4VBasePhysConstrFactory*> > >::_M_emplace_hint_unique<std::piecewise_construct_t const&, std::tuple<G4String const&>, std::tuple<> >(std::_Rb_tree_const_iterator<std::pair<G4String const, G4VBasePhysConstrFactory*> >, std::piecewise_construct_t const&, std::tuple<G4String const&>&&, std::tuple<>&&) [clone .isra.0] (in /home/vnivanch/cwork/tests-build/Hadr01/Hadr01)
==639415==    by 0x9DEF77: G4PhysicsConstructorRegistry::AddFactory(G4String, G4VBasePhysConstrFactory*) (in /home/vnivanch/cwork/tests-build/Hadr01/Hadr01)
==639415==    by 0x9D3B26: G4PhysicsConstructorFactory<G4EmStandardPhysics_option4>::G4PhysicsConstructorFactory(G4String const&) (in /home/vnivanch/cwork/tests-build/Hadr01/Hadr01)
==639415==    by 0x53A087: _GLOBAL__sub_I__ZGR34G4EmStandardPhysics_option4Factory_ (in /home/vnivanch/cwork/tests-build/Hadr01/Hadr01)
==639415==    by 0x4F676BA: __libc_start_main@@GLIBC_2.34 (in /usr/lib64/libc.so.6)
==639415==    by 0x59EF44: (below main) (in /home/vnivanch/cwork/tests-build/Hadr01/Hadr01)
==639415== 
==639415== 72 bytes in 1 blocks are still reachable in loss record 87 of 169
==639415==    at 0x4844F95: operator new(unsigned long) (vg_replace_malloc.c:483)
==639415==    by 0x9DE912: std::_Rb_tree_iterator<std::pair<G4String const, G4VBasePhysConstrFactory*> > std::_Rb_tree<G4String, std::pair<G4String const, G4VBasePhysConstrFactory*>, std::_Select1st<std::pair<G4String const, G4VBasePhysConstrFactory*> >, std::less<G4String>, std::allocator<std::pair<G4String const, G4VBasePhysConstrFactory*> > >::_M_emplace_hint_unique<std::piecewise_construct_t const&, std::tuple<G4String const&>, std::tuple<> >(std::_Rb_tree_const_iterator<std::pair<G4String const, G4VBasePhysConstrFactory*> >, std::piecewise_construct_t const&, std::tuple<G4String const&>&&, std::tuple<>&&) [clone .isra.0] (in /home/vnivanch/cwork/tests-build/Hadr01/Hadr01)
==639415==    by 0x9DEF77: G4PhysicsConstructorRegistry::AddFactory(G4String, G4VBasePhysConstrFactory*) (in /home/vnivanch/cwork/tests-build/Hadr01/Hadr01)
==639415==    by 0x9E0FF6: G4PhysicsConstructorFactory<G4EmExtraPhysics>::G4PhysicsConstructorFactory(G4String const&) (in /home/vnivanch/cwork/tests-build/Hadr01/Hadr01)
==639415==    by 0x53A52B: _GLOBAL__sub_I__ZGR23G4EmExtraPhysicsFactory_ (in /home/vnivanch/cwork/tests-build/Hadr01/Hadr01)
==639415==    by 0x4F676BA: __libc_start_main@@GLIBC_2.34 (in /usr/lib64/libc.so.6)
==639415==    by 0x59EF44: (below main) (in /home/vnivanch/cwork/tests-build/Hadr01/Hadr01)
==639415== 
==639415== 72 bytes in 1 blocks are still reachable in loss record 88 of 169
==639415==    at 0x4844F95: operator new(unsigned long) (vg_replace_malloc.c:483)
==639415==    by 0x9DE912: std::_Rb_tree_iterator<std::pair<G4String const, G4VBasePhysConstrFactory*> > std::_Rb_tree<G4String, std::pair<G4String const, G4VBasePhysConstrFactory*>, std::_Select1st<std::pair<G4String const, G4VBasePhysConstrFactory*> >, std::less<G4String>, std::allocator<std::pair<G4String const, G4VBasePhysConstrFactory*> > >::_M_emplace_hint_unique<std::piecewise_construct_t const&, std::tuple<G4String const&>, std::tuple<> >(std::_Rb_tree_const_iterator<std::pair<G4String const, G4VBasePhysConstrFactory*> >, std::piecewise_construct_t const&, std::tuple<G4String const&>&&, std::tuple<>&&) [clone .isra.0] (in /home/vnivanch/cwork/tests-build/Hadr01/Hadr01)
==639415==    by 0x9DEF77: G4PhysicsConstructorRegistry::AddFactory(G4String, G4VBasePhysConstrFactory*) (in /home/vnivanch/cwork/tests-build/Hadr01/Hadr01)
==639415==    by 0x9E2FF6: G4PhysicsConstructorFactory<G4HadronElasticPhysics>::G4PhysicsConstructorFactory(G4String const&) (in /home/vnivanch/cwork/tests-build/Hadr01/Hadr01)
==639415==    by 0x53A6D9: _GLOBAL__sub_I__ZGR29G4HadronElasticPhysicsFactory_ (in /home/vnivanch/cwork/tests-build/Hadr01/Hadr01)
==639415==    by 0x4F676BA: __libc_start_main@@GLIBC_2.34 (in /usr/lib64/libc.so.6)
==639415==    by 0x59EF44: (below main) (in /home/vnivanch/cwork/tests-build/Hadr01/Hadr01)
==639415== 
==639415== 72 bytes in 1 blocks are still reachable in loss record 89 of 169
==639415==    at 0x4844F95: operator new(unsigned long) (vg_replace_malloc.c:483)
==639415==    by 0x9DE912: std::_Rb_tree_iterator<std::pair<G4String const, G4VBasePhysConstrFactory*> > std::_Rb_tree<G4String, std::pair<G4String const, G4VBasePhysConstrFactory*>, std::_Select1st<std::pair<G4String const, G4VBasePhysConstrFactory*> >, std::less<G4String>, std::allocator<std::pair<G4String const, G4VBasePhysConstrFactory*> > >::_M_emplace_hint_unique<std::piecewise_construct_t const&, std::tuple<G4String const&>, std::tuple<> >(std::_Rb_tree_const_iterator<std::pair<G4String const, G4VBasePhysConstrFactory*> >, std::piecewise_construct_t const&, std::tuple<G4String const&>&&, std::tuple<>&&) [clone .isra.0] (in /home/vnivanch/cwork/tests-build/Hadr01/Hadr01)
==639415==    by 0x9DEF77: G4PhysicsConstructorRegistry::AddFactory(G4String, G4VBasePhysConstrFactory*) (in /home/vnivanch/cwork/tests-build/Hadr01/Hadr01)
==639415==    by 0x9E3406: G4PhysicsConstructorFactory<G4HadronElasticPhysicsHP>::G4PhysicsConstructorFactory(G4String const&) (in /home/vnivanch/cwork/tests-build/Hadr01/Hadr01)
==639415==    by 0x53A883: _GLOBAL__sub_I__ZGR31G4HadronElasticPhysicsHPFactory_ (in /home/vnivanch/cwork/tests-build/Hadr01/Hadr01)
==639415==    by 0x4F676BA: __libc_start_main@@GLIBC_2.34 (in /usr/lib64/libc.so.6)
==639415==    by 0x59EF44: (below main) (in /home/vnivanch/cwork/tests-build/Hadr01/Hadr01)
==639415== 
==639415== 72 bytes in 1 blocks are still reachable in loss record 90 of 169
==639415==    at 0x4844F95: operator new(unsigned long) (vg_replace_malloc.c:483)
==639415==    by 0x9DE912: std::_Rb_tree_iterator<std::pair<G4String const, G4VBasePhysConstrFactory*> > std::_Rb_tree<G4String, std::pair<G4String const, G4VBasePhysConstrFactory*>, std::_Select1st<std::pair<G4String const, G4VBasePhysConstrFactory*> >, std::less<G4String>, std::allocator<std::pair<G4String const, G4VBasePhysConstrFactory*> > >::_M_emplace_hint_unique<std::piecewise_construct_t const&, std::tuple<G4String const&>, std::tuple<> >(std::_Rb_tree_const_iterator<std::pair<G4String const, G4VBasePhysConstrFactory*> >, std::piecewise_construct_t const&, std::tuple<G4String const&>&&, std::tuple<>&&) [clone .isra.0] (in /home/vnivanch/cwork/tests-build/Hadr01/Hadr01)
==639415==    by 0x9DEF77: G4PhysicsConstructorRegistry::AddFactory(G4String, G4VBasePhysConstrFactory*) (in /home/vnivanch/cwork/tests-build/Hadr01/Hadr01)
==639415==    by 0x9E3776: G4PhysicsConstructorFactory<G4HadronElasticPhysicsXS>::G4PhysicsConstructorFactory(G4String const&) (in /home/vnivanch/cwork/tests-build/Hadr01/Hadr01)
==639415==    by 0x53AA09: _GLOBAL__sub_I__ZGR31G4HadronElasticPhysicsXSFactory_ (in /home/vnivanch/cwork/tests-build/Hadr01/Hadr01)
==639415==    by 0x4F676BA: __libc_start_main@@GLIBC_2.34 (in /usr/lib64/libc.so.6)
==639415==    by 0x59EF44: (below main) (in /home/vnivanch/cwork/tests-build/Hadr01/Hadr01)
==639415== 
==639415== 72 bytes in 1 blocks are still reachable in loss record 91 of 169
==639415==    at 0x4844F95: operator new(unsigned long) (vg_replace_malloc.c:483)
==639415==    by 0x9DE912: std::_Rb_tree_iterator<std::pair<G4String const, G4VBasePhysConstrFactory*> > std::_Rb_tree<G4String, std::pair<G4String const, G4VBasePhysConstrFactory*>, std::_Select1st<std::pair<G4String const, G4VBasePhysConstrFactory*> >, std::less<G4String>, std::allocator<std::pair<G4String const, G4VBasePhysConstrFactory*> > >::_M_emplace_hint_unique<std::piecewise_construct_t const&, std::tuple<G4String const&>, std::tuple<> >(std::_Rb_tree_const_iterator<std::pair<G4String const, G4VBasePhysConstrFactory*> >, std::piecewise_construct_t const&, std::tuple<G4String const&>&&, std::tuple<>&&) [clone .isra.0] (in /home/vnivanch/cwork/tests-build/Hadr01/Hadr01)
==639415==    by 0x9DEF77: G4PhysicsConstructorRegistry::AddFactory(G4String, G4VBasePhysConstrFactory*) (in /home/vnivanch/cwork/tests-build/Hadr01/Hadr01)
==639415==    by 0x9E4AF6: G4PhysicsConstructorFactory<G4HadronHElasticPhysics>::G4PhysicsConstructorFactory(G4String const&) (in /home/vnivanch/cwork/tests-build/Hadr01/Hadr01)
==639415==    by 0x53AB89: _GLOBAL__sub_I__ZGR30G4HadronHElasticPhysicsFactory_ (in /home/vnivanch/cwork/tests-build/Hadr01/Hadr01)
==639415==    by 0x4F676BA: __libc_start_main@@GLIBC_2.34 (in /usr/lib64/libc.so.6)
==639415==    by 0x59EF44: (below main) (in /home/vnivanch/cwork/tests-build/Hadr01/Hadr01)
==639415== 
==639415== 72 bytes in 1 blocks are still reachable in loss record 92 of 169
==639415==    at 0x4844F95: operator new(unsigned long) (vg_replace_malloc.c:483)
==639415==    by 0x9DE912: std::_Rb_tree_iterator<std::pair<G4String const, G4VBasePhysConstrFactory*> > std::_Rb_tree<G4String, std::pair<G4String const, G4VBasePhysConstrFactory*>, std::_Select1st<std::pair<G4String const, G4VBasePhysConstrFactory*> >, std::less<G4String>, std::allocator<std::pair<G4String const, G4VBasePhysConstrFactory*> > >::_M_emplace_hint_unique<std::piecewise_construct_t const&, std::tuple<G4String const&>, std::tuple<> >(std::_Rb_tree_const_iterator<std::pair<G4String const, G4VBasePhysConstrFactory*> >, std::piecewise_construct_t const&, std::tuple<G4String const&>&&, std::tuple<>&&) [clone .isra.0] (in /home/vnivanch/cwork/tests-build/Hadr01/Hadr01)
==639415==    by 0x9DEF77: G4PhysicsConstructorRegistry::AddFactory(G4String, G4VBasePhysConstrFactory*) (in /home/vnivanch/cwork/tests-build/Hadr01/Hadr01)
==639415==    by 0x9E5016: G4PhysicsConstructorFactory<G4IonElasticPhysics>::G4PhysicsConstructorFactory(G4String const&) (in /home/vnivanch/cwork/tests-build/Hadr01/Hadr01)
==639415==    by 0x53AD02: _GLOBAL__sub_I__ZGR26G4IonElasticPhysicsFactory_ (in /home/vnivanch/cwork/tests-build/Hadr01/Hadr01)
==639415==    by 0x4F676BA: __libc_start_main@@GLIBC_2.34 (in /usr/lib64/libc.so.6)
==639415==    by 0x59EF44: (below main) (in /home/vnivanch/cwork/tests-build/Hadr01/Hadr01)
==639415== 
==639415== 72 bytes in 1 blocks are still reachable in loss record 93 of 169
==639415==    at 0x4844F95: operator new(unsigned long) (vg_replace_malloc.c:483)
==639415==    by 0x9DE912: std::_Rb_tree_iterator<std::pair<G4String const, G4VBasePhysConstrFactory*> > std::_Rb_tree<G4String, std::pair<G4String const, G4VBasePhysConstrFactory*>, std::_Select1st<std::pair<G4String const, G4VBasePhysConstrFactory*> >, std::less<G4String>, std::allocator<std::pair<G4String const, G4VBasePhysConstrFactory*> > >::_M_emplace_hint_unique<std::piecewise_construct_t const&, std::tuple<G4String const&>, std::tuple<> >(std::_Rb_tree_const_iterator<std::pair<G4String const, G4VBasePhysConstrFactory*> >, std::piecewise_construct_t const&, std::tuple<G4String const&>&&, std::tuple<>&&) [clone .isra.0] (in /home/vnivanch/cwork/tests-build/Hadr01/Hadr01)
==639415==    by 0x9DEF77: G4PhysicsConstructorRegistry::AddFactory(G4String, G4VBasePhysConstrFactory*) (in /home/vnivanch/cwork/tests-build/Hadr01/Hadr01)
==639415==    by 0x53AEE9: _GLOBAL__sub_I__ZGR28G4HadronInelasticQBBCFactory_ (in /home/vnivanch/cwork/tests-build/Hadr01/Hadr01)
==639415==    by 0x4F676BA: __libc_start_main@@GLIBC_2.34 (in /usr/lib64/libc.so.6)
==639415==    by 0x59EF44: (below main) (in /home/vnivanch/cwork/tests-build/Hadr01/Hadr01)
==639415== 
==639415== 72 bytes in 1 blocks are still reachable in loss record 94 of 169
==639415==    at 0x4844F95: operator new(unsigned long) (vg_replace_malloc.c:483)
==639415==    by 0x9DE912: std::_Rb_tree_iterator<std::pair<G4String const, G4VBasePhysConstrFactory*> > std::_Rb_tree<G4String, std::pair<G4String const, G4VBasePhysConstrFactory*>, std::_Select1st<std::pair<G4String const, G4VBasePhysConstrFactory*> >, std::less<G4String>, std::allocator<std::pair<G4String const, G4VBasePhysConstrFactory*> > >::_M_emplace_hint_unique<std::piecewise_construct_t const&, std::tuple<G4String const&>, std::tuple<> >(std::_Rb_tree_const_iterator<std::pair<G4String const, G4VBasePhysConstrFactory*> >, std::piecewise_construct_t const&, std::tuple<G4String const&>&&, std::tuple<>&&) [clone .isra.0] (in /home/vnivanch/cwork/tests-build/Hadr01/Hadr01)
==639415==    by 0x9DEF77: G4PhysicsConstructorRegistry::AddFactory(G4String, G4VBasePhysConstrFactory*) (in /home/vnivanch/cwork/tests-build/Hadr01/Hadr01)
==639415==    by 0x9E6636: G4PhysicsConstructorFactory<G4HadronPhysicsFTF_BIC>::G4PhysicsConstructorFactory(G4String const&) (in /home/vnivanch/cwork/tests-build/Hadr01/Hadr01)
==639415==    by 0x53B0C9: _GLOBAL__sub_I__ZGR29G4HadronPhysicsFTF_BICFactory_ (in /home/vnivanch/cwork/tests-build/Hadr01/Hadr01)
==639415==    by 0x4F676BA: __libc_start_main@@GLIBC_2.34 (in /usr/lib64/libc.so.6)
==639415==    by 0x59EF44: (below main) (in /home/vnivanch/cwork/tests-build/Hadr01/Hadr01)
==639415== 
==639415== 72 bytes in 1 blocks are still reachable in loss record 95 of 169
==639415==    at 0x4844F95: operator new(unsigned long) (vg_replace_malloc.c:483)
==639415==    by 0x9DE912: std::_Rb_tree_iterator<std::pair<G4String const, G4VBasePhysConstrFactory*> > std::_Rb_tree<G4String, std::pair<G4String const, G4VBasePhysConstrFactory*>, std::_Select1st<std::pair<G4String const, G4VBasePhysConstrFactory*> >, std::less<G4String>, std::allocator<std::pair<G4String const, G4VBasePhysConstrFactory*> > >::_M_emplace_hint_unique<std::piecewise_construct_t const&, std::tuple<G4String const&>, std::tuple<> >(std::_Rb_tree_const_iterator<std::pair<G4String const, G4VBasePhysConstrFactory*> >, std::piecewise_construct_t const&, std::tuple<G4String const&>&&, std::tuple<>&&) [clone .isra.0] (in /home/vnivanch/cwork/tests-build/Hadr01/Hadr01)
==639415==    by 0x9DEF77: G4PhysicsConstructorRegistry::AddFactory(G4String, G4VBasePhysConstrFactory*) (in /home/vnivanch/cwork/tests-build/Hadr01/Hadr01)
==639415==    by 0x9E7576: G4PhysicsConstructorFactory<G4HadronPhysicsFTFP_BERT>::G4PhysicsConstructorFactory(G4String const&) (in /home/vnivanch/cwork/tests-build/Hadr01/Hadr01)
==639415==    by 0x53B249: _GLOBAL__sub_I__ZGR31G4HadronPhysicsFTFP_BERTFactory_ (in /home/vnivanch/cwork/tests-build/Hadr01/Hadr01)
==639415==    by 0x4F676BA: __libc_start_main@@GLIBC_2.34 (in /usr/lib64/libc.so.6)
==639415==    by 0x59EF44: (below main) (in /home/vnivanch/cwork/tests-build/Hadr01/Hadr01)
==639415== 
==639415== 72 bytes in 1 blocks are still reachable in loss record 96 of 169
==639415==    at 0x4844F95: operator new(unsigned long) (vg_replace_malloc.c:483)
==639415==    by 0x9DE912: std::_Rb_tree_iterator<std::pair<G4String const, G4VBasePhysConstrFactory*> > std::_Rb_tree<G4String, std::pair<G4String const, G4VBasePhysConstrFactory*>, std::_Select1st<std::pair<G4String const, G4VBasePhysConstrFactory*> >, std::less<G4String>, std::allocator<std::pair<G4String const, G4VBasePhysConstrFactory*> > >::_M_emplace_hint_unique<std::piecewise_construct_t const&, std::tuple<G4String const&>, std::tuple<> >(std::_Rb_tree_const_iterator<std::pair<G4String const, G4VBasePhysConstrFactory*> >, std::piecewise_construct_t const&, std::tuple<G4String const&>&&, std::tuple<>&&) [clone .isra.0] (in /home/vnivanch/cwork/tests-build/Hadr01/Hadr01)
==639415==    by 0x9DEF77: G4PhysicsConstructorRegistry::AddFactory(G4String, G4VBasePhysConstrFactory*) (in /home/vnivanch/cwork/tests-build/Hadr01/Hadr01)
==639415==    by 0x9E7826: G4PhysicsConstructorFactory<G4HadronPhysicsFTFP_BERT_TRV>::G4PhysicsConstructorFactory(G4String const&) (in /home/vnivanch/cwork/tests-build/Hadr01/Hadr01)
==639415==    by 0x53B30A: _GLOBAL__sub_I__ZGR35G4HadronPhysicsFTFP_BERT_TRVFactory_ (in /home/vnivanch/cwork/tests-build/Hadr01/Hadr01)
==639415==    by 0x4F676BA: __libc_start_main@@GLIBC_2.34 (in /usr/lib64/libc.so.6)
==639415==    by 0x59EF44: (below main) (in /home/vnivanch/cwork/tests-build/Hadr01/Hadr01)
==639415== 
==639415== 72 bytes in 1 blocks are still reachable in loss record 97 of 169
==639415==    at 0x4844F95: operator new(unsigned long) (vg_replace_malloc.c:483)
==639415==    by 0x9DE912: std::_Rb_tree_iterator<std::pair<G4String const, G4VBasePhysConstrFactory*> > std::_Rb_tree<G4String, std::pair<G4String const, G4VBasePhysConstrFactory*>, std::_Select1st<std::pair<G4String const, G4VBasePhysConstrFactory*> >, std::less<G4String>, std::allocator<std::pair<G4String const, G4VBasePhysConstrFactory*> > >::_M_emplace_hint_unique<std::piecewise_construct_t const&, std::tuple<G4String const&>, std::tuple<> >(std::_Rb_tree_const_iterator<std::pair<G4String const, G4VBasePhysConstrFactory*> >, std::piecewise_construct_t const&, std::tuple<G4String const&>&&, std::tuple<>&&) [clone .isra.0] (in /home/vnivanch/cwork/tests-build/Hadr01/Hadr01)
==639415==    by 0x9DEF77: G4PhysicsConstructorRegistry::AddFactory(G4String, G4VBasePhysConstrFactory*) (in /home/vnivanch/cwork/tests-build/Hadr01/Hadr01)
==639415==    by 0x9E8106: G4PhysicsConstructorFactory<G4HadronPhysicsQGS_BIC>::G4PhysicsConstructorFactory(G4String const&) (in /home/vnivanch/cwork/tests-build/Hadr01/Hadr01)
==639415==    by 0x53B489: _GLOBAL__sub_I__ZGR29G4HadronPhysicsQGS_BICFactory_ (in /home/vnivanch/cwork/tests-build/Hadr01/Hadr01)
==639415==    by 0x4F676BA: __libc_start_main@@GLIBC_2.34 (in /usr/lib64/libc.so.6)
==639415==    by 0x59EF44: (below main) (in /home/vnivanch/cwork/tests-build/Hadr01/Hadr01)
==639415== 
==639415== 72 bytes in 1 blocks are still reachable in loss record 98 of 169
==639415==    at 0x4844F95: operator new(unsigned long) (vg_replace_malloc.c:483)
==639415==    by 0x9DE912: std::_Rb_tree_iterator<std::pair<G4String const, G4VBasePhysConstrFactory*> > std::_Rb_tree<G4String, std::pair<G4String const, G4VBasePhysConstrFactory*>, std::_Select1st<std::pair<G4String const, G4VBasePhysConstrFactory*> >, std::less<G4String>, std::allocator<std::pair<G4String const, G4VBasePhysConstrFactory*> > >::_M_emplace_hint_unique<std::piecewise_construct_t const&, std::tuple<G4String const&>, std::tuple<> >(std::_Rb_tree_const_iterator<std::pair<G4String const, G4VBasePhysConstrFactory*> >, std::piecewise_construct_t const&, std::tuple<G4String const&>&&, std::tuple<>&&) [clone .isra.0] (in /home/vnivanch/cwork/tests-build/Hadr01/Hadr01)
==639415==    by 0x9DEF77: G4PhysicsConstructorRegistry::AddFactory(G4String, G4VBasePhysConstrFactory*) (in /home/vnivanch/cwork/tests-build/Hadr01/Hadr01)
==639415==    by 0x9E8F06: G4PhysicsConstructorFactory<G4HadronPhysicsQGSP_BERT>::G4PhysicsConstructorFactory(G4String const&) (in /home/vnivanch/cwork/tests-build/Hadr01/Hadr01)
==639415==    by 0x53B609: _GLOBAL__sub_I__ZGR31G4HadronPhysicsQGSP_BERTFactory_ (in /home/vnivanch/cwork/tests-build/Hadr01/Hadr01)
==639415==    by 0x4F676BA: __libc_start_main@@GLIBC_2.34 (in /usr/lib64/libc.so.6)
==639415==    by 0x59EF44: (below main) (in /home/vnivanch/cwork/tests-build/Hadr01/Hadr01)
==639415== 
==639415== 72 bytes in 1 blocks are still reachable in loss record 99 of 169
==639415==    at 0x4844F95: operator new(unsigned long) (vg_replace_malloc.c:483)
==639415==    by 0x9DE912: std::_Rb_tree_iterator<std::pair<G4String const, G4VBasePhysConstrFactory*> > std::_Rb_tree<G4String, std::pair<G4String const, G4VBasePhysConstrFactory*>, std::_Select1st<std::pair<G4String const, G4VBasePhysConstrFactory*> >, std::less<G4String>, std::allocator<std::pair<G4String const, G4VBasePhysConstrFactory*> > >::_M_emplace_hint_unique<std::piecewise_construct_t const&, std::tuple<G4String const&>, std::tuple<> >(std::_Rb_tree_const_iterator<std::pair<G4String const, G4VBasePhysConstrFactory*> >, std::piecewise_construct_t const&, std::tuple<G4String const&>&&, std::tuple<>&&) [clone .isra.0] (in /home/vnivanch/cwork/tests-build/Hadr01/Hadr01)
==639415==    by 0x9DEF77: G4PhysicsConstructorRegistry::AddFactory(G4String, G4VBasePhysConstrFactory*) (in /home/vnivanch/cwork/tests-build/Hadr01/Hadr01)
==639415==    by 0x9E95F6: G4PhysicsConstructorFactory<G4HadronPhysicsQGSP_BERT_HP>::G4PhysicsConstructorFactory(G4String const&) (in /home/vnivanch/cwork/tests-build/Hadr01/Hadr01)
==639415==    by 0x53B7B1: _GLOBAL__sub_I__ZGR34G4HadronPhysicsQGSP_BERT_HPFactory_ (in /home/vnivanch/cwork/tests-build/Hadr01/Hadr01)
==639415==    by 0x4F676BA: __libc_start_main@@GLIBC_2.34 (in /usr/lib64/libc.so.6)
==639415==    by 0x59EF44: (below main) (in /home/vnivanch/cwork/tests-build/Hadr01/Hadr01)
==639415== 
==639415== 72 bytes in 1 blocks are still reachable in loss record 100 of 169
==639415==    at 0x4844F95: operator new(unsigned long) (vg_replace_malloc.c:483)
==639415==    by 0x9DE912: std::_Rb_tree_iterator<std::pair<G4String const, G4VBasePhysConstrFactory*> > std::_Rb_tree<G4String, std::pair<G4String const, G4VBasePhysConstrFactory*>, std::_Select1st<std::pair<G4String const, G4VBasePhysConstrFactory*> >, std::less<G4String>, std::allocator<std::pair<G4String const, G4VBasePhysConstrFactory*> > >::_M_emplace_hint_unique<std::piecewise_construct_t const&, std::tuple<G4String const&>, std::tuple<> >(std::_Rb_tree_const_iterator<std::pair<G4String const, G4VBasePhysConstrFactory*> >, std::piecewise_construct_t const&, std::tuple<G4String const&>&&, std::tuple<>&&) [clone .isra.0] (in /home/vnivanch/cwork/tests-build/Hadr01/Hadr01)
==639415==    by 0x9DEF77: G4PhysicsConstructorRegistry::AddFactory(G4String, G4VBasePhysConstrFactory*) (in /home/vnivanch/cwork/tests-build/Hadr01/Hadr01)
==639415==    by 0x9EA036: G4PhysicsConstructorFactory<G4HadronPhysicsQGSP_BIC>::G4PhysicsConstructorFactory(G4String const&) (in /home/vnivanch/cwork/tests-build/Hadr01/Hadr01)
==639415==    by 0x53B939: _GLOBAL__sub_I__ZGR30G4HadronPhysicsQGSP_BICFactory_ (in /home/vnivanch/cwork/tests-build/Hadr01/Hadr01)
==639415==    by 0x4F676BA: __libc_start_main@@GLIBC_2.34 (in /usr/lib64/libc.so.6)
==639415==    by 0x59EF44: (below main) (in /home/vnivanch/cwork/tests-build/Hadr01/Hadr01)
==639415== 
==639415== 72 bytes in 1 blocks are still reachable in loss record 101 of 169
==639415==    at 0x4844F95: operator new(unsigned long) (vg_replace_malloc.c:483)
==639415==    by 0x9DE912: std::_Rb_tree_iterator<std::pair<G4String const, G4VBasePhysConstrFactory*> > std::_Rb_tree<G4String, std::pair<G4String const, G4VBasePhysConstrFactory*>, std::_Select1st<std::pair<G4String const, G4VBasePhysConstrFactory*> >, std::less<G4String>, std::allocator<std::pair<G4String const, G4VBasePhysConstrFactory*> > >::_M_emplace_hint_unique<std::piecewise_construct_t const&, std::tuple<G4String const&>, std::tuple<> >(std::_Rb_tree_const_iterator<std::pair<G4String const, G4VBasePhysConstrFactory*> >, std::piecewise_construct_t const&, std::tuple<G4String const&>&&, std::tuple<>&&) [clone .isra.0] (in /home/vnivanch/cwork/tests-build/Hadr01/Hadr01)
==639415==    by 0x9DEF77: G4PhysicsConstructorRegistry::AddFactory(G4String, G4VBasePhysConstrFactory*) (in /home/vnivanch/cwork/tests-build/Hadr01/Hadr01)
==639415==    by 0x9EA576: G4PhysicsConstructorFactory<G4HadronPhysicsQGSP_BIC_HP>::G4PhysicsConstructorFactory(G4String const&) (in /home/vnivanch/cwork/tests-build/Hadr01/Hadr01)
==639415==    by 0x53BAE1: _GLOBAL__sub_I__ZGR33G4HadronPhysicsQGSP_BIC_HPFactory_ (in /home/vnivanch/cwork/tests-build/Hadr01/Hadr01)
==639415==    by 0x4F676BA: __libc_start_main@@GLIBC_2.34 (in /usr/lib64/libc.so.6)
==639415==    by 0x59EF44: (below main) (in /home/vnivanch/cwork/tests-build/Hadr01/Hadr01)
==639415== 
==639415== 72 bytes in 1 blocks are still reachable in loss record 102 of 169
==639415==    at 0x4844F95: operator new(unsigned long) (vg_replace_malloc.c:483)
==639415==    by 0x9DE912: std::_Rb_tree_iterator<std::pair<G4String const, G4VBasePhysConstrFactory*> > std::_Rb_tree<G4String, std::pair<G4String const, G4VBasePhysConstrFactory*>, std::_Select1st<std::pair<G4String const, G4VBasePhysConstrFactory*> >, std::less<G4String>, std::allocator<std::pair<G4String const, G4VBasePhysConstrFactory*> > >::_M_emplace_hint_unique<std::piecewise_construct_t const&, std::tuple<G4String const&>, std::tuple<> >(std::_Rb_tree_const_iterator<std::pair<G4String const, G4VBasePhysConstrFactory*> >, std::piecewise_construct_t const&, std::tuple<G4String const&>&&, std::tuple<>&&) [clone .isra.0] (in /home/vnivanch/cwork/tests-build/Hadr01/Hadr01)
==639415==    by 0x9DEF77: G4PhysicsConstructorRegistry::AddFactory(G4String, G4VBasePhysConstrFactory*) (in /home/vnivanch/cwork/tests-build/Hadr01/Hadr01)
==639415==    by 0x9EA826: G4PhysicsConstructorFactory<G4HadronPhysicsQGSP_FTFP_BERT>::G4PhysicsConstructorFactory(G4String const&) (in /home/vnivanch/cwork/tests-build/Hadr01/Hadr01)
==639415==    by 0x53BBAA: _GLOBAL__sub_I__ZGR36G4HadronPhysicsQGSP_FTFP_BERTFactory_ (in /home/vnivanch/cwork/tests-build/Hadr01/Hadr01)
==639415==    by 0x4F676BA: __libc_start_main@@GLIBC_2.34 (in /usr/lib64/libc.so.6)
==639415==    by 0x59EF44: (below main) (in /home/vnivanch/cwork/tests-build/Hadr01/Hadr01)
==639415== 
==639415== 72 bytes in 1 blocks are still reachable in loss record 103 of 169
==639415==    at 0x4844F95: operator new(unsigned long) (vg_replace_malloc.c:483)
==639415==    by 0x9DE912: std::_Rb_tree_iterator<std::pair<G4String const, G4VBasePhysConstrFactory*> > std::_Rb_tree<G4String, std::pair<G4String const, G4VBasePhysConstrFactory*>, std::_Select1st<std::pair<G4String const, G4VBasePhysConstrFactory*> >, std::less<G4String>, std::allocator<std::pair<G4String const, G4VBasePhysConstrFactory*> > >::_M_emplace_hint_unique<std::piecewise_construct_t const&, std::tuple<G4String const&>, std::tuple<> >(std::_Rb_tree_const_iterator<std::pair<G4String const, G4VBasePhysConstrFactory*> >, std::piecewise_construct_t const&, std::tuple<G4String const&>&&, std::tuple<>&&) [clone .isra.0] (in /home/vnivanch/cwork/tests-build/Hadr01/Hadr01)
==639415==    by 0x9DEF77: G4PhysicsConstructorRegistry::AddFactory(G4String, G4VBasePhysConstrFactory*) (in /home/vnivanch/cwork/tests-build/Hadr01/Hadr01)
==639415==    by 0x9EB7D6: G4PhysicsConstructorFactory<G4IonPhysics>::G4PhysicsConstructorFactory(G4String const&) (in /home/vnivanch/cwork/tests-build/Hadr01/Hadr01)
==639415==    by 0x53BDEB: _GLOBAL__sub_I__ZGR19G4IonPhysicsFactory_ (in /home/vnivanch/cwork/tests-build/Hadr01/Hadr01)
==639415==    by 0x4F676BA: __libc_start_main@@GLIBC_2.34 (in /usr/lib64/libc.so.6)
==639415==    by 0x59EF44: (below main) (in /home/vnivanch/cwork/tests-build/Hadr01/Hadr01)
==639415== 
==639415== 72 bytes in 1 blocks are still reachable in loss record 104 of 169
==639415==    at 0x4844F95: operator new(unsigned long) (vg_replace_malloc.c:483)
==639415==    by 0x9DE912: std::_Rb_tree_iterator<std::pair<G4String const, G4VBasePhysConstrFactory*> > std::_Rb_tree<G4String, std::pair<G4String const, G4VBasePhysConstrFactory*>, std::_Select1st<std::pair<G4String const, G4VBasePhysConstrFactory*> >, std::less<G4String>, std::allocator<std::pair<G4String const, G4VBasePhysConstrFactory*> > >::_M_emplace_hint_unique<std::piecewise_construct_t const&, std::tuple<G4String const&>, std::tuple<> >(std::_Rb_tree_const_iterator<std::pair<G4String const, G4VBasePhysConstrFactory*> >, std::piecewise_construct_t const&, std::tuple<G4String const&>&&, std::tuple<>&&) [clone .isra.0] (in /home/vnivanch/cwork/tests-build/Hadr01/Hadr01)
==639415==    by 0x9DEF77: G4PhysicsConstructorRegistry::AddFactory(G4String, G4VBasePhysConstrFactory*) (in /home/vnivanch/cwork/tests-build/Hadr01/Hadr01)
==639415==    by 0x9EBB16: G4PhysicsConstructorFactory<G4IonPhysicsXS>::G4PhysicsConstructorFactory(G4String const&) (in /home/vnivanch/cwork/tests-build/Hadr01/Hadr01)
==639415==    by 0x53BF42: _GLOBAL__sub_I__ZGR21G4IonPhysicsXSFactory_ (in /home/vnivanch/cwork/tests-build/Hadr01/Hadr01)
==639415==    by 0x4F676BA: __libc_start_main@@GLIBC_2.34 (in /usr/lib64/libc.so.6)
==639415==    by 0x59EF44: (below main) (in /home/vnivanch/cwork/tests-build/Hadr01/Hadr01)
==639415== 
==639415== 72 bytes in 1 blocks are still reachable in loss record 105 of 169
==639415==    at 0x4844F95: operator new(unsigned long) (vg_replace_malloc.c:483)
==639415==    by 0x9DE912: std::_Rb_tree_iterator<std::pair<G4String const, G4VBasePhysConstrFactory*> > std::_Rb_tree<G4String, std::pair<G4String const, G4VBasePhysConstrFactory*>, std::_Select1st<std::pair<G4String const, G4VBasePhysConstrFactory*> >, std::less<G4String>, std::allocator<std::pair<G4String const, G4VBasePhysConstrFactory*> > >::_M_emplace_hint_unique<std::piecewise_construct_t const&, std::tuple<G4String const&>, std::tuple<> >(std::_Rb_tree_const_iterator<std::pair<G4String const, G4VBasePhysConstrFactory*> >, std::piecewise_construct_t const&, std::tuple<G4String const&>&&, std::tuple<>&&) [clone .isra.0] (in /home/vnivanch/cwork/tests-build/Hadr01/Hadr01)
==639415==    by 0x9DEF77: G4PhysicsConstructorRegistry::AddFactory(G4String, G4VBasePhysConstrFactory*) (in /home/vnivanch/cwork/tests-build/Hadr01/Hadr01)
==639415==    by 0x53C122: _GLOBAL__sub_I__ZGR27G4NeutronTrackingCutFactory_ (in /home/vnivanch/cwork/tests-build/Hadr01/Hadr01)
==639415==    by 0x4F676BA: __libc_start_main@@GLIBC_2.34 (in /usr/lib64/libc.so.6)
==639415==    by 0x59EF44: (below main) (in /home/vnivanch/cwork/tests-build/Hadr01/Hadr01)
==639415== 
==639415== 72 bytes in 1 blocks are still reachable in loss record 106 of 169
==639415==    at 0x4844F95: operator new(unsigned long) (vg_replace_malloc.c:483)
==639415==    by 0x9DE912: std::_Rb_tree_iterator<std::pair<G4String const, G4VBasePhysConstrFactory*> > std::_Rb_tree<G4String, std::pair<G4String const, G4VBasePhysConstrFactory*>, std::_Select1st<std::pair<G4String const, G4VBasePhysConstrFactory*> >, std::less<G4String>, std::allocator<std::pair<G4String const, G4VBasePhysConstrFactory*> > >::_M_emplace_hint_unique<std::piecewise_construct_t const&, std::tuple<G4String const&>, std::tuple<> >(std::_Rb_tree_const_iterator<std::pair<G4String const, G4VBasePhysConstrFactory*> >, std::piecewise_construct_t const&, std::tuple<G4String const&>&&, std::tuple<>&&) [clone .isra.0] (in /home/vnivanch/cwork/tests-build/Hadr01/Hadr01)
==639415==    by 0x9DEF77: G4PhysicsConstructorRegistry::AddFactory(G4String, G4VBasePhysConstrFactory*) (in /home/vnivanch/cwork/tests-build/Hadr01/Hadr01)
==639415==    by 0x9ECA26: G4PhysicsConstructorFactory<G4StoppingPhysics>::G4PhysicsConstructorFactory(G4String const&) (in /home/vnivanch/cwork/tests-build/Hadr01/Hadr01)
==639415==    by 0x53C2FF: _GLOBAL__sub_I__ZGR24G4StoppingPhysicsFactory_ (in /home/vnivanch/cwork/tests-build/Hadr01/Hadr01)
==639415==    by 0x4F676BA: __libc_start_main@@GLIBC_2.34 (in /usr/lib64/libc.so.6)
==639415==    by 0x59EF44: (below main) (in /home/vnivanch/cwork/tests-build/Hadr01/Hadr01)
==639415== 
==639415== 72 bytes in 1 blocks are still reachable in loss record 107 of 169
==639415==    at 0x4844F95: operator new(unsigned long) (vg_replace_malloc.c:483)
==639415==    by 0x9DE912: std::_Rb_tree_iterator<std::pair<G4String const, G4VBasePhysConstrFactory*> > std::_Rb_tree<G4String, std::pair<G4String const, G4VBasePhysConstrFactory*>, std::_Select1st<std::pair<G4String const, G4VBasePhysConstrFactory*> >, std::less<G4String>, std::allocator<std::pair<G4String const, G4VBasePhysConstrFactory*> > >::_M_emplace_hint_unique<std::piecewise_construct_t const&, std::tuple<G4String const&>, std::tuple<> >(std::_Rb_tree_const_iterator<std::pair<G4String const, G4VBasePhysConstrFactory*> >, std::piecewise_construct_t const&, std::tuple<G4String const&>&&, std::tuple<>&&) [clone .isra.0] (in /home/vnivanch/cwork/tests-build/Hadr01/Hadr01)
==639415==    by 0x9DEF77: G4PhysicsConstructorRegistry::AddFactory(G4String, G4VBasePhysConstrFactory*) (in /home/vnivanch/cwork/tests-build/Hadr01/Hadr01)
==639415==    by 0xA0F0E6: G4PhysicsConstructorFactory<G4EmLivermorePhysics>::G4PhysicsConstructorFactory(G4String const&) (in /home/vnivanch/cwork/tests-build/Hadr01/Hadr01)
==639415==    by 0x53F832: _GLOBAL__sub_I__ZGR27G4EmLivermorePhysicsFactory_ (in /home/vnivanch/cwork/tests-build/Hadr01/Hadr01)
==639415==    by 0x4F676BA: __libc_start_main@@GLIBC_2.34 (in /usr/lib64/libc.so.6)
==639415==    by 0x59EF44: (below main) (in /home/vnivanch/cwork/tests-build/Hadr01/Hadr01)
==639415== 
==639415== 72 bytes in 1 blocks are still reachable in loss record 108 of 169
==639415==    at 0x4844F95: operator new(unsigned long) (vg_replace_malloc.c:483)
==639415==    by 0x9DE912: std::_Rb_tree_iterator<std::pair<G4String const, G4VBasePhysConstrFactory*> > std::_Rb_tree<G4String, std::pair<G4String const, G4VBasePhysConstrFactory*>, std::_Select1st<std::pair<G4String const, G4VBasePhysConstrFactory*> >, std::less<G4String>, std::allocator<std::pair<G4String const, G4VBasePhysConstrFactory*> > >::_M_emplace_hint_unique<std::piecewise_construct_t const&, std::tuple<G4String const&>, std::tuple<> >(std::_Rb_tree_const_iterator<std::pair<G4String const, G4VBasePhysConstrFactory*> >, std::piecewise_construct_t const&, std::tuple<G4String const&>&&, std::tuple<>&&) [clone .isra.0] (in /home/vnivanch/cwork/tests-build/Hadr01/Hadr01)
==639415==    by 0x9DEF77: G4PhysicsConstructorRegistry::AddFactory(G4String, G4VBasePhysConstrFactory*) (in /home/vnivanch/cwork/tests-build/Hadr01/Hadr01)
==639415==    by 0xA108C6: G4PhysicsConstructorFactory<G4EmLowEPPhysics>::G4PhysicsConstructorFactory(G4String const&) (in /home/vnivanch/cwork/tests-build/Hadr01/Hadr01)
==639415==    by 0x53F9AB: _GLOBAL__sub_I__ZGR23G4EmLowEPPhysicsFactory_ (in /home/vnivanch/cwork/tests-build/Hadr01/Hadr01)
==639415==    by 0x4F676BA: __libc_start_main@@GLIBC_2.34 (in /usr/lib64/libc.so.6)
==639415==    by 0x59EF44: (below main) (in /home/vnivanch/cwork/tests-build/Hadr01/Hadr01)
==639415== 
==639415== 72 bytes in 1 blocks are still reachable in loss record 109 of 169
==639415==    at 0x4844F95: operator new(unsigned long) (vg_replace_malloc.c:483)
==639415==    by 0x9DE912: std::_Rb_tree_iterator<std::pair<G4String const, G4VBasePhysConstrFactory*> > std::_Rb_tree<G4String, std::pair<G4String const, G4VBasePhysConstrFactory*>, std::_Select1st<std::pair<G4String const, G4VBasePhysConstrFactory*> >, std::less<G4String>, std::allocator<std::pair<G4String const, G4VBasePhysConstrFactory*> > >::_M_emplace_hint_unique<std::piecewise_construct_t const&, std::tuple<G4String const&>, std::tuple<> >(std::_Rb_tree_const_iterator<std::pair<G4String const, G4VBasePhysConstrFactory*> >, std::piecewise_construct_t const&, std::tuple<G4String const&>&&, std::tuple<>&&) [clone .isra.0] (in /home/vnivanch/cwork/tests-build/Hadr01/Hadr01)
==639415==    by 0x9DEF77: G4PhysicsConstructorRegistry::AddFactory(G4String, G4VBasePhysConstrFactory*) (in /home/vnivanch/cwork/tests-build/Hadr01/Hadr01)
==639415==    by 0xA1A866: G4PhysicsConstructorFactory<G4EmPenelopePhysics>::G4PhysicsConstructorFactory(G4String const&) (in /home/vnivanch/cwork/tests-build/Hadr01/Hadr01)
==639415==    by 0x53FC42: _GLOBAL__sub_I__ZGR26G4EmPenelopePhysicsFactory_ (in /home/vnivanch/cwork/tests-build/Hadr01/Hadr01)
==639415==    by 0x4F676BA: __libc_start_main@@GLIBC_2.34 (in /usr/lib64/libc.so.6)
==639415==    by 0x59EF44: (below main) (in /home/vnivanch/cwork/tests-build/Hadr01/Hadr01)
==639415== 
==639415== 72 bytes in 1 blocks are still reachable in loss record 110 of 169
==639415==    at 0x4844F95: operator new(unsigned long) (vg_replace_malloc.c:483)
==639415==    by 0x9DE912: std::_Rb_tree_iterator<std::pair<G4String const, G4VBasePhysConstrFactory*> > std::_Rb_tree<G4String, std::pair<G4String const, G4VBasePhysConstrFactory*>, std::_Select1st<std::pair<G4String const, G4VBasePhysConstrFactory*> >, std::less<G4String>, std::allocator<std::pair<G4String const, G4VBasePhysConstrFactory*> > >::_M_emplace_hint_unique<std::piecewise_construct_t const&, std::tuple<G4String const&>, std::tuple<> >(std::_Rb_tree_const_iterator<std::pair<G4String const, G4VBasePhysConstrFactory*> >, std::piecewise_construct_t const&, std::tuple<G4String const&>&&, std::tuple<>&&) [clone .isra.0] (in /home/vnivanch/cwork/tests-build/Hadr01/Hadr01)
==639415==    by 0x9DEF77: G4PhysicsConstructorRegistry::AddFactory(G4String, G4VBasePhysConstrFactory*) (in /home/vnivanch/cwork/tests-build/Hadr01/Hadr01)
==639415==    by 0xA1B736: G4PhysicsConstructorFactory<G4EmStandardPhysicsSS>::G4PhysicsConstructorFactory(G4String const&) (in /home/vnivanch/cwork/tests-build/Hadr01/Hadr01)
==639415==    by 0x53FDC9: _GLOBAL__sub_I__ZGR28G4EmStandardPhysicsSSFactory_ (in /home/vnivanch/cwork/tests-build/Hadr01/Hadr01)
==639415==    by 0x4F676BA: __libc_start_main@@GLIBC_2.34 (in /usr/lib64/libc.so.6)
==639415==    by 0x59EF44: (below main) (in /home/vnivanch/cwork/tests-build/Hadr01/Hadr01)
==639415== 
==639415== 72 bytes in 1 blocks are still reachable in loss record 111 of 169
==639415==    at 0x4844F95: operator new(unsigned long) (vg_replace_malloc.c:483)
==639415==    by 0x9DE912: std::_Rb_tree_iterator<std::pair<G4String const, G4VBasePhysConstrFactory*> > std::_Rb_tree<G4String, std::pair<G4String const, G4VBasePhysConstrFactory*>, std::_Select1st<std::pair<G4String const, G4VBasePhysConstrFactory*> >, std::less<G4String>, std::allocator<std::pair<G4String const, G4VBasePhysConstrFactory*> > >::_M_emplace_hint_unique<std::piecewise_construct_t const&, std::tuple<G4String const&>, std::tuple<> >(std::_Rb_tree_const_iterator<std::pair<G4String const, G4VBasePhysConstrFactory*> >, std::piecewise_construct_t const&, std::tuple<G4String const&>&&, std::tuple<>&&) [clone .isra.0] (in /home/vnivanch/cwork/tests-build/Hadr01/Hadr01)
==639415==    by 0x9DEF77: G4PhysicsConstructorRegistry::AddFactory(G4String, G4VBasePhysConstrFactory*) (in /home/vnivanch/cwork/tests-build/Hadr01/Hadr01)
==639415==    by 0xA1C836: G4PhysicsConstructorFactory<G4EmStandardPhysicsWVI>::G4PhysicsConstructorFactory(G4String const&) (in /home/vnivanch/cwork/tests-build/Hadr01/Hadr01)
==639415==    by 0x53FF49: _GLOBAL__sub_I__ZGR29G4EmStandardPhysicsWVIFactory_ (in /home/vnivanch/cwork/tests-build/Hadr01/Hadr01)
==639415==    by 0x4F676BA: __libc_start_main@@GLIBC_2.34 (in /usr/lib64/libc.so.6)
==639415==    by 0x59EF44: (below main) (in /home/vnivanch/cwork/tests-build/Hadr01/Hadr01)
==639415== 
==639415== 72 bytes in 1 blocks are still reachable in loss record 112 of 169
==639415==    at 0x4844F95: operator new(unsigned long) (vg_replace_malloc.c:483)
==639415==    by 0x9DE912: std::_Rb_tree_iterator<std::pair<G4String const, G4VBasePhysConstrFactory*> > std::_Rb_tree<G4String, std::pair<G4String const, G4VBasePhysConstrFactory*>, std::_Select1st<std::pair<G4String const, G4VBasePhysConstrFactory*> >, std::less<G4String>, std::allocator<std::pair<G4String const, G4VBasePhysConstrFactory*> > >::_M_emplace_hint_unique<std::piecewise_construct_t const&, std::tuple<G4String const&>, std::tuple<> >(std::_Rb_tree_const_iterator<std::pair<G4String const, G4VBasePhysConstrFactory*> >, std::piecewise_construct_t const&, std::tuple<G4String const&>&&, std::tuple<>&&) [clone .isra.0] (in /home/vnivanch/cwork/tests-build/Hadr01/Hadr01)
==639415==    by 0x9DEF77: G4PhysicsConstructorRegistry::AddFactory(G4String, G4VBasePhysConstrFactory*) (in /home/vnivanch/cwork/tests-build/Hadr01/Hadr01)
==639415==    by 0x540161: _GLOBAL__sub_I__ZGR23G4OpticalPhysicsFactory_ (in /home/vnivanch/cwork/tests-build/Hadr01/Hadr01)
==639415==    by 0x4F676BA: __libc_start_main@@GLIBC_2.34 (in /usr/lib64/libc.so.6)
==639415==    by 0x59EF44: (below main) (in /home/vnivanch/cwork/tests-build/Hadr01/Hadr01)
==639415== 
==639415== 72 bytes in 1 blocks are still reachable in loss record 113 of 169
==639415==    at 0x4844F95: operator new(unsigned long) (vg_replace_malloc.c:483)
==639415==    by 0x9DE912: std::_Rb_tree_iterator<std::pair<G4String const, G4VBasePhysConstrFactory*> > std::_Rb_tree<G4String, std::pair<G4String const, G4VBasePhysConstrFactory*>, std::_Select1st<std::pair<G4String const, G4VBasePhysConstrFactory*> >, std::less<G4String>, std::allocator<std::pair<G4String const, G4VBasePhysConstrFactory*> > >::_M_emplace_hint_unique<std::piecewise_construct_t const&, std::tuple<G4String const&>, std::tuple<> >(std::_Rb_tree_const_iterator<std::pair<G4String const, G4VBasePhysConstrFactory*> >, std::piecewise_construct_t const&, std::tuple<G4String const&>&&, std::tuple<>&&) [clone .isra.0] (in /home/vnivanch/cwork/tests-build/Hadr01/Hadr01)
==639415==    by 0x9DEF77: G4PhysicsConstructorRegistry::AddFactory(G4String, G4VBasePhysConstrFactory*) (in /home/vnivanch/cwork/tests-build/Hadr01/Hadr01)
==639415==    by 0xA1EBA6: G4PhysicsConstructorFactory<G4NeutrinoPhysics>::G4PhysicsConstructorFactory(G4String const&) (in /home/vnivanch/cwork/tests-build/Hadr01/Hadr01)
==639415==    by 0x54033F: _GLOBAL__sub_I__ZGR24G4NeutrinoPhysicsFactory_ (in /home/vnivanch/cwork/tests-build/Hadr01/Hadr01)
==639415==    by 0x4F676BA: __libc_start_main@@GLIBC_2.34 (in /usr/lib64/libc.so.6)
==639415==    by 0x59EF44: (below main) (in /home/vnivanch/cwork/tests-build/Hadr01/Hadr01)
==639415== 
==639415== 72 bytes in 1 blocks are still reachable in loss record 114 of 169
==639415==    at 0x4844F95: operator new(unsigned long) (vg_replace_malloc.c:483)
==639415==    by 0x9DE912: std::_Rb_tree_iterator<std::pair<G4String const, G4VBasePhysConstrFactory*> > std::_Rb_tree<G4String, std::pair<G4String const, G4VBasePhysConstrFactory*>, std::_Select1st<std::pair<G4String const, G4VBasePhysConstrFactory*> >, std::less<G4String>, std::allocator<std::pair<G4String const, G4VBasePhysConstrFactory*> > >::_M_emplace_hint_unique<std::piecewise_construct_t const&, std::tuple<G4String const&>, std::tuple<> >(std::_Rb_tree_const_iterator<std::pair<G4String const, G4VBasePhysConstrFactory*> >, std::piecewise_construct_t const&, std::tuple<G4String const&>&&, std::tuple<>&&) [clone .isra.0] (in /home/vnivanch/cwork/tests-build/Hadr01/Hadr01)
==639415==    by 0x9DEF77: G4PhysicsConstructorRegistry::AddFactory(G4String, G4VBasePhysConstrFactory*) (in /home/vnivanch/cwork/tests-build/Hadr01/Hadr01)
==639415==    by 0x540559: _GLOBAL__sub_I__ZGR30G4ChargeExchangePhysicsFactory_ (in /home/vnivanch/cwork/tests-build/Hadr01/Hadr01)
==639415==    by 0x4F676BA: __libc_start_main@@GLIBC_2.34 (in /usr/lib64/libc.so.6)
==639415==    by 0x59EF44: (below main) (in /home/vnivanch/cwork/tests-build/Hadr01/Hadr01)
==639415== 
==639415== 72 bytes in 1 blocks are still reachable in loss record 115 of 169
==639415==    at 0x4844F95: operator new(unsigned long) (vg_replace_malloc.c:483)
==639415==    by 0x9DE912: std::_Rb_tree_iterator<std::pair<G4String const, G4VBasePhysConstrFactory*> > std::_Rb_tree<G4String, std::pair<G4String const, G4VBasePhysConstrFactory*>, std::_Select1st<std::pair<G4String const, G4VBasePhysConstrFactory*> >, std::less<G4String>, std::allocator<std::pair<G4String const, G4VBasePhysConstrFactory*> > >::_M_emplace_hint_unique<std::piecewise_construct_t const&, std::tuple<G4String const&>, std::tuple<> >(std::_Rb_tree_const_iterator<std::pair<G4String const, G4VBasePhysConstrFactory*> >, std::piecewise_construct_t const&, std::tuple<G4String const&>&&, std::tuple<>&&) [clone .isra.0] (in /home/vnivanch/cwork/tests-build/Hadr01/Hadr01)
==639415==    by 0x9DEF77: G4PhysicsConstructorRegistry::AddFactory(G4String, G4VBasePhysConstrFactory*) (in /home/vnivanch/cwork/tests-build/Hadr01/Hadr01)
==639415==    by 0xA20326: G4PhysicsConstructorFactory<G4HadronElasticPhysicsHPT>::G4PhysicsConstructorFactory(G4String const&) (in /home/vnivanch/cwork/tests-build/Hadr01/Hadr01)
==639415==    by 0x540737: _GLOBAL__sub_I__ZGR32G4HadronElasticPhysicsHPTFactory_ (in /home/vnivanch/cwork/tests-build/Hadr01/Hadr01)
==639415==    by 0x4F676BA: __libc_start_main@@GLIBC_2.34 (in /usr/lib64/libc.so.6)
==639415==    by 0x59EF44: (below main) (in /home/vnivanch/cwork/tests-build/Hadr01/Hadr01)
==639415== 
==639415== 72 bytes in 1 blocks are still reachable in loss record 116 of 169
==639415==    at 0x4844F95: operator new(unsigned long) (vg_replace_malloc.c:483)
==639415==    by 0x9DE912: std::_Rb_tree_iterator<std::pair<G4String const, G4VBasePhysConstrFactory*> > std::_Rb_tree<G4String, std::pair<G4String const, G4VBasePhysConstrFactory*>, std::_Select1st<std::pair<G4String const, G4VBasePhysConstrFactory*> >, std::less<G4String>, std::allocator<std::pair<G4String const, G4VBasePhysConstrFactory*> > >::_M_emplace_hint_unique<std::piecewise_construct_t const&, std::tuple<G4String const&>, std::tuple<> >(std::_Rb_tree_const_iterator<std::pair<G4String const, G4VBasePhysConstrFactory*> >, std::piecewise_construct_t const&, std::tuple<G4String const&>&&, std::tuple<>&&) [clone .isra.0] (in /home/vnivanch/cwork/tests-build/Hadr01/Hadr01)
==639415==    by 0x9DEF77: G4PhysicsConstructorRegistry::AddFactory(G4String, G4VBasePhysConstrFactory*) (in /home/vnivanch/cwork/tests-build/Hadr01/Hadr01)
==639415==    by 0x540917: _GLOBAL__sub_I__ZGR33G4HadronElasticPhysicsLENDFactory_ (in /home/vnivanch/cwork/tests-build/Hadr01/Hadr01)
==639415==    by 0x4F676BA: __libc_start_main@@GLIBC_2.34 (in /usr/lib64/libc.so.6)
==639415==    by 0x59EF44: (below main) (in /home/vnivanch/cwork/tests-build/Hadr01/Hadr01)
==639415== 
==639415== 72 bytes in 1 blocks are still reachable in loss record 117 of 169
==639415==    at 0x4844F95: operator new(unsigned long) (vg_replace_malloc.c:483)
==639415==    by 0x9DE912: std::_Rb_tree_iterator<std::pair<G4String const, G4VBasePhysConstrFactory*> > std::_Rb_tree<G4String, std::pair<G4String const, G4VBasePhysConstrFactory*>, std::_Select1st<std::pair<G4String const, G4VBasePhysConstrFactory*> >, std::less<G4String>, std::allocator<std::pair<G4String const, G4VBasePhysConstrFactory*> > >::_M_emplace_hint_unique<std::piecewise_construct_t const&, std::tuple<G4String const&>, std::tuple<> >(std::_Rb_tree_const_iterator<std::pair<G4String const, G4VBasePhysConstrFactory*> >, std::piecewise_construct_t const&, std::tuple<G4String const&>&&, std::tuple<>&&) [clone .isra.0] (in /home/vnivanch/cwork/tests-build/Hadr01/Hadr01)
==639415==    by 0x9DEF77: G4PhysicsConstructorRegistry::AddFactory(G4String, G4VBasePhysConstrFactory*) (in /home/vnivanch/cwork/tests-build/Hadr01/Hadr01)
==639415==    by 0xA20F46: G4PhysicsConstructorFactory<G4HadronElasticPhysicsPHP>::G4PhysicsConstructorFactory(G4String const&) (in /home/vnivanch/cwork/tests-build/Hadr01/Hadr01)
==639415==    by 0x540B21: _GLOBAL__sub_I__ZGR32G4HadronElasticPhysicsPHPFactory_ (in /home/vnivanch/cwork/tests-build/Hadr01/Hadr01)
==639415==    by 0x4F676BA: __libc_start_main@@GLIBC_2.34 (in /usr/lib64/libc.so.6)
==639415==    by 0x59EF44: (below main) (in /home/vnivanch/cwork/tests-build/Hadr01/Hadr01)
==639415== 
==639415== 72 bytes in 1 blocks are still reachable in loss record 118 of 169
==639415==    at 0x4844F95: operator new(unsigned long) (vg_replace_malloc.c:483)
==639415==    by 0x9DE912: std::_Rb_tree_iterator<std::pair<G4String const, G4VBasePhysConstrFactory*> > std::_Rb_tree<G4String, std::pair<G4String const, G4VBasePhysConstrFactory*>, std::_Select1st<std::pair<G4String const, G4VBasePhysConstrFactory*> >, std::less<G4String>, std::allocator<std::pair<G4String const, G4VBasePhysConstrFactory*> > >::_M_emplace_hint_unique<std::piecewise_construct_t const&, std::tuple<G4String const&>, std::tuple<> >(std::_Rb_tree_const_iterator<std::pair<G4String const, G4VBasePhysConstrFactory*> >, std::piecewise_construct_t const&, std::tuple<G4String const&>&&, std::tuple<>&&) [clone .isra.0] (in /home/vnivanch/cwork/tests-build/Hadr01/Hadr01)
==639415==    by 0x9DEF77: G4PhysicsConstructorRegistry::AddFactory(G4String, G4VBasePhysConstrFactory*) (in /home/vnivanch/cwork/tests-build/Hadr01/Hadr01)
==639415==    by 0xA21416: G4PhysicsConstructorFactory<G4HadronElasticPhysicsVI>::G4PhysicsConstructorFactory(G4String const&) (in /home/vnivanch/cwork/tests-build/Hadr01/Hadr01)
==639415==    by 0x540CD3: _GLOBAL__sub_I__ZGR31G4HadronElasticPhysicsVIFactory_ (in /home/vnivanch/cwork/tests-build/Hadr01/Hadr01)
==639415==    by 0x4F676BA: __libc_start_main@@GLIBC_2.34 (in /usr/lib64/libc.so.6)
==639415==    by 0x59EF44: (below main) (in /home/vnivanch/cwork/tests-build/Hadr01/Hadr01)
==639415== 
==639415== 72 bytes in 1 blocks are still reachable in loss record 119 of 169
==639415==    at 0x4844F95: operator new(unsigned long) (vg_replace_malloc.c:483)
==639415==    by 0x9DE912: std::_Rb_tree_iterator<std::pair<G4String const, G4VBasePhysConstrFactory*> > std::_Rb_tree<G4String, std::pair<G4String const, G4VBasePhysConstrFactory*>, std::_Select1st<std::pair<G4String const, G4VBasePhysConstrFactory*> >, std::less<G4String>, std::allocator<std::pair<G4String const, G4VBasePhysConstrFactory*> > >::_M_emplace_hint_unique<std::piecewise_construct_t const&, std::tuple<G4String const&>, std::tuple<> >(std::_Rb_tree_const_iterator<std::pair<G4String const, G4VBasePhysConstrFactory*> >, std::piecewise_construct_t const&, std::tuple<G4String const&>&&, std::tuple<>&&) [clone .isra.0] (in /home/vnivanch/cwork/tests-build/Hadr01/Hadr01)
==639415==    by 0x9DEF77: G4PhysicsConstructorRegistry::AddFactory(G4String, G4VBasePhysConstrFactory*) (in /home/vnivanch/cwork/tests-build/Hadr01/Hadr01)
==639415==    by 0xA21906: G4PhysicsConstructorFactory<G4ThermalNeutrons>::G4PhysicsConstructorFactory(G4String const&) (in /home/vnivanch/cwork/tests-build/Hadr01/Hadr01)
==639415==    by 0x540E4F: _GLOBAL__sub_I__ZGR24G4ThermalNeutronsFactory_ (in /home/vnivanch/cwork/tests-build/Hadr01/Hadr01)
==639415==    by 0x4F676BA: __libc_start_main@@GLIBC_2.34 (in /usr/lib64/libc.so.6)
==639415==    by 0x59EF44: (below main) (in /home/vnivanch/cwork/tests-build/Hadr01/Hadr01)
==639415== 
==639415== 72 bytes in 1 blocks are still reachable in loss record 120 of 169
==639415==    at 0x4844F95: operator new(unsigned long) (vg_replace_malloc.c:483)
==639415==    by 0x9DE912: std::_Rb_tree_iterator<std::pair<G4String const, G4VBasePhysConstrFactory*> > std::_Rb_tree<G4String, std::pair<G4String const, G4VBasePhysConstrFactory*>, std::_Select1st<std::pair<G4String const, G4VBasePhysConstrFactory*> >, std::less<G4String>, std::allocator<std::pair<G4String const, G4VBasePhysConstrFactory*> > >::_M_emplace_hint_unique<std::piecewise_construct_t const&, std::tuple<G4String const&>, std::tuple<> >(std::_Rb_tree_const_iterator<std::pair<G4String const, G4VBasePhysConstrFactory*> >, std::piecewise_construct_t const&, std::tuple<G4String const&>&&, std::tuple<>&&) [clone .isra.0] (in /home/vnivanch/cwork/tests-build/Hadr01/Hadr01)
==639415==    by 0x9DEF77: G4PhysicsConstructorRegistry::AddFactory(G4String, G4VBasePhysConstrFactory*) (in /home/vnivanch/cwork/tests-build/Hadr01/Hadr01)
==639415==    by 0xA21D36: G4PhysicsConstructorFactory<G4HadronPhysicsNuBeam>::G4PhysicsConstructorFactory(G4String const&) (in /home/vnivanch/cwork/tests-build/Hadr01/Hadr01)
==639415==    by 0x540FD9: _GLOBAL__sub_I__ZGR28G4HadronPhysicsNuBeamFactory_ (in /home/vnivanch/cwork/tests-build/Hadr01/Hadr01)
==639415==    by 0x4F676BA: __libc_start_main@@GLIBC_2.34 (in /usr/lib64/libc.so.6)
==639415==    by 0x59EF44: (below main) (in /home/vnivanch/cwork/tests-build/Hadr01/Hadr01)
==639415== 
==639415== 72 bytes in 1 blocks are still reachable in loss record 121 of 169
==639415==    at 0x4844F95: operator new(unsigned long) (vg_replace_malloc.c:483)
==639415==    by 0x9DE912: std::_Rb_tree_iterator<std::pair<G4String const, G4VBasePhysConstrFactory*> > std::_Rb_tree<G4String, std::pair<G4String const, G4VBasePhysConstrFactory*>, std::_Select1st<std::pair<G4String const, G4VBasePhysConstrFactory*> >, std::less<G4String>, std::allocator<std::pair<G4String const, G4VBasePhysConstrFactory*> > >::_M_emplace_hint_unique<std::piecewise_construct_t const&, std::tuple<G4String const&>, std::tuple<> >(std::_Rb_tree_const_iterator<std::pair<G4String const, G4VBasePhysConstrFactory*> >, std::piecewise_construct_t const&, std::tuple<G4String const&>&&, std::tuple<>&&) [clone .isra.0] (in /home/vnivanch/cwork/tests-build/Hadr01/Hadr01)
==639415==    by 0x9DEF77: G4PhysicsConstructorRegistry::AddFactory(G4String, G4VBasePhysConstrFactory*) (in /home/vnivanch/cwork/tests-build/Hadr01/Hadr01)
==639415==    by 0xA22816: G4PhysicsConstructorFactory<G4HadronPhysicsINCLXX>::G4PhysicsConstructorFactory(G4String const&) (in /home/vnivanch/cwork/tests-build/Hadr01/Hadr01)
==639415==    by 0x541183: _GLOBAL__sub_I__ZGR28G4HadronPhysicsINCLXXFactory_ (in /home/vnivanch/cwork/tests-build/Hadr01/Hadr01)
==639415==    by 0x4F676BA: __libc_start_main@@GLIBC_2.34 (in /usr/lib64/libc.so.6)
==639415==    by 0x59EF44: (below main) (in /home/vnivanch/cwork/tests-build/Hadr01/Hadr01)
==639415== 
==639415== 72 bytes in 1 blocks are still reachable in loss record 122 of 169
==639415==    at 0x4844F95: operator new(unsigned long) (vg_replace_malloc.c:483)
==639415==    by 0x9DE912: std::_Rb_tree_iterator<std::pair<G4String const, G4VBasePhysConstrFactory*> > std::_Rb_tree<G4String, std::pair<G4String const, G4VBasePhysConstrFactory*>, std::_Select1st<std::pair<G4String const, G4VBasePhysConstrFactory*> >, std::less<G4String>, std::allocator<std::pair<G4String const, G4VBasePhysConstrFactory*> > >::_M_emplace_hint_unique<std::piecewise_construct_t const&, std::tuple<G4String const&>, std::tuple<> >(std::_Rb_tree_const_iterator<std::pair<G4String const, G4VBasePhysConstrFactory*> >, std::piecewise_construct_t const&, std::tuple<G4String const&>&&, std::tuple<>&&) [clone .isra.0] (in /home/vnivanch/cwork/tests-build/Hadr01/Hadr01)
==639415==    by 0x9DEF77: G4PhysicsConstructorRegistry::AddFactory(G4String, G4VBasePhysConstrFactory*) (in /home/vnivanch/cwork/tests-build/Hadr01/Hadr01)
==639415==    by 0xA23036: G4PhysicsConstructorFactory<G4HadronPhysicsShielding>::G4PhysicsConstructorFactory(G4String const&) (in /home/vnivanch/cwork/tests-build/Hadr01/Hadr01)
==639415==    by 0x541333: _GLOBAL__sub_I__ZGR31G4HadronPhysicsShieldingFactory_ (in /home/vnivanch/cwork/tests-build/Hadr01/Hadr01)
==639415==    by 0x4F676BA: __libc_start_main@@GLIBC_2.34 (in /usr/lib64/libc.so.6)
==639415==    by 0x59EF44: (below main) (in /home/vnivanch/cwork/tests-build/Hadr01/Hadr01)
==639415== 
==639415== 72 bytes in 1 blocks are still reachable in loss record 123 of 169
==639415==    at 0x4844F95: operator new(unsigned long) (vg_replace_malloc.c:483)
==639415==    by 0x9DE912: std::_Rb_tree_iterator<std::pair<G4String const, G4VBasePhysConstrFactory*> > std::_Rb_tree<G4String, std::pair<G4String const, G4VBasePhysConstrFactory*>, std::_Select1st<std::pair<G4String const, G4VBasePhysConstrFactory*> >, std::less<G4String>, std::allocator<std::pair<G4String const, G4VBasePhysConstrFactory*> > >::_M_emplace_hint_unique<std::piecewise_construct_t const&, std::tuple<G4String const&>, std::tuple<> >(std::_Rb_tree_const_iterator<std::pair<G4String const, G4VBasePhysConstrFactory*> >, std::piecewise_construct_t const&, std::tuple<G4String const&>&&, std::tuple<>&&) [clone .isra.0] (in /home/vnivanch/cwork/tests-build/Hadr01/Hadr01)
==639415==    by 0x9DEF77: G4PhysicsConstructorRegistry::AddFactory(G4String, G4VBasePhysConstrFactory*) (in /home/vnivanch/cwork/tests-build/Hadr01/Hadr01)
==639415==    by 0xA233D6: G4PhysicsConstructorFactory<G4HadronPhysicsShieldingLEND>::G4PhysicsConstructorFactory(G4String const&) (in /home/vnivanch/cwork/tests-build/Hadr01/Hadr01)
==639415==    by 0x5413FA: _GLOBAL__sub_I__ZGR35G4HadronPhysicsShieldingLENDFactory_ (in /home/vnivanch/cwork/tests-build/Hadr01/Hadr01)
==639415==    by 0x4F676BA: __libc_start_main@@GLIBC_2.34 (in /usr/lib64/libc.so.6)
==639415==    by 0x59EF44: (below main) (in /home/vnivanch/cwork/tests-build/Hadr01/Hadr01)
==639415== 
==639415== 72 bytes in 1 blocks are still reachable in loss record 124 of 169
==639415==    at 0x4844F95: operator new(unsigned long) (vg_replace_malloc.c:483)
==639415==    by 0x9DE912: std::_Rb_tree_iterator<std::pair<G4String const, G4VBasePhysConstrFactory*> > std::_Rb_tree<G4String, std::pair<G4String const, G4VBasePhysConstrFactory*>, std::_Select1st<std::pair<G4String const, G4VBasePhysConstrFactory*> >, std::less<G4String>, std::allocator<std::pair<G4String const, G4VBasePhysConstrFactory*> > >::_M_emplace_hint_unique<std::piecewise_construct_t const&, std::tuple<G4String const&>, std::tuple<> >(std::_Rb_tree_const_iterator<std::pair<G4String const, G4VBasePhysConstrFactory*> >, std::piecewise_construct_t const&, std::tuple<G4String const&>&&, std::tuple<>&&) [clone .isra.0] (in /home/vnivanch/cwork/tests-build/Hadr01/Hadr01)
==639415==    by 0x9DEF77: G4PhysicsConstructorRegistry::AddFactory(G4String, G4VBasePhysConstrFactory*) (in /home/vnivanch/cwork/tests-build/Hadr01/Hadr01)
==639415==    by 0xA23836: G4PhysicsConstructorFactory<G4HadronPhysicsQGSP_BIC_AllHP>::G4PhysicsConstructorFactory(G4String const&) (in /home/vnivanch/cwork/tests-build/Hadr01/Hadr01)
==639415==    by 0x5415A1: _GLOBAL__sub_I__ZGR36G4HadronPhysicsQGSP_BIC_AllHPFactory_ (in /home/vnivanch/cwork/tests-build/Hadr01/Hadr01)
==639415==    by 0x4F676BA: __libc_start_main@@GLIBC_2.34 (in /usr/lib64/libc.so.6)
==639415==    by 0x59EF44: (below main) (in /home/vnivanch/cwork/tests-build/Hadr01/Hadr01)
==639415== 
==639415== 72 bytes in 1 blocks are still reachable in loss record 125 of 169
==639415==    at 0x4844F95: operator new(unsigned long) (vg_replace_malloc.c:483)
==639415==    by 0x9DE912: std::_Rb_tree_iterator<std::pair<G4String const, G4VBasePhysConstrFactory*> > std::_Rb_tree<G4String, std::pair<G4String const, G4VBasePhysConstrFactory*>, std::_Select1st<std::pair<G4String const, G4VBasePhysConstrFactory*> >, std::less<G4String>, std::allocator<std::pair<G4String const, G4VBasePhysConstrFactory*> > >::_M_emplace_hint_unique<std::piecewise_construct_t const&, std::tuple<G4String const&>, std::tuple<> >(std::_Rb_tree_const_iterator<std::pair<G4String const, G4VBasePhysConstrFactory*> >, std::piecewise_construct_t const&, std::tuple<G4String const&>&&, std::tuple<>&&) [clone .isra.0] (in /home/vnivanch/cwork/tests-build/Hadr01/Hadr01)
==639415==    by 0x9DEF77: G4PhysicsConstructorRegistry::AddFactory(G4String, G4VBasePhysConstrFactory*) (in /home/vnivanch/cwork/tests-build/Hadr01/Hadr01)
==639415==    by 0xA24236: G4PhysicsConstructorFactory<G4IonINCLXXPhysics>::G4PhysicsConstructorFactory(G4String const&) (in /home/vnivanch/cwork/tests-build/Hadr01/Hadr01)
==639415==    by 0x541724: _GLOBAL__sub_I__ZGR25G4IonINCLXXPhysicsFactory_ (in /home/vnivanch/cwork/tests-build/Hadr01/Hadr01)
==639415==    by 0x4F676BA: __libc_start_main@@GLIBC_2.34 (in /usr/lib64/libc.so.6)
==639415==    by 0x59EF44: (below main) (in /home/vnivanch/cwork/tests-build/Hadr01/Hadr01)
==639415== 
==639415== 72 bytes in 1 blocks are still reachable in loss record 126 of 169
==639415==    at 0x4844F95: operator new(unsigned long) (vg_replace_malloc.c:483)
==639415==    by 0x9DE912: std::_Rb_tree_iterator<std::pair<G4String const, G4VBasePhysConstrFactory*> > std::_Rb_tree<G4String, std::pair<G4String const, G4VBasePhysConstrFactory*>, std::_Select1st<std::pair<G4String const, G4VBasePhysConstrFactory*> >, std::less<G4String>, std::allocator<std::pair<G4String const, G4VBasePhysConstrFactory*> > >::_M_emplace_hint_unique<std::piecewise_construct_t const&, std::tuple<G4String const&>, std::tuple<> >(std::_Rb_tree_const_iterator<std::pair<G4String const, G4VBasePhysConstrFactory*> >, std::piecewise_construct_t const&, std::tuple<G4String const&>&&, std::tuple<>&&) [clone .isra.0] (in /home/vnivanch/cwork/tests-build/Hadr01/Hadr01)
==639415==    by 0x9DEF77: G4PhysicsConstructorRegistry::AddFactory(G4String, G4VBasePhysConstrFactory*) (in /home/vnivanch/cwork/tests-build/Hadr01/Hadr01)
==639415==    by 0xA24E76: G4PhysicsConstructorFactory<G4IonPhysicsPHP>::G4PhysicsConstructorFactory(G4String const&) (in /home/vnivanch/cwork/tests-build/Hadr01/Hadr01)
==639415==    by 0x5418AC: _GLOBAL__sub_I__ZGR22G4IonPhysicsPHPFactory_ (in /home/vnivanch/cwork/tests-build/Hadr01/Hadr01)
==639415==    by 0x4F676BA: __libc_start_main@@GLIBC_2.34 (in /usr/lib64/libc.so.6)
==639415==    by 0x59EF44: (below main) (in /home/vnivanch/cwork/tests-build/Hadr01/Hadr01)
==639415== 
==639415== 72 bytes in 1 blocks are still reachable in loss record 127 of 169
==639415==    at 0x4844F95: operator new(unsigned long) (vg_replace_malloc.c:483)
==639415==    by 0x9DE912: std::_Rb_tree_iterator<std::pair<G4String const, G4VBasePhysConstrFactory*> > std::_Rb_tree<G4String, std::pair<G4String const, G4VBasePhysConstrFactory*>, std::_Select1st<std::pair<G4String const, G4VBasePhysConstrFactory*> >, std::less<G4String>, std::allocator<std::pair<G4String const, G4VBasePhysConstrFactory*> > >::_M_emplace_hint_unique<std::piecewise_construct_t const&, std::tuple<G4String const&>, std::tuple<> >(std::_Rb_tree_const_iterator<std::pair<G4String const, G4VBasePhysConstrFactory*> >, std::piecewise_construct_t const&, std::tuple<G4String const&>&&, std::tuple<>&&) [clone .isra.0] (in /home/vnivanch/cwork/tests-build/Hadr01/Hadr01)
==639415==    by 0x9DEF77: G4PhysicsConstructorRegistry::AddFactory(G4String, G4VBasePhysConstrFactory*) (in /home/vnivanch/cwork/tests-build/Hadr01/Hadr01)
==639415==    by 0xA25906: G4PhysicsConstructorFactory<G4IonQMDPhysics>::G4PhysicsConstructorFactory(G4String const&) (in /home/vnivanch/cwork/tests-build/Hadr01/Hadr01)
==639415==    by 0x541A02: _GLOBAL__sub_I__ZGR22G4IonQMDPhysicsFactory_ (in /home/vnivanch/cwork/tests-build/Hadr01/Hadr01)
==639415==    by 0x4F676BA: __libc_start_main@@GLIBC_2.34 (in /usr/lib64/libc.so.6)
==639415==    by 0x59EF44: (below main) (in /home/vnivanch/cwork/tests-build/Hadr01/Hadr01)
==639415== 
==639415== 72 bytes in 1 blocks are still reachable in loss record 128 of 169
==639415==    at 0x4844F95: operator new(unsigned long) (vg_replace_malloc.c:483)
==639415==    by 0x9DE912: std::_Rb_tree_iterator<std::pair<G4String const, G4VBasePhysConstrFactory*> > std::_Rb_tree<G4String, std::pair<G4String const, G4VBasePhysConstrFactory*>, std::_Select1st<std::pair<G4String const, G4VBasePhysConstrFactory*> >, std::less<G4String>, std::allocator<std::pair<G4String const, G4VBasePhysConstrFactory*> > >::_M_emplace_hint_unique<std::piecewise_construct_t const&, std::tuple<G4String const&>, std::tuple<> >(std::_Rb_tree_const_iterator<std::pair<G4String const, G4VBasePhysConstrFactory*> >, std::piecewise_construct_t const&, std::tuple<G4String const&>&&, std::tuple<>&&) [clone .isra.0] (in /home/vnivanch/cwork/tests-build/Hadr01/Hadr01)
==639415==    by 0x9DEF77: G4PhysicsConstructorRegistry::AddFactory(G4String, G4VBasePhysConstrFactory*) (in /home/vnivanch/cwork/tests-build/Hadr01/Hadr01)
==639415==    by 0xA264F6: G4PhysicsConstructorFactory<G4LightIonQMDPhysics>::G4PhysicsConstructorFactory(G4String const&) (in /home/vnivanch/cwork/tests-build/Hadr01/Hadr01)
==639415==    by 0x541B82: _GLOBAL__sub_I__ZGR27G4LightIonQMDPhysicsFactory_ (in /home/vnivanch/cwork/tests-build/Hadr01/Hadr01)
==639415==    by 0x4F676BA: __libc_start_main@@GLIBC_2.34 (in /usr/lib64/libc.so.6)
==639415==    by 0x59EF44: (below main) (in /home/vnivanch/cwork/tests-build/Hadr01/Hadr01)
==639415== 
==639415== 72 bytes in 1 blocks are still reachable in loss record 129 of 169
==639415==    at 0x4844F95: operator new(unsigned long) (vg_replace_malloc.c:483)
==639415==    by 0x9DE912: std::_Rb_tree_iterator<std::pair<G4String const, G4VBasePhysConstrFactory*> > std::_Rb_tree<G4String, std::pair<G4String const, G4VBasePhysConstrFactory*>, std::_Select1st<std::pair<G4String const, G4VBasePhysConstrFactory*> >, std::less<G4String>, std::allocator<std::pair<G4String const, G4VBasePhysConstrFactory*> > >::_M_emplace_hint_unique<std::piecewise_construct_t const&, std::tuple<G4String const&>, std::tuple<> >(std::_Rb_tree_const_iterator<std::pair<G4String const, G4VBasePhysConstrFactory*> >, std::piecewise_construct_t const&, std::tuple<G4String const&>&&, std::tuple<>&&) [clone .isra.0] (in /home/vnivanch/cwork/tests-build/Hadr01/Hadr01)
==639415==    by 0x9DEF77: G4PhysicsConstructorRegistry::AddFactory(G4String, G4VBasePhysConstrFactory*) (in /home/vnivanch/cwork/tests-build/Hadr01/Hadr01)
==639415==    by 0xA27646: G4PhysicsConstructorFactory<G4StoppingPhysicsFritiofWithBinaryCascade>::G4PhysicsConstructorFactory(G4String const&) (in /home/vnivanch/cwork/tests-build/Hadr01/Hadr01)
==639415==    by 0x541FDE: _GLOBAL__sub_I__ZGR48G4StoppingPhysicsFritiofWithBinaryCascadeFactory_ (in /home/vnivanch/cwork/tests-build/Hadr01/Hadr01)
==639415==    by 0x4F676BA: __libc_start_main@@GLIBC_2.34 (in /usr/lib64/libc.so.6)
==639415==    by 0x59EF44: (below main) (in /home/vnivanch/cwork/tests-build/Hadr01/Hadr01)
==639415== 
==639415== 72 bytes in 1 blocks are still reachable in loss record 130 of 169
==639415==    at 0x4844F95: operator new(unsigned long) (vg_replace_malloc.c:483)
==639415==    by 0x9DE912: std::_Rb_tree_iterator<std::pair<G4String const, G4VBasePhysConstrFactory*> > std::_Rb_tree<G4String, std::pair<G4String const, G4VBasePhysConstrFactory*>, std::_Select1st<std::pair<G4String const, G4VBasePhysConstrFactory*> >, std::less<G4String>, std::allocator<std::pair<G4String const, G4VBasePhysConstrFactory*> > >::_M_emplace_hint_unique<std::piecewise_construct_t const&, std::tuple<G4String const&>, std::tuple<> >(std::_Rb_tree_const_iterator<std::pair<G4String const, G4VBasePhysConstrFactory*> >, std::piecewise_construct_t const&, std::tuple<G4String const&>&&, std::tuple<>&&) [clone .isra.0] (in /home/vnivanch/cwork/tests-build/Hadr01/Hadr01)
==639415==    by 0x9DEF77: G4PhysicsConstructorRegistry::AddFactory(G4String, G4VBasePhysConstrFactory*) (in /home/vnivanch/cwork/tests-build/Hadr01/Hadr01)
==639415==    by 0xA28026: G4PhysicsConstructorFactory<G4StoppingPhysicsWithINCLXX>::G4PhysicsConstructorFactory(G4String const&) (in /home/vnivanch/cwork/tests-build/Hadr01/Hadr01)
==639415==    by 0x542167: _GLOBAL__sub_I__ZGR34G4StoppingPhysicsWithINCLXXFactory_ (in /home/vnivanch/cwork/tests-build/Hadr01/Hadr01)
==639415==    by 0x4F676BA: __libc_start_main@@GLIBC_2.34 (in /usr/lib64/libc.so.6)
==639415==    by 0x59EF44: (below main) (in /home/vnivanch/cwork/tests-build/Hadr01/Hadr01)
==639415== 
==639415== 72 bytes in 1 blocks are still reachable in loss record 131 of 169
==639415==    at 0x4844F95: operator new(unsigned long) (vg_replace_malloc.c:483)
==639415==    by 0x9DE912: std::_Rb_tree_iterator<std::pair<G4String const, G4VBasePhysConstrFactory*> > std::_Rb_tree<G4String, std::pair<G4String const, G4VBasePhysConstrFactory*>, std::_Select1st<std::pair<G4String const, G4VBasePhysConstrFactory*> >, std::less<G4String>, std::allocator<std::pair<G4String const, G4VBasePhysConstrFactory*> > >::_M_emplace_hint_unique<std::piecewise_construct_t const&, std::tuple<G4String const&>, std::tuple<> >(std::_Rb_tree_const_iterator<std::pair<G4String const, G4VBasePhysConstrFactory*> >, std::piecewise_construct_t const&, std::tuple<G4String const&>&&, std::tuple<>&&) [clone .isra.0] (in /home/vnivanch/cwork/tests-build/Hadr01/Hadr01)
==639415==    by 0x9DEF77: G4PhysicsConstructorRegistry::AddFactory(G4String, G4VBasePhysConstrFactory*) (in /home/vnivanch/cwork/tests-build/Hadr01/Hadr01)
==639415==    by 0xA2D656: G4PhysicsConstructorFactory<G4HadronPhysicsFTFP_BERT_HP>::G4PhysicsConstructorFactory(G4String const&) (in /home/vnivanch/cwork/tests-build/Hadr01/Hadr01)
==639415==    by 0x543051: _GLOBAL__sub_I__ZGR34G4HadronPhysicsFTFP_BERT_HPFactory_ (in /home/vnivanch/cwork/tests-build/Hadr01/Hadr01)
==639415==    by 0x4F676BA: __libc_start_main@@GLIBC_2.34 (in /usr/lib64/libc.so.6)
==639415==    by 0x59EF44: (below main) (in /home/vnivanch/cwork/tests-build/Hadr01/Hadr01)
==639415== 
==639415== 72 bytes in 1 blocks are still reachable in loss record 132 of 169
==639415==    at 0x4844F95: operator new(unsigned long) (vg_replace_malloc.c:483)
==639415==    by 0x9DE912: std::_Rb_tree_iterator<std::pair<G4String const, G4VBasePhysConstrFactory*> > std::_Rb_tree<G4String, std::pair<G4String const, G4VBasePhysConstrFactory*>, std::_Select1st<std::pair<G4String const, G4VBasePhysConstrFactory*> >, std::less<G4String>, std::allocator<std::pair<G4String const, G4VBasePhysConstrFactory*> > >::_M_emplace_hint_unique<std::piecewise_construct_t const&, std::tuple<G4String const&>, std::tuple<> >(std::_Rb_tree_const_iterator<std::pair<G4String const, G4VBasePhysConstrFactory*> >, std::piecewise_construct_t const&, std::tuple<G4String const&>&&, std::tuple<>&&) [clone .isra.0] (in /home/vnivanch/cwork/tests-build/Hadr01/Hadr01)
==639415==    by 0x9DEF77: G4PhysicsConstructorRegistry::AddFactory(G4String, G4VBasePhysConstrFactory*) (in /home/vnivanch/cwork/tests-build/Hadr01/Hadr01)
==639415==    by 0xA2DA26: G4PhysicsConstructorFactory<G4HadronPhysicsFTFP_BERT_ATL>::G4PhysicsConstructorFactory(G4String const&) (in /home/vnivanch/cwork/tests-build/Hadr01/Hadr01)
==639415==    by 0x54311A: _GLOBAL__sub_I__ZGR35G4HadronPhysicsFTFP_BERT_ATLFactory_ (in /home/vnivanch/cwork/tests-build/Hadr01/Hadr01)
==639415==    by 0x4F676BA: __libc_start_main@@GLIBC_2.34 (in /usr/lib64/libc.so.6)
==639415==    by 0x59EF44: (below main) (in /home/vnivanch/cwork/tests-build/Hadr01/Hadr01)
==639415== 
==639415== 72 bytes in 1 blocks are still reachable in loss record 133 of 169
==639415==    at 0x4844F95: operator new(unsigned long) (vg_replace_malloc.c:483)
==639415==    by 0x9DE912: std::_Rb_tree_iterator<std::pair<G4String const, G4VBasePhysConstrFactory*> > std::_Rb_tree<G4String, std::pair<G4String const, G4VBasePhysConstrFactory*>, std::_Select1st<std::pair<G4String const, G4VBasePhysConstrFactory*> >, std::less<G4String>, std::allocator<std::pair<G4String const, G4VBasePhysConstrFactory*> > >::_M_emplace_hint_unique<std::piecewise_construct_t const&, std::tuple<G4String const&>, std::tuple<> >(std::_Rb_tree_const_iterator<std::pair<G4String const, G4VBasePhysConstrFactory*> >, std::piecewise_construct_t const&, std::tuple<G4String const&>&&, std::tuple<>&&) [clone .isra.0] (in /home/vnivanch/cwork/tests-build/Hadr01/Hadr01)
==639415==    by 0x9DEF77: G4PhysicsConstructorRegistry::AddFactory(G4String, G4VBasePhysConstrFactory*) (in /home/vnivanch/cwork/tests-build/Hadr01/Hadr01)
==639415==    by 0x5432F7: _GLOBAL__sub_I__ZGR34G4HadronPhysicsFTFQGSP_BERTFactory_ (in /home/vnivanch/cwork/tests-build/Hadr01/Hadr01)
==639415==    by 0x4F676BA: __libc_start_main@@GLIBC_2.34 (in /usr/lib64/libc.so.6)
==639415==    by 0x59EF44: (below main) (in /home/vnivanch/cwork/tests-build/Hadr01/Hadr01)
==639415== 
==639415== 72 bytes in 1 blocks are still reachable in loss record 134 of 169
==639415==    at 0x4844F95: operator new(unsigned long) (vg_replace_malloc.c:483)
==639415==    by 0xCC6EC4: G4CrossSectionFactoryRegistry::Register(G4String const&, G4VBaseXSFactory*) (in /home/vnivanch/cwork/tests-build/Hadr01/Hadr01)
==639415==    by 0x54FCDE: _GLOBAL__sub_I__ZGR35G4ElectroNuclearCrossSectionFactory_ (in /home/vnivanch/cwork/tests-build/Hadr01/Hadr01)
==639415==    by 0x4F676BA: __libc_start_main@@GLIBC_2.34 (in /usr/lib64/libc.so.6)
==639415==    by 0x59EF44: (below main) (in /home/vnivanch/cwork/tests-build/Hadr01/Hadr01)
==639415== 
==639415== 72 bytes in 1 blocks are still reachable in loss record 135 of 169
==639415==    at 0x4844F95: operator new(unsigned long) (vg_replace_malloc.c:483)
==639415==    by 0xCC6EC4: G4CrossSectionFactoryRegistry::Register(G4String const&, G4VBaseXSFactory*) (in /home/vnivanch/cwork/tests-build/Hadr01/Hadr01)
==639415==    by 0x573AFC: _GLOBAL__sub_I__ZGR33G4ChipsAntiBaryonElasticXSFactory_ (in /home/vnivanch/cwork/tests-build/Hadr01/Hadr01)
==639415==    by 0x4F676BA: __libc_start_main@@GLIBC_2.34 (in /usr/lib64/libc.so.6)
==639415==    by 0x59EF44: (below main) (in /home/vnivanch/cwork/tests-build/Hadr01/Hadr01)
==639415== 
==639415== 72 bytes in 1 blocks are still reachable in loss record 136 of 169
==639415==    at 0x4844F95: operator new(unsigned long) (vg_replace_malloc.c:483)
==639415==    by 0xCC6EC4: G4CrossSectionFactoryRegistry::Register(G4String const&, G4VBaseXSFactory*) (in /home/vnivanch/cwork/tests-build/Hadr01/Hadr01)
==639415==    by 0x573C85: _GLOBAL__sub_I__ZGR35G4ChipsAntiBaryonInelasticXSFactory_ (in /home/vnivanch/cwork/tests-build/Hadr01/Hadr01)
==639415==    by 0x4F676BA: __libc_start_main@@GLIBC_2.34 (in /usr/lib64/libc.so.6)
==639415==    by 0x59EF44: (below main) (in /home/vnivanch/cwork/tests-build/Hadr01/Hadr01)
==639415== 
==639415== 72 bytes in 1 blocks are still reachable in loss record 137 of 169
==639415==    at 0x4844F95: operator new(unsigned long) (vg_replace_malloc.c:483)
==639415==    by 0xCC6EC4: G4CrossSectionFactoryRegistry::Register(G4String const&, G4VBaseXSFactory*) (in /home/vnivanch/cwork/tests-build/Hadr01/Hadr01)
==639415==    by 0x573E1C: _GLOBAL__sub_I__ZGR30G4ChipsHyperonElasticXSFactory_ (in /home/vnivanch/cwork/tests-build/Hadr01/Hadr01)
==639415==    by 0x4F676BA: __libc_start_main@@GLIBC_2.34 (in /usr/lib64/libc.so.6)
==639415==    by 0x59EF44: (below main) (in /home/vnivanch/cwork/tests-build/Hadr01/Hadr01)
==639415== 
==639415== 72 bytes in 1 blocks are still reachable in loss record 138 of 169
==639415==    at 0x4844F95: operator new(unsigned long) (vg_replace_malloc.c:483)
==639415==    by 0xCC6EC4: G4CrossSectionFactoryRegistry::Register(G4String const&, G4VBaseXSFactory*) (in /home/vnivanch/cwork/tests-build/Hadr01/Hadr01)
==639415==    by 0x573FA7: _GLOBAL__sub_I__ZGR32G4ChipsHyperonInelasticXSFactory_ (in /home/vnivanch/cwork/tests-build/Hadr01/Hadr01)
==639415==    by 0x4F676BA: __libc_start_main@@GLIBC_2.34 (in /usr/lib64/libc.so.6)
==639415==    by 0x59EF44: (below main) (in /home/vnivanch/cwork/tests-build/Hadr01/Hadr01)
==639415== 
==639415== 72 bytes in 1 blocks are still reachable in loss record 139 of 169
==639415==    at 0x4844F95: operator new(unsigned long) (vg_replace_malloc.c:483)
==639415==    by 0xCC6EC4: G4CrossSectionFactoryRegistry::Register(G4String const&, G4VBaseXSFactory*) (in /home/vnivanch/cwork/tests-build/Hadr01/Hadr01)
==639415==    by 0x5740F5: _GLOBAL__sub_I__ZGR32G4ChipsKaonMinusElasticXSFactory_ (in /home/vnivanch/cwork/tests-build/Hadr01/Hadr01)
==639415==    by 0x4F676BA: __libc_start_main@@GLIBC_2.34 (in /usr/lib64/libc.so.6)
==639415==    by 0x59EF44: (below main) (in /home/vnivanch/cwork/tests-build/Hadr01/Hadr01)
==639415== 
==639415== 72 bytes in 1 blocks are still reachable in loss record 140 of 169
==639415==    at 0x4844F95: operator new(unsigned long) (vg_replace_malloc.c:483)
==639415==    by 0xCC6EC4: G4CrossSectionFactoryRegistry::Register(G4String const&, G4VBaseXSFactory*) (in /home/vnivanch/cwork/tests-build/Hadr01/Hadr01)
==639415==    by 0x574285: _GLOBAL__sub_I__ZGR34G4ChipsKaonMinusInelasticXSFactory_ (in /home/vnivanch/cwork/tests-build/Hadr01/Hadr01)
==639415==    by 0x4F676BA: __libc_start_main@@GLIBC_2.34 (in /usr/lib64/libc.so.6)
==639415==    by 0x59EF44: (below main) (in /home/vnivanch/cwork/tests-build/Hadr01/Hadr01)
==639415== 
==639415== 72 bytes in 1 blocks are still reachable in loss record 141 of 169
==639415==    at 0x4844F95: operator new(unsigned long) (vg_replace_malloc.c:483)
==639415==    by 0xCC6EC4: G4CrossSectionFactoryRegistry::Register(G4String const&, G4VBaseXSFactory*) (in /home/vnivanch/cwork/tests-build/Hadr01/Hadr01)
==639415==    by 0x5743D5: _GLOBAL__sub_I__ZGR31G4ChipsKaonPlusElasticXSFactory_ (in /home/vnivanch/cwork/tests-build/Hadr01/Hadr01)
==639415==    by 0x4F676BA: __libc_start_main@@GLIBC_2.34 (in /usr/lib64/libc.so.6)
==639415==    by 0x59EF44: (below main) (in /home/vnivanch/cwork/tests-build/Hadr01/Hadr01)
==639415== 
==639415== 72 bytes in 1 blocks are still reachable in loss record 142 of 169
==639415==    at 0x4844F95: operator new(unsigned long) (vg_replace_malloc.c:483)
==639415==    by 0xCC6EC4: G4CrossSectionFactoryRegistry::Register(G4String const&, G4VBaseXSFactory*) (in /home/vnivanch/cwork/tests-build/Hadr01/Hadr01)
==639415==    by 0x574520: _GLOBAL__sub_I__ZGR33G4ChipsKaonPlusInelasticXSFactory_ (in /home/vnivanch/cwork/tests-build/Hadr01/Hadr01)
==639415==    by 0x4F676BA: __libc_start_main@@GLIBC_2.34 (in /usr/lib64/libc.so.6)
==639415==    by 0x59EF44: (below main) (in /home/vnivanch/cwork/tests-build/Hadr01/Hadr01)
==639415== 
==639415== 72 bytes in 1 blocks are still reachable in loss record 143 of 169
==639415==    at 0x4844F95: operator new(unsigned long) (vg_replace_malloc.c:483)
==639415==    by 0xCC6EC4: G4CrossSectionFactoryRegistry::Register(G4String const&, G4VBaseXSFactory*) (in /home/vnivanch/cwork/tests-build/Hadr01/Hadr01)
==639415==    by 0x5746BC: _GLOBAL__sub_I__ZGR31G4ChipsKaonZeroElasticXSFactory_ (in /home/vnivanch/cwork/tests-build/Hadr01/Hadr01)
==639415==    by 0x4F676BA: __libc_start_main@@GLIBC_2.34 (in /usr/lib64/libc.so.6)
==639415==    by 0x59EF44: (below main) (in /home/vnivanch/cwork/tests-build/Hadr01/Hadr01)
==639415== 
==639415== 72 bytes in 1 blocks are still reachable in loss record 144 of 169
==639415==    at 0x4844F95: operator new(unsigned long) (vg_replace_malloc.c:483)
==639415==    by 0xCC6EC4: G4CrossSectionFactoryRegistry::Register(G4String const&, G4VBaseXSFactory*) (in /home/vnivanch/cwork/tests-build/Hadr01/Hadr01)
==639415==    by 0x574847: _GLOBAL__sub_I__ZGR33G4ChipsKaonZeroInelasticXSFactory_ (in /home/vnivanch/cwork/tests-build/Hadr01/Hadr01)
==639415==    by 0x4F676BA: __libc_start_main@@GLIBC_2.34 (in /usr/lib64/libc.so.6)
==639415==    by 0x59EF44: (below main) (in /home/vnivanch/cwork/tests-build/Hadr01/Hadr01)
==639415== 
==639415== 72 bytes in 1 blocks are still reachable in loss record 145 of 169
==639415==    at 0x4844F95: operator new(unsigned long) (vg_replace_malloc.c:483)
==639415==    by 0xCC6EC4: G4CrossSectionFactoryRegistry::Register(G4String const&, G4VBaseXSFactory*) (in /home/vnivanch/cwork/tests-build/Hadr01/Hadr01)
==639415==    by 0x5749DC: _GLOBAL__sub_I__ZGR30G4ChipsNeutronElasticXSFactory_ (in /home/vnivanch/cwork/tests-build/Hadr01/Hadr01)
==639415==    by 0x4F676BA: __libc_start_main@@GLIBC_2.34 (in /usr/lib64/libc.so.6)
==639415==    by 0x59EF44: (below main) (in /home/vnivanch/cwork/tests-build/Hadr01/Hadr01)
==639415== 
==639415== 72 bytes in 1 blocks are still reachable in loss record 146 of 169
==639415==    at 0x4844F95: operator new(unsigned long) (vg_replace_malloc.c:483)
==639415==    by 0xCC6EC4: G4CrossSectionFactoryRegistry::Register(G4String const&, G4VBaseXSFactory*) (in /home/vnivanch/cwork/tests-build/Hadr01/Hadr01)
==639415==    by 0x574B67: _GLOBAL__sub_I__ZGR32G4ChipsNeutronInelasticXSFactory_ (in /home/vnivanch/cwork/tests-build/Hadr01/Hadr01)
==639415==    by 0x4F676BA: __libc_start_main@@GLIBC_2.34 (in /usr/lib64/libc.so.6)
==639415==    by 0x59EF44: (below main) (in /home/vnivanch/cwork/tests-build/Hadr01/Hadr01)
==639415== 
==639415== 72 bytes in 1 blocks are still reachable in loss record 147 of 169
==639415==    at 0x4844F95: operator new(unsigned long) (vg_replace_malloc.c:483)
==639415==    by 0xCC6EC4: G4CrossSectionFactoryRegistry::Register(G4String const&, G4VBaseXSFactory*) (in /home/vnivanch/cwork/tests-build/Hadr01/Hadr01)
==639415==    by 0x574CFC: _GLOBAL__sub_I__ZGR32G4ChipsPionMinusElasticXSFactory_ (in /home/vnivanch/cwork/tests-build/Hadr01/Hadr01)
==639415==    by 0x4F676BA: __libc_start_main@@GLIBC_2.34 (in /usr/lib64/libc.so.6)
==639415==    by 0x59EF44: (below main) (in /home/vnivanch/cwork/tests-build/Hadr01/Hadr01)
==639415== 
==639415== 72 bytes in 1 blocks are still reachable in loss record 148 of 169
==639415==    at 0x4844F95: operator new(unsigned long) (vg_replace_malloc.c:483)
==639415==    by 0xCC6EC4: G4CrossSectionFactoryRegistry::Register(G4String const&, G4VBaseXSFactory*) (in /home/vnivanch/cwork/tests-build/Hadr01/Hadr01)
==639415==    by 0x574E85: _GLOBAL__sub_I__ZGR34G4ChipsPionMinusInelasticXSFactory_ (in /home/vnivanch/cwork/tests-build/Hadr01/Hadr01)
==639415==    by 0x4F676BA: __libc_start_main@@GLIBC_2.34 (in /usr/lib64/libc.so.6)
==639415==    by 0x59EF44: (below main) (in /home/vnivanch/cwork/tests-build/Hadr01/Hadr01)
==639415== 
==639415== 72 bytes in 1 blocks are still reachable in loss record 149 of 169
==639415==    at 0x4844F95: operator new(unsigned long) (vg_replace_malloc.c:483)
==639415==    by 0xCC6EC4: G4CrossSectionFactoryRegistry::Register(G4String const&, G4VBaseXSFactory*) (in /home/vnivanch/cwork/tests-build/Hadr01/Hadr01)
==639415==    by 0x57501C: _GLOBAL__sub_I__ZGR31G4ChipsPionPlusElasticXSFactory_ (in /home/vnivanch/cwork/tests-build/Hadr01/Hadr01)
==639415==    by 0x4F676BA: __libc_start_main@@GLIBC_2.34 (in /usr/lib64/libc.so.6)
==639415==    by 0x59EF44: (below main) (in /home/vnivanch/cwork/tests-build/Hadr01/Hadr01)
==639415== 
==639415== 72 bytes in 1 blocks are still reachable in loss record 150 of 169
==639415==    at 0x4844F95: operator new(unsigned long) (vg_replace_malloc.c:483)
==639415==    by 0xCC6EC4: G4CrossSectionFactoryRegistry::Register(G4String const&, G4VBaseXSFactory*) (in /home/vnivanch/cwork/tests-build/Hadr01/Hadr01)
==639415==    by 0x5751A7: _GLOBAL__sub_I__ZGR33G4ChipsPionPlusInelasticXSFactory_ (in /home/vnivanch/cwork/tests-build/Hadr01/Hadr01)
==639415==    by 0x4F676BA: __libc_start_main@@GLIBC_2.34 (in /usr/lib64/libc.so.6)
==639415==    by 0x59EF44: (below main) (in /home/vnivanch/cwork/tests-build/Hadr01/Hadr01)
==639415== 
==639415== 72 bytes in 1 blocks are still reachable in loss record 151 of 169
==639415==    at 0x4844F95: operator new(unsigned long) (vg_replace_malloc.c:483)
==639415==    by 0xCC6EC4: G4CrossSectionFactoryRegistry::Register(G4String const&, G4VBaseXSFactory*) (in /home/vnivanch/cwork/tests-build/Hadr01/Hadr01)
==639415==    by 0x575335: _GLOBAL__sub_I__ZGR29G4ChipsProtonElasticXSFactory_ (in /home/vnivanch/cwork/tests-build/Hadr01/Hadr01)
==639415==    by 0x4F676BA: __libc_start_main@@GLIBC_2.34 (in /usr/lib64/libc.so.6)
==639415==    by 0x59EF44: (below main) (in /home/vnivanch/cwork/tests-build/Hadr01/Hadr01)
==639415== 
==639415== 72 bytes in 1 blocks are still reachable in loss record 152 of 169
==639415==    at 0x4844F95: operator new(unsigned long) (vg_replace_malloc.c:483)
==639415==    by 0xCC6EC4: G4CrossSectionFactoryRegistry::Register(G4String const&, G4VBaseXSFactory*) (in /home/vnivanch/cwork/tests-build/Hadr01/Hadr01)
==639415==    by 0x5754C7: _GLOBAL__sub_I__ZGR31G4ChipsProtonInelasticXSFactory_ (in /home/vnivanch/cwork/tests-build/Hadr01/Hadr01)
==639415==    by 0x4F676BA: __libc_start_main@@GLIBC_2.34 (in /usr/lib64/libc.so.6)
==639415==    by 0x59EF44: (below main) (in /home/vnivanch/cwork/tests-build/Hadr01/Hadr01)
==639415== 
==639415== 72 bytes in 1 blocks are still reachable in loss record 153 of 169
==639415==    at 0x4844F95: operator new(unsigned long) (vg_replace_malloc.c:483)
==639415==    by 0xCC6EC4: G4CrossSectionFactoryRegistry::Register(G4String const&, G4VBaseXSFactory*) (in /home/vnivanch/cwork/tests-build/Hadr01/Hadr01)
==639415==    by 0x576137: _GLOBAL__sub_I__ZGR30G4KokoulinMuonNuclearXSFactory_ (in /home/vnivanch/cwork/tests-build/Hadr01/Hadr01)
==639415==    by 0x4F676BA: __libc_start_main@@GLIBC_2.34 (in /usr/lib64/libc.so.6)
==639415==    by 0x59EF44: (below main) (in /home/vnivanch/cwork/tests-build/Hadr01/Hadr01)
==639415== 
==639415== 88 bytes in 1 blocks are still reachable in loss record 154 of 169
==639415==    at 0x4844F95: operator new(unsigned long) (vg_replace_malloc.c:483)
==639415==    by 0x1545F21: G4GeometryManager::GetInstance() (in /home/vnivanch/cwork/tests-build/Hadr01/Hadr01)
==639415==    by 0x1556E18: G4RegionStore::Clean() (in /home/vnivanch/cwork/tests-build/Hadr01/Hadr01)
==639415==    by 0x1557062: G4RegionStore::~G4RegionStore() (in /home/vnivanch/cwork/tests-build/Hadr01/Hadr01)
==639415==    by 0x4F7EDEC: __run_exit_handlers (in /usr/lib64/libc.so.6)
==639415==    by 0x4F7EF2F: exit (in /usr/lib64/libc.so.6)
==639415==    by 0x4F67596: (below main) (in /usr/lib64/libc.so.6)
==639415== 
==639415== 88 bytes in 1 blocks are definitely lost in loss record 155 of 169
==639415==    at 0x4844F95: operator new(unsigned long) (vg_replace_malloc.c:483)
==639415==    by 0x5B726C: RunAction::RunAction() (in /home/vnivanch/cwork/tests-build/Hadr01/Hadr01)
==639415==    by 0x59F4BF: main (in /home/vnivanch/cwork/tests-build/Hadr01/Hadr01)
==639415== 
==639415== 96 bytes in 1 blocks are still reachable in loss record 156 of 169
==639415==    at 0x4844F95: operator new(unsigned long) (vg_replace_malloc.c:483)
==639415==    by 0xA3FE40: std::_Rb_tree_iterator<std::pair<std::__cxx11::basic_string<char, std::char_traits<char>, std::allocator<char> > const, std::__cxx11::basic_string<char, std::char_traits<char>, std::allocator<char> > > > std::_Rb_tree<std::__cxx11::basic_string<char, std::char_traits<char>, std::allocator<char> >, std::pair<std::__cxx11::basic_string<char, std::char_traits<char>, std::allocator<char> > const, std::__cxx11::basic_string<char, std::char_traits<char>, std::allocator<char> > >, std::_Select1st<std::pair<std::__cxx11::basic_string<char, std::char_traits<char>, std::allocator<char> > const, std::__cxx11::basic_string<char, std::char_traits<char>, std::allocator<char> > > >, std::less<std::__cxx11::basic_string<char, std::char_traits<char>, std::allocator<char> > >, std::allocator<std::pair<std::__cxx11::basic_string<char, std::char_traits<char>, std::allocator<char> > const, std::__cxx11::basic_string<char, std::char_traits<char>, std::allocator<char> > > > >::_M_emplace_hint_unique<std::pair<std::__cxx11::basic_string<char, std::char_traits<char>, std::allocator<char> >, std::__cxx11::basic_string<char, std::char_traits<char>, std::allocator<char> > > >(std::_Rb_tree_const_iterator<std::pair<std::__cxx11::basic_string<char, std::char_traits<char>, std::allocator<char> > const, std::__cxx11::basic_string<char, std::char_traits<char>, std::allocator<char> > > >, std::pair<std::__cxx11::basic_string<char, std::char_traits<char>, std::allocator<char> >, std::__cxx11::basic_string<char, std::char_traits<char>, std::allocator<char> > >&&) (in /home/vnivanch/cwork/tests-build/Hadr01/Hadr01)
==639415==    by 0xA59351: void G4EnvSettings::insert<int>(std::__cxx11::basic_string<char, std::char_traits<char>, std::allocator<char> > const&, int) (in /home/vnivanch/cwork/tests-build/Hadr01/Hadr01)
==639415==    by 0xA5A053: int G4GetEnv<int>(std::__cxx11::basic_string<char, std::char_traits<char>, std::allocator<char> > const&, int) (in /home/vnivanch/cwork/tests-build/Hadr01/Hadr01)
==639415==    by 0xF3DC8A: G4HadronicParameters::G4HadronicParameters() (in /home/vnivanch/cwork/tests-build/Hadr01/Hadr01)
==639415==    by 0xF3E4F7: G4HadronicParameters::Instance() (in /home/vnivanch/cwork/tests-build/Hadr01/Hadr01)
==639415==    by 0x9FE542: G4PhysListUtil::InitialiseParameters() (in /home/vnivanch/cwork/tests-build/Hadr01/Hadr01)
==639415==    by 0x9CCE3E: G4DecayPhysics::G4DecayPhysics(int) (in /home/vnivanch/cwork/tests-build/Hadr01/Hadr01)
==639415==    by 0x9F7F50: QBBC::QBBC(int, G4String const&) (in /home/vnivanch/cwork/tests-build/Hadr01/Hadr01)
==639415==    by 0x9ED7AB: G4PhysListFactory::GetReferencePhysList(G4String const&) (in /home/vnivanch/cwork/tests-build/Hadr01/Hadr01)
==639415==    by 0x59F2B0: main (in /home/vnivanch/cwork/tests-build/Hadr01/Hadr01)
==639415== 
==639415== 128 bytes in 2 blocks are definitely lost in loss record 157 of 169
==639415==    at 0x4844F95: operator new(unsigned long) (vg_replace_malloc.c:483)
==639415==    by 0x1689568: G4NistElementBuilder::BuildElement(int) (in /home/vnivanch/cwork/tests-build/Hadr01/Hadr01)
==639415==    by 0x169A304: G4NistMaterialBuilder::BuildMaterial(int) (in /home/vnivanch/cwork/tests-build/Hadr01/Hadr01)
==639415==    by 0x169ABA2: G4NistMaterialBuilder::FindOrBuildMaterial(G4String const&, bool) (in /home/vnivanch/cwork/tests-build/Hadr01/Hadr01)
==639415==    by 0x5A43AE: G4NistManager::FindOrBuildMaterial(G4String const&, bool, bool) (in /home/vnivanch/cwork/tests-build/Hadr01/Hadr01)
==639415==    by 0x5A2AE5: DetectorConstruction::DetectorConstruction() (in /home/vnivanch/cwork/tests-build/Hadr01/Hadr01)
==639415==    by 0x59F0FE: main (in /home/vnivanch/cwork/tests-build/Hadr01/Hadr01)
==639415== 
==639415== 128 bytes in 2 blocks are definitely lost in loss record 158 of 169
==639415==    at 0x4844F95: operator new(unsigned long) (vg_replace_malloc.c:483)
==639415==    by 0x1689568: G4NistElementBuilder::BuildElement(int) (in /home/vnivanch/cwork/tests-build/Hadr01/Hadr01)
==639415==    by 0x5A4378: G4NistManager::FindOrBuildElement(int, bool) (in /home/vnivanch/cwork/tests-build/Hadr01/Hadr01)
==639415==    by 0x5A2B3E: DetectorConstruction::DetectorConstruction() (in /home/vnivanch/cwork/tests-build/Hadr01/Hadr01)
==639415==    by 0x59F0FE: main (in /home/vnivanch/cwork/tests-build/Hadr01/Hadr01)
==639415== 
==639415== 128 bytes in 2 blocks are definitely lost in loss record 159 of 169
==639415==    at 0x4844F95: operator new(unsigned long) (vg_replace_malloc.c:483)
==639415==    by 0x1689568: G4NistElementBuilder::BuildElement(int) (in /home/vnivanch/cwork/tests-build/Hadr01/Hadr01)
==639415==    by 0x5A4378: G4NistManager::FindOrBuildElement(int, bool) (in /home/vnivanch/cwork/tests-build/Hadr01/Hadr01)
==639415==    by 0x5A2B58: DetectorConstruction::DetectorConstruction() (in /home/vnivanch/cwork/tests-build/Hadr01/Hadr01)
==639415==    by 0x59F0FE: main (in /home/vnivanch/cwork/tests-build/Hadr01/Hadr01)
==639415== 
==639415== 128 bytes in 2 blocks are definitely lost in loss record 160 of 169
==639415==    at 0x4844F95: operator new(unsigned long) (vg_replace_malloc.c:483)
==639415==    by 0x1689568: G4NistElementBuilder::BuildElement(int) (in /home/vnivanch/cwork/tests-build/Hadr01/Hadr01)
==639415==    by 0x5A4378: G4NistManager::FindOrBuildElement(int, bool) (in /home/vnivanch/cwork/tests-build/Hadr01/Hadr01)
==639415==    by 0x5A2BDA: DetectorConstruction::DetectorConstruction() (in /home/vnivanch/cwork/tests-build/Hadr01/Hadr01)
==639415==    by 0x59F0FE: main (in /home/vnivanch/cwork/tests-build/Hadr01/Hadr01)
==639415== 
==639415== 192 bytes in 3 blocks are definitely lost in loss record 161 of 169
==639415==    at 0x4844F95: operator new(unsigned long) (vg_replace_malloc.c:483)
==639415==    by 0x1689568: G4NistElementBuilder::BuildElement(int) (in /home/vnivanch/cwork/tests-build/Hadr01/Hadr01)
==639415==    by 0x5A4378: G4NistManager::FindOrBuildElement(int, bool) (in /home/vnivanch/cwork/tests-build/Hadr01/Hadr01)
==639415==    by 0x5A2B72: DetectorConstruction::DetectorConstruction() (in /home/vnivanch/cwork/tests-build/Hadr01/Hadr01)
==639415==    by 0x59F0FE: main (in /home/vnivanch/cwork/tests-build/Hadr01/Hadr01)
==639415== 
==639415== 320 bytes in 5 blocks are definitely lost in loss record 162 of 169
==639415==    at 0x4844F95: operator new(unsigned long) (vg_replace_malloc.c:483)
==639415==    by 0x1689568: G4NistElementBuilder::BuildElement(int) (in /home/vnivanch/cwork/tests-build/Hadr01/Hadr01)
==639415==    by 0x5A4378: G4NistManager::FindOrBuildElement(int, bool) (in /home/vnivanch/cwork/tests-build/Hadr01/Hadr01)
==639415==    by 0x5A2BA6: DetectorConstruction::DetectorConstruction() (in /home/vnivanch/cwork/tests-build/Hadr01/Hadr01)
==639415==    by 0x59F0FE: main (in /home/vnivanch/cwork/tests-build/Hadr01/Hadr01)
==639415== 
==639415== 2,808 bytes in 1 blocks are still reachable in loss record 163 of 169
==639415==    at 0x4844F95: operator new(unsigned long) (vg_replace_malloc.c:483)
==639415==    by 0x6DD426: std::vector<double, std::allocator<double> >::_M_default_append(unsigned long) (in /home/vnivanch/cwork/tests-build/Hadr01/Hadr01)
==639415==    by 0xB10A6C: G4VRangeToEnergyConverter::FillEnergyVector(double, double) (in /home/vnivanch/cwork/tests-build/Hadr01/Hadr01)
==639415==    by 0xA67678: G4VUserPhysicsList::G4VUserPhysicsList() (in /home/vnivanch/cwork/tests-build/Hadr01/Hadr01)
==639415==    by 0x9F7E3C: QBBC::QBBC(int, G4String const&) (in /home/vnivanch/cwork/tests-build/Hadr01/Hadr01)
==639415==    by 0x9ED7AB: G4PhysListFactory::GetReferencePhysList(G4String const&) (in /home/vnivanch/cwork/tests-build/Hadr01/Hadr01)
==639415==    by 0x59F2B0: main (in /home/vnivanch/cwork/tests-build/Hadr01/Hadr01)
==639415== 
==639415== 4,096 bytes in 1 blocks are still reachable in loss record 164 of 169
==639415==    at 0x4846723: operator new[](unsigned long) (vg_replace_malloc.c:725)
==639415==    by 0x16F298D: G4UIbatch::ReadCommand() (in /home/vnivanch/cwork/tests-build/Hadr01/Hadr01)
==639415==    by 0x16F2AD2: G4UIbatch::SessionStart() (in /home/vnivanch/cwork/tests-build/Hadr01/Hadr01)
==639415==    by 0x170F12B: G4UImanager::ExecuteMacroFile(char const*) (in /home/vnivanch/cwork/tests-build/Hadr01/Hadr01)
==639415==    by 0x171FDE3: G4UIcontrolMessenger::SetNewValue(G4UIcommand*, G4String) (in /home/vnivanch/cwork/tests-build/Hadr01/Hadr01)
==639415==    by 0x16F88D9: G4UIcommand::DoIt(G4String const&) (in /home/vnivanch/cwork/tests-build/Hadr01/Hadr01)
==639415==    by 0x170D875: G4UImanager::ApplyCommand(char const*) (in /home/vnivanch/cwork/tests-build/Hadr01/Hadr01)
==639415==    by 0x59F6E3: main (in /home/vnivanch/cwork/tests-build/Hadr01/Hadr01)
==639415== 
==639415== 4,104 bytes in 1 blocks are still reachable in loss record 165 of 169
==639415==    at 0x484C184: realloc (vg_replace_malloc.c:1690)
==639415==    by 0xA5FE8E: G4VModularPhysicsList::G4VModularPhysicsList() (in /home/vnivanch/cwork/tests-build/Hadr01/Hadr01)
==639415==    by 0x9F7E49: QBBC::QBBC(int, G4String const&) (in /home/vnivanch/cwork/tests-build/Hadr01/Hadr01)
==639415==    by 0x9ED7AB: G4PhysListFactory::GetReferencePhysList(G4String const&) (in /home/vnivanch/cwork/tests-build/Hadr01/Hadr01)
==639415==    by 0x59F2B0: main (in /home/vnivanch/cwork/tests-build/Hadr01/Hadr01)
==639415== 
==639415== 8,208 bytes in 1 blocks are still reachable in loss record 166 of 169
==639415==    at 0x484C184: realloc (vg_replace_malloc.c:1690)
==639415==    by 0xA61423: G4VPhysicsConstructor::G4VPhysicsConstructor(G4String const&) (in /home/vnivanch/cwork/tests-build/Hadr01/Hadr01)
==639415==    by 0x9CE293: G4EmStandardPhysics::G4EmStandardPhysics(int, G4String const&) (in /home/vnivanch/cwork/tests-build/Hadr01/Hadr01)
==639415==    by 0x9F7EF5: QBBC::QBBC(int, G4String const&) (in /home/vnivanch/cwork/tests-build/Hadr01/Hadr01)
==639415==    by 0x9ED7AB: G4PhysListFactory::GetReferencePhysList(G4String const&) (in /home/vnivanch/cwork/tests-build/Hadr01/Hadr01)
==639415==    by 0x59F2B0: main (in /home/vnivanch/cwork/tests-build/Hadr01/Hadr01)
==639415== 
==639415== 12,288 bytes in 512 blocks are still reachable in loss record 167 of 169
==639415==    at 0x4844F95: operator new(unsigned long) (vg_replace_malloc.c:483)
==639415==    by 0xA5FED5: G4VModularPhysicsList::G4VModularPhysicsList() (in /home/vnivanch/cwork/tests-build/Hadr01/Hadr01)
==639415==    by 0x9F7E49: QBBC::QBBC(int, G4String const&) (in /home/vnivanch/cwork/tests-build/Hadr01/Hadr01)
==639415==    by 0x9ED7AB: G4PhysListFactory::GetReferencePhysList(G4String const&) (in /home/vnivanch/cwork/tests-build/Hadr01/Hadr01)
==639415==    by 0x59F2B0: main (in /home/vnivanch/cwork/tests-build/Hadr01/Hadr01)
==639415== 
==639415== 12,312 bytes in 513 blocks are still reachable in loss record 168 of 169
==639415==    at 0x4844F95: operator new(unsigned long) (vg_replace_malloc.c:483)
==639415==    by 0xA61476: G4VPhysicsConstructor::G4VPhysicsConstructor(G4String const&) (in /home/vnivanch/cwork/tests-build/Hadr01/Hadr01)
==639415==    by 0x9CE293: G4EmStandardPhysics::G4EmStandardPhysics(int, G4String const&) (in /home/vnivanch/cwork/tests-build/Hadr01/Hadr01)
==639415==    by 0x9F7EF5: QBBC::QBBC(int, G4String const&) (in /home/vnivanch/cwork/tests-build/Hadr01/Hadr01)
==639415==    by 0x9ED7AB: G4PhysListFactory::GetReferencePhysList(G4String const&) (in /home/vnivanch/cwork/tests-build/Hadr01/Hadr01)
==639415==    by 0x59F2B0: main (in /home/vnivanch/cwork/tests-build/Hadr01/Hadr01)
==639415== 
==639415== 16,416 bytes in 1 blocks are still reachable in loss record 169 of 169
==639415==    at 0x484C184: realloc (vg_replace_malloc.c:1690)
==639415==    by 0xA67753: G4VUserPhysicsList::G4VUserPhysicsList() (in /home/vnivanch/cwork/tests-build/Hadr01/Hadr01)
==639415==    by 0x9F7E3C: QBBC::QBBC(int, G4String const&) (in /home/vnivanch/cwork/tests-build/Hadr01/Hadr01)
==639415==    by 0x9ED7AB: G4PhysListFactory::GetReferencePhysList(G4String const&) (in /home/vnivanch/cwork/tests-build/Hadr01/Hadr01)
==639415==    by 0x59F2B0: main (in /home/vnivanch/cwork/tests-build/Hadr01/Hadr01)
==639415== 
==639415== LEAK SUMMARY:
==639415==    definitely lost: 1,240 bytes in 19 blocks
==639415==    indirectly lost: 0 bytes in 0 blocks
==639415==      possibly lost: 0 bytes in 0 blocks
==639415==    still reachable: 67,721 bytes in 1,183 blocks
==639415==         suppressed: 0 bytes in 0 blocks
==639415== 
==639415== For lists of detected and suppressed errors, rerun with: -s
==639415== ERROR SUMMARY: 9 errors from 9 contexts (suppressed: 0 from 0)
