==643505== Memcheck, a memory error detector
==643505== Copyright (C) 2002-2022, and GNU GPL'd, by Julian Seward et al.
==643505== Using Valgrind-3.22.0 and LibVEX; rerun with -h for copyright info
==643505== Command: /home/vnivanch/cwork/bin/Hadr01 hadr00.in QBBC
==643505== 

        ############################################
        !!! WARNING - FPE detection is activated !!!
        ############################################

**************************************************************
 Geant4 version Name: geant4-11-02-ref-08 [MT]   (30-September-2024)
                       Copyright : Geant4 Collaboration
                      References : NIM A 506 (2003), 250-303
                                 : IEEE-TNS 53 (2006), 270-278
                                 : NIM A 835 (2016), 186-225
                             WWW : http://geant4.org/
**************************************************************

PhysicsList: QBBC
G4PhysListFactory::GetReferencePhysList <QBBC>  EMoption= 0
<<< Reference Physics List QBBC 

ERROR: Can not open a macro file <hadr00.in>. Set macro path with "/control/macroPath" if needed.

-------- WWWW ------- G4Exception-START -------- WWWW -------
*** G4Exception : UIMAN0123
      issued by : G4UImanager::ApplyCommand
Command aborted (400)
Error code : 400
*** This is just a warning message. ***
-------- WWWW -------- G4Exception-END --------- WWWW -------

==643505== 
==643505== HEAP SUMMARY:
==643505==     in use at exit: 64,865 bytes in 1,201 blocks
==643505==   total heap usage: 139,446 allocs, 138,245 frees, 9,345,004 bytes allocated
==643505== 
==643505== 1 bytes in 1 blocks are still reachable in loss record 1 of 168
==643505==    at 0x4844F95: operator new(unsigned long) (vg_replace_malloc.c:483)
==643505==    by 0x15450FD: G4GeometryManager::GetInstance() (in /home/vnivanch/cwork/tests-build/Hadr01/Hadr01)
==643505==    by 0x1556038: G4RegionStore::Clean() (in /home/vnivanch/cwork/tests-build/Hadr01/Hadr01)
==643505==    by 0x1556282: G4RegionStore::~G4RegionStore() (in /home/vnivanch/cwork/tests-build/Hadr01/Hadr01)
==643505==    by 0x4F7EDEC: __run_exit_handlers (in /usr/lib64/libc.so.6)
==643505==    by 0x4F7EF2F: exit (in /usr/lib64/libc.so.6)
==643505==    by 0x4F67596: (below main) (in /usr/lib64/libc.so.6)
==643505== 
==643505== 17 bytes in 1 blocks are still reachable in loss record 2 of 168
==643505==    at 0x4844F95: operator new(unsigned long) (vg_replace_malloc.c:483)
==643505==    by 0x9DEE66: std::_Rb_tree_iterator<std::pair<G4String const, G4VBasePhysConstrFactory*> > std::_Rb_tree<G4String, std::pair<G4String const, G4VBasePhysConstrFactory*>, std::_Select1st<std::pair<G4String const, G4VBasePhysConstrFactory*> >, std::less<G4String>, std::allocator<std::pair<G4String const, G4VBasePhysConstrFactory*> > >::_M_emplace_hint_unique<std::piecewise_construct_t const&, std::tuple<G4String const&>, std::tuple<> >(std::_Rb_tree_const_iterator<std::pair<G4String const, G4VBasePhysConstrFactory*> >, std::piecewise_construct_t const&, std::tuple<G4String const&>&&, std::tuple<>&&) [clone .isra.0] (in /home/vnivanch/cwork/tests-build/Hadr01/Hadr01)
==643505==    by 0x9DF3E7: G4PhysicsConstructorRegistry::AddFactory(G4String, G4VBasePhysConstrFactory*) (in /home/vnivanch/cwork/tests-build/Hadr01/Hadr01)
==643505==    by 0x9E1466: G4PhysicsConstructorFactory<G4EmExtraPhysics>::G4PhysicsConstructorFactory(G4String const&) (in /home/vnivanch/cwork/tests-build/Hadr01/Hadr01)
==643505==    by 0x53A48B: _GLOBAL__sub_I__ZGR23G4EmExtraPhysicsFactory_ (in /home/vnivanch/cwork/tests-build/Hadr01/Hadr01)
==643505==    by 0x4F676BA: __libc_start_main@@GLIBC_2.34 (in /usr/lib64/libc.so.6)
==643505==    by 0x59EEA4: (below main) (in /home/vnivanch/cwork/tests-build/Hadr01/Hadr01)
==643505== 
==643505== 17 bytes in 1 blocks are still reachable in loss record 3 of 168
==643505==    at 0x4844F95: operator new(unsigned long) (vg_replace_malloc.c:483)
==643505==    by 0x9DEE66: std::_Rb_tree_iterator<std::pair<G4String const, G4VBasePhysConstrFactory*> > std::_Rb_tree<G4String, std::pair<G4String const, G4VBasePhysConstrFactory*>, std::_Select1st<std::pair<G4String const, G4VBasePhysConstrFactory*> >, std::less<G4String>, std::allocator<std::pair<G4String const, G4VBasePhysConstrFactory*> > >::_M_emplace_hint_unique<std::piecewise_construct_t const&, std::tuple<G4String const&>, std::tuple<> >(std::_Rb_tree_const_iterator<std::pair<G4String const, G4VBasePhysConstrFactory*> >, std::piecewise_construct_t const&, std::tuple<G4String const&>&&, std::tuple<>&&) [clone .isra.0] (in /home/vnivanch/cwork/tests-build/Hadr01/Hadr01)
==643505==    by 0x9DF3E7: G4PhysicsConstructorRegistry::AddFactory(G4String, G4VBasePhysConstrFactory*) (in /home/vnivanch/cwork/tests-build/Hadr01/Hadr01)
==643505==    by 0xA10D36: G4PhysicsConstructorFactory<G4EmLowEPPhysics>::G4PhysicsConstructorFactory(G4String const&) (in /home/vnivanch/cwork/tests-build/Hadr01/Hadr01)
==643505==    by 0x53F90B: _GLOBAL__sub_I__ZGR23G4EmLowEPPhysicsFactory_ (in /home/vnivanch/cwork/tests-build/Hadr01/Hadr01)
==643505==    by 0x4F676BA: __libc_start_main@@GLIBC_2.34 (in /usr/lib64/libc.so.6)
==643505==    by 0x59EEA4: (below main) (in /home/vnivanch/cwork/tests-build/Hadr01/Hadr01)
==643505== 
==643505== 17 bytes in 1 blocks are still reachable in loss record 4 of 168
==643505==    at 0x4844F95: operator new(unsigned long) (vg_replace_malloc.c:483)
==643505==    by 0x9DEE66: std::_Rb_tree_iterator<std::pair<G4String const, G4VBasePhysConstrFactory*> > std::_Rb_tree<G4String, std::pair<G4String const, G4VBasePhysConstrFactory*>, std::_Select1st<std::pair<G4String const, G4VBasePhysConstrFactory*> >, std::less<G4String>, std::allocator<std::pair<G4String const, G4VBasePhysConstrFactory*> > >::_M_emplace_hint_unique<std::piecewise_construct_t const&, std::tuple<G4String const&>, std::tuple<> >(std::_Rb_tree_const_iterator<std::pair<G4String const, G4VBasePhysConstrFactory*> >, std::piecewise_construct_t const&, std::tuple<G4String const&>&&, std::tuple<>&&) [clone .isra.0] (in /home/vnivanch/cwork/tests-build/Hadr01/Hadr01)
==643505==    by 0x9DF3E7: G4PhysicsConstructorRegistry::AddFactory(G4String, G4VBasePhysConstrFactory*) (in /home/vnivanch/cwork/tests-build/Hadr01/Hadr01)
==643505==    by 0x5400C1: _GLOBAL__sub_I__ZGR23G4OpticalPhysicsFactory_ (in /home/vnivanch/cwork/tests-build/Hadr01/Hadr01)
==643505==    by 0x4F676BA: __libc_start_main@@GLIBC_2.34 (in /usr/lib64/libc.so.6)
==643505==    by 0x59EEA4: (below main) (in /home/vnivanch/cwork/tests-build/Hadr01/Hadr01)
==643505== 
==643505== 17 bytes in 1 blocks are still reachable in loss record 5 of 168
==643505==    at 0x4844F95: operator new(unsigned long) (vg_replace_malloc.c:483)
==643505==    by 0xCC73BE: G4CrossSectionFactoryRegistry::Register(G4String const&, G4VBaseXSFactory*) (in /home/vnivanch/cwork/tests-build/Hadr01/Hadr01)
==643505==    by 0x54FC3E: _GLOBAL__sub_I__ZGR35G4ElectroNuclearCrossSectionFactory_ (in /home/vnivanch/cwork/tests-build/Hadr01/Hadr01)
==643505==    by 0x4F676BA: __libc_start_main@@GLIBC_2.34 (in /usr/lib64/libc.so.6)
==643505==    by 0x59EEA4: (below main) (in /home/vnivanch/cwork/tests-build/Hadr01/Hadr01)
==643505== 
==643505== 18 bytes in 1 blocks are still reachable in loss record 6 of 168
==643505==    at 0x4844F95: operator new(unsigned long) (vg_replace_malloc.c:483)
==643505==    by 0x9DEE66: std::_Rb_tree_iterator<std::pair<G4String const, G4VBasePhysConstrFactory*> > std::_Rb_tree<G4String, std::pair<G4String const, G4VBasePhysConstrFactory*>, std::_Select1st<std::pair<G4String const, G4VBasePhysConstrFactory*> >, std::less<G4String>, std::allocator<std::pair<G4String const, G4VBasePhysConstrFactory*> > >::_M_emplace_hint_unique<std::piecewise_construct_t const&, std::tuple<G4String const&>, std::tuple<> >(std::_Rb_tree_const_iterator<std::pair<G4String const, G4VBasePhysConstrFactory*> >, std::piecewise_construct_t const&, std::tuple<G4String const&>&&, std::tuple<>&&) [clone .isra.0] (in /home/vnivanch/cwork/tests-build/Hadr01/Hadr01)
==643505==    by 0x9DF3E7: G4PhysicsConstructorRegistry::AddFactory(G4String, G4VBasePhysConstrFactory*) (in /home/vnivanch/cwork/tests-build/Hadr01/Hadr01)
==643505==    by 0x9ECE96: G4PhysicsConstructorFactory<G4StoppingPhysics>::G4PhysicsConstructorFactory(G4String const&) (in /home/vnivanch/cwork/tests-build/Hadr01/Hadr01)
==643505==    by 0x53C25F: _GLOBAL__sub_I__ZGR24G4StoppingPhysicsFactory_ (in /home/vnivanch/cwork/tests-build/Hadr01/Hadr01)
==643505==    by 0x4F676BA: __libc_start_main@@GLIBC_2.34 (in /usr/lib64/libc.so.6)
==643505==    by 0x59EEA4: (below main) (in /home/vnivanch/cwork/tests-build/Hadr01/Hadr01)
==643505== 
==643505== 18 bytes in 1 blocks are still reachable in loss record 7 of 168
==643505==    at 0x4844F95: operator new(unsigned long) (vg_replace_malloc.c:483)
==643505==    by 0x9DEE66: std::_Rb_tree_iterator<std::pair<G4String const, G4VBasePhysConstrFactory*> > std::_Rb_tree<G4String, std::pair<G4String const, G4VBasePhysConstrFactory*>, std::_Select1st<std::pair<G4String const, G4VBasePhysConstrFactory*> >, std::less<G4String>, std::allocator<std::pair<G4String const, G4VBasePhysConstrFactory*> > >::_M_emplace_hint_unique<std::piecewise_construct_t const&, std::tuple<G4String const&>, std::tuple<> >(std::_Rb_tree_const_iterator<std::pair<G4String const, G4VBasePhysConstrFactory*> >, std::piecewise_construct_t const&, std::tuple<G4String const&>&&, std::tuple<>&&) [clone .isra.0] (in /home/vnivanch/cwork/tests-build/Hadr01/Hadr01)
==643505==    by 0x9DF3E7: G4PhysicsConstructorRegistry::AddFactory(G4String, G4VBasePhysConstrFactory*) (in /home/vnivanch/cwork/tests-build/Hadr01/Hadr01)
==643505==    by 0xA1F016: G4PhysicsConstructorFactory<G4NeutrinoPhysics>::G4PhysicsConstructorFactory(G4String const&) (in /home/vnivanch/cwork/tests-build/Hadr01/Hadr01)
==643505==    by 0x54029F: _GLOBAL__sub_I__ZGR24G4NeutrinoPhysicsFactory_ (in /home/vnivanch/cwork/tests-build/Hadr01/Hadr01)
==643505==    by 0x4F676BA: __libc_start_main@@GLIBC_2.34 (in /usr/lib64/libc.so.6)
==643505==    by 0x59EEA4: (below main) (in /home/vnivanch/cwork/tests-build/Hadr01/Hadr01)
==643505== 
==643505== 18 bytes in 1 blocks are still reachable in loss record 8 of 168
==643505==    at 0x4844F95: operator new(unsigned long) (vg_replace_malloc.c:483)
==643505==    by 0x9DEE66: std::_Rb_tree_iterator<std::pair<G4String const, G4VBasePhysConstrFactory*> > std::_Rb_tree<G4String, std::pair<G4String const, G4VBasePhysConstrFactory*>, std::_Select1st<std::pair<G4String const, G4VBasePhysConstrFactory*> >, std::less<G4String>, std::allocator<std::pair<G4String const, G4VBasePhysConstrFactory*> > >::_M_emplace_hint_unique<std::piecewise_construct_t const&, std::tuple<G4String const&>, std::tuple<> >(std::_Rb_tree_const_iterator<std::pair<G4String const, G4VBasePhysConstrFactory*> >, std::piecewise_construct_t const&, std::tuple<G4String const&>&&, std::tuple<>&&) [clone .isra.0] (in /home/vnivanch/cwork/tests-build/Hadr01/Hadr01)
==643505==    by 0x9DF3E7: G4PhysicsConstructorRegistry::AddFactory(G4String, G4VBasePhysConstrFactory*) (in /home/vnivanch/cwork/tests-build/Hadr01/Hadr01)
==643505==    by 0xA21D76: G4PhysicsConstructorFactory<G4ThermalNeutrons>::G4PhysicsConstructorFactory(G4String const&) (in /home/vnivanch/cwork/tests-build/Hadr01/Hadr01)
==643505==    by 0x540DAF: _GLOBAL__sub_I__ZGR24G4ThermalNeutronsFactory_ (in /home/vnivanch/cwork/tests-build/Hadr01/Hadr01)
==643505==    by 0x4F676BA: __libc_start_main@@GLIBC_2.34 (in /usr/lib64/libc.so.6)
==643505==    by 0x59EEA4: (below main) (in /home/vnivanch/cwork/tests-build/Hadr01/Hadr01)
==643505== 
==643505== 19 bytes in 1 blocks are still reachable in loss record 9 of 168
==643505==    at 0x4844F95: operator new(unsigned long) (vg_replace_malloc.c:483)
==643505==    by 0x9DEE66: std::_Rb_tree_iterator<std::pair<G4String const, G4VBasePhysConstrFactory*> > std::_Rb_tree<G4String, std::pair<G4String const, G4VBasePhysConstrFactory*>, std::_Select1st<std::pair<G4String const, G4VBasePhysConstrFactory*> >, std::less<G4String>, std::allocator<std::pair<G4String const, G4VBasePhysConstrFactory*> > >::_M_emplace_hint_unique<std::piecewise_construct_t const&, std::tuple<G4String const&>, std::tuple<> >(std::_Rb_tree_const_iterator<std::pair<G4String const, G4VBasePhysConstrFactory*> >, std::piecewise_construct_t const&, std::tuple<G4String const&>&&, std::tuple<>&&) [clone .isra.0] (in /home/vnivanch/cwork/tests-build/Hadr01/Hadr01)
==643505==    by 0x9DF3E7: G4PhysicsConstructorRegistry::AddFactory(G4String, G4VBasePhysConstrFactory*) (in /home/vnivanch/cwork/tests-build/Hadr01/Hadr01)
==643505==    by 0xA246A6: G4PhysicsConstructorFactory<G4IonINCLXXPhysics>::G4PhysicsConstructorFactory(G4String const&) (in /home/vnivanch/cwork/tests-build/Hadr01/Hadr01)
==643505==    by 0x541684: _GLOBAL__sub_I__ZGR25G4IonINCLXXPhysicsFactory_ (in /home/vnivanch/cwork/tests-build/Hadr01/Hadr01)
==643505==    by 0x4F676BA: __libc_start_main@@GLIBC_2.34 (in /usr/lib64/libc.so.6)
==643505==    by 0x59EEA4: (below main) (in /home/vnivanch/cwork/tests-build/Hadr01/Hadr01)
==643505== 
==643505== 20 bytes in 1 blocks are still reachable in loss record 10 of 168
==643505==    at 0x4844F95: operator new(unsigned long) (vg_replace_malloc.c:483)
==643505==    by 0x9DEE66: std::_Rb_tree_iterator<std::pair<G4String const, G4VBasePhysConstrFactory*> > std::_Rb_tree<G4String, std::pair<G4String const, G4VBasePhysConstrFactory*>, std::_Select1st<std::pair<G4String const, G4VBasePhysConstrFactory*> >, std::less<G4String>, std::allocator<std::pair<G4String const, G4VBasePhysConstrFactory*> > >::_M_emplace_hint_unique<std::piecewise_construct_t const&, std::tuple<G4String const&>, std::tuple<> >(std::_Rb_tree_const_iterator<std::pair<G4String const, G4VBasePhysConstrFactory*> >, std::piecewise_construct_t const&, std::tuple<G4String const&>&&, std::tuple<>&&) [clone .isra.0] (in /home/vnivanch/cwork/tests-build/Hadr01/Hadr01)
==643505==    by 0x9DF3E7: G4PhysicsConstructorRegistry::AddFactory(G4String, G4VBasePhysConstrFactory*) (in /home/vnivanch/cwork/tests-build/Hadr01/Hadr01)
==643505==    by 0x9CE866: G4PhysicsConstructorFactory<G4EmStandardPhysics>::G4PhysicsConstructorFactory(G4String const&) (in /home/vnivanch/cwork/tests-build/Hadr01/Hadr01)
==643505==    by 0x539862: _GLOBAL__sub_I__ZGR26G4EmStandardPhysicsFactory_ (in /home/vnivanch/cwork/tests-build/Hadr01/Hadr01)
==643505==    by 0x4F676BA: __libc_start_main@@GLIBC_2.34 (in /usr/lib64/libc.so.6)
==643505==    by 0x59EEA4: (below main) (in /home/vnivanch/cwork/tests-build/Hadr01/Hadr01)
==643505== 
==643505== 20 bytes in 1 blocks are still reachable in loss record 11 of 168
==643505==    at 0x4844F95: operator new(unsigned long) (vg_replace_malloc.c:483)
==643505==    by 0x9DEE66: std::_Rb_tree_iterator<std::pair<G4String const, G4VBasePhysConstrFactory*> > std::_Rb_tree<G4String, std::pair<G4String const, G4VBasePhysConstrFactory*>, std::_Select1st<std::pair<G4String const, G4VBasePhysConstrFactory*> >, std::less<G4String>, std::allocator<std::pair<G4String const, G4VBasePhysConstrFactory*> > >::_M_emplace_hint_unique<std::piecewise_construct_t const&, std::tuple<G4String const&>, std::tuple<> >(std::_Rb_tree_const_iterator<std::pair<G4String const, G4VBasePhysConstrFactory*> >, std::piecewise_construct_t const&, std::tuple<G4String const&>&&, std::tuple<>&&) [clone .isra.0] (in /home/vnivanch/cwork/tests-build/Hadr01/Hadr01)
==643505==    by 0x9DF3E7: G4PhysicsConstructorRegistry::AddFactory(G4String, G4VBasePhysConstrFactory*) (in /home/vnivanch/cwork/tests-build/Hadr01/Hadr01)
==643505==    by 0x9E5486: G4PhysicsConstructorFactory<G4IonElasticPhysics>::G4PhysicsConstructorFactory(G4String const&) (in /home/vnivanch/cwork/tests-build/Hadr01/Hadr01)
==643505==    by 0x53AC62: _GLOBAL__sub_I__ZGR26G4IonElasticPhysicsFactory_ (in /home/vnivanch/cwork/tests-build/Hadr01/Hadr01)
==643505==    by 0x4F676BA: __libc_start_main@@GLIBC_2.34 (in /usr/lib64/libc.so.6)
==643505==    by 0x59EEA4: (below main) (in /home/vnivanch/cwork/tests-build/Hadr01/Hadr01)
==643505== 
==643505== 20 bytes in 1 blocks are still reachable in loss record 12 of 168
==643505==    at 0x4844F95: operator new(unsigned long) (vg_replace_malloc.c:483)
==643505==    by 0x9DEE66: std::_Rb_tree_iterator<std::pair<G4String const, G4VBasePhysConstrFactory*> > std::_Rb_tree<G4String, std::pair<G4String const, G4VBasePhysConstrFactory*>, std::_Select1st<std::pair<G4String const, G4VBasePhysConstrFactory*> >, std::less<G4String>, std::allocator<std::pair<G4String const, G4VBasePhysConstrFactory*> > >::_M_emplace_hint_unique<std::piecewise_construct_t const&, std::tuple<G4String const&>, std::tuple<> >(std::_Rb_tree_const_iterator<std::pair<G4String const, G4VBasePhysConstrFactory*> >, std::piecewise_construct_t const&, std::tuple<G4String const&>&&, std::tuple<>&&) [clone .isra.0] (in /home/vnivanch/cwork/tests-build/Hadr01/Hadr01)
==643505==    by 0x9DF3E7: G4PhysicsConstructorRegistry::AddFactory(G4String, G4VBasePhysConstrFactory*) (in /home/vnivanch/cwork/tests-build/Hadr01/Hadr01)
==643505==    by 0xA1ACD6: G4PhysicsConstructorFactory<G4EmPenelopePhysics>::G4PhysicsConstructorFactory(G4String const&) (in /home/vnivanch/cwork/tests-build/Hadr01/Hadr01)
==643505==    by 0x53FBA2: _GLOBAL__sub_I__ZGR26G4EmPenelopePhysicsFactory_ (in /home/vnivanch/cwork/tests-build/Hadr01/Hadr01)
==643505==    by 0x4F676BA: __libc_start_main@@GLIBC_2.34 (in /usr/lib64/libc.so.6)
==643505==    by 0x59EEA4: (below main) (in /home/vnivanch/cwork/tests-build/Hadr01/Hadr01)
==643505== 
==643505== 21 bytes in 1 blocks are still reachable in loss record 13 of 168
==643505==    at 0x4844F95: operator new(unsigned long) (vg_replace_malloc.c:483)
==643505==    by 0x9DEE66: std::_Rb_tree_iterator<std::pair<G4String const, G4VBasePhysConstrFactory*> > std::_Rb_tree<G4String, std::pair<G4String const, G4VBasePhysConstrFactory*>, std::_Select1st<std::pair<G4String const, G4VBasePhysConstrFactory*> >, std::less<G4String>, std::allocator<std::pair<G4String const, G4VBasePhysConstrFactory*> > >::_M_emplace_hint_unique<std::piecewise_construct_t const&, std::tuple<G4String const&>, std::tuple<> >(std::_Rb_tree_const_iterator<std::pair<G4String const, G4VBasePhysConstrFactory*> >, std::piecewise_construct_t const&, std::tuple<G4String const&>&&, std::tuple<>&&) [clone .isra.0] (in /home/vnivanch/cwork/tests-build/Hadr01/Hadr01)
==643505==    by 0x9DF3E7: G4PhysicsConstructorRegistry::AddFactory(G4String, G4VBasePhysConstrFactory*) (in /home/vnivanch/cwork/tests-build/Hadr01/Hadr01)
==643505==    by 0x53C082: _GLOBAL__sub_I__ZGR27G4NeutronTrackingCutFactory_ (in /home/vnivanch/cwork/tests-build/Hadr01/Hadr01)
==643505==    by 0x4F676BA: __libc_start_main@@GLIBC_2.34 (in /usr/lib64/libc.so.6)
==643505==    by 0x59EEA4: (below main) (in /home/vnivanch/cwork/tests-build/Hadr01/Hadr01)
==643505== 
==643505== 21 bytes in 1 blocks are still reachable in loss record 14 of 168
==643505==    at 0x4844F95: operator new(unsigned long) (vg_replace_malloc.c:483)
==643505==    by 0x9DEE66: std::_Rb_tree_iterator<std::pair<G4String const, G4VBasePhysConstrFactory*> > std::_Rb_tree<G4String, std::pair<G4String const, G4VBasePhysConstrFactory*>, std::_Select1st<std::pair<G4String const, G4VBasePhysConstrFactory*> >, std::less<G4String>, std::allocator<std::pair<G4String const, G4VBasePhysConstrFactory*> > >::_M_emplace_hint_unique<std::piecewise_construct_t const&, std::tuple<G4String const&>, std::tuple<> >(std::_Rb_tree_const_iterator<std::pair<G4String const, G4VBasePhysConstrFactory*> >, std::piecewise_construct_t const&, std::tuple<G4String const&>&&, std::tuple<>&&) [clone .isra.0] (in /home/vnivanch/cwork/tests-build/Hadr01/Hadr01)
==643505==    by 0x9DF3E7: G4PhysicsConstructorRegistry::AddFactory(G4String, G4VBasePhysConstrFactory*) (in /home/vnivanch/cwork/tests-build/Hadr01/Hadr01)
==643505==    by 0xA0F556: G4PhysicsConstructorFactory<G4EmLivermorePhysics>::G4PhysicsConstructorFactory(G4String const&) (in /home/vnivanch/cwork/tests-build/Hadr01/Hadr01)
==643505==    by 0x53F792: _GLOBAL__sub_I__ZGR27G4EmLivermorePhysicsFactory_ (in /home/vnivanch/cwork/tests-build/Hadr01/Hadr01)
==643505==    by 0x4F676BA: __libc_start_main@@GLIBC_2.34 (in /usr/lib64/libc.so.6)
==643505==    by 0x59EEA4: (below main) (in /home/vnivanch/cwork/tests-build/Hadr01/Hadr01)
==643505== 
==643505== 21 bytes in 1 blocks are still reachable in loss record 15 of 168
==643505==    at 0x4844F95: operator new(unsigned long) (vg_replace_malloc.c:483)
==643505==    by 0x9DEE66: std::_Rb_tree_iterator<std::pair<G4String const, G4VBasePhysConstrFactory*> > std::_Rb_tree<G4String, std::pair<G4String const, G4VBasePhysConstrFactory*>, std::_Select1st<std::pair<G4String const, G4VBasePhysConstrFactory*> >, std::less<G4String>, std::allocator<std::pair<G4String const, G4VBasePhysConstrFactory*> > >::_M_emplace_hint_unique<std::piecewise_construct_t const&, std::tuple<G4String const&>, std::tuple<> >(std::_Rb_tree_const_iterator<std::pair<G4String const, G4VBasePhysConstrFactory*> >, std::piecewise_construct_t const&, std::tuple<G4String const&>&&, std::tuple<>&&) [clone .isra.0] (in /home/vnivanch/cwork/tests-build/Hadr01/Hadr01)
==643505==    by 0x9DF3E7: G4PhysicsConstructorRegistry::AddFactory(G4String, G4VBasePhysConstrFactory*) (in /home/vnivanch/cwork/tests-build/Hadr01/Hadr01)
==643505==    by 0xA26966: G4PhysicsConstructorFactory<G4LightIonQMDPhysics>::G4PhysicsConstructorFactory(G4String const&) (in /home/vnivanch/cwork/tests-build/Hadr01/Hadr01)
==643505==    by 0x541AE2: _GLOBAL__sub_I__ZGR27G4LightIonQMDPhysicsFactory_ (in /home/vnivanch/cwork/tests-build/Hadr01/Hadr01)
==643505==    by 0x4F676BA: __libc_start_main@@GLIBC_2.34 (in /usr/lib64/libc.so.6)
==643505==    by 0x59EEA4: (below main) (in /home/vnivanch/cwork/tests-build/Hadr01/Hadr01)
==643505== 
==643505== 21 bytes in 1 blocks are still reachable in loss record 16 of 168
==643505==    at 0x4844F95: operator new(unsigned long) (vg_replace_malloc.c:483)
==643505==    by 0xCC73BE: G4CrossSectionFactoryRegistry::Register(G4String const&, G4VBaseXSFactory*) (in /home/vnivanch/cwork/tests-build/Hadr01/Hadr01)
==643505==    by 0x575295: _GLOBAL__sub_I__ZGR29G4ChipsProtonElasticXSFactory_ (in /home/vnivanch/cwork/tests-build/Hadr01/Hadr01)
==643505==    by 0x4F676BA: __libc_start_main@@GLIBC_2.34 (in /usr/lib64/libc.so.6)
==643505==    by 0x59EEA4: (below main) (in /home/vnivanch/cwork/tests-build/Hadr01/Hadr01)
==643505== 
==643505== 22 bytes in 1 blocks are still reachable in loss record 17 of 168
==643505==    at 0x4844F95: operator new(unsigned long) (vg_replace_malloc.c:483)
==643505==    by 0x9DEE66: std::_Rb_tree_iterator<std::pair<G4String const, G4VBasePhysConstrFactory*> > std::_Rb_tree<G4String, std::pair<G4String const, G4VBasePhysConstrFactory*>, std::_Select1st<std::pair<G4String const, G4VBasePhysConstrFactory*> >, std::less<G4String>, std::allocator<std::pair<G4String const, G4VBasePhysConstrFactory*> > >::_M_emplace_hint_unique<std::piecewise_construct_t const&, std::tuple<G4String const&>, std::tuple<> >(std::_Rb_tree_const_iterator<std::pair<G4String const, G4VBasePhysConstrFactory*> >, std::piecewise_construct_t const&, std::tuple<G4String const&>&&, std::tuple<>&&) [clone .isra.0] (in /home/vnivanch/cwork/tests-build/Hadr01/Hadr01)
==643505==    by 0x9DF3E7: G4PhysicsConstructorRegistry::AddFactory(G4String, G4VBasePhysConstrFactory*) (in /home/vnivanch/cwork/tests-build/Hadr01/Hadr01)
==643505==    by 0x9CF626: G4PhysicsConstructorFactory<G4EmStandardPhysicsGS>::G4PhysicsConstructorFactory(G4String const&) (in /home/vnivanch/cwork/tests-build/Hadr01/Hadr01)
==643505==    by 0x5399E9: _GLOBAL__sub_I__ZGR28G4EmStandardPhysicsGSFactory_ (in /home/vnivanch/cwork/tests-build/Hadr01/Hadr01)
==643505==    by 0x4F676BA: __libc_start_main@@GLIBC_2.34 (in /usr/lib64/libc.so.6)
==643505==    by 0x59EEA4: (below main) (in /home/vnivanch/cwork/tests-build/Hadr01/Hadr01)
==643505== 
==643505== 22 bytes in 1 blocks are still reachable in loss record 18 of 168
==643505==    at 0x4844F95: operator new(unsigned long) (vg_replace_malloc.c:483)
==643505==    by 0x9DEE66: std::_Rb_tree_iterator<std::pair<G4String const, G4VBasePhysConstrFactory*> > std::_Rb_tree<G4String, std::pair<G4String const, G4VBasePhysConstrFactory*>, std::_Select1st<std::pair<G4String const, G4VBasePhysConstrFactory*> >, std::less<G4String>, std::allocator<std::pair<G4String const, G4VBasePhysConstrFactory*> > >::_M_emplace_hint_unique<std::piecewise_construct_t const&, std::tuple<G4String const&>, std::tuple<> >(std::_Rb_tree_const_iterator<std::pair<G4String const, G4VBasePhysConstrFactory*> >, std::piecewise_construct_t const&, std::tuple<G4String const&>&&, std::tuple<>&&) [clone .isra.0] (in /home/vnivanch/cwork/tests-build/Hadr01/Hadr01)
==643505==    by 0x9DF3E7: G4PhysicsConstructorRegistry::AddFactory(G4String, G4VBasePhysConstrFactory*) (in /home/vnivanch/cwork/tests-build/Hadr01/Hadr01)
==643505==    by 0x53AE49: _GLOBAL__sub_I__ZGR28G4HadronInelasticQBBCFactory_ (in /home/vnivanch/cwork/tests-build/Hadr01/Hadr01)
==643505==    by 0x4F676BA: __libc_start_main@@GLIBC_2.34 (in /usr/lib64/libc.so.6)
==643505==    by 0x59EEA4: (below main) (in /home/vnivanch/cwork/tests-build/Hadr01/Hadr01)
==643505== 
==643505== 22 bytes in 1 blocks are still reachable in loss record 19 of 168
==643505==    at 0x4844F95: operator new(unsigned long) (vg_replace_malloc.c:483)
==643505==    by 0x9DEE66: std::_Rb_tree_iterator<std::pair<G4String const, G4VBasePhysConstrFactory*> > std::_Rb_tree<G4String, std::pair<G4String const, G4VBasePhysConstrFactory*>, std::_Select1st<std::pair<G4String const, G4VBasePhysConstrFactory*> >, std::less<G4String>, std::allocator<std::pair<G4String const, G4VBasePhysConstrFactory*> > >::_M_emplace_hint_unique<std::piecewise_construct_t const&, std::tuple<G4String const&>, std::tuple<> >(std::_Rb_tree_const_iterator<std::pair<G4String const, G4VBasePhysConstrFactory*> >, std::piecewise_construct_t const&, std::tuple<G4String const&>&&, std::tuple<>&&) [clone .isra.0] (in /home/vnivanch/cwork/tests-build/Hadr01/Hadr01)
==643505==    by 0x9DF3E7: G4PhysicsConstructorRegistry::AddFactory(G4String, G4VBasePhysConstrFactory*) (in /home/vnivanch/cwork/tests-build/Hadr01/Hadr01)
==643505==    by 0xA1BBA6: G4PhysicsConstructorFactory<G4EmStandardPhysicsSS>::G4PhysicsConstructorFactory(G4String const&) (in /home/vnivanch/cwork/tests-build/Hadr01/Hadr01)
==643505==    by 0x53FD29: _GLOBAL__sub_I__ZGR28G4EmStandardPhysicsSSFactory_ (in /home/vnivanch/cwork/tests-build/Hadr01/Hadr01)
==643505==    by 0x4F676BA: __libc_start_main@@GLIBC_2.34 (in /usr/lib64/libc.so.6)
==643505==    by 0x59EEA4: (below main) (in /home/vnivanch/cwork/tests-build/Hadr01/Hadr01)
==643505== 
==643505== 22 bytes in 1 blocks are still reachable in loss record 20 of 168
==643505==    at 0x4844F95: operator new(unsigned long) (vg_replace_malloc.c:483)
==643505==    by 0x9DEE66: std::_Rb_tree_iterator<std::pair<G4String const, G4VBasePhysConstrFactory*> > std::_Rb_tree<G4String, std::pair<G4String const, G4VBasePhysConstrFactory*>, std::_Select1st<std::pair<G4String const, G4VBasePhysConstrFactory*> >, std::less<G4String>, std::allocator<std::pair<G4String const, G4VBasePhysConstrFactory*> > >::_M_emplace_hint_unique<std::piecewise_construct_t const&, std::tuple<G4String const&>, std::tuple<> >(std::_Rb_tree_const_iterator<std::pair<G4String const, G4VBasePhysConstrFactory*> >, std::piecewise_construct_t const&, std::tuple<G4String const&>&&, std::tuple<>&&) [clone .isra.0] (in /home/vnivanch/cwork/tests-build/Hadr01/Hadr01)
==643505==    by 0x9DF3E7: G4PhysicsConstructorRegistry::AddFactory(G4String, G4VBasePhysConstrFactory*) (in /home/vnivanch/cwork/tests-build/Hadr01/Hadr01)
==643505==    by 0xA221A6: G4PhysicsConstructorFactory<G4HadronPhysicsNuBeam>::G4PhysicsConstructorFactory(G4String const&) (in /home/vnivanch/cwork/tests-build/Hadr01/Hadr01)
==643505==    by 0x540F39: _GLOBAL__sub_I__ZGR28G4HadronPhysicsNuBeamFactory_ (in /home/vnivanch/cwork/tests-build/Hadr01/Hadr01)
==643505==    by 0x4F676BA: __libc_start_main@@GLIBC_2.34 (in /usr/lib64/libc.so.6)
==643505==    by 0x59EEA4: (below main) (in /home/vnivanch/cwork/tests-build/Hadr01/Hadr01)
==643505== 
==643505== 22 bytes in 1 blocks are still reachable in loss record 21 of 168
==643505==    at 0x4844F95: operator new(unsigned long) (vg_replace_malloc.c:483)
==643505==    by 0x9DEE66: std::_Rb_tree_iterator<std::pair<G4String const, G4VBasePhysConstrFactory*> > std::_Rb_tree<G4String, std::pair<G4String const, G4VBasePhysConstrFactory*>, std::_Select1st<std::pair<G4String const, G4VBasePhysConstrFactory*> >, std::less<G4String>, std::allocator<std::pair<G4String const, G4VBasePhysConstrFactory*> > >::_M_emplace_hint_unique<std::piecewise_construct_t const&, std::tuple<G4String const&>, std::tuple<> >(std::_Rb_tree_const_iterator<std::pair<G4String const, G4VBasePhysConstrFactory*> >, std::piecewise_construct_t const&, std::tuple<G4String const&>&&, std::tuple<>&&) [clone .isra.0] (in /home/vnivanch/cwork/tests-build/Hadr01/Hadr01)
==643505==    by 0x9DF3E7: G4PhysicsConstructorRegistry::AddFactory(G4String, G4VBasePhysConstrFactory*) (in /home/vnivanch/cwork/tests-build/Hadr01/Hadr01)
==643505==    by 0xA22C86: G4PhysicsConstructorFactory<G4HadronPhysicsINCLXX>::G4PhysicsConstructorFactory(G4String const&) (in /home/vnivanch/cwork/tests-build/Hadr01/Hadr01)
==643505==    by 0x5410E3: _GLOBAL__sub_I__ZGR28G4HadronPhysicsINCLXXFactory_ (in /home/vnivanch/cwork/tests-build/Hadr01/Hadr01)
==643505==    by 0x4F676BA: __libc_start_main@@GLIBC_2.34 (in /usr/lib64/libc.so.6)
==643505==    by 0x59EEA4: (below main) (in /home/vnivanch/cwork/tests-build/Hadr01/Hadr01)
==643505== 
==643505== 22 bytes in 1 blocks are still reachable in loss record 22 of 168
==643505==    at 0x4844F95: operator new(unsigned long) (vg_replace_malloc.c:483)
==643505==    by 0xCC73BE: G4CrossSectionFactoryRegistry::Register(G4String const&, G4VBaseXSFactory*) (in /home/vnivanch/cwork/tests-build/Hadr01/Hadr01)
==643505==    by 0x573D7C: _GLOBAL__sub_I__ZGR30G4ChipsHyperonElasticXSFactory_ (in /home/vnivanch/cwork/tests-build/Hadr01/Hadr01)
==643505==    by 0x4F676BA: __libc_start_main@@GLIBC_2.34 (in /usr/lib64/libc.so.6)
==643505==    by 0x59EEA4: (below main) (in /home/vnivanch/cwork/tests-build/Hadr01/Hadr01)
==643505== 
==643505== 22 bytes in 1 blocks are still reachable in loss record 23 of 168
==643505==    at 0x4844F95: operator new(unsigned long) (vg_replace_malloc.c:483)
==643505==    by 0xCC73BE: G4CrossSectionFactoryRegistry::Register(G4String const&, G4VBaseXSFactory*) (in /home/vnivanch/cwork/tests-build/Hadr01/Hadr01)
==643505==    by 0x57493C: _GLOBAL__sub_I__ZGR30G4ChipsNeutronElasticXSFactory_ (in /home/vnivanch/cwork/tests-build/Hadr01/Hadr01)
==643505==    by 0x4F676BA: __libc_start_main@@GLIBC_2.34 (in /usr/lib64/libc.so.6)
==643505==    by 0x59EEA4: (below main) (in /home/vnivanch/cwork/tests-build/Hadr01/Hadr01)
==643505== 
==643505== 22 bytes in 1 blocks are still reachable in loss record 24 of 168
==643505==    at 0x4844F95: operator new(unsigned long) (vg_replace_malloc.c:483)
==643505==    by 0xCC73BE: G4CrossSectionFactoryRegistry::Register(G4String const&, G4VBaseXSFactory*) (in /home/vnivanch/cwork/tests-build/Hadr01/Hadr01)
==643505==    by 0x576097: _GLOBAL__sub_I__ZGR30G4KokoulinMuonNuclearXSFactory_ (in /home/vnivanch/cwork/tests-build/Hadr01/Hadr01)
==643505==    by 0x4F676BA: __libc_start_main@@GLIBC_2.34 (in /usr/lib64/libc.so.6)
==643505==    by 0x59EEA4: (below main) (in /home/vnivanch/cwork/tests-build/Hadr01/Hadr01)
==643505== 
==643505== 23 bytes in 1 blocks are still reachable in loss record 25 of 168
==643505==    at 0x4844F95: operator new(unsigned long) (vg_replace_malloc.c:483)
==643505==    by 0x9DEE66: std::_Rb_tree_iterator<std::pair<G4String const, G4VBasePhysConstrFactory*> > std::_Rb_tree<G4String, std::pair<G4String const, G4VBasePhysConstrFactory*>, std::_Select1st<std::pair<G4String const, G4VBasePhysConstrFactory*> >, std::less<G4String>, std::allocator<std::pair<G4String const, G4VBasePhysConstrFactory*> > >::_M_emplace_hint_unique<std::piecewise_construct_t const&, std::tuple<G4String const&>, std::tuple<> >(std::_Rb_tree_const_iterator<std::pair<G4String const, G4VBasePhysConstrFactory*> >, std::piecewise_construct_t const&, std::tuple<G4String const&>&&, std::tuple<>&&) [clone .isra.0] (in /home/vnivanch/cwork/tests-build/Hadr01/Hadr01)
==643505==    by 0x9DF3E7: G4PhysicsConstructorRegistry::AddFactory(G4String, G4VBasePhysConstrFactory*) (in /home/vnivanch/cwork/tests-build/Hadr01/Hadr01)
==643505==    by 0x9E3466: G4PhysicsConstructorFactory<G4HadronElasticPhysics>::G4PhysicsConstructorFactory(G4String const&) (in /home/vnivanch/cwork/tests-build/Hadr01/Hadr01)
==643505==    by 0x53A639: _GLOBAL__sub_I__ZGR29G4HadronElasticPhysicsFactory_ (in /home/vnivanch/cwork/tests-build/Hadr01/Hadr01)
==643505==    by 0x4F676BA: __libc_start_main@@GLIBC_2.34 (in /usr/lib64/libc.so.6)
==643505==    by 0x59EEA4: (below main) (in /home/vnivanch/cwork/tests-build/Hadr01/Hadr01)
==643505== 
==643505== 23 bytes in 1 blocks are still reachable in loss record 26 of 168
==643505==    at 0x4844F95: operator new(unsigned long) (vg_replace_malloc.c:483)
==643505==    by 0x9DEE66: std::_Rb_tree_iterator<std::pair<G4String const, G4VBasePhysConstrFactory*> > std::_Rb_tree<G4String, std::pair<G4String const, G4VBasePhysConstrFactory*>, std::_Select1st<std::pair<G4String const, G4VBasePhysConstrFactory*> >, std::less<G4String>, std::allocator<std::pair<G4String const, G4VBasePhysConstrFactory*> > >::_M_emplace_hint_unique<std::piecewise_construct_t const&, std::tuple<G4String const&>, std::tuple<> >(std::_Rb_tree_const_iterator<std::pair<G4String const, G4VBasePhysConstrFactory*> >, std::piecewise_construct_t const&, std::tuple<G4String const&>&&, std::tuple<>&&) [clone .isra.0] (in /home/vnivanch/cwork/tests-build/Hadr01/Hadr01)
==643505==    by 0x9DF3E7: G4PhysicsConstructorRegistry::AddFactory(G4String, G4VBasePhysConstrFactory*) (in /home/vnivanch/cwork/tests-build/Hadr01/Hadr01)
==643505==    by 0x9E6AA6: G4PhysicsConstructorFactory<G4HadronPhysicsFTF_BIC>::G4PhysicsConstructorFactory(G4String const&) (in /home/vnivanch/cwork/tests-build/Hadr01/Hadr01)
==643505==    by 0x53B029: _GLOBAL__sub_I__ZGR29G4HadronPhysicsFTF_BICFactory_ (in /home/vnivanch/cwork/tests-build/Hadr01/Hadr01)
==643505==    by 0x4F676BA: __libc_start_main@@GLIBC_2.34 (in /usr/lib64/libc.so.6)
==643505==    by 0x59EEA4: (below main) (in /home/vnivanch/cwork/tests-build/Hadr01/Hadr01)
==643505== 
==643505== 23 bytes in 1 blocks are still reachable in loss record 27 of 168
==643505==    at 0x4844F95: operator new(unsigned long) (vg_replace_malloc.c:483)
==643505==    by 0x9DEE66: std::_Rb_tree_iterator<std::pair<G4String const, G4VBasePhysConstrFactory*> > std::_Rb_tree<G4String, std::pair<G4String const, G4VBasePhysConstrFactory*>, std::_Select1st<std::pair<G4String const, G4VBasePhysConstrFactory*> >, std::less<G4String>, std::allocator<std::pair<G4String const, G4VBasePhysConstrFactory*> > >::_M_emplace_hint_unique<std::piecewise_construct_t const&, std::tuple<G4String const&>, std::tuple<> >(std::_Rb_tree_const_iterator<std::pair<G4String const, G4VBasePhysConstrFactory*> >, std::piecewise_construct_t const&, std::tuple<G4String const&>&&, std::tuple<>&&) [clone .isra.0] (in /home/vnivanch/cwork/tests-build/Hadr01/Hadr01)
==643505==    by 0x9DF3E7: G4PhysicsConstructorRegistry::AddFactory(G4String, G4VBasePhysConstrFactory*) (in /home/vnivanch/cwork/tests-build/Hadr01/Hadr01)
==643505==    by 0x9E8576: G4PhysicsConstructorFactory<G4HadronPhysicsQGS_BIC>::G4PhysicsConstructorFactory(G4String const&) (in /home/vnivanch/cwork/tests-build/Hadr01/Hadr01)
==643505==    by 0x53B3E9: _GLOBAL__sub_I__ZGR29G4HadronPhysicsQGS_BICFactory_ (in /home/vnivanch/cwork/tests-build/Hadr01/Hadr01)
==643505==    by 0x4F676BA: __libc_start_main@@GLIBC_2.34 (in /usr/lib64/libc.so.6)
==643505==    by 0x59EEA4: (below main) (in /home/vnivanch/cwork/tests-build/Hadr01/Hadr01)
==643505== 
==643505== 23 bytes in 1 blocks are still reachable in loss record 28 of 168
==643505==    at 0x4844F95: operator new(unsigned long) (vg_replace_malloc.c:483)
==643505==    by 0x9DEE66: std::_Rb_tree_iterator<std::pair<G4String const, G4VBasePhysConstrFactory*> > std::_Rb_tree<G4String, std::pair<G4String const, G4VBasePhysConstrFactory*>, std::_Select1st<std::pair<G4String const, G4VBasePhysConstrFactory*> >, std::less<G4String>, std::allocator<std::pair<G4String const, G4VBasePhysConstrFactory*> > >::_M_emplace_hint_unique<std::piecewise_construct_t const&, std::tuple<G4String const&>, std::tuple<> >(std::_Rb_tree_const_iterator<std::pair<G4String const, G4VBasePhysConstrFactory*> >, std::piecewise_construct_t const&, std::tuple<G4String const&>&&, std::tuple<>&&) [clone .isra.0] (in /home/vnivanch/cwork/tests-build/Hadr01/Hadr01)
==643505==    by 0x9DF3E7: G4PhysicsConstructorRegistry::AddFactory(G4String, G4VBasePhysConstrFactory*) (in /home/vnivanch/cwork/tests-build/Hadr01/Hadr01)
==643505==    by 0xA1CCA6: G4PhysicsConstructorFactory<G4EmStandardPhysicsWVI>::G4PhysicsConstructorFactory(G4String const&) (in /home/vnivanch/cwork/tests-build/Hadr01/Hadr01)
==643505==    by 0x53FEA9: _GLOBAL__sub_I__ZGR29G4EmStandardPhysicsWVIFactory_ (in /home/vnivanch/cwork/tests-build/Hadr01/Hadr01)
==643505==    by 0x4F676BA: __libc_start_main@@GLIBC_2.34 (in /usr/lib64/libc.so.6)
==643505==    by 0x59EEA4: (below main) (in /home/vnivanch/cwork/tests-build/Hadr01/Hadr01)
==643505== 
==643505== 23 bytes in 1 blocks are still reachable in loss record 29 of 168
==643505==    at 0x4844F95: operator new(unsigned long) (vg_replace_malloc.c:483)
==643505==    by 0xCC73BE: G4CrossSectionFactoryRegistry::Register(G4String const&, G4VBaseXSFactory*) (in /home/vnivanch/cwork/tests-build/Hadr01/Hadr01)
==643505==    by 0x574335: _GLOBAL__sub_I__ZGR31G4ChipsKaonPlusElasticXSFactory_ (in /home/vnivanch/cwork/tests-build/Hadr01/Hadr01)
==643505==    by 0x4F676BA: __libc_start_main@@GLIBC_2.34 (in /usr/lib64/libc.so.6)
==643505==    by 0x59EEA4: (below main) (in /home/vnivanch/cwork/tests-build/Hadr01/Hadr01)
==643505== 
==643505== 23 bytes in 1 blocks are still reachable in loss record 30 of 168
==643505==    at 0x4844F95: operator new(unsigned long) (vg_replace_malloc.c:483)
==643505==    by 0xCC73BE: G4CrossSectionFactoryRegistry::Register(G4String const&, G4VBaseXSFactory*) (in /home/vnivanch/cwork/tests-build/Hadr01/Hadr01)
==643505==    by 0x57461C: _GLOBAL__sub_I__ZGR31G4ChipsKaonZeroElasticXSFactory_ (in /home/vnivanch/cwork/tests-build/Hadr01/Hadr01)
==643505==    by 0x4F676BA: __libc_start_main@@GLIBC_2.34 (in /usr/lib64/libc.so.6)
==643505==    by 0x59EEA4: (below main) (in /home/vnivanch/cwork/tests-build/Hadr01/Hadr01)
==643505== 
==643505== 23 bytes in 1 blocks are still reachable in loss record 31 of 168
==643505==    at 0x4844F95: operator new(unsigned long) (vg_replace_malloc.c:483)
==643505==    by 0xCC73BE: G4CrossSectionFactoryRegistry::Register(G4String const&, G4VBaseXSFactory*) (in /home/vnivanch/cwork/tests-build/Hadr01/Hadr01)
==643505==    by 0x574F7C: _GLOBAL__sub_I__ZGR31G4ChipsPionPlusElasticXSFactory_ (in /home/vnivanch/cwork/tests-build/Hadr01/Hadr01)
==643505==    by 0x4F676BA: __libc_start_main@@GLIBC_2.34 (in /usr/lib64/libc.so.6)
==643505==    by 0x59EEA4: (below main) (in /home/vnivanch/cwork/tests-build/Hadr01/Hadr01)
==643505== 
==643505== 23 bytes in 1 blocks are still reachable in loss record 32 of 168
==643505==    at 0x4844F95: operator new(unsigned long) (vg_replace_malloc.c:483)
==643505==    by 0xCC73BE: G4CrossSectionFactoryRegistry::Register(G4String const&, G4VBaseXSFactory*) (in /home/vnivanch/cwork/tests-build/Hadr01/Hadr01)
==643505==    by 0x575427: _GLOBAL__sub_I__ZGR31G4ChipsProtonInelasticXSFactory_ (in /home/vnivanch/cwork/tests-build/Hadr01/Hadr01)
==643505==    by 0x4F676BA: __libc_start_main@@GLIBC_2.34 (in /usr/lib64/libc.so.6)
==643505==    by 0x59EEA4: (below main) (in /home/vnivanch/cwork/tests-build/Hadr01/Hadr01)
==643505== 
==643505== 24 bytes in 1 blocks are still reachable in loss record 33 of 168
==643505==    at 0x4844F95: operator new(unsigned long) (vg_replace_malloc.c:483)
==643505==    by 0x9DEE66: std::_Rb_tree_iterator<std::pair<G4String const, G4VBasePhysConstrFactory*> > std::_Rb_tree<G4String, std::pair<G4String const, G4VBasePhysConstrFactory*>, std::_Select1st<std::pair<G4String const, G4VBasePhysConstrFactory*> >, std::less<G4String>, std::allocator<std::pair<G4String const, G4VBasePhysConstrFactory*> > >::_M_emplace_hint_unique<std::piecewise_construct_t const&, std::tuple<G4String const&>, std::tuple<> >(std::_Rb_tree_const_iterator<std::pair<G4String const, G4VBasePhysConstrFactory*> >, std::piecewise_construct_t const&, std::tuple<G4String const&>&&, std::tuple<>&&) [clone .isra.0] (in /home/vnivanch/cwork/tests-build/Hadr01/Hadr01)
==643505==    by 0x9DF3E7: G4PhysicsConstructorRegistry::AddFactory(G4String, G4VBasePhysConstrFactory*) (in /home/vnivanch/cwork/tests-build/Hadr01/Hadr01)
==643505==    by 0x9E4F66: G4PhysicsConstructorFactory<G4HadronHElasticPhysics>::G4PhysicsConstructorFactory(G4String const&) (in /home/vnivanch/cwork/tests-build/Hadr01/Hadr01)
==643505==    by 0x53AAE9: _GLOBAL__sub_I__ZGR30G4HadronHElasticPhysicsFactory_ (in /home/vnivanch/cwork/tests-build/Hadr01/Hadr01)
==643505==    by 0x4F676BA: __libc_start_main@@GLIBC_2.34 (in /usr/lib64/libc.so.6)
==643505==    by 0x59EEA4: (below main) (in /home/vnivanch/cwork/tests-build/Hadr01/Hadr01)
==643505== 
==643505== 24 bytes in 1 blocks are still reachable in loss record 34 of 168
==643505==    at 0x4844F95: operator new(unsigned long) (vg_replace_malloc.c:483)
==643505==    by 0x9DEE66: std::_Rb_tree_iterator<std::pair<G4String const, G4VBasePhysConstrFactory*> > std::_Rb_tree<G4String, std::pair<G4String const, G4VBasePhysConstrFactory*>, std::_Select1st<std::pair<G4String const, G4VBasePhysConstrFactory*> >, std::less<G4String>, std::allocator<std::pair<G4String const, G4VBasePhysConstrFactory*> > >::_M_emplace_hint_unique<std::piecewise_construct_t const&, std::tuple<G4String const&>, std::tuple<> >(std::_Rb_tree_const_iterator<std::pair<G4String const, G4VBasePhysConstrFactory*> >, std::piecewise_construct_t const&, std::tuple<G4String const&>&&, std::tuple<>&&) [clone .isra.0] (in /home/vnivanch/cwork/tests-build/Hadr01/Hadr01)
==643505==    by 0x9DF3E7: G4PhysicsConstructorRegistry::AddFactory(G4String, G4VBasePhysConstrFactory*) (in /home/vnivanch/cwork/tests-build/Hadr01/Hadr01)
==643505==    by 0x9EA4A6: G4PhysicsConstructorFactory<G4HadronPhysicsQGSP_BIC>::G4PhysicsConstructorFactory(G4String const&) (in /home/vnivanch/cwork/tests-build/Hadr01/Hadr01)
==643505==    by 0x53B899: _GLOBAL__sub_I__ZGR30G4HadronPhysicsQGSP_BICFactory_ (in /home/vnivanch/cwork/tests-build/Hadr01/Hadr01)
==643505==    by 0x4F676BA: __libc_start_main@@GLIBC_2.34 (in /usr/lib64/libc.so.6)
==643505==    by 0x59EEA4: (below main) (in /home/vnivanch/cwork/tests-build/Hadr01/Hadr01)
==643505== 
==643505== 24 bytes in 1 blocks are still reachable in loss record 35 of 168
==643505==    at 0x4844F95: operator new(unsigned long) (vg_replace_malloc.c:483)
==643505==    by 0x9DEE66: std::_Rb_tree_iterator<std::pair<G4String const, G4VBasePhysConstrFactory*> > std::_Rb_tree<G4String, std::pair<G4String const, G4VBasePhysConstrFactory*>, std::_Select1st<std::pair<G4String const, G4VBasePhysConstrFactory*> >, std::less<G4String>, std::allocator<std::pair<G4String const, G4VBasePhysConstrFactory*> > >::_M_emplace_hint_unique<std::piecewise_construct_t const&, std::tuple<G4String const&>, std::tuple<> >(std::_Rb_tree_const_iterator<std::pair<G4String const, G4VBasePhysConstrFactory*> >, std::piecewise_construct_t const&, std::tuple<G4String const&>&&, std::tuple<>&&) [clone .isra.0] (in /home/vnivanch/cwork/tests-build/Hadr01/Hadr01)
==643505==    by 0x9DF3E7: G4PhysicsConstructorRegistry::AddFactory(G4String, G4VBasePhysConstrFactory*) (in /home/vnivanch/cwork/tests-build/Hadr01/Hadr01)
==643505==    by 0x5404B9: _GLOBAL__sub_I__ZGR30G4ChargeExchangePhysicsFactory_ (in /home/vnivanch/cwork/tests-build/Hadr01/Hadr01)
==643505==    by 0x4F676BA: __libc_start_main@@GLIBC_2.34 (in /usr/lib64/libc.so.6)
==643505==    by 0x59EEA4: (below main) (in /home/vnivanch/cwork/tests-build/Hadr01/Hadr01)
==643505== 
==643505== 24 bytes in 1 blocks are still reachable in loss record 36 of 168
==643505==    at 0x4844F95: operator new(unsigned long) (vg_replace_malloc.c:483)
==643505==    by 0xCC73BE: G4CrossSectionFactoryRegistry::Register(G4String const&, G4VBaseXSFactory*) (in /home/vnivanch/cwork/tests-build/Hadr01/Hadr01)
==643505==    by 0x573F07: _GLOBAL__sub_I__ZGR32G4ChipsHyperonInelasticXSFactory_ (in /home/vnivanch/cwork/tests-build/Hadr01/Hadr01)
==643505==    by 0x4F676BA: __libc_start_main@@GLIBC_2.34 (in /usr/lib64/libc.so.6)
==643505==    by 0x59EEA4: (below main) (in /home/vnivanch/cwork/tests-build/Hadr01/Hadr01)
==643505== 
==643505== 24 bytes in 1 blocks are still reachable in loss record 37 of 168
==643505==    at 0x4844F95: operator new(unsigned long) (vg_replace_malloc.c:483)
==643505==    by 0xCC73BE: G4CrossSectionFactoryRegistry::Register(G4String const&, G4VBaseXSFactory*) (in /home/vnivanch/cwork/tests-build/Hadr01/Hadr01)
==643505==    by 0x574055: _GLOBAL__sub_I__ZGR32G4ChipsKaonMinusElasticXSFactory_ (in /home/vnivanch/cwork/tests-build/Hadr01/Hadr01)
==643505==    by 0x4F676BA: __libc_start_main@@GLIBC_2.34 (in /usr/lib64/libc.so.6)
==643505==    by 0x59EEA4: (below main) (in /home/vnivanch/cwork/tests-build/Hadr01/Hadr01)
==643505== 
==643505== 24 bytes in 1 blocks are still reachable in loss record 38 of 168
==643505==    at 0x4844F95: operator new(unsigned long) (vg_replace_malloc.c:483)
==643505==    by 0xCC73BE: G4CrossSectionFactoryRegistry::Register(G4String const&, G4VBaseXSFactory*) (in /home/vnivanch/cwork/tests-build/Hadr01/Hadr01)
==643505==    by 0x574AC7: _GLOBAL__sub_I__ZGR32G4ChipsNeutronInelasticXSFactory_ (in /home/vnivanch/cwork/tests-build/Hadr01/Hadr01)
==643505==    by 0x4F676BA: __libc_start_main@@GLIBC_2.34 (in /usr/lib64/libc.so.6)
==643505==    by 0x59EEA4: (below main) (in /home/vnivanch/cwork/tests-build/Hadr01/Hadr01)
==643505== 
==643505== 24 bytes in 1 blocks are still reachable in loss record 39 of 168
==643505==    at 0x4844F95: operator new(unsigned long) (vg_replace_malloc.c:483)
==643505==    by 0xCC73BE: G4CrossSectionFactoryRegistry::Register(G4String const&, G4VBaseXSFactory*) (in /home/vnivanch/cwork/tests-build/Hadr01/Hadr01)
==643505==    by 0x574C5C: _GLOBAL__sub_I__ZGR32G4ChipsPionMinusElasticXSFactory_ (in /home/vnivanch/cwork/tests-build/Hadr01/Hadr01)
==643505==    by 0x4F676BA: __libc_start_main@@GLIBC_2.34 (in /usr/lib64/libc.so.6)
==643505==    by 0x59EEA4: (below main) (in /home/vnivanch/cwork/tests-build/Hadr01/Hadr01)
==643505== 
==643505== 24 bytes in 1 blocks are still reachable in loss record 40 of 168
==643505==    at 0x4844F95: operator new(unsigned long) (vg_replace_malloc.c:483)
==643505==    by 0xB10E03: G4VRangeToEnergyConverter::FillEnergyVector(double, double) (in /home/vnivanch/cwork/tests-build/Hadr01/Hadr01)
==643505==    by 0xA67AE8: G4VUserPhysicsList::G4VUserPhysicsList() (in /home/vnivanch/cwork/tests-build/Hadr01/Hadr01)
==643505==    by 0x9F82AC: QBBC::QBBC(int, G4String const&) (in /home/vnivanch/cwork/tests-build/Hadr01/Hadr01)
==643505==    by 0x9EDC1B: G4PhysListFactory::GetReferencePhysList(G4String const&) (in /home/vnivanch/cwork/tests-build/Hadr01/Hadr01)
==643505==    by 0x59F210: main (in /home/vnivanch/cwork/tests-build/Hadr01/Hadr01)
==643505== 
==643505== 25 bytes in 1 blocks are still reachable in loss record 41 of 168
==643505==    at 0x4844F95: operator new(unsigned long) (vg_replace_malloc.c:483)
==643505==    by 0x9DEE66: std::_Rb_tree_iterator<std::pair<G4String const, G4VBasePhysConstrFactory*> > std::_Rb_tree<G4String, std::pair<G4String const, G4VBasePhysConstrFactory*>, std::_Select1st<std::pair<G4String const, G4VBasePhysConstrFactory*> >, std::less<G4String>, std::allocator<std::pair<G4String const, G4VBasePhysConstrFactory*> > >::_M_emplace_hint_unique<std::piecewise_construct_t const&, std::tuple<G4String const&>, std::tuple<> >(std::_Rb_tree_const_iterator<std::pair<G4String const, G4VBasePhysConstrFactory*> >, std::piecewise_construct_t const&, std::tuple<G4String const&>&&, std::tuple<>&&) [clone .isra.0] (in /home/vnivanch/cwork/tests-build/Hadr01/Hadr01)
==643505==    by 0x9DF3E7: G4PhysicsConstructorRegistry::AddFactory(G4String, G4VBasePhysConstrFactory*) (in /home/vnivanch/cwork/tests-build/Hadr01/Hadr01)
==643505==    by 0x9E3876: G4PhysicsConstructorFactory<G4HadronElasticPhysicsHP>::G4PhysicsConstructorFactory(G4String const&) (in /home/vnivanch/cwork/tests-build/Hadr01/Hadr01)
==643505==    by 0x53A7E3: _GLOBAL__sub_I__ZGR31G4HadronElasticPhysicsHPFactory_ (in /home/vnivanch/cwork/tests-build/Hadr01/Hadr01)
==643505==    by 0x4F676BA: __libc_start_main@@GLIBC_2.34 (in /usr/lib64/libc.so.6)
==643505==    by 0x59EEA4: (below main) (in /home/vnivanch/cwork/tests-build/Hadr01/Hadr01)
==643505== 
==643505== 25 bytes in 1 blocks are still reachable in loss record 42 of 168
==643505==    at 0x4844F95: operator new(unsigned long) (vg_replace_malloc.c:483)
==643505==    by 0x9DEE66: std::_Rb_tree_iterator<std::pair<G4String const, G4VBasePhysConstrFactory*> > std::_Rb_tree<G4String, std::pair<G4String const, G4VBasePhysConstrFactory*>, std::_Select1st<std::pair<G4String const, G4VBasePhysConstrFactory*> >, std::less<G4String>, std::allocator<std::pair<G4String const, G4VBasePhysConstrFactory*> > >::_M_emplace_hint_unique<std::piecewise_construct_t const&, std::tuple<G4String const&>, std::tuple<> >(std::_Rb_tree_const_iterator<std::pair<G4String const, G4VBasePhysConstrFactory*> >, std::piecewise_construct_t const&, std::tuple<G4String const&>&&, std::tuple<>&&) [clone .isra.0] (in /home/vnivanch/cwork/tests-build/Hadr01/Hadr01)
==643505==    by 0x9DF3E7: G4PhysicsConstructorRegistry::AddFactory(G4String, G4VBasePhysConstrFactory*) (in /home/vnivanch/cwork/tests-build/Hadr01/Hadr01)
==643505==    by 0x9E3BE6: G4PhysicsConstructorFactory<G4HadronElasticPhysicsXS>::G4PhysicsConstructorFactory(G4String const&) (in /home/vnivanch/cwork/tests-build/Hadr01/Hadr01)
==643505==    by 0x53A969: _GLOBAL__sub_I__ZGR31G4HadronElasticPhysicsXSFactory_ (in /home/vnivanch/cwork/tests-build/Hadr01/Hadr01)
==643505==    by 0x4F676BA: __libc_start_main@@GLIBC_2.34 (in /usr/lib64/libc.so.6)
==643505==    by 0x59EEA4: (below main) (in /home/vnivanch/cwork/tests-build/Hadr01/Hadr01)
==643505== 
==643505== 25 bytes in 1 blocks are still reachable in loss record 43 of 168
==643505==    at 0x4844F95: operator new(unsigned long) (vg_replace_malloc.c:483)
==643505==    by 0x9DEE66: std::_Rb_tree_iterator<std::pair<G4String const, G4VBasePhysConstrFactory*> > std::_Rb_tree<G4String, std::pair<G4String const, G4VBasePhysConstrFactory*>, std::_Select1st<std::pair<G4String const, G4VBasePhysConstrFactory*> >, std::less<G4String>, std::allocator<std::pair<G4String const, G4VBasePhysConstrFactory*> > >::_M_emplace_hint_unique<std::piecewise_construct_t const&, std::tuple<G4String const&>, std::tuple<> >(std::_Rb_tree_const_iterator<std::pair<G4String const, G4VBasePhysConstrFactory*> >, std::piecewise_construct_t const&, std::tuple<G4String const&>&&, std::tuple<>&&) [clone .isra.0] (in /home/vnivanch/cwork/tests-build/Hadr01/Hadr01)
==643505==    by 0x9DF3E7: G4PhysicsConstructorRegistry::AddFactory(G4String, G4VBasePhysConstrFactory*) (in /home/vnivanch/cwork/tests-build/Hadr01/Hadr01)
==643505==    by 0x9E79E6: G4PhysicsConstructorFactory<G4HadronPhysicsFTFP_BERT>::G4PhysicsConstructorFactory(G4String const&) (in /home/vnivanch/cwork/tests-build/Hadr01/Hadr01)
==643505==    by 0x53B1A9: _GLOBAL__sub_I__ZGR31G4HadronPhysicsFTFP_BERTFactory_ (in /home/vnivanch/cwork/tests-build/Hadr01/Hadr01)
==643505==    by 0x4F676BA: __libc_start_main@@GLIBC_2.34 (in /usr/lib64/libc.so.6)
==643505==    by 0x59EEA4: (below main) (in /home/vnivanch/cwork/tests-build/Hadr01/Hadr01)
==643505== 
==643505== 25 bytes in 1 blocks are still reachable in loss record 44 of 168
==643505==    at 0x4844F95: operator new(unsigned long) (vg_replace_malloc.c:483)
==643505==    by 0x9DEE66: std::_Rb_tree_iterator<std::pair<G4String const, G4VBasePhysConstrFactory*> > std::_Rb_tree<G4String, std::pair<G4String const, G4VBasePhysConstrFactory*>, std::_Select1st<std::pair<G4String const, G4VBasePhysConstrFactory*> >, std::less<G4String>, std::allocator<std::pair<G4String const, G4VBasePhysConstrFactory*> > >::_M_emplace_hint_unique<std::piecewise_construct_t const&, std::tuple<G4String const&>, std::tuple<> >(std::_Rb_tree_const_iterator<std::pair<G4String const, G4VBasePhysConstrFactory*> >, std::piecewise_construct_t const&, std::tuple<G4String const&>&&, std::tuple<>&&) [clone .isra.0] (in /home/vnivanch/cwork/tests-build/Hadr01/Hadr01)
==643505==    by 0x9DF3E7: G4PhysicsConstructorRegistry::AddFactory(G4String, G4VBasePhysConstrFactory*) (in /home/vnivanch/cwork/tests-build/Hadr01/Hadr01)
==643505==    by 0x9E9376: G4PhysicsConstructorFactory<G4HadronPhysicsQGSP_BERT>::G4PhysicsConstructorFactory(G4String const&) (in /home/vnivanch/cwork/tests-build/Hadr01/Hadr01)
==643505==    by 0x53B569: _GLOBAL__sub_I__ZGR31G4HadronPhysicsQGSP_BERTFactory_ (in /home/vnivanch/cwork/tests-build/Hadr01/Hadr01)
==643505==    by 0x4F676BA: __libc_start_main@@GLIBC_2.34 (in /usr/lib64/libc.so.6)
==643505==    by 0x59EEA4: (below main) (in /home/vnivanch/cwork/tests-build/Hadr01/Hadr01)
==643505== 
==643505== 25 bytes in 1 blocks are still reachable in loss record 45 of 168
==643505==    at 0x4844F95: operator new(unsigned long) (vg_replace_malloc.c:483)
==643505==    by 0x9DEE66: std::_Rb_tree_iterator<std::pair<G4String const, G4VBasePhysConstrFactory*> > std::_Rb_tree<G4String, std::pair<G4String const, G4VBasePhysConstrFactory*>, std::_Select1st<std::pair<G4String const, G4VBasePhysConstrFactory*> >, std::less<G4String>, std::allocator<std::pair<G4String const, G4VBasePhysConstrFactory*> > >::_M_emplace_hint_unique<std::piecewise_construct_t const&, std::tuple<G4String const&>, std::tuple<> >(std::_Rb_tree_const_iterator<std::pair<G4String const, G4VBasePhysConstrFactory*> >, std::piecewise_construct_t const&, std::tuple<G4String const&>&&, std::tuple<>&&) [clone .isra.0] (in /home/vnivanch/cwork/tests-build/Hadr01/Hadr01)
==643505==    by 0x9DF3E7: G4PhysicsConstructorRegistry::AddFactory(G4String, G4VBasePhysConstrFactory*) (in /home/vnivanch/cwork/tests-build/Hadr01/Hadr01)
==643505==    by 0xA21886: G4PhysicsConstructorFactory<G4HadronElasticPhysicsVI>::G4PhysicsConstructorFactory(G4String const&) (in /home/vnivanch/cwork/tests-build/Hadr01/Hadr01)
==643505==    by 0x540C33: _GLOBAL__sub_I__ZGR31G4HadronElasticPhysicsVIFactory_ (in /home/vnivanch/cwork/tests-build/Hadr01/Hadr01)
==643505==    by 0x4F676BA: __libc_start_main@@GLIBC_2.34 (in /usr/lib64/libc.so.6)
==643505==    by 0x59EEA4: (below main) (in /home/vnivanch/cwork/tests-build/Hadr01/Hadr01)
==643505== 
==643505== 25 bytes in 1 blocks are still reachable in loss record 46 of 168
==643505==    at 0x4844F95: operator new(unsigned long) (vg_replace_malloc.c:483)
==643505==    by 0x9DEE66: std::_Rb_tree_iterator<std::pair<G4String const, G4VBasePhysConstrFactory*> > std::_Rb_tree<G4String, std::pair<G4String const, G4VBasePhysConstrFactory*>, std::_Select1st<std::pair<G4String const, G4VBasePhysConstrFactory*> >, std::less<G4String>, std::allocator<std::pair<G4String const, G4VBasePhysConstrFactory*> > >::_M_emplace_hint_unique<std::piecewise_construct_t const&, std::tuple<G4String const&>, std::tuple<> >(std::_Rb_tree_const_iterator<std::pair<G4String const, G4VBasePhysConstrFactory*> >, std::piecewise_construct_t const&, std::tuple<G4String const&>&&, std::tuple<>&&) [clone .isra.0] (in /home/vnivanch/cwork/tests-build/Hadr01/Hadr01)
==643505==    by 0x9DF3E7: G4PhysicsConstructorRegistry::AddFactory(G4String, G4VBasePhysConstrFactory*) (in /home/vnivanch/cwork/tests-build/Hadr01/Hadr01)
==643505==    by 0xA234A6: G4PhysicsConstructorFactory<G4HadronPhysicsShielding>::G4PhysicsConstructorFactory(G4String const&) (in /home/vnivanch/cwork/tests-build/Hadr01/Hadr01)
==643505==    by 0x541293: _GLOBAL__sub_I__ZGR31G4HadronPhysicsShieldingFactory_ (in /home/vnivanch/cwork/tests-build/Hadr01/Hadr01)
==643505==    by 0x4F676BA: __libc_start_main@@GLIBC_2.34 (in /usr/lib64/libc.so.6)
==643505==    by 0x59EEA4: (below main) (in /home/vnivanch/cwork/tests-build/Hadr01/Hadr01)
==643505== 
==643505== 25 bytes in 1 blocks are still reachable in loss record 47 of 168
==643505==    at 0x4844F95: operator new(unsigned long) (vg_replace_malloc.c:483)
==643505==    by 0xCC73BE: G4CrossSectionFactoryRegistry::Register(G4String const&, G4VBaseXSFactory*) (in /home/vnivanch/cwork/tests-build/Hadr01/Hadr01)
==643505==    by 0x573A5C: _GLOBAL__sub_I__ZGR33G4ChipsAntiBaryonElasticXSFactory_ (in /home/vnivanch/cwork/tests-build/Hadr01/Hadr01)
==643505==    by 0x4F676BA: __libc_start_main@@GLIBC_2.34 (in /usr/lib64/libc.so.6)
==643505==    by 0x59EEA4: (below main) (in /home/vnivanch/cwork/tests-build/Hadr01/Hadr01)
==643505== 
==643505== 25 bytes in 1 blocks are still reachable in loss record 48 of 168
==643505==    at 0x4844F95: operator new(unsigned long) (vg_replace_malloc.c:483)
==643505==    by 0xCC73BE: G4CrossSectionFactoryRegistry::Register(G4String const&, G4VBaseXSFactory*) (in /home/vnivanch/cwork/tests-build/Hadr01/Hadr01)
==643505==    by 0x574480: _GLOBAL__sub_I__ZGR33G4ChipsKaonPlusInelasticXSFactory_ (in /home/vnivanch/cwork/tests-build/Hadr01/Hadr01)
==643505==    by 0x4F676BA: __libc_start_main@@GLIBC_2.34 (in /usr/lib64/libc.so.6)
==643505==    by 0x59EEA4: (below main) (in /home/vnivanch/cwork/tests-build/Hadr01/Hadr01)
==643505== 
==643505== 25 bytes in 1 blocks are still reachable in loss record 49 of 168
==643505==    at 0x4844F95: operator new(unsigned long) (vg_replace_malloc.c:483)
==643505==    by 0xCC73BE: G4CrossSectionFactoryRegistry::Register(G4String const&, G4VBaseXSFactory*) (in /home/vnivanch/cwork/tests-build/Hadr01/Hadr01)
==643505==    by 0x5747A7: _GLOBAL__sub_I__ZGR33G4ChipsKaonZeroInelasticXSFactory_ (in /home/vnivanch/cwork/tests-build/Hadr01/Hadr01)
==643505==    by 0x4F676BA: __libc_start_main@@GLIBC_2.34 (in /usr/lib64/libc.so.6)
==643505==    by 0x59EEA4: (below main) (in /home/vnivanch/cwork/tests-build/Hadr01/Hadr01)
==643505== 
==643505== 25 bytes in 1 blocks are still reachable in loss record 50 of 168
==643505==    at 0x4844F95: operator new(unsigned long) (vg_replace_malloc.c:483)
==643505==    by 0xCC73BE: G4CrossSectionFactoryRegistry::Register(G4String const&, G4VBaseXSFactory*) (in /home/vnivanch/cwork/tests-build/Hadr01/Hadr01)
==643505==    by 0x575107: _GLOBAL__sub_I__ZGR33G4ChipsPionPlusInelasticXSFactory_ (in /home/vnivanch/cwork/tests-build/Hadr01/Hadr01)
==643505==    by 0x4F676BA: __libc_start_main@@GLIBC_2.34 (in /usr/lib64/libc.so.6)
==643505==    by 0x59EEA4: (below main) (in /home/vnivanch/cwork/tests-build/Hadr01/Hadr01)
==643505== 
==643505== 25 bytes in 1 blocks are still reachable in loss record 51 of 168
==643505==    at 0x4844F95: operator new(unsigned long) (vg_replace_malloc.c:483)
==643505==    by 0xA59970: void G4EnvSettings::insert<int>(std::__cxx11::basic_string<char, std::char_traits<char>, std::allocator<char> > const&, int) (in /home/vnivanch/cwork/tests-build/Hadr01/Hadr01)
==643505==    by 0xA5A4C3: int G4GetEnv<int>(std::__cxx11::basic_string<char, std::char_traits<char>, std::allocator<char> > const&, int) (in /home/vnivanch/cwork/tests-build/Hadr01/Hadr01)
==643505==    by 0xF3CDCA: G4HadronicParameters::G4HadronicParameters() (in /home/vnivanch/cwork/tests-build/Hadr01/Hadr01)
==643505==    by 0xF3D637: G4HadronicParameters::Instance() (in /home/vnivanch/cwork/tests-build/Hadr01/Hadr01)
==643505==    by 0x9FE9B2: G4PhysListUtil::InitialiseParameters() (in /home/vnivanch/cwork/tests-build/Hadr01/Hadr01)
==643505==    by 0x9CD29E: G4DecayPhysics::G4DecayPhysics(int) (in /home/vnivanch/cwork/tests-build/Hadr01/Hadr01)
==643505==    by 0x9F83C0: QBBC::QBBC(int, G4String const&) (in /home/vnivanch/cwork/tests-build/Hadr01/Hadr01)
==643505==    by 0x9EDC1B: G4PhysListFactory::GetReferencePhysList(G4String const&) (in /home/vnivanch/cwork/tests-build/Hadr01/Hadr01)
==643505==    by 0x59F210: main (in /home/vnivanch/cwork/tests-build/Hadr01/Hadr01)
==643505== 
==643505== 26 bytes in 1 blocks are still reachable in loss record 52 of 168
==643505==    at 0x4844F95: operator new(unsigned long) (vg_replace_malloc.c:483)
==643505==    by 0x9DEE66: std::_Rb_tree_iterator<std::pair<G4String const, G4VBasePhysConstrFactory*> > std::_Rb_tree<G4String, std::pair<G4String const, G4VBasePhysConstrFactory*>, std::_Select1st<std::pair<G4String const, G4VBasePhysConstrFactory*> >, std::less<G4String>, std::allocator<std::pair<G4String const, G4VBasePhysConstrFactory*> > >::_M_emplace_hint_unique<std::piecewise_construct_t const&, std::tuple<G4String const&>, std::tuple<> >(std::_Rb_tree_const_iterator<std::pair<G4String const, G4VBasePhysConstrFactory*> >, std::piecewise_construct_t const&, std::tuple<G4String const&>&&, std::tuple<>&&) [clone .isra.0] (in /home/vnivanch/cwork/tests-build/Hadr01/Hadr01)
==643505==    by 0x9DF3E7: G4PhysicsConstructorRegistry::AddFactory(G4String, G4VBasePhysConstrFactory*) (in /home/vnivanch/cwork/tests-build/Hadr01/Hadr01)
==643505==    by 0x9CD836: G4PhysicsConstructorFactory<G4RadioactiveDecayPhysics>::G4PhysicsConstructorFactory(G4String const&) (in /home/vnivanch/cwork/tests-build/Hadr01/Hadr01)
==643505==    by 0x5396ED: _GLOBAL__sub_I__ZGR32G4RadioactiveDecayPhysicsFactory_ (in /home/vnivanch/cwork/tests-build/Hadr01/Hadr01)
==643505==    by 0x4F676BA: __libc_start_main@@GLIBC_2.34 (in /usr/lib64/libc.so.6)
==643505==    by 0x59EEA4: (below main) (in /home/vnivanch/cwork/tests-build/Hadr01/Hadr01)
==643505== 
==643505== 26 bytes in 1 blocks are still reachable in loss record 53 of 168
==643505==    at 0x4844F95: operator new(unsigned long) (vg_replace_malloc.c:483)
==643505==    by 0x9DEE66: std::_Rb_tree_iterator<std::pair<G4String const, G4VBasePhysConstrFactory*> > std::_Rb_tree<G4String, std::pair<G4String const, G4VBasePhysConstrFactory*>, std::_Select1st<std::pair<G4String const, G4VBasePhysConstrFactory*> >, std::less<G4String>, std::allocator<std::pair<G4String const, G4VBasePhysConstrFactory*> > >::_M_emplace_hint_unique<std::piecewise_construct_t const&, std::tuple<G4String const&>, std::tuple<> >(std::_Rb_tree_const_iterator<std::pair<G4String const, G4VBasePhysConstrFactory*> >, std::piecewise_construct_t const&, std::tuple<G4String const&>&&, std::tuple<>&&) [clone .isra.0] (in /home/vnivanch/cwork/tests-build/Hadr01/Hadr01)
==643505==    by 0x9DF3E7: G4PhysicsConstructorRegistry::AddFactory(G4String, G4VBasePhysConstrFactory*) (in /home/vnivanch/cwork/tests-build/Hadr01/Hadr01)
==643505==    by 0xA20796: G4PhysicsConstructorFactory<G4HadronElasticPhysicsHPT>::G4PhysicsConstructorFactory(G4String const&) (in /home/vnivanch/cwork/tests-build/Hadr01/Hadr01)
==643505==    by 0x540697: _GLOBAL__sub_I__ZGR32G4HadronElasticPhysicsHPTFactory_ (in /home/vnivanch/cwork/tests-build/Hadr01/Hadr01)
==643505==    by 0x4F676BA: __libc_start_main@@GLIBC_2.34 (in /usr/lib64/libc.so.6)
==643505==    by 0x59EEA4: (below main) (in /home/vnivanch/cwork/tests-build/Hadr01/Hadr01)
==643505== 
==643505== 26 bytes in 1 blocks are still reachable in loss record 54 of 168
==643505==    at 0x4844F95: operator new(unsigned long) (vg_replace_malloc.c:483)
==643505==    by 0x9DEE66: std::_Rb_tree_iterator<std::pair<G4String const, G4VBasePhysConstrFactory*> > std::_Rb_tree<G4String, std::pair<G4String const, G4VBasePhysConstrFactory*>, std::_Select1st<std::pair<G4String const, G4VBasePhysConstrFactory*> >, std::less<G4String>, std::allocator<std::pair<G4String const, G4VBasePhysConstrFactory*> > >::_M_emplace_hint_unique<std::piecewise_construct_t const&, std::tuple<G4String const&>, std::tuple<> >(std::_Rb_tree_const_iterator<std::pair<G4String const, G4VBasePhysConstrFactory*> >, std::piecewise_construct_t const&, std::tuple<G4String const&>&&, std::tuple<>&&) [clone .isra.0] (in /home/vnivanch/cwork/tests-build/Hadr01/Hadr01)
==643505==    by 0x9DF3E7: G4PhysicsConstructorRegistry::AddFactory(G4String, G4VBasePhysConstrFactory*) (in /home/vnivanch/cwork/tests-build/Hadr01/Hadr01)
==643505==    by 0xA213B6: G4PhysicsConstructorFactory<G4HadronElasticPhysicsPHP>::G4PhysicsConstructorFactory(G4String const&) (in /home/vnivanch/cwork/tests-build/Hadr01/Hadr01)
==643505==    by 0x540A81: _GLOBAL__sub_I__ZGR32G4HadronElasticPhysicsPHPFactory_ (in /home/vnivanch/cwork/tests-build/Hadr01/Hadr01)
==643505==    by 0x4F676BA: __libc_start_main@@GLIBC_2.34 (in /usr/lib64/libc.so.6)
==643505==    by 0x59EEA4: (below main) (in /home/vnivanch/cwork/tests-build/Hadr01/Hadr01)
==643505== 
==643505== 26 bytes in 1 blocks are still reachable in loss record 55 of 168
==643505==    at 0x4844F95: operator new(unsigned long) (vg_replace_malloc.c:483)
==643505==    by 0xCC73BE: G4CrossSectionFactoryRegistry::Register(G4String const&, G4VBaseXSFactory*) (in /home/vnivanch/cwork/tests-build/Hadr01/Hadr01)
==643505==    by 0x5741E5: _GLOBAL__sub_I__ZGR34G4ChipsKaonMinusInelasticXSFactory_ (in /home/vnivanch/cwork/tests-build/Hadr01/Hadr01)
==643505==    by 0x4F676BA: __libc_start_main@@GLIBC_2.34 (in /usr/lib64/libc.so.6)
==643505==    by 0x59EEA4: (below main) (in /home/vnivanch/cwork/tests-build/Hadr01/Hadr01)
==643505== 
==643505== 26 bytes in 1 blocks are still reachable in loss record 56 of 168
==643505==    at 0x4844F95: operator new(unsigned long) (vg_replace_malloc.c:483)
==643505==    by 0xCC73BE: G4CrossSectionFactoryRegistry::Register(G4String const&, G4VBaseXSFactory*) (in /home/vnivanch/cwork/tests-build/Hadr01/Hadr01)
==643505==    by 0x574DE5: _GLOBAL__sub_I__ZGR34G4ChipsPionMinusInelasticXSFactory_ (in /home/vnivanch/cwork/tests-build/Hadr01/Hadr01)
==643505==    by 0x4F676BA: __libc_start_main@@GLIBC_2.34 (in /usr/lib64/libc.so.6)
==643505==    by 0x59EEA4: (below main) (in /home/vnivanch/cwork/tests-build/Hadr01/Hadr01)
==643505== 
==643505== 27 bytes in 1 blocks are still reachable in loss record 57 of 168
==643505==    at 0x4844F95: operator new(unsigned long) (vg_replace_malloc.c:483)
==643505==    by 0x9DEE66: std::_Rb_tree_iterator<std::pair<G4String const, G4VBasePhysConstrFactory*> > std::_Rb_tree<G4String, std::pair<G4String const, G4VBasePhysConstrFactory*>, std::_Select1st<std::pair<G4String const, G4VBasePhysConstrFactory*> >, std::less<G4String>, std::allocator<std::pair<G4String const, G4VBasePhysConstrFactory*> > >::_M_emplace_hint_unique<std::piecewise_construct_t const&, std::tuple<G4String const&>, std::tuple<> >(std::_Rb_tree_const_iterator<std::pair<G4String const, G4VBasePhysConstrFactory*> >, std::piecewise_construct_t const&, std::tuple<G4String const&>&&, std::tuple<>&&) [clone .isra.0] (in /home/vnivanch/cwork/tests-build/Hadr01/Hadr01)
==643505==    by 0x9DF3E7: G4PhysicsConstructorRegistry::AddFactory(G4String, G4VBasePhysConstrFactory*) (in /home/vnivanch/cwork/tests-build/Hadr01/Hadr01)
==643505==    by 0x9EA9E6: G4PhysicsConstructorFactory<G4HadronPhysicsQGSP_BIC_HP>::G4PhysicsConstructorFactory(G4String const&) (in /home/vnivanch/cwork/tests-build/Hadr01/Hadr01)
==643505==    by 0x53BA41: _GLOBAL__sub_I__ZGR33G4HadronPhysicsQGSP_BIC_HPFactory_ (in /home/vnivanch/cwork/tests-build/Hadr01/Hadr01)
==643505==    by 0x4F676BA: __libc_start_main@@GLIBC_2.34 (in /usr/lib64/libc.so.6)
==643505==    by 0x59EEA4: (below main) (in /home/vnivanch/cwork/tests-build/Hadr01/Hadr01)
==643505== 
==643505== 27 bytes in 1 blocks are still reachable in loss record 58 of 168
==643505==    at 0x4844F95: operator new(unsigned long) (vg_replace_malloc.c:483)
==643505==    by 0x9DEE66: std::_Rb_tree_iterator<std::pair<G4String const, G4VBasePhysConstrFactory*> > std::_Rb_tree<G4String, std::pair<G4String const, G4VBasePhysConstrFactory*>, std::_Select1st<std::pair<G4String const, G4VBasePhysConstrFactory*> >, std::less<G4String>, std::allocator<std::pair<G4String const, G4VBasePhysConstrFactory*> > >::_M_emplace_hint_unique<std::piecewise_construct_t const&, std::tuple<G4String const&>, std::tuple<> >(std::_Rb_tree_const_iterator<std::pair<G4String const, G4VBasePhysConstrFactory*> >, std::piecewise_construct_t const&, std::tuple<G4String const&>&&, std::tuple<>&&) [clone .isra.0] (in /home/vnivanch/cwork/tests-build/Hadr01/Hadr01)
==643505==    by 0x9DF3E7: G4PhysicsConstructorRegistry::AddFactory(G4String, G4VBasePhysConstrFactory*) (in /home/vnivanch/cwork/tests-build/Hadr01/Hadr01)
==643505==    by 0x540877: _GLOBAL__sub_I__ZGR33G4HadronElasticPhysicsLENDFactory_ (in /home/vnivanch/cwork/tests-build/Hadr01/Hadr01)
==643505==    by 0x4F676BA: __libc_start_main@@GLIBC_2.34 (in /usr/lib64/libc.so.6)
==643505==    by 0x59EEA4: (below main) (in /home/vnivanch/cwork/tests-build/Hadr01/Hadr01)
==643505== 
==643505== 27 bytes in 1 blocks are still reachable in loss record 59 of 168
==643505==    at 0x4844F95: operator new(unsigned long) (vg_replace_malloc.c:483)
==643505==    by 0xCC73BE: G4CrossSectionFactoryRegistry::Register(G4String const&, G4VBaseXSFactory*) (in /home/vnivanch/cwork/tests-build/Hadr01/Hadr01)
==643505==    by 0x573BE5: _GLOBAL__sub_I__ZGR35G4ChipsAntiBaryonInelasticXSFactory_ (in /home/vnivanch/cwork/tests-build/Hadr01/Hadr01)
==643505==    by 0x4F676BA: __libc_start_main@@GLIBC_2.34 (in /usr/lib64/libc.so.6)
==643505==    by 0x59EEA4: (below main) (in /home/vnivanch/cwork/tests-build/Hadr01/Hadr01)
==643505== 
==643505== 28 bytes in 1 blocks are still reachable in loss record 60 of 168
==643505==    at 0x4844F95: operator new(unsigned long) (vg_replace_malloc.c:483)
==643505==    by 0x9DEE66: std::_Rb_tree_iterator<std::pair<G4String const, G4VBasePhysConstrFactory*> > std::_Rb_tree<G4String, std::pair<G4String const, G4VBasePhysConstrFactory*>, std::_Select1st<std::pair<G4String const, G4VBasePhysConstrFactory*> >, std::less<G4String>, std::allocator<std::pair<G4String const, G4VBasePhysConstrFactory*> > >::_M_emplace_hint_unique<std::piecewise_construct_t const&, std::tuple<G4String const&>, std::tuple<> >(std::_Rb_tree_const_iterator<std::pair<G4String const, G4VBasePhysConstrFactory*> >, std::piecewise_construct_t const&, std::tuple<G4String const&>&&, std::tuple<>&&) [clone .isra.0] (in /home/vnivanch/cwork/tests-build/Hadr01/Hadr01)
==643505==    by 0x9DF3E7: G4PhysicsConstructorRegistry::AddFactory(G4String, G4VBasePhysConstrFactory*) (in /home/vnivanch/cwork/tests-build/Hadr01/Hadr01)
==643505==    by 0x9D0416: G4PhysicsConstructorFactory<G4EmStandardPhysics_option1>::G4PhysicsConstructorFactory(G4String const&) (in /home/vnivanch/cwork/tests-build/Hadr01/Hadr01)
==643505==    by 0x539B67: _GLOBAL__sub_I__ZGR34G4EmStandardPhysics_option1Factory_ (in /home/vnivanch/cwork/tests-build/Hadr01/Hadr01)
==643505==    by 0x4F676BA: __libc_start_main@@GLIBC_2.34 (in /usr/lib64/libc.so.6)
==643505==    by 0x59EEA4: (below main) (in /home/vnivanch/cwork/tests-build/Hadr01/Hadr01)
==643505== 
==643505== 28 bytes in 1 blocks are still reachable in loss record 61 of 168
==643505==    at 0x4844F95: operator new(unsigned long) (vg_replace_malloc.c:483)
==643505==    by 0x9DEE66: std::_Rb_tree_iterator<std::pair<G4String const, G4VBasePhysConstrFactory*> > std::_Rb_tree<G4String, std::pair<G4String const, G4VBasePhysConstrFactory*>, std::_Select1st<std::pair<G4String const, G4VBasePhysConstrFactory*> >, std::less<G4String>, std::allocator<std::pair<G4String const, G4VBasePhysConstrFactory*> > >::_M_emplace_hint_unique<std::piecewise_construct_t const&, std::tuple<G4String const&>, std::tuple<> >(std::_Rb_tree_const_iterator<std::pair<G4String const, G4VBasePhysConstrFactory*> >, std::piecewise_construct_t const&, std::tuple<G4String const&>&&, std::tuple<>&&) [clone .isra.0] (in /home/vnivanch/cwork/tests-build/Hadr01/Hadr01)
==643505==    by 0x9DF3E7: G4PhysicsConstructorRegistry::AddFactory(G4String, G4VBasePhysConstrFactory*) (in /home/vnivanch/cwork/tests-build/Hadr01/Hadr01)
==643505==    by 0x9D11E6: G4PhysicsConstructorFactory<G4EmStandardPhysics_option2>::G4PhysicsConstructorFactory(G4String const&) (in /home/vnivanch/cwork/tests-build/Hadr01/Hadr01)
==643505==    by 0x539CE7: _GLOBAL__sub_I__ZGR34G4EmStandardPhysics_option2Factory_ (in /home/vnivanch/cwork/tests-build/Hadr01/Hadr01)
==643505==    by 0x4F676BA: __libc_start_main@@GLIBC_2.34 (in /usr/lib64/libc.so.6)
==643505==    by 0x59EEA4: (below main) (in /home/vnivanch/cwork/tests-build/Hadr01/Hadr01)
==643505== 
==643505== 28 bytes in 1 blocks are still reachable in loss record 62 of 168
==643505==    at 0x4844F95: operator new(unsigned long) (vg_replace_malloc.c:483)
==643505==    by 0x9DEE66: std::_Rb_tree_iterator<std::pair<G4String const, G4VBasePhysConstrFactory*> > std::_Rb_tree<G4String, std::pair<G4String const, G4VBasePhysConstrFactory*>, std::_Select1st<std::pair<G4String const, G4VBasePhysConstrFactory*> >, std::less<G4String>, std::allocator<std::pair<G4String const, G4VBasePhysConstrFactory*> > >::_M_emplace_hint_unique<std::piecewise_construct_t const&, std::tuple<G4String const&>, std::tuple<> >(std::_Rb_tree_const_iterator<std::pair<G4String const, G4VBasePhysConstrFactory*> >, std::piecewise_construct_t const&, std::tuple<G4String const&>&&, std::tuple<>&&) [clone .isra.0] (in /home/vnivanch/cwork/tests-build/Hadr01/Hadr01)
==643505==    by 0x9DF3E7: G4PhysicsConstructorRegistry::AddFactory(G4String, G4VBasePhysConstrFactory*) (in /home/vnivanch/cwork/tests-build/Hadr01/Hadr01)
==643505==    by 0x9D2696: G4PhysicsConstructorFactory<G4EmStandardPhysics_option3>::G4PhysicsConstructorFactory(G4String const&) (in /home/vnivanch/cwork/tests-build/Hadr01/Hadr01)
==643505==    by 0x539E67: _GLOBAL__sub_I__ZGR34G4EmStandardPhysics_option3Factory_ (in /home/vnivanch/cwork/tests-build/Hadr01/Hadr01)
==643505==    by 0x4F676BA: __libc_start_main@@GLIBC_2.34 (in /usr/lib64/libc.so.6)
==643505==    by 0x59EEA4: (below main) (in /home/vnivanch/cwork/tests-build/Hadr01/Hadr01)
==643505== 
==643505== 28 bytes in 1 blocks are still reachable in loss record 63 of 168
==643505==    at 0x4844F95: operator new(unsigned long) (vg_replace_malloc.c:483)
==643505==    by 0x9DEE66: std::_Rb_tree_iterator<std::pair<G4String const, G4VBasePhysConstrFactory*> > std::_Rb_tree<G4String, std::pair<G4String const, G4VBasePhysConstrFactory*>, std::_Select1st<std::pair<G4String const, G4VBasePhysConstrFactory*> >, std::less<G4String>, std::allocator<std::pair<G4String const, G4VBasePhysConstrFactory*> > >::_M_emplace_hint_unique<std::piecewise_construct_t const&, std::tuple<G4String const&>, std::tuple<> >(std::_Rb_tree_const_iterator<std::pair<G4String const, G4VBasePhysConstrFactory*> >, std::piecewise_construct_t const&, std::tuple<G4String const&>&&, std::tuple<>&&) [clone .isra.0] (in /home/vnivanch/cwork/tests-build/Hadr01/Hadr01)
==643505==    by 0x9DF3E7: G4PhysicsConstructorRegistry::AddFactory(G4String, G4VBasePhysConstrFactory*) (in /home/vnivanch/cwork/tests-build/Hadr01/Hadr01)
==643505==    by 0x9D3F96: G4PhysicsConstructorFactory<G4EmStandardPhysics_option4>::G4PhysicsConstructorFactory(G4String const&) (in /home/vnivanch/cwork/tests-build/Hadr01/Hadr01)
==643505==    by 0x539FE7: _GLOBAL__sub_I__ZGR34G4EmStandardPhysics_option4Factory_ (in /home/vnivanch/cwork/tests-build/Hadr01/Hadr01)
==643505==    by 0x4F676BA: __libc_start_main@@GLIBC_2.34 (in /usr/lib64/libc.so.6)
==643505==    by 0x59EEA4: (below main) (in /home/vnivanch/cwork/tests-build/Hadr01/Hadr01)
==643505== 
==643505== 28 bytes in 1 blocks are still reachable in loss record 64 of 168
==643505==    at 0x4844F95: operator new(unsigned long) (vg_replace_malloc.c:483)
==643505==    by 0x9DEE66: std::_Rb_tree_iterator<std::pair<G4String const, G4VBasePhysConstrFactory*> > std::_Rb_tree<G4String, std::pair<G4String const, G4VBasePhysConstrFactory*>, std::_Select1st<std::pair<G4String const, G4VBasePhysConstrFactory*> >, std::less<G4String>, std::allocator<std::pair<G4String const, G4VBasePhysConstrFactory*> > >::_M_emplace_hint_unique<std::piecewise_construct_t const&, std::tuple<G4String const&>, std::tuple<> >(std::_Rb_tree_const_iterator<std::pair<G4String const, G4VBasePhysConstrFactory*> >, std::piecewise_construct_t const&, std::tuple<G4String const&>&&, std::tuple<>&&) [clone .isra.0] (in /home/vnivanch/cwork/tests-build/Hadr01/Hadr01)
==643505==    by 0x9DF3E7: G4PhysicsConstructorRegistry::AddFactory(G4String, G4VBasePhysConstrFactory*) (in /home/vnivanch/cwork/tests-build/Hadr01/Hadr01)
==643505==    by 0x9E9A66: G4PhysicsConstructorFactory<G4HadronPhysicsQGSP_BERT_HP>::G4PhysicsConstructorFactory(G4String const&) (in /home/vnivanch/cwork/tests-build/Hadr01/Hadr01)
==643505==    by 0x53B711: _GLOBAL__sub_I__ZGR34G4HadronPhysicsQGSP_BERT_HPFactory_ (in /home/vnivanch/cwork/tests-build/Hadr01/Hadr01)
==643505==    by 0x4F676BA: __libc_start_main@@GLIBC_2.34 (in /usr/lib64/libc.so.6)
==643505==    by 0x59EEA4: (below main) (in /home/vnivanch/cwork/tests-build/Hadr01/Hadr01)
==643505== 
==643505== 28 bytes in 1 blocks are still reachable in loss record 65 of 168
==643505==    at 0x4844F95: operator new(unsigned long) (vg_replace_malloc.c:483)
==643505==    by 0x9DEE66: std::_Rb_tree_iterator<std::pair<G4String const, G4VBasePhysConstrFactory*> > std::_Rb_tree<G4String, std::pair<G4String const, G4VBasePhysConstrFactory*>, std::_Select1st<std::pair<G4String const, G4VBasePhysConstrFactory*> >, std::less<G4String>, std::allocator<std::pair<G4String const, G4VBasePhysConstrFactory*> > >::_M_emplace_hint_unique<std::piecewise_construct_t const&, std::tuple<G4String const&>, std::tuple<> >(std::_Rb_tree_const_iterator<std::pair<G4String const, G4VBasePhysConstrFactory*> >, std::piecewise_construct_t const&, std::tuple<G4String const&>&&, std::tuple<>&&) [clone .isra.0] (in /home/vnivanch/cwork/tests-build/Hadr01/Hadr01)
==643505==    by 0x9DF3E7: G4PhysicsConstructorRegistry::AddFactory(G4String, G4VBasePhysConstrFactory*) (in /home/vnivanch/cwork/tests-build/Hadr01/Hadr01)
==643505==    by 0xA28496: G4PhysicsConstructorFactory<G4StoppingPhysicsWithINCLXX>::G4PhysicsConstructorFactory(G4String const&) (in /home/vnivanch/cwork/tests-build/Hadr01/Hadr01)
==643505==    by 0x5420C7: _GLOBAL__sub_I__ZGR34G4StoppingPhysicsWithINCLXXFactory_ (in /home/vnivanch/cwork/tests-build/Hadr01/Hadr01)
==643505==    by 0x4F676BA: __libc_start_main@@GLIBC_2.34 (in /usr/lib64/libc.so.6)
==643505==    by 0x59EEA4: (below main) (in /home/vnivanch/cwork/tests-build/Hadr01/Hadr01)
==643505== 
==643505== 28 bytes in 1 blocks are still reachable in loss record 66 of 168
==643505==    at 0x4844F95: operator new(unsigned long) (vg_replace_malloc.c:483)
==643505==    by 0x9DEE66: std::_Rb_tree_iterator<std::pair<G4String const, G4VBasePhysConstrFactory*> > std::_Rb_tree<G4String, std::pair<G4String const, G4VBasePhysConstrFactory*>, std::_Select1st<std::pair<G4String const, G4VBasePhysConstrFactory*> >, std::less<G4String>, std::allocator<std::pair<G4String const, G4VBasePhysConstrFactory*> > >::_M_emplace_hint_unique<std::piecewise_construct_t const&, std::tuple<G4String const&>, std::tuple<> >(std::_Rb_tree_const_iterator<std::pair<G4String const, G4VBasePhysConstrFactory*> >, std::piecewise_construct_t const&, std::tuple<G4String const&>&&, std::tuple<>&&) [clone .isra.0] (in /home/vnivanch/cwork/tests-build/Hadr01/Hadr01)
==643505==    by 0x9DF3E7: G4PhysicsConstructorRegistry::AddFactory(G4String, G4VBasePhysConstrFactory*) (in /home/vnivanch/cwork/tests-build/Hadr01/Hadr01)
==643505==    by 0xA2DAC6: G4PhysicsConstructorFactory<G4HadronPhysicsFTFP_BERT_HP>::G4PhysicsConstructorFactory(G4String const&) (in /home/vnivanch/cwork/tests-build/Hadr01/Hadr01)
==643505==    by 0x542FB1: _GLOBAL__sub_I__ZGR34G4HadronPhysicsFTFP_BERT_HPFactory_ (in /home/vnivanch/cwork/tests-build/Hadr01/Hadr01)
==643505==    by 0x4F676BA: __libc_start_main@@GLIBC_2.34 (in /usr/lib64/libc.so.6)
==643505==    by 0x59EEA4: (below main) (in /home/vnivanch/cwork/tests-build/Hadr01/Hadr01)
==643505== 
==643505== 28 bytes in 1 blocks are still reachable in loss record 67 of 168
==643505==    at 0x4844F95: operator new(unsigned long) (vg_replace_malloc.c:483)
==643505==    by 0x9DEE66: std::_Rb_tree_iterator<std::pair<G4String const, G4VBasePhysConstrFactory*> > std::_Rb_tree<G4String, std::pair<G4String const, G4VBasePhysConstrFactory*>, std::_Select1st<std::pair<G4String const, G4VBasePhysConstrFactory*> >, std::less<G4String>, std::allocator<std::pair<G4String const, G4VBasePhysConstrFactory*> > >::_M_emplace_hint_unique<std::piecewise_construct_t const&, std::tuple<G4String const&>, std::tuple<> >(std::_Rb_tree_const_iterator<std::pair<G4String const, G4VBasePhysConstrFactory*> >, std::piecewise_construct_t const&, std::tuple<G4String const&>&&, std::tuple<>&&) [clone .isra.0] (in /home/vnivanch/cwork/tests-build/Hadr01/Hadr01)
==643505==    by 0x9DF3E7: G4PhysicsConstructorRegistry::AddFactory(G4String, G4VBasePhysConstrFactory*) (in /home/vnivanch/cwork/tests-build/Hadr01/Hadr01)
==643505==    by 0x543257: _GLOBAL__sub_I__ZGR34G4HadronPhysicsFTFQGSP_BERTFactory_ (in /home/vnivanch/cwork/tests-build/Hadr01/Hadr01)
==643505==    by 0x4F676BA: __libc_start_main@@GLIBC_2.34 (in /usr/lib64/libc.so.6)
==643505==    by 0x59EEA4: (below main) (in /home/vnivanch/cwork/tests-build/Hadr01/Hadr01)
==643505== 
==643505== 29 bytes in 1 blocks are still reachable in loss record 68 of 168
==643505==    at 0x4844F95: operator new(unsigned long) (vg_replace_malloc.c:483)
==643505==    by 0x9DEE66: std::_Rb_tree_iterator<std::pair<G4String const, G4VBasePhysConstrFactory*> > std::_Rb_tree<G4String, std::pair<G4String const, G4VBasePhysConstrFactory*>, std::_Select1st<std::pair<G4String const, G4VBasePhysConstrFactory*> >, std::less<G4String>, std::allocator<std::pair<G4String const, G4VBasePhysConstrFactory*> > >::_M_emplace_hint_unique<std::piecewise_construct_t const&, std::tuple<G4String const&>, std::tuple<> >(std::_Rb_tree_const_iterator<std::pair<G4String const, G4VBasePhysConstrFactory*> >, std::piecewise_construct_t const&, std::tuple<G4String const&>&&, std::tuple<>&&) [clone .isra.0] (in /home/vnivanch/cwork/tests-build/Hadr01/Hadr01)
==643505==    by 0x9DF3E7: G4PhysicsConstructorRegistry::AddFactory(G4String, G4VBasePhysConstrFactory*) (in /home/vnivanch/cwork/tests-build/Hadr01/Hadr01)
==643505==    by 0x9E7C96: G4PhysicsConstructorFactory<G4HadronPhysicsFTFP_BERT_TRV>::G4PhysicsConstructorFactory(G4String const&) (in /home/vnivanch/cwork/tests-build/Hadr01/Hadr01)
==643505==    by 0x53B26A: _GLOBAL__sub_I__ZGR35G4HadronPhysicsFTFP_BERT_TRVFactory_ (in /home/vnivanch/cwork/tests-build/Hadr01/Hadr01)
==643505==    by 0x4F676BA: __libc_start_main@@GLIBC_2.34 (in /usr/lib64/libc.so.6)
==643505==    by 0x59EEA4: (below main) (in /home/vnivanch/cwork/tests-build/Hadr01/Hadr01)
==643505== 
==643505== 29 bytes in 1 blocks are still reachable in loss record 69 of 168
==643505==    at 0x4844F95: operator new(unsigned long) (vg_replace_malloc.c:483)
==643505==    by 0x9DEE66: std::_Rb_tree_iterator<std::pair<G4String const, G4VBasePhysConstrFactory*> > std::_Rb_tree<G4String, std::pair<G4String const, G4VBasePhysConstrFactory*>, std::_Select1st<std::pair<G4String const, G4VBasePhysConstrFactory*> >, std::less<G4String>, std::allocator<std::pair<G4String const, G4VBasePhysConstrFactory*> > >::_M_emplace_hint_unique<std::piecewise_construct_t const&, std::tuple<G4String const&>, std::tuple<> >(std::_Rb_tree_const_iterator<std::pair<G4String const, G4VBasePhysConstrFactory*> >, std::piecewise_construct_t const&, std::tuple<G4String const&>&&, std::tuple<>&&) [clone .isra.0] (in /home/vnivanch/cwork/tests-build/Hadr01/Hadr01)
==643505==    by 0x9DF3E7: G4PhysicsConstructorRegistry::AddFactory(G4String, G4VBasePhysConstrFactory*) (in /home/vnivanch/cwork/tests-build/Hadr01/Hadr01)
==643505==    by 0xA23846: G4PhysicsConstructorFactory<G4HadronPhysicsShieldingLEND>::G4PhysicsConstructorFactory(G4String const&) (in /home/vnivanch/cwork/tests-build/Hadr01/Hadr01)
==643505==    by 0x54135A: _GLOBAL__sub_I__ZGR35G4HadronPhysicsShieldingLENDFactory_ (in /home/vnivanch/cwork/tests-build/Hadr01/Hadr01)
==643505==    by 0x4F676BA: __libc_start_main@@GLIBC_2.34 (in /usr/lib64/libc.so.6)
==643505==    by 0x59EEA4: (below main) (in /home/vnivanch/cwork/tests-build/Hadr01/Hadr01)
==643505== 
==643505== 29 bytes in 1 blocks are still reachable in loss record 70 of 168
==643505==    at 0x4844F95: operator new(unsigned long) (vg_replace_malloc.c:483)
==643505==    by 0x9DEE66: std::_Rb_tree_iterator<std::pair<G4String const, G4VBasePhysConstrFactory*> > std::_Rb_tree<G4String, std::pair<G4String const, G4VBasePhysConstrFactory*>, std::_Select1st<std::pair<G4String const, G4VBasePhysConstrFactory*> >, std::less<G4String>, std::allocator<std::pair<G4String const, G4VBasePhysConstrFactory*> > >::_M_emplace_hint_unique<std::piecewise_construct_t const&, std::tuple<G4String const&>, std::tuple<> >(std::_Rb_tree_const_iterator<std::pair<G4String const, G4VBasePhysConstrFactory*> >, std::piecewise_construct_t const&, std::tuple<G4String const&>&&, std::tuple<>&&) [clone .isra.0] (in /home/vnivanch/cwork/tests-build/Hadr01/Hadr01)
==643505==    by 0x9DF3E7: G4PhysicsConstructorRegistry::AddFactory(G4String, G4VBasePhysConstrFactory*) (in /home/vnivanch/cwork/tests-build/Hadr01/Hadr01)
==643505==    by 0xA2DE96: G4PhysicsConstructorFactory<G4HadronPhysicsFTFP_BERT_ATL>::G4PhysicsConstructorFactory(G4String const&) (in /home/vnivanch/cwork/tests-build/Hadr01/Hadr01)
==643505==    by 0x54307A: _GLOBAL__sub_I__ZGR35G4HadronPhysicsFTFP_BERT_ATLFactory_ (in /home/vnivanch/cwork/tests-build/Hadr01/Hadr01)
==643505==    by 0x4F676BA: __libc_start_main@@GLIBC_2.34 (in /usr/lib64/libc.so.6)
==643505==    by 0x59EEA4: (below main) (in /home/vnivanch/cwork/tests-build/Hadr01/Hadr01)
==643505== 
==643505== 30 bytes in 1 blocks are still reachable in loss record 71 of 168
==643505==    at 0x4844F95: operator new(unsigned long) (vg_replace_malloc.c:483)
==643505==    by 0x9DEE66: std::_Rb_tree_iterator<std::pair<G4String const, G4VBasePhysConstrFactory*> > std::_Rb_tree<G4String, std::pair<G4String const, G4VBasePhysConstrFactory*>, std::_Select1st<std::pair<G4String const, G4VBasePhysConstrFactory*> >, std::less<G4String>, std::allocator<std::pair<G4String const, G4VBasePhysConstrFactory*> > >::_M_emplace_hint_unique<std::piecewise_construct_t const&, std::tuple<G4String const&>, std::tuple<> >(std::_Rb_tree_const_iterator<std::pair<G4String const, G4VBasePhysConstrFactory*> >, std::piecewise_construct_t const&, std::tuple<G4String const&>&&, std::tuple<>&&) [clone .isra.0] (in /home/vnivanch/cwork/tests-build/Hadr01/Hadr01)
==643505==    by 0x9DF3E7: G4PhysicsConstructorRegistry::AddFactory(G4String, G4VBasePhysConstrFactory*) (in /home/vnivanch/cwork/tests-build/Hadr01/Hadr01)
==643505==    by 0x9EAC96: G4PhysicsConstructorFactory<G4HadronPhysicsQGSP_FTFP_BERT>::G4PhysicsConstructorFactory(G4String const&) (in /home/vnivanch/cwork/tests-build/Hadr01/Hadr01)
==643505==    by 0x53BB0A: _GLOBAL__sub_I__ZGR36G4HadronPhysicsQGSP_FTFP_BERTFactory_ (in /home/vnivanch/cwork/tests-build/Hadr01/Hadr01)
==643505==    by 0x4F676BA: __libc_start_main@@GLIBC_2.34 (in /usr/lib64/libc.so.6)
==643505==    by 0x59EEA4: (below main) (in /home/vnivanch/cwork/tests-build/Hadr01/Hadr01)
==643505== 
==643505== 30 bytes in 1 blocks are still reachable in loss record 72 of 168
==643505==    at 0x4844F95: operator new(unsigned long) (vg_replace_malloc.c:483)
==643505==    by 0x9DEE66: std::_Rb_tree_iterator<std::pair<G4String const, G4VBasePhysConstrFactory*> > std::_Rb_tree<G4String, std::pair<G4String const, G4VBasePhysConstrFactory*>, std::_Select1st<std::pair<G4String const, G4VBasePhysConstrFactory*> >, std::less<G4String>, std::allocator<std::pair<G4String const, G4VBasePhysConstrFactory*> > >::_M_emplace_hint_unique<std::piecewise_construct_t const&, std::tuple<G4String const&>, std::tuple<> >(std::_Rb_tree_const_iterator<std::pair<G4String const, G4VBasePhysConstrFactory*> >, std::piecewise_construct_t const&, std::tuple<G4String const&>&&, std::tuple<>&&) [clone .isra.0] (in /home/vnivanch/cwork/tests-build/Hadr01/Hadr01)
==643505==    by 0x9DF3E7: G4PhysicsConstructorRegistry::AddFactory(G4String, G4VBasePhysConstrFactory*) (in /home/vnivanch/cwork/tests-build/Hadr01/Hadr01)
==643505==    by 0xA23CA6: G4PhysicsConstructorFactory<G4HadronPhysicsQGSP_BIC_AllHP>::G4PhysicsConstructorFactory(G4String const&) (in /home/vnivanch/cwork/tests-build/Hadr01/Hadr01)
==643505==    by 0x541501: _GLOBAL__sub_I__ZGR36G4HadronPhysicsQGSP_BIC_AllHPFactory_ (in /home/vnivanch/cwork/tests-build/Hadr01/Hadr01)
==643505==    by 0x4F676BA: __libc_start_main@@GLIBC_2.34 (in /usr/lib64/libc.so.6)
==643505==    by 0x59EEA4: (below main) (in /home/vnivanch/cwork/tests-build/Hadr01/Hadr01)
==643505== 
==643505== 42 bytes in 1 blocks are still reachable in loss record 73 of 168
==643505==    at 0x4844F95: operator new(unsigned long) (vg_replace_malloc.c:483)
==643505==    by 0x9DEE66: std::_Rb_tree_iterator<std::pair<G4String const, G4VBasePhysConstrFactory*> > std::_Rb_tree<G4String, std::pair<G4String const, G4VBasePhysConstrFactory*>, std::_Select1st<std::pair<G4String const, G4VBasePhysConstrFactory*> >, std::less<G4String>, std::allocator<std::pair<G4String const, G4VBasePhysConstrFactory*> > >::_M_emplace_hint_unique<std::piecewise_construct_t const&, std::tuple<G4String const&>, std::tuple<> >(std::_Rb_tree_const_iterator<std::pair<G4String const, G4VBasePhysConstrFactory*> >, std::piecewise_construct_t const&, std::tuple<G4String const&>&&, std::tuple<>&&) [clone .isra.0] (in /home/vnivanch/cwork/tests-build/Hadr01/Hadr01)
==643505==    by 0x9DF3E7: G4PhysicsConstructorRegistry::AddFactory(G4String, G4VBasePhysConstrFactory*) (in /home/vnivanch/cwork/tests-build/Hadr01/Hadr01)
==643505==    by 0xA27AB6: G4PhysicsConstructorFactory<G4StoppingPhysicsFritiofWithBinaryCascade>::G4PhysicsConstructorFactory(G4String const&) (in /home/vnivanch/cwork/tests-build/Hadr01/Hadr01)
==643505==    by 0x541F3E: _GLOBAL__sub_I__ZGR48G4StoppingPhysicsFritiofWithBinaryCascadeFactory_ (in /home/vnivanch/cwork/tests-build/Hadr01/Hadr01)
==643505==    by 0x4F676BA: __libc_start_main@@GLIBC_2.34 (in /usr/lib64/libc.so.6)
==643505==    by 0x59EEA4: (below main) (in /home/vnivanch/cwork/tests-build/Hadr01/Hadr01)
==643505== 
==643505== 48 bytes in 1 blocks are still reachable in loss record 74 of 168
==643505==    at 0x4844F95: operator new(unsigned long) (vg_replace_malloc.c:483)
==643505==    by 0xCC6B7A: G4CrossSectionFactoryRegistry::Instance() (in /home/vnivanch/cwork/tests-build/Hadr01/Hadr01)
==643505==    by 0x54FC2C: _GLOBAL__sub_I__ZGR35G4ElectroNuclearCrossSectionFactory_ (in /home/vnivanch/cwork/tests-build/Hadr01/Hadr01)
==643505==    by 0x4F676BA: __libc_start_main@@GLIBC_2.34 (in /usr/lib64/libc.so.6)
==643505==    by 0x59EEA4: (below main) (in /home/vnivanch/cwork/tests-build/Hadr01/Hadr01)
==643505== 
==643505== 48 bytes in 1 blocks are still reachable in loss record 75 of 168
==643505==    at 0x4844F95: operator new(unsigned long) (vg_replace_malloc.c:483)
==643505==    by 0xA5A60B: int G4GetEnv<int>(std::__cxx11::basic_string<char, std::char_traits<char>, std::allocator<char> > const&, int) (in /home/vnivanch/cwork/tests-build/Hadr01/Hadr01)
==643505==    by 0xF3CDCA: G4HadronicParameters::G4HadronicParameters() (in /home/vnivanch/cwork/tests-build/Hadr01/Hadr01)
==643505==    by 0xF3D637: G4HadronicParameters::Instance() (in /home/vnivanch/cwork/tests-build/Hadr01/Hadr01)
==643505==    by 0x9FE9B2: G4PhysListUtil::InitialiseParameters() (in /home/vnivanch/cwork/tests-build/Hadr01/Hadr01)
==643505==    by 0x9CD29E: G4DecayPhysics::G4DecayPhysics(int) (in /home/vnivanch/cwork/tests-build/Hadr01/Hadr01)
==643505==    by 0x9F83C0: QBBC::QBBC(int, G4String const&) (in /home/vnivanch/cwork/tests-build/Hadr01/Hadr01)
==643505==    by 0x9EDC1B: G4PhysListFactory::GetReferencePhysList(G4String const&) (in /home/vnivanch/cwork/tests-build/Hadr01/Hadr01)
==643505==    by 0x59F210: main (in /home/vnivanch/cwork/tests-build/Hadr01/Hadr01)
==643505== 
==643505== 64 bytes in 1 blocks are definitely lost in loss record 76 of 168
==643505==    at 0x4844F95: operator new(unsigned long) (vg_replace_malloc.c:483)
==643505==    by 0x1688788: G4NistElementBuilder::BuildElement(int) (in /home/vnivanch/cwork/tests-build/Hadr01/Hadr01)
==643505==    by 0x1699524: G4NistMaterialBuilder::BuildMaterial(int) (in /home/vnivanch/cwork/tests-build/Hadr01/Hadr01)
==643505==    by 0x1699DC2: G4NistMaterialBuilder::FindOrBuildMaterial(G4String const&, bool) (in /home/vnivanch/cwork/tests-build/Hadr01/Hadr01)
==643505==    by 0x5A430E: G4NistManager::FindOrBuildMaterial(G4String const&, bool, bool) (in /home/vnivanch/cwork/tests-build/Hadr01/Hadr01)
==643505==    by 0x5A29D2: DetectorConstruction::DetectorConstruction() (in /home/vnivanch/cwork/tests-build/Hadr01/Hadr01)
==643505==    by 0x59F05E: main (in /home/vnivanch/cwork/tests-build/Hadr01/Hadr01)
==643505== 
==643505== 64 bytes in 1 blocks are definitely lost in loss record 77 of 168
==643505==    at 0x4844F95: operator new(unsigned long) (vg_replace_malloc.c:483)
==643505==    by 0x1688788: G4NistElementBuilder::BuildElement(int) (in /home/vnivanch/cwork/tests-build/Hadr01/Hadr01)
==643505==    by 0x5A42D8: G4NistManager::FindOrBuildElement(int, bool) (in /home/vnivanch/cwork/tests-build/Hadr01/Hadr01)
==643505==    by 0x5A2B20: DetectorConstruction::DetectorConstruction() (in /home/vnivanch/cwork/tests-build/Hadr01/Hadr01)
==643505==    by 0x59F05E: main (in /home/vnivanch/cwork/tests-build/Hadr01/Hadr01)
==643505== 
==643505== 72 bytes in 1 blocks are still reachable in loss record 78 of 168
==643505==    at 0x4844F95: operator new(unsigned long) (vg_replace_malloc.c:483)
==643505==    by 0x9DE9DD: G4PhysicsConstructorRegistry::Instance() (in /home/vnivanch/cwork/tests-build/Hadr01/Hadr01)
==643505==    by 0x9CD342: G4PhysicsConstructorFactory<G4DecayPhysics>::G4PhysicsConstructorFactory(G4String const&) (in /home/vnivanch/cwork/tests-build/Hadr01/Hadr01)
==643505==    by 0x539522: _GLOBAL__sub_I__ZGR21G4DecayPhysicsFactory_ (in /home/vnivanch/cwork/tests-build/Hadr01/Hadr01)
==643505==    by 0x4F676BA: __libc_start_main@@GLIBC_2.34 (in /usr/lib64/libc.so.6)
==643505==    by 0x59EEA4: (below main) (in /home/vnivanch/cwork/tests-build/Hadr01/Hadr01)
==643505== 
==643505== 72 bytes in 1 blocks are still reachable in loss record 79 of 168
==643505==    at 0x4844F95: operator new(unsigned long) (vg_replace_malloc.c:483)
==643505==    by 0x9DED82: std::_Rb_tree_iterator<std::pair<G4String const, G4VBasePhysConstrFactory*> > std::_Rb_tree<G4String, std::pair<G4String const, G4VBasePhysConstrFactory*>, std::_Select1st<std::pair<G4String const, G4VBasePhysConstrFactory*> >, std::less<G4String>, std::allocator<std::pair<G4String const, G4VBasePhysConstrFactory*> > >::_M_emplace_hint_unique<std::piecewise_construct_t const&, std::tuple<G4String const&>, std::tuple<> >(std::_Rb_tree_const_iterator<std::pair<G4String const, G4VBasePhysConstrFactory*> >, std::piecewise_construct_t const&, std::tuple<G4String const&>&&, std::tuple<>&&) [clone .isra.0] (in /home/vnivanch/cwork/tests-build/Hadr01/Hadr01)
==643505==    by 0x9DF3E7: G4PhysicsConstructorRegistry::AddFactory(G4String, G4VBasePhysConstrFactory*) (in /home/vnivanch/cwork/tests-build/Hadr01/Hadr01)
==643505==    by 0x9CD386: G4PhysicsConstructorFactory<G4DecayPhysics>::G4PhysicsConstructorFactory(G4String const&) (in /home/vnivanch/cwork/tests-build/Hadr01/Hadr01)
==643505==    by 0x539522: _GLOBAL__sub_I__ZGR21G4DecayPhysicsFactory_ (in /home/vnivanch/cwork/tests-build/Hadr01/Hadr01)
==643505==    by 0x4F676BA: __libc_start_main@@GLIBC_2.34 (in /usr/lib64/libc.so.6)
==643505==    by 0x59EEA4: (below main) (in /home/vnivanch/cwork/tests-build/Hadr01/Hadr01)
==643505== 
==643505== 72 bytes in 1 blocks are still reachable in loss record 80 of 168
==643505==    at 0x4844F95: operator new(unsigned long) (vg_replace_malloc.c:483)
==643505==    by 0x9DED82: std::_Rb_tree_iterator<std::pair<G4String const, G4VBasePhysConstrFactory*> > std::_Rb_tree<G4String, std::pair<G4String const, G4VBasePhysConstrFactory*>, std::_Select1st<std::pair<G4String const, G4VBasePhysConstrFactory*> >, std::less<G4String>, std::allocator<std::pair<G4String const, G4VBasePhysConstrFactory*> > >::_M_emplace_hint_unique<std::piecewise_construct_t const&, std::tuple<G4String const&>, std::tuple<> >(std::_Rb_tree_const_iterator<std::pair<G4String const, G4VBasePhysConstrFactory*> >, std::piecewise_construct_t const&, std::tuple<G4String const&>&&, std::tuple<>&&) [clone .isra.0] (in /home/vnivanch/cwork/tests-build/Hadr01/Hadr01)
==643505==    by 0x9DF3E7: G4PhysicsConstructorRegistry::AddFactory(G4String, G4VBasePhysConstrFactory*) (in /home/vnivanch/cwork/tests-build/Hadr01/Hadr01)
==643505==    by 0x9CD836: G4PhysicsConstructorFactory<G4RadioactiveDecayPhysics>::G4PhysicsConstructorFactory(G4String const&) (in /home/vnivanch/cwork/tests-build/Hadr01/Hadr01)
==643505==    by 0x5396ED: _GLOBAL__sub_I__ZGR32G4RadioactiveDecayPhysicsFactory_ (in /home/vnivanch/cwork/tests-build/Hadr01/Hadr01)
==643505==    by 0x4F676BA: __libc_start_main@@GLIBC_2.34 (in /usr/lib64/libc.so.6)
==643505==    by 0x59EEA4: (below main) (in /home/vnivanch/cwork/tests-build/Hadr01/Hadr01)
==643505== 
==643505== 72 bytes in 1 blocks are still reachable in loss record 81 of 168
==643505==    at 0x4844F95: operator new(unsigned long) (vg_replace_malloc.c:483)
==643505==    by 0x9DED82: std::_Rb_tree_iterator<std::pair<G4String const, G4VBasePhysConstrFactory*> > std::_Rb_tree<G4String, std::pair<G4String const, G4VBasePhysConstrFactory*>, std::_Select1st<std::pair<G4String const, G4VBasePhysConstrFactory*> >, std::less<G4String>, std::allocator<std::pair<G4String const, G4VBasePhysConstrFactory*> > >::_M_emplace_hint_unique<std::piecewise_construct_t const&, std::tuple<G4String const&>, std::tuple<> >(std::_Rb_tree_const_iterator<std::pair<G4String const, G4VBasePhysConstrFactory*> >, std::piecewise_construct_t const&, std::tuple<G4String const&>&&, std::tuple<>&&) [clone .isra.0] (in /home/vnivanch/cwork/tests-build/Hadr01/Hadr01)
==643505==    by 0x9DF3E7: G4PhysicsConstructorRegistry::AddFactory(G4String, G4VBasePhysConstrFactory*) (in /home/vnivanch/cwork/tests-build/Hadr01/Hadr01)
==643505==    by 0x9CE866: G4PhysicsConstructorFactory<G4EmStandardPhysics>::G4PhysicsConstructorFactory(G4String const&) (in /home/vnivanch/cwork/tests-build/Hadr01/Hadr01)
==643505==    by 0x539862: _GLOBAL__sub_I__ZGR26G4EmStandardPhysicsFactory_ (in /home/vnivanch/cwork/tests-build/Hadr01/Hadr01)
==643505==    by 0x4F676BA: __libc_start_main@@GLIBC_2.34 (in /usr/lib64/libc.so.6)
==643505==    by 0x59EEA4: (below main) (in /home/vnivanch/cwork/tests-build/Hadr01/Hadr01)
==643505== 
==643505== 72 bytes in 1 blocks are still reachable in loss record 82 of 168
==643505==    at 0x4844F95: operator new(unsigned long) (vg_replace_malloc.c:483)
==643505==    by 0x9DED82: std::_Rb_tree_iterator<std::pair<G4String const, G4VBasePhysConstrFactory*> > std::_Rb_tree<G4String, std::pair<G4String const, G4VBasePhysConstrFactory*>, std::_Select1st<std::pair<G4String const, G4VBasePhysConstrFactory*> >, std::less<G4String>, std::allocator<std::pair<G4String const, G4VBasePhysConstrFactory*> > >::_M_emplace_hint_unique<std::piecewise_construct_t const&, std::tuple<G4String const&>, std::tuple<> >(std::_Rb_tree_const_iterator<std::pair<G4String const, G4VBasePhysConstrFactory*> >, std::piecewise_construct_t const&, std::tuple<G4String const&>&&, std::tuple<>&&) [clone .isra.0] (in /home/vnivanch/cwork/tests-build/Hadr01/Hadr01)
==643505==    by 0x9DF3E7: G4PhysicsConstructorRegistry::AddFactory(G4String, G4VBasePhysConstrFactory*) (in /home/vnivanch/cwork/tests-build/Hadr01/Hadr01)
==643505==    by 0x9CF626: G4PhysicsConstructorFactory<G4EmStandardPhysicsGS>::G4PhysicsConstructorFactory(G4String const&) (in /home/vnivanch/cwork/tests-build/Hadr01/Hadr01)
==643505==    by 0x5399E9: _GLOBAL__sub_I__ZGR28G4EmStandardPhysicsGSFactory_ (in /home/vnivanch/cwork/tests-build/Hadr01/Hadr01)
==643505==    by 0x4F676BA: __libc_start_main@@GLIBC_2.34 (in /usr/lib64/libc.so.6)
==643505==    by 0x59EEA4: (below main) (in /home/vnivanch/cwork/tests-build/Hadr01/Hadr01)
==643505== 
==643505== 72 bytes in 1 blocks are still reachable in loss record 83 of 168
==643505==    at 0x4844F95: operator new(unsigned long) (vg_replace_malloc.c:483)
==643505==    by 0x9DED82: std::_Rb_tree_iterator<std::pair<G4String const, G4VBasePhysConstrFactory*> > std::_Rb_tree<G4String, std::pair<G4String const, G4VBasePhysConstrFactory*>, std::_Select1st<std::pair<G4String const, G4VBasePhysConstrFactory*> >, std::less<G4String>, std::allocator<std::pair<G4String const, G4VBasePhysConstrFactory*> > >::_M_emplace_hint_unique<std::piecewise_construct_t const&, std::tuple<G4String const&>, std::tuple<> >(std::_Rb_tree_const_iterator<std::pair<G4String const, G4VBasePhysConstrFactory*> >, std::piecewise_construct_t const&, std::tuple<G4String const&>&&, std::tuple<>&&) [clone .isra.0] (in /home/vnivanch/cwork/tests-build/Hadr01/Hadr01)
==643505==    by 0x9DF3E7: G4PhysicsConstructorRegistry::AddFactory(G4String, G4VBasePhysConstrFactory*) (in /home/vnivanch/cwork/tests-build/Hadr01/Hadr01)
==643505==    by 0x9D0416: G4PhysicsConstructorFactory<G4EmStandardPhysics_option1>::G4PhysicsConstructorFactory(G4String const&) (in /home/vnivanch/cwork/tests-build/Hadr01/Hadr01)
==643505==    by 0x539B67: _GLOBAL__sub_I__ZGR34G4EmStandardPhysics_option1Factory_ (in /home/vnivanch/cwork/tests-build/Hadr01/Hadr01)
==643505==    by 0x4F676BA: __libc_start_main@@GLIBC_2.34 (in /usr/lib64/libc.so.6)
==643505==    by 0x59EEA4: (below main) (in /home/vnivanch/cwork/tests-build/Hadr01/Hadr01)
==643505== 
==643505== 72 bytes in 1 blocks are still reachable in loss record 84 of 168
==643505==    at 0x4844F95: operator new(unsigned long) (vg_replace_malloc.c:483)
==643505==    by 0x9DED82: std::_Rb_tree_iterator<std::pair<G4String const, G4VBasePhysConstrFactory*> > std::_Rb_tree<G4String, std::pair<G4String const, G4VBasePhysConstrFactory*>, std::_Select1st<std::pair<G4String const, G4VBasePhysConstrFactory*> >, std::less<G4String>, std::allocator<std::pair<G4String const, G4VBasePhysConstrFactory*> > >::_M_emplace_hint_unique<std::piecewise_construct_t const&, std::tuple<G4String const&>, std::tuple<> >(std::_Rb_tree_const_iterator<std::pair<G4String const, G4VBasePhysConstrFactory*> >, std::piecewise_construct_t const&, std::tuple<G4String const&>&&, std::tuple<>&&) [clone .isra.0] (in /home/vnivanch/cwork/tests-build/Hadr01/Hadr01)
==643505==    by 0x9DF3E7: G4PhysicsConstructorRegistry::AddFactory(G4String, G4VBasePhysConstrFactory*) (in /home/vnivanch/cwork/tests-build/Hadr01/Hadr01)
==643505==    by 0x9D11E6: G4PhysicsConstructorFactory<G4EmStandardPhysics_option2>::G4PhysicsConstructorFactory(G4String const&) (in /home/vnivanch/cwork/tests-build/Hadr01/Hadr01)
==643505==    by 0x539CE7: _GLOBAL__sub_I__ZGR34G4EmStandardPhysics_option2Factory_ (in /home/vnivanch/cwork/tests-build/Hadr01/Hadr01)
==643505==    by 0x4F676BA: __libc_start_main@@GLIBC_2.34 (in /usr/lib64/libc.so.6)
==643505==    by 0x59EEA4: (below main) (in /home/vnivanch/cwork/tests-build/Hadr01/Hadr01)
==643505== 
==643505== 72 bytes in 1 blocks are still reachable in loss record 85 of 168
==643505==    at 0x4844F95: operator new(unsigned long) (vg_replace_malloc.c:483)
==643505==    by 0x9DED82: std::_Rb_tree_iterator<std::pair<G4String const, G4VBasePhysConstrFactory*> > std::_Rb_tree<G4String, std::pair<G4String const, G4VBasePhysConstrFactory*>, std::_Select1st<std::pair<G4String const, G4VBasePhysConstrFactory*> >, std::less<G4String>, std::allocator<std::pair<G4String const, G4VBasePhysConstrFactory*> > >::_M_emplace_hint_unique<std::piecewise_construct_t const&, std::tuple<G4String const&>, std::tuple<> >(std::_Rb_tree_const_iterator<std::pair<G4String const, G4VBasePhysConstrFactory*> >, std::piecewise_construct_t const&, std::tuple<G4String const&>&&, std::tuple<>&&) [clone .isra.0] (in /home/vnivanch/cwork/tests-build/Hadr01/Hadr01)
==643505==    by 0x9DF3E7: G4PhysicsConstructorRegistry::AddFactory(G4String, G4VBasePhysConstrFactory*) (in /home/vnivanch/cwork/tests-build/Hadr01/Hadr01)
==643505==    by 0x9D2696: G4PhysicsConstructorFactory<G4EmStandardPhysics_option3>::G4PhysicsConstructorFactory(G4String const&) (in /home/vnivanch/cwork/tests-build/Hadr01/Hadr01)
==643505==    by 0x539E67: _GLOBAL__sub_I__ZGR34G4EmStandardPhysics_option3Factory_ (in /home/vnivanch/cwork/tests-build/Hadr01/Hadr01)
==643505==    by 0x4F676BA: __libc_start_main@@GLIBC_2.34 (in /usr/lib64/libc.so.6)
==643505==    by 0x59EEA4: (below main) (in /home/vnivanch/cwork/tests-build/Hadr01/Hadr01)
==643505== 
==643505== 72 bytes in 1 blocks are still reachable in loss record 86 of 168
==643505==    at 0x4844F95: operator new(unsigned long) (vg_replace_malloc.c:483)
==643505==    by 0x9DED82: std::_Rb_tree_iterator<std::pair<G4String const, G4VBasePhysConstrFactory*> > std::_Rb_tree<G4String, std::pair<G4String const, G4VBasePhysConstrFactory*>, std::_Select1st<std::pair<G4String const, G4VBasePhysConstrFactory*> >, std::less<G4String>, std::allocator<std::pair<G4String const, G4VBasePhysConstrFactory*> > >::_M_emplace_hint_unique<std::piecewise_construct_t const&, std::tuple<G4String const&>, std::tuple<> >(std::_Rb_tree_const_iterator<std::pair<G4String const, G4VBasePhysConstrFactory*> >, std::piecewise_construct_t const&, std::tuple<G4String const&>&&, std::tuple<>&&) [clone .isra.0] (in /home/vnivanch/cwork/tests-build/Hadr01/Hadr01)
==643505==    by 0x9DF3E7: G4PhysicsConstructorRegistry::AddFactory(G4String, G4VBasePhysConstrFactory*) (in /home/vnivanch/cwork/tests-build/Hadr01/Hadr01)
==643505==    by 0x9D3F96: G4PhysicsConstructorFactory<G4EmStandardPhysics_option4>::G4PhysicsConstructorFactory(G4String const&) (in /home/vnivanch/cwork/tests-build/Hadr01/Hadr01)
==643505==    by 0x539FE7: _GLOBAL__sub_I__ZGR34G4EmStandardPhysics_option4Factory_ (in /home/vnivanch/cwork/tests-build/Hadr01/Hadr01)
==643505==    by 0x4F676BA: __libc_start_main@@GLIBC_2.34 (in /usr/lib64/libc.so.6)
==643505==    by 0x59EEA4: (below main) (in /home/vnivanch/cwork/tests-build/Hadr01/Hadr01)
==643505== 
==643505== 72 bytes in 1 blocks are still reachable in loss record 87 of 168
==643505==    at 0x4844F95: operator new(unsigned long) (vg_replace_malloc.c:483)
==643505==    by 0x9DED82: std::_Rb_tree_iterator<std::pair<G4String const, G4VBasePhysConstrFactory*> > std::_Rb_tree<G4String, std::pair<G4String const, G4VBasePhysConstrFactory*>, std::_Select1st<std::pair<G4String const, G4VBasePhysConstrFactory*> >, std::less<G4String>, std::allocator<std::pair<G4String const, G4VBasePhysConstrFactory*> > >::_M_emplace_hint_unique<std::piecewise_construct_t const&, std::tuple<G4String const&>, std::tuple<> >(std::_Rb_tree_const_iterator<std::pair<G4String const, G4VBasePhysConstrFactory*> >, std::piecewise_construct_t const&, std::tuple<G4String const&>&&, std::tuple<>&&) [clone .isra.0] (in /home/vnivanch/cwork/tests-build/Hadr01/Hadr01)
==643505==    by 0x9DF3E7: G4PhysicsConstructorRegistry::AddFactory(G4String, G4VBasePhysConstrFactory*) (in /home/vnivanch/cwork/tests-build/Hadr01/Hadr01)
==643505==    by 0x9E1466: G4PhysicsConstructorFactory<G4EmExtraPhysics>::G4PhysicsConstructorFactory(G4String const&) (in /home/vnivanch/cwork/tests-build/Hadr01/Hadr01)
==643505==    by 0x53A48B: _GLOBAL__sub_I__ZGR23G4EmExtraPhysicsFactory_ (in /home/vnivanch/cwork/tests-build/Hadr01/Hadr01)
==643505==    by 0x4F676BA: __libc_start_main@@GLIBC_2.34 (in /usr/lib64/libc.so.6)
==643505==    by 0x59EEA4: (below main) (in /home/vnivanch/cwork/tests-build/Hadr01/Hadr01)
==643505== 
==643505== 72 bytes in 1 blocks are still reachable in loss record 88 of 168
==643505==    at 0x4844F95: operator new(unsigned long) (vg_replace_malloc.c:483)
==643505==    by 0x9DED82: std::_Rb_tree_iterator<std::pair<G4String const, G4VBasePhysConstrFactory*> > std::_Rb_tree<G4String, std::pair<G4String const, G4VBasePhysConstrFactory*>, std::_Select1st<std::pair<G4String const, G4VBasePhysConstrFactory*> >, std::less<G4String>, std::allocator<std::pair<G4String const, G4VBasePhysConstrFactory*> > >::_M_emplace_hint_unique<std::piecewise_construct_t const&, std::tuple<G4String const&>, std::tuple<> >(std::_Rb_tree_const_iterator<std::pair<G4String const, G4VBasePhysConstrFactory*> >, std::piecewise_construct_t const&, std::tuple<G4String const&>&&, std::tuple<>&&) [clone .isra.0] (in /home/vnivanch/cwork/tests-build/Hadr01/Hadr01)
==643505==    by 0x9DF3E7: G4PhysicsConstructorRegistry::AddFactory(G4String, G4VBasePhysConstrFactory*) (in /home/vnivanch/cwork/tests-build/Hadr01/Hadr01)
==643505==    by 0x9E3466: G4PhysicsConstructorFactory<G4HadronElasticPhysics>::G4PhysicsConstructorFactory(G4String const&) (in /home/vnivanch/cwork/tests-build/Hadr01/Hadr01)
==643505==    by 0x53A639: _GLOBAL__sub_I__ZGR29G4HadronElasticPhysicsFactory_ (in /home/vnivanch/cwork/tests-build/Hadr01/Hadr01)
==643505==    by 0x4F676BA: __libc_start_main@@GLIBC_2.34 (in /usr/lib64/libc.so.6)
==643505==    by 0x59EEA4: (below main) (in /home/vnivanch/cwork/tests-build/Hadr01/Hadr01)
==643505== 
==643505== 72 bytes in 1 blocks are still reachable in loss record 89 of 168
==643505==    at 0x4844F95: operator new(unsigned long) (vg_replace_malloc.c:483)
==643505==    by 0x9DED82: std::_Rb_tree_iterator<std::pair<G4String const, G4VBasePhysConstrFactory*> > std::_Rb_tree<G4String, std::pair<G4String const, G4VBasePhysConstrFactory*>, std::_Select1st<std::pair<G4String const, G4VBasePhysConstrFactory*> >, std::less<G4String>, std::allocator<std::pair<G4String const, G4VBasePhysConstrFactory*> > >::_M_emplace_hint_unique<std::piecewise_construct_t const&, std::tuple<G4String const&>, std::tuple<> >(std::_Rb_tree_const_iterator<std::pair<G4String const, G4VBasePhysConstrFactory*> >, std::piecewise_construct_t const&, std::tuple<G4String const&>&&, std::tuple<>&&) [clone .isra.0] (in /home/vnivanch/cwork/tests-build/Hadr01/Hadr01)
==643505==    by 0x9DF3E7: G4PhysicsConstructorRegistry::AddFactory(G4String, G4VBasePhysConstrFactory*) (in /home/vnivanch/cwork/tests-build/Hadr01/Hadr01)
==643505==    by 0x9E3876: G4PhysicsConstructorFactory<G4HadronElasticPhysicsHP>::G4PhysicsConstructorFactory(G4String const&) (in /home/vnivanch/cwork/tests-build/Hadr01/Hadr01)
==643505==    by 0x53A7E3: _GLOBAL__sub_I__ZGR31G4HadronElasticPhysicsHPFactory_ (in /home/vnivanch/cwork/tests-build/Hadr01/Hadr01)
==643505==    by 0x4F676BA: __libc_start_main@@GLIBC_2.34 (in /usr/lib64/libc.so.6)
==643505==    by 0x59EEA4: (below main) (in /home/vnivanch/cwork/tests-build/Hadr01/Hadr01)
==643505== 
==643505== 72 bytes in 1 blocks are still reachable in loss record 90 of 168
==643505==    at 0x4844F95: operator new(unsigned long) (vg_replace_malloc.c:483)
==643505==    by 0x9DED82: std::_Rb_tree_iterator<std::pair<G4String const, G4VBasePhysConstrFactory*> > std::_Rb_tree<G4String, std::pair<G4String const, G4VBasePhysConstrFactory*>, std::_Select1st<std::pair<G4String const, G4VBasePhysConstrFactory*> >, std::less<G4String>, std::allocator<std::pair<G4String const, G4VBasePhysConstrFactory*> > >::_M_emplace_hint_unique<std::piecewise_construct_t const&, std::tuple<G4String const&>, std::tuple<> >(std::_Rb_tree_const_iterator<std::pair<G4String const, G4VBasePhysConstrFactory*> >, std::piecewise_construct_t const&, std::tuple<G4String const&>&&, std::tuple<>&&) [clone .isra.0] (in /home/vnivanch/cwork/tests-build/Hadr01/Hadr01)
==643505==    by 0x9DF3E7: G4PhysicsConstructorRegistry::AddFactory(G4String, G4VBasePhysConstrFactory*) (in /home/vnivanch/cwork/tests-build/Hadr01/Hadr01)
==643505==    by 0x9E3BE6: G4PhysicsConstructorFactory<G4HadronElasticPhysicsXS>::G4PhysicsConstructorFactory(G4String const&) (in /home/vnivanch/cwork/tests-build/Hadr01/Hadr01)
==643505==    by 0x53A969: _GLOBAL__sub_I__ZGR31G4HadronElasticPhysicsXSFactory_ (in /home/vnivanch/cwork/tests-build/Hadr01/Hadr01)
==643505==    by 0x4F676BA: __libc_start_main@@GLIBC_2.34 (in /usr/lib64/libc.so.6)
==643505==    by 0x59EEA4: (below main) (in /home/vnivanch/cwork/tests-build/Hadr01/Hadr01)
==643505== 
==643505== 72 bytes in 1 blocks are still reachable in loss record 91 of 168
==643505==    at 0x4844F95: operator new(unsigned long) (vg_replace_malloc.c:483)
==643505==    by 0x9DED82: std::_Rb_tree_iterator<std::pair<G4String const, G4VBasePhysConstrFactory*> > std::_Rb_tree<G4String, std::pair<G4String const, G4VBasePhysConstrFactory*>, std::_Select1st<std::pair<G4String const, G4VBasePhysConstrFactory*> >, std::less<G4String>, std::allocator<std::pair<G4String const, G4VBasePhysConstrFactory*> > >::_M_emplace_hint_unique<std::piecewise_construct_t const&, std::tuple<G4String const&>, std::tuple<> >(std::_Rb_tree_const_iterator<std::pair<G4String const, G4VBasePhysConstrFactory*> >, std::piecewise_construct_t const&, std::tuple<G4String const&>&&, std::tuple<>&&) [clone .isra.0] (in /home/vnivanch/cwork/tests-build/Hadr01/Hadr01)
==643505==    by 0x9DF3E7: G4PhysicsConstructorRegistry::AddFactory(G4String, G4VBasePhysConstrFactory*) (in /home/vnivanch/cwork/tests-build/Hadr01/Hadr01)
==643505==    by 0x9E4F66: G4PhysicsConstructorFactory<G4HadronHElasticPhysics>::G4PhysicsConstructorFactory(G4String const&) (in /home/vnivanch/cwork/tests-build/Hadr01/Hadr01)
==643505==    by 0x53AAE9: _GLOBAL__sub_I__ZGR30G4HadronHElasticPhysicsFactory_ (in /home/vnivanch/cwork/tests-build/Hadr01/Hadr01)
==643505==    by 0x4F676BA: __libc_start_main@@GLIBC_2.34 (in /usr/lib64/libc.so.6)
==643505==    by 0x59EEA4: (below main) (in /home/vnivanch/cwork/tests-build/Hadr01/Hadr01)
==643505== 
==643505== 72 bytes in 1 blocks are still reachable in loss record 92 of 168
==643505==    at 0x4844F95: operator new(unsigned long) (vg_replace_malloc.c:483)
==643505==    by 0x9DED82: std::_Rb_tree_iterator<std::pair<G4String const, G4VBasePhysConstrFactory*> > std::_Rb_tree<G4String, std::pair<G4String const, G4VBasePhysConstrFactory*>, std::_Select1st<std::pair<G4String const, G4VBasePhysConstrFactory*> >, std::less<G4String>, std::allocator<std::pair<G4String const, G4VBasePhysConstrFactory*> > >::_M_emplace_hint_unique<std::piecewise_construct_t const&, std::tuple<G4String const&>, std::tuple<> >(std::_Rb_tree_const_iterator<std::pair<G4String const, G4VBasePhysConstrFactory*> >, std::piecewise_construct_t const&, std::tuple<G4String const&>&&, std::tuple<>&&) [clone .isra.0] (in /home/vnivanch/cwork/tests-build/Hadr01/Hadr01)
==643505==    by 0x9DF3E7: G4PhysicsConstructorRegistry::AddFactory(G4String, G4VBasePhysConstrFactory*) (in /home/vnivanch/cwork/tests-build/Hadr01/Hadr01)
==643505==    by 0x9E5486: G4PhysicsConstructorFactory<G4IonElasticPhysics>::G4PhysicsConstructorFactory(G4String const&) (in /home/vnivanch/cwork/tests-build/Hadr01/Hadr01)
==643505==    by 0x53AC62: _GLOBAL__sub_I__ZGR26G4IonElasticPhysicsFactory_ (in /home/vnivanch/cwork/tests-build/Hadr01/Hadr01)
==643505==    by 0x4F676BA: __libc_start_main@@GLIBC_2.34 (in /usr/lib64/libc.so.6)
==643505==    by 0x59EEA4: (below main) (in /home/vnivanch/cwork/tests-build/Hadr01/Hadr01)
==643505== 
==643505== 72 bytes in 1 blocks are still reachable in loss record 93 of 168
==643505==    at 0x4844F95: operator new(unsigned long) (vg_replace_malloc.c:483)
==643505==    by 0x9DED82: std::_Rb_tree_iterator<std::pair<G4String const, G4VBasePhysConstrFactory*> > std::_Rb_tree<G4String, std::pair<G4String const, G4VBasePhysConstrFactory*>, std::_Select1st<std::pair<G4String const, G4VBasePhysConstrFactory*> >, std::less<G4String>, std::allocator<std::pair<G4String const, G4VBasePhysConstrFactory*> > >::_M_emplace_hint_unique<std::piecewise_construct_t const&, std::tuple<G4String const&>, std::tuple<> >(std::_Rb_tree_const_iterator<std::pair<G4String const, G4VBasePhysConstrFactory*> >, std::piecewise_construct_t const&, std::tuple<G4String const&>&&, std::tuple<>&&) [clone .isra.0] (in /home/vnivanch/cwork/tests-build/Hadr01/Hadr01)
==643505==    by 0x9DF3E7: G4PhysicsConstructorRegistry::AddFactory(G4String, G4VBasePhysConstrFactory*) (in /home/vnivanch/cwork/tests-build/Hadr01/Hadr01)
==643505==    by 0x53AE49: _GLOBAL__sub_I__ZGR28G4HadronInelasticQBBCFactory_ (in /home/vnivanch/cwork/tests-build/Hadr01/Hadr01)
==643505==    by 0x4F676BA: __libc_start_main@@GLIBC_2.34 (in /usr/lib64/libc.so.6)
==643505==    by 0x59EEA4: (below main) (in /home/vnivanch/cwork/tests-build/Hadr01/Hadr01)
==643505== 
==643505== 72 bytes in 1 blocks are still reachable in loss record 94 of 168
==643505==    at 0x4844F95: operator new(unsigned long) (vg_replace_malloc.c:483)
==643505==    by 0x9DED82: std::_Rb_tree_iterator<std::pair<G4String const, G4VBasePhysConstrFactory*> > std::_Rb_tree<G4String, std::pair<G4String const, G4VBasePhysConstrFactory*>, std::_Select1st<std::pair<G4String const, G4VBasePhysConstrFactory*> >, std::less<G4String>, std::allocator<std::pair<G4String const, G4VBasePhysConstrFactory*> > >::_M_emplace_hint_unique<std::piecewise_construct_t const&, std::tuple<G4String const&>, std::tuple<> >(std::_Rb_tree_const_iterator<std::pair<G4String const, G4VBasePhysConstrFactory*> >, std::piecewise_construct_t const&, std::tuple<G4String const&>&&, std::tuple<>&&) [clone .isra.0] (in /home/vnivanch/cwork/tests-build/Hadr01/Hadr01)
==643505==    by 0x9DF3E7: G4PhysicsConstructorRegistry::AddFactory(G4String, G4VBasePhysConstrFactory*) (in /home/vnivanch/cwork/tests-build/Hadr01/Hadr01)
==643505==    by 0x9E6AA6: G4PhysicsConstructorFactory<G4HadronPhysicsFTF_BIC>::G4PhysicsConstructorFactory(G4String const&) (in /home/vnivanch/cwork/tests-build/Hadr01/Hadr01)
==643505==    by 0x53B029: _GLOBAL__sub_I__ZGR29G4HadronPhysicsFTF_BICFactory_ (in /home/vnivanch/cwork/tests-build/Hadr01/Hadr01)
==643505==    by 0x4F676BA: __libc_start_main@@GLIBC_2.34 (in /usr/lib64/libc.so.6)
==643505==    by 0x59EEA4: (below main) (in /home/vnivanch/cwork/tests-build/Hadr01/Hadr01)
==643505== 
==643505== 72 bytes in 1 blocks are still reachable in loss record 95 of 168
==643505==    at 0x4844F95: operator new(unsigned long) (vg_replace_malloc.c:483)
==643505==    by 0x9DED82: std::_Rb_tree_iterator<std::pair<G4String const, G4VBasePhysConstrFactory*> > std::_Rb_tree<G4String, std::pair<G4String const, G4VBasePhysConstrFactory*>, std::_Select1st<std::pair<G4String const, G4VBasePhysConstrFactory*> >, std::less<G4String>, std::allocator<std::pair<G4String const, G4VBasePhysConstrFactory*> > >::_M_emplace_hint_unique<std::piecewise_construct_t const&, std::tuple<G4String const&>, std::tuple<> >(std::_Rb_tree_const_iterator<std::pair<G4String const, G4VBasePhysConstrFactory*> >, std::piecewise_construct_t const&, std::tuple<G4String const&>&&, std::tuple<>&&) [clone .isra.0] (in /home/vnivanch/cwork/tests-build/Hadr01/Hadr01)
==643505==    by 0x9DF3E7: G4PhysicsConstructorRegistry::AddFactory(G4String, G4VBasePhysConstrFactory*) (in /home/vnivanch/cwork/tests-build/Hadr01/Hadr01)
==643505==    by 0x9E79E6: G4PhysicsConstructorFactory<G4HadronPhysicsFTFP_BERT>::G4PhysicsConstructorFactory(G4String const&) (in /home/vnivanch/cwork/tests-build/Hadr01/Hadr01)
==643505==    by 0x53B1A9: _GLOBAL__sub_I__ZGR31G4HadronPhysicsFTFP_BERTFactory_ (in /home/vnivanch/cwork/tests-build/Hadr01/Hadr01)
==643505==    by 0x4F676BA: __libc_start_main@@GLIBC_2.34 (in /usr/lib64/libc.so.6)
==643505==    by 0x59EEA4: (below main) (in /home/vnivanch/cwork/tests-build/Hadr01/Hadr01)
==643505== 
==643505== 72 bytes in 1 blocks are still reachable in loss record 96 of 168
==643505==    at 0x4844F95: operator new(unsigned long) (vg_replace_malloc.c:483)
==643505==    by 0x9DED82: std::_Rb_tree_iterator<std::pair<G4String const, G4VBasePhysConstrFactory*> > std::_Rb_tree<G4String, std::pair<G4String const, G4VBasePhysConstrFactory*>, std::_Select1st<std::pair<G4String const, G4VBasePhysConstrFactory*> >, std::less<G4String>, std::allocator<std::pair<G4String const, G4VBasePhysConstrFactory*> > >::_M_emplace_hint_unique<std::piecewise_construct_t const&, std::tuple<G4String const&>, std::tuple<> >(std::_Rb_tree_const_iterator<std::pair<G4String const, G4VBasePhysConstrFactory*> >, std::piecewise_construct_t const&, std::tuple<G4String const&>&&, std::tuple<>&&) [clone .isra.0] (in /home/vnivanch/cwork/tests-build/Hadr01/Hadr01)
==643505==    by 0x9DF3E7: G4PhysicsConstructorRegistry::AddFactory(G4String, G4VBasePhysConstrFactory*) (in /home/vnivanch/cwork/tests-build/Hadr01/Hadr01)
==643505==    by 0x9E7C96: G4PhysicsConstructorFactory<G4HadronPhysicsFTFP_BERT_TRV>::G4PhysicsConstructorFactory(G4String const&) (in /home/vnivanch/cwork/tests-build/Hadr01/Hadr01)
==643505==    by 0x53B26A: _GLOBAL__sub_I__ZGR35G4HadronPhysicsFTFP_BERT_TRVFactory_ (in /home/vnivanch/cwork/tests-build/Hadr01/Hadr01)
==643505==    by 0x4F676BA: __libc_start_main@@GLIBC_2.34 (in /usr/lib64/libc.so.6)
==643505==    by 0x59EEA4: (below main) (in /home/vnivanch/cwork/tests-build/Hadr01/Hadr01)
==643505== 
==643505== 72 bytes in 1 blocks are still reachable in loss record 97 of 168
==643505==    at 0x4844F95: operator new(unsigned long) (vg_replace_malloc.c:483)
==643505==    by 0x9DED82: std::_Rb_tree_iterator<std::pair<G4String const, G4VBasePhysConstrFactory*> > std::_Rb_tree<G4String, std::pair<G4String const, G4VBasePhysConstrFactory*>, std::_Select1st<std::pair<G4String const, G4VBasePhysConstrFactory*> >, std::less<G4String>, std::allocator<std::pair<G4String const, G4VBasePhysConstrFactory*> > >::_M_emplace_hint_unique<std::piecewise_construct_t const&, std::tuple<G4String const&>, std::tuple<> >(std::_Rb_tree_const_iterator<std::pair<G4String const, G4VBasePhysConstrFactory*> >, std::piecewise_construct_t const&, std::tuple<G4String const&>&&, std::tuple<>&&) [clone .isra.0] (in /home/vnivanch/cwork/tests-build/Hadr01/Hadr01)
==643505==    by 0x9DF3E7: G4PhysicsConstructorRegistry::AddFactory(G4String, G4VBasePhysConstrFactory*) (in /home/vnivanch/cwork/tests-build/Hadr01/Hadr01)
==643505==    by 0x9E8576: G4PhysicsConstructorFactory<G4HadronPhysicsQGS_BIC>::G4PhysicsConstructorFactory(G4String const&) (in /home/vnivanch/cwork/tests-build/Hadr01/Hadr01)
==643505==    by 0x53B3E9: _GLOBAL__sub_I__ZGR29G4HadronPhysicsQGS_BICFactory_ (in /home/vnivanch/cwork/tests-build/Hadr01/Hadr01)
==643505==    by 0x4F676BA: __libc_start_main@@GLIBC_2.34 (in /usr/lib64/libc.so.6)
==643505==    by 0x59EEA4: (below main) (in /home/vnivanch/cwork/tests-build/Hadr01/Hadr01)
==643505== 
==643505== 72 bytes in 1 blocks are still reachable in loss record 98 of 168
==643505==    at 0x4844F95: operator new(unsigned long) (vg_replace_malloc.c:483)
==643505==    by 0x9DED82: std::_Rb_tree_iterator<std::pair<G4String const, G4VBasePhysConstrFactory*> > std::_Rb_tree<G4String, std::pair<G4String const, G4VBasePhysConstrFactory*>, std::_Select1st<std::pair<G4String const, G4VBasePhysConstrFactory*> >, std::less<G4String>, std::allocator<std::pair<G4String const, G4VBasePhysConstrFactory*> > >::_M_emplace_hint_unique<std::piecewise_construct_t const&, std::tuple<G4String const&>, std::tuple<> >(std::_Rb_tree_const_iterator<std::pair<G4String const, G4VBasePhysConstrFactory*> >, std::piecewise_construct_t const&, std::tuple<G4String const&>&&, std::tuple<>&&) [clone .isra.0] (in /home/vnivanch/cwork/tests-build/Hadr01/Hadr01)
==643505==    by 0x9DF3E7: G4PhysicsConstructorRegistry::AddFactory(G4String, G4VBasePhysConstrFactory*) (in /home/vnivanch/cwork/tests-build/Hadr01/Hadr01)
==643505==    by 0x9E9376: G4PhysicsConstructorFactory<G4HadronPhysicsQGSP_BERT>::G4PhysicsConstructorFactory(G4String const&) (in /home/vnivanch/cwork/tests-build/Hadr01/Hadr01)
==643505==    by 0x53B569: _GLOBAL__sub_I__ZGR31G4HadronPhysicsQGSP_BERTFactory_ (in /home/vnivanch/cwork/tests-build/Hadr01/Hadr01)
==643505==    by 0x4F676BA: __libc_start_main@@GLIBC_2.34 (in /usr/lib64/libc.so.6)
==643505==    by 0x59EEA4: (below main) (in /home/vnivanch/cwork/tests-build/Hadr01/Hadr01)
==643505== 
==643505== 72 bytes in 1 blocks are still reachable in loss record 99 of 168
==643505==    at 0x4844F95: operator new(unsigned long) (vg_replace_malloc.c:483)
==643505==    by 0x9DED82: std::_Rb_tree_iterator<std::pair<G4String const, G4VBasePhysConstrFactory*> > std::_Rb_tree<G4String, std::pair<G4String const, G4VBasePhysConstrFactory*>, std::_Select1st<std::pair<G4String const, G4VBasePhysConstrFactory*> >, std::less<G4String>, std::allocator<std::pair<G4String const, G4VBasePhysConstrFactory*> > >::_M_emplace_hint_unique<std::piecewise_construct_t const&, std::tuple<G4String const&>, std::tuple<> >(std::_Rb_tree_const_iterator<std::pair<G4String const, G4VBasePhysConstrFactory*> >, std::piecewise_construct_t const&, std::tuple<G4String const&>&&, std::tuple<>&&) [clone .isra.0] (in /home/vnivanch/cwork/tests-build/Hadr01/Hadr01)
==643505==    by 0x9DF3E7: G4PhysicsConstructorRegistry::AddFactory(G4String, G4VBasePhysConstrFactory*) (in /home/vnivanch/cwork/tests-build/Hadr01/Hadr01)
==643505==    by 0x9E9A66: G4PhysicsConstructorFactory<G4HadronPhysicsQGSP_BERT_HP>::G4PhysicsConstructorFactory(G4String const&) (in /home/vnivanch/cwork/tests-build/Hadr01/Hadr01)
==643505==    by 0x53B711: _GLOBAL__sub_I__ZGR34G4HadronPhysicsQGSP_BERT_HPFactory_ (in /home/vnivanch/cwork/tests-build/Hadr01/Hadr01)
==643505==    by 0x4F676BA: __libc_start_main@@GLIBC_2.34 (in /usr/lib64/libc.so.6)
==643505==    by 0x59EEA4: (below main) (in /home/vnivanch/cwork/tests-build/Hadr01/Hadr01)
==643505== 
==643505== 72 bytes in 1 blocks are still reachable in loss record 100 of 168
==643505==    at 0x4844F95: operator new(unsigned long) (vg_replace_malloc.c:483)
==643505==    by 0x9DED82: std::_Rb_tree_iterator<std::pair<G4String const, G4VBasePhysConstrFactory*> > std::_Rb_tree<G4String, std::pair<G4String const, G4VBasePhysConstrFactory*>, std::_Select1st<std::pair<G4String const, G4VBasePhysConstrFactory*> >, std::less<G4String>, std::allocator<std::pair<G4String const, G4VBasePhysConstrFactory*> > >::_M_emplace_hint_unique<std::piecewise_construct_t const&, std::tuple<G4String const&>, std::tuple<> >(std::_Rb_tree_const_iterator<std::pair<G4String const, G4VBasePhysConstrFactory*> >, std::piecewise_construct_t const&, std::tuple<G4String const&>&&, std::tuple<>&&) [clone .isra.0] (in /home/vnivanch/cwork/tests-build/Hadr01/Hadr01)
==643505==    by 0x9DF3E7: G4PhysicsConstructorRegistry::AddFactory(G4String, G4VBasePhysConstrFactory*) (in /home/vnivanch/cwork/tests-build/Hadr01/Hadr01)
==643505==    by 0x9EA4A6: G4PhysicsConstructorFactory<G4HadronPhysicsQGSP_BIC>::G4PhysicsConstructorFactory(G4String const&) (in /home/vnivanch/cwork/tests-build/Hadr01/Hadr01)
==643505==    by 0x53B899: _GLOBAL__sub_I__ZGR30G4HadronPhysicsQGSP_BICFactory_ (in /home/vnivanch/cwork/tests-build/Hadr01/Hadr01)
==643505==    by 0x4F676BA: __libc_start_main@@GLIBC_2.34 (in /usr/lib64/libc.so.6)
==643505==    by 0x59EEA4: (below main) (in /home/vnivanch/cwork/tests-build/Hadr01/Hadr01)
==643505== 
==643505== 72 bytes in 1 blocks are still reachable in loss record 101 of 168
==643505==    at 0x4844F95: operator new(unsigned long) (vg_replace_malloc.c:483)
==643505==    by 0x9DED82: std::_Rb_tree_iterator<std::pair<G4String const, G4VBasePhysConstrFactory*> > std::_Rb_tree<G4String, std::pair<G4String const, G4VBasePhysConstrFactory*>, std::_Select1st<std::pair<G4String const, G4VBasePhysConstrFactory*> >, std::less<G4String>, std::allocator<std::pair<G4String const, G4VBasePhysConstrFactory*> > >::_M_emplace_hint_unique<std::piecewise_construct_t const&, std::tuple<G4String const&>, std::tuple<> >(std::_Rb_tree_const_iterator<std::pair<G4String const, G4VBasePhysConstrFactory*> >, std::piecewise_construct_t const&, std::tuple<G4String const&>&&, std::tuple<>&&) [clone .isra.0] (in /home/vnivanch/cwork/tests-build/Hadr01/Hadr01)
==643505==    by 0x9DF3E7: G4PhysicsConstructorRegistry::AddFactory(G4String, G4VBasePhysConstrFactory*) (in /home/vnivanch/cwork/tests-build/Hadr01/Hadr01)
==643505==    by 0x9EA9E6: G4PhysicsConstructorFactory<G4HadronPhysicsQGSP_BIC_HP>::G4PhysicsConstructorFactory(G4String const&) (in /home/vnivanch/cwork/tests-build/Hadr01/Hadr01)
==643505==    by 0x53BA41: _GLOBAL__sub_I__ZGR33G4HadronPhysicsQGSP_BIC_HPFactory_ (in /home/vnivanch/cwork/tests-build/Hadr01/Hadr01)
==643505==    by 0x4F676BA: __libc_start_main@@GLIBC_2.34 (in /usr/lib64/libc.so.6)
==643505==    by 0x59EEA4: (below main) (in /home/vnivanch/cwork/tests-build/Hadr01/Hadr01)
==643505== 
==643505== 72 bytes in 1 blocks are still reachable in loss record 102 of 168
==643505==    at 0x4844F95: operator new(unsigned long) (vg_replace_malloc.c:483)
==643505==    by 0x9DED82: std::_Rb_tree_iterator<std::pair<G4String const, G4VBasePhysConstrFactory*> > std::_Rb_tree<G4String, std::pair<G4String const, G4VBasePhysConstrFactory*>, std::_Select1st<std::pair<G4String const, G4VBasePhysConstrFactory*> >, std::less<G4String>, std::allocator<std::pair<G4String const, G4VBasePhysConstrFactory*> > >::_M_emplace_hint_unique<std::piecewise_construct_t const&, std::tuple<G4String const&>, std::tuple<> >(std::_Rb_tree_const_iterator<std::pair<G4String const, G4VBasePhysConstrFactory*> >, std::piecewise_construct_t const&, std::tuple<G4String const&>&&, std::tuple<>&&) [clone .isra.0] (in /home/vnivanch/cwork/tests-build/Hadr01/Hadr01)
==643505==    by 0x9DF3E7: G4PhysicsConstructorRegistry::AddFactory(G4String, G4VBasePhysConstrFactory*) (in /home/vnivanch/cwork/tests-build/Hadr01/Hadr01)
==643505==    by 0x9EAC96: G4PhysicsConstructorFactory<G4HadronPhysicsQGSP_FTFP_BERT>::G4PhysicsConstructorFactory(G4String const&) (in /home/vnivanch/cwork/tests-build/Hadr01/Hadr01)
==643505==    by 0x53BB0A: _GLOBAL__sub_I__ZGR36G4HadronPhysicsQGSP_FTFP_BERTFactory_ (in /home/vnivanch/cwork/tests-build/Hadr01/Hadr01)
==643505==    by 0x4F676BA: __libc_start_main@@GLIBC_2.34 (in /usr/lib64/libc.so.6)
==643505==    by 0x59EEA4: (below main) (in /home/vnivanch/cwork/tests-build/Hadr01/Hadr01)
==643505== 
==643505== 72 bytes in 1 blocks are still reachable in loss record 103 of 168
==643505==    at 0x4844F95: operator new(unsigned long) (vg_replace_malloc.c:483)
==643505==    by 0x9DED82: std::_Rb_tree_iterator<std::pair<G4String const, G4VBasePhysConstrFactory*> > std::_Rb_tree<G4String, std::pair<G4String const, G4VBasePhysConstrFactory*>, std::_Select1st<std::pair<G4String const, G4VBasePhysConstrFactory*> >, std::less<G4String>, std::allocator<std::pair<G4String const, G4VBasePhysConstrFactory*> > >::_M_emplace_hint_unique<std::piecewise_construct_t const&, std::tuple<G4String const&>, std::tuple<> >(std::_Rb_tree_const_iterator<std::pair<G4String const, G4VBasePhysConstrFactory*> >, std::piecewise_construct_t const&, std::tuple<G4String const&>&&, std::tuple<>&&) [clone .isra.0] (in /home/vnivanch/cwork/tests-build/Hadr01/Hadr01)
==643505==    by 0x9DF3E7: G4PhysicsConstructorRegistry::AddFactory(G4String, G4VBasePhysConstrFactory*) (in /home/vnivanch/cwork/tests-build/Hadr01/Hadr01)
==643505==    by 0x9EBC46: G4PhysicsConstructorFactory<G4IonPhysics>::G4PhysicsConstructorFactory(G4String const&) (in /home/vnivanch/cwork/tests-build/Hadr01/Hadr01)
==643505==    by 0x53BD4B: _GLOBAL__sub_I__ZGR19G4IonPhysicsFactory_ (in /home/vnivanch/cwork/tests-build/Hadr01/Hadr01)
==643505==    by 0x4F676BA: __libc_start_main@@GLIBC_2.34 (in /usr/lib64/libc.so.6)
==643505==    by 0x59EEA4: (below main) (in /home/vnivanch/cwork/tests-build/Hadr01/Hadr01)
==643505== 
==643505== 72 bytes in 1 blocks are still reachable in loss record 104 of 168
==643505==    at 0x4844F95: operator new(unsigned long) (vg_replace_malloc.c:483)
==643505==    by 0x9DED82: std::_Rb_tree_iterator<std::pair<G4String const, G4VBasePhysConstrFactory*> > std::_Rb_tree<G4String, std::pair<G4String const, G4VBasePhysConstrFactory*>, std::_Select1st<std::pair<G4String const, G4VBasePhysConstrFactory*> >, std::less<G4String>, std::allocator<std::pair<G4String const, G4VBasePhysConstrFactory*> > >::_M_emplace_hint_unique<std::piecewise_construct_t const&, std::tuple<G4String const&>, std::tuple<> >(std::_Rb_tree_const_iterator<std::pair<G4String const, G4VBasePhysConstrFactory*> >, std::piecewise_construct_t const&, std::tuple<G4String const&>&&, std::tuple<>&&) [clone .isra.0] (in /home/vnivanch/cwork/tests-build/Hadr01/Hadr01)
==643505==    by 0x9DF3E7: G4PhysicsConstructorRegistry::AddFactory(G4String, G4VBasePhysConstrFactory*) (in /home/vnivanch/cwork/tests-build/Hadr01/Hadr01)
==643505==    by 0x9EBF86: G4PhysicsConstructorFactory<G4IonPhysicsXS>::G4PhysicsConstructorFactory(G4String const&) (in /home/vnivanch/cwork/tests-build/Hadr01/Hadr01)
==643505==    by 0x53BEA2: _GLOBAL__sub_I__ZGR21G4IonPhysicsXSFactory_ (in /home/vnivanch/cwork/tests-build/Hadr01/Hadr01)
==643505==    by 0x4F676BA: __libc_start_main@@GLIBC_2.34 (in /usr/lib64/libc.so.6)
==643505==    by 0x59EEA4: (below main) (in /home/vnivanch/cwork/tests-build/Hadr01/Hadr01)
==643505== 
==643505== 72 bytes in 1 blocks are still reachable in loss record 105 of 168
==643505==    at 0x4844F95: operator new(unsigned long) (vg_replace_malloc.c:483)
==643505==    by 0x9DED82: std::_Rb_tree_iterator<std::pair<G4String const, G4VBasePhysConstrFactory*> > std::_Rb_tree<G4String, std::pair<G4String const, G4VBasePhysConstrFactory*>, std::_Select1st<std::pair<G4String const, G4VBasePhysConstrFactory*> >, std::less<G4String>, std::allocator<std::pair<G4String const, G4VBasePhysConstrFactory*> > >::_M_emplace_hint_unique<std::piecewise_construct_t const&, std::tuple<G4String const&>, std::tuple<> >(std::_Rb_tree_const_iterator<std::pair<G4String const, G4VBasePhysConstrFactory*> >, std::piecewise_construct_t const&, std::tuple<G4String const&>&&, std::tuple<>&&) [clone .isra.0] (in /home/vnivanch/cwork/tests-build/Hadr01/Hadr01)
==643505==    by 0x9DF3E7: G4PhysicsConstructorRegistry::AddFactory(G4String, G4VBasePhysConstrFactory*) (in /home/vnivanch/cwork/tests-build/Hadr01/Hadr01)
==643505==    by 0x53C082: _GLOBAL__sub_I__ZGR27G4NeutronTrackingCutFactory_ (in /home/vnivanch/cwork/tests-build/Hadr01/Hadr01)
==643505==    by 0x4F676BA: __libc_start_main@@GLIBC_2.34 (in /usr/lib64/libc.so.6)
==643505==    by 0x59EEA4: (below main) (in /home/vnivanch/cwork/tests-build/Hadr01/Hadr01)
==643505== 
==643505== 72 bytes in 1 blocks are still reachable in loss record 106 of 168
==643505==    at 0x4844F95: operator new(unsigned long) (vg_replace_malloc.c:483)
==643505==    by 0x9DED82: std::_Rb_tree_iterator<std::pair<G4String const, G4VBasePhysConstrFactory*> > std::_Rb_tree<G4String, std::pair<G4String const, G4VBasePhysConstrFactory*>, std::_Select1st<std::pair<G4String const, G4VBasePhysConstrFactory*> >, std::less<G4String>, std::allocator<std::pair<G4String const, G4VBasePhysConstrFactory*> > >::_M_emplace_hint_unique<std::piecewise_construct_t const&, std::tuple<G4String const&>, std::tuple<> >(std::_Rb_tree_const_iterator<std::pair<G4String const, G4VBasePhysConstrFactory*> >, std::piecewise_construct_t const&, std::tuple<G4String const&>&&, std::tuple<>&&) [clone .isra.0] (in /home/vnivanch/cwork/tests-build/Hadr01/Hadr01)
==643505==    by 0x9DF3E7: G4PhysicsConstructorRegistry::AddFactory(G4String, G4VBasePhysConstrFactory*) (in /home/vnivanch/cwork/tests-build/Hadr01/Hadr01)
==643505==    by 0x9ECE96: G4PhysicsConstructorFactory<G4StoppingPhysics>::G4PhysicsConstructorFactory(G4String const&) (in /home/vnivanch/cwork/tests-build/Hadr01/Hadr01)
==643505==    by 0x53C25F: _GLOBAL__sub_I__ZGR24G4StoppingPhysicsFactory_ (in /home/vnivanch/cwork/tests-build/Hadr01/Hadr01)
==643505==    by 0x4F676BA: __libc_start_main@@GLIBC_2.34 (in /usr/lib64/libc.so.6)
==643505==    by 0x59EEA4: (below main) (in /home/vnivanch/cwork/tests-build/Hadr01/Hadr01)
==643505== 
==643505== 72 bytes in 1 blocks are still reachable in loss record 107 of 168
==643505==    at 0x4844F95: operator new(unsigned long) (vg_replace_malloc.c:483)
==643505==    by 0x9DED82: std::_Rb_tree_iterator<std::pair<G4String const, G4VBasePhysConstrFactory*> > std::_Rb_tree<G4String, std::pair<G4String const, G4VBasePhysConstrFactory*>, std::_Select1st<std::pair<G4String const, G4VBasePhysConstrFactory*> >, std::less<G4String>, std::allocator<std::pair<G4String const, G4VBasePhysConstrFactory*> > >::_M_emplace_hint_unique<std::piecewise_construct_t const&, std::tuple<G4String const&>, std::tuple<> >(std::_Rb_tree_const_iterator<std::pair<G4String const, G4VBasePhysConstrFactory*> >, std::piecewise_construct_t const&, std::tuple<G4String const&>&&, std::tuple<>&&) [clone .isra.0] (in /home/vnivanch/cwork/tests-build/Hadr01/Hadr01)
==643505==    by 0x9DF3E7: G4PhysicsConstructorRegistry::AddFactory(G4String, G4VBasePhysConstrFactory*) (in /home/vnivanch/cwork/tests-build/Hadr01/Hadr01)
==643505==    by 0xA0F556: G4PhysicsConstructorFactory<G4EmLivermorePhysics>::G4PhysicsConstructorFactory(G4String const&) (in /home/vnivanch/cwork/tests-build/Hadr01/Hadr01)
==643505==    by 0x53F792: _GLOBAL__sub_I__ZGR27G4EmLivermorePhysicsFactory_ (in /home/vnivanch/cwork/tests-build/Hadr01/Hadr01)
==643505==    by 0x4F676BA: __libc_start_main@@GLIBC_2.34 (in /usr/lib64/libc.so.6)
==643505==    by 0x59EEA4: (below main) (in /home/vnivanch/cwork/tests-build/Hadr01/Hadr01)
==643505== 
==643505== 72 bytes in 1 blocks are still reachable in loss record 108 of 168
==643505==    at 0x4844F95: operator new(unsigned long) (vg_replace_malloc.c:483)
==643505==    by 0x9DED82: std::_Rb_tree_iterator<std::pair<G4String const, G4VBasePhysConstrFactory*> > std::_Rb_tree<G4String, std::pair<G4String const, G4VBasePhysConstrFactory*>, std::_Select1st<std::pair<G4String const, G4VBasePhysConstrFactory*> >, std::less<G4String>, std::allocator<std::pair<G4String const, G4VBasePhysConstrFactory*> > >::_M_emplace_hint_unique<std::piecewise_construct_t const&, std::tuple<G4String const&>, std::tuple<> >(std::_Rb_tree_const_iterator<std::pair<G4String const, G4VBasePhysConstrFactory*> >, std::piecewise_construct_t const&, std::tuple<G4String const&>&&, std::tuple<>&&) [clone .isra.0] (in /home/vnivanch/cwork/tests-build/Hadr01/Hadr01)
==643505==    by 0x9DF3E7: G4PhysicsConstructorRegistry::AddFactory(G4String, G4VBasePhysConstrFactory*) (in /home/vnivanch/cwork/tests-build/Hadr01/Hadr01)
==643505==    by 0xA10D36: G4PhysicsConstructorFactory<G4EmLowEPPhysics>::G4PhysicsConstructorFactory(G4String const&) (in /home/vnivanch/cwork/tests-build/Hadr01/Hadr01)
==643505==    by 0x53F90B: _GLOBAL__sub_I__ZGR23G4EmLowEPPhysicsFactory_ (in /home/vnivanch/cwork/tests-build/Hadr01/Hadr01)
==643505==    by 0x4F676BA: __libc_start_main@@GLIBC_2.34 (in /usr/lib64/libc.so.6)
==643505==    by 0x59EEA4: (below main) (in /home/vnivanch/cwork/tests-build/Hadr01/Hadr01)
==643505== 
==643505== 72 bytes in 1 blocks are still reachable in loss record 109 of 168
==643505==    at 0x4844F95: operator new(unsigned long) (vg_replace_malloc.c:483)
==643505==    by 0x9DED82: std::_Rb_tree_iterator<std::pair<G4String const, G4VBasePhysConstrFactory*> > std::_Rb_tree<G4String, std::pair<G4String const, G4VBasePhysConstrFactory*>, std::_Select1st<std::pair<G4String const, G4VBasePhysConstrFactory*> >, std::less<G4String>, std::allocator<std::pair<G4String const, G4VBasePhysConstrFactory*> > >::_M_emplace_hint_unique<std::piecewise_construct_t const&, std::tuple<G4String const&>, std::tuple<> >(std::_Rb_tree_const_iterator<std::pair<G4String const, G4VBasePhysConstrFactory*> >, std::piecewise_construct_t const&, std::tuple<G4String const&>&&, std::tuple<>&&) [clone .isra.0] (in /home/vnivanch/cwork/tests-build/Hadr01/Hadr01)
==643505==    by 0x9DF3E7: G4PhysicsConstructorRegistry::AddFactory(G4String, G4VBasePhysConstrFactory*) (in /home/vnivanch/cwork/tests-build/Hadr01/Hadr01)
==643505==    by 0xA1ACD6: G4PhysicsConstructorFactory<G4EmPenelopePhysics>::G4PhysicsConstructorFactory(G4String const&) (in /home/vnivanch/cwork/tests-build/Hadr01/Hadr01)
==643505==    by 0x53FBA2: _GLOBAL__sub_I__ZGR26G4EmPenelopePhysicsFactory_ (in /home/vnivanch/cwork/tests-build/Hadr01/Hadr01)
==643505==    by 0x4F676BA: __libc_start_main@@GLIBC_2.34 (in /usr/lib64/libc.so.6)
==643505==    by 0x59EEA4: (below main) (in /home/vnivanch/cwork/tests-build/Hadr01/Hadr01)
==643505== 
==643505== 72 bytes in 1 blocks are still reachable in loss record 110 of 168
==643505==    at 0x4844F95: operator new(unsigned long) (vg_replace_malloc.c:483)
==643505==    by 0x9DED82: std::_Rb_tree_iterator<std::pair<G4String const, G4VBasePhysConstrFactory*> > std::_Rb_tree<G4String, std::pair<G4String const, G4VBasePhysConstrFactory*>, std::_Select1st<std::pair<G4String const, G4VBasePhysConstrFactory*> >, std::less<G4String>, std::allocator<std::pair<G4String const, G4VBasePhysConstrFactory*> > >::_M_emplace_hint_unique<std::piecewise_construct_t const&, std::tuple<G4String const&>, std::tuple<> >(std::_Rb_tree_const_iterator<std::pair<G4String const, G4VBasePhysConstrFactory*> >, std::piecewise_construct_t const&, std::tuple<G4String const&>&&, std::tuple<>&&) [clone .isra.0] (in /home/vnivanch/cwork/tests-build/Hadr01/Hadr01)
==643505==    by 0x9DF3E7: G4PhysicsConstructorRegistry::AddFactory(G4String, G4VBasePhysConstrFactory*) (in /home/vnivanch/cwork/tests-build/Hadr01/Hadr01)
==643505==    by 0xA1BBA6: G4PhysicsConstructorFactory<G4EmStandardPhysicsSS>::G4PhysicsConstructorFactory(G4String const&) (in /home/vnivanch/cwork/tests-build/Hadr01/Hadr01)
==643505==    by 0x53FD29: _GLOBAL__sub_I__ZGR28G4EmStandardPhysicsSSFactory_ (in /home/vnivanch/cwork/tests-build/Hadr01/Hadr01)
==643505==    by 0x4F676BA: __libc_start_main@@GLIBC_2.34 (in /usr/lib64/libc.so.6)
==643505==    by 0x59EEA4: (below main) (in /home/vnivanch/cwork/tests-build/Hadr01/Hadr01)
==643505== 
==643505== 72 bytes in 1 blocks are still reachable in loss record 111 of 168
==643505==    at 0x4844F95: operator new(unsigned long) (vg_replace_malloc.c:483)
==643505==    by 0x9DED82: std::_Rb_tree_iterator<std::pair<G4String const, G4VBasePhysConstrFactory*> > std::_Rb_tree<G4String, std::pair<G4String const, G4VBasePhysConstrFactory*>, std::_Select1st<std::pair<G4String const, G4VBasePhysConstrFactory*> >, std::less<G4String>, std::allocator<std::pair<G4String const, G4VBasePhysConstrFactory*> > >::_M_emplace_hint_unique<std::piecewise_construct_t const&, std::tuple<G4String const&>, std::tuple<> >(std::_Rb_tree_const_iterator<std::pair<G4String const, G4VBasePhysConstrFactory*> >, std::piecewise_construct_t const&, std::tuple<G4String const&>&&, std::tuple<>&&) [clone .isra.0] (in /home/vnivanch/cwork/tests-build/Hadr01/Hadr01)
==643505==    by 0x9DF3E7: G4PhysicsConstructorRegistry::AddFactory(G4String, G4VBasePhysConstrFactory*) (in /home/vnivanch/cwork/tests-build/Hadr01/Hadr01)
==643505==    by 0xA1CCA6: G4PhysicsConstructorFactory<G4EmStandardPhysicsWVI>::G4PhysicsConstructorFactory(G4String const&) (in /home/vnivanch/cwork/tests-build/Hadr01/Hadr01)
==643505==    by 0x53FEA9: _GLOBAL__sub_I__ZGR29G4EmStandardPhysicsWVIFactory_ (in /home/vnivanch/cwork/tests-build/Hadr01/Hadr01)
==643505==    by 0x4F676BA: __libc_start_main@@GLIBC_2.34 (in /usr/lib64/libc.so.6)
==643505==    by 0x59EEA4: (below main) (in /home/vnivanch/cwork/tests-build/Hadr01/Hadr01)
==643505== 
==643505== 72 bytes in 1 blocks are still reachable in loss record 112 of 168
==643505==    at 0x4844F95: operator new(unsigned long) (vg_replace_malloc.c:483)
==643505==    by 0x9DED82: std::_Rb_tree_iterator<std::pair<G4String const, G4VBasePhysConstrFactory*> > std::_Rb_tree<G4String, std::pair<G4String const, G4VBasePhysConstrFactory*>, std::_Select1st<std::pair<G4String const, G4VBasePhysConstrFactory*> >, std::less<G4String>, std::allocator<std::pair<G4String const, G4VBasePhysConstrFactory*> > >::_M_emplace_hint_unique<std::piecewise_construct_t const&, std::tuple<G4String const&>, std::tuple<> >(std::_Rb_tree_const_iterator<std::pair<G4String const, G4VBasePhysConstrFactory*> >, std::piecewise_construct_t const&, std::tuple<G4String const&>&&, std::tuple<>&&) [clone .isra.0] (in /home/vnivanch/cwork/tests-build/Hadr01/Hadr01)
==643505==    by 0x9DF3E7: G4PhysicsConstructorRegistry::AddFactory(G4String, G4VBasePhysConstrFactory*) (in /home/vnivanch/cwork/tests-build/Hadr01/Hadr01)
==643505==    by 0x5400C1: _GLOBAL__sub_I__ZGR23G4OpticalPhysicsFactory_ (in /home/vnivanch/cwork/tests-build/Hadr01/Hadr01)
==643505==    by 0x4F676BA: __libc_start_main@@GLIBC_2.34 (in /usr/lib64/libc.so.6)
==643505==    by 0x59EEA4: (below main) (in /home/vnivanch/cwork/tests-build/Hadr01/Hadr01)
==643505== 
==643505== 72 bytes in 1 blocks are still reachable in loss record 113 of 168
==643505==    at 0x4844F95: operator new(unsigned long) (vg_replace_malloc.c:483)
==643505==    by 0x9DED82: std::_Rb_tree_iterator<std::pair<G4String const, G4VBasePhysConstrFactory*> > std::_Rb_tree<G4String, std::pair<G4String const, G4VBasePhysConstrFactory*>, std::_Select1st<std::pair<G4String const, G4VBasePhysConstrFactory*> >, std::less<G4String>, std::allocator<std::pair<G4String const, G4VBasePhysConstrFactory*> > >::_M_emplace_hint_unique<std::piecewise_construct_t const&, std::tuple<G4String const&>, std::tuple<> >(std::_Rb_tree_const_iterator<std::pair<G4String const, G4VBasePhysConstrFactory*> >, std::piecewise_construct_t const&, std::tuple<G4String const&>&&, std::tuple<>&&) [clone .isra.0] (in /home/vnivanch/cwork/tests-build/Hadr01/Hadr01)
==643505==    by 0x9DF3E7: G4PhysicsConstructorRegistry::AddFactory(G4String, G4VBasePhysConstrFactory*) (in /home/vnivanch/cwork/tests-build/Hadr01/Hadr01)
==643505==    by 0xA1F016: G4PhysicsConstructorFactory<G4NeutrinoPhysics>::G4PhysicsConstructorFactory(G4String const&) (in /home/vnivanch/cwork/tests-build/Hadr01/Hadr01)
==643505==    by 0x54029F: _GLOBAL__sub_I__ZGR24G4NeutrinoPhysicsFactory_ (in /home/vnivanch/cwork/tests-build/Hadr01/Hadr01)
==643505==    by 0x4F676BA: __libc_start_main@@GLIBC_2.34 (in /usr/lib64/libc.so.6)
==643505==    by 0x59EEA4: (below main) (in /home/vnivanch/cwork/tests-build/Hadr01/Hadr01)
==643505== 
==643505== 72 bytes in 1 blocks are still reachable in loss record 114 of 168
==643505==    at 0x4844F95: operator new(unsigned long) (vg_replace_malloc.c:483)
==643505==    by 0x9DED82: std::_Rb_tree_iterator<std::pair<G4String const, G4VBasePhysConstrFactory*> > std::_Rb_tree<G4String, std::pair<G4String const, G4VBasePhysConstrFactory*>, std::_Select1st<std::pair<G4String const, G4VBasePhysConstrFactory*> >, std::less<G4String>, std::allocator<std::pair<G4String const, G4VBasePhysConstrFactory*> > >::_M_emplace_hint_unique<std::piecewise_construct_t const&, std::tuple<G4String const&>, std::tuple<> >(std::_Rb_tree_const_iterator<std::pair<G4String const, G4VBasePhysConstrFactory*> >, std::piecewise_construct_t const&, std::tuple<G4String const&>&&, std::tuple<>&&) [clone .isra.0] (in /home/vnivanch/cwork/tests-build/Hadr01/Hadr01)
==643505==    by 0x9DF3E7: G4PhysicsConstructorRegistry::AddFactory(G4String, G4VBasePhysConstrFactory*) (in /home/vnivanch/cwork/tests-build/Hadr01/Hadr01)
==643505==    by 0x5404B9: _GLOBAL__sub_I__ZGR30G4ChargeExchangePhysicsFactory_ (in /home/vnivanch/cwork/tests-build/Hadr01/Hadr01)
==643505==    by 0x4F676BA: __libc_start_main@@GLIBC_2.34 (in /usr/lib64/libc.so.6)
==643505==    by 0x59EEA4: (below main) (in /home/vnivanch/cwork/tests-build/Hadr01/Hadr01)
==643505== 
==643505== 72 bytes in 1 blocks are still reachable in loss record 115 of 168
==643505==    at 0x4844F95: operator new(unsigned long) (vg_replace_malloc.c:483)
==643505==    by 0x9DED82: std::_Rb_tree_iterator<std::pair<G4String const, G4VBasePhysConstrFactory*> > std::_Rb_tree<G4String, std::pair<G4String const, G4VBasePhysConstrFactory*>, std::_Select1st<std::pair<G4String const, G4VBasePhysConstrFactory*> >, std::less<G4String>, std::allocator<std::pair<G4String const, G4VBasePhysConstrFactory*> > >::_M_emplace_hint_unique<std::piecewise_construct_t const&, std::tuple<G4String const&>, std::tuple<> >(std::_Rb_tree_const_iterator<std::pair<G4String const, G4VBasePhysConstrFactory*> >, std::piecewise_construct_t const&, std::tuple<G4String const&>&&, std::tuple<>&&) [clone .isra.0] (in /home/vnivanch/cwork/tests-build/Hadr01/Hadr01)
==643505==    by 0x9DF3E7: G4PhysicsConstructorRegistry::AddFactory(G4String, G4VBasePhysConstrFactory*) (in /home/vnivanch/cwork/tests-build/Hadr01/Hadr01)
==643505==    by 0xA20796: G4PhysicsConstructorFactory<G4HadronElasticPhysicsHPT>::G4PhysicsConstructorFactory(G4String const&) (in /home/vnivanch/cwork/tests-build/Hadr01/Hadr01)
==643505==    by 0x540697: _GLOBAL__sub_I__ZGR32G4HadronElasticPhysicsHPTFactory_ (in /home/vnivanch/cwork/tests-build/Hadr01/Hadr01)
==643505==    by 0x4F676BA: __libc_start_main@@GLIBC_2.34 (in /usr/lib64/libc.so.6)
==643505==    by 0x59EEA4: (below main) (in /home/vnivanch/cwork/tests-build/Hadr01/Hadr01)
==643505== 
==643505== 72 bytes in 1 blocks are still reachable in loss record 116 of 168
==643505==    at 0x4844F95: operator new(unsigned long) (vg_replace_malloc.c:483)
==643505==    by 0x9DED82: std::_Rb_tree_iterator<std::pair<G4String const, G4VBasePhysConstrFactory*> > std::_Rb_tree<G4String, std::pair<G4String const, G4VBasePhysConstrFactory*>, std::_Select1st<std::pair<G4String const, G4VBasePhysConstrFactory*> >, std::less<G4String>, std::allocator<std::pair<G4String const, G4VBasePhysConstrFactory*> > >::_M_emplace_hint_unique<std::piecewise_construct_t const&, std::tuple<G4String const&>, std::tuple<> >(std::_Rb_tree_const_iterator<std::pair<G4String const, G4VBasePhysConstrFactory*> >, std::piecewise_construct_t const&, std::tuple<G4String const&>&&, std::tuple<>&&) [clone .isra.0] (in /home/vnivanch/cwork/tests-build/Hadr01/Hadr01)
==643505==    by 0x9DF3E7: G4PhysicsConstructorRegistry::AddFactory(G4String, G4VBasePhysConstrFactory*) (in /home/vnivanch/cwork/tests-build/Hadr01/Hadr01)
==643505==    by 0x540877: _GLOBAL__sub_I__ZGR33G4HadronElasticPhysicsLENDFactory_ (in /home/vnivanch/cwork/tests-build/Hadr01/Hadr01)
==643505==    by 0x4F676BA: __libc_start_main@@GLIBC_2.34 (in /usr/lib64/libc.so.6)
==643505==    by 0x59EEA4: (below main) (in /home/vnivanch/cwork/tests-build/Hadr01/Hadr01)
==643505== 
==643505== 72 bytes in 1 blocks are still reachable in loss record 117 of 168
==643505==    at 0x4844F95: operator new(unsigned long) (vg_replace_malloc.c:483)
==643505==    by 0x9DED82: std::_Rb_tree_iterator<std::pair<G4String const, G4VBasePhysConstrFactory*> > std::_Rb_tree<G4String, std::pair<G4String const, G4VBasePhysConstrFactory*>, std::_Select1st<std::pair<G4String const, G4VBasePhysConstrFactory*> >, std::less<G4String>, std::allocator<std::pair<G4String const, G4VBasePhysConstrFactory*> > >::_M_emplace_hint_unique<std::piecewise_construct_t const&, std::tuple<G4String const&>, std::tuple<> >(std::_Rb_tree_const_iterator<std::pair<G4String const, G4VBasePhysConstrFactory*> >, std::piecewise_construct_t const&, std::tuple<G4String const&>&&, std::tuple<>&&) [clone .isra.0] (in /home/vnivanch/cwork/tests-build/Hadr01/Hadr01)
==643505==    by 0x9DF3E7: G4PhysicsConstructorRegistry::AddFactory(G4String, G4VBasePhysConstrFactory*) (in /home/vnivanch/cwork/tests-build/Hadr01/Hadr01)
==643505==    by 0xA213B6: G4PhysicsConstructorFactory<G4HadronElasticPhysicsPHP>::G4PhysicsConstructorFactory(G4String const&) (in /home/vnivanch/cwork/tests-build/Hadr01/Hadr01)
==643505==    by 0x540A81: _GLOBAL__sub_I__ZGR32G4HadronElasticPhysicsPHPFactory_ (in /home/vnivanch/cwork/tests-build/Hadr01/Hadr01)
==643505==    by 0x4F676BA: __libc_start_main@@GLIBC_2.34 (in /usr/lib64/libc.so.6)
==643505==    by 0x59EEA4: (below main) (in /home/vnivanch/cwork/tests-build/Hadr01/Hadr01)
==643505== 
==643505== 72 bytes in 1 blocks are still reachable in loss record 118 of 168
==643505==    at 0x4844F95: operator new(unsigned long) (vg_replace_malloc.c:483)
==643505==    by 0x9DED82: std::_Rb_tree_iterator<std::pair<G4String const, G4VBasePhysConstrFactory*> > std::_Rb_tree<G4String, std::pair<G4String const, G4VBasePhysConstrFactory*>, std::_Select1st<std::pair<G4String const, G4VBasePhysConstrFactory*> >, std::less<G4String>, std::allocator<std::pair<G4String const, G4VBasePhysConstrFactory*> > >::_M_emplace_hint_unique<std::piecewise_construct_t const&, std::tuple<G4String const&>, std::tuple<> >(std::_Rb_tree_const_iterator<std::pair<G4String const, G4VBasePhysConstrFactory*> >, std::piecewise_construct_t const&, std::tuple<G4String const&>&&, std::tuple<>&&) [clone .isra.0] (in /home/vnivanch/cwork/tests-build/Hadr01/Hadr01)
==643505==    by 0x9DF3E7: G4PhysicsConstructorRegistry::AddFactory(G4String, G4VBasePhysConstrFactory*) (in /home/vnivanch/cwork/tests-build/Hadr01/Hadr01)
==643505==    by 0xA21886: G4PhysicsConstructorFactory<G4HadronElasticPhysicsVI>::G4PhysicsConstructorFactory(G4String const&) (in /home/vnivanch/cwork/tests-build/Hadr01/Hadr01)
==643505==    by 0x540C33: _GLOBAL__sub_I__ZGR31G4HadronElasticPhysicsVIFactory_ (in /home/vnivanch/cwork/tests-build/Hadr01/Hadr01)
==643505==    by 0x4F676BA: __libc_start_main@@GLIBC_2.34 (in /usr/lib64/libc.so.6)
==643505==    by 0x59EEA4: (below main) (in /home/vnivanch/cwork/tests-build/Hadr01/Hadr01)
==643505== 
==643505== 72 bytes in 1 blocks are still reachable in loss record 119 of 168
==643505==    at 0x4844F95: operator new(unsigned long) (vg_replace_malloc.c:483)
==643505==    by 0x9DED82: std::_Rb_tree_iterator<std::pair<G4String const, G4VBasePhysConstrFactory*> > std::_Rb_tree<G4String, std::pair<G4String const, G4VBasePhysConstrFactory*>, std::_Select1st<std::pair<G4String const, G4VBasePhysConstrFactory*> >, std::less<G4String>, std::allocator<std::pair<G4String const, G4VBasePhysConstrFactory*> > >::_M_emplace_hint_unique<std::piecewise_construct_t const&, std::tuple<G4String const&>, std::tuple<> >(std::_Rb_tree_const_iterator<std::pair<G4String const, G4VBasePhysConstrFactory*> >, std::piecewise_construct_t const&, std::tuple<G4String const&>&&, std::tuple<>&&) [clone .isra.0] (in /home/vnivanch/cwork/tests-build/Hadr01/Hadr01)
==643505==    by 0x9DF3E7: G4PhysicsConstructorRegistry::AddFactory(G4String, G4VBasePhysConstrFactory*) (in /home/vnivanch/cwork/tests-build/Hadr01/Hadr01)
==643505==    by 0xA21D76: G4PhysicsConstructorFactory<G4ThermalNeutrons>::G4PhysicsConstructorFactory(G4String const&) (in /home/vnivanch/cwork/tests-build/Hadr01/Hadr01)
==643505==    by 0x540DAF: _GLOBAL__sub_I__ZGR24G4ThermalNeutronsFactory_ (in /home/vnivanch/cwork/tests-build/Hadr01/Hadr01)
==643505==    by 0x4F676BA: __libc_start_main@@GLIBC_2.34 (in /usr/lib64/libc.so.6)
==643505==    by 0x59EEA4: (below main) (in /home/vnivanch/cwork/tests-build/Hadr01/Hadr01)
==643505== 
==643505== 72 bytes in 1 blocks are still reachable in loss record 120 of 168
==643505==    at 0x4844F95: operator new(unsigned long) (vg_replace_malloc.c:483)
==643505==    by 0x9DED82: std::_Rb_tree_iterator<std::pair<G4String const, G4VBasePhysConstrFactory*> > std::_Rb_tree<G4String, std::pair<G4String const, G4VBasePhysConstrFactory*>, std::_Select1st<std::pair<G4String const, G4VBasePhysConstrFactory*> >, std::less<G4String>, std::allocator<std::pair<G4String const, G4VBasePhysConstrFactory*> > >::_M_emplace_hint_unique<std::piecewise_construct_t const&, std::tuple<G4String const&>, std::tuple<> >(std::_Rb_tree_const_iterator<std::pair<G4String const, G4VBasePhysConstrFactory*> >, std::piecewise_construct_t const&, std::tuple<G4String const&>&&, std::tuple<>&&) [clone .isra.0] (in /home/vnivanch/cwork/tests-build/Hadr01/Hadr01)
==643505==    by 0x9DF3E7: G4PhysicsConstructorRegistry::AddFactory(G4String, G4VBasePhysConstrFactory*) (in /home/vnivanch/cwork/tests-build/Hadr01/Hadr01)
==643505==    by 0xA221A6: G4PhysicsConstructorFactory<G4HadronPhysicsNuBeam>::G4PhysicsConstructorFactory(G4String const&) (in /home/vnivanch/cwork/tests-build/Hadr01/Hadr01)
==643505==    by 0x540F39: _GLOBAL__sub_I__ZGR28G4HadronPhysicsNuBeamFactory_ (in /home/vnivanch/cwork/tests-build/Hadr01/Hadr01)
==643505==    by 0x4F676BA: __libc_start_main@@GLIBC_2.34 (in /usr/lib64/libc.so.6)
==643505==    by 0x59EEA4: (below main) (in /home/vnivanch/cwork/tests-build/Hadr01/Hadr01)
==643505== 
==643505== 72 bytes in 1 blocks are still reachable in loss record 121 of 168
==643505==    at 0x4844F95: operator new(unsigned long) (vg_replace_malloc.c:483)
==643505==    by 0x9DED82: std::_Rb_tree_iterator<std::pair<G4String const, G4VBasePhysConstrFactory*> > std::_Rb_tree<G4String, std::pair<G4String const, G4VBasePhysConstrFactory*>, std::_Select1st<std::pair<G4String const, G4VBasePhysConstrFactory*> >, std::less<G4String>, std::allocator<std::pair<G4String const, G4VBasePhysConstrFactory*> > >::_M_emplace_hint_unique<std::piecewise_construct_t const&, std::tuple<G4String const&>, std::tuple<> >(std::_Rb_tree_const_iterator<std::pair<G4String const, G4VBasePhysConstrFactory*> >, std::piecewise_construct_t const&, std::tuple<G4String const&>&&, std::tuple<>&&) [clone .isra.0] (in /home/vnivanch/cwork/tests-build/Hadr01/Hadr01)
==643505==    by 0x9DF3E7: G4PhysicsConstructorRegistry::AddFactory(G4String, G4VBasePhysConstrFactory*) (in /home/vnivanch/cwork/tests-build/Hadr01/Hadr01)
==643505==    by 0xA22C86: G4PhysicsConstructorFactory<G4HadronPhysicsINCLXX>::G4PhysicsConstructorFactory(G4String const&) (in /home/vnivanch/cwork/tests-build/Hadr01/Hadr01)
==643505==    by 0x5410E3: _GLOBAL__sub_I__ZGR28G4HadronPhysicsINCLXXFactory_ (in /home/vnivanch/cwork/tests-build/Hadr01/Hadr01)
==643505==    by 0x4F676BA: __libc_start_main@@GLIBC_2.34 (in /usr/lib64/libc.so.6)
==643505==    by 0x59EEA4: (below main) (in /home/vnivanch/cwork/tests-build/Hadr01/Hadr01)
==643505== 
==643505== 72 bytes in 1 blocks are still reachable in loss record 122 of 168
==643505==    at 0x4844F95: operator new(unsigned long) (vg_replace_malloc.c:483)
==643505==    by 0x9DED82: std::_Rb_tree_iterator<std::pair<G4String const, G4VBasePhysConstrFactory*> > std::_Rb_tree<G4String, std::pair<G4String const, G4VBasePhysConstrFactory*>, std::_Select1st<std::pair<G4String const, G4VBasePhysConstrFactory*> >, std::less<G4String>, std::allocator<std::pair<G4String const, G4VBasePhysConstrFactory*> > >::_M_emplace_hint_unique<std::piecewise_construct_t const&, std::tuple<G4String const&>, std::tuple<> >(std::_Rb_tree_const_iterator<std::pair<G4String const, G4VBasePhysConstrFactory*> >, std::piecewise_construct_t const&, std::tuple<G4String const&>&&, std::tuple<>&&) [clone .isra.0] (in /home/vnivanch/cwork/tests-build/Hadr01/Hadr01)
==643505==    by 0x9DF3E7: G4PhysicsConstructorRegistry::AddFactory(G4String, G4VBasePhysConstrFactory*) (in /home/vnivanch/cwork/tests-build/Hadr01/Hadr01)
==643505==    by 0xA234A6: G4PhysicsConstructorFactory<G4HadronPhysicsShielding>::G4PhysicsConstructorFactory(G4String const&) (in /home/vnivanch/cwork/tests-build/Hadr01/Hadr01)
==643505==    by 0x541293: _GLOBAL__sub_I__ZGR31G4HadronPhysicsShieldingFactory_ (in /home/vnivanch/cwork/tests-build/Hadr01/Hadr01)
==643505==    by 0x4F676BA: __libc_start_main@@GLIBC_2.34 (in /usr/lib64/libc.so.6)
==643505==    by 0x59EEA4: (below main) (in /home/vnivanch/cwork/tests-build/Hadr01/Hadr01)
==643505== 
==643505== 72 bytes in 1 blocks are still reachable in loss record 123 of 168
==643505==    at 0x4844F95: operator new(unsigned long) (vg_replace_malloc.c:483)
==643505==    by 0x9DED82: std::_Rb_tree_iterator<std::pair<G4String const, G4VBasePhysConstrFactory*> > std::_Rb_tree<G4String, std::pair<G4String const, G4VBasePhysConstrFactory*>, std::_Select1st<std::pair<G4String const, G4VBasePhysConstrFactory*> >, std::less<G4String>, std::allocator<std::pair<G4String const, G4VBasePhysConstrFactory*> > >::_M_emplace_hint_unique<std::piecewise_construct_t const&, std::tuple<G4String const&>, std::tuple<> >(std::_Rb_tree_const_iterator<std::pair<G4String const, G4VBasePhysConstrFactory*> >, std::piecewise_construct_t const&, std::tuple<G4String const&>&&, std::tuple<>&&) [clone .isra.0] (in /home/vnivanch/cwork/tests-build/Hadr01/Hadr01)
==643505==    by 0x9DF3E7: G4PhysicsConstructorRegistry::AddFactory(G4String, G4VBasePhysConstrFactory*) (in /home/vnivanch/cwork/tests-build/Hadr01/Hadr01)
==643505==    by 0xA23846: G4PhysicsConstructorFactory<G4HadronPhysicsShieldingLEND>::G4PhysicsConstructorFactory(G4String const&) (in /home/vnivanch/cwork/tests-build/Hadr01/Hadr01)
==643505==    by 0x54135A: _GLOBAL__sub_I__ZGR35G4HadronPhysicsShieldingLENDFactory_ (in /home/vnivanch/cwork/tests-build/Hadr01/Hadr01)
==643505==    by 0x4F676BA: __libc_start_main@@GLIBC_2.34 (in /usr/lib64/libc.so.6)
==643505==    by 0x59EEA4: (below main) (in /home/vnivanch/cwork/tests-build/Hadr01/Hadr01)
==643505== 
==643505== 72 bytes in 1 blocks are still reachable in loss record 124 of 168
==643505==    at 0x4844F95: operator new(unsigned long) (vg_replace_malloc.c:483)
==643505==    by 0x9DED82: std::_Rb_tree_iterator<std::pair<G4String const, G4VBasePhysConstrFactory*> > std::_Rb_tree<G4String, std::pair<G4String const, G4VBasePhysConstrFactory*>, std::_Select1st<std::pair<G4String const, G4VBasePhysConstrFactory*> >, std::less<G4String>, std::allocator<std::pair<G4String const, G4VBasePhysConstrFactory*> > >::_M_emplace_hint_unique<std::piecewise_construct_t const&, std::tuple<G4String const&>, std::tuple<> >(std::_Rb_tree_const_iterator<std::pair<G4String const, G4VBasePhysConstrFactory*> >, std::piecewise_construct_t const&, std::tuple<G4String const&>&&, std::tuple<>&&) [clone .isra.0] (in /home/vnivanch/cwork/tests-build/Hadr01/Hadr01)
==643505==    by 0x9DF3E7: G4PhysicsConstructorRegistry::AddFactory(G4String, G4VBasePhysConstrFactory*) (in /home/vnivanch/cwork/tests-build/Hadr01/Hadr01)
==643505==    by 0xA23CA6: G4PhysicsConstructorFactory<G4HadronPhysicsQGSP_BIC_AllHP>::G4PhysicsConstructorFactory(G4String const&) (in /home/vnivanch/cwork/tests-build/Hadr01/Hadr01)
==643505==    by 0x541501: _GLOBAL__sub_I__ZGR36G4HadronPhysicsQGSP_BIC_AllHPFactory_ (in /home/vnivanch/cwork/tests-build/Hadr01/Hadr01)
==643505==    by 0x4F676BA: __libc_start_main@@GLIBC_2.34 (in /usr/lib64/libc.so.6)
==643505==    by 0x59EEA4: (below main) (in /home/vnivanch/cwork/tests-build/Hadr01/Hadr01)
==643505== 
==643505== 72 bytes in 1 blocks are still reachable in loss record 125 of 168
==643505==    at 0x4844F95: operator new(unsigned long) (vg_replace_malloc.c:483)
==643505==    by 0x9DED82: std::_Rb_tree_iterator<std::pair<G4String const, G4VBasePhysConstrFactory*> > std::_Rb_tree<G4String, std::pair<G4String const, G4VBasePhysConstrFactory*>, std::_Select1st<std::pair<G4String const, G4VBasePhysConstrFactory*> >, std::less<G4String>, std::allocator<std::pair<G4String const, G4VBasePhysConstrFactory*> > >::_M_emplace_hint_unique<std::piecewise_construct_t const&, std::tuple<G4String const&>, std::tuple<> >(std::_Rb_tree_const_iterator<std::pair<G4String const, G4VBasePhysConstrFactory*> >, std::piecewise_construct_t const&, std::tuple<G4String const&>&&, std::tuple<>&&) [clone .isra.0] (in /home/vnivanch/cwork/tests-build/Hadr01/Hadr01)
==643505==    by 0x9DF3E7: G4PhysicsConstructorRegistry::AddFactory(G4String, G4VBasePhysConstrFactory*) (in /home/vnivanch/cwork/tests-build/Hadr01/Hadr01)
==643505==    by 0xA246A6: G4PhysicsConstructorFactory<G4IonINCLXXPhysics>::G4PhysicsConstructorFactory(G4String const&) (in /home/vnivanch/cwork/tests-build/Hadr01/Hadr01)
==643505==    by 0x541684: _GLOBAL__sub_I__ZGR25G4IonINCLXXPhysicsFactory_ (in /home/vnivanch/cwork/tests-build/Hadr01/Hadr01)
==643505==    by 0x4F676BA: __libc_start_main@@GLIBC_2.34 (in /usr/lib64/libc.so.6)
==643505==    by 0x59EEA4: (below main) (in /home/vnivanch/cwork/tests-build/Hadr01/Hadr01)
==643505== 
==643505== 72 bytes in 1 blocks are still reachable in loss record 126 of 168
==643505==    at 0x4844F95: operator new(unsigned long) (vg_replace_malloc.c:483)
==643505==    by 0x9DED82: std::_Rb_tree_iterator<std::pair<G4String const, G4VBasePhysConstrFactory*> > std::_Rb_tree<G4String, std::pair<G4String const, G4VBasePhysConstrFactory*>, std::_Select1st<std::pair<G4String const, G4VBasePhysConstrFactory*> >, std::less<G4String>, std::allocator<std::pair<G4String const, G4VBasePhysConstrFactory*> > >::_M_emplace_hint_unique<std::piecewise_construct_t const&, std::tuple<G4String const&>, std::tuple<> >(std::_Rb_tree_const_iterator<std::pair<G4String const, G4VBasePhysConstrFactory*> >, std::piecewise_construct_t const&, std::tuple<G4String const&>&&, std::tuple<>&&) [clone .isra.0] (in /home/vnivanch/cwork/tests-build/Hadr01/Hadr01)
==643505==    by 0x9DF3E7: G4PhysicsConstructorRegistry::AddFactory(G4String, G4VBasePhysConstrFactory*) (in /home/vnivanch/cwork/tests-build/Hadr01/Hadr01)
==643505==    by 0xA252E6: G4PhysicsConstructorFactory<G4IonPhysicsPHP>::G4PhysicsConstructorFactory(G4String const&) (in /home/vnivanch/cwork/tests-build/Hadr01/Hadr01)
==643505==    by 0x54180C: _GLOBAL__sub_I__ZGR22G4IonPhysicsPHPFactory_ (in /home/vnivanch/cwork/tests-build/Hadr01/Hadr01)
==643505==    by 0x4F676BA: __libc_start_main@@GLIBC_2.34 (in /usr/lib64/libc.so.6)
==643505==    by 0x59EEA4: (below main) (in /home/vnivanch/cwork/tests-build/Hadr01/Hadr01)
==643505== 
==643505== 72 bytes in 1 blocks are still reachable in loss record 127 of 168
==643505==    at 0x4844F95: operator new(unsigned long) (vg_replace_malloc.c:483)
==643505==    by 0x9DED82: std::_Rb_tree_iterator<std::pair<G4String const, G4VBasePhysConstrFactory*> > std::_Rb_tree<G4String, std::pair<G4String const, G4VBasePhysConstrFactory*>, std::_Select1st<std::pair<G4String const, G4VBasePhysConstrFactory*> >, std::less<G4String>, std::allocator<std::pair<G4String const, G4VBasePhysConstrFactory*> > >::_M_emplace_hint_unique<std::piecewise_construct_t const&, std::tuple<G4String const&>, std::tuple<> >(std::_Rb_tree_const_iterator<std::pair<G4String const, G4VBasePhysConstrFactory*> >, std::piecewise_construct_t const&, std::tuple<G4String const&>&&, std::tuple<>&&) [clone .isra.0] (in /home/vnivanch/cwork/tests-build/Hadr01/Hadr01)
==643505==    by 0x9DF3E7: G4PhysicsConstructorRegistry::AddFactory(G4String, G4VBasePhysConstrFactory*) (in /home/vnivanch/cwork/tests-build/Hadr01/Hadr01)
==643505==    by 0xA25D76: G4PhysicsConstructorFactory<G4IonQMDPhysics>::G4PhysicsConstructorFactory(G4String const&) (in /home/vnivanch/cwork/tests-build/Hadr01/Hadr01)
==643505==    by 0x541962: _GLOBAL__sub_I__ZGR22G4IonQMDPhysicsFactory_ (in /home/vnivanch/cwork/tests-build/Hadr01/Hadr01)
==643505==    by 0x4F676BA: __libc_start_main@@GLIBC_2.34 (in /usr/lib64/libc.so.6)
==643505==    by 0x59EEA4: (below main) (in /home/vnivanch/cwork/tests-build/Hadr01/Hadr01)
==643505== 
==643505== 72 bytes in 1 blocks are still reachable in loss record 128 of 168
==643505==    at 0x4844F95: operator new(unsigned long) (vg_replace_malloc.c:483)
==643505==    by 0x9DED82: std::_Rb_tree_iterator<std::pair<G4String const, G4VBasePhysConstrFactory*> > std::_Rb_tree<G4String, std::pair<G4String const, G4VBasePhysConstrFactory*>, std::_Select1st<std::pair<G4String const, G4VBasePhysConstrFactory*> >, std::less<G4String>, std::allocator<std::pair<G4String const, G4VBasePhysConstrFactory*> > >::_M_emplace_hint_unique<std::piecewise_construct_t const&, std::tuple<G4String const&>, std::tuple<> >(std::_Rb_tree_const_iterator<std::pair<G4String const, G4VBasePhysConstrFactory*> >, std::piecewise_construct_t const&, std::tuple<G4String const&>&&, std::tuple<>&&) [clone .isra.0] (in /home/vnivanch/cwork/tests-build/Hadr01/Hadr01)
==643505==    by 0x9DF3E7: G4PhysicsConstructorRegistry::AddFactory(G4String, G4VBasePhysConstrFactory*) (in /home/vnivanch/cwork/tests-build/Hadr01/Hadr01)
==643505==    by 0xA26966: G4PhysicsConstructorFactory<G4LightIonQMDPhysics>::G4PhysicsConstructorFactory(G4String const&) (in /home/vnivanch/cwork/tests-build/Hadr01/Hadr01)
==643505==    by 0x541AE2: _GLOBAL__sub_I__ZGR27G4LightIonQMDPhysicsFactory_ (in /home/vnivanch/cwork/tests-build/Hadr01/Hadr01)
==643505==    by 0x4F676BA: __libc_start_main@@GLIBC_2.34 (in /usr/lib64/libc.so.6)
==643505==    by 0x59EEA4: (below main) (in /home/vnivanch/cwork/tests-build/Hadr01/Hadr01)
==643505== 
==643505== 72 bytes in 1 blocks are still reachable in loss record 129 of 168
==643505==    at 0x4844F95: operator new(unsigned long) (vg_replace_malloc.c:483)
==643505==    by 0x9DED82: std::_Rb_tree_iterator<std::pair<G4String const, G4VBasePhysConstrFactory*> > std::_Rb_tree<G4String, std::pair<G4String const, G4VBasePhysConstrFactory*>, std::_Select1st<std::pair<G4String const, G4VBasePhysConstrFactory*> >, std::less<G4String>, std::allocator<std::pair<G4String const, G4VBasePhysConstrFactory*> > >::_M_emplace_hint_unique<std::piecewise_construct_t const&, std::tuple<G4String const&>, std::tuple<> >(std::_Rb_tree_const_iterator<std::pair<G4String const, G4VBasePhysConstrFactory*> >, std::piecewise_construct_t const&, std::tuple<G4String const&>&&, std::tuple<>&&) [clone .isra.0] (in /home/vnivanch/cwork/tests-build/Hadr01/Hadr01)
==643505==    by 0x9DF3E7: G4PhysicsConstructorRegistry::AddFactory(G4String, G4VBasePhysConstrFactory*) (in /home/vnivanch/cwork/tests-build/Hadr01/Hadr01)
==643505==    by 0xA27AB6: G4PhysicsConstructorFactory<G4StoppingPhysicsFritiofWithBinaryCascade>::G4PhysicsConstructorFactory(G4String const&) (in /home/vnivanch/cwork/tests-build/Hadr01/Hadr01)
==643505==    by 0x541F3E: _GLOBAL__sub_I__ZGR48G4StoppingPhysicsFritiofWithBinaryCascadeFactory_ (in /home/vnivanch/cwork/tests-build/Hadr01/Hadr01)
==643505==    by 0x4F676BA: __libc_start_main@@GLIBC_2.34 (in /usr/lib64/libc.so.6)
==643505==    by 0x59EEA4: (below main) (in /home/vnivanch/cwork/tests-build/Hadr01/Hadr01)
==643505== 
==643505== 72 bytes in 1 blocks are still reachable in loss record 130 of 168
==643505==    at 0x4844F95: operator new(unsigned long) (vg_replace_malloc.c:483)
==643505==    by 0x9DED82: std::_Rb_tree_iterator<std::pair<G4String const, G4VBasePhysConstrFactory*> > std::_Rb_tree<G4String, std::pair<G4String const, G4VBasePhysConstrFactory*>, std::_Select1st<std::pair<G4String const, G4VBasePhysConstrFactory*> >, std::less<G4String>, std::allocator<std::pair<G4String const, G4VBasePhysConstrFactory*> > >::_M_emplace_hint_unique<std::piecewise_construct_t const&, std::tuple<G4String const&>, std::tuple<> >(std::_Rb_tree_const_iterator<std::pair<G4String const, G4VBasePhysConstrFactory*> >, std::piecewise_construct_t const&, std::tuple<G4String const&>&&, std::tuple<>&&) [clone .isra.0] (in /home/vnivanch/cwork/tests-build/Hadr01/Hadr01)
==643505==    by 0x9DF3E7: G4PhysicsConstructorRegistry::AddFactory(G4String, G4VBasePhysConstrFactory*) (in /home/vnivanch/cwork/tests-build/Hadr01/Hadr01)
==643505==    by 0xA28496: G4PhysicsConstructorFactory<G4StoppingPhysicsWithINCLXX>::G4PhysicsConstructorFactory(G4String const&) (in /home/vnivanch/cwork/tests-build/Hadr01/Hadr01)
==643505==    by 0x5420C7: _GLOBAL__sub_I__ZGR34G4StoppingPhysicsWithINCLXXFactory_ (in /home/vnivanch/cwork/tests-build/Hadr01/Hadr01)
==643505==    by 0x4F676BA: __libc_start_main@@GLIBC_2.34 (in /usr/lib64/libc.so.6)
==643505==    by 0x59EEA4: (below main) (in /home/vnivanch/cwork/tests-build/Hadr01/Hadr01)
==643505== 
==643505== 72 bytes in 1 blocks are still reachable in loss record 131 of 168
==643505==    at 0x4844F95: operator new(unsigned long) (vg_replace_malloc.c:483)
==643505==    by 0x9DED82: std::_Rb_tree_iterator<std::pair<G4String const, G4VBasePhysConstrFactory*> > std::_Rb_tree<G4String, std::pair<G4String const, G4VBasePhysConstrFactory*>, std::_Select1st<std::pair<G4String const, G4VBasePhysConstrFactory*> >, std::less<G4String>, std::allocator<std::pair<G4String const, G4VBasePhysConstrFactory*> > >::_M_emplace_hint_unique<std::piecewise_construct_t const&, std::tuple<G4String const&>, std::tuple<> >(std::_Rb_tree_const_iterator<std::pair<G4String const, G4VBasePhysConstrFactory*> >, std::piecewise_construct_t const&, std::tuple<G4String const&>&&, std::tuple<>&&) [clone .isra.0] (in /home/vnivanch/cwork/tests-build/Hadr01/Hadr01)
==643505==    by 0x9DF3E7: G4PhysicsConstructorRegistry::AddFactory(G4String, G4VBasePhysConstrFactory*) (in /home/vnivanch/cwork/tests-build/Hadr01/Hadr01)
==643505==    by 0xA2DAC6: G4PhysicsConstructorFactory<G4HadronPhysicsFTFP_BERT_HP>::G4PhysicsConstructorFactory(G4String const&) (in /home/vnivanch/cwork/tests-build/Hadr01/Hadr01)
==643505==    by 0x542FB1: _GLOBAL__sub_I__ZGR34G4HadronPhysicsFTFP_BERT_HPFactory_ (in /home/vnivanch/cwork/tests-build/Hadr01/Hadr01)
==643505==    by 0x4F676BA: __libc_start_main@@GLIBC_2.34 (in /usr/lib64/libc.so.6)
==643505==    by 0x59EEA4: (below main) (in /home/vnivanch/cwork/tests-build/Hadr01/Hadr01)
==643505== 
==643505== 72 bytes in 1 blocks are still reachable in loss record 132 of 168
==643505==    at 0x4844F95: operator new(unsigned long) (vg_replace_malloc.c:483)
==643505==    by 0x9DED82: std::_Rb_tree_iterator<std::pair<G4String const, G4VBasePhysConstrFactory*> > std::_Rb_tree<G4String, std::pair<G4String const, G4VBasePhysConstrFactory*>, std::_Select1st<std::pair<G4String const, G4VBasePhysConstrFactory*> >, std::less<G4String>, std::allocator<std::pair<G4String const, G4VBasePhysConstrFactory*> > >::_M_emplace_hint_unique<std::piecewise_construct_t const&, std::tuple<G4String const&>, std::tuple<> >(std::_Rb_tree_const_iterator<std::pair<G4String const, G4VBasePhysConstrFactory*> >, std::piecewise_construct_t const&, std::tuple<G4String const&>&&, std::tuple<>&&) [clone .isra.0] (in /home/vnivanch/cwork/tests-build/Hadr01/Hadr01)
==643505==    by 0x9DF3E7: G4PhysicsConstructorRegistry::AddFactory(G4String, G4VBasePhysConstrFactory*) (in /home/vnivanch/cwork/tests-build/Hadr01/Hadr01)
==643505==    by 0xA2DE96: G4PhysicsConstructorFactory<G4HadronPhysicsFTFP_BERT_ATL>::G4PhysicsConstructorFactory(G4String const&) (in /home/vnivanch/cwork/tests-build/Hadr01/Hadr01)
==643505==    by 0x54307A: _GLOBAL__sub_I__ZGR35G4HadronPhysicsFTFP_BERT_ATLFactory_ (in /home/vnivanch/cwork/tests-build/Hadr01/Hadr01)
==643505==    by 0x4F676BA: __libc_start_main@@GLIBC_2.34 (in /usr/lib64/libc.so.6)
==643505==    by 0x59EEA4: (below main) (in /home/vnivanch/cwork/tests-build/Hadr01/Hadr01)
==643505== 
==643505== 72 bytes in 1 blocks are still reachable in loss record 133 of 168
==643505==    at 0x4844F95: operator new(unsigned long) (vg_replace_malloc.c:483)
==643505==    by 0x9DED82: std::_Rb_tree_iterator<std::pair<G4String const, G4VBasePhysConstrFactory*> > std::_Rb_tree<G4String, std::pair<G4String const, G4VBasePhysConstrFactory*>, std::_Select1st<std::pair<G4String const, G4VBasePhysConstrFactory*> >, std::less<G4String>, std::allocator<std::pair<G4String const, G4VBasePhysConstrFactory*> > >::_M_emplace_hint_unique<std::piecewise_construct_t const&, std::tuple<G4String const&>, std::tuple<> >(std::_Rb_tree_const_iterator<std::pair<G4String const, G4VBasePhysConstrFactory*> >, std::piecewise_construct_t const&, std::tuple<G4String const&>&&, std::tuple<>&&) [clone .isra.0] (in /home/vnivanch/cwork/tests-build/Hadr01/Hadr01)
==643505==    by 0x9DF3E7: G4PhysicsConstructorRegistry::AddFactory(G4String, G4VBasePhysConstrFactory*) (in /home/vnivanch/cwork/tests-build/Hadr01/Hadr01)
==643505==    by 0x543257: _GLOBAL__sub_I__ZGR34G4HadronPhysicsFTFQGSP_BERTFactory_ (in /home/vnivanch/cwork/tests-build/Hadr01/Hadr01)
==643505==    by 0x4F676BA: __libc_start_main@@GLIBC_2.34 (in /usr/lib64/libc.so.6)
==643505==    by 0x59EEA4: (below main) (in /home/vnivanch/cwork/tests-build/Hadr01/Hadr01)
==643505== 
==643505== 72 bytes in 1 blocks are still reachable in loss record 134 of 168
==643505==    at 0x4844F95: operator new(unsigned long) (vg_replace_malloc.c:483)
==643505==    by 0xCC7354: G4CrossSectionFactoryRegistry::Register(G4String const&, G4VBaseXSFactory*) (in /home/vnivanch/cwork/tests-build/Hadr01/Hadr01)
==643505==    by 0x54FC3E: _GLOBAL__sub_I__ZGR35G4ElectroNuclearCrossSectionFactory_ (in /home/vnivanch/cwork/tests-build/Hadr01/Hadr01)
==643505==    by 0x4F676BA: __libc_start_main@@GLIBC_2.34 (in /usr/lib64/libc.so.6)
==643505==    by 0x59EEA4: (below main) (in /home/vnivanch/cwork/tests-build/Hadr01/Hadr01)
==643505== 
==643505== 72 bytes in 1 blocks are still reachable in loss record 135 of 168
==643505==    at 0x4844F95: operator new(unsigned long) (vg_replace_malloc.c:483)
==643505==    by 0xCC7354: G4CrossSectionFactoryRegistry::Register(G4String const&, G4VBaseXSFactory*) (in /home/vnivanch/cwork/tests-build/Hadr01/Hadr01)
==643505==    by 0x573A5C: _GLOBAL__sub_I__ZGR33G4ChipsAntiBaryonElasticXSFactory_ (in /home/vnivanch/cwork/tests-build/Hadr01/Hadr01)
==643505==    by 0x4F676BA: __libc_start_main@@GLIBC_2.34 (in /usr/lib64/libc.so.6)
==643505==    by 0x59EEA4: (below main) (in /home/vnivanch/cwork/tests-build/Hadr01/Hadr01)
==643505== 
==643505== 72 bytes in 1 blocks are still reachable in loss record 136 of 168
==643505==    at 0x4844F95: operator new(unsigned long) (vg_replace_malloc.c:483)
==643505==    by 0xCC7354: G4CrossSectionFactoryRegistry::Register(G4String const&, G4VBaseXSFactory*) (in /home/vnivanch/cwork/tests-build/Hadr01/Hadr01)
==643505==    by 0x573BE5: _GLOBAL__sub_I__ZGR35G4ChipsAntiBaryonInelasticXSFactory_ (in /home/vnivanch/cwork/tests-build/Hadr01/Hadr01)
==643505==    by 0x4F676BA: __libc_start_main@@GLIBC_2.34 (in /usr/lib64/libc.so.6)
==643505==    by 0x59EEA4: (below main) (in /home/vnivanch/cwork/tests-build/Hadr01/Hadr01)
==643505== 
==643505== 72 bytes in 1 blocks are still reachable in loss record 137 of 168
==643505==    at 0x4844F95: operator new(unsigned long) (vg_replace_malloc.c:483)
==643505==    by 0xCC7354: G4CrossSectionFactoryRegistry::Register(G4String const&, G4VBaseXSFactory*) (in /home/vnivanch/cwork/tests-build/Hadr01/Hadr01)
==643505==    by 0x573D7C: _GLOBAL__sub_I__ZGR30G4ChipsHyperonElasticXSFactory_ (in /home/vnivanch/cwork/tests-build/Hadr01/Hadr01)
==643505==    by 0x4F676BA: __libc_start_main@@GLIBC_2.34 (in /usr/lib64/libc.so.6)
==643505==    by 0x59EEA4: (below main) (in /home/vnivanch/cwork/tests-build/Hadr01/Hadr01)
==643505== 
==643505== 72 bytes in 1 blocks are still reachable in loss record 138 of 168
==643505==    at 0x4844F95: operator new(unsigned long) (vg_replace_malloc.c:483)
==643505==    by 0xCC7354: G4CrossSectionFactoryRegistry::Register(G4String const&, G4VBaseXSFactory*) (in /home/vnivanch/cwork/tests-build/Hadr01/Hadr01)
==643505==    by 0x573F07: _GLOBAL__sub_I__ZGR32G4ChipsHyperonInelasticXSFactory_ (in /home/vnivanch/cwork/tests-build/Hadr01/Hadr01)
==643505==    by 0x4F676BA: __libc_start_main@@GLIBC_2.34 (in /usr/lib64/libc.so.6)
==643505==    by 0x59EEA4: (below main) (in /home/vnivanch/cwork/tests-build/Hadr01/Hadr01)
==643505== 
==643505== 72 bytes in 1 blocks are still reachable in loss record 139 of 168
==643505==    at 0x4844F95: operator new(unsigned long) (vg_replace_malloc.c:483)
==643505==    by 0xCC7354: G4CrossSectionFactoryRegistry::Register(G4String const&, G4VBaseXSFactory*) (in /home/vnivanch/cwork/tests-build/Hadr01/Hadr01)
==643505==    by 0x574055: _GLOBAL__sub_I__ZGR32G4ChipsKaonMinusElasticXSFactory_ (in /home/vnivanch/cwork/tests-build/Hadr01/Hadr01)
==643505==    by 0x4F676BA: __libc_start_main@@GLIBC_2.34 (in /usr/lib64/libc.so.6)
==643505==    by 0x59EEA4: (below main) (in /home/vnivanch/cwork/tests-build/Hadr01/Hadr01)
==643505== 
==643505== 72 bytes in 1 blocks are still reachable in loss record 140 of 168
==643505==    at 0x4844F95: operator new(unsigned long) (vg_replace_malloc.c:483)
==643505==    by 0xCC7354: G4CrossSectionFactoryRegistry::Register(G4String const&, G4VBaseXSFactory*) (in /home/vnivanch/cwork/tests-build/Hadr01/Hadr01)
==643505==    by 0x5741E5: _GLOBAL__sub_I__ZGR34G4ChipsKaonMinusInelasticXSFactory_ (in /home/vnivanch/cwork/tests-build/Hadr01/Hadr01)
==643505==    by 0x4F676BA: __libc_start_main@@GLIBC_2.34 (in /usr/lib64/libc.so.6)
==643505==    by 0x59EEA4: (below main) (in /home/vnivanch/cwork/tests-build/Hadr01/Hadr01)
==643505== 
==643505== 72 bytes in 1 blocks are still reachable in loss record 141 of 168
==643505==    at 0x4844F95: operator new(unsigned long) (vg_replace_malloc.c:483)
==643505==    by 0xCC7354: G4CrossSectionFactoryRegistry::Register(G4String const&, G4VBaseXSFactory*) (in /home/vnivanch/cwork/tests-build/Hadr01/Hadr01)
==643505==    by 0x574335: _GLOBAL__sub_I__ZGR31G4ChipsKaonPlusElasticXSFactory_ (in /home/vnivanch/cwork/tests-build/Hadr01/Hadr01)
==643505==    by 0x4F676BA: __libc_start_main@@GLIBC_2.34 (in /usr/lib64/libc.so.6)
==643505==    by 0x59EEA4: (below main) (in /home/vnivanch/cwork/tests-build/Hadr01/Hadr01)
==643505== 
==643505== 72 bytes in 1 blocks are still reachable in loss record 142 of 168
==643505==    at 0x4844F95: operator new(unsigned long) (vg_replace_malloc.c:483)
==643505==    by 0xCC7354: G4CrossSectionFactoryRegistry::Register(G4String const&, G4VBaseXSFactory*) (in /home/vnivanch/cwork/tests-build/Hadr01/Hadr01)
==643505==    by 0x574480: _GLOBAL__sub_I__ZGR33G4ChipsKaonPlusInelasticXSFactory_ (in /home/vnivanch/cwork/tests-build/Hadr01/Hadr01)
==643505==    by 0x4F676BA: __libc_start_main@@GLIBC_2.34 (in /usr/lib64/libc.so.6)
==643505==    by 0x59EEA4: (below main) (in /home/vnivanch/cwork/tests-build/Hadr01/Hadr01)
==643505== 
==643505== 72 bytes in 1 blocks are still reachable in loss record 143 of 168
==643505==    at 0x4844F95: operator new(unsigned long) (vg_replace_malloc.c:483)
==643505==    by 0xCC7354: G4CrossSectionFactoryRegistry::Register(G4String const&, G4VBaseXSFactory*) (in /home/vnivanch/cwork/tests-build/Hadr01/Hadr01)
==643505==    by 0x57461C: _GLOBAL__sub_I__ZGR31G4ChipsKaonZeroElasticXSFactory_ (in /home/vnivanch/cwork/tests-build/Hadr01/Hadr01)
==643505==    by 0x4F676BA: __libc_start_main@@GLIBC_2.34 (in /usr/lib64/libc.so.6)
==643505==    by 0x59EEA4: (below main) (in /home/vnivanch/cwork/tests-build/Hadr01/Hadr01)
==643505== 
==643505== 72 bytes in 1 blocks are still reachable in loss record 144 of 168
==643505==    at 0x4844F95: operator new(unsigned long) (vg_replace_malloc.c:483)
==643505==    by 0xCC7354: G4CrossSectionFactoryRegistry::Register(G4String const&, G4VBaseXSFactory*) (in /home/vnivanch/cwork/tests-build/Hadr01/Hadr01)
==643505==    by 0x5747A7: _GLOBAL__sub_I__ZGR33G4ChipsKaonZeroInelasticXSFactory_ (in /home/vnivanch/cwork/tests-build/Hadr01/Hadr01)
==643505==    by 0x4F676BA: __libc_start_main@@GLIBC_2.34 (in /usr/lib64/libc.so.6)
==643505==    by 0x59EEA4: (below main) (in /home/vnivanch/cwork/tests-build/Hadr01/Hadr01)
==643505== 
==643505== 72 bytes in 1 blocks are still reachable in loss record 145 of 168
==643505==    at 0x4844F95: operator new(unsigned long) (vg_replace_malloc.c:483)
==643505==    by 0xCC7354: G4CrossSectionFactoryRegistry::Register(G4String const&, G4VBaseXSFactory*) (in /home/vnivanch/cwork/tests-build/Hadr01/Hadr01)
==643505==    by 0x57493C: _GLOBAL__sub_I__ZGR30G4ChipsNeutronElasticXSFactory_ (in /home/vnivanch/cwork/tests-build/Hadr01/Hadr01)
==643505==    by 0x4F676BA: __libc_start_main@@GLIBC_2.34 (in /usr/lib64/libc.so.6)
==643505==    by 0x59EEA4: (below main) (in /home/vnivanch/cwork/tests-build/Hadr01/Hadr01)
==643505== 
==643505== 72 bytes in 1 blocks are still reachable in loss record 146 of 168
==643505==    at 0x4844F95: operator new(unsigned long) (vg_replace_malloc.c:483)
==643505==    by 0xCC7354: G4CrossSectionFactoryRegistry::Register(G4String const&, G4VBaseXSFactory*) (in /home/vnivanch/cwork/tests-build/Hadr01/Hadr01)
==643505==    by 0x574AC7: _GLOBAL__sub_I__ZGR32G4ChipsNeutronInelasticXSFactory_ (in /home/vnivanch/cwork/tests-build/Hadr01/Hadr01)
==643505==    by 0x4F676BA: __libc_start_main@@GLIBC_2.34 (in /usr/lib64/libc.so.6)
==643505==    by 0x59EEA4: (below main) (in /home/vnivanch/cwork/tests-build/Hadr01/Hadr01)
==643505== 
==643505== 72 bytes in 1 blocks are still reachable in loss record 147 of 168
==643505==    at 0x4844F95: operator new(unsigned long) (vg_replace_malloc.c:483)
==643505==    by 0xCC7354: G4CrossSectionFactoryRegistry::Register(G4String const&, G4VBaseXSFactory*) (in /home/vnivanch/cwork/tests-build/Hadr01/Hadr01)
==643505==    by 0x574C5C: _GLOBAL__sub_I__ZGR32G4ChipsPionMinusElasticXSFactory_ (in /home/vnivanch/cwork/tests-build/Hadr01/Hadr01)
==643505==    by 0x4F676BA: __libc_start_main@@GLIBC_2.34 (in /usr/lib64/libc.so.6)
==643505==    by 0x59EEA4: (below main) (in /home/vnivanch/cwork/tests-build/Hadr01/Hadr01)
==643505== 
==643505== 72 bytes in 1 blocks are still reachable in loss record 148 of 168
==643505==    at 0x4844F95: operator new(unsigned long) (vg_replace_malloc.c:483)
==643505==    by 0xCC7354: G4CrossSectionFactoryRegistry::Register(G4String const&, G4VBaseXSFactory*) (in /home/vnivanch/cwork/tests-build/Hadr01/Hadr01)
==643505==    by 0x574DE5: _GLOBAL__sub_I__ZGR34G4ChipsPionMinusInelasticXSFactory_ (in /home/vnivanch/cwork/tests-build/Hadr01/Hadr01)
==643505==    by 0x4F676BA: __libc_start_main@@GLIBC_2.34 (in /usr/lib64/libc.so.6)
==643505==    by 0x59EEA4: (below main) (in /home/vnivanch/cwork/tests-build/Hadr01/Hadr01)
==643505== 
==643505== 72 bytes in 1 blocks are still reachable in loss record 149 of 168
==643505==    at 0x4844F95: operator new(unsigned long) (vg_replace_malloc.c:483)
==643505==    by 0xCC7354: G4CrossSectionFactoryRegistry::Register(G4String const&, G4VBaseXSFactory*) (in /home/vnivanch/cwork/tests-build/Hadr01/Hadr01)
==643505==    by 0x574F7C: _GLOBAL__sub_I__ZGR31G4ChipsPionPlusElasticXSFactory_ (in /home/vnivanch/cwork/tests-build/Hadr01/Hadr01)
==643505==    by 0x4F676BA: __libc_start_main@@GLIBC_2.34 (in /usr/lib64/libc.so.6)
==643505==    by 0x59EEA4: (below main) (in /home/vnivanch/cwork/tests-build/Hadr01/Hadr01)
==643505== 
==643505== 72 bytes in 1 blocks are still reachable in loss record 150 of 168
==643505==    at 0x4844F95: operator new(unsigned long) (vg_replace_malloc.c:483)
==643505==    by 0xCC7354: G4CrossSectionFactoryRegistry::Register(G4String const&, G4VBaseXSFactory*) (in /home/vnivanch/cwork/tests-build/Hadr01/Hadr01)
==643505==    by 0x575107: _GLOBAL__sub_I__ZGR33G4ChipsPionPlusInelasticXSFactory_ (in /home/vnivanch/cwork/tests-build/Hadr01/Hadr01)
==643505==    by 0x4F676BA: __libc_start_main@@GLIBC_2.34 (in /usr/lib64/libc.so.6)
==643505==    by 0x59EEA4: (below main) (in /home/vnivanch/cwork/tests-build/Hadr01/Hadr01)
==643505== 
==643505== 72 bytes in 1 blocks are still reachable in loss record 151 of 168
==643505==    at 0x4844F95: operator new(unsigned long) (vg_replace_malloc.c:483)
==643505==    by 0xCC7354: G4CrossSectionFactoryRegistry::Register(G4String const&, G4VBaseXSFactory*) (in /home/vnivanch/cwork/tests-build/Hadr01/Hadr01)
==643505==    by 0x575295: _GLOBAL__sub_I__ZGR29G4ChipsProtonElasticXSFactory_ (in /home/vnivanch/cwork/tests-build/Hadr01/Hadr01)
==643505==    by 0x4F676BA: __libc_start_main@@GLIBC_2.34 (in /usr/lib64/libc.so.6)
==643505==    by 0x59EEA4: (below main) (in /home/vnivanch/cwork/tests-build/Hadr01/Hadr01)
==643505== 
==643505== 72 bytes in 1 blocks are still reachable in loss record 152 of 168
==643505==    at 0x4844F95: operator new(unsigned long) (vg_replace_malloc.c:483)
==643505==    by 0xCC7354: G4CrossSectionFactoryRegistry::Register(G4String const&, G4VBaseXSFactory*) (in /home/vnivanch/cwork/tests-build/Hadr01/Hadr01)
==643505==    by 0x575427: _GLOBAL__sub_I__ZGR31G4ChipsProtonInelasticXSFactory_ (in /home/vnivanch/cwork/tests-build/Hadr01/Hadr01)
==643505==    by 0x4F676BA: __libc_start_main@@GLIBC_2.34 (in /usr/lib64/libc.so.6)
==643505==    by 0x59EEA4: (below main) (in /home/vnivanch/cwork/tests-build/Hadr01/Hadr01)
==643505== 
==643505== 72 bytes in 1 blocks are still reachable in loss record 153 of 168
==643505==    at 0x4844F95: operator new(unsigned long) (vg_replace_malloc.c:483)
==643505==    by 0xCC7354: G4CrossSectionFactoryRegistry::Register(G4String const&, G4VBaseXSFactory*) (in /home/vnivanch/cwork/tests-build/Hadr01/Hadr01)
==643505==    by 0x576097: _GLOBAL__sub_I__ZGR30G4KokoulinMuonNuclearXSFactory_ (in /home/vnivanch/cwork/tests-build/Hadr01/Hadr01)
==643505==    by 0x4F676BA: __libc_start_main@@GLIBC_2.34 (in /usr/lib64/libc.so.6)
==643505==    by 0x59EEA4: (below main) (in /home/vnivanch/cwork/tests-build/Hadr01/Hadr01)
==643505== 
==643505== 88 bytes in 1 blocks are still reachable in loss record 154 of 168
==643505==    at 0x4844F95: operator new(unsigned long) (vg_replace_malloc.c:483)
==643505==    by 0x1545141: G4GeometryManager::GetInstance() (in /home/vnivanch/cwork/tests-build/Hadr01/Hadr01)
==643505==    by 0x1556038: G4RegionStore::Clean() (in /home/vnivanch/cwork/tests-build/Hadr01/Hadr01)
==643505==    by 0x1556282: G4RegionStore::~G4RegionStore() (in /home/vnivanch/cwork/tests-build/Hadr01/Hadr01)
==643505==    by 0x4F7EDEC: __run_exit_handlers (in /usr/lib64/libc.so.6)
==643505==    by 0x4F7EF2F: exit (in /usr/lib64/libc.so.6)
==643505==    by 0x4F67596: (below main) (in /usr/lib64/libc.so.6)
==643505== 
==643505== 88 bytes in 1 blocks are definitely lost in loss record 155 of 168
==643505==    at 0x4844F95: operator new(unsigned long) (vg_replace_malloc.c:483)
==643505==    by 0x5B71CC: RunAction::RunAction() (in /home/vnivanch/cwork/tests-build/Hadr01/Hadr01)
==643505==    by 0x59F41F: main (in /home/vnivanch/cwork/tests-build/Hadr01/Hadr01)
==643505== 
==643505== 96 bytes in 1 blocks are still reachable in loss record 156 of 168
==643505==    at 0x4844F95: operator new(unsigned long) (vg_replace_malloc.c:483)
==643505==    by 0xA402B0: std::_Rb_tree_iterator<std::pair<std::__cxx11::basic_string<char, std::char_traits<char>, std::allocator<char> > const, std::__cxx11::basic_string<char, std::char_traits<char>, std::allocator<char> > > > std::_Rb_tree<std::__cxx11::basic_string<char, std::char_traits<char>, std::allocator<char> >, std::pair<std::__cxx11::basic_string<char, std::char_traits<char>, std::allocator<char> > const, std::__cxx11::basic_string<char, std::char_traits<char>, std::allocator<char> > >, std::_Select1st<std::pair<std::__cxx11::basic_string<char, std::char_traits<char>, std::allocator<char> > const, std::__cxx11::basic_string<char, std::char_traits<char>, std::allocator<char> > > >, std::less<std::__cxx11::basic_string<char, std::char_traits<char>, std::allocator<char> > >, std::allocator<std::pair<std::__cxx11::basic_string<char, std::char_traits<char>, std::allocator<char> > const, std::__cxx11::basic_string<char, std::char_traits<char>, std::allocator<char> > > > >::_M_emplace_hint_unique<std::pair<std::__cxx11::basic_string<char, std::char_traits<char>, std::allocator<char> >, std::__cxx11::basic_string<char, std::char_traits<char>, std::allocator<char> > > >(std::_Rb_tree_const_iterator<std::pair<std::__cxx11::basic_string<char, std::char_traits<char>, std::allocator<char> > const, std::__cxx11::basic_string<char, std::char_traits<char>, std::allocator<char> > > >, std::pair<std::__cxx11::basic_string<char, std::char_traits<char>, std::allocator<char> >, std::__cxx11::basic_string<char, std::char_traits<char>, std::allocator<char> > >&&) (in /home/vnivanch/cwork/tests-build/Hadr01/Hadr01)
==643505==    by 0xA597C1: void G4EnvSettings::insert<int>(std::__cxx11::basic_string<char, std::char_traits<char>, std::allocator<char> > const&, int) (in /home/vnivanch/cwork/tests-build/Hadr01/Hadr01)
==643505==    by 0xA5A4C3: int G4GetEnv<int>(std::__cxx11::basic_string<char, std::char_traits<char>, std::allocator<char> > const&, int) (in /home/vnivanch/cwork/tests-build/Hadr01/Hadr01)
==643505==    by 0xF3CDCA: G4HadronicParameters::G4HadronicParameters() (in /home/vnivanch/cwork/tests-build/Hadr01/Hadr01)
==643505==    by 0xF3D637: G4HadronicParameters::Instance() (in /home/vnivanch/cwork/tests-build/Hadr01/Hadr01)
==643505==    by 0x9FE9B2: G4PhysListUtil::InitialiseParameters() (in /home/vnivanch/cwork/tests-build/Hadr01/Hadr01)
==643505==    by 0x9CD29E: G4DecayPhysics::G4DecayPhysics(int) (in /home/vnivanch/cwork/tests-build/Hadr01/Hadr01)
==643505==    by 0x9F83C0: QBBC::QBBC(int, G4String const&) (in /home/vnivanch/cwork/tests-build/Hadr01/Hadr01)
==643505==    by 0x9EDC1B: G4PhysListFactory::GetReferencePhysList(G4String const&) (in /home/vnivanch/cwork/tests-build/Hadr01/Hadr01)
==643505==    by 0x59F210: main (in /home/vnivanch/cwork/tests-build/Hadr01/Hadr01)
==643505== 
==643505== 128 bytes in 2 blocks are definitely lost in loss record 157 of 168
==643505==    at 0x4844F95: operator new(unsigned long) (vg_replace_malloc.c:483)
==643505==    by 0x1688788: G4NistElementBuilder::BuildElement(int) (in /home/vnivanch/cwork/tests-build/Hadr01/Hadr01)
==643505==    by 0x1699524: G4NistMaterialBuilder::BuildMaterial(int) (in /home/vnivanch/cwork/tests-build/Hadr01/Hadr01)
==643505==    by 0x1699DC2: G4NistMaterialBuilder::FindOrBuildMaterial(G4String const&, bool) (in /home/vnivanch/cwork/tests-build/Hadr01/Hadr01)
==643505==    by 0x5A430E: G4NistManager::FindOrBuildMaterial(G4String const&, bool, bool) (in /home/vnivanch/cwork/tests-build/Hadr01/Hadr01)
==643505==    by 0x5A2A45: DetectorConstruction::DetectorConstruction() (in /home/vnivanch/cwork/tests-build/Hadr01/Hadr01)
==643505==    by 0x59F05E: main (in /home/vnivanch/cwork/tests-build/Hadr01/Hadr01)
==643505== 
==643505== 128 bytes in 2 blocks are definitely lost in loss record 158 of 168
==643505==    at 0x4844F95: operator new(unsigned long) (vg_replace_malloc.c:483)
==643505==    by 0x1688788: G4NistElementBuilder::BuildElement(int) (in /home/vnivanch/cwork/tests-build/Hadr01/Hadr01)
==643505==    by 0x5A42D8: G4NistManager::FindOrBuildElement(int, bool) (in /home/vnivanch/cwork/tests-build/Hadr01/Hadr01)
==643505==    by 0x5A2A9E: DetectorConstruction::DetectorConstruction() (in /home/vnivanch/cwork/tests-build/Hadr01/Hadr01)
==643505==    by 0x59F05E: main (in /home/vnivanch/cwork/tests-build/Hadr01/Hadr01)
==643505== 
==643505== 128 bytes in 2 blocks are definitely lost in loss record 159 of 168
==643505==    at 0x4844F95: operator new(unsigned long) (vg_replace_malloc.c:483)
==643505==    by 0x1688788: G4NistElementBuilder::BuildElement(int) (in /home/vnivanch/cwork/tests-build/Hadr01/Hadr01)
==643505==    by 0x5A42D8: G4NistManager::FindOrBuildElement(int, bool) (in /home/vnivanch/cwork/tests-build/Hadr01/Hadr01)
==643505==    by 0x5A2AB8: DetectorConstruction::DetectorConstruction() (in /home/vnivanch/cwork/tests-build/Hadr01/Hadr01)
==643505==    by 0x59F05E: main (in /home/vnivanch/cwork/tests-build/Hadr01/Hadr01)
==643505== 
==643505== 128 bytes in 2 blocks are definitely lost in loss record 160 of 168
==643505==    at 0x4844F95: operator new(unsigned long) (vg_replace_malloc.c:483)
==643505==    by 0x1688788: G4NistElementBuilder::BuildElement(int) (in /home/vnivanch/cwork/tests-build/Hadr01/Hadr01)
==643505==    by 0x5A42D8: G4NistManager::FindOrBuildElement(int, bool) (in /home/vnivanch/cwork/tests-build/Hadr01/Hadr01)
==643505==    by 0x5A2B3A: DetectorConstruction::DetectorConstruction() (in /home/vnivanch/cwork/tests-build/Hadr01/Hadr01)
==643505==    by 0x59F05E: main (in /home/vnivanch/cwork/tests-build/Hadr01/Hadr01)
==643505== 
==643505== 192 bytes in 3 blocks are definitely lost in loss record 161 of 168
==643505==    at 0x4844F95: operator new(unsigned long) (vg_replace_malloc.c:483)
==643505==    by 0x1688788: G4NistElementBuilder::BuildElement(int) (in /home/vnivanch/cwork/tests-build/Hadr01/Hadr01)
==643505==    by 0x5A42D8: G4NistManager::FindOrBuildElement(int, bool) (in /home/vnivanch/cwork/tests-build/Hadr01/Hadr01)
==643505==    by 0x5A2AD2: DetectorConstruction::DetectorConstruction() (in /home/vnivanch/cwork/tests-build/Hadr01/Hadr01)
==643505==    by 0x59F05E: main (in /home/vnivanch/cwork/tests-build/Hadr01/Hadr01)
==643505== 
==643505== 320 bytes in 5 blocks are definitely lost in loss record 162 of 168
==643505==    at 0x4844F95: operator new(unsigned long) (vg_replace_malloc.c:483)
==643505==    by 0x1688788: G4NistElementBuilder::BuildElement(int) (in /home/vnivanch/cwork/tests-build/Hadr01/Hadr01)
==643505==    by 0x5A42D8: G4NistManager::FindOrBuildElement(int, bool) (in /home/vnivanch/cwork/tests-build/Hadr01/Hadr01)
==643505==    by 0x5A2B06: DetectorConstruction::DetectorConstruction() (in /home/vnivanch/cwork/tests-build/Hadr01/Hadr01)
==643505==    by 0x59F05E: main (in /home/vnivanch/cwork/tests-build/Hadr01/Hadr01)
==643505== 
==643505== 2,808 bytes in 1 blocks are still reachable in loss record 163 of 168
==643505==    at 0x4844F95: operator new(unsigned long) (vg_replace_malloc.c:483)
==643505==    by 0x6DD386: std::vector<double, std::allocator<double> >::_M_default_append(unsigned long) (in /home/vnivanch/cwork/tests-build/Hadr01/Hadr01)
==643505==    by 0xB10EFC: G4VRangeToEnergyConverter::FillEnergyVector(double, double) (in /home/vnivanch/cwork/tests-build/Hadr01/Hadr01)
==643505==    by 0xA67AE8: G4VUserPhysicsList::G4VUserPhysicsList() (in /home/vnivanch/cwork/tests-build/Hadr01/Hadr01)
==643505==    by 0x9F82AC: QBBC::QBBC(int, G4String const&) (in /home/vnivanch/cwork/tests-build/Hadr01/Hadr01)
==643505==    by 0x9EDC1B: G4PhysListFactory::GetReferencePhysList(G4String const&) (in /home/vnivanch/cwork/tests-build/Hadr01/Hadr01)
==643505==    by 0x59F210: main (in /home/vnivanch/cwork/tests-build/Hadr01/Hadr01)
==643505== 
==643505== 4,104 bytes in 1 blocks are still reachable in loss record 164 of 168
==643505==    at 0x484C184: realloc (vg_replace_malloc.c:1690)
==643505==    by 0xA602FE: G4VModularPhysicsList::G4VModularPhysicsList() (in /home/vnivanch/cwork/tests-build/Hadr01/Hadr01)
==643505==    by 0x9F82B9: QBBC::QBBC(int, G4String const&) (in /home/vnivanch/cwork/tests-build/Hadr01/Hadr01)
==643505==    by 0x9EDC1B: G4PhysListFactory::GetReferencePhysList(G4String const&) (in /home/vnivanch/cwork/tests-build/Hadr01/Hadr01)
==643505==    by 0x59F210: main (in /home/vnivanch/cwork/tests-build/Hadr01/Hadr01)
==643505== 
==643505== 8,208 bytes in 1 blocks are still reachable in loss record 165 of 168
==643505==    at 0x484C184: realloc (vg_replace_malloc.c:1690)
==643505==    by 0xA61893: G4VPhysicsConstructor::G4VPhysicsConstructor(G4String const&) (in /home/vnivanch/cwork/tests-build/Hadr01/Hadr01)
==643505==    by 0x9CE6F3: G4EmStandardPhysics::G4EmStandardPhysics(int, G4String const&) (in /home/vnivanch/cwork/tests-build/Hadr01/Hadr01)
==643505==    by 0x9F8365: QBBC::QBBC(int, G4String const&) (in /home/vnivanch/cwork/tests-build/Hadr01/Hadr01)
==643505==    by 0x9EDC1B: G4PhysListFactory::GetReferencePhysList(G4String const&) (in /home/vnivanch/cwork/tests-build/Hadr01/Hadr01)
==643505==    by 0x59F210: main (in /home/vnivanch/cwork/tests-build/Hadr01/Hadr01)
==643505== 
==643505== 12,288 bytes in 512 blocks are still reachable in loss record 166 of 168
==643505==    at 0x4844F95: operator new(unsigned long) (vg_replace_malloc.c:483)
==643505==    by 0xA60345: G4VModularPhysicsList::G4VModularPhysicsList() (in /home/vnivanch/cwork/tests-build/Hadr01/Hadr01)
==643505==    by 0x9F82B9: QBBC::QBBC(int, G4String const&) (in /home/vnivanch/cwork/tests-build/Hadr01/Hadr01)
==643505==    by 0x9EDC1B: G4PhysListFactory::GetReferencePhysList(G4String const&) (in /home/vnivanch/cwork/tests-build/Hadr01/Hadr01)
==643505==    by 0x59F210: main (in /home/vnivanch/cwork/tests-build/Hadr01/Hadr01)
==643505== 
==643505== 12,312 bytes in 513 blocks are still reachable in loss record 167 of 168
==643505==    at 0x4844F95: operator new(unsigned long) (vg_replace_malloc.c:483)
==643505==    by 0xA618E6: G4VPhysicsConstructor::G4VPhysicsConstructor(G4String const&) (in /home/vnivanch/cwork/tests-build/Hadr01/Hadr01)
==643505==    by 0x9CE6F3: G4EmStandardPhysics::G4EmStandardPhysics(int, G4String const&) (in /home/vnivanch/cwork/tests-build/Hadr01/Hadr01)
==643505==    by 0x9F8365: QBBC::QBBC(int, G4String const&) (in /home/vnivanch/cwork/tests-build/Hadr01/Hadr01)
==643505==    by 0x9EDC1B: G4PhysListFactory::GetReferencePhysList(G4String const&) (in /home/vnivanch/cwork/tests-build/Hadr01/Hadr01)
==643505==    by 0x59F210: main (in /home/vnivanch/cwork/tests-build/Hadr01/Hadr01)
==643505== 
==643505== 16,416 bytes in 1 blocks are still reachable in loss record 168 of 168
==643505==    at 0x484C184: realloc (vg_replace_malloc.c:1690)
==643505==    by 0xA67BC3: G4VUserPhysicsList::G4VUserPhysicsList() (in /home/vnivanch/cwork/tests-build/Hadr01/Hadr01)
==643505==    by 0x9F82AC: QBBC::QBBC(int, G4String const&) (in /home/vnivanch/cwork/tests-build/Hadr01/Hadr01)
==643505==    by 0x9EDC1B: G4PhysListFactory::GetReferencePhysList(G4String const&) (in /home/vnivanch/cwork/tests-build/Hadr01/Hadr01)
==643505==    by 0x59F210: main (in /home/vnivanch/cwork/tests-build/Hadr01/Hadr01)
==643505== 
==643505== LEAK SUMMARY:
==643505==    definitely lost: 1,240 bytes in 19 blocks
==643505==    indirectly lost: 0 bytes in 0 blocks
==643505==      possibly lost: 0 bytes in 0 blocks
==643505==    still reachable: 63,625 bytes in 1,182 blocks
==643505==         suppressed: 0 bytes in 0 blocks
==643505== 
==643505== For lists of detected and suppressed errors, rerun with: -s
==643505== ERROR SUMMARY: 9 errors from 9 contexts (suppressed: 0 from 0)
