Environment variable "G4FORCE_RUN_MANAGER_TYPE" enabled with value == Serial. Forcing G4RunManager type...

        ############################################
        !!! WARNING - FPE detection is activated !!!
        ############################################


          ################################
          !!! G4Backtrace is activated !!!
          ################################


**************************************************************
 Geant4 version Name: geant4-11-03-ref-07    (31-July-2025)
                       Copyright : Geant4 Collaboration
                      References : NIM A 506 (2003), 250-303
                                 : IEEE-TNS 53 (2006), 270-278
                                 : NIM A 835 (2016), 186-225
                             WWW : http://geant4.org/
**************************************************************



	--> Running in serial mode



 hInelastic QGSP_BERT_HP  Thresholds: 
    1) between BERT  and FTF/P over the interval 3 to 6 GeV. 
    2) between FTF/P and QGS/P over the interval 12 to 25 GeV. 
  -- quasiElastic: 1 for QGS  and 0 for FTF
Visualization Manager instantiating with verbosity "warnings (3)"...
Visualization Manager initialising...
Registering graphics systems...

You have successfully registered the following graphics systems.
Registered graphics systems are:
  ASCIITree (ATree)
  DAWNFILE (DAWNFILE)
  G4HepRepFile (HepRepFile)
  RayTracer (RT)
  VRML2FILE (VRML2FILE)
  gMocrenFile (gMocrenFile)
  TOOLSSG_OFFSCREEN (TSG_OFFSCREEN, TSG_FILE)
  OpenGLImmediateQt (OGLIQt, OGLI)
  OpenGLStoredQt (OGLSQt, OGLS)
  OpenGLImmediateXm (OGLIXm, OGLIQt_FALLBACK)
  OpenGLStoredXm (OGLSXm, OGLSQt_FALLBACK)
  OpenGLImmediateX (OGLIX, OGLIQt_FALLBACK, OGLIXm_FALLBACK)
  OpenGLStoredX (OGLSX, OGLSQt_FALLBACK, OGLSXm_FALLBACK)
  RayTracerX (RTX)
  RayTracerQt (RTQt)
  Qt3D (Qt3D)
  TOOLSSG_X11_GLES (TSG_X11_GLES, TSGX11, TSG_XT_GLES_FALLBACK)
  TOOLSSG_X11_ZB (TSG_X11_ZB, TSGX11ZB)
  TOOLSSG_XT_GLES (TSG_XT_GLES, TSGXt, TSG_QT_GLES_FALLBACK)
  TOOLSSG_XT_ZB (TSG_XT_ZB, TSGXtZB)
  TOOLSSG_QT_GLES (TSG_QT_GLES, TSGQt, TSG, OGL)
  TOOLSSG_QT_ZB (TSG_QT_ZB, TSGQtZB)
You may choose a graphics system (driver) with a parameter of
the command "/vis/open" or "/vis/sceneHandler/create",
or you may omit the driver parameter and choose at run time:
- by argument in the construction of G4VisExecutive
- by environment variable "G4VIS_DEFAULT_DRIVER"
- by entry in "~/.g4session"
- by build flags.
- Note: This feature is not allowed in batch mode.
For further information see "examples/basic/B1/exampleB1.cc"
and "vis.mac".

Registering model factories...

You have successfully registered the following model factories.
Registered model factories:
  generic
  drawByAttribute
  drawByCharge
  drawByOriginVolume
  drawByParticleID
  drawByEncounteredVolume

Registered models:
  None

Registered filter factories:
  attributeFilter
  chargeFilter
  originVolumeFilter
  particleFilter
  encounteredVolumeFilter

Registered filters:
  None

You have successfully registered the following user vis actions.
Run Duration User Vis Actions: none
End of Event User Vis Actions: none
End of Run User Vis Actions: none

Some /vis commands (optionally) take a string to specify colour.
"/vis/list" to see available colours.
/tracking/verbose 0
/run/verbose 1
/event/verbose 0
/random/setDirectoryName run_random_seed_info
/random/setSavingFlag 1
/random/saveEachEventFlag 0
/run/beamOn 10000
=======================================================================
======                 Electromagnetic Physics Parameters      ========
=======================================================================
LPM effect enabled                                 1
Enable creation and use of sampling tables         0
Apply cuts on all EM processes                     0
Use combined TransportationWithMsc                 Disabled
Use general process                                1
Enable linear polarisation for gamma               0
Enable photoeffect sampling below K-shell          1
Enable sampling of quantum entanglement            0
X-section factor for integral approach             0.8
Min kinetic energy for tables                      100 eV 
Max kinetic energy for tables                      100 TeV
Number of bins per decade of a table               20
Verbose level                                      1
Verbose level for worker thread                    0
Bremsstrahlung energy threshold above which 
  primary e+- is added to the list of secondary    100 TeV
Bremsstrahlung energy threshold above which primary
  muon/hadron is added to the list of secondary    100 TeV
Positron annihilation at rest model                AllisonPositronium
Enable 3 gamma annihilation on fly                 1
Lowest triplet kinetic energy                      1 MeV
Enable sampling of gamma linear polarisation       0
5D gamma conversion model type                     0
5D gamma conversion model on isolated ion          0
Use RiGe 5D e+e- pair production model by muons    0
Livermore data directory                           epics_2017
=======================================================================
======                 Ionisation Parameters                   ========
=======================================================================
Step function for e+-                              (0.2, 0.01 mm)
Step function for muons/hadrons                    (0.1, 0.05 mm)
Step function for light ions                       (0.1, 0.02 mm)
Step function for general ions                     (0.1, 0.001 mm)
Lowest e+e- kinetic energy                         100 eV 
Lowest muon/hadron kinetic energy                  1 keV
Use ICRU90 data                                    1
Fluctuations of dE/dx are enabled                  1
Type of fluctuation model for leptons and hadrons  Urban
Use built-in Birks satuaration                     0
Build CSDA range enabled                           0
Use cut as a final range enabled                   0
Enable angular generator interface                 1
Max kinetic energy for CSDA tables                 1 GeV
Max kinetic energy for NIEL computation            1 MeV
Linear loss limit                                  0.01
Read data from file for e+e- pair production by mu 0
=======================================================================
======                 Multiple Scattering Parameters          ========
=======================================================================
Type of msc step limit algorithm for e+-           2
Type of msc step limit algorithm for muons/hadrons 0
Msc lateral displacement for e+- enabled           1
Msc lateral displacement for muons and hadrons     1
Urban msc model lateral displacement alg96         1
Range factor for msc step limit for e+-            0.08
Range factor for msc step limit for muons/hadrons  0.2
Geometry factor for msc step limitation of e+-     2.5
Safety factor for msc step limit for e+-           0.6
Skin parameter for msc step limitation of e+-      3
Lambda limit for msc step limit for e+-            1 mm
Use Mott correction for e- scattering              1
Factor used for dynamic computation of angular 
  limit between single and multiple scattering     1
Fixed angular limit between single 
  and multiple scattering                          3.1416 rad
Upper energy limit for e+- multiple scattering     100 MeV
Type of electron single scattering model           0
Type of nuclear form-factor                        1
Screening factor                                   1
=======================================================================
======                 Atomic Deexcitation Parameters          ========
=======================================================================
Fluorescence enabled                               1
Directory in G4LEDATA for fluorescence data files  fluor
Auger electron cascade enabled                     1
PIXE atomic de-excitation enabled                  0
De-excitation module ignores cuts                  1
Type of PIXE cross section for hadrons             Empirical
Type of PIXE cross section for e+-                 Livermore
=======================================================================

### ===  Deexcitation model UAtomDeexcitation is activated for 1 region:
          DefaultRegionForTheWorld  1  1  0
### ===  Auger flag: 1
### ===  Ignore cuts flag:   1

phot:  for gamma SubType=12 BuildTable=0
      LambdaPrime table from 200 keV to 100 TeV in 174 bins 
      ===== EM models for the G4Region  DefaultRegionForTheWorld ======
 LivermorePhElectric : Emin=    0 eV  Emax=  100 TeV  SauterGavrila Fluo

compt:  for gamma SubType=13 BuildTable=1
      Lambda table from 100 eV  to 1 MeV, 20 bins/decade, spline: 1
      LambdaPrime table from 1 MeV to 100 TeV in 160 bins 
      ===== EM models for the G4Region  DefaultRegionForTheWorld ======
   LowEPComptonModel : Emin=    0 eV  Emax=   20 MeV Fluo
        KleinNishina : Emin=   20 MeV Emax=  100 TeV Fluo

conv:  for gamma SubType=14 BuildTable=1
      Lambda table from 1.022 MeV to 100 TeV, 20 bins/decade, spline: 1
      ===== EM models for the G4Region  DefaultRegionForTheWorld ======
      BetheHeitler5D : Emin=    0 eV  Emax=  100 TeV  ModifiedTsai

Rayl:  for gamma SubType=11 BuildTable=1
      Lambda table from 100 eV  to 150 keV, 20 bins/decade, spline: 0
      LambdaPrime table from 150 keV to 100 TeV in 176 bins 
      ===== EM models for the G4Region  DefaultRegionForTheWorld ======
   LivermoreRayleigh : Emin=    0 eV  Emax=  100 TeV  CullenGenerator

msc:  for e-  SubType= 10
      ===== EM models for the G4Region  DefaultRegionForTheWorld ======
  GoudsmitSaunderson : Emin=    0 eV  Emax=  100 MeV Nbins=120 100 eV  - 100 MeV
          StepLim=SafetyPlus Rfact=0.08 Gfact=2.5 Sfact=0.6 DispFlag:1 Skin=3 Llim=1 mm
        WentzelVIUni : Emin=  100 MeV Emax=  100 TeV Nbins=120 100 MeV - 100 TeV
          StepLim=SafetyPlus Rfact=0.08 Gfact=2.5 Sfact=0.6 DispFlag:1 Skin=3 Llim=1 mm

eIoni:  for e-  XStype:3  SubType=2
      dE/dx and range tables from 100 eV  to 100 TeV in 240 bins
      Lambda tables from threshold to 100 TeV, 20 bins/decade, spline: 1
      StepFunction=(0.2, 0.01 mm), integ: 3, fluct: 1, linLossLim= 0.01
      ===== EM models for the G4Region  DefaultRegionForTheWorld ======
             PenIoni : Emin=    0 eV  Emax=  100 keV
        MollerBhabha : Emin=  100 keV Emax=  100 TeV  deltaVI

eBrem:  for e-  XStype:4  SubType=3
      dE/dx and range tables from 100 eV  to 100 TeV in 240 bins
      Lambda tables from threshold to 100 TeV, 20 bins/decade, spline: 1
      LPM flag: 1 for E > 1 GeV,  VertexHighEnergyTh(GeV)= 100000
      ===== EM models for the G4Region  DefaultRegionForTheWorld ======
             eBremSB : Emin=    0 eV  Emax=    1 GeV  AngularGen2BS
            eBremLPM : Emin=    1 GeV Emax=  100 TeV  AngularGen2BS

ePairProd:  for e-  XStype:1  SubType=4
      dE/dx and range tables from 100 eV  to 100 TeV in 240 bins
      Lambda tables from threshold to 100 TeV, 20 bins/decade, spline: 0
      Sampling table 25x1001 from 0.1 GeV to 100 TeV 
      ===== EM models for the G4Region  DefaultRegionForTheWorld ======
           ePairProd : Emin=    0 eV  Emax=  100 TeV  ModifiedMephi

CoulombScat:  for e- XStype:1 SubType=1 BuildTable=1
      Lambda table from 100 MeV to 100 TeV, 20 bins/decade, spline: 0
      ThetaMin(p) < Theta(degree) < 180, pLimit(GeV^1)= 0.139531
      ===== EM models for the G4Region  DefaultRegionForTheWorld ======
  eCoulombScattering : Emin=  100 MeV Emax=  100 TeV

msc:  for e+  SubType= 10
      ===== EM models for the G4Region  DefaultRegionForTheWorld ======
  GoudsmitSaunderson : Emin=    0 eV  Emax=  100 MeV Nbins=120 100 eV  - 100 MeV
          StepLim=SafetyPlus Rfact=0.08 Gfact=2.5 Sfact=0.6 DispFlag:1 Skin=3 Llim=1 mm
        WentzelVIUni : Emin=  100 MeV Emax=  100 TeV Nbins=120 100 MeV - 100 TeV
          StepLim=SafetyPlus Rfact=0.08 Gfact=2.5 Sfact=0.6 DispFlag:1 Skin=3 Llim=1 mm

eIoni:  for e+  XStype:3  SubType=2
      dE/dx and range tables from 100 eV  to 100 TeV in 240 bins
      Lambda tables from threshold to 100 TeV, 20 bins/decade, spline: 1
      StepFunction=(0.2, 0.01 mm), integ: 3, fluct: 1, linLossLim= 0.01
      ===== EM models for the G4Region  DefaultRegionForTheWorld ======
             PenIoni : Emin=    0 eV  Emax=  100 keV
        MollerBhabha : Emin=  100 keV Emax=  100 TeV  deltaVI

eBrem:  for e+  XStype:4  SubType=3
      dE/dx and range tables from 100 eV  to 100 TeV in 240 bins
      Lambda tables from threshold to 100 TeV, 20 bins/decade, spline: 1
      LPM flag: 1 for E > 1 GeV,  VertexHighEnergyTh(GeV)= 100000
      ===== EM models for the G4Region  DefaultRegionForTheWorld ======
             eBremSB : Emin=    0 eV  Emax=    1 GeV  AngularGen2BS
            eBremLPM : Emin=    1 GeV Emax=  100 TeV  AngularGen2BS

ePairProd:  for e+  XStype:1  SubType=4
      dE/dx and range tables from 100 eV  to 100 TeV in 240 bins
      Lambda tables from threshold to 100 TeV, 20 bins/decade, spline: 0
      Sampling table 25x1001 from 0.1 GeV to 100 TeV 
      ===== EM models for the G4Region  DefaultRegionForTheWorld ======
           ePairProd : Emin=    0 eV  Emax=  100 TeV  ModifiedMephi

annihil:  for e+ XStype:2 SubType=5 AtRestModel:Allison BuildTable=0
      ===== EM models for the G4Region  DefaultRegionForTheWorld ======
    eplusTo2or3gamma : Emin=    0 eV  Emax=  100 TeV

CoulombScat:  for e+ XStype:1 SubType=1 BuildTable=1
      Lambda table from 100 MeV to 100 TeV, 20 bins/decade, spline: 0
      ThetaMin(p) < Theta(degree) < 180, pLimit(GeV^1)= 0.139531
      ===== EM models for the G4Region  DefaultRegionForTheWorld ======
  eCoulombScattering : Emin=  100 MeV Emax=  100 TeV

msc:  for proton  SubType= 10
      ===== EM models for the G4Region  DefaultRegionForTheWorld ======
        WentzelVIUni : Emin=    0 eV  Emax=  100 TeV Nbins=240 100 eV  - 100 TeV
          StepLim=Minimal Rfact=0.2 Gfact=2.5 Sfact=0.6 DispFlag:1 Skin=3 Llim=1 mm

hIoni:  for proton  XStype:3  SubType=2
      dE/dx and range tables from 100 eV  to 100 TeV in 240 bins
      Lambda tables from threshold to 100 TeV, 20 bins/decade, spline: 1
      StepFunction=(0.1, 0.05 mm), integ: 3, fluct: 1, linLossLim= 0.01
      ===== EM models for the G4Region  DefaultRegionForTheWorld ======
               Bragg : Emin=    0 eV  Emax=    2 MeV  deltaVI
          BetheBloch : Emin=    2 MeV Emax=  100 TeV  deltaVI

hBrems:  for proton  XStype:1  SubType=3
      dE/dx and range tables from 100 eV  to 100 TeV in 240 bins
      Lambda tables from threshold to 100 TeV, 20 bins/decade, spline: 1
      ===== EM models for the G4Region  DefaultRegionForTheWorld ======
               hBrem : Emin=    0 eV  Emax=  100 TeV  ModifiedMephi

hPairProd:  for proton  XStype:1  SubType=4
      dE/dx and range tables from 100 eV  to 100 TeV in 240 bins
      Lambda tables from threshold to 100 TeV, 20 bins/decade, spline: 1
      Sampling table 17x1001, from 7.50618 GeV to 100 TeV 
      ===== EM models for the G4Region  DefaultRegionForTheWorld ======
           hPairProd : Emin=    0 eV  Emax=  100 TeV  ModifiedMephi

CoulombScat:  for proton XStype:1 SubType=1 BuildTable=1
      Lambda table from threshold  to 100 TeV, 20 bins/decade, spline: 0
      ThetaMin(p) < Theta(degree) < 180, pLimit(GeV^1)= 0.139531
      ===== EM models for the G4Region  DefaultRegionForTheWorld ======
  eCoulombScattering : Emin=    0 eV  Emax=  100 TeV

nuclearStopping:  for proton SubType=8 BuildTable=0
      ===== EM models for the G4Region  DefaultRegionForTheWorld ======
   ICRU49NucStopping : Emin=    0 eV  Emax=    1 MeV

msc:  for GenericIon  SubType= 10
      ===== EM models for the G4Region  DefaultRegionForTheWorld ======
            UrbanMsc : Emin=    0 eV  Emax=  100 TeV
          StepLim=Minimal Rfact=0.2 Gfact=2.5 Sfact=0.6 DispFlag:1 Skin=3 Llim=1 mm

ionIoni:  for GenericIon  XStype:3  SubType=2
      dE/dx and range tables from 100 eV  to 100 TeV in 240 bins
      Lambda tables from threshold to 100 TeV, 20 bins/decade, spline: 1
      StepFunction=(0.1, 0.001 mm), integ: 3, fluct: 1, linLossLim= 0.02
      ===== EM models for the G4Region  DefaultRegionForTheWorld ======
    LindhardSorensen : Emin=    0 eV  Emax=  100 TeV  deltaVI

nuclearStopping:  for GenericIon SubType=8 BuildTable=0
      ===== EM models for the G4Region  DefaultRegionForTheWorld ======
   ICRU49NucStopping : Emin=    0 eV  Emax=    1 MeV
======================================================================
======          Radioactive Decay Physics Parameters           =======
======================================================================
min MeanLife (from G4NuclideTable)                1 ns 
Max life time (from G4DeexPrecoParameters)        1000 ps 
Internal e- conversion flag                       1
Stored internal conversion coefficients           1
Enabled atomic relaxation mode                    1
Enable correlated gamma emission                  0
Max 2J for sampling of angular correlations       10
Atomic de-excitation enabled                      1
Auger electron emission enabled                   1
Check EM cuts disabled for atomic de-excitation   1
Use Bearden atomic level energies                 0
Use ANSTO fluorescence model                      0
Threshold for very long decay time at rest        1 y  
======================================================================

msc:  for alpha  SubType= 10
      ===== EM models for the G4Region  DefaultRegionForTheWorld ======
            UrbanMsc : Emin=    0 eV  Emax=  100 TeV
          StepLim=Minimal Rfact=0.2 Gfact=2.5 Sfact=0.6 DispFlag:1 Skin=3 Llim=1 mm

ionIoni:  for alpha  XStype:3  SubType=2
      dE/dx and range tables from 100 eV  to 100 TeV in 240 bins
      Lambda tables from threshold to 100 TeV, 20 bins/decade, spline: 1
      StepFunction=(0.1, 0.02 mm), integ: 3, fluct: 1, linLossLim= 0.02
      ===== EM models for the G4Region  DefaultRegionForTheWorld ======
            BraggIon : Emin=    0 eV  Emax=7.9452 MeV  deltaVI
          BetheBloch : Emin=7.9452 MeV Emax=  100 TeV  deltaVI

nuclearStopping:  for alpha SubType=8 BuildTable=0
      ===== EM models for the G4Region  DefaultRegionForTheWorld ======
   ICRU49NucStopping : Emin=    0 eV  Emax=    1 MeV

msc:  for anti_proton  SubType= 10
      ===== EM models for the G4Region  DefaultRegionForTheWorld ======
        WentzelVIUni : Emin=    0 eV  Emax=  100 TeV Nbins=240 100 eV  - 100 TeV
          StepLim=Minimal Rfact=0.2 Gfact=2.5 Sfact=0.6 DispFlag:1 Skin=3 Llim=1 mm

hIoni:  for anti_proton  XStype:3  SubType=2
      dE/dx and range tables from 100 eV  to 100 TeV in 240 bins
      Lambda tables from threshold to 100 TeV, 20 bins/decade, spline: 1
      StepFunction=(0.1, 0.05 mm), integ: 3, fluct: 1, linLossLim= 0.01
      ===== EM models for the G4Region  DefaultRegionForTheWorld ======
            ICRU73QO : Emin=    0 eV  Emax=    2 MeV  deltaVI
          BetheBloch : Emin=    2 MeV Emax=  100 TeV  deltaVI

hBrems:  for anti_proton  XStype:1  SubType=3
      dE/dx and range tables from 100 eV  to 100 TeV in 240 bins
      Lambda tables from threshold to 100 TeV, 20 bins/decade, spline: 1
      ===== EM models for the G4Region  DefaultRegionForTheWorld ======
               hBrem : Emin=    0 eV  Emax=  100 TeV  ModifiedMephi

hPairProd:  for anti_proton  XStype:1  SubType=4
      dE/dx and range tables from 100 eV  to 100 TeV in 240 bins
      Lambda tables from threshold to 100 TeV, 20 bins/decade, spline: 1
      Sampling table 17x1001, from 7.50618 GeV to 100 TeV 
      ===== EM models for the G4Region  DefaultRegionForTheWorld ======
           hPairProd : Emin=    0 eV  Emax=  100 TeV  ModifiedMephi

CoulombScat:  for anti_proton XStype:1 SubType=1 BuildTable=1
      Lambda table from threshold  to 100 TeV, 20 bins/decade, spline: 0
      ThetaMin(p) < Theta(degree) < 180, pLimit(GeV^1)= 0.139531
      ===== EM models for the G4Region  DefaultRegionForTheWorld ======
  eCoulombScattering : Emin=    0 eV  Emax=  100 TeV

msc:  for kaon+  SubType= 10
      ===== EM models for the G4Region  DefaultRegionForTheWorld ======
        WentzelVIUni : Emin=    0 eV  Emax=  100 TeV Nbins=240 100 eV  - 100 TeV
          StepLim=Minimal Rfact=0.2 Gfact=2.5 Sfact=0.6 DispFlag:1 Skin=3 Llim=1 mm

hIoni:  for kaon+  XStype:3  SubType=2
      dE/dx and range tables from 100 eV  to 100 TeV in 240 bins
      Lambda tables from threshold to 100 TeV, 20 bins/decade, spline: 1
      StepFunction=(0.1, 0.05 mm), integ: 3, fluct: 1, linLossLim= 0.01
      ===== EM models for the G4Region  DefaultRegionForTheWorld ======
               Bragg : Emin=    0 eV  Emax=1.05231 MeV  deltaVI
          BetheBloch : Emin=1.05231 MeV Emax=  100 TeV  deltaVI

hBrems:  for kaon+  XStype:1  SubType=3
      dE/dx and range tables from 100 eV  to 100 TeV in 240 bins
      Lambda tables from threshold to 100 TeV, 20 bins/decade, spline: 1
      ===== EM models for the G4Region  DefaultRegionForTheWorld ======
               hBrem : Emin=    0 eV  Emax=  100 TeV  ModifiedMephi

hPairProd:  for kaon+  XStype:1  SubType=4
      dE/dx and range tables from 100 eV  to 100 TeV in 240 bins
      Lambda tables from threshold to 100 TeV, 20 bins/decade, spline: 1
      Sampling table 18x1001, from 3.94942 GeV to 100 TeV 
      ===== EM models for the G4Region  DefaultRegionForTheWorld ======
           hPairProd : Emin=    0 eV  Emax=  100 TeV  ModifiedMephi

CoulombScat:  for kaon+ XStype:1 SubType=1 BuildTable=1
      Lambda table from threshold  to 100 TeV, 20 bins/decade, spline: 0
      ThetaMin(p) < Theta(degree) < 180, pLimit(GeV^1)= 0.139531
      ===== EM models for the G4Region  DefaultRegionForTheWorld ======
  eCoulombScattering : Emin=    0 eV  Emax=  100 TeV

msc:  for kaon-  SubType= 10
      ===== EM models for the G4Region  DefaultRegionForTheWorld ======
        WentzelVIUni : Emin=    0 eV  Emax=  100 TeV Nbins=240 100 eV  - 100 TeV
          StepLim=Minimal Rfact=0.2 Gfact=2.5 Sfact=0.6 DispFlag:1 Skin=3 Llim=1 mm

hIoni:  for kaon-  XStype:3  SubType=2
      dE/dx and range tables from 100 eV  to 100 TeV in 240 bins
      Lambda tables from threshold to 100 TeV, 20 bins/decade, spline: 1
      StepFunction=(0.1, 0.05 mm), integ: 3, fluct: 1, linLossLim= 0.01
      ===== EM models for the G4Region  DefaultRegionForTheWorld ======
            ICRU73QO : Emin=    0 eV  Emax=1.05231 MeV  deltaVI
          BetheBloch : Emin=1.05231 MeV Emax=  100 TeV  deltaVI

hBrems:  for kaon-  XStype:1  SubType=3
      dE/dx and range tables from 100 eV  to 100 TeV in 240 bins
      Lambda tables from threshold to 100 TeV, 20 bins/decade, spline: 1
      ===== EM models for the G4Region  DefaultRegionForTheWorld ======
               hBrem : Emin=    0 eV  Emax=  100 TeV  ModifiedMephi

hPairProd:  for kaon-  XStype:1  SubType=4
      dE/dx and range tables from 100 eV  to 100 TeV in 240 bins
      Lambda tables from threshold to 100 TeV, 20 bins/decade, spline: 1
      Sampling table 18x1001, from 3.94942 GeV to 100 TeV 
      ===== EM models for the G4Region  DefaultRegionForTheWorld ======
           hPairProd : Emin=    0 eV  Emax=  100 TeV  ModifiedMephi

CoulombScat:  for kaon- XStype:1 SubType=1 BuildTable=1
      Used Lambda table of kaon+
      ThetaMin(p) < Theta(degree) < 180, pLimit(GeV^1)= 0.139531
      ===== EM models for the G4Region  DefaultRegionForTheWorld ======
  eCoulombScattering : Emin=    0 eV  Emax=  100 TeV

msc:  for mu+  SubType= 10
      ===== EM models for the G4Region  DefaultRegionForTheWorld ======
        WentzelVIUni : Emin=    0 eV  Emax=  100 TeV Nbins=240 100 eV  - 100 TeV
          StepLim=Minimal Rfact=0.2 Gfact=2.5 Sfact=0.6 DispFlag:1 Skin=3 Llim=1 mm

muIoni:  for mu+  XStype:3  SubType=2
      dE/dx and range tables from 100 eV  to 100 TeV in 240 bins
      Lambda tables from threshold to 100 TeV, 20 bins/decade, spline: 1
      StepFunction=(0.1, 0.05 mm), integ: 3, fluct: 1, linLossLim= 0.01
      ===== EM models for the G4Region  DefaultRegionForTheWorld ======
               Bragg : Emin=    0 eV  Emax=  200 keV  deltaVI
        MuBetheBloch : Emin=  200 keV Emax=  100 TeV  deltaVI

muBrems:  for mu+  XStype:1  SubType=3
      dE/dx and range tables from 100 eV  to 100 TeV in 240 bins
      Lambda tables from threshold to 100 TeV, 20 bins/decade, spline: 1
      ===== EM models for the G4Region  DefaultRegionForTheWorld ======
              MuBrem : Emin=    0 eV  Emax=  100 TeV  ModifiedMephi

muPairProd:  for mu+  XStype:1  SubType=4
      dE/dx and range tables from 100 eV  to 100 TeV in 240 bins
      Lambda tables from threshold to 100 TeV, 20 bins/decade, spline: 1
      Sampling table 21x1001, from 0.85 GeV to 100 TeV 
      ===== EM models for the G4Region  DefaultRegionForTheWorld ======
          muPairProd : Emin=    0 eV  Emax=  100 TeV  ModifiedMephi

CoulombScat:  for mu+ XStype:1 SubType=1 BuildTable=1
      Lambda table from threshold  to 100 TeV, 20 bins/decade, spline: 0
      ThetaMin(p) < Theta(degree) < 180, pLimit(GeV^1)= 0.139531
      ===== EM models for the G4Region  DefaultRegionForTheWorld ======
  eCoulombScattering : Emin=    0 eV  Emax=  100 TeV

msc:  for mu-  SubType= 10
      ===== EM models for the G4Region  DefaultRegionForTheWorld ======
        WentzelVIUni : Emin=    0 eV  Emax=  100 TeV Nbins=240 100 eV  - 100 TeV
          StepLim=Minimal Rfact=0.2 Gfact=2.5 Sfact=0.6 DispFlag:1 Skin=3 Llim=1 mm

muIoni:  for mu-  XStype:3  SubType=2
      dE/dx and range tables from 100 eV  to 100 TeV in 240 bins
      Lambda tables from threshold to 100 TeV, 20 bins/decade, spline: 1
      StepFunction=(0.1, 0.05 mm), integ: 3, fluct: 1, linLossLim= 0.01
      ===== EM models for the G4Region  DefaultRegionForTheWorld ======
            ICRU73QO : Emin=    0 eV  Emax=  200 keV  deltaVI
        MuBetheBloch : Emin=  200 keV Emax=  100 TeV  deltaVI

muBrems:  for mu-  XStype:1  SubType=3
      dE/dx and range tables from 100 eV  to 100 TeV in 240 bins
      Lambda tables from threshold to 100 TeV, 20 bins/decade, spline: 1
      ===== EM models for the G4Region  DefaultRegionForTheWorld ======
              MuBrem : Emin=    0 eV  Emax=  100 TeV  ModifiedMephi

muPairProd:  for mu-  XStype:1  SubType=4
      dE/dx and range tables from 100 eV  to 100 TeV in 240 bins
      Lambda tables from threshold to 100 TeV, 20 bins/decade, spline: 1
      Sampling table 21x1001, from 0.85 GeV to 100 TeV 
      ===== EM models for the G4Region  DefaultRegionForTheWorld ======
          muPairProd : Emin=    0 eV  Emax=  100 TeV  ModifiedMephi

CoulombScat:  for mu- XStype:1 SubType=1 BuildTable=1
      Used Lambda table of mu+
      ThetaMin(p) < Theta(degree) < 180, pLimit(GeV^1)= 0.139531
      ===== EM models for the G4Region  DefaultRegionForTheWorld ======
  eCoulombScattering : Emin=    0 eV  Emax=  100 TeV

=======================================================
======       ParticleHP Physics Parameters     ========
=======================================================
 Use only photo-evaporation      0
 Skip missing isotopes           0
 Neglect Doppler                 0
 Do not adjust final state       0
 Produce fission fragments       0
 Use WendtFissionModel           0
 Use NRESP71Model                0
 Use DBRC                        0
 PHP use Poisson                 0
 PHP check                       1
 CHECK HP NAMES                  0
 Enable DEBUG                    0
 Use probability tables from     
=======================================================


msc:  for pi+  SubType= 10
      ===== EM models for the G4Region  DefaultRegionForTheWorld ======
        WentzelVIUni : Emin=    0 eV  Emax=  100 TeV Nbins=240 100 eV  - 100 TeV
          StepLim=Minimal Rfact=0.2 Gfact=2.5 Sfact=0.6 DispFlag:1 Skin=3 Llim=1 mm

hIoni:  for pi+  XStype:3  SubType=2
      dE/dx and range tables from 100 eV  to 100 TeV in 240 bins
      Lambda tables from threshold to 100 TeV, 20 bins/decade, spline: 1
      StepFunction=(0.1, 0.05 mm), integ: 3, fluct: 1, linLossLim= 0.01
      ===== EM models for the G4Region  DefaultRegionForTheWorld ======
               Bragg : Emin=    0 eV  Emax=297.505 keV  deltaVI
          BetheBloch : Emin=297.505 keV Emax=  100 TeV  deltaVI

hBrems:  for pi+  XStype:1  SubType=3
      dE/dx and range tables from 100 eV  to 100 TeV in 240 bins
      Lambda tables from threshold to 100 TeV, 20 bins/decade, spline: 1
      ===== EM models for the G4Region  DefaultRegionForTheWorld ======
               hBrem : Emin=    0 eV  Emax=  100 TeV  ModifiedMephi

hPairProd:  for pi+  XStype:1  SubType=4
      dE/dx and range tables from 100 eV  to 100 TeV in 240 bins
      Lambda tables from threshold to 100 TeV, 20 bins/decade, spline: 1
      Sampling table 20x1001, from 1.11656 GeV to 100 TeV 
      ===== EM models for the G4Region  DefaultRegionForTheWorld ======
           hPairProd : Emin=    0 eV  Emax=  100 TeV  ModifiedMephi

CoulombScat:  for pi+ XStype:1 SubType=1 BuildTable=1
      Lambda table from threshold  to 100 TeV, 20 bins/decade, spline: 0
      ThetaMin(p) < Theta(degree) < 180, pLimit(GeV^1)= 0.139531
      ===== EM models for the G4Region  DefaultRegionForTheWorld ======
  eCoulombScattering : Emin=    0 eV  Emax=  100 TeV

msc:  for pi-  SubType= 10
      ===== EM models for the G4Region  DefaultRegionForTheWorld ======
        WentzelVIUni : Emin=    0 eV  Emax=  100 TeV Nbins=240 100 eV  - 100 TeV
          StepLim=Minimal Rfact=0.2 Gfact=2.5 Sfact=0.6 DispFlag:1 Skin=3 Llim=1 mm

hIoni:  for pi-  XStype:3  SubType=2
      dE/dx and range tables from 100 eV  to 100 TeV in 240 bins
      Lambda tables from threshold to 100 TeV, 20 bins/decade, spline: 1
      StepFunction=(0.1, 0.05 mm), integ: 3, fluct: 1, linLossLim= 0.01
      ===== EM models for the G4Region  DefaultRegionForTheWorld ======
            ICRU73QO : Emin=    0 eV  Emax=297.505 keV  deltaVI
          BetheBloch : Emin=297.505 keV Emax=  100 TeV  deltaVI

hBrems:  for pi-  XStype:1  SubType=3
      dE/dx and range tables from 100 eV  to 100 TeV in 240 bins
      Lambda tables from threshold to 100 TeV, 20 bins/decade, spline: 1
      ===== EM models for the G4Region  DefaultRegionForTheWorld ======
               hBrem : Emin=    0 eV  Emax=  100 TeV  ModifiedMephi

hPairProd:  for pi-  XStype:1  SubType=4
      dE/dx and range tables from 100 eV  to 100 TeV in 240 bins
      Lambda tables from threshold to 100 TeV, 20 bins/decade, spline: 1
      Sampling table 20x1001, from 1.11656 GeV to 100 TeV 
      ===== EM models for the G4Region  DefaultRegionForTheWorld ======
           hPairProd : Emin=    0 eV  Emax=  100 TeV  ModifiedMephi

CoulombScat:  for pi- XStype:1 SubType=1 BuildTable=1
      Used Lambda table of pi+
      ThetaMin(p) < Theta(degree) < 180, pLimit(GeV^1)= 0.139531
      ===== EM models for the G4Region  DefaultRegionForTheWorld ======
  eCoulombScattering : Emin=    0 eV  Emax=  100 TeV

====================================================================
                  HADRONIC PROCESSES SUMMARY (verbose level 1)
-----------------------------------------------------------------------
                           Hadronic Processes for B-
  Process: B-Inelastic
        Model:                      QGSP: 12 GeV ---> 100 TeV
        Model:                      FTFP: 0 eV  ---> 25 GeV
     Cr_sctns:            Glauber-Gribov: 0 eV  ---> 100 TeV
  Process: hadElastic
        Model:              hElasticLHEP: 0 eV  ---> 100 TeV
     Cr_sctns:            Glauber-Gribov: 0 eV  ---> 100 TeV
-----------------------------------------------------------------------
                           Hadronic Processes for D-
  Process: D-Inelastic
        Model:                      QGSP: 12 GeV ---> 100 TeV
        Model:                      FTFP: 0 eV  ---> 25 GeV
     Cr_sctns:            Glauber-Gribov: 0 eV  ---> 100 TeV
  Process: hadElastic
        Model:              hElasticLHEP: 0 eV  ---> 100 TeV
     Cr_sctns:            Glauber-Gribov: 0 eV  ---> 100 TeV
-----------------------------------------------------------------------
                           Hadronic Processes for GenericIon
  Process: ionElastic
        Model:          NNDiffuseElastic: 0 eV /n ---> 100 TeV/n
     Cr_sctns:  Glauber-Gribov Nucl-nucl: 0 eV  ---> 25.6 PeV
  Process: ionInelastic
        Model:  Binary Light Ion Cascade: 0 eV /n ---> 6 GeV/n
        Model:                      FTFP: 3 GeV/n ---> 100 TeV/n
     Cr_sctns:  Glauber-Gribov Nucl-nucl: 0 eV  ---> 25.6 PeV
  Process: RadioactiveDecay
-----------------------------------------------------------------------
                           Hadronic Processes for He3
  Process: hadElastic
        Model:              hElasticLHEP: 0 eV /n ---> 100 TeV/n
     Cr_sctns:  Glauber-Gribov Nucl-nucl: 0 eV  ---> 25.6 PeV
  Process: He3Inelastic
        Model:  Binary Light Ion Cascade: 0 eV /n ---> 6 GeV/n
        Model:                      FTFP: 3 GeV/n ---> 100 TeV/n
     Cr_sctns:  Glauber-Gribov Nucl-nucl: 0 eV  ---> 25.6 PeV
-----------------------------------------------------------------------
                           Hadronic Processes for alpha
  Process: hadElastic
        Model:              hElasticLHEP: 0 eV /n ---> 100 TeV/n
     Cr_sctns:  Glauber-Gribov Nucl-nucl: 0 eV  ---> 25.6 PeV
  Process: alphaInelastic
        Model:  Binary Light Ion Cascade: 0 eV /n ---> 6 GeV/n
        Model:                      FTFP: 3 GeV/n ---> 100 TeV/n
     Cr_sctns:  Glauber-Gribov Nucl-nucl: 0 eV  ---> 25.6 PeV
-----------------------------------------------------------------------
                           Hadronic Processes for anti_He3
  Process: anti_He3Inelastic
        Model:                      FTFP: 0 eV /n ---> 100 TeV/n
     Cr_sctns:              AntiAGlauber: 0 eV  ---> 25.6 PeV
  Process: hadElastic
        Model:              hElasticLHEP: 0 eV /n ---> 100.1 MeV/n
        Model:              AntiAElastic: 100 MeV/n ---> 100 TeV/n
     Cr_sctns:              AntiAGlauber: 0 eV  ---> 25.6 PeV
-----------------------------------------------------------------------
                           Hadronic Processes for anti_alpha
  Process: anti_alphaInelastic
        Model:                      FTFP: 0 eV /n ---> 100 TeV/n
     Cr_sctns:              AntiAGlauber: 0 eV  ---> 25.6 PeV
  Process: hadElastic
        Model:              hElasticLHEP: 0 eV /n ---> 100.1 MeV/n
        Model:              AntiAElastic: 100 MeV/n ---> 100 TeV/n
     Cr_sctns:              AntiAGlauber: 0 eV  ---> 25.6 PeV
-----------------------------------------------------------------------
                           Hadronic Processes for anti_deuteron
  Process: anti_deuteronInelastic
        Model:                      FTFP: 0 eV /n ---> 100 TeV/n
     Cr_sctns:              AntiAGlauber: 0 eV  ---> 25.6 PeV
  Process: hadElastic
        Model:              hElasticLHEP: 0 eV /n ---> 100.1 MeV/n
        Model:              AntiAElastic: 100 MeV/n ---> 100 TeV/n
     Cr_sctns:              AntiAGlauber: 0 eV  ---> 25.6 PeV
-----------------------------------------------------------------------
                           Hadronic Processes for anti_lambda
  Process: anti_lambdaInelastic
        Model:                      QGSP: 12 GeV ---> 100 TeV
        Model:                      FTFP: 0 eV  ---> 25 GeV
     Cr_sctns:            Glauber-Gribov: 0 eV  ---> 100 TeV
  Process: hadElastic
        Model:              hElasticLHEP: 0 eV  ---> 100 TeV
     Cr_sctns:            Glauber-Gribov: 0 eV  ---> 100 TeV
-----------------------------------------------------------------------
                           Hadronic Processes for anti_neutron
  Process: anti_neutronInelastic
        Model:                      FTFP: 0 eV  ---> 100 TeV
     Cr_sctns:              AntiAGlauber: 0 eV  ---> 25.6 PeV
  Process: hadElastic
        Model:              hElasticLHEP: 0 eV  ---> 100.1 MeV
        Model:              AntiAElastic: 100 MeV ---> 100 TeV
     Cr_sctns:              AntiAGlauber: 0 eV  ---> 25.6 PeV
-----------------------------------------------------------------------
                           Hadronic Processes for anti_proton
  Process: anti_protonInelastic
        Model:                      FTFP: 0 eV  ---> 100 TeV
     Cr_sctns:              AntiAGlauber: 0 eV  ---> 25.6 PeV
  Process: hadElastic
        Model:              hElasticLHEP: 0 eV  ---> 100.1 MeV
        Model:              AntiAElastic: 100 MeV ---> 100 TeV
     Cr_sctns:              AntiAGlauber: 0 eV  ---> 25.6 PeV
-----------------------------------------------------------------------
                           Hadronic Processes for anti_triton
  Process: anti_tritonInelastic
        Model:                      FTFP: 0 eV /n ---> 100 TeV/n
     Cr_sctns:              AntiAGlauber: 0 eV  ---> 25.6 PeV
  Process: hadElastic
        Model:              hElasticLHEP: 0 eV /n ---> 100.1 MeV/n
        Model:              AntiAElastic: 100 MeV/n ---> 100 TeV/n
     Cr_sctns:              AntiAGlauber: 0 eV  ---> 25.6 PeV
-----------------------------------------------------------------------
                           Hadronic Processes for deuteron
  Process: hadElastic
        Model:              hElasticLHEP: 0 eV /n ---> 100 TeV/n
     Cr_sctns:  Glauber-Gribov Nucl-nucl: 0 eV  ---> 25.6 PeV
  Process: dInelastic
        Model:  Binary Light Ion Cascade: 0 eV /n ---> 6 GeV/n
        Model:                      FTFP: 3 GeV/n ---> 100 TeV/n
     Cr_sctns:  Glauber-Gribov Nucl-nucl: 0 eV  ---> 25.6 PeV
-----------------------------------------------------------------------
                           Hadronic Processes for kaon+
  Process: kaon+Inelastic
        Model:                      QGSP: 12 GeV ---> 100 TeV
        Model:                      FTFP: 3 GeV ---> 25 GeV
        Model:            BertiniCascade: 0 eV  ---> 6 GeV
     Cr_sctns:            Glauber-Gribov: 0 eV  ---> 100 TeV
  Process: hadElastic
        Model:              hElasticLHEP: 0 eV  ---> 100 TeV
     Cr_sctns:            Glauber-Gribov: 0 eV  ---> 100 TeV
-----------------------------------------------------------------------
                           Hadronic Processes for kaon-
  Process: kaon-Inelastic
        Model:                      QGSP: 12 GeV ---> 100 TeV
        Model:                      FTFP: 3 GeV ---> 25 GeV
        Model:            BertiniCascade: 0 eV  ---> 6 GeV
     Cr_sctns:            Glauber-Gribov: 0 eV  ---> 100 TeV
  Process: hadElastic
        Model:              hElasticLHEP: 0 eV  ---> 100 TeV
     Cr_sctns:            Glauber-Gribov: 0 eV  ---> 100 TeV
-----------------------------------------------------------------------
                           Hadronic Processes for lambda
  Process: lambdaInelastic
        Model:                      QGSP: 12 GeV ---> 100 TeV
        Model:                      FTFP: 3 GeV ---> 25 GeV
        Model:            BertiniCascade: 0 eV  ---> 6 GeV
     Cr_sctns:            Glauber-Gribov: 0 eV  ---> 100 TeV
  Process: hadElastic
        Model:              hElasticLHEP: 0 eV  ---> 100 TeV
     Cr_sctns:            Glauber-Gribov: 0 eV  ---> 100 TeV
-----------------------------------------------------------------------
                           Hadronic Processes for neutron
  Process: neutronInelastic
        Model:                      QGSP: 12 GeV ---> 100 TeV
        Model:                      FTFP: 3 GeV ---> 25 GeV
        Model:            BertiniCascade: 19.9 MeV ---> 6 GeV
        Model:        NeutronHPInelastic: 0 eV  ---> 20 MeV
     Cr_sctns:        neutronInelasticHP: 0 eV  ---> 20 MeV
     Cr_sctns:      G4NeutronInelasticXS: 0 eV  ---> 100 TeV
  Process: nCaptureHP
        Model:             nRadCaptureHP: 0 eV  ---> 100 TeV
     Cr_sctns:          neutronCaptureHP: 0 eV  ---> 100 TeV
     Cr_sctns:        G4NeutronCaptureXS: 0 eV  ---> 100 TeV
  Process: nFissionHP
        Model:                nFissionVI: 0 eV  ---> 100 TeV
     Cr_sctns:          neutronFissionHP: 0 eV  ---> 100 TeV
     Cr_sctns:                    ZeroXS: 0 eV  ---> 100 TeV
  Process: hadElastic
        Model:             hElasticCHIPS: 19.5 MeV ---> 100 TeV
        Model:          NeutronHPElastic: 0 eV  ---> 20 MeV
     Cr_sctns:        NeutronHPElasticXS: 0 eV  ---> 20 MeV
     Cr_sctns:        G4NeutronElasticXS: 0 eV  ---> 100 TeV
-----------------------------------------------------------------------
                           Hadronic Processes for pi+
  Process: pi+Inelastic
        Model:                      QGSP: 12 GeV ---> 100 TeV
        Model:                      FTFP: 3 GeV ---> 25 GeV
        Model:            BertiniCascade: 0 eV  ---> 6 GeV
     Cr_sctns:  BarashenkovGlauberGribov: 0 eV  ---> 100 TeV
  Process: hadElastic
        Model:           hElasticGlauber: 0 eV  ---> 100 TeV
     Cr_sctns:  BarashenkovGlauberGribov: 0 eV  ---> 100 TeV
-----------------------------------------------------------------------
                           Hadronic Processes for pi-
  Process: pi-Inelastic
        Model:                      QGSP: 12 GeV ---> 100 TeV
        Model:                      FTFP: 3 GeV ---> 25 GeV
        Model:            BertiniCascade: 0 eV  ---> 6 GeV
     Cr_sctns:  BarashenkovGlauberGribov: 0 eV  ---> 100 TeV
  Process: hadElastic
        Model:           hElasticGlauber: 0 eV  ---> 100 TeV
     Cr_sctns:  BarashenkovGlauberGribov: 0 eV  ---> 100 TeV
-----------------------------------------------------------------------
                           Hadronic Processes for proton
  Process: protonInelastic
        Model:                      QGSP: 12 GeV ---> 100 TeV
        Model:                      FTFP: 3 GeV ---> 25 GeV
        Model:            BertiniCascade: 0 eV  ---> 6 GeV
     Cr_sctns:  BarashenkovGlauberGribov: 0 eV  ---> 100 TeV
  Process: hadElastic
        Model:             hElasticCHIPS: 0 eV  ---> 100 TeV
     Cr_sctns:  BarashenkovGlauberGribov: 0 eV  ---> 100 TeV
-----------------------------------------------------------------------
                           Hadronic Processes for sigma-
  Process: sigma-Inelastic
        Model:                      QGSP: 12 GeV ---> 100 TeV
        Model:                      FTFP: 3 GeV ---> 25 GeV
        Model:            BertiniCascade: 0 eV  ---> 6 GeV
     Cr_sctns:            Glauber-Gribov: 0 eV  ---> 100 TeV
  Process: hadElastic
        Model:              hElasticLHEP: 0 eV  ---> 100 TeV
     Cr_sctns:            Glauber-Gribov: 0 eV  ---> 100 TeV
-----------------------------------------------------------------------
                           Hadronic Processes for triton
  Process: hadElastic
        Model:              hElasticLHEP: 0 eV /n ---> 100 TeV/n
     Cr_sctns:  Glauber-Gribov Nucl-nucl: 0 eV  ---> 25.6 PeV
  Process: tInelastic
        Model:  Binary Light Ion Cascade: 0 eV /n ---> 6 GeV/n
        Model:                      FTFP: 3 GeV/n ---> 100 TeV/n
     Cr_sctns:  Glauber-Gribov Nucl-nucl: 0 eV  ---> 25.6 PeV
  Process: RadioactiveDecay
=======================================================================
======       Geant4 Native Pre-compound Model Parameters       ========
=======================================================================
Type of pre-compound model                          0
Type of pre-compound inverse x-section              1
Pre-compound model active                           1
Pre-compound excitation low energy                  100 keV
Pre-compound excitation high energy                 30 MeV
Angular generator for pre-compound model            1
Use NeverGoBack option for pre-compound model       0
Use SoftCutOff option for pre-compound model        0
Use CEM transitions for pre-compound model          1
Use GNASH transitions for pre-compound model        0
Use HETC submodel for pre-compound model            0
=======================================================================
======       Nuclear De-excitation Module Parameters           ========
=======================================================================
Type of de-excitation inverse x-section             3
Type of de-excitation factory                       Evaporation+GEM
Number of de-excitation channels                    68
Type of Fermi BreakUp model                         ModelVI
Min excitation energy                               10 eV 
Min energy per nucleon for multifragmentation       200 GeV
Limit excitation energy for Fermi BreakUp           20 MeV
Level density (1/MeV)                               0.075
Use simple level density model                      1
Use discrete excitation energy of the residual      0
Time limit for long lived isomeres                  1000 ps 
Isomer production flag                              1
Internal e- conversion flag                         1
Store e- internal conversion data                   1
Correlated gamma emission flag                      0
Max 2J for sampling of angular correlations         10
=======================================================================

========= Table of registered couples ============================

Index : 0     used in the geometry : Yes
 Material : G4_Galactic
 Range cuts        :  gamma  1 mm     e-  1 mm     e+  1 mm  proton 1 mm 
 Energy thresholds :  gamma  990 eV     e-  990 eV     e+  990 eV  proton 100 keV
 Region(s) which use this couple : 
    DefaultRegionForTheWorld

Index : 1     used in the geometry : Yes
 Material : G4_WATER
 Range cuts        :  gamma  1 mm     e-  1 mm     e+  1 mm  proton 1 mm 
 Energy thresholds :  gamma  2.93547 keV    e-  351.353 keV    e+  341.657 keV proton 100 keV
 Region(s) which use this couple : 
    DefaultRegionForTheWorld

Index : 2     used in the geometry : Yes
 Material : G4_B
 Range cuts        :  gamma  1 mm     e-  1 mm     e+  1 mm  proton 1 mm 
 Energy thresholds :  gamma  2.75154 keV    e-  567.827 keV    e+  548.355 keV proton 100 keV
 Region(s) which use this couple : 
    DefaultRegionForTheWorld

==================================================================

++ Target_MFD/EnergyDeposit id 0
++ Target_MFD/NumberOfSteps id 1
### Run 0 starts.
##########################################################################################
# Environment settings:
#                         G4BACKTRACE	 = 	
#            G4FORCE_RUN_MANAGER_TYPE	 = 	Serial
#            G4Hadronic_epReportLevel	 = 	0
#                  G4RUN_MANAGER_TYPE	 = 	Tasking
##########################################################################################
 Run terminated.
Run Summary
  Number of events processed : 10000
  User=13.460000s Real=18.022027s Sys=0.520000s
 ###### EndOfTSRunAction ###### 
============================================================
 opened file mfd_tl_EnergyDeposit.out for output
============================================================
             0        1829.925300 keV
             1         116.556263 keV
             2         120.457913 keV
             3         113.463210 keV
             5        1579.780422 keV
             6          36.559063 keV
             7         400.846878 keV
             8         311.771046 keV
             9         730.324053 keV
            10        1499.176889 keV
            11         568.527280 keV
            12          97.452129 keV
            13        2813.754020 keV
            14        2791.683751 keV
            15         350.426928 keV
            16         315.559374 keV
            17        1044.446129 keV
            18         182.567287 keV
            19         439.519987 keV
            21          38.395255 keV
            22          40.659910 keV
            23         803.420587 keV
            24         260.960412 keV
            25        4514.412653 keV
            26         357.988975 keV
            27         910.044152 keV
            28        1724.070021 keV
            29         117.974977 keV
            30        2006.468136 keV
            31        2985.719957 keV
            32        3079.044069 keV
            33        4112.429578 keV
            34        1310.247617 keV
            35         510.943002 keV
            36        7885.859551 keV
            37        2847.984919 keV
            38        2744.612905 keV
            39         556.736755 keV
            40         378.309510 keV
            41        8238.545065 keV
            42        1128.299125 keV
            43         847.227111 keV
            44        2192.188175 keV
            45        1243.007112 keV
            46        1753.779561 keV
            47        1226.426693 keV
            48         509.710327 keV
            49        1793.988931 keV
            50        2183.596277 keV
            51        6930.665157 keV
            52        7032.011235 keV
            53       14355.890032 keV
            54        2612.945609 keV
            55        6899.774600 keV
            56       12915.511554 keV
            57       21815.658156 keV
            58       12692.586498 keV
            59        5615.670758 keV
            60        4264.826642 keV
            61       14937.057408 keV
            62       14282.814849 keV
            63        9870.657913 keV
            64        5355.105451 keV
            65        8018.764826 keV
            66       19464.589904 keV
            67       11696.731198 keV
            68       20372.183702 keV
            69        3425.975789 keV
            70       10625.255155 keV
            71        9637.560518 keV
            72        8852.239840 keV
            73        2407.348929 keV
            74        2933.185786 keV
            75       18544.246417 keV
            76       23562.960954 keV
            77       27820.933260 keV
            78       33545.773227 keV
            79       34368.822348 keV
            80       26340.327674 keV
            81      411841.139979 keV
            82      439142.581330 keV
            83      416633.230288 keV
            84       27447.616514 keV
            85       26915.926753 keV
            86      346159.595044 keV
            87      314327.117224 keV
            88      311024.989314 keV
            89       20579.854483 keV
            90       29833.864598 keV
            91      467015.404728 keV
            92      330952.649323 keV
            93      473183.802718 keV
            94       29636.768863 keV
            95       20189.276731 keV
            96       34935.937129 keV
            97       36118.053726 keV
            98       41389.670607 keV
            99       18023.588934 keV
           100      333508.624108 keV
           101      348729.344778 keV
           102      356343.508058 keV
           103      352228.870530 keV
           104      335069.855033 keV
           105      350961.843247 keV
           106      380992.067363 keV
           107      388877.874396 keV
           108      405662.500239 keV
           109      324910.671160 keV
           110      360584.967060 keV
           111      420102.246547 keV
           112      400228.796560 keV
           113      381121.211515 keV
           114      388707.373874 keV
           115      323593.844482 keV
           116      402449.395845 keV
           117      398272.453190 keV
           118      385114.276314 keV
           119      350327.053561 keV
           120      322167.657692 keV
           121      352793.205325 keV
           122      337103.256389 keV
           123      337217.814262 keV
           124      324111.728940 keV
             0    1829.93 [sigma: 447.185 | error: 0.488747 | coeff: 0.488747 | eff: 1 | fom: 0.322024 | r2int: 0.179155 | r2eff: 0 | hits: 4 ] keV
             1    116.556 [sigma: 33.6014 | error: 0.499324 | coeff: 0.499324 | eff: 1 | fom: 0.308526 | r2int: 0.166216 | r2eff: 0 | hits: 3 ] keV
             2    120.458 [sigma: 56.5646 | error: 0.664086 | coeff: 0.664086 | eff: 1 | fom: 0.174425 | r2int: 0.220505 | r2eff: 0 | hits: 2 ] keV
             3    113.463 [sigma: 32.0036 | error: 0.564123 | coeff: 0.564123 | eff: 1 | fom: 0.241718 | r2int: 0.238676 | r2eff: 0 | hits: 4 ] keV
             5    1579.78 [sigma: 722.88 | error: 0.915165 | coeff: 0.915165 | eff: 1 | fom: 0.0918456 | r2int: 0.628145 | r2eff: 0 | hits: 4 ] keV
             6    36.5591 [sigma: 13.0134 | error: 0.616533 | coeff: 0.616533 | eff: 1 | fom: 0.202369 | r2int: 0.253408 | r2eff: 0 | hits: 3 ] keV
             7    400.847 [sigma: 31.0947 | error: 0.205237 | coeff: 0.205237 | eff: 1 | fom: 1.82618 | r2int: 0.0361049 | r2eff: 0 | hits: 7 ] keV
             8    311.771 [sigma: 116.725 | error: 0.648469 | coeff: 0.648469 | eff: 1 | fom: 0.182927 | r2int: 0.280342 | r2eff: 0 | hits: 3 ] keV
             9    730.324 [sigma: 225.204 | error: 0.616722 | coeff: 0.616722 | eff: 1 | fom: 0.202245 | r2int: 0.28526 | r2eff: 0 | hits: 4 ] keV
            10    1499.18 [sigma: 526.331 | error: 0.496502 | coeff: 0.496502 | eff: 1 | fom: 0.312043 | r2int: 0.123257 | r2eff: 0 | hits: 2 ] keV
            11    568.527 [sigma: 103.767 | error: 0.605349 | coeff: 0.605349 | eff: 1 | fom: 0.209915 | r2int: 0.333135 | r2eff: 0 | hits: 11 ] keV
            12    97.4521 [sigma: 19.2308 | error: 0.441257 | coeff: 0.441257 | eff: 1 | fom: 0.395069 | r2int: 0.155766 | r2eff: 0 | hits: 5 ] keV
            13    2813.75 [sigma: 872.042 | error: 0.619842 | coeff: 0.619842 | eff: 1 | fom: 0.200214 | r2int: 0.288153 | r2eff: 0 | hits: 4 ] keV
            14    2791.68 [sigma: 822.336 | error: 0.658671 | coeff: 0.658671 | eff: 1 | fom: 0.177305 | r2int: 0.347078 | r2eff: 0 | hits: 5 ] keV
            15    350.427 [sigma: 58.2363 | error: 0.371605 | coeff: 0.371605 | eff: 1 | fom: 0.55705 | r2int: 0.110472 | r2eff: 0 | hits: 5 ] keV
            16    315.559 [sigma: 77.9029 | error: 0.493745 | coeff: 0.493745 | eff: 1 | fom: 0.315538 | r2int: 0.182838 | r2eff: 0 | hits: 4 ] keV
            17    1044.45 [sigma: 682.274 | error: 0.923821 | coeff: 0.923821 | eff: 1 | fom: 0.0901323 | r2int: 0.426723 | r2eff: 0 | hits: 2 ] keV
            18    182.567 [sigma: 0 | error: 0 | coeff: 0 | eff: 1 | fom: 1 | r2int: 2.22045e-16 | r2eff: 0 | hits: 1 ] keV
            19    439.52 [sigma: 212.374 | error: 0.683341 | coeff: 0.683341 | eff: 1 | fom: 0.164734 | r2int: 0.233477 | r2eff: 0 | hits: 2 ] keV
            21    38.3953 [sigma: 22.9984 | error: 0.847101 | coeff: 0.847101 | eff: 1 | fom: 0.107198 | r2int: 0.35879 | r2eff: 0 | hits: 2 ] keV
            22    40.6599 [sigma: 8.98382 | error: 0.312471 | coeff: 0.312471 | eff: 1 | fom: 0.787839 | r2int: 0.0488191 | r2eff: 0 | hits: 2 ] keV
            23    803.421 [sigma: 568.104 | error: 0.999999 | coeff: 0.999999 | eff: 1 | fom: 0.0769232 | r2int: 0.499999 | r2eff: 0 | hits: 2 ] keV
            24    260.96 [sigma: 101.538 | error: 0.673932 | coeff: 0.673932 | eff: 1 | fom: 0.169365 | r2int: 0.30279 | r2eff: 0 | hits: 3 ] keV
            25    4514.41 [sigma: 742.609 | error: 0.465269 | coeff: 0.465269 | eff: 1 | fom: 0.355344 | r2int: 0.189416 | r2eff: 0 | hits: 8 ] keV
            26    357.989 [sigma: 63.8264 | error: 0.471715 | coeff: 0.471715 | eff: 1 | fom: 0.345698 | r2int: 0.190727 | r2eff: 0 | hits: 7 ] keV
            27    910.044 [sigma: 92.3612 | error: 0.320942 | coeff: 0.320942 | eff: 1 | fom: 0.746797 | r2int: 0.0927035 | r2eff: 0 | hits: 10 ] keV
            28    1724.07 [sigma: 351.6 | error: 0.676379 | coeff: 0.676379 | eff: 1 | fom: 0.168142 | r2int: 0.415898 | r2eff: 0 | hits: 11 ] keV
            29    117.975 [sigma: 18.0553 | error: 0.342215 | coeff: 0.342215 | eff: 1 | fom: 0.656838 | r2int: 0.093689 | r2eff: 0 | hits: 5 ] keV
            30    2006.47 [sigma: 189.476 | error: 0.340482 | coeff: 0.340482 | eff: 1 | fom: 0.663542 | r2int: 0.10701 | r2eff: 0 | hits: 13 ] keV
            31    2985.72 [sigma: 230.882 | error: 0.362704 | coeff: 0.362704 | eff: 1 | fom: 0.584724 | r2int: 0.125575 | r2eff: 0 | hits: 22 ] keV
            32    3079.04 [sigma: 495.022 | error: 0.662877 | coeff: 0.662877 | eff: 1 | fom: 0.175061 | r2int: 0.413559 | r2eff: 0 | hits: 17 ] keV
            33    4112.43 [sigma: 616.981 | error: 0.561355 | coeff: 0.561355 | eff: 1 | fom: 0.244108 | r2int: 0.292611 | r2eff: 0 | hits: 14 ] keV
            34    1310.25 [sigma: 509.069 | error: 0.868777 | coeff: 0.868777 | eff: 1 | fom: 0.101916 | r2int: 0.603818 | r2eff: 0 | hits: 5 ] keV
            35    510.943 [sigma: 56.4746 | error: 0.33159 | coeff: 0.33159 | eff: 1 | fom: 0.699605 | r2int: 0.0977353 | r2eff: 0 | hits: 9 ] keV
            36    7885.86 [sigma: 740.239 | error: 0.450181 | coeff: 0.450181 | eff: 1 | fom: 0.379562 | r2int: 0.193851 | r2eff: 0 | hits: 23 ] keV
            37    2847.98 [sigma: 376.489 | error: 0.605793 | coeff: 0.605793 | eff: 1 | fom: 0.209608 | r2int: 0.349509 | r2eff: 0 | hits: 21 ] keV
            38    2744.61 [sigma: 305.281 | error: 0.471905 | coeff: 0.471905 | eff: 1 | fom: 0.34542 | r2int: 0.210322 | r2eff: 0 | hits: 18 ] keV
            39    556.737 [sigma: 78.0237 | error: 0.443176 | coeff: 0.443176 | eff: 1 | fom: 0.391655 | r2int: 0.176765 | r2eff: 0 | hits: 10 ] keV
            40    378.31 [sigma: 28.9848 | error: 0.254109 | coeff: 0.254109 | eff: 1 | fom: 1.19129 | r2int: 0.0587011 | r2eff: 0 | hits: 11 ] keV
            41    8238.55 [sigma: 684.229 | error: 0.380593 | coeff: 0.380593 | eff: 1 | fom: 0.53105 | r2int: 0.137953 | r2eff: 0 | hits: 21 ] keV
            42    1128.3 [sigma: 47.4899 | error: 0.183465 | coeff: 0.183465 | eff: 1 | fom: 2.28533 | r2int: 0.031888 | r2eff: 0 | hits: 19 ] keV
            43    847.227 [sigma: 68.9086 | error: 0.345072 | coeff: 0.345072 | eff: 1 | fom: 0.646006 | r2int: 0.11246 | r2eff: 0 | hits: 18 ] keV
            44    2192.19 [sigma: 390.25 | error: 0.503513 | coeff: 0.503513 | eff: 1 | fom: 0.303414 | r2int: 0.221834 | r2eff: 0 | hits: 8 ] keV
            45    1243.01 [sigma: 241.829 | error: 0.550276 | coeff: 0.550276 | eff: 1 | fom: 0.254036 | r2int: 0.264953 | r2eff: 0 | hits: 8 ] keV
            46    1753.78 [sigma: 283.128 | error: 0.535432 | coeff: 0.535432 | eff: 1 | fom: 0.268317 | r2int: 0.260625 | r2eff: 0 | hits: 11 ] keV
            47    1226.43 [sigma: 301.832 | error: 0.696096 | coeff: 0.696096 | eff: 1 | fom: 0.158752 | r2int: 0.42398 | r2eff: 0 | hits: 8 ] keV
            48    509.71 [sigma: 69.3921 | error: 0.408421 | coeff: 0.408421 | eff: 1 | fom: 0.461149 | r2int: 0.148273 | r2eff: 0 | hits: 9 ] keV
            49    1793.99 [sigma: 266.851 | error: 0.420721 | coeff: 0.420721 | eff: 1 | fom: 0.43458 | r2int: 0.15488 | r2eff: 0 | hits: 8 ] keV
            50    2183.6 [sigma: 272.1 | error: 0.571039 | coeff: 0.571039 | eff: 1 | fom: 0.235899 | r2int: 0.310557 | r2eff: 0 | hits: 21 ] keV
            51    6930.67 [sigma: 442.056 | error: 0.403397 | coeff: 0.403397 | eff: 1 | fom: 0.472707 | r2int: 0.158661 | r2eff: 0 | hits: 40 ] keV
            52    7032.01 [sigma: 285.419 | error: 0.259894 | coeff: 0.259894 | eff: 1 | fom: 1.13885 | r2int: 0.0658974 | r2eff: 0 | hits: 41 ] keV
            53    14355.9 [sigma: 617.275 | error: 0.271943 | coeff: 0.271943 | eff: 1 | fom: 1.04016 | r2int: 0.0721044 | r2eff: 0 | hits: 40 ] keV
            54    2612.95 [sigma: 174.189 | error: 0.28283 | coeff: 0.28283 | eff: 1 | fom: 0.961624 | r2int: 0.0755489 | r2eff: 0 | hits: 18 ] keV
            55    6899.77 [sigma: 442.744 | error: 0.357272 | coeff: 0.357272 | eff: 1 | fom: 0.602641 | r2int: 0.123526 | r2eff: 0 | hits: 31 ] keV
            56    12915.5 [sigma: 545.82 | error: 0.310552 | coeff: 0.310552 | eff: 1 | fom: 0.797603 | r2int: 0.0946568 | r2eff: 0 | hits: 54 ] keV
            57    21815.7 [sigma: 647.485 | error: 0.2638 | coeff: 0.2638 | eff: 1 | fom: 1.10537 | r2int: 0.0687097 | r2eff: 0 | hits: 79 ] keV
            58    12692.6 [sigma: 570.959 | error: 0.314886 | coeff: 0.314886 | eff: 1 | fom: 0.775802 | r2int: 0.0971294 | r2eff: 0 | hits: 49 ] keV
            59    5615.67 [sigma: 270.006 | error: 0.267703 | coeff: 0.267703 | eff: 1 | fom: 1.07337 | r2int: 0.0693529 | r2eff: 0 | hits: 31 ] keV
            60    4264.83 [sigma: 381.826 | error: 0.490371 | coeff: 0.490371 | eff: 1 | fom: 0.319895 | r2int: 0.232448 | r2eff: 0 | hits: 30 ] keV
            61    14937.1 [sigma: 533.972 | error: 0.285985 | coeff: 0.285985 | eff: 1 | fom: 0.940525 | r2int: 0.0805094 | r2eff: 0 | hits: 64 ] keV
            62    14282.8 [sigma: 415.748 | error: 0.260352 | coeff: 0.260352 | eff: 1 | fom: 1.13484 | r2int: 0.0669361 | r2eff: 0 | hits: 80 ] keV
            63    9870.66 [sigma: 415.182 | error: 0.331198 | coeff: 0.331198 | eff: 1 | fom: 0.701263 | r2int: 0.107923 | r2eff: 0 | hits: 62 ] keV
            64    5355.11 [sigma: 373.496 | error: 0.429942 | coeff: 0.429942 | eff: 1 | fom: 0.416138 | r2int: 0.179986 | r2eff: 0 | hits: 38 ] keV
            65    8018.76 [sigma: 554.705 | error: 0.378892 | coeff: 0.378892 | eff: 1 | fom: 0.53583 | r2int: 0.138774 | r2eff: 0 | hits: 30 ] keV
            66    19464.6 [sigma: 804.552 | error: 0.289339 | coeff: 0.289339 | eff: 1 | fom: 0.918846 | r2int: 0.0820086 | r2eff: 0 | hits: 49 ] keV
            67    11696.7 [sigma: 593.401 | error: 0.402674 | coeff: 0.402674 | eff: 1 | fom: 0.474405 | r2int: 0.159573 | r2eff: 0 | hits: 63 ] keV
            68    20372.2 [sigma: 686.02 | error: 0.267282 | coeff: 0.267282 | eff: 1 | fom: 1.07676 | r2int: 0.0703056 | r2eff: 0 | hits: 63 ] keV
            69    3425.98 [sigma: 147.779 | error: 0.255189 | coeff: 0.255189 | eff: 1 | fom: 1.18123 | r2int: 0.0632608 | r2eff: 0 | hits: 35 ] keV
            70    10625.3 [sigma: 640.141 | error: 0.313053 | coeff: 0.313053 | eff: 1 | fom: 0.784912 | r2int: 0.0943725 | r2eff: 0 | hits: 27 ] keV
            71    9637.56 [sigma: 525.375 | error: 0.303517 | coeff: 0.303517 | eff: 1 | fom: 0.835007 | r2int: 0.089151 | r2eff: 0 | hits: 31 ] keV
            72    8852.24 [sigma: 562.897 | error: 0.365285 | coeff: 0.365285 | eff: 1 | fom: 0.57649 | r2int: 0.12939 | r2eff: 0 | hits: 33 ] keV
            73    2407.35 [sigma: 108.1 | error: 0.245951 | coeff: 0.245951 | eff: 1 | fom: 1.27163 | r2int: 0.0584753 | r2eff: 0 | hits: 30 ] keV
            74    2933.19 [sigma: 508.092 | error: 0.670885 | coeff: 0.670885 | eff: 1 | fom: 0.170907 | r2int: 0.420081 | r2eff: 0 | hits: 15 ] keV
            75    18544.2 [sigma: 354.183 | error: 0.203029 | coeff: 0.203029 | eff: 1 | fom: 1.86613 | r2int: 0.040856 | r2eff: 0 | hits: 113 ] keV
            76    23563 [sigma: 290.086 | error: 0.147733 | coeff: 0.147733 | eff: 1 | fom: 3.52451 | r2int: 0.0216736 | r2eff: 0 | hits: 144 ] keV
            77    27820.9 [sigma: 363.697 | error: 0.174902 | coeff: 0.174902 | eff: 1 | fom: 2.5146 | r2int: 0.0304197 | r2eff: 0 | hits: 179 ] keV
            78    33545.8 [sigma: 429.473 | error: 0.163953 | coeff: 0.163953 | eff: 1 | fom: 2.86164 | r2int: 0.0267168 | r2eff: 0 | hits: 164 ] keV
            79    34368.8 [sigma: 501.517 | error: 0.17204 | coeff: 0.17204 | eff: 1 | fom: 2.59896 | r2int: 0.0293847 | r2eff: 0 | hits: 139 ] keV
            80    26340.3 [sigma: 358.5 | error: 0.169447 | coeff: 0.169447 | eff: 1 | fom: 2.6791 | r2int: 0.028527 | r2eff: 0 | hits: 155 ] keV
            81    411841 [sigma: 1130.09 | error: 0.0455038 | coeff: 0.0455038 | eff: 1 | fom: 37.1502 | r2int: 0.00206307 | r2eff: 0 | hits: 275 ] keV
            82    439143 [sigma: 1148.18 | error: 0.0473522 | coeff: 0.0473522 | eff: 1 | fom: 34.3065 | r2int: 0.00223539 | r2eff: 0 | hits: 328 ] keV
            83    416633 [sigma: 1132.87 | error: 0.0454995 | coeff: 0.0454995 | eff: 1 | fom: 37.1573 | r2int: 0.00206281 | r2eff: 0 | hits: 280 ] keV
            84    27447.6 [sigma: 355.019 | error: 0.175451 | coeff: 0.175451 | eff: 1 | fom: 2.49887 | r2int: 0.0306158 | r2eff: 0 | hits: 184 ] keV
            85    26915.9 [sigma: 330.58 | error: 0.152909 | coeff: 0.152909 | eff: 1 | fom: 3.28996 | r2int: 0.0232303 | r2eff: 0 | hits: 155 ] keV
            86    346160 [sigma: 1164.4 | error: 0.0560854 | coeff: 0.0560854 | eff: 1 | fom: 24.4544 | r2int: 0.00313426 | r2eff: 0 | hits: 278 ] keV
            87    314327 [sigma: 1137.93 | error: 0.0620736 | coeff: 0.0620736 | eff: 1 | fom: 19.9638 | r2int: 0.00384002 | r2eff: 0 | hits: 294 ] keV
            88    311025 [sigma: 1141.85 | error: 0.0581635 | coeff: 0.0581635 | eff: 1 | fom: 22.7382 | r2int: 0.00336951 | r2eff: 0 | hits: 251 ] keV
            89    20579.9 [sigma: 279.238 | error: 0.172699 | coeff: 0.172699 | eff: 1 | fom: 2.57915 | r2int: 0.0296409 | r2eff: 0 | hits: 162 ] keV
            90    29833.9 [sigma: 355.997 | error: 0.157402 | coeff: 0.157402 | eff: 1 | fom: 3.10481 | r2int: 0.0246331 | r2eff: 0 | hits: 174 ] keV
            91    467015 [sigma: 1114.45 | error: 0.0415386 | coeff: 0.0415386 | eff: 1 | fom: 44.5813 | r2int: 0.00171976 | r2eff: 0 | hits: 303 ] keV
            92    330953 [sigma: 1123.63 | error: 0.0559942 | coeff: 0.0559942 | eff: 1 | fom: 24.5341 | r2int: 0.00312382 | r2eff: 0 | hits: 272 ] keV
            93    473184 [sigma: 1081.17 | error: 0.0387756 | coeff: 0.0387756 | eff: 1 | fom: 51.161 | r2int: 0.00149833 | r2eff: 0 | hits: 288 ] keV
            94    29636.8 [sigma: 370.882 | error: 0.156803 | coeff: 0.156803 | eff: 1 | fom: 3.12858 | r2int: 0.0244306 | r2eff: 0 | hits: 157 ] keV
            95    20189.3 [sigma: 424.58 | error: 0.211348 | coeff: 0.211348 | eff: 1 | fom: 1.7221 | r2int: 0.0442259 | r2eff: 0 | hits: 101 ] keV
            96    34935.9 [sigma: 450.157 | error: 0.169479 | coeff: 0.169479 | eff: 1 | fom: 2.6781 | r2int: 0.028557 | r2eff: 0 | hits: 173 ] keV
            97    36118.1 [sigma: 422.499 | error: 0.154746 | coeff: 0.154746 | eff: 1 | fom: 3.2123 | r2int: 0.0238096 | r2eff: 0 | hits: 175 ] keV
            98    41389.7 [sigma: 455.962 | error: 0.144478 | coeff: 0.144478 | eff: 1 | fom: 3.68515 | r2int: 0.0207524 | r2eff: 0 | hits: 172 ] keV
            99    18023.6 [sigma: 370.685 | error: 0.215705 | coeff: 0.215705 | eff: 1 | fom: 1.65324 | r2int: 0.0461057 | r2eff: 0 | hits: 110 ] keV
           100    333509 [sigma: 435.324 | error: 0.0320261 | coeff: 0.0320261 | eff: 1 | fom: 74.998 | r2int: 0.00102396 | r2eff: 0 | hits: 602 ] keV
           101    348729 [sigma: 484.533 | error: 0.036285 | coeff: 0.036285 | eff: 1 | fom: 54.2522 | r2int: 0.00131467 | r2eff: 0 | hits: 682 ] keV
           102    356344 [sigma: 528.318 | error: 0.0394775 | coeff: 0.0394775 | eff: 1 | fom: 45.8323 | r2int: 0.00155628 | r2eff: 0 | hits: 709 ] keV
           103    352229 [sigma: 454.595 | error: 0.0341955 | coeff: 0.0341955 | eff: 1 | fom: 61.085 | r2int: 0.00116767 | r2eff: 0 | hits: 702 ] keV
           104    335070 [sigma: 461.65 | error: 0.0341954 | coeff: 0.0341954 | eff: 1 | fom: 61.0853 | r2int: 0.00116743 | r2eff: 0 | hits: 616 ] keV
           105    350962 [sigma: 483.391 | error: 0.0370346 | coeff: 0.0370346 | eff: 1 | fom: 52.0782 | r2int: 0.00136967 | r2eff: 0 | hits: 723 ] keV
           106    380992 [sigma: 455.704 | error: 0.0351376 | coeff: 0.0351376 | eff: 1 | fom: 57.8532 | r2int: 0.00123322 | r2eff: 0 | hits: 863 ] keV
           107    388878 [sigma: 458.295 | error: 0.0354533 | coeff: 0.0354533 | eff: 1 | fom: 56.8276 | r2int: 0.00125555 | r2eff: 0 | hits: 905 ] keV
           108    405663 [sigma: 471.887 | error: 0.0348587 | coeff: 0.0348587 | eff: 1 | fom: 58.7826 | r2int: 0.00121378 | r2eff: 0 | hits: 898 ] keV
           109    324911 [sigma: 458.478 | error: 0.0377054 | coeff: 0.0377054 | eff: 1 | fom: 50.2417 | r2int: 0.00141971 | r2eff: 0 | hits: 714 ] keV
           110    360585 [sigma: 517.524 | error: 0.038884 | coeff: 0.038884 | eff: 1 | fom: 47.2422 | r2int: 0.0015099 | r2eff: 0 | hits: 734 ] keV
           111    420102 [sigma: 472.129 | error: 0.0345844 | coeff: 0.0345844 | eff: 1 | fom: 59.7187 | r2int: 0.00119482 | r2eff: 0 | hits: 947 ] keV
           112    400229 [sigma: 459.646 | error: 0.0352859 | coeff: 0.0352859 | eff: 1 | fom: 57.3679 | r2int: 0.00124378 | r2eff: 0 | hits: 944 ] keV
           113    381121 [sigma: 491.474 | error: 0.0379486 | coeff: 0.0379486 | eff: 1 | fom: 49.5997 | r2int: 0.00143844 | r2eff: 0 | hits: 866 ] keV
           114    388707 [sigma: 468.259 | error: 0.0329028 | coeff: 0.0329028 | eff: 1 | fom: 65.9791 | r2int: 0.00108114 | r2eff: 0 | hits: 746 ] keV
           115    323594 [sigma: 457.276 | error: 0.0370926 | coeff: 0.0370926 | eff: 1 | fom: 51.9155 | r2int: 0.00137387 | r2eff: 0 | hits: 689 ] keV
           116    402449 [sigma: 454.198 | error: 0.0337067 | coeff: 0.0337067 | eff: 1 | fom: 62.8693 | r2int: 0.00113487 | r2eff: 0 | hits: 892 ] keV
           117    398272 [sigma: 506.782 | error: 0.0382582 | coeff: 0.0382582 | eff: 1 | fom: 48.8003 | r2int: 0.00146207 | r2eff: 0 | hits: 904 ] keV
           118    385114 [sigma: 464.589 | error: 0.0357459 | coeff: 0.0357459 | eff: 1 | fom: 55.9009 | r2int: 0.00127632 | r2eff: 0 | hits: 878 ] keV
           119    350327 [sigma: 453.842 | error: 0.0342752 | coeff: 0.0342752 | eff: 1 | fom: 60.8011 | r2int: 0.00117311 | r2eff: 0 | hits: 700 ] keV
           120    322168 [sigma: 434.976 | error: 0.0327116 | coeff: 0.0327116 | eff: 1 | fom: 66.7526 | r2int: 0.00106823 | r2eff: 0 | hits: 587 ] keV
           121    352793 [sigma: 445.546 | error: 0.0337695 | coeff: 0.0337695 | eff: 1 | fom: 62.6356 | r2int: 0.00113879 | r2eff: 0 | hits: 715 ] keV
           122    337103 [sigma: 443.244 | error: 0.0348624 | coeff: 0.0348624 | eff: 1 | fom: 58.7701 | r2int: 0.00121366 | r2eff: 0 | hits: 703 ] keV
           123    337218 [sigma: 477.56 | error: 0.0374685 | coeff: 0.0374685 | eff: 1 | fom: 50.879 | r2int: 0.00140189 | r2eff: 0 | hits: 700 ] keV
           124    324112 [sigma: 469.625 | error: 0.0357279 | coeff: 0.0357279 | eff: 1 | fom: 55.9572 | r2int: 0.00127439 | r2eff: 0 | hits: 608 ] keV
============================================================
 closed file mfd_tl_EnergyDeposit.out for output
============================================================
 opened file mfd_tg_EnergyDeposit.out for output
============================================================
             0        1829.925300 keV
             1         116.556263 keV
             2         120.457913 keV
             3         113.463210 keV
             5        1579.780422 keV
             6          36.559063 keV
             7         400.846878 keV
             8         311.771046 keV
             9         730.324053 keV
            10        1499.176889 keV
            11         568.527280 keV
            12          97.452129 keV
            13        2813.754020 keV
            14        2791.683751 keV
            15         350.426928 keV
            16         315.559374 keV
            17        1044.446129 keV
            18         182.567287 keV
            19         439.519987 keV
            21          38.395255 keV
            22          40.659910 keV
            23         803.420587 keV
            24         260.960412 keV
            25        4514.412653 keV
            26         357.988975 keV
            27         910.044152 keV
            28        1724.070021 keV
            29         117.974977 keV
            30        2006.468136 keV
            31        2985.719957 keV
            32        3079.044069 keV
            33        4112.429578 keV
            34        1310.247617 keV
            35         510.943002 keV
            36        7885.859551 keV
            37        2847.984919 keV
            38        2744.612905 keV
            39         556.736755 keV
            40         378.309510 keV
            41        8238.545065 keV
            42        1128.299125 keV
            43         847.227111 keV
            44        2192.188175 keV
            45        1243.007112 keV
            46        1753.779561 keV
            47        1226.426693 keV
            48         509.710327 keV
            49        1793.988931 keV
            50        2183.596277 keV
            51        6930.665157 keV
            52        7032.011235 keV
            53       14355.890032 keV
            54        2612.945609 keV
            55        6899.774600 keV
            56       12915.511554 keV
            57       21815.658156 keV
            58       12692.586498 keV
            59        5615.670758 keV
            60        4264.826642 keV
            61       14937.057408 keV
            62       14282.814849 keV
            63        9870.657913 keV
            64        5355.105451 keV
            65        8018.764826 keV
            66       19464.589904 keV
            67       11696.731198 keV
            68       20372.183702 keV
            69        3425.975789 keV
            70       10625.255155 keV
            71        9637.560518 keV
            72        8852.239840 keV
            73        2407.348929 keV
            74        2933.185786 keV
            75       18544.246417 keV
            76       23562.960954 keV
            77       27820.933260 keV
            78       33545.773227 keV
            79       34368.822348 keV
            80       26340.327674 keV
            81      411841.139979 keV
            82      439142.581330 keV
            83      416633.230288 keV
            84       27447.616514 keV
            85       26915.926753 keV
            86      346159.595044 keV
            87      314327.117224 keV
            88      311024.989314 keV
            89       20579.854483 keV
            90       29833.864598 keV
            91      467015.404728 keV
            92      330952.649323 keV
            93      473183.802718 keV
            94       29636.768863 keV
            95       20189.276731 keV
            96       34935.937129 keV
            97       36118.053726 keV
            98       41389.670607 keV
            99       18023.588934 keV
           100      333508.624108 keV
           101      348729.344778 keV
           102      356343.508058 keV
           103      352228.870530 keV
           104      335069.855033 keV
           105      350961.843247 keV
           106      380992.067363 keV
           107      388877.874396 keV
           108      405662.500239 keV
           109      324910.671160 keV
           110      360584.967060 keV
           111      420102.246547 keV
           112      400228.796560 keV
           113      381121.211515 keV
           114      388707.373874 keV
           115      323593.844482 keV
           116      402449.395845 keV
           117      398272.453190 keV
           118      385114.276314 keV
           119      350327.053561 keV
           120      322167.657692 keV
           121      352793.205325 keV
           122      337103.256389 keV
           123      337217.814262 keV
           124      324111.728940 keV
============================================================
 closed file mfd_tg_EnergyDeposit.out for output
============================================================
 opened file mfd_tl_NumberOfSteps.out for output
============================================================
             0         143.000000 steps
             1          24.000000 steps
             2          27.000000 steps
             3          35.000000 steps
             4           5.000000 steps
             5          74.000000 steps
             6          31.000000 steps
             7          75.000000 steps
             8          38.000000 steps
             9          58.000000 steps
            10          53.000000 steps
            11         109.000000 steps
            12          38.000000 steps
            13          72.000000 steps
            14          87.000000 steps
            15          46.000000 steps
            16          40.000000 steps
            17          50.000000 steps
            18          15.000000 steps
            19          30.000000 steps
            20           5.000000 steps
            21          17.000000 steps
            22          22.000000 steps
            23          35.000000 steps
            24         155.000000 steps
            25         214.000000 steps
            26          96.000000 steps
            27         110.000000 steps
            28         127.000000 steps
            29          45.000000 steps
            30         179.000000 steps
            31         338.000000 steps
            32         272.000000 steps
            33         260.000000 steps
            34          67.000000 steps
            35         151.000000 steps
            36         279.000000 steps
            37         279.000000 steps
            38         318.000000 steps
            39         106.000000 steps
            40         115.000000 steps
            41         350.000000 steps
            42         229.000000 steps
            43         256.000000 steps
            44         116.000000 steps
            45         141.000000 steps
            46         165.000000 steps
            47         180.000000 steps
            48         235.000000 steps
            49         244.000000 steps
            50         510.000000 steps
            51         779.000000 steps
            52         672.000000 steps
            53         742.000000 steps
            54         490.000000 steps
            55         578.000000 steps
            56         864.000000 steps
            57        1130.000000 steps
            58         826.000000 steps
            59         522.000000 steps
            60         465.000000 steps
            61         915.000000 steps
            62        1188.000000 steps
            63         938.000000 steps
            64         547.000000 steps
            65         475.000000 steps
            66         808.000000 steps
            67         914.000000 steps
            68        1146.000000 steps
            69         453.000000 steps
            70         550.000000 steps
            71         653.000000 steps
            72         628.000000 steps
            73         592.000000 steps
            74         222.000000 steps
            75        4075.000000 steps
            76        4973.000000 steps
            77        4349.000000 steps
            78        4949.000000 steps
            79        4686.000000 steps
            80        4365.000000 steps
            81        4076.000000 steps
            82        5121.000000 steps
            83        4247.000000 steps
            84        4308.000000 steps
            85        4668.000000 steps
            86        4244.000000 steps
            87        5016.000000 steps
            88        3740.000000 steps
            89        4056.000000 steps
            90        4180.000000 steps
            91        4633.000000 steps
            92        3783.000000 steps
            93        4730.000000 steps
            94        5004.000000 steps
            95        3064.000000 steps
            96        4326.000000 steps
            97        5007.000000 steps
            98        5423.000000 steps
            99        3036.000000 steps
           100       16706.000000 steps
           101       18632.000000 steps
           102       21323.000000 steps
           103       20673.000000 steps
           104       17238.000000 steps
           105       21101.000000 steps
           106       28582.000000 steps
           107       28300.000000 steps
           108       26813.000000 steps
           109       20407.000000 steps
           110       21632.000000 steps
           111       29894.000000 steps
           112       28699.000000 steps
           113       26117.000000 steps
           114       21999.000000 steps
           115       19359.000000 steps
           116       28049.000000 steps
           117       27272.000000 steps
           118       25704.000000 steps
           119       21806.000000 steps
           120       16277.000000 steps
           121       21308.000000 steps
           122       20609.000000 steps
           123       21955.000000 steps
           124       16597.000000 steps
             0    143 [sigma: 28.6496 | error: 0.447989 | coeff: 0.447989 | eff: 1 | fom: 0.355907 | r2int: 0.160556 | r2eff: 0 | hits: 5 ] steps
             1    24 [sigma: 2.87849 | error: 0.317324 | coeff: 0.317324 | eff: 1 | fom: 0.70936 | r2int: 0.0863095 | r2eff: 0 | hits: 7 ] steps
             2    27 [sigma: 7.20417 | error: 0.653575 | coeff: 0.653575 | eff: 1 | fom: 0.167217 | r2int: 0.355967 | r2eff: 0 | hits: 6 ] steps
             3    35 [sigma: 3.87298 | error: 0.29277 | coeff: 0.29277 | eff: 1 | fom: 0.833333 | r2int: 0.0734694 | r2eff: 0 | hits: 7 ] steps
             4    5 [sigma: 0 | error: 0 | coeff: 0 | eff: 1 | fom: 1 | r2int: 0 | r2eff: 0 | hits: 5 ] steps
             5    74 [sigma: 13.8094 | error: 0.417281 | coeff: 0.417281 | eff: 1 | fom: 0.410218 | r2int: 0.139299 | r2eff: 0 | hits: 5 ] steps
             6    31 [sigma: 3.67801 | error: 0.355937 | coeff: 0.355937 | eff: 1 | fom: 0.563802 | r2int: 0.112614 | r2eff: 0 | hits: 9 ] steps
             7    75 [sigma: 4.88272 | error: 0.225523 | coeff: 0.225523 | eff: 1 | fom: 1.4044 | r2int: 0.0466222 | r2eff: 0 | hits: 12 ] steps
             8    38 [sigma: 7.4744 | error: 0.481802 | coeff: 0.481802 | eff: 1 | fom: 0.307705 | r2int: 0.193444 | r2eff: 0 | hits: 6 ] steps
             9    58 [sigma: 8.13868 | error: 0.371257 | coeff: 0.371257 | eff: 1 | fom: 0.518229 | r2int: 0.118142 | r2eff: 0 | hits: 7 ] steps
            10    53 [sigma: 14.6048 | error: 0.616176 | coeff: 0.616176 | eff: 1 | fom: 0.188132 | r2int: 0.303738 | r2eff: 0 | hits: 5 ] steps
            11    109 [sigma: 7.05123 | error: 0.242048 | coeff: 0.242048 | eff: 1 | fom: 1.21918 | r2int: 0.0544026 | r2eff: 0 | hits: 14 ] steps
            12    38 [sigma: 3.41971 | error: 0.269977 | coeff: 0.269977 | eff: 1 | fom: 0.97998 | r2int: 0.0647892 | r2eff: 0 | hits: 9 ] steps
            13    72 [sigma: 12.2311 | error: 0.416111 | coeff: 0.416111 | eff: 1 | fom: 0.412529 | r2int: 0.14429 | r2eff: 0 | hits: 6 ] steps
            14    87 [sigma: 13.8816 | error: 0.390838 | coeff: 0.390838 | eff: 1 | fom: 0.467603 | r2int: 0.127296 | r2eff: 0 | hits: 6 ] steps
            15    46 [sigma: 4.46414 | error: 0.274489 | coeff: 0.274489 | eff: 1 | fom: 0.948029 | r2int: 0.0659263 | r2eff: 0 | hits: 8 ] steps
            16    40 [sigma: 4.76095 | error: 0.376386 | coeff: 0.376386 | eff: 1 | fom: 0.504202 | r2int: 0.1275 | r2eff: 0 | hits: 10 ] steps
            17    50 [sigma: 11.9778 | error: 0.586788 | coeff: 0.586788 | eff: 1 | fom: 0.207448 | r2int: 0.286933 | r2eff: 0 | hits: 6 ] steps
            18    15 [sigma: 3.67423 | error: 0.6 | coeff: 0.6 | eff: 1 | fom: 0.198413 | r2int: 0.3 | r2eff: 0 | hits: 6 ] steps
            19    30 [sigma: 7.26636 | error: 0.593296 | coeff: 0.593296 | eff: 1 | fom: 0.202922 | r2int: 0.293333 | r2eff: 0 | hits: 6 ] steps
            20    5 [sigma: 0 | error: 0 | coeff: 0 | eff: 1 | fom: 1 | r2int: 0 | r2eff: 0 | hits: 5 ] steps
            21    17 [sigma: 5.03322 | error: 0.512812 | coeff: 0.512812 | eff: 1 | fom: 0.271617 | r2int: 0.175317 | r2eff: 0 | hits: 3 ] steps
            22    22 [sigma: 5.68624 | error: 0.447675 | coeff: 0.447675 | eff: 1 | fom: 0.356406 | r2int: 0.133609 | r2eff: 0 | hits: 3 ] steps
            23    35 [sigma: 10.8436 | error: 0.619633 | coeff: 0.619633 | eff: 1 | fom: 0.186038 | r2int: 0.287959 | r2eff: 0 | hits: 4 ] steps
            24    155 [sigma: 56.8294 | error: 0.733283 | coeff: 0.733283 | eff: 1 | fom: 0.13284 | r2int: 0.403278 | r2eff: 0 | hits: 4 ] steps
            25    214 [sigma: 22.3393 | error: 0.442887 | coeff: 0.442887 | eff: 1 | fom: 0.364155 | r2int: 0.185252 | r2eff: 0 | hits: 18 ] steps
            26    96 [sigma: 6.12613 | error: 0.270739 | coeff: 0.270739 | eff: 1 | fom: 0.974474 | r2int: 0.0692274 | r2eff: 0 | hits: 18 ] steps
            27    110 [sigma: 5.43381 | error: 0.220916 | coeff: 0.220916 | eff: 1 | fom: 1.46359 | r2int: 0.0463636 | r2eff: 0 | hits: 20 ] steps
            28    127 [sigma: 7.2068 | error: 0.240755 | coeff: 0.240755 | eff: 1 | fom: 1.23232 | r2int: 0.0547427 | r2eff: 0 | hits: 18 ] steps
            29    45 [sigma: 4.83621 | error: 0.339854 | coeff: 0.339854 | eff: 1 | fom: 0.618426 | r2int: 0.103951 | r2eff: 0 | hits: 10 ] steps
            30    179 [sigma: 8.76429 | error: 0.213423 | coeff: 0.213423 | eff: 1 | fom: 1.56816 | r2int: 0.0431519 | r2eff: 0 | hits: 19 ] steps
            31    338 [sigma: 10.8357 | error: 0.16658 | coeff: 0.16658 | eff: 1 | fom: 2.5741 | r2int: 0.0267212 | r2eff: 0 | hits: 27 ] steps
            32    272 [sigma: 12.9167 | error: 0.232642 | coeff: 0.232642 | eff: 1 | fom: 1.31977 | r2int: 0.0518671 | r2eff: 0 | hits: 24 ] steps
            33    260 [sigma: 15.399 | error: 0.284043 | coeff: 0.284043 | eff: 1 | fom: 0.885327 | r2int: 0.0771726 | r2eff: 0 | hits: 23 ] steps
            34    67 [sigma: 7.16177 | error: 0.354521 | coeff: 0.354521 | eff: 1 | fom: 0.568314 | r2int: 0.114259 | r2eff: 0 | hits: 11 ] steps
            35    151 [sigma: 17.734 | error: 0.454858 | coeff: 0.454858 | eff: 1 | fom: 0.34524 | r2int: 0.193103 | r2eff: 0 | hits: 15 ] steps
            36    279 [sigma: 9.38164 | error: 0.190217 | coeff: 0.190217 | eff: 1 | fom: 1.97412 | r2int: 0.0350518 | r2eff: 0 | hits: 32 ] steps
            37    279 [sigma: 8.81725 | error: 0.170188 | coeff: 0.170188 | eff: 1 | fom: 2.46613 | r2int: 0.0279651 | r2eff: 0 | hits: 29 ] steps
            38    318 [sigma: 12.261 | error: 0.184911 | coeff: 0.184911 | eff: 1 | fom: 2.08904 | r2int: 0.0327054 | r2eff: 0 | hits: 23 ] steps
            39    106 [sigma: 5.97893 | error: 0.25848 | coeff: 0.25848 | eff: 1 | fom: 1.0691 | r2int: 0.0636305 | r2eff: 0 | hits: 21 ] steps
            40    115 [sigma: 5.48532 | error: 0.223726 | coeff: 0.223726 | eff: 1 | fom: 1.42706 | r2int: 0.047778 | r2eff: 0 | hits: 22 ] steps
            41    350 [sigma: 10.3769 | error: 0.165074 | coeff: 0.165074 | eff: 1 | fom: 2.62128 | r2int: 0.0263705 | r2eff: 0 | hits: 31 ] steps
            42    229 [sigma: 8.07475 | error: 0.179796 | coeff: 0.179796 | eff: 1 | fom: 2.20959 | r2int: 0.0310833 | r2eff: 0 | hits: 26 ] steps
            43    256 [sigma: 11.0507 | error: 0.207021 | coeff: 0.207021 | eff: 1 | fom: 1.66664 | r2int: 0.0409944 | r2eff: 0 | hits: 23 ] steps
            44    116 [sigma: 7.93123 | error: 0.281908 | coeff: 0.281908 | eff: 1 | fom: 0.898789 | r2int: 0.0747972 | r2eff: 0 | hits: 17 ] steps
            45    141 [sigma: 8.11251 | error: 0.250792 | coeff: 0.250792 | eff: 1 | fom: 1.13565 | r2int: 0.0595861 | r2eff: 0 | hits: 19 ] steps
            46    165 [sigma: 9.61511 | error: 0.254008 | coeff: 0.254008 | eff: 1 | fom: 1.10708 | r2int: 0.0611242 | r2eff: 0 | hits: 19 ] steps
            47    180 [sigma: 25.6121 | error: 0.532398 | coeff: 0.532398 | eff: 1 | fom: 0.251999 | r2int: 0.263201 | r2eff: 0 | hits: 14 ] steps
            48    235 [sigma: 32.5755 | error: 0.554476 | coeff: 0.554476 | eff: 1 | fom: 0.23233 | r2int: 0.288229 | r2eff: 0 | hits: 16 ] steps
            49    244 [sigma: 21.707 | error: 0.320761 | coeff: 0.320761 | eff: 1 | fom: 0.694241 | r2int: 0.0949729 | r2eff: 0 | hits: 13 ] steps
            50    510 [sigma: 20.5147 | error: 0.257565 | coeff: 0.257565 | eff: 1 | fom: 1.07671 | r2int: 0.0647216 | r2eff: 0 | hits: 41 ] steps
            51    779 [sigma: 18.1475 | error: 0.183432 | coeff: 0.183432 | eff: 1 | fom: 2.12286 | r2int: 0.0331046 | r2eff: 0 | hits: 62 ] steps
            52    672 [sigma: 12.2181 | error: 0.158504 | coeff: 0.158504 | eff: 1 | fom: 2.84309 | r2int: 0.024793 | r2eff: 0 | hits: 76 ] steps
            53    742 [sigma: 16.1259 | error: 0.156719 | coeff: 0.156719 | eff: 1 | fom: 2.90824 | r2int: 0.0240884 | r2eff: 0 | hits: 52 ] steps
            54    490 [sigma: 21.3706 | error: 0.261681 | coeff: 0.261681 | eff: 1 | fom: 1.04311 | r2int: 0.0665746 | r2eff: 0 | hits: 36 ] steps
            55    578 [sigma: 13.0853 | error: 0.151867 | coeff: 0.151867 | eff: 1 | fom: 3.09704 | r2int: 0.0225509 | r2eff: 0 | hits: 45 ] steps
            56    864 [sigma: 14.1132 | error: 0.138605 | coeff: 0.138605 | eff: 1 | fom: 3.71804 | r2int: 0.0189445 | r2eff: 0 | hits: 72 ] steps
            57    1130 [sigma: 11.3612 | error: 0.0995309 | coeff: 0.0995309 | eff: 1 | fom: 7.21034 | r2int: 0.00980532 | r2eff: 0 | hits: 98 ] steps
            58    826 [sigma: 12.9689 | error: 0.131362 | coeff: 0.131362 | eff: 1 | fom: 4.13933 | r2int: 0.0170095 | r2eff: 0 | hits: 70 ] steps
            59    522 [sigma: 17.578 | error: 0.238113 | coeff: 0.238113 | eff: 1 | fom: 1.25981 | r2int: 0.0555641 | r2eff: 0 | hits: 50 ] steps
            60    465 [sigma: 10.7101 | error: 0.157902 | coeff: 0.157902 | eff: 1 | fom: 2.8648 | r2int: 0.0244027 | r2eff: 0 | hits: 47 ] steps
            61    915 [sigma: 11.0837 | error: 0.11168 | coeff: 0.11168 | eff: 1 | fom: 5.72696 | r2int: 0.0123256 | r2eff: 0 | hits: 85 ] steps
            62    1188 [sigma: 19.0801 | error: 0.152365 | coeff: 0.152365 | eff: 1 | fom: 3.07682 | r2int: 0.0229571 | r2eff: 0 | hits: 90 ] steps
            63    938 [sigma: 11.2914 | error: 0.106994 | coeff: 0.106994 | eff: 1 | fom: 6.23953 | r2int: 0.0113028 | r2eff: 0 | hits: 79 ] steps
            64    547 [sigma: 14.8636 | error: 0.208719 | coeff: 0.208719 | eff: 1 | fom: 1.63964 | r2int: 0.0428251 | r2eff: 0 | hits: 59 ] steps
            65    475 [sigma: 12.5552 | error: 0.185024 | coeff: 0.185024 | eff: 1 | fom: 2.08648 | r2int: 0.0335353 | r2eff: 0 | hits: 49 ] steps
            66    808 [sigma: 14.3743 | error: 0.147775 | coeff: 0.147775 | eff: 1 | fom: 3.27093 | r2int: 0.0215209 | r2eff: 0 | hits: 69 ] steps
            67    914 [sigma: 12.3911 | error: 0.121257 | coeff: 0.121257 | eff: 1 | fom: 4.85799 | r2int: 0.0145195 | r2eff: 0 | hits: 80 ] steps
            68    1146 [sigma: 13.6825 | error: 0.106788 | coeff: 0.106788 | eff: 1 | fom: 6.26359 | r2int: 0.0112612 | r2eff: 0 | hits: 80 ] steps
            69    453 [sigma: 10.5628 | error: 0.174492 | coeff: 0.174492 | eff: 1 | fom: 2.34595 | r2int: 0.0299039 | r2eff: 0 | hits: 56 ] steps
            70    550 [sigma: 17.1476 | error: 0.216004 | coeff: 0.216004 | eff: 1 | fom: 1.53091 | r2int: 0.0456857 | r2eff: 0 | hits: 48 ] steps
            71    653 [sigma: 21.094 | error: 0.232942 | coeff: 0.232942 | eff: 1 | fom: 1.31637 | r2int: 0.0532185 | r2eff: 0 | hits: 52 ] steps
            72    628 [sigma: 16.6617 | error: 0.207216 | coeff: 0.207216 | eff: 1 | fom: 1.6635 | r2int: 0.0422347 | r2eff: 0 | hits: 61 ] steps
            73    592 [sigma: 18.9244 | error: 0.214441 | coeff: 0.214441 | eff: 1 | fom: 1.55331 | r2int: 0.044963 | r2eff: 0 | hits: 45 ] steps
            74    222 [sigma: 9.17117 | error: 0.226273 | coeff: 0.226273 | eff: 1 | fom: 1.39511 | r2int: 0.0494927 | r2eff: 0 | hits: 30 ] steps
            75    4075 [sigma: 37.1721 | error: 0.110598 | coeff: 0.110598 | eff: 1 | fom: 5.8395 | r2int: 0.0121487 | r2eff: 0 | hits: 147 ] steps
            76    4973 [sigma: 43.4449 | error: 0.12168 | coeff: 0.12168 | eff: 1 | fom: 4.82426 | r2int: 0.0147298 | r2eff: 0 | hits: 194 ] steps
            77    4349 [sigma: 30.2471 | error: 0.107521 | coeff: 0.107521 | eff: 1 | fom: 6.17852 | r2int: 0.0115124 | r2eff: 0 | hits: 239 ] steps
            78    4949 [sigma: 30.6152 | error: 0.0917553 | coeff: 0.0917553 | eff: 1 | fom: 8.48417 | r2int: 0.00838078 | r2eff: 0 | hits: 220 ] steps
            79    4686 [sigma: 39.7592 | error: 0.112562 | coeff: 0.112562 | eff: 1 | fom: 5.63752 | r2int: 0.0125982 | r2eff: 0 | hits: 176 ] steps
            80    4365 [sigma: 28.701 | error: 0.0927555 | coeff: 0.0927555 | eff: 1 | fom: 8.30219 | r2int: 0.00856034 | r2eff: 0 | hits: 199 ] steps
            81    4076 [sigma: 12.8815 | error: 0.0561792 | coeff: 0.0561792 | eff: 1 | fom: 22.6319 | r2int: 0.00314611 | r2eff: 0 | hits: 316 ] steps
            82    5121 [sigma: 12.2441 | error: 0.0454283 | coeff: 0.0454283 | eff: 1 | fom: 34.6115 | r2int: 0.00205801 | r2eff: 0 | hits: 361 ] steps
            83    4247 [sigma: 13.0109 | error: 0.0553137 | coeff: 0.0553137 | eff: 1 | fom: 23.3457 | r2int: 0.00305021 | r2eff: 0 | hits: 326 ] steps
            84    4308 [sigma: 24.6815 | error: 0.0885716 | coeff: 0.0885716 | eff: 1 | fom: 9.10506 | r2int: 0.00781211 | r2eff: 0 | hits: 239 ] steps
            85    4668 [sigma: 34.2794 | error: 0.108176 | coeff: 0.108176 | eff: 1 | fom: 6.10391 | r2int: 0.0116482 | r2eff: 0 | hits: 217 ] steps
            86    4244 [sigma: 12.4091 | error: 0.0530352 | coeff: 0.0530352 | eff: 1 | fom: 25.3947 | r2int: 0.00280419 | r2eff: 0 | hits: 329 ] steps
            87    5016 [sigma: 13.3622 | error: 0.0501214 | coeff: 0.0501214 | eff: 1 | fom: 28.4332 | r2int: 0.00250506 | r2eff: 0 | hits: 354 ] steps
            88    3740 [sigma: 11.5747 | error: 0.0543141 | coeff: 0.0543141 | eff: 1 | fom: 24.2129 | r2int: 0.00294044 | r2eff: 0 | hits: 308 ] steps
            89    4056 [sigma: 29.201 | error: 0.104578 | coeff: 0.104578 | eff: 1 | fom: 6.53116 | r2int: 0.0108848 | r2eff: 0 | hits: 211 ] steps
            90    4180 [sigma: 26.7133 | error: 0.096074 | coeff: 0.096074 | eff: 1 | fom: 7.73856 | r2int: 0.00918938 | r2eff: 0 | hits: 226 ] steps
            91    4633 [sigma: 13.6563 | error: 0.0556934 | coeff: 0.0556934 | eff: 1 | fom: 23.0284 | r2int: 0.00309307 | r2eff: 0 | hits: 357 ] steps
            92    3783 [sigma: 11.0274 | error: 0.0533529 | coeff: 0.0533529 | eff: 1 | fom: 25.0932 | r2int: 0.00283803 | r2eff: 0 | hits: 335 ] steps
            93    4730 [sigma: 15.5361 | error: 0.0596677 | coeff: 0.0596677 | eff: 1 | fom: 20.0629 | r2int: 0.00354944 | r2eff: 0 | hits: 330 ] steps
            94    5004 [sigma: 35.6085 | error: 0.104098 | coeff: 0.104098 | eff: 1 | fom: 6.59152 | r2int: 0.0107858 | r2eff: 0 | hits: 214 ] steps
            95    3064 [sigma: 31.875 | error: 0.123967 | coeff: 0.123967 | eff: 1 | fom: 4.64793 | r2int: 0.0152596 | r2eff: 0 | hits: 142 ] steps
            96    4326 [sigma: 23.2238 | error: 0.0815931 | coeff: 0.0815931 | eff: 1 | fom: 10.7291 | r2int: 0.00662862 | r2eff: 0 | hits: 231 ] steps
            97    5007 [sigma: 32.1265 | error: 0.0989861 | coeff: 0.0989861 | eff: 1 | fom: 7.28993 | r2int: 0.00975709 | r2eff: 0 | hits: 238 ] steps
            98    5423 [sigma: 32.3926 | error: 0.0883952 | coeff: 0.0883952 | eff: 1 | fom: 9.14144 | r2int: 0.00777803 | r2eff: 0 | hits: 219 ] steps
            99    3036 [sigma: 32.6968 | error: 0.128787 | coeff: 0.128787 | eff: 1 | fom: 4.30655 | r2int: 0.0164701 | r2eff: 0 | hits: 143 ] steps
           100    16706 [sigma: 34.372 | error: 0.0520908 | coeff: 0.0520908 | eff: 1 | fom: 26.3239 | r2int: 0.00270922 | r2eff: 0 | hits: 641 ] steps
           101    18632 [sigma: 33.5031 | error: 0.0493427 | coeff: 0.0493427 | eff: 1 | fom: 29.3376 | r2int: 0.00243147 | r2eff: 0 | hits: 753 ] steps
           102    21323 [sigma: 36.4163 | error: 0.0480932 | coeff: 0.0480932 | eff: 1 | fom: 30.8819 | r2int: 0.00231004 | r2eff: 0 | hits: 793 ] steps
           103    20673 [sigma: 38.3198 | error: 0.0513689 | coeff: 0.0513689 | eff: 1 | fom: 27.069 | r2int: 0.00263533 | r2eff: 0 | hits: 768 ] steps
           104    17238 [sigma: 34.8679 | error: 0.0521615 | coeff: 0.0521615 | eff: 1 | fom: 26.2526 | r2int: 0.00271673 | r2eff: 0 | hits: 665 ] steps
           105    21101 [sigma: 33.131 | error: 0.0438229 | coeff: 0.0438229 | eff: 1 | fom: 37.1938 | r2int: 0.00191798 | r2eff: 0 | hits: 779 ] steps
           106    28582 [sigma: 37.7101 | error: 0.0406441 | coeff: 0.0406441 | eff: 1 | fom: 43.2391 | r2int: 0.0016502 | r2eff: 0 | hits: 949 ] steps
           107    28300 [sigma: 37.9309 | error: 0.042342 | coeff: 0.042342 | eff: 1 | fom: 39.8408 | r2int: 0.00179105 | r2eff: 0 | hits: 998 ] steps
           108    26813 [sigma: 34.9633 | error: 0.0413792 | coeff: 0.0413792 | eff: 1 | fom: 41.7165 | r2int: 0.00171054 | r2eff: 0 | hits: 1007 ] steps
           109    20407 [sigma: 34.7656 | error: 0.0474877 | coeff: 0.0474877 | eff: 1 | fom: 31.6745 | r2int: 0.00225218 | r2eff: 0 | hits: 777 ] steps
           110    21632 [sigma: 36.3097 | error: 0.0473271 | coeff: 0.0473271 | eff: 1 | fom: 31.8898 | r2int: 0.00223704 | r2eff: 0 | hits: 795 ] steps
           111    29894 [sigma: 35.4533 | error: 0.0382463 | coeff: 0.0382463 | eff: 1 | fom: 48.8308 | r2int: 0.00146137 | r2eff: 0 | hits: 1040 ] steps
           112    28699 [sigma: 34.583 | error: 0.0393068 | coeff: 0.0393068 | eff: 1 | fom: 46.2314 | r2int: 0.00154357 | r2eff: 0 | hits: 1064 ] steps
           113    26117 [sigma: 32.7026 | error: 0.0391587 | coeff: 0.0391587 | eff: 1 | fom: 46.5817 | r2int: 0.00153184 | r2eff: 0 | hits: 978 ] steps
           114    21999 [sigma: 35.6953 | error: 0.0468308 | coeff: 0.0468308 | eff: 1 | fom: 32.5694 | r2int: 0.00219049 | r2eff: 0 | hits: 833 ] steps
           115    19359 [sigma: 34.0342 | error: 0.0479534 | coeff: 0.0479534 | eff: 1 | fom: 31.0623 | r2int: 0.00229643 | r2eff: 0 | hits: 744 ] steps
           116    28049 [sigma: 34.783 | error: 0.0390379 | coeff: 0.0390379 | eff: 1 | fom: 46.8706 | r2int: 0.00152242 | r2eff: 0 | hits: 991 ] steps
           117    27272 [sigma: 33.632 | error: 0.0389388 | coeff: 0.0389388 | eff: 1 | fom: 47.1093 | r2int: 0.00151471 | r2eff: 0 | hits: 997 ] steps
           118    25704 [sigma: 32.081 | error: 0.0388115 | coeff: 0.0388115 | eff: 1 | fom: 47.4189 | r2int: 0.00150477 | r2eff: 0 | hits: 967 ] steps
           119    21806 [sigma: 39.8861 | error: 0.0500594 | coeff: 0.0500594 | eff: 1 | fom: 28.5036 | r2int: 0.0025026 | r2eff: 0 | hits: 749 ] steps
           120    16277 [sigma: 32.2928 | error: 0.0497573 | coeff: 0.0497573 | eff: 1 | fom: 28.8509 | r2int: 0.00247185 | r2eff: 0 | hits: 629 ] steps
           121    21308 [sigma: 39.1996 | error: 0.0511149 | coeff: 0.0511149 | eff: 1 | fom: 27.3386 | r2int: 0.00260935 | r2eff: 0 | hits: 772 ] steps
           122    20609 [sigma: 35.267 | error: 0.0472067 | coeff: 0.0472067 | eff: 1 | fom: 32.0526 | r2int: 0.00222555 | r2eff: 0 | hits: 761 ] steps
           123    21955 [sigma: 37.881 | error: 0.0478777 | coeff: 0.0478777 | eff: 1 | fom: 31.1606 | r2int: 0.00228929 | r2eff: 0 | hits: 770 ] steps
           124    16597 [sigma: 34.2896 | error: 0.0526327 | coeff: 0.0526327 | eff: 1 | fom: 25.7846 | r2int: 0.00276593 | r2eff: 0 | hits: 649 ] steps
============================================================
 closed file mfd_tl_NumberOfSteps.out for output
============================================================
 opened file mfd_tg_NumberOfSteps.out for output
============================================================
             0         143.000000 steps
             1          24.000000 steps
             2          27.000000 steps
             3          35.000000 steps
             4           5.000000 steps
             5          74.000000 steps
             6          31.000000 steps
             7          75.000000 steps
             8          38.000000 steps
             9          58.000000 steps
            10          53.000000 steps
            11         109.000000 steps
            12          38.000000 steps
            13          72.000000 steps
            14          87.000000 steps
            15          46.000000 steps
            16          40.000000 steps
            17          50.000000 steps
            18          15.000000 steps
            19          30.000000 steps
            20           5.000000 steps
            21          17.000000 steps
            22          22.000000 steps
            23          35.000000 steps
            24         155.000000 steps
            25         214.000000 steps
            26          96.000000 steps
            27         110.000000 steps
            28         127.000000 steps
            29          45.000000 steps
            30         179.000000 steps
            31         338.000000 steps
            32         272.000000 steps
            33         260.000000 steps
            34          67.000000 steps
            35         151.000000 steps
            36         279.000000 steps
            37         279.000000 steps
            38         318.000000 steps
            39         106.000000 steps
            40         115.000000 steps
            41         350.000000 steps
            42         229.000000 steps
            43         256.000000 steps
            44         116.000000 steps
            45         141.000000 steps
            46         165.000000 steps
            47         180.000000 steps
            48         235.000000 steps
            49         244.000000 steps
            50         510.000000 steps
            51         779.000000 steps
            52         672.000000 steps
            53         742.000000 steps
            54         490.000000 steps
            55         578.000000 steps
            56         864.000000 steps
            57        1130.000000 steps
            58         826.000000 steps
            59         522.000000 steps
            60         465.000000 steps
            61         915.000000 steps
            62        1188.000000 steps
            63         938.000000 steps
            64         547.000000 steps
            65         475.000000 steps
            66         808.000000 steps
            67         914.000000 steps
            68        1146.000000 steps
            69         453.000000 steps
            70         550.000000 steps
            71         653.000000 steps
            72         628.000000 steps
            73         592.000000 steps
            74         222.000000 steps
            75        4075.000000 steps
            76        4973.000000 steps
            77        4349.000000 steps
            78        4949.000000 steps
            79        4686.000000 steps
            80        4365.000000 steps
            81        4076.000000 steps
            82        5121.000000 steps
            83        4247.000000 steps
            84        4308.000000 steps
            85        4668.000000 steps
            86        4244.000000 steps
            87        5016.000000 steps
            88        3740.000000 steps
            89        4056.000000 steps
            90        4180.000000 steps
            91        4633.000000 steps
            92        3783.000000 steps
            93        4730.000000 steps
            94        5004.000000 steps
            95        3064.000000 steps
            96        4326.000000 steps
            97        5007.000000 steps
            98        5423.000000 steps
            99        3036.000000 steps
           100       16706.000000 steps
           101       18632.000000 steps
           102       21323.000000 steps
           103       20673.000000 steps
           104       17238.000000 steps
           105       21101.000000 steps
           106       28582.000000 steps
           107       28300.000000 steps
           108       26813.000000 steps
           109       20407.000000 steps
           110       21632.000000 steps
           111       29894.000000 steps
           112       28699.000000 steps
           113       26117.000000 steps
           114       21999.000000 steps
           115       19359.000000 steps
           116       28049.000000 steps
           117       27272.000000 steps
           118       25704.000000 steps
           119       21806.000000 steps
           120       16277.000000 steps
           121       21308.000000 steps
           122       20609.000000 steps
           123       21955.000000 steps
           124       16597.000000 steps
============================================================
 closed file mfd_tg_NumberOfSteps.out for output
============================================================
 opened file mfd_diff.out for difference output
============================================================
 closed file mfd_diff.out for difference output
============================================================
Graphics systems deleted.
Visualization Manager deleting...
================== Deleting memory pools ===================
Number of memory pools allocated: 12 of which, static: 0
Dynamic pools deleted: 12 / Total memory freed: 0.065 MB
============================================================
