Environment variable "G4FORCE_RUN_MANAGER_TYPE" enabled with value == Serial. Forcing G4RunManager type...

        ############################################
        !!! WARNING - FPE detection is activated !!!
        ############################################


          ################################
          !!! G4Backtrace is activated !!!
          ################################


**************************************************************
 Geant4 version Name: geant4-11-03-ref-07    (31-July-2025)
                       Copyright : Geant4 Collaboration
                      References : NIM A 506 (2003), 250-303
                                 : IEEE-TNS 53 (2006), 270-278
                                 : NIM A 835 (2016), 186-225
                             WWW : http://geant4.org/
**************************************************************

<<< Geant4 Physics List simulation engine: FTFP_BERT

G4VModularPhysicsList::ReplacePhysics: G4EmStandard with type : 2 is replaced with G4EmStandard_opt4
Visualization Manager instantiating with verbosity "warnings (3)"...
Visualization Manager initialising...
Registering graphics systems...

You have successfully registered the following graphics systems.
Registered graphics systems are:
  ASCIITree (ATree)
  DAWNFILE (DAWNFILE)
  G4HepRepFile (HepRepFile)
  RayTracer (RT)
  VRML2FILE (VRML2FILE)
  gMocrenFile (gMocrenFile)
  TOOLSSG_OFFSCREEN (TSG_OFFSCREEN, TSG_FILE)
  OpenGLImmediateQt (OGLIQt, OGLI)
  OpenGLStoredQt (OGLSQt, OGLS)
  OpenGLImmediateXm (OGLIXm, OGLIQt_FALLBACK)
  OpenGLStoredXm (OGLSXm, OGLSQt_FALLBACK)
  OpenGLImmediateX (OGLIX, OGLIQt_FALLBACK, OGLIXm_FALLBACK)
  OpenGLStoredX (OGLSX, OGLSQt_FALLBACK, OGLSXm_FALLBACK)
  RayTracerX (RTX)
  RayTracerQt (RTQt)
  Qt3D (Qt3D)
  TOOLSSG_X11_GLES (TSG_X11_GLES, TSGX11, TSG_XT_GLES_FALLBACK)
  TOOLSSG_X11_ZB (TSG_X11_ZB, TSGX11ZB)
  TOOLSSG_XT_GLES (TSG_XT_GLES, TSGXt, TSG_QT_GLES_FALLBACK)
  TOOLSSG_XT_ZB (TSG_XT_ZB, TSGXtZB)
  TOOLSSG_QT_GLES (TSG_QT_GLES, TSGQt, TSG, OGL)
  TOOLSSG_QT_ZB (TSG_QT_ZB, TSGQtZB)
You may choose a graphics system (driver) with a parameter of
the command "/vis/open" or "/vis/sceneHandler/create",
or you may omit the driver parameter and choose at run time:
- by argument in the construction of G4VisExecutive
- by environment variable "G4VIS_DEFAULT_DRIVER"
- by entry in "~/.g4session"
- by build flags.
- Note: This feature is not allowed in batch mode.
For further information see "examples/basic/B1/exampleB1.cc"
and "vis.mac".

Registering model factories...

You have successfully registered the following model factories.
Registered model factories:
  generic
  drawByAttribute
  drawByCharge
  drawByOriginVolume
  drawByParticleID
  drawByEncounteredVolume

Registered models:
  None

Registered filter factories:
  attributeFilter
  chargeFilter
  originVolumeFilter
  particleFilter
  encounteredVolumeFilter

Registered filters:
  None

You have successfully registered the following user vis actions.
Run Duration User Vis Actions: none
End of Event User Vis Actions: none
End of Run User Vis Actions: none

Some /vis commands (optionally) take a string to specify colour.
"/vis/list" to see available colours.
/tracking/verbose 0
/process/optical/verbose 1
/run/physicsModified
/LXe/detector/MainScintYield 10000
/run/initialize
Construction /LXeDet/pmtSD
Construction /LXeDet/scintSD

 hInelastic FTFP_BERT : threshold between BERT and FTFP is over the interval 
 for pions :   3 to 6 GeV
 for kaons :   3 to 6 GeV
 for proton :  3 to 6 GeV
 for neutron : 3 to 6 GeV

### Adding tracking cuts for neutron  TimeCut(ns)= 10000  KinEnergyCut(MeV)= 0
OpAbsorption is created 
OpRayleigh is created 
OpMieHG is created 
OpBoundary is created 
OpWLS is created 
OpWLS2 is created 
### Birks coefficients used in run time
   LXe     0.126 mm/MeV     0.038052 g/cm^2/MeV  massFactor=  7.14643 effCharge= 2916
   Polystyrene     0.126 mm/MeV     0.012978 g/cm^2/MeV  massFactor=  504.5 effCharge= 18.5
/gun/particle gamma
/gun/energy 511 keV
/run/printProgress 10
/vis/disable
/random/setSavingFlag true
/LXe/saveThreshold 1400
/LXe/pmtThreshold 4
/LXe/forceDrawNoPhotons true
/run/beamOn 200
=======================================================================
======                 Electromagnetic Physics Parameters      ========
=======================================================================
LPM effect enabled                                 1
Enable creation and use of sampling tables         0
Apply cuts on all EM processes                     0
Use combined TransportationWithMsc                 Disabled
Use general process                                1
Enable linear polarisation for gamma               0
Enable photoeffect sampling below K-shell          1
Enable sampling of quantum entanglement            0
X-section factor for integral approach             0.8
Min kinetic energy for tables                      100 eV 
Max kinetic energy for tables                      100 TeV
Number of bins per decade of a table               20
Verbose level                                      1
Verbose level for worker thread                    0
Bremsstrahlung energy threshold above which 
  primary e+- is added to the list of secondary    100 TeV
Bremsstrahlung energy threshold above which primary
  muon/hadron is added to the list of secondary    100 TeV
Positron annihilation at rest model                AllisonPositronium
Enable 3 gamma annihilation on fly                 1
Lowest triplet kinetic energy                      1 MeV
Enable sampling of gamma linear polarisation       0
5D gamma conversion model type                     0
5D gamma conversion model on isolated ion          0
Use RiGe 5D e+e- pair production model by muons    0
Livermore data directory                           epics_2017
=======================================================================
======                 Ionisation Parameters                   ========
=======================================================================
Step function for e+-                              (0.2, 0.01 mm)
Step function for muons/hadrons                    (0.1, 0.05 mm)
Step function for light ions                       (0.1, 0.02 mm)
Step function for general ions                     (0.1, 0.001 mm)
Lowest e+e- kinetic energy                         100 eV 
Lowest muon/hadron kinetic energy                  1 keV
Use ICRU90 data                                    1
Fluctuations of dE/dx are enabled                  1
Type of fluctuation model for leptons and hadrons  Urban
Use built-in Birks satuaration                     1
Build CSDA range enabled                           0
Use cut as a final range enabled                   0
Enable angular generator interface                 1
Max kinetic energy for CSDA tables                 1 GeV
Max kinetic energy for NIEL computation            1 MeV
Linear loss limit                                  0.01
Read data from file for e+e- pair production by mu 0
=======================================================================
======                 Multiple Scattering Parameters          ========
=======================================================================
Type of msc step limit algorithm for e+-           2
Type of msc step limit algorithm for muons/hadrons 0
Msc lateral displacement for e+- enabled           1
Msc lateral displacement for muons and hadrons     1
Urban msc model lateral displacement alg96         1
Range factor for msc step limit for e+-            0.08
Range factor for msc step limit for muons/hadrons  0.2
Geometry factor for msc step limitation of e+-     2.5
Safety factor for msc step limit for e+-           0.6
Skin parameter for msc step limitation of e+-      3
Lambda limit for msc step limit for e+-            1 mm
Use Mott correction for e- scattering              1
Factor used for dynamic computation of angular 
  limit between single and multiple scattering     1
Fixed angular limit between single 
  and multiple scattering                          3.1416 rad
Upper energy limit for e+- multiple scattering     100 MeV
Type of electron single scattering model           0
Type of nuclear form-factor                        1
Screening factor                                   1
=======================================================================
======                 Atomic Deexcitation Parameters          ========
=======================================================================
Fluorescence enabled                               1
Directory in G4LEDATA for fluorescence data files  fluor
Auger electron cascade enabled                     0
PIXE atomic de-excitation enabled                  0
De-excitation module ignores cuts                  0
Type of PIXE cross section for hadrons             Empirical
Type of PIXE cross section for e+-                 Livermore
=======================================================================

### ===  Deexcitation model UAtomDeexcitation is activated for 1 region:
          DefaultRegionForTheWorld  1  0  0
### ===  Ignore cuts flag:   0

phot:  for gamma SubType=12 BuildTable=0
      LambdaPrime table from 200 keV to 100 TeV in 174 bins 
      ===== EM models for the G4Region  DefaultRegionForTheWorld ======
 LivermorePhElectric : Emin=    0 eV  Emax=  100 TeV  SauterGavrila Fluo

compt:  for gamma SubType=13 BuildTable=1
      Lambda table from 100 eV  to 1 MeV, 20 bins/decade, spline: 1
      LambdaPrime table from 1 MeV to 100 TeV in 160 bins 
      ===== EM models for the G4Region  DefaultRegionForTheWorld ======
   LowEPComptonModel : Emin=    0 eV  Emax=   20 MeV Fluo
        KleinNishina : Emin=   20 MeV Emax=  100 TeV Fluo

conv:  for gamma SubType=14 BuildTable=1
      Lambda table from 1.022 MeV to 100 TeV, 20 bins/decade, spline: 1
      ===== EM models for the G4Region  DefaultRegionForTheWorld ======
      BetheHeitler5D : Emin=    0 eV  Emax=  100 TeV  ModifiedTsai

Rayl:  for gamma SubType=11 BuildTable=1
      Lambda table from 100 eV  to 150 keV, 20 bins/decade, spline: 0
      LambdaPrime table from 150 keV to 100 TeV in 176 bins 
      ===== EM models for the G4Region  DefaultRegionForTheWorld ======
   LivermoreRayleigh : Emin=    0 eV  Emax=  100 TeV  CullenGenerator

msc:  for e-  SubType= 10
      ===== EM models for the G4Region  DefaultRegionForTheWorld ======
  GoudsmitSaunderson : Emin=    0 eV  Emax=  100 MeV Nbins=120 100 eV  - 100 MeV
          StepLim=SafetyPlus Rfact=0.08 Gfact=2.5 Sfact=0.6 DispFlag:1 Skin=3 Llim=1 mm
        WentzelVIUni : Emin=  100 MeV Emax=  100 TeV Nbins=120 100 MeV - 100 TeV
          StepLim=SafetyPlus Rfact=0.08 Gfact=2.5 Sfact=0.6 DispFlag:1 Skin=3 Llim=1 mm

eIoni:  for e-  XStype:3  SubType=2
      dE/dx and range tables from 100 eV  to 100 TeV in 240 bins
      Lambda tables from threshold to 100 TeV, 20 bins/decade, spline: 1
      StepFunction=(0.2, 0.01 mm), integ: 3, fluct: 1, linLossLim= 0.01
      ===== EM models for the G4Region  DefaultRegionForTheWorld ======
             PenIoni : Emin=    0 eV  Emax=  100 keV
        MollerBhabha : Emin=  100 keV Emax=  100 TeV  deltaVI

eBrem:  for e-  XStype:4  SubType=3
      dE/dx and range tables from 100 eV  to 100 TeV in 240 bins
      Lambda tables from threshold to 100 TeV, 20 bins/decade, spline: 1
      LPM flag: 1 for E > 1 GeV,  VertexHighEnergyTh(GeV)= 100000
      ===== EM models for the G4Region  DefaultRegionForTheWorld ======
             eBremSB : Emin=    0 eV  Emax=    1 GeV  AngularGen2BS
            eBremLPM : Emin=    1 GeV Emax=  100 TeV  AngularGen2BS

ePairProd:  for e-  XStype:1  SubType=4
      dE/dx and range tables from 100 eV  to 100 TeV in 240 bins
      Lambda tables from threshold to 100 TeV, 20 bins/decade, spline: 0
      Sampling table 25x1001 from 0.1 GeV to 100 TeV 
      ===== EM models for the G4Region  DefaultRegionForTheWorld ======
           ePairProd : Emin=    0 eV  Emax=  100 TeV  ModifiedMephi

CoulombScat:  for e- XStype:1 SubType=1 BuildTable=1
      Lambda table from 100 MeV to 100 TeV, 20 bins/decade, spline: 0
      ThetaMin(p) < Theta(degree) < 180, pLimit(GeV^1)= 0.139531
      ===== EM models for the G4Region  DefaultRegionForTheWorld ======
  eCoulombScattering : Emin=  100 MeV Emax=  100 TeV

msc:  for e+  SubType= 10
      ===== EM models for the G4Region  DefaultRegionForTheWorld ======
  GoudsmitSaunderson : Emin=    0 eV  Emax=  100 MeV Nbins=120 100 eV  - 100 MeV
          StepLim=SafetyPlus Rfact=0.08 Gfact=2.5 Sfact=0.6 DispFlag:1 Skin=3 Llim=1 mm
        WentzelVIUni : Emin=  100 MeV Emax=  100 TeV Nbins=120 100 MeV - 100 TeV
          StepLim=SafetyPlus Rfact=0.08 Gfact=2.5 Sfact=0.6 DispFlag:1 Skin=3 Llim=1 mm

eIoni:  for e+  XStype:3  SubType=2
      dE/dx and range tables from 100 eV  to 100 TeV in 240 bins
      Lambda tables from threshold to 100 TeV, 20 bins/decade, spline: 1
      StepFunction=(0.2, 0.01 mm), integ: 3, fluct: 1, linLossLim= 0.01
      ===== EM models for the G4Region  DefaultRegionForTheWorld ======
             PenIoni : Emin=    0 eV  Emax=  100 keV
        MollerBhabha : Emin=  100 keV Emax=  100 TeV  deltaVI

eBrem:  for e+  XStype:4  SubType=3
      dE/dx and range tables from 100 eV  to 100 TeV in 240 bins
      Lambda tables from threshold to 100 TeV, 20 bins/decade, spline: 1
      LPM flag: 1 for E > 1 GeV,  VertexHighEnergyTh(GeV)= 100000
      ===== EM models for the G4Region  DefaultRegionForTheWorld ======
             eBremSB : Emin=    0 eV  Emax=    1 GeV  AngularGen2BS
            eBremLPM : Emin=    1 GeV Emax=  100 TeV  AngularGen2BS

ePairProd:  for e+  XStype:1  SubType=4
      dE/dx and range tables from 100 eV  to 100 TeV in 240 bins
      Lambda tables from threshold to 100 TeV, 20 bins/decade, spline: 0
      Sampling table 25x1001 from 0.1 GeV to 100 TeV 
      ===== EM models for the G4Region  DefaultRegionForTheWorld ======
           ePairProd : Emin=    0 eV  Emax=  100 TeV  ModifiedMephi

annihil:  for e+ XStype:2 SubType=5 AtRestModel:Allison BuildTable=0
      ===== EM models for the G4Region  DefaultRegionForTheWorld ======
    eplusTo2or3gamma : Emin=    0 eV  Emax=  100 TeV

CoulombScat:  for e+ XStype:1 SubType=1 BuildTable=1
      Lambda table from 100 MeV to 100 TeV, 20 bins/decade, spline: 0
      ThetaMin(p) < Theta(degree) < 180, pLimit(GeV^1)= 0.139531
      ===== EM models for the G4Region  DefaultRegionForTheWorld ======
  eCoulombScattering : Emin=  100 MeV Emax=  100 TeV

msc:  for proton  SubType= 10
      ===== EM models for the G4Region  DefaultRegionForTheWorld ======
        WentzelVIUni : Emin=    0 eV  Emax=  100 TeV Nbins=240 100 eV  - 100 TeV
          StepLim=Minimal Rfact=0.2 Gfact=2.5 Sfact=0.6 DispFlag:1 Skin=3 Llim=1 mm

hIoni:  for proton  XStype:3  SubType=2
      dE/dx and range tables from 100 eV  to 100 TeV in 240 bins
      Lambda tables from threshold to 100 TeV, 20 bins/decade, spline: 1
      StepFunction=(0.1, 0.05 mm), integ: 3, fluct: 1, linLossLim= 0.01
      ===== EM models for the G4Region  DefaultRegionForTheWorld ======
               Bragg : Emin=    0 eV  Emax=    2 MeV  deltaVI
          BetheBloch : Emin=    2 MeV Emax=  100 TeV  deltaVI

hBrems:  for proton  XStype:1  SubType=3
      dE/dx and range tables from 100 eV  to 100 TeV in 240 bins
      Lambda tables from threshold to 100 TeV, 20 bins/decade, spline: 1
      ===== EM models for the G4Region  DefaultRegionForTheWorld ======
               hBrem : Emin=    0 eV  Emax=  100 TeV  ModifiedMephi

hPairProd:  for proton  XStype:1  SubType=4
      dE/dx and range tables from 100 eV  to 100 TeV in 240 bins
      Lambda tables from threshold to 100 TeV, 20 bins/decade, spline: 1
      Sampling table 17x1001, from 7.50618 GeV to 100 TeV 
      ===== EM models for the G4Region  DefaultRegionForTheWorld ======
           hPairProd : Emin=    0 eV  Emax=  100 TeV  ModifiedMephi

CoulombScat:  for proton XStype:1 SubType=1 BuildTable=1
      Lambda table from threshold  to 100 TeV, 20 bins/decade, spline: 0
      ThetaMin(p) < Theta(degree) < 180, pLimit(GeV^1)= 0.139531
      ===== EM models for the G4Region  DefaultRegionForTheWorld ======
  eCoulombScattering : Emin=    0 eV  Emax=  100 TeV

nuclearStopping:  for proton SubType=8 BuildTable=0
      ===== EM models for the G4Region  DefaultRegionForTheWorld ======
   ICRU49NucStopping : Emin=    0 eV  Emax=    1 MeV

msc:  for GenericIon  SubType= 10
      ===== EM models for the G4Region  DefaultRegionForTheWorld ======
            UrbanMsc : Emin=    0 eV  Emax=  100 TeV
          StepLim=Minimal Rfact=0.2 Gfact=2.5 Sfact=0.6 DispFlag:1 Skin=3 Llim=1 mm

ionIoni:  for GenericIon  XStype:3  SubType=2
      dE/dx and range tables from 100 eV  to 100 TeV in 240 bins
      Lambda tables from threshold to 100 TeV, 20 bins/decade, spline: 1
      StepFunction=(0.1, 0.001 mm), integ: 3, fluct: 1, linLossLim= 0.02
      ===== EM models for the G4Region  DefaultRegionForTheWorld ======
    LindhardSorensen : Emin=    0 eV  Emax=  100 TeV  deltaVI

nuclearStopping:  for GenericIon SubType=8 BuildTable=0
      ===== EM models for the G4Region  DefaultRegionForTheWorld ======
   ICRU49NucStopping : Emin=    0 eV  Emax=    1 MeV

msc:  for alpha  SubType= 10
      ===== EM models for the G4Region  DefaultRegionForTheWorld ======
            UrbanMsc : Emin=    0 eV  Emax=  100 TeV
          StepLim=Minimal Rfact=0.2 Gfact=2.5 Sfact=0.6 DispFlag:1 Skin=3 Llim=1 mm

ionIoni:  for alpha  XStype:3  SubType=2
      dE/dx and range tables from 100 eV  to 100 TeV in 240 bins
      Lambda tables from threshold to 100 TeV, 20 bins/decade, spline: 1
      StepFunction=(0.1, 0.02 mm), integ: 3, fluct: 1, linLossLim= 0.02
      ===== EM models for the G4Region  DefaultRegionForTheWorld ======
            BraggIon : Emin=    0 eV  Emax=7.9452 MeV  deltaVI
          BetheBloch : Emin=7.9452 MeV Emax=  100 TeV  deltaVI

nuclearStopping:  for alpha SubType=8 BuildTable=0
      ===== EM models for the G4Region  DefaultRegionForTheWorld ======
   ICRU49NucStopping : Emin=    0 eV  Emax=    1 MeV

msc:  for anti_proton  SubType= 10
      ===== EM models for the G4Region  DefaultRegionForTheWorld ======
        WentzelVIUni : Emin=    0 eV  Emax=  100 TeV Nbins=240 100 eV  - 100 TeV
          StepLim=Minimal Rfact=0.2 Gfact=2.5 Sfact=0.6 DispFlag:1 Skin=3 Llim=1 mm

hIoni:  for anti_proton  XStype:3  SubType=2
      dE/dx and range tables from 100 eV  to 100 TeV in 240 bins
      Lambda tables from threshold to 100 TeV, 20 bins/decade, spline: 1
      StepFunction=(0.1, 0.05 mm), integ: 3, fluct: 1, linLossLim= 0.01
      ===== EM models for the G4Region  DefaultRegionForTheWorld ======
            ICRU73QO : Emin=    0 eV  Emax=    2 MeV  deltaVI
          BetheBloch : Emin=    2 MeV Emax=  100 TeV  deltaVI

hBrems:  for anti_proton  XStype:1  SubType=3
      dE/dx and range tables from 100 eV  to 100 TeV in 240 bins
      Lambda tables from threshold to 100 TeV, 20 bins/decade, spline: 1
      ===== EM models for the G4Region  DefaultRegionForTheWorld ======
               hBrem : Emin=    0 eV  Emax=  100 TeV  ModifiedMephi

hPairProd:  for anti_proton  XStype:1  SubType=4
      dE/dx and range tables from 100 eV  to 100 TeV in 240 bins
      Lambda tables from threshold to 100 TeV, 20 bins/decade, spline: 1
      Sampling table 17x1001, from 7.50618 GeV to 100 TeV 
      ===== EM models for the G4Region  DefaultRegionForTheWorld ======
           hPairProd : Emin=    0 eV  Emax=  100 TeV  ModifiedMephi

CoulombScat:  for anti_proton XStype:1 SubType=1 BuildTable=1
      Lambda table from threshold  to 100 TeV, 20 bins/decade, spline: 0
      ThetaMin(p) < Theta(degree) < 180, pLimit(GeV^1)= 0.139531
      ===== EM models for the G4Region  DefaultRegionForTheWorld ======
  eCoulombScattering : Emin=    0 eV  Emax=  100 TeV

msc:  for kaon+  SubType= 10
      ===== EM models for the G4Region  DefaultRegionForTheWorld ======
        WentzelVIUni : Emin=    0 eV  Emax=  100 TeV Nbins=240 100 eV  - 100 TeV
          StepLim=Minimal Rfact=0.2 Gfact=2.5 Sfact=0.6 DispFlag:1 Skin=3 Llim=1 mm

hIoni:  for kaon+  XStype:3  SubType=2
      dE/dx and range tables from 100 eV  to 100 TeV in 240 bins
      Lambda tables from threshold to 100 TeV, 20 bins/decade, spline: 1
      StepFunction=(0.1, 0.05 mm), integ: 3, fluct: 1, linLossLim= 0.01
      ===== EM models for the G4Region  DefaultRegionForTheWorld ======
               Bragg : Emin=    0 eV  Emax=1.05231 MeV  deltaVI
          BetheBloch : Emin=1.05231 MeV Emax=  100 TeV  deltaVI

hBrems:  for kaon+  XStype:1  SubType=3
      dE/dx and range tables from 100 eV  to 100 TeV in 240 bins
      Lambda tables from threshold to 100 TeV, 20 bins/decade, spline: 1
      ===== EM models for the G4Region  DefaultRegionForTheWorld ======
               hBrem : Emin=    0 eV  Emax=  100 TeV  ModifiedMephi

hPairProd:  for kaon+  XStype:1  SubType=4
      dE/dx and range tables from 100 eV  to 100 TeV in 240 bins
      Lambda tables from threshold to 100 TeV, 20 bins/decade, spline: 1
      Sampling table 18x1001, from 3.94942 GeV to 100 TeV 
      ===== EM models for the G4Region  DefaultRegionForTheWorld ======
           hPairProd : Emin=    0 eV  Emax=  100 TeV  ModifiedMephi

CoulombScat:  for kaon+ XStype:1 SubType=1 BuildTable=1
      Lambda table from threshold  to 100 TeV, 20 bins/decade, spline: 0
      ThetaMin(p) < Theta(degree) < 180, pLimit(GeV^1)= 0.139531
      ===== EM models for the G4Region  DefaultRegionForTheWorld ======
  eCoulombScattering : Emin=    0 eV  Emax=  100 TeV

msc:  for kaon-  SubType= 10
      ===== EM models for the G4Region  DefaultRegionForTheWorld ======
        WentzelVIUni : Emin=    0 eV  Emax=  100 TeV Nbins=240 100 eV  - 100 TeV
          StepLim=Minimal Rfact=0.2 Gfact=2.5 Sfact=0.6 DispFlag:1 Skin=3 Llim=1 mm

hIoni:  for kaon-  XStype:3  SubType=2
      dE/dx and range tables from 100 eV  to 100 TeV in 240 bins
      Lambda tables from threshold to 100 TeV, 20 bins/decade, spline: 1
      StepFunction=(0.1, 0.05 mm), integ: 3, fluct: 1, linLossLim= 0.01
      ===== EM models for the G4Region  DefaultRegionForTheWorld ======
            ICRU73QO : Emin=    0 eV  Emax=1.05231 MeV  deltaVI
          BetheBloch : Emin=1.05231 MeV Emax=  100 TeV  deltaVI

hBrems:  for kaon-  XStype:1  SubType=3
      dE/dx and range tables from 100 eV  to 100 TeV in 240 bins
      Lambda tables from threshold to 100 TeV, 20 bins/decade, spline: 1
      ===== EM models for the G4Region  DefaultRegionForTheWorld ======
               hBrem : Emin=    0 eV  Emax=  100 TeV  ModifiedMephi

hPairProd:  for kaon-  XStype:1  SubType=4
      dE/dx and range tables from 100 eV  to 100 TeV in 240 bins
      Lambda tables from threshold to 100 TeV, 20 bins/decade, spline: 1
      Sampling table 18x1001, from 3.94942 GeV to 100 TeV 
      ===== EM models for the G4Region  DefaultRegionForTheWorld ======
           hPairProd : Emin=    0 eV  Emax=  100 TeV  ModifiedMephi

CoulombScat:  for kaon- XStype:1 SubType=1 BuildTable=1
      Used Lambda table of kaon+
      ThetaMin(p) < Theta(degree) < 180, pLimit(GeV^1)= 0.139531
      ===== EM models for the G4Region  DefaultRegionForTheWorld ======
  eCoulombScattering : Emin=    0 eV  Emax=  100 TeV

msc:  for mu+  SubType= 10
      ===== EM models for the G4Region  DefaultRegionForTheWorld ======
        WentzelVIUni : Emin=    0 eV  Emax=  100 TeV Nbins=240 100 eV  - 100 TeV
          StepLim=Minimal Rfact=0.2 Gfact=2.5 Sfact=0.6 DispFlag:1 Skin=3 Llim=1 mm

muIoni:  for mu+  XStype:3  SubType=2
      dE/dx and range tables from 100 eV  to 100 TeV in 240 bins
      Lambda tables from threshold to 100 TeV, 20 bins/decade, spline: 1
      StepFunction=(0.1, 0.05 mm), integ: 3, fluct: 1, linLossLim= 0.01
      ===== EM models for the G4Region  DefaultRegionForTheWorld ======
               Bragg : Emin=    0 eV  Emax=  200 keV  deltaVI
        MuBetheBloch : Emin=  200 keV Emax=  100 TeV  deltaVI

muBrems:  for mu+  XStype:1  SubType=3
      dE/dx and range tables from 100 eV  to 100 TeV in 240 bins
      Lambda tables from threshold to 100 TeV, 20 bins/decade, spline: 1
      ===== EM models for the G4Region  DefaultRegionForTheWorld ======
              MuBrem : Emin=    0 eV  Emax=  100 TeV  ModifiedMephi

muPairProd:  for mu+  XStype:1  SubType=4
      dE/dx and range tables from 100 eV  to 100 TeV in 240 bins
      Lambda tables from threshold to 100 TeV, 20 bins/decade, spline: 1
      Sampling table 21x1001, from 0.85 GeV to 100 TeV 
      ===== EM models for the G4Region  DefaultRegionForTheWorld ======
          muPairProd : Emin=    0 eV  Emax=  100 TeV  ModifiedMephi

CoulombScat:  for mu+ XStype:1 SubType=1 BuildTable=1
      Lambda table from threshold  to 100 TeV, 20 bins/decade, spline: 0
      ThetaMin(p) < Theta(degree) < 180, pLimit(GeV^1)= 0.139531
      ===== EM models for the G4Region  DefaultRegionForTheWorld ======
  eCoulombScattering : Emin=    0 eV  Emax=  100 TeV

msc:  for mu-  SubType= 10
      ===== EM models for the G4Region  DefaultRegionForTheWorld ======
        WentzelVIUni : Emin=    0 eV  Emax=  100 TeV Nbins=240 100 eV  - 100 TeV
          StepLim=Minimal Rfact=0.2 Gfact=2.5 Sfact=0.6 DispFlag:1 Skin=3 Llim=1 mm

muIoni:  for mu-  XStype:3  SubType=2
      dE/dx and range tables from 100 eV  to 100 TeV in 240 bins
      Lambda tables from threshold to 100 TeV, 20 bins/decade, spline: 1
      StepFunction=(0.1, 0.05 mm), integ: 3, fluct: 1, linLossLim= 0.01
      ===== EM models for the G4Region  DefaultRegionForTheWorld ======
            ICRU73QO : Emin=    0 eV  Emax=  200 keV  deltaVI
        MuBetheBloch : Emin=  200 keV Emax=  100 TeV  deltaVI

muBrems:  for mu-  XStype:1  SubType=3
      dE/dx and range tables from 100 eV  to 100 TeV in 240 bins
      Lambda tables from threshold to 100 TeV, 20 bins/decade, spline: 1
      ===== EM models for the G4Region  DefaultRegionForTheWorld ======
              MuBrem : Emin=    0 eV  Emax=  100 TeV  ModifiedMephi

muPairProd:  for mu-  XStype:1  SubType=4
      dE/dx and range tables from 100 eV  to 100 TeV in 240 bins
      Lambda tables from threshold to 100 TeV, 20 bins/decade, spline: 1
      Sampling table 21x1001, from 0.85 GeV to 100 TeV 
      ===== EM models for the G4Region  DefaultRegionForTheWorld ======
          muPairProd : Emin=    0 eV  Emax=  100 TeV  ModifiedMephi

CoulombScat:  for mu- XStype:1 SubType=1 BuildTable=1
      Used Lambda table of mu+
      ThetaMin(p) < Theta(degree) < 180, pLimit(GeV^1)= 0.139531
      ===== EM models for the G4Region  DefaultRegionForTheWorld ======
  eCoulombScattering : Emin=    0 eV  Emax=  100 TeV

msc:  for pi+  SubType= 10
      ===== EM models for the G4Region  DefaultRegionForTheWorld ======
        WentzelVIUni : Emin=    0 eV  Emax=  100 TeV Nbins=240 100 eV  - 100 TeV
          StepLim=Minimal Rfact=0.2 Gfact=2.5 Sfact=0.6 DispFlag:1 Skin=3 Llim=1 mm

hIoni:  for pi+  XStype:3  SubType=2
      dE/dx and range tables from 100 eV  to 100 TeV in 240 bins
      Lambda tables from threshold to 100 TeV, 20 bins/decade, spline: 1
      StepFunction=(0.1, 0.05 mm), integ: 3, fluct: 1, linLossLim= 0.01
      ===== EM models for the G4Region  DefaultRegionForTheWorld ======
               Bragg : Emin=    0 eV  Emax=297.505 keV  deltaVI
          BetheBloch : Emin=297.505 keV Emax=  100 TeV  deltaVI

hBrems:  for pi+  XStype:1  SubType=3
      dE/dx and range tables from 100 eV  to 100 TeV in 240 bins
      Lambda tables from threshold to 100 TeV, 20 bins/decade, spline: 1
      ===== EM models for the G4Region  DefaultRegionForTheWorld ======
               hBrem : Emin=    0 eV  Emax=  100 TeV  ModifiedMephi

hPairProd:  for pi+  XStype:1  SubType=4
      dE/dx and range tables from 100 eV  to 100 TeV in 240 bins
      Lambda tables from threshold to 100 TeV, 20 bins/decade, spline: 1
      Sampling table 20x1001, from 1.11656 GeV to 100 TeV 
      ===== EM models for the G4Region  DefaultRegionForTheWorld ======
           hPairProd : Emin=    0 eV  Emax=  100 TeV  ModifiedMephi

CoulombScat:  for pi+ XStype:1 SubType=1 BuildTable=1
      Lambda table from threshold  to 100 TeV, 20 bins/decade, spline: 0
      ThetaMin(p) < Theta(degree) < 180, pLimit(GeV^1)= 0.139531
      ===== EM models for the G4Region  DefaultRegionForTheWorld ======
  eCoulombScattering : Emin=    0 eV  Emax=  100 TeV

msc:  for pi-  SubType= 10
      ===== EM models for the G4Region  DefaultRegionForTheWorld ======
        WentzelVIUni : Emin=    0 eV  Emax=  100 TeV Nbins=240 100 eV  - 100 TeV
          StepLim=Minimal Rfact=0.2 Gfact=2.5 Sfact=0.6 DispFlag:1 Skin=3 Llim=1 mm

hIoni:  for pi-  XStype:3  SubType=2
      dE/dx and range tables from 100 eV  to 100 TeV in 240 bins
      Lambda tables from threshold to 100 TeV, 20 bins/decade, spline: 1
      StepFunction=(0.1, 0.05 mm), integ: 3, fluct: 1, linLossLim= 0.01
      ===== EM models for the G4Region  DefaultRegionForTheWorld ======
            ICRU73QO : Emin=    0 eV  Emax=297.505 keV  deltaVI
          BetheBloch : Emin=297.505 keV Emax=  100 TeV  deltaVI

hBrems:  for pi-  XStype:1  SubType=3
      dE/dx and range tables from 100 eV  to 100 TeV in 240 bins
      Lambda tables from threshold to 100 TeV, 20 bins/decade, spline: 1
      ===== EM models for the G4Region  DefaultRegionForTheWorld ======
               hBrem : Emin=    0 eV  Emax=  100 TeV  ModifiedMephi

hPairProd:  for pi-  XStype:1  SubType=4
      dE/dx and range tables from 100 eV  to 100 TeV in 240 bins
      Lambda tables from threshold to 100 TeV, 20 bins/decade, spline: 1
      Sampling table 20x1001, from 1.11656 GeV to 100 TeV 
      ===== EM models for the G4Region  DefaultRegionForTheWorld ======
           hPairProd : Emin=    0 eV  Emax=  100 TeV  ModifiedMephi

CoulombScat:  for pi- XStype:1 SubType=1 BuildTable=1
      Used Lambda table of pi+
      ThetaMin(p) < Theta(degree) < 180, pLimit(GeV^1)= 0.139531
      ===== EM models for the G4Region  DefaultRegionForTheWorld ======
  eCoulombScattering : Emin=    0 eV  Emax=  100 TeV

====================================================================
                  HADRONIC PROCESSES SUMMARY (verbose level 1)
-----------------------------------------------------------------------
                           Hadronic Processes for neutron
  Process: hadElastic
        Model:             hElasticCHIPS: 0 eV  ---> 100 TeV
     Cr_sctns:        G4NeutronElasticXS: 0 eV  ---> 100 TeV
  Process: neutronInelastic
        Model:                      FTFP: 3 GeV ---> 100 TeV
        Model:            BertiniCascade: 0 eV  ---> 6 GeV
     Cr_sctns:      G4NeutronInelasticXS: 0 eV  ---> 100 TeV
  Process: nCapture
        Model:               nRadCapture: 0 eV  ---> 100 TeV
     Cr_sctns:        G4NeutronCaptureXS: 0 eV  ---> 100 TeV
  Process: nKiller
-----------------------------------------------------------------------
                           Hadronic Processes for B-
  Process: hadElastic
        Model:              hElasticLHEP: 0 eV  ---> 100 TeV
     Cr_sctns:            Glauber-Gribov: 0 eV  ---> 100 TeV
  Process: B-Inelastic
        Model:                      FTFP: 0 eV  ---> 100 TeV
     Cr_sctns:            Glauber-Gribov: 0 eV  ---> 100 TeV
-----------------------------------------------------------------------
                           Hadronic Processes for D-
  Process: hadElastic
        Model:              hElasticLHEP: 0 eV  ---> 100 TeV
     Cr_sctns:            Glauber-Gribov: 0 eV  ---> 100 TeV
  Process: D-Inelastic
        Model:                      FTFP: 0 eV  ---> 100 TeV
     Cr_sctns:            Glauber-Gribov: 0 eV  ---> 100 TeV
-----------------------------------------------------------------------
                           Hadronic Processes for GenericIon
  Process: ionInelastic
        Model:  Binary Light Ion Cascade: 0 eV /n ---> 6 GeV/n
        Model:                      FTFP: 3 GeV/n ---> 100 TeV/n
     Cr_sctns:  Glauber-Gribov Nucl-nucl: 0 eV  ---> 25.6 PeV
-----------------------------------------------------------------------
                           Hadronic Processes for He3
  Process: hadElastic
        Model:              hElasticLHEP: 0 eV /n ---> 100 TeV/n
     Cr_sctns:  Glauber-Gribov Nucl-nucl: 0 eV  ---> 25.6 PeV
  Process: He3Inelastic
        Model:  Binary Light Ion Cascade: 0 eV /n ---> 6 GeV/n
        Model:                      FTFP: 3 GeV/n ---> 100 TeV/n
     Cr_sctns:  Glauber-Gribov Nucl-nucl: 0 eV  ---> 25.6 PeV
-----------------------------------------------------------------------
                           Hadronic Processes for alpha
  Process: hadElastic
        Model:              hElasticLHEP: 0 eV /n ---> 100 TeV/n
     Cr_sctns:  Glauber-Gribov Nucl-nucl: 0 eV  ---> 25.6 PeV
  Process: alphaInelastic
        Model:  Binary Light Ion Cascade: 0 eV /n ---> 6 GeV/n
        Model:                      FTFP: 3 GeV/n ---> 100 TeV/n
     Cr_sctns:  Glauber-Gribov Nucl-nucl: 0 eV  ---> 25.6 PeV
-----------------------------------------------------------------------
                           Hadronic Processes for anti_He3
  Process: hadElastic
        Model:              hElasticLHEP: 0 eV /n ---> 100.1 MeV/n
        Model:              AntiAElastic: 100 MeV/n ---> 100 TeV/n
     Cr_sctns:              AntiAGlauber: 0 eV  ---> 25.6 PeV
  Process: anti_He3Inelastic
        Model:                      FTFP: 0 eV /n ---> 100 TeV/n
     Cr_sctns:              AntiAGlauber: 0 eV  ---> 25.6 PeV
  Process: hFritiofCaptureAtRest
-----------------------------------------------------------------------
                           Hadronic Processes for anti_alpha
  Process: hadElastic
        Model:              hElasticLHEP: 0 eV /n ---> 100.1 MeV/n
        Model:              AntiAElastic: 100 MeV/n ---> 100 TeV/n
     Cr_sctns:              AntiAGlauber: 0 eV  ---> 25.6 PeV
  Process: anti_alphaInelastic
        Model:                      FTFP: 0 eV /n ---> 100 TeV/n
     Cr_sctns:              AntiAGlauber: 0 eV  ---> 25.6 PeV
  Process: hFritiofCaptureAtRest
-----------------------------------------------------------------------
                           Hadronic Processes for anti_deuteron
  Process: hadElastic
        Model:              hElasticLHEP: 0 eV /n ---> 100.1 MeV/n
        Model:              AntiAElastic: 100 MeV/n ---> 100 TeV/n
     Cr_sctns:              AntiAGlauber: 0 eV  ---> 25.6 PeV
  Process: anti_deuteronInelastic
        Model:                      FTFP: 0 eV /n ---> 100 TeV/n
     Cr_sctns:              AntiAGlauber: 0 eV  ---> 25.6 PeV
  Process: hFritiofCaptureAtRest
-------------------------------------------------------------------------
                           Hadronic Processes for anti_hypertriton
  Process: hFritiofCaptureAtRest
-----------------------------------------------------------------------
                           Hadronic Processes for anti_lambda
  Process: hadElastic
        Model:              hElasticLHEP: 0 eV  ---> 100 TeV
     Cr_sctns:            Glauber-Gribov: 0 eV  ---> 100 TeV
  Process: anti_lambdaInelastic
        Model:                      FTFP: 0 eV  ---> 100 TeV
     Cr_sctns:            Glauber-Gribov: 0 eV  ---> 100 TeV
  Process: hFritiofCaptureAtRest
-----------------------------------------------------------------------
                           Hadronic Processes for anti_neutron
  Process: hadElastic
        Model:              hElasticLHEP: 0 eV  ---> 100.1 MeV
        Model:              AntiAElastic: 100 MeV ---> 100 TeV
     Cr_sctns:              AntiAGlauber: 0 eV  ---> 25.6 PeV
  Process: anti_neutronInelastic
        Model:                      FTFP: 0 eV  ---> 100 TeV
     Cr_sctns:              AntiAGlauber: 0 eV  ---> 25.6 PeV
  Process: hFritiofCaptureAtRest
-----------------------------------------------------------------------
                           Hadronic Processes for anti_proton
  Process: hadElastic
        Model:              hElasticLHEP: 0 eV  ---> 100.1 MeV
        Model:              AntiAElastic: 100 MeV ---> 100 TeV
     Cr_sctns:              AntiAGlauber: 0 eV  ---> 25.6 PeV
  Process: anti_protonInelastic
        Model:                      FTFP: 0 eV  ---> 100 TeV
     Cr_sctns:              AntiAGlauber: 0 eV  ---> 25.6 PeV
  Process: hFritiofCaptureAtRest
-----------------------------------------------------------------------
                           Hadronic Processes for anti_triton
  Process: hadElastic
        Model:              hElasticLHEP: 0 eV /n ---> 100.1 MeV/n
        Model:              AntiAElastic: 100 MeV/n ---> 100 TeV/n
     Cr_sctns:              AntiAGlauber: 0 eV  ---> 25.6 PeV
  Process: anti_tritonInelastic
        Model:                      FTFP: 0 eV /n ---> 100 TeV/n
     Cr_sctns:              AntiAGlauber: 0 eV  ---> 25.6 PeV
  Process: hFritiofCaptureAtRest
-----------------------------------------------------------------------
                           Hadronic Processes for deuteron
  Process: hadElastic
        Model:              hElasticLHEP: 0 eV /n ---> 100 TeV/n
     Cr_sctns:  Glauber-Gribov Nucl-nucl: 0 eV  ---> 25.6 PeV
  Process: dInelastic
        Model:  Binary Light Ion Cascade: 0 eV /n ---> 6 GeV/n
        Model:                      FTFP: 3 GeV/n ---> 100 TeV/n
     Cr_sctns:  Glauber-Gribov Nucl-nucl: 0 eV  ---> 25.6 PeV
-----------------------------------------------------------------------
                           Hadronic Processes for e+
  Process: positronNuclear
        Model:   G4ElectroVDNuclearModel: 0 eV  ---> 1 PeV
     Cr_sctns:          ElectroNuclearXS: 0 eV  ---> 100 TeV
-----------------------------------------------------------------------
                           Hadronic Processes for e-
  Process: electronNuclear
        Model:   G4ElectroVDNuclearModel: 0 eV  ---> 1 PeV
     Cr_sctns:          ElectroNuclearXS: 0 eV  ---> 100 TeV
-----------------------------------------------------------------------
                           Hadronic Processes for gamma
  Process: photonNuclear
        Model:               GammaNPreco: 0 eV  ---> 200 MeV
        Model:            BertiniCascade: 199 MeV ---> 6 GeV
        Model:           TheoFSGenerator: 3 GeV ---> 100 TeV
     Cr_sctns:            GammaNuclearXS: 0 eV  ---> 100 TeV
-----------------------------------------------------------------------
                           Hadronic Processes for kaon+
  Process: hadElastic
        Model:              hElasticLHEP: 0 eV  ---> 100 TeV
     Cr_sctns:            Glauber-Gribov: 0 eV  ---> 100 TeV
  Process: kaon+Inelastic
        Model:                      FTFP: 3 GeV ---> 100 TeV
        Model:            BertiniCascade: 0 eV  ---> 6 GeV
     Cr_sctns:            Glauber-Gribov: 0 eV  ---> 100 TeV
-----------------------------------------------------------------------
                           Hadronic Processes for kaon-
  Process: hadElastic
        Model:              hElasticLHEP: 0 eV  ---> 100 TeV
     Cr_sctns:            Glauber-Gribov: 0 eV  ---> 100 TeV
  Process: kaon-Inelastic
        Model:                      FTFP: 3 GeV ---> 100 TeV
        Model:            BertiniCascade: 0 eV  ---> 6 GeV
     Cr_sctns:            Glauber-Gribov: 0 eV  ---> 100 TeV
  Process: hBertiniCaptureAtRest
-----------------------------------------------------------------------
                           Hadronic Processes for lambda
  Process: hadElastic
        Model:              hElasticLHEP: 0 eV  ---> 100 TeV
     Cr_sctns:            Glauber-Gribov: 0 eV  ---> 100 TeV
  Process: lambdaInelastic
        Model:                      FTFP: 3 GeV ---> 100 TeV
        Model:            BertiniCascade: 0 eV  ---> 6 GeV
     Cr_sctns:            Glauber-Gribov: 0 eV  ---> 100 TeV
-----------------------------------------------------------------------
                           Hadronic Processes for mu+
  Process: muonNuclear
        Model:      G4MuonVDNuclearModel: 0 eV  ---> 1 PeV
     Cr_sctns:     KokoulinMuonNuclearXS: 0 eV  ---> 100 TeV
-----------------------------------------------------------------------
                           Hadronic Processes for mu-
  Process: muonNuclear
        Model:      G4MuonVDNuclearModel: 0 eV  ---> 1 PeV
     Cr_sctns:     KokoulinMuonNuclearXS: 0 eV  ---> 100 TeV
  Process: muMinusCaptureAtRest
-----------------------------------------------------------------------
                           Hadronic Processes for pi+
  Process: hadElastic
        Model:           hElasticGlauber: 0 eV  ---> 100 TeV
     Cr_sctns:  BarashenkovGlauberGribov: 0 eV  ---> 100 TeV
  Process: pi+Inelastic
        Model:                      FTFP: 3 GeV ---> 100 TeV
        Model:            BertiniCascade: 0 eV  ---> 6 GeV
     Cr_sctns:  BarashenkovGlauberGribov: 0 eV  ---> 100 TeV
-----------------------------------------------------------------------
                           Hadronic Processes for pi-
  Process: hadElastic
        Model:           hElasticGlauber: 0 eV  ---> 100 TeV
     Cr_sctns:  BarashenkovGlauberGribov: 0 eV  ---> 100 TeV
  Process: pi-Inelastic
        Model:                      FTFP: 3 GeV ---> 100 TeV
        Model:            BertiniCascade: 0 eV  ---> 6 GeV
     Cr_sctns:  BarashenkovGlauberGribov: 0 eV  ---> 100 TeV
  Process: hBertiniCaptureAtRest
-----------------------------------------------------------------------
                           Hadronic Processes for proton
  Process: hadElastic
        Model:             hElasticCHIPS: 0 eV  ---> 100 TeV
     Cr_sctns:  BarashenkovGlauberGribov: 0 eV  ---> 100 TeV
  Process: protonInelastic
        Model:                      FTFP: 3 GeV ---> 100 TeV
        Model:            BertiniCascade: 0 eV  ---> 6 GeV
     Cr_sctns:  BarashenkovGlauberGribov: 0 eV  ---> 100 TeV
-----------------------------------------------------------------------
                           Hadronic Processes for sigma-
  Process: hadElastic
        Model:              hElasticLHEP: 0 eV  ---> 100 TeV
     Cr_sctns:            Glauber-Gribov: 0 eV  ---> 100 TeV
  Process: sigma-Inelastic
        Model:                      FTFP: 3 GeV ---> 100 TeV
        Model:            BertiniCascade: 0 eV  ---> 6 GeV
     Cr_sctns:            Glauber-Gribov: 0 eV  ---> 100 TeV
  Process: hBertiniCaptureAtRest
-----------------------------------------------------------------------
                           Hadronic Processes for triton
  Process: hadElastic
        Model:              hElasticLHEP: 0 eV /n ---> 100 TeV/n
     Cr_sctns:  Glauber-Gribov Nucl-nucl: 0 eV  ---> 25.6 PeV
  Process: tInelastic
        Model:  Binary Light Ion Cascade: 0 eV /n ---> 6 GeV/n
        Model:                      FTFP: 3 GeV/n ---> 100 TeV/n
     Cr_sctns:  Glauber-Gribov Nucl-nucl: 0 eV  ---> 25.6 PeV
=======================================================================
======       Geant4 Native Pre-compound Model Parameters       ========
=======================================================================
Type of pre-compound model                          0
Type of pre-compound inverse x-section              1
Pre-compound model active                           1
Pre-compound excitation low energy                  100 keV
Pre-compound excitation high energy                 30 MeV
Angular generator for pre-compound model            1
Use NeverGoBack option for pre-compound model       0
Use SoftCutOff option for pre-compound model        0
Use CEM transitions for pre-compound model          1
Use GNASH transitions for pre-compound model        0
Use HETC submodel for pre-compound model            0
=======================================================================
======       Nuclear De-excitation Module Parameters           ========
=======================================================================
Type of de-excitation inverse x-section             3
Type of de-excitation factory                       Evaporation+GEM
Number of de-excitation channels                    68
Type of Fermi BreakUp model                         ModelVI
Min excitation energy                               10 eV 
Min energy per nucleon for multifragmentation       200 GeV
Limit excitation energy for Fermi BreakUp           20 MeV
Level density (1/MeV)                               0.075
Use simple level density model                      1
Use discrete excitation energy of the residual      0
Time limit for long lived isomeres                  1 ns 
Isomer production flag                              1
Internal e- conversion flag                         1
Store e- internal conversion data                   1
Correlated gamma emission flag                      0
Max 2J for sampling of angular correlations         10
=======================================================================

========= Table of registered couples ============================

Index : 0     used in the geometry : Yes
 Material : Vacuum
 Range cuts        :  gamma  700 um     e-  700 um     e+  700 um  proton 700 um 
 Energy thresholds :  gamma  990 eV     e-  990 eV     e+  990 eV  proton 70 keV
 Region(s) which use this couple : 
    DefaultRegionForTheWorld

Index : 1     used in the geometry : Yes
 Material : Al
 Range cuts        :  gamma  700 um     e-  700 um     e+  700 um  proton 700 um 
 Energy thresholds :  gamma  5.84809 keV    e-  461.311 keV    e+  445.215 keV proton 70 keV
 Region(s) which use this couple : 
    DefaultRegionForTheWorld

Index : 2     used in the geometry : Yes
 Material : LXe
 Range cuts        :  gamma  700 um     e-  700 um     e+  700 um  proton 700 um 
 Energy thresholds :  gamma  23.9005 keV    e-  392.984 keV    e+  377.557 keV proton 70 keV
 Region(s) which use this couple : 
    DefaultRegionForTheWorld

Index : 3     used in the geometry : Yes
 Material : Glass
 Range cuts        :  gamma  700 um     e-  700 um     e+  700 um  proton 700 um 
 Energy thresholds :  gamma  2.09772 keV    e-  281.684 keV    e+  274.852 keV proton 70 keV
 Region(s) which use this couple : 
    DefaultRegionForTheWorld

==================================================================

### Run 0 starts.
--> Event 0 starts.
--> Event 10 starts.
--> Event 20 starts.
--> Event 30 starts.
--> Event 40 starts.
--> Event 50 starts.
--> Event 60 starts.
"./currentEvent.rndm" is copied to "./run0evt64.rndm"./currentEvent.rndm" is copied to "./run0evt65.rndm--> Event 70 starts.
--> Event 80 starts.
--> Event 90 starts.
--> Event 100 starts.
"./currentEvent.rndm" is copied to "./run0evt106.rndm--> Event 110 starts.
--> Event 120 starts.
--> Event 130 starts.
--> Event 140 starts.
--> Event 150 starts.
--> Event 160 starts.
--> Event 170 starts.
--> Event 180 starts.
--> Event 190 starts.
 Run terminated.
Run Summary
  Number of events processed : 200
  User=3.430000s Real=3.445213s Sys=0.010000s

 ======================== run summary ======================
The run was 200 events.
Number of hits per event:	 1234 +- 13.76
Number of hits per event above threshold:	 31.7 +- 0.1964
Number of scintillation photons per event :	 4089 +- 0
Number of Cerenkov photons per event:	 0.53 +- 0.06667
Number of absorbed photons per event :	 2855 +- 30.73
Number of photons absorbed at boundary per event:	 0 +- 0
Total energy deposition in scintillator per event:	 512.9 +- 5.282 keV.

/vis/enable
WARNING: G4VisManager::IsValidView(): Attempt to draw when no graphics system
  has been instantiated.  Use "/vis/open" or "/vis/sceneHandler/create".
  Alternatively, to avoid this message, suppress instantiation of vis
  manager (G4VisExecutive) and ensure drawing code is executed only if
  G4VVisManager::GetConcreteInstance() is non-zero.
G4VisManager::Enable: WARNING: visualization remains disabled for
  above reasons.  Rectifying with valid vis commands will
  automatically enable.
/LXe/eventVerbose 1
/process/optical/scintillation/setTrackSecondariesFirst false
/run/physicsModified
/run/beamOn 5

### ===  Deexcitation model UAtomDeexcitation is activated for 1 region:
          DefaultRegionForTheWorld  1  0  0
### ===  Ignore cuts flag:   0

========= Table of registered couples ============================

Index : 0     used in the geometry : Yes
 Material : Vacuum
 Range cuts        :  gamma  700 um     e-  700 um     e+  700 um  proton 700 um 
 Energy thresholds :  gamma  990 eV     e-  990 eV     e+  990 eV  proton 70 keV
 Region(s) which use this couple : 
    DefaultRegionForTheWorld

Index : 1     used in the geometry : Yes
 Material : Al
 Range cuts        :  gamma  700 um     e-  700 um     e+  700 um  proton 700 um 
 Energy thresholds :  gamma  5.84809 keV    e-  461.311 keV    e+  445.215 keV proton 70 keV
 Region(s) which use this couple : 
    DefaultRegionForTheWorld

Index : 2     used in the geometry : Yes
 Material : LXe
 Range cuts        :  gamma  700 um     e-  700 um     e+  700 um  proton 700 um 
 Energy thresholds :  gamma  23.9005 keV    e-  392.984 keV    e+  377.557 keV proton 70 keV
 Region(s) which use this couple : 
    DefaultRegionForTheWorld

Index : 3     used in the geometry : Yes
 Material : Glass
 Range cuts        :  gamma  700 um     e-  700 um     e+  700 um  proton 700 um 
 Energy thresholds :  gamma  2.09772 keV    e-  281.684 keV    e+  274.852 keV proton 70 keV
 Region(s) which use this couple : 
    DefaultRegionForTheWorld

==================================================================

### Run 1 starts.
--> Event 0 starts.
	Energy weighted position of hits in LXe : (-7.48804,-9.32151,-24.2964)
	Total energy deposition in scintillator : 532.625 (keV)
	Reconstructed position of hits in LXe : (-1.33958,-0.489187,-11.359)
	Number of photons that hit PMTs in this event : 1371
	Number of PMTs above threshold(4) : 32
	Number of photons produced by scintillation in this event : 4430
	Number of photons produced by cerenkov in this event : 0
	Number of photons absorbed (OpAbsorption) in this event : 3059
	Number of photons absorbed at boundaries (OpBoundary) in this event : 0
Unaccounted for photons in this event : 0
	Energy weighted position of hits in LXe : (0.485976,8.76376e-05,-109.723)
	Total energy deposition in scintillator : 534.505 (keV)
	Reconstructed position of hits in LXe : (2.19022,-0.730937,-16.42)
	Number of photons that hit PMTs in this event : 1225
	Number of PMTs above threshold(4) : 31
	Number of photons produced by scintillation in this event : 4550
	Number of photons produced by cerenkov in this event : 0
	Number of photons absorbed (OpAbsorption) in this event : 3325
	Number of photons absorbed at boundaries (OpBoundary) in this event : 0
Unaccounted for photons in this event : 0
	Energy weighted position of hits in LXe : (0.0992749,-0.0404924,-96.0049)
	Total energy deposition in scintillator : 296.808 (keV)
	Reconstructed position of hits in LXe : (-1.41539,-2.4077,-20.9573)
	Number of photons that hit PMTs in this event : 722
	Number of PMTs above threshold(4) : 32
	Number of photons produced by scintillation in this event : 2550
	Number of photons produced by cerenkov in this event : 0
	Number of photons absorbed (OpAbsorption) in this event : 1828
	Number of photons absorbed at boundaries (OpBoundary) in this event : 0
Unaccounted for photons in this event : 0
	Energy weighted position of hits in LXe : (0.0960792,0.0973886,-102.961)
	Total energy deposition in scintillator : 533.899 (keV)
	Reconstructed position of hits in LXe : (-2.40502,1.79039,-15.1986)
	Number of photons that hit PMTs in this event : 1296
	Number of PMTs above threshold(4) : 32
	Number of photons produced by scintillation in this event : 4534
	Number of photons produced by cerenkov in this event : 1
	Number of photons absorbed (OpAbsorption) in this event : 3239
	Number of photons absorbed at boundaries (OpBoundary) in this event : 0
Unaccounted for photons in this event : 0
	Energy weighted position of hits in LXe : (-5.35118,-11.0081,-93.1631)
	Total energy deposition in scintillator : 533.697 (keV)
	Reconstructed position of hits in LXe : (-1.40106,-5.95969,-23.757)
	Number of photons that hit PMTs in this event : 1302
	Number of PMTs above threshold(4) : 32
	Number of photons produced by scintillation in this event : 4514
	Number of photons produced by cerenkov in this event : 0
	Number of photons absorbed (OpAbsorption) in this event : 3212
	Number of photons absorbed at boundaries (OpBoundary) in this event : 0
Unaccounted for photons in this event : 0
 Run terminated.
Run Summary
  Number of events processed : 5
  User=0.100000s Real=0.103834s Sys=0.000000s

 ======================== run summary ======================
The run was 5 events.
Number of hits per event:	 1183 +- 105.2
Number of hits per event above threshold:	 31.8 +- 0.1789
Number of scintillation photons per event :	 4116 +- 350.6
Number of Cerenkov photons per event:	 0.2 +- 0.1789
Number of absorbed photons per event :	 2933 +- 250
Number of photons absorbed at boundary per event:	 0 +- 0
Total energy deposition in scintillator per event:	 486.3 +- 42.37 keV.

/tracking/verbose 1
/LXe/forceDrawPhotons true
/LXe/detector/MainScintYield 100
/process/optical/scintillation/setTrackSecondariesFirst true
/run/physicsModified
/run/beamOn 1

### ===  Deexcitation model UAtomDeexcitation is activated for 1 region:
          DefaultRegionForTheWorld  1  0  0
### ===  Ignore cuts flag:   0

========= Table of registered couples ============================

Index : 0     used in the geometry : Yes
 Material : Vacuum
 Range cuts        :  gamma  700 um     e-  700 um     e+  700 um  proton 700 um 
 Energy thresholds :  gamma  990 eV     e-  990 eV     e+  990 eV  proton 70 keV
 Region(s) which use this couple : 
    DefaultRegionForTheWorld

Index : 1     used in the geometry : Yes
 Material : Al
 Range cuts        :  gamma  700 um     e-  700 um     e+  700 um  proton 700 um 
 Energy thresholds :  gamma  5.84809 keV    e-  461.311 keV    e+  445.215 keV proton 70 keV
 Region(s) which use this couple : 
    DefaultRegionForTheWorld

Index : 2     used in the geometry : Yes
 Material : LXe
 Range cuts        :  gamma  700 um     e-  700 um     e+  700 um  proton 700 um 
 Energy thresholds :  gamma  23.9005 keV    e-  392.984 keV    e+  377.557 keV proton 70 keV
 Region(s) which use this couple : 
    DefaultRegionForTheWorld

Index : 3     used in the geometry : Yes
 Material : Glass
 Range cuts        :  gamma  700 um     e-  700 um     e+  700 um  proton 700 um 
 Energy thresholds :  gamma  2.09772 keV    e-  281.684 keV    e+  274.852 keV proton 70 keV
 Region(s) which use this couple : 
    DefaultRegionForTheWorld

==================================================================

### Run 2 starts.
--> Event 0 starts.

*********************************************************************************************************
* G4Track Information:   Particle = gamma,   Track ID = 1,   Parent ID = 0
*********************************************************************************************************

Step#    X(mm)    Y(mm)    Z(mm) KinE(MeV)  dE(MeV) StepLeng TrackLeng  NextVolume ProcName
    0        0        0     -200     0.511        0        0         0     expHall initStep
    1        0        0     -114     0.511        0     86.4      86.4     housing Transportation
    2        0        0     -113     0.511        0    0.635        87 scintillator Transportation
    3        0        0      -75         0  0.00478       38       125 scintillator phot

*********************************************************************************************************
* G4Track Information:   Particle = gamma,   Track ID = 3,   Parent ID = 1
*********************************************************************************************************

Step#    X(mm)    Y(mm)    Z(mm) KinE(MeV)  dE(MeV) StepLeng TrackLeng  NextVolume ProcName
    0        0        0      -75    0.0298        0        0         0 scintillator initStep
    1  -0.0594   -0.101      -75         0 0.000941    0.121     0.121 scintillator phot

*********************************************************************************************************
* G4Track Information:   Particle = e-,   Track ID = 4,   Parent ID = 3
*********************************************************************************************************

Step#    X(mm)    Y(mm)    Z(mm) KinE(MeV)  dE(MeV) StepLeng TrackLeng  NextVolume ProcName
    0  -0.0594   -0.101      -75    0.0288        0        0         0 scintillator initStep
    1  -0.0599   -0.101      -75    0.0285 0.000376 0.000734  0.000734 scintillator msc
    2  -0.0608   -0.101      -75   0.00338   0.0251   0.0106    0.0114 scintillator eIoni

*********************************************************************************************************
* G4Track Information:   Particle = opticalphoton,   Track ID = 7,   Parent ID = 4
*********************************************************************************************************

Step#    X(mm)    Y(mm)    Z(mm) KinE(MeV)  dE(MeV) StepLeng TrackLeng  NextVolume ProcName
    0  -0.0602   -0.101      -75     7e-06        0        0         0 scintillator initStep
    1     32.5       89     -108     7e-06        0      101       101     housing Transportation
    2     32.5       89     -108     7e-06        0        0       101 scintillator Transportation
    3     37.3       76     -113     7e-06        0     14.7       115     housing Transportation
    4     37.3       76     -113     7e-06        0        0       115 scintillator Transportation
    5       89    -65.3    -60.4     7e-06        0      159       275     housing Transportation
    6       89    -65.3    -60.4     7e-06        0        0       275 scintillator Transportation
    7     82.3    -83.6    -53.6     7e-06    7e-06     20.7       295 scintillator OpAbsorption

*********************************************************************************************************
* G4Track Information:   Particle = opticalphoton,   Track ID = 6,   Parent ID = 4
*********************************************************************************************************

Step#    X(mm)    Y(mm)    Z(mm) KinE(MeV)  dE(MeV) StepLeng TrackLeng  NextVolume ProcName
    0  -0.0602   -0.101      -75  7.08e-06        0        0         0 scintillator initStep
    1    -10.9     8.88    -76.4  7.08e-06 7.08e-06     14.2      14.2 scintillator OpAbsorption

*********************************************************************************************************
* G4Track Information:   Particle = opticalphoton,   Track ID = 5,   Parent ID = 4
*********************************************************************************************************

Step#    X(mm)    Y(mm)    Z(mm) KinE(MeV)  dE(MeV) StepLeng TrackLeng  NextVolume ProcName
    0  -0.0606   -0.101      -75  7.05e-06        0        0         0 scintillator initStep
    1    -63.6      -54      113  7.05e-06        0      206       206         pmt Transportation
    2    -63.7    -54.1      113  7.05e-06 7.05e-06    0.349       206   photocath Transportation

*********************************************************************************************************
* G4Track Information:   Particle = e-,   Track ID = 4,   Parent ID = 3
*********************************************************************************************************

Step#    X(mm)    Y(mm)    Z(mm) KinE(MeV)  dE(MeV) StepLeng TrackLeng  NextVolume ProcName
    2  -0.0608   -0.101      -75   0.00338        0        0    0.0114 scintillator initStep
    3  -0.0608   -0.101      -75   0.00333 4.17e-05  2.6e-05    0.0114 scintillator msc
    4  -0.0607   -0.101      -75         0  0.00333 0.000319    0.0117 scintillator eIoni
    5  -0.0607   -0.101      -75         0        0        0    0.0117 scintillator NoProcess

*********************************************************************************************************
* G4Track Information:   Particle = e-,   Track ID = 2,   Parent ID = 1
*********************************************************************************************************

Step#    X(mm)    Y(mm)    Z(mm) KinE(MeV)  dE(MeV) StepLeng TrackLeng  NextVolume ProcName
    0        0        0      -75     0.476        0        0         0 scintillator initStep
    1    0.042   0.0174      -75     0.464   0.0123   0.0635    0.0635 scintillator msc

*********************************************************************************************************
* G4Track Information:   Particle = opticalphoton,   Track ID = 8,   Parent ID = 2
*********************************************************************************************************

Step#    X(mm)    Y(mm)    Z(mm) KinE(MeV)  dE(MeV) StepLeng TrackLeng  NextVolume ProcName
    0   0.0195   0.0081      -75  7.04e-06        0        0         0 scintillator initStep
    1      8.1     10.4     -102  7.04e-06 7.04e-06     29.7      29.7 scintillator OpAbsorption

*********************************************************************************************************
* G4Track Information:   Particle = e-,   Track ID = 2,   Parent ID = 1
*********************************************************************************************************

Step#    X(mm)    Y(mm)    Z(mm) KinE(MeV)  dE(MeV) StepLeng TrackLeng  NextVolume ProcName
    1    0.042   0.0174      -75     0.464        0        0    0.0635 scintillator initStep
    2    0.069  -0.0214      -75     0.454   0.0105    0.061     0.125 scintillator msc
    3   0.0643  -0.0959      -75     0.336    0.118    0.195     0.319 scintillator eIoni

*********************************************************************************************************
* G4Track Information:   Particle = opticalphoton,   Track ID = 19,   Parent ID = 2
*********************************************************************************************************

Step#    X(mm)    Y(mm)    Z(mm) KinE(MeV)  dE(MeV) StepLeng TrackLeng  NextVolume ProcName
    0   0.0672  -0.0501      -75  7.02e-06        0        0         0 scintillator initStep
    1    -20.4    -58.9     -113  7.02e-06        0       73        73     housing Transportation
    2    -20.4    -58.9     -113  7.02e-06        0        0        73 scintillator Transportation
    3    -30.2    -86.8    -94.9  7.02e-06 7.02e-06     34.7       108 scintillator OpAbsorption

*********************************************************************************************************
* G4Track Information:   Particle = opticalphoton,   Track ID = 18,   Parent ID = 2
*********************************************************************************************************

Step#    X(mm)    Y(mm)    Z(mm) KinE(MeV)  dE(MeV) StepLeng TrackLeng  NextVolume ProcName
    0   0.0661  -0.0668      -75  7.07e-06        0        0         0 scintillator initStep
    1     49.1     30.7     44.9  7.07e-06        0      133       133      sphere Transportation
    2     49.1     30.7     44.9  7.07e-06        0        0       133 scintillator Transportation
    3     82.5    -39.3      113  7.07e-06        0      103       236     housing Transportation
    4     82.5    -39.3      113  7.07e-06        0        0       236 scintillator Transportation
    5       89      -53     99.7  7.07e-06        0     20.2       257     housing Transportation
    6       89      -53     99.7  7.07e-06        0        0       257 scintillator Transportation
    7     71.8      -89     64.6  7.07e-06        0     53.1       310     housing Transportation
    8     71.8      -89     64.6  7.07e-06        0        0       310 scintillator Transportation
    9     -7.4       77    -96.9  7.07e-06 7.07e-06      245       554 scintillator OpAbsorption

*********************************************************************************************************
* G4Track Information:   Particle = opticalphoton,   Track ID = 17,   Parent ID = 2
*********************************************************************************************************

Step#    X(mm)    Y(mm)    Z(mm) KinE(MeV)  dE(MeV) StepLeng TrackLeng  NextVolume ProcName
    0   0.0682  -0.0334      -75  7.08e-06        0        0         0 scintillator initStep
    1       89     79.4    -35.7  7.08e-06        0      126       126     housing Transportation
    2       89     79.4    -35.7  7.08e-06        0        0       126 scintillator Transportation
    3     78.3       89      -31  7.08e-06        0     15.1       141     housing Transportation
    4     78.3       89      -31  7.08e-06        0        0       141 scintillator Transportation
    5      -89    -60.4     42.9  7.08e-06        0      236       377     housing Transportation
    6      -89    -60.4     42.9  7.08e-06        0        0       377 scintillator Transportation
    7    -80.5      -68     46.7  7.08e-06 7.08e-06       12       389 scintillator OpAbsorption

*********************************************************************************************************
* G4Track Information:   Particle = opticalphoton,   Track ID = 16,   Parent ID = 2
*********************************************************************************************************

Step#    X(mm)    Y(mm)    Z(mm) KinE(MeV)  dE(MeV) StepLeng TrackLeng  NextVolume ProcName
    0   0.0671  -0.0513      -75  7.02e-06        0        0         0 scintillator initStep
    1      -89     17.8      112  7.02e-06        0      208       208     housing Transportation
    2      -89     17.8      112  7.02e-06        0        0       208 scintillator Transportation
    3    -88.4       18      113  7.02e-06        0      1.3       209     housing Transportation
    4    -88.4       18      113  7.02e-06        0        0       209 scintillator Transportation
    5    -1.22     35.5      -70  7.02e-06 7.02e-06      203       413 scintillator OpAbsorption

*********************************************************************************************************
* G4Track Information:   Particle = opticalphoton,   Track ID = 15,   Parent ID = 2
*********************************************************************************************************

Step#    X(mm)    Y(mm)    Z(mm) KinE(MeV)  dE(MeV) StepLeng TrackLeng  NextVolume ProcName
    0    0.067  -0.0527      -75  7.05e-06        0        0         0 scintillator initStep
    1       89     38.7    -95.3  7.05e-06        0     99.1      99.1         pmt Transportation
    2     89.3     38.9    -95.4  7.05e-06        0    0.356      99.5   photocath Transportation
    3     89.3     38.9    -95.4  7.05e-06        0        0      99.5         pmt Transportation
    4       89       39    -95.5  7.05e-06        0    0.356      99.8 scintillator Transportation
    5     12.1     72.5     -113  7.05e-06        0     85.7       185     housing Transportation
    6     12.1     72.5     -113  7.05e-06        0        0       185 scintillator Transportation
    7    -25.6       89     -104  7.05e-06        0     42.1       228     housing Transportation
    8    -25.6       89     -104  7.05e-06        0        0       228 scintillator Transportation
    9      -89     61.4    -89.9  7.05e-06        0     70.7       298         pmt Transportation
   10    -89.3     61.2    -89.8  7.05e-06 7.05e-06    0.356       299   photocath Transportation

*********************************************************************************************************
* G4Track Information:   Particle = opticalphoton,   Track ID = 14,   Parent ID = 2
*********************************************************************************************************

Step#    X(mm)    Y(mm)    Z(mm) KinE(MeV)  dE(MeV) StepLeng TrackLeng  NextVolume ProcName
    0   0.0672  -0.0492      -75  7.06e-06        0        0         0 scintillator initStep
    1    -86.3       89    -71.7  7.06e-06        0      124       124     housing Transportation
    2    -86.3       89    -71.7  7.06e-06        0        0       124 scintillator Transportation
    3      -89     86.2    -71.6  7.06e-06        0      3.9       128     housing Transportation
    4      -89     86.2    -71.6  7.06e-06        0        0       128 scintillator Transportation
    5     80.9      -89      -65  7.06e-06        0      244       372     housing Transportation
    6     80.9      -89      -65  7.06e-06        0        0       372 scintillator Transportation
    7       89    -80.6    -64.7  7.06e-06        0     11.6       384     housing Transportation
    8       89    -80.6    -64.7  7.06e-06        0        0       384 scintillator Transportation
    9    -75.5       89    -58.3  7.06e-06        0      236       620     housing Transportation
   10    -75.5       89    -58.3  7.06e-06        0        0       620 scintillator Transportation
   11      -89     75.1    -57.8  7.06e-06        0     19.4       640     housing Transportation
   12      -89     75.1    -57.8  7.06e-06        0        0       640 scintillator Transportation
   13    -73.7     59.3    -57.2  7.06e-06 7.06e-06       22       662 scintillator OpAbsorption

*********************************************************************************************************
* G4Track Information:   Particle = opticalphoton,   Track ID = 13,   Parent ID = 2
*********************************************************************************************************

Step#    X(mm)    Y(mm)    Z(mm) KinE(MeV)  dE(MeV) StepLeng TrackLeng  NextVolume ProcName
    0   0.0663   -0.064      -75  7.11e-06        0        0         0 scintillator initStep
    1      -18     1.74     -105  7.11e-06 7.11e-06     34.7      34.7 scintillator OpAbsorption

*********************************************************************************************************
* G4Track Information:   Particle = opticalphoton,   Track ID = 12,   Parent ID = 2
*********************************************************************************************************

Step#    X(mm)    Y(mm)    Z(mm) KinE(MeV)  dE(MeV) StepLeng TrackLeng  NextVolume ProcName
    0   0.0644  -0.0943      -75  7.05e-06        0        0         0 scintillator initStep
    1     6.95     48.7    -39.9  7.05e-06 7.05e-06     60.5      60.5 scintillator OpAbsorption

*********************************************************************************************************
* G4Track Information:   Particle = opticalphoton,   Track ID = 11,   Parent ID = 2
*********************************************************************************************************

Step#    X(mm)    Y(mm)    Z(mm) KinE(MeV)  dE(MeV) StepLeng TrackLeng  NextVolume ProcName
    0   0.0652   -0.082      -75  7.01e-06        0        0         0 scintillator initStep
    1     9.26    -6.19     -113  7.01e-06        0     39.6      39.6     housing Transportation
    2     9.26    -6.19     -113  7.01e-06        0        0      39.6 scintillator Transportation
    3       64    -42.5      113  7.01e-06        0      235       275         pmt Transportation
    4       64    -42.6      113  7.01e-06 7.01e-06    0.332       275   photocath Transportation

*********************************************************************************************************
* G4Track Information:   Particle = opticalphoton,   Track ID = 10,   Parent ID = 2
*********************************************************************************************************

Step#    X(mm)    Y(mm)    Z(mm) KinE(MeV)  dE(MeV) StepLeng TrackLeng  NextVolume ProcName
    0   0.0685  -0.0285      -75  7.01e-06        0        0         0 scintillator initStep
    1    -24.4    -1.51     -113  7.01e-06        0     45.2      45.2     housing Transportation
    2    -24.4    -1.51     -113  7.01e-06        0        0      45.2 scintillator Transportation
    3    -73.9    -4.51      -36  7.01e-06 7.01e-06     91.6       137 scintillator OpAbsorption

*********************************************************************************************************
* G4Track Information:   Particle = opticalphoton,   Track ID = 9,   Parent ID = 2
*********************************************************************************************************

Step#    X(mm)    Y(mm)    Z(mm) KinE(MeV)  dE(MeV) StepLeng TrackLeng  NextVolume ProcName
    0   0.0667  -0.0573      -75  7.06e-06        0        0         0 scintillator initStep
    1       89     44.2       16  7.06e-06        0      135       135         pmt Transportation
    2     89.3     44.4     16.3  7.06e-06 7.06e-06    0.496       135   photocath Transportation

*********************************************************************************************************
* G4Track Information:   Particle = e-,   Track ID = 2,   Parent ID = 1
*********************************************************************************************************

Step#    X(mm)    Y(mm)    Z(mm) KinE(MeV)  dE(MeV) StepLeng TrackLeng  NextVolume ProcName
    3   0.0643  -0.0959      -75     0.336        0        0     0.319 scintillator initStep
    4    0.037   -0.116      -75     0.322   0.0136   0.0375     0.357 scintillator msc

*********************************************************************************************************
* G4Track Information:   Particle = opticalphoton,   Track ID = 23,   Parent ID = 2
*********************************************************************************************************

Step#    X(mm)    Y(mm)    Z(mm) KinE(MeV)  dE(MeV) StepLeng TrackLeng  NextVolume ProcName
    0   0.0445    -0.11      -75  7.11e-06        0        0         0 scintillator initStep
    1       89    -13.4    -80.8  7.11e-06        0     90.1      90.1     housing Transportation
    2       89    -13.4    -80.8  7.11e-06        0        0      90.1 scintillator Transportation
    3      -89      -40    -92.3  7.11e-06        0      180       270         pmt Transportation
    4    -89.3    -40.1    -92.3  7.11e-06 7.11e-06    0.322       271   photocath Transportation

*********************************************************************************************************
* G4Track Information:   Particle = opticalphoton,   Track ID = 22,   Parent ID = 2
*********************************************************************************************************

Step#    X(mm)    Y(mm)    Z(mm) KinE(MeV)  dE(MeV) StepLeng TrackLeng  NextVolume ProcName
    0   0.0402   -0.113      -75  7.14e-06        0        0         0 scintillator initStep
    1    -26.4    -1.35     -113  7.14e-06        0     46.3      46.3     housing Transportation
    2    -26.4    -1.35     -113  7.14e-06        0        0      46.3 scintillator Transportation
    3      -89    -4.28    -23.1  7.14e-06        0      110       156     housing Transportation
    4      -89    -4.28    -23.1  7.14e-06        0        0       156 scintillator Transportation
    5    -66.2    -5.35     9.64  7.14e-06 7.14e-06     39.9       196 scintillator OpAbsorption

*********************************************************************************************************
* G4Track Information:   Particle = opticalphoton,   Track ID = 21,   Parent ID = 2
*********************************************************************************************************

Step#    X(mm)    Y(mm)    Z(mm) KinE(MeV)  dE(MeV) StepLeng TrackLeng  NextVolume ProcName
    0   0.0375   -0.115      -75   7.1e-06        0        0         0 scintillator initStep
    1    0.273    0.316    -77.7   7.1e-06  7.1e-06     2.79      2.79 scintillator OpAbsorption

*********************************************************************************************************
* G4Track Information:   Particle = opticalphoton,   Track ID = 20,   Parent ID = 2
*********************************************************************************************************

Step#    X(mm)    Y(mm)    Z(mm) KinE(MeV)  dE(MeV) StepLeng TrackLeng  NextVolume ProcName
    0   0.0499   -0.106      -75  7.13e-06        0        0         0 scintillator initStep
    1     12.5    -23.3     -110  7.13e-06 7.13e-06     43.5      43.5 scintillator OpAbsorption

*********************************************************************************************************
* G4Track Information:   Particle = e-,   Track ID = 2,   Parent ID = 1
*********************************************************************************************************

Step#    X(mm)    Y(mm)    Z(mm) KinE(MeV)  dE(MeV) StepLeng TrackLeng  NextVolume ProcName
    4    0.037   -0.116      -75     0.322        0        0     0.357 scintillator initStep
    5   0.0241   -0.139      -75     0.305   0.0175   0.0352     0.392 scintillator msc

*********************************************************************************************************
* G4Track Information:   Particle = opticalphoton,   Track ID = 25,   Parent ID = 2
*********************************************************************************************************

Step#    X(mm)    Y(mm)    Z(mm) KinE(MeV)  dE(MeV) StepLeng TrackLeng  NextVolume ProcName
    0   0.0341   -0.121      -75  7.11e-06        0        0         0 scintillator initStep
    1    -1.66     33.2     -113  7.11e-06        0     50.5      50.5     housing Transportation
    2    -1.66     33.2     -113  7.11e-06        0        0      50.5 scintillator Transportation
    3    -4.51       89    -49.2  7.11e-06        0     84.8       135     housing Transportation
    4    -4.51       89    -49.2  7.11e-06        0        0       135 scintillator Transportation
    5    -5.29     73.6    -31.7  7.11e-06 7.11e-06     23.3       159 scintillator OpAbsorption

*********************************************************************************************************
* G4Track Information:   Particle = opticalphoton,   Track ID = 24,   Parent ID = 2
*********************************************************************************************************

Step#    X(mm)    Y(mm)    Z(mm) KinE(MeV)  dE(MeV) StepLeng TrackLeng  NextVolume ProcName
    0   0.0264   -0.135      -75  7.06e-06        0        0         0 scintillator initStep
    1      -89     44.9     90.1  7.06e-06        0      193       193         pmt Transportation
    2    -89.3     45.1     90.8  7.06e-06 7.06e-06    0.757       194   photocath Transportation

*********************************************************************************************************
* G4Track Information:   Particle = e-,   Track ID = 2,   Parent ID = 1
*********************************************************************************************************

Step#    X(mm)    Y(mm)    Z(mm) KinE(MeV)  dE(MeV) StepLeng TrackLeng  NextVolume ProcName
    5   0.0241   -0.139      -75     0.305        0        0     0.392 scintillator initStep
    6   0.0113    -0.15      -75     0.298  0.00684   0.0323     0.424 scintillator msc
    7 -0.00965   -0.184    -75.1      0.25   0.0475    0.114     0.538 scintillator eIoni

*********************************************************************************************************
* G4Track Information:   Particle = opticalphoton,   Track ID = 27,   Parent ID = 2
*********************************************************************************************************

Step#    X(mm)    Y(mm)    Z(mm) KinE(MeV)  dE(MeV) StepLeng TrackLeng  NextVolume ProcName
    0   0.0102   -0.152      -75  7.05e-06        0        0         0 scintillator initStep
    1     48.2    -61.8     -113  7.05e-06        0       87        87         pmt Transportation
    2     48.7    -62.4     -113  7.05e-06 7.05e-06    0.819      87.8   photocath Transportation

*********************************************************************************************************
* G4Track Information:   Particle = opticalphoton,   Track ID = 26,   Parent ID = 2
*********************************************************************************************************

Step#    X(mm)    Y(mm)    Z(mm) KinE(MeV)  dE(MeV) StepLeng TrackLeng  NextVolume ProcName
    0 -0.00127   -0.171    -75.1  7.09e-06        0        0         0 scintillator initStep
    1     27.9      -24      113  7.09e-06        0      192       192     housing Transportation
    2     27.9      -24      113  7.09e-06        0        0       192 scintillator Transportation
    3     53.4    -45.8    -58.5  7.09e-06 7.09e-06      175       366 scintillator OpAbsorption

*********************************************************************************************************
* G4Track Information:   Particle = e-,   Track ID = 2,   Parent ID = 1
*********************************************************************************************************

Step#    X(mm)    Y(mm)    Z(mm) KinE(MeV)  dE(MeV) StepLeng TrackLeng  NextVolume ProcName
    7 -0.00965   -0.184    -75.1      0.25        0        0     0.538 scintillator initStep
    8   -0.026   -0.175    -75.1     0.245  0.00542   0.0239     0.562 scintillator msc

*********************************************************************************************************
* G4Track Information:   Particle = opticalphoton,   Track ID = 28,   Parent ID = 2
*********************************************************************************************************

Step#    X(mm)    Y(mm)    Z(mm) KinE(MeV)  dE(MeV) StepLeng TrackLeng  NextVolume ProcName
    0  -0.0134   -0.182    -75.1  7.05e-06        0        0         0 scintillator initStep
    1    -34.2      -89     63.6  7.05e-06        0      168       168         pmt Transportation
    2    -34.3    -89.3     64.1  7.05e-06 7.05e-06    0.645       169   photocath Transportation

*********************************************************************************************************
* G4Track Information:   Particle = e-,   Track ID = 2,   Parent ID = 1
*********************************************************************************************************

Step#    X(mm)    Y(mm)    Z(mm) KinE(MeV)  dE(MeV) StepLeng TrackLeng  NextVolume ProcName
    8   -0.026   -0.175    -75.1     0.245        0        0     0.562 scintillator initStep
    9  -0.0446   -0.177      -75     0.242  0.00328   0.0231     0.585 scintillator msc
   10  -0.0601   -0.196      -75     0.209   0.0326   0.0874     0.672 scintillator eIoni

*********************************************************************************************************
* G4Track Information:   Particle = opticalphoton,   Track ID = 34,   Parent ID = 2
*********************************************************************************************************

Step#    X(mm)    Y(mm)    Z(mm) KinE(MeV)  dE(MeV) StepLeng TrackLeng  NextVolume ProcName
    0   -0.052   -0.186      -75  7.06e-06        0        0         0 scintillator initStep
    1     27.7    -21.5     -113  7.06e-06        0     51.6      51.6     housing Transportation
    2     27.7    -21.5     -113  7.06e-06        0        0      51.6 scintillator Transportation
    3       89    -68.7    -29.1  7.06e-06        0      114       166     housing Transportation
    4       89    -68.7    -29.1  7.06e-06        0        0       166 scintillator Transportation
    5     62.6      -89     7.03  7.06e-06        0     49.2       215         pmt Transportation
    6     62.1    -89.3     7.68  7.06e-06 7.06e-06    0.869       216   photocath Transportation

*********************************************************************************************************
* G4Track Information:   Particle = opticalphoton,   Track ID = 33,   Parent ID = 2
*********************************************************************************************************

Step#    X(mm)    Y(mm)    Z(mm) KinE(MeV)  dE(MeV) StepLeng TrackLeng  NextVolume ProcName
    0  -0.0471    -0.18      -75  7.07e-06        0        0         0 scintillator initStep
    1     63.1       89     66.8  7.07e-06        0      179       179         pmt Transportation
    2     63.3     89.3     67.4  7.07e-06 7.07e-06    0.681       180   photocath Transportation

*********************************************************************************************************
* G4Track Information:   Particle = opticalphoton,   Track ID = 32,   Parent ID = 2
*********************************************************************************************************

Step#    X(mm)    Y(mm)    Z(mm) KinE(MeV)  dE(MeV) StepLeng TrackLeng  NextVolume ProcName
    0  -0.0595   -0.195      -75  7.01e-06        0        0         0 scintillator initStep
    1     10.3     19.2     -113  7.01e-06        0     43.9      43.9     housing Transportation
    2     10.3     19.2     -113  7.01e-06        0        0      43.9 scintillator Transportation
    3     47.5       89     23.8  7.01e-06        0      158       202     housing Transportation
    4     47.5       89     23.8  7.01e-06        0        0       202 scintillator Transportation
    5     71.8     43.5      113  7.01e-06        0      103       305     housing Transportation
    6     71.8     43.5      113  7.01e-06        0        0       305 scintillator Transportation
    7     78.1     31.6     89.8  7.01e-06 7.01e-06     26.8       332 scintillator OpAbsorption

*********************************************************************************************************
* G4Track Information:   Particle = opticalphoton,   Track ID = 31,   Parent ID = 2
*********************************************************************************************************

Step#    X(mm)    Y(mm)    Z(mm) KinE(MeV)  dE(MeV) StepLeng TrackLeng  NextVolume ProcName
    0  -0.0525   -0.187      -75  7.09e-06        0        0         0 scintillator initStep
    1      -89    -48.1    -51.5  7.09e-06        0      104       104     housing Transportation
    2      -89    -48.1    -51.5  7.09e-06        0        0       104 scintillator Transportation
    3      -13      -89    -31.4  7.09e-06        0     88.6       192     housing Transportation
    4      -13      -89    -31.4  7.09e-06        0        0       192 scintillator Transportation
    5       89    -34.1    -4.35  7.09e-06        0      119       311         pmt Transportation
    6     89.3    -33.9    -4.26  7.09e-06        0    0.372       312   photocath Transportation
    7     89.3    -33.9    -4.26  7.09e-06        0        0       312         pmt Transportation
    8       89    -33.7    -4.18  7.09e-06        0    0.372       312 scintillator Transportation
    9      9.4     9.13     16.9  7.09e-06 7.09e-06     92.8       405 scintillator OpAbsorption

*********************************************************************************************************
* G4Track Information:   Particle = opticalphoton,   Track ID = 30,   Parent ID = 2
*********************************************************************************************************

Step#    X(mm)    Y(mm)    Z(mm) KinE(MeV)  dE(MeV) StepLeng TrackLeng  NextVolume ProcName
    0  -0.0473    -0.18      -75  7.02e-06        0        0         0 scintillator initStep
    1    -6.11     1.44    -85.5  7.02e-06 7.02e-06     12.2      12.2 scintillator OpAbsorption

*********************************************************************************************************
* G4Track Information:   Particle = opticalphoton,   Track ID = 29,   Parent ID = 2
*********************************************************************************************************

Step#    X(mm)    Y(mm)    Z(mm) KinE(MeV)  dE(MeV) StepLeng TrackLeng  NextVolume ProcName
    0  -0.0505   -0.184      -75  7.06e-06        0        0         0 scintillator initStep
    1      -89    -30.3    0.616  7.06e-06        0      121       121         pmt Transportation
    2    -89.3    -30.4    0.897  7.06e-06 7.06e-06    0.439       121   photocath Transportation

*********************************************************************************************************
* G4Track Information:   Particle = e-,   Track ID = 2,   Parent ID = 1
*********************************************************************************************************

Step#    X(mm)    Y(mm)    Z(mm) KinE(MeV)  dE(MeV) StepLeng TrackLeng  NextVolume ProcName
   10  -0.0601   -0.196      -75     0.209        0        0     0.672 scintillator initStep
   11  -0.0569   -0.202      -75     0.192   0.0169   0.0181      0.69 scintillator msc

*********************************************************************************************************
* G4Track Information:   Particle = opticalphoton,   Track ID = 35,   Parent ID = 2
*********************************************************************************************************

Step#    X(mm)    Y(mm)    Z(mm) KinE(MeV)  dE(MeV) StepLeng TrackLeng  NextVolume ProcName
    0  -0.0571   -0.201      -75   7.1e-06        0        0         0 scintillator initStep
    1    -1.28     13.3    -69.7   7.1e-06  7.1e-06     14.6      14.6 scintillator OpAbsorption

*********************************************************************************************************
* G4Track Information:   Particle = e-,   Track ID = 2,   Parent ID = 1
*********************************************************************************************************

Step#    X(mm)    Y(mm)    Z(mm) KinE(MeV)  dE(MeV) StepLeng TrackLeng  NextVolume ProcName
   11  -0.0569   -0.202      -75     0.192        0        0      0.69 scintillator initStep
   12  -0.0531   -0.211      -75     0.184  0.00763   0.0158     0.706 scintillator msc
   13  -0.0514   -0.232      -75     0.162   0.0219   0.0455     0.752 scintillator Cerenkov

*********************************************************************************************************
* G4Track Information:   Particle = opticalphoton,   Track ID = 38,   Parent ID = 2
*********************************************************************************************************

Step#    X(mm)    Y(mm)    Z(mm) KinE(MeV)  dE(MeV) StepLeng TrackLeng  NextVolume ProcName
    0   -0.052   -0.224      -75  7.09e-06        0        0         0 scintillator initStep
    1     3.76     -1.1     -113  7.09e-06        0     38.2      38.2     housing Transportation
    2     3.76     -1.1     -113  7.09e-06        0        0      38.2 scintillator Transportation
    3       26    -6.18      108  7.09e-06 7.09e-06      222       261 scintillator OpAbsorption

*********************************************************************************************************
* G4Track Information:   Particle = opticalphoton,   Track ID = 37,   Parent ID = 2
*********************************************************************************************************

Step#    X(mm)    Y(mm)    Z(mm) KinE(MeV)  dE(MeV) StepLeng TrackLeng  NextVolume ProcName
    0  -0.0525   -0.219      -75     7e-06        0        0         0 scintillator initStep
    1    -1.89   -0.746     -113     7e-06        0     38.1      38.1     housing Transportation
    2    -1.89   -0.746     -113     7e-06        0        0      38.1 scintillator Transportation
    3    -12.8    -3.88      113     7e-06        0      226       264     housing Transportation
    4    -12.8    -3.88      113     7e-06        0        0       264 scintillator Transportation
    5    -23.7    -7.02     -113     7e-06        0      226       491     housing Transportation
    6    -23.7    -7.02     -113     7e-06        0        0       491 scintillator Transportation
    7    -34.7    -10.2      113     7e-06        0      226       717     housing Transportation
    8    -34.7    -10.2      113     7e-06        0        0       717 scintillator Transportation
    9    -35.8    -10.5     90.2     7e-06    7e-06     22.9       740 scintillator OpAbsorption

*********************************************************************************************************
* G4Track Information:   Particle = opticalphoton,   Track ID = 36,   Parent ID = 2
*********************************************************************************************************

Step#    X(mm)    Y(mm)    Z(mm) KinE(MeV)  dE(MeV) StepLeng TrackLeng  NextVolume ProcName
    0  -0.0522   -0.222      -75  7.02e-06        0        0         0 scintillator initStep
    1     45.6     12.4    -68.3  7.02e-06 7.02e-06     47.8      47.8 scintillator OpAbsorption

*********************************************************************************************************
* G4Track Information:   Particle = e-,   Track ID = 2,   Parent ID = 1
*********************************************************************************************************

Step#    X(mm)    Y(mm)    Z(mm) KinE(MeV)  dE(MeV) StepLeng TrackLeng  NextVolume ProcName
   13  -0.0514   -0.232      -75     0.162        0        0     0.752 scintillator initStep
   14  -0.0501   -0.234      -75     0.162 0.000831  0.00286     0.755 scintillator Cerenkov
   15  -0.0493   -0.234      -75     0.157   0.0042  0.00129     0.756 scintillator Cerenkov
   16  -0.0372   -0.241      -75     0.128   0.0294   0.0524     0.808 scintillator eIoni
   17  -0.0505   -0.236      -75    0.0928   0.0352   0.0418      0.85 scintillator eIoni

*********************************************************************************************************
* G4Track Information:   Particle = opticalphoton,   Track ID = 42,   Parent ID = 2
*********************************************************************************************************

Step#    X(mm)    Y(mm)    Z(mm) KinE(MeV)  dE(MeV) StepLeng TrackLeng  NextVolume ProcName
    0   -0.041   -0.239      -75   7.1e-06        0        0         0 scintillator initStep
    1       26       89     19.5   7.1e-06        0      133       133     housing Transportation
    2       26       89     19.5   7.1e-06        0        0       133 scintillator Transportation
    3     33.9     61.8     48.4   7.1e-06        0     40.4       173      sphere Transportation
    4     33.9     61.8     48.4   7.1e-06        0        0       173 scintillator Transportation
    5      -49     66.9      113   7.1e-06        0      105       278         pmt Transportation
    6    -49.4     66.9      113   7.1e-06  7.1e-06    0.528       279   photocath Transportation

*********************************************************************************************************
* G4Track Information:   Particle = opticalphoton,   Track ID = 41,   Parent ID = 2
*********************************************************************************************************

Step#    X(mm)    Y(mm)    Z(mm) KinE(MeV)  dE(MeV) StepLeng TrackLeng  NextVolume ProcName
    0  -0.0418   -0.239      -75  7.05e-06        0        0         0 scintillator initStep
    1       89     41.4     -112  7.05e-06        0      105       105     housing Transportation
    2       89     41.4     -112  7.05e-06        0        0       105 scintillator Transportation
    3     85.9     42.9     -113  7.05e-06        0     3.68       109     housing Transportation
    4     85.9     42.9     -113  7.05e-06        0        0       109 scintillator Transportation
    5     24.3     71.7    -87.6  7.05e-06 7.05e-06     72.5       181 scintillator OpAbsorption

*********************************************************************************************************
* G4Track Information:   Particle = opticalphoton,   Track ID = 40,   Parent ID = 2
*********************************************************************************************************

Step#    X(mm)    Y(mm)    Z(mm) KinE(MeV)  dE(MeV) StepLeng TrackLeng  NextVolume ProcName
    0  -0.0392    -0.24      -75  7.11e-06        0        0         0 scintillator initStep
    1      -62     78.2    -17.1  7.11e-06 7.11e-06      116       116 scintillator OpAbsorption

*********************************************************************************************************
* G4Track Information:   Particle = opticalphoton,   Track ID = 39,   Parent ID = 2
*********************************************************************************************************

Step#    X(mm)    Y(mm)    Z(mm) KinE(MeV)  dE(MeV) StepLeng TrackLeng  NextVolume ProcName
    0  -0.0479   -0.237      -75  7.05e-06        0        0         0 scintillator initStep
    1       28     31.5     -113  7.05e-06        0     56.9      56.9         pmt Transportation
    2     28.2     31.8     -113  7.05e-06        0    0.491      57.4   photocath Transportation
    3     28.2     31.8     -113  7.05e-06        0        0      57.4         pmt Transportation
    4     28.5       32     -113  7.05e-06        0    0.491      57.9 scintillator Transportation
    5     78.8       89    -44.8  7.05e-06        0      102       160     housing Transportation
    6     78.8       89    -44.8  7.05e-06        0        0       160 scintillator Transportation
    7       89     77.5      -31  7.05e-06        0     20.6       181     housing Transportation
    8       89     77.5      -31  7.05e-06        0        0       181 scintillator Transportation
    9    -17.3    -42.7      113  7.05e-06        0      216       396     housing Transportation
   10    -17.3    -42.7      113  7.05e-06        0        0       396 scintillator Transportation
   11    -58.2      -89     57.5  7.05e-06        0     83.1       479         pmt Transportation
   12    -58.5    -89.3     57.1  7.05e-06 7.05e-06    0.604       480   photocath Transportation

*********************************************************************************************************
* G4Track Information:   Particle = e-,   Track ID = 2,   Parent ID = 1
*********************************************************************************************************

Step#    X(mm)    Y(mm)    Z(mm) KinE(MeV)  dE(MeV) StepLeng TrackLeng  NextVolume ProcName
   17  -0.0505   -0.236      -75    0.0928        0        0      0.85 scintillator initStep
   18  -0.0542   -0.235      -75    0.0916  0.00116  0.00493     0.855 scintillator msc
   19    -0.06    -0.23      -75    0.0668   0.0247   0.0302     0.885 scintillator eIoni

*********************************************************************************************************
* G4Track Information:   Particle = opticalphoton,   Track ID = 43,   Parent ID = 2
*********************************************************************************************************

Step#    X(mm)    Y(mm)    Z(mm) KinE(MeV)  dE(MeV) StepLeng TrackLeng  NextVolume ProcName
    0  -0.0571   -0.232      -75  7.04e-06        0        0         0 scintillator initStep
    1    -5.94    -22.4     12.8  7.04e-06 7.04e-06     90.7      90.7 scintillator OpAbsorption

*********************************************************************************************************
* G4Track Information:   Particle = e-,   Track ID = 2,   Parent ID = 1
*********************************************************************************************************

Step#    X(mm)    Y(mm)    Z(mm) KinE(MeV)  dE(MeV) StepLeng TrackLeng  NextVolume ProcName
   19    -0.06    -0.23      -75    0.0668        0        0     0.885 scintillator initStep
   20  -0.0578   -0.229      -75    0.0646  0.00221  0.00289     0.888 scintillator msc
   21  -0.0536   -0.226      -75    0.0539   0.0107   0.0227     0.911 scintillator eIoni

*********************************************************************************************************
* G4Track Information:   Particle = opticalphoton,   Track ID = 44,   Parent ID = 2
*********************************************************************************************************

Step#    X(mm)    Y(mm)    Z(mm) KinE(MeV)  dE(MeV) StepLeng TrackLeng  NextVolume ProcName
    0  -0.0572   -0.228      -75  7.12e-06        0        0         0 scintillator initStep
    1     29.7     17.4     -113  7.12e-06        0     51.3      51.3     housing Transportation
    2     29.7     17.4     -113  7.12e-06        0        0      51.3 scintillator Transportation
    3       89     52.5    -37.1  7.12e-06        0      103       154     housing Transportation
    4       89     52.5    -37.1  7.12e-06        0        0       154 scintillator Transportation
    5     27.3       89     41.8  7.12e-06        0      107       261     housing Transportation
    6     27.3       89     41.8  7.12e-06        0        0       261 scintillator Transportation
    7     8.44     77.9     65.9  7.12e-06 7.12e-06     32.5       293 scintillator OpAbsorption

*********************************************************************************************************
* G4Track Information:   Particle = e-,   Track ID = 2,   Parent ID = 1
*********************************************************************************************************

Step#    X(mm)    Y(mm)    Z(mm) KinE(MeV)  dE(MeV) StepLeng TrackLeng  NextVolume ProcName
   21  -0.0536   -0.226      -75    0.0539        0        0     0.911 scintillator initStep
   22  -0.0547   -0.226      -75    0.0533 0.000591  0.00203     0.913 scintillator msc
   23  -0.0557   -0.225      -75    0.0349   0.0185   0.0196     0.932 scintillator eIoni
   24  -0.0541   -0.224      -75    0.0101   0.0248   0.0137     0.946 scintillator eIoni

*********************************************************************************************************
* G4Track Information:   Particle = opticalphoton,   Track ID = 45,   Parent ID = 2
*********************************************************************************************************

Step#    X(mm)    Y(mm)    Z(mm) KinE(MeV)  dE(MeV) StepLeng TrackLeng  NextVolume ProcName
    0  -0.0543   -0.225      -75   7.1e-06        0        0         0 scintillator initStep
    1       89    -75.1     6.32   7.1e-06        0      142       142     housing Transportation
    2       89    -75.1     6.32   7.1e-06        0        0       142 scintillator Transportation
    3     76.4    -85.7     17.8   7.1e-06  7.1e-06     20.1       162 scintillator OpAbsorption

*********************************************************************************************************
* G4Track Information:   Particle = e-,   Track ID = 2,   Parent ID = 1
*********************************************************************************************************

Step#    X(mm)    Y(mm)    Z(mm) KinE(MeV)  dE(MeV) StepLeng TrackLeng  NextVolume ProcName
   24  -0.0541   -0.224      -75    0.0101        0        0     0.946 scintillator initStep
   25  -0.0542   -0.224      -75   0.00998 0.000148  0.00014     0.946 scintillator msc
   26  -0.0544   -0.225      -75         0  0.00998  0.00185     0.948 scintillator eIoni
   27  -0.0544   -0.225      -75         0        0        0     0.948 scintillator NoProcess
	Energy weighted position of hits in LXe : (-0.00811472691401441,-0.1508303819537967,-75.16914648857123)
	Total energy deposition in scintillator : 511.1978517544584 (keV)
	Reconstructed position of hits in LXe : (-20.61173076923077,-17.16423076923077,29.02320512820513)
	Number of photons that hit PMTs in this event : 13
	Number of PMTs above threshold(4) : 0
	Number of photons produced by scintillation in this event : 40
	Number of photons produced by cerenkov in this event : 1
	Number of photons absorbed (OpAbsorption) in this event : 28
	Number of photons absorbed at boundaries (OpBoundary) in this event : 0
Unaccounted for photons in this event : 0
"./currentEvent.rndm" is copied to "./run2evt0.rndm Run terminated.
Run Summary
  Number of events processed : 1
  User=0.000000s Real=0.001869s Sys=0.000000s

 ======================== run summary ======================
The run was 1 events.
Number of hits per event:	 13 +- 0
Number of hits per event above threshold:	 0 +- 0
Number of scintillation photons per event :	 40 +- 0
Number of Cerenkov photons per event:	 1 +- 0
Number of absorbed photons per event :	 28 +- 0
Number of photons absorbed at boundary per event:	 0 +- 0
Total energy deposition in scintillator per event:	 511.2 +- 0 keV.

Graphics systems deleted.
Visualization Manager deleting...
================== Deleting memory pools ===================
Number of memory pools allocated: 15 of which, static: 0
Dynamic pools deleted: 15 / Total memory freed: 2.2 MB
============================================================
