Environment variable "G4FORCE_RUN_MANAGER_TYPE" enabled with value == Serial. Forcing G4RunManager type...

        ############################################
        !!! WARNING - FPE detection is activated !!!
        ############################################


          ################################
          !!! G4Backtrace is activated !!!
          ################################


**************************************************************
 Geant4 version Name: geant4-11-04-ref-08    (28-August-2026)
                       Copyright : Geant4 Collaboration
                      References : NIM A 506 (2003), 250-303
                                 : IEEE-TNS 53 (2006), 270-278
                                 : NIM A 835 (2016), 186-225
                             WWW : http://geant4.org/
**************************************************************

### G4PhysListFactory WARNING:  environment variable PHYSLIST is not defined
    Default Physics Lists FTFP_BERT is instantiated
G4PhysListFactory::GetReferencePhysList <FTFP_BERT>
<<< Geant4 Physics List simulation engine: FTFP_BERT



PrimaryGenerationAction::SetGunPosition() : gun position along z = -1100 mm 


DetectorConstruction::ConstructLayer() : 
	 World (box) size: 
	 	 x : -/+ 1200 mm 	 y : -/+ 1200 mm 	 z : -/+ 1200 mm 
	 Target layer (cylinder) size: 
	 	 x : -/+ 1000 mm 	 y : -/+ 1000 mm 	 z : -/+ 1000 mm 



 hInelastic FTFP_BERT : threshold between BERT and FTFP is over the interval 
 for pions :   3 to 6 GeV
 for kaons :   3 to 6 GeV
 for proton :  3 to 6 GeV
 for neutron : 3 to 6 GeV

### Adding tracking cuts for neutron  TimeCut(ns)= 10000  KinEnergyCut(MeV)= 0


 ------  DetectorConstruction::PrintParameters() ------ 
 Material         = G4_POLYSTYRENE
 Thickness        = 1000 mm
 Diameter         = 1000 mm
 ScoringThickness = 10 mm
 ------------------------------------------------------ 


PrimaryGenerationAction::SetGunPosition() : gun position along z = -550 mm 

Start re-initialization because 
  Geometry
has been modified since last Run.

DetectorConstruction::ConstructLayer() : 
	 World (box) size: 
	 	 x : -/+ 600 mm 	 y : -/+ 600 mm 	 z : -/+ 600 mm 
	 Target layer (cylinder) size: 
	 	 x : -/+ 500 mm 	 y : -/+ 500 mm 	 z : -/+ 500 mm 


=======================================================================
======                 Electromagnetic Physics Parameters      ========
=======================================================================
LPM effect enabled                                 1
Enable creation and use of sampling tables         0
Apply cuts on all EM processes                     0
Use combined TransportationWithMsc                 Disabled
Use general process                                1
Enable linear polarisation for gamma               0
Enable photoeffect sampling below K-shell          1
Enable sampling of quantum entanglement            0
X-section factor for integral approach             0.8
Min kinetic energy for tables                      100 eV 
Max kinetic energy for tables                      100 TeV
Number of bins per decade of a table               7
Verbose level                                      1
Verbose level for worker thread                    0
Bremsstrahlung energy threshold above which 
  primary e+- is added to the list of secondary    100 TeV
Bremsstrahlung energy threshold above which primary
  muon/hadron is added to the list of secondary    100 TeV
Positron annihilation at rest model                SimplePositronium
Enable 3 gamma annihilation on fly                 0
Lowest triplet kinetic energy                      1 MeV
Enable sampling of gamma linear polarisation       0
5D gamma conversion model type                     0
5D gamma conversion model on isolated ion          0
Use RiGe 5D e+e- pair production model by muons    0
Livermore data directory                           epics_2017
=======================================================================
======                 Ionisation Parameters                   ========
=======================================================================
Step function for e+-                              (0.2, 1 mm)
Step function for muons/hadrons                    (0.2, 0.1 mm)
Step function for light ions                       (0.2, 0.1 mm)
Step function for general ions                     (0.2, 0.1 mm)
Lowest e+e- kinetic energy                         1 keV
Lowest muon/hadron kinetic energy                  1 keV
Use ICRU90 data                                    0
Fluctuations of dE/dx are enabled                  1
Type of fluctuation model for leptons and hadrons  Urban
Use built-in Birks saturation                      0
Build CSDA range enabled                           0
Use cut as a final range enabled                   0
Enable angular generator interface                 0
Enable parallel initialisation of physics tables   0
Max kinetic energy for CSDA tables                 1 GeV
Max kinetic energy for NIEL computation            0 eV 
Linear loss limit                                  0.01
Read data from file for e+e- pair production by mu 0
=======================================================================
======                 Multiple Scattering Parameters          ========
=======================================================================
Type of msc step limit algorithm for e+-           1
Type of msc step limit algorithm for muons/hadrons 0
Msc lateral displacement for e+- enabled           1
Msc lateral displacement for muons and hadrons     0
Urban msc model lateral displacement alg96         1
Range factor for msc step limit for e+-            0.04
Range factor for msc step limit for muons/hadrons  0.2
Geometry factor for msc step limitation of e+-     2.5
Safety factor for msc step limit for e+-           0.6
Skin parameter for msc step limitation of e+-      1
Lambda limit for msc step limit for e+-            1 mm
Use Mott correction for e- scattering              0
Factor used for dynamic computation of angular 
  limit between single and multiple scattering     1
Fixed angular limit between single 
  and multiple scattering                          3.1416 rad
Upper energy limit for e+- multiple scattering     100 MeV
Type of electron single scattering model           0
Type of nuclear form-factor                        1
Screening factor                                   1
=======================================================================

phot:  for gamma SubType=12 BuildTable=0
      LambdaPrime table from 200 keV to 100 TeV in 61 bins 
      ===== EM models for the G4Region  DefaultRegionForTheWorld ======
 LivermorePhElectric : Emin=    0 eV  Emax=  100 TeV  SauterGavrila Fluo

compt:  for gamma SubType=13 BuildTable=1
      Lambda table from 100 eV  to 1 MeV, 7 bins/decade, spline: 1
      LambdaPrime table from 1 MeV to 100 TeV in 56 bins 
      ===== EM models for the G4Region  DefaultRegionForTheWorld ======
       Klein-Nishina : Emin=    0 eV  Emax=  100 TeV

conv:  for gamma SubType=14 BuildTable=1
      Lambda table from 1.022 MeV to 100 TeV, 18 bins/decade, spline: 1
      ===== EM models for the G4Region  DefaultRegionForTheWorld ======
     BetheHeitlerLPM : Emin=    0 eV  Emax=  100 TeV  ModifiedTsai

Rayl:  for gamma SubType=11 BuildTable=1
      Lambda table from 100 eV  to 150 keV, 7 bins/decade, spline: 0
      LambdaPrime table from 150 keV to 100 TeV in 62 bins 
      ===== EM models for the G4Region  DefaultRegionForTheWorld ======
   LivermoreRayleigh : Emin=    0 eV  Emax=  100 TeV  CullenGenerator

msc:  for e-  SubType= 10
      ===== EM models for the G4Region  DefaultRegionForTheWorld ======
            UrbanMsc : Emin=    0 eV  Emax=  100 MeV Nbins=42 100 eV  - 100 MeV
          StepLim=UseSafety Rfact=0.04 Gfact=2.5 Sfact=0.6 DispFlag:1 Skin=1 Llim=1 mm
        WentzelVIUni : Emin=  100 MeV Emax=  100 TeV Nbins=42 100 MeV - 100 TeV
          StepLim=UseSafety Rfact=0.04 Gfact=2.5 Sfact=0.6 DispFlag:1 Skin=1 Llim=1 mm

eIoni:  for e-  XStype:3  SubType=2
      dE/dx and range tables from 100 eV  to 100 TeV in 84 bins
      Lambda tables from threshold to 100 TeV, 7 bins/decade, spline: 1
      StepFunction=(0.2, 1 mm), integ: 3, fluct: 1, linLossLim= 0.01
      ===== EM models for the G4Region  DefaultRegionForTheWorld ======
        MollerBhabha : Emin=    0 eV  Emax=  100 TeV

eBrem:  for e-  XStype:4  SubType=3
      dE/dx and range tables from 100 eV  to 100 TeV in 84 bins
      Lambda tables from threshold to 100 TeV, 7 bins/decade, spline: 1
      LPM flag: 1 for E > 1 GeV,  VertexHighEnergyTh(GeV)= 100000
      ===== EM models for the G4Region  DefaultRegionForTheWorld ======
             eBremSB : Emin=    0 eV  Emax=    1 GeV  ModifiedTsai
            eBremLPM : Emin=    1 GeV Emax=  100 TeV  ModifiedTsai

CoulombScat:  for e- XStype:1 SubType=1 BuildTable=1
      Lambda table from 100 MeV to 100 TeV, 7 bins/decade, spline: 0
      ThetaMin(p) < Theta(degree) < 180, pLimit(GeV^1)= 0.139531
      ===== EM models for the G4Region  DefaultRegionForTheWorld ======
  eCoulombScattering : Emin=  100 MeV Emax=  100 TeV

msc:  for e+  SubType= 10
      ===== EM models for the G4Region  DefaultRegionForTheWorld ======
            UrbanMsc : Emin=    0 eV  Emax=  100 MeV Nbins=42 100 eV  - 100 MeV
          StepLim=UseSafety Rfact=0.04 Gfact=2.5 Sfact=0.6 DispFlag:1 Skin=1 Llim=1 mm
        WentzelVIUni : Emin=  100 MeV Emax=  100 TeV Nbins=42 100 MeV - 100 TeV
          StepLim=UseSafety Rfact=0.04 Gfact=2.5 Sfact=0.6 DispFlag:1 Skin=1 Llim=1 mm

eIoni:  for e+  XStype:3  SubType=2
      dE/dx and range tables from 100 eV  to 100 TeV in 84 bins
      Lambda tables from threshold to 100 TeV, 7 bins/decade, spline: 1
      StepFunction=(0.2, 1 mm), integ: 3, fluct: 1, linLossLim= 0.01
      ===== EM models for the G4Region  DefaultRegionForTheWorld ======
        MollerBhabha : Emin=    0 eV  Emax=  100 TeV

eBrem:  for e+  XStype:4  SubType=3
      dE/dx and range tables from 100 eV  to 100 TeV in 84 bins
      Lambda tables from threshold to 100 TeV, 7 bins/decade, spline: 1
      LPM flag: 1 for E > 1 GeV,  VertexHighEnergyTh(GeV)= 100000
      ===== EM models for the G4Region  DefaultRegionForTheWorld ======
             eBremSB : Emin=    0 eV  Emax=    1 GeV  ModifiedTsai
            eBremLPM : Emin=    1 GeV Emax=  100 TeV  ModifiedTsai

annihil:  for e+ XStype:2 SubType=5 AtRestModel:Simple BuildTable=0
      ===== EM models for the G4Region  DefaultRegionForTheWorld ======
            eplus2gg : Emin=    0 eV  Emax=  100 TeV

CoulombScat:  for e+ XStype:1 SubType=1 BuildTable=1
      Lambda table from 100 MeV to 100 TeV, 7 bins/decade, spline: 0
      ThetaMin(p) < Theta(degree) < 180, pLimit(GeV^1)= 0.139531
      ===== EM models for the G4Region  DefaultRegionForTheWorld ======
  eCoulombScattering : Emin=  100 MeV Emax=  100 TeV

msc:  for proton  SubType= 10
      ===== EM models for the G4Region  DefaultRegionForTheWorld ======
        WentzelVIUni : Emin=    0 eV  Emax=  100 TeV Nbins=84 100 eV  - 100 TeV
          StepLim=Minimal Rfact=0.2 Gfact=2.5 Sfact=0.6 DispFlag:0 Skin=1 Llim=1 mm

hIoni:  for proton  XStype:3  SubType=2
      dE/dx and range tables from 100 eV  to 100 TeV in 84 bins
      Lambda tables from threshold to 100 TeV, 7 bins/decade, spline: 1
      StepFunction=(0.2, 0.1 mm), integ: 3, fluct: 1, linLossLim= 0.01
      ===== EM models for the G4Region  DefaultRegionForTheWorld ======
               Bragg : Emin=    0 eV  Emax=    2 MeV
          BetheBloch : Emin=    2 MeV Emax=  100 TeV

hBrems:  for proton  XStype:1  SubType=3
      dE/dx and range tables from 100 eV  to 100 TeV in 84 bins
      Lambda tables from threshold to 100 TeV, 7 bins/decade, spline: 1
      ===== EM models for the G4Region  DefaultRegionForTheWorld ======
               hBrem : Emin=    0 eV  Emax=  100 TeV  ModifiedMephi

hPairProd:  for proton  XStype:1  SubType=4
      dE/dx and range tables from 100 eV  to 100 TeV in 84 bins
      Lambda tables from threshold to 100 TeV, 7 bins/decade, spline: 1
      Sampling table 17x1001, from 7.50618 GeV to 100 TeV 
      ===== EM models for the G4Region  DefaultRegionForTheWorld ======
           hPairProd : Emin=    0 eV  Emax=  100 TeV  ModifiedMephi

CoulombScat:  for proton XStype:1 SubType=1 BuildTable=1
      Lambda table from threshold  to 100 TeV, 7 bins/decade, spline: 0
      ThetaMin(p) < Theta(degree) < 180, pLimit(GeV^1)= 0.139531
      ===== EM models for the G4Region  DefaultRegionForTheWorld ======
  eCoulombScattering : Emin=    0 eV  Emax=  100 TeV

msc:  for GenericIon  SubType= 10
      ===== EM models for the G4Region  DefaultRegionForTheWorld ======
            UrbanMsc : Emin=    0 eV  Emax=  100 TeV
          StepLim=Minimal Rfact=0.2 Gfact=2.5 Sfact=0.6 DispFlag:0 Skin=1 Llim=1 mm

ionIoni:  for GenericIon  XStype:3  SubType=2
      dE/dx and range tables from 100 eV  to 100 TeV in 84 bins
      Lambda tables from threshold to 100 TeV, 7 bins/decade, spline: 1
      StepFunction=(0.2, 0.1 mm), integ: 3, fluct: 1, linLossLim= 0.02
      ===== EM models for the G4Region  DefaultRegionForTheWorld ======
               Bragg : Emin=    0 eV  Emax=    2 MeV
          BetheBloch : Emin=    2 MeV Emax=  100 TeV

msc:  for alpha  SubType= 10
      ===== EM models for the G4Region  DefaultRegionForTheWorld ======
            UrbanMsc : Emin=    0 eV  Emax=  100 TeV
          StepLim=Minimal Rfact=0.2 Gfact=2.5 Sfact=0.6 DispFlag:0 Skin=1 Llim=1 mm

ionIoni:  for alpha  XStype:3  SubType=2
      dE/dx and range tables from 100 eV  to 100 TeV in 84 bins
      Lambda tables from threshold to 100 TeV, 7 bins/decade, spline: 1
      StepFunction=(0.2, 0.1 mm), integ: 3, fluct: 1, linLossLim= 0.02
      ===== EM models for the G4Region  DefaultRegionForTheWorld ======
            BraggIon : Emin=    0 eV  Emax=7.9452 MeV
          BetheBloch : Emin=7.9452 MeV Emax=  100 TeV

msc:  for anti_proton  SubType= 10
      ===== EM models for the G4Region  DefaultRegionForTheWorld ======
        WentzelVIUni : Emin=    0 eV  Emax=  100 TeV Nbins=84 100 eV  - 100 TeV
          StepLim=Minimal Rfact=0.2 Gfact=2.5 Sfact=0.6 DispFlag:0 Skin=1 Llim=1 mm

hIoni:  for anti_proton  XStype:3  SubType=2
      dE/dx and range tables from 100 eV  to 100 TeV in 84 bins
      Lambda tables from threshold to 100 TeV, 7 bins/decade, spline: 1
      StepFunction=(0.2, 0.1 mm), integ: 3, fluct: 1, linLossLim= 0.01
      ===== EM models for the G4Region  DefaultRegionForTheWorld ======
            ICRU73QO : Emin=    0 eV  Emax=    2 MeV
          BetheBloch : Emin=    2 MeV Emax=  100 TeV

hBrems:  for anti_proton  XStype:1  SubType=3
      dE/dx and range tables from 100 eV  to 100 TeV in 84 bins
      Lambda tables from threshold to 100 TeV, 7 bins/decade, spline: 1
      ===== EM models for the G4Region  DefaultRegionForTheWorld ======
               hBrem : Emin=    0 eV  Emax=  100 TeV  ModifiedMephi

hPairProd:  for anti_proton  XStype:1  SubType=4
      dE/dx and range tables from 100 eV  to 100 TeV in 84 bins
      Lambda tables from threshold to 100 TeV, 7 bins/decade, spline: 1
      Sampling table 17x1001, from 7.50618 GeV to 100 TeV 
      ===== EM models for the G4Region  DefaultRegionForTheWorld ======
           hPairProd : Emin=    0 eV  Emax=  100 TeV  ModifiedMephi

CoulombScat:  for anti_proton XStype:1 SubType=1 BuildTable=1
      Lambda table from threshold  to 100 TeV, 7 bins/decade, spline: 0
      ThetaMin(p) < Theta(degree) < 180, pLimit(GeV^1)= 0.139531
      ===== EM models for the G4Region  DefaultRegionForTheWorld ======
  eCoulombScattering : Emin=    0 eV  Emax=  100 TeV

msc:  for kaon+  SubType= 10
      ===== EM models for the G4Region  DefaultRegionForTheWorld ======
        WentzelVIUni : Emin=    0 eV  Emax=  100 TeV Nbins=84 100 eV  - 100 TeV
          StepLim=Minimal Rfact=0.2 Gfact=2.5 Sfact=0.6 DispFlag:0 Skin=1 Llim=1 mm

hIoni:  for kaon+  XStype:3  SubType=2
      dE/dx and range tables from 100 eV  to 100 TeV in 84 bins
      Lambda tables from threshold to 100 TeV, 7 bins/decade, spline: 1
      StepFunction=(0.2, 0.1 mm), integ: 3, fluct: 1, linLossLim= 0.01
      ===== EM models for the G4Region  DefaultRegionForTheWorld ======
               Bragg : Emin=    0 eV  Emax=1.05231 MeV
          BetheBloch : Emin=1.05231 MeV Emax=  100 TeV

hBrems:  for kaon+  XStype:1  SubType=3
      dE/dx and range tables from 100 eV  to 100 TeV in 84 bins
      Lambda tables from threshold to 100 TeV, 7 bins/decade, spline: 1
      ===== EM models for the G4Region  DefaultRegionForTheWorld ======
               hBrem : Emin=    0 eV  Emax=  100 TeV  ModifiedMephi

hPairProd:  for kaon+  XStype:1  SubType=4
      dE/dx and range tables from 100 eV  to 100 TeV in 84 bins
      Lambda tables from threshold to 100 TeV, 7 bins/decade, spline: 1
      Sampling table 18x1001, from 3.94942 GeV to 100 TeV 
      ===== EM models for the G4Region  DefaultRegionForTheWorld ======
           hPairProd : Emin=    0 eV  Emax=  100 TeV  ModifiedMephi

CoulombScat:  for kaon+ XStype:1 SubType=1 BuildTable=1
      Lambda table from threshold  to 100 TeV, 7 bins/decade, spline: 0
      ThetaMin(p) < Theta(degree) < 180, pLimit(GeV^1)= 0.139531
      ===== EM models for the G4Region  DefaultRegionForTheWorld ======
  eCoulombScattering : Emin=    0 eV  Emax=  100 TeV

msc:  for kaon-  SubType= 10
      ===== EM models for the G4Region  DefaultRegionForTheWorld ======
        WentzelVIUni : Emin=    0 eV  Emax=  100 TeV Nbins=84 100 eV  - 100 TeV
          StepLim=Minimal Rfact=0.2 Gfact=2.5 Sfact=0.6 DispFlag:0 Skin=1 Llim=1 mm

hIoni:  for kaon-  XStype:3  SubType=2
      dE/dx and range tables from 100 eV  to 100 TeV in 84 bins
      Lambda tables from threshold to 100 TeV, 7 bins/decade, spline: 1
      StepFunction=(0.2, 0.1 mm), integ: 3, fluct: 1, linLossLim= 0.01
      ===== EM models for the G4Region  DefaultRegionForTheWorld ======
            ICRU73QO : Emin=    0 eV  Emax=1.05231 MeV
          BetheBloch : Emin=1.05231 MeV Emax=  100 TeV

hBrems:  for kaon-  XStype:1  SubType=3
      dE/dx and range tables from 100 eV  to 100 TeV in 84 bins
      Lambda tables from threshold to 100 TeV, 7 bins/decade, spline: 1
      ===== EM models for the G4Region  DefaultRegionForTheWorld ======
               hBrem : Emin=    0 eV  Emax=  100 TeV  ModifiedMephi

hPairProd:  for kaon-  XStype:1  SubType=4
      dE/dx and range tables from 100 eV  to 100 TeV in 84 bins
      Lambda tables from threshold to 100 TeV, 7 bins/decade, spline: 1
      Sampling table 18x1001, from 3.94942 GeV to 100 TeV 
      ===== EM models for the G4Region  DefaultRegionForTheWorld ======
           hPairProd : Emin=    0 eV  Emax=  100 TeV  ModifiedMephi

CoulombScat:  for kaon- XStype:1 SubType=1 BuildTable=1
      Used Lambda table of kaon+
      ThetaMin(p) < Theta(degree) < 180, pLimit(GeV^1)= 0.139531
      ===== EM models for the G4Region  DefaultRegionForTheWorld ======
  eCoulombScattering : Emin=    0 eV  Emax=  100 TeV

msc:  for mu+  SubType= 10
      ===== EM models for the G4Region  DefaultRegionForTheWorld ======
        WentzelVIUni : Emin=    0 eV  Emax=  100 TeV Nbins=84 100 eV  - 100 TeV
          StepLim=Minimal Rfact=0.2 Gfact=2.5 Sfact=0.6 DispFlag:0 Skin=1 Llim=1 mm

muIoni:  for mu+  XStype:3  SubType=2
      dE/dx and range tables from 100 eV  to 100 TeV in 84 bins
      Lambda tables from threshold to 100 TeV, 7 bins/decade, spline: 1
      StepFunction=(0.2, 0.1 mm), integ: 3, fluct: 1, linLossLim= 0.01
      ===== EM models for the G4Region  DefaultRegionForTheWorld ======
               Bragg : Emin=    0 eV  Emax=  200 keV
        MuBetheBloch : Emin=  200 keV Emax=  100 TeV

muBrems:  for mu+  XStype:1  SubType=3
      dE/dx and range tables from 100 eV  to 100 TeV in 84 bins
      Lambda tables from threshold to 100 TeV, 7 bins/decade, spline: 1
      ===== EM models for the G4Region  DefaultRegionForTheWorld ======
              MuBrem : Emin=    0 eV  Emax=  100 TeV  ModifiedMephi

muPairProd:  for mu+  XStype:1  SubType=4
      dE/dx and range tables from 100 eV  to 100 TeV in 84 bins
      Lambda tables from threshold to 100 TeV, 7 bins/decade, spline: 1
      Sampling table 21x1001, from 0.85 GeV to 100 TeV 
      ===== EM models for the G4Region  DefaultRegionForTheWorld ======
          muPairProd : Emin=    0 eV  Emax=  100 TeV  ModifiedMephi

CoulombScat:  for mu+ XStype:1 SubType=1 BuildTable=1
      Lambda table from threshold  to 100 TeV, 7 bins/decade, spline: 0
      ThetaMin(p) < Theta(degree) < 180, pLimit(GeV^1)= 0.139531
      ===== EM models for the G4Region  DefaultRegionForTheWorld ======
  eCoulombScattering : Emin=    0 eV  Emax=  100 TeV

msc:  for mu-  SubType= 10
      ===== EM models for the G4Region  DefaultRegionForTheWorld ======
        WentzelVIUni : Emin=    0 eV  Emax=  100 TeV Nbins=84 100 eV  - 100 TeV
          StepLim=Minimal Rfact=0.2 Gfact=2.5 Sfact=0.6 DispFlag:0 Skin=1 Llim=1 mm

muIoni:  for mu-  XStype:3  SubType=2
      dE/dx and range tables from 100 eV  to 100 TeV in 84 bins
      Lambda tables from threshold to 100 TeV, 7 bins/decade, spline: 1
      StepFunction=(0.2, 0.1 mm), integ: 3, fluct: 1, linLossLim= 0.01
      ===== EM models for the G4Region  DefaultRegionForTheWorld ======
            ICRU73QO : Emin=    0 eV  Emax=  200 keV
        MuBetheBloch : Emin=  200 keV Emax=  100 TeV

muBrems:  for mu-  XStype:1  SubType=3
      dE/dx and range tables from 100 eV  to 100 TeV in 84 bins
      Lambda tables from threshold to 100 TeV, 7 bins/decade, spline: 1
      ===== EM models for the G4Region  DefaultRegionForTheWorld ======
              MuBrem : Emin=    0 eV  Emax=  100 TeV  ModifiedMephi

muPairProd:  for mu-  XStype:1  SubType=4
      dE/dx and range tables from 100 eV  to 100 TeV in 84 bins
      Lambda tables from threshold to 100 TeV, 7 bins/decade, spline: 1
      Sampling table 21x1001, from 0.85 GeV to 100 TeV 
      ===== EM models for the G4Region  DefaultRegionForTheWorld ======
          muPairProd : Emin=    0 eV  Emax=  100 TeV  ModifiedMephi

CoulombScat:  for mu- XStype:1 SubType=1 BuildTable=1
      Used Lambda table of mu+
      ThetaMin(p) < Theta(degree) < 180, pLimit(GeV^1)= 0.139531
      ===== EM models for the G4Region  DefaultRegionForTheWorld ======
  eCoulombScattering : Emin=    0 eV  Emax=  100 TeV

msc:  for pi+  SubType= 10
      ===== EM models for the G4Region  DefaultRegionForTheWorld ======
        WentzelVIUni : Emin=    0 eV  Emax=  100 TeV Nbins=84 100 eV  - 100 TeV
          StepLim=Minimal Rfact=0.2 Gfact=2.5 Sfact=0.6 DispFlag:0 Skin=1 Llim=1 mm

hIoni:  for pi+  XStype:3  SubType=2
      dE/dx and range tables from 100 eV  to 100 TeV in 84 bins
      Lambda tables from threshold to 100 TeV, 7 bins/decade, spline: 1
      StepFunction=(0.2, 0.1 mm), integ: 3, fluct: 1, linLossLim= 0.01
      ===== EM models for the G4Region  DefaultRegionForTheWorld ======
               Bragg : Emin=    0 eV  Emax=297.505 keV
          BetheBloch : Emin=297.505 keV Emax=  100 TeV

hBrems:  for pi+  XStype:1  SubType=3
      dE/dx and range tables from 100 eV  to 100 TeV in 84 bins
      Lambda tables from threshold to 100 TeV, 7 bins/decade, spline: 1
      ===== EM models for the G4Region  DefaultRegionForTheWorld ======
               hBrem : Emin=    0 eV  Emax=  100 TeV  ModifiedMephi

hPairProd:  for pi+  XStype:1  SubType=4
      dE/dx and range tables from 100 eV  to 100 TeV in 84 bins
      Lambda tables from threshold to 100 TeV, 7 bins/decade, spline: 1
      Sampling table 20x1001, from 1.11656 GeV to 100 TeV 
      ===== EM models for the G4Region  DefaultRegionForTheWorld ======
           hPairProd : Emin=    0 eV  Emax=  100 TeV  ModifiedMephi

CoulombScat:  for pi+ XStype:1 SubType=1 BuildTable=1
      Lambda table from threshold  to 100 TeV, 7 bins/decade, spline: 0
      ThetaMin(p) < Theta(degree) < 180, pLimit(GeV^1)= 0.139531
      ===== EM models for the G4Region  DefaultRegionForTheWorld ======
  eCoulombScattering : Emin=    0 eV  Emax=  100 TeV

msc:  for pi-  SubType= 10
      ===== EM models for the G4Region  DefaultRegionForTheWorld ======
        WentzelVIUni : Emin=    0 eV  Emax=  100 TeV Nbins=84 100 eV  - 100 TeV
          StepLim=Minimal Rfact=0.2 Gfact=2.5 Sfact=0.6 DispFlag:0 Skin=1 Llim=1 mm

hIoni:  for pi-  XStype:3  SubType=2
      dE/dx and range tables from 100 eV  to 100 TeV in 84 bins
      Lambda tables from threshold to 100 TeV, 7 bins/decade, spline: 1
      StepFunction=(0.2, 0.1 mm), integ: 3, fluct: 1, linLossLim= 0.01
      ===== EM models for the G4Region  DefaultRegionForTheWorld ======
            ICRU73QO : Emin=    0 eV  Emax=297.505 keV
          BetheBloch : Emin=297.505 keV Emax=  100 TeV

hBrems:  for pi-  XStype:1  SubType=3
      dE/dx and range tables from 100 eV  to 100 TeV in 84 bins
      Lambda tables from threshold to 100 TeV, 7 bins/decade, spline: 1
      ===== EM models for the G4Region  DefaultRegionForTheWorld ======
               hBrem : Emin=    0 eV  Emax=  100 TeV  ModifiedMephi

hPairProd:  for pi-  XStype:1  SubType=4
      dE/dx and range tables from 100 eV  to 100 TeV in 84 bins
      Lambda tables from threshold to 100 TeV, 7 bins/decade, spline: 1
      Sampling table 20x1001, from 1.11656 GeV to 100 TeV 
      ===== EM models for the G4Region  DefaultRegionForTheWorld ======
           hPairProd : Emin=    0 eV  Emax=  100 TeV  ModifiedMephi

CoulombScat:  for pi- XStype:1 SubType=1 BuildTable=1
      Used Lambda table of pi+
      ThetaMin(p) < Theta(degree) < 180, pLimit(GeV^1)= 0.139531
      ===== EM models for the G4Region  DefaultRegionForTheWorld ======
  eCoulombScattering : Emin=    0 eV  Emax=  100 TeV

====================================================================
                  HADRONIC PROCESSES SUMMARY (verbose level 1)
-----------------------------------------------------------------------
                           Hadronic Processes for neutron
  Process: hadElastic
        Model:             hElasticCHIPS: 0 eV  ---> 100 TeV
     Cr_sctns:        G4NeutronElasticXS: 0 eV  ---> 100 TeV
  Process: neutronInelastic
        Model:                      FTFP: 3 GeV ---> 100 TeV
        Model:            BertiniCascade: 0 eV  ---> 6 GeV
     Cr_sctns:      G4NeutronInelasticXS: 0 eV  ---> 100 TeV
  Process: nCapture
        Model:               nRadCapture: 0 eV  ---> 100 TeV
     Cr_sctns:        G4NeutronCaptureXS: 0 eV  ---> 100 TeV
  Process: nKiller
-----------------------------------------------------------------------
                           Hadronic Processes for B-
  Process: hadElastic
        Model:              hElasticLHEP: 0 eV  ---> 100 TeV
     Cr_sctns:            Glauber-Gribov: 0 eV  ---> 100 TeV
  Process: B-Inelastic
        Model:                      FTFP: 0 eV  ---> 100 TeV
     Cr_sctns:            Glauber-Gribov: 0 eV  ---> 100 TeV
-----------------------------------------------------------------------
                           Hadronic Processes for D-
  Process: hadElastic
        Model:              hElasticLHEP: 0 eV  ---> 100 TeV
     Cr_sctns:            Glauber-Gribov: 0 eV  ---> 100 TeV
  Process: D-Inelastic
        Model:                      FTFP: 0 eV  ---> 100 TeV
     Cr_sctns:            Glauber-Gribov: 0 eV  ---> 100 TeV
-----------------------------------------------------------------------
                           Hadronic Processes for GenericIon
  Process: ionInelastic
        Model:  Binary Light Ion Cascade: 0 eV /n ---> 6 GeV/n
        Model:                      FTFP: 3 GeV/n ---> 100 TeV/n
     Cr_sctns:  Glauber-Gribov Nucl-nucl: 0 eV  ---> 25.6 PeV
-----------------------------------------------------------------------
                           Hadronic Processes for He3
  Process: hadElastic
        Model:              hElasticLHEP: 0 eV /n ---> 100 TeV/n
     Cr_sctns:  Glauber-Gribov Nucl-nucl: 0 eV  ---> 25.6 PeV
  Process: He3Inelastic
        Model:  Binary Light Ion Cascade: 0 eV /n ---> 6 GeV/n
        Model:                      FTFP: 3 GeV/n ---> 100 TeV/n
     Cr_sctns:  Glauber-Gribov Nucl-nucl: 0 eV  ---> 25.6 PeV
-----------------------------------------------------------------------
                           Hadronic Processes for alpha
  Process: hadElastic
        Model:              hElasticLHEP: 0 eV /n ---> 100 TeV/n
     Cr_sctns:  Glauber-Gribov Nucl-nucl: 0 eV  ---> 25.6 PeV
  Process: alphaInelastic
        Model:  Binary Light Ion Cascade: 0 eV /n ---> 6 GeV/n
        Model:                      FTFP: 3 GeV/n ---> 100 TeV/n
     Cr_sctns:  Glauber-Gribov Nucl-nucl: 0 eV  ---> 25.6 PeV
-----------------------------------------------------------------------
                           Hadronic Processes for anti_He3
  Process: hadElastic
        Model:              hElasticLHEP: 0 eV /n ---> 100.1 MeV/n
        Model:              AntiAElastic: 100 MeV/n ---> 100 TeV/n
     Cr_sctns:              AntiAGlauber: 0 eV  ---> 25.6 PeV
  Process: anti_He3Inelastic
        Model:                      FTFP: 0 eV /n ---> 100 TeV/n
     Cr_sctns:              AntiAGlauber: 0 eV  ---> 25.6 PeV
  Process: hFritiofCaptureAtRest
-----------------------------------------------------------------------
                           Hadronic Processes for anti_alpha
  Process: hadElastic
        Model:              hElasticLHEP: 0 eV /n ---> 100.1 MeV/n
        Model:              AntiAElastic: 100 MeV/n ---> 100 TeV/n
     Cr_sctns:              AntiAGlauber: 0 eV  ---> 25.6 PeV
  Process: anti_alphaInelastic
        Model:                      FTFP: 0 eV /n ---> 100 TeV/n
     Cr_sctns:              AntiAGlauber: 0 eV  ---> 25.6 PeV
  Process: hFritiofCaptureAtRest
-----------------------------------------------------------------------
                           Hadronic Processes for anti_deuteron
  Process: hadElastic
        Model:              hElasticLHEP: 0 eV /n ---> 100.1 MeV/n
        Model:              AntiAElastic: 100 MeV/n ---> 100 TeV/n
     Cr_sctns:              AntiAGlauber: 0 eV  ---> 25.6 PeV
  Process: anti_deuteronInelastic
        Model:                      FTFP: 0 eV /n ---> 100 TeV/n
     Cr_sctns:              AntiAGlauber: 0 eV  ---> 25.6 PeV
  Process: hFritiofCaptureAtRest
-------------------------------------------------------------------------
                           Hadronic Processes for anti_hypertriton
  Process: hFritiofCaptureAtRest
-----------------------------------------------------------------------
                           Hadronic Processes for anti_lambda
  Process: hadElastic
        Model:              hElasticLHEP: 0 eV  ---> 100 TeV
     Cr_sctns:            Glauber-Gribov: 0 eV  ---> 100 TeV
  Process: anti_lambdaInelastic
        Model:                      FTFP: 0 eV  ---> 100 TeV
     Cr_sctns:            Glauber-Gribov: 0 eV  ---> 100 TeV
  Process: hFritiofCaptureAtRest
-----------------------------------------------------------------------
                           Hadronic Processes for anti_neutron
  Process: hadElastic
        Model:              hElasticLHEP: 0 eV  ---> 100.1 MeV
        Model:              AntiAElastic: 100 MeV ---> 100 TeV
     Cr_sctns:              AntiAGlauber: 0 eV  ---> 25.6 PeV
  Process: anti_neutronInelastic
        Model:                      FTFP: 0 eV  ---> 100 TeV
     Cr_sctns:              AntiAGlauber: 0 eV  ---> 25.6 PeV
  Process: hFritiofCaptureAtRest
-----------------------------------------------------------------------
                           Hadronic Processes for anti_proton
  Process: hadElastic
        Model:              hElasticLHEP: 0 eV  ---> 100.1 MeV
        Model:              AntiAElastic: 100 MeV ---> 100 TeV
     Cr_sctns:              AntiAGlauber: 0 eV  ---> 25.6 PeV
  Process: anti_protonInelastic
        Model:                      FTFP: 0 eV  ---> 100 TeV
     Cr_sctns:              AntiAGlauber: 0 eV  ---> 25.6 PeV
  Process: hFritiofCaptureAtRest
-----------------------------------------------------------------------
                           Hadronic Processes for anti_triton
  Process: hadElastic
        Model:              hElasticLHEP: 0 eV /n ---> 100.1 MeV/n
        Model:              AntiAElastic: 100 MeV/n ---> 100 TeV/n
     Cr_sctns:              AntiAGlauber: 0 eV  ---> 25.6 PeV
  Process: anti_tritonInelastic
        Model:                      FTFP: 0 eV /n ---> 100 TeV/n
     Cr_sctns:              AntiAGlauber: 0 eV  ---> 25.6 PeV
  Process: hFritiofCaptureAtRest
-----------------------------------------------------------------------
                           Hadronic Processes for deuteron
  Process: hadElastic
        Model:              hElasticLHEP: 0 eV /n ---> 100 TeV/n
     Cr_sctns:  Glauber-Gribov Nucl-nucl: 0 eV  ---> 25.6 PeV
  Process: dInelastic
        Model:  Binary Light Ion Cascade: 0 eV /n ---> 6 GeV/n
        Model:                      FTFP: 3 GeV/n ---> 100 TeV/n
     Cr_sctns:  Glauber-Gribov Nucl-nucl: 0 eV  ---> 25.6 PeV
-----------------------------------------------------------------------
                           Hadronic Processes for e+
  Process: positronNuclear
        Model:   G4ElectroVDNuclearModel: 0 eV  ---> 1 PeV
     Cr_sctns:          ElectroNuclearXS: 0 eV  ---> 100 TeV
-----------------------------------------------------------------------
                           Hadronic Processes for e-
  Process: electronNuclear
        Model:   G4ElectroVDNuclearModel: 0 eV  ---> 1 PeV
     Cr_sctns:          ElectroNuclearXS: 0 eV  ---> 100 TeV
-----------------------------------------------------------------------
                           Hadronic Processes for gamma
  Process: photonNuclear
        Model:               GammaNPreco: 0 eV  ---> 200 MeV
        Model:            BertiniCascade: 199 MeV ---> 6 GeV
        Model:           TheoFSGenerator: 3 GeV ---> 100 TeV
     Cr_sctns:            GammaNuclearXS: 0 eV  ---> 100 TeV
-----------------------------------------------------------------------
                           Hadronic Processes for kaon+
  Process: hadElastic
        Model:              hElasticLHEP: 0 eV  ---> 100 TeV
     Cr_sctns:            Glauber-Gribov: 0 eV  ---> 100 TeV
  Process: kaon+Inelastic
        Model:                      FTFP: 3 GeV ---> 100 TeV
        Model:            BertiniCascade: 0 eV  ---> 6 GeV
     Cr_sctns:            Glauber-Gribov: 0 eV  ---> 100 TeV
-----------------------------------------------------------------------
                           Hadronic Processes for kaon-
  Process: hadElastic
        Model:              hElasticLHEP: 0 eV  ---> 100 TeV
     Cr_sctns:            Glauber-Gribov: 0 eV  ---> 100 TeV
  Process: kaon-Inelastic
        Model:                      FTFP: 3 GeV ---> 100 TeV
        Model:            BertiniCascade: 0 eV  ---> 6 GeV
     Cr_sctns:            Glauber-Gribov: 0 eV  ---> 100 TeV
  Process: hBertiniCaptureAtRest
-----------------------------------------------------------------------
                           Hadronic Processes for lambda
  Process: hadElastic
        Model:              hElasticLHEP: 0 eV  ---> 100 TeV
     Cr_sctns:            Glauber-Gribov: 0 eV  ---> 100 TeV
  Process: lambdaInelastic
        Model:                      FTFP: 3 GeV ---> 100 TeV
        Model:            BertiniCascade: 0 eV  ---> 6 GeV
     Cr_sctns:            Glauber-Gribov: 0 eV  ---> 100 TeV
-----------------------------------------------------------------------
                           Hadronic Processes for mu+
  Process: muonNuclear
        Model:      G4MuonVDNuclearModel: 0 eV  ---> 1 PeV
     Cr_sctns:     KokoulinMuonNuclearXS: 0 eV  ---> 100 TeV
-----------------------------------------------------------------------
                           Hadronic Processes for mu-
  Process: muonNuclear
        Model:      G4MuonVDNuclearModel: 0 eV  ---> 1 PeV
     Cr_sctns:     KokoulinMuonNuclearXS: 0 eV  ---> 100 TeV
  Process: muMinusCaptureAtRest
-----------------------------------------------------------------------
                           Hadronic Processes for pi+
  Process: hadElastic
        Model:           hElasticGlauber: 0 eV  ---> 100 TeV
     Cr_sctns:  BarashenkovGlauberGribov: 0 eV  ---> 100 TeV
  Process: pi+Inelastic
        Model:                      FTFP: 3 GeV ---> 100 TeV
        Model:            BertiniCascade: 0 eV  ---> 6 GeV
     Cr_sctns:  BarashenkovGlauberGribov: 0 eV  ---> 100 TeV
-----------------------------------------------------------------------
                           Hadronic Processes for pi-
  Process: hadElastic
        Model:           hElasticGlauber: 0 eV  ---> 100 TeV
     Cr_sctns:  BarashenkovGlauberGribov: 0 eV  ---> 100 TeV
  Process: pi-Inelastic
        Model:                      FTFP: 3 GeV ---> 100 TeV
        Model:            BertiniCascade: 0 eV  ---> 6 GeV
     Cr_sctns:  BarashenkovGlauberGribov: 0 eV  ---> 100 TeV
  Process: hBertiniCaptureAtRest
-----------------------------------------------------------------------
                           Hadronic Processes for proton
  Process: hadElastic
        Model:             hElasticCHIPS: 0 eV  ---> 100 TeV
     Cr_sctns:  BarashenkovGlauberGribov: 0 eV  ---> 100 TeV
  Process: protonInelastic
        Model:                      FTFP: 3 GeV ---> 100 TeV
        Model:            BertiniCascade: 0 eV  ---> 6 GeV
     Cr_sctns:  BarashenkovGlauberGribov: 0 eV  ---> 100 TeV
-----------------------------------------------------------------------
                           Hadronic Processes for sigma-
  Process: hadElastic
        Model:              hElasticLHEP: 0 eV  ---> 100 TeV
     Cr_sctns:            Glauber-Gribov: 0 eV  ---> 100 TeV
  Process: sigma-Inelastic
        Model:                      FTFP: 3 GeV ---> 100 TeV
        Model:            BertiniCascade: 0 eV  ---> 6 GeV
     Cr_sctns:            Glauber-Gribov: 0 eV  ---> 100 TeV
  Process: hBertiniCaptureAtRest
-----------------------------------------------------------------------
                           Hadronic Processes for triton
  Process: hadElastic
        Model:              hElasticLHEP: 0 eV /n ---> 100 TeV/n
     Cr_sctns:  Glauber-Gribov Nucl-nucl: 0 eV  ---> 25.6 PeV
  Process: tInelastic
        Model:  Binary Light Ion Cascade: 0 eV /n ---> 6 GeV/n
        Model:                      FTFP: 3 GeV/n ---> 100 TeV/n
     Cr_sctns:  Glauber-Gribov Nucl-nucl: 0 eV  ---> 25.6 PeV
=======================================================================
======       Geant4 Native Pre-compound Model Parameters       ========
=======================================================================
Type of pre-compound model                          0
Type of pre-compound inverse x-section              1
Pre-compound model active                           1
Pre-compound excitation low energy                  0.1 MeV 
Pre-compound excitation high energy                 15 MeV 
Angular generator for pre-compound model            1
Use NeverGoBack option for pre-compound model       0
Use SoftCutOff option for pre-compound model        0
Use CEM transitions for pre-compound model          1
Use GNASH transitions for pre-compound model        0
Use HETC submodel for pre-compound model            0
=======================================================================
======       Nuclear De-excitation Module Parameters           ========
=======================================================================
Type of de-excitation inverse x-section             3
Type of de-excitation factory                       Evaporation+GEM
Number of de-excitation channels                    68
Type of Fermi BreakUp model                         ModelVI
Min excitation energy                               0.01 keV 
Min energy per nucleon for multifragmentation       2e+05 MeV
Level density (1/MeV)                               0.075
Use simple level density model                      1
Use discrete excitation energy of the residual      0
Time limit for long lived isomeres                  1 ns 
Isomer production flag                              1
Internal e- conversion flag                         1
Store e- internal conversion data                   1
Correlated gamma emission flag                      0
Max 2J for sampling of angular correlations         10
=======================================================================

========= Table of registered couples ============================

Index : 0     used in the geometry : Yes
 Material : G4_Galactic
 Range cuts        :  gamma  700 um     e-  700 um     e+  700 um  proton 700 um 
 Energy thresholds :  gamma  990 eV     e-  990 eV     e+  990 eV  proton 70 keV
 Region(s) which use this couple : 
    DefaultRegionForTheWorld

Index : 1     used in the geometry : Yes
 Material : G4_POLYSTYRENE
 Range cuts        :  gamma  700 um     e-  700 um     e+  700 um  proton 700 um 
 Energy thresholds :  gamma  2.12507 keV    e-  285.029 keV    e+  278.025 keV proton 70 keV
 Region(s) which use this couple : 
    DefaultRegionForTheWorld

==================================================================

### Run 0 starts.
### Run 0 starts.
 Event#=0
 Event#=10
 Event#=20
 Event#=30
 Event#=40
 Event#=50
 Event#=60
 Event#=70
 Event#=80
 Event#=90
 Run terminated.
Run Summary
  Number of events processed : 100
  User=0.650000s Real=0.663012s Sys=0.000000s


 ===============  Run::PrintInfo()  =============== 	 RunID = 0
 Primary particle PDG code = -211
 Primary particle kinetic energy = 50 GeV
 Primary particle direction = (0,0,1)
 Target material = G4_POLYSTYRENE
 Cubic-volume scoring up-down = 7.85398e+06 mm^3
 Cubic-volume scoring side    = 3.17301e+07 mm^3
 Number of events = 100
 Conversion factor: fluence from mm^-2 to cm^-2 = 100
 Particle fluence in unit of cm^-2 :
   case=  0     downstream                           all   0.0150527
   case=  1     downstream                      electron   0.00181382
   case=  2     downstream                         gamma   0.0115957
   case=  3     downstream                          muon   7.91001e-06
   case=  4     downstream                      neutrino   0.000102169
   case=  5     downstream                          pion   0.000649003
   case=  6     downstream                       neutron   0.000626134
   case=  7     downstream                        proton   0.000200716
   case=  8     downstream                           ion          0
   case=  9     downstream                    otherMeson   5.43069e-05
   case= 10     downstream                   otherBaryon   2.98346e-06
   case= 11     downstream   below 20 MeV            all   0.0106275
   case= 12     downstream   below 20 MeV       electron   0.000810042
   case= 13     downstream   below 20 MeV          gamma   0.0095775
   case= 14     downstream   below 20 MeV           muon          0
   case= 15     downstream   below 20 MeV       neutrino   7.24747e-06
   case= 16     downstream   below 20 MeV           pion   1.29787e-06
   case= 17     downstream   below 20 MeV        neutron   0.000216077
   case= 18     downstream   below 20 MeV         proton   1.53551e-05
   case= 19     downstream   below 20 MeV            ion          0
   case= 20     downstream   below 20 MeV     otherMeson          0
   case= 21     downstream   below 20 MeV    otherBaryon          0
   case= 22     downstream   above 20 MeV            all   0.00442517
   case= 23     downstream   above 20 MeV       electron   0.00100377
   case= 24     downstream   above 20 MeV          gamma   0.00201816
   case= 25     downstream   above 20 MeV           muon   7.91001e-06
   case= 26     downstream   above 20 MeV       neutrino   9.49219e-05
   case= 27     downstream   above 20 MeV           pion   0.000647705
   case= 28     downstream   above 20 MeV        neutron   0.000410057
   case= 29     downstream   above 20 MeV         proton   0.000185361
   case= 30     downstream   above 20 MeV            ion          0
   case= 31     downstream   above 20 MeV     otherMeson   5.43069e-05
   case= 32     downstream   above 20 MeV    otherBaryon   2.98346e-06
   case= 33           side                           all   0.00139328
   case= 34           side                      electron   7.15328e-05
   case= 35           side                         gamma   0.00113051
   case= 36           side                          muon   7.3492e-07
   case= 37           side                      neutrino   5.95556e-05
   case= 38           side                          pion   1.89563e-05
   case= 39           side                       neutron   0.000101912
   case= 40           side                        proton   1.00734e-05
   case= 41           side                           ion          0
   case= 42           side                    otherMeson          0
   case= 43           side                   otherBaryon          0
   case= 44           side   below 20 MeV            all   0.00111718
   case= 45           side   below 20 MeV       electron   3.30733e-05
   case= 46           side   below 20 MeV          gamma   0.00104134
   case= 47           side   below 20 MeV           muon          0
   case= 48           side   below 20 MeV       neutrino   6.28994e-06
   case= 49           side   below 20 MeV           pion   7.38382e-07
   case= 50           side   below 20 MeV        neutron   3.57402e-05
   case= 51           side   below 20 MeV         proton          0
   case= 52           side   below 20 MeV            ion          0
   case= 53           side   below 20 MeV     otherMeson          0
   case= 54           side   below 20 MeV    otherBaryon          0
   case= 55           side   above 20 MeV            all   0.000276098
   case= 56           side   above 20 MeV       electron   3.84595e-05
   case= 57           side   above 20 MeV          gamma   8.91746e-05
   case= 58           side   above 20 MeV           muon   7.3492e-07
   case= 59           side   above 20 MeV       neutrino   5.32657e-05
   case= 60           side   above 20 MeV           pion   1.8218e-05
   case= 61           side   above 20 MeV        neutron   6.61721e-05
   case= 62           side   above 20 MeV         proton   1.00734e-05
   case= 63           side   above 20 MeV            ion          0
   case= 64           side   above 20 MeV     otherMeson          0
   case= 65           side   above 20 MeV    otherBaryon          0
   case= 66       upstream                           all   0.000717656
   case= 67       upstream                      electron   1.58957e-05
   case= 68       upstream                         gamma   0.000561194
   case= 69       upstream                          muon          0
   case= 70       upstream                      neutrino   5.18344e-05
   case= 71       upstream                          pion          0
   case= 72       upstream                       neutron   8.87321e-05
   case= 73       upstream                        proton          0
   case= 74       upstream                           ion          0
   case= 75       upstream                    otherMeson          0
   case= 76       upstream                   otherBaryon          0
   case= 77       upstream   below 20 MeV            all   0.000557821
   case= 78       upstream   below 20 MeV       electron   9.084e-06
   case= 79       upstream   below 20 MeV          gamma   0.000500394
   case= 80       upstream   below 20 MeV           muon          0
   case= 81       upstream   below 20 MeV       neutrino   3.13527e-06
   case= 82       upstream   below 20 MeV           pion          0
   case= 83       upstream   below 20 MeV        neutron   4.52075e-05
   case= 84       upstream   below 20 MeV         proton          0
   case= 85       upstream   below 20 MeV            ion          0
   case= 86       upstream   below 20 MeV     otherMeson          0
   case= 87       upstream   below 20 MeV    otherBaryon          0
   case= 88       upstream   above 20 MeV            all   0.000159836
   case= 89       upstream   above 20 MeV       electron   6.81166e-06
   case= 90       upstream   above 20 MeV          gamma   6.08002e-05
   case= 91       upstream   above 20 MeV           muon          0
   case= 92       upstream   above 20 MeV       neutrino   4.86991e-05
   case= 93       upstream   above 20 MeV           pion          0
   case= 94       upstream   above 20 MeV        neutron   4.35246e-05
   case= 95       upstream   above 20 MeV         proton          0
   case= 96       upstream   above 20 MeV            ion          0
   case= 97       upstream   above 20 MeV     otherMeson          0
   case= 98       upstream   above 20 MeV    otherBaryon          0
 ------------------------------------------------------------- 
 Extra information: particle production 	 	      <N>      <E_kin> <Sum_Ekin> [MeV]
   case=  0          layer                           all    1815.69    38.3825    69690.7
   case=  1          layer                      electron    1484.27    5.70217    8463.56
   case=  2          layer                         gamma     225.64    71.1689    16058.5
   case=  3          layer                          muon       0.82    45.2876    37.1358
   case=  4          layer                      neutrino       2.33    35.6701    83.1113
   case=  5          layer                          pion      16.12    2053.22      33098
   case=  6          layer                       neutron      15.95    120.003    1914.05
   case=  7          layer                        proton      34.66    65.8987    2284.05
   case=  8          layer                           ion      34.18    6.30868    215.631
   case=  9          layer                    otherMeson       1.54    4771.85    7348.65
   case= 10          layer                   otherBaryon       0.18    1044.58    188.025
   case= 11          layer   below 20 MeV            all    1727.88   0.573969    991.749
   case= 12          layer   below 20 MeV       electron    1463.51   0.328799    481.201
   case= 13          layer   below 20 MeV          gamma     195.89    1.43778    281.646
   case= 14          layer   below 20 MeV           muon       0.69     4.2412    2.92643
   case= 15          layer   below 20 MeV       neutrino       0.23    16.0699    3.69609
   case= 16          layer   below 20 MeV           pion       0.28    9.16286     2.5656
   case= 17          layer   below 20 MeV        neutron       7.73    6.37071    49.2456
   case= 18          layer   below 20 MeV         proton      27.02    2.72667    73.6745
   case= 19          layer   below 20 MeV            ion      32.52    2.97464    96.7354
   case= 20          layer   below 20 MeV     otherMeson       0.01    5.91124   0.0591124
   case= 21          layer   below 20 MeV    otherBaryon          0          0          0
   case= 22          layer   above 20 MeV            all      87.81    782.359      68699
   case= 23          layer   above 20 MeV       electron      20.76    384.507    7982.36
   case= 24          layer   above 20 MeV          gamma      29.75    530.316    15776.9
   case= 25          layer   above 20 MeV           muon       0.13    263.149    34.2094
   case= 26          layer   above 20 MeV       neutrino        2.1    37.8168    79.4152
   case= 27          layer   above 20 MeV           pion      15.84    2089.36    33095.4
   case= 28          layer   above 20 MeV        neutron       8.22    226.862     1864.8
   case= 29          layer   above 20 MeV         proton       7.64    289.316    2210.37
   case= 30          layer   above 20 MeV            ion       1.66    71.6237    118.895
   case= 31          layer   above 20 MeV     otherMeson       1.53       4803    7348.59
   case= 32          layer   above 20 MeV    otherBaryon       0.18    1044.58    188.025
 ============================================================= 



 ------  DetectorConstruction::PrintParameters() ------ 
 Material         = G4_GRAPHITE
 Thickness        = 1000 mm
 Diameter         = 1000 mm
 ScoringThickness = 10 mm
 ------------------------------------------------------ 


PrimaryGenerationAction::SetGunPosition() : gun position along z = -550 mm 

Start re-initialization because 
  Geometry
has been modified since last Run.

DetectorConstruction::ConstructLayer() : 
	 World (box) size: 
	 	 x : -/+ 600 mm 	 y : -/+ 600 mm 	 z : -/+ 600 mm 
	 Target layer (cylinder) size: 
	 	 x : -/+ 500 mm 	 y : -/+ 500 mm 	 z : -/+ 500 mm 



========= Table of registered couples ============================

Index : 0     used in the geometry : Yes
 Material : G4_Galactic
 Range cuts        :  gamma  700 um     e-  700 um     e+  700 um  proton 700 um 
 Energy thresholds :  gamma  990 eV     e-  990 eV     e+  990 eV  proton 70 keV
 Region(s) which use this couple : 
    DefaultRegionForTheWorld

Index : 1     used in the geometry : No 
 Material : G4_POLYSTYRENE
 Range cuts        :  gamma  700 um     e-  700 um     e+  700 um  proton 700 um 
 Energy thresholds :  gamma  2.12507 keV    e-  285.029 keV    e+  278.025 keV proton 70 keV

Index : 2     used in the geometry : Yes
 Material : G4_GRAPHITE
 Range cuts        :  gamma  700 um     e-  700 um     e+  700 um  proton 700 um 
 Energy thresholds :  gamma  2.8882 keV    e-  436.578 keV    e+  422.985 keV proton 70 keV
 Region(s) which use this couple : 
    DefaultRegionForTheWorld

==================================================================

### Run 1 starts.
### Run 1 starts.
 Event#=0
 Event#=10
 Event#=20
 Event#=30
 Event#=40
 Event#=50
 Event#=60
 Event#=70
 Event#=80
 Event#=90
 Run terminated.
Run Summary
  Number of events processed : 100
  User=3.420000s Real=3.449286s Sys=0.020000s


 ===============  Run::PrintInfo()  =============== 	 RunID = 1
 Primary particle PDG code = -211
 Primary particle kinetic energy = 50 GeV
 Primary particle direction = (0,0,1)
 Target material = G4_GRAPHITE
 Cubic-volume scoring up-down = 7.85398e+06 mm^3
 Cubic-volume scoring side    = 3.17301e+07 mm^3
 Number of events = 100
 Conversion factor: fluence from mm^-2 to cm^-2 = 100
 Particle fluence in unit of cm^-2 :
   case=  0     downstream                           all   0.0501881
   case=  1     downstream                      electron   0.00489474
   case=  2     downstream                         gamma   0.0410637
   case=  3     downstream                          muon   1.08695e-05
   case=  4     downstream                      neutrino   0.000416595
   case=  5     downstream                          pion   0.000876989
   case=  6     downstream                       neutron   0.00249263
   case=  7     downstream                        proton   0.000369504
   case=  8     downstream                           ion   1.3988e-06
   case=  9     downstream                    otherMeson   6.03766e-05
   case= 10     downstream                   otherBaryon   1.27713e-06
   case= 11     downstream   below 20 MeV            all   0.0397518
   case= 12     downstream   below 20 MeV       electron   0.00252853
   case= 13     downstream   below 20 MeV          gamma   0.0358489
   case= 14     downstream   below 20 MeV           muon          0
   case= 15     downstream   below 20 MeV       neutrino   4.40512e-05
   case= 16     downstream   below 20 MeV           pion   4.27729e-06
   case= 17     downstream   below 20 MeV        neutron   0.00131529
   case= 18     downstream   below 20 MeV         proton   1.07444e-05
   case= 19     downstream   below 20 MeV            ion          0
   case= 20     downstream   below 20 MeV     otherMeson          0
   case= 21     downstream   below 20 MeV    otherBaryon          0
   case= 22     downstream   above 20 MeV            all   0.0104363
   case= 23     downstream   above 20 MeV       electron   0.00236621
   case= 24     downstream   above 20 MeV          gamma   0.00521478
   case= 25     downstream   above 20 MeV           muon   1.08695e-05
   case= 26     downstream   above 20 MeV       neutrino   0.000372544
   case= 27     downstream   above 20 MeV           pion   0.000872712
   case= 28     downstream   above 20 MeV        neutron   0.00117734
   case= 29     downstream   above 20 MeV         proton   0.00035876
   case= 30     downstream   above 20 MeV            ion   1.3988e-06
   case= 31     downstream   above 20 MeV     otherMeson   6.03766e-05
   case= 32     downstream   above 20 MeV    otherBaryon   1.27713e-06
   case= 33           side                           all   0.00295344
   case= 34           side                      electron   0.000124094
   case= 35           side                         gamma   0.00204531
   case= 36           side                          muon   3.47838e-07
   case= 37           side                      neutrino   0.000208005
   case= 38           side                          pion   1.8303e-05
   case= 39           side                       neutron   0.00054522
   case= 40           side                        proton   8.81005e-06
   case= 41           side                           ion   1.86438e-06
   case= 42           side                    otherMeson   1.48924e-06
   case= 43           side                   otherBaryon          0
   case= 44           side   below 20 MeV            all   0.00236059
   case= 45           side   below 20 MeV       electron   7.62934e-05
   case= 46           side   below 20 MeV          gamma   0.00190328
   case= 47           side   below 20 MeV           muon          0
   case= 48           side   below 20 MeV       neutrino   1.99425e-05
   case= 49           side   below 20 MeV           pion          0
   case= 50           side   below 20 MeV        neutron   0.000359537
   case= 51           side   below 20 MeV         proton          0
   case= 52           side   below 20 MeV            ion   1.5377e-06
   case= 53           side   below 20 MeV     otherMeson          0
   case= 54           side   below 20 MeV    otherBaryon          0
   case= 55           side   above 20 MeV            all   0.000592851
   case= 56           side   above 20 MeV       electron   4.78007e-05
   case= 57           side   above 20 MeV          gamma   0.000142029
   case= 58           side   above 20 MeV           muon   3.47838e-07
   case= 59           side   above 20 MeV       neutrino   0.000188062
   case= 60           side   above 20 MeV           pion   1.8303e-05
   case= 61           side   above 20 MeV        neutron   0.000185682
   case= 62           side   above 20 MeV         proton   8.81005e-06
   case= 63           side   above 20 MeV            ion   3.26679e-07
   case= 64           side   above 20 MeV     otherMeson   1.48924e-06
   case= 65           side   above 20 MeV    otherBaryon          0
   case= 66       upstream                           all   0.00196599
   case= 67       upstream                      electron   5.39061e-05
   case= 68       upstream                         gamma   0.00128446
   case= 69       upstream                          muon          0
   case= 70       upstream                      neutrino   0.000164083
   case= 71       upstream                          pion   5.7457e-06
   case= 72       upstream                       neutron   0.000452482
   case= 73       upstream                        proton   5.30654e-06
   case= 74       upstream                           ion          0
   case= 75       upstream                    otherMeson          0
   case= 76       upstream                   otherBaryon          0
   case= 77       upstream   below 20 MeV            all   0.00164429
   case= 78       upstream   below 20 MeV       electron   3.2927e-05
   case= 79       upstream   below 20 MeV          gamma   0.00121944
   case= 80       upstream   below 20 MeV           muon          0
   case= 81       upstream   below 20 MeV       neutrino   1.33894e-05
   case= 82       upstream   below 20 MeV           pion          0
   case= 83       upstream   below 20 MeV        neutron   0.000374529
   case= 84       upstream   below 20 MeV         proton   3.99847e-06
   case= 85       upstream   below 20 MeV            ion          0
   case= 86       upstream   below 20 MeV     otherMeson          0
   case= 87       upstream   below 20 MeV    otherBaryon          0
   case= 88       upstream   above 20 MeV            all   0.0003217
   case= 89       upstream   above 20 MeV       electron   2.09791e-05
   case= 90       upstream   above 20 MeV          gamma   6.50207e-05
   case= 91       upstream   above 20 MeV           muon          0
   case= 92       upstream   above 20 MeV       neutrino   0.000150693
   case= 93       upstream   above 20 MeV           pion   5.7457e-06
   case= 94       upstream   above 20 MeV        neutron   7.79528e-05
   case= 95       upstream   above 20 MeV         proton   1.30808e-06
   case= 96       upstream   above 20 MeV            ion          0
   case= 97       upstream   above 20 MeV     otherMeson          0
   case= 98       upstream   above 20 MeV    otherBaryon          0
 ------------------------------------------------------------- 
 Extra information: particle production 	 	      <N>      <E_kin> <Sum_Ekin> [MeV]
   case=  0          layer                           all    12182.5     11.807     143838
   case=  1          layer                      electron    10335.6    2.48873    25722.6
   case=  2          layer                         gamma    1243.05    27.1831    33789.9
   case=  3          layer                          muon       2.84    56.7212    161.088
   case=  4          layer                      neutrino       8.35    37.5392    313.452
   case=  5          layer                          pion      38.41    1437.77    55224.6
   case=  6          layer                       neutron       82.6    80.6029     6657.8
   case=  7          layer                        proton      46.63    154.879    7221.99
   case=  8          layer                           ion     421.68    2.21667    934.725
   case=  9          layer                    otherMeson       2.71    4988.43    13518.7
   case= 10          layer                   otherBaryon       0.56    523.879    293.372
   case= 11          layer   below 20 MeV            all    11863.8   0.433098    5138.19
   case= 12          layer   below 20 MeV       electron    10240.6   0.245605    2515.15
   case= 13          layer   below 20 MeV          gamma    1135.07    1.40151    1590.82
   case= 14          layer   below 20 MeV           muon       2.54    4.21463    10.7052
   case= 15          layer   below 20 MeV       neutrino       0.74    15.4972    11.4679
   case= 16          layer   below 20 MeV           pion       0.55     11.915    6.55323
   case= 17          layer   below 20 MeV        neutron      46.36    6.15204    285.208
   case= 18          layer   below 20 MeV         proton      22.23    7.12429    158.373
   case= 19          layer   below 20 MeV            ion     415.62    1.34516    559.075
   case= 20          layer   below 20 MeV     otherMeson       0.04    9.04087   0.361635
   case= 21          layer   below 20 MeV    otherBaryon       0.04    12.0135   0.480541
   case= 22          layer   above 20 MeV            all     318.65    435.274     138700
   case= 23          layer   above 20 MeV       electron      95.01    244.263    23207.5
   case= 24          layer   above 20 MeV          gamma     107.98    298.195    32199.1
   case= 25          layer   above 20 MeV           muon        0.3    501.277    150.383
   case= 26          layer   above 20 MeV       neutrino       7.61    39.6825    301.984
   case= 27          layer   above 20 MeV           pion      37.86    1458.48    55218.1
   case= 28          layer   above 20 MeV        neutron      36.24    175.844    6372.59
   case= 29          layer   above 20 MeV         proton       24.4    289.492    7063.62
   case= 30          layer   above 20 MeV            ion       6.06    61.9885     375.65
   case= 31          layer   above 20 MeV     otherMeson       2.67    5063.03    13518.3
   case= 32          layer   above 20 MeV    otherBaryon       0.52    563.253    292.892
 ============================================================= 



 ------  DetectorConstruction::PrintParameters() ------ 
 Material         = G4_Si
 Thickness        = 1000 mm
 Diameter         = 1000 mm
 ScoringThickness = 10 mm
 ------------------------------------------------------ 


PrimaryGenerationAction::SetGunPosition() : gun position along z = -550 mm 

Start re-initialization because 
  Geometry
has been modified since last Run.

DetectorConstruction::ConstructLayer() : 
	 World (box) size: 
	 	 x : -/+ 600 mm 	 y : -/+ 600 mm 	 z : -/+ 600 mm 
	 Target layer (cylinder) size: 
	 	 x : -/+ 500 mm 	 y : -/+ 500 mm 	 z : -/+ 500 mm 



========= Table of registered couples ============================

Index : 0     used in the geometry : Yes
 Material : G4_Galactic
 Range cuts        :  gamma  700 um     e-  700 um     e+  700 um  proton 700 um 
 Energy thresholds :  gamma  990 eV     e-  990 eV     e+  990 eV  proton 70 keV
 Region(s) which use this couple : 
    DefaultRegionForTheWorld

Index : 1     used in the geometry : No 
 Material : G4_POLYSTYRENE
 Range cuts        :  gamma  700 um     e-  700 um     e+  700 um  proton 700 um 
 Energy thresholds :  gamma  2.12507 keV    e-  285.029 keV    e+  278.025 keV proton 70 keV

Index : 2     used in the geometry : No 
 Material : G4_GRAPHITE
 Range cuts        :  gamma  700 um     e-  700 um     e+  700 um  proton 700 um 
 Energy thresholds :  gamma  2.8882 keV    e-  436.578 keV    e+  422.985 keV proton 70 keV

Index : 3     used in the geometry : Yes
 Material : G4_Si
 Range cuts        :  gamma  700 um     e-  700 um     e+  700 um  proton 700 um 
 Energy thresholds :  gamma  5.85415 keV    e-  423.338 keV    e+  409.013 keV proton 70 keV
 Region(s) which use this couple : 
    DefaultRegionForTheWorld

==================================================================

### Run 2 starts.
### Run 2 starts.
 Event#=0
 Event#=10
 Event#=20
 Event#=30
 Event#=40
 Event#=50
 Event#=60
 Event#=70
 Event#=80
 Event#=90
 Run terminated.
Run Summary
  Number of events processed : 100
  User=5.260000s Real=5.296367s Sys=0.010000s


 ===============  Run::PrintInfo()  =============== 	 RunID = 2
 Primary particle PDG code = -211
 Primary particle kinetic energy = 50 GeV
 Primary particle direction = (0,0,1)
 Target material = G4_Si
 Cubic-volume scoring up-down = 7.85398e+06 mm^3
 Cubic-volume scoring side    = 3.17301e+07 mm^3
 Number of events = 100
 Conversion factor: fluence from mm^-2 to cm^-2 = 100
 Particle fluence in unit of cm^-2 :
   case=  0     downstream                           all   0.0733526
   case=  1     downstream                      electron   0.00538646
   case=  2     downstream                         gamma   0.0631803
   case=  3     downstream                          muon   2.32797e-05
   case=  4     downstream                      neutrino   0.000337327
   case=  5     downstream                          pion   0.000765098
   case=  6     downstream                       neutron   0.0033749
   case=  7     downstream                        proton   0.000230842
   case=  8     downstream                           ion   5.63701e-06
   case=  9     downstream                    otherMeson   4.61128e-05
   case= 10     downstream                   otherBaryon   2.63775e-06
   case= 11     downstream   below 20 MeV            all   0.0639924
   case= 12     downstream   below 20 MeV       electron   0.00337074
   case= 13     downstream   below 20 MeV          gamma   0.0582673
   case= 14     downstream   below 20 MeV           muon          0
   case= 15     downstream   below 20 MeV       neutrino   2.7284e-05
   case= 16     downstream   below 20 MeV           pion          0
   case= 17     downstream   below 20 MeV        neutron   0.00232542
   case= 18     downstream   below 20 MeV         proton   1.65318e-06
   case= 19     downstream   below 20 MeV            ion          0
   case= 20     downstream   below 20 MeV     otherMeson          0
   case= 21     downstream   below 20 MeV    otherBaryon          0
   case= 22     downstream   above 20 MeV            all   0.00936017
   case= 23     downstream   above 20 MeV       electron   0.00201572
   case= 24     downstream   above 20 MeV          gamma   0.00491298
   case= 25     downstream   above 20 MeV           muon   2.32797e-05
   case= 26     downstream   above 20 MeV       neutrino   0.000310043
   case= 27     downstream   above 20 MeV           pion   0.000765098
   case= 28     downstream   above 20 MeV        neutron   0.00104948
   case= 29     downstream   above 20 MeV         proton   0.000229189
   case= 30     downstream   above 20 MeV            ion   5.63701e-06
   case= 31     downstream   above 20 MeV     otherMeson   4.61128e-05
   case= 32     downstream   above 20 MeV    otherBaryon   2.63775e-06
   case= 33           side                           all   0.00369245
   case= 34           side                      electron   8.16578e-05
   case= 35           side                         gamma   0.00205655
   case= 36           side                          muon          0
   case= 37           side                      neutrino   0.0002085
   case= 38           side                          pion   2.0266e-05
   case= 39           side                       neutron   0.00132273
   case= 40           side                        proton   2.73999e-06
   case= 41           side                           ion          0
   case= 42           side                    otherMeson          0
   case= 43           side                   otherBaryon          0
   case= 44           side   below 20 MeV            all   0.00321432
   case= 45           side   below 20 MeV       electron   5.94345e-05
   case= 46           side   below 20 MeV          gamma   0.00199243
   case= 47           side   below 20 MeV           muon          0
   case= 48           side   below 20 MeV       neutrino   1.8713e-05
   case= 49           side   below 20 MeV           pion   7.46734e-07
   case= 50           side   below 20 MeV        neutron   0.00114299
   case= 51           side   below 20 MeV         proton          0
   case= 52           side   below 20 MeV            ion          0
   case= 53           side   below 20 MeV     otherMeson          0
   case= 54           side   below 20 MeV    otherBaryon          0
   case= 55           side   above 20 MeV            all   0.000478124
   case= 56           side   above 20 MeV       electron   2.22233e-05
   case= 57           side   above 20 MeV          gamma   6.41159e-05
   case= 58           side   above 20 MeV           muon          0
   case= 59           side   above 20 MeV       neutrino   0.000189787
   case= 60           side   above 20 MeV           pion   1.95192e-05
   case= 61           side   above 20 MeV        neutron   0.000179739
   case= 62           side   above 20 MeV         proton   2.73999e-06
   case= 63           side   above 20 MeV            ion          0
   case= 64           side   above 20 MeV     otherMeson          0
   case= 65           side   above 20 MeV    otherBaryon          0
   case= 66       upstream                           all   0.00282443
   case= 67       upstream                      electron   4.31255e-05
   case= 68       upstream                         gamma   0.00136583
   case= 69       upstream                          muon          0
   case= 70       upstream                      neutrino   0.000192598
   case= 71       upstream                          pion   1.6135e-05
   case= 72       upstream                       neutron   0.00120414
   case= 73       upstream                        proton   2.60973e-06
   case= 74       upstream                           ion          0
   case= 75       upstream                    otherMeson          0
   case= 76       upstream                   otherBaryon          0
   case= 77       upstream   below 20 MeV            all   0.00245044
   case= 78       upstream   below 20 MeV       electron   2.53498e-05
   case= 79       upstream   below 20 MeV          gamma   0.00134342
   case= 80       upstream   below 20 MeV           muon          0
   case= 81       upstream   below 20 MeV       neutrino   6.23548e-06
   case= 82       upstream   below 20 MeV           pion          0
   case= 83       upstream   below 20 MeV        neutron   0.00107544
   case= 84       upstream   below 20 MeV         proton          0
   case= 85       upstream   below 20 MeV            ion          0
   case= 86       upstream   below 20 MeV     otherMeson          0
   case= 87       upstream   below 20 MeV    otherBaryon          0
   case= 88       upstream   above 20 MeV            all   0.000373989
   case= 89       upstream   above 20 MeV       electron   1.77757e-05
   case= 90       upstream   above 20 MeV          gamma   2.24076e-05
   case= 91       upstream   above 20 MeV           muon          0
   case= 92       upstream   above 20 MeV       neutrino   0.000186362
   case= 93       upstream   above 20 MeV           pion   1.6135e-05
   case= 94       upstream   above 20 MeV        neutron   0.000128698
   case= 95       upstream   above 20 MeV         proton   2.60973e-06
   case= 96       upstream   above 20 MeV            ion          0
   case= 97       upstream   above 20 MeV     otherMeson          0
   case= 98       upstream   above 20 MeV    otherBaryon          0
 ------------------------------------------------------------- 
 Extra information: particle production 	 	      <N>      <E_kin> <Sum_Ekin> [MeV]
   case=  0          layer                           all    20205.7    7.78111     157223
   case=  1          layer                      electron    16251.1    2.47138    40162.6
   case=  2          layer                         gamma    3489.59    12.5798    43898.3
   case=  3          layer                          muon       2.82    38.5715    108.772
   case=  4          layer                      neutrino       8.21    47.6492      391.2
   case=  5          layer                          pion      32.76    1500.74    49164.4
   case=  6          layer                       neutron      99.68    60.4183     6022.5
   case=  7          layer                        proton      72.03    75.0913    5408.83
   case=  8          layer                           ion     246.48    2.00144    493.316
   case=  9          layer                    otherMeson        2.5    4261.95    10654.9
   case= 10          layer                   otherBaryon       0.51    1799.68    917.835
   case= 11          layer   below 20 MeV            all    19726.8    0.55355    10919.7
   case= 12          layer   below 20 MeV       electron    16061.8   0.365347    5868.14
   case= 13          layer   below 20 MeV          gamma    3299.73    1.25548    4142.74
   case= 14          layer   below 20 MeV           muon       2.58    4.17926    10.7825
   case= 15          layer   below 20 MeV       neutrino       0.63    14.1529     8.9163
   case= 16          layer   below 20 MeV           pion       0.47    11.4805    5.39584
   case= 17          layer   below 20 MeV        neutron       69.4     4.4384    308.025
   case= 18          layer   below 20 MeV         proton      49.68    6.35135    315.535
   case= 19          layer   below 20 MeV            ion     242.39    1.07162    259.749
   case= 20          layer   below 20 MeV     otherMeson       0.03    5.67922   0.170377
   case= 21          layer   below 20 MeV    otherBaryon       0.02    13.7456   0.274912
   case= 22          layer   above 20 MeV            all     478.92    305.485     146303
   case= 23          layer   above 20 MeV       electron     189.27    181.193    34294.4
   case= 24          layer   above 20 MeV          gamma     189.86    209.394    39755.6
   case= 25          layer   above 20 MeV           muon       0.24    408.288    97.9891
   case= 26          layer   above 20 MeV       neutrino       7.58    50.4332    382.283
   case= 27          layer   above 20 MeV           pion      32.29    1522.42      49159
   case= 28          layer   above 20 MeV        neutron      30.28    188.721    5714.47
   case= 29          layer   above 20 MeV         proton      22.35    227.888    5093.29
   case= 30          layer   above 20 MeV            ion       4.09    57.1068    233.567
   case= 31          layer   above 20 MeV     otherMeson       2.47    4313.64    10654.7
   case= 32          layer   above 20 MeV    otherBaryon       0.49    1872.57     917.56
 ============================================================= 



 ------  DetectorConstruction::PrintParameters() ------ 
 Material         = G4_lAr
 Thickness        = 1000 mm
 Diameter         = 1000 mm
 ScoringThickness = 10 mm
 ------------------------------------------------------ 


PrimaryGenerationAction::SetGunPosition() : gun position along z = -550 mm 

Start re-initialization because 
  Geometry
has been modified since last Run.

DetectorConstruction::ConstructLayer() : 
	 World (box) size: 
	 	 x : -/+ 600 mm 	 y : -/+ 600 mm 	 z : -/+ 600 mm 
	 Target layer (cylinder) size: 
	 	 x : -/+ 500 mm 	 y : -/+ 500 mm 	 z : -/+ 500 mm 



========= Table of registered couples ============================

Index : 0     used in the geometry : Yes
 Material : G4_Galactic
 Range cuts        :  gamma  700 um     e-  700 um     e+  700 um  proton 700 um 
 Energy thresholds :  gamma  990 eV     e-  990 eV     e+  990 eV  proton 70 keV
 Region(s) which use this couple : 
    DefaultRegionForTheWorld

Index : 1     used in the geometry : No 
 Material : G4_POLYSTYRENE
 Range cuts        :  gamma  700 um     e-  700 um     e+  700 um  proton 700 um 
 Energy thresholds :  gamma  2.12507 keV    e-  285.029 keV    e+  278.025 keV proton 70 keV

Index : 2     used in the geometry : No 
 Material : G4_GRAPHITE
 Range cuts        :  gamma  700 um     e-  700 um     e+  700 um  proton 700 um 
 Energy thresholds :  gamma  2.8882 keV    e-  436.578 keV    e+  422.985 keV proton 70 keV

Index : 3     used in the geometry : No 
 Material : G4_Si
 Range cuts        :  gamma  700 um     e-  700 um     e+  700 um  proton 700 um 
 Energy thresholds :  gamma  5.85415 keV    e-  423.338 keV    e+  409.013 keV proton 70 keV

Index : 4     used in the geometry : Yes
 Material : G4_lAr
 Range cuts        :  gamma  700 um     e-  700 um     e+  700 um  proton 700 um 
 Energy thresholds :  gamma  5.20503 keV    e-  273.977 keV    e+  266.18 keV proton 70 keV
 Region(s) which use this couple : 
    DefaultRegionForTheWorld

==================================================================

### Run 3 starts.
### Run 3 starts.
 Event#=0
 Event#=10
 Event#=20
 Event#=30
 Event#=40
 Event#=50
 Event#=60
 Event#=70
 Event#=80
 Event#=90
 Run terminated.
Run Summary
  Number of events processed : 100
  User=1.790000s Real=1.815233s Sys=0.020000s


 ===============  Run::PrintInfo()  =============== 	 RunID = 3
 Primary particle PDG code = -211
 Primary particle kinetic energy = 50 GeV
 Primary particle direction = (0,0,1)
 Target material = G4_lAr
 Cubic-volume scoring up-down = 7.85398e+06 mm^3
 Cubic-volume scoring side    = 3.17301e+07 mm^3
 Number of events = 100
 Conversion factor: fluence from mm^-2 to cm^-2 = 100
 Particle fluence in unit of cm^-2 :
   case=  0     downstream                           all   0.0500676
   case=  1     downstream                      electron   0.00440902
   case=  2     downstream                         gamma   0.0421103
   case=  3     downstream                          muon   2.55431e-06
   case=  4     downstream                      neutrino   8.11746e-05
   case=  5     downstream                          pion   0.000641704
   case=  6     downstream                       neutron   0.00258167
   case=  7     downstream                        proton   0.000186374
   case=  8     downstream                           ion   4.33235e-06
   case=  9     downstream                    otherMeson   5.04462e-05
   case= 10     downstream                   otherBaryon          0
   case= 11     downstream   below 20 MeV            all   0.0434925
   case= 12     downstream   below 20 MeV       electron   0.00277321
   case= 13     downstream   below 20 MeV          gamma   0.0386964
   case= 14     downstream   below 20 MeV           muon          0
   case= 15     downstream   below 20 MeV       neutrino   3.90275e-06
   case= 16     downstream   below 20 MeV           pion          0
   case= 17     downstream   below 20 MeV        neutron   0.00201461
   case= 18     downstream   below 20 MeV         proton   1.40633e-06
   case= 19     downstream   below 20 MeV            ion   2.96897e-06
   case= 20     downstream   below 20 MeV     otherMeson          0
   case= 21     downstream   below 20 MeV    otherBaryon          0
   case= 22     downstream   above 20 MeV            all   0.00657505
   case= 23     downstream   above 20 MeV       electron   0.00163582
   case= 24     downstream   above 20 MeV          gamma   0.00341386
   case= 25     downstream   above 20 MeV           muon   2.55431e-06
   case= 26     downstream   above 20 MeV       neutrino   7.72719e-05
   case= 27     downstream   above 20 MeV           pion   0.000641704
   case= 28     downstream   above 20 MeV        neutron   0.000567062
   case= 29     downstream   above 20 MeV         proton   0.000184968
   case= 30     downstream   above 20 MeV            ion   1.36338e-06
   case= 31     downstream   above 20 MeV     otherMeson   5.04462e-05
   case= 32     downstream   above 20 MeV    otherBaryon          0
   case= 33           side                           all   0.00302954
   case= 34           side                      electron   7.40793e-05
   case= 35           side                         gamma   0.00190288
   case= 36           side                          muon   3.18333e-07
   case= 37           side                      neutrino   4.30725e-05
   case= 38           side                          pion   1.60609e-05
   case= 39           side                       neutron   0.000989028
   case= 40           side                        proton   4.09406e-06
   case= 41           side                           ion          0
   case= 42           side                    otherMeson          0
   case= 43           side                   otherBaryon          0
   case= 44           side   below 20 MeV            all   0.00278937
   case= 45           side   below 20 MeV       electron   5.77013e-05
   case= 46           side   below 20 MeV          gamma   0.00185349
   case= 47           side   below 20 MeV           muon          0
   case= 48           side   below 20 MeV       neutrino   2.10853e-06
   case= 49           side   below 20 MeV           pion   3.47424e-07
   case= 50           side   below 20 MeV        neutron   0.000875723
   case= 51           side   below 20 MeV         proton          0
   case= 52           side   below 20 MeV            ion          0
   case= 53           side   below 20 MeV     otherMeson          0
   case= 54           side   below 20 MeV    otherBaryon          0
   case= 55           side   above 20 MeV            all   0.00024017
   case= 56           side   above 20 MeV       electron   1.6378e-05
   case= 57           side   above 20 MeV          gamma   4.93971e-05
   case= 58           side   above 20 MeV           muon   3.18333e-07
   case= 59           side   above 20 MeV       neutrino   4.0964e-05
   case= 60           side   above 20 MeV           pion   1.57134e-05
   case= 61           side   above 20 MeV        neutron   0.000113306
   case= 62           side   above 20 MeV         proton   4.09406e-06
   case= 63           side   above 20 MeV            ion          0
   case= 64           side   above 20 MeV     otherMeson          0
   case= 65           side   above 20 MeV    otherBaryon          0
   case= 66       upstream                           all   0.00245675
   case= 67       upstream                      electron   4.11648e-05
   case= 68       upstream                         gamma   0.00138173
   case= 69       upstream                          muon          0
   case= 70       upstream                      neutrino   3.21944e-05
   case= 71       upstream                          pion   1.1223e-05
   case= 72       upstream                       neutron   0.00098579
   case= 73       upstream                        proton   4.63907e-06
   case= 74       upstream                           ion          0
   case= 75       upstream                    otherMeson          0
   case= 76       upstream                   otherBaryon          0
   case= 77       upstream   below 20 MeV            all   0.00225913
   case= 78       upstream   below 20 MeV       electron   3.07476e-05
   case= 79       upstream   below 20 MeV          gamma   0.00132884
   case= 80       upstream   below 20 MeV           muon          0
   case= 81       upstream   below 20 MeV       neutrino   2.71153e-06
   case= 82       upstream   below 20 MeV           pion          0
   case= 83       upstream   below 20 MeV        neutron   0.000896831
   case= 84       upstream   below 20 MeV         proton          0
   case= 85       upstream   below 20 MeV            ion          0
   case= 86       upstream   below 20 MeV     otherMeson          0
   case= 87       upstream   below 20 MeV    otherBaryon          0
   case= 88       upstream   above 20 MeV            all   0.000197621
   case= 89       upstream   above 20 MeV       electron   1.04172e-05
   case= 90       upstream   above 20 MeV          gamma   5.28989e-05
   case= 91       upstream   above 20 MeV           muon          0
   case= 92       upstream   above 20 MeV       neutrino   2.94828e-05
   case= 93       upstream   above 20 MeV           pion   1.1223e-05
   case= 94       upstream   above 20 MeV        neutron   8.89596e-05
   case= 95       upstream   above 20 MeV         proton   4.63907e-06
   case= 96       upstream   above 20 MeV            ion          0
   case= 97       upstream   above 20 MeV     otherMeson          0
   case= 98       upstream   above 20 MeV    otherBaryon          0
 ------------------------------------------------------------- 
 Extra information: particle production 	 	      <N>      <E_kin> <Sum_Ekin> [MeV]
   case=  0          layer                           all    5841.49    14.1953    82921.9
   case=  1          layer                      electron    4328.72    4.12822    17869.9
   case=  2          layer                         gamma    1324.82    17.3049    22925.9
   case=  3          layer                          muon       0.59    112.048    66.1084
   case=  4          layer                      neutrino       1.72    49.9358    85.8895
   case=  5          layer                          pion      14.81     1959.4    29018.8
   case=  6          layer                       neutron      61.37    46.2388    2837.68
   case=  7          layer                        proton      14.96     152.98    2288.58
   case=  8          layer                           ion      92.97    1.69804    157.867
   case=  9          layer                    otherMeson       1.37     5386.9    7380.05
   case= 10          layer                   otherBaryon       0.16     1819.9    291.184
   case= 11          layer   below 20 MeV            all     5653.1   0.655112    3703.41
   case= 12          layer   below 20 MeV       electron    4259.11   0.430337    1832.85
   case= 13          layer   below 20 MeV          gamma    1244.95    1.24018    1543.96
   case= 14          layer   below 20 MeV           muon       0.51     4.5822    2.33692
   case= 15          layer   below 20 MeV       neutrino        0.1    15.6386    1.56386
   case= 16          layer   below 20 MeV           pion       0.15    11.5243    1.72864
   case= 17          layer   below 20 MeV        neutron      49.17    3.72374    183.096
   case= 18          layer   below 20 MeV         proton       7.59    7.77695     59.027
   case= 19          layer   below 20 MeV            ion       91.5    0.85907    78.6049
   case= 20          layer   below 20 MeV     otherMeson          0          0          0
   case= 21          layer   below 20 MeV    otherBaryon       0.02     12.365   0.247301
   case= 22          layer   above 20 MeV            all     188.39    420.503    79218.5
   case= 23          layer   above 20 MeV       electron      69.61    230.384    16037.1
   case= 24          layer   above 20 MeV          gamma      79.87    267.709    21381.9
   case= 25          layer   above 20 MeV           muon       0.08    797.143    63.7715
   case= 26          layer   above 20 MeV       neutrino       1.62    52.0529    84.3257
   case= 27          layer   above 20 MeV           pion      14.66    1979.33      29017
   case= 28          layer   above 20 MeV        neutron       12.2    217.589    2654.58
   case= 29          layer   above 20 MeV         proton       7.37    302.517    2229.55
   case= 30          layer   above 20 MeV            ion       1.47    53.9199    79.2623
   case= 31          layer   above 20 MeV     otherMeson       1.37     5386.9    7380.05
   case= 32          layer   above 20 MeV    otherBaryon       0.14    2078.12    290.937
 ============================================================= 



 ------  DetectorConstruction::PrintParameters() ------ 
 Material         = G4_Fe
 Thickness        = 1000 mm
 Diameter         = 1000 mm
 ScoringThickness = 10 mm
 ------------------------------------------------------ 


PrimaryGenerationAction::SetGunPosition() : gun position along z = -550 mm 

Start re-initialization because 
  Geometry
has been modified since last Run.

DetectorConstruction::ConstructLayer() : 
	 World (box) size: 
	 	 x : -/+ 600 mm 	 y : -/+ 600 mm 	 z : -/+ 600 mm 
	 Target layer (cylinder) size: 
	 	 x : -/+ 500 mm 	 y : -/+ 500 mm 	 z : -/+ 500 mm 



========= Table of registered couples ============================

Index : 0     used in the geometry : Yes
 Material : G4_Galactic
 Range cuts        :  gamma  700 um     e-  700 um     e+  700 um  proton 700 um 
 Energy thresholds :  gamma  990 eV     e-  990 eV     e+  990 eV  proton 70 keV
 Region(s) which use this couple : 
    DefaultRegionForTheWorld

Index : 1     used in the geometry : No 
 Material : G4_POLYSTYRENE
 Range cuts        :  gamma  700 um     e-  700 um     e+  700 um  proton 700 um 
 Energy thresholds :  gamma  2.12507 keV    e-  285.029 keV    e+  278.025 keV proton 70 keV

Index : 2     used in the geometry : No 
 Material : G4_GRAPHITE
 Range cuts        :  gamma  700 um     e-  700 um     e+  700 um  proton 700 um 
 Energy thresholds :  gamma  2.8882 keV    e-  436.578 keV    e+  422.985 keV proton 70 keV

Index : 3     used in the geometry : No 
 Material : G4_Si
 Range cuts        :  gamma  700 um     e-  700 um     e+  700 um  proton 700 um 
 Energy thresholds :  gamma  5.85415 keV    e-  423.338 keV    e+  409.013 keV proton 70 keV

Index : 4     used in the geometry : No 
 Material : G4_lAr
 Range cuts        :  gamma  700 um     e-  700 um     e+  700 um  proton 700 um 
 Energy thresholds :  gamma  5.20503 keV    e-  273.977 keV    e+  266.18 keV proton 70 keV

Index : 5     used in the geometry : Yes
 Material : G4_Fe
 Range cuts        :  gamma  700 um     e-  700 um     e+  700 um  proton 700 um 
 Energy thresholds :  gamma  17.2487 keV    e-  954.642 keV    e+  906.513 keV proton 70 keV
 Region(s) which use this couple : 
    DefaultRegionForTheWorld

==================================================================

### Run 4 starts.
### Run 4 starts.
 Event#=0
 Event#=10
 Event#=20
 Event#=30
 Event#=40
 Event#=50
 Event#=60
 Event#=70
 Event#=80
 Event#=90
 Run terminated.
Run Summary
  Number of events processed : 100
  User=18.560000s Real=18.739953s Sys=0.010000s


 ===============  Run::PrintInfo()  =============== 	 RunID = 4
 Primary particle PDG code = -211
 Primary particle kinetic energy = 50 GeV
 Primary particle direction = (0,0,1)
 Target material = G4_Fe
 Cubic-volume scoring up-down = 7.85398e+06 mm^3
 Cubic-volume scoring side    = 3.17301e+07 mm^3
 Number of events = 100
 Conversion factor: fluence from mm^-2 to cm^-2 = 100
 Particle fluence in unit of cm^-2 :
   case=  0     downstream                           all   0.0179089
   case=  1     downstream                      electron   0.000453668
   case=  2     downstream                         gamma   0.00841219
   case=  3     downstream                          muon   5.2882e-06
   case=  4     downstream                      neutrino   0.000493344
   case=  5     downstream                          pion   0.000189263
   case=  6     downstream                       neutron   0.00827037
   case=  7     downstream                        proton   7.1257e-05
   case=  8     downstream                           ion          0
   case=  9     downstream                    otherMeson   1.196e-05
   case= 10     downstream                   otherBaryon   1.53876e-06
   case= 11     downstream   below 20 MeV            all   0.016081
   case= 12     downstream   below 20 MeV       electron   0.000338002
   case= 13     downstream   below 20 MeV          gamma   0.00804919
   case= 14     downstream   below 20 MeV           muon          0
   case= 15     downstream   below 20 MeV       neutrino   5.914e-05
   case= 16     downstream   below 20 MeV           pion          0
   case= 17     downstream   below 20 MeV        neutron   0.00763462
   case= 18     downstream   below 20 MeV         proton          0
   case= 19     downstream   below 20 MeV            ion          0
   case= 20     downstream   below 20 MeV     otherMeson          0
   case= 21     downstream   below 20 MeV    otherBaryon          0
   case= 22     downstream   above 20 MeV            all   0.00182793
   case= 23     downstream   above 20 MeV       electron   0.000115666
   case= 24     downstream   above 20 MeV          gamma   0.000363
   case= 25     downstream   above 20 MeV           muon   5.2882e-06
   case= 26     downstream   above 20 MeV       neutrino   0.000434204
   case= 27     downstream   above 20 MeV           pion   0.000189263
   case= 28     downstream   above 20 MeV        neutron   0.000635755
   case= 29     downstream   above 20 MeV         proton   7.1257e-05
   case= 30     downstream   above 20 MeV            ion          0
   case= 31     downstream   above 20 MeV     otherMeson   1.196e-05
   case= 32     downstream   above 20 MeV    otherBaryon   1.53876e-06
   case= 33           side                           all   0.00522897
   case= 34           side                      electron   9.02448e-06
   case= 35           side                         gamma   0.000520907
   case= 36           side                          muon          0
   case= 37           side                      neutrino   0.000415486
   case= 38           side                          pion   8.79492e-07
   case= 39           side                       neutron   0.00428268
   case= 40           side                        proton          0
   case= 41           side                           ion          0
   case= 42           side                    otherMeson          0
   case= 43           side                   otherBaryon          0
   case= 44           side   below 20 MeV            all   0.00473532
   case= 45           side   below 20 MeV       electron   9.02448e-06
   case= 46           side   below 20 MeV          gamma   0.00051943
   case= 47           side   below 20 MeV           muon          0
   case= 48           side   below 20 MeV       neutrino   3.72104e-05
   case= 49           side   below 20 MeV           pion          0
   case= 50           side   below 20 MeV        neutron   0.00416965
   case= 51           side   below 20 MeV         proton          0
   case= 52           side   below 20 MeV            ion          0
   case= 53           side   below 20 MeV     otherMeson          0
   case= 54           side   below 20 MeV    otherBaryon          0
   case= 55           side   above 20 MeV            all   0.000493656
   case= 56           side   above 20 MeV       electron          0
   case= 57           side   above 20 MeV          gamma   1.47663e-06
   case= 58           side   above 20 MeV           muon          0
   case= 59           side   above 20 MeV       neutrino   0.000378275
   case= 60           side   above 20 MeV           pion   8.79492e-07
   case= 61           side   above 20 MeV        neutron   0.000113025
   case= 62           side   above 20 MeV         proton          0
   case= 63           side   above 20 MeV            ion          0
   case= 64           side   above 20 MeV     otherMeson          0
   case= 65           side   above 20 MeV    otherBaryon          0
   case= 66       upstream                           all   0.0147582
   case= 67       upstream                      electron   0.000107014
   case= 68       upstream                         gamma   0.00291878
   case= 69       upstream                          muon          0
   case= 70       upstream                      neutrino   0.000641615
   case= 71       upstream                          pion   4.48064e-06
   case= 72       upstream                       neutron   0.0110767
   case= 73       upstream                        proton   9.63141e-06
   case= 74       upstream                           ion          0
   case= 75       upstream                    otherMeson          0
   case= 76       upstream                   otherBaryon          0
   case= 77       upstream   below 20 MeV            all   0.0138077
   case= 78       upstream   below 20 MeV       electron   0.000107014
   case= 79       upstream   below 20 MeV          gamma   0.00290083
   case= 80       upstream   below 20 MeV           muon          0
   case= 81       upstream   below 20 MeV       neutrino   4.89502e-05
   case= 82       upstream   below 20 MeV           pion          0
   case= 83       upstream   below 20 MeV        neutron   0.0107482
   case= 84       upstream   below 20 MeV         proton   2.67026e-06
   case= 85       upstream   below 20 MeV            ion          0
   case= 86       upstream   below 20 MeV     otherMeson          0
   case= 87       upstream   below 20 MeV    otherBaryon          0
   case= 88       upstream   above 20 MeV            all   0.000950517
   case= 89       upstream   above 20 MeV       electron          0
   case= 90       upstream   above 20 MeV          gamma   1.79489e-05
   case= 91       upstream   above 20 MeV           muon          0
   case= 92       upstream   above 20 MeV       neutrino   0.000592665
   case= 93       upstream   above 20 MeV           pion   4.48064e-06
   case= 94       upstream   above 20 MeV        neutron   0.000328461
   case= 95       upstream   above 20 MeV         proton   6.96114e-06
   case= 96       upstream   above 20 MeV            ion          0
   case= 97       upstream   above 20 MeV     otherMeson          0
   case= 98       upstream   above 20 MeV    otherBaryon          0
 ------------------------------------------------------------- 
 Extra information: particle production 	 	      <N>      <E_kin> <Sum_Ekin> [MeV]
   case=  0          layer                           all      57677    4.55079     262476
   case=  1          layer                      electron    43241.5    1.78755    77296.5
   case=  2          layer                         gamma    12301.8    6.16466    75836.1
   case=  3          layer                          muon        5.9    23.0937    136.253
   case=  4          layer                      neutrino      17.63    37.4068    659.481
   case=  5          layer                          pion      57.48    1123.21    64561.9
   case=  6          layer                       neutron     807.75    17.6223    14234.5
   case=  7          layer                        proton     181.11    66.7043    12080.8
   case=  8          layer                           ion    1057.62     1.0364    1096.12
   case=  9          layer                    otherMeson       5.05    3056.66    15436.2
   case= 10          layer                   otherBaryon       1.16    981.319    1138.33
   case= 11          layer   below 20 MeV            all    56586.6   0.653757    36993.9
   case= 12          layer   below 20 MeV       electron    42803.1   0.451319    19317.9
   case= 13          layer   below 20 MeV          gamma    11908.4    1.20578    14358.9
   case= 14          layer   below 20 MeV           muon       5.42     4.1319    22.3949
   case= 15          layer   below 20 MeV       neutrino       1.59       14.5    23.0549
   case= 16          layer   below 20 MeV           pion       1.27    11.6368    14.7788
   case= 17          layer   below 20 MeV        neutron     701.54    2.54242    1783.61
   case= 18          layer   below 20 MeV         proton     117.86    7.93944    935.742
   case= 19          layer   below 20 MeV            ion    1047.12   0.511259     535.35
   case= 20          layer   below 20 MeV     otherMeson       0.27    5.24662    1.41659
   case= 21          layer   below 20 MeV    otherBaryon       0.06    13.2099   0.792593
   case= 22          layer   above 20 MeV            all     1090.4    206.789     225482
   case= 23          layer   above 20 MeV       electron     438.49    132.223    57978.6
   case= 24          layer   above 20 MeV          gamma     393.34    156.295    61477.2
   case= 25          layer   above 20 MeV           muon       0.48    237.203    113.858
   case= 26          layer   above 20 MeV       neutrino      16.04    39.6775    636.426
   case= 27          layer   above 20 MeV           pion      56.21    1148.32    64547.1
   case= 28          layer   above 20 MeV        neutron     106.21    117.229    12450.8
   case= 29          layer   above 20 MeV         proton      63.25    176.207    11145.1
   case= 30          layer   above 20 MeV            ion       10.5    53.4068    560.771
   case= 31          layer   above 20 MeV     otherMeson       4.78    3229.02    15434.7
   case= 32          layer   above 20 MeV    otherBaryon        1.1    1034.13    1137.54
 ============================================================= 



 ------  DetectorConstruction::PrintParameters() ------ 
 Material         = G4_Cu
 Thickness        = 1000 mm
 Diameter         = 1000 mm
 ScoringThickness = 10 mm
 ------------------------------------------------------ 


PrimaryGenerationAction::SetGunPosition() : gun position along z = -550 mm 

Start re-initialization because 
  Geometry
has been modified since last Run.

DetectorConstruction::ConstructLayer() : 
	 World (box) size: 
	 	 x : -/+ 600 mm 	 y : -/+ 600 mm 	 z : -/+ 600 mm 
	 Target layer (cylinder) size: 
	 	 x : -/+ 500 mm 	 y : -/+ 500 mm 	 z : -/+ 500 mm 



========= Table of registered couples ============================

Index : 0     used in the geometry : Yes
 Material : G4_Galactic
 Range cuts        :  gamma  700 um     e-  700 um     e+  700 um  proton 700 um 
 Energy thresholds :  gamma  990 eV     e-  990 eV     e+  990 eV  proton 70 keV
 Region(s) which use this couple : 
    DefaultRegionForTheWorld

Index : 1     used in the geometry : No 
 Material : G4_POLYSTYRENE
 Range cuts        :  gamma  700 um     e-  700 um     e+  700 um  proton 700 um 
 Energy thresholds :  gamma  2.12507 keV    e-  285.029 keV    e+  278.025 keV proton 70 keV

Index : 2     used in the geometry : No 
 Material : G4_GRAPHITE
 Range cuts        :  gamma  700 um     e-  700 um     e+  700 um  proton 700 um 
 Energy thresholds :  gamma  2.8882 keV    e-  436.578 keV    e+  422.985 keV proton 70 keV

Index : 3     used in the geometry : No 
 Material : G4_Si
 Range cuts        :  gamma  700 um     e-  700 um     e+  700 um  proton 700 um 
 Energy thresholds :  gamma  5.85415 keV    e-  423.338 keV    e+  409.013 keV proton 70 keV

Index : 4     used in the geometry : No 
 Material : G4_lAr
 Range cuts        :  gamma  700 um     e-  700 um     e+  700 um  proton 700 um 
 Energy thresholds :  gamma  5.20503 keV    e-  273.977 keV    e+  266.18 keV proton 70 keV

Index : 5     used in the geometry : No 
 Material : G4_Fe
 Range cuts        :  gamma  700 um     e-  700 um     e+  700 um  proton 700 um 
 Energy thresholds :  gamma  17.2487 keV    e-  954.642 keV    e+  906.513 keV proton 70 keV

Index : 6     used in the geometry : Yes
 Material : G4_Cu
 Range cuts        :  gamma  700 um     e-  700 um     e+  700 um  proton 700 um 
 Energy thresholds :  gamma  20.5458 keV    e-  1.03403 MeV    e+  979.823 keV proton 70 keV
 Region(s) which use this couple : 
    DefaultRegionForTheWorld

==================================================================

### Run 5 starts.
### Run 5 starts.
 Event#=0
 Event#=10
 Event#=20
 Event#=30
 Event#=40
 Event#=50
 Event#=60
 Event#=70
 Event#=80
 Event#=90
 Run terminated.
Run Summary
  Number of events processed : 100
  User=19.810000s Real=19.976273s Sys=0.020000s


 ===============  Run::PrintInfo()  =============== 	 RunID = 5
 Primary particle PDG code = -211
 Primary particle kinetic energy = 50 GeV
 Primary particle direction = (0,0,1)
 Target material = G4_Cu
 Cubic-volume scoring up-down = 7.85398e+06 mm^3
 Cubic-volume scoring side    = 3.17301e+07 mm^3
 Number of events = 100
 Conversion factor: fluence from mm^-2 to cm^-2 = 100
 Particle fluence in unit of cm^-2 :
   case=  0     downstream                           all   0.00825998
   case=  1     downstream                      electron   0.000152336
   case=  2     downstream                         gamma   0.00356284
   case=  3     downstream                          muon   3.90101e-06
   case=  4     downstream                      neutrino   0.000380489
   case=  5     downstream                          pion   7.05097e-05
   case=  6     downstream                       neutron   0.00404318
   case=  7     downstream                        proton   4.00574e-05
   case=  8     downstream                           ion          0
   case=  9     downstream                    otherMeson   6.67447e-06
   case= 10     downstream                   otherBaryon          0
   case= 11     downstream   below 20 MeV            all   0.00721101
   case= 12     downstream   below 20 MeV       electron   0.000107385
   case= 13     downstream   below 20 MeV          gamma   0.00348556
   case= 14     downstream   below 20 MeV           muon          0
   case= 15     downstream   below 20 MeV       neutrino   3.21712e-05
   case= 16     downstream   below 20 MeV           pion          0
   case= 17     downstream   below 20 MeV        neutron   0.00358448
   case= 18     downstream   below 20 MeV         proton   1.41483e-06
   case= 19     downstream   below 20 MeV            ion          0
   case= 20     downstream   below 20 MeV     otherMeson          0
   case= 21     downstream   below 20 MeV    otherBaryon          0
   case= 22     downstream   above 20 MeV            all   0.00104897
   case= 23     downstream   above 20 MeV       electron   4.49513e-05
   case= 24     downstream   above 20 MeV          gamma   7.7274e-05
   case= 25     downstream   above 20 MeV           muon   3.90101e-06
   case= 26     downstream   above 20 MeV       neutrino   0.000348317
   case= 27     downstream   above 20 MeV           pion   7.05097e-05
   case= 28     downstream   above 20 MeV        neutron   0.000458701
   case= 29     downstream   above 20 MeV         proton   3.86426e-05
   case= 30     downstream   above 20 MeV            ion          0
   case= 31     downstream   above 20 MeV     otherMeson   6.67447e-06
   case= 32     downstream   above 20 MeV    otherBaryon          0
   case= 33           side                           all   0.00221479
   case= 34           side                      electron   6.3116e-06
   case= 35           side                         gamma   0.000400852
   case= 36           side                          muon          0
   case= 37           side                      neutrino   0.000402112
   case= 38           side                          pion          0
   case= 39           side                       neutron   0.0014036
   case= 40           side                        proton   1.90764e-06
   case= 41           side                           ion          0
   case= 42           side                    otherMeson          0
   case= 43           side                   otherBaryon          0
   case= 44           side   below 20 MeV            all   0.00174916
   case= 45           side   below 20 MeV       electron   6.3116e-06
   case= 46           side   below 20 MeV          gamma   0.000400852
   case= 47           side   below 20 MeV           muon          0
   case= 48           side   below 20 MeV       neutrino   3.72818e-05
   case= 49           side   below 20 MeV           pion          0
   case= 50           side   below 20 MeV        neutron   0.00130471
   case= 51           side   below 20 MeV         proton          0
   case= 52           side   below 20 MeV            ion          0
   case= 53           side   below 20 MeV     otherMeson          0
   case= 54           side   below 20 MeV    otherBaryon          0
   case= 55           side   above 20 MeV            all   0.000465627
   case= 56           side   above 20 MeV       electron          0
   case= 57           side   above 20 MeV          gamma          0
   case= 58           side   above 20 MeV           muon          0
   case= 59           side   above 20 MeV       neutrino   0.00036483
   case= 60           side   above 20 MeV           pion          0
   case= 61           side   above 20 MeV        neutron   9.8889e-05
   case= 62           side   above 20 MeV         proton   1.90764e-06
   case= 63           side   above 20 MeV            ion          0
   case= 64           side   above 20 MeV     otherMeson          0
   case= 65           side   above 20 MeV    otherBaryon          0
   case= 66       upstream                           all   0.0120281
   case= 67       upstream                      electron   0.000103602
   case= 68       upstream                         gamma   0.003369
   case= 69       upstream                          muon   4.16458e-07
   case= 70       upstream                      neutrino   0.000716908
   case= 71       upstream                          pion   1.69058e-05
   case= 72       upstream                       neutron   0.00781458
   case= 73       upstream                        proton   6.67481e-06
   case= 74       upstream                           ion          0
   case= 75       upstream                    otherMeson          0
   case= 76       upstream                   otherBaryon          0
   case= 77       upstream   below 20 MeV            all   0.0108807
   case= 78       upstream   below 20 MeV       electron   9.76712e-05
   case= 79       upstream   below 20 MeV          gamma   0.00334556
   case= 80       upstream   below 20 MeV           muon   4.16458e-07
   case= 81       upstream   below 20 MeV       neutrino   6.62408e-05
   case= 82       upstream   below 20 MeV           pion          0
   case= 83       upstream   below 20 MeV        neutron   0.00736951
   case= 84       upstream   below 20 MeV         proton   1.34012e-06
   case= 85       upstream   below 20 MeV            ion          0
   case= 86       upstream   below 20 MeV     otherMeson          0
   case= 87       upstream   below 20 MeV    otherBaryon          0
   case= 88       upstream   above 20 MeV            all   0.00114734
   case= 89       upstream   above 20 MeV       electron   5.93089e-06
   case= 90       upstream   above 20 MeV          gamma   2.34331e-05
   case= 91       upstream   above 20 MeV           muon          0
   case= 92       upstream   above 20 MeV       neutrino   0.000650668
   case= 93       upstream   above 20 MeV           pion   1.69058e-05
   case= 94       upstream   above 20 MeV        neutron   0.00044507
   case= 95       upstream   above 20 MeV         proton   5.3347e-06
   case= 96       upstream   above 20 MeV            ion          0
   case= 97       upstream   above 20 MeV     otherMeson          0
   case= 98       upstream   above 20 MeV    otherBaryon          0
 ------------------------------------------------------------- 
 Extra information: particle production 	 	      <N>      <E_kin> <Sum_Ekin> [MeV]
   case=  0          layer                           all    62771.8    4.27342     268250
   case=  1          layer                      electron    46474.4    1.71073    79505.3
   case=  2          layer                         gamma    13987.4    5.58975      78186
   case=  3          layer                          muon       5.66    18.6331    105.463
   case=  4          layer                      neutrino      16.93    36.4141     616.49
   case=  5          layer                          pion      57.49    1186.74    68225.5
   case=  6          layer                       neutron     886.73    18.3648    16284.6
   case=  7          layer                        proton     207.77    54.8198    11389.9
   case=  8          layer                           ion    1130.16    1.04819    1184.62
   case=  9          layer                    otherMeson          4    2714.42    10857.7
   case= 10          layer                   otherBaryon       1.24    1527.81    1894.48
   case= 11          layer   below 20 MeV            all    61654.7   0.673831    41544.9
   case= 12          layer   below 20 MeV       electron    46031.9   0.462722      21300
   case= 13          layer   below 20 MeV          gamma    13588.9    1.21335    16488.1
   case= 14          layer   below 20 MeV           muon       5.33    4.13786    22.0548
   case= 15          layer   below 20 MeV       neutrino       1.61    14.7937    23.8178
   case= 16          layer   below 20 MeV           pion       1.15    10.9905    12.6391
   case= 17          layer   below 20 MeV        neutron     769.86    2.65211    2041.76
   case= 18          layer   below 20 MeV         proton     137.89    8.12741    1120.69
   case= 19          layer   below 20 MeV            ion     1117.7   0.476475    532.556
   case= 20          layer   below 20 MeV     otherMeson       0.21    7.97666     1.6751
   case= 21          layer   below 20 MeV    otherBaryon       0.12    13.2602    1.59123
   case= 22          layer   above 20 MeV            all    1117.06    202.948     226705
   case= 23          layer   above 20 MeV       electron     442.46    131.549    58205.3
   case= 24          layer   above 20 MeV          gamma     398.49    154.829    61697.9
   case= 25          layer   above 20 MeV           muon       0.33    252.752    83.4083
   case= 26          layer   above 20 MeV       neutrino      15.32    38.6862    592.672
   case= 27          layer   above 20 MeV           pion      56.34    1210.74    68212.9
   case= 28          layer   above 20 MeV        neutron     116.87    121.869    14242.8
   case= 29          layer   above 20 MeV         proton      69.88    146.955    10269.2
   case= 30          layer   above 20 MeV            ion      12.46    52.3325    652.063
   case= 31          layer   above 20 MeV     otherMeson       3.79    2864.38      10856
   case= 32          layer   above 20 MeV    otherBaryon       1.12    1690.08    1892.89
 ============================================================= 



 ------  DetectorConstruction::PrintParameters() ------ 
 Material         = G4_W
 Thickness        = 1000 mm
 Diameter         = 1000 mm
 ScoringThickness = 10 mm
 ------------------------------------------------------ 


PrimaryGenerationAction::SetGunPosition() : gun position along z = -550 mm 

Start re-initialization because 
  Geometry
has been modified since last Run.

DetectorConstruction::ConstructLayer() : 
	 World (box) size: 
	 	 x : -/+ 600 mm 	 y : -/+ 600 mm 	 z : -/+ 600 mm 
	 Target layer (cylinder) size: 
	 	 x : -/+ 500 mm 	 y : -/+ 500 mm 	 z : -/+ 500 mm 



========= Table of registered couples ============================

Index : 0     used in the geometry : Yes
 Material : G4_Galactic
 Range cuts        :  gamma  700 um     e-  700 um     e+  700 um  proton 700 um 
 Energy thresholds :  gamma  990 eV     e-  990 eV     e+  990 eV  proton 70 keV
 Region(s) which use this couple : 
    DefaultRegionForTheWorld

Index : 1     used in the geometry : No 
 Material : G4_POLYSTYRENE
 Range cuts        :  gamma  700 um     e-  700 um     e+  700 um  proton 700 um 
 Energy thresholds :  gamma  2.12507 keV    e-  285.029 keV    e+  278.025 keV proton 70 keV

Index : 2     used in the geometry : No 
 Material : G4_GRAPHITE
 Range cuts        :  gamma  700 um     e-  700 um     e+  700 um  proton 700 um 
 Energy thresholds :  gamma  2.8882 keV    e-  436.578 keV    e+  422.985 keV proton 70 keV

Index : 3     used in the geometry : No 
 Material : G4_Si
 Range cuts        :  gamma  700 um     e-  700 um     e+  700 um  proton 700 um 
 Energy thresholds :  gamma  5.85415 keV    e-  423.338 keV    e+  409.013 keV proton 70 keV

Index : 4     used in the geometry : No 
 Material : G4_lAr
 Range cuts        :  gamma  700 um     e-  700 um     e+  700 um  proton 700 um 
 Energy thresholds :  gamma  5.20503 keV    e-  273.977 keV    e+  266.18 keV proton 70 keV

Index : 5     used in the geometry : No 
 Material : G4_Fe
 Range cuts        :  gamma  700 um     e-  700 um     e+  700 um  proton 700 um 
 Energy thresholds :  gamma  17.2487 keV    e-  954.642 keV    e+  906.513 keV proton 70 keV

Index : 6     used in the geometry : No 
 Material : G4_Cu
 Range cuts        :  gamma  700 um     e-  700 um     e+  700 um  proton 700 um 
 Energy thresholds :  gamma  20.5458 keV    e-  1.03403 MeV    e+  979.823 keV proton 70 keV

Index : 7     used in the geometry : Yes
 Material : G4_W
 Range cuts        :  gamma  700 um     e-  700 um     e+  700 um  proton 700 um 
 Energy thresholds :  gamma  97.7189 keV    e-  1.64904 MeV    e+  1.53897 MeV proton 70 keV
 Region(s) which use this couple : 
    DefaultRegionForTheWorld

==================================================================

### Run 6 starts.
### Run 6 starts.
 Event#=0
 Event#=10
 Event#=20
 Event#=30
 Event#=40
 Event#=50
 Event#=60
 Event#=70
 Event#=80
 Event#=90
 Run terminated.
Run Summary
  Number of events processed : 100
  User=49.590000s Real=50.472093s Sys=0.040000s


 ===============  Run::PrintInfo()  =============== 	 RunID = 6
 Primary particle PDG code = -211
 Primary particle kinetic energy = 50 GeV
 Primary particle direction = (0,0,1)
 Target material = G4_W
 Cubic-volume scoring up-down = 7.85398e+06 mm^3
 Cubic-volume scoring side    = 3.17301e+07 mm^3
 Number of events = 100
 Conversion factor: fluence from mm^-2 to cm^-2 = 100
 Particle fluence in unit of cm^-2 :
   case=  0     downstream                           all   0.000443499
   case=  1     downstream                      electron          0
   case=  2     downstream                         gamma   1.95205e-05
   case=  3     downstream                          muon          0
   case=  4     downstream                      neutrino   0.000202851
   case=  5     downstream                          pion          0
   case=  6     downstream                       neutron   0.000221127
   case=  7     downstream                        proton          0
   case=  8     downstream                           ion          0
   case=  9     downstream                    otherMeson          0
   case= 10     downstream                   otherBaryon          0
   case= 11     downstream   below 20 MeV            all   0.000257781
   case= 12     downstream   below 20 MeV       electron          0
   case= 13     downstream   below 20 MeV          gamma   1.95205e-05
   case= 14     downstream   below 20 MeV           muon          0
   case= 15     downstream   below 20 MeV       neutrino   2.0406e-05
   case= 16     downstream   below 20 MeV           pion          0
   case= 17     downstream   below 20 MeV        neutron   0.000217854
   case= 18     downstream   below 20 MeV         proton          0
   case= 19     downstream   below 20 MeV            ion          0
   case= 20     downstream   below 20 MeV     otherMeson          0
   case= 21     downstream   below 20 MeV    otherBaryon          0
   case= 22     downstream   above 20 MeV            all   0.000185718
   case= 23     downstream   above 20 MeV       electron          0
   case= 24     downstream   above 20 MeV          gamma          0
   case= 25     downstream   above 20 MeV           muon          0
   case= 26     downstream   above 20 MeV       neutrino   0.000182445
   case= 27     downstream   above 20 MeV           pion          0
   case= 28     downstream   above 20 MeV        neutron   3.2732e-06
   case= 29     downstream   above 20 MeV         proton          0
   case= 30     downstream   above 20 MeV            ion          0
   case= 31     downstream   above 20 MeV     otherMeson          0
   case= 32     downstream   above 20 MeV    otherBaryon          0
   case= 33           side                           all   0.000701319
   case= 34           side                      electron   9.3848e-07
   case= 35           side                         gamma   4.28869e-05
   case= 36           side                          muon          0
   case= 37           side                      neutrino   0.00034012
   case= 38           side                          pion          0
   case= 39           side                       neutron   0.000317374
   case= 40           side                        proton          0
   case= 41           side                           ion          0
   case= 42           side                    otherMeson          0
   case= 43           side                   otherBaryon          0
   case= 44           side   below 20 MeV            all   0.000367606
   case= 45           side   below 20 MeV       electron   9.3848e-07
   case= 46           side   below 20 MeV          gamma   4.28869e-05
   case= 47           side   below 20 MeV           muon          0
   case= 48           side   below 20 MeV       neutrino   2.90664e-05
   case= 49           side   below 20 MeV           pion          0
   case= 50           side   below 20 MeV        neutron   0.000294715
   case= 51           side   below 20 MeV         proton          0
   case= 52           side   below 20 MeV            ion          0
   case= 53           side   below 20 MeV     otherMeson          0
   case= 54           side   below 20 MeV    otherBaryon          0
   case= 55           side   above 20 MeV            all   0.000333712
   case= 56           side   above 20 MeV       electron          0
   case= 57           side   above 20 MeV          gamma          0
   case= 58           side   above 20 MeV           muon          0
   case= 59           side   above 20 MeV       neutrino   0.000311053
   case= 60           side   above 20 MeV           pion          0
   case= 61           side   above 20 MeV        neutron   2.26592e-05
   case= 62           side   above 20 MeV         proton          0
   case= 63           side   above 20 MeV            ion          0
   case= 64           side   above 20 MeV     otherMeson          0
   case= 65           side   above 20 MeV    otherBaryon          0
   case= 66       upstream                           all   0.0297093
   case= 67       upstream                      electron   7.82748e-05
   case= 68       upstream                         gamma   0.00341653
   case= 69       upstream                          muon          0
   case= 70       upstream                      neutrino   0.00109473
   case= 71       upstream                          pion   3.47312e-05
   case= 72       upstream                       neutron   0.0250772
   case= 73       upstream                        proton   7.82329e-06
   case= 74       upstream                           ion          0
   case= 75       upstream                    otherMeson          0
   case= 76       upstream                   otherBaryon          0
   case= 77       upstream   below 20 MeV            all   0.0277667
   case= 78       upstream   below 20 MeV       electron   7.82748e-05
   case= 79       upstream   below 20 MeV          gamma   0.00340922
   case= 80       upstream   below 20 MeV           muon          0
   case= 81       upstream   below 20 MeV       neutrino   9.78071e-05
   case= 82       upstream   below 20 MeV           pion          0
   case= 83       upstream   below 20 MeV        neutron   0.0241787
   case= 84       upstream   below 20 MeV         proton   2.64141e-06
   case= 85       upstream   below 20 MeV            ion          0
   case= 86       upstream   below 20 MeV     otherMeson          0
   case= 87       upstream   below 20 MeV    otherBaryon          0
   case= 88       upstream   above 20 MeV            all   0.00194264
   case= 89       upstream   above 20 MeV       electron          0
   case= 90       upstream   above 20 MeV          gamma   7.30795e-06
   case= 91       upstream   above 20 MeV           muon          0
   case= 92       upstream   above 20 MeV       neutrino   0.000996923
   case= 93       upstream   above 20 MeV           pion   3.47312e-05
   case= 94       upstream   above 20 MeV        neutron   0.000898494
   case= 95       upstream   above 20 MeV         proton   5.18188e-06
   case= 96       upstream   above 20 MeV            ion          0
   case= 97       upstream   above 20 MeV     otherMeson          0
   case= 98       upstream   above 20 MeV    otherBaryon          0
 ------------------------------------------------------------- 
 Extra information: particle production 	 	      <N>      <E_kin> <Sum_Ekin> [MeV]
   case=  0          layer                           all    73376.2    3.64922     267766
   case=  1          layer                      electron    43257.6    1.95361    84508.7
   case=  2          layer                         gamma    23551.8    3.65728    86135.7
   case=  3          layer                          muon       5.23    11.3452    59.3353
   case=  4          layer                      neutrino      15.71    35.4729     557.28
   case=  5          layer                          pion      51.69    1061.66    54877.1
   case=  6          layer                       neutron    3186.06    5.62766    17930.1
   case=  7          layer                        proton     113.91     99.997    11390.7
   case=  8          layer                           ion    3189.49   0.504069    1607.72
   case=  9          layer                    otherMeson       3.77    2702.14    10187.1
   case= 10          layer                   otherBaryon       0.93    550.767    512.213
   case= 11          layer   below 20 MeV            all    72218.2   0.846105    61104.2
   case= 12          layer   below 20 MeV       electron    42817.5   0.681086    29162.4
   case= 13          layer   below 20 MeV          gamma    23137.4    1.16208    26887.6
   case= 14          layer   below 20 MeV           muon       5.02    4.11981    20.6815
   case= 15          layer   below 20 MeV       neutrino       1.35    15.2291    20.5593
   case= 16          layer   below 20 MeV           pion       1.31    12.3064    16.1214
   case= 17          layer   below 20 MeV        neutron    3046.15    1.32027    4021.73
   case= 18          layer   below 20 MeV         proton      42.15    12.3651    521.189
   case= 19          layer   below 20 MeV            ion    3166.95    0.14245    451.132
   case= 20          layer   below 20 MeV     otherMeson       0.22    6.01838    1.32404
   case= 21          layer   below 20 MeV    otherBaryon       0.13    11.1154      1.445
   case= 22          layer   above 20 MeV            all    1158.08    178.452     206662
   case= 23          layer   above 20 MeV       electron     440.09    125.761    55346.3
   case= 24          layer   above 20 MeV          gamma     414.48    142.946    59248.1
   case= 25          layer   above 20 MeV           muon       0.21    184.066    38.6538
   case= 26          layer   above 20 MeV       neutrino      14.36    37.3761    536.721
   case= 27          layer   above 20 MeV           pion      50.38    1088.94      54861
   case= 28          layer   above 20 MeV        neutron     139.91    99.4091    13908.3
   case= 29          layer   above 20 MeV         proton      71.76     151.47    10869.5
   case= 30          layer   above 20 MeV            ion      22.54    51.3129    1156.59
   case= 31          layer   above 20 MeV     otherMeson       3.55    2869.23    10185.8
   case= 32          layer   above 20 MeV    otherBaryon        0.8    638.461    510.768
 ============================================================= 



 ------  DetectorConstruction::PrintParameters() ------ 
 Material         = G4_Pb
 Thickness        = 1000 mm
 Diameter         = 1000 mm
 ScoringThickness = 10 mm
 ------------------------------------------------------ 


PrimaryGenerationAction::SetGunPosition() : gun position along z = -550 mm 

Start re-initialization because 
  Geometry
has been modified since last Run.

DetectorConstruction::ConstructLayer() : 
	 World (box) size: 
	 	 x : -/+ 600 mm 	 y : -/+ 600 mm 	 z : -/+ 600 mm 
	 Target layer (cylinder) size: 
	 	 x : -/+ 500 mm 	 y : -/+ 500 mm 	 z : -/+ 500 mm 



========= Table of registered couples ============================

Index : 0     used in the geometry : Yes
 Material : G4_Galactic
 Range cuts        :  gamma  700 um     e-  700 um     e+  700 um  proton 700 um 
 Energy thresholds :  gamma  990 eV     e-  990 eV     e+  990 eV  proton 70 keV
 Region(s) which use this couple : 
    DefaultRegionForTheWorld

Index : 1     used in the geometry : No 
 Material : G4_POLYSTYRENE
 Range cuts        :  gamma  700 um     e-  700 um     e+  700 um  proton 700 um 
 Energy thresholds :  gamma  2.12507 keV    e-  285.029 keV    e+  278.025 keV proton 70 keV

Index : 2     used in the geometry : No 
 Material : G4_GRAPHITE
 Range cuts        :  gamma  700 um     e-  700 um     e+  700 um  proton 700 um 
 Energy thresholds :  gamma  2.8882 keV    e-  436.578 keV    e+  422.985 keV proton 70 keV

Index : 3     used in the geometry : No 
 Material : G4_Si
 Range cuts        :  gamma  700 um     e-  700 um     e+  700 um  proton 700 um 
 Energy thresholds :  gamma  5.85415 keV    e-  423.338 keV    e+  409.013 keV proton 70 keV

Index : 4     used in the geometry : No 
 Material : G4_lAr
 Range cuts        :  gamma  700 um     e-  700 um     e+  700 um  proton 700 um 
 Energy thresholds :  gamma  5.20503 keV    e-  273.977 keV    e+  266.18 keV proton 70 keV

Index : 5     used in the geometry : No 
 Material : G4_Fe
 Range cuts        :  gamma  700 um     e-  700 um     e+  700 um  proton 700 um 
 Energy thresholds :  gamma  17.2487 keV    e-  954.642 keV    e+  906.513 keV proton 70 keV

Index : 6     used in the geometry : No 
 Material : G4_Cu
 Range cuts        :  gamma  700 um     e-  700 um     e+  700 um  proton 700 um 
 Energy thresholds :  gamma  20.5458 keV    e-  1.03403 MeV    e+  979.823 keV proton 70 keV

Index : 7     used in the geometry : No 
 Material : G4_W
 Range cuts        :  gamma  700 um     e-  700 um     e+  700 um  proton 700 um 
 Energy thresholds :  gamma  97.7189 keV    e-  1.64904 MeV    e+  1.53897 MeV proton 70 keV

Index : 8     used in the geometry : Yes
 Material : G4_Pb
 Range cuts        :  gamma  700 um     e-  700 um     e+  700 um  proton 700 um 
 Energy thresholds :  gamma  94.6952 keV    e-  1.00699 MeV    e+  946.936 keV proton 70 keV
 Region(s) which use this couple : 
    DefaultRegionForTheWorld

==================================================================

### Run 7 starts.
### Run 7 starts.
 Event#=0
 Event#=10
 Event#=20
 Event#=30
 Event#=40
 Event#=50
 Event#=60
 Event#=70
 Event#=80
 Event#=90
 Run terminated.
Run Summary
  Number of events processed : 100
  User=32.140000s Real=32.773746s Sys=0.030000s


 ===============  Run::PrintInfo()  =============== 	 RunID = 7
 Primary particle PDG code = -211
 Primary particle kinetic energy = 50 GeV
 Primary particle direction = (0,0,1)
 Target material = G4_Pb
 Cubic-volume scoring up-down = 7.85398e+06 mm^3
 Cubic-volume scoring side    = 3.17301e+07 mm^3
 Number of events = 100
 Conversion factor: fluence from mm^-2 to cm^-2 = 100
 Particle fluence in unit of cm^-2 :
   case=  0     downstream                           all   0.0322627
   case=  1     downstream                      electron   0.000527698
   case=  2     downstream                         gamma   0.00454102
   case=  3     downstream                          muon   1.28964e-06
   case=  4     downstream                      neutrino   0.000314641
   case=  5     downstream                          pion   8.94587e-05
   case=  6     downstream                       neutron   0.0267373
   case=  7     downstream                        proton   4.44795e-05
   case=  8     downstream                           ion   1.38845e-06
   case=  9     downstream                    otherMeson   5.47063e-06
   case= 10     downstream                   otherBaryon          0
   case= 11     downstream   below 20 MeV            all   0.0310305
   case= 12     downstream   below 20 MeV       electron   0.000395308
   case= 13     downstream   below 20 MeV          gamma   0.00431645
   case= 14     downstream   below 20 MeV           muon          0
   case= 15     downstream   below 20 MeV       neutrino   3.77576e-05
   case= 16     downstream   below 20 MeV           pion          0
   case= 17     downstream   below 20 MeV        neutron   0.026277
   case= 18     downstream   below 20 MeV         proton   3.94323e-06
   case= 19     downstream   below 20 MeV            ion          0
   case= 20     downstream   below 20 MeV     otherMeson          0
   case= 21     downstream   below 20 MeV    otherBaryon          0
   case= 22     downstream   above 20 MeV            all   0.00123227
   case= 23     downstream   above 20 MeV       electron   0.00013239
   case= 24     downstream   above 20 MeV          gamma   0.000224567
   case= 25     downstream   above 20 MeV           muon   1.28964e-06
   case= 26     downstream   above 20 MeV       neutrino   0.000276884
   case= 27     downstream   above 20 MeV           pion   8.94587e-05
   case= 28     downstream   above 20 MeV        neutron   0.000460286
   case= 29     downstream   above 20 MeV         proton   4.05363e-05
   case= 30     downstream   above 20 MeV            ion   1.38845e-06
   case= 31     downstream   above 20 MeV     otherMeson   5.47063e-06
   case= 32     downstream   above 20 MeV    otherBaryon          0
   case= 33           side                           all   0.0285887
   case= 34           side                      electron   3.51119e-06
   case= 35           side                         gamma   0.000110784
   case= 36           side                          muon          0
   case= 37           side                      neutrino   0.000352286
   case= 38           side                          pion          0
   case= 39           side                       neutron   0.0281202
   case= 40           side                        proton   1.82613e-06
   case= 41           side                           ion          0
   case= 42           side                    otherMeson          0
   case= 43           side                   otherBaryon          0
   case= 44           side   below 20 MeV            all   0.0281081
   case= 45           side   below 20 MeV       electron   3.51119e-06
   case= 46           side   below 20 MeV          gamma   0.000110784
   case= 47           side   below 20 MeV           muon          0
   case= 48           side   below 20 MeV       neutrino   3.50788e-05
   case= 49           side   below 20 MeV           pion          0
   case= 50           side   below 20 MeV        neutron   0.0279588
   case= 51           side   below 20 MeV         proton          0
   case= 52           side   below 20 MeV            ion          0
   case= 53           side   below 20 MeV     otherMeson          0
   case= 54           side   below 20 MeV    otherBaryon          0
   case= 55           side   above 20 MeV            all   0.000480513
   case= 56           side   above 20 MeV       electron          0
   case= 57           side   above 20 MeV          gamma          0
   case= 58           side   above 20 MeV           muon          0
   case= 59           side   above 20 MeV       neutrino   0.000317207
   case= 60           side   above 20 MeV           pion          0
   case= 61           side   above 20 MeV        neutron   0.00016148
   case= 62           side   above 20 MeV         proton   1.82613e-06
   case= 63           side   above 20 MeV            ion          0
   case= 64           side   above 20 MeV     otherMeson          0
   case= 65           side   above 20 MeV    otherBaryon          0
   case= 66       upstream                           all   0.0663788
   case= 67       upstream                      electron   7.44137e-05
   case= 68       upstream                         gamma   0.00166447
   case= 69       upstream                          muon          0
   case= 70       upstream                      neutrino   0.000659687
   case= 71       upstream                          pion   2.07464e-05
   case= 72       upstream                       neutron   0.0639581
   case= 73       upstream                        proton   1.4378e-06
   case= 74       upstream                           ion          0
   case= 75       upstream                    otherMeson          0
   case= 76       upstream                   otherBaryon          0
   case= 77       upstream   below 20 MeV            all   0.0649877
   case= 78       upstream   below 20 MeV       electron   7.22789e-05
   case= 79       upstream   below 20 MeV          gamma   0.00165796
   case= 80       upstream   below 20 MeV           muon          0
   case= 81       upstream   below 20 MeV       neutrino   4.00328e-05
   case= 82       upstream   below 20 MeV           pion          0
   case= 83       upstream   below 20 MeV        neutron   0.0632175
   case= 84       upstream   below 20 MeV         proton          0
   case= 85       upstream   below 20 MeV            ion          0
   case= 86       upstream   below 20 MeV     otherMeson          0
   case= 87       upstream   below 20 MeV    otherBaryon          0
   case= 88       upstream   above 20 MeV            all   0.00139105
   case= 89       upstream   above 20 MeV       electron   2.13483e-06
   case= 90       upstream   above 20 MeV          gamma   6.50408e-06
   case= 91       upstream   above 20 MeV           muon          0
   case= 92       upstream   above 20 MeV       neutrino   0.000619654
   case= 93       upstream   above 20 MeV           pion   2.07464e-05
   case= 94       upstream   above 20 MeV        neutron   0.000740575
   case= 95       upstream   above 20 MeV         proton   1.4378e-06
   case= 96       upstream   above 20 MeV            ion          0
   case= 97       upstream   above 20 MeV     otherMeson          0
   case= 98       upstream   above 20 MeV    otherBaryon          0
 ------------------------------------------------------------- 
 Extra information: particle production 	 	      <N>      <E_kin> <Sum_Ekin> [MeV]
   case=  0          layer                           all    46770.6    5.15052     240893
   case=  1          layer                      electron    27698.4    2.63967    73114.6
   case=  2          layer                         gamma    15994.9     4.6193      73885
   case=  3          layer                          muon       4.97    17.2987    85.9747
   case=  4          layer                      neutrino      14.81    37.6954    558.269
   case=  5          layer                          pion      48.41    1075.77      52078
   case=  6          layer                       neutron    1887.21    9.28361    17520.1
   case=  7          layer                        proton     101.67    96.8755    9849.33
   case=  8          layer                           ion    1015.31    1.60867     1633.3
   case=  9          layer                    otherMeson       3.97    2903.89    11528.5
   case= 10          layer                   otherBaryon       0.97    659.392     639.61
   case= 11          layer   below 20 MeV            all    45680.3    0.99903      45636
   case= 12          layer   below 20 MeV       electron    27287.8   0.808219    22054.5
   case= 13          layer   below 20 MeV          gamma      15605    1.22419    19103.4
   case= 14          layer   below 20 MeV           muon       4.58    4.11981    18.8687
   case= 15          layer   below 20 MeV       neutrino       1.38    14.6869    20.2679
   case= 16          layer   below 20 MeV           pion       1.03    12.8412    13.2264
   case= 17          layer   below 20 MeV        neutron    1755.11    2.05988    3615.32
   case= 18          layer   below 20 MeV         proton      34.61    12.6105    436.448
   case= 19          layer   below 20 MeV            ion     990.59    0.37526    371.728
   case= 20          layer   below 20 MeV     otherMeson        0.2    4.85742   0.971483
   case= 21          layer   below 20 MeV    otherBaryon        0.1    12.8569    1.28569
   case= 22          layer   above 20 MeV            all    1090.23    179.097     195257
   case= 23          layer   above 20 MeV       electron     410.61    124.352    51060.1
   case= 24          layer   above 20 MeV          gamma      389.9    140.502    54781.6
   case= 25          layer   above 20 MeV           muon       0.39    172.067    67.1059
   case= 26          layer   above 20 MeV       neutrino      13.43    40.0596    538.001
   case= 27          layer   above 20 MeV           pion      47.38    1098.88    52064.8
   case= 28          layer   above 20 MeV        neutron      132.1     105.26    13904.8
   case= 29          layer   above 20 MeV         proton      67.06    140.365    9412.88
   case= 30          layer   above 20 MeV            ion      24.72    51.0345    1261.57
   case= 31          layer   above 20 MeV     otherMeson       3.77    3057.69    11527.5
   case= 32          layer   above 20 MeV    otherBaryon       0.87    733.706    638.325
 ============================================================= 



 ------  DetectorConstruction::PrintParameters() ------ 
 Material         = G4_PbWO4
 Thickness        = 1000 mm
 Diameter         = 1000 mm
 ScoringThickness = 10 mm
 ------------------------------------------------------ 


PrimaryGenerationAction::SetGunPosition() : gun position along z = -550 mm 

Start re-initialization because 
  Geometry
has been modified since last Run.

DetectorConstruction::ConstructLayer() : 
	 World (box) size: 
	 	 x : -/+ 600 mm 	 y : -/+ 600 mm 	 z : -/+ 600 mm 
	 Target layer (cylinder) size: 
	 	 x : -/+ 500 mm 	 y : -/+ 500 mm 	 z : -/+ 500 mm 



========= Table of registered couples ============================

Index : 0     used in the geometry : Yes
 Material : G4_Galactic
 Range cuts        :  gamma  700 um     e-  700 um     e+  700 um  proton 700 um 
 Energy thresholds :  gamma  990 eV     e-  990 eV     e+  990 eV  proton 70 keV
 Region(s) which use this couple : 
    DefaultRegionForTheWorld

Index : 1     used in the geometry : No 
 Material : G4_POLYSTYRENE
 Range cuts        :  gamma  700 um     e-  700 um     e+  700 um  proton 700 um 
 Energy thresholds :  gamma  2.12507 keV    e-  285.029 keV    e+  278.025 keV proton 70 keV

Index : 2     used in the geometry : No 
 Material : G4_GRAPHITE
 Range cuts        :  gamma  700 um     e-  700 um     e+  700 um  proton 700 um 
 Energy thresholds :  gamma  2.8882 keV    e-  436.578 keV    e+  422.985 keV proton 70 keV

Index : 3     used in the geometry : No 
 Material : G4_Si
 Range cuts        :  gamma  700 um     e-  700 um     e+  700 um  proton 700 um 
 Energy thresholds :  gamma  5.85415 keV    e-  423.338 keV    e+  409.013 keV proton 70 keV

Index : 4     used in the geometry : No 
 Material : G4_lAr
 Range cuts        :  gamma  700 um     e-  700 um     e+  700 um  proton 700 um 
 Energy thresholds :  gamma  5.20503 keV    e-  273.977 keV    e+  266.18 keV proton 70 keV

Index : 5     used in the geometry : No 
 Material : G4_Fe
 Range cuts        :  gamma  700 um     e-  700 um     e+  700 um  proton 700 um 
 Energy thresholds :  gamma  17.2487 keV    e-  954.642 keV    e+  906.513 keV proton 70 keV

Index : 6     used in the geometry : No 
 Material : G4_Cu
 Range cuts        :  gamma  700 um     e-  700 um     e+  700 um  proton 700 um 
 Energy thresholds :  gamma  20.5458 keV    e-  1.03403 MeV    e+  979.823 keV proton 70 keV

Index : 7     used in the geometry : No 
 Material : G4_W
 Range cuts        :  gamma  700 um     e-  700 um     e+  700 um  proton 700 um 
 Energy thresholds :  gamma  97.7189 keV    e-  1.64904 MeV    e+  1.53897 MeV proton 70 keV

Index : 8     used in the geometry : No 
 Material : G4_Pb
 Range cuts        :  gamma  700 um     e-  700 um     e+  700 um  proton 700 um 
 Energy thresholds :  gamma  94.6952 keV    e-  1.00699 MeV    e+  946.936 keV proton 70 keV

Index : 9     used in the geometry : Yes
 Material : G4_PbWO4
 Range cuts        :  gamma  700 um     e-  700 um     e+  700 um  proton 700 um 
 Energy thresholds :  gamma  75.7749 keV    e-  842.468 keV    e+  797.806 keV proton 70 keV
 Region(s) which use this couple : 
    DefaultRegionForTheWorld

==================================================================

### Run 8 starts.
### Run 8 starts.
 Event#=0
 Event#=10
 Event#=20
 Event#=30
 Event#=40
 Event#=50
 Event#=60
 Event#=70
 Event#=80
 Event#=90
 Run terminated.
Run Summary
  Number of events processed : 100
  User=29.020000s Real=30.102776s Sys=0.020000s


 ===============  Run::PrintInfo()  =============== 	 RunID = 8
 Primary particle PDG code = -211
 Primary particle kinetic energy = 50 GeV
 Primary particle direction = (0,0,1)
 Target material = G4_PbWO4
 Cubic-volume scoring up-down = 7.85398e+06 mm^3
 Cubic-volume scoring side    = 3.17301e+07 mm^3
 Number of events = 100
 Conversion factor: fluence from mm^-2 to cm^-2 = 100
 Particle fluence in unit of cm^-2 :
   case=  0     downstream                           all   0.0189273
   case=  1     downstream                      electron   0.000377807
   case=  2     downstream                         gamma   0.0054971
   case=  3     downstream                          muon   2.66152e-06
   case=  4     downstream                      neutrino   0.00047124
   case=  5     downstream                          pion   0.000208
   case=  6     downstream                       neutron   0.0122867
   case=  7     downstream                        proton   6.74749e-05
   case=  8     downstream                           ion   3.58601e-06
   case=  9     downstream                    otherMeson   1.27038e-05
   case= 10     downstream                   otherBaryon          0
   case= 11     downstream   below 20 MeV            all   0.0168693
   case= 12     downstream   below 20 MeV       electron   0.000270583
   case= 13     downstream   below 20 MeV          gamma   0.0052735
   case= 14     downstream   below 20 MeV           muon          0
   case= 15     downstream   below 20 MeV       neutrino   3.48329e-05
   case= 16     downstream   below 20 MeV           pion   6.88882e-06
   case= 17     downstream   below 20 MeV        neutron   0.0112835
   case= 18     downstream   below 20 MeV         proton          0
   case= 19     downstream   below 20 MeV            ion          0
   case= 20     downstream   below 20 MeV     otherMeson          0
   case= 21     downstream   below 20 MeV    otherBaryon          0
   case= 22     downstream   above 20 MeV            all   0.00205804
   case= 23     downstream   above 20 MeV       electron   0.000107223
   case= 24     downstream   above 20 MeV          gamma   0.000223598
   case= 25     downstream   above 20 MeV           muon   2.66152e-06
   case= 26     downstream   above 20 MeV       neutrino   0.000436407
   case= 27     downstream   above 20 MeV           pion   0.000201111
   case= 28     downstream   above 20 MeV        neutron   0.00100327
   case= 29     downstream   above 20 MeV         proton   6.74749e-05
   case= 30     downstream   above 20 MeV            ion   3.58601e-06
   case= 31     downstream   above 20 MeV     otherMeson   1.27038e-05
   case= 32     downstream   above 20 MeV    otherBaryon          0
   case= 33           side                           all   0.00491409
   case= 34           side                      electron   5.34982e-06
   case= 35           side                         gamma   0.000523672
   case= 36           side                          muon          0
   case= 37           side                      neutrino   0.000324137
   case= 38           side                          pion   1.01668e-06
   case= 39           side                       neutron   0.00405891
   case= 40           side                        proton   1.01096e-06
   case= 41           side                           ion          0
   case= 42           side                    otherMeson          0
   case= 43           side                   otherBaryon          0
   case= 44           side   below 20 MeV            all   0.00442892
   case= 45           side   below 20 MeV       electron   5.34982e-06
   case= 46           side   below 20 MeV          gamma   0.000523672
   case= 47           side   below 20 MeV           muon          0
   case= 48           side   below 20 MeV       neutrino   2.51497e-05
   case= 49           side   below 20 MeV           pion          0
   case= 50           side   below 20 MeV        neutron   0.00387475
   case= 51           side   below 20 MeV         proton          0
   case= 52           side   below 20 MeV            ion          0
   case= 53           side   below 20 MeV     otherMeson          0
   case= 54           side   below 20 MeV    otherBaryon          0
   case= 55           side   above 20 MeV            all   0.000485174
   case= 56           side   above 20 MeV       electron          0
   case= 57           side   above 20 MeV          gamma          0
   case= 58           side   above 20 MeV           muon          0
   case= 59           side   above 20 MeV       neutrino   0.000298987
   case= 60           side   above 20 MeV           pion   1.01668e-06
   case= 61           side   above 20 MeV        neutron   0.00018416
   case= 62           side   above 20 MeV         proton   1.01096e-06
   case= 63           side   above 20 MeV            ion          0
   case= 64           side   above 20 MeV     otherMeson          0
   case= 65           side   above 20 MeV    otherBaryon          0
   case= 66       upstream                           all   0.0202446
   case= 67       upstream                      electron   7.38695e-05
   case= 68       upstream                         gamma   0.00270749
   case= 69       upstream                          muon          0
   case= 70       upstream                      neutrino   0.000504133
   case= 71       upstream                          pion   7.88053e-06
   case= 72       upstream                       neutron   0.0169395
   case= 73       upstream                        proton   1.17254e-05
   case= 74       upstream                           ion          0
   case= 75       upstream                    otherMeson          0
   case= 76       upstream                   otherBaryon          0
   case= 77       upstream   below 20 MeV            all   0.0189753
   case= 78       upstream   below 20 MeV       electron   6.69917e-05
   case= 79       upstream   below 20 MeV          gamma   0.00269082
   case= 80       upstream   below 20 MeV           muon          0
   case= 81       upstream   below 20 MeV       neutrino   3.51655e-05
   case= 82       upstream   below 20 MeV           pion          0
   case= 83       upstream   below 20 MeV        neutron   0.0161808
   case= 84       upstream   below 20 MeV         proton   1.59828e-06
   case= 85       upstream   below 20 MeV            ion          0
   case= 86       upstream   below 20 MeV     otherMeson          0
   case= 87       upstream   below 20 MeV    otherBaryon          0
   case= 88       upstream   above 20 MeV            all   0.00126928
   case= 89       upstream   above 20 MeV       electron   6.87787e-06
   case= 90       upstream   above 20 MeV          gamma   1.66702e-05
   case= 91       upstream   above 20 MeV           muon          0
   case= 92       upstream   above 20 MeV       neutrino   0.000468967
   case= 93       upstream   above 20 MeV           pion   7.88053e-06
   case= 94       upstream   above 20 MeV        neutron   0.000758753
   case= 95       upstream   above 20 MeV         proton   1.01271e-05
   case= 96       upstream   above 20 MeV            ion          0
   case= 97       upstream   above 20 MeV     otherMeson          0
   case= 98       upstream   above 20 MeV    otherBaryon          0
 ------------------------------------------------------------- 
 Extra information: particle production 	 	      <N>      <E_kin> <Sum_Ekin> [MeV]
   case=  0          layer                           all    57105.3    4.54372     259470
   case=  1          layer                      electron    33929.8    2.37048    80429.8
   case=  2          layer                         gamma    18399.2    4.42195    81360.3
   case=  3          layer                          muon       4.68    16.5795    77.5922
   case=  4          layer                      neutrino      14.01    38.4412    538.562
   case=  5          layer                          pion       50.2    1163.17    58391.3
   case=  6          layer                       neutron    1631.51    9.53992    15564.5
   case=  7          layer                        proton     112.39    92.3088    10374.6
   case=  8          layer                           ion    2958.55   0.652919    1931.69
   case=  9          layer                    otherMeson       3.87    2623.85    10154.3
   case= 10          layer                   otherBaryon       1.12      578.3    647.696
   case= 11          layer   below 20 MeV            all    55992.5   0.910904    51003.8
   case= 12          layer   below 20 MeV       electron    33494.8   0.742623      24874
   case= 13          layer   below 20 MeV          gamma    17989.9    1.20901      21750
   case= 14          layer   below 20 MeV           muon        4.3    4.11601    17.6988
   case= 15          layer   below 20 MeV       neutrino        1.1    14.9782     16.476
   case= 16          layer   below 20 MeV           pion       1.07     12.755    13.6478
   case= 17          layer   below 20 MeV        neutron    1510.78    1.93756    2927.23
   case= 18          layer   below 20 MeV         proton      51.62    9.84522     508.21
   case= 19          layer   below 20 MeV            ion    2938.55   0.304015    893.362
   case= 20          layer   below 20 MeV     otherMeson       0.31    7.96785    2.47003
   case= 21          layer   below 20 MeV    otherBaryon       0.07    10.0705   0.704934
   case= 22          layer   above 20 MeV            all     1112.8    187.335     208466
   case= 23          layer   above 20 MeV       electron     434.97    127.723    55555.7
   case= 24          layer   above 20 MeV          gamma      409.3     145.64    59610.3
   case= 25          layer   above 20 MeV           muon       0.38    157.614    59.8934
   case= 26          layer   above 20 MeV       neutrino      12.91    40.4404    522.086
   case= 27          layer   above 20 MeV           pion      49.13    1188.23    58377.7
   case= 28          layer   above 20 MeV        neutron     120.73    104.674    12637.3
   case= 29          layer   above 20 MeV         proton      60.77    162.356    9866.37
   case= 30          layer   above 20 MeV            ion         20    51.9165    1038.33
   case= 31          layer   above 20 MeV     otherMeson       3.56    2851.63    10151.8
   case= 32          layer   above 20 MeV    otherBaryon       1.05    616.182    646.991
 ============================================================= 

================== Deleting memory pools ===================
Number of memory pools allocated: 11 of which, static: 0
Dynamic pools deleted: 11 / Total memory freed: 0.15 MB
============================================================
