Environment variable "G4FORCE_RUN_MANAGER_TYPE" enabled with value == Serial. Forcing G4RunManager type...

        ############################################
        !!! WARNING - FPE detection is activated !!!
        ############################################


          ################################
          !!! G4Backtrace is activated !!!
          ################################


**************************************************************
 Geant4 version Name: geant4-11-03-ref-01    (31-January-2025)
                       Copyright : Geant4 Collaboration
                      References : NIM A 506 (2003), 250-303
                                 : IEEE-TNS 53 (2006), 270-278
                                 : NIM A 835 (2016), 186-225
                             WWW : http://geant4.org/
**************************************************************

Visualization Manager instantiating with verbosity "warnings (3)"...
Visualization Manager initialising...
Registering graphics systems...

You have successfully registered the following graphics systems.
Registered graphics systems are:
  ASCIITree (ATree)
  DAWNFILE (DAWNFILE)
  G4HepRepFile (HepRepFile)
  RayTracer (RayTracer)
  VRML2FILE (VRML2FILE)
  gMocrenFile (gMocrenFile)
  TOOLSSG_OFFSCREEN (TSG_OFFSCREEN, TSG_FILE)
  OpenGLImmediateQt (OGLIQt, OGLI)
  OpenGLStoredQt (OGLSQt, OGL, OGLS)
  OpenGLImmediateXm (OGLIXm, OGLIQt_FALLBACK)
  OpenGLStoredXm (OGLSXm, OGLSQt_FALLBACK)
  OpenGLImmediateX (OGLIX, OGLIQt_FALLBACK, OGLIXm_FALLBACK)
  OpenGLStoredX (OGLSX, OGLSQt_FALLBACK, OGLSXm_FALLBACK)
  RayTracerX (RayTracerX)
  Qt3D (Qt3D)
  TOOLSSG_X11_GLES (TSG_X11_GLES, TSGX11, TSG_XT_GLES_FALLBACK)
  TOOLSSG_X11_ZB (TSG_X11_ZB, TSGX11ZB)
  TOOLSSG_XT_GLES (TSG_XT_GLES, TSGXt, TSG_QT_GLES_FALLBACK)
  TOOLSSG_XT_ZB (TSG_XT_ZB, TSGXtZB)
  TOOLSSG_QT_GLES (TSG_QT_GLES, TSGQt, TSG)
  TOOLSSG_QT_ZB (TSG_QT_ZB, TSGQtZB)
You may choose a graphics system (driver) with a parameter of
the command "/vis/open" or "/vis/sceneHandler/create",
or you may omit the driver parameter and choose at run time:
- by argument in the construction of G4VisExecutive
- by environment variable "G4VIS_DEFAULT_DRIVER"
- by entry in "~/.g4session"
- by build flags.
- Note: This feature is not allowed in batch mode.
For further information see "examples/basic/B1/exampleB1.cc"
and "vis.mac".

Registering model factories...

You have successfully registered the following model factories.
Registered model factories:
  generic
  drawByAttribute
  drawByCharge
  drawByOriginVolume
  drawByParticleID
  drawByEncounteredVolume

Registered models:
  None

Registered filter factories:
  attributeFilter
  chargeFilter
  originVolumeFilter
  particleFilter
  encounteredVolumeFilter

Registered filters:
  None

You have successfully registered the following user vis actions.
Run Duration User Vis Actions: none
End of Event User Vis Actions: none
End of Run User Vis Actions: none

Some /vis commands (optionally) take a string to specify colour.
"/vis/list" to see available colours.
/control/saveHistory
/run/verbose 1
/control/execute physics.mac
/physics/addPhysics LowE_Livermore
THE FOLLOWING ELECTROMAGNETIC PHYSICS LIST HAS BEEN ACTIVATED: G4EmLivermorePhysics
/physics/addPhysics HPElastic
/physics/addPhysics binary
THE FOLLOWING HADRONIC INELASTIC PHYSICS LIST HAS BEEN ACTIVATED: HadronPhysicsQGSP_BIC_HP
/physics/addPhysics binary_ion
THE FOLLOWING HADRONIC INELASTIC PHYSICS LIST HAS BEEN ACTIVATED: G4IonBinaryCascadePhysics
/physics/addPhysics radioactive_decay
THE FOLLOWING HADRONIC INELASTIC PHYSICS LIST HAS BEEN ACTIVATED: G4RadioactiveDecayPhysics
/run/initialize

***** Table : Nb of materials = 10 *****

 Material: Tungsten    density: 19.300 g/cm3   RadL:   3.504 mm   Nucl.Int.Length:  10.312 cm 
                       Imean: 727.000 eV   temperature: 293.15 K  pressure:   1.00 atm

   --->  Element: W (W)   Z = 74.0   N =   184   A = 183.842 g/mole
         --->  Isotope:  W180   Z = 74   N = 180   A = 179.95 g/mole   abundance:  0.120 %
         --->  Isotope:  W182   Z = 74   N = 182   A = 181.95 g/mole   abundance: 26.500 %
         --->  Isotope:  W183   Z = 74   N = 183   A = 182.95 g/mole   abundance: 14.310 %
         --->  Isotope:  W184   Z = 74   N = 184   A = 183.95 g/mole   abundance: 30.640 %
         --->  Isotope:  W186   Z = 74   N = 186   A = 185.95 g/mole   abundance: 28.430 %
          ElmMassFraction: 100.00 %  ElmAbundance 100.00 % 


 Material: Scintillator    density:  1.032 g/cm3   RadL:  42.549 cm   Nucl.Int.Length:  69.955 cm 
                       Imean:  64.684 eV   temperature: 293.15 K  pressure:   1.00 atm

   --->  Element: Carbon (C)   Z =  6.0   N =    12   A = 12.010 g/mole
         --->  Isotope:   C12   Z =  6   N =  12   A =  12.00 g/mole   abundance: 98.930 %
         --->  Isotope:   C13   Z =  6   N =  13   A =  13.00 g/mole   abundance:  1.070 %
          ElmMassFraction:  91.45 %  ElmAbundance  47.37 % 

   --->  Element: Hydrogen (H)   Z =  1.0   N =     1   A =  1.010 g/mole
         --->  Isotope:    H1   Z =  1   N =   1   A =   1.01 g/mole   abundance: 99.989 %
         --->  Isotope:    H2   Z =  1   N =   2   A =   2.01 g/mole   abundance:  0.011 %
          ElmMassFraction:   8.55 %  ElmAbundance  52.63 % 


 Material: CesiumIodide    density:  4.530 g/cm3   RadL:   1.852 cm   Nucl.Int.Length:  39.132 cm 
                       Imean: 489.470 eV   temperature: 293.15 K  pressure:   1.00 atm

   --->  Element: Cesium (Cs)   Z = 55.0   N =   133   A = 132.905 g/mole
         --->  Isotope: Cs133   Z = 55   N = 133   A = 132.91 g/mole   abundance: 100.000 %
          ElmMassFraction:  51.15 %  ElmAbundance  50.00 % 

   --->  Element: Iodine (I)   Z = 53.0   N =   127   A = 126.904 g/mole
         --->  Isotope:  I127   Z = 53   N = 127   A = 126.90 g/mole   abundance: 100.000 %
          ElmMassFraction:  48.85 %  ElmAbundance  50.00 % 


 Material:      Air    density:  1.290 mg/cm3  RadL: 285.049 m    Nucl.Int.Length: 662.595 m  
                       Imean:  85.704 eV   temperature: 293.15 K  pressure:   1.00 atm

   --->  Element: Nitrogen (N)   Z =  7.0   N =    14   A = 14.006 g/mole
         --->  Isotope:   N14   Z =  7   N =  14   A =  14.00 g/mole   abundance: 99.632 %
         --->  Isotope:   N15   Z =  7   N =  15   A =  15.00 g/mole   abundance:  0.368 %
          ElmMassFraction:  70.00 %  ElmAbundance  72.71 % 

   --->  Element: Oxygen (O)   Z =  8.0   N =    16   A = 15.990 g/mole
         --->  Isotope:   O16   Z =  8   N =  16   A =  15.99 g/mole   abundance: 99.757 %
         --->  Isotope:   O17   Z =  8   N =  17   A =  17.00 g/mole   abundance:  0.038 %
         --->  Isotope:   O18   Z =  8   N =  18   A =  18.00 g/mole   abundance:  0.205 %
          ElmMassFraction:  30.00 %  ElmAbundance  27.29 % 


 Material: Aluminum    density:  2.700 g/cm3   RadL:   8.893 cm   Nucl.Int.Length:  38.879 cm 
                       Imean: 166.000 eV   temperature: 293.15 K  pressure:   1.00 atm

   --->  Element: Aluminum (Al)   Z = 13.0   N =    27   A = 26.980 g/mole
         --->  Isotope:  Al27   Z = 13   N =  27   A =  26.98 g/mole   abundance: 100.000 %
          ElmMassFraction: 100.00 %  ElmAbundance 100.00 % 


 Material:  Silicon    density:  2.333 g/cm3   RadL:   9.356 cm   Nucl.Int.Length:  45.604 cm 
                       Imean: 173.000 eV   temperature: 293.15 K  pressure:   1.00 atm

   --->  Element: Silicon (Si)   Z = 14.0   N =    28   A = 28.090 g/mole
         --->  Isotope:  Si28   Z = 14   N =  28   A =  27.98 g/mole   abundance: 92.230 %
         --->  Isotope:  Si29   Z = 14   N =  29   A =  28.98 g/mole   abundance:  4.683 %
         --->  Isotope:  Si30   Z = 14   N =  30   A =  29.97 g/mole   abundance:  3.087 %
          ElmMassFraction: 100.00 %  ElmAbundance 100.00 % 


 Material:     Iron    density:  7.870 g/cm3   RadL:   1.758 cm   Nucl.Int.Length:  16.999 cm 
                       Imean: 286.000 eV   temperature: 293.15 K  pressure:   1.00 atm

   --->  Element: Iron (Fe)   Z = 26.0   N =    56   A = 55.845 g/mole
         --->  Isotope:  Fe54   Z = 26   N =  54   A =  53.94 g/mole   abundance:  5.845 %
         --->  Isotope:  Fe56   Z = 26   N =  56   A =  55.93 g/mole   abundance: 91.754 %
         --->  Isotope:  Fe57   Z = 26   N =  57   A =  56.94 g/mole   abundance:  2.119 %
         --->  Isotope:  Fe58   Z = 26   N =  58   A =  57.93 g/mole   abundance:  0.282 %
          ElmMassFraction: 100.00 %  ElmAbundance 100.00 % 


 Material:     Lead    density: 11.350 g/cm3   RadL:   5.612 mm   Nucl.Int.Length:  18.247 cm 
                       Imean: 823.000 eV   temperature: 293.15 K  pressure:   1.00 atm

   --->  Element: Lead (Pb)   Z = 82.0   N =   207   A = 207.190 g/mole
         --->  Isotope: Pb204   Z = 82   N = 204   A = 203.97 g/mole   abundance:  1.400 %
         --->  Isotope: Pb206   Z = 82   N = 206   A = 205.97 g/mole   abundance: 24.100 %
         --->  Isotope: Pb207   Z = 82   N = 207   A = 206.98 g/mole   abundance: 22.100 %
         --->  Isotope: Pb208   Z = 82   N = 208   A = 207.98 g/mole   abundance: 52.400 %
          ElmMassFraction: 100.00 %  ElmAbundance 100.00 % 


 Material: Galactic    density:  0.000 mg/cm3  RadL: 204310098.490 pc   Nucl.Int.Length: 3240.779 pc 
                       Imean:  19.200 eV   temperature:   2.73 K  pressure:   0.00 atm

   --->  Element: H (H)   Z =  1.0   N =     1   A =  1.008 g/mole
         --->  Isotope:    H1   Z =  1   N =   1   A =   1.01 g/mole   abundance: 99.989 %
         --->  Isotope:    H2   Z =  1   N =   2   A =   2.01 g/mole   abundance:  0.011 %
          ElmMassFraction: 100.00 %  ElmAbundance 100.00 % 


 Material:     Beam    density:  0.010 mg/cm3  RadL:  36.771 km   Nucl.Int.Length:  85.475 km 
                       Imean:  85.704 eV   temperature: 273.15 K  pressure:   0.02 atm

   --->  Element: Nitrogen (N)   Z =  7.0   N =    14   A = 14.006 g/mole
         --->  Isotope:   N14   Z =  7   N =  14   A =  14.00 g/mole   abundance: 99.632 %
         --->  Isotope:   N15   Z =  7   N =  15   A =  15.00 g/mole   abundance:  0.368 %
          ElmMassFraction:  70.00 %  ElmAbundance  72.71 % 

   --->  Element: Oxygen (O)   Z =  8.0   N =    16   A = 15.990 g/mole
         --->  Isotope:   O16   Z =  8   N =  16   A =  15.99 g/mole   abundance: 99.757 %
         --->  Isotope:   O17   Z =  8   N =  17   A =  17.00 g/mole   abundance:  0.038 %
         --->  Isotope:   O18   Z =  8   N =  18   A =  18.00 g/mole   abundance:  0.205 %
          ElmMassFraction:  30.00 %  ElmAbundance  27.29 % 




---------------------------------------------------------------------------------
---> The tracker is composed by 15 layers, each made of Tungsten and 0.3 mm long.
---------------------------------------------------------------------------------
2 LATERAL 
1 TOP 
@@@ G4ParticleHPInelasticData instantiated for particle neutron data directory variable is G4NEUTRONHPDATA pointing to /cvmfs/geant4.cern.ch/share/data/G4NDL4.7.1
/gun/sourceGen true
/gun/particle proton
/gun/energy 1 GeV
/gun/sourceType 2
/run/beamOn 100
=======================================================================
======                 Electromagnetic Physics Parameters      ========
=======================================================================
LPM effect enabled                                 1
Enable creation and use of sampling tables         0
Apply cuts on all EM processes                     0
Use combined TransportationWithMsc                 Disabled
Use general process                                0
Enable linear polarisation for gamma               0
Enable photoeffect sampling below K-shell          1
Enable sampling of quantum entanglement            0
X-section factor for integral approach             0.8
Min kinetic energy for tables                      100 eV 
Max kinetic energy for tables                      100 TeV
Number of bins per decade of a table               20
Verbose level                                      1
Verbose level for worker thread                    0
Bremsstrahlung energy threshold above which 
  primary e+- is added to the list of secondary    100 TeV
Bremsstrahlung energy threshold above which primary
  muon/hadron is added to the list of secondary    100 TeV
Positron annihilation at rest model                AllisonPositronium
Enable 3 gamma annihilation on fly                 0
Lowest triplet kinetic energy                      1 MeV
Enable sampling of gamma linear polarisation       0
5D gamma conversion model type                     0
5D gamma conversion model on isolated ion          0
Use Ricardo-Gerardo pair production model          0
Livermore data directory                           epics_2017
=======================================================================
======                 Ionisation Parameters                   ========
=======================================================================
Step function for e+-                              (0.2, 0.01 mm)
Step function for muons/hadrons                    (0.1, 0.05 mm)
Step function for light ions                       (0.1, 0.02 mm)
Step function for general ions                     (0.1, 0.001 mm)
Lowest e+e- kinetic energy                         100 eV 
Lowest muon/hadron kinetic energy                  1 keV
Use ICRU90 data                                    1
Fluctuations of dE/dx are enabled                  1
Type of fluctuation model for leptons and hadrons  Urban
Use built-in Birks satuaration                     0
Build CSDA range enabled                           0
Use cut as a final range enabled                   0
Enable angular generator interface                 1
Max kinetic energy for CSDA tables                 1 GeV
Max kinetic energy for NIEL computation            1 MeV
Linear loss limit                                  0.01
Read data from file for e+e- pair production by mu 0
=======================================================================
======                 Multiple Scattering Parameters          ========
=======================================================================
Type of msc step limit algorithm for e+-           2
Type of msc step limit algorithm for muons/hadrons 0
Msc lateral displacement for e+- enabled           1
Msc lateral displacement for muons and hadrons     1
Urban msc model lateral displacement alg96         1
Range factor for msc step limit for e+-            0.08
Range factor for msc step limit for muons/hadrons  0.2
Geometry factor for msc step limitation of e+-     2.5
Safety factor for msc step limit for e+-           0.6
Skin parameter for msc step limitation of e+-      3
Lambda limit for msc step limit for e+-            1 mm
Use Mott correction for e- scattering              1
Factor used for dynamic computation of angular 
  limit between single and multiple scattering     1
Fixed angular limit between single 
  and multiple scattering                          3.1416 rad
Upper energy limit for e+- multiple scattering     100 MeV
Type of electron single scattering model           0
Type of nuclear form-factor                        1
Screening factor                                   1
=======================================================================
======                 Atomic Deexcitation Parameters          ========
=======================================================================
Fluorescence enabled                               1
Directory in G4LEDATA for fluorescence data files  fluor
Auger electron cascade enabled                     1
PIXE atomic de-excitation enabled                  0
De-excitation module ignores cuts                  1
Type of PIXE cross section for hadrons             Empirical
Type of PIXE cross section for e+-                 Livermore
=======================================================================

### ===  Deexcitation model UAtomDeexcitation is activated for 1 region:
          DefaultRegionForTheWorld  1  1  0
### ===  Auger flag: 1
### ===  Ignore cuts flag:   1

phot:  for gamma SubType=12 BuildTable=0
      LambdaPrime table from 200 keV to 100 TeV in 174 bins 
      ===== EM models for the G4Region  DefaultRegionForTheWorld ======
 LivermorePhElectric : Emin=    0 eV  Emax=  100 TeV  SauterGavrila Fluo

compt:  for gamma SubType=13 BuildTable=1
      Lambda table from 100 eV  to 1 MeV, 20 bins/decade, spline: 1
      LambdaPrime table from 1 MeV to 100 TeV in 160 bins 
      ===== EM models for the G4Region  DefaultRegionForTheWorld ======
    LivermoreCompton : Emin=    0 eV  Emax=    1 GeV Fluo
        KleinNishina : Emin=    1 GeV Emax=  100 TeV Fluo

conv:  for gamma SubType=14 BuildTable=1
      Lambda table from 1.022 MeV to 100 TeV, 20 bins/decade, spline: 1
      ===== EM models for the G4Region  DefaultRegionForTheWorld ======
Livermore5DConversion : Emin=    0 eV  Emax=  100 TeV  ModifiedTsai

Rayl:  for gamma SubType=11 BuildTable=1
      Lambda table from 100 eV  to 150 keV, 20 bins/decade, spline: 0
      LambdaPrime table from 150 keV to 100 TeV in 176 bins 
      ===== EM models for the G4Region  DefaultRegionForTheWorld ======
   LivermoreRayleigh : Emin=    0 eV  Emax=  100 TeV  CullenGenerator

msc:  for e-  SubType= 10
      ===== EM models for the G4Region  DefaultRegionForTheWorld ======
  GoudsmitSaunderson : Emin=    0 eV  Emax=  100 MeV Nbins=120 100 eV  - 100 MeV
          StepLim=SafetyPlus Rfact=0.08 Gfact=2.5 Sfact=0.6 DispFlag:1 Skin=3 Llim=1 mm
        WentzelVIUni : Emin=  100 MeV Emax=  100 TeV Nbins=120 100 MeV - 100 TeV
          StepLim=SafetyPlus Rfact=0.08 Gfact=2.5 Sfact=0.6 DispFlag:1 Skin=3 Llim=1 mm

eIoni:  for e-  XStype:3  SubType=2
      dE/dx and range tables from 100 eV  to 100 TeV in 240 bins
      Lambda tables from threshold to 100 TeV, 20 bins/decade, spline: 1
      StepFunction=(0.2, 0.01 mm), integ: 3, fluct: 1, linLossLim= 0.01
      ===== EM models for the G4Region  DefaultRegionForTheWorld ======
       LowEnergyIoni : Emin=    0 eV  Emax=  100 keV  deltaVI
        MollerBhabha : Emin=  100 keV Emax=  100 TeV  deltaVI

eBrem:  for e-  XStype:4  SubType=3
      dE/dx and range tables from 100 eV  to 100 TeV in 240 bins
      Lambda tables from threshold to 100 TeV, 20 bins/decade, spline: 1
      LPM flag: 1 for E > 1 GeV,  VertexHighEnergyTh(GeV)= 100000
      ===== EM models for the G4Region  DefaultRegionForTheWorld ======
             eBremSB : Emin=    0 eV  Emax=    1 GeV  AngularGen2BS
            eBremLPM : Emin=    1 GeV Emax=  100 TeV  AngularGen2BS

ePairProd:  for e-  XStype:1  SubType=4
      dE/dx and range tables from 100 eV  to 100 TeV in 240 bins
      Lambda tables from threshold to 100 TeV, 20 bins/decade, spline: 0
      Sampling table 25x1001 from 0.1 GeV to 100 TeV 
      ===== EM models for the G4Region  DefaultRegionForTheWorld ======
           ePairProd : Emin=    0 eV  Emax=  100 TeV  ModifiedMephi

CoulombScat:  for e- XStype:1 SubType=1 BuildTable=1
      Lambda table from 100 MeV to 100 TeV, 20 bins/decade, spline: 0
      ThetaMin(p) < Theta(degree) < 180, pLimit(GeV^1)= 0.139531
      ===== EM models for the G4Region  DefaultRegionForTheWorld ======
  eCoulombScattering : Emin=  100 MeV Emax=  100 TeV

msc:  for e+  SubType= 10
      ===== EM models for the G4Region  DefaultRegionForTheWorld ======
  GoudsmitSaunderson : Emin=    0 eV  Emax=  100 MeV Nbins=120 100 eV  - 100 MeV
          StepLim=SafetyPlus Rfact=0.08 Gfact=2.5 Sfact=0.6 DispFlag:1 Skin=3 Llim=1 mm
        WentzelVIUni : Emin=  100 MeV Emax=  100 TeV Nbins=120 100 MeV - 100 TeV
          StepLim=SafetyPlus Rfact=0.08 Gfact=2.5 Sfact=0.6 DispFlag:1 Skin=3 Llim=1 mm

eIoni:  for e+  XStype:3  SubType=2
      dE/dx and range tables from 100 eV  to 100 TeV in 240 bins
      Lambda tables from threshold to 100 TeV, 20 bins/decade, spline: 1
      StepFunction=(0.2, 0.01 mm), integ: 3, fluct: 1, linLossLim= 0.01
      ===== EM models for the G4Region  DefaultRegionForTheWorld ======
        MollerBhabha : Emin=    0 eV  Emax=  100 TeV  deltaVI

eBrem:  for e+  XStype:4  SubType=3
      dE/dx and range tables from 100 eV  to 100 TeV in 240 bins
      Lambda tables from threshold to 100 TeV, 20 bins/decade, spline: 1
      LPM flag: 1 for E > 1 GeV,  VertexHighEnergyTh(GeV)= 100000
      ===== EM models for the G4Region  DefaultRegionForTheWorld ======
             eBremSB : Emin=    0 eV  Emax=    1 GeV  AngularGen2BS
            eBremLPM : Emin=    1 GeV Emax=  100 TeV  AngularGen2BS

ePairProd:  for e+  XStype:1  SubType=4
      dE/dx and range tables from 100 eV  to 100 TeV in 240 bins
      Lambda tables from threshold to 100 TeV, 20 bins/decade, spline: 0
      Sampling table 25x1001 from 0.1 GeV to 100 TeV 
      ===== EM models for the G4Region  DefaultRegionForTheWorld ======
           ePairProd : Emin=    0 eV  Emax=  100 TeV  ModifiedMephi

annihil:  for e+ XStype:2 SubType=5 AtRestModel:Allison BuildTable=0
      ===== EM models for the G4Region  DefaultRegionForTheWorld ======
            eplus2gg : Emin=    0 eV  Emax=  100 TeV

CoulombScat:  for e+ XStype:1 SubType=1 BuildTable=1
      Lambda table from 100 MeV to 100 TeV, 20 bins/decade, spline: 0
      ThetaMin(p) < Theta(degree) < 180, pLimit(GeV^1)= 0.139531
      ===== EM models for the G4Region  DefaultRegionForTheWorld ======
  eCoulombScattering : Emin=  100 MeV Emax=  100 TeV

msc:  for proton  SubType= 10
      ===== EM models for the G4Region  DefaultRegionForTheWorld ======
        WentzelVIUni : Emin=    0 eV  Emax=  100 TeV Nbins=240 100 eV  - 100 TeV
          StepLim=Minimal Rfact=0.2 Gfact=2.5 Sfact=0.6 DispFlag:1 Skin=3 Llim=1 mm

hIoni:  for proton  XStype:3  SubType=2
      dE/dx and range tables from 100 eV  to 100 TeV in 240 bins
      Lambda tables from threshold to 100 TeV, 20 bins/decade, spline: 1
      StepFunction=(0.1, 0.05 mm), integ: 3, fluct: 1, linLossLim= 0.01
      ===== EM models for the G4Region  DefaultRegionForTheWorld ======
               Bragg : Emin=    0 eV  Emax=    2 MeV  deltaVI
          BetheBloch : Emin=    2 MeV Emax=  100 TeV  deltaVI

hBrems:  for proton  XStype:1  SubType=3
      dE/dx and range tables from 100 eV  to 100 TeV in 240 bins
      Lambda tables from threshold to 100 TeV, 20 bins/decade, spline: 1
      ===== EM models for the G4Region  DefaultRegionForTheWorld ======
               hBrem : Emin=    0 eV  Emax=  100 TeV  ModifiedMephi
      ===== Limit on energy threshold has been applied 

hPairProd:  for proton  XStype:1  SubType=4
      dE/dx and range tables from 100 eV  to 100 TeV in 240 bins
      Lambda tables from threshold to 100 TeV, 20 bins/decade, spline: 1
      Sampling table 17x1001 from 7.50618 GeV to 100 TeV 
      ===== EM models for the G4Region  DefaultRegionForTheWorld ======
           hPairProd : Emin=    0 eV  Emax=  100 TeV  ModifiedMephi

CoulombScat:  for proton XStype:1 SubType=1 BuildTable=1
      Lambda table from threshold  to 100 TeV, 20 bins/decade, spline: 0
      ThetaMin(p) < Theta(degree) < 180, pLimit(GeV^1)= 0.139531
      ===== EM models for the G4Region  DefaultRegionForTheWorld ======
  eCoulombScattering : Emin=    0 eV  Emax=  100 TeV

nuclearStopping:  for proton SubType=8 BuildTable=0
      ===== EM models for the G4Region  DefaultRegionForTheWorld ======
   ICRU49NucStopping : Emin=    0 eV  Emax=    1 MeV

msc:  for GenericIon  SubType= 10
      ===== EM models for the G4Region  DefaultRegionForTheWorld ======
            UrbanMsc : Emin=    0 eV  Emax=  100 TeV
          StepLim=Minimal Rfact=0.2 Gfact=2.5 Sfact=0.6 DispFlag:1 Skin=3 Llim=1 mm

ionIoni:  for GenericIon  XStype:3  SubType=2
      dE/dx and range tables from 100 eV  to 100 TeV in 240 bins
      Lambda tables from threshold to 100 TeV, 20 bins/decade, spline: 1
      StepFunction=(0.1, 0.001 mm), integ: 3, fluct: 1, linLossLim= 0.02
      ===== EM models for the G4Region  DefaultRegionForTheWorld ======
    LindhardSorensen : Emin=    0 eV  Emax=  100 TeV  deltaVI

nuclearStopping:  for GenericIon SubType=8 BuildTable=0
      ===== EM models for the G4Region  DefaultRegionForTheWorld ======
   ICRU49NucStopping : Emin=    0 eV  Emax=    1 MeV
======================================================================
======          Radioactive Decay Physics Parameters           =======
======================================================================
min MeanLife (from G4NuclideTable)                1 ns 
Max life time (from G4DeexPrecoParameters)        1000 ps 
Internal e- conversion flag                       1
Stored internal conversion coefficients           1
Enabled atomic relaxation mode                    1
Enable correlated gamma emission                  0
Max 2J for sampling of angular correlations       10
Atomic de-excitation enabled                      1
Auger electron emission enabled                   1
Check EM cuts disabled for atomic de-excitation   1
Use Bearden atomic level energies                 0
Use ANSTO fluorescence model                      0
Threshold for very long decay time at rest        1 y  
======================================================================

msc:  for alpha  SubType= 10
      ===== EM models for the G4Region  DefaultRegionForTheWorld ======
            UrbanMsc : Emin=    0 eV  Emax=  100 TeV
          StepLim=Minimal Rfact=0.2 Gfact=2.5 Sfact=0.6 DispFlag:1 Skin=3 Llim=1 mm

ionIoni:  for alpha  XStype:3  SubType=2
      dE/dx and range tables from 100 eV  to 100 TeV in 240 bins
      Lambda tables from threshold to 100 TeV, 20 bins/decade, spline: 1
      StepFunction=(0.1, 0.02 mm), integ: 3, fluct: 1, linLossLim= 0.02
      ===== EM models for the G4Region  DefaultRegionForTheWorld ======
            BraggIon : Emin=    0 eV  Emax=7.9452 MeV  deltaVI
          BetheBloch : Emin=7.9452 MeV Emax=  100 TeV  deltaVI

nuclearStopping:  for alpha SubType=8 BuildTable=0
      ===== EM models for the G4Region  DefaultRegionForTheWorld ======
   ICRU49NucStopping : Emin=    0 eV  Emax=    1 MeV

msc:  for anti_proton  SubType= 10
      ===== EM models for the G4Region  DefaultRegionForTheWorld ======
        WentzelVIUni : Emin=    0 eV  Emax=  100 TeV Nbins=240 100 eV  - 100 TeV
          StepLim=Minimal Rfact=0.2 Gfact=2.5 Sfact=0.6 DispFlag:1 Skin=3 Llim=1 mm

hIoni:  for anti_proton  XStype:3  SubType=2
      dE/dx and range tables from 100 eV  to 100 TeV in 240 bins
      Lambda tables from threshold to 100 TeV, 20 bins/decade, spline: 1
      StepFunction=(0.1, 0.05 mm), integ: 3, fluct: 1, linLossLim= 0.01
      ===== EM models for the G4Region  DefaultRegionForTheWorld ======
            ICRU73QO : Emin=    0 eV  Emax=    2 MeV  deltaVI
          BetheBloch : Emin=    2 MeV Emax=  100 TeV  deltaVI

hBrems:  for anti_proton  XStype:1  SubType=3
      dE/dx and range tables from 100 eV  to 100 TeV in 240 bins
      Lambda tables from threshold to 100 TeV, 20 bins/decade, spline: 1
      ===== EM models for the G4Region  DefaultRegionForTheWorld ======
               hBrem : Emin=    0 eV  Emax=  100 TeV  ModifiedMephi
      ===== Limit on energy threshold has been applied 

hPairProd:  for anti_proton  XStype:1  SubType=4
      dE/dx and range tables from 100 eV  to 100 TeV in 240 bins
      Lambda tables from threshold to 100 TeV, 20 bins/decade, spline: 1
      Sampling table 17x1001 from 7.50618 GeV to 100 TeV 
      ===== EM models for the G4Region  DefaultRegionForTheWorld ======
           hPairProd : Emin=    0 eV  Emax=  100 TeV  ModifiedMephi

CoulombScat:  for anti_proton XStype:1 SubType=1 BuildTable=1
      Lambda table from threshold  to 100 TeV, 20 bins/decade, spline: 0
      ThetaMin(p) < Theta(degree) < 180, pLimit(GeV^1)= 0.139531
      ===== EM models for the G4Region  DefaultRegionForTheWorld ======
  eCoulombScattering : Emin=    0 eV  Emax=  100 TeV

msc:  for kaon+  SubType= 10
      ===== EM models for the G4Region  DefaultRegionForTheWorld ======
        WentzelVIUni : Emin=    0 eV  Emax=  100 TeV Nbins=240 100 eV  - 100 TeV
          StepLim=Minimal Rfact=0.2 Gfact=2.5 Sfact=0.6 DispFlag:1 Skin=3 Llim=1 mm

hIoni:  for kaon+  XStype:3  SubType=2
      dE/dx and range tables from 100 eV  to 100 TeV in 240 bins
      Lambda tables from threshold to 100 TeV, 20 bins/decade, spline: 1
      StepFunction=(0.1, 0.05 mm), integ: 3, fluct: 1, linLossLim= 0.01
      ===== EM models for the G4Region  DefaultRegionForTheWorld ======
               Bragg : Emin=    0 eV  Emax=1.05231 MeV  deltaVI
          BetheBloch : Emin=1.05231 MeV Emax=  100 TeV  deltaVI

hBrems:  for kaon+  XStype:1  SubType=3
      dE/dx and range tables from 100 eV  to 100 TeV in 240 bins
      Lambda tables from threshold to 100 TeV, 20 bins/decade, spline: 1
      ===== EM models for the G4Region  DefaultRegionForTheWorld ======
               hBrem : Emin=    0 eV  Emax=  100 TeV  ModifiedMephi
      ===== Limit on energy threshold has been applied 

hPairProd:  for kaon+  XStype:1  SubType=4
      dE/dx and range tables from 100 eV  to 100 TeV in 240 bins
      Lambda tables from threshold to 100 TeV, 20 bins/decade, spline: 1
      Sampling table 18x1001 from 3.94942 GeV to 100 TeV 
      ===== EM models for the G4Region  DefaultRegionForTheWorld ======
           hPairProd : Emin=    0 eV  Emax=  100 TeV  ModifiedMephi

CoulombScat:  for kaon+ XStype:1 SubType=1 BuildTable=1
      Lambda table from threshold  to 100 TeV, 20 bins/decade, spline: 0
      ThetaMin(p) < Theta(degree) < 180, pLimit(GeV^1)= 0.139531
      ===== EM models for the G4Region  DefaultRegionForTheWorld ======
  eCoulombScattering : Emin=    0 eV  Emax=  100 TeV

msc:  for kaon-  SubType= 10
      ===== EM models for the G4Region  DefaultRegionForTheWorld ======
        WentzelVIUni : Emin=    0 eV  Emax=  100 TeV Nbins=240 100 eV  - 100 TeV
          StepLim=Minimal Rfact=0.2 Gfact=2.5 Sfact=0.6 DispFlag:1 Skin=3 Llim=1 mm

hIoni:  for kaon-  XStype:3  SubType=2
      dE/dx and range tables from 100 eV  to 100 TeV in 240 bins
      Lambda tables from threshold to 100 TeV, 20 bins/decade, spline: 1
      StepFunction=(0.1, 0.05 mm), integ: 3, fluct: 1, linLossLim= 0.01
      ===== EM models for the G4Region  DefaultRegionForTheWorld ======
            ICRU73QO : Emin=    0 eV  Emax=1.05231 MeV  deltaVI
          BetheBloch : Emin=1.05231 MeV Emax=  100 TeV  deltaVI

hBrems:  for kaon-  XStype:1  SubType=3
      dE/dx and range tables from 100 eV  to 100 TeV in 240 bins
      Lambda tables from threshold to 100 TeV, 20 bins/decade, spline: 1
      ===== EM models for the G4Region  DefaultRegionForTheWorld ======
               hBrem : Emin=    0 eV  Emax=  100 TeV  ModifiedMephi
      ===== Limit on energy threshold has been applied 

hPairProd:  for kaon-  XStype:1  SubType=4
      dE/dx and range tables from 100 eV  to 100 TeV in 240 bins
      Lambda tables from threshold to 100 TeV, 20 bins/decade, spline: 1
      Sampling table 18x1001 from 3.94942 GeV to 100 TeV 
      ===== EM models for the G4Region  DefaultRegionForTheWorld ======
           hPairProd : Emin=    0 eV  Emax=  100 TeV  ModifiedMephi

CoulombScat:  for kaon- XStype:1 SubType=1 BuildTable=1
      Used Lambda table of kaon+
      ThetaMin(p) < Theta(degree) < 180, pLimit(GeV^1)= 0.139531
      ===== EM models for the G4Region  DefaultRegionForTheWorld ======
  eCoulombScattering : Emin=    0 eV  Emax=  100 TeV

msc:  for mu+  SubType= 10
      ===== EM models for the G4Region  DefaultRegionForTheWorld ======
        WentzelVIUni : Emin=    0 eV  Emax=  100 TeV Nbins=240 100 eV  - 100 TeV
          StepLim=Minimal Rfact=0.2 Gfact=2.5 Sfact=0.6 DispFlag:1 Skin=3 Llim=1 mm

muIoni:  for mu+  XStype:3  SubType=2
      dE/dx and range tables from 100 eV  to 100 TeV in 240 bins
      Lambda tables from threshold to 100 TeV, 20 bins/decade, spline: 1
      StepFunction=(0.1, 0.05 mm), integ: 3, fluct: 1, linLossLim= 0.01
      ===== EM models for the G4Region  DefaultRegionForTheWorld ======
               Bragg : Emin=    0 eV  Emax=  200 keV  deltaVI
        MuBetheBloch : Emin=  200 keV Emax=  100 TeV  deltaVI

muBrems:  for mu+  XStype:1  SubType=3
      dE/dx and range tables from 100 eV  to 100 TeV in 240 bins
      Lambda tables from threshold to 100 TeV, 20 bins/decade, spline: 1
      ===== EM models for the G4Region  DefaultRegionForTheWorld ======
              MuBrem : Emin=    0 eV  Emax=  100 TeV  ModifiedMephi
      ===== Limit on energy threshold has been applied 

muPairProd:  for mu+  XStype:1  SubType=4
      dE/dx and range tables from 100 eV  to 100 TeV in 240 bins
      Lambda tables from threshold to 100 TeV, 20 bins/decade, spline: 1
      Sampling table 21x1001 from 0.85 GeV to 100 TeV 
      ===== EM models for the G4Region  DefaultRegionForTheWorld ======
          muPairProd : Emin=    0 eV  Emax=  100 TeV  ModifiedMephi

CoulombScat:  for mu+ XStype:1 SubType=1 BuildTable=1
      Lambda table from threshold  to 100 TeV, 20 bins/decade, spline: 0
      ThetaMin(p) < Theta(degree) < 180, pLimit(GeV^1)= 0.139531
      ===== EM models for the G4Region  DefaultRegionForTheWorld ======
  eCoulombScattering : Emin=    0 eV  Emax=  100 TeV

msc:  for mu-  SubType= 10
      ===== EM models for the G4Region  DefaultRegionForTheWorld ======
        WentzelVIUni : Emin=    0 eV  Emax=  100 TeV Nbins=240 100 eV  - 100 TeV
          StepLim=Minimal Rfact=0.2 Gfact=2.5 Sfact=0.6 DispFlag:1 Skin=3 Llim=1 mm

muIoni:  for mu-  XStype:3  SubType=2
      dE/dx and range tables from 100 eV  to 100 TeV in 240 bins
      Lambda tables from threshold to 100 TeV, 20 bins/decade, spline: 1
      StepFunction=(0.1, 0.05 mm), integ: 3, fluct: 1, linLossLim= 0.01
      ===== EM models for the G4Region  DefaultRegionForTheWorld ======
            ICRU73QO : Emin=    0 eV  Emax=  200 keV  deltaVI
        MuBetheBloch : Emin=  200 keV Emax=  100 TeV  deltaVI

muBrems:  for mu-  XStype:1  SubType=3
      dE/dx and range tables from 100 eV  to 100 TeV in 240 bins
      Lambda tables from threshold to 100 TeV, 20 bins/decade, spline: 1
      ===== EM models for the G4Region  DefaultRegionForTheWorld ======
              MuBrem : Emin=    0 eV  Emax=  100 TeV  ModifiedMephi
      ===== Limit on energy threshold has been applied 

muPairProd:  for mu-  XStype:1  SubType=4
      dE/dx and range tables from 100 eV  to 100 TeV in 240 bins
      Lambda tables from threshold to 100 TeV, 20 bins/decade, spline: 1
      Sampling table 21x1001 from 0.85 GeV to 100 TeV 
      ===== EM models for the G4Region  DefaultRegionForTheWorld ======
          muPairProd : Emin=    0 eV  Emax=  100 TeV  ModifiedMephi

CoulombScat:  for mu- XStype:1 SubType=1 BuildTable=1
      Used Lambda table of mu+
      ThetaMin(p) < Theta(degree) < 180, pLimit(GeV^1)= 0.139531
      ===== EM models for the G4Region  DefaultRegionForTheWorld ======
  eCoulombScattering : Emin=    0 eV  Emax=  100 TeV

=======================================================
======       ParticleHP Physics Parameters     ========
=======================================================
 Use only photo-evaporation      0
 Skip missing isotopes           0
 Neglect Doppler                 0
 Do not adjust final state       0
 Produce fission fragments       0
 Use WendtFissionModel           0
 Use NRESP71Model                0
 Use DBRC                        0
 PHP use Poisson                 0
 PHP check                       1
 CHECK HP NAMES                  0
 Enable DEBUG                    0
 Use probability tables from     
=======================================================

@@@ G4ParticleHPInelastic instantiated for particle neutron/n    data directory is /cvmfs/geant4.cern.ch/share/data/G4NDL4.7.1/Inelastic

msc:  for pi+  SubType= 10
      ===== EM models for the G4Region  DefaultRegionForTheWorld ======
        WentzelVIUni : Emin=    0 eV  Emax=  100 TeV Nbins=240 100 eV  - 100 TeV
          StepLim=Minimal Rfact=0.2 Gfact=2.5 Sfact=0.6 DispFlag:1 Skin=3 Llim=1 mm

hIoni:  for pi+  XStype:3  SubType=2
      dE/dx and range tables from 100 eV  to 100 TeV in 240 bins
      Lambda tables from threshold to 100 TeV, 20 bins/decade, spline: 1
      StepFunction=(0.1, 0.05 mm), integ: 3, fluct: 1, linLossLim= 0.01
      ===== EM models for the G4Region  DefaultRegionForTheWorld ======
               Bragg : Emin=    0 eV  Emax=297.505 keV  deltaVI
          BetheBloch : Emin=297.505 keV Emax=  100 TeV  deltaVI

hBrems:  for pi+  XStype:1  SubType=3
      dE/dx and range tables from 100 eV  to 100 TeV in 240 bins
      Lambda tables from threshold to 100 TeV, 20 bins/decade, spline: 1
      ===== EM models for the G4Region  DefaultRegionForTheWorld ======
               hBrem : Emin=    0 eV  Emax=  100 TeV  ModifiedMephi
      ===== Limit on energy threshold has been applied 

hPairProd:  for pi+  XStype:1  SubType=4
      dE/dx and range tables from 100 eV  to 100 TeV in 240 bins
      Lambda tables from threshold to 100 TeV, 20 bins/decade, spline: 1
      Sampling table 20x1001 from 1.11656 GeV to 100 TeV 
      ===== EM models for the G4Region  DefaultRegionForTheWorld ======
           hPairProd : Emin=    0 eV  Emax=  100 TeV  ModifiedMephi

CoulombScat:  for pi+ XStype:1 SubType=1 BuildTable=1
      Lambda table from threshold  to 100 TeV, 20 bins/decade, spline: 0
      ThetaMin(p) < Theta(degree) < 180, pLimit(GeV^1)= 0.139531
      ===== EM models for the G4Region  DefaultRegionForTheWorld ======
  eCoulombScattering : Emin=    0 eV  Emax=  100 TeV

msc:  for pi-  SubType= 10
      ===== EM models for the G4Region  DefaultRegionForTheWorld ======
        WentzelVIUni : Emin=    0 eV  Emax=  100 TeV Nbins=240 100 eV  - 100 TeV
          StepLim=Minimal Rfact=0.2 Gfact=2.5 Sfact=0.6 DispFlag:1 Skin=3 Llim=1 mm

hIoni:  for pi-  XStype:3  SubType=2
      dE/dx and range tables from 100 eV  to 100 TeV in 240 bins
      Lambda tables from threshold to 100 TeV, 20 bins/decade, spline: 1
      StepFunction=(0.1, 0.05 mm), integ: 3, fluct: 1, linLossLim= 0.01
      ===== EM models for the G4Region  DefaultRegionForTheWorld ======
            ICRU73QO : Emin=    0 eV  Emax=297.505 keV  deltaVI
          BetheBloch : Emin=297.505 keV Emax=  100 TeV  deltaVI

hBrems:  for pi-  XStype:1  SubType=3
      dE/dx and range tables from 100 eV  to 100 TeV in 240 bins
      Lambda tables from threshold to 100 TeV, 20 bins/decade, spline: 1
      ===== EM models for the G4Region  DefaultRegionForTheWorld ======
               hBrem : Emin=    0 eV  Emax=  100 TeV  ModifiedMephi
      ===== Limit on energy threshold has been applied 

hPairProd:  for pi-  XStype:1  SubType=4
      dE/dx and range tables from 100 eV  to 100 TeV in 240 bins
      Lambda tables from threshold to 100 TeV, 20 bins/decade, spline: 1
      Sampling table 20x1001 from 1.11656 GeV to 100 TeV 
      ===== EM models for the G4Region  DefaultRegionForTheWorld ======
           hPairProd : Emin=    0 eV  Emax=  100 TeV  ModifiedMephi

CoulombScat:  for pi- XStype:1 SubType=1 BuildTable=1
      Used Lambda table of pi+
      ThetaMin(p) < Theta(degree) < 180, pLimit(GeV^1)= 0.139531
      ===== EM models for the G4Region  DefaultRegionForTheWorld ======
  eCoulombScattering : Emin=    0 eV  Emax=  100 TeV

====================================================================
                  HADRONIC PROCESSES SUMMARY (verbose level 1)
-----------------------------------------------------------------------
                           Hadronic Processes for GenericIon
  Process: ionInelastic
        Model:  Binary Light Ion Cascade: 0 eV /n ---> 6 GeV/n
        Model:                      FTFP: 3 GeV/n ---> 100 TeV/n
     Cr_sctns:  Glauber-Gribov Nucl-nucl: 0 eV  ---> 25.6 PeV
  Process: RadioactiveDecay
-----------------------------------------------------------------------
                           Hadronic Processes for He3
  Process: hadElastic
        Model:              hElasticLHEP: 0 eV /n ---> 100 TeV/n
     Cr_sctns:  Glauber-Gribov Nucl-nucl: 0 eV  ---> 25.6 PeV
  Process: He3Inelastic
        Model:  Binary Light Ion Cascade: 0 eV /n ---> 6 GeV/n
        Model:                      FTFP: 3 GeV/n ---> 100 TeV/n
     Cr_sctns:  Glauber-Gribov Nucl-nucl: 0 eV  ---> 25.6 PeV
-----------------------------------------------------------------------
                           Hadronic Processes for alpha
  Process: hadElastic
        Model:              hElasticLHEP: 0 eV /n ---> 100 TeV/n
     Cr_sctns:  Glauber-Gribov Nucl-nucl: 0 eV  ---> 25.6 PeV
  Process: alphaInelastic
        Model:  Binary Light Ion Cascade: 0 eV /n ---> 6 GeV/n
        Model:                      FTFP: 3 GeV/n ---> 100 TeV/n
     Cr_sctns:  Glauber-Gribov Nucl-nucl: 0 eV  ---> 25.6 PeV
-----------------------------------------------------------------------
                           Hadronic Processes for anti_He3
  Process: hadElastic
        Model:              hElasticLHEP: 0 eV /n ---> 100.1 MeV/n
        Model:              AntiAElastic: 100 MeV/n ---> 100 TeV/n
     Cr_sctns:              AntiAGlauber: 0 eV  ---> 25.6 PeV
  Process: anti_He3Inelastic
        Model:                      FTFP: 0 eV /n ---> 100 TeV/n
     Cr_sctns:              AntiAGlauber: 0 eV  ---> 25.6 PeV
-----------------------------------------------------------------------
                           Hadronic Processes for anti_alpha
  Process: hadElastic
        Model:              hElasticLHEP: 0 eV /n ---> 100.1 MeV/n
        Model:              AntiAElastic: 100 MeV/n ---> 100 TeV/n
     Cr_sctns:              AntiAGlauber: 0 eV  ---> 25.6 PeV
  Process: anti_alphaInelastic
        Model:                      FTFP: 0 eV /n ---> 100 TeV/n
     Cr_sctns:              AntiAGlauber: 0 eV  ---> 25.6 PeV
-----------------------------------------------------------------------
                           Hadronic Processes for anti_deuteron
  Process: hadElastic
        Model:              hElasticLHEP: 0 eV /n ---> 100.1 MeV/n
        Model:              AntiAElastic: 100 MeV/n ---> 100 TeV/n
     Cr_sctns:              AntiAGlauber: 0 eV  ---> 25.6 PeV
  Process: anti_deuteronInelastic
        Model:                      FTFP: 0 eV /n ---> 100 TeV/n
     Cr_sctns:              AntiAGlauber: 0 eV  ---> 25.6 PeV
-----------------------------------------------------------------------
                           Hadronic Processes for anti_lambda
  Process: hadElastic
        Model:              hElasticLHEP: 0 eV  ---> 100 TeV
     Cr_sctns:            Glauber-Gribov: 0 eV  ---> 100 TeV
  Process: anti_lambdaInelastic
        Model:                      QGSP: 12 GeV ---> 100 TeV
        Model:                      FTFP: 0 eV  ---> 25 GeV
     Cr_sctns:            Glauber-Gribov: 0 eV  ---> 100 TeV
-----------------------------------------------------------------------
                           Hadronic Processes for anti_neutron
  Process: hadElastic
        Model:              hElasticLHEP: 0 eV  ---> 100.1 MeV
        Model:              AntiAElastic: 100 MeV ---> 100 TeV
     Cr_sctns:              AntiAGlauber: 0 eV  ---> 25.6 PeV
  Process: anti_neutronInelastic
        Model:                      FTFP: 0 eV  ---> 100 TeV
     Cr_sctns:              AntiAGlauber: 0 eV  ---> 25.6 PeV
-----------------------------------------------------------------------
                           Hadronic Processes for anti_proton
  Process: hadElastic
        Model:              hElasticLHEP: 0 eV  ---> 100.1 MeV
        Model:              AntiAElastic: 100 MeV ---> 100 TeV
     Cr_sctns:              AntiAGlauber: 0 eV  ---> 25.6 PeV
  Process: anti_protonInelastic
        Model:                      FTFP: 0 eV  ---> 100 TeV
     Cr_sctns:              AntiAGlauber: 0 eV  ---> 25.6 PeV
-----------------------------------------------------------------------
                           Hadronic Processes for anti_triton
  Process: hadElastic
        Model:              hElasticLHEP: 0 eV /n ---> 100.1 MeV/n
        Model:              AntiAElastic: 100 MeV/n ---> 100 TeV/n
     Cr_sctns:              AntiAGlauber: 0 eV  ---> 25.6 PeV
  Process: anti_tritonInelastic
        Model:                      FTFP: 0 eV /n ---> 100 TeV/n
     Cr_sctns:              AntiAGlauber: 0 eV  ---> 25.6 PeV
-----------------------------------------------------------------------
                           Hadronic Processes for deuteron
  Process: hadElastic
        Model:              hElasticLHEP: 0 eV /n ---> 100 TeV/n
     Cr_sctns:  Glauber-Gribov Nucl-nucl: 0 eV  ---> 25.6 PeV
  Process: dInelastic
        Model:  Binary Light Ion Cascade: 0 eV /n ---> 6 GeV/n
        Model:                      FTFP: 3 GeV/n ---> 100 TeV/n
     Cr_sctns:  Glauber-Gribov Nucl-nucl: 0 eV  ---> 25.6 PeV
-----------------------------------------------------------------------
                           Hadronic Processes for kaon+
  Process: hadElastic
        Model:              hElasticLHEP: 0 eV  ---> 100 TeV
     Cr_sctns:            Glauber-Gribov: 0 eV  ---> 100 TeV
  Process: kaon+Inelastic
        Model:                      QGSP: 12 GeV ---> 100 TeV
        Model:                      FTFP: 3 GeV ---> 25 GeV
        Model:            BertiniCascade: 0 eV  ---> 6 GeV
     Cr_sctns:            Glauber-Gribov: 0 eV  ---> 100 TeV
-----------------------------------------------------------------------
                           Hadronic Processes for kaon-
  Process: hadElastic
        Model:              hElasticLHEP: 0 eV  ---> 100 TeV
     Cr_sctns:            Glauber-Gribov: 0 eV  ---> 100 TeV
  Process: kaon-Inelastic
        Model:                      QGSP: 12 GeV ---> 100 TeV
        Model:                      FTFP: 3 GeV ---> 25 GeV
        Model:            BertiniCascade: 0 eV  ---> 6 GeV
     Cr_sctns:            Glauber-Gribov: 0 eV  ---> 100 TeV
-----------------------------------------------------------------------
                           Hadronic Processes for lambda
  Process: hadElastic
        Model:              hElasticLHEP: 0 eV  ---> 100 TeV
     Cr_sctns:            Glauber-Gribov: 0 eV  ---> 100 TeV
  Process: lambdaInelastic
        Model:                      QGSP: 12 GeV ---> 100 TeV
        Model:                      FTFP: 3 GeV ---> 25 GeV
        Model:            BertiniCascade: 0 eV  ---> 6 GeV
     Cr_sctns:            Glauber-Gribov: 0 eV  ---> 100 TeV
-----------------------------------------------------------------------
                           Hadronic Processes for neutron
  Process: hadElastic
        Model:             hElasticCHIPS: 19.5 MeV ---> 100 TeV
        Model:          NeutronHPElastic: 0 eV  ---> 20 MeV
     Cr_sctns:        NeutronHPElasticXS: 0 eV  ---> 20 MeV
     Cr_sctns:        G4NeutronElasticXS: 0 eV  ---> 100 TeV
  Process: neutronInelastic
        Model:                      QGSP: 12 GeV ---> 100 TeV
        Model:                      FTFP: 3 GeV ---> 25 GeV
        Model:            Binary Cascade: 19.9 MeV ---> 6 GeV
        Model:        NeutronHPInelastic: 0 eV  ---> 20 MeV
     Cr_sctns:      NeutronHPInelasticXS: 0 eV  ---> 20 MeV
     Cr_sctns:      G4NeutronInelasticXS: 0 eV  ---> 100 TeV
  Process: nCapture
        Model:          NeutronHPCapture: 0 eV  ---> 20 MeV
        Model:               nRadCapture: 19.9 MeV ---> 100 TeV
     Cr_sctns:        NeutronHPCaptureXS: 0 eV  ---> 100 TeV
     Cr_sctns:        G4NeutronCaptureXS: 0 eV  ---> 100 TeV
  Process: nFission
        Model:          NeutronHPFission: 0 eV  ---> 20 MeV
        Model:                G4LFission: 19.9 MeV ---> 100 TeV
     Cr_sctns:        NeutronHPFissionXS: 0 eV  ---> 20 MeV
     Cr_sctns:                    ZeroXS: 0 eV  ---> 100 TeV
-----------------------------------------------------------------------
                           Hadronic Processes for pi+
  Process: hadElastic
        Model:           hElasticGlauber: 0 eV  ---> 100 TeV
     Cr_sctns:  BarashenkovGlauberGribov: 0 eV  ---> 100 TeV
  Process: pi+Inelastic
        Model:                      QGSP: 12 GeV ---> 100 TeV
        Model:                      FTFP: 3 GeV ---> 25 GeV
        Model:            BertiniCascade: 0 eV  ---> 6 GeV
     Cr_sctns:  BarashenkovGlauberGribov: 0 eV  ---> 100 TeV
-----------------------------------------------------------------------
                           Hadronic Processes for pi-
  Process: hadElastic
        Model:           hElasticGlauber: 0 eV  ---> 100 TeV
     Cr_sctns:  BarashenkovGlauberGribov: 0 eV  ---> 100 TeV
  Process: pi-Inelastic
        Model:                      QGSP: 12 GeV ---> 100 TeV
        Model:                      FTFP: 3 GeV ---> 25 GeV
        Model:            BertiniCascade: 0 eV  ---> 6 GeV
     Cr_sctns:  BarashenkovGlauberGribov: 0 eV  ---> 100 TeV
-----------------------------------------------------------------------
                           Hadronic Processes for proton
  Process: hadElastic
        Model:             hElasticCHIPS: 0 eV  ---> 100 TeV
     Cr_sctns:  BarashenkovGlauberGribov: 0 eV  ---> 100 TeV
  Process: protonInelastic
        Model:                      QGSP: 12 GeV ---> 100 TeV
        Model:                      FTFP: 3 GeV ---> 25 GeV
        Model:            Binary Cascade: 0 eV  ---> 6 GeV
     Cr_sctns:  BarashenkovGlauberGribov: 0 eV  ---> 100 TeV
-----------------------------------------------------------------------
                           Hadronic Processes for sigma-
  Process: hadElastic
        Model:              hElasticLHEP: 0 eV  ---> 100 TeV
     Cr_sctns:            Glauber-Gribov: 0 eV  ---> 100 TeV
  Process: sigma-Inelastic
        Model:                      QGSP: 12 GeV ---> 100 TeV
        Model:                      FTFP: 3 GeV ---> 25 GeV
        Model:            BertiniCascade: 0 eV  ---> 6 GeV
     Cr_sctns:            Glauber-Gribov: 0 eV  ---> 100 TeV
-----------------------------------------------------------------------
                           Hadronic Processes for triton
  Process: hadElastic
        Model:              hElasticLHEP: 0 eV /n ---> 100 TeV/n
     Cr_sctns:  Glauber-Gribov Nucl-nucl: 0 eV  ---> 25.6 PeV
  Process: tInelastic
        Model:  Binary Light Ion Cascade: 0 eV /n ---> 6 GeV/n
        Model:                      FTFP: 3 GeV/n ---> 100 TeV/n
     Cr_sctns:  Glauber-Gribov Nucl-nucl: 0 eV  ---> 25.6 PeV
  Process: RadioactiveDecay
=======================================================================
======       Geant4 Native Pre-compound Model Parameters       ========
=======================================================================
Type of pre-compound model                          0
Type of pre-compound inverse x-section              1
Pre-compound model active                           1
Pre-compound excitation low energy                  100 keV
Pre-compound excitation high energy                 30 MeV
Angular generator for pre-compound model            1
Use NeverGoBack option for pre-compound model       0
Use SoftCutOff option for pre-compound model        0
Use CEM transitions for pre-compound model          1
Use GNASH transitions for pre-compound model        0
Use HETC submodel for pre-compound model            0
=======================================================================
======       Nuclear De-excitation Module Parameters           ========
=======================================================================
Type of de-excitation inverse x-section             3
Type of de-excitation factory                       Evaporation+GEM
Number of de-excitation channels                    68
Min excitation energy                               10 eV 
Min energy per nucleon for multifragmentation       200 GeV
Limit excitation energy for Fermi BreakUp           20 MeV
Level density (1/MeV)                               0.075
Use simple level density model                      1
Use discrete excitation energy of the residual      0
Time limit for long lived isomeres                  1000 ps 
Isomer production flag                              1
Internal e- conversion flag                         1
Store e- internal conversion data                   1
Correlated gamma emission flag                      0
Max 2J for sampling of angular correlations         10
=======================================================================

========= Table of registered couples ============================

Index : 0     used in the geometry : Yes
 Material : Galactic
 Range cuts        :  gamma  100 um     e-  100 um     e+  100 um  proton 100 um 
 Energy thresholds :  gamma  250 eV     e-  250 eV     e+  250 eV  proton 10 keV
 Region(s) which use this couple : 
    DefaultRegionForTheWorld

Index : 1     used in the geometry : Yes
 Material : CesiumIodide
 Range cuts        :  gamma  100 um     e-  100 um     e+  100 um  proton 100 um 
 Energy thresholds :  gamma  9.28719 keV    e-  144.613 keV    e+  141.078 keV proton 10 keV
 Region(s) which use this couple : 
    DefaultRegionForTheWorld

Index : 2     used in the geometry : Yes
 Material : Silicon
 Range cuts        :  gamma  100 um     e-  100 um     e+  100 um  proton 100 um 
 Energy thresholds :  gamma  2.32189 keV    e-  121.99 keV    e+  119.775 keV proton 10 keV
 Region(s) which use this couple : 
    DefaultRegionForTheWorld

Index : 3     used in the geometry : Yes
 Material : Tungsten
 Range cuts        :  gamma  100 um     e-  100 um     e+  100 um  proton 100 um 
 Energy thresholds :  gamma  36.2769 keV    e-  351.944 keV    e+  338.136 keV proton 10 keV
 Region(s) which use this couple : 
    DefaultRegionForTheWorld

Index : 4     used in the geometry : Yes
 Material : Scintillator
 Range cuts        :  gamma  100 um     e-  100 um     e+  100 um  proton 100 um 
 Energy thresholds :  gamma  1.00819 keV    e-  86.3911 keV    e+  85.2484 keV proton 10 keV
 Region(s) which use this couple : 
    DefaultRegionForTheWorld

==================================================================

### Run 0 starts.
### Run 0 starts (master).
/vis/scene/notifyHandlers
WARNING: Scene "none" not found.
  /vis/scene/list to see scenes.
Opening output file gammaraytel ...  done
Using G4ParticleGun... 
Particle energy: 8.53858 LIN
Particle: proton
Event: 0
Number of tracker hits in this event: 35
      0 100.889 1245 10 1 69.2404 74.1904 95.55 
      0 113.308 1270 10 0 69.2398 74.1902 94.15 
      0 153.177 1245 9 1 69.2269 74.1875 65.55 
      0 121.09 1270 9 0 69.2257 74.1868 64.15 
      0 128.988 1245 8 1 69.1981 74.1714 35.55 
      0 109.165 1270 8 0 69.1953 74.1712 34.15 
      0 229.824 1245 7 1 69.1373 74.1648 5.55 
      0 119.409 1270 7 0 69.1346 74.1643 4.15 
      0 134.673 1245 6 1 69.0846 74.1484 -24.45 
      0 117.861 1270 6 0 69.0819 74.1485 -25.85 
      0 246.764 1244 5 1 69.0244 74.1545 -54.45 
      0 151.332 1270 5 0 69.0209 74.1551 -55.85 
      0 135.776 1244 4 1 68.9498 74.1712 -84.45 
      0 110.524 1270 4 0 68.9463 74.1713 -85.85 
      0 100.548 1244 3 1 68.8735 74.1724 -114.45 
      0 110.314 1270 3 0 68.87 74.1726 -115.85 
      0 101.681 1243 2 1 68.8009 74.1774 -144.45 
      0 167.723 1270 2 0 68.7982 74.1778 -145.85 
      0 105.366 1243 1 1 68.7412 74.1899 -174.45 
      0 92.4033 1270 1 0 68.7385 74.1914 -175.85 
      0 107.804 1243 0 1 68.6832 74.2248 -204.45 
      0 158.72 1270 0 0 68.68 74.2268 -205.85 
      0 128.431 1474 6 0 120.743 115.009 -26.25 
      0 99.7871 1475 6 0 120.905 115.15 -26.1136 
      0 53.0001 1476 6 0 121.009 115.35 -25.9525 
      0 58.3623 1477 6 0 120.999 115.55 -25.9038 
      0 13.8191 1478 6 0 120.966 115.75 -25.8705 
      0 0.0133925 1506 6 1 121.55 117.026 -24.8493 
      0 297.257 1507 6 1 121.55 117.026 -24.8493 
      0 75.7231 1508 6 1 121.75 117.765 -24.504 
      0 448.771 1509 6 1 121.95 117.741 -24.5582 
      0 64.5514 1510 6 1 122.15 117.752 -24.4852 
      0 9.70337 1271 9 0 69.2418 74.25 63.7769 
      0 16.7005 1235 9 0 79.7329 67.1249 63.75 
      0 16.6144 1085 9 0 40.8057 37.1333 63.75 
Number of digits in this event: 14
Using G4ParticleGun... 
Particle energy: 9.04442 LIN
Particle: proton
Event: 1
Number of tracker hits in this event: 24
      1 152.585 1077 11 1 35.5902 16.5529 125.55 
      1 107.609 982 11 0 35.5905 16.5527 124.15 
      1 103.622 1077 10 1 35.5922 16.5524 95.55 
      1 177.736 982 10 0 35.5922 16.5527 94.15 
      1 143.632 1077 9 1 35.5926 16.5583 65.55 
      1 117.493 982 9 0 35.5923 16.5578 64.15 
      1 142.816 1077 8 1 35.5849 16.549 35.55 
      1 108.043 982 8 0 35.5843 16.5487 34.15 
      1 113.539 1077 7 1 35.5711 16.5428 5.55 
      1 204.758 982 7 0 35.5723 16.5435 4.15 
      1 122.016 1077 6 1 35.6104 16.5675 -24.45 
      1 144.321 982 6 0 35.6121 16.5684 -25.85 
      1 102.289 1077 5 1 35.646 16.589 -54.45 
      1 98.3682 982 5 0 35.6471 16.5903 -55.85 
      1 98.5949 1078 4 1 35.6686 16.615 -84.45 
      1 115.5 982 4 0 35.6697 16.616 -85.85 
      1 113.47 1078 3 1 35.691 16.6338 -114.45 
      1 117.489 982 3 0 35.6915 16.6348 -115.85 
      1 148.187 1078 2 1 35.7011 16.6566 -144.45 
      1 109.736 983 2 0 35.7027 16.6575 -145.85 
      1 154.263 1078 1 1 35.7361 16.6753 -174.45 
      1 91.8217 983 1 0 35.7378 16.6758 -175.85 
      1 127.889 1078 0 1 35.7722 16.6894 -204.45 
      1 141.064 983 0 0 35.7731 16.6897 -205.85 
Number of digits in this event: 12
Using G4ParticleGun... 
Particle energy: 7.6542 LIN
Particle: proton
Event: 2
Number of tracker hits in this event: 23
      2 128.066 1092 10 1 38.5164 -77.748 95.55 
      2 108.157 511 10 0 38.516 -77.7479 94.15 
      2 109.525 1092 9 1 38.5056 -77.7428 65.55 
      2 98.2603 511 9 0 38.5051 -77.742 64.15 
      2 120.308 1092 8 1 38.4949 -77.7252 35.55 
      2 95.9342 511 8 0 38.4941 -77.7249 34.15 
      2 107.232 1092 7 1 38.4747 -77.7218 5.55 
      2 121.274 511 7 0 38.4751 -77.7214 4.15 
      2 114.051 1092 6 1 38.4794 -77.7148 -24.45 
      2 123.789 511 6 0 38.4799 -77.7146 -25.85 
      2 126.167 1092 5 1 38.4947 -77.7078 -54.45 
      2 117.294 511 5 0 38.4955 -77.7068 -55.85 
      2 177.125 1092 4 1 38.5147 -77.688 -84.45 
      2 97.5105 511 4 0 38.5157 -77.6877 -85.85 
      2 108.607 1092 3 1 38.5359 -77.6822 -114.45 
      2 242.967 511 3 0 38.5373 -77.6829 -115.85 
      2 102.942 1092 2 1 38.5651 -77.6974 -144.45 
      2 120.598 511 2 0 38.5668 -77.6977 -145.85 
      2 187.813 1092 1 1 38.6073 -77.704 -174.45 
      2 172.242 511 1 0 38.6098 -77.7048 -175.85 
      2 132.949 1093 0 1 38.6616 -77.7182 -204.45 
      2 106.415 511 0 0 38.6637 -77.718 -205.85 
      2 230.033 1091 3 1 38.4022 -77.8863 -114.85 
Number of digits in this event: 13
Using G4ParticleGun... 
Particle energy: 3.13941 LIN
Particle: proton
Event: 3
Number of tracker hits in this event: 20
      3 131.076 373 9 1 -105.474 -59.7452 65.55 
      3 108.236 601 9 0 -105.472 -59.7439 64.15 
      3 131.164 373 8 1 -105.436 -59.7146 35.55 
      3 106.753 601 8 0 -105.435 -59.7137 34.15 
      3 157.162 373 7 1 -105.418 -59.6934 5.55 
      3 90.9193 601 7 0 -105.418 -59.6918 4.15 
      3 146.771 373 6 1 -105.407 -59.657 -24.45 
      3 117.591 601 6 0 -105.407 -59.6555 -25.85 
      3 123.021 373 5 1 -105.398 -59.629 -54.45 
      3 91.4356 602 5 0 -105.4 -59.6278 -55.85 
      3 103.721 373 4 1 -105.434 -59.6076 -84.45 
      3 105.219 602 4 0 -105.439 -59.6045 -85.85 
      3 136.914 373 3 1 -105.544 -59.5398 -114.45 
      3 98.9854 602 3 0 -105.547 -59.536 -115.85 
      3 134.087 372 2 1 -105.613 -59.4649 -144.45 
      3 117.742 602 2 0 -105.615 -59.4611 -145.85 
      3 207.226 372 1 1 -105.669 -59.3839 -174.45 
      3 112.191 603 1 0 -105.671 -59.3825 -175.85 
      3 108.513 372 0 1 -105.709 -59.3557 -204.45 
      3 114.802 603 0 0 -105.712 -59.3566 -205.85 
Number of digits in this event: 9
Using G4ParticleGun... 
Particle energy: 8.64335 LIN
Particle: proton
Event: 4
Number of tracker hits in this event: 27
      4 127.253 990 9 1 18.2417 -115.748 65.55 
      4 151.931 322 9 0 18.243 -115.748 64.15 
      4 128.029 991 8 1 18.2687 -115.742 35.55 
      4 139.652 322 8 0 18.27 -115.742 34.15 
      4 191.761 991 7 1 18.2959 -115.733 5.55 
      4 134.981 322 7 0 18.2982 -115.733 4.15 
      4 154.557 991 6 1 18.3472 -115.734 -24.45 
      4 97.3883 322 6 0 18.3493 -115.734 -25.85 
      4 84.8338 991 5 1 18.3908 -115.73 -54.45 
      4 181.318 322 5 0 18.3917 -115.73 -55.85 
      4 188.796 991 4 1 18.4089 -115.722 -84.45 
      4 253.17 322 4 0 18.4089 -115.722 -85.85 
      4 157.153 991 3 1 18.4043 -115.722 -114.45 
      4 122.424 322 3 0 18.4046 -115.723 -115.85 
      4 88.9199 991 2 1 18.4122 -115.743 -144.45 
      4 175.192 322 2 0 18.4127 -115.744 -145.85 
      4 123.874 991 1 1 18.4218 -115.775 -174.45 
      4 107.833 321 1 0 18.422 -115.777 -175.85 
      4 118.673 991 0 1 18.4216 -115.811 -204.45 
      4 167.141 321 0 0 18.4213 -115.812 -205.85 
      4 68.6993 993 3 1 18.7311 -115.928 -114.45 
      4 297.484 992 3 1 18.65 -116.144 -114.497 
      4 162.979 319 3 0 17.0821 -116.327 -115.85 
      4 84.7584 320 3 0 16.961 -116.149 -115.994 
      4 261.343 982 3 1 16.5149 -115.5 -114.85 
      4 14.2679 981 3 1 16.4499 -115.422 -114.79 
      4 216.5 990 8 1 18.25 -115.742 35.5404 
Number of digits in this event: 20
Using G4ParticleGun... 
Particle energy: 3.56869 LIN
Particle: proton
Event: 5
Number of tracker hits in this event: 27
      5 90.9818 609 10 1 -58.1071 80.6338 95.55 
      5 126.295 1302 10 0 -58.107 80.6353 94.15 
      5 119.331 609 9 1 -58.1056 80.6669 65.55 
      5 121.383 1303 9 0 -58.1073 80.6685 64.15 
      5 105.723 609 8 1 -58.143 80.7029 35.55 
      5 120.799 1303 8 0 -58.1427 80.7048 34.15 
      5 113.643 609 7 1 -58.1361 80.7458 5.55 
      5 140.892 1303 7 0 -58.1381 80.748 4.15 
      5 132.942 609 6 1 -58.1768 80.804 -24.45 
      5 161.336 1303 6 0 -58.1762 80.8068 -25.85 
      5 108.423 609 5 1 -58.1647 80.8628 -54.45 
      5 117.001 1304 5 0 -58.1626 80.8657 -55.85 
      5 101.546 609 4 1 -58.1186 80.9331 -84.45 
      5 177.999 1304 4 0 -58.1162 80.9382 -85.85 
      5 99.7251 609 3 1 -58.0624 81.0392 -114.45 
      5 162.128 1304 3 0 -58.0613 81.0421 -115.85 
      5 175.204 610 2 1 -58.0371 81.0965 -144.45 
      5 145.348 1305 2 0 -58.0368 81.0999 -145.85 
      5 119.874 610 1 1 -58.0376 81.1722 -174.45 
      5 94.9898 1305 1 0 -58.0385 81.1772 -175.85 
      5 126.395 609 0 1 -58.0558 81.282 -204.45 
      5 124.993 1306 0 0 -58.056 81.2888 -205.85 
      5 55.7434 1602 8 1 140.571 -79.2991 35.15 
      5 67.6209 611 2 1 -57.85 81.1211 -144.721 
      5 1.41833 1302 2 0 -57.4797 80.4533 -145.851 
      5 348.767 1301 2 0 -57.4781 80.45 -145.856 
      5 176.766 1304 2 0 -19.6986 81.0189 -146.25 
Number of digits in this event: 17
Using G4ParticleGun... 
Particle energy: 7.96745 LIN
Particle: proton
Event: 6
Number of tracker hits in this event: 19
      6 328.273 918 8 1 3.76487 140.941 35.55 
      6 99.0049 1603 8 0 3.76456 140.942 34.15 
      6 146.7 918 7 1 3.75617 140.949 5.55 
      6 206.378 1603 7 0 3.75636 140.95 4.15 
      6 1.77918 1604 7 0 3.75642 140.95 3.76238 
      6 180.733 918 6 1 3.75904 140.962 -24.45 
      6 105.167 1604 6 0 3.75875 140.962 -25.85 
      6 118.816 918 5 1 3.75032 140.963 -54.45 
      6 86.054 1604 5 0 3.75024 140.963 -55.85 
      6 91.932 918 4 1 3.74917 140.962 -84.45 
      6 123.134 1604 4 0 3.74915 140.962 -85.85 
      6 226.41 918 3 1 3.74929 140.963 -114.45 
      6 96.9958 1604 3 0 3.74858 140.963 -115.85 
      6 125.498 918 2 1 3.73371 140.968 -144.45 
      6 119.507 1604 2 0 3.73272 140.969 -145.85 
      6 137.659 918 1 1 3.71276 140.98 -174.45 
      6 138.603 1604 1 0 3.71178 140.98 -175.85 
      6 174.627 918 0 1 3.69278 140.976 -204.45 
      6 115.668 1604 0 0 3.69281 140.975 -205.85 
Number of digits in this event: 11
Using G4ParticleGun... 
Particle energy: 2.60943 LIN
Particle: proton
Event: 7
Number of tracker hits in this event: 38
      7 163.281 210 8 1 -138.035 15.5629 35.55 
      7 118.103 977 8 0 -138.034 15.561 34.15 
      7 163.842 210 7 1 -138.018 15.5114 5.55 
      7 165.827 977 7 0 -138.015 15.5079 4.15 
      7 122.615 210 6 1 -137.956 15.43 -24.45 
      7 143.363 976 6 0 -137.953 15.4241 -25.85 
      7 148.265 211 5 1 -137.907 15.309 -54.45 
      7 99.7892 976 5 0 -137.905 15.3039 -55.85 
      7 98.2842 211 4 1 -137.886 15.2069 -84.45 
      7 101.601 975 4 0 -137.887 15.2034 -85.85 
      7 146.867 211 3 1 -137.896 15.1359 -114.45 
      7 115.16 975 3 0 -137.898 15.1334 -115.85 
      7 97.1168 211 2 1 -137.924 15.0812 -144.45 
      7 119.539 975 2 0 -137.923 15.078 -145.85 
      7 97.6474 211 1 1 -137.894 15.0029 -174.45 
      7 183.117 974 1 0 -137.893 14.9972 -175.85 
      7 151.686 211 0 1 -137.855 14.8781 -204.45 
      7 102.82 974 0 0 -137.852 14.8732 -205.85 
      7 18.648 1748 0 1 169.799 -55.0983 -204.578 
      7 29.1062 1345 11 0 -100.316 89.1101 123.879 
      7 0.161432 634 7 1 -53.1553 -71.7658 5.15 
      7 136.389 746 9 1 -30.6535 -100.524 65.3849 
      7 184.291 1018 1 0 -113.929 23.6988 -176.25 
      7 62.4515 340 1 1 -112.142 22.9912 -174.85 
      7 73.4505 341 1 1 -111.95 22.9363 -174.729 
      7 93.683 342 1 1 -111.75 22.7788 -174.606 
      7 66.5154 343 1 1 -111.55 22.5217 -174.484 
      7 140.887 344 1 1 -111.35 22.4072 -174.488 
      7 66.3653 345 1 1 -111.15 22.1953 -174.563 
      7 219.923 346 1 1 -110.95 21.9913 -174.616 
      7 231.439 347 1 1 -110.75 21.8028 -174.648 
      7 93.6933 348 1 1 -110.55 21.4306 -174.63 
      7 219.226 349 1 1 -110.35 21.2664 -174.66 
      7 101.778 1004 1 0 -109.4 20.9068 -175.85 
      7 119.189 1003 1 0 -109.333 20.85 -175.945 
      7 114.743 1005 1 0 -109.158 21.05 -176.187 
      7 148.808 973 1 0 -137.968 14.85 -176.036 
      7 93.9057 213 1 1 -137.42 15.3861 -174.85 
Number of digits in this event: 20
Using G4ParticleGun... 
Particle energy: 7.57345 LIN
Particle: proton
Event: 8
Number of tracker hits in this event: 25
      8 102.065 1125 11 1 45.1142 -26.465 125.55 
      8 132.137 767 11 0 45.1131 -26.4648 124.15 
      8 140.767 1125 10 1 45.0905 -26.4694 95.55 
      8 122.404 767 10 0 45.0904 -26.4698 94.15 
      8 93.4229 1125 9 1 45.0837 -26.4802 65.55 
      8 105.322 767 9 0 45.0825 -26.4808 64.15 
      8 172.334 1125 8 1 45.0587 -26.4964 35.55 
      8 96.2913 767 8 0 45.0573 -26.4981 34.15 
      8 133.514 1124 7 1 45.0281 -26.536 5.55 
      8 114.853 767 7 0 45.0269 -26.5385 4.15 
      8 101.019 1124 6 1 45.0023 -26.5895 -24.45 
      8 202.829 767 6 0 45.0013 -26.5915 -25.85 
      8 113.38 1124 5 1 44.9801 -26.632 -54.45 
      8 138.199 767 5 0 44.9786 -26.6344 -55.85 
      8 181.078 1124 4 1 44.9486 -26.6863 -84.45 
      8 164.566 766 4 0 44.9469 -26.6879 -85.85 
      8 219.896 1124 3 1 44.9109 -26.7247 -114.45 
      8 89.9205 766 3 0 44.9087 -26.7257 -115.85 
      8 176.609 1124 2 1 44.8644 -26.7502 -144.45 
      8 114.102 766 2 0 44.861 -26.7519 -145.85 
      8 134.21 1123 1 1 44.7965 -26.7941 -174.45 
      8 91.656 766 1 0 44.7933 -26.7965 -175.85 
      8 127.595 1123 0 1 44.7266 -26.847 -204.45 
      8 92.4827 766 0 0 44.7239 -26.8495 -205.85 
      8 30.4457 765 0 0 44.7233 -26.85 -206.114 
Number of digits in this event: 14
Using G4ParticleGun... 
Particle energy: 4.06172 LIN
Particle: proton
Event: 9
Number of tracker hits in this event: 336
      9 133.894 966 11 1 13.2847 4.50434 125.55 
      9 93.1995 922 11 0 13.2863 4.50496 124.15 
      9 99.0291 966 10 1 13.3198 4.51253 95.55 
      9 109.362 922 10 0 13.3185 4.51413 94.15 
      9 205.109 966 9 1 13.2889 4.55023 65.55 
      9 109.65 922 9 0 13.2877 4.55211 64.15 
      9 110.175 966 8 1 13.2615 4.59106 35.55 
      9 217.34 922 8 0 13.26 4.59477 34.15 
      9 117.653 965 7 1 13.2212 4.67277 5.55 
      9 100.503 923 7 0 13.2205 4.67963 4.15 
      9 203.345 965 6 1 13.2073 4.82506 -24.45 
      9 110.93 923 6 0 13.206 4.83092 -25.85 
      9 128.624 965 5 1 13.1837 4.95326 -54.45 
      9 118.994 924 5 0 13.1838 4.96123 -55.85 
      9 104.303 965 4 1 13.1826 5.1355 -84.45 
      9 97.5676 925 4 0 13.1824 5.1436 -85.85 
      9 147.312 1086 3 0 32.062 37.2946 -116.141 
      9 2357.04 909 4 0 25.4229 1.88233 -86.25 
      9 1015.6 965 3 1 13.2192 5.34059 -114.45 
      9 2424.82 966 3 1 13.25 6.04453 -114.828 
      9 228.536 307 5 1 -118.55 -167.812 -54.6798 
      9 2219.46 967 3 1 13.45 5.51585 -114.552 
      9 3089.01 968 3 1 13.65 5.65577 -114.649 
      9 4829.91 969 3 1 13.85 5.79506 -114.756 
      9 3359.83 964 3 1 13.05 5.56051 -114.528 
      9 751.726 963 3 1 12.85 5.94124 -114.741 
      9 314.706 938 3 0 11.9193 7.77358 -115.85 
      9 785.328 939 3 0 11.8805 7.85 -115.896 
      9 830.173 940 3 0 11.7793 8.05 -116.018 
      9 825.28 941 3 0 11.682 8.25 -116.139 
      9 155.682 845 2 1 -11.0408 57.2826 -144.45 
      9 4188.91 844 2 1 -11.05 57.3035 -144.464 
      9 879.53 843 2 1 -11.25 57.7873 -144.79 
      9 903.855 1197 2 0 -11.9564 59.5669 -145.85 
      9 2577.68 1198 2 0 -11.9894 59.65 -145.899 
      9 3831.18 1199 2 0 -12.0805 59.85 -146.038 
      9 2804.67 1200 2 0 -12.1808 60.05 -146.183 
      9 227.807 834 1 1 -13.2247 55.5714 -174.721 
      9 45.9161 967 4 0 31.6064 13.6393 -86.25 
      9 382.11 968 4 0 31.6301 13.65 -86.2139 
      9 187.242 1062 4 1 32.5227 14.0567 -84.85 
      9 218.552 1063 4 1 32.65 14.1149 -84.6554 
      9 381.682 1011 5 0 51.6815 22.284 -56.25 
      9 42.9148 1162 5 1 52.6175 22.6878 -54.85 
      9 471.556 1163 5 1 52.65 22.7019 -54.8013 
      9 138.272 1164 5 1 52.85 22.7875 -54.5024 
      9 486.583 1056 6 0 72.8107 31.2905 -26.25 
      9 80.23 1268 6 1 73.7995 31.7124 -24.85 
      9 525.973 1269 6 1 73.85 31.734 -24.7784 
      9 67.805 1270 6 1 74.05 31.8186 -24.4973 
      9 635.403 1104 7 0 94.3695 40.8673 3.75 
      9 401.018 1376 7 1 95.3788 41.3256 5.15 
      9 199.586 1377 7 1 95.55 41.4046 5.38729 
      9 119.284 1152 8 0 116.432 50.6135 33.75 
      9 383.414 1153 8 0 116.515 50.65 33.8625 
      9 127.492 1486 8 1 117.46 51.0686 35.15 
      9 256.833 1487 8 1 117.55 51.1084 35.2725 
      9 5.66929 1488 8 1 117.75 51.1978 35.5455 
      9 50.687 1203 9 0 139.58 60.833 63.75 
      9 351.209 1204 9 0 139.618 60.85 63.7998 
      9 297.684 1602 9 1 140.661 61.3063 65.15 
      9 354.669 1603 9 1 140.75 61.3452 65.2646 
      9 48.1925 1604 9 1 140.95 61.4331 65.523 
      9 525.066 1251 10 0 162.248 70.2963 93.75 
      9 95.0868 1715 10 1 163.303 70.7404 95.15 
      9 316.423 1716 10 1 163.35 70.7604 95.2127 
      9 59.7404 1717 10 1 163.55 70.8446 95.4786 
      9 160.488 1371 7 1 94.4827 40.9623 5.15 
      9 57.3966 1103 7 0 94.5323 40.85 3.92235 
      9 37817.8 924 3 0 13.1196 4.95764 -115.85 
      9 58.4494 624 3 0 77.6877 -55.1537 -116.25 
      9 61.676 623 3 0 77.8002 -55.25 -116.195 
      9 949.841 923 3 0 13.1054 4.85 -116.09 
      9 617.775 922 3 0 13.0883 4.65 -115.982 
      9 88.8478 921 3 0 13.0721 4.45 -115.871 
      9 344.14 676 4 0 4.46908 -44.693 -86.25 
      9 513.052 675 4 0 4.44074 -44.85 -86.155 
      9 509.318 674 4 0 4.40584 -45.05 -86.0348 
      9 254.895 673 4 0 4.37218 -45.25 -85.9127 
      9 773.685 920 4 1 4.09182 -46.8779 -84.85 
      9 1052.3 919 4 1 4.05 -47.1209 -84.6909 
      9 158.546 392 5 0 -3.29827 -101.696 -56.25 
      9 707.06 391 5 0 -3.30555 -101.75 -56.2218 
      9 663.088 390 5 0 -3.33286 -101.95 -56.1168 
      9 606.606 389 5 0 -3.36331 -102.15 -56.0142 
      9 364.059 388 5 0 -3.39266 -102.35 -55.9119 
      9 2385.94 881 5 1 -3.73247 -104.373 -54.85 
      9 196.963 880 5 1 -3.85 -105.072 -54.4832 
      9 791.768 112 6 0 -19.8434 -157.58 -26.25 
      9 986.086 111 6 0 -19.8955 -157.75 -26.1586 
      9 1126.82 110 6 0 -19.9619 -157.95 -26.0448 
      9 872.051 109 6 0 -20.0238 -158.15 -25.9384 
      9 1459.21 797 6 1 -20.5745 -159.951 -24.85 
      9 2910.46 796 6 1 -20.65 -160.198 -24.7001 
      9 519.342 983 2 1 16.7238 21.9863 -144.45 
      9 237.29 1013 2 0 16.8961 22.745 -145.85 
      9 263.252 1014 2 0 16.9201 22.85 -146.045 
      9 602.391 1002 1 1 20.466 38.1794 -174.45 
      9 6.9627 1093 1 0 20.6138 38.846 -175.85 
      9 474.778 1094 1 0 20.6147 38.85 -175.858 
      9 465.465 1018 0 1 23.6961 52.4004 -204.45 
      9 1.07925 1164 0 0 23.8306 53.0496 -205.85 
      9 503.615 1165 0 0 23.8306 53.05 -205.851 
      9 81.8753 1278 3 1 75.7671 33.7496 -114.479 
      9 114.741 1279 3 1 75.85 33.786 -114.476 
      9 147.363 1280 3 1 76.05 33.8742 -114.471 
      9 241.771 1281 3 1 76.25 33.9636 -114.466 
      9 132.054 1282 3 1 76.45 34.0531 -114.46 
      9 101.27 1283 3 1 76.65 34.1483 -114.454 
      9 116.864 1288 3 1 77.7929 34.7323 -114.45 
      9 152.338 1289 3 1 77.85 34.7654 -114.453 
      9 137.761 1290 3 1 78.05 34.8815 -114.462 
      9 128.665 1291 3 1 78.25 34.9978 -114.47 
      9 133.338 1292 3 1 78.45 35.1164 -114.478 
      9 132.79 1293 3 1 78.65 35.2328 -114.486 
      9 202.286 1294 3 1 78.85 35.3498 -114.493 
      9 122.578 1295 3 1 79.0501 35.4672 -114.501 
      9 133.547 1296 3 1 79.2503 35.5846 -114.509 
      9 150.158 1297 3 1 79.45 35.6999 -114.519 
      9 269.548 1298 3 1 79.65 35.814 -114.53 
      9 156.441 1299 3 1 79.85 35.9301 -114.539 
      9 214.648 1300 3 1 80.05 36.046 -114.547 
      9 123.37 1301 3 1 80.2502 36.162 -114.556 
      9 132.423 1302 3 1 80.4507 36.2787 -114.568 
      9 134.501 1303 3 1 80.65 36.3953 -114.58 
      9 399.465 1304 3 1 80.8503 36.5136 -114.593 
      9 474.035 1305 3 1 81.05 36.6349 -114.606 
      9 170.955 1306 3 1 81.2501 36.7567 -114.62 
      9 556.313 1307 3 1 81.45 36.8783 -114.634 
      9 189.441 1308 3 1 81.65 37.003 -114.653 
      9 324.459 1309 3 1 81.85 37.1279 -114.67 
      9 207.446 1310 3 1 82.05 37.2542 -114.687 
      9 294.521 1311 3 1 82.25 37.3804 -114.704 
      9 180.193 1312 3 1 82.45 37.5071 -114.721 
      9 212.786 1313 3 1 82.65 37.6343 -114.74 
      9 264.531 1314 3 1 82.8508 37.7607 -114.757 
      9 286.929 1315 3 1 83.05 37.8846 -114.775 
      9 341.858 1316 3 1 83.2502 38.0106 -114.795 
      9 308.31 1317 3 1 83.45 38.137 -114.815 
      9 385.5 1318 3 1 83.6503 38.2641 -114.834 
      9 241.097 1128 3 0 95.5223 45.7079 -115.85 
      9 170.59 1129 3 0 95.7506 45.8502 -115.869 
      9 201.685 1130 3 0 96.0732 46.05 -115.897 
      9 133.929 1131 3 0 96.4012 46.25 -115.924 
      9 114.231 1132 3 0 96.7259 46.45 -115.952 
      9 230.582 1133 3 0 97.0586 46.6501 -115.985 
      9 134.099 1134 3 0 97.3869 46.85 -116.019 
      9 101.307 1135 3 0 97.71 47.05 -116.052 
      9 129.475 1136 3 0 98.0306 47.25 -116.088 
      9 104.606 1137 3 0 98.3485 47.4503 -116.128 
      9 114.993 1138 3 0 98.6627 47.6501 -116.166 
      9 167.441 1139 3 0 98.9745 47.85 -116.204 
      9 10.78 1140 3 0 99.2877 48.05 -116.245 
      9 119.401 1383 3 1 96.8612 47.6105 -114.85 
      9 575.174 1319 3 1 83.8509 38.3367 -114.474 
      9 254.775 1320 3 1 84.0501 38.5167 -114.457 
      9 70.4573 1085 3 0 82.804 37.2497 -115.968 
      9 120.044 1084 3 0 82.6967 37.0496 -116.086 
      9 20.8431 1083 3 0 82.6282 36.85 -116.213 
      9 126.333 797 3 0 83.0092 -20.5294 -116.25 
      9 82.1562 795 3 0 81.8935 -20.9237 -115.85 
      9 54.2323 794 3 0 81.8589 -21.05 -116.057 
      9 22.922 793 3 0 81.8167 -21.25 -116.219 
      9 131.24 142 5 0 11.2523 -151.55 -56.117 
      9 131.907 141 5 0 11.1658 -151.75 -55.9717 
      9 111.376 1313 3 0 48.6516 82.7872 -116.25 
      9 236.904 1321 3 1 84.25 38.5663 -114.706 
      9 287.069 1322 3 1 84.45 38.675 -114.731 
      9 319.751 1323 3 1 84.65 38.7991 -114.761 
      9 159.712 1324 3 1 84.85 38.909 -114.807 
      9 206.424 1325 3 1 85.0501 39.073 -114.838 
      9 212.614 1326 3 1 85.25 39.2483 -114.839 
      9 100.928 1110 3 0 89.0707 42.0956 -115.85 
      9 121.089 1111 3 0 89.3784 42.2502 -115.988 
      9 1.26017 1112 3 0 89.6985 42.45 -116.249 
      9 53.1363 1434 3 0 107.914 107.039 -116.25 
      9 59.9262 1435 3 0 107.875 107.15 -116.206 
      9 51.2245 1436 3 0 107.856 107.35 -116.166 
      9 132.227 1437 3 0 107.829 107.55 -116.15 
      9 60 1438 3 0 107.783 107.75 -116.136 
      9 64.4677 1439 3 0 107.725 107.95 -116.092 
      9 60.8882 1440 3 0 107.693 108.15 -116.025 
      9 54.9994 1441 3 0 107.618 108.35 -116.002 
      9 64.9065 1442 3 0 107.556 108.55 -115.97 
      9 51.1893 1443 3 0 107.509 108.75 -115.905 
      9 158.462 1436 3 1 107.448 110.787 -114.85 
      9 94.2224 1435 3 1 107.35 111.063 -114.557 
      9 332.44 1434 3 1 107.15 111.454 -114.513 
      9 125.836 1458 3 0 106.611 111.93 -115.85 
      9 83.1329 1459 3 0 106.583 111.95 -115.939 
      9 249.946 1608 3 0 68.2495 141.822 -116.25 
      9 4.647 1609 3 0 67.7829 141.95 -115.851 
      9 33.005 1223 3 1 64.7169 145.023 -114.85 
      9 186.118 1222 3 1 64.65 145.115 -114.816 
      9 6.24474 1433 3 1 106.95 111.41 -114.567 
      9 113.447 1055 4 0 104.029 31.1825 -86.2498 
      9 143.423 1420 4 1 104.238 31.2025 -84.85 
      9 17.7404 1067 3 0 82.3165 33.5062 -115.85 
      9 54.3767 1066 3 0 82.3256 33.45 -115.879 
      9 42.8256 1065 3 0 82.3757 33.25 -115.919 
      9 58.2989 1064 3 0 82.4218 33.0494 -115.944 
      9 141.444 1063 3 0 82.4586 32.8498 -115.986 
      9 66.6166 1062 3 0 82.5105 32.6498 -116.067 
      9 85.673 1061 3 0 82.5915 32.4493 -116.138 
      9 5.55165 1060 3 0 82.6915 32.25 -116.225 
      9 53.2887 820 3 0 81.2499 -16.0121 -116.25 
      9 114.856 819 3 0 81.2227 -16.05 -116.147 
      9 51.3916 1284 3 1 76.85 34.2301 -114.453 
      9 86.6236 1285 3 1 77.05 34.3203 -114.451 
      9 72.6852 1286 3 1 77.25 34.4129 -114.45 
      9 56.6073 1287 3 1 77.45 34.505 -114.45 
      9 229.865 1114 3 0 96.4375 42.8701 -115.85 
      9 171.471 1115 3 0 96.8322 43.05 -115.889 
      9 161.086 1116 3 0 97.2635 43.25 -115.935 
      9 122.246 1117 3 0 97.6832 43.45 -115.977 
      9 143.579 1118 3 0 98.0992 43.6503 -116.007 
      9 134.157 1119 3 0 98.5083 43.8501 -116.044 
      9 196.254 1120 3 0 98.911 44.05 -116.076 
      9 345.209 1121 3 0 99.3138 44.25 -116.095 
      9 119.879 1122 3 0 99.7066 44.45 -116.108 
      9 131.911 1123 3 0 100.086 44.6501 -116.125 
      9 109.18 1124 3 0 100.457 44.8501 -116.151 
      9 187.09 1125 3 0 100.83 45.05 -116.165 
      9 180.207 1126 3 0 101.227 45.25 -116.183 
      9 127.97 1127 3 0 101.662 45.45 -116.204 
      9 72.0296 1327 3 1 85.45 38.9271 -114.618 
      9 102.266 1328 3 1 85.65 38.9565 -114.658 
      9 61.8238 1329 3 1 85.85 38.748 -114.699 
      9 211.175 1330 3 1 86.0505 38.6862 -114.627 
      9 119.48 1331 3 1 86.25 38.5752 -114.514 
      9 350.865 957 3 1 11.6365 3.48097 -114.85 
      9 284.97 956 3 1 11.45 3.30224 -114.69 
      9 155.661 955 3 1 11.25 3.11018 -114.518 
      9 323.557 766 4 0 -20.8831 -26.6997 -86.25 
      9 474.116 765 4 0 -21.0452 -26.85 -86.1074 
      9 115.363 764 4 0 -21.2606 -27.05 -85.9164 
      9 317.715 787 4 1 -22.452 -28.1536 -84.85 
      9 495.117 786 4 1 -22.65 -28.337 -84.6727 
      9 91.3764 785 4 1 -22.85 -28.5205 -84.4968 
      9 0.158872 612 5 0 -56.1403 -57.6496 -56.25 
      9 504.27 611 5 0 -56.1407 -57.65 -56.2496 
      9 589.775 610 5 0 -56.3691 -57.85 -56.0564 
      9 97.4943 609 5 0 -56.5968 -58.05 -55.8635 
      9 116.692 611 5 1 -57.7975 -59.0923 -54.85 
      9 419.19 610 5 1 -57.85 -59.1378 -54.8057 
      9 460.969 609 5 1 -58.05 -59.3111 -54.6373 
      9 46.3472 608 5 1 -58.25 -59.4859 -54.4678 
      9 279.036 462 6 0 -89.8658 -87.518 -26.25 
      9 203.604 461 6 0 -90.0147 -87.65 -26.117 
      9 146.301 460 6 0 -90.2405 -87.85 -25.9144 
      9 195.335 443 6 1 -91.4228 -88.8935 -24.85 
      9 287.786 442 6 1 -91.55 -89.0057 -24.7354 
      9 222.09 441 6 1 -91.75 -89.1826 -24.557 
      9 372.247 309 7 0 -126.15 -118.157 3.75 
      9 410.88 308 7 0 -126.38 -118.35 3.93865 
      9 42.7888 307 7 0 -126.62 -118.55 4.13397 
      9 181.007 261 7 1 -127.86 -119.59 5.15 
      9 329.11 260 7 1 -127.95 -119.666 5.22359 
      9 370.632 259 7 1 -128.15 -119.834 5.38849 
      9 178.869 143 8 0 -162.326 -151.445 33.75 
      9 395.165 142 8 0 -162.44 -151.55 33.8439 
      9 372.026 141 8 0 -162.655 -151.75 34.0224 
      9 285.136 80 8 1 -164.03 -153.05 35.15 
      9 561.749 79 8 1 -164.15 -153.164 35.2482 
      9 319.825 78 8 1 -164.35 -153.352 35.4105 
      9 122.669 616 5 1 -56.7771 -58.5674 -54.85 
      9 76.2203 613 5 1 -57.2534 -60.388 -54.8499 
      9 46.6934 614 5 1 -57.2499 -60.3975 -54.8356 
      9 152.014 959 3 1 11.853 3.7189 -114.85 
      9 74.8712 958 3 1 11.85 3.7161 -114.847 
      9 113.065 1178 2 1 55.6845 3.33092 -144.45 
      9 148.842 1179 2 1 55.85 3.32589 -144.561 
      9 174.381 1180 2 1 56.05 3.31988 -144.695 
      9 21.8355 1181 2 1 56.25 3.31417 -144.83 
      9 464.64 916 2 0 57.7618 3.27113 -145.85 
      9 87.3735 1398 1 1 99.8443 2.19811 -174.45 
      9 416.431 1399 1 1 99.95 2.1947 -174.521 
      9 150.044 1400 1 1 100.15 2.18847 -174.656 
      9 72.8875 1401 1 1 100.35 2.18217 -174.791 
      9 523.096 910 1 0 101.914 2.13238 -175.85 
      9 65.7787 1618 0 1 143.864 0.806186 -204.45 
      9 218.54 1619 0 1 143.95 0.804918 -204.51 
      9 170.169 1620 0 1 144.15 0.801782 -204.647 
      9 67.1892 1621 0 1 144.35 0.799338 -204.785 
      9 474.379 903 0 0 145.899 0.773302 -205.85 
      9 54.2058 974 3 1 14.8976 4.15306 -114.85 
      9 125.057 975 3 1 15.05 4.08996 -114.742 
      9 98.5584 976 3 1 15.25 4.00709 -114.601 
      9 4.63177 977 3 1 15.45 3.92421 -114.462 
      9 163.178 833 4 0 57.4627 -13.3104 -86.25 
      9 100.528 832 4 0 57.803 -13.45 -86.0216 
      9 79.664 1197 4 1 59.5181 -14.1668 -84.85 
      9 106.789 1198 4 1 59.65 -14.2219 -84.7599 
      9 90.2833 1199 4 1 59.85 -14.3053 -84.6236 
      9 26.6124 1200 4 1 60.05 -14.3886 -84.4885 
      9 45.5071 739 5 0 101.119 -32.2009 -56.25 
      9 189.349 738 5 0 101.232 -32.25 -56.1722 
      9 2.90933 737 5 0 101.691 -32.45 -55.8568 
      9 95.395 1415 5 1 103.15 -33.0859 -54.85 
      9 82.5353 1416 5 1 103.35 -33.1729 -54.7123 
      9 114.101 1417 5 1 103.55 -33.2609 -54.5751 
      9 183.353 646 6 0 146.421 -50.6727 -26.25 
      9 70.6332 645 6 0 146.858 -50.85 -25.9614 
      9 83.3063 1642 6 1 148.563 -51.5323 -24.85 
      9 82.0764 1643 6 1 148.75 -51.6072 -24.728 
      9 82.8043 1644 6 1 148.95 -51.6869 -24.598 
      9 16.2538 1645 6 1 149.15 -51.7688 -24.4679 
      9 147.914 1001 2 1 20.3536 -14.2401 -144.45 
      9 10.0545 1002 2 1 20.45 -14.4994 -144.826 
      9 19.037 824 2 0 20.7137 -15.2057 -145.85 
      9 89.9133 823 2 0 20.7302 -15.25 -145.914 
      9 15.0334 822 2 0 20.8051 -15.45 -146.205 
      9 4.39297 1039 1 1 28.0439 -34.9518 -174.45 
      9 292.04 1040 1 1 28.05 -34.9677 -174.473 
      9 44.6288 720 1 0 28.4171 -35.9351 -175.85 
      9 102.007 719 1 0 28.4606 -36.05 -176.013 
      9 131.942 1079 0 1 36.0114 -56.0266 -204.45 
      9 202.332 1080 0 1 36.05 -56.1325 -204.603 
      9 21.699 615 0 0 36.3672 -56.9988 -205.85 
      9 105.636 614 0 0 36.386 -57.05 -205.924 
      9 10.4164 613 0 0 36.4593 -57.25 -206.211 
      9 58.1494 723 1 0 28.4122 -35.4117 -175.85 
      9 104.269 722 1 0 28.4465 -35.45 -176.026 
      9 68.318 1115 0 1 43.2132 -34.5465 -204.45 
      9 72.555 1116 0 1 43.2501 -34.5723 -204.497 
      9 106.69 1117 0 1 43.45 -34.6475 -204.644 
      9 83.7385 1118 0 1 43.65 -34.5968 -204.745 
      9 13.8302 1119 0 1 43.8504 -34.5633 -204.849 
      9 383.075 734 0 0 47.4086 -33.1711 -205.85 
      9 653.1 735 0 0 48.1354 -33.05 -205.975 
      9 135.79 736 0 0 48.679 -32.85 -206.129 
      9 25.8251 737 0 0 48.9237 -32.65 -206.221 
      9 117.811 719 0 0 104.063 -36.0945 -206.25 
      9 136.369 720 0 0 104.244 -36.0499 -206.215 
      9 148.629 863 0 0 80.2637 -7.28404 -206.25 
      9 2.63516 864 0 0 80.276 -7.25 -206.222 
Number of digits in this event: 207
Using G4ParticleGun... 
Particle energy: 3.9437 LIN
Particle: proton
Event: 10
Number of tracker hits in this event: 20
     10 93.5317 1041 9 1 28.4143 -122.136 65.55 
     10 100.669 290 9 0 28.4129 -122.133 64.15 
     10 99.3731 1041 8 1 28.3843 -122.06 35.55 
     10 94.385 290 8 0 28.384 -122.055 34.15 
     10 107.163 1041 7 1 28.3712 -121.958 5.55 
     10 105.208 290 7 0 28.3701 -121.955 4.15 
     10 207.101 1041 6 1 28.347 -121.906 -24.45 
     10 120.088 291 6 0 28.3453 -121.906 -25.85 
     10 121.387 1041 5 1 28.304 -121.9 -54.45 
     10 116.299 291 5 0 28.3032 -121.9 -55.85 
     10 208.186 1041 4 1 28.2872 -121.901 -84.45 
     10 101.958 291 4 0 28.2878 -121.901 -85.85 
     10 134.682 1041 3 1 28.3014 -121.904 -114.45 
     10 109.279 291 3 0 28.3039 -121.904 -115.85 
     10 117.696 1041 2 1 28.359 -121.888 -144.45 
     10 96.7966 291 2 0 28.3633 -121.887 -145.85 
     10 136.43 1042 1 1 28.4565 -121.863 -174.45 
     10 155.601 291 1 0 28.4607 -121.863 -175.85 
     10 104.474 1042 0 1 28.5441 -121.864 -204.45 
     10 292.838 291 0 0 28.5486 -121.867 -205.85 
Number of digits in this event: 9
Using G4ParticleGun... 
Particle energy: 4.18394 LIN
Particle: proton
Event: 11
Number of tracker hits in this event: 27
     11 115.562 587 11 1 -62.4587 -40.1486 125.55 
     11 89.6045 699 11 0 -62.4611 -40.1476 124.15 
     11 84.4165 587 10 1 -62.5059 -40.1253 95.55 
     11 103.772 699 10 0 -62.5096 -40.1183 94.15 
     11 99.3273 587 9 1 -62.5927 -39.9717 65.55 
     11 113.217 700 9 0 -62.5975 -39.9687 64.15 
     11 100.579 586 8 1 -62.702 -39.9049 35.55 
     11 112.012 700 8 0 -62.7059 -39.9021 34.15 
     11 130.367 586 7 1 -62.7874 -39.8406 5.55 
     11 107.745 701 7 0 -62.7909 -39.8381 4.15 
     11 111.534 585 6 1 -62.8662 -39.7931 -24.45 
     11 121.314 701 6 0 -62.8689 -39.7916 -25.85 
     11 125.034 585 5 1 -62.922 -39.7627 -54.45 
     11 101.345 701 5 0 -62.9242 -39.7637 -55.85 
     11 108.835 585 4 1 -62.9745 -39.7844 -84.45 
     11 100.557 701 4 0 -62.9771 -39.7835 -85.85 
     11 93.2896 585 3 1 -63.0246 -39.7613 -114.45 
     11 173.421 701 3 0 -63.0253 -39.7622 -115.85 
     11 108.056 585 2 1 -63.0409 -39.787 -144.45 
     11 142.003 701 2 0 -63.0424 -39.79 -145.85 
     11 100.35 584 1 1 -63.0766 -39.8632 -174.45 
     11 251.377 700 1 0 -63.0843 -39.874 -175.85 
     11 134.456 584 0 1 -63.2419 -40.0908 -204.45 
     11 103.187 699 0 0 -63.2496 -40.1016 -205.85 
     11 43.8526 583 0 1 -63.25 -40.0707 -204.827 
     11 16.182 710 0 0 -64.2994 -37.8637 -205.85 
     11 106.421 711 0 0 -64.2998 -37.85 -205.857 
Number of digits in this event: 8
Using G4ParticleGun... 
Particle energy: 7.43547 LIN
Particle: proton
Event: 12
Number of tracker hits in this event: 27
     12 135.237 1242 11 1 68.602 -38.4338 125.55 
     12 151.011 708 11 0 68.6022 -38.4338 124.15 
     12 112.895 1242 10 1 68.604 -38.4304 95.55 
     12 108.191 708 10 0 68.6038 -38.4292 94.15 
     12 102.22 1242 9 1 68.5993 -38.3985 65.55 
     12 110.053 708 9 0 68.5996 -38.3971 64.15 
     12 191.885 1242 8 1 68.6038 -38.3689 35.55 
     12 134.916 708 8 0 68.6041 -38.3666 34.15 
     12 136.214 1242 7 1 68.6158 -38.3111 5.55 
     12 103.998 708 7 0 68.6157 -38.308 4.15 
     12 89.4527 1242 6 1 68.6131 -38.2409 -24.45 
     12 114.898 709 6 0 68.6137 -38.2386 -25.85 
     12 164.355 1242 5 1 68.6315 -38.1949 -54.45 
     12 183.468 709 5 0 68.6346 -38.1936 -55.85 
     12 206.739 1243 4 1 68.7013 -38.1698 -84.45 
     12 124.502 709 4 0 68.7054 -38.1681 -85.85 
     12 227.639 1243 3 1 68.7894 -38.1341 -114.45 
     12 99.313 709 3 0 68.7933 -38.1327 -115.85 
     12 95.123 1244 2 1 68.8708 -38.1005 -144.45 
     12 100.536 709 2 0 68.8746 -38.0991 -145.85 
     12 115.606 1244 1 1 68.9552 -38.0649 -174.45 
     12 120.105 709 1 0 68.9605 -38.0629 -175.85 
     12 239.198 1245 0 1 69.0686 -38.0238 -204.45 
     12 141.886 710 0 0 69.0727 -38.0224 -205.85 
     12 41.0138 707 10 0 68.5969 -38.45 94.1214 
     12 89.7275 1234 10 1 66.8751 -38.5697 95.15 
     12 124.684 1233 10 1 66.85 -38.5718 95.1703 
Number of digits in this event: 16
Using G4ParticleGun... 
Particle energy: 3.14151 LIN
Particle: proton
Event: 13
Number of tracker hits in this event: 26
     13 89.4408 852 9 1 -9.47033 -128.47 65.55 
     13 132.963 258 9 0 -9.4702 -128.47 64.15 
     13 99.2161 852 8 1 -9.47663 -128.473 35.55 
     13 111.019 258 8 0 -9.47642 -128.472 34.15 
     13 97.7259 852 7 1 -9.46214 -128.457 5.55 
     13 134.498 258 7 0 -9.46158 -128.457 4.15 
     13 130.804 852 6 1 -9.45177 -128.468 -24.45 
     13 117.947 258 6 0 -9.45407 -128.474 -25.85 
     13 108.732 852 5 1 -9.49971 -128.594 -54.45 
     13 121.637 257 5 0 -9.50402 -128.6 -55.85 
     13 122.41 852 4 1 -9.58914 -128.725 -84.45 
     13 110.081 257 4 0 -9.59149 -128.733 -85.85 
     13 106.86 852 3 1 -9.64405 -128.888 -114.45 
     13 174.351 256 3 0 -9.64659 -128.896 -115.85 
     13 211.479 851 2 1 -9.70596 -129.049 -144.45 
     13 104.858 255 2 0 -9.71071 -129.056 -145.85 
     13 111.927 851 1 1 -9.81574 -129.216 -174.45 
     13 138.231 254 1 0 -9.8225 -129.224 -175.85 
     13 132.551 850 0 1 -9.95899 -129.377 -204.45 
     13 103.157 253 0 0 -9.96699 -129.383 -205.85 
     13 43.263 257 2 0 -10.9786 -128.654 -145.85 
     13 103.334 258 2 0 -11.0618 -128.55 -145.912 
     13 94.832 259 2 0 -11.2112 -128.35 -145.94 
     13 44.1412 260 2 0 -11.3366 -128.15 -145.897 
     13 140.311 848 2 1 -10.4198 -126.564 -144.85 
     13 324.504 849 2 1 -10.25 -126.587 -144.678 
Number of digits in this event: 12
Using G4ParticleGun... 
Particle energy: 5.81158 LIN
Particle: proton
Event: 14
Number of tracker hits in this event: 22
     14 111.232 1323 9 0 -105.755 84.7629 64.15 
     14 100.087 371 8 1 -105.756 84.7649 35.55 
     14 125.239 1323 8 0 -105.757 84.7633 34.15 
     14 141.281 371 7 1 -105.767 84.7325 5.55 
     14 112.253 1323 7 0 -105.767 84.7319 4.15 
     14 178.929 371 6 1 -105.767 84.7228 -24.45 
     14 158.14 1323 6 0 -105.768 84.7234 -25.85 
     14 114.845 371 5 1 -105.791 84.7315 -54.45 
     14 177.701 1323 5 0 -105.791 84.7306 -55.85 
     14 128.397 371 4 1 -105.798 84.712 -84.45 
     14 174.188 1323 4 0 -105.799 84.7107 -85.85 
     14 192.361 371 3 1 -105.806 84.6862 -114.45 
     14 120.571 1323 3 0 -105.807 84.6848 -115.85 
     14 112.108 371 2 1 -105.834 84.6555 -144.45 
     14 101.018 1323 2 0 -105.835 84.6553 -145.85 
     14 107.134 371 1 1 -105.874 84.6556 -174.45 
     14 100.69 1323 1 0 -105.877 84.6565 -175.85 
     14 100.252 371 0 1 -105.935 84.6825 -204.45 
     14 126.667 1323 0 0 -105.938 84.6834 -205.85 
     14 144.811 1322 5 0 -105.816 84.65 -56.1743 
     14 103.323 370 6 1 -105.95 84.7912 -24.7213 
     14 225.677 369 6 1 -106.15 84.8144 -24.6897 
Number of digits in this event: 13
Using G4ParticleGun... 
Particle energy: 6.80699 LIN
Particle: proton
Event: 15
Number of tracker hits in this event: 24
     15 110.668 894 11 1 -1.24413 1.92904 125.55 
     15 361.554 909 11 0 -1.24473 1.92993 124.15 
     15 108.398 893 10 1 -1.25706 1.94872 95.55 
     15 89.5253 909 10 0 -1.25687 1.94909 94.15 
     15 219.21 894 9 1 -1.24917 1.95746 65.55 
     15 101.472 909 9 0 -1.24912 1.95816 64.15 
     15 344.574 893 8 1 -1.25159 1.97244 35.55 
     15 99.0536 909 8 0 -1.25149 1.97321 34.15 
     15 92.2404 893 7 1 -1.25289 1.9841 5.55 
     15 144.247 909 7 0 -1.25281 1.98564 4.15 
     15 113.698 893 6 1 -1.25069 2.01466 -24.45 
     15 112.849 909 6 0 -1.25146 2.01672 -25.85 
     15 125.204 893 5 1 -1.26183 2.056 -54.45 
     15 123.363 910 5 0 -1.26313 2.05602 -55.85 
     15 188.673 893 4 1 -1.28889 2.05383 -84.45 
     15 125.678 910 4 0 -1.29058 2.05276 -85.85 
     15 207.125 893 3 1 -1.32397 2.03193 -114.45 
     15 118.976 909 3 0 -1.32669 2.03017 -115.85 
     15 215.861 893 2 1 -1.38631 1.98695 -144.45 
     15 141.06 909 2 0 -1.39055 1.98424 -145.85 
     15 116.95 892 1 1 -1.47697 1.92888 -174.45 
     15 104.32 909 1 0 -1.47995 1.92724 -175.85 
     15 111.456 892 0 1 -1.54207 1.88882 -204.45 
     15 104.394 909 0 0 -1.54602 1.88715 -205.85 
Number of digits in this event: 12
Using G4ParticleGun... 
Particle energy: 4.77482 LIN
Particle: proton
Event: 16
Number of tracker hits in this event: 180
     16 88.1188 1138 11 1 47.6988 59.1697 125.55 
     16 97.403 1195 11 0 47.6988 59.1716 124.15 
     16 132.878 1138 10 1 47.6987 59.21 95.55 
     16 151.745 1195 10 0 47.6974 59.2111 94.15 
     16 95.6505 1138 9 1 47.6737 59.2328 65.55 
     16 130.879 1195 9 0 47.6722 59.2331 64.15 
     16 191.762 1137 8 1 47.6486 59.2407 35.55 
     16 226.288 1195 8 0 47.6476 59.2411 34.15 
     16 100.907 1137 7 1 47.6243 59.2455 5.55 
     16 121.232 1195 7 0 47.6231 59.2465 4.15 
     16 106.369 1137 6 1 47.5947 59.269 -24.45 
     16 106.999 1196 6 0 47.5937 59.2724 -25.85 
     16 91.4929 1137 5 1 47.5678 59.3438 -54.45 
     16 118.207 1196 5 0 47.5678 59.3483 -55.85 
     16 147.668 1137 4 1 47.573 59.4344 -84.45 
     16 93.404 1196 4 0 47.5722 59.4379 -85.85 
     16 101.266 1137 3 1 47.558 59.5158 -114.45 
     16 225.336 1197 3 0 47.5571 59.5199 -115.85 
     16 112.524 1137 2 1 47.5433 59.606 -144.45 
     16 97.1327 1197 2 0 47.5436 59.6116 -145.85 
     16 132.667 1137 1 1 47.5536 59.7251 -174.45 
     16 110.347 1198 1 0 47.5531 59.7291 -175.85 
     16 116.908 1137 0 1 47.5442 59.8106 -204.45 
     16 128.986 1198 0 0 47.5443 59.8136 -205.85 
     16 56.3983 735 1 0 68.7915 -32.85 -176.119 
     16 4.53338 1355 0 1 91.15 30.583 -204.509 
     16 67.6323 734 1 0 68.842 -33.0504 -176.051 
     16 190.425 733 1 0 68.9282 -33.25 -175.982 
     16 97.9412 732 1 0 69.1121 -33.45 -175.989 
     16 95.006 731 1 0 69.4007 -33.65 -176.052 
     16 67.8796 730 1 0 69.4336 -33.85 -176.149 
     16 23.6482 729 1 0 69.3782 -34.05 -176.196 
     16 378.586 639 1 0 67.5202 -52.1274 -176.25 
     16 24.1127 1629 8 0 -127.188 145.99 33.75 
     16 329.01 1628 8 0 -127.231 145.95 33.7962 
     16 269.57 1627 8 0 -127.566 145.75 34.0911 
     16 271.642 1117 4 0 -28.0155 43.5575 -86.25 
     16 184.318 1116 4 0 -27.9741 43.45 -86.1975 
     16 357.785 1150 0 0 54.5623 50.1632 -206.25 
     16 287.088 1149 0 0 54.6444 50.05 -206.034 
     16 614.365 1175 0 1 55.0955 49.4338 -204.85 
     16 543.924 1067 1 0 65.6684 33.6137 -176.25 
     16 138.552 1066 1 0 65.7776 33.45 -175.954 
     16 312.494 1230 1 1 66.1768 32.8288 -174.85 
     16 367.927 1231 1 1 66.25 32.7149 -174.648 
     16 331.365 977 2 0 76.5085 15.5623 -146.25 
     16 404.909 976 2 0 76.5756 15.45 -146.064 
     16 134.421 1284 2 1 77.0178 14.72 -144.85 
     16 587.921 1285 2 1 77.05 14.6669 -144.762 
     16 369.053 879 3 0 88.0982 -4.15028 -116.25 
     16 639.084 878 3 0 88.1567 -4.25 -116.099 
     16 31.6972 1342 3 1 88.6435 -5.07267 -114.85 
     16 730.44 1343 3 1 88.65 -5.08365 -114.833 
     16 171.091 788 4 0 98.7095 -22.3964 -86.25 
     16 701.796 787 4 0 98.7406 -22.45 -86.1613 
     16 766.044 1395 4 1 99.1922 -23.2389 -84.85 
     16 151.513 695 5 0 108.865 -41.0054 -56.25 
     16 712.446 694 5 0 108.889 -41.05 -56.1783 
     16 10.48 693 5 0 108.999 -41.25 -55.8552 
     16 50.019 1445 5 1 109.342 -41.8706 -54.85 
     16 933.614 1446 5 1 109.35 -41.8845 -54.8274 
     16 105.493 608 6 0 120.365 -58.4227 -26.25 
     16 763.036 607 6 0 120.384 -58.45 -26.2028 
     16 13.5117 606 6 0 120.519 -58.65 -25.8556 
     16 198.091 1503 6 1 120.91 -59.2195 -24.85 
     16 639.966 1504 6 1 120.95 -59.2777 -24.7471 
     16 385.523 516 7 0 131.109 -76.7523 3.75 
     16 580.298 515 7 0 131.165 -76.85 3.90918 
     16 934.798 1557 7 1 131.604 -77.6465 5.15 
     16 560.221 424 8 0 139.966 -95.2423 33.75 
     16 683.37 423 8 0 140.017 -95.35 33.9253 
     16 1166.75 1601 8 1 140.396 -96.1002 35.15 
     16 621.179 344 9 0 146.762 -111.258 63.75 
     16 706.479 343 9 0 146.8 -111.35 63.9237 
     16 1402.78 1634 9 1 147.053 -111.993 65.15 
     16 1344.16 278 10 0 152.135 -124.377 93.75 
     16 1426.68 1661 10 1 152.396 -124.972 95.15 
     16 1883.06 232 11 0 156.168 -133.561 123.75 
     16 1892.21 1681 11 1 156.351 -133.995 125.15 
     16 621.677 166 12 0 158.973 -146.912 153.75 
     16 3110.83 165 12 0 158.981 -146.95 153.833 
     16 7456.32 1695 12 1 159.179 -147.521 155.15 
     16 123.287 933 0 0 98.7224 6.78864 -206.25 
     16 83.2731 932 0 0 98.857 6.65 -206.202 
     16 98.8896 931 0 0 99.0497 6.45 -206.132 
     16 98.4319 930 0 0 99.2352 6.25 -206.068 
     16 139.382 929 0 0 99.4195 6.05 -206.005 
     16 97.2406 928 0 0 99.6044 5.85 -205.941 
     16 33.9503 927 0 0 99.7904 5.65 -205.879 
     16 5.13345 1413 0 1 102.934 2.31402 -204.85 
     16 157.074 1414 0 1 102.95 2.29686 -204.845 
     16 199.588 1415 0 1 103.15 2.08441 -204.779 
     16 85.192 1416 0 1 103.35 1.87476 -204.714 
     16 91.5911 1417 0 1 103.55 1.66493 -204.648 
     16 92.2279 1418 0 1 103.75 1.4531 -204.583 
     16 88.1148 1419 0 1 103.95 1.24187 -204.518 
     16 6.42713 1420 0 1 104.15 1.02843 -204.455 
     16 16.1546 1701 1 1 160.35 34.6928 -174.578 
     16 214.88 898 0 0 104.444 -0.359513 -205.85 
     16 22.9773 897 0 0 104.421 -0.450074 -205.902 
     16 61.3109 998 0 0 90.2758 19.8118 -206.25 
     16 93.8749 997 0 0 90.4567 19.65 -206.168 
     16 334.235 996 0 0 90.6819 19.45 -206.066 
     16 118.854 995 0 0 90.909 19.25 -205.963 
     16 4.1576 994 0 0 91.1362 19.05 -205.856 
     16 16.0962 1365 0 1 93.2938 17.1665 -204.85 
     16 84.814 1366 0 1 93.35 17.1175 -204.824 
     16 82.3166 1367 0 1 93.55 16.9412 -204.73 
     16 80.4571 1368 0 1 93.75 16.7659 -204.638 
     16 199.356 1369 0 1 93.95 16.592 -204.546 
     16 8.90217 773 1 0 140.809 -25.4217 -176.25 
     16 90.263 772 1 0 140.841 -25.4501 -176.231 
     16 112.784 771 1 0 141.061 -25.65 -176.099 
     16 138.691 770 1 0 141.273 -25.85 -175.97 
     16 27.3671 1614 1 1 143.083 -27.6032 -174.85 
     16 143.667 1615 1 1 143.15 -27.6677 -174.809 
     16 96.9719 1616 1 1 143.35 -27.8583 -174.683 
     16 69.5275 1617 1 1 143.55 -28.0461 -174.557 
     16 115.105 1082 0 0 97.2475 36.5681 -206.25 
     16 85.385 1081 0 0 97.3564 36.45 -206.185 
     16 108.126 1080 0 0 97.5303 36.2499 -206.058 
     16 35.379 1079 0 0 97.7212 36.05 -205.903 
     16 16.2171 1395 0 1 99.3093 34.2258 -204.85 
     16 90.4712 1396 0 1 99.35 34.1796 -204.823 
     16 119.881 1397 0 1 99.55 33.9818 -204.675 
     16 54.6498 1398 0 1 99.75 33.7545 -204.553 
     16 148.477 1402 0 1 100.712 32.8027 -204.45 
     16 81.4298 1065 0 0 100.596 33.1951 -205.85 
     16 39.9252 1066 0 0 100.518 33.25 -206.102 
     16 21.3634 1320 2 0 99.2499 84.197 -146.25 
     16 74.3273 1321 2 0 99.2233 84.25 -146.218 
     16 331.083 1322 2 0 99.2023 84.45 -146.197 
     16 122.43 911 1 0 54.6227 2.45 -176.176 
     16 165.78 1301 0 0 78.8913 80.2987 -206.25 
     16 50.3758 1302 0 0 79.1158 80.45 -206.024 
     16 81.5062 1300 0 1 80.0933 81.0154 -204.85 
     16 69.2783 1301 0 1 80.25 81.0745 -204.656 
     16 6.62857 1495 1 0 115.271 119.333 -176.25 
     16 380.493 1496 1 0 115.287 119.35 -176.238 
     16 92.7233 1497 1 0 115.468 119.55 -176.079 
     16 16.2379 1498 1 0 115.657 119.75 -175.879 
     16 88.3784 1482 1 1 116.585 120.781 -174.85 
     16 89.3097 1483 1 1 116.75 120.959 -174.653 
     16 4.36032 1374 2 0 153.393 94.9579 -146.25 
     16 209.709 1373 2 0 153.403 94.95 -146.241 
     16 271.479 1372 2 0 153.603 94.75 -145.992 
     16 38.9801 1670 2 1 154.308 93.8176 -144.85 
     16 97.3671 1671 2 1 154.35 93.7585 -144.776 
     16 69.5153 1667 4 0 -72.5508 153.7 -86.25 
     16 390.839 1668 4 0 -72.6316 153.75 -86.0336 
     16 37.1352 533 4 1 -73.3743 153.823 -84.85 
     16 275.626 532 4 1 -73.4502 153.828 -84.742 
     16 273.711 1669 4 0 -72.8962 153.95 -86.1273 
     16 10.2143 1621 4 0 -82.2796 144.463 -86.25 
     16 19.5444 406 1 1 -98.7667 -44.9353 -174.477 
     16 212.239 1409 4 0 -29.9939 102.028 -86.25 
     16 68.4011 1050 0 1 30.25 29.0365 -204.812 
     16 54.964 1542 0 0 62.2837 128.598 -206.25 
     16 140.796 1543 0 0 62.3454 128.75 -206.116 
     16 28.0394 1544 0 0 62.4151 128.95 -205.927 
     16 162.471 1213 0 1 62.6942 130 -204.85 
     16 29.3518 1658 1 0 70.2114 151.887 -176.25 
     16 90.457 1659 1 0 70.2338 151.95 -176.17 
     16 31.8817 1660 1 0 70.2946 152.15 -175.927 
     16 60.1189 1252 1 1 70.6155 153.064 -174.85 
     16 101.403 1253 1 1 70.65 153.162 -174.733 
     16 207.631 1789 2 0 88.2934 178.026 -146.25 
     16 218.505 1790 2 0 88.3322 178.15 -146.136 
     16 8.63223 1791 2 0 88.4065 178.35 -145.891 
     16 274.449 1343 2 1 88.7935 179.036 -144.85 
     16 117.909 1344 2 1 88.85 179.139 -144.683 
     16 27.0294 1356 2 1 91.4549 178.952 -144.849 
     16 60.7175 1357 2 1 91.55 178.963 -144.811 
     16 46.2627 1358 2 1 91.75 178.974 -144.727 
     16 68.9798 1359 2 1 91.95 178.96 -144.67 
     16 56.5587 1360 2 1 92.15 178.949 -144.609 
     16 54.8715 1361 2 1 92.35 178.964 -144.556 
     16 55.2469 1362 2 1 92.5509 179.009 -144.52 
     16 11.1776 1363 2 1 92.7505 179.089 -144.462 
     16 79.0968 1196 8 0 47.738 59.25 34.0104 
Number of digits in this event: 84
Using G4ParticleGun... 
Particle energy: 6.96048 LIN
Particle: proton
Event: 17
Number of tracker hits in this event: 161
     17 94.746 741 11 1 -31.6591 -72.2523 125.55 
     17 164.808 538 11 0 -31.6603 -72.2517 124.15 
     17 93.0011 741 10 1 -31.6861 -72.2462 95.55 
     17 124.856 539 10 0 -31.6864 -72.2468 94.15 
     17 115.165 741 9 1 -31.6961 -72.2611 65.55 
     17 109.669 538 9 0 -31.6969 -72.2616 64.15 
     17 148.179 741 8 1 -31.7131 -72.275 35.55 
     17 120.573 538 8 0 -31.7136 -72.2763 34.15 
     17 119.446 741 7 1 -31.7269 -72.3033 5.55 
     17 110.395 538 7 0 -31.7259 -72.3057 4.15 
     17 104.108 741 6 1 -31.7038 -72.3549 -24.45 
     17 110.811 538 6 0 -31.7028 -72.3559 -25.85 
     17 122.449 741 5 1 -31.681 -72.3735 -54.45 
     17 114.623 538 5 0 -31.6798 -72.3732 -55.85 
     17 240.805 741 4 1 -31.6574 -72.366 -84.45 
     17 163.668 538 4 0 -31.6563 -72.3654 -85.85 
     17 103.237 742 3 1 -31.638 -72.359 -114.45 
     17 117.321 538 3 0 -31.6363 -72.3581 -115.85 
     17 97.0597 742 2 1 -31.6016 -72.3396 -144.45 
     17 107.284 538 2 0 -31.601 -72.3388 -145.85 
     17 108.378 742 1 1 -31.5858 -72.3251 -174.45 
     17 134.843 538 1 0 -31.5831 -72.3225 -175.85 
     17 104.455 742 0 1 -31.5305 -72.2713 -204.45 
     17 112.357 538 0 0 -31.5286 -72.27 -205.85 
     17 21.2621 148 3 0 119.949 -150.505 -115.857 
     17 3819.75 564 0 0 -42.4512 -67.185 -206.25 
     17 1051.32 683 0 1 -43.389 -66.7359 -204.85 
     17 4851.95 682 0 1 -43.45 -66.7067 -204.759 
     17 37.594 761 2 0 -29.7838 -27.7188 -146.25 
     17 294.048 762 2 0 -29.7884 -27.6498 -146.193 
     17 166.108 763 2 0 -29.9121 -27.45 -146.218 
     17 8450.05 611 0 0 -41.1942 -57.8161 -206.25 
     17 415.673 612 0 0 -41.3069 -57.65 -206.078 
     17 141.138 1233 2 1 66.7761 31.1166 -144.788 
     17 488.822 352 0 0 -26.6402 -109.591 -206.25 
     17 516.451 351 0 0 -26.6195 -109.75 -206.186 
     17 570.119 350 0 0 -26.5927 -109.95 -206.107 
     17 507.657 349 0 0 -26.5668 -110.15 -206.029 
     17 614.955 348 0 0 -26.5432 -110.35 -205.951 
     17 190.379 347 0 0 -26.5181 -110.55 -205.872 
     17 2685.75 769 0 1 -26.1968 -113.119 -204.85 
     17 51.4533 1044 4 0 116.973 28.9055 -86.25 
     17 54.5866 1045 4 0 117.066 29.05 -86.2049 
     17 80.1608 1046 4 0 117.185 29.25 -86.1459 
     17 54.5748 1047 4 0 117.27 29.4504 -86.088 
     17 79.9226 1048 4 0 117.365 29.6501 -86.0017 
     17 18.0031 1049 4 0 117.506 29.85 -85.8856 
     17 107.712 1495 4 1 119.213 31.7431 -84.85 
     17 132.915 1496 4 1 119.35 31.8569 -84.7522 
     17 93.1016 1497 4 1 119.55 31.9507 -84.6313 
     17 115.734 1498 4 1 119.75 31.9586 -84.5779 
     17 144.589 1499 4 1 119.95 31.9614 -84.5214 
     17 14.0532 1500 4 1 120.15 31.7726 -84.4608 
     17 6.27153 1494 4 1 119.15 31.9306 -84.8404 
     17 54.84 1066 4 0 114.018 33.2974 -85.8501 
     17 48.2207 1460 4 1 112.276 32.6834 -84.85 
     17 66.5997 1459 4 1 112.15 32.646 -84.7805 
     17 78.1186 1458 4 1 111.95 32.6028 -84.6699 
     17 188.133 1457 4 1 111.75 32.5706 -84.4899 
     17 162.317 1063 4 0 111.4 32.7361 -85.85 
     17 46.3935 1064 4 0 111.302 32.85 -86.1771 
     17 4.6852 495 1 1 -81.05 -172.984 -174.469 
     17 488.001 445 0 0 -20.7909 -91.0107 -206.25 
     17 616.389 444 0 0 -20.7113 -91.15 -206.138 
     17 535.668 443 0 0 -20.5936 -91.35 -205.978 
     17 716.006 801 0 1 -19.778 -92.7501 -204.85 
     17 1084.33 802 0 1 -19.65 -92.9694 -204.673 
     17 483.369 266 1 0 -0.927311 -126.861 -176.25 
     17 904.296 265 1 0 -0.878176 -126.95 -176.175 
     17 837 264 1 0 -0.769358 -127.15 -176.006 
     17 1738.65 900 1 1 0.05 -128.588 -174.779 
     17 160.25 901 1 1 0.25 -128.938 -174.479 
     17 496.15 111 2 0 12.0453 -157.868 -146.25 
     17 1479.43 110 2 0 12.0787 -157.95 -146.17 
     17 873.874 109 2 0 12.1603 -158.15 -145.969 
     17 2581.12 963 2 1 12.6821 -159.189 -144.85 
     17 533.091 964 2 1 12.85 -159.498 -144.514 
     17 259.061 796 0 0 -36.7671 -20.7146 -206.25 
     17 600.201 797 0 0 -36.7737 -20.65 -206.231 
     17 732.97 798 0 0 -36.7929 -20.45 -206.172 
     17 694.744 799 0 0 -36.8123 -20.25 -206.111 
     17 765.287 800 0 0 -36.8313 -20.05 -206.046 
     17 754.865 801 0 0 -36.8524 -19.85 -205.984 
     17 753.233 802 0 0 -36.8702 -19.65 -205.924 
     17 233.037 803 0 0 -36.8884 -19.45 -205.868 
     17 5726.45 713 0 1 -37.2768 -15.8408 -204.85 
     17 191.416 712 0 1 -37.45 -14.4514 -204.462 
     17 984.439 516 0 0 -41.9262 -76.6998 -206.25 
     17 555.772 685 0 1 -42.8883 -77.108 -204.85 
     17 339.154 684 0 1 -43.05 -77.1765 -204.614 
     17 1107.32 474 1 0 -62.2415 -85.0705 -176.25 
     17 242.134 584 1 1 -63.1807 -85.4487 -174.85 
     17 805.202 583 1 1 -63.25 -85.4764 -174.746 
     17 784.221 421 2 0 -83.8078 -95.8391 -146.25 
     17 358.1 420 2 0 -84.027 -95.95 -145.947 
     17 91.7847 476 2 1 -84.8224 -96.3535 -144.85 
     17 690.519 475 2 1 -84.85 -96.3675 -144.812 
     17 295.578 474 2 1 -85.05 -96.4689 -144.535 
     17 1197.05 357 3 0 -104.413 -108.565 -116.25 
     17 810.481 373 3 1 -105.365 -109.187 -114.85 
     17 446.84 372 3 1 -105.55 -109.309 -114.578 
     17 1199.46 309 4 0 -123.507 -118.246 -86.25 
     17 266.966 308 4 0 -123.717 -118.35 -85.918 
     17 705.385 278 4 1 -124.433 -118.656 -84.85 
     17 863.499 277 4 1 -124.55 -118.705 -84.6756 
     17 1689.27 279 5 0 -145.206 -124.158 -56.25 
     17 723.816 169 5 1 -146.222 -124.435 -54.85 
     17 1000.43 168 5 1 -146.35 -124.47 -54.6737 
     17 2287.17 237 6 0 -167.512 -132.583 -26.25 
     17 146.224 58 6 1 -168.535 -132.995 -24.85 
     17 1823.2 57 6 1 -168.55 -133.001 -24.8292 
     17 695.033 56 6 1 -168.75 -133.086 -24.5519 
     17 105.764 1112 0 0 -158.194 42.6294 -206.25 
     17 1151.16 1113 0 0 -158.217 42.65 -206.247 
     17 1435.11 1114 0 0 -158.437 42.85 -206.223 
     17 1424.26 1115 0 0 -158.65 43.05 -206.2 
     17 1387.17 1116 0 0 -158.86 43.25 -206.182 
     17 1240.99 1117 0 0 -159.072 43.45 -206.165 
     17 1326.68 1118 0 0 -159.229 43.65 -206.165 
     17 1384.33 1119 0 0 -159.387 43.85 -206.166 
     17 1647.26 1120 0 0 -159.545 44.05 -206.175 
     17 1772.43 1121 0 0 -159.727 44.25 -206.188 
     17 1903.84 1122 0 0 -159.899 44.45 -206.2 
     17 2323.89 1123 0 0 -160.054 44.65 -206.221 
     17 149.157 1124 0 0 -160.209 44.85 -206.249 
     17 2812.49 495 0 0 -32.1827 -80.9682 -206.25 
     17 91.1612 1227 4 1 65.5475 -156.762 -84.85 
     17 9.66064 897 5 0 -146.09 -0.46744 -56.25 
     17 118.837 898 5 0 -146.07 -0.45 -56.233 
     17 54.6813 899 5 0 -145.939 -0.249674 -56.1252 
     17 60.3514 900 5 0 -145.85 0.05 -56.0379 
     17 60.2588 901 5 0 -145.772 0.250108 -55.9457 
     17 61.6589 902 5 0 -145.718 0.45 -55.8931 
     17 72.1584 903 5 0 -145.673 0.65 -55.8791 
     17 70.0383 904 5 0 -145.662 0.850403 -55.8807 
     17 58.7347 905 5 0 -145.634 1.05 -55.9075 
     17 70.1469 906 5 0 -145.596 1.25 -55.9832 
     17 73.7407 907 5 0 -145.572 1.45015 -56.0761 
     17 59.237 908 5 0 -145.574 1.65009 -56.1802 
     17 152.908 248 3 1 -130.468 53.4837 -114.45 
     17 118.3 167 8 1 -146.69 -110.057 35.5498 
     17 26.6714 166 8 1 -146.75 -109.832 35.2316 
     17 19.3747 354 8 0 -146.927 -109.189 34.15 
     17 139.313 355 8 0 -146.934 -109.15 34.0893 
     17 20.559 250 0 0 -11.3006 -130.145 -206.25 
     17 553.097 249 0 0 -11.2987 -130.15 -206.249 
     17 534.918 248 0 0 -11.2303 -130.35 -206.195 
     17 592.185 247 0 0 -11.1726 -130.55 -206.147 
     17 684.16 246 0 0 -11.1263 -130.75 -206.092 
     17 702.543 245 0 0 -11.092 -130.95 -206.034 
     17 866.102 244 0 0 -11.0536 -131.15 -205.971 
     17 690.674 243 0 0 -11.0216 -131.35 -205.906 
     17 2478.71 847 0 1 -10.6307 -133.96 -204.85 
     17 669.562 846 0 1 -10.65 -134.186 -204.774 
     17 677.327 845 0 1 -10.85 -134.161 -204.795 
     17 980.968 844 0 1 -11.05 -134.126 -204.822 
     17 1674.32 843 0 1 -11.25 -134.097 -204.829 
     17 58.8615 224 0 0 -11.8608 -135.211 -205.85 
     17 77.2384 223 0 0 -11.9185 -135.35 -205.98 
     17 40.864 222 0 0 -12.0004 -135.55 -206.163 
     17 106.173 537 4 0 -32.0666 -72.4792 -85.85 
Number of digits in this event: 107
Using G4ParticleGun... 
Particle energy: 3.83237 LIN
Particle: proton
Event: 18
Number of tracker hits in this event: 19
     18 117.45 507 8 1 -78.5114 -114.18 35.55 
     18 116.039 329 8 0 -78.5114 -114.179 34.15 
     18 92.0608 507 7 1 -78.503 -114.17 5.55 
     18 159.172 329 7 0 -78.5017 -114.169 4.15 
     18 92.9336 507 6 1 -78.4636 -114.155 -24.45 
     18 135.838 329 6 0 -78.4618 -114.153 -25.85 
     18 165.734 508 5 1 -78.4324 -114.118 -54.45 
     18 245.84 330 5 0 -78.4297 -114.118 -55.85 
     18 90.6253 508 4 1 -78.3718 -114.106 -84.45 
     18 111.708 330 4 0 -78.367 -114.105 -85.85 
     18 101.405 508 3 1 -78.2684 -114.099 -114.45 
     18 105.339 330 3 0 -78.2622 -114.1 -115.85 
     18 125.463 509 2 1 -78.1331 -114.111 -144.45 
     18 136.677 330 2 0 -78.1246 -114.111 -145.85 
     18 248.251 510 1 1 -77.9544 -114.113 -174.45 
     18 112.128 330 1 0 -77.9459 -114.112 -175.85 
     18 215.112 511 0 1 -77.7743 -114.105 -204.45 
     18 104.463 330 0 0 -77.7659 -114.108 -205.85 
     18 80.8069 511 1 1 -77.85 -113.997 -174.754 
Number of digits in this event: 9
Using G4ParticleGun... 
Particle energy: 3.9726 LIN
Particle: proton
Event: 19
Number of tracker hits in this event: 45
     19 91.9753 1587 8 1 137.725 -29.456 35.55 
     19 128.581 752 8 0 137.725 -29.456 34.15 
     19 102.265 1587 7 1 137.733 -29.46 5.55 
     19 135.851 752 7 0 137.734 -29.4609 4.15 
     19 153.504 1587 6 1 137.74 -29.4781 -24.45 
     19 105.756 752 6 0 137.739 -29.4792 -25.85 
     19 152.164 1587 5 1 137.709 -29.4975 -54.45 
     19 131.774 752 5 0 137.71 -29.4988 -55.85 
     19 108.247 1587 4 1 137.715 -29.5245 -84.45 
     19 124.142 752 4 0 137.715 -29.525 -85.85 
     19 104.474 1587 3 1 137.716 -29.5447 -114.45 
     19 260.398 752 3 0 137.715 -29.5461 -115.85 
     19 110.669 1587 2 1 137.698 -29.5671 -144.45 
     19 101.017 752 2 0 137.697 -29.5694 -145.85 
     19 110.345 1587 1 1 137.662 -29.6204 -174.45 
     19 114.06 752 1 0 137.66 -29.6237 -175.85 
     19 318.775 1587 0 1 137.624 -29.6909 -204.45 
     19 118.502 751 0 0 137.624 -29.6945 -205.85 
     19 147.767 1078 11 0 73.0377 35.7648 123.75 
     19 71.049 1079 11 0 72.8493 35.85 124.061 
     19 46.6145 1256 11 1 71.3957 36.845 125.15 
     19 71.2265 1255 11 1 71.25 36.9461 125.223 
     19 66.1615 1254 11 1 71.05 37.0708 125.328 
     19 65.6606 1253 11 1 70.85 37.1917 125.43 
     19 119.403 1252 11 1 70.65 37.3739 125.532 
     19 66.1328 1251 11 1 70.45 37.3722 125.436 
     19 63.6201 1250 11 1 70.25 37.4389 125.373 
     19 83.3141 1249 11 1 70.05 37.3473 125.416 
     19 79.7211 1248 11 1 69.8499 37.2205 125.401 
     19 320.815 1247 11 1 69.6499 37.1506 125.434 
     19 61.7828 1246 11 1 69.45 36.9394 125.492 
     19 134.728 1245 11 1 69.2495 36.7907 125.404 
     19 172.457 1081 11 0 69.2967 36.4474 124.15 
     19 175.503 1080 11 0 69.3577 36.25 124.042 
     19 1.3462 1244 11 1 69.05 36.6233 125.151 
     19 225.558 1076 11 0 67.412 35.3374 124.15 
     19 40.336 252 2 0 -39.3812 -129.627 -146.25 
     19 68.8141 253 2 0 -39.4033 -129.55 -146.169 
     19 59.7272 254 2 0 -39.4145 -129.35 -146.025 
     19 38.2197 703 2 1 -39.2533 -128.114 -144.85 
     19 91.0947 704 2 1 -39.25 -128.089 -144.826 
     19 28.1601 1357 2 1 91.5996 -116.998 -144.766 
     19 109.176 1588 6 1 137.75 -29.5075 -24.5878 
     19 6.23361 750 6 0 138.01 -30.0308 -25.85 
     19 207.096 749 6 0 138.017 -30.05 -25.8839 
Number of digits in this event: 19
Using G4ParticleGun... 
Particle energy: 7.10332 LIN
Particle: proton
Event: 20
Number of tracker hits in this event: 23
     20 112.55 1277 10 1 75.554 58.5549 95.55 
     20 124.971 1192 10 0 75.5525 58.5557 94.15 
     20 124.576 1277 9 1 75.5169 58.5706 65.55 
     20 104.495 1192 9 0 75.5158 58.5717 64.15 
     20 126.468 1277 8 1 75.4897 58.5954 35.55 
     20 90.8706 1192 8 0 75.4839 58.5864 34.15 
     20 98.2726 1276 7 1 75.3633 58.4052 5.55 
     20 100.022 1191 7 0 75.3581 58.3997 4.15 
     20 135.408 1275 6 1 75.2471 58.2847 -24.45 
     20 121.318 1191 6 0 75.2426 58.2808 -25.85 
     20 235.506 1275 5 1 75.1535 58.1986 -54.45 
     20 109.119 1190 5 0 75.1487 58.1945 -55.85 
     20 102.782 1275 4 1 75.0552 58.11 -84.45 
     20 138.273 1190 4 0 75.0499 58.1062 -85.85 
     20 169.435 1274 3 1 74.9424 58.0251 -114.45 
     20 161.03 1189 3 0 74.9365 58.0202 -115.85 
     20 90.4493 1273 2 1 74.8124 57.9198 -144.45 
     20 121.685 1189 2 0 74.806 57.9136 -145.85 
     20 156.439 1273 1 1 74.6747 57.7895 -174.45 
     20 130.269 1188 1 0 74.6678 57.7826 -175.85 
     20 104.649 1272 0 1 74.5289 57.6354 -204.45 
     20 95.8578 1187 0 0 74.5227 57.6287 -205.85 
     20 81.9149 1190 3 0 74.8708 58.0501 -116.235 
Number of digits in this event: 13
Using G4ParticleGun... 
Particle energy: 7.87538 LIN
Particle: proton
Event: 21
Number of tracker hits in this event: 98
     21 235.293 251 9 1 -129.794 -26.9046 65.55 
     21 113.773 765 9 0 -129.794 -26.9057 64.15 
     21 118.601 251 8 1 -129.806 -26.9306 35.55 
     21 206.837 765 8 0 -129.805 -26.9309 34.15 
     21 129.021 251 7 1 -129.799 -26.9351 5.55 
     21 109.874 765 7 0 -129.8 -26.9351 4.15 
     21 121.2 251 6 1 -129.819 -26.9336 -24.45 
     21 110.245 765 6 0 -129.821 -26.9335 -25.85 
     21 105.882 251 5 1 -129.865 -26.9267 -54.45 
     21 119.269 765 5 0 -129.868 -26.9267 -55.85 
     21 97.1661 251 4 1 -129.918 -26.9275 -84.45 
     21 166.631 765 4 0 -129.922 -26.9282 -85.85 
     21 119.966 250 3 1 -129.988 -26.9461 -114.45 
     21 127.61 765 3 0 -129.991 -26.9476 -115.85 
     21 120.079 250 2 1 -130.05 -26.9779 -144.45 
     21 110.504 765 2 0 -130.053 -26.9797 -145.85 
     21 137.648 250 1 1 -130.102 -27.0137 -174.45 
     21 105.027 765 1 0 -130.106 -27.0166 -175.85 
     21 135.216 249 0 1 -130.17 -27.0762 -204.45 
     21 104.463 764 0 0 -130.174 -27.0792 -205.85 
     21 69.1362 242 2 0 32.5321 -131.55 -146.113 
     21 2.67214 1069 2 1 34.0399 -131.986 -144.85 
     21 67.1648 1070 2 1 34.05 -131.988 -144.841 
     21 61.6531 1071 2 1 34.25 -132.07 -144.688 
     21 53.6059 1072 2 1 34.45 -132.159 -144.616 
     21 49.0389 1073 2 1 34.6501 -132.226 -144.607 
     21 53.5532 1074 2 1 34.85 -132.258 -144.572 
     21 89.7002 1075 2 1 35.05 -132.24 -144.611 
     21 50.7533 1076 2 1 35.2507 -132.237 -144.657 
     21 45.8335 1077 2 1 35.45 -132.258 -144.709 
     21 52.5961 1078 2 1 35.65 -132.297 -144.712 
     21 43.1264 1079 2 1 35.8502 -132.315 -144.688 
     21 63.8593 1080 2 1 36.05 -132.336 -144.689 
     21 122.233 1081 2 1 36.2501 -132.451 -144.716 
     21 59.4562 1082 2 1 36.4506 -132.569 -144.714 
     21 62.5672 1083 2 1 36.65 -132.672 -144.736 
     21 111.476 1084 2 1 36.8501 -132.774 -144.733 
     21 93.9892 1085 2 1 37.05 -132.91 -144.656 
     21 11450 947 13 1 9.60742 123.853 185.209 
     21 1382.3 946 13 1 9.45 124.023 185.367 
     21 1373.03 1603 14 0 -40.8671 140.93 213.75 
     21 2420.53 1604 14 0 -40.9265 140.95 213.783 
     21 7.10325 942 11 0 -58.777 8.62716 123.75 
     21 41.825 972 8 1 14.65 63.8003 35.4853 
     21 30.8966 1313 2 1 82.7978 -96.6298 -144.85 
     21 145.671 1312 2 1 82.65 -96.4298 -144.669 
     21 1.95858 1320 1 1 84.1518 -128.91 -174.85 
     21 76.5368 233 2 0 106.993 -133.465 -145.968 
     21 313.603 618 5 1 -56.25 -151.155 -54.7933 
     21 136.972 617 5 1 -56.45 -150.781 -54.8446 
     21 157.189 1351 6 1 90.433 -54.2744 -24.85 
     21 54.7873 1579 0 0 -130.194 136.004 -206.25 
     21 67.8779 1580 0 0 -130.264 136.151 -206.192 
     21 75.602 1581 0 0 -130.381 136.35 -206.117 
     21 58.1569 1582 0 0 -130.491 136.55 -206.039 
     21 101.388 1583 0 0 -130.61 136.75 -205.973 
     21 57.8633 1584 0 0 -130.723 136.95 -205.91 
     21 73.2587 238 0 1 -132.45 140.069 -204.85 
     21 152.938 237 0 1 -132.55 140.266 -204.78 
     21 143.99 236 0 1 -132.75 140.707 -204.608 
     21 72.0767 235 0 1 -132.95 141.088 -204.491 
     21 104.401 1584 1 0 -132.924 137.127 -176.25 
     21 265.829 236 1 1 -132.773 137.035 -174.85 
     21 55.942 237 1 1 -132.75 137.044 -174.648 
     21 38.8401 235 1 1 -132.95 138.14 -174.794 
     21 13.925 1597 1 0 -133.597 139.701 -175.85 
     21 79.5158 1598 1 0 -133.617 139.75 -175.882 
     21 85.6775 1599 1 0 -133.765 139.95 -176.063 
     21 284.37 1114 4 0 -76.8622 42.9254 -86.25 
     21 61.8209 483 0 0 -105.447 -83.3375 -206.25 
     21 124.434 482 0 0 -105.387 -83.45 -206.168 
     21 161.491 481 0 0 -105.281 -83.65 -206.023 
     21 22.2682 480 0 0 -105.175 -83.85 -205.879 
     21 36.7283 378 0 1 -104.392 -85.3159 -204.85 
     21 506.719 379 0 1 -104.35 -85.3952 -204.794 
     21 89.6345 380 0 1 -104.15 -85.7686 -204.535 
     21 85.2246 296 1 0 -85.3931 -120.803 -176.25 
     21 115.481 295 1 0 -85.3144 -120.95 -176.131 
     21 113.064 294 1 0 -85.2084 -121.15 -175.972 
     21 192.568 478 1 1 -84.4415 -122.556 -174.85 
     21 100.262 479 1 1 -84.25 -122.906 -174.57 
     21 57.6238 88 2 0 -63.6392 -162.454 -146.25 
     21 139.712 87 2 0 -63.5894 -162.55 -146.182 
     21 227.094 86 2 0 -63.4845 -162.75 -146.038 
     21 46.8035 85 2 0 -63.3796 -162.95 -145.894 
     21 198.91 587 2 1 -62.6305 -164.397 -144.85 
     21 133.391 588 2 1 -62.45 -164.745 -144.598 
     21 9.31976 163 8 0 21.8949 -147.55 33.9889 
     21 18.2382 1060 8 1 32.2054 -170.067 35.2471 
     21 56.1591 775 0 0 -106.475 -24.8691 -206.25 
     21 42.0644 843 0 0 -157.205 -11.3283 -206.25 
     21 151.697 844 0 0 -157.29 -11.25 -206.124 
     21 28.4454 110 0 1 -158.12 -10.4891 -204.85 
     21 140.165 109 0 1 -158.15 -10.4612 -204.807 
     21 35.6687 108 0 1 -158.474 -10.0996 -204.45 
     21 76.5677 107 0 1 -158.55 -10.1058 -204.525 
     21 71.2984 106 0 1 -158.75 -10.1373 -204.707 
     21 209.62 848 0 0 -159.844 -10.2557 -205.85 
Number of digits in this event: 36
Using G4ParticleGun... 
Particle energy: 3.3238 LIN
Particle: proton
Event: 22
Number of tracker hits in this event: 25
     22 200.67 1405 10 1 101.24 -16.2281 95.55 
     22 147.082 819 10 0 101.24 -16.2303 94.15 
     22 205.309 1405 9 1 101.249 -16.2788 65.55 
     22 138.911 818 9 0 101.25 -16.288 64.15 
     22 126.589 1405 8 1 101.264 -16.473 35.55 
     22 125.475 817 8 0 101.263 -16.4817 34.15 
     22 105.133 1405 7 1 101.252 -16.6569 5.55 
     22 109.514 816 7 0 101.252 -16.6661 4.15 
     22 95.5293 1405 6 1 101.263 -16.8529 -24.45 
     22 225.81 815 6 0 101.266 -16.8642 -25.85 
     22 144.3 1405 5 1 101.317 -17.0855 -54.45 
     22 144.452 814 5 0 101.317 -17.0984 -55.85 
     22 143.598 1405 4 1 101.316 -17.3598 -84.45 
     22 115.438 813 4 0 101.319 -17.3719 -85.85 
     22 87.3107 1406 3 1 101.387 -17.6174 -114.45 
     22 111.388 812 3 0 101.39 -17.6276 -115.85 
     22 127.353 1406 2 1 101.463 -17.8355 -144.45 
     22 103.693 811 2 0 101.467 -17.8458 -145.85 
     22 95.3189 1406 1 1 101.543 -18.0554 -174.45 
     22 100.914 809 1 0 101.546 -18.0665 -175.85 
     22 104.67 1407 0 1 101.606 -18.2882 -204.45 
     22 114.333 808 0 0 101.607 -18.2983 -205.85 
     22 174.21 631 0 0 -88.3901 -53.8494 -206.193 
     22 156.035 1530 8 0 20.3959 126.213 33.8106 
     22 0.0487655 814 6 0 101.337 -17.05 -26.2493 
Number of digits in this event: 16
Using G4ParticleGun... 
Particle energy: 5.56427 LIN
Particle: proton
Event: 23
Number of tracker hits in this event: 61
     23 124.295 1330 9 1 86.088 -96.5342 65.55 
     23 111.951 418 9 0 86.0886 -96.5343 64.15 
     23 139.764 1330 8 1 86.1053 -96.5359 35.55 
     23 103.542 418 8 0 86.1066 -96.5366 34.15 
     23 105.218 1330 7 1 86.1333 -96.5496 5.55 
     23 161.247 417 7 0 86.1349 -96.5506 4.15 
     23 112.077 1330 6 1 86.1767 -96.5676 -24.45 
     23 118.1 417 6 0 86.1798 -96.5678 -25.85 
     23 148.271 1330 5 1 86.2409 -96.5702 -54.45 
     23 137.728 417 5 0 86.2432 -96.5714 -55.85 
     23 110.795 1331 4 1 86.2863 -96.5967 -84.45 
     23 110.811 417 4 0 86.2889 -96.5983 -85.85 
     23 1.5223 394 3 0 86.9868 -101.15 -115.98 
     23 1683.89 1331 3 1 86.3255 -96.677 -114.45 
     23 796.164 411 3 0 86.1595 -97.7867 -115.85 
     23 827.561 410 3 0 86.1347 -97.95 -116.058 
     23 1980.3 1314 2 1 82.9055 -119.705 -144.45 
     23 925.619 296 2 0 82.7304 -120.785 -145.85 
     23 976.749 295 2 0 82.7031 -120.95 -146.064 
     23 3619.75 1296 1 1 79.3487 -142.93 -174.45 
     23 690.742 180 1 0 79.3281 -144.103 -175.85 
     23 2994.49 179 1 0 79.3272 -144.15 -175.906 
     23 2076.69 178 1 0 79.3365 -144.35 -176.133 
     23 662.666 339 4 0 57.3874 -112.157 -86.25 
     23 115.417 338 4 0 57.0272 -112.35 -85.8999 
     23 199.726 1179 4 1 55.944 -112.937 -84.85 
     23 581.213 1178 4 1 55.85 -112.988 -84.7588 
     23 234.398 1177 4 1 55.65 -113.097 -84.5645 
     23 307.909 263 5 0 25.0007 -127.459 -56.25 
     23 420.835 262 5 0 24.807 -127.55 -56.0712 
     23 97.7307 1017 5 1 23.5099 -128.157 -54.85 
     23 356.189 1016 5 1 23.45 -128.185 -54.7933 
     23 302.981 1015 5 1 23.25 -128.279 -54.6041 
     23 204.55 194 6 0 -7.47828 -141.315 -26.25 
     23 766.984 193 6 0 -7.56171 -141.35 -26.1731 
     23 74.9226 855 6 1 -9.00248 -141.936 -24.85 
     23 486.169 854 6 1 -9.05 -141.955 -24.8064 
     23 333.39 853 6 1 -9.25 -142.036 -24.6238 
     23 438.161 114 7 0 -41.5517 -157.249 3.75 
     23 406.78 113 7 0 -41.7652 -157.35 3.93751 
     23 356.34 684 7 1 -43.1558 -158.014 5.15 
     23 444.974 683 7 1 -43.25 -158.059 5.23232 
     23 542.375 682 7 1 -43.45 -158.156 5.40614 
     23 497.611 27 8 0 -76.978 -174.632 33.75 
     23 463.682 26 8 0 -77.2188 -174.75 33.9534 
     23 89.0888 507 8 1 -78.6034 -175.423 35.15 
     23 539.54 506 8 1 -78.65 -175.445 35.1904 
     23 432.714 505 8 1 -78.85 -175.543 35.3638 
     23 20.7455 504 8 1 -79.05 -175.642 35.5391 
     23 102.001 417 3 0 86.39 -96.5825 -115.85 
     23 181.222 1337 2 1 87.4861 -95.6744 -144.45 
     23 113.826 422 2 0 87.539 -95.6295 -145.85 
     23 157.676 1342 1 1 88.6174 -94.7119 -174.45 
     23 143.105 427 1 0 88.6696 -94.668 -175.85 
     23 125.069 1348 0 1 89.7354 -93.7722 -204.45 
     23 115.787 432 0 0 89.7891 -93.7288 -205.85 
     23 68.0771 1336 2 1 87.45 -95.6683 -144.609 
     23 56.1986 1335 2 1 87.25 -95.5785 -144.734 
     23 178.986 421 2 0 86.5454 -95.8894 -145.85 
     23 141.105 420 2 0 86.0879 -95.9502 -145.999 
     23 38.8855 419 2 0 86.317 -96.1502 -146.203 
Number of digits in this event: 45
Using G4ParticleGun... 
Particle energy: 4.81582 LIN
Particle: proton
Event: 24
Number of tracker hits in this event: 18
     24 106.251 486 8 0 -120.119 -82.7342 34.15 
     24 151.639 300 7 1 -120.118 -82.7371 5.55 
     24 133.679 486 7 0 -120.118 -82.7358 4.15 
     24 122.139 300 6 1 -120.123 -82.71 -24.45 
     24 275.201 486 6 0 -120.125 -82.7087 -25.85 
     24 99.5156 299 5 1 -120.153 -82.6848 -54.45 
     24 113.552 486 5 0 -120.152 -82.6835 -55.85 
     24 111.168 300 4 1 -120.144 -82.6504 -84.45 
     24 246.546 487 4 0 -120.145 -82.6481 -85.85 
     24 98.9298 299 3 1 -120.169 -82.6081 -114.45 
     24 120.24 487 3 0 -120.17 -82.6062 -115.85 
     24 174.143 299 2 1 -120.189 -82.5653 -144.45 
     24 120.36 487 2 0 -120.19 -82.563 -145.85 
     24 113.964 299 1 1 -120.195 -82.5122 -174.45 
     24 137.727 487 1 0 -120.194 -82.5091 -175.85 
     24 121.971 299 0 1 -120.184 -82.4389 -204.45 
     24 93.7505 488 0 0 -120.183 -82.4359 -205.85 
     24 254.263 310 4 0 -123.768 -118.008 -86.2498 
Number of digits in this event: 12
Using G4ParticleGun... 
Particle energy: 1.17134 LIN
Particle: proton
Event: 25
Number of tracker hits in this event: 22
     25 141.258 478 10 1 -84.2941 73.495 95.55 
     25 236.448 1267 10 0 -84.2944 73.4924 94.15 
     25 193.839 478 9 1 -84.2876 73.4131 65.55 
     25 218.465 1266 9 0 -84.289 73.4131 64.15 
     25 118.879 478 8 1 -84.2945 73.4025 35.55 
     25 138.043 1266 8 0 -84.2973 73.4038 34.15 
     25 138.272 478 7 1 -84.3449 73.4188 5.55 
     25 183.178 1266 7 0 -84.3478 73.4205 4.15 
     25 143.721 478 6 1 -84.4303 73.4442 -24.45 
     25 140.618 1266 6 0 -84.4326 73.447 -25.85 
     25 104.282 477 5 1 -84.4676 73.5139 -54.45 
     25 127.036 1267 5 0 -84.4752 73.5208 -55.85 
     25 120.902 477 4 1 -84.6172 73.682 -84.45 
     25 115.771 1268 4 0 -84.6252 73.6895 -85.85 
     25 125.145 476 3 1 -84.7965 73.8533 -114.45 
     25 117.578 1269 3 0 -84.8022 73.8589 -115.85 
     25 158.992 475 2 1 -84.9133 73.9909 -144.45 
     25 106.523 1269 2 0 -84.9219 73.9945 -145.85 
     25 151.282 474 1 1 -85.1053 74.0561 -174.45 
     25 114.791 1269 1 0 -85.0952 74.047 -175.85 
     25 158.037 475 0 1 -84.8868 73.8592 -204.45 
     25 132.822 1268 0 0 -84.8743 73.8409 -205.85 
Number of digits in this event: 17
Using G4ParticleGun... 
Particle energy: 4.78288 LIN
Particle: proton
Event: 26
Number of tracker hits in this event: 37
     26 100.606 870 11 1 -5.94159 74.6625 125.55 
     26 124.687 1273 11 0 -5.94195 74.6611 124.15 
     26 152.572 870 10 1 -5.94772 74.6309 95.55 
     26 166.673 1272 10 0 -5.94781 74.629 94.15 
     26 187.578 870 9 1 -5.94824 74.5851 65.55 
     26 158.73 1272 9 0 -5.94813 74.5837 64.15 
     26 184.46 870 8 1 -5.95393 74.5589 35.55 
     26 90.4033 1272 8 0 -5.95318 74.5568 34.15 
     26 117.913 870 7 1 -5.93856 74.5164 5.55 
     26 184.083 1272 7 0 -5.9369 74.5151 4.15 
     26 99.9584 870 6 1 -5.90554 74.4883 -24.45 
     26 115.382 1272 6 0 -5.90334 74.4864 -25.85 
     26 133.607 870 5 1 -5.86036 74.4405 -54.45 
     26 111.44 1271 5 0 -5.85976 74.4384 -55.85 
     26 108.291 871 4 1 -5.84795 74.3941 -84.45 
     26 114.531 1271 4 0 -5.84894 74.3922 -85.85 
     26 105.773 870 3 1 -5.86992 74.3541 -114.45 
     26 107.778 1271 3 0 -5.87278 74.3488 -115.85 
     26 95.897 870 2 1 -5.93215 74.2431 -144.45 
     26 109.495 1270 2 0 -5.93675 74.2385 -145.85 
     26 128.849 870 1 1 -6.02819 74.1421 -174.45 
     26 112.972 1270 1 0 -6.03204 74.1379 -175.85 
     26 120.061 869 0 1 -6.10482 74.0442 -204.45 
     26 115.899 1269 0 0 -6.10843 74.04 -205.85 
     26 16.7334 255 6 1 -129.029 -62.3314 -24.85 
     26 154.928 254 6 1 -129.15 -62.417 -24.5197 
     26 106.112 253 6 1 -129.35 -62.2001 -24.6248 
     26 192.217 599 6 0 -133.932 -60.0659 -25.85 
     26 163.724 600 6 0 -133.972 -60.05 -25.8557 
     26 180.218 601 6 0 -134.318 -59.8499 -25.9262 
     26 96.3613 224 6 1 -135.165 -59.3099 -24.85 
     26 104.747 223 6 1 -135.35 -59.2405 -24.6024 
     26 81.6216 222 6 1 -135.55 -59.3658 -24.5123 
     26 109.646 221 6 1 -135.75 -59.5314 -24.4918 
     26 231.158 220 6 1 -135.95 -59.7088 -24.4638 
     26 37.6397 598 6 0 -136.514 -60.25 -26.0483 
     26 349.072 637 0 1 -52.5294 -94.3356 -204.847 
Number of digits in this event: 20
Using G4ParticleGun... 
Particle energy: 5.67239 LIN
Particle: proton
Event: 27
Number of tracker hits in this event: 37
     27 113.099 662 11 1 -47.5979 15.941 125.55 
     27 106.573 979 11 0 -47.5977 15.9418 124.15 
     27 108.693 662 10 1 -47.594 15.9641 95.55 
     27 87.0688 979 10 0 -47.5921 15.9643 94.15 
     27 122.724 662 9 1 -47.5494 15.9665 65.55 
     27 119.478 979 9 0 -47.5494 15.9679 64.15 
     27 371.239 662 8 1 -47.5475 15.997 35.55 
     27 256.65 979 8 0 -47.5482 16 34.15 
     27 107.108 662 7 1 -47.5644 16.0669 5.55 
     27 99.3861 980 7 0 -47.5638 16.0693 4.15 
     27 139.088 662 6 1 -47.5522 16.1148 -24.45 
     27 148.601 980 6 0 -47.5538 16.1162 -25.85 
     27 270.13 662 5 1 -47.5834 16.1417 -54.45 
     27 230.313 980 5 0 -47.5838 16.1433 -55.85 
     27 109.324 662 4 1 -47.5924 16.1758 -84.45 
     27 109.059 980 4 0 -47.5935 16.1774 -85.85 
     27 119.095 662 3 1 -47.6142 16.2093 -114.45 
     27 105.058 980 3 0 -47.6144 16.2113 -115.85 
     27 111.201 662 2 1 -47.6228 16.2539 -144.45 
     27 98.3987 981 2 0 -47.6229 16.2554 -145.85 
     27 213.492 662 1 1 -47.625 16.2825 -174.45 
     27 103.943 981 1 0 -47.6241 16.2858 -175.85 
     27 121.544 662 0 1 -47.6015 16.3486 -204.45 
     27 92.9502 981 0 0 -47.6003 16.3519 -205.85 
     27 142.539 661 1 1 -47.65 16.3514 -174.503 
     27 189.255 660 1 1 -47.8501 16.4145 -174.651 
     27 457.131 979 5 0 -47.693 16.05 -56.1788 
     27 227.03 978 5 0 -47.4483 15.85 -55.9898 
     27 54.557 719 7 1 -36.2443 -9.90252 5.15 
     27 58.4378 1083 8 0 -64.2531 36.6917 33.75 
     27 53.9357 1084 8 0 -64.3261 36.8502 33.9458 
     27 107.673 575 8 1 -64.9126 37.568 35.15 
     27 582.185 574 8 1 -65.05 37.7421 35.5248 
     27 105.008 1091 8 0 -65.1364 38.3464 34.15 
     27 317.734 1092 8 0 -65.2618 38.4502 33.9034 
     27 243.691 573 8 1 -65.2786 38.5955 35.1509 
     27 13.0603 572 8 1 -65.45 37.9956 35.4524 
Number of digits in this event: 17
Using G4ParticleGun... 
Particle energy: 4.79385 LIN
Particle: proton
Event: 28
Number of tracker hits in this event: 38
     28 108.386 536 8 1 -72.7092 -123.097 35.55 
     28 183.213 285 8 0 -72.7091 -123.096 34.15 
     28 353.485 536 7 1 -72.7071 -123.07 5.55 
     28 133.072 285 7 0 -72.7071 -123.069 4.15 
     28 97.9823 536 6 1 -72.7077 -123.044 -24.45 
     28 121.939 285 6 0 -72.7081 -123.043 -25.85 
     28 200.348 536 5 1 -72.722 -123.005 -54.45 
     28 91.254 285 5 0 -72.7229 -123.002 -55.85 
     28 160.773 536 4 1 -72.7425 -122.928 -84.45 
     28 93.8662 286 4 0 -72.7442 -122.924 -85.85 
     28 131.364 536 3 1 -72.781 -122.845 -114.45 
     28 226.577 286 3 0 -72.7771 -122.843 -115.85 
     28 266.494 536 2 1 -72.6903 -122.779 -144.45 
     28 132.289 286 2 0 -72.6854 -122.776 -145.85 
     28 108.332 537 1 1 -72.5881 -122.712 -174.45 
     28 129.632 287 1 0 -72.5854 -122.709 -175.85 
     28 106.303 537 0 1 -72.5329 -122.646 -204.45 
     28 290.386 287 0 0 -72.531 -122.645 -205.85 
     28 54.8252 368 0 1 -106.464 -136.61 -204.678 
     28 22.8587 284 1 0 -137.002 -123.15 -176.081 
     28 22.6433 211 1 1 -137.894 -123.301 -174.85 
     28 68.9797 210 1 1 -137.95 -123.323 -174.791 
     28 18.6289 209 1 1 -138.15 -123.422 -174.806 
     28 146.037 285 1 0 -139.225 -123.055 -175.85 
     28 31.3769 286 1 0 -139.286 -122.95 -176.18 
     28 871.87 1152 2 1 50.6436 -52.0895 -144.619 
     28 188.353 632 0 0 -110.879 -53.45 -206.198 
     28 433.943 518 0 1 -76.3692 -45.8706 -204.634 
     28 135.266 286 0 0 -72.4006 -122.75 -206.12 
     28 130.616 535 2 1 -72.85 -122.623 -144.55 
     28 178.2 534 2 1 -73.05 -122.49 -144.587 
     28 35.3597 537 7 1 -72.6499 -123.251 5.28685 
     28 154.729 282 7 0 -72.2608 -123.61 4.15 
     28 179.111 321 7 0 -53.552 -115.934 3.75 
     28 143.308 627 7 1 -54.4762 -116.285 5.15 
     28 26.0157 626 7 1 -54.65 -116.443 5.48167 
     28 18.5702 284 8 0 -72.8516 -123.15 33.7868 
     28 156.908 294 8 0 -88.6272 -121.343 33.75 
Number of digits in this event: 27
Using G4ParticleGun... 
Particle energy: 6.08811 LIN
Particle: proton
Event: 29
Number of tracker hits in this event: 16
     29 102.167 356 7 1 -108.874 101.926 5.55 
     29 110.759 1408 7 0 -108.875 101.926 4.15 
     29 138.379 356 6 1 -108.898 101.916 -24.45 
     29 205.648 1408 6 0 -108.898 101.915 -25.85 
     29 90.7041 356 5 1 -108.912 101.906 -54.45 
     29 133.12 1408 5 0 -108.912 101.905 -55.85 
     29 130.678 356 4 1 -108.919 101.898 -84.45 
     29 165.25 1408 4 0 -108.921 101.896 -85.85 
     29 117.531 355 3 1 -108.953 101.876 -114.45 
     29 108.377 1408 3 0 -108.955 101.874 -115.85 
     29 181.357 355 2 1 -109.014 101.833 -144.45 
     29 183.956 1408 2 0 -109.018 101.831 -145.85 
     29 120.068 355 1 1 -109.114 101.784 -174.45 
     29 121.253 1408 1 0 -109.12 101.781 -175.85 
     29 97.0449 354 0 1 -109.235 101.734 -204.45 
     29 127.058 1407 0 0 -109.241 101.732 -205.85 
Number of digits in this event: 11
Using G4ParticleGun... 
Particle energy: 8.77377 LIN
Particle: proton
Event: 30
Number of tracker hits in this event: 28
     30 122.261 1137 11 1 47.6178 -53.7976 125.55 
     30 165.756 631 11 0 47.6175 -53.7969 124.15 
     30 105.525 1137 10 1 47.6101 -53.7836 95.55 
     30 122.599 631 10 0 47.6101 -53.7825 94.15 
     30 105.302 1137 9 1 47.6135 -53.758 65.55 
     30 107.056 631 9 0 47.6136 -53.7571 64.15 
     30 120.535 1137 8 1 47.6183 -53.7384 35.55 
     30 98.443 631 8 0 47.6197 -53.7382 34.15 
     30 108.241 1138 7 1 47.6528 -53.7352 5.55 
     30 107.045 631 7 0 47.6547 -53.7349 4.15 
     30 180.353 1138 6 1 47.6923 -53.7288 -24.45 
     30 141.783 631 6 0 47.6943 -53.7295 -25.85 
     30 109.291 1138 5 1 47.7368 -53.7408 -54.45 
     30 126.277 631 5 0 47.7386 -53.7411 -55.85 
     30 105.455 1138 4 1 47.7749 -53.7492 -84.45 
     30 125.711 631 4 0 47.7764 -53.7496 -85.85 
     30 127.147 1138 3 1 47.8083 -53.7581 -114.45 
     30 146.544 631 3 0 47.8106 -53.7579 -115.85 
     30 110.358 1139 2 1 47.8569 -53.7549 -144.45 
     30 355.175 631 2 0 47.8591 -53.756 -145.85 
     30 134.482 1139 1 1 47.9017 -53.7756 -174.45 
     30 103.907 631 1 0 47.9045 -53.7768 -175.85 
     30 97.9881 1139 0 1 47.9598 -53.7999 -204.45 
     30 126.867 631 0 0 47.962 -53.8006 -205.85 
     30 73.4217 540 3 0 -174.286 -71.8665 -116.208 
     30 76.1564 630 2 0 47.9743 -53.8502 -145.951 
     30 148.41 632 6 0 48.7467 -53.5707 -25.8501 
     30 146.605 633 6 0 48.7099 -53.45 -26.0642 
Number of digits in this event: 18
Using G4ParticleGun... 
Particle energy: 4.1882 LIN
Particle: proton
Event: 31
Number of tracker hits in this event: 37
     31 141.003 541 9 1 -71.7476 -103.884 65.55 
     31 123.636 381 9 0 -71.747 -103.885 64.15 
     31 118.907 541 8 1 -71.7361 -103.891 35.55 
     31 108.875 381 8 0 -71.7344 -103.89 34.15 
     31 137.292 541 7 1 -71.7024 -103.887 5.55 
     31 122.923 381 7 0 -71.7006 -103.886 4.15 
     31 99.5371 541 6 1 -71.6664 -103.873 -24.45 
     31 97.6928 381 6 0 -71.6631 -103.873 -25.85 
     31 220.222 542 5 1 -71.598 -103.883 -54.45 
     31 188.068 381 5 0 -71.5948 -103.884 -55.85 
     31 106.399 542 4 1 -71.5359 -103.904 -84.45 
     31 119.858 381 4 0 -71.5335 -103.904 -85.85 
     31 94.9379 542 3 1 -71.4844 -103.916 -114.45 
     31 105.615 381 3 0 -71.484 -103.918 -115.85 
     31 105.229 542 2 1 -71.4805 -103.948 -144.45 
     31 26.3663 381 2 0 -71.48 -103.95 -145.85 
     31 202.862 380 2 0 -71.4799 -103.95 -145.945 
     31 110.026 542 1 1 -71.4604 -103.982 -174.45 
     31 178.887 380 1 0 -71.4589 -103.982 -175.85 
     31 113.868 543 0 1 -71.4279 -103.983 -204.45 
     31 108.047 380 0 0 -71.4278 -103.983 -205.85 
     31 49.9894 543 5 1 -71.45 -104.003 -54.6929 
     31 62.6733 379 5 0 -70.4231 -104.338 -55.85 
     31 146.381 378 5 0 -70.3843 -104.35 -55.8947 
     31 168.303 764 4 1 -27.2435 -113.717 -84.45 
     31 80.6747 327 4 0 -27.0929 -114.565 -85.85 
     31 31.6509 326 4 0 -27.061 -114.75 -86.1523 
     31 69.1536 792 3 1 -21.6113 -130.831 -114.45 
     31 113.412 791 3 1 -21.65 -130.815 -114.549 
     31 29.809 238 3 0 -21.866 -132.501 -115.85 
     31 107.247 237 3 0 -21.8684 -132.55 -115.886 
     31 65.6184 236 3 0 -21.8606 -132.75 -115.994 
     31 72.3716 235 3 0 -21.8351 -132.95 -116.037 
     31 141.572 234 3 0 -21.7026 -133.15 -115.998 
     31 58.941 233 3 0 -21.5662 -133.35 -116.118 
     31 32.9606 259 3 0 -11.2986 -128.247 -116.25 
     31 361.914 258 3 0 -11.3038 -128.35 -116.176 
Number of digits in this event: 13
Using G4ParticleGun... 
Particle energy: 9.16208 LIN
Particle: proton
Event: 32
Number of tracker hits in this event: 17
     32 135.2 1070 7 1 34.1729 143.717 5.55 
     32 144.321 1617 7 0 34.1724 143.718 4.15 
     32 108.844 1070 6 1 34.1617 143.725 -24.45 
     32 116.367 1617 6 0 34.1617 143.725 -25.85 
     32 207.891 1070 5 1 34.1646 143.721 -54.45 
     32 160.858 1617 5 0 34.1644 143.72 -55.85 
     32 120.203 1070 4 1 34.1611 143.689 -84.45 
     32 165.189 1617 4 0 34.1615 143.687 -85.85 
     32 127.338 1070 3 1 34.1713 143.655 -114.45 
     32 100.504 1617 3 0 34.1715 143.655 -115.85 
     32 106.385 1070 2 1 34.1779 143.646 -144.45 
     32 93.5588 1617 2 0 34.1782 143.646 -145.85 
     32 131.11 1070 1 1 34.1865 143.649 -174.45 
     32 96.7141 1617 1 0 34.1862 143.65 -175.85 
     32 132.22 1070 0 1 34.1808 143.66 -204.45 
     32 186.877 1617 0 0 34.1804 143.661 -205.85 
     32 291.599 1349 0 1 90.0036 148.5 -204.643 
Number of digits in this event: 14
Using G4ParticleGun... 
Particle energy: 9.34751 LIN
Particle: proton
Event: 33
Number of tracker hits in this event: 29
     33 119.958 1238 11 1 67.7217 30.9381 125.55 
     33 94.7136 1054 11 0 67.7203 30.9373 124.15 
     33 96.0591 1238 10 1 67.6899 30.9222 95.55 
     33 104.409 1054 10 0 67.6884 30.9213 94.15 
     33 297.09 1238 9 1 67.6598 30.9005 65.55 
     33 98.9017 1054 9 0 67.6583 30.8992 64.15 
     33 105.139 1237 8 1 67.6271 30.8699 35.55 
     33 130.268 1054 8 0 67.626 30.8682 34.15 
     33 121.748 1237 7 1 67.6067 30.8322 5.55 
     33 95.9342 1053 7 0 67.6076 30.8314 4.15 
     33 119.627 1237 6 1 67.6273 30.818 -24.45 
     33 97.7342 1053 6 0 67.6279 30.818 -25.85 
     33 113.994 1237 5 1 67.6364 30.8158 -54.45 
     33 136.323 1053 5 0 67.6376 30.8155 -55.85 
     33 133.131 1238 4 1 67.6659 30.8086 -84.45 
     33 149.582 1053 4 0 67.6669 30.8094 -85.85 
     33 176.481 1238 3 1 67.6861 30.8252 -114.45 
     33 115.245 1053 3 0 67.6875 30.8259 -115.85 
     33 122.663 1238 2 1 67.7135 30.8394 -144.45 
     33 374.085 1053 2 0 67.7151 30.8397 -145.85 
     33 110.767 1238 1 1 67.7479 30.8471 -174.45 
     33 119.844 1053 1 0 67.7482 30.8488 -175.85 
     33 95.3857 1238 0 1 67.7575 30.8835 -204.45 
     33 130.407 1054 0 0 67.7575 30.8846 -205.85 
     33 64.5504 1239 9 1 67.8501 30.9884 65.4329 
     33 69.2079 1240 9 1 68.05 31.1264 65.3652 
     33 52.4382 1241 9 1 68.25 31.1959 65.2834 
     33 207.207 1058 9 0 68.7624 31.716 64.15 
     33 348.144 1057 9 0 68.9328 31.65 63.8084 
Number of digits in this event: 13
Using G4ParticleGun... 
Particle energy: 5.39648 LIN
Particle: proton
Event: 34
Number of tracker hits in this event: 32
     34 113.699 1121 11 1 44.2941 -66.7499 125.55 
     34 120.014 566 11 0 44.2939 -66.7496 124.15 
     34 271.123 1121 10 1 44.2908 -66.7481 95.55 
     34 204.032 566 10 0 44.2893 -66.7487 94.15 
     34 125.478 1121 9 1 44.2583 -66.7693 65.55 
     34 107.689 566 9 0 44.256 -66.7708 64.15 
     34 113.861 1120 8 1 44.2084 -66.8019 35.55 
     34 111.277 566 8 0 44.2058 -66.8033 34.15 
     34 148.793 1120 7 1 44.1598 -66.8249 5.55 
     34 113.137 566 7 0 44.1575 -66.8275 4.15 
     34 132.951 1120 6 1 44.112 -66.8826 -24.45 
     34 97.8833 565 6 0 44.111 -66.8862 -25.85 
     34 150.893 1120 5 1 44.0915 -66.954 -54.45 
     34 145.549 565 5 0 44.0899 -66.9569 -55.85 
     34 163.878 1120 4 1 44.0561 -67.0183 -84.45 
     34 92.7518 565 4 0 44.056 -67.021 -85.85 
     34 119.32 1120 3 1 44.0528 -67.0784 -114.45 
     34 159.106 564 3 0 44.0516 -67.0806 -115.85 
     34 121.37 1119 2 1 44.029 -67.1267 -144.45 
     34 95.3178 564 2 0 44.029 -67.1286 -145.85 
     34 119.341 1119 1 1 44.0259 -67.1711 -174.45 
     34 100.209 564 1 0 44.0247 -67.1732 -175.85 
     34 103.627 1119 0 1 44.0062 -67.2241 -204.45 
     34 118.056 564 0 0 44.0053 -67.2267 -205.85 
     34 80.3474 565 3 0 44.045 -67.05 -115.925 
     34 16.9974 1119 3 1 43.858 -67.376 -114.85 
     34 21.087 1118 3 1 43.85 -67.3955 -114.833 
     34 99.9902 558 3 0 42.938 -68.4137 -115.85 
     34 148.235 564 5 0 44.112 -67.05 -56.0357 
     34 199.626 563 5 0 44.1637 -67.25 -56.0022 
     34 177.674 568 10 0 44.9882 -66.3667 94.1493 
     34 173.51 567 10 0 45.1856 -66.45 93.8844 
Number of digits in this event: 16
Using G4ParticleGun... 
Particle energy: 3.31853 LIN
Particle: proton
Event: 35
Number of tracker hits in this event: 18
     35 109.232 1330 8 1 86.1699 110.211 35.55 
     35 96.0857 1450 8 0 86.1691 110.208 34.15 
     35 86.3848 1330 7 1 86.1488 110.158 5.55 
     35 108.059 1450 7 0 86.1457 110.156 4.15 
     35 98.915 1330 6 1 86.0859 110.123 -24.45 
     35 117.423 1449 6 0 86.0814 110.124 -25.85 
     35 158.527 1329 5 1 85.9982 110.148 -54.45 
     35 111.909 1450 5 0 85.9923 110.15 -55.85 
     35 110.926 1329 4 1 85.87 110.2 -84.45 
     35 268.31 1450 4 0 85.862 110.204 -85.85 
     35 146.518 1328 3 1 85.7004 110.292 -114.45 
     35 115.954 1450 3 0 85.6928 110.293 -115.85 
     35 88.5688 1327 2 1 85.5429 110.326 -144.45 
     35 118.281 1450 2 0 85.5373 110.327 -145.85 
     35 126.04 1326 1 1 85.4185 110.338 -174.45 
     35 111.489 1450 1 0 85.414 110.339 -175.85 
     35 132.438 1326 0 1 85.3298 110.365 -204.45 
     35 102.624 1451 0 0 85.3248 110.368 -205.85 
Number of digits in this event: 6
Using G4ParticleGun... 
Particle energy: 9.69466 LIN
Particle: proton
Event: 36
Number of tracker hits in this event: 96
     36 157.242 659 9 1 -48.0673 111.358 65.55 
     36 93.1148 1456 9 0 -48.0672 111.358 64.15 
     36 141.801 659 8 1 -48.0618 111.369 35.55 
     36 185.69 1456 8 0 -48.0614 111.37 34.15 
     36 177.684 660 7 1 -48.0482 111.382 5.55 
     36 111.624 1456 7 0 -48.0476 111.382 4.15 
     36 237.896 660 6 1 -48.0491 111.366 -24.45 
     36 121.365 1456 6 0 -48.0487 111.365 -25.85 
     36 126.8 660 5 1 -48.0404 111.349 -54.45 
     36 240.424 1455 5 0 -48.0396 111.348 -55.85 
     36 94.7941 660 4 1 -48.0216 111.332 -84.45 
     36 110.205 1455 4 0 -48.0213 111.331 -85.85 
     36 110.996 660 3 1 -48.0158 111.303 -114.45 
     36 114.405 1455 3 0 -48.0154 111.302 -115.85 
     36 122.85 660 2 1 -48.0032 111.279 -144.45 
     36 110.947 1455 2 0 -48.0029 111.277 -145.85 
     36 127.081 660 1 1 -47.9965 111.245 -174.45 
     36 113.186 1455 1 0 -47.9964 111.243 -175.85 
     36 139.233 660 0 1 -47.9933 111.201 -204.45 
     36 110.755 1455 0 0 -47.9924 111.2 -205.85 
     36 18.2389 644 5 0 -104.384 -51.1187 -56.1326 
     36 461.178 1637 0 0 -109.045 147.619 -206.25 
     36 847.392 1638 0 0 -109.269 147.75 -206.165 
     36 804.119 1639 0 0 -109.611 147.95 -206.036 
     36 290.95 1640 0 0 -109.961 148.15 -205.904 
     36 353.584 336 0 1 -112.804 149.755 -204.85 
     36 432.683 335 0 1 -112.95 149.837 -204.796 
     36 431.413 334 0 1 -113.15 149.949 -204.723 
     36 377.501 333 0 1 -113.35 150.06 -204.651 
     36 451.74 332 0 1 -113.55 150.169 -204.577 
     36 373.371 331 0 1 -113.75 150.279 -204.505 
     36 93.224 725 0 1 -34.9432 149.326 -204.85 
     36 79.8061 726 0 1 -34.85 149.539 -204.657 
     36 43.8525 1778 1 0 -38.4944 175.818 -176.25 
     36 112.146 1779 1 0 -38.5087 175.95 -176.107 
     36 5.7267 1780 1 0 -38.5339 176.15 -175.881 
     36 129.819 707 1 1 -38.6087 177.033 -174.85 
     36 11.0002 706 1 1 -38.6501 177.297 -174.482 
     36 4.43709 1783 5 1 176.75 32.7755 -54.5584 
     36 77.6677 935 0 1 7.14257 140.967 -204.654 
     36 53.1805 76 3 0 7.42019 -164.855 -115.908 
     36 40.4333 469 3 1 -86.2294 99.3643 -114.647 
     36 188.127 1008 1 0 -142.282 21.7756 -176.25 
     36 74.9966 182 1 1 -143.606 21.5074 -174.85 
     36 97.0517 181 1 1 -143.75 21.4627 -174.706 
     36 73.8933 180 1 1 -143.95 21.4275 -174.548 
     36 192.092 1062 1 0 -89.0843 32.5701 -176.25 
     36 83.157 461 1 1 -87.746 31.4746 -174.85 
     36 66.067 462 1 1 -87.65 31.246 -174.741 
     36 301.474 1056 1 0 -87.3432 31.3093 -175.85 
     36 32.9861 1288 0 0 -170.756 77.85 -206.173 
     36 177.143 620 4 1 -56.05 -102.342 -84.733 
     36 119.978 441 5 1 -91.7607 -142.582 -54.85 
     36 50.5435 440 5 1 -91.95 -142.783 -54.6908 
     36 153.392 425 1 0 -161.372 -94.9704 -176.25 
     36 309.685 424 1 0 -161.721 -95.15 -176.106 
     36 48.3626 423 1 0 -162.459 -95.35 -176.095 
     36 43.7433 1520 2 0 -37.2495 124.297 -146.25 
     36 166.688 1383 0 0 -108.644 96.8267 -206.25 
     36 161.938 1382 0 0 -108.75 96.75 -206.17 
     36 284.45 1515 2 0 -13.9694 123.243 -146.25 
     36 128.442 1523 0 0 -33.4869 124.801 -206.25 
     36 128.273 738 0 1 -32.4289 124.788 -204.85 
     36 59.7899 739 0 1 -32.25 124.788 -204.621 
     36 45.3661 1604 1 0 -12.2077 141.098 -176.25 
     36 280.126 1605 1 0 -12.14 141.15 -176.154 
     36 13.0656 843 1 1 -11.2847 141.663 -174.85 
     36 115.78 844 1 1 -11.2499 141.684 -174.798 
     36 18.5259 845 1 1 -11.05 141.817 -174.504 
     36 90.5645 1678 2 0 4.23491 155.817 -146.25 
     36 52.804 1679 2 0 4.36661 155.95 -145.996 
     36 79.9049 924 2 1 4.9607 156.579 -144.85 
     36 83.0542 925 2 1 5.05025 156.674 -144.674 
     36 162.798 1768 3 0 25.1574 173.762 -116.249 
     36 28.9137 1769 3 0 25.3933 173.95 -115.917 
     36 80.0402 1030 3 1 26.0964 174.55 -114.85 
     36 74.1528 1031 3 1 26.25 174.678 -114.625 
     36 116.188 1571 1 0 -30.2617 134.363 -176.25 
     36 59.1074 749 1 1 -30.1187 134.963 -174.85 
     36 83.8067 750 1 1 -30.0499 135.071 -174.689 
     36 152.885 1597 2 0 -40.4563 139.669 -146.25 
     36 26.8192 694 2 1 -41.1924 139.302 -144.85 
     36 174.528 693 2 1 -41.25 139.292 -144.768 
     36 67.5862 692 2 1 -41.45 139.359 -144.552 
     36 563.766 1590 3 1 138.306 86.623 -114.829 
     36 351.277 1591 3 1 138.35 86.6198 -114.799 
     36 981.927 1592 3 1 138.55 86.6192 -114.635 
     36 174.217 1593 3 1 138.75 86.6694 -114.458 
     36 251.142 1589 3 1 138.15 85.899 -114.578 
     36 153.526 659 0 1 -48.05 111.181 -204.544 
     36 24.7031 658 0 1 -48.2502 111.068 -204.817 
     36 385.884 1452 0 0 -48.8741 110.657 -205.85 
     36 68.9363 1451 0 0 -48.9627 110.55 -206.05 
     36 217.312 1491 8 0 -70.3288 118.433 33.75 
     36 28.7561 553 8 1 -69.2738 118.265 35.1501 
     36 254.696 554 8 1 -69.2499 118.245 35.1973 
Number of digits in this event: 50
Using G4ParticleGun... 
Particle energy: 6.81825 LIN
Particle: proton
Event: 37
Number of tracker hits in this event: 22
     37 163.771 1330 10 1 86.1958 8.07261 95.55 
     37 106.788 940 10 0 86.1969 8.07158 94.15 
     37 103.456 1330 9 1 86.22 8.05074 65.55 
     37 104.098 939 9 0 86.221 8.04914 64.15 
     37 145.979 1330 8 1 86.246 8.01539 35.55 
     37 156.896 939 8 0 86.247 8.01386 34.15 
     37 120.094 1331 7 1 86.2674 7.98085 5.55 
     37 130.402 939 7 0 86.2686 7.97891 4.15 
     37 117.131 1331 6 1 86.292 7.94004 -24.45 
     37 131.88 939 6 0 86.2922 7.93769 -25.85 
     37 141.87 1331 5 1 86.2953 7.88698 -54.45 
     37 106.261 939 5 0 86.295 7.88411 -55.85 
     37 110.208 1331 4 1 86.2813 7.824 -84.45 
     37 240.485 938 4 0 86.2817 7.8204 -85.85 
     37 103.81 1331 3 1 86.2941 7.74552 -114.45 
     37 111.048 938 3 0 86.2956 7.74224 -115.85 
     37 224.171 1331 2 1 86.3287 7.67256 -144.45 
     37 146.245 938 2 0 86.3309 7.66754 -145.85 
     37 159.967 1331 1 1 86.3773 7.5661 -174.45 
     37 155.526 937 1 0 86.3792 7.5634 -175.85 
     37 108.968 1331 0 1 86.4169 7.50837 -204.45 
     37 93.2703 937 0 0 86.4184 7.50567 -205.85 
Number of digits in this event: 13
Using G4ParticleGun... 
Particle energy: 5.26474 LIN
Particle: proton
Event: 38
Number of tracker hits in this event: 20
     38 112.567 1235 9 1 67.2202 -100.987 65.55 
     38 249.243 395 9 0 67.221 -100.988 64.15 
     38 120.684 1235 8 1 67.2386 -101.006 35.55 
     38 127.552 395 8 0 67.2387 -101.006 34.15 
     38 95.1004 1235 7 1 67.2388 -101.025 5.55 
     38 131.597 395 7 0 67.2392 -101.025 4.15 
     38 259.411 1236 6 1 67.2533 -101.021 -24.45 
     38 114.932 395 6 0 67.2535 -101.02 -25.85 
     38 102.54 1236 5 1 67.2564 -100.994 -54.45 
     38 233.284 395 5 0 67.2577 -100.993 -55.85 
     38 128.096 1236 4 1 67.2894 -100.967 -84.45 
     38 89.0231 395 4 0 67.2897 -100.967 -85.85 
     38 112.878 1236 3 1 67.2941 -100.942 -114.45 
     38 125.166 396 3 0 67.2954 -100.941 -115.85 
     38 130.851 1236 2 1 67.3239 -100.924 -144.45 
     38 133.74 396 2 0 67.3247 -100.924 -145.85 
     38 146.451 1236 1 1 67.3421 -100.924 -174.45 
     38 123.297 396 1 0 67.342 -100.923 -175.85 
     38 104.314 1236 0 1 67.3409 -100.893 -204.45 
     38 103.719 396 0 0 67.3407 -100.892 -205.85 
Number of digits in this event: 13
Using G4ParticleGun... 
Particle energy: 8.14697 LIN
Particle: proton
Event: 39
Number of tracker hits in this event: 52
     39 176.777 317 9 1 -116.592 -59.0328 65.55 
     39 119.864 605 9 0 -116.593 -59.0326 64.15 
     39 119.286 317 8 1 -116.604 -59.0285 35.55 
     39 89.6792 605 8 0 -116.604 -59.0292 34.15 
     39 113.165 317 7 1 -116.614 -59.045 5.55 
     39 99.7029 605 7 0 -116.615 -59.0454 4.15 
     39 112.747 317 6 1 -116.631 -59.0579 -24.45 
     39 134.215 604 6 0 -116.632 -59.0582 -25.85 
     39 111.114 317 5 1 -116.649 -59.0659 -54.45 
     39 143.339 604 5 0 -116.65 -59.066 -55.85 
     39 122.525 317 4 1 -116.668 -59.0699 -84.45 
     39 195.928 604 4 0 -116.67 -59.0698 -85.85 
     39 101.43 317 3 1 -116.696 -59.0663 -114.45 
     39 184.209 604 3 0 -116.698 -59.0658 -115.85 
     39 151.73 317 2 1 -116.727 -59.0599 -144.45 
     39 110.222 604 2 0 -116.73 -59.0592 -145.85 
     39 110.284 316 1 1 -116.777 -59.0442 -174.45 
     39 106.082 605 1 0 -116.78 -59.0436 -175.85 
     39 104.323 316 0 1 -116.842 -59.0288 -204.45 
     39 116.236 605 0 0 -116.846 -59.028 -205.85 
     39 148.52 447 0 1 -90.7136 -8.53175 -204.45 
     39 106.083 318 3 1 -116.463 -59.0739 -114.45 
     39 29.2591 319 3 1 -116.35 -58.9041 -114.77 
     39 10.3803 607 3 0 -115.887 -58.4685 -115.85 
     39 109.68 608 3 0 -115.864 -58.4494 -115.89 
     39 13.705 609 3 0 -115.778 -58.25 -116.214 
     39 152.694 774 3 0 -132.439 -25.1733 -116.25 
     39 94.2215 775 3 0 -132.597 -25.05 -115.884 
     39 73.1825 235 3 1 -132.973 -21.12 -114.85 
     39 0.0208047 816 3 0 -133.848 -16.6505 -115.85 
     39 138.582 817 3 0 -133.848 -16.65 -115.85 
     39 120.398 818 3 0 -133.877 -16.45 -115.9 
     39 179.798 802 3 0 -134.568 -19.4539 -115.85 
     39 100.454 803 3 0 -134.573 -19.4499 -115.854 
     39 249.181 603 4 0 -116.735 -59.25 -86.0687 
     39 125.259 602 4 0 -116.779 -59.4503 -86.1662 
     39 141.585 318 9 1 -116.509 -59.0555 65.55 
     39 154.389 604 9 0 -116.062 -59.1493 64.15 
     39 94.2811 370 8 1 -105.988 -57.8752 35.55 
     39 73.7548 371 8 1 -105.95 -57.6832 35.2782 
     39 67.4774 615 8 0 -105.825 -56.9684 34.15 
     39 75.0687 616 8 0 -105.798 -56.85 33.9598 
     39 84.2978 595 8 0 -80.5145 -60.9215 33.7502 
     39 45.4487 594 8 0 -80.3955 -61.05 33.9989 
     39 32.9428 500 8 1 -79.8725 -62.1484 35.15 
     39 136.161 501 8 1 -79.85 -62.2239 35.2197 
     39 181.223 503 8 1 -79.3606 -62.3628 35.55 
     39 21.3962 502 8 1 -79.45 -62.6871 35.1871 
     39 74.2609 585 8 0 -81.0582 -62.9667 34.15 
     39 107.706 584 8 0 -81.2531 -63.05 34.0325 
     39 304.398 484 8 1 -83.0518 -63.6657 35.15 
     39 351.528 483 8 1 -83.2501 -63.5908 35.2716 
Number of digits in this event: 21
Using G4ParticleGun... 
Particle energy: 1.50033 LIN
Particle: proton
Event: 40
Number of tracker hits in this event: 31
     40 130.993 952 9 1 10.4526 -126.949 65.55 
     40 115.419 266 9 0 10.4552 -126.947 64.15 
     40 173.403 952 8 1 10.5113 -126.916 35.55 
     40 96.789 266 8 0 10.5102 -126.912 34.15 
     40 164.353 952 7 1 10.5066 -126.828 5.55 
     40 125.069 266 7 0 10.5069 -126.83 4.15 
     40 132.766 952 6 1 10.5123 -126.859 -24.45 
     40 127.683 266 6 0 10.5143 -126.862 -25.85 
     40 118.255 952 5 1 10.5332 -126.926 -54.45 
     40 141.286 266 5 0 10.5366 -126.929 -55.85 
     40 121.003 952 4 1 10.6237 -127 -84.45 
     40 161.383 265 4 0 10.6264 -127.005 -85.85 
     40 138.437 953 3 1 10.6739 -127.114 -114.45 
     40 131.906 265 3 0 10.6761 -127.12 -115.85 
     40 104.932 953 2 1 10.731 -127.26 -144.45 
     40 128.209 264 2 0 10.7372 -127.267 -145.85 
     40 162.095 954 1 1 10.8781 -127.423 -174.45 
     40 261.872 263 1 0 10.8858 -127.435 -175.85 
     40 284.972 954 0 1 11.0319 -127.686 -204.45 
     40 177.098 262 0 0 11.0417 -127.697 -205.85 
     40 130.945 953 1 1 10.8179 -127.331 -174.45 
     40 97.3322 265 1 0 10.6622 -127.058 -175.85 
     40 30.5698 266 1 0 10.6605 -126.95 -176.121 
     40 116.846 408 1 0 29.6525 -98.4929 -176.25 
     40 47.1926 409 1 0 29.9589 -98.35 -175.943 
     40 72.4424 1052 1 1 30.4833 -97.8621 -174.85 
     40 40.6493 1051 1 1 30.45 -97.6859 -174.573 
     40 73.2186 188 3 0 25.669 -142.413 -116.25 
     40 159.179 187 3 0 25.8165 -142.55 -116.121 
     40 144.904 186 3 0 25.8998 -142.75 -116.139 
     40 59.2134 185 3 0 25.8884 -142.95 -116.166 
Number of digits in this event: 21
Using G4ParticleGun... 
Particle energy: 2.48799 LIN
Particle: proton
Event: 41
Number of tracker hits in this event: 22
     41 110.015 1289 10 1 77.8781 33.8575 95.55 
     41 103.409 1069 10 0 77.8794 33.8569 94.15 
     41 103.162 1289 9 1 77.9058 33.8497 65.55 
     41 123.602 1068 9 0 77.908 33.8449 64.15 
     41 115.736 1289 8 1 77.9568 33.7467 35.55 
     41 133.235 1068 8 0 77.9584 33.7407 34.15 
     41 129.972 1289 7 1 77.9865 33.6195 5.55 
     41 108.491 1067 7 0 77.9948 33.628 4.15 
     41 112.561 1290 6 1 78.1697 33.8068 -24.45 
     41 110.009 1068 6 0 78.1774 33.8172 -25.85 
     41 98.98 1291 5 1 78.3354 34.0418 -54.45 
     41 185.01 1070 5 0 78.3446 34.0519 -55.85 
     41 103.145 1292 4 1 78.5316 34.2729 -84.45 
     41 294.725 1071 4 0 78.5384 34.2862 -85.85 
     41 175.099 1293 3 1 78.6806 34.5549 -114.45 
     41 120.862 1072 3 0 78.6847 34.5678 -115.85 
     41 102.421 1293 2 1 78.7542 34.8266 -144.45 
     41 93.3657 1073 2 0 78.76 34.8399 -145.85 
     41 145.279 1294 1 1 78.8828 35.119 -174.45 
     41 162.054 1075 1 0 78.8866 35.1309 -175.85 
     41 114.923 1294 0 1 78.9731 35.3765 -204.45 
     41 102.566 1076 0 0 78.9787 35.389 -205.85 
Number of digits in this event: 10
Using G4ParticleGun... 
Particle energy: 3.43396 LIN
Particle: proton
Event: 42
Number of tracker hits in this event: 19
     42 106.556 1446 7 1 109.539 -98.1587 5.55 
     42 149.763 409 7 0 109.538 -98.1573 4.15 
     42 153.682 1446 6 1 109.524 -98.1093 -24.45 
     42 100.972 410 6 0 109.526 -98.1069 -25.85 
     42 270.302 1447 5 1 109.56 -98.0558 -54.45 
     42 121.619 410 5 0 109.562 -98.0528 -55.85 
     42 111.171 1447 4 1 109.599 -97.9924 -84.45 
     42 114.141 410 4 0 109.603 -97.9883 -85.85 
     42 97.8315 1447 3 1 109.675 -97.9062 -114.45 
     42 97.9872 411 3 0 109.68 -97.9015 -115.85 
     42 98.667 1448 2 1 109.77 -97.7997 -144.45 
     42 155.84 411 2 0 109.782 -97.7917 -145.85 
     42 150.107 1449 1 1 110.02 -97.6297 -174.45 
     42 145.541 412 1 0 110.03 -97.6211 -175.85 
     42 195.073 1450 0 1 110.237 -97.4496 -204.45 
     42 124.991 413 0 0 110.245 -97.4408 -205.85 
     42 75.9982 1448 1 1 109.773 -97.2206 -174.85 
     42 92.4199 1447 1 1 109.75 -97.2191 -174.757 
     42 43.0601 1446 5 1 109.55 -98.0625 -54.5083 
Number of digits in this event: 10
Using G4ParticleGun... 
Particle energy: 4.39438 LIN
Particle: proton
Event: 43
Number of tracker hits in this event: 32
     43 127.666 731 10 1 -33.7892 -94.6635 95.55 
     43 96.5702 427 10 0 -33.789 -94.6619 94.15 
     43 159.398 731 9 1 -33.7881 -94.6275 65.55 
     43 111.072 427 9 0 -33.7886 -94.6264 64.15 
     43 144.721 731 8 1 -33.8094 -94.6015 35.55 
     43 133.83 427 8 0 -33.8126 -94.6005 34.15 
     43 106.99 730 7 1 -33.8788 -94.5821 5.55 
     43 105.775 427 7 0 -33.8811 -94.5823 4.15 
     43 104.63 730 6 1 -33.9217 -94.5873 -24.45 
     43 115.735 427 6 0 -33.9251 -94.5877 -25.85 
     43 115.323 730 5 1 -34.0032 -94.5984 -54.45 
     43 136.332 427 5 0 -34.0049 -94.6 -55.85 
     43 99.9893 730 4 1 -34.0393 -94.6372 -84.45 
     43 107.952 427 4 0 -34.0426 -94.6392 -85.85 
     43 130.493 729 3 1 -34.1025 -94.6793 -114.45 
     43 115.564 427 3 0 -34.1069 -94.6818 -115.85 
     43 119.494 729 2 1 -34.1979 -94.7411 -144.45 
     43 130.263 427 2 0 -34.2036 -94.7451 -145.85 
     43 121.685 728 1 1 -34.3168 -94.8273 -174.45 
     43 133.806 426 1 0 -34.3223 -94.832 -175.85 
     43 102.138 728 0 1 -34.4394 -94.9243 -204.45 
     43 119.644 426 0 0 -34.4441 -94.9304 -205.85 
     43 82.5046 732 8 1 -33.65 -94.5963 35.4006 
     43 129.037 733 8 1 -33.4499 -94.6706 35.2247 
     43 124.026 734 8 1 -33.25 -94.6871 35.1557 
     43 19.8306 735 8 1 -33.0497 -94.6901 35.1561 
     43 191.778 425 8 0 -30.1452 -95.0922 34.15 
     43 8.41314 766 8 1 -26.7555 -96.3424 35.15 
     43 31.0527 414 8 0 -23.8608 -97.3208 34.1499 
     43 51.0504 413 8 0 -23.8116 -97.35 34.1169 
     43 80.2294 781 8 1 -23.793 -97.3186 35.1501 
     43 56.4615 410 8 0 -23.5293 -98.0414 34.15 
Number of digits in this event: 13
Using G4ParticleGun... 
Particle energy: 2.0851 LIN
Particle: proton
Event: 44
Number of tracker hits in this event: 29
     44 123.167 1372 10 1 94.5674 64.1042 95.55 
     44 142.586 1220 10 0 94.5671 64.1078 94.15 
     44 143.961 1372 9 1 94.5692 64.1959 65.55 
     44 191.445 1220 9 0 94.5715 64.1994 64.15 
     44 117.638 1372 8 1 94.6322 64.2646 35.55 
     44 126.263 1221 8 0 94.6372 64.2667 34.15 
     44 179.9 1372 7 1 94.7371 64.3139 5.55 
     44 110.184 1221 7 0 94.7389 64.3156 4.15 
     44 115.349 1373 6 1 94.7694 64.3554 -24.45 
     44 149.086 1221 6 0 94.7746 64.359 -25.85 
     44 154.774 1373 5 1 94.8714 64.4204 -54.45 
     44 203.768 1221 5 0 94.8751 64.4231 -55.85 
     44 159.161 1373 4 1 94.935 64.4714 -84.45 
     44 122.086 1222 4 0 94.9403 64.4776 -85.85 
     44 132.697 1374 3 1 95.0424 64.5947 -114.45 
     44 130.577 1222 3 0 95.0468 64.6011 -115.85 
     44 115.033 1374 2 1 95.1418 64.7181 -144.45 
     44 111.848 1223 2 0 95.1475 64.7237 -145.85 
     44 108 1375 1 1 95.2597 64.8469 -174.45 
     44 113.828 1224 1 0 95.2648 64.8524 -175.85 
     44 123.908 1376 0 1 95.3587 64.9421 -204.45 
     44 281.838 1224 0 0 95.3604 64.9474 -205.85 
     44 207.627 1375 3 1 95.15 64.6384 -114.607 
     44 203.541 1235 3 0 95.7342 67.0957 -115.85 
     44 110.714 1236 3 0 95.9421 67.25 -115.981 
     44 73.4396 1372 6 1 94.7376 64.3489 -24.45 
     44 219.139 1371 6 1 94.55 64.2714 -24.5569 
     44 39.4675 1225 6 0 93.9337 65.1842 -25.85 
     44 225.446 1226 6 0 93.9413 65.25 -25.917 
Number of digits in this event: 20
Using G4ParticleGun... 
Particle energy: 6.20856 LIN
Particle: proton
Event: 45
Number of tracker hits in this event: 24
     45 91.723 967 11 1 13.4978 -63.2306 125.55 
     45 112.153 584 11 0 13.4981 -63.2312 124.15 
     45 124.065 967 10 1 13.5068 -63.2429 95.55 
     45 140.239 584 10 0 13.5073 -63.2426 94.15 
     45 136.85 967 9 1 13.516 -63.2374 65.55 
     45 143.13 584 9 0 13.5157 -63.2372 64.15 
     45 124.967 967 8 1 13.513 -63.2321 35.55 
     45 110.403 584 8 0 13.5125 -63.2309 34.15 
     45 159.965 967 7 1 13.5008 -63.2044 5.55 
     45 163.202 584 7 0 13.5002 -63.2036 4.15 
     45 118.336 967 6 1 13.489 -63.1911 -24.45 
     45 102.17 584 6 0 13.4883 -63.191 -25.85 
     45 96.6671 967 5 1 13.4754 -63.1897 -54.45 
     45 169.408 584 5 0 13.4741 -63.1889 -55.85 
     45 106.163 966 4 1 13.4484 -63.1766 -84.45 
     45 94.3542 584 4 0 13.4482 -63.1764 -85.85 
     45 142.478 966 3 1 13.4449 -63.1719 -114.45 
     45 112.914 584 3 0 13.4458 -63.1708 -115.85 
     45 109.153 967 2 1 13.4641 -63.1525 -144.45 
     45 180.673 584 2 0 13.4646 -63.1525 -145.85 
     45 91.1665 967 1 1 13.4783 -63.1475 -174.45 
     45 102.637 584 1 0 13.4793 -63.1465 -175.85 
     45 98.6129 967 0 1 13.4986 -63.1272 -204.45 
     45 178.679 584 0 0 13.4992 -63.1258 -205.85 
Number of digits in this event: 12
Using G4ParticleGun... 
Particle energy: 3.23446 LIN
Particle: proton
Event: 46
Number of tracker hits in this event: 24
     46 123.661 941 11 1 8.42275 57.9196 125.55 
     46 115.37 1189 11 0 8.42242 57.92 124.15 
     46 130.955 941 10 1 8.41944 57.9389 95.55 
     46 101.867 1189 10 0 8.4182 57.9391 94.15 
     46 116.164 941 9 1 8.39381 57.948 65.55 
     46 250.435 1189 9 0 8.39329 57.9473 64.15 
     46 106.336 941 8 1 8.37659 57.9345 35.55 
     46 143.836 1189 8 0 8.37526 57.9338 34.15 
     46 99.9088 941 7 1 8.35001 57.9274 5.55 
     46 108.696 1189 7 0 8.34446 57.9247 4.15 
     46 179.77 940 6 1 8.21444 57.8583 -24.45 
     46 136.062 1189 6 0 8.20874 57.8556 -25.85 
     46 106.677 940 5 1 8.08823 57.7969 -54.45 
     46 123.329 1188 5 0 8.08357 57.7924 -55.85 
     46 122.672 939 4 1 7.98718 57.6994 -84.45 
     46 108.197 1188 4 0 7.98122 57.6964 -85.85 
     46 103.183 939 3 1 7.85719 57.6348 -114.45 
     46 105.267 1187 3 0 7.84988 57.6321 -115.85 
     46 106.815 938 2 1 7.70527 57.5749 -144.45 
     46 95.1472 1187 2 0 7.69925 57.5718 -145.85 
     46 136.249 937 1 1 7.58089 57.5096 -174.45 
     46 161.539 1187 1 0 7.57404 57.5054 -175.85 
     46 133.773 936 0 1 7.4281 57.4217 -204.45 
     46 95.5471 1186 0 0 7.41916 57.4194 -205.85 
Number of digits in this event: 12
Using G4ParticleGun... 
Particle energy: 1.05475 LIN
Particle: proton
Event: 47
Number of tracker hits in this event: 23
     47 170.901 1419 10 1 104.125 -20.2339 95.55 
     47 104.363 799 10 0 104.119 -20.2302 94.15 
     47 117.905 1419 9 1 103.971 -20.1625 65.55 
     47 183.612 799 9 0 103.963 -20.1599 64.15 
     47 93.2257 1418 8 1 103.768 -20.1149 35.55 
     47 162.564 799 8 0 103.763 -20.1117 34.15 
     47 134.763 1417 7 1 103.678 -20.0579 5.55 
     47 122.239 799 7 0 103.676 -20.059 4.15 
     47 145.6 1417 6 1 103.641 -20.0959 -24.45 
     47 125.41 799 6 0 103.638 -20.0958 -25.85 
     47 186.532 1417 5 1 103.561 -20.092 -54.45 
     47 140.255 799 5 0 103.56 -20.0897 -55.85 
     47 106.977 1416 4 1 103.528 -20.0286 -84.45 
     47 138.856 800 4 0 103.529 -20.0327 -85.85 
     47 121.977 1416 3 1 103.535 -20.1336 -114.45 
     47 139.922 799 3 0 103.533 -20.1379 -115.85 
     47 132.175 1416 2 1 103.473 -20.2211 -144.45 
     47 116.204 799 2 0 103.476 -20.2251 -145.85 
     47 138.938 1416 1 1 103.525 -20.2953 -174.45 
     47 216.528 798 1 0 103.531 -20.2978 -175.85 
     47 249.612 1417 0 1 103.645 -20.3666 -204.45 
     47 105.114 798 0 0 103.647 -20.371 -205.85 
     47 91.4301 781 4 0 146.233 -23.7702 -86.25 
Number of digits in this event: 17
Using G4ParticleGun... 
Particle energy: 1.72583 LIN
Particle: proton
Event: 48
Number of tracker hits in this event: 18
     48 192.801 1371 8 1 94.5327 -106.24 35.55 
     48 183.67 369 8 0 94.5349 -106.239 34.15 
     48 137.694 1372 7 1 94.5892 -106.206 5.55 
     48 144.182 369 7 0 94.5924 -106.202 4.15 
     48 122.1 1372 6 1 94.6727 -106.113 -24.45 
     48 155.55 370 6 0 94.6803 -106.109 -25.85 
     48 115.078 1373 5 1 94.7941 -106.033 -54.45 
     48 102.594 370 5 0 94.7998 -106.026 -55.85 
     48 127.222 1373 4 1 94.9254 -105.886 -84.45 
     48 148.163 371 4 0 94.931 -105.878 -85.85 
     48 204.149 1374 3 1 95.0464 -105.734 -114.45 
     48 95.3031 372 3 0 95.0517 -105.727 -115.85 
     48 126.617 1375 2 1 95.161 -105.604 -144.45 
     48 109.374 372 2 0 95.1709 -105.597 -145.85 
     48 113.946 1376 1 1 95.398 -105.468 -174.45 
     48 153.666 373 1 0 95.4095 -105.464 -175.85 
     48 124.834 1377 0 1 95.6387 -105.383 -204.45 
     48 101.07 373 0 0 95.6519 -105.379 -205.85 
Number of digits in this event: 13
Using G4ParticleGun... 
Particle energy: 9.76074 LIN
Particle: proton
Event: 49
Number of tracker hits in this event: 22
     49 161.536 1389 10 1 97.9895 52.2098 95.55 
     49 118.446 1160 10 0 97.9888 52.21 94.15 
     49 128.998 1389 9 1 97.9722 52.2118 65.55 
     49 115.485 1160 9 0 97.9711 52.2116 64.15 
     49 111.99 1388 8 1 97.946 52.2079 35.55 
     49 101.39 1160 8 0 97.944 52.208 34.15 
     49 120.016 1388 7 1 97.9005 52.211 5.55 
     49 104.381 1160 7 0 97.8982 52.2114 4.15 
     49 218.405 1388 6 1 97.8524 52.2216 -24.45 
     49 130.6 1160 6 0 97.8501 52.2229 -25.85 
     49 119.262 1388 5 1 97.8015 52.2539 -54.45 
     49 98.1412 1161 5 0 97.799 52.2555 -55.85 
     49 97.1091 1387 4 1 97.7488 52.2898 -84.45 
     49 120.053 1161 4 0 97.7463 52.2922 -85.85 
     49 388.792 1387 3 1 97.6946 52.3413 -114.45 
     49 114.472 1161 3 0 97.6916 52.3439 -115.85 
     49 101.763 1387 2 1 97.6281 52.3951 -144.45 
     49 155.478 1161 2 0 97.6253 52.3976 -145.85 
     49 92.1404 1387 1 1 97.5706 52.4489 -174.45 
     49 102.568 1162 1 0 97.568 52.4508 -175.85 
     49 125.168 1386 0 1 97.5123 52.4908 -204.45 
     49 153.357 1162 0 0 97.5094 52.4927 -205.85 
Number of digits in this event: 11
Using G4ParticleGun... 
Particle energy: 1.34526 LIN
Particle: proton
Event: 50
Number of tracker hits in this event: 22
     50 130.591 1263 10 1 72.6839 87.5488 95.55 
     50 98.3054 1337 10 0 72.6842 87.5496 94.15 
     50 112.373 1263 9 1 72.6961 87.5617 65.55 
     50 159.058 1337 9 0 72.7005 87.563 64.15 
     50 125.159 1263 8 1 72.8016 87.5856 35.55 
     50 146.207 1337 8 0 72.8019 87.5866 34.15 
     50 270.2 1263 7 1 72.8257 87.6104 5.55 
     50 207.692 1337 7 0 72.8248 87.6089 4.15 
     50 118.975 1263 6 1 72.7963 87.581 -24.45 
     50 165.449 1337 6 0 72.7924 87.5787 -25.85 
     50 180.174 1263 5 1 72.7123 87.5229 -54.45 
     50 96.6472 1337 5 0 72.7077 87.5231 -55.85 
     50 119.811 1262 4 1 72.6239 87.5147 -84.45 
     50 123.788 1337 4 0 72.6175 87.5189 -85.85 
     50 163.48 1262 3 1 72.4919 87.609 -114.45 
     50 119.376 1337 3 0 72.4883 87.6119 -115.85 
     50 129.505 1261 2 1 72.4375 87.6572 -144.45 
     50 181.759 1338 2 0 72.4359 87.6608 -145.85 
     50 117.941 1261 1 1 72.412 87.7349 -174.45 
     50 233.821 1338 1 0 72.4136 87.7389 -175.85 
     50 155.256 1261 0 1 72.3242 87.7143 -204.45 
     50 135.279 1338 0 0 72.3159 87.7123 -205.85 
Number of digits in this event: 16
Using G4ParticleGun... 
Particle energy: 6.8548 LIN
Particle: proton
Event: 51
Number of tracker hits in this event: 33
     51 77.0313 982 10 1 16.574 108.817 95.55 
     51 85.5805 1443 10 0 16.5741 108.817 94.15 
     51 124.555 982 9 1 16.5755 108.81 65.55 
     51 103.128 1443 9 0 16.576 108.81 64.15 
     51 111.522 982 8 1 16.5836 108.804 35.55 
     51 99.9226 1443 8 0 16.5838 108.804 34.15 
     51 103.305 982 7 1 16.5907 108.798 5.55 
     51 109.369 1443 7 0 16.5907 108.798 4.15 
     51 103.481 982 6 1 16.5942 108.797 -24.45 
     51 141.197 1443 6 0 16.5947 108.798 -25.85 
     51 110.936 982 5 1 16.6052 108.81 -54.45 
     51 123.746 1443 5 0 16.6063 108.808 -55.85 
     51 112.059 982 4 1 16.631 108.783 -84.45 
     51 124.082 1443 4 0 16.6317 108.781 -85.85 
     51 105.246 982 3 1 16.6426 108.758 -114.45 
     51 167.385 1443 3 0 16.6422 108.757 -115.85 
     51 95.4872 982 2 1 16.6329 108.747 -144.45 
     51 110.081 1442 2 0 16.6315 108.746 -145.85 
     51 101.757 982 1 1 16.6009 108.734 -174.45 
     51 119.965 1442 1 0 16.5977 108.733 -175.85 
     51 196.615 982 0 1 16.5286 108.714 -204.45 
     51 177.454 1442 0 0 16.5249 108.715 -205.85 
     51 83.3811 595 4 0 -176.805 -60.903 -86.25 
     51 270.127 594 4 0 -177.077 -61.05 -86.1245 
     51 177.906 593 4 0 -177.434 -61.25 -86.0157 
     51 212.173 592 4 0 -177.874 -61.45 -86.2199 
     51 91.0871 591 4 0 -178.342 -61.6503 -86.0635 
     51 251.406 590 4 0 -178.436 -61.85 -86.1377 
     51 211.194 801 5 1 -19.85 3.35748 -54.6092 
     51 180.05 1509 0 0 108.012 121.959 -206.25 
     51 111.417 1508 0 0 108.125 121.95 -206.083 
     51 155.342 1450 1 1 110.341 62.0749 -174.45 
     51 27.6868 1611 3 1 142.53 108.975 -114.773 
Number of digits in this event: 17
Using G4ParticleGun... 
Particle energy: 1.72818 LIN
Particle: proton
Event: 52
Number of tracker hits in this event: 23
     52 162.35 1022 9 1 24.586 -124.219 65.55 
     52 207.481 279 9 0 24.5895 -124.22 64.15 
     52 113.977 1022 8 1 24.6493 -124.24 35.55 
     52 28.797 1023 8 1 24.65 -124.24 35.2416 
     52 95.3209 279 8 0 24.6526 -124.24 34.15 
     52 105.491 1023 7 1 24.7291 -124.219 5.55 
     52 115.4 279 7 0 24.729 -124.217 4.15 
     52 121.238 1023 6 1 24.7227 -124.162 -24.45 
     52 103.772 279 6 0 24.7218 -124.158 -25.85 
     52 104.74 1023 5 1 24.6983 -124.076 -54.45 
     52 110.432 280 5 0 24.6945 -124.069 -55.85 
     52 103.586 1022 4 1 24.6227 -123.938 -84.45 
     52 91.6771 281 4 0 24.6225 -123.929 -85.85 
     52 125.64 1022 3 1 24.6215 -123.739 -114.45 
     52 159.515 282 3 0 24.6252 -123.73 -115.85 
     52 145.953 1023 2 1 24.7009 -123.541 -144.45 
     52 471.3 283 2 0 24.7035 -123.529 -145.85 
     52 110.579 1023 1 1 24.7571 -123.28 -174.45 
     52 134.753 284 1 0 24.7599 -123.269 -175.85 
     52 105.666 1023 0 1 24.8105 -123.056 -204.45 
     52 128.088 285 0 0 24.8109 -123.043 -205.85 
     52 88.759 1022 2 1 24.65 -123.541 -144.581 
     52 187.364 282 2 0 24.6065 -123.55 -146.205 
Number of digits in this event: 11
Using G4ParticleGun... 
Particle energy: 1.68648 LIN
Particle: proton
Event: 53
Number of tracker hits in this event: 22
     53 102.367 483 10 1 -83.2805 -30.7423 95.55 
     53 144.331 746 10 0 -83.2818 -30.7407 94.15 
     53 120.164 483 9 1 -83.313 -30.7054 65.55 
     53 176.918 746 9 0 -83.3141 -30.7032 64.15 
     53 134.096 483 8 1 -83.335 -30.6605 35.55 
     53 139.565 746 8 0 -83.335 -30.6586 34.15 
     53 130.151 483 7 1 -83.3294 -30.6199 5.55 
     53 207.562 747 7 0 -83.332 -30.6224 4.15 
     53 115.156 483 6 1 -83.3917 -30.6673 -24.45 
     53 131.65 746 6 0 -83.3925 -30.6734 -25.85 
     53 188.317 483 5 1 -83.4042 -30.7817 -54.45 
     53 116.192 746 5 0 -83.4078 -30.7886 -55.85 
     53 102.095 482 4 1 -83.4885 -30.9244 -84.45 
     53 105.013 745 4 0 -83.4967 -30.9307 -85.85 
     53 225.238 481 3 1 -83.6655 -31.0513 -114.45 
     53 177.743 744 3 0 -83.673 -31.0529 -115.85 
     53 115.654 481 2 1 -83.8425 -31.0735 -144.45 
     53 109.304 744 2 0 -83.8509 -31.0714 -145.85 
     53 169.395 480 1 1 -84.0239 -31.0218 -174.45 
     53 156.277 745 1 0 -84.0315 -31.0156 -175.85 
     53 131.89 479 0 1 -84.188 -30.9077 -204.45 
     53 137.209 745 0 0 -84.1957 -30.8988 -205.85 
Number of digits in this event: 16
Using G4ParticleGun... 
Particle energy: 7.13816 LIN
Particle: proton
Event: 54
Number of tracker hits in this event: 18
     54 108.156 1610 7 1 142.198 35.8616 5.55 
     54 101.065 1079 7 0 142.197 35.8607 4.15 
     54 143.813 1610 6 1 142.177 35.8438 -24.45 
     54 102.56 1078 6 0 142.176 35.8418 -25.85 
     54 156.177 1610 5 1 142.152 35.8024 -54.45 
     54 153.076 1078 5 0 142.15 35.7997 -55.85 
     54 419.399 1609 4 1 142.118 35.7459 -84.45 
     54 116.785 1078 4 0 142.116 35.7437 -85.85 
     54 104.464 1609 3 1 142.06 35.7004 -114.45 
     54 101.716 1078 3 0 142.057 35.6972 -115.85 
     54 135.574 1609 2 1 141.989 35.6289 -144.45 
     54 213.453 1077 2 0 141.985 35.625 -145.85 
     54 124.554 1608 1 1 141.907 35.5502 -174.45 
     54 102.521 1077 1 0 141.904 35.5468 -175.85 
     54 203.211 1608 0 1 141.844 35.479 -204.45 
     54 151.421 1077 0 0 141.842 35.4757 -205.85 
     54 44.4479 1046 5 0 179.945 29.4127 -56.25 
     54 44.8564 1047 5 0 180.057 29.45 -56.1894 
Number of digits in this event: 11
Using G4ParticleGun... 
Particle energy: 6.60143 LIN
Particle: proton
Event: 55
Number of tracker hits in this event: 29
     55 133.796 844 11 1 -11.1585 29.7488 125.55 
     55 128.563 1048 11 0 -11.1574 29.7491 124.15 
     55 131.026 844 10 1 -11.1372 29.75 95.55 
     55 110.775 1048 10 0 -11.1372 29.7502 94.15 
     55 183.133 844 9 1 -11.1327 29.7539 65.55 
     55 112.575 1048 9 0 -11.1327 29.7542 64.15 
     55 137.603 844 8 1 -11.1342 29.7632 35.55 
     55 272.477 1048 8 0 -11.1352 29.764 34.15 
     55 256.278 844 7 1 -11.1549 29.7817 5.55 
     55 121.186 1048 7 0 -11.1561 29.783 4.15 
     55 97.4899 844 6 1 -11.1788 29.8131 -24.45 
     55 132.215 1048 6 0 -11.1803 29.8149 -25.85 
     55 117.595 844 5 1 -11.2061 29.8475 -54.45 
     55 88.6387 1048 5 0 -11.2082 29.849 -55.85 
     55 120.528 843 4 1 -11.2513 29.8831 -84.45 
     55 126.794 1049 4 0 -11.2543 29.8846 -85.85 
     55 120.147 843 3 1 -11.319 29.9181 -114.45 
     55 151.815 1049 3 0 -11.3213 29.9192 -115.85 
     55 112.711 843 2 1 -11.3704 29.9407 -144.45 
     55 131.886 1049 2 0 -11.3718 29.9407 -145.85 
     55 167.299 843 1 1 -11.4015 29.944 -174.45 
     55 122.526 1049 1 0 -11.4026 29.9433 -175.85 
     55 102.496 843 0 1 -11.4231 29.9271 -204.45 
     55 121.436 1049 0 0 -11.4241 29.9261 -205.85 
     55 3.229 1666 2 0 -14.7373 153.438 -146.25 
     55 325.749 1248 3 1 69.8414 112.333 -114.562 
     55 49.7767 1175 1 0 -45.9915 55.0806 -175.891 
     55 46.0085 1027 9 1 25.5971 -29.7958 65.15 
     55 32.2371 1028 9 1 25.65 -29.8295 65.4478 
Number of digits in this event: 22
Using G4ParticleGun... 
Particle energy: 4.16203 LIN
Particle: proton
Event: 56
Number of tracker hits in this event: 24
     56 207.372 696 11 1 -40.7762 -21.9222 125.55 
     56 107.687 790 11 0 -40.7752 -21.9229 124.15 
     56 137.183 696 10 1 -40.7491 -21.9317 95.55 
     56 132.467 790 10 0 -40.7477 -21.9317 94.15 
     56 171.153 696 9 1 -40.7148 -21.9339 65.55 
     56 118.295 790 9 0 -40.7134 -21.9354 64.15 
     56 86.351 696 8 1 -40.6897 -21.9647 35.55 
     56 119.417 790 8 0 -40.6889 -21.966 34.15 
     56 177.885 696 7 1 -40.6691 -21.9952 5.55 
     56 101.195 790 7 0 -40.6687 -21.9983 4.15 
     56 146.534 696 6 1 -40.6553 -22.0626 -24.45 
     56 116.056 789 6 0 -40.6554 -22.0649 -25.85 
     56 167.839 696 5 1 -40.6525 -22.1123 -54.45 
     56 111.792 789 5 0 -40.6533 -22.1137 -55.85 
     56 103.486 696 4 1 -40.6654 -22.1492 -84.45 
     56 101.989 789 4 0 -40.6662 -22.1489 -85.85 
     56 121.63 696 3 1 -40.6834 -22.1392 -114.45 
     56 117.565 789 3 0 -40.6835 -22.1367 -115.85 
     56 103.174 696 2 1 -40.6863 -22.082 -144.45 
     56 127.823 789 2 0 -40.6867 -22.0791 -145.85 
     56 222.751 696 1 1 -40.6945 -22.0209 -174.45 
     56 122.272 790 1 0 -40.6947 -22.0175 -175.85 
     56 163.032 696 0 1 -40.6953 -21.9507 -204.45 
     56 196.475 790 0 0 -40.6963 -21.9465 -205.85 
Number of digits in this event: 14
Using G4ParticleGun... 
Particle energy: 4.21602 LIN
Particle: proton
Event: 57
Number of tracker hits in this event: 20
     57 80.4423 1415 9 1 103.262 85.267 65.55 
     57 101.458 1326 9 0 103.263 85.2667 64.15 
     57 160.044 1415 8 1 103.291 85.2592 35.55 
     57 166.302 1326 8 0 103.295 85.2587 34.15 
     57 99.0019 1416 7 1 103.374 85.2568 5.55 
     57 91.3679 1326 7 0 103.379 85.2555 4.15 
     57 121.426 1416 6 1 103.49 85.2312 -24.45 
     57 128.862 1325 6 0 103.496 85.23 -25.85 
     57 111.092 1417 5 1 103.608 85.2037 -54.45 
     57 127.161 1325 5 0 103.614 85.2031 -55.85 
     57 114.226 1417 4 1 103.743 85.1941 -84.45 
     57 131.185 1325 4 0 103.75 85.1938 -85.85 
     57 135.735 1418 3 1 103.877 85.1916 -114.45 
     57 140.618 1325 3 0 103.881 85.1894 -115.85 
     57 172.406 1419 2 1 103.962 85.1461 -144.45 
     57 103.812 1325 2 0 103.967 85.1443 -145.85 
     57 128.957 1419 1 1 104.088 85.1005 -174.45 
     57 140.512 1325 1 0 104.094 85.0979 -175.85 
     57 97.0787 1420 0 1 104.227 85.0452 -204.45 
     57 99.4374 1324 0 0 104.234 85.0411 -205.85 
Number of digits in this event: 12
Using G4ParticleGun... 
Particle energy: 7.61576 LIN
Particle: proton
Event: 58
Number of tracker hits in this event: 26
     58 113.086 840 11 1 -12.0059 16.4449 125.55 
     58 117.818 981 11 0 -12.0058 16.4445 124.15 
     58 158.8 840 10 1 -12.0039 16.4349 95.55 
     58 125.406 981 10 0 -12.0042 16.4339 94.15 
     58 140.831 840 9 1 -12.0129 16.4153 65.55 
     58 103.269 981 9 0 -12.0131 16.4133 64.15 
     58 114.029 840 8 1 -12.0179 16.3723 35.55 
     58 100.298 981 8 0 -12.0188 16.3692 34.15 
     58 93.1495 840 7 1 -12.0382 16.3031 5.55 
     58 103.665 981 7 0 -12.0382 16.3008 4.15 
     58 98.2315 840 6 1 -12.0428 16.2525 -24.45 
     58 81.8195 981 6 0 -12.0429 16.2503 -25.85 
     58 68.0482 980 6 0 -12.0429 16.25 -26.026 
     58 211.611 840 5 1 -12.0428 16.2054 -54.45 
     58 255.99 980 5 0 -12.0422 16.2043 -55.85 
     58 153.938 840 4 1 -12.0261 16.1772 -84.45 
     58 120.744 980 4 0 -12.0258 16.1762 -85.85 
     58 242.354 840 3 1 -12.0208 16.1548 -114.45 
     58 129.861 980 3 0 -12.0204 16.1531 -115.85 
     58 96.0639 840 2 1 -12.0139 16.1186 -144.45 
     58 153.706 980 2 0 -12.0138 16.1173 -145.85 
     58 96.2215 840 1 1 -12.014 16.0917 -174.45 
     58 113.168 980 1 0 -12.0141 16.0903 -175.85 
     58 96.9735 840 0 1 -12.0111 16.0572 -204.45 
     58 119.101 980 0 0 -12.0118 16.0558 -205.85 
     58 282.321 839 3 1 -12.05 16.2971 -114.617 
Number of digits in this event: 12
Using G4ParticleGun... 
Particle energy: 8.8328 LIN
Particle: proton
Event: 59
Number of tracker hits in this event: 34
     59 131.432 539 10 1 -72.2423 -74.3916 95.55 
     59 182.214 528 10 0 -72.243 -74.3922 94.15 
     59 301.463 538 9 1 -72.2585 -74.4045 65.55 
     59 161.813 528 9 0 -72.261 -74.4031 64.15 
     59 114.183 538 8 1 -72.3102 -74.3766 35.55 
     59 103.973 528 8 0 -72.313 -74.3756 34.15 
     59 307.82 538 7 1 -72.3729 -74.3543 5.55 
     59 145.562 528 7 0 -72.3758 -74.3529 4.15 
     59 116.112 538 6 1 -72.4327 -74.3232 -24.45 
     59 184.317 528 6 0 -72.4361 -74.3211 -25.85 
     59 132.804 537 5 1 -72.5053 -74.2797 -54.45 
     59 100.734 528 5 0 -72.5092 -74.2776 -55.85 
     59 99.8175 537 4 1 -72.5872 -74.2358 -84.45 
     59 177.471 529 4 0 -72.5905 -74.2339 -85.85 
     59 97.7717 536 3 1 -72.6536 -74.1964 -114.45 
     59 95.8042 529 3 0 -72.6558 -74.1943 -115.85 
     59 109.882 536 2 1 -72.6985 -74.1496 -144.45 
     59 102.188 529 2 0 -72.7011 -74.1464 -145.85 
     59 108.924 536 1 1 -72.7529 -74.0789 -174.45 
     59 132.727 529 1 0 -72.7552 -74.0765 -175.85 
     59 199.577 536 0 1 -72.804 -74.0277 -204.45 
     59 120.596 530 0 0 -72.8065 -74.0256 -205.85 
     59 5.72869 539 7 1 -72.25 -74.575 5.17179 
     59 22.3793 525 7 0 -71.8656 -75.0056 4.14903 
     59 86.7324 524 7 0 -71.8337 -75.05 4.05339 
     59 16.0847 523 7 0 -71.7123 -75.2503 3.77744 
     59 34.3863 283 7 0 -46.0944 -123.461 3.75 
     59 73.8791 282 7 0 -46.0554 -123.55 3.85644 
     59 4.28515 672 7 1 -45.4578 -123.613 5.15 
     59 141.348 673 7 1 -45.45 -123.614 5.16451 
     59 38.4086 674 7 1 -45.2495 -123.749 5.51111 
     59 16.5455 527 9 0 -73.1625 -74.6477 64.1496 
     59 236.224 526 9 0 -73.2055 -74.65 64.0996 
     59 327.294 521 9 0 -82.4247 -75.8056 63.7506 
Number of digits in this event: 16
Using G4ParticleGun... 
Particle energy: 9.97017 LIN
Particle: proton
Event: 60
Number of tracker hits in this event: 298
     60 117.743 1421 10 1 104.392 -38.4538 95.55 
     60 158.574 707 10 0 104.392 -38.4543 94.15 
     60 215.429 1421 9 1 104.406 -38.4636 65.55 
     60 119.341 707 9 0 104.406 -38.4637 64.15 
     60 123.363 1421 8 1 104.418 -38.4641 35.55 
     60 110.909 707 8 0 104.419 -38.4648 34.15 
     60 101.943 1421 7 1 104.442 -38.484 5.55 
     60 105.274 707 7 0 104.442 -38.4854 4.15 
     60 128.218 1421 6 1 104.452 -38.5136 -24.45 
     60 163.118 707 6 0 104.452 -38.5148 -25.85 
     60 159.588 1421 5 1 104.457 -38.5406 -54.45 
     60 291.512 707 5 0 104.457 -38.5415 -55.85 
     60 99.5716 1421 4 1 104.461 -38.5635 -84.45 
     60 114.217 707 4 0 104.461 -38.5648 -85.85 
     60 105.627 1421 3 1 104.472 -38.5913 -114.45 
     60 95.4343 707 3 0 104.473 -38.5916 -115.85 
     60 4.57655 548 5 0 168.707 -70.25 -55.9655 
     60 3283.96 1420 2 1 104.323 -38.5042 -144.45 
     60 1712.99 1419 2 1 104.15 -38.4336 -144.689 
     60 1465.39 709 2 0 103.321 -38.0827 -145.85 
     60 2251.34 710 2 0 103.244 -38.05 -145.958 
     60 4201.26 1315 1 1 83.2332 -30.6594 -174.45 
     60 3376.71 1314 1 1 83.05 -30.6461 -174.715 
     60 1152.22 1418 2 1 103.95 -39.318 -144.518 
     60 1158.85 1417 2 1 103.75 -39.5717 -144.622 
     60 1116.24 1416 2 1 103.55 -39.8252 -144.732 
     60 41.5399 1415 2 1 103.35 -40.0827 -144.847 
     60 683.869 688 2 0 101.641 -42.2638 -145.85 
     60 835.095 687 2 0 101.495 -42.45 -145.936 
     60 919.055 686 2 0 101.342 -42.65 -146.023 
     60 1041.37 685 2 0 101.191 -42.85 -146.112 
     60 458.78 684 2 0 101.041 -43.05 -146.205 
     60 19.271 194 5 0 -132.19 -141.341 -56.0749 
     60 452.118 412 3 0 106.842 -97.6515 -116.25 
     60 893.462 411 3 0 106.846 -97.75 -116.203 
     60 979.167 410 3 0 106.856 -97.95 -116.115 
     60 840.091 409 3 0 106.865 -98.15 -116.023 
     60 916.002 408 3 0 106.871 -98.35 -115.931 
     60 4337.73 1433 3 1 106.894 -100.708 -114.85 
     60 1211.3 1422 2 1 104.688 -37.7854 -144.45 
     60 4004.36 1423 2 1 104.75 -37.4351 -144.532 
     60 450.683 1424 2 1 104.95 -36.2434 -144.832 
     60 102.084 737 2 0 105.593 -32.4828 -145.85 
     60 722.265 738 2 0 105.599 -32.45 -145.859 
     60 796.875 739 2 0 105.634 -32.25 -145.913 
     60 651.936 740 2 0 105.67 -32.05 -145.969 
     60 692.197 741 2 0 105.702 -31.85 -146.027 
     60 705.368 742 2 0 105.737 -31.65 -146.086 
     60 726.426 743 2 0 105.773 -31.45 -146.144 
     60 497.776 744 2 0 105.81 -31.25 -146.202 
     60 82.8309 772 3 0 163.632 -25.4547 -116.25 
     60 3677.8 773 3 0 163.653 -25.45 -116.24 
     60 843.06 1731 3 1 166.386 -24.933 -114.85 
     60 1122.51 1732 3 1 166.55 -24.904 -114.765 
     60 1090.81 1733 3 1 166.75 -24.8684 -114.66 
     60 1072.18 1734 3 1 166.95 -24.8368 -114.554 
     60 222.178 706 2 0 102.679 -38.7278 -145.85 
     60 22.275 1254 1 1 70.9204 -41.2852 -174.45 
     60 73.2589 1253 1 1 70.85 -41.291 -174.516 
     60 131.214 1252 1 1 70.65 -41.3079 -174.705 
     60 181.428 693 1 0 69.4281 -41.4123 -175.85 
     60 96.925 1093 0 1 38.806 -44.151 -204.45 
     60 91.2402 1092 0 1 38.65 -44.1615 -204.6 
     60 27.6579 1091 0 1 38.45 -44.1744 -204.79 
     60 32.3926 679 0 0 37.3376 -44.2444 -205.85 
     60 146.809 678 0 0 37.2491 -44.25 -205.934 
     60 159.406 701 2 0 101.441 -39.8263 -145.85 
     60 212.02 700 2 0 101.383 -39.85 -145.882 
     60 112.777 699 2 0 100.889 -40.05 -146.15 
     60 58.3001 1144 1 1 48.9459 -61.2057 -174.45 
     60 94.1301 1143 1 1 48.85 -61.2484 -174.501 
     60 93.2993 1142 1 1 48.65 -61.3377 -174.609 
     60 98.2193 1141 1 1 48.45 -61.4255 -174.716 
     60 38.7548 1140 1 1 48.25 -61.5144 -174.825 
     60 65.4597 588 1 0 46.3324 -62.3671 -175.85 
     60 397.773 587 1 0 46.1468 -62.45 -175.949 
     60 41.2858 586 1 0 45.6945 -62.65 -176.192 
     60 10.1825 869 0 1 -6.22143 -84.8818 -204.45 
     60 124.11 868 0 1 -6.25 -84.8953 -204.462 
     60 117.681 867 0 1 -6.45 -84.9897 -204.542 
     60 85.2765 866 0 1 -6.65 -85.0855 -204.623 
     60 153.485 865 0 1 -6.85 -85.1814 -204.704 
     60 60.433 864 0 1 -7.05 -85.279 -204.785 
     60 63.8476 467 0 0 -9.67333 -86.5685 -205.85 
     60 233.612 466 0 0 -9.83919 -86.65 -205.917 
     60 195.309 465 0 0 -10.2507 -86.85 -206.084 
     60 1528.33 1421 2 1 104.519 -38.5302 -144.45 
     60 146.079 1445 1 1 109.221 -29.1426 -174.45 
     60 160.748 757 1 0 109.516 -28.6147 -175.85 
     60 117.598 1480 0 1 116.3 -18.883 -204.452 
     60 163.849 808 0 0 116.374 -18.447 -205.85 
     60 95.4 1437 1 1 107.707 -29.8433 -174.45 
     60 32.5764 1438 1 1 107.75 -29.752 -174.748 
     60 1089.89 753 1 0 107.912 -29.4087 -175.85 
     60 154.461 1459 0 1 111.977 -20.4942 -204.45 
     60 24.3467 799 0 0 112.184 -20.0825 -205.85 
     60 122.245 800 0 0 112.201 -20.05 -205.959 
     60 107.512 719 2 0 106.178 -36.0875 -145.85 
     60 137.303 720 2 0 106.251 -36.05 -145.919 
     60 109.361 1435 2 1 107.177 -35.0309 -144.85 
     60 63.7303 1434 2 1 107.15 -34.944 -144.78 
     60 102.445 705 2 0 104.597 -38.8938 -145.85 
     60 107.221 1432 1 1 106.623 -44.1795 -174.45 
     60 12.8133 678 1 0 106.722 -44.4416 -175.85 
     60 109.328 677 1 0 106.725 -44.45 -175.895 
     60 215.757 659 3 0 128.495 -48.1123 -116.249 
     60 148.555 958 10 0 160.057 11.6918 93.75 
     60 7.566 1465 0 1 113.15 -51.8641 -204.512 
     60 69.0466 1466 0 1 113.35 -51.9539 -204.521 
     60 98.234 1467 0 1 113.55 -51.9304 -204.512 
     60 30.0272 629 0 0 108.976 -54.2228 -206.249 
     60 27.3895 1500 1 1 120.158 8.93945 -174.621 
     60 211.364 669 0 0 72.5296 -46.0862 -206.143 
     60 1421 683 1 0 103.909 -43.2928 -176.25 
     60 2362.99 684 1 0 103.88 -43.25 -176.08 
     60 6559.93 1417 1 1 103.633 -42.8391 -174.85 
     60 1716.26 604 1 0 94.5748 -59.0748 -176.25 
     60 867.358 1368 1 1 93.8526 -59.5427 -174.85 
     60 1484.49 1367 1 1 93.75 -59.6086 -174.653 
     60 1707.03 570 2 0 77.3738 -65.9904 -146.25 
     60 928.77 569 2 0 77.2145 -66.05 -145.973 
     60 1612.89 1282 2 1 76.5736 -66.2728 -144.85 
     60 1451.79 1281 2 1 76.45 -66.3176 -144.632 
     60 137.794 1441 0 1 108.488 -49.9293 -204.45 
     60 287.367 1440 0 1 108.35 -50.0218 -204.626 
     60 430.934 646 0 0 107.403 -50.6628 -205.85 
     60 35.8866 645 0 0 107.128 -50.85 -206.207 
     60 119.308 1439 0 1 108.15 -49.1048 -204.551 
     60 100.052 1438 0 1 107.95 -48.8605 -204.688 
     60 22.3623 1437 0 1 107.75 -48.6182 -204.821 
     60 26.6996 666 0 0 106.185 -46.7118 -205.85 
     60 68.0669 667 0 0 106.135 -46.65 -205.883 
     60 110.302 668 0 0 105.971 -46.45 -205.991 
     60 27.4328 670 0 0 105.644 -46.05 -206.207 
     60 573.564 698 3 0 113.109 -40.2545 -116.25 
     60 35.7641 1466 3 1 113.537 -40.3395 -114.85 
     60 431.076 1467 3 1 113.55 -40.3421 -114.807 
     60 383.211 689 4 0 122.758 -42.0669 -86.25 
     60 456.657 1515 4 1 123.208 -42.1533 -84.85 
     60 368.418 680 5 0 132.04 -44.0003 -56.25 
     60 263.609 1561 5 1 132.471 -44.0939 -54.85 
     60 182.532 1562 5 1 132.55 -44.1113 -54.5931 
     60 430.483 670 6 0 140.457 -45.8766 -26.25 
     60 438.503 1603 6 1 140.849 -45.9664 -24.85 
     60 46.3839 1604 6 1 140.95 -45.9896 -24.4915 
     60 497.491 661 7 0 149.538 -47.8229 3.75 
     60 354.225 1649 7 1 149.966 -47.9133 5.15 
     60 568.407 656 8 0 159.139 -48.7162 33.75 
     60 524.663 1697 8 1 159.588 -48.754 35.15 
     60 570.614 654 9 0 168.919 -49.2013 63.75 
     60 549.275 1746 9 1 169.375 -49.2222 65.15 
     60 401.671 655 10 0 179.442 -48.8616 93.75 
     60 39.5161 1798 10 1 179.935 -48.8473 95.15 
     60 474.141 1799 10 1 179.95 -48.847 95.1934 
     60 7544.58 623 3 0 62.1053 -55.2978 -116.25 
     60 372.74 1366 1 1 93.55 -29.8107 -174.705 
     60 266.094 752 1 0 93.0427 -29.4752 -175.85 
     60 916.656 1302 0 1 80.6086 -21.0453 -204.45 
     60 169.654 1301 0 1 80.45 -20.9382 -204.784 
     60 1125.13 797 0 0 79.9297 -20.5857 -205.85 
     60 145.833 707 2 0 104.534 -38.642 -145.85 
     60 93.9869 1425 1 1 105.266 -39.4387 -174.45 
     60 98.1743 702 1 0 105.307 -39.4797 -175.85 
     60 272.949 1429 0 1 106.116 -40.2718 -204.45 
     60 103.208 698 0 0 106.142 -40.3079 -205.85 
     60 362.826 683 2 0 103.537 -43.25 -145.854 
     60 329.117 682 2 0 103.494 -43.45 -145.924 
     60 243.055 681 2 0 103.451 -43.65 -145.994 
     60 294.864 680 2 0 103.409 -43.85 -146.063 
     60 291.52 679 2 0 103.367 -44.05 -146.132 
     60 238.943 678 2 0 103.324 -44.25 -146.203 
     60 645.563 1329 1 1 85.887 -124.403 -174.45 
     60 1365.88 1328 1 1 85.85 -124.748 -174.562 
     60 245.874 256 1 0 85.4151 -128.862 -175.85 
     60 298.679 255 1 0 85.4057 -128.95 -175.877 
     60 391.129 254 1 0 85.3848 -129.15 -175.939 
     60 307.683 253 1 0 85.3625 -129.35 -176.001 
     60 330.266 252 1 0 85.3406 -129.55 -176.061 
     60 338.386 251 1 0 85.3178 -129.75 -176.123 
     60 359.362 250 1 0 85.2949 -129.95 -176.186 
     60 554.893 1439 2 1 107.952 -41.1693 -144.45 
     60 513.407 1440 2 1 108.15 -41.2996 -144.476 
     60 515.031 1441 2 1 108.35 -41.4313 -144.505 
     60 628.368 1442 2 1 108.55 -41.5616 -144.534 
     60 494.757 1443 2 1 108.75 -41.6968 -144.562 
     60 609.615 1444 2 1 108.95 -41.8337 -144.591 
     60 592.857 1445 2 1 109.15 -41.9708 -144.62 
     60 535.397 1446 2 1 109.35 -42.1077 -144.65 
     60 616.141 1447 2 1 109.55 -42.2459 -144.679 
     60 480.37 1448 2 1 109.75 -42.3858 -144.71 
     60 530.018 1449 2 1 109.95 -42.5249 -144.738 
     60 630.951 1450 2 1 110.15 -42.6665 -144.761 
     60 519.54 1451 2 1 110.35 -42.8081 -144.785 
     60 589.093 1452 2 1 110.55 -42.9513 -144.807 
     60 615.42 1453 2 1 110.75 -43.096 -144.827 
     60 112.492 1454 2 1 110.95 -43.2393 -144.846 
     60 12.8287 646 2 0 121.504 -50.8463 -145.85 
     60 818.635 645 2 0 121.509 -50.85 -145.85 
     60 1002.27 644 2 0 121.788 -51.05 -145.877 
     60 888.095 643 2 0 122.07 -51.25 -145.902 
     60 772.236 642 2 0 122.354 -51.45 -145.929 
     60 885.372 641 2 0 122.646 -51.65 -145.956 
     60 1039.72 640 2 0 122.942 -51.85 -145.984 
     60 933.721 639 2 0 123.246 -52.05 -146.011 
     60 973.938 638 2 0 123.547 -52.25 -146.038 
     60 986.398 637 2 0 123.851 -52.45 -146.065 
     60 1135.93 636 2 0 124.14 -52.65 -146.103 
     60 1022.81 635 2 0 124.428 -52.85 -146.135 
     60 1030.06 634 2 0 124.734 -53.05 -146.169 
     60 1065.81 633 2 0 125.046 -53.25 -146.208 
     60 59.268 632 2 0 125.356 -53.45 -146.248 
     60 294.37 1425 2 1 105.15 -38.7939 -144.599 
     60 263.893 1426 2 1 105.35 -38.8537 -144.707 
     60 82.811 1427 2 1 105.55 -38.9119 -144.815 
     60 925.713 702 2 0 107.458 -39.4607 -145.85 
     60 271.027 1703 1 1 160.753 -54.7305 -174.45 
     60 358.95 1704 1 1 160.95 -54.7751 -174.561 
     60 296.194 1705 1 1 161.15 -54.82 -174.672 
     60 162.441 1706 1 1 161.35 -54.8658 -174.783 
     60 901.339 623 1 0 163.293 -55.3122 -175.85 
     60 158.22 622 1 0 163.892 -55.45 -176.179 
     60 119.188 712 2 0 103.836 -37.6084 -145.85 
     60 81.1912 713 2 0 103.731 -37.45 -146.108 
     60 157.436 1359 1 1 92.1448 -19.9041 -174.45 
     60 44.3236 804 1 0 91.5721 -19.1099 -175.85 
     60 116.606 805 1 0 91.5288 -19.05 -175.956 
     60 110.014 1299 0 1 79.9694 -2.56599 -204.45 
     60 55.933 1298 0 1 79.85 -2.40033 -204.727 
     60 39.2545 891 0 0 79.3649 -1.72397 -205.85 
     60 166.061 892 0 0 79.3118 -1.65 -205.973 
     60 131.924 708 2 0 104.465 -38.4104 -145.85 
     60 18.4949 1537 2 1 127.724 -43.2622 -144.85 
     60 103.083 1538 2 1 127.75 -43.2711 -144.818 
     60 46.3792 1539 2 1 127.95 -43.3386 -144.572 
     60 112.774 648 3 0 155.899 -50.4 -116.25 
     60 177.454 647 3 0 156.098 -50.45 -116.049 
     60 21.5296 1685 3 1 157.297 -50.7383 -114.85 
     60 96.9067 1686 3 1 157.35 -50.751 -114.797 
     60 152.457 1687 3 1 157.55 -50.7984 -114.596 
     60 48.0215 1211 4 0 -52.109 62.25 -85.9547 
     60 1.51949 1007 2 1 21.65 3.36168 -144.618 
     60 110.853 1419 1 1 104.024 -35.1523 -174.45 
     60 158.208 725 1 0 104.121 -34.9854 -175.85 
     60 108.92 743 0 0 106.181 -31.4268 -205.85 
     60 27.2306 1703 0 1 160.82 -45.2213 -204.45 
     60 77.821 469 2 0 -89.5196 -86.1434 -146.25 
     60 380.835 470 2 0 -89.4886 -86.05 -146.084 
     60 47.4909 441 4 0 147.962 -91.779 -86.1479 
     60 76.5289 953 6 1 10.7245 32.4651 -24.85 
     60 131.881 774 3 0 -119.122 -25.25 -116.105 
     60 57.1002 307 3 1 -118.612 -25.533 -114.85 
     60 127.471 308 3 1 -118.55 -25.5674 -114.788 
     60 48.918 1718 9 0 -50.0952 163.869 63.75 
     60 74.9324 1719 9 0 -50.1218 163.95 63.8279 
     60 66.7109 1720 9 0 -50.2236 164.15 63.9645 
     60 68.6571 1721 9 0 -50.356 164.35 64.0657 
     60 63.1117 1722 9 0 -50.4983 164.55 64.1301 
     60 84.362 631 9 1 -53.6942 167.047 65.15 
     60 158.349 630 9 1 -53.85 167.275 65.211 
     60 124.234 629 9 1 -54.0506 167.474 65.2604 
     60 247.464 694 8 1 -41.0629 139.03 35.55 
     60 273.165 693 8 1 -41.2502 139.183 35.314 
     60 36.9008 56 5 0 165.62 -168.916 -55.8993 
     60 300.228 761 0 0 138.257 -27.6647 -206.25 
     60 89.0835 1596 0 1 139.395 -27.9185 -204.85 
     60 79.806 1597 0 1 139.55 -27.9536 -204.661 
     60 163.851 716 1 0 162.988 -36.7808 -176.25 
     60 424.765 715 1 0 163.172 -36.85 -176.032 
     60 107.038 1720 1 1 164.165 -37.2282 -174.85 
     60 92.527 1721 1 1 164.35 -37.2983 -174.629 
     60 55.5121 714 1 0 163.206 -37.0501 -175.908 
     60 48.6609 1727 1 1 165.624 -39.9178 -174.85 
     60 128.005 1728 1 1 165.75 -40.0619 -174.829 
     60 115.385 1729 1 1 165.95 -40.3286 -174.823 
     60 105.19 1730 1 1 166.15 -40.6663 -174.759 
     60 146.719 1731 1 1 166.35 -40.9482 -174.709 
     60 86.4446 1732 1 1 166.55 -41.2995 -174.765 
     60 52.4031 673 1 0 167.758 -45.3211 -175.85 
     60 152.389 672 1 0 167.804 -45.45 -175.886 
     60 185.101 671 1 0 167.942 -45.6502 -175.955 
     60 122.682 670 1 0 167.986 -45.8502 -175.946 
     60 59.4857 669 1 0 168.176 -46.05 -175.858 
     60 24.2807 1747 1 1 169.71 -49.5981 -174.85 
     60 80.5481 1748 1 1 169.75 -49.6746 -174.835 
     60 109.762 1749 1 1 169.95 -49.7646 -174.831 
     60 64.4225 652 1 0 171.52 -49.5296 -175.85 
     60 132.217 1774 1 1 174.99 -48.1012 -174.85 
     60 130.971 1769 1 1 174.11 -52.7205 -174.85 
     60 28.0858 780 0 0 139.561 -23.8587 -206.25 
     60 105.377 781 0 0 139.649 -23.85 -206.15 
     60 34.5956 1602 0 1 140.727 -23.7265 -204.85 
     60 84.3347 1603 0 1 140.75 -23.7237 -204.822 
     60 66.9765 1604 0 1 140.95 -23.7028 -204.576 
     60 162.272 768 1 0 161.09 -26.351 -176.25 
     60 42.0971 1709 1 1 162.074 -26.5015 -174.85 
     60 251.038 1710 1 1 162.15 -26.5135 -174.74 
     60 0.497356 1711 1 1 162.35 -26.5418 -174.454 
     60 153.927 774 2 0 179.408 -25.0983 -146.25 
Number of digits in this event: 184
Using G4ParticleGun... 
Particle energy: 8.37038 LIN
Particle: proton
Event: 61
Number of tracker hits in this event: 23
     61 89.4098 1117 9 1 43.5079 -121.972 65.55 
     61 147.768 290 9 0 43.5076 -121.972 64.15 
     61 122.012 1117 8 1 43.5028 -121.949 35.55 
     61 155.304 291 8 0 43.5039 -121.949 34.15 
     61 318.165 1117 7 1 43.5235 -121.932 5.55 
     61 122.097 291 7 0 43.5251 -121.931 4.15 
     61 141.354 1117 6 1 43.5549 -121.91 -24.45 
     61 109.619 291 6 0 43.5557 -121.909 -25.85 
     61 248.696 1117 5 1 43.572 -121.899 -54.45 
     61 158.662 291 5 0 43.5719 -121.898 -55.85 
     61 98.9879 1117 4 1 43.5669 -121.888 -84.45 
     61 113.4 291 4 0 43.5671 -121.888 -85.85 
     61 136.014 1117 3 1 43.574 -121.888 -114.45 
     61 113.911 291 3 0 43.5751 -121.888 -115.85 
     61 109.755 1117 2 1 43.6035 -121.883 -144.45 
     61 228.48 291 2 0 43.6048 -121.883 -145.85 
     61 117.886 1117 1 1 43.6328 -121.879 -174.45 
     61 114.109 291 1 0 43.6342 -121.879 -175.85 
     61 126.437 1118 0 1 43.6627 -121.882 -204.45 
     61 99.5849 291 0 0 43.6629 -121.882 -205.85 
     61 212.213 290 6 0 43.5848 -121.95 -26.046 
     61 67.5135 289 6 0 43.632 -122.15 -26.1737 
     61 44.0172 1116 7 1 43.4497 -121.843 5.49183 
Number of digits in this event: 14
Using G4ParticleGun... 
Particle energy: 7.11005 LIN
Particle: proton
Event: 62
Number of tracker hits in this event: 23
     62 156.838 300 8 1 -120.107 -81.3645 35.55 
     62 125.511 493 8 0 -120.106 -81.3661 34.15 
     62 138.165 300 7 1 -120.097 -81.4009 5.55 
     62 96.1491 493 7 0 -120.096 -81.4021 4.15 
     62 108.423 300 6 1 -120.073 -81.4283 -24.45 
     62 146.626 493 6 0 -120.073 -81.4294 -25.85 
     62 100.354 300 5 1 -120.072 -81.45 -54.45 
     62 129.973 492 5 0 -120.073 -81.4521 -55.85 
     62 127.612 300 4 1 -120.093 -81.495 -84.45 
     62 342.123 492 4 0 -120.095 -81.4973 -85.85 
     62 115.23 300 3 1 -120.138 -81.5419 -114.45 
     62 174.828 492 3 0 -120.141 -81.5439 -115.85 
     62 157.681 299 2 1 -120.191 -81.5861 -144.45 
     62 85.3944 492 2 0 -120.193 -81.5889 -145.85 
     62 106.405 299 1 1 -120.251 -81.6453 -174.45 
     62 125.466 492 1 0 -120.255 -81.6477 -175.85 
     62 152.49 299 0 1 -120.318 -81.6978 -204.45 
     62 133.605 491 0 0 -120.322 -81.7005 -205.85 
     62 142.151 960 3 1 12.1915 -150.957 -114.85 
     62 73.7313 1479 11 0 -130.467 115.95 123.969 
     62 70.9475 252 12 1 -129.584 122.643 155.15 
     62 157.582 253 12 1 -129.55 122.738 155.48 
     62 15.9863 662 8 0 164.276 -47.6102 33.8682 
Number of digits in this event: 18
Using G4ParticleGun... 
Particle energy: 5.96529 LIN
Particle: proton
Event: 63
Number of tracker hits in this event: 24
     63 122.117 701 11 1 -39.6749 -4.35184 125.55 
     63 209.78 878 11 0 -39.6751 -4.35304 124.15 
     63 113.558 701 10 1 -39.6771 -4.37371 95.55 
     63 101.705 878 10 0 -39.676 -4.3734 94.15 
     63 109.057 701 9 1 -39.6579 -4.36759 65.55 
     63 118.264 878 9 0 -39.656 -4.3669 64.15 
     63 168.699 702 8 1 -39.6176 -4.35006 35.55 
     63 98.4615 878 8 0 -39.6172 -4.3494 34.15 
     63 164.034 702 7 1 -39.6082 -4.33536 5.55 
     63 106.963 878 7 0 -39.6076 -4.33333 4.15 
     63 102.746 702 6 1 -39.5918 -4.28876 -24.45 
     63 122.592 878 6 0 -39.591 -4.28561 -25.85 
     63 160.928 702 5 1 -39.578 -4.21823 -54.45 
     63 99.6979 879 5 0 -39.5789 -4.21502 -55.85 
     63 142.5 702 4 1 -39.5971 -4.14834 -84.45 
     63 90.3563 879 4 0 -39.5973 -4.14542 -85.85 
     63 197.066 702 3 1 -39.5987 -4.0849 -114.45 
     63 106.811 879 3 0 -39.598 -4.08148 -115.85 
     63 106.616 702 2 1 -39.5861 -4.01202 -144.45 
     63 111.254 880 2 0 -39.5855 -4.008 -145.85 
     63 102.619 702 1 1 -39.573 -3.92804 -174.45 
     63 198.501 880 1 0 -39.5733 -3.92261 -175.85 
     63 129.806 702 0 1 -39.5767 -3.81262 -204.45 
     63 122.316 881 0 0 -39.5776 -3.80711 -205.85 
Number of digits in this event: 12
Using G4ParticleGun... 
Particle energy: 4.50284 LIN
Particle: proton
Event: 64
Number of tracker hits in this event: 25
     64 169.353 684 11 1 -43.1254 -59.8482 125.55 
     64 114.38 601 11 0 -43.1247 -59.8483 124.15 
     64 142.218 684 10 1 -43.1139 -59.8524 95.55 
     64 92.2278 600 10 0 -43.1133 -59.8524 94.15 
     64 134.639 684 9 1 -43.106 -59.8518 65.55 
     64 338.851 600 9 0 -43.1059 -59.8517 64.15 
     64 141.446 684 8 1 -43.1036 -59.8435 35.55 
     64 105.096 601 8 0 -43.1046 -59.8441 34.15 
     64 331.578 684 7 1 -43.1254 -59.8615 5.55 
     64 112.313 600 7 0 -43.1286 -59.8642 4.15 
     64 111.11 684 6 1 -43.1978 -59.9189 -24.45 
     64 106.118 600 6 0 -43.1985 -59.9206 -25.85 
     64 140.809 684 5 1 -43.2177 -59.9573 -54.45 
     64 91.2555 600 5 0 -43.2196 -59.9579 -55.85 
     64 122.524 683 4 1 -43.252 -59.9717 -84.45 
     64 99.6437 600 4 0 -43.253 -59.9713 -85.85 
     64 110.312 683 3 1 -43.2731 -59.9645 -114.45 
     64 462.058 600 3 0 -43.273 -59.9633 -115.85 
     64 224.255 683 2 1 -43.2684 -59.9432 -144.45 
     64 217.156 600 2 0 -43.2687 -59.9415 -145.85 
     64 146.77 683 1 1 -43.2741 -59.9057 -174.45 
     64 95.5834 600 1 0 -43.2743 -59.9037 -175.85 
     64 123.565 683 0 1 -43.2814 -59.8645 -204.45 
     64 106.783 600 0 0 -43.2832 -59.863 -205.85 
     64 48.8296 599 9 0 -43.403 -60.05 63.8414 
Number of digits in this event: 14
Using G4ParticleGun... 
Particle energy: 9.28059 LIN
Particle: proton
Event: 65
Number of tracker hits in this event: 36
     65 99.0641 474 10 1 -85.1425 32.5651 95.55 
     65 88.9155 1062 10 0 -85.1434 32.5646 94.15 
     65 121.546 474 9 1 -85.1667 32.5563 65.55 
     65 206.257 1062 9 0 -85.1684 32.5559 64.15 
     65 262.851 474 8 1 -85.2035 32.546 35.55 
     65 115.253 1062 8 0 -85.2051 32.5454 34.15 
     65 129.249 474 7 1 -85.2387 32.5343 5.55 
     65 127.244 1062 7 0 -85.24 32.5343 4.15 
     65 109.418 473 6 1 -85.2651 32.5378 -24.45 
     65 294.069 1062 6 0 -85.2658 32.5383 -25.85 
     65 128.985 473 5 1 -85.2803 32.5463 -54.45 
     65 112.196 1062 5 0 -85.2808 32.5459 -55.85 
     65 143.508 473 4 1 -85.2904 32.5369 -84.45 
     65 125.839 1062 4 0 -85.2898 32.5365 -85.85 
     65 153.804 473 3 1 -85.2778 32.5276 -114.45 
     65 163.161 1062 3 0 -85.2785 32.526 -115.85 
     65 135.336 473 2 1 -85.2923 32.4923 -144.45 
     65 106.02 1062 2 0 -85.2937 32.4904 -145.85 
     65 106.534 473 1 1 -85.3237 32.4512 -174.45 
     65 94.9524 1061 1 0 -85.3249 32.4494 -175.85 
     65 155.537 473 0 1 -85.3511 32.413 -204.45 
     65 102.406 1061 0 0 -85.3517 32.4102 -205.85 
     65 102.528 474 0 1 -85.25 32.4283 -204.551 
     65 146.824 1064 0 0 -84.5661 32.8852 -205.85 
     65 6.74427 1065 0 0 -84.3475 33.05 -206.224 
     65 26.881 692 3 0 -179.617 -41.5566 -116.25 
     65 64.2127 691 3 0 -179.626 -41.65 -116.232 
     65 109.638 690 3 0 -179.613 -41.85 -116.224 
     65 101.083 689 3 0 -179.663 -42.05 -116.132 
     65 60.7459 688 3 0 -179.698 -42.25 -116.01 
     65 196.431 1 3 1 -179.947 -41.9901 -114.85 
     65 103.493 0 3 1 -179.95 -41.9898 -114.821 
     65 272.155 1061 6 0 -85.3638 32.45 -26.0323 
     65 67.4665 1063 9 0 -85.2331 32.65 63.8535 
     65 210.523 1200 9 0 -31.6585 60.2077 63.75 
     65 172.638 1201 9 0 -31.5511 60.2501 64.0878 
Number of digits in this event: 19
Using G4ParticleGun... 
Particle energy: 7.04531 LIN
Particle: proton
Event: 66
Number of tracker hits in this event: 22
     66 95.1611 762 9 1 -27.4523 -129.448 65.55 
     66 114.305 253 9 0 -27.4528 -129.448 64.15 
     66 108.433 762 8 1 -27.4573 -129.452 35.55 
     66 119.724 253 8 0 -27.4575 -129.453 34.15 
     66 116.21 762 7 1 -27.4614 -129.468 5.55 
     66 114.184 253 7 0 -27.462 -129.47 4.15 
     66 142.165 762 6 1 -27.4774 -129.492 -24.45 
     66 99.7063 253 6 0 -27.4778 -129.492 -25.85 
     66 132.628 762 5 1 -27.486 -129.504 -54.45 
     66 116.264 253 5 0 -27.4872 -129.505 -55.85 
     66 105.215 762 4 1 -27.5106 -129.524 -84.45 
     66 122.727 253 4 0 -27.5119 -129.526 -85.85 
     66 121.417 762 3 1 -27.5348 -129.559 -114.45 
     66 101.189 252 3 0 -27.5356 -129.56 -115.85 
     66 160.103 762 2 1 -27.5549 -129.575 -144.45 
     66 152.209 252 2 0 -27.5565 -129.575 -145.85 
     66 213.946 762 1 1 -27.5887 -129.573 -174.45 
     66 120.105 252 1 0 -27.5896 -129.574 -175.85 
     66 144.982 762 0 1 -27.6025 -129.589 -204.45 
     66 120.328 252 0 0 -27.6066 -129.589 -205.85 
     66 293.014 763 0 1 -27.4497 -129.544 -204.724 
     66 134.371 763 7 1 -27.45 -129.469 5.48527 
Number of digits in this event: 14
Using G4ParticleGun... 
Particle energy: 1.37691 LIN
Particle: proton
Event: 67
Number of tracker hits in this event: 23
     67 118.944 434 10 1 -93.2207 -34.733 95.55 
     67 113.771 726 10 0 -93.2181 -34.7314 94.15 
     67 151.521 434 9 1 -93.1624 -34.6945 65.55 
     67 97.2441 726 9 0 -93.1597 -34.6917 64.15 
     67 135.963 435 8 1 -93.0925 -34.6317 35.55 
     67 162.752 727 8 0 -93.092 -34.6269 34.15 
     67 117.645 435 7 1 -93.0615 -34.5355 5.55 
     67 110.84 727 7 0 -93.0624 -34.5297 4.15 
     67 203.967 435 6 1 -93.0542 -34.408 -24.45 
     67 128.114 728 6 0 -93.0539 -34.402 -25.85 
     67 112.748 435 5 1 -93.0304 -34.2785 -54.45 
     67 95.4769 728 5 0 -93.0269 -34.2733 -55.85 
     67 145.925 435 4 1 -92.9581 -34.1695 -84.45 
     67 95.4594 729 4 0 -92.9536 -34.1624 -85.85 
     67 128.486 436 3 1 -92.8564 -34.03 -114.45 
     67 107.365 730 3 0 -92.8517 -34.0233 -115.85 
     67 130.187 436 2 1 -92.7555 -33.8699 -144.45 
     67 120.847 730 2 0 -92.7536 -33.8622 -145.85 
     67 104.274 437 1 1 -92.7052 -33.7098 -174.45 
     67 116.718 731 1 0 -92.7031 -33.7043 -175.85 
     67 132.526 437 0 1 -92.6718 -33.6007 -204.45 
     67 119.728 732 0 0 -92.6709 -33.5947 -205.85 
     67 14.0408 827 0 0 -126.597 -14.6364 -206.25 
Number of digits in this event: 12
Using G4ParticleGun... 
Particle energy: 5.04558 LIN
Particle: proton
Event: 68
Number of tracker hits in this event: 27
     68 119.288 740 11 1 -31.8603 -15.0583 125.55 
     68 109.16 824 11 0 -31.86 -15.0582 124.15 
     68 109.731 740 10 1 -31.8631 -15.0598 95.55 
     68 127.652 824 10 0 -31.862 -15.059 94.15 
     68 103.894 741 9 1 -31.838 -15.0457 65.55 
     68 149.198 825 9 0 -31.837 -15.0455 64.15 
     68 232.318 741 8 1 -31.8128 -15.0447 35.55 
     68 215.163 825 8 0 -31.8121 -15.0438 34.15 
     68 91.7517 741 7 1 -31.7995 -15.0303 5.55 
     68 107.515 825 7 0 -31.7987 -15.0291 4.15 
     68 167.69 741 6 1 -31.7833 -15.001 -24.45 
     68 157.232 825 6 0 -31.7821 -15.0015 -25.85 
     68 105.962 741 5 1 -31.7572 -15.0041 -54.45 
     68 105.753 825 5 0 -31.7561 -15.0035 -55.85 
     68 121.951 741 4 1 -31.7327 -14.9881 -84.45 
     68 147.899 825 4 0 -31.7327 -14.9883 -85.85 
     68 145.376 741 3 1 -31.7334 -14.9935 -114.45 
     68 123.203 825 3 0 -31.7323 -14.9942 -115.85 
     68 121.786 741 2 1 -31.7062 -15.0058 -144.45 
     68 116.386 825 2 0 -31.7042 -15.0062 -145.85 
     68 112.864 741 1 1 -31.66 -15.0135 -174.45 
     68 118.815 825 1 0 -31.6572 -15.0126 -175.85 
     68 108.405 742 0 1 -31.6007 -14.9977 -204.45 
     68 123.744 825 0 0 -31.5978 -14.9963 -205.85 
     68 59.483 1056 0 0 -176.385 31.25 -205.869 
     68 309.484 740 6 1 -31.85 -14.9512 -24.4849 
     68 18.4955 739 6 1 -32.0501 -14.9137 -24.7389 
Number of digits in this event: 14
Using G4ParticleGun... 
Particle energy: 1.86374 LIN
Particle: proton
Event: 69
Number of tracker hits in this event: 25
     69 124.306 886 11 1 -2.69043 61.123 125.55 
     69 126.408 1205 11 0 -2.69438 61.1229 124.15 
     69 269.206 886 10 1 -2.77044 61.1135 95.55 
     69 198.569 1205 10 0 -2.77337 61.1136 94.15 
     69 102.853 886 9 1 -2.82917 61.1105 65.55 
     69 317.197 1205 9 0 -2.83371 61.1099 64.15 
     69 116.373 885 8 1 -2.92769 61.1074 35.55 
     69 270.152 1205 8 0 -2.93392 61.108 34.15 
     69 109.906 884 7 1 -3.05971 61.1227 5.55 
     69 123.059 1205 7 0 -3.06729 61.1225 4.15 
     69 173.974 884 6 1 -3.21943 61.1227 -24.45 
     69 100.336 1205 6 0 -3.22549 61.1221 -25.85 
     69 113.221 883 5 1 -3.35381 61.0937 -54.45 
     69 120.225 1205 5 0 -3.36177 61.0962 -55.85 
     69 104.734 882 4 1 -3.52552 61.1729 -84.45 
     69 112.312 1205 4 0 -3.53335 61.1791 -85.85 
     69 160.48 881 3 1 -3.68594 61.3127 -114.45 
     69 99.6307 1206 3 0 -3.696 61.3211 -115.85 
     69 119.346 880 2 1 -3.91101 61.4903 -144.45 
     69 107.206 1207 2 0 -3.92162 61.4979 -145.85 
     69 108.466 879 1 1 -4.14683 61.6591 -174.45 
     69 134.748 1208 1 0 -4.16092 61.6677 -175.85 
     69 137.136 878 0 1 -4.44128 61.838 -204.45 
     69 104.927 1208 0 0 -4.45638 61.847 -205.85 
     69 135.274 882 3 1 -3.65 61.311 -114.587 
Number of digits in this event: 14
Using G4ParticleGun... 
Particle energy: 2.02231 LIN
Particle: proton
Event: 70
Number of tracker hits in this event: 23
     70 112.337 1085 11 1 37.2354 -0.441822 125.55 
     70 119.463 898 11 0 37.2347 -0.441117 124.15 
     70 137.399 1085 10 1 37.2161 -0.424125 95.55 
     70 99.1354 898 10 0 37.212 -0.422456 94.15 
     70 149.831 1085 9 1 37.1368 -0.384939 65.55 
     70 209.66 898 9 0 37.1336 -0.380129 64.15 
     70 140.835 1085 8 1 37.074 -0.275445 35.55 
     70 115.277 898 8 0 37.0732 -0.270533 34.15 
     70 110.629 1085 7 1 37.0645 -0.167291 5.55 
     70 177.507 899 7 0 37.0653 -0.162629 4.15 
     70 106.011 1085 6 1 37.085 -0.0639761 -24.45 
     70 146.358 899 6 0 37.0843 -0.0625279 -25.85 
     70 164.952 1084 3 1 37.0215 0.0997045 -114.45 
     70 169.845 900 3 0 37.0219 0.102663 -115.85 
     70 101.688 1084 2 1 37.0387 0.163642 -144.45 
     70 117.27 900 2 0 37.0375 0.172621 -145.85 
     70 125.37 1084 1 1 37.0428 0.362762 -174.45 
     70 107.744 901 1 0 37.0428 0.372379 -175.85 
     70 206.824 1084 0 1 37.0401 0.556005 -204.45 
     70 147.236 902 0 0 37.0398 0.565434 -205.85 
     70 44.9164 1045 2 0 79.0216 29.1691 -146.25 
     70 19.2288 1046 2 0 78.9925 29.2503 -145.872 
     70 352.623 1281 2 1 76.3109 34.4242 -144.85 
Number of digits in this event: 14
Using G4ParticleGun... 
Particle energy: 6.94789 LIN
Particle: proton
Event: 71
Number of tracker hits in this event: 155
     71 106.007 431 8 1 -93.861 99.4425 35.55 
     71 160.748 1396 8 0 -93.8606 99.443 34.15 
     71 95.0207 431 7 1 -93.8509 99.4526 5.55 
     71 111.388 1396 7 0 -93.8502 99.4531 4.15 
     71 191.343 431 6 1 -93.8427 99.4714 -24.45 
     71 163.109 1396 6 0 -93.842 99.4721 -25.85 
     71 101.277 431 5 1 -93.8262 99.4868 -54.45 
     71 101.216 1396 5 0 -93.8265 99.4876 -55.85 
     71 94.1156 431 4 1 -93.8287 99.5052 -84.45 
     71 119.271 1396 4 0 -93.8282 99.5058 -85.85 
     71 158.389 431 3 1 -93.8197 99.5157 -114.45 
     71 113.741 1396 3 0 -93.8192 99.5177 -115.85 
     71 138.471 431 2 1 -93.8094 99.5613 -144.45 
     71 104.135 1397 2 0 -93.8068 99.5648 -145.85 
     71 207.111 1283 2 0 125.314 76.85 -146.108 
     71 90.4883 287 4 1 -122.55 65.2286 -84.6796 
     71 2194.82 1592 2 0 -5.69702 138.637 -146.25 
     71 5115.59 1593 2 0 -5.41659 138.75 -146.155 
     71 6750.15 1594 2 0 -4.87465 138.95 -145.981 
     71 146.161 1239 0 0 -54.3868 67.9748 -206.25 
     71 161.9 1238 0 0 -54.0747 67.85 -206.022 
     71 265.419 642 0 1 -51.6294 67.9293 -204.85 
     71 21.2653 643 0 1 -51.45 67.729 -204.578 
     71 1991.91 431 1 1 -93.7548 99.8318 -174.45 
     71 512.749 1406 1 0 -93.7479 101.422 -175.85 
     71 1010.27 1407 1 0 -93.7475 101.55 -175.963 
     71 548.176 1408 1 0 -93.7447 101.75 -176.139 
     71 2935.78 434 0 1 -93.2171 133.177 -204.45 
     71 397.411 1572 0 0 -93.6167 134.695 -205.85 
     71 1428.13 1573 0 0 -93.6312 134.75 -205.901 
     71 1501.04 1574 0 0 -93.6838 134.95 -206.086 
     71 56.7569 1564 2 1 133.1 42.0896 -144.45 
     71 69.7712 1563 2 1 132.95 42.0784 -144.58 
     71 85.0118 1562 2 1 132.75 42.0289 -144.665 
     71 24.7621 1561 2 1 132.549 42.1668 -144.806 
     71 68.5043 1114 2 0 129.822 42.9289 -145.85 
     71 380.538 1539 2 1 128.097 41.8217 -144.85 
     71 281.746 432 1 1 -93.7102 99.6534 -174.45 
     71 134.288 1398 1 0 -93.3843 99.7606 -175.85 
     71 121.008 466 0 1 -86.7386 101.951 -204.45 
     71 2.88402 467 0 1 -86.65 101.978 -204.832 
     71 89.4666 1409 0 0 -86.4143 102.05 -205.85 
     71 38.5555 644 0 1 -51.1064 89.6086 -204.613 
     71 76.6589 1423 14 0 -133.523 104.756 214.043 
     71 20.2442 493 4 1 -81.379 143.8 -84.5066 
     71 41.0373 542 0 0 -95.1305 -71.5972 -206.25 
     71 205.045 541 0 0 -95.1149 -71.65 -206.209 
     71 242.944 540 0 0 -95.057 -71.85 -206.052 
     71 83.3163 539 0 0 -94.999 -72.05 -205.894 
     71 462.924 427 0 1 -94.6424 -73.3694 -204.85 
     71 222.12 428 0 1 -94.55 -73.7454 -204.556 
     71 11.7624 337 1 0 -85.5317 -112.727 -176.25 
     71 352.282 336 1 0 -85.5264 -112.75 -176.233 
     71 128.088 335 1 0 -85.4785 -112.95 -176.089 
     71 118.211 334 1 0 -85.4299 -113.15 -175.946 
     71 156.258 474 1 1 -85.0833 -114.687 -174.85 
     71 310.295 475 1 1 -85.05 -114.835 -174.745 
     71 83.6888 90 2 0 -69.4108 -162.062 -146.25 
     71 167.511 89 2 0 -69.3816 -162.15 -146.197 
     71 260.712 88 2 0 -69.3165 -162.35 -146.08 
     71 112.442 87 2 0 -69.2514 -162.55 -145.942 
     71 354.876 556 2 1 -68.7602 -164.101 -144.85 
     71 386.923 557 2 1 -68.65 -164.448 -144.605 
     71 52.5611 1037 0 0 -134.616 27.6345 -206.25 
     71 320.922 1071 2 0 -10.9653 34.3752 -146.25 
     71 408.375 1070 2 0 -10.8064 34.25 -146.196 
     71 482.98 1069 2 0 -10.552 34.05 -146.111 
     71 638.812 1068 2 0 -10.2966 33.85 -146.029 
     71 400.859 1067 2 0 -10.0426 33.65 -145.946 
     71 71.1081 1066 2 0 -9.78909 33.45 -145.864 
     71 62.3865 866 2 1 -6.69105 31.0384 -144.85 
     71 336.216 867 2 1 -6.65 31.0064 -144.837 
     71 585.79 868 2 1 -6.45 30.8502 -144.77 
     71 363.802 869 2 1 -6.25 30.6932 -144.704 
     71 337.914 870 2 1 -6.05 30.5366 -144.638 
     71 469.031 871 2 1 -5.85 30.3793 -144.571 
     71 467.599 872 2 1 -5.65 30.2206 -144.503 
     71 134.285 620 3 0 86.888 -55.977 -116.25 
     71 496.74 619 3 0 86.9662 -56.05 -116.226 
     71 550.878 618 3 0 87.1802 -56.25 -116.161 
     71 440.2 617 3 0 87.3921 -56.45 -116.097 
     71 517.699 616 3 0 87.6049 -56.65 -116.031 
     71 387.159 615 3 0 87.8184 -56.85 -115.964 
     71 319.692 614 3 0 88.0292 -57.05 -115.897 
     71 44.179 1355 3 1 91.3365 -60.1876 -114.85 
     71 451.232 1356 3 1 91.35 -60.2004 -114.846 
     71 410.84 1357 3 1 91.55 -60.3902 -114.783 
     71 420.281 1358 3 1 91.75 -60.5784 -114.721 
     71 473.908 1359 3 1 91.95 -60.7667 -114.657 
     71 442.15 1360 3 1 92.15 -60.9563 -114.594 
     71 525.588 1361 3 1 92.35 -61.1443 -114.53 
     71 97.4733 1362 3 1 92.55 -61.3331 -114.465 
     71 149.399 1399 1 0 -93.5441 100.047 -175.85 
     71 0.249284 1400 1 0 -93.4914 100.15 -176.249 
     71 147.131 451 0 1 -89.7417 107.436 -204.45 
     71 161.932 1438 0 0 -89.5527 107.798 -205.85 
     71 435.457 434 1 1 -93.3465 100.345 -174.45 
     71 413.877 435 1 1 -93.15 100.682 -174.516 
     71 560.824 436 1 1 -92.95 101.027 -174.582 
     71 503.351 437 1 1 -92.75 101.37 -174.651 
     71 484.009 438 1 1 -92.55 101.716 -174.718 
     71 704.005 439 1 1 -92.35 102.062 -174.783 
     71 96.5488 1434 1 0 -89.5308 107.065 -175.85 
     71 318.585 1435 1 0 -89.4831 107.15 -175.868 
     71 277.502 1436 1 0 -89.3712 107.35 -175.91 
     71 225.6 1437 1 0 -89.2587 107.55 -175.951 
     71 226.957 1438 1 0 -89.1464 107.75 -175.992 
     71 254.001 1439 1 0 -89.0347 107.95 -176.033 
     71 238.173 1440 1 0 -88.9225 108.15 -176.076 
     71 294.049 1441 1 0 -88.8108 108.35 -176.118 
     71 409.645 1442 1 0 -88.6986 108.55 -176.161 
     71 356.473 1443 1 0 -88.5869 108.75 -176.203 
     71 32.385 1444 1 0 -88.4754 108.95 -176.244 
     71 45.603 998 2 0 -129.486 19.7196 -146.25 
     71 132.841 997 2 0 -129.517 19.65 -146.226 
     71 119.811 996 2 0 -129.607 19.45 -146.156 
     71 147.127 995 2 0 -129.696 19.25 -146.088 
     71 146.254 994 2 0 -129.785 19.05 -146.021 
     71 176.789 993 2 0 -129.876 18.85 -145.954 
     71 96.0294 992 2 0 -129.963 18.65 -145.888 
     71 8.10125 244 2 1 -131.342 15.4431 -144.85 
     71 344.422 243 2 1 -131.35 15.4256 -144.844 
     71 317.8 242 2 1 -131.55 14.9568 -144.695 
     71 189.57 241 2 1 -131.75 14.4974 -144.55 
     71 97.395 473 3 0 -178.404 -85.2998 -116.25 
     71 115.433 472 3 0 -178.475 -85.45 -116.207 
     71 152.952 471 3 0 -178.568 -85.65 -116.149 
     71 134.871 470 3 0 -178.661 -85.85 -116.094 
     71 123.689 469 3 0 -178.753 -86.05 -116.042 
     71 131.134 468 3 0 -178.845 -86.25 -115.987 
     71 95.7481 467 3 0 -178.935 -86.45 -115.933 
     71 78.0843 466 3 0 -179.025 -86.65 -115.881 
     71 218.842 1396 1 0 -93.82 99.5245 -175.85 
     71 138.259 425 0 1 -94.9956 97.4609 -204.45 
     71 31.9666 1386 0 0 -95.0505 97.3577 -205.85 
     71 124.999 1385 0 0 -95.0546 97.35 -205.955 
     71 8.19427 1645 3 0 -121.735 149.331 -116.25 
     71 129.779 1646 3 0 -121.741 149.35 -116.219 
     71 15.7595 1647 3 0 -121.829 149.55 -115.896 
     71 145.249 289 3 1 -122.299 150.183 -114.85 
     71 347.997 288 3 1 -122.405 150.452 -114.45 
     71 80.5307 287 3 1 -122.55 150.825 -114.771 
     71 21.1755 1670 3 0 -121.666 154.265 -115.85 
     71 171.917 1671 3 0 -121.644 154.35 -115.875 
     71 149.768 1489 3 0 -35.9552 118.034 -116.25 
     71 103.105 723 3 1 -35.4128 117.076 -114.85 
     71 119.317 724 3 1 -35.25 117.047 -114.668 
     71 24.7421 1492 3 0 -35.4467 118.734 -115.85 
     71 223.269 1493 3 0 -35.4501 118.75 -115.871 
     71 76.3177 1187 3 0 -73.8202 57.5261 -116.25 
     71 53.903 1186 3 0 -73.808 57.4498 -116.218 
     71 8.08447 1089 3 0 -83.5752 37.8551 -116.25 
     71 84.6424 1088 3 0 -83.5783 37.85 -116.242 
     71 114.453 1397 1 0 -93.7955 99.55 -175.875 
     71 239.832 432 3 1 -93.75 99.5027 -114.672 
Number of digits in this event: 103
Using G4ParticleGun... 
Particle energy: 5.26243 LIN
Particle: proton
Event: 72
Number of tracker hits in this event: 26
     72 81.1083 1107 11 1 41.582 -54.8265 125.55 
     72 121.043 626 11 0 41.5813 -54.8272 124.15 
     72 146.428 1107 10 1 41.5629 -54.8431 95.55 
     72 126.727 626 10 0 41.5615 -54.8434 94.15 
     72 132.357 1107 9 1 41.5355 -54.854 65.55 
     72 120.669 625 9 0 41.5351 -54.8549 64.15 
     72 125.768 1107 8 1 41.5212 -54.8683 35.55 
     72 138.358 625 8 0 41.5201 -54.8696 34.15 
     72 98.8731 1107 7 1 41.4989 -54.8988 5.55 
     72 130.697 625 7 0 41.4978 -54.8997 4.15 
     72 108.083 1107 6 1 41.4762 -54.92 -24.45 
     72 163.626 625 6 0 41.4768 -54.9225 -25.85 
     72 93.3097 1107 5 1 41.4897 -54.979 -54.45 
     72 132.757 625 5 0 41.4915 -54.982 -55.85 
     72 133.184 1107 4 1 41.5237 -55.0378 -84.45 
     72 149.595 625 4 0 41.5248 -55.0417 -85.85 
     72 99.5473 1107 3 1 41.5491 -55.1193 -114.45 
     72 148.474 624 3 0 41.5517 -55.1228 -115.85 
     72 304.53 1107 2 1 41.6068 -55.1951 -144.45 
     72 223.412 624 2 0 41.6089 -55.1977 -145.85 
     72 46.3696 1107 1 1 41.6498 -55.2517 -174.45 
     72 74.3057 1108 1 1 41.65 -55.2521 -174.625 
     72 123.219 623 1 0 41.6513 -55.255 -175.85 
     72 106.143 1108 0 1 41.6827 -55.3252 -204.45 
     72 132.328 623 0 0 41.6854 -55.3282 -205.85 
     72 150.307 624 4 0 41.5147 -55.05 -85.9365 
Number of digits in this event: 19
Using G4ParticleGun... 
Particle energy: 1.58837 LIN
Particle: proton
Event: 73
Number of tracker hits in this event: 44
     73 108.472 1257 11 1 71.5112 -25.9808 125.55 
     73 105.764 770 11 0 71.5105 -25.9767 124.15 
     73 118.117 1257 10 1 71.4844 -25.8936 95.55 
     73 171.752 770 10 0 71.4827 -25.8919 94.15 
     73 104.394 1257 9 1 71.4544 -25.8649 65.55 
     73 99.7113 770 9 0 71.4553 -25.8603 64.15 
     73 155.844 1257 8 1 71.4718 -25.7632 35.55 
     73 111.132 771 8 0 71.4767 -25.7581 34.15 
     73 108.654 1257 7 1 71.6025 -25.6853 5.55 
     73 106.18 771 7 0 71.6144 -25.6843 4.15 
     73 124.631 1259 6 1 71.8671 -25.6665 -24.45 
     73 110.832 771 6 0 71.8756 -25.6629 -25.85 
     73 146.607 1259 5 1 72.0405 -25.5938 -54.45 
     73 124.693 772 5 0 72.0485 -25.5914 -55.85 
     73 273.946 1260 4 1 72.2116 -25.5421 -84.45 
     73 218.241 772 4 0 72.2211 -25.5399 -85.85 
     73 252.209 1261 3 1 72.4178 -25.486 -114.45 
     73 213.361 772 3 0 72.4297 -25.483 -115.85 
     73 121.199 1263 2 1 72.6667 -25.4189 -144.45 
     73 227.352 773 2 0 72.676 -25.4186 -145.85 
     73 113.946 1264 1 1 72.8645 -25.4339 -174.45 
     73 101.068 773 1 0 72.8676 -25.4369 -175.85 
     73 116.983 1264 0 1 72.9374 -25.4787 -204.45 
     73 197.311 772 0 0 72.9374 -25.4816 -205.85 
     73 244.809 775 3 0 72.2685 -25.0321 -115.852 
     73 5.64951 776 3 0 72.1976 -24.85 -116.226 
     73 64.1469 730 3 0 56.814 -33.8774 -116.25 
     73 69.6241 729 3 0 56.7799 -34.05 -116.111 
     73 147.583 728 3 0 56.621 -34.25 -115.993 
     73 79.5683 727 3 0 56.3716 -34.45 -115.895 
     73 72.0141 726 3 0 56.1713 -34.65 -115.952 
     73 125.913 725 3 0 56.0669 -34.85 -115.995 
     73 79.5099 724 3 0 56.0053 -35.05 -115.982 
     73 85.9924 723 3 0 55.9143 -35.2501 -115.992 
     73 66.8157 722 3 0 55.8177 -35.45 -115.914 
     73 91.292 721 3 0 55.7357 -35.65 -115.89 
     73 17.7974 720 3 0 55.5713 -35.8503 -115.873 
     73 22.8759 1170 3 1 54.1257 -37.6498 -114.85 
     73 113.467 708 3 0 54.1884 -38.2809 -115.85 
     73 394.354 707 3 0 54.1607 -38.45 -116.108 
     73 72.1669 1165 3 1 53.19 -38.6357 -114.85 
     73 139.069 1164 3 1 53.0499 -38.6303 -114.762 
     73 134.399 699 3 0 53.5516 -40.168 -115.85 
     73 462.604 773 4 0 71.5802 -25.4499 -85.9634 
Number of digits in this event: 20
Using G4ParticleGun... 
Particle energy: 4.82224 LIN
Particle: proton
Event: 74
Number of tracker hits in this event: 24
     74 122.367 1199 11 1 59.9956 -44.4506 125.55 
     74 108.227 677 11 0 59.9957 -44.4511 124.15 
     74 128.889 1199 10 1 59.9992 -44.4589 95.55 
     74 104.346 677 10 0 59.9981 -44.4581 94.15 
     74 120.87 1199 9 1 59.9729 -44.4426 65.55 
     74 122.781 678 9 0 59.9711 -44.4412 64.15 
     74 102.316 1199 8 1 59.9323 -44.4097 35.55 
     74 109.25 678 8 0 59.9297 -44.4091 34.15 
     74 219.605 1199 7 1 59.8809 -44.4031 5.55 
     74 120.818 678 7 0 59.8784 -44.4022 4.15 
     74 116.675 1198 6 1 59.8301 -44.3837 -24.45 
     74 106.281 678 6 0 59.8281 -44.3827 -25.85 
     74 151.972 1198 5 1 59.7908 -44.3586 -54.45 
     74 147.918 678 5 0 59.7868 -44.3573 -55.85 
     74 174.447 1198 4 1 59.7018 -44.3318 -84.45 
     74 106.673 678 4 0 59.6973 -44.3309 -85.85 
     74 106.66 1197 3 1 59.6068 -44.3087 -114.45 
     74 115.013 678 3 0 59.6025 -44.3077 -115.85 
     74 91.2083 1197 2 1 59.5168 -44.2846 -144.45 
     74 95.2332 678 2 0 59.5131 -44.283 -145.85 
     74 102.63 1196 1 1 59.4399 -44.2497 -174.45 
     74 122.046 679 1 0 59.4347 -44.2473 -175.85 
     74 111.651 1196 0 1 59.3292 -44.1974 -204.45 
     74 100.252 679 0 0 59.3239 -44.1942 -205.85 
Number of digits in this event: 11
Using G4ParticleGun... 
Particle energy: 8.00647 LIN
Particle: proton
Event: 75
Number of tracker hits in this event: 23
     75 188.798 609 8 1 -58.2439 123.848 35.55 
     75 125.207 1518 8 0 -58.244 123.848 34.15 
     75 170.682 609 7 1 -58.246 123.863 5.55 
     75 120.102 1518 7 0 -58.2453 123.863 4.15 
     75 108.975 609 6 1 -58.2351 123.871 -24.45 
     75 148.46 1518 6 0 -58.2353 123.872 -25.85 
     75 122.268 609 5 1 -58.2413 123.883 -54.45 
     75 183.319 1518 5 0 -58.2422 123.883 -55.85 
     75 170.572 608 4 1 -58.2589 123.897 -84.45 
     75 119.478 1518 4 0 -58.2599 123.898 -85.85 
     75 153.447 608 3 1 -58.2774 123.914 -114.45 
     75 115.458 1518 3 0 -58.2788 123.914 -115.85 
     75 107.776 608 2 1 -58.3025 123.926 -144.45 
     75 107.084 1518 2 0 -58.3046 123.926 -145.85 
     75 96.0808 608 1 1 -58.3452 123.936 -174.45 
     75 102.441 1518 1 0 -58.3475 123.937 -175.85 
     75 176.989 608 0 1 -58.3934 123.939 -204.45 
     75 118.486 1518 0 0 -58.3961 123.939 -205.85 
     75 166.128 1523 3 0 -60.5692 124.905 -115.85 
     75 93.8771 1524 3 0 -60.6753 124.95 -115.927 
     75 19.9137 1466 3 0 -11.1807 113.456 -116.25 
     75 62.0506 1184 3 0 -1.28293 56.9565 -116.25 
     75 6.52886 568 5 0 124.37 -66.3561 -56.25 
Number of digits in this event: 15
Using G4ParticleGun... 
Particle energy: 3.78814 LIN
Particle: proton
Event: 76
Number of tracker hits in this event: 19
     76 107.719 766 8 1 -26.6561 135.885 35.55 
     76 133.734 1578 8 0 -26.6558 135.886 34.15 
     76 110.929 766 7 1 -26.6511 135.902 5.55 
     76 99.8757 1578 7 0 -26.6508 135.902 4.15 
     76 108.848 767 6 1 -26.6433 135.913 -24.45 
     76 137.561 1578 6 0 -26.6447 135.912 -25.85 
     76 95.9745 766 5 1 -26.6797 135.888 -54.45 
     76 129.023 1578 5 0 -26.6806 135.888 -55.85 
     76 123.338 766 4 1 -26.7034 135.89 -84.45 
     76 122.452 1578 4 0 -26.7032 135.891 -85.85 
     76 143.438 766 3 1 -26.6967 135.898 -114.45 
     76 111.645 1578 3 0 -26.6972 135.901 -115.85 
     76 93.3942 766 2 1 -26.7096 135.949 -144.45 
     76 82.9788 1579 2 0 -26.7079 135.952 -145.85 
     76 112.315 766 1 1 -26.6696 136.014 -174.45 
     76 211.503 1579 1 0 -26.6687 136.016 -175.85 
     76 99.3861 767 0 1 -26.6475 136.069 -204.45 
     76 108.379 1579 0 0 -26.6457 136.072 -205.85 
     76 182.839 1578 2 0 -26.7106 135.95 -146.085 
Number of digits in this event: 9
Using G4ParticleGun... 
Particle energy: 4.78384 LIN
Particle: proton
Event: 77
Number of tracker hits in this event: 34
     77 84.8174 1322 10 1 84.5029 -17.614 95.55 
     77 100.619 812 10 0 84.5024 -17.6152 94.15 
     77 92.5041 1322 9 1 84.4863 -17.6462 65.55 
     77 122.026 812 9 0 84.4851 -17.6463 64.15 
     77 98.8758 1322 8 1 84.4654 -17.6499 35.55 
     77 103.223 812 8 0 84.4643 -17.6494 34.15 
     77 217.492 1321 7 1 84.4464 -17.6369 5.55 
     77 101.731 812 7 0 84.4455 -17.6371 4.15 
     77 142.226 1321 6 1 84.4286 -17.64 -24.45 
     77 109.787 812 6 0 84.4282 -17.6402 -25.85 
     77 165.614 1321 5 1 84.4217 -17.6473 -54.45 
     77 125.256 812 5 0 84.4215 -17.6477 -55.85 
     77 129.851 1321 4 1 84.4157 -17.6526 -84.45 
     77 107.315 811 4 0 84.4168 -17.6531 -85.85 
     77 82.6249 1321 3 1 84.4384 -17.6687 -114.45 
     77 108.48 811 3 0 84.4403 -17.6692 -115.85 
     77 150.576 1322 2 1 84.4814 -17.6778 -144.45 
     77 117.937 811 2 0 84.4841 -17.6803 -145.85 
     77 115.369 1322 1 1 84.5365 -17.7322 -174.45 
     77 165.338 811 1 0 84.5389 -17.7359 -175.85 
     77 178.777 1322 0 1 84.585 -17.8111 -204.45 
     77 116.472 811 0 0 84.5882 -17.8152 -205.85 
     77 37.8864 1664 7 1 153.093 -154.736 5.23945 
     77 30.7553 1557 0 1 131.701 86.5187 -204.85 
     77 344.641 1556 0 1 131.55 86.5163 -204.57 
     77 7.90516 241 1 0 -141.177 -131.864 -176.25 
     77 161.607 240 1 0 -141.276 -131.95 -176.014 
     77 1063.81 1595 1 1 139.184 -68.3322 -174.774 
     77 79.7746 1322 7 1 84.45 -17.6377 5.34313 
     77 4.04875 1323 7 1 84.65 -17.6183 5.1597 
     77 128.37 814 7 0 86.031 -17.1576 4.15 
     77 129.069 815 7 0 86.2804 -17.05 3.99293 
     77 321.97 816 7 0 86.3936 -16.85 3.92314 
     77 78.0729 852 7 0 21.1601 -9.51067 3.75 
Number of digits in this event: 18
Using G4ParticleGun... 
Particle energy: 6.47333 LIN
Particle: proton
Event: 78
Number of tracker hits in this event: 18
     78 119.86 1322 8 1 84.4662 110.236 35.55 
     78 127.161 1450 8 0 84.4661 110.237 34.15 
     78 134.371 1322 7 1 84.4649 110.242 5.55 
     78 113.17 1450 7 0 84.4657 110.242 4.15 
     78 152.119 1322 6 1 84.4823 110.254 -24.45 
     78 115.738 1450 6 0 84.4828 110.255 -25.85 
     78 148.881 1322 5 1 84.4986 110.273 -54.45 
     78 212.786 1450 5 0 84.4984 110.272 -55.85 
     78 152.085 1322 4 1 84.4938 110.251 -84.45 
     78 113.519 1450 4 0 84.4938 110.249 -85.85 
     78 91.3288 1322 3 1 84.4925 110.207 -114.45 
     78 199.991 1450 3 0 84.4919 110.205 -115.85 
     78 107.926 1322 2 1 84.4753 110.158 -144.45 
     78 147.092 1450 2 0 84.4747 110.155 -145.85 
     78 102.159 1322 1 1 84.4595 110.108 -174.45 
     78 98.7653 1449 1 0 84.4592 110.106 -175.85 
     78 420.794 1322 0 1 84.4591 110.057 -204.45 
     78 127.385 1449 0 0 84.4415 110.066 -205.85 
Number of digits in this event: 11
Using G4ParticleGun... 
Particle energy: 9.27368 LIN
Particle: proton
Event: 79
Number of tracker hits in this event: 24
     79 148.098 715 11 1 -37.0414 -39.2004 125.55 
     79 128.868 704 11 0 -37.0416 -39.2013 124.15 
     79 110.305 715 10 1 -37.0491 -39.2188 95.55 
     79 126.897 704 10 0 -37.0491 -39.2197 94.15 
     79 127.346 714 9 1 -37.0522 -39.2382 65.55 
     79 101.027 704 9 0 -37.0524 -39.2388 64.15 
     79 111.815 714 8 1 -37.062 -39.2484 35.55 
     79 153.482 704 8 0 -37.0632 -39.2491 34.15 
     79 102.452 714 7 1 -37.0901 -39.2629 5.55 
     79 111.907 703 7 0 -37.0902 -39.264 4.15 
     79 128.627 714 6 1 -37.0938 -39.2851 -24.45 
     79 134.908 703 6 0 -37.0943 -39.285 -25.85 
     79 107.819 714 5 1 -37.1063 -39.2848 -54.45 
     79 151.115 703 5 0 -37.1067 -39.2849 -55.85 
     79 87.9837 714 4 1 -37.1165 -39.2874 -84.45 
     79 182.831 703 4 0 -37.1159 -39.2872 -85.85 
     79 130.231 714 3 1 -37.1045 -39.2815 -114.45 
     79 121.003 703 3 0 -37.1038 -39.281 -115.85 
     79 82.3338 714 2 1 -37.0869 -39.2694 -144.45 
     79 114.202 703 2 0 -37.0873 -39.2687 -145.85 
     79 100.475 714 1 1 -37.0989 -39.2527 -174.45 
     79 102.857 703 1 0 -37.0987 -39.2518 -175.85 
     79 125.961 714 0 1 -37.0978 -39.2378 -204.45 
     79 132.648 704 0 0 -37.0985 -39.2372 -205.85 
Number of digits in this event: 14
Using G4ParticleGun... 
Particle energy: 5.43712 LIN
Particle: proton
Event: 80
Number of tracker hits in this event: 24
     80 125.907 1630 7 1 146.185 -6.69787 5.55 
     80 129.335 866 7 0 146.185 -6.69815 4.15 
     80 140.488 1630 6 1 146.18 -6.70554 -24.45 
     80 114.845 866 6 0 146.18 -6.70499 -25.85 
     80 103.014 1630 5 1 146.173 -6.69473 -54.45 
     80 114.708 866 5 0 146.173 -6.69385 -55.85 
     80 100.62 1630 4 1 146.177 -6.67966 -84.45 
     80 92.8879 866 4 0 146.177 -6.6792 -85.85 
     80 136.885 1630 3 1 146.18 -6.66767 -114.45 
     80 122.732 866 3 0 146.18 -6.66652 -115.85 
     80 136.421 1630 2 1 146.182 -6.64421 -144.45 
     80 112.147 867 2 0 146.181 -6.64333 -145.85 
     80 144.948 1630 1 1 146.159 -6.61844 -174.45 
     80 113.198 867 1 0 146.159 -6.61693 -175.85 
     80 196.385 1630 0 1 146.156 -6.58303 -204.45 
     80 92.6027 867 0 0 146.156 -6.58367 -205.85 
     80 79.3406 1385 2 0 153.968 97.2229 -146.16 
     80 21.9487 1357 0 0 179.655 91.7144 -206.25 
     80 73.0572 1358 0 0 179.686 91.75 -206.216 
     80 259.465 1359 0 0 179.911 91.95 -206.14 
     80 366.801 1217 7 0 178.205 63.5473 3.75 
     80 3.62965 1218 7 0 178.324 63.65 3.97586 
     80 59.0224 1216 7 0 178.317 63.45 3.93617 
     80 193.273 866 2 0 146.184 -6.65 -145.883 
Number of digits in this event: 15
Using G4ParticleGun... 
Particle energy: 4.6802 LIN
Particle: proton
Event: 81
Number of tracker hits in this event: 24
     81 128.291 842 11 1 -11.465 -13.1406 125.55 
     81 109.907 834 11 0 -11.465 -13.1397 124.15 
     81 175.401 842 10 1 -11.4619 -13.126 95.55 
     81 109.086 834 10 0 -11.4617 -13.1264 94.15 
     81 101.239 842 9 1 -11.4513 -13.1294 65.55 
     81 126.55 834 9 0 -11.4524 -13.1305 64.15 
     81 91.7875 842 8 1 -11.4774 -13.1489 35.55 
     81 173.794 834 8 0 -11.4789 -13.1499 34.15 
     81 99.8547 842 7 1 -11.512 -13.179 5.55 
     81 94.8153 834 7 0 -11.514 -13.1799 4.15 
     81 124.209 842 6 1 -11.5516 -13.1923 -24.45 
     81 179.869 834 6 0 -11.5539 -13.1933 -25.85 
     81 123.79 842 5 1 -11.6079 -13.2095 -54.45 
     81 114.616 834 5 0 -11.6105 -13.2099 -55.85 
     81 98.4596 841 4 1 -11.669 -13.2193 -84.45 
     81 91.92 834 4 0 -11.6685 -13.2187 -85.85 
     81 115.084 841 3 1 -11.6593 -13.2063 -114.45 
     81 97.0325 834 3 0 -11.6593 -13.2066 -115.85 
     81 130.578 841 2 1 -11.6636 -13.2133 -144.45 
     81 104.187 834 2 0 -11.6638 -13.2144 -145.85 
     81 125.888 841 1 1 -11.6695 -13.239 -174.45 
     81 137.42 834 1 0 -11.6714 -13.2391 -175.85 
     81 109.203 841 0 1 -11.718 -13.2456 -204.45 
     81 93.4275 834 0 0 -11.7192 -13.2456 -205.85 
Number of digits in this event: 11
Using G4ParticleGun... 
Particle energy: 5.16396 LIN
Particle: proton
Event: 82
Number of tracker hits in this event: 23
     82 93.8564 570 10 1 -65.9327 66.059 95.55 
     82 116.809 1230 10 0 -65.9343 66.0577 94.15 
     82 106.891 570 9 1 -65.9686 66.0302 65.55 
     82 145.087 1229 9 0 -65.9708 66.0284 64.15 
     82 146.208 570 8 1 -66.0224 65.9848 35.55 
     82 100.606 1229 8 0 -66.0252 65.9832 34.15 
     82 143.485 569 7 1 -66.0808 65.948 5.55 
     82 225.537 1229 7 0 -66.0825 65.9475 4.15 
     82 95.3157 569 6 1 -66.1165 65.9369 -24.45 
     82 123.417 1229 6 0 -66.1183 65.9367 -25.85 
     82 126.259 569 5 1 -66.1521 65.9343 -54.45 
     82 125.703 1229 5 0 -66.1547 65.9337 -55.85 
     82 110.65 569 4 1 -66.2081 65.9214 -84.45 
     82 108.199 1229 4 0 -66.2087 65.9205 -85.85 
     82 109.467 569 3 1 -66.2198 65.8998 -114.45 
     82 210.006 1229 3 0 -66.2214 65.899 -115.85 
     82 210.835 568 2 1 -66.2593 65.8792 -144.45 
     82 111.402 1229 2 0 -66.2613 65.8768 -145.85 
     82 123.172 568 1 1 -66.3034 65.8243 -174.45 
     82 105.149 1228 1 0 -66.3055 65.8235 -175.85 
     82 108.153 568 0 1 -66.3451 65.8039 -204.45 
     82 104.834 1228 0 0 -66.3472 65.8019 -205.85 
     82 25.7418 1230 3 0 -66.0557 66.05 -116.211 
Number of digits in this event: 12
Using G4ParticleGun... 
Particle energy: 7.79759 LIN
Particle: proton
Event: 83
Number of tracker hits in this event: 21
     83 164.161 1359 10 0 70.8303 92.0129 94.15 
     83 112.259 1253 9 1 70.8346 92.0101 65.55 
     83 114.281 1359 9 0 70.8353 92.0099 64.15 
     83 125.01 1253 8 1 70.849 92.0027 35.55 
     83 118.034 1359 8 0 70.85 92.0029 34.15 
     83 98.4077 1254 7 1 70.866 92.0073 5.55 
     83 112.083 1359 7 0 70.8662 92.0079 4.15 
     83 115.027 1254 6 1 70.8704 92.0215 -24.45 
     83 98.798 1359 6 0 70.8697 92.0217 -25.85 
     83 100.62 1254 5 1 70.8562 92.0242 -54.45 
     83 102.543 1359 5 0 70.8552 92.0247 -55.85 
     83 228.188 1253 4 1 70.8346 92.0312 -84.45 
     83 122.177 1359 4 0 70.8329 92.0314 -85.85 
     83 101.035 1253 3 1 70.7961 92.0314 -114.45 
     83 124.221 1359 3 0 70.7948 92.0315 -115.85 
     83 112.504 1253 2 1 70.7687 92.03 -144.45 
     83 95.3634 1359 2 0 70.7672 92.0302 -145.85 
     83 127.832 1253 1 1 70.7419 92.0283 -174.45 
     83 129.857 1359 1 0 70.7405 92.0279 -175.85 
     83 112.7 1253 0 1 70.712 92.0174 -204.45 
     83 192.496 1359 0 0 70.7109 92.0178 -205.85 
Number of digits in this event: 9
Using G4ParticleGun... 
Particle energy: 4.0885 LIN
Particle: proton
Event: 84
Number of tracker hits in this event: 47
     84 140.14 1433 9 1 106.769 59.3635 65.55 
     84 232.79 1196 9 0 106.77 59.3615 64.15 
     84 116.801 1433 8 1 106.796 59.3173 35.55 
     84 126.72 1196 8 0 106.798 59.316 34.15 
     84 101.534 1433 7 1 106.84 59.2912 5.55 
     84 111.054 1196 7 0 106.843 59.2925 4.15 
     84 146.902 1433 6 1 106.894 59.317 -24.45 
     84 162.912 1196 6 0 106.896 59.3196 -25.85 
     84 111.171 1433 5 1 106.948 59.3697 -54.45 
     84 114.601 1196 5 0 106.951 59.3725 -55.85 
     84 1281.46 1434 4 1 107.022 59.4372 -84.45 
     84 158.519 1433 4 1 106.95 59.4841 -84.7345 
     84 227.559 1203 4 0 105.034 60.7046 -85.85 
     84 267.883 1204 4 0 104.806 60.85 -85.9828 
     84 117.571 1205 4 0 104.492 61.05 -86.1656 
     84 44.6626 1179 3 1 55.9084 91.7119 -114.45 
     84 150.831 1178 3 1 55.85 91.7474 -114.483 
     84 159.772 1177 3 1 55.65 91.8695 -114.597 
     84 222.542 1176 3 1 55.45 91.9921 -114.711 
     84 41.5225 1175 3 1 55.25 92.1146 -114.825 
     84 215.842 1365 3 0 53.461 93.2118 -115.85 
     84 237.589 1366 3 0 53.2357 93.35 -115.979 
     84 102.514 1367 3 0 52.9095 93.55 -116.165 
     84 57.6165 916 2 1 3.31769 124.065 -144.45 
     84 202.626 915 2 1 3.25 124.105 -144.49 
     84 149.488 914 2 1 3.05 124.222 -144.609 
     84 200.784 913 2 1 2.85 124.339 -144.728 
     84 2.66159 912 2 1 2.65 124.457 -144.847 
     84 148.976 1526 2 0 0.970891 125.443 -145.85 
     84 277.856 1527 2 0 0.789099 125.55 -145.959 
     84 160.65 1528 2 0 0.447385 125.75 -146.162 
     84 55.5723 665 1 1 -46.9803 153.428 -174.45 
     84 182.698 664 1 1 -47.05 153.468 -174.493 
     84 142.052 663 1 1 -47.25 153.583 -174.618 
     84 131.222 662 1 1 -47.45 153.698 -174.743 
     84 40.8075 1672 1 0 -49.2371 154.723 -175.85 
     84 304.272 1673 1 0 -49.2836 154.75 -175.879 
     84 429.25 1674 1 0 -49.6329 154.95 -176.095 
     84 99.4133 1196 4 0 107.194 59.403 -85.85 
     84 303.815 1456 3 1 111.424 58.5404 -114.45 
     84 159.855 1192 3 0 111.632 58.4999 -115.85 
     84 110.871 1478 2 1 115.864 57.6714 -144.45 
     84 106.427 1187 2 0 116.07 57.6289 -145.85 
     84 111.709 1500 1 1 120.261 56.763 -174.45 
     84 138.899 1183 1 0 120.467 56.7196 -175.85 
     84 150.164 1522 0 1 124.667 55.8302 -204.45 
     84 100.725 1178 0 0 124.875 55.7875 -205.85 
Number of digits in this event: 31
Using G4ParticleGun... 
Particle energy: 4.13398 LIN
Particle: proton
Event: 85
Number of tracker hits in this event: 245
     85 107.651 823 11 1 -15.4203 48.4206 125.55 
     85 107.597 1141 11 0 -15.4218 48.421 124.15 
     85 100.876 822 10 1 -15.4562 48.4231 95.55 
     85 111.571 1141 10 0 -15.4586 48.4219 94.15 
     85 165.287 822 9 1 -15.5103 48.3987 65.55 
     85 117.898 1141 9 0 -15.5116 48.3992 64.15 
     85 193.666 822 8 1 -15.5361 48.4074 35.55 
     85 105.193 1141 8 0 -15.5373 48.4097 34.15 
     85 206.1 822 7 1 -15.5651 48.4592 5.55 
     85 146.577 1142 7 0 -15.5673 48.4611 4.15 
     85 186.441 822 6 1 -15.6154 48.5013 -24.45 
     85 116.274 1142 6 0 -15.6186 48.501 -25.85 
     85 127.331 821 5 1 -15.6916 48.4971 -54.45 
     85 93.105 1142 5 0 -15.6944 48.4964 -55.85 
     85 197.253 821 4 1 -15.7465 48.486 -84.45 
     85 107.531 1142 4 0 -15.7517 48.4854 -85.85 
     85 127.28 820 3 1 -15.8567 48.4795 -114.45 
     85 185.492 1142 3 0 -15.8613 48.4804 -115.85 
     85 105.643 820 2 1 -15.957 48.498 -144.45 
     85 92.5038 1142 2 0 -15.9609 48.5 -145.85 
     85 148.605 820 1 1 -16.0349 48.5502 -174.45 
     85 104.098 1142 1 0 -16.0384 48.5535 -175.85 
     85 115.437 819 0 1 -16.1148 48.6288 -204.45 
     85 130.754 1142 0 0 -16.1195 48.6313 -205.85 
     85 9.4557 1562 2 0 53.4989 132.737 -146.25 
     85 219.219 1563 2 0 53.5178 132.75 -146.217 
     85 3.8026 1170 2 1 54.2436 133.409 -144.85 
     85 137.188 1171 2 1 54.25 133.415 -144.838 
     85 104.553 1680 3 0 61.9894 156.178 -116.25 
     85 112.617 1681 3 0 62.0352 156.35 -116.059 
     85 23.3945 1682 3 0 62.0919 156.55 -115.868 
     85 47.3172 1211 3 1 62.4031 157.585 -114.85 
     85 100.875 1212 3 1 62.45 157.742 -114.709 
     85 22.5318 1070 4 0 153.931 34.1114 -86.25 
     85 64.5082 1069 4 0 153.972 34.05 -86.232 
     85 116.47 1068 4 0 154.115 33.85 -86.1999 
     85 73.5376 1067 4 0 154.243 33.65 -86.181 
     85 72.5102 1066 4 0 154.351 33.4493 -86.1512 
     85 69.5957 1065 4 0 154.477 33.25 -86.1258 
     85 73.1853 1064 4 0 154.598 33.05 -86.1113 
     85 64.9983 1063 4 0 154.717 32.85 -86.1073 
     85 101.676 1062 4 0 154.822 32.65 -86.0469 
     85 71.617 1061 4 0 154.95 32.45 -85.9781 
     85 16.3034 1060 4 0 155.048 32.25 -85.873 
     85 13.3225 1680 4 1 156.32 30.6177 -84.85 
     85 136.418 1681 4 1 156.35 30.5814 -84.8265 
     85 72.6715 1682 4 1 156.55 30.3145 -84.585 
     85 62.5225 905 5 0 137.141 1.25 -56.1374 
     85 39.8753 1002 8 1 20.5962 83.5848 35.15 
     85 17.8575 961 8 1 12.45 79.3228 35.1778 
     85 69.6126 829 7 1 -14.1013 63.6558 5.55 
     85 95.9275 828 7 1 -14.25 63.5256 5.37904 
     85 33.4125 1312 8 0 21.968 82.6103 34.1499 
     85 188.147 1016 8 1 23.3805 79.91 35.15 
     85 4.65812 208 8 0 -145.33 -138.35 33.9964 
     85 125.573 1324 0 0 0.654862 84.9243 -206.25 
     85 79.3717 1323 0 0 0.333626 84.85 -206.01 
     85 56.8574 894 0 1 -1.06521 84.4683 -204.85 
     85 74.6511 893 0 1 -1.25039 84.4198 -204.702 
     85 37.1465 892 0 1 -1.45005 84.3732 -204.537 
     85 54.53 1301 1 0 -33.5358 80.2639 -176.25 
     85 164.038 1300 1 0 -33.6261 80.25 -176.169 
     85 48.2979 725 1 1 -34.9014 79.8654 -174.85 
     85 105.883 724 1 1 -35.05 79.819 -174.7 
     85 36.0922 723 1 1 -35.25 79.7631 -174.512 
     85 37.2725 1171 2 0 -43.6348 54.3741 -146.25 
     85 105.82 1170 2 0 -43.6784 54.25 -146.123 
     85 30.2462 1169 2 0 -43.7445 54.05 -145.913 
     85 9.9508 680 2 1 -44.0435 53.1746 -144.85 
     85 180.767 679 2 1 -44.05 53.1557 -144.827 
     85 39.1086 1036 3 0 -55.4444 27.3534 -116.249 
     85 98.9362 1035 3 0 -55.5122 27.25 -116.093 
     85 142.028 618 3 1 -56.3027 25.9833 -114.85 
     85 179.144 617 3 1 -56.45 25.6896 -114.508 
     85 43.524 616 3 1 -56.65 25.6543 -114.796 
     85 136.137 1026 3 0 -57.4053 25.2977 -115.85 
     85 99.9868 1059 3 0 1.9364 31.9197 -116.25 
     85 65.452 1058 3 0 2.09575 31.85 -116.013 
     85 65.2138 1057 3 0 2.15729 31.65 -115.973 
     85 62.8467 911 3 1 2.32241 29.4682 -114.85 
     85 10.2179 1043 3 0 2.89675 28.6731 -115.85 
     85 149.802 1042 3 0 2.90655 28.65 -115.869 
     85 62.1355 1041 3 0 2.9329 28.45 -115.854 
     85 137.65 915 3 1 3.10945 26.9802 -114.85 
     85 59.1047 1455 0 0 13.6566 111.192 -206.25 
     85 104.907 1456 0 0 13.5771 111.35 -206.074 
     85 15.4221 966 0 1 13.2645 112.346 -204.85 
     85 117.527 965 0 1 13.25 112.399 -204.789 
     85 135.207 1517 1 0 12.2104 123.58 -176.25 
     85 228.681 960 1 1 12.2438 123.932 -174.85 
     85 32.7051 959 1 1 12.0495 124.289 -174.457 
     85 68.8318 961 1 1 12.2501 124.409 -174.616 
     85 76.6419 962 1 1 12.4504 124.359 -174.639 
     85 207.489 963 1 1 12.65 124.38 -174.659 
     85 39.5994 1493 5 1 118.904 154.905 -54.45 
     85 145.337 1494 5 1 118.95 154.999 -54.5303 
     85 55.696 1680 5 0 119.823 156.239 -55.85 
     85 80.963 1681 5 0 119.907 156.35 -55.9776 
     85 121.872 1546 4 1 129.48 173.128 -84.45 
     85 8.11774 1545 4 1 129.35 173.215 -84.8114 
     85 109.948 1766 4 0 129.017 173.365 -85.8509 
     85 9.35841 1529 4 0 109.138 125.977 -86.2499 
     85 72.2855 1528 4 0 109.13 125.95 -86.2339 
     85 123.618 1527 4 0 109.041 125.75 -86.0558 
     85 147.458 1526 4 0 108.893 125.55 -85.8775 
     85 341.637 1438 4 1 107.888 123.82 -84.8498 
     85 301.231 1437 4 1 107.75 123.501 -84.6088 
     85 117.16 1436 4 1 107.55 122.433 -84.6424 
     85 69.1634 1435 4 1 107.35 122.285 -84.6399 
     85 57.2987 1434 4 1 107.15 122.182 -84.6755 
     85 69.8268 1433 4 1 106.95 122.115 -84.6886 
     85 68.5308 1432 4 1 106.75 122.11 -84.6565 
     85 126.048 1431 4 1 106.55 122.033 -84.6604 
     85 15.1988 1430 4 1 106.35 122.126 -84.826 
     85 57.2998 1523 4 0 104.91 124.79 -85.8501 
     85 69.3661 1524 4 0 104.856 124.95 -85.9243 
     85 139.874 1525 4 0 104.789 125.15 -85.8802 
     85 52.2838 1495 4 0 58.9267 119.34 -86.25 
     85 117.828 1507 4 0 50.9024 121.714 -86.25 
     85 184.642 603 6 1 -59.3132 94.6178 -24.45 
     85 39.7913 918 3 0 33.8442 3.67691 -116.25 
     85 110.532 917 3 0 33.884 3.65 -116.157 
     85 4.84048 1071 3 1 34.4405 3.27325 -114.85 
     85 138.894 1072 3 1 34.45 3.26677 -114.828 
     85 135.218 870 4 0 45.6711 -5.90648 -86.25 
     85 59.0668 1130 4 1 46.1837 -6.31775 -84.85 
     85 78.8032 1131 4 1 46.25 -6.3695 -84.6726 
     85 7.15846 822 5 0 55.1313 -15.64 -56.25 
     85 122.01 821 5 0 55.1409 -15.65 -56.219 
     85 81.2016 1177 5 1 55.5888 -16.0731 -54.8499 
     85 59.0696 1178 5 1 55.65 -16.1311 -54.6609 
     85 136.539 759 6 0 63.1219 -28.1132 -26.25 
     85 20.9194 758 6 0 63.2099 -28.25 -25.9171 
     85 179.167 1217 6 1 63.4974 -28.6869 -24.8498 
     85 153.641 704 7 0 68.6579 -39.05 3.75 
     85 162.808 1243 7 1 68.7999 -39.5081 5.15 
     85 111.008 661 8 0 70.2781 -47.7587 33.75 
     85 25.5947 660 8 0 70.2966 -47.85 34.0432 
     85 126.584 1251 8 1 70.3619 -48.1484 35.15 
     85 56.5018 566 9 0 71.4527 -66.7159 63.75 
     85 63.8069 565 9 0 71.4574 -66.85 63.9574 
     85 145.319 1257 9 1 71.5443 -67.5897 65.15 
     85 137.305 585 10 0 76.0093 -62.9056 93.75 
     85 15.3391 586 10 0 76.0573 -62.8499 94.0958 
     85 118.335 1280 10 1 76.1629 -62.6813 95.15 
     85 130.12 628 11 0 68.5945 -54.4179 123.75 
     85 137.291 1241 11 1 68.3442 -53.8661 125.15 
     85 36.7299 723 12 0 59.5255 -35.3297 153.75 
     85 88.3863 724 12 0 59.4884 -35.25 153.883 
     85 211.488 1194 12 1 59.0252 -34.6319 155.15 
     85 17.0201 819 3 0 19.5922 -16.2042 -116.25 
     85 69.9971 818 3 0 19.5876 -16.25 -116.203 
     85 45.5823 817 3 0 19.551 -16.45 -115.99 
     85 183.2 996 3 1 19.2786 -17.3616 -114.85 
     85 50.4784 750 4 0 -0.050133 -29.9917 -86.1253 
     85 67.6091 749 4 0 -0.143119 -30.05 -85.972 
     85 95.9698 895 4 1 -0.87163 -30.3728 -84.8498 
     85 34.6577 894 4 1 -1.05 -30.4613 -84.5691 
     85 67.4701 893 4 1 -1.30508 -30.5886 -84.45 
     85 69.6903 892 4 1 -1.45 -30.6611 -84.6575 
     85 12.7682 741 4 0 -2.40913 -31.8115 -85.85 
     85 75.1193 740 4 0 -2.43903 -31.85 -85.888 
     85 119.615 739 4 0 -2.5936 -32.05 -86.0282 
     85 7.75179 738 4 0 -2.80361 -32.25 -86.236 
     85 146.747 558 4 0 -56.9913 -68.3638 -86.25 
     85 40.3941 610 4 1 -57.9983 -68.3212 -84.85 
     85 86.5006 609 4 1 -58.0501 -68.3105 -84.7605 
     85 53.8168 284 5 0 -66.0082 -123.204 -56.25 
     85 255.338 283 5 0 -66.0179 -123.35 -56.1727 
     85 48.0086 282 5 0 -65.9853 -123.55 -56.1082 
     85 70.2809 281 5 0 -65.9345 -123.75 -56.0196 
     85 65.2105 280 5 0 -65.8274 -123.95 -55.9728 
     85 67.7891 279 5 0 -65.6794 -124.151 -55.8987 
     85 346.884 593 5 1 -61.4412 -129.726 -54.85 
     85 88.7699 592 5 1 -61.4501 -130.882 -54.6533 
     85 51.3301 591 5 1 -61.65 -131.026 -54.775 
     85 126.647 243 5 0 -62.396 -131.496 -55.85 
     85 46.4344 242 5 0 -62.571 -131.55 -56.1315 
     85 44.6385 122 5 0 -64.4013 -155.672 -56.25 
     85 88.2048 121 5 0 -64.3389 -155.75 -56.119 
     85 24.4128 120 5 0 -64.3446 -155.95 -55.9061 
     85 83.365 578 5 1 -64.2672 -157.086 -54.85 
     85 79.7395 579 5 1 -64.25 -157.315 -54.6359 
     85 137.924 580 5 1 -64.0499 -157.453 -54.6006 
     85 78.6006 581 5 1 -63.85 -157.427 -54.794 
     85 115.625 114 5 0 -62.4132 -157.247 -55.8501 
     85 65.5507 113 5 0 -62.1945 -157.35 -55.9958 
     85 79.0405 112 5 0 -62.1847 -157.55 -56.0466 
     85 301.189 111 5 0 -62.2576 -157.75 -56 
     85 1860.46 1330 0 0 41.8051 86.1438 -206.25 
     85 600.922 1113 0 1 42.7746 86.2406 -204.85 
     85 2970.99 1114 0 1 42.85 86.2421 -204.737 
     85 563.926 1115 0 1 43.05 86.3123 -204.712 
     85 167.832 1333 0 0 43.3015 86.846 -205.85 
     85 2932.45 1334 0 0 43.3034 86.85 -205.859 
     85 60.8303 1332 0 0 43.451 86.65 -206.242 
     85 7.87119 1331 0 0 43.4881 86.45 -206.249 
     85 183.052 846 1 0 -47.6479 -10.7916 -176.25 
     85 29.8547 575 1 0 -43.0814 -64.9818 -176.25 
     85 67.6677 574 1 0 -43.1014 -65.05 -176.213 
     85 49.8395 573 1 0 -43.1204 -65.25 -176.131 
     85 97.5198 572 1 0 -43.0308 -65.4503 -176.065 
     85 107.92 571 1 0 -42.8879 -65.65 -175.914 
     85 267.392 687 1 1 -42.541 -68.6596 -174.85 
     85 153.723 686 1 1 -42.65 -69.4948 -174.452 
     85 121.263 685 1 1 -42.85 -69.7329 -174.782 
     85 81.903 684 1 1 -43.05 -70.0512 -174.725 
     85 209.68 683 1 1 -43.25 -70.1996 -174.704 
     85 122.375 545 1 0 -43.4665 -70.8958 -175.85 
     85 107.625 544 1 0 -43.4908 -71.05 -176.108 
     85 15.753 1027 0 0 -20.8131 25.4521 -206.25 
     85 148.179 1026 0 0 -20.7931 25.45 -206.185 
     85 100.527 799 0 1 -20.2164 25.2884 -204.85 
     85 64.277 853 1 0 -24.4693 -9.25439 -176.25 
     85 47.9433 852 1 0 -24.475 -9.45 -176.089 
     85 59.8873 851 1 0 -24.4483 -9.65 -175.972 
     85 7.82483 850 1 0 -24.4319 -9.85004 -175.857 
     85 280.564 778 1 1 -24.2857 -11.7998 -174.85 
     85 135.704 779 1 1 -24.25 -12.6916 -174.466 
     85 119.151 838 1 0 -24.0521 -12.3679 -175.85 
     85 24.4483 905 1 0 -14.0669 1.2157 -176.25 
     85 125.616 906 1 0 -14.0431 1.25 -176.18 
     85 439.695 833 1 1 -13.3677 2.0836 -174.85 
     85 301.494 832 1 1 -13.45 2.39376 -174.491 
     85 62.3442 971 2 1 14.25 -159.749 -144.671 
     85 394.593 970 2 1 14.25 -160.003 -144.589 
     85 12.8427 54 2 0 -5.95757 -169.31 -146.25 
     85 54.6138 53 2 0 -5.94156 -169.35 -146.218 
     85 64.876 52 2 0 -5.82379 -169.55 -146.081 
     85 46.1294 51 2 0 -5.68061 -169.75 -145.944 
     85 71.9554 877 2 1 -4.58085 -171.48 -144.85 
     85 63.6654 878 2 1 -4.45 -171.658 -144.746 
     85 170.194 879 2 1 -4.24991 -171.798 -144.638 
     85 29.222 880 2 1 -4.04973 -171.896 -144.483 
     85 53.7708 85 3 0 -17.145 -163.024 -116.25 
     85 163.756 86 3 0 -17.2655 -162.95 -116.072 
     85 126.042 807 3 1 -18.4914 -162.707 -114.85 
     85 49.9049 1742 8 1 168.609 -2.41774 35.379 
     85 127.856 824 10 1 -15.1332 48.5143 95.55 
     85 40.3686 825 10 1 -15.0498 48.4107 95.2503 
     85 44.1683 1139 10 0 -14.2684 47.8958 94.15 
     85 124.075 1138 10 0 -14.163 47.85 94.0606 
     85 31.7183 831 10 1 -13.6536 48.0929 95.1502 
     85 129.192 832 10 1 -13.65 48.0964 95.1652 
     85 218.416 833 10 1 -13.45 48.1616 95.3171 
Number of digits in this event: 84
Using G4ParticleGun... 
Particle energy: 4.02225 LIN
Particle: proton
Event: 86
Number of tracker hits in this event: 25
     86 100.439 451 10 1 -89.6707 -3.21811 95.55 
     86 354.614 884 10 0 -89.6706 -3.22073 94.15 
     86 105.237 451 9 1 -89.6715 -3.27341 65.55 
     86 122.059 883 9 0 -89.6718 -3.27504 64.15 
     86 118.914 451 8 1 -89.6722 -3.30183 35.55 
     86 110.225 883 8 0 -89.6726 -3.30191 34.15 
     86 178.308 451 7 1 -89.6853 -3.30101 5.55 
     86 113.453 883 7 0 -89.6845 -3.30035 4.15 
     86 131.588 451 6 1 -89.6718 -3.28696 -24.45 
     86 122.491 883 6 0 -89.6705 -3.2863 -25.85 
     86 143.409 452 5 1 -89.6445 -3.27327 -54.45 
     86 146.466 883 5 0 -89.6433 -3.27336 -55.85 
     86 103.733 452 4 1 -89.6197 -3.2746 -84.45 
     86 144.038 883 4 0 -89.6173 -3.27269 -85.85 
     86 200.73 452 3 1 -89.5667 -3.23202 -114.45 
     86 103.717 884 3 0 -89.5652 -3.22938 -115.85 
     86 118.785 452 2 1 -89.5415 -3.17772 -144.45 
     86 118.772 884 2 0 -89.5407 -3.17271 -145.85 
     86 115.086 452 1 1 -89.5232 -3.07503 -174.45 
     86 132.106 884 1 0 -89.5236 -3.07107 -175.85 
     86 84.6758 452 0 1 -89.529 -2.99642 -204.45 
     86 99.5698 885 0 0 -89.5282 -2.99322 -205.85 
     86 81.217 988 0 1 17.7132 167.264 -204.743 
     86 32.9113 891 8 0 -90.9304 -1.68751 34.15 
     86 108.783 892 8 0 -90.9252 -1.65 34.1157 
Number of digits in this event: 13
Using G4ParticleGun... 
Particle energy: 6.47498 LIN
Particle: proton
Event: 87
Number of tracker hits in this event: 24
     87 136.671 1175 11 1 55.1194 42.9097 125.55 
     87 91.0966 1114 11 0 55.1193 42.9106 124.15 
     87 108.755 1175 10 1 55.1174 42.9259 95.55 
     87 92.2668 1114 10 0 55.1172 42.9262 94.15 
     87 125.004 1175 9 1 55.1114 42.924 65.55 
     87 138.454 1114 9 0 55.1111 42.9243 64.15 
     87 101.33 1175 8 1 55.1036 42.9277 35.55 
     87 92.6222 1114 8 0 55.1028 42.9274 34.15 
     87 109.669 1175 7 1 55.0899 42.9219 5.55 
     87 136.685 1114 7 0 55.0884 42.9217 4.15 
     87 127.499 1175 6 1 55.0542 42.9127 -24.45 
     87 108.925 1114 6 0 55.0532 42.9127 -25.85 
     87 118.56 1174 5 1 55.035 42.9066 -54.45 
     87 103.235 1114 5 0 55.0342 42.907 -55.85 
     87 130.777 1174 4 1 55.0212 42.9152 -84.45 
     87 103.514 1114 4 0 55.0206 42.9156 -85.85 
     87 136.845 1174 3 1 55.01 42.9235 -114.45 
     87 112.5 1114 3 0 55.0096 42.9235 -115.85 
     87 137.54 1174 2 1 55.0044 42.9235 -144.45 
     87 120.413 1114 2 0 55.0041 42.9228 -145.85 
     87 140.068 1174 1 1 55.0005 42.9077 -174.45 
     87 144.169 1114 1 0 55.0005 42.906 -175.85 
     87 108.705 1174 0 1 55.0094 42.8923 -204.45 
     87 96.5815 1114 0 0 55.0105 42.8915 -205.85 
Number of digits in this event: 12
Using G4ParticleGun... 
Particle energy: 7.00482 LIN
Particle: proton
Event: 88
Number of tracker hits in this event: 27
     88 116.555 1173 10 1 54.6546 70.2059 95.55 
     88 118.429 1250 10 0 54.6539 70.2058 94.15 
     88 108.071 1172 9 1 54.6425 70.2064 65.55 
     88 106.75 1250 9 0 54.6414 70.2064 64.15 
     88 180.202 1172 8 1 54.6155 70.2055 35.55 
     88 114.29 1250 8 0 54.6145 70.2056 34.15 
     88 109.243 1172 7 1 54.5927 70.2069 5.55 
     88 95.7915 1250 7 0 54.5923 70.2066 4.15 
     88 110.286 1172 6 1 54.5814 70.1996 -24.45 
     88 139.204 1250 6 0 54.5815 70.1995 -25.85 
     88 239.311 1172 5 1 54.5784 70.1981 -54.45 
     88 105.889 1250 5 0 54.5788 70.1978 -55.85 
     88 172.678 1172 4 1 54.5891 70.1903 -84.45 
     88 249.48 1250 4 0 54.5917 70.1898 -85.85 
     88 184.089 1172 3 1 54.6469 70.1823 -114.45 
     88 114.36 1250 3 0 54.6506 70.1811 -115.85 
     88 102.362 1173 2 1 54.7256 70.1569 -144.45 
     88 109.614 1250 2 0 54.7286 70.1563 -145.85 
     88 99.6588 1173 1 1 54.7848 70.1424 -174.45 
     88 149.355 1250 1 0 54.7873 70.1427 -175.85 
     88 375.128 1173 0 1 54.8417 70.1478 -204.45 
     88 182.387 1250 0 0 54.8441 70.1481 -205.85 
     88 81.7735 1174 0 1 54.85 70.02 -204.601 
     88 58.9442 1255 0 0 54.6359 71.0555 -205.85 
     88 56.1661 1181 0 1 56.3 64.8555 -204.85 
     88 73.4688 1261 5 0 54.365 72.2618 -55.85 
     88 241.694 1260 5 0 54.2681 72.25 -55.982 
Number of digits in this event: 11
Using G4ParticleGun... 
Particle energy: 7.65303 LIN
Particle: proton
Event: 89
Number of tracker hits in this event: 18
     89 106.385 1194 7 1 58.8598 -135.296 5.55 
     89 218.934 224 7 0 58.8605 -135.296 4.15 
     89 167.137 1194 6 1 58.8729 -135.301 -24.45 
     89 120.994 224 6 0 58.8725 -135.302 -25.85 
     89 117.757 1194 5 1 58.8646 -135.315 -54.45 
     89 110.079 224 5 0 58.8647 -135.317 -55.85 
     89 118.629 1194 4 1 58.8738 -135.354 -84.45 
     89 123.161 223 4 0 58.874 -135.357 -85.85 
     89 104.315 1194 3 1 58.8802 -135.427 -114.45 
     89 119.179 223 3 0 58.8793 -135.431 -115.85 
     89 101.213 1194 2 1 58.8595 -135.508 -144.45 
     89 145.449 223 2 0 58.8579 -135.51 -145.85 
     89 107.876 1193 1 1 58.8287 -135.564 -174.45 
     89 104.448 222 1 0 58.8263 -135.567 -175.85 
     89 105.337 1193 0 1 58.7774 -135.622 -204.45 
     89 131.593 222 0 0 58.7745 -135.625 -205.85 
     89 8.56013 1193 6 1 58.85 -135.324 -24.8418 
     89 94.1222 215 6 0 57.9164 -137.109 -25.85 
Number of digits in this event: 7
Using G4ParticleGun... 
Particle energy: 9.61313 LIN
Particle: proton
Event: 90
Number of tracker hits in this event: 28
     90 119.529 543 10 1 -71.2579 65.808 95.55 
     90 208.147 1228 10 0 -71.2577 65.8074 94.15 
     90 133.326 543 9 1 -71.2553 65.7951 65.55 
     90 307.025 1228 9 0 -71.2545 65.7949 64.15 
     90 119.927 544 8 1 -71.2378 65.7879 35.55 
     90 111.458 1228 8 0 -71.2304 65.7813 34.15 
     90 163.555 544 7 1 -71.0759 65.6451 5.55 
     90 90.6183 1227 7 0 -71.0685 65.6389 4.15 
     90 133.494 545 6 1 -70.9182 65.5152 -24.45 
     90 136.62 1227 6 0 -70.9101 65.509 -25.85 
     90 150.954 546 5 1 -70.7468 65.3873 -54.45 
     90 134.54 1226 5 0 -70.7388 65.3811 -55.85 
     90 111.711 547 4 1 -70.5734 65.2564 -84.45 
     90 15.2423 1226 4 0 -70.5656 65.2503 -85.85 
     90 84.7215 1225 4 0 -70.5652 65.25 -85.9099 
     90 131.582 548 3 1 -70.4049 65.1281 -114.45 
     90 128.941 1225 3 0 -70.3965 65.1226 -115.85 
     90 118.41 549 2 1 -70.2191 65.0063 -144.45 
     90 208.705 1224 2 0 -70.2106 65.0012 -145.85 
     90 175.028 550 1 1 -70.0386 64.8953 -174.45 
     90 106.42 1224 1 0 -70.0296 64.8897 -175.85 
     90 129.704 551 0 1 -69.8448 64.7739 -204.45 
     90 192.94 1223 0 0 -69.8358 64.768 -205.85 
     90 103.903 1222 0 0 -69.6834 64.65 -206.021 
     90 230.607 1221 0 0 -69.4503 64.45 -206.019 
     90 301.219 1220 0 0 -69.3534 64.25 -206.005 
     90 206.233 1545 9 0 -73.8134 129.218 63.75 
     90 28.7463 1229 9 0 -71.2189 65.85 63.9027 
Number of digits in this event: 18
Using G4ParticleGun... 
Particle energy: 5.69332 LIN
Particle: proton
Event: 91
Number of tracker hits in this event: 27
     91 177.234 1244 11 1 68.9174 14.5837 125.55 
     91 130.974 972 11 0 68.9171 14.5837 124.15 
     91 140.662 1244 10 1 68.9133 14.593 95.55 
     91 191.396 972 10 0 68.9125 14.5921 94.15 
     91 125.201 1244 9 1 68.8972 14.5773 65.55 
     91 110.732 972 9 0 68.8968 14.5761 64.15 
     91 150.369 1244 8 1 68.8894 14.5564 35.55 
     91 140.79 972 8 0 68.8877 14.5568 34.15 
     91 134.232 1244 7 1 68.8584 14.567 5.55 
     91 104.745 972 7 0 68.8569 14.5683 4.15 
     91 97.2351 1243 6 1 68.8232 14.5988 -24.45 
     91 149.768 972 6 0 68.8212 14.5998 -25.85 
     91 140.789 1243 5 1 68.7763 14.6195 -54.45 
     91 115.766 972 5 0 68.7742 14.6198 -55.85 
     91 99.1801 1243 4 1 68.7334 14.618 -84.45 
     91 124.859 972 4 0 68.7321 14.6176 -85.85 
     91 147.913 1243 3 1 68.7088 14.6105 -114.45 
     91 130.517 972 3 0 68.7083 14.61 -115.85 
     91 134.906 1243 2 1 68.7017 14.6029 -144.45 
     91 92.8388 972 2 0 68.7011 14.6034 -145.85 
     91 120.69 1243 1 1 68.6878 14.6145 -174.45 
     91 113.344 972 1 0 68.6881 14.6152 -175.85 
     91 124.694 1243 0 1 68.6957 14.6309 -204.45 
     91 102.333 972 0 0 68.6956 14.6313 -205.85 
     91 278.587 977 2 0 67.6579 15.5739 -145.85 
     91 36.7414 978 2 0 67.5762 15.65 -145.951 
     91 132.355 1243 7 1 68.85 14.5464 5.25217 
Number of digits in this event: 19
Using G4ParticleGun... 
Particle energy: 8.87685 LIN
Particle: proton
Event: 92
Number of tracker hits in this event: 25
     92 105.524 1374 10 1 95.0648 -42.4209 95.55 
     92 124.825 688 10 0 95.0647 -42.4212 94.15 
     92 119.975 1374 9 1 95.0617 -42.4302 65.55 
     92 123.15 688 9 0 95.0621 -42.4312 64.15 
     92 123.613 1374 8 1 95.0688 -42.4506 35.55 
     92 108.296 687 8 0 95.069 -42.4524 34.15 
     92 164.471 1374 7 1 95.078 -42.4926 5.55 
     92 102.585 687 7 0 95.0781 -42.4942 4.15 
     92 106.848 1374 6 1 95.0817 -42.5261 -24.45 
     92 267.458 687 6 0 95.082 -42.5292 -25.85 
     92 111.341 1374 5 1 95.0844 -42.5923 -54.45 
     92 240.142 687 5 0 95.0844 -42.5952 -55.85 
     92 118.792 1374 4 1 95.0814 -42.6539 -84.45 
     92 203.162 686 4 0 95.0818 -42.6573 -85.85 
     92 113.678 1374 3 1 95.0912 -42.7297 -114.45 
     92 101.948 686 3 0 95.0914 -42.733 -115.85 
     92 129.909 1374 2 1 95.0985 -42.803 -144.45 
     92 120.359 686 2 0 95.099 -42.8064 -145.85 
     92 114.117 1374 1 1 95.1079 -42.8783 -174.45 
     92 249.871 685 1 0 95.1086 -42.8818 -175.85 
     92 127.887 1374 0 1 95.1125 -42.9561 -204.45 
     92 117.823 685 0 0 95.113 -42.9591 -205.85 
     92 128.731 1444 0 1 109.013 -43.8563 -204.45 
     92 132.916 684 0 0 109.339 -43.2343 -205.85 
     92 157.546 687 4 0 94.9786 -42.6499 -85.9024 
Number of digits in this event: 15
Using G4ParticleGun... 
Particle energy: 8.24619 LIN
Particle: proton
Event: 93
Number of tracker hits in this event: 225
     93 90.8264 959 11 1 11.9256 44.9709 125.55 
     93 229.374 1124 11 0 11.9262 44.9701 124.15 
     93 98.4907 959 10 1 11.9408 44.9587 95.55 
     93 140.231 1124 10 0 11.9404 44.9569 94.15 
     93 109.797 959 9 1 11.9285 44.9205 65.55 
     93 112.555 1124 9 0 11.9277 44.9186 64.15 
     93 170.163 959 8 1 11.908 44.8807 35.55 
     93 52097.9 1124 8 0 11.9065 44.8795 34.15 
     93 12164.4 1123 8 0 11.844 44.85 34.1027 
     93 4782.98 918 8 1 3.83111 41.4233 35.15 
     93 4427.63 917 8 1 3.65 41.3444 35.1739 
     93 5511.12 1122 8 0 12.1152 44.65 34.098 
     93 5491.42 1121 8 0 12.285 44.45 34.1089 
     93 2961.94 952 8 1 10.602 43.093 35.15 
     93 2889.7 951 8 1 10.45 42.8819 35.2707 
     93 1597.45 950 8 1 10.25 42.5873 35.447 
     93 2445.33 974 8 1 14.9846 45.2254 35.15 
     93 8798.57 975 8 1 15.05 45.2328 35.1723 
     93 16845.4 976 8 1 15.25 45.2571 35.239 
     93 1092.1 953 8 1 10.833 47.1736 35.15 
     93 611.886 1465 9 0 -13.2735 113.165 63.75 
     93 747.995 1466 9 0 -13.3408 113.35 63.8303 
     93 663.619 1467 9 0 -13.4092 113.55 63.917 
     93 737.886 1468 9 0 -13.4771 113.75 64.0011 
     93 649.659 1469 9 0 -13.5457 113.95 64.0854 
     93 962.993 828 9 1 -14.3729 116.305 65.15 
     93 2369.06 827 9 1 -14.45 116.524 65.2492 
     93 414.992 826 9 1 -14.65 117.101 65.5011 
     93 132.817 910 7 1 2.24415 36.1789 5.55 
     93 103.82 1078 7 0 1.77133 35.7616 4.15 
     93 48.7153 1077 7 0 1.6448 35.65 3.77519 
     93 44.2892 861 6 1 -7.79213 27.2226 -24.45 
     93 67.5831 860 6 1 -7.85 27.1736 -24.6167 
     93 129.949 1033 6 0 -8.27826 26.8115 -25.85 
     93 23.2518 809 5 1 -18.2149 18.4211 -54.45 
     93 108.067 808 5 1 -18.25 18.3901 -54.5546 
     93 129.398 989 5 0 -18.6831 17.9987 -55.85 
     93 99.4313 759 4 1 -28.2271 9.34617 -84.45 
     93 110.574 758 4 1 -28.25 9.32574 -84.5182 
     93 96.2968 944 4 0 -28.6966 8.92536 -85.85 
     93 38.7107 943 4 0 -28.7806 8.85 -86.1004 
     93 108.059 708 3 1 -38.2953 0.356493 -114.45 
     93 104.11 899 3 0 -38.765 -0.0681232 -115.85 
     93 113.71 658 2 1 -48.35 -8.69203 -144.45 
     93 29.5962 657 2 1 -48.45 -8.77789 -144.752 
     93 162.92 854 2 0 -48.8144 -9.087 -145.85 
     93 137.776 608 1 1 -58.3092 -17.1258 -174.45 
     93 262.073 812 1 0 -58.7746 -17.517 -175.85 
     93 134.852 558 0 1 -68.2596 -25.4951 -204.45 
     93 114.746 770 0 0 -68.7289 -25.8931 -205.85 
     93 10.5391 996 6 1 19.45 119.723 -24.4943 
     93 388.395 1442 8 0 2.19627 108.658 33.75 
     93 296.954 609 1 1 -58.235 -17.1803 -174.45 
     93 25.917 806 1 0 -57.6264 -18.7937 -175.85 
     93 56.3824 805 1 0 -57.6088 -18.85 -175.896 
     93 350.239 804 1 0 -57.5666 -19.0503 -176.05 
     93 9.37702 803 1 0 -57.5728 -19.25 -176.24 
     93 56.4098 562 0 1 -67.5512 -48.2164 -204.45 
     93 62.4455 561 0 1 -67.65 -48.2527 -204.668 
     93 106.155 657 0 0 -68.1265 -48.5245 -205.85 
     93 2.74549 656 0 0 -68.1967 -48.65 -206.235 
     93 2660.42 1125 8 0 14.2218 45.05 33.8521 
     93 678.859 1120 8 0 11.2905 44.25 34.026 
     93 735.091 1119 8 0 11.1038 44.05 34.0027 
     93 701.778 1118 8 0 10.9292 43.85 33.9859 
     93 665.128 1117 8 0 10.7523 43.65 33.971 
     93 729.201 1116 8 0 10.579 43.45 33.9586 
     93 803.003 1115 8 0 10.4114 43.25 33.9442 
     93 820.399 1114 8 0 10.2408 43.05 33.932 
     93 720.854 1113 8 0 10.0723 42.85 33.9205 
     93 712.488 1112 8 0 9.90251 42.65 33.9114 
     93 773.345 1111 8 0 9.73256 42.45 33.9001 
     93 835.995 1110 8 0 9.5633 42.25 33.8862 
     93 717.049 1109 8 0 9.39159 42.05 33.8725 
     93 951.487 1108 8 0 9.22148 41.85 33.8564 
     93 868.91 1107 8 0 9.0495 41.65 33.8407 
     93 843.55 1106 8 0 8.87489 41.45 33.8186 
     93 880.53 1105 8 0 8.70185 41.25 33.7945 
     93 1043.67 1104 8 0 8.52948 41.05 33.7754 
     93 201.149 1103 8 0 8.35948 40.85 33.7537 
     93 121.682 1019 7 1 23.9615 53.9483 5.55 
     93 156.222 1020 7 1 24.0501 53.9951 5.35598 
     93 158.585 1171 7 0 24.587 54.3077 4.15 
     93 135.307 1086 6 1 37.3364 61.1721 -24.4501 
     93 47.5693 1087 6 1 37.45 61.2107 -24.8019 
     93 152.122 1206 6 0 37.8043 61.3244 -25.85 
     93 266.543 1142 5 1 48.5588 63.9023 -54.4502 
     93 15.1225 1143 5 1 48.65 63.8991 -54.8237 
     93 147.024 1219 5 0 48.8878 63.8822 -55.85 
     93 68.7787 1179 4 1 55.9848 63.2927 -84.45 
     93 107.827 1178 4 1 55.85 63.3018 -84.6071 
     93 262.549 1217 4 0 54.5576 63.5429 -85.8502 
     93 147.814 1395 3 0 28.096 99.15 -116.055 
     93 85.811 1181 4 1 56.3541 63.4186 -84.45 
     93 28.4928 1182 4 1 56.4501 63.4342 -84.7405 
     93 100.08 1232 3 1 66.4656 66.5165 -114.45 
     93 35.0425 1233 3 1 66.65 66.5165 -114.767 
     93 124.079 1232 3 0 67.2869 66.5429 -115.85 
     93 75.8081 1319 2 1 83.9235 68.0714 -144.45 
     93 30.6637 1320 2 1 84.0505 68.0635 -144.735 
     93 186.691 1239 2 0 84.5702 67.9809 -145.85 
     93 84.5077 1393 1 1 98.8379 64.92 -174.45 
     93 86.8921 1394 1 1 98.95 64.9187 -174.77 
     93 197.401 1224 1 0 99.3319 64.9299 -175.85 
     93 94.8684 1447 0 1 109.591 65.4267 -204.45 
     93 18.0404 1448 0 1 109.75 65.3874 -204.791 
     93 44.7866 1226 0 0 110.286 65.2628 -205.851 
     93 108.812 1225 0 0 110.34 65.25 -205.958 
     93 60.2012 1174 7 0 24.7732 54.9834 4.15 
     93 101.019 1175 7 0 24.8258 55.05 4.05691 
     93 5.28218 1176 7 0 24.9617 55.25 3.76679 
     93 49.7712 1092 6 1 38.4819 74.9419 -24.45 
     93 63.1944 1093 6 1 38.6503 74.9887 -24.4929 
     93 78.846 1094 6 1 38.85 75.0409 -24.541 
     93 79.0128 1095 6 1 39.05 75.0859 -24.5865 
     93 65.7435 1096 6 1 39.25 75.1206 -24.6332 
     93 48.7351 1097 6 1 39.45 75.1546 -24.6792 
     93 45.6101 1098 6 1 39.65 75.1997 -24.7209 
     93 59.0022 1099 6 1 39.851 75.2407 -24.7748 
     93 7.13647 1100 6 1 40.05 75.2743 -24.8387 
     93 249.966 1277 6 0 43.0797 75.505 -25.8501 
     93 130.554 1278 6 0 43.962 75.65 -26.1219 
     93 3.8361 841 1 0 108.163 -11.85 -176.226 
     93 239.214 1222 3 1 64.5086 -38.3492 -114.45 
     93 164.619 1221 3 1 64.4497 -38.8474 -114.781 
     93 147.034 711 0 0 145.458 -37.8248 -206.25 
     93 3.36342 710 0 0 145.421 -37.85 -206.133 
     93 18.6314 712 0 0 145.524 -37.6499 -205.876 
     93 28.2549 1635 0 1 147.286 -36.5838 -204.85 
     93 222.835 1636 0 1 147.35 -36.5309 -204.8 
     93 370.975 1637 0 1 147.55 -36.0221 -204.549 
     93 4.80981 81 2 1 -163.75 5.79624 -144.661 
     93 43.3392 807 0 0 -75.1561 -18.45 -206.18 
     93 51.9251 760 9 0 -85.6964 -27.9637 63.75 
     93 96.4766 759 9 0 -85.8074 -28.05 63.8035 
     93 115.432 758 9 0 -86.0673 -28.25 63.9308 
     93 135.931 757 9 0 -86.3166 -28.45 64.0615 
     93 30.8837 454 9 1 -89.2077 -30.4479 65.15 
     93 111.634 453 9 1 -89.25 -30.4766 65.1653 
     93 83.0272 452 9 1 -89.45 -30.6249 65.2382 
     93 71.5393 451 9 1 -89.65 -30.7784 65.3035 
     93 88.661 450 9 1 -89.8503 -30.9254 65.3664 
     93 65.3188 449 9 1 -90.15 -31.1432 65.4667 
     93 44.9057 448 9 1 -90.35 -31.2994 65.5257 
     93 4.28218 446 9 1 -90.9406 -31.8515 65.55 
     93 129.242 445 9 1 -90.95 -31.8659 65.5424 
     93 113.094 444 9 1 -91.1503 -32.1753 65.3814 
     93 84.5619 443 9 1 -91.35 -32.4742 65.2253 
     93 37.5898 728 9 0 -92.4661 -34.323 64.15 
     93 66.188 727 9 0 -92.5419 -34.4504 64.0701 
     93 90.7055 726 9 0 -92.6578 -34.65 63.9341 
     93 31.9814 725 9 0 -92.7703 -34.85 63.8073 
     93 19.985 305 8 1 -119.105 -78.2372 35.55 
     93 76.6811 304 8 1 -119.15 -78.2737 35.5349 
     93 74.5087 303 8 1 -119.35 -78.4407 35.4602 
     93 72.1922 302 8 1 -119.55 -78.6071 35.3824 
     93 64.356 301 8 1 -119.75 -78.7914 35.2946 
     93 40.1564 300 8 1 -119.95 -78.9222 35.2027 
     93 62.8561 498 8 0 -122.536 -80.3535 34.15 
     93 116.339 497 8 0 -122.714 -80.4501 34.075 
     93 135.323 496 8 0 -123.063 -80.65 33.8953 
     93 190.146 841 9 0 -99.0253 -11.7036 63.75 
     93 168.286 840 9 0 -99.3832 -11.8501 63.9182 
     93 3.19069 839 9 0 -99.8695 -12.0501 64.1453 
     93 190.125 388 9 1 -102.416 -13.0856 65.15 
     93 202.051 387 9 1 -102.55 -13.1373 65.2016 
     93 126.645 386 9 1 -102.75 -13.2101 65.2788 
     93 136.419 385 9 1 -102.95 -13.2885 65.3549 
     93 173.991 384 9 1 -103.15 -13.3718 65.4193 
     93 163.59 383 9 1 -103.35 -13.4629 65.4803 
     93 59.954 382 9 1 -103.55 -13.5798 65.5162 
     93 5.21894 381 9 1 -103.75 -13.7005 65.5477 
     93 139.816 815 10 0 -124.184 -16.9497 93.75 
     93 80.4963 274 10 1 -125.179 -17.162 95.15 
     93 75.186 273 10 1 -125.35 -17.205 95.3839 
     93 12.08 747 11 0 -141.423 -30.6327 123.75 
     93 154.861 746 11 0 -141.443 -30.6504 123.786 
     93 6.42203 188 11 1 -142.541 -31.461 125.151 
     93 76.8254 187 11 1 -142.55 -31.4671 125.161 
     93 100.144 186 11 1 -142.75 -31.5996 125.37 
     93 48.444 184 11 1 -143.268 -32.1561 125.55 
     93 59.3323 183 11 1 -143.35 -32.1705 125.388 
     93 151.403 737 11 0 -144.233 -32.465 124.15 
     93 22.7896 91 10 1 -161.878 -36.7014 95.55 
     93 73.89 90 10 1 -161.95 -36.7194 95.5158 
     93 53.6421 89 10 1 -162.151 -36.8211 95.4037 
     93 85.9192 88 10 1 -162.35 -36.9659 95.3022 
     93 18.4039 87 10 1 -162.55 -37.1215 95.1827 
     93 54.2866 706 10 0 -164.655 -38.7186 94.15 
     93 104.063 705 10 0 -164.832 -38.85 94.0976 
     93 68.3029 704 10 0 -165.043 -39.0501 93.9866 
     93 71.173 703 10 0 -165.133 -39.2505 93.8882 
     93 9.47125 702 10 0 -165.222 -39.45 93.7783 
     93 73.3306 43 9 1 -171.506 -70.7518 65.55 
     93 122.788 44 9 1 -171.35 -70.7534 65.4524 
     93 119.748 546 9 0 -170.667 -70.7471 64.15 
     93 146.645 389 9 1 -102.35 -14.4525 65.4207 
     93 116.856 390 9 1 -102.15 -14.5243 65.4297 
     93 72.817 825 9 0 -103.491 -14.8929 64.15 
     93 98.2715 826 9 0 -103.655 -14.85 64.0349 
     93 74.1085 827 9 0 -103.741 -14.65 63.9851 
     93 247.939 376 9 1 -104.776 -14.2614 65.15 
     93 36.7914 375 9 1 -104.95 -14.2112 65.3755 
     93 386.151 929 7 1 5.99702 44.0108 5.55 
     93 518.816 1119 7 0 5.70715 43.9618 4.15 
     93 155.975 899 6 1 -0.199861 42.9054 -24.45 
     93 107.92 898 6 1 -0.25 42.8963 -24.6944 
     93 100.172 1114 6 0 -0.488271 42.8542 -25.85 
     93 161.233 1113 6 0 -0.512402 42.85 -25.967 
     93 85.5871 868 5 1 -6.4223 41.7732 -54.45 
     93 158.842 867 5 1 -6.45 41.7657 -54.5767 
     93 273.529 1108 5 0 -6.72998 41.6877 -55.85 
     93 218.667 835 4 1 -12.9766 39.897 -84.45 
     93 36.6112 834 4 1 -13.05 39.8681 -84.8183 
     93 297.731 1098 4 0 -13.2573 39.7884 -85.85 
     93 298.117 805 3 1 -18.9512 37.5707 -114.45 
     93 280.622 1087 3 0 -19.2117 37.4678 -115.85 
     93 255.91 1086 3 0 -19.2571 37.45 -116.094 
     93 262.854 777 2 1 -24.4888 35.401 -144.45 
     93 261.934 1076 2 0 -24.7458 35.3037 -145.85 
     93 331.56 750 1 1 -29.9718 33.3801 -174.45 
     93 259.74 1066 1 0 -30.2363 33.2848 -175.85 
     93 391.894 721 0 1 -35.759 31.3189 -204.45 
     93 282.68 1055 0 0 -36.0313 31.2317 -205.85 
     93 176.686 1064 3 0 -13.7916 32.8664 -116.25 
Number of digits in this event: 110
Using G4ParticleGun... 
Particle energy: 3.40368 LIN
Particle: proton
Event: 94
Number of tracker hits in this event: 26
     94 119.665 1548 9 1 129.761 5.07399 65.55 
     94 107.783 925 9 0 129.762 5.07392 64.15 
     94 109.257 1548 8 1 129.768 5.07389 35.55 
     94 112.63 925 8 0 129.768 5.07502 34.15 
     94 147.019 1548 7 1 129.768 5.10002 5.55 
     94 106.707 925 7 0 129.768 5.10128 4.15 
     94 110.95 1548 6 1 129.762 5.12795 -24.45 
     94 133.647 925 6 0 129.764 5.1283 -25.85 
     94 99.0578 1548 5 1 129.788 5.13218 -54.45 
     94 120.621 925 5 0 129.788 5.1324 -55.85 
     94 307.072 1548 4 1 129.774 5.14213 -84.45 
     94 108.953 925 4 0 129.771 5.14081 -85.85 
     94 157.266 1547 3 1 129.703 5.11055 -114.45 
     94 129.873 925 3 0 129.7 5.10794 -115.85 
     94 110.843 1547 2 1 129.645 5.0546 -144.45 
     94 99.2981 925 2 0 129.642 5.05157 -145.85 
     94 113.435 1547 1 1 129.592 4.98846 -174.45 
     94 145.645 924 1 0 129.591 4.98371 -175.85 
     94 110.84 1547 0 1 129.553 4.88754 -204.45 
     94 133.973 924 0 0 129.551 4.88141 -205.85 
     94 53.2237 1547 4 1 129.75 5.24883 -84.8112 
     94 63.4971 924 4 0 129.358 5.02827 -85.85 
     94 61.2164 1543 4 1 128.91 3.56483 -84.85 
     94 161.68 1103 9 0 174.447 40.7331 63.75 
     94 290.811 1773 9 1 174.855 40.8314 65.15 
     94 192.269 1774 9 1 174.95 40.8568 65.2426 
Number of digits in this event: 14
Using G4ParticleGun... 
Particle energy: 7.49789 LIN
Particle: proton
Event: 95
Number of tracker hits in this event: 40
     95 104.742 974 11 1 14.8669 61.1293 125.55 
     95 111.737 1205 11 0 14.8667 61.1295 124.15 
     95 165.512 974 10 1 14.8609 61.1319 95.55 
     95 92.1992 1205 10 0 14.8612 61.1319 94.15 
     95 114.82 974 9 1 14.8646 61.1305 65.55 
     95 133.273 1205 9 0 14.865 61.1297 64.15 
     95 107.748 974 8 1 14.8712 61.1116 35.55 
     95 201.128 1205 8 0 14.8712 61.1109 34.15 
     95 178.551 974 7 1 14.8688 61.0879 5.55 
     95 173.512 1205 7 0 14.868 61.0871 4.15 
     95 159.278 974 6 1 14.8504 61.067 -24.45 
     95 118.437 1205 6 0 14.8498 61.0668 -25.85 
     95 106.871 973 5 1 14.8369 61.06 -54.45 
     95 110.266 1205 5 0 14.837 61.059 -55.85 
     95 97.4676 973 4 1 14.8362 61.0379 -84.45 
     95 116.035 1204 4 0 14.8351 61.0362 -85.85 
     95 119.943 973 3 1 14.8113 60.9994 -114.45 
     95 147.458 1204 3 0 14.8115 60.9982 -115.85 
     95 131.207 973 2 1 14.8185 60.9684 -144.45 
     95 95.1312 1204 2 0 14.8188 60.9669 -145.85 
     95 142.638 973 1 1 14.8248 60.9408 -174.45 
     95 103.411 1204 1 0 14.8247 60.9376 -175.85 
     95 168.541 973 0 1 14.8193 60.8707 -204.45 
     95 142.299 1204 0 0 14.8192 60.868 -205.85 
     95 32.2942 1177 0 0 -74.9626 55.65 -206.019 
     95 70.7872 1238 0 0 -18.1968 67.812 -206.249 
     95 74.1871 1237 0 0 -18.193 67.65 -206.105 
     95 62.4877 1236 0 0 -18.146 67.45 -205.978 
     95 51.2309 1235 0 0 -18.0704 67.25 -205.927 
     95 111.802 1234 0 0 -17.9191 67.05 -205.984 
     95 145.86 1233 0 0 -17.6131 66.85 -205.951 
     95 71.1817 819 0 1 -16.2158 65.2226 -204.85 
     95 58.8112 820 0 1 -16.05 65.0731 -204.718 
     95 64.3929 821 0 1 -15.8499 65.0518 -204.64 
     95 80.8738 822 0 1 -15.65 65.0406 -204.622 
     95 74.4294 823 0 1 -15.45 64.9707 -204.45 
     95 108.753 824 0 1 -15.25 64.9112 -204.596 
     95 96.911 825 0 1 -15.0495 64.8688 -204.636 
     95 62.8453 1225 0 0 -14.4075 65.088 -205.85 
     95 214.506 1224 0 0 -14.369 65.05 -205.899 
Number of digits in this event: 14
Using G4ParticleGun... 
Particle energy: 7.14012 LIN
Particle: proton
Event: 96
Number of tracker hits in this event: 29
     96 171.355 1184 10 1 56.8729 95.7499 95.55 
     96 145.381 1377 10 0 56.8736 95.7498 94.15 
     96 281.814 1184 9 1 56.8828 95.7436 65.55 
     96 124.733 1377 9 0 56.8838 95.7423 64.15 
     96 103.454 1184 8 1 56.9043 95.7165 35.55 
     96 108.892 1377 8 0 56.9048 95.7152 34.15 
     96 328.511 1184 7 1 56.9109 95.6903 5.55 
     96 116.973 1377 7 0 56.9122 95.6886 4.15 
     96 205.621 1184 6 1 56.9424 95.6521 -24.45 
     96 95.323 1377 6 0 56.9452 95.6494 -25.85 
     96 489.7 1184 5 1 57.007 95.5976 -54.45 
     96 106.573 1377 5 0 57.0096 95.5947 -55.85 
     96 115.109 1185 4 1 57.0619 95.5304 -84.45 
     96 128.193 1376 4 0 57.0651 95.5276 -85.85 
     96 100.868 1185 3 1 57.1311 95.4705 -114.45 
     96 165.803 1376 3 0 57.1356 95.4684 -115.85 
     96 122.669 1185 2 1 57.2352 95.426 -144.45 
     96 113.078 1376 2 0 57.2582 95.4145 -145.85 
     96 233.122 1188 1 1 57.7276 95.1775 -174.45 
     96 106.753 1375 1 0 57.7518 95.1661 -175.85 
     96 93.7721 1190 0 1 58.2459 94.9312 -204.45 
     96 43.8468 1191 0 1 58.25 94.9289 -204.714 
     96 108.945 1373 0 0 58.2675 94.9187 -205.85 
     96 24.6491 1183 7 1 56.85 95.8216 5.33232 
     96 60.8406 1185 9 1 57.0501 96.0115 65.3073 
     96 15.9583 1386 9 0 58.1886 97.5189 64.1495 
     96 84.2842 1387 9 0 58.2152 97.55 64.1248 
     96 126.194 1388 9 0 58.3663 97.75 63.9636 
     96 5.76076 1389 9 0 58.514 97.95 63.7639 
Number of digits in this event: 14
Using G4ParticleGun... 
Particle energy: 3.58926 LIN
Particle: proton
Event: 97
Number of tracker hits in this event: 63
     97 112.445 484 10 1 -83.1108 -23.062 95.55 
     97 106.618 784 10 0 -83.1096 -23.0608 94.15 
     97 111.934 484 9 1 -83.0914 -23.0389 65.55 
     97 168.983 785 9 0 -83.0889 -23.0368 64.15 
     97 178.136 485 8 1 -83.0323 -22.9921 35.55 
     97 98.126 785 8 0 -83.0288 -22.9906 34.15 
     97 100.314 485 7 1 -82.9555 -22.9687 5.55 
     97 110.272 785 7 0 -82.9511 -22.9695 4.15 
     97 105.094 485 6 1 -82.8679 -22.9839 -24.45 
     97 101.752 785 6 0 -82.8632 -22.9841 -25.85 
     97 124.215 486 5 1 -82.7631 -22.9812 -54.45 
     97 210.364 785 5 0 -82.7548 -22.9805 -55.85 
     97 112.436 487 4 1 -82.5831 -22.9579 -84.45 
     97 231.649 785 4 0 -82.5745 -22.9579 -85.85 
     97 104.93 488 3 1 -82.395 -22.9555 -114.45 
     97 122.024 785 3 0 -82.3865 -22.9571 -115.85 
     97 110.515 489 2 1 -82.2257 -22.9981 -144.45 
     97 177.815 785 2 0 -82.2147 -23.0007 -145.85 
     97 104.904 490 1 1 -81.9957 -23.0473 -174.45 
     97 140.837 785 1 0 -81.984 -23.0491 -175.85 
     97 118.19 491 0 1 -81.7508 -23.0926 -204.45 
     97 197.634 784 0 0 -81.7385 -23.0943 -205.85 
     97 47.8786 1454 7 0 30.6926 111.022 4.13699 
     97 4.77281 516 9 0 -93.2658 -76.65 64.0442 
     97 74.6215 706 1 0 -21.1868 -38.772 -175.937 
     97 27.4282 799 1 1 -20.1096 -39.5664 -174.85 
     97 136.435 800 1 1 -20.0495 -39.6114 -174.79 
     97 80.4457 801 1 1 -19.8499 -39.7614 -174.595 
     97 125.923 670 2 0 -23.5587 -45.9111 -146.25 
     97 25.6607 781 2 1 -23.8375 -46.1516 -144.85 
     97 114.571 780 2 1 -23.85 -46.1612 -144.785 
     97 128.675 630 3 0 -31.5011 -53.9198 -116.25 
     97 8.52828 629 3 0 -31.5925 -54.05 -115.88 
     97 7.27238 741 3 1 -31.8417 -54.4237 -114.85 
     97 115.108 740 3 1 -31.85 -54.4361 -114.816 
     97 106.543 640 4 0 -35.4552 -51.9775 -86.25 
     97 113.251 722 4 1 -35.5729 -51.9322 -84.8498 
     97 122.725 583 5 0 -38.3044 -63.2652 -56.25 
     97 105.499 707 5 1 -38.5214 -63.8041 -54.85 
     97 165.477 532 6 0 -66.6012 -73.5053 -26.2499 
     97 53.2393 558 6 1 -68.2849 -73.845 -24.85 
     97 81.3552 557 6 1 -68.4509 -73.8703 -24.7296 
     97 71.5272 556 6 1 -68.65 -73.9044 -24.595 
     97 0.947229 555 6 1 -68.8502 -73.9508 -24.4526 
     97 158.156 549 6 1 -70.0848 -74.2444 -24.4503 
     97 124.885 529 6 0 -70.429 -74.1137 -25.85 
     97 73.2259 492 5 1 -81.6053 -74.9119 -54.45 
     97 89.143 493 5 1 -81.45 -74.8515 -54.6292 
     97 0.805763 494 5 1 -81.25 -74.7272 -54.8447 
     97 117.253 530 5 0 -80.4174 -73.997 -55.85 
     97 40.7528 531 5 0 -80.2648 -73.85 -56.1091 
     97 59.483 1472 0 0 -20.2224 114.55 -206.219 
     97 123.166 830 0 1 -14.0083 93.8331 -204.45 
     97 0.674296 677 9 1 -44.45 -50.1276 65.2089 
     97 1.14401 818 9 0 -95.4272 -16.45 63.894 
     97 70.4331 797 1 1 -20.5702 -39.5098 -174.85 
     97 67.1277 798 1 1 -20.45 -39.6357 -174.662 
     97 334.894 701 2 0 -68.8041 -39.7453 -146.25 
     97 74.1607 535 2 1 -72.8503 -39.49 -144.85 
     97 61.1139 534 2 1 -73.05 -39.4758 -144.768 
     97 48.5485 533 2 1 -73.25 -39.4996 -144.62 
     97 277.871 702 2 0 -68.9424 -39.65 -146.141 
     97 123.559 703 2 0 -69.0629 -39.45 -146.177 
Number of digits in this event: 24
Using G4ParticleGun... 
Particle energy: 8.46946 LIN
Particle: proton
Event: 98
Number of tracker hits in this event: 75
     98 90.6784 1490 9 1 118.241 24.3864 65.55 
     98 166.9 1021 9 0 118.241 24.3865 64.15 
     98 140.646 1490 8 1 118.221 24.3882 35.55 
     98 128.476 1021 8 0 118.22 24.3882 34.15 
     98 118.719 1490 7 1 118.205 24.3874 5.55 
     98 118.32 1021 7 0 118.209 24.3863 4.15 
     98 99.5101 1490 6 1 118.279 24.3678 -24.45 
     98 93.8647 1021 6 0 118.282 24.3669 -25.85 
     98 100.991 1490 5 1 118.335 24.3469 -54.45 
     98 104.697 1021 5 0 118.337 24.3467 -55.85 
     98 154.659 1491 4 1 118.385 24.3432 -84.45 
     98 115.584 1021 4 0 118.388 24.3417 -85.85 
     98 1570.4 1492 3 1 118.572 24.4706 -114.45 
     98 1982.79 1493 3 1 118.75 24.6665 -114.515 
     98 2458.84 1494 3 1 118.95 24.8909 -114.593 
     98 2884.6 1495 3 1 119.15 25.1224 -114.67 
     98 4176.58 1496 3 1 119.35 25.3642 -114.737 
     98 3032.92 1497 3 1 119.55 25.592 -114.792 
     98 606.887 1491 3 1 118.443 24.3198 -114.45 
     98 149.659 1022 3 0 118.431 24.496 -115.85 
     98 154.045 1490 2 1 118.173 28.0999 -144.45 
     98 102.614 1041 2 0 118.16 28.2767 -145.85 
     98 106.884 1488 1 1 117.89 31.8933 -174.45 
     98 102.953 1060 1 0 117.878 32.0728 -175.85 
     98 183.579 1487 0 1 117.613 35.7442 -204.45 
     98 107.341 1079 0 0 117.599 35.9229 -205.85 
     98 210.262 1021 3 0 118.234 24.2607 -115.85 
     98 30.4239 1020 3 0 118.192 24.25 -116.14 
     98 155.746 1469 2 1 114.076 23.2794 -144.45 
     98 111.125 1015 2 0 113.872 23.2335 -145.85 
     98 96.4894 1447 1 1 109.722 22.2914 -174.45 
     98 115.796 1010 1 0 109.527 22.2439 -175.85 
     98 111.232 1426 0 1 105.529 21.2919 -204.45 
     98 122.087 1005 0 0 105.331 21.2445 -205.85 
     98 291.765 1019 3 0 118.507 23.9223 -115.85 
     98 138.518 1018 3 0 118.519 23.85 -116.118 
     98 60.3154 1497 2 1 119.739 16.1771 -144.45 
     98 56.1695 1498 2 1 119.75 16.1197 -144.659 
     98 119.823 978 2 0 119.81 15.7907 -145.85 
     98 99.026 1505 1 1 121.239 7.8991 -174.45 
     98 86.1744 937 1 0 121.309 7.53149 -175.85 
     98 23.5953 936 1 0 121.324 7.45 -176.16 
     98 30.5215 1513 0 1 122.785 -0.05 -204.731 
     98 107.453 898 0 0 122.85 -0.342322 -205.85 
     98 250.563 1530 2 1 126.203 16.793 -144.45 
     98 159.112 981 2 0 126.565 16.435 -145.85 
     98 14.6578 1568 1 1 133.938 9.09174 -174.45 
     98 214.727 1569 1 1 133.95 9.07974 -174.498 
     98 148.397 943 1 0 134.3 8.74086 -175.85 
     98 11.2634 942 1 0 134.394 8.65 -176.213 
     98 37.7828 1607 0 1 141.708 1.58416 -204.45 
     98 84.723 1608 0 1 141.75 1.54287 -204.616 
     98 151.368 905 0 0 142.064 1.23491 -205.85 
     98 78.4202 1570 1 1 134.15 8.86731 -174.82 
     98 1.28433 932 1 0 137.694 6.45264 -175.85 
     98 73.7849 931 1 0 137.698 6.45 -175.851 
     98 70.1501 930 1 0 137.915 6.24992 -175.91 
     98 128.072 929 1 0 138.031 6.04974 -176.051 
     98 103.927 928 1 0 138.161 5.85 -176.173 
     98 108.958 927 1 0 138.328 5.65 -176.148 
     98 171.429 1588 1 1 137.923 5.56889 -174.85 
     98 129.059 1589 1 1 137.95 5.57775 -174.54 
     98 243.133 1590 1 1 138.15 5.61834 -174.742 
     98 12.0087 1591 1 1 138.35 5.6235 -174.754 
     98 52.0359 1490 3 1 118.35 24.3118 -114.633 
     98 95.6614 1430 2 1 106.261 24.1069 -144.45 
     98 32.5222 1429 2 1 106.15 24.1061 -144.725 
     98 376.766 1020 2 0 105.698 24.1037 -145.85 
     98 37.8211 1370 1 1 94.209 23.9947 -174.45 
     98 77.4399 1369 1 1 94.15 23.995 -174.599 
     98 137.208 1019 1 0 93.6528 23.9962 -175.85 
     98 40.8841 1311 0 1 82.3015 23.964 -204.45 
     98 81.7209 1310 0 1 82.25 23.9644 -204.58 
     98 151.445 1019 0 0 81.7449 23.9691 -205.85 
     98 151.859 1020 4 0 119.081 24.2203 -85.8501 
Number of digits in this event: 34
Using G4ParticleGun... 
Particle energy: 5.48958 LIN
Particle: proton
Event: 99
Number of tracker hits in this event: 25
     99 105.613 1202 11 1 60.5599 41.3505 125.55 
     99 112.673 1106 11 0 60.5611 41.3503 124.15 
     99 151.368 1202 10 1 60.5894 41.3419 95.55 
     99 117.795 1106 10 0 60.5912 41.3399 94.15 
     99 124.288 1202 9 1 60.6258 41.3024 65.55 
     99 100.427 1106 9 0 60.6289 41.302 64.15 
     99 135.874 1203 8 1 60.6923 41.2939 35.55 
     99 112.089 1106 8 0 60.6952 41.2928 34.15 
     99 131.201 1203 7 1 60.7535 41.2646 5.55 
     99 100.647 1106 7 0 60.7569 41.2632 4.15 
     99 199.979 1203 6 1 60.8247 41.237 -24.45 
     99 283.716 1105 6 0 60.8309 41.2346 -25.85 
     99 114.128 1204 5 1 60.9573 41.1893 -54.45 
     99 104.329 1105 5 0 60.9631 41.1877 -55.85 
     99 135.718 1205 4 1 61.0801 41.15 -84.45 
     99 122.424 1105 4 0 61.0858 41.1477 -85.85 
     99 140.755 1205 3 1 61.2036 41.0987 -114.45 
     99 131.245 1105 3 0 61.2083 41.0969 -115.85 
     99 124.033 1206 2 1 61.2974 41.0624 -144.45 
     99 98.0397 1105 2 0 61.301 41.0601 -145.85 
     99 108.714 1206 1 1 61.3771 41.0091 -174.45 
     99 107.917 1104 1 0 61.3812 41.0077 -175.85 
     99 257.663 1207 0 1 61.472 40.9802 -204.45 
     99 104.895 1104 0 0 61.4784 40.9769 -205.85 
     99 163.85 1204 6 1 60.85 41.2732 -24.6849 
Number of digits in this event: 14
 Run terminated.
Run Summary
  Number of events processed : 100
  User=3.830000s Real=4.474927s Sys=0.040000s
End of Run 0
/gun/particle gamma
/gun/energy 1 GeV
/gun/sourceType 2
/run/beamOn 100

========= Table of registered couples ============================

Index : 0     used in the geometry : Yes
 Material : Galactic
 Range cuts        :  gamma  100 um     e-  100 um     e+  100 um  proton 100 um 
 Energy thresholds :  gamma  250 eV     e-  250 eV     e+  250 eV  proton 10 keV
 Region(s) which use this couple : 
    DefaultRegionForTheWorld

Index : 1     used in the geometry : Yes
 Material : CesiumIodide
 Range cuts        :  gamma  100 um     e-  100 um     e+  100 um  proton 100 um 
 Energy thresholds :  gamma  9.28719 keV    e-  144.613 keV    e+  141.078 keV proton 10 keV
 Region(s) which use this couple : 
    DefaultRegionForTheWorld

Index : 2     used in the geometry : Yes
 Material : Silicon
 Range cuts        :  gamma  100 um     e-  100 um     e+  100 um  proton 100 um 
 Energy thresholds :  gamma  2.32189 keV    e-  121.99 keV    e+  119.775 keV proton 10 keV
 Region(s) which use this couple : 
    DefaultRegionForTheWorld

Index : 3     used in the geometry : Yes
 Material : Tungsten
 Range cuts        :  gamma  100 um     e-  100 um     e+  100 um  proton 100 um 
 Energy thresholds :  gamma  36.2769 keV    e-  351.944 keV    e+  338.136 keV proton 10 keV
 Region(s) which use this couple : 
    DefaultRegionForTheWorld

Index : 4     used in the geometry : Yes
 Material : Scintillator
 Range cuts        :  gamma  100 um     e-  100 um     e+  100 um  proton 100 um 
 Energy thresholds :  gamma  1.00819 keV    e-  86.3911 keV    e+  85.2484 keV proton 10 keV
 Region(s) which use this couple : 
    DefaultRegionForTheWorld

==================================================================

### Run 1 starts.
### Run 1 starts (master).
/vis/scene/notifyHandlers
WARNING: Scene "none" not found.
  /vis/scene/list to see scenes.
Opening output file gammaraytel ... 
-------- WWWW ------- G4Exception-START -------- WWWW -------
*** G4Exception : Analysis_W001
      issued by : G4BaseAnalysisManager::SetFirstId
Cannot set FirstId as its value was already used.
*** This is just a warning message. ***
-------- WWWW -------- G4Exception-END --------- WWWW -------


-------- WWWW ------- G4Exception-START -------- WWWW -------
*** G4Exception : Analysis_W001
      issued by : G4BaseAnalysisManager::SetFirstId
Cannot set FirstId as its value was already used.
*** This is just a warning message. ***
-------- WWWW -------- G4Exception-END --------- WWWW -------

 done
Using G4ParticleGun... 
Particle energy: 9.8246 LIN
Particle: gamma
Event: 0
Number of tracker hits in this event: 5
      0 258.532 860 0 1 -7.93683 123.94 -204.45 
      0 262.744 1518 0 0 -7.94092 123.935 -205.85 
      0 44.0942 1519 0 0 -7.99682 123.95 -206.079 
      0 80.1595 922 6 1 4.55991 172.979 -24.85 
      0 237.965 923 6 1 4.65 173.052 -24.5426 
Number of digits in this event: 5
Using G4ParticleGun... 
Particle energy: 8.64956 LIN
Particle: gamma
Event: 1
Number of tracker hits in this event: 0
Number of digits in this event: 3
Using G4ParticleGun... 
Particle energy: 5.87469 LIN
Particle: gamma
Event: 2
Number of tracker hits in this event: 0
Number of digits in this event: 1
Using G4ParticleGun... 
Particle energy: 6.29729 LIN
Particle: gamma
Event: 3
Number of tracker hits in this event: 2
      3 131.918 1391 11 0 -52.7898 98.5488 123.75 
      3 49.5782 873 9 1 -5.25 121.89 65.3413 
Number of digits in this event: 3
Using G4ParticleGun... 
Particle energy: 8.95413 LIN
Particle: gamma
Event: 4
Number of tracker hits in this event: 47
      4 270.629 908 5 1 1.70517 99.266 -54.45 
      4 425.452 1395 5 0 1.7009 99.2673 -55.85 
      4 141.235 907 4 1 1.61038 99.2997 -84.45 
      4 531.447 1395 4 0 1.60829 99.3035 -85.85 
      4 232.201 907 3 1 1.57803 99.3727 -114.45 
      4 115.233 1396 3 0 1.5778 99.3771 -115.85 
      4 113.903 907 2 1 1.5688 99.4667 -144.45 
      4 294.844 1396 2 0 1.56788 99.4729 -145.85 
      4 118.98 907 1 1 1.55935 99.5994 -174.45 
      4 112.876 1397 1 0 1.55743 99.6044 -175.85 
      4 269.14 907 0 1 1.50197 99.7039 -204.45 
      4 118.654 1397 0 0 1.5007 99.7066 -205.85 
      4 160.673 1401 3 0 1.89373 100.398 -115.85 
      4 145.841 1400 3 0 1.6836 100.35 -116.159 
      4 90.2493 1399 3 0 1.62433 100.15 -115.906 
      4 229.72 893 3 1 -1.35297 97.2544 -114.85 
      4 417.017 908 4 1 1.71125 99.2974 -84.45 
      4 286.314 908 3 1 1.70905 99.3394 -114.45 
      4 215.627 1395 3 0 1.70975 99.3402 -115.85 
      4 101.631 908 2 1 1.72485 99.3601 -144.45 
      4 138.685 908 1 1 1.73675 99.3965 -174.45 
      4 122.161 1396 1 0 1.73739 99.3988 -175.85 
      4 1114.19 908 0 1 1.75326 99.4461 -204.45 
      4 419.525 1396 0 0 1.75456 99.4456 -205.85 
      4 106.12 1754 1 0 15.7104 171.012 -176.25 
      4 347.481 1397 3 0 1.45364 99.661 -115.85 
      4 114.761 906 2 1 1.37966 100.597 -144.45 
      4 169.189 1402 2 0 1.44835 100.652 -145.85 
      4 102.37 916 1 1 3.29847 101.957 -174.45 
      4 143.816 1409 1 0 3.45074 102.004 -175.85 
      4 226.232 934 0 1 6.86633 103.185 -204.451 
      4 125.494 1415 0 0 7.01886 103.269 -205.851 
      4 138.93 1358 1 0 116.692 91.8112 -176.25 
      4 139.245 1359 1 0 117.005 91.95 -176.122 
      4 246.549 1360 1 0 117.426 92.1501 -176.083 
      4 94.4464 910 2 1 2.05421 99.2774 -144.45 
      4 117.245 1395 2 0 2.07754 99.2366 -145.85 
      4 210.851 912 1 1 2.53908 98.4932 -174.45 
      4 187.047 1391 1 0 2.61954 98.4998 -175.85 
      4 106.448 919 0 1 4.03341 98.6658 -204.45 
      4 55.5961 1393 0 0 3.97573 98.9156 -205.85 
      4 146.265 1394 0 0 3.965 98.95 -206.01 
      4 14.1817 1395 0 0 1.35024 99.1513 -205.85 
      4 61.139 1305 1 0 -11.1329 81.2447 -176.25 
      4 64.7138 1306 1 0 -11.1555 81.2501 -176.208 
      4 331.579 662 1 1 -47.5805 53.246 -174.45 
      4 102.67 661 1 1 -47.65 53.1982 -174.702 
Number of digits in this event: 31
Using G4ParticleGun... 
Particle energy: 9.89072 LIN
Particle: gamma
Event: 5
Number of tracker hits in this event: 13
      5 247.208 450 0 1 -89.8919 94.7908 -204.45 
      5 299.665 1373 0 0 -89.8919 94.7895 -205.85 
      5 110.19 1644 0 0 17.3642 148.95 -206.192 
      5 8.5692 1645 0 0 17.3838 149.15 -205.855 
      5 82.7524 982 0 1 16.6175 149.883 -204.85 
      5 95.0579 981 0 1 16.45 150.03 -204.638 
      5 115.499 980 0 1 16.25 150.253 -204.7 
      5 90.1878 979 0 1 16.05 150.548 -204.708 
      5 115.439 978 0 1 15.85 150.534 -204.707 
      5 65.4503 977 0 1 15.6498 150.355 -204.662 
      5 303.498 976 0 1 15.4496 150.367 -204.6 
      5 7.15098 975 0 1 15.25 150.425 -204.682 
      5 28.3065 1322 0 0 -82.6391 84.65 -206.181 
Number of digits in this event: 5
Using G4ParticleGun... 
Particle energy: 4.11258 LIN
Particle: gamma
Event: 6
Number of tracker hits in this event: 0
Number of digits in this event: 1
Using G4ParticleGun... 
Particle energy: 6.48792 LIN
Particle: gamma
Event: 7
Number of tracker hits in this event: 13
      7 273.628 978 2 1 15.7306 -85.0133 -144.45 
      7 218.713 475 2 0 15.7306 -85.0135 -145.85 
      7 397.093 978 1 1 15.7305 -85.0155 -174.45 
      7 113.736 475 1 0 15.731 -85.0152 -175.85 
      7 146.777 978 0 1 15.7442 -85.0094 -204.45 
      7 127.693 475 0 0 15.7449 -85.0101 -205.85 
      7 28.8364 1288 4 0 78.179 77.6705 -86.25 
      7 110.102 1287 4 0 78.1978 77.6499 -86.2137 
      7 234.381 1004 2 0 72.2708 20.8742 -146.25 
      7 142.456 1005 2 0 72.3539 21.05 -145.961 
      7 243.506 474 1 0 15.7878 -85.0776 -175.85 
      7 114.815 973 0 1 14.8308 -85.2308 -204.45 
      7 124.515 474 0 0 14.7677 -85.2407 -205.85 
Number of digits in this event: 10
Using G4ParticleGun... 
Particle energy: 1.26752 LIN
Particle: gamma
Event: 8
Number of tracker hits in this event: 36
      8 542.997 1476 5 1 115.472 58.8634 -54.45 
      8 303.179 1194 5 0 115.477 58.8664 -55.85 
      8 129.671 1477 4 1 115.583 58.9669 -84.45 
      8 119.316 1194 4 0 115.583 58.9877 -85.85 
      8 134.571 1477 3 1 115.601 59.4015 -114.45 
      8 234.351 1196 3 0 115.592 59.4178 -115.85 
      8 126.827 1476 2 1 115.422 59.7605 -144.45 
      8 245.816 1198 2 0 115.415 59.7822 -145.85 
      8 155.247 1475 1 1 115.267 60.2163 -174.45 
      8 154.662 1200 1 0 115.266 60.2381 -175.85 
      8 130.429 1475 0 1 115.244 60.6462 -204.45 
      8 119.393 1203 0 0 115.238 60.6672 -205.85 
      8 11.0557 954 2 1 11.05 84.122 -144.637 
      8 16.0809 1286 4 1 77.3266 -56.5575 -84.45 
      8 40.8513 1473 0 1 114.907 61.0046 -204.45 
      8 67.401 1472 0 1 114.75 61.0674 -204.521 
      8 131 1471 0 1 114.55 61.2671 -204.588 
      8 219.966 1470 0 1 114.35 61.6302 -204.52 
      8 30.5558 1469 0 1 114.15 61.8526 -204.792 
      8 71.3343 1216 0 0 113.783 63.2857 -205.85 
      8 330.291 1217 0 0 113.776 63.4505 -205.959 
      8 68.1004 1191 5 0 117.783 58.361 -55.8501 
      8 83.6102 1192 5 0 117.956 58.4501 -55.858 
      8 10.1031 1496 5 1 119.517 58.6174 -54.8499 
      8 98.8917 1497 5 1 119.55 58.6155 -54.8213 
      8 157.942 1498 5 1 119.75 58.6446 -54.6417 
      8 325.573 1499 5 1 119.95 58.6451 -54.5629 
      8 110.622 1478 4 1 115.765 59.0302 -84.45 
      8 104.389 1195 4 0 115.791 59.05 -85.8796 
      8 122.998 1480 3 1 116.192 59.4197 -114.45 
      8 116.043 1485 2 1 117.188 59.8081 -144.45 
      8 120.342 1489 1 1 118.039 60.2771 -174.45 
      8 173.766 1201 1 0 118.184 60.2996 -175.85 
      8 146.661 1507 0 1 121.647 60.3613 -204.45 
      8 146.064 1201 0 0 121.788 60.2935 -205.85 
      8 58.1103 1652 2 1 150.608 44.7481 -144.85 
Number of digits in this event: 22
Using G4ParticleGun... 
Particle energy: 8.30093 LIN
Particle: gamma
Event: 9
Number of tracker hits in this event: 132
      9 289.832 1203 10 1 60.7604 -58.7448 95.55 
      9 217.558 606 10 0 60.7645 -58.742 94.15 
      9 292.832 1203 9 1 60.8069 -58.6927 65.55 
      9 263.595 606 9 0 60.8079 -58.6913 64.15 
      9 364.172 1203 8 1 60.8361 -58.6172 35.55 
      9 205.756 607 8 0 60.838 -58.6149 34.15 
      9 445.497 1204 7 1 60.8967 -58.5694 5.55 
      9 440.588 607 7 0 60.9062 -58.5774 4.15 
      9 153.001 1205 6 1 61.1323 -58.6972 -24.45 
      9 397.104 606 6 0 61.1596 -58.6943 -25.85 
      9 142.684 1207 5 1 61.5197 -58.5882 -54.45 
      9 179.21 607 5 0 61.5387 -58.597 -55.85 
      9 115.785 1209 4 1 61.9705 -58.796 -84.45 
      9 241.457 606 4 0 61.976 -58.78 -85.85 
      9 98.0511 1210 3 1 62.0529 -58.4771 -114.45 
      9 124.82 607 3 0 62.0489 -58.4747 -115.85 
      9 112.842 1209 2 1 61.9813 -58.3969 -144.45 
      9 212.906 608 2 0 61.9744 -58.3904 -145.85 
      9 145.335 1209 1 1 61.915 -58.2753 -174.45 
      9 157.492 608 1 0 61.9234 -58.2565 -175.85 
      9 384.02 1209 0 1 61.8808 -57.6453 -204.45 
      9 212.747 611 0 0 61.884 -57.6701 -205.85 
      9 251.79 607 6 0 60.4366 -58.65 -25.8791 
      9 46.0942 1201 6 1 60.339 -54.5787 -24.85 
      9 176.732 636 6 0 60.0713 -52.8451 -25.85 
      9 12.1008 635 6 0 59.9434 -52.85 -25.9238 
      9 297.048 1204 6 1 60.9184 -57.8949 -24.45 
      9 105.992 609 6 0 60.9211 -58.0557 -25.85 
      9 152.432 1208 5 1 61.7657 -60.9143 -54.45 
      9 116.463 595 5 0 61.9769 -60.9823 -55.85 
      9 111.538 1259 4 1 71.9064 -59.7811 -84.45 
      9 125.842 601 4 0 72.3801 -59.7968 -85.85 
      9 6.17456 1311 3 1 82.44 -59.6189 -114.45 
      9 113.349 1312 3 1 82.45 -59.6202 -114.473 
      9 122.147 601 3 0 83.0517 -59.7042 -115.85 
      9 2.59615 1373 2 1 94.9477 -61.0734 -144.45 
      9 131.418 1374 2 1 94.95 -61.0783 -144.46 
      9 82.6828 591 2 0 95.2606 -61.7391 -145.85 
      9 51.0145 590 2 0 95.3149 -61.85 -146.093 
      9 151.867 1408 1 1 101.809 -74.3318 -174.45 
      9 141.829 525 1 0 102.206 -74.8506 -175.851 
      9 111.88 1451 0 1 110.432 -85.0265 -204.45 
      9 198.011 472 0 0 110.681 -85.4913 -205.85 
      9 439.274 1353 2 1 90.7836 -59.8255 -144.45 
      9 5.94467 613 6 0 60.8551 -57.4046 -26.2309 
      9 72.6382 1203 5 1 60.7427 -55.2923 -54.45 
      9 31.1451 1202 5 1 60.6498 -55.2755 -54.7347 
      9 106.81 624 5 0 60.2967 -55.146 -55.85 
      9 28.4598 625 5 0 60.1866 -55.0499 -56.1942 
      9 14.5416 1148 4 1 49.8161 -40.9211 -84.45 
      9 117.763 1149 4 1 49.85 -40.9013 -84.4965 
      9 22.9498 1150 4 1 50.05 -40.7929 -84.7683 
      9 45.5722 699 4 0 51.1493 -40.1307 -85.85 
      9 101.746 700 4 0 51.2609 -40.05 -85.9578 
      9 11.8588 701 4 0 51.4327 -39.85 -86.2067 
      9 309.329 810 4 0 70.1108 -17.9339 -86.2498 
      9 359.877 1249 4 1 69.9195 -18.022 -84.85 
      9 35.5152 1248 4 1 69.8327 -17.9349 -84.45 
      9 146.337 1250 4 1 70.0505 -17.7493 -84.5682 
      9 83.1218 1251 4 1 70.25 -17.3851 -84.7001 
      9 127.53 1252 4 1 70.4501 -17.3015 -84.8183 
      9 93.4025 1253 4 1 70.6504 -17.0937 -84.7497 
      9 125.335 812 4 0 70.8714 -17.5316 -85.85 
      9 117.84 811 4 0 70.9084 -17.6501 -86.0894 
      9 160.206 486 6 0 118.225 -82.6599 -26.25 
      9 208.55 487 6 0 118.767 -82.65 -25.9209 
      9 36.6428 488 6 0 119.295 -82.4499 -26.164 
      9 107.927 942 8 0 113.019 8.46965 33.75 
      9 162.456 1491 6 1 118.46 -81.0876 -24.8499 
      9 126.051 1203 6 1 60.7531 -58.5433 -24.45 
      9 125.987 1201 5 1 60.3783 -58.4633 -54.45 
      9 29.3167 608 5 0 60.3518 -58.45 -56.1312 
      9 165.108 1199 4 1 59.8534 -58.3013 -84.45 
      9 93.2379 608 4 0 59.8641 -58.3422 -85.85 
      9 115.694 1200 3 1 60.1323 -59.0996 -114.45 
      9 158.552 604 3 0 60.1396 -59.1077 -115.85 
      9 119.062 1200 2 1 60.1801 -59.1836 -144.45 
      9 117.772 604 2 0 60.2124 -59.1615 -145.85 
      9 116.139 1203 1 1 60.8202 -58.7799 -174.45 
      9 230.984 606 1 0 60.9175 -58.775 -175.85 
      9 194.836 1214 0 1 62.9137 -58.719 -204.45 
      9 584.901 606 0 0 63.0164 -58.7432 -205.85 
      9 229.727 1204 8 1 60.85 -58.6112 35.5 
      9 143.05 695 8 0 60.6824 -40.9757 33.75 
      9 294.877 1202 8 1 60.6178 -40.4634 35.1502 
      9 197.875 1201 8 1 60.45 -40.3672 35.348 
      9 266.202 1200 8 1 60.25 -40.4262 35.3203 
      9 32.2541 1199 8 1 60.05 -40.229 35.2532 
      9 109.024 606 8 0 60.8328 -58.7522 34.15 
      9 141.312 606 7 0 60.9008 -58.772 4.15 
      9 200.783 1205 5 1 61.1221 -58.8084 -54.45 
      9 151.197 606 5 0 61.1283 -58.8085 -55.85 
      9 195.435 1206 4 1 61.2563 -58.8057 -84.45 
      9 147.893 1206 3 1 61.3309 -58.7996 -114.45 
      9 206.559 606 3 0 61.3333 -58.7994 -115.85 
      9 128.344 1206 2 1 61.3765 -58.8013 -144.45 
      9 98.942 606 2 0 61.3796 -58.8025 -145.85 
      9 122.097 1206 1 1 61.4448 -58.8311 -174.45 
      9 139.195 1207 0 1 61.5558 -58.841 -204.45 
      9 170.286 1239 7 0 127.405 67.85 3.97202 
      9 523.124 1207 1 1 61.6099 -58.8914 -174.45 
      9 535.243 605 1 0 61.5989 -58.8951 -175.85 
      9 104.081 1206 0 1 61.3182 -58.7595 -204.45 
      9 193.55 1205 0 1 61.2081 -58.6868 -204.45 
      9 274.766 607 0 0 61.2012 -58.6107 -205.85 
      9 85.2319 404 0 0 103.833 -99.3169 -206.25 
      9 23.2243 1208 0 1 61.8459 -59.0437 -204.45 
      9 43.3782 604 6 0 60.1405 -59.219 -25.8505 
      9 87.3184 603 6 0 60.0679 -59.25 -25.9665 
      9 64.954 391 6 0 46.6211 -101.897 -26.25 
      9 66.4609 390 6 0 46.6101 -101.95 -26.1717 
      9 60.2111 389 6 0 46.6078 -102.15 -25.9651 
      9 405.207 1132 6 1 46.4819 -103.312 -24.85 
      9 58.6933 1131 6 1 46.45 -103.462 -24.6223 
      9 27.7793 383 6 0 46.4176 -103.547 -25.8502 
      9 118.38 382 6 0 46.4146 -103.55 -25.9036 
      9 15.4524 516 6 0 36.0045 -76.6927 -26.25 
      9 117.061 517 6 0 35.9688 -76.65 -26.2023 
      9 206.568 518 6 0 35.665 -76.4499 -26.0478 
      9 159.941 519 6 0 35.2342 -76.25 -26.1407 
      9 230.677 520 6 0 35.1712 -76.0496 -26.1864 
      9 88.0916 1202 10 1 60.65 -58.9501 95.4991 
      9 78.1644 1201 10 1 60.4496 -59.0228 95.3904 
      9 32.6525 1200 10 1 60.25 -59.1177 95.2372 
      9 33.1245 602 10 0 59.6664 -59.621 94.1495 
      9 167.494 601 10 0 59.6341 -59.65 94.0888 
      9 9.88644 600 10 0 59.458 -59.8501 93.7813 
      9 107.24 494 10 0 64.4805 -81.1719 93.75 
      9 211.132 495 10 0 64.6341 -81.05 93.9898 
      9 11.5246 1228 10 1 65.8173 -79.8081 95.15 
      9 132.583 1229 10 1 65.8501 -79.7881 95.1746 
      9 202.765 1230 10 1 66.05 -79.7222 95.3278 
Number of digits in this event: 75
Using G4ParticleGun... 
Particle energy: 5.26533 LIN
Particle: gamma
Event: 10
Number of tracker hits in this event: 0
Number of digits in this event: 2
Using G4ParticleGun... 
Particle energy: 6.10543 LIN
Particle: gamma
Event: 11
Number of tracker hits in this event: 0
Number of digits in this event: 2
Using G4ParticleGun... 
Particle energy: 1.62254 LIN
Particle: gamma
Event: 12
Number of tracker hits in this event: 9
     12 325.869 1162 1 1 52.574 -72.7672 -174.45 
     12 254.427 536 1 0 52.4997 -72.6726 -175.85 
     12 20.4716 537 1 0 52.4833 -72.65 -176.168 
     12 98.6854 1154 0 1 50.9281 -70.6254 -204.45 
     12 144.365 546 0 0 50.9108 -70.7523 -205.85 
     12 93.3423 1161 1 1 52.45 -72.7665 -174.638 
     12 118.978 535 1 0 52.5842 -72.9896 -175.851 
     12 110.882 1162 0 1 52.5962 -72.7394 -204.45 
     12 115.638 536 0 0 52.602 -72.7412 -205.85 
Number of digits in this event: 4
Using G4ParticleGun... 
Particle energy: 5.39489 LIN
Particle: gamma
Event: 13
Number of tracker hits in this event: 5
     13 238.322 538 1 1 -72.2757 -113.298 -174.45 
     13 218.359 334 1 0 -72.2753 -113.298 -175.85 
     13 278.795 538 0 1 -72.2648 -113.285 -204.45 
     13 234.184 334 0 0 -72.2611 -113.286 -205.85 
     13 145.044 72 0 0 -13.0389 -165.55 -206.055 
Number of digits in this event: 7
Using G4ParticleGun... 
Particle energy: 1.36422 LIN
Particle: gamma
Event: 14
Number of tracker hits in this event: 0
Number of digits in this event: 1
Using G4ParticleGun... 
Particle energy: 9.31797 LIN
Particle: gamma
Event: 15
Number of tracker hits in this event: 19
     15 371.629 503 3 1 -79.4033 2.61601 -114.45 
     15 253.433 912 3 0 -79.4049 2.61609 -115.85 
     15 111.262 503 2 1 -79.4389 2.61974 -144.45 
     15 280.663 912 2 0 -79.4411 2.62064 -145.85 
     15 99.1742 502 1 1 -79.4811 2.63983 -174.45 
     15 129.72 912 1 0 -79.4851 2.64021 -175.85 
     15 110.683 502 0 1 -79.5689 2.64813 -204.45 
     15 140.792 912 0 0 -79.5722 2.64873 -205.85 
     15 165.422 1123 2 0 -101.434 44.7509 -146.25 
     15 8.3898 1583 2 0 -147.108 136.92 -146.25 
     15 20.4537 1609 2 0 -174.345 142.09 -146.25 
     15 138.362 502 2 1 -79.5354 2.56405 -144.45 
     15 155.243 501 1 1 -79.7169 2.4404 -174.45 
     15 142.171 911 1 0 -79.7163 2.43339 -175.85 
     15 121.275 501 0 1 -79.682 2.28583 -204.45 
     15 103.912 911 0 0 -79.6789 2.27333 -205.85 
     15 296.27 1631 9 0 122.56 146.372 63.75 
     15 115.997 119 1 0 -114.65 -156.15 -176.187 
     15 225.794 118 1 0 -114.621 -156.35 -176.099 
Number of digits in this event: 15
Using G4ParticleGun... 
Particle energy: 5.52292 LIN
Particle: gamma
Event: 16
Number of tracker hits in this event: 2
     16 152.502 671 0 0 -121.64 -45.7203 -206.25 
     16 85.3507 672 0 0 -121.681 -45.65 -206.125 
Number of digits in this event: 3
Using G4ParticleGun... 
Particle energy: 5.62862 LIN
Particle: gamma
Event: 17
Number of tracker hits in this event: 33
     17 211.456 594 6 1 -61.0821 -8.00406 -24.45 
     17 227.263 860 6 0 -61.0803 -8.0057 -25.85 
     17 196.404 595 5 1 -61.0396 -8.03671 -54.45 
     17 120.006 860 5 0 -61.0361 -8.03846 -55.85 
     17 106.987 595 4 1 -60.9637 -8.07258 -84.45 
     17 110.803 859 4 0 -60.9588 -8.07418 -85.85 
     17 100.117 595 3 1 -60.8571 -8.10611 -114.45 
     17 110.307 859 3 0 -60.8519 -8.10833 -115.85 
     17 125.896 596 2 1 -60.7401 -8.15297 -144.45 
     17 125.606 859 2 0 -60.7349 -8.15366 -145.85 
     17 114.396 597 1 1 -60.6308 -8.16498 -174.45 
     17 115.576 859 1 0 -60.6267 -8.16428 -175.85 
     17 390.74 597 0 1 -60.5475 -8.15098 -204.45 
     17 379.683 859 0 0 -60.5425 -8.15232 -205.85 
     17 0.665376 354 3 1 -109.227 -59.3143 -114.85 
     17 129.625 741 0 0 -45.9207 -31.65 -206.03 
     17 139.7 592 5 1 -61.4802 -7.74995 -54.45 
     17 135.439 861 5 0 -61.5226 -7.73141 -55.85 
     17 151.49 588 4 1 -62.2745 -7.3721 -84.45 
     17 102.574 863 4 0 -62.324 -7.32682 -85.85 
     17 109.739 584 3 1 -63.1973 -6.70411 -114.45 
     17 169.213 866 3 0 -63.2945 -6.69301 -115.85 
     17 113.851 574 2 1 -65.2118 -6.36786 -144.45 
     17 134.39 868 2 0 -65.341 -6.35179 -145.85 
     17 116.823 559 1 1 -68.0887 -6.03068 -174.45 
     17 112.575 870 1 0 -68.2357 -6.00756 -175.85 
     17 125.549 544 0 1 -71.1773 -5.50051 -204.45 
     17 205.409 872 0 0 -71.336 -5.47148 -205.85 
     17 46.3846 836 0 1 -12.85 -31.269 -204.72 
     17 136.022 593 5 1 -61.45 -7.73106 -54.467 
     17 22.3132 594 5 1 -61.25 -7.6403 -54.7989 
     17 99.4707 862 5 0 -60.5856 -7.5496 -55.85 
     17 81.9922 863 5 0 -60.417 -7.45 -56.1001 
Number of digits in this event: 19
Using G4ParticleGun... 
Particle energy: 6.48003 LIN
Particle: gamma
Event: 18
Number of tracker hits in this event: 121
     18 290.355 1175 7 1 55.0569 -79.5115 5.55 
     18 223.866 502 7 0 55.0574 -79.5118 4.15 
     18 344.77 1175 6 1 55.0721 -79.5215 -24.45 
     18 391.159 502 6 0 55.0739 -79.5219 -25.85 
     18 114.164 1175 5 1 55.1094 -79.5299 -54.45 
     18 374.424 502 5 0 55.1108 -79.5309 -55.85 
     18 505.546 1175 4 1 55.1402 -79.5523 -84.45 
     18 207.23 502 4 0 55.144 -79.5531 -85.85 
     18 742.623 1175 3 1 55.2248 -79.5619 -114.45 
     18 313.364 502 3 0 55.2301 -79.5625 -115.85 
     18 111.105 1176 2 1 55.3376 -79.5731 -144.45 
     18 129.052 502 2 0 55.3441 -79.5752 -145.85 
     18 131.078 1177 1 1 55.4732 -79.6162 -174.45 
     18 111.992 502 1 0 55.4787 -79.6176 -175.85 
     18 121.141 1177 0 1 55.5862 -79.638 -204.45 
     18 243.589 502 0 0 55.5913 -79.6392 -205.85 
     18 54.3113 493 3 0 115.918 -81.37 -116.25 
     18 142.309 500 4 0 54.9509 -79.8974 -85.8506 
     18 84.9239 1153 3 1 50.8087 -85.7911 -114.45 
     18 103.889 1152 3 1 50.6499 -85.9405 -114.592 
     18 29.3135 1151 3 1 50.45 -86.1282 -114.781 
     18 99.2166 463 3 0 49.2853 -87.2543 -115.85 
     18 128.659 462 3 0 49.089 -87.4501 -116.035 
     18 13.4027 461 3 0 48.907 -87.6501 -116.216 
     18 74.7729 1008 2 1 21.7271 -119.441 -144.45 
     18 210.715 1007 2 1 21.65 -119.552 -144.646 
     18 30.3051 299 2 0 21.1698 -120.285 -145.85 
     18 111.768 298 2 0 21.1271 -120.35 -145.954 
     18 103.896 953 1 1 10.6668 -137.952 -174.45 
     18 32.9584 954 1 1 10.85 -137.845 -174.757 
     18 131.747 212 1 0 11.7235 -137.608 -175.85 
     18 38.4472 213 1 0 11.9122 -137.55 -176.118 
     18 141.359 78 1 0 68.8376 -164.354 -176.25 
     18 89.7667 77 1 0 68.9837 -164.55 -176.108 
     18 95.7078 76 1 0 69.0748 -164.75 -175.98 
     18 5.04637 75 1 0 69.2035 -164.95 -175.86 
     18 84.6202 1249 1 1 69.9114 -166.353 -174.85 
     18 97.7261 1250 1 1 70.05 -166.586 -174.726 
     18 297.484 1251 1 1 70.2503 -166.759 -174.62 
     18 82.0952 1252 1 1 70.45 -166.585 -174.612 
     18 150.27 1253 1 1 70.65 -166.433 -174.606 
     18 91.6552 1254 1 1 70.85 -166.332 -174.553 
     18 118.503 1183 2 1 56.7674 -78.9321 -144.45 
     18 110.393 505 2 0 56.8277 -78.8642 -145.85 
     18 41.0007 506 2 0 56.8386 -78.85 -146.123 
     18 113.032 1189 1 1 57.8717 -78.0843 -174.45 
     18 125.023 510 1 0 57.9561 -77.9684 -175.85 
     18 117.178 1198 0 1 59.6621 -75.6966 -204.45 
     18 176.606 521 0 0 59.7411 -75.6606 -205.85 
     18 354.805 506 3 0 54.6531 -78.7339 -115.85 
     18 73.4368 505 3 0 54.5333 -78.85 -116.109 
     18 134.148 504 3 0 54.6642 -79.05 -116.229 
     18 6.14348 257 3 0 127.96 -128.738 -116.25 
     18 93.626 256 3 0 127.967 -128.75 -116.238 
     18 127.374 255 3 0 127.936 -128.95 -116.048 
     18 21.7034 254 3 0 127.902 -129.15 -115.896 
     18 405.908 1544 3 1 128.96 -129.53 -114.85 
     18 223.433 503 3 0 54.7964 -79.4466 -115.85 
     18 322.362 1129 2 1 45.8964 -76.7588 -144.45 
     18 262.143 1128 2 1 45.8499 -76.7285 -144.573 
     18 112.719 518 2 0 45.3532 -76.3858 -145.85 
     18 186.576 1066 1 1 33.2848 -66.5705 -174.451 
     18 80.2469 565 1 0 33.2292 -66.9672 -175.85 
     18 59.7161 564 1 0 33.2126 -67.05 -176.116 
     18 129 1046 0 1 29.4238 -75.7168 -204.45 
     18 104.732 1045 0 1 29.25 -75.9101 -204.591 
     18 46.9005 1044 0 1 29.05 -76.1335 -204.755 
     18 58.5756 513 0 0 27.6922 -77.3543 -205.85 
     18 190.187 512 0 0 27.5874 -77.4501 -205.935 
     18 35.2096 511 0 0 27.3298 -77.65 -206.163 
     18 16.7691 1127 2 1 45.65 -76.1973 -144.823 
     18 13.6685 521 2 0 46.1036 -75.8217 -145.85 
     18 108.071 1133 2 1 46.694 -76.8393 -144.85 
     18 118.84 503 4 0 55.1018 -79.4479 -85.85 
     18 61.0035 1174 3 1 54.8723 -78.5454 -114.45 
     18 55.3562 1173 3 1 54.85 -78.5681 -114.673 
     18 146.997 1153 2 1 50.7679 -81.4996 -144.45 
     18 121.204 492 2 0 50.6349 -81.5745 -145.85 
     18 107.434 1130 1 1 46.1879 -82.8336 -174.45 
     18 71.7943 487 1 0 46.3739 -82.5102 -175.85 
     18 37.456 488 1 0 46.4168 -82.45 -176.113 
     18 41.6931 1167 0 1 53.5351 -76.4262 -204.45 
     18 86.1631 1168 0 1 53.65 -76.3743 -204.548 
     18 73.3578 1169 0 1 53.8506 -76.2573 -204.721 
     18 26.1508 524 0 0 55.5701 -75.1066 -205.85 
     18 185.484 525 0 0 55.6529 -75.0499 -205.9 
     18 108.212 526 0 0 55.9772 -74.85 -206.091 
     18 11.0091 1182 1 0 -2.60169 56.45 -175.883 
     18 48.2118 886 1 1 -2.65315 57.5378 -174.85 
     18 274.539 887 1 1 -2.65 57.5579 -174.828 
     18 161.047 1174 2 1 55.0249 -78.6664 -144.45 
     18 167.209 507 2 0 55.0132 -78.6255 -145.85 
     18 139.154 1173 1 1 54.6987 -77.7897 -174.45 
     18 109.957 511 1 0 54.7036 -77.7327 -175.85 
     18 157.857 1173 0 1 54.807 -76.5217 -204.45 
     18 149.588 517 0 0 54.818 -76.4732 -205.85 
     18 5.84455 757 2 0 152.955 -28.4578 -146.25 
     18 413.789 758 2 0 152.962 -28.4499 -146.239 
     18 108.93 1174 6 1 55.05 -79.5184 -24.4524 
     18 74.1304 1173 6 1 54.85 -79.5791 -24.7101 
     18 37.3769 499 6 0 53.6842 -80.1827 -25.85 
     18 211.546 498 6 0 53.6258 -80.25 -25.9259 
     18 106.884 1177 5 1 55.4747 -79.533 -54.45 
     18 186.942 1177 4 1 55.5095 -79.2287 -84.45 
     18 341.069 504 4 0 55.5062 -79.2201 -85.85 
     18 130.124 1177 3 1 55.4977 -79.1119 -114.45 
     18 124.574 1175 2 1 55.2458 -79.6267 -144.45 
     18 206.6 501 2 0 55.2422 -79.6569 -145.85 
     18 142.448 1175 1 1 55.1854 -80.2404 -174.45 
     18 143.988 498 1 0 55.1802 -80.2911 -175.85 
     18 112.28 1175 0 1 55.088 -81.3771 -204.45 
     18 137.833 493 0 0 55.0919 -81.4265 -205.85 
     18 62.5925 1178 4 1 55.6502 -79.268 -84.7593 
     18 39.0932 505 4 0 56.3533 -79.05 -86.133 
     18 82.9198 1128 0 0 -114.013 45.65 -205.916 
     18 76.549 293 0 1 -121.35 43.6976 -204.607 
     18 269.448 1176 6 1 55.25 -79.5006 -24.6311 
     18 83.1412 1177 6 1 55.4501 -79.9689 -24.7544 
     18 1.57666 503 6 0 56.0411 -79.45 -25.8955 
     18 79.1167 505 7 0 55.3816 -78.942 4.15 
     18 101.717 506 7 0 55.4344 -78.8499 3.9623 
Number of digits in this event: 55
Using G4ParticleGun... 
Particle energy: 3.89978 LIN
Particle: gamma
Event: 19
Number of tracker hits in this event: 86
     19 320.66 602 9 1 -59.5235 64.2414 65.55 
     19 290.121 1220 9 0 -59.5223 64.2425 64.15 
     19 337.404 602 8 1 -59.4979 64.2678 35.55 
     19 153.952 1221 8 0 -59.5003 64.2681 34.15 
     19 450.884 602 7 1 -59.5487 64.2764 5.55 
     19 602.26 1221 7 0 -59.5519 64.2756 4.15 
     19 393.603 602 6 1 -59.6252 64.2485 -24.45 
     19 231.644 1220 6 0 -59.6284 64.2489 -25.85 
     19 302.98 601 5 1 -59.7132 64.2537 -54.45 
     19 117.205 1221 5 0 -59.7197 64.256 -55.85 
     19 98.3699 600 4 1 -59.8618 64.2998 -84.45 
     19 255.714 1221 4 0 -59.8658 64.301 -85.85 
     19 128.267 600 3 1 -59.9556 64.3297 -114.45 
     19 117.675 1221 3 0 -59.9585 64.3307 -115.85 
     19 102.115 600 2 1 -60.0237 64.3584 -144.45 
     19 105.899 1221 2 0 -60.0288 64.3602 -145.85 
     19 137.467 599 1 1 -60.1688 64.3289 -174.45 
     19 118.854 1221 1 0 -60.1681 64.3245 -175.85 
     19 110.931 599 0 1 -60.2362 64.2774 -204.45 
     19 120.863 1221 0 0 -60.2212 64.2923 -205.85 
     19 108.069 646 0 1 -50.8279 28.6643 -204.85 
     19 119.637 601 1 1 -59.8224 64.0928 -174.45 
     19 232.197 1220 1 0 -59.8877 64.0777 -175.85 
     19 31.2011 1219 1 0 -59.889 64.05 -176.128 
     19 170.645 598 0 1 -60.292 60.3816 -204.45 
     19 186.793 1194 0 0 -60.5613 59.0057 -205.85 
     19 80.925 1193 0 0 -60.592 58.85 -205.997 
     19 21.2465 1192 0 0 -60.6568 58.65 -206.201 
     19 90.1605 601 4 1 -59.6574 64.1513 -84.45 
     19 138.591 602 4 1 -59.65 64.1076 -84.7399 
     19 224.135 1219 4 0 -59.6192 63.9339 -85.85 
     19 189.299 602 3 1 -59.5951 58.916 -114.45 
     19 40.2053 1193 3 0 -59.7126 58.6641 -115.851 
     19 99.6016 1192 3 0 -59.719 58.6498 -115.935 
     19 9.21443 594 2 1 -61.2392 53.7898 -144.45 
     19 129.608 593 2 1 -61.25 53.7896 -144.491 
     19 103.871 1168 2 0 -61.6581 53.7858 -145.85 
     19 3.95917 547 1 1 -70.6403 52.5922 -174.45 
     19 203.986 546 1 1 -70.65 52.5961 -174.47 
     19 140.732 1164 1 0 -71.3115 52.9011 -175.85 
     19 124.498 478 0 1 -84.3639 58.6104 -204.45 
     19 307.704 545 1 1 -70.85 52.6495 -174.799 
     19 24.168 544 1 1 -71.05 52.3769 -174.737 
     19 193.806 1220 8 0 -59.5152 64.25 33.7767 
     19 9.3866 1022 8 0 -109.919 24.4661 33.75 
     19 187.569 1021 8 0 -109.933 24.45 33.7594 
     19 199.708 602 5 1 -59.5637 64.216 -54.45 
     19 210.583 1220 5 0 -59.5613 64.2132 -55.85 
     19 286.629 1220 4 0 -59.4992 64.1539 -85.85 
     19 214.321 603 3 1 -59.3824 64.1321 -114.45 
     19 102.631 1220 3 0 -59.372 64.1292 -115.85 
     19 167.192 604 2 1 -59.1599 64.0709 -144.45 
     19 163.576 1220 2 0 -59.1569 64.0703 -145.85 
     19 179.885 604 1 1 -59.1527 64.0705 -174.45 
     19 119.766 604 0 1 -59.1239 64.2258 -204.45 
     19 104.602 1220 0 0 -59.1203 64.2271 -205.85 
     19 217.138 1193 5 0 -68.2314 58.8201 -55.85 
     19 124.577 1219 6 0 -59.5994 63.9301 -25.85 
     19 149.604 1213 5 0 -59.7564 62.8133 -55.85 
     19 130.722 596 4 1 -60.8398 62.786 -84.4501 
     19 99.8881 1213 4 0 -60.8485 62.8168 -85.8501 
     19 100.781 595 3 1 -60.9446 63.74 -114.45 
     19 122.397 1218 3 0 -61.0264 63.8233 -115.85 
     19 143.075 586 2 1 -62.6676 65.4014 -144.45 
     19 114.036 1226 2 0 -62.6936 65.4054 -145.851 
     19 150.114 585 1 1 -62.9273 65.2905 -174.45 
     19 135.791 1226 1 0 -62.7825 65.3626 -175.85 
     19 123.449 603 0 1 -59.3359 65.8725 -204.45 
     19 107.811 1228 0 0 -59.1 65.7554 -205.85 
     19 203.023 601 6 1 -59.8102 65.6853 -24.4503 
     19 185.169 1228 6 0 -59.6435 65.6867 -25.85 
     19 107.02 616 5 1 -56.6718 65.9774 -54.45 
     19 131.606 1229 5 0 -56.6152 65.905 -55.85 
     19 148.387 619 4 1 -56.2479 64.6404 -84.4502 
     19 364.889 651 3 1 -49.8436 57.437 -114.45 
     19 4.57153 1186 3 0 -49.5602 57.2523 -115.851 
     19 114.962 1185 3 0 -49.5564 57.2498 -115.87 
     19 59.0497 679 2 1 -44.082 53.8176 -144.45 
     19 58.3945 680 2 1 -44.05 53.7911 -144.684 
     19 110.009 1167 2 0 -43.856 53.6313 -145.85 
     19 150.832 701 1 1 -39.7712 48.3808 -174.45 
     19 110.667 1140 1 0 -39.4862 48.1793 -175.851 
     19 240.946 729 0 1 -34.157 44.6765 -204.451 
     19 144.988 1120 0 0 -34.17 44.2087 -205.85 
     19 112.231 652 3 1 -49.65 57.4266 -114.789 
     19 214.125 1240 5 0 -58.8765 68.1842 -55.85 
Number of digits in this event: 53
Using G4ParticleGun... 
Particle energy: 6.89568 LIN
Particle: gamma
Event: 20
Number of tracker hits in this event: 16
     20 253.565 901 3 1 0.369935 123.234 -114.45 
     20 221.867 1515 3 0 0.370262 123.234 -115.85 
     20 206.538 901 2 1 0.373581 123.245 -144.45 
     20 272.741 1515 2 0 0.372463 123.243 -145.85 
     20 157.594 901 1 1 0.355816 123.195 -174.45 
     20 400.638 1515 1 0 0.3531 123.194 -175.85 
     20 109.043 901 0 1 0.29524 123.153 -204.45 
     20 8.19256 1515 0 0 0.292983 123.15 -205.85 
     20 228.697 1514 0 0 0.292924 123.15 -205.886 
     20 11.3129 965 8 1 13.1698 144.862 35.55 
     20 97.2604 1514 1 0 0.986594 123.15 -176.161 
     20 17.9706 979 1 0 -75.0885 15.8789 -176.25 
     20 223.253 978 1 0 -75.0975 15.8499 -176.22 
     20 219.235 900 1 1 0.0946504 123.181 -174.45 
     20 119.846 900 0 1 0.0745172 123.127 -204.45 
     20 109.912 1733 1 0 119.938 166.789 -176.25 
Number of digits in this event: 12
Using G4ParticleGun... 
Particle energy: 7.25753 LIN
Particle: gamma
Event: 21
Number of tracker hits in this event: 29
     21 236.849 827 4 1 -14.64 -52.7505 -84.45 
     21 273.232 636 4 0 -14.639 -52.7498 -85.85 
     21 114.043 827 3 1 -14.617 -52.7319 -114.45 
     21 219.346 636 3 0 -14.6187 -52.7328 -115.85 
     21 94.2808 826 2 1 -14.6572 -52.7569 -144.45 
     21 115.479 636 2 0 -14.658 -52.7596 -145.85 
     21 147.575 826 1 1 -14.674 -52.8025 -174.45 
     21 151.863 636 1 0 -14.6735 -52.8039 -175.85 
     21 126.119 826 0 1 -14.6771 -52.8162 -204.45 
     21 146.42 636 0 0 -14.677 -52.8204 -205.85 
     21 32.1111 827 1 1 -14.5076 -52.8928 -174.45 
     21 87.0475 828 1 1 -14.4496 -52.9358 -174.519 
     21 56.9096 829 1 1 -14.25 -53.0468 -174.763 
     21 200.474 633 1 0 -13.2197 -53.2902 -175.85 
     21 8.57282 632 1 0 -12.8018 -53.45 -176.225 
     21 40.0172 1167 9 0 -70.9995 53.5017 63.75 
     21 300.327 1166 9 0 -71.0154 53.4499 63.8442 
     21 262.644 826 4 1 -14.65 -52.7508 -84.7794 
     21 127.582 824 3 1 -15.1805 -52.8198 -114.45 
     21 93.9563 821 2 1 -15.8276 -53.1297 -144.45 
     21 221.103 634 2 0 -15.8763 -53.1315 -145.85 
     21 107.004 816 1 1 -16.8146 -53.1108 -174.45 
     21 109.262 635 1 0 -16.8477 -53.0493 -175.85 
     21 111.597 813 0 1 -17.3943 -51.7793 -204.45 
     21 7.10563 641 0 0 -17.4247 -51.6528 -205.85 
     21 118.337 642 0 0 -17.4254 -51.65 -205.882 
     21 198.758 810 0 1 -17.9537 -53.4982 -204.45 
     21 106.3 633 0 0 -18.0044 -53.3518 -205.85 
     21 285.921 632 0 0 -18.173 -53.4975 -205.85 
Number of digits in this event: 16
Using G4ParticleGun... 
Particle energy: 5.7113 LIN
Particle: gamma
Event: 22
Number of tracker hits in this event: 3
     22 181.189 617 4 0 176.513 -56.6036 -86.25 
     22 147.181 1783 4 1 176.784 -56.1133 -84.85 
     22 48.558 1782 4 1 176.75 -56.0821 -84.7757 
Number of digits in this event: 4
Using G4ParticleGun... 
Particle energy: 6.72677 LIN
Particle: gamma
Event: 23
Number of tracker hits in this event: 65
     23 32.4266 939 8 1 7.97938 137.102 35.2026 
     23 285.349 1584 8 0 7.97847 137.102 34.15 
     23 255.427 939 7 1 7.86927 137.135 5.55 
     23 251.676 1584 7 0 7.86386 137.138 4.15 
     23 356.994 938 6 1 7.6781 137.214 -24.45 
     23 203.703 1585 6 0 7.68463 137.203 -25.85 
     23 241.282 938 5 1 7.73955 137.088 -54.45 
     23 245.326 1584 5 0 7.75048 137.096 -55.85 
     23 327.811 939 4 1 7.98168 137.228 -84.45 
     23 143.575 1585 4 0 7.98934 137.234 -85.85 
     23 151.065 940 3 1 8.10128 137.439 -114.45 
     23 142.916 1586 3 0 8.11318 137.441 -115.85 
     23 219.275 941 2 1 8.29506 137.411 -144.45 
     23 135.204 1586 2 0 8.2995 137.383 -145.85 
     23 122.911 941 1 1 8.42242 136.75 -174.45 
     23 127.218 1582 1 0 8.41939 136.704 -175.85 
     23 143.248 941 0 1 8.36911 135.832 -204.45 
     23 107.294 1578 0 0 8.37404 135.807 -205.85 
     23 280.548 939 5 1 7.85 137.116 -54.741 
     23 155.604 940 5 1 8.07543 137.101 -54.4501 
     23 19.0021 941 5 1 8.25 137.206 -54.8147 
     23 27.0491 1590 5 0 9.46763 138.327 -55.85 
     23 87.8778 1591 5 0 9.52925 138.35 -55.8787 
     23 8.14634 954 5 1 11.0299 139.227 -54.8499 
     23 92.9392 955 5 1 11.05 139.241 -54.8349 
     23 87.0324 956 5 1 11.25 139.399 -54.7166 
     23 65.1789 957 5 1 11.45 139.526 -54.5566 
     23 93.2421 958 5 1 11.6584 139.616 -54.4502 
     23 74.604 959 5 1 11.85 139.728 -54.6575 
     23 56.6429 960 5 1 12.05 139.747 -54.7692 
     23 14.1321 961 5 1 12.25 139.781 -54.8399 
     23 49.7371 1603 5 0 13.0247 140.824 -55.8502 
     23 69.6722 1604 5 0 13.1307 140.95 -55.8904 
     23 234.974 1605 5 0 13.2676 141.15 -55.921 
     23 313.529 1606 5 0 13.2372 141.35 -55.8883 
     23 336.639 1584 6 0 7.88145 137.15 -25.9002 
     23 463.495 935 6 1 7.23675 137.785 -24.8497 
     23 194.071 937 6 1 7.5035 137.134 -24.45 
     23 16.1304 1205 5 0 -89.9804 61.25 -56.1012 
     23 86.4469 1206 5 0 -90.0004 61.25 -56.1214 
     23 59.1707 936 6 1 7.45 137.097 -24.6444 
     23 25.3146 934 6 1 7.05 137.076 -24.5106 
     23 80.3792 1583 6 0 7.14412 136.765 -25.8501 
     23 104.307 939 6 1 7.99922 137.106 -24.45 
     23 249.139 1584 4 0 7.95895 137.043 -85.85 
     23 114.627 939 3 1 7.95682 137.014 -114.45 
     23 137.934 1584 3 0 7.9576 137.015 -115.85 
     23 146.554 939 2 1 7.9783 137.029 -144.45 
     23 128.895 1584 2 0 7.97913 137.029 -145.85 
     23 102.052 939 1 1 7.99864 137.029 -174.45 
     23 119.422 1584 1 0 8.00028 137.029 -175.85 
     23 431.429 939 0 1 8.03253 137.017 -204.45 
     23 405.914 1584 0 0 8.03343 137.016 -205.85 
     23 70.0385 759 5 0 69.8423 -28.05 -56.0608 
     23 105.019 948 3 1 9.7839 135.718 -114.45 
     23 152.135 1576 3 0 9.57323 135.447 -115.85 
     23 265.206 929 2 1 6.02758 130.391 -144.45 
     23 84.0281 930 2 1 6.05002 130.369 -144.565 
     23 127.965 1549 2 0 6.37716 130.09 -145.85 
     23 164.858 981 1 1 16.3176 121.681 -174.45 
     23 19.5106 980 1 1 16.25 121.727 -174.773 
     23 122.163 1508 1 0 15.9884 121.84 -175.85 
     23 53.0793 932 0 1 6.51983 122.306 -204.451 
     23 61.234 931 0 1 6.44976 122.327 -204.65 
     23 105.667 1511 0 0 5.97748 122.445 -205.85 
Number of digits in this event: 36
Using G4ParticleGun... 
Particle energy: 6.19689 LIN
Particle: gamma
Event: 24
Number of tracker hits in this event: 0
Number of digits in this event: 2
Using G4ParticleGun... 
Particle energy: 1.94124 LIN
Particle: gamma
Event: 25
Number of tracker hits in this event: 75
     25 237.607 841 6 1 -11.6518 -48.9847 -24.45 
     25 224.862 655 6 0 -11.6564 -48.9833 -25.85 
     25 112.342 841 5 1 -11.8046 -48.957 -54.45 
     25 429.45 655 5 0 -11.8271 -48.9348 -55.85 
     25 132.616 838 4 1 -12.2809 -48.4923 -84.45 
     25 223.347 657 4 0 -12.3016 -48.4682 -85.85 
     25 137.314 836 3 1 -12.7788 -47.9208 -114.45 
     25 100.943 660 3 0 -12.8081 -47.88 -115.85 
     25 255.837 833 2 1 -13.4234 -47.0327 -144.45 
     25 112.73 664 2 0 -13.3562 -47.1058 -145.85 
     25 120.081 842 1 1 -11.5509 -49.2712 -174.45 
     25 218.987 653 1 0 -11.6485 -49.2587 -175.85 
     25 410.359 827 0 1 -14.5329 -49.4907 -204.45 
     25 110.78 651 0 0 -14.5239 -49.7748 -205.85 
     25 20.5951 650 0 0 -14.5217 -49.85 -206.189 
     25 375.833 677 0 0 -14.553 -44.6317 -205.85 
     25 19.3042 826 0 1 -14.8058 -45.2649 -204.45 
     25 184.061 825 0 1 -14.85 -45.2511 -204.51 
     25 109.141 674 0 0 -15.5637 -45.109 -205.85 
     25 30.2015 700 0 0 -34.1178 -39.9093 -206.25 
     25 58.9345 701 0 0 -34.178 -39.85 -206.163 
     25 70.8907 702 0 0 -34.1823 -39.65 -206.191 
     25 84.4896 703 0 0 -34.1618 -39.45 -206.219 
     25 330.97 704 0 0 -34.1599 -39.25 -206.132 
     25 2.81253 381 4 0 105.756 -103.85 -85.85 
     25 23.4175 728 0 1 -34.3906 -39.6291 -204.85 
     25 43.6734 824 0 1 -15.1263 -44.9617 -204.451 
     25 247.47 678 0 0 -14.6114 -44.45 -206.125 
     25 20.5955 744 0 0 -12.6719 -31.0664 -206.25 
     25 82.2522 745 0 0 -12.6348 -31.05 -206.215 
     25 111.075 746 0 0 -12.5851 -30.85 -206.146 
     25 259.998 747 0 0 -12.707 -30.65 -205.982 
     25 210.799 831 1 1 -13.8124 -46.7669 -174.45 
     25 259.317 666 1 0 -13.922 -46.6815 -175.851 
     25 46.9111 820 0 1 -16.0081 -44.6511 -204.45 
     25 80.278 819 0 1 -16.05 -44.6206 -204.596 
     25 135.811 832 0 1 -13.5449 -46.6939 -204.45 
     25 118.3 666 0 0 -13.5029 -46.7262 -205.85 
     25 263.357 842 5 1 -11.6424 -49.0037 -54.45 
     25 117.628 841 4 1 -11.7826 -48.6641 -84.45 
     25 2.49525 656 4 0 -11.7863 -48.6502 -85.85 
     25 227.717 840 3 1 -11.8578 -48.3691 -114.45 
     25 133.363 658 3 0 -11.8699 -48.3489 -115.85 
     25 145.825 839 2 1 -12.1143 -47.9786 -144.45 
     25 103.919 660 2 0 -12.145 -47.9721 -145.85 
     25 167.579 836 1 1 -12.746 -47.8721 -174.45 
     25 129.318 660 1 0 -12.7792 -47.8572 -175.85 
     25 119.969 833 0 1 -13.4267 -47.5428 -204.45 
     25 110.918 662 0 0 -13.4553 -47.5186 -205.85 
     25 129.423 842 6 1 -11.6499 -48.9857 -24.5158 
     25 118.158 472 0 1 -85.6409 -13.6871 -204.45 
     25 123.332 473 0 1 -85.4498 -13.4237 -204.627 
     25 14.105 474 0 1 -85.25 -13.2193 -204.759 
     25 41.5407 837 0 0 -85.68 -12.5246 -205.85 
     25 154.572 838 0 0 -85.7352 -12.45 -205.959 
     25 49.6408 463 0 1 -87.3415 -11.6384 -204.85 
     25 74.1068 462 0 1 -87.4501 -11.5889 -204.773 
     25 47.4362 461 0 1 -87.65 -11.5133 -204.767 
     25 77.1357 843 0 0 -88.2795 -11.3799 -205.85 
     25 173.57 844 0 0 -88.4234 -11.25 -206.019 
     25 203.429 817 0 0 -64.3433 -16.5999 -206.25 
     25 10.8444 654 5 0 -11.1606 -49.05 -56.2075 
     25 105.741 879 4 1 -4.13181 -49.7343 -84.45 
     25 36.8258 880 4 1 -4.05 -49.773 -84.7402 
     25 210.329 650 4 0 -3.74804 -49.9261 -85.85 
     25 111.78 920 3 1 4.1081 -53.2034 -114.451 
     25 132.291 634 3 0 4.56173 -53.1204 -115.85 
     25 146.951 974 2 1 14.9078 -51.3852 -144.45 
     25 140.488 644 2 0 14.9942 -51.1656 -145.85 
     25 68.8862 980 1 1 16.086 -46.7959 -174.45 
     25 102.641 979 1 1 16.05 -46.7764 -174.565 
     25 168.202 667 1 0 15.652 -46.5639 -175.85 
     25 244.219 931 0 1 6.41201 -40.5828 -204.45 
     25 128.175 697 0 0 5.82272 -40.5904 -205.85 
     25 79.5968 601 2 0 58.6339 -59.7474 -145.85 
Number of digits in this event: 38
Using G4ParticleGun... 
Particle energy: 2.9856 LIN
Particle: gamma
Event: 26
Number of tracker hits in this event: 15
     26 273.411 665 1 1 -47.0269 139.593 -174.45 
     26 208.468 1597 1 0 -47.0517 139.584 -175.85 
     26 188.685 660 0 1 -47.8924 139.72 -204.45 
     26 268.214 1597 0 0 -47.9425 139.723 -205.85 
     26 58.8206 161 10 1 -147.75 92.0725 95.3646 
     26 350.5 277 11 1 -124.61 3.98429 125.55 
     26 234.979 866 0 1 -6.8013 115.509 -204.85 
     26 142.505 867 0 1 -6.64989 115.308 -204.638 
     26 109.24 868 0 1 -6.44997 115.292 -204.539 
     26 132.336 1552 1 0 -71.9887 130.745 -176.25 
     26 146.183 1553 1 0 -72.3167 130.75 -175.922 
     26 119.122 531 1 1 -73.6694 130.894 -174.85 
     26 251.212 530 1 1 -73.85 131.036 -174.603 
     26 121.485 1685 3 0 -149.241 157.268 -116.25 
     26 106.947 665 0 1 -47.0476 139.577 -204.45 
Number of digits in this event: 14
Using G4ParticleGun... 
Particle energy: 2.96298 LIN
Particle: gamma
Event: 27
Number of tracker hits in this event: 1
     27 176.246 1208 0 0 -87.2011 61.7461 -206.25 
Number of digits in this event: 4
Using G4ParticleGun... 
Particle energy: 1.77798 LIN
Particle: gamma
Event: 28
Number of tracker hits in this event: 0
Number of digits in this event: 1
Using G4ParticleGun... 
Particle energy: 5.59404 LIN
Particle: gamma
Event: 29
Number of tracker hits in this event: 34
     29 269.73 1007 7 1 21.5214 -63.525 5.55 
     29 252.927 582 7 0 21.5216 -63.5254 4.15 
     29 309.287 1007 6 1 21.5188 -63.5532 -24.45 
     29 288.324 582 6 0 21.5182 -63.5555 -25.85 
     29 230.027 1007 5 1 21.4917 -63.6191 -54.45 
     29 258.214 582 5 0 21.4891 -63.6186 -55.85 
     29 111.998 1006 4 1 21.4438 -63.6152 -84.45 
     29 236.176 582 4 0 21.4377 -63.617 -85.85 
     29 140.369 1006 3 1 21.3137 -63.6568 -114.45 
     29 391.497 581 3 0 21.3175 -63.6802 -115.85 
     29 114.142 1007 2 1 21.4683 -64.2214 -144.45 
     29 118.745 578 2 0 21.4895 -64.2602 -145.85 
     29 115.683 1009 1 1 21.9687 -65.187 -174.45 
     29 103.997 573 1 0 21.9224 -65.2671 -175.85 
     29 181.252 1004 0 1 20.997 -67.0387 -204.45 
     29 397.531 564 0 0 20.9813 -67.1036 -205.85 
     29 137.509 121 6 1 -155.812 -11.9074 -24.85 
     29 99.3328 122 6 1 -155.75 -11.9555 -24.7232 
     29 74.0835 1389 2 1 97.95 -26.5047 -144.524 
     29 126.936 1388 2 1 97.95 -26.5296 -144.474 
     29 102.536 1387 2 1 97.75 -26.533 -144.532 
     29 253.474 1006 0 1 21.4149 -64.0442 -204.45 
     29 13.9501 578 0 0 21.2227 -64.435 -205.85 
     29 105.79 577 0 0 21.2146 -64.45 -205.904 
     29 85.2019 584 0 0 21.2225 -63.2096 -205.85 
     29 47.4251 585 0 0 21.1869 -63.05 -206.128 
     29 118.204 1008 4 1 21.6569 -63.6241 -84.45 
     29 145.08 1008 3 1 21.7191 -63.7089 -114.45 
     29 128.294 1008 2 1 21.7039 -63.7704 -144.45 
     29 289.079 581 2 0 21.7015 -63.7738 -145.85 
     29 139.388 1008 1 1 21.6574 -63.8359 -174.45 
     29 120.908 581 1 0 21.6572 -63.8412 -175.85 
     29 124.404 1008 0 1 21.666 -63.9488 -204.45 
     29 118.91 580 0 0 21.6771 -63.9553 -205.85 
Number of digits in this event: 23
Using G4ParticleGun... 
Particle energy: 9.42733 LIN
Particle: gamma
Event: 30
Number of tracker hits in this event: 32
     30 154.577 247 7 0 56.7322 -130.618 4.00879 
     30 308.755 1183 6 1 56.7361 -130.611 -24.45 
     30 254.009 247 6 0 56.735 -130.609 -25.85 
     30 251.44 1183 5 1 56.7189 -130.563 -54.45 
     30 320.787 247 5 0 56.7172 -130.56 -55.85 
     30 111.446 1183 4 1 56.6776 -130.497 -84.45 
     30 137.726 248 4 0 56.678 -130.494 -85.85 
     30 148.49 1183 3 1 56.6813 -130.446 -114.45 
     30 147.344 248 3 0 56.6801 -130.445 -115.85 
     30 128.35 1183 2 1 56.6563 -130.407 -144.45 
     30 122.775 248 2 0 56.6545 -130.405 -145.85 
     30 282.988 1182 1 1 56.6249 -130.354 -174.45 
     30 144.819 248 1 0 56.6229 -130.35 -175.85 
     30 112.512 249 1 0 56.6229 -130.35 -175.864 
     30 397.102 1182 0 1 56.5828 -130.264 -204.45 
     30 388.77 249 0 0 56.579 -130.261 -205.85 
     30 22.4368 248 13 1 -130.367 -54.9522 185.15 
     30 231.114 244 0 0 56.7208 -131.184 -205.85 
     30 134.479 243 0 0 56.7445 -131.35 -206.117 
     30 299.753 1185 0 1 57.1657 -131.974 -204.85 
     30 116.378 1182 4 1 56.6472 -130.641 -84.45 
     30 124.175 247 4 0 56.6442 -130.64 -85.85 
     30 111.27 1182 3 1 56.5834 -130.609 -114.45 
     30 122.791 247 3 0 56.5803 -130.608 -115.85 
     30 124.729 1182 2 1 56.5202 -130.578 -144.45 
     30 107.786 247 2 0 56.5175 -130.575 -145.85 
     30 180.506 1181 0 1 56.4061 -130.507 -204.45 
     30 139.53 248 0 0 56.402 -130.505 -205.85 
     30 226.095 1181 1 1 56.45 -130.514 -174.456 
     30 127.802 1180 1 1 56.25 -129.89 -174.629 
     30 208.024 1179 1 1 56.0498 -129.602 -174.642 
     30 319.601 1178 1 1 55.85 -129.323 -174.56 
Number of digits in this event: 29
Using G4ParticleGun... 
Particle energy: 3.98839 LIN
Particle: gamma
Event: 31
Number of tracker hits in this event: 3
     31 344.673 1151 7 1 50.2856 77.796 5.15 
     31 190.932 816 8 0 -87.4474 -16.6543 33.75 
     31 99.8148 815 8 0 -87.3641 -16.85 33.8605 
Number of digits in this event: 4
Using G4ParticleGun... 
Particle energy: 1.57543 LIN
Particle: gamma
Event: 32
Number of tracker hits in this event: 0
Number of digits in this event: 2
Using G4ParticleGun... 
Particle energy: 7.07032 LIN
Particle: gamma
Event: 33
Number of tracker hits in this event: 112
     33 235.221 1234 9 1 66.8651 58.9459 65.55 
     33 225.311 1194 9 0 66.8603 58.9439 64.15 
     33 137.646 1233 8 1 66.7545 58.8901 35.55 
     33 503.869 1194 8 0 66.7508 58.8875 34.15 
     33 128.058 1233 7 1 66.6951 58.8619 5.55 
     33 346.567 1194 7 0 66.6923 58.8627 4.15 
     33 170.046 1232 6 1 66.6372 58.8923 -24.45 
     33 307.812 1194 6 0 66.6366 58.8972 -25.85 
     33 189.587 1232 5 1 66.6427 58.9968 -54.45 
     33 131.678 1194 5 0 66.6397 59.0054 -55.85 
     33 116.694 1232 4 1 66.5595 59.1592 -84.45 
     33 539.833 1195 4 0 66.558 59.1695 -85.85 
     33 97.5675 1232 3 1 66.4905 59.3724 -114.45 
     33 231.726 1196 3 0 66.4883 59.3858 -115.85 
     33 216.579 1232 2 1 66.4766 59.6399 -144.45 
     33 298.929 1197 2 0 66.4647 59.6475 -145.85 
     33 122.729 1231 1 1 66.356 60.0176 -174.45 
     33 78.3946 1199 1 0 66.3256 60.0448 -175.85 
     33 46.1982 1200 1 0 66.3198 60.05 -176.115 
     33 187.231 1228 0 1 65.7845 60.6142 -204.45 
     33 216.267 1202 0 0 65.7527 60.6396 -205.85 
     33 10.1361 771 2 1 -25.6704 92.499 -144.85 
     33 45.9063 1233 2 1 66.65 59.6561 -144.738 
     33 19.7952 1347 1 1 89.584 61.4848 -174.45 
     33 129.806 1348 1 1 89.65 61.5066 -174.515 
     33 37.9546 1349 1 1 89.85 61.5842 -174.76 
     33 69.7671 1208 1 0 90.6308 61.8102 -175.85 
     33 96.4764 1209 1 0 90.742 61.85 -176.027 
     33 22.4698 1455 0 1 111.302 67.8742 -204.45 
     33 112.197 1456 0 1 111.35 67.9032 -204.475 
     33 55.8462 1457 0 1 111.55 68.0297 -204.609 
     33 60.5852 1458 0 1 111.75 68.0511 -204.699 
     33 73.8876 1459 0 1 111.95 68.0299 -204.773 
     33 34.8324 1460 0 1 112.15 68.0068 -204.815 
     33 254.69 1237 0 0 115.66 67.6472 -205.85 
     33 21.9862 1236 0 0 116.489 67.45 -206.235 
     33 13.4584 1122 0 0 146.228 44.4966 -206.25 
     33 80.8134 1121 0 0 146.279 44.45 -206.201 
     33 74.322 1120 0 0 146.469 44.2498 -206.056 
     33 61.407 1119 0 0 146.703 44.05 -205.962 
     33 61.1546 1640 0 1 148.165 43.6746 -204.85 
     33 172.476 1641 0 1 148.35 43.6929 -204.754 
     33 160.777 1642 0 1 148.55 43.7253 -204.658 
     33 164.442 1643 0 1 148.75 43.654 -204.518 
     33 37.4686 1109 0 0 146.147 41.9151 -205.85 
     33 89.1304 1108 0 0 146.099 41.8498 -205.891 
     33 77.3726 1107 0 0 146.082 41.65 -206.067 
     33 186.221 1114 0 0 156.475 43.0274 -206.25 
     33 2.68957 1115 0 0 156.515 43.05 -206.178 
     33 245.168 1113 0 0 156.402 42.85 -206.082 
     33 243.372 1195 5 0 66.6372 59.0501 -56.1443 
     33 76.4962 1193 7 0 66.6911 58.85 3.98094 
     33 35.5547 1723 5 0 155.633 164.75 -56.0831 
     33 48.6599 1674 5 1 155.034 165.157 -54.85 
     33 96.1654 1673 5 1 154.95 165.197 -54.754 
     33 310.493 1672 5 1 154.75 165.309 -54.6725 
     33 229.062 1193 6 0 66.2062 58.7423 -25.85 
     33 122.914 1149 6 0 42.8266 49.888 -26.25 
     33 72.0223 1150 6 0 42.9436 50.05 -26.0336 
     33 306.157 1113 6 1 42.8498 50.1707 -24.8499 
     33 144.871 1234 8 1 66.8855 58.9477 35.55 
     33 105.568 1234 7 1 66.9035 58.9627 5.55 
     33 177.424 1234 6 1 66.9199 59.0005 -24.45 
     33 135.258 1234 5 1 66.9871 59.0511 -54.45 
     33 446.891 1235 4 1 67.0517 59.1178 -84.45 
     33 396.805 1235 3 1 67.0819 59.1567 -114.45 
     33 411.521 1195 3 0 67.0822 59.159 -115.85 
     33 107.244 1235 2 1 67.087 59.1984 -144.45 
     33 368.038 1195 2 0 67.0885 59.2008 -145.85 
     33 103.117 1235 1 1 67.1111 59.2553 -174.45 
     33 97.1149 1196 1 0 67.1133 59.2595 -175.85 
     33 156.123 1235 0 1 67.1532 59.3462 -204.45 
     33 106.343 1196 0 0 67.155 59.3516 -205.85 
     33 3.83102 117 2 1 -156.75 -65.4369 -144.555 
     33 104.73 1237 3 1 67.5297 59.0741 -114.45 
     33 97.714 1239 2 1 67.9779 59.1647 -144.45 
     33 162.222 1244 1 1 68.9395 59.4594 -174.45 
     33 142.439 1197 1 0 68.9703 59.507 -175.85 
     33 134.31 1248 0 1 69.7615 60.5281 -204.45 
     33 4.01575 1314 0 0 94.3365 83.0405 -206.25 
     33 85.9779 1315 0 0 94.3467 83.05 -206.244 
     33 81.6158 1316 0 0 94.555 83.25 -206.15 
     33 184.077 1317 0 0 94.7806 83.45 -206.075 
     33 66.8456 1318 0 0 94.9916 83.6505 -206.108 
     33 56.5901 1319 0 0 95.0832 83.85 -206.164 
     33 47.9099 1331 0 0 102.508 86.4252 -206.25 
     33 151.662 1332 0 0 102.471 86.45 -206.177 
     33 129.83 1236 3 1 67.3083 59.2932 -114.45 
     33 124.471 1249 2 1 70.0212 58.3147 -144.45 
     33 151.832 1190 2 0 69.9447 58.2283 -145.85 
     33 190.47 1237 1 1 67.5024 56.8607 -174.45 
     33 40.1399 1236 1 1 67.45 56.8636 -174.736 
     33 117.437 1184 1 0 67.2757 56.9014 -175.85 
     33 263.297 1213 0 1 62.7169 57.9637 -204.45 
     33 186.889 1190 0 0 62.6995 58.1626 -205.85 
     33 105.546 1193 3 0 67.0262 58.7783 -115.85 
     33 38.0465 1192 3 0 66.973 58.65 -116.16 
     33 96.8374 1186 2 1 57.2817 44.0105 -144.45 
     33 84.6336 1185 2 1 57.25 43.7188 -144.658 
     33 25.285 1109 2 0 56.75 41.9306 -145.85 
     33 84.3466 1108 2 0 56.7281 41.85 -145.902 
     33 77.5561 1107 2 0 56.6668 41.65 -146.019 
     33 58.9077 1106 2 0 56.5988 41.4499 -146.133 
     33 78.7508 1117 1 1 43.5931 -5.70025 -174.45 
     33 27.1903 1118 1 1 43.6501 -5.74701 -174.753 
     33 202.092 872 1 0 44.2954 -5.53461 -175.85 
     33 136.248 1234 2 1 66.9017 58.113 -144.45 
     33 76.1878 1189 2 0 66.9059 58.05 -146.012 
     33 113.306 1239 1 1 67.9547 57.4933 -174.45 
     33 138.398 1186 1 0 67.9553 57.4338 -175.85 
     33 98.7974 1240 0 1 68.0887 56.1527 -204.45 
     33 115.603 1180 0 0 68.0666 56.1044 -205.85 
Number of digits in this event: 55
Using G4ParticleGun... 
Particle energy: 1.80403 LIN
Particle: gamma
Event: 34
Number of tracker hits in this event: 0
Number of digits in this event: 1
Using G4ParticleGun... 
Particle energy: 6.71299 LIN
Particle: gamma
Event: 35
Number of tracker hits in this event: 65
     35 258.505 872 7 1 -5.53422 -147.815 5.55 
     35 245.665 161 7 0 -5.53575 -147.817 4.15 
     35 276.919 872 6 1 -5.56402 -147.846 -24.45 
     35 221.214 161 6 0 -5.56641 -147.846 -25.85 
     35 186.671 872 5 1 -5.61908 -147.851 -54.45 
     35 231.99 161 5 0 -5.61689 -147.852 -55.85 
     35 117.013 872 4 1 -5.5624 -147.894 -84.45 
     35 436.375 161 4 0 -5.56094 -147.893 -85.85 
     35 247.247 872 3 1 -5.51871 -147.926 -114.45 
     35 224.655 161 3 0 -5.51798 -147.93 -115.85 
     35 111.364 872 2 1 -5.51332 -148.007 -144.45 
     35 143.082 160 2 0 -5.51623 -148.005 -145.85 
     35 516.363 872 1 1 -5.57597 -147.971 -174.45 
     35 255.077 160 1 0 -5.5853 -147.97 -175.85 
     35 162.528 871 0 1 -5.81687 -147.991 -204.45 
     35 130.622 160 0 0 -5.82895 -148.001 -205.85 
     35 118.649 153 1 0 -6.31304 -149.451 -175.85 
     35 520.77 152 1 0 -6.32398 -149.55 -175.957 
     35 381.27 1191 4 1 58.3945 -61.538 -84.85 
     35 31.2073 1190 4 1 58.25 -60.6795 -84.4739 
     35 322.344 871 1 1 -5.80223 -147.642 -174.45 
     35 136.234 870 1 1 -5.85 -147.19 -174.765 
     35 37.294 177 1 0 -6.5559 -144.712 -175.85 
     35 11.2311 178 1 0 -6.60277 -144.55 -175.873 
     35 453.972 861 1 1 -7.6558 -142.6 -174.85 
     35 7.60909 860 1 1 -7.85004 -141.835 -174.465 
     35 115.703 159 1 0 -5.93312 -148.267 -175.85 
     35 129.911 829 0 1 -14.1307 -154.747 -204.45 
     35 122.288 124 0 0 -14.3655 -155.154 -205.85 
     35 20.4722 154 1 0 -4.89258 -149.319 -175.85 
     35 172.327 872 0 1 -5.46944 -146.211 -204.45 
     35 187.443 873 0 1 -5.45 -146.209 -204.553 
     35 137.14 170 0 0 -5.16877 -146.148 -205.85 
     35 0.936421 216 1 0 -17.1831 -136.78 -176.25 
     35 181.975 869 1 1 -6.05 -147.639 -174.717 
     35 75.5136 868 1 1 -6.25 -147.468 -174.732 
     35 115.069 867 1 1 -6.45 -147.273 -174.675 
     35 203.271 866 1 1 -6.6501 -147.088 -174.546 
     35 155.578 865 1 1 -6.85 -146.758 -174.479 
     35 345.179 873 2 1 -5.42957 -147.896 -144.45 
     35 500.814 161 2 0 -5.462 -147.797 -145.85 
     35 106.746 172 1 0 -6.21844 -145.662 -175.85 
     35 160.138 865 0 1 -6.85726 -143.854 -204.45 
     35 4.11766 181 0 0 -6.87807 -143.751 -205.85 
     35 117.566 182 0 0 -6.87827 -143.75 -205.864 
     35 149.363 873 1 1 -5.29604 -147.077 -174.45 
     35 121.656 165 1 0 -5.31388 -147.016 -175.85 
     35 53.1949 171 0 0 -5.67791 -145.765 -205.85 
     35 63.3173 172 0 0 -5.68517 -145.75 -206.127 
     35 6.16841 20 0 0 -70.3385 -176.009 -206.25 
     35 144.142 873 5 1 -5.42958 -147.833 -54.45 
     35 107.854 873 4 1 -5.32353 -147.872 -84.45 
     35 145.543 873 3 1 -5.27167 -147.873 -114.45 
     35 101.128 874 1 1 -5.22104 -147.887 -174.45 
     35 147.092 161 1 0 -5.22486 -147.905 -175.85 
     35 128.468 159 0 0 -5.3028 -148.314 -205.85 
     35 18.7885 160 3 0 -5.90999 -148.137 -115.85 
     35 89.6795 159 3 0 -5.94006 -148.15 -115.924 
     35 16.8084 200 3 0 14.183 -139.963 -116.25 
     35 94.1677 201 3 0 14.1948 -139.95 -116.209 
     35 97.7324 202 3 0 14.3681 -139.75 -116.007 
     35 57.1861 203 3 0 14.4983 -139.55 -116.042 
     35 92.677 204 3 0 14.5392 -139.35 -116.061 
     35 92.6605 205 3 0 14.549 -139.15 -115.94 
     35 316.477 206 3 0 14.4772 -138.95 -116.01 
Number of digits in this event: 39
Using G4ParticleGun... 
Particle energy: 3.78481 LIN
Particle: gamma
Event: 36
Number of tracker hits in this event: 0
Number of digits in this event: 2
Using G4ParticleGun... 
Particle energy: 6.7144 LIN
Particle: gamma
Event: 37
Number of tracker hits in this event: 94
     37 547.668 730 9 1 -33.9283 60.6938 65.55 
     37 369.814 1203 9 0 -33.9299 60.6915 64.15 
     37 322.752 730 8 1 -33.9692 60.6374 35.55 
     37 177.412 1202 8 0 -33.972 60.6318 34.15 
     37 211.707 730 7 1 -34.0463 60.5425 5.55 
     37 134.959 1202 7 0 -34.0518 60.538 4.15 
     37 324.568 729 6 1 -34.1617 60.4371 -24.45 
     37 206.119 1201 6 0 -34.1627 60.4343 -25.85 
     37 178.371 729 5 1 -34.1675 60.3523 -54.45 
     37 133.69 1201 5 0 -34.1696 60.3465 -55.85 
     37 135.735 729 4 1 -34.2189 60.2338 -84.45 
     37 138.583 1200 4 0 -34.2245 60.2278 -85.85 
     37 150.253 728 3 1 -34.3265 60.1226 -114.45 
     37 120.385 1200 3 0 -34.3256 60.1178 -115.85 
     37 167.14 728 2 1 -34.2914 60.0272 -144.45 
     37 116.987 1199 2 0 -34.2892 60.0237 -145.85 
     37 130.527 729 1 1 -34.2435 59.9468 -174.45 
     37 392.94 1199 1 0 -34.2362 59.9392 -175.85 
     37 117.456 729 0 1 -34.0731 59.7772 -204.45 
     37 232.301 1198 0 0 -34.0704 59.7708 -205.85 
     37 175.454 728 1 1 -34.25 59.947 -174.562 
     37 131.908 1212 1 0 -36.8581 62.6396 -175.85 
     37 140.443 1213 1 0 -36.8726 62.65 -175.859 
     37 40.7784 719 1 1 -36.1524 64.4407 -174.85 
     37 143.61 1203 8 0 -33.9463 60.7032 34.15 
     37 116.958 1203 7 0 -33.9587 60.7329 4.15 
     37 263.68 730 6 1 -33.9158 60.788 -24.45 
     37 140.287 1203 6 0 -33.9117 60.7907 -25.85 
     37 128.097 731 5 1 -33.8322 60.8459 -54.45 
     37 107.196 1203 5 0 -33.8268 60.8432 -55.85 
     37 103.867 731 4 1 -33.7113 60.7876 -84.45 
     37 122.971 1203 4 0 -33.7083 60.7867 -85.85 
     37 239.477 732 3 1 -33.6482 60.781 -114.45 
     37 143.726 1203 3 0 -33.6454 60.7797 -115.85 
     37 130.469 732 2 1 -33.5838 60.7392 -144.45 
     37 101.283 1203 2 0 -33.5811 60.7349 -145.85 
     37 936.743 732 1 1 -33.5126 60.6493 -174.45 
     37 309.495 1202 1 0 -33.511 60.6471 -175.85 
     37 159.585 732 0 1 -33.4693 60.6038 -204.45 
     37 136 1202 0 0 -33.4691 60.5981 -205.85 
     37 44.0851 733 0 1 -33.45 60.5885 -204.829 
     37 111.213 733 1 1 -33.45 60.9352 -174.46 
     37 22.3398 731 1 1 -33.6501 61.8536 -174.795 
     37 16.3788 1214 1 0 -35.2196 62.85 -176.201 
     37 81.8035 771 0 1 -25.7417 54.0367 -204.45 
     37 49.6791 770 0 1 -25.85 53.9334 -204.695 
     37 90.7857 1167 0 0 -26.2725 53.5163 -205.85 
     37 58.7708 1166 0 0 -26.3331 53.45 -206.038 
     37 21.0631 1480 1 0 -17.8312 116.239 -176.25 
     37 73.8995 1481 1 0 -17.8535 116.35 -176.199 
     37 74.2425 1482 1 0 -17.9314 116.55 -176.095 
     37 102.759 1483 1 0 -18.1209 116.75 -176.096 
     37 276.165 1484 1 0 -18.2212 116.95 -176.135 
     37 163.985 1485 1 0 -18.1365 117.15 -176.189 
     37 272.046 1486 1 0 -18.8639 117.35 -175.952 
     37 263.282 1033 0 1 26.65 55.478 -204.584 
     37 225.033 737 0 1 -32.549 58.8465 -204.45 
     37 94.766 1193 0 0 -32.3585 58.7397 -205.85 
     37 90.0502 657 2 0 44.591 -48.557 -146.25 
     37 138.324 656 2 0 44.533 -48.65 -146.155 
     37 129.362 731 3 1 -33.6558 60.9319 -114.45 
     37 38.9419 1207 3 0 -33.4679 61.5805 -115.85 
     37 83.0917 1208 3 0 -33.4486 61.65 -115.982 
     37 57.5588 746 2 1 -30.7145 78.0917 -144.45 
     37 165.304 747 2 1 -30.65 78.2105 -144.573 
     37 19.0233 1297 2 0 -29.8757 79.6012 -145.85 
     37 74.0269 1298 2 0 -29.8485 79.65 -145.894 
     37 63.2182 1299 2 0 -29.7374 79.85 -146.065 
     37 8.71702 1300 2 0 -29.6119 80.05 -146.23 
     37 103.063 858 1 1 -8.39083 114.073 -174.45 
     37 167.215 859 1 1 -8.25 114.176 -174.706 
     37 283.387 1472 1 0 -7.57749 114.606 -175.85 
     37 50.609 1006 0 1 21.337 124.472 -204.45 
     37 88.0819 1007 0 1 21.45 124.512 -204.543 
     37 38.4615 1008 0 1 21.6501 124.61 -204.749 
     37 3.29048 1524 0 0 22.4053 125.146 -205.85 
     37 264.41 1525 0 0 22.4112 125.15 -205.859 
     37 47.3852 1465 0 0 36.3756 113.236 -206.25 
     37 167.134 1464 0 0 36.401 113.15 -206.173 
     37 98.1982 1463 0 0 36.6019 112.95 -206.033 
     37 62.1996 1462 0 0 36.7488 112.75 -206.052 
     37 119.506 1461 0 0 36.7112 112.55 -206.034 
     37 191.302 1086 0 1 37.3844 113.291 -204.85 
     37 147.348 1471 1 0 -7.57186 114.55 -176.002 
     37 104.802 1204 3 0 -33.7021 60.9624 -115.85 
     37 107.937 729 2 1 -34.1348 61.7454 -144.45 
     37 141.782 1208 2 0 -34.0722 61.8002 -145.85 
     37 288.445 735 1 1 -32.936 63.196 -174.45 
     37 164.801 1216 1 0 -32.907 63.3351 -175.85 
     37 23.6288 1230 0 0 -32.5187 66.2475 -205.85 
     37 170.788 1231 0 0 -32.5156 66.25 -205.905 
     37 24.1197 1205 1 0 -33.5579 61.2348 -175.851 
     37 93.1137 1206 1 0 -33.5508 61.25 -175.921 
     37 16.6339 738 0 1 -32.3988 68.518 -204.45 
Number of digits in this event: 54
Using G4ParticleGun... 
Particle energy: 5.75438 LIN
Particle: gamma
Event: 38
Number of tracker hits in this event: 4
     38 166.487 1582 1 0 47.2983 136.63 -175.85 
     38 80.1845 1144 2 1 48.9643 138.326 -144.85 
     38 92.0991 1145 2 1 49.05 138.358 -144.685 
     38 175.005 420 2 1 -95.95 155.873 -144.538 
Number of digits in this event: 4
Using G4ParticleGun... 
Particle energy: 4.21685 LIN
Particle: gamma
Event: 39
Number of tracker hits in this event: 1
     39 23.559 682 0 0 88.4014 -43.637 -206.25 
Number of digits in this event: 2
Using G4ParticleGun... 
Particle energy: 4.01905 LIN
Particle: gamma
Event: 40
Number of tracker hits in this event: 3
     40 303.616 36 5 0 -111.585 -172.78 -56.25 
     40 86.4294 54 4 0 129.026 -169.24 -86.25 
     40 179.437 53 4 0 129.143 -169.35 -86.1581 
Number of digits in this event: 5
Using G4ParticleGun... 
Particle energy: 5.66742 LIN
Particle: gamma
Event: 41
Number of tracker hits in this event: 139
     41 226.335 1164 8 1 53.0313 -12.8314 35.55 
     41 200.674 836 8 0 53.0309 -12.8299 34.15 
     41 286.226 1164 7 1 53.0321 -12.7925 5.55 
     41 121.539 836 7 0 53.034 -12.7929 4.15 
     41 296.08 1165 6 1 53.0827 -12.8066 -24.45 
     41 354.112 836 6 0 53.0829 -12.806 -25.85 
     41 389.192 1165 5 1 53.0938 -12.7869 -54.45 
     41 554.141 836 5 0 53.0958 -12.7852 -55.85 
     41 290.928 1165 4 1 53.1426 -12.724 -84.45 
     41 285.912 836 4 0 53.1469 -12.7135 -85.85 
     41 292.764 1165 3 1 53.2191 -12.4907 -114.45 
     41 472.114 837 3 0 53.216 -12.4781 -115.85 
     41 215.766 1165 2 1 53.1642 -12.2295 -144.45 
     41 113.868 839 2 0 53.164 -12.2184 -145.85 
     41 128.681 1165 1 1 53.1674 -11.9732 -174.45 
     41 102.073 840 1 0 53.1678 -11.9642 -175.85 
     41 131.168 1165 0 1 53.1657 -11.7761 -204.45 
     41 150.691 841 0 0 53.1611 -11.7719 -205.85 
     41 393.332 1164 3 1 53.05 -12.4255 -114.641 
     41 242.418 1164 4 1 52.9262 -12.7495 -84.45 
     41 110.41 1162 3 1 52.5916 -12.6339 -114.45 
     41 174.743 1160 2 1 52.0805 -12.4475 -144.45 
     41 223.865 838 2 0 52.0585 -12.433 -145.85 
     41 121.076 1157 1 1 51.6479 -12.1263 -174.45 
     41 174.098 839 1 0 51.6375 -12.1127 -175.85 
     41 129.586 1156 0 1 51.4242 -11.9125 -204.45 
     41 334.979 840 0 0 51.2802 -11.9328 -205.85 
     41 235.154 1154 0 1 51.0388 -12.21 -204.45 
     41 74.4693 1155 0 1 51.0619 -12.2261 -204.45 
     41 274.733 839 0 0 50.9348 -12.0863 -205.85 
     41 63.9623 817 1 0 72.1449 -16.5778 -176.25 
     41 117.461 840 4 0 53.2437 -11.9032 -85.85 
     41 110.394 1168 3 1 53.6854 -11.3771 -114.45 
     41 153.94 843 3 0 53.6912 -11.3186 -115.85 
     41 170.594 1168 2 1 53.759 -9.86868 -144.45 
     41 118.671 851 2 0 53.7235 -9.80996 -145.85 
     41 533.029 1164 1 1 52.9034 -8.60091 -174.45 
     41 149.757 857 1 0 52.7962 -8.57636 -175.85 
     41 125.654 1152 0 1 50.5534 -8.16709 -204.45 
     41 120.832 859 0 0 50.4382 -8.16495 -205.85 
     41 222.812 1171 1 1 54.3381 -10.7498 -174.45 
     41 110.752 847 1 0 54.2742 -10.6225 -175.85 
     41 310.015 1164 0 1 53.0018 -7.78555 -204.45 
     41 104.652 862 0 0 52.8907 -7.61158 -205.85 
     41 268.055 1620 5 0 -60.3824 144.284 -56.25 
     41 145.698 1619 5 0 -60.0367 144.15 -55.979 
     41 324.687 846 1 0 54.3118 -10.7838 -175.85 
     41 4.53172 849 0 0 53.0232 -10.052 -205.85 
     41 101.516 850 0 0 53.024 -10.05 -205.868 
     41 125.978 835 7 0 53.0045 -12.8593 4.15 
     41 225.49 1164 6 1 52.9518 -12.7836 -24.45 
     41 180.174 1164 5 1 52.9212 -12.6951 -54.45 
     41 256.383 837 4 0 52.8918 -12.6399 -85.85 
     41 522.911 1164 2 1 52.9226 -12.4633 -144.45 
     41 115.714 837 2 0 52.9206 -12.4586 -145.85 
     41 109.352 838 1 0 52.8919 -12.3241 -175.85 
     41 108.031 1163 0 1 52.8473 -12.1895 -204.45 
     41 105.424 1166 2 1 53.25 -12.7662 -144.736 
     41 67.1991 829 2 0 54.4787 -14.0906 -145.85 
     41 71.0625 828 2 0 54.6195 -14.25 -145.968 
     41 70.6065 827 2 0 54.7721 -14.45 -146.136 
     41 3.11574 197 2 0 25.2353 -140.738 -146.25 
     41 79.5844 196 2 0 25.2255 -140.75 -146.246 
     41 67.8831 195 2 0 25.1034 -140.95 -146.197 
     41 126.032 194 2 0 25.0103 -141.15 -146.184 
     41 48.5925 193 2 0 24.9441 -141.35 -146.147 
     41 58.4576 192 2 0 24.8953 -141.55 -146.133 
     41 57.8305 191 2 0 24.8198 -141.75 -146.12 
     41 77.1324 190 2 0 24.7487 -141.95 -146.071 
     41 44.4427 189 2 0 24.6627 -142.15 -146.036 
     41 103.765 188 2 0 24.6205 -142.35 -146.043 
     41 200.405 187 2 0 24.5792 -142.55 -146.004 
     41 111.173 186 2 0 24.4731 -142.75 -145.959 
     41 2.23255 1013 2 1 22.6611 -142.648 -144.85 
     41 62.3073 1012 2 1 22.65 -142.647 -144.843 
     41 123.941 1011 2 1 22.45 -142.667 -144.717 
     41 66.4363 1010 2 1 22.25 -142.715 -144.645 
     41 167.975 1009 2 1 22.05 -142.904 -144.706 
     41 13.7454 1008 2 1 21.85 -143.369 -144.816 
     41 27.8195 178 2 0 21.2824 -144.489 -145.85 
     41 94.1517 177 2 0 21.2564 -144.55 -145.917 
     41 70.0451 176 2 0 21.2364 -144.75 -146.142 
     41 26.5424 170 2 0 19.0557 -145.95 -145.994 
     41 90.9896 1123 1 1 44.7389 -11.0492 -174.45 
     41 254.038 1122 1 1 44.65 -10.9986 -174.718 
     41 219.711 1074 0 1 35.0391 -4.94082 -204.45 
     41 165.177 877 0 0 34.4344 -4.64793 -205.85 
     41 107.114 899 0 0 21.5298 -0.0500043 -206.244 
     41 17.6 1012 1 0 -3.04277 22.6062 -176.25 
     41 141.995 1013 1 0 -3.0625 22.65 -176.211 
     41 78.7609 1014 1 0 -3.08725 22.85 -176.048 
     41 80.0216 1015 1 0 -3.12707 23.0501 -175.98 
     41 55.6932 1016 1 0 -3.08223 23.25 -176.033 
     41 50.7117 1017 1 0 -3.01722 23.4501 -176.159 
     41 56.3972 1018 1 0 -2.97501 23.65 -176.207 
     41 19.4351 1019 1 0 -2.89727 23.8501 -176.221 
     41 164.395 1021 1 0 8.14497 24.4047 -176.25 
     41 268.798 1022 1 0 8.02963 24.45 -176.1 
     41 56.6555 1005 0 1 21.1033 0.05 -204.468 
     41 110.203 1073 0 1 34.8493 -4.86362 -204.615 
     41 39.6009 1072 0 1 34.6499 -4.71996 -204.809 
     41 120.031 887 0 0 33.7095 -2.61068 -205.85 
     41 95.3348 888 0 0 33.7986 -2.45 -206.057 
     41 82.0361 889 0 0 33.8439 -2.24986 -205.967 
     41 139.694 890 0 0 33.8838 -2.05 -205.894 
     41 73.2085 891 0 0 33.9346 -1.85 -205.983 
     41 80.3504 1166 6 1 53.25 -13.1874 -24.7234 
     41 56.6483 1167 6 1 53.45 -13.2139 -24.7641 
     41 51.9768 1168 6 1 53.65 -13.2875 -24.7461 
     41 65.9916 1169 6 1 53.85 -13.358 -24.7505 
     41 126.299 1170 6 1 54.05 -13.425 -24.7324 
     41 111.169 826 6 0 54.3856 -14.6695 -25.85 
     41 139.737 825 6 0 54.4193 -14.8501 -26.077 
     41 23.2456 824 6 0 54.6637 -15.05 -26.226 
     41 148.611 1255 5 1 71.0517 -12.5406 -54.45 
     41 187.492 835 5 0 71.6116 -12.9358 -55.85 
     41 57.6783 1331 4 1 86.3046 -19.8331 -84.4501 
     41 235.339 1332 4 1 86.45 -19.9285 -84.5439 
     41 51.4192 1333 4 1 86.65 -20.0717 -84.6785 
     41 25.1929 1334 4 1 86.8503 -20.2259 -84.8086 
     41 20.517 792 4 0 88.5116 -21.6023 -85.85 
     41 87.2349 791 4 0 88.5704 -21.65 -85.8862 
     41 95.4928 790 4 0 88.8351 -21.8501 -86.0356 
     41 61.721 789 4 0 89.1101 -22.0501 -86.17 
     41 27.162 1665 3 1 153.259 -68.2184 -114.45 
     41 46.6582 1666 3 1 153.35 -68.2087 -114.471 
     41 53.7071 1667 3 1 153.55 -68.1902 -114.516 
     41 54.1933 1668 3 1 153.75 -68.1689 -114.568 
     41 78.6269 1669 3 1 153.95 -68.1445 -114.634 
     41 53.6653 1670 3 1 154.15 -68.1227 -114.688 
     41 79.2074 1671 3 1 154.35 -68.1042 -114.744 
     41 49.5593 1672 3 1 154.55 -68.0817 -114.796 
     41 16.3421 1673 3 1 154.75 -68.0476 -114.838 
     41 462.859 565 3 0 159.123 -66.9649 -115.85 
     41 613.097 566 3 0 159.56 -66.85 -115.915 
     41 179.421 567 3 0 160.376 -66.65 -116.054 
     41 18.5684 564 3 0 159.677 -67.0501 -116.231 
     41 39.2713 482 3 0 127.916 -83.4629 -116.25 
     41 135.387 483 3 0 127.927 -83.45 -116.238 
Number of digits in this event: 66
Using G4ParticleGun... 
Particle energy: 5.62723 LIN
Particle: gamma
Event: 42
Number of tracker hits in this event: 12
     42 213.304 828 2 1 -14.4414 -50.6982 -144.45 
     42 229.796 646 2 0 -14.4244 -50.6861 -145.85 
     42 118.137 830 1 1 -13.9631 -50.3028 -174.45 
     42 130.024 648 1 0 -13.95 -50.2894 -175.85 
     42 200.457 832 0 1 -13.5994 -50.007 -204.45 
     42 149.879 650 0 0 -13.5823 -49.9661 -205.85 
     42 137.871 827 1 1 -14.451 -50.7101 -174.45 
     42 128.327 646 1 0 -14.4506 -50.7091 -175.85 
     42 136.493 828 0 1 -14.4445 -50.691 -204.45 
     42 124.062 646 0 0 -14.4442 -50.6898 -205.85 
     42 398.203 1513 12 1 122.79 2.51466 155.15 
     42 17.5528 1512 12 1 122.75 2.64771 155.488 
Number of digits in this event: 13
Using G4ParticleGun... 
Particle energy: 3.70608 LIN
Particle: gamma
Event: 43
Number of tracker hits in this event: 0
Number of digits in this event: 2
Using G4ParticleGun... 
Particle energy: 2.64962 LIN
Particle: gamma
Event: 44
Number of tracker hits in this event: 16
     44 186.751 1352 2 1 90.6043 71.669 -144.45 
     44 169.721 1258 2 0 90.6032 71.6692 -145.85 
     44 103.832 1352 1 1 90.5869 71.6758 -174.45 
     44 109.754 1258 1 0 90.5848 71.6763 -175.85 
     44 151.419 1351 0 1 90.531 71.7013 -204.45 
     44 159.658 1258 0 0 90.5274 71.7032 -205.85 
     44 33.7478 1351 2 1 90.5498 71.6785 -144.71 
     44 65.9271 1259 2 0 90.3634 71.85 -146.025 
     44 0.208768 1331 1 1 86.2509 77.5375 -174.45 
     44 179.658 1330 1 1 86.25 77.5376 -174.451 
     44 30.7098 1329 1 1 86.0494 77.5493 -174.753 
     44 140.792 1287 1 0 85.4672 77.5912 -175.85 
     44 152.943 1282 0 1 76.6419 84.6584 -204.45 
     44 84.232 1283 0 1 76.65 84.6536 -204.491 
     44 121.948 1281 0 1 76.45 84.3284 -204.825 
     44 220.221 1280 0 1 76.25 84.1958 -204.731 
Number of digits in this event: 11
Using G4ParticleGun... 
Particle energy: 9.73725 LIN
Particle: gamma
Event: 45
Number of tracker hits in this event: 94
     45 337.99 311 6 1 -117.941 88.8316 -24.45 
     45 312.321 1343 6 0 -117.941 88.8318 -25.85 
     45 233.318 311 5 1 -117.933 88.8391 -54.45 
     45 216.176 1343 5 0 -117.933 88.8381 -55.85 
     45 178.177 311 4 1 -117.943 88.8165 -84.45 
     45 134.089 1343 4 0 -117.943 88.8175 -85.85 
     45 270.084 310 3 1 -117.962 88.8388 -114.45 
     45 93.6035 1343 3 0 -117.96 88.8363 -115.85 
     45 408.441 311 2 1 -117.928 88.7856 -144.45 
     45 486.536 1343 2 0 -117.928 88.7857 -145.85 
     45 177.496 311 1 1 -117.921 88.7894 -174.45 
     45 113.403 1343 1 0 -117.92 88.7901 -175.85 
     45 116.584 311 0 1 -117.901 88.8114 -204.45 
     45 349.379 1343 0 0 -117.901 88.8102 -205.85 
     45 265.861 310 0 1 -118.022 88.8936 -204.451 
     45 460.962 1344 0 0 -118.061 88.8572 -205.851 
     45 155.706 1344 5 0 -117.863 88.85 -56.2193 
     45 89.3158 417 4 1 -96.6734 95.3228 -84.45 
     45 80.2458 418 4 1 -96.55 95.4013 -84.6304 
     45 36.3446 1379 4 0 -95.5878 96.1027 -85.8501 
     45 292.553 1380 4 0 -95.501 96.15 -85.934 
     45 78.2532 1184 4 0 0.81355 57.019 -86.25 
     45 81.0675 1183 4 0 0.942296 56.85 -86.1039 
     45 48.1149 907 4 1 1.56639 56.1753 -84.849 
     45 108.424 908 4 1 1.65 56.1175 -84.7003 
     45 103.728 909 4 1 1.85 55.9509 -84.4805 
     45 94.2438 910 4 1 2.05029 55.6951 -84.5371 
     45 44.9558 911 4 1 2.25 55.649 -84.7109 
     45 24.2822 1176 4 0 2.87316 55.4454 -85.8504 
     45 149.962 1177 4 0 2.91681 55.45 -85.9279 
     45 58.1586 1257 4 0 83.6 71.5523 -86.25 
     45 133.402 315 1 1 -117.102 88.6443 -174.45 
     45 224.888 1342 1 0 -116.905 88.6287 -175.85 
     45 78.8966 339 0 1 -112.266 87.7054 -204.45 
     45 131.779 338 0 1 -112.35 87.7808 -204.577 
     45 35.3081 1342 0 0 -113.183 88.5942 -205.85 
     45 339.288 312 2 1 -117.75 88.631 -144.544 
     45 357.618 313 2 1 -117.55 88.5713 -144.655 
     45 18.4946 314 2 1 -117.35 88.5761 -144.774 
     45 588.664 310 1 1 -118.03 88.5231 -174.45 
     45 120.777 331 0 1 -113.893 89.2792 -204.451 
     45 110.082 1346 0 0 -113.932 89.2566 -205.85 
     45 339.941 310 2 1 -117.95 88.7594 -144.599 
     45 53.1204 309 2 1 -118.15 88.8325 -144.69 
     45 278.491 308 2 1 -118.35 88.8074 -144.736 
     45 113.545 307 2 1 -118.55 88.8217 -144.751 
     45 119.155 1347 2 0 -118.525 89.5998 -145.85 
     45 119.946 1348 2 0 -118.524 89.6512 -145.895 
     45 108.726 1349 2 0 -118.603 89.85 -145.935 
     45 229.166 1350 2 0 -118.876 90.15 -145.997 
     45 141.17 310 4 1 -117.951 88.8943 -84.45 
     45 109.552 1344 4 0 -117.952 88.8964 -85.85 
     45 129.578 1344 3 0 -117.989 88.9399 -115.85 
     45 374.681 1344 2 0 -118.047 88.9733 -145.85 
     45 351.419 1344 1 0 -118.136 89.0251 -175.85 
     45 136.762 309 0 1 -118.195 89.0484 -204.45 
     45 122.863 1345 1 0 -118.148 89.0502 -175.874 
     45 116.956 306 0 1 -118.907 89.0577 -204.45 
     45 133.866 300 0 1 -120.131 89.7045 -204.45 
     45 155.381 1350 0 0 -120.073 90.173 -205.85 
     45 207 311 3 1 -117.863 88.9346 -114.45 
     45 46.6811 312 3 1 -117.75 88.956 -114.711 
     45 106.451 1345 3 0 -117.717 89.0609 -115.85 
     45 43.3748 1381 2 0 -121.104 96.4346 -145.85 
     45 58.5929 1382 2 0 -121.179 96.55 -145.872 
     45 57.3707 1383 2 0 -121.263 96.75 -145.895 
     45 47.0273 1384 2 0 -121.373 96.95 -145.898 
     45 60.7886 1385 2 0 -121.444 97.1501 -145.921 
     45 59.6184 1386 2 0 -121.501 97.35 -145.953 
     45 63.1647 1387 2 0 -121.548 97.5507 -145.938 
     45 59.3279 1388 2 0 -121.625 97.75 -145.919 
     45 69.41 1389 2 0 -121.698 97.95 -145.881 
     45 32.9435 290 2 1 -122.126 100.227 -144.85 
     45 319.051 289 2 1 -122.15 100.367 -144.812 
     45 529.812 288 2 1 -122.35 101.318 -144.673 
     45 329.148 287 2 1 -122.55 101.614 -144.674 
     45 197.999 286 2 1 -122.75 102.066 -144.71 
     45 10.4164 1427 2 0 -123.943 105.717 -145.85 
     45 83.6907 1428 2 0 -123.958 105.75 -145.867 
     45 80.9061 1429 2 0 -124.029 105.95 -145.876 
     45 114.099 1430 2 0 -123.949 106.15 -145.908 
     45 163.117 1434 2 0 -126.862 106.999 -145.85 
     45 142.434 1229 5 0 -81.3513 66.0096 -56.25 
     45 4.17887 1341 3 0 -117.022 88.2583 -115.85 
     45 130.34 1340 3 0 -117.01 88.25 -115.867 
     45 120.83 413 2 1 -97.4665 78.6863 -144.45 
     45 99.667 1294 2 0 -97.3678 78.8989 -145.85 
     45 119.868 1363 2 0 -102.116 92.7512 -146.25 
     45 47.9878 386 2 1 -102.857 92.724 -144.85 
     45 82.7285 385 2 1 -102.95 92.7345 -144.7 
     45 17.57 384 2 1 -103.15 92.7059 -144.493 
     45 59.236 1346 2 0 -118.128 89.4494 -145.993 
     45 58.4344 1345 2 0 -118.061 89.25 -146.094 
     45 406.963 1342 2 0 -118.02 88.6497 -146.015 
Number of digits in this event: 47
Using G4ParticleGun... 
Particle energy: 9.17681 LIN
Particle: gamma
Event: 46
Number of tracker hits in this event: 116
     46 440.114 629 9 1 -54.1759 11.3857 65.55 
     46 250.619 956 9 0 -54.1758 11.3857 64.15 
     46 203.44 629 8 1 -54.1753 11.3899 35.55 
     46 94.2016 956 8 0 -54.1761 11.3896 34.15 
     46 124.533 629 7 1 -54.1889 11.382 5.55 
     46 139.529 956 7 0 -54.1892 11.382 4.15 
     46 444.267 629 6 1 -54.1946 11.3825 -24.45 
     46 467.985 956 6 0 -54.1948 11.3828 -25.85 
     46 119.519 629 5 1 -54.1948 11.3898 -54.45 
     46 115.825 956 5 0 -54.1949 11.3916 -55.85 
     46 339.799 629 4 1 -54.2034 11.4173 -84.45 
     46 358.917 956 4 0 -54.2048 11.415 -85.85 
     46 237.622 629 3 1 -54.2429 11.3752 -114.45 
     46 322.917 956 3 0 -54.2534 11.3759 -115.85 
     46 195.05 627 2 1 -54.4688 11.3872 -144.45 
     46 460.289 956 2 0 -54.4785 11.3878 -145.85 
     46 121.587 626 1 1 -54.6752 11.3955 -174.45 
     46 274.237 956 1 0 -54.684 11.3962 -175.85 
     46 138.733 625 0 1 -54.8572 11.4057 -204.45 
     46 292.1 956 0 0 -54.8666 11.4067 -205.85 
     46 159.68 624 2 0 -30.7928 -55.1317 -146.25 
     46 281.953 626 0 1 -54.85 11.4046 -204.513 
     46 56.3683 957 1 0 -54.6771 11.45 -176.157 
     46 422.026 628 2 1 -54.2737 11.392 -144.45 
     46 102.406 628 1 1 -54.3287 11.2483 -174.45 
     46 128.681 955 1 0 -54.3286 11.2413 -175.85 
     46 123.158 628 0 1 -54.3154 11.0796 -204.45 
     46 110.265 955 0 0 -54.3131 11.0686 -205.85 
     46 92.7639 1059 2 0 -108.846 31.85 -146.09 
     46 153.27 1136 5 0 -115.668 47.2692 -56.25 
     46 153.027 303 4 1 -119.35 49.0499 -84.7843 
     46 59.483 566 6 0 31.2918 -66.85 -25.905 
     46 118.118 494 2 0 11.0851 -81.05 -146.147 
     46 19.0612 493 2 0 11.1801 -81.25 -146.058 
     46 143.797 628 3 1 -54.2613 11.3935 -114.45 
     46 121.16 627 1 1 -54.5335 11.3237 -174.45 
     46 11.9749 1530 3 1 126.15 -98.6849 -114.785 
     46 86.038 244 4 0 152.979 -131.242 -86.2499 
     46 67.4125 243 4 0 152.955 -131.35 -86.1856 
     46 42.0713 953 2 0 -55.2682 10.6749 -145.85 
     46 27.9673 952 2 0 -55.3316 10.65 -145.856 
     46 33.6098 616 2 1 -56.7539 11.0171 -144.85 
     46 60.8293 957 2 0 -57.92 11.6389 -145.85 
     46 22.2453 916 0 0 -60.8896 3.45 -206.222 
     46 66.8896 917 0 0 -60.8785 3.45 -206.181 
     46 160.542 628 6 1 -54.25 11.3989 -24.4525 
     46 122.533 960 6 0 -54.9681 12.1215 -25.85 
     46 192.37 961 6 0 -55.0867 12.25 -26.1432 
     46 90.5396 1080 6 0 -79.7279 36.1205 -26.25 
     46 63.9263 1081 6 0 -79.8749 36.25 -25.9679 
     46 183.688 498 6 1 -80.2515 37.2259 -24.85 
     46 45.1845 1162 7 0 -94.9967 52.5618 3.75006 
     46 92.7322 1163 7 0 -95.0579 52.65 3.85168 
     46 62.0523 1164 7 0 -95.2993 52.85 4.04804 
     46 70.2449 411 7 1 -97.7627 53.6705 5.15 
     46 82.9538 410 7 1 -97.9502 53.7961 5.21682 
     46 73.2503 409 7 1 -98.1507 53.9043 5.28818 
     46 79.8919 408 7 1 -98.3501 54.0502 5.38761 
     46 121.369 962 6 0 -55.0227 12.45 -25.9486 
     46 132.786 651 5 1 -49.7585 12.0849 -54.4505 
     46 91.6068 652 5 1 -49.65 11.9377 -54.598 
     46 69.3674 653 5 1 -49.4499 11.7898 -54.7776 
     46 7.23939 654 5 1 -49.25 11.689 -54.8415 
     46 30.5542 949 5 0 -45.1057 9.96621 -55.85 
     46 0.596228 789 5 1 -22.0564 2.95645 -54.85 
     46 51.5588 790 5 1 -22.0499 2.95438 -54.8496 
     46 1.24825 791 5 1 -21.85 2.88692 -54.8493 
     46 179.891 903 5 0 -16.6255 0.703426 -55.85 
     46 192.123 902 5 0 -16.5162 0.65 -55.8834 
     46 166.206 831 5 1 -13.8333 0.815841 -54.85 
     46 67.6222 832 5 1 -13.65 0.81642 -54.7581 
     46 271.463 833 5 1 -13.4496 0.803467 -54.6579 
     46 219.725 834 5 1 -13.2499 0.863111 -54.5085 
     46 113.077 835 5 1 -13.05 0.968619 -54.6166 
     46 124.02 905 5 0 -12.1941 1.24604 -55.85 
     46 14.06 906 5 0 -11.9191 1.25 -55.8547 
     46 9.17867 859 5 1 -8.08986 2.39771 -54.85 
     46 35.4824 909 5 0 1.14202 1.92893 -55.85 
     46 10.4175 922 5 1 4.6183 -1.24684 -54.85 
     46 9.05512 898 5 0 6.91645 -0.260879 -55.85 
     46 48.1611 899 5 0 6.9391 -0.25 -55.8552 
     46 74.3955 938 5 1 7.70641 -0.919137 -54.85 
     46 53.6524 892 5 0 7.31316 -1.45464 -55.85 
     46 7.33346 893 5 0 7.31037 -1.45 -55.856 
     46 285.5 693 3 1 -41.3308 4.89615 -114.45 
     46 82.4823 918 3 0 -41.478 3.818 -115.85 
     46 71.4929 917 3 0 -41.4952 3.65 -116.053 
     46 118.525 679 2 1 -44.2287 -12.8404 -144.45 
     46 20.2512 680 2 1 -44.0494 -12.9337 -144.792 
     46 162.508 834 2 0 -42.7756 -13.1001 -145.85 
     46 1.4426 744 4 0 -103.452 -31.1773 -86.25 
     46 28.3838 694 3 1 -41.1708 4.94987 -114.45 
     46 91.2193 924 3 0 -41.8354 4.90153 -115.85 
     46 29.955 923 3 0 -41.9583 4.85 -116.144 
     46 108.493 630 8 1 -53.8876 11.6647 35.55 
     46 131.33 957 8 0 -53.9258 11.6469 34.15 
     46 116.233 626 7 1 -54.7851 11.5653 5.55 
     46 116.708 957 7 0 -54.8253 11.5528 4.15 
     46 107.386 621 6 1 -55.7778 11.2502 -24.45 
     46 129.737 626 5 1 -54.7279 13.6697 -54.45 
     46 165.504 968 5 0 -54.667 13.7954 -55.85 
     46 127.92 632 4 1 -53.554 16.3373 -84.45 
     46 109.827 982 4 0 -53.2789 16.5496 -85.85 
     46 45.0929 662 3 1 -47.4862 21.0161 -114.45 
     46 95.465 663 3 1 -47.45 21.0292 -114.587 
     46 128.359 1005 3 0 -47.1149 21.1437 -115.85 
     46 62.8225 701 2 1 -39.6819 23.5996 -144.45 
     46 52.1011 702 2 1 -39.65 23.5915 -144.694 
     46 247.178 1017 2 0 -39.5033 23.5423 -145.85 
     46 114.054 720 1 1 -36.0354 22.4856 -174.45 
     46 121.523 1013 1 0 -35.6195 22.6845 -175.85 
     46 248.342 769 0 1 -26.1687 27.3747 -204.45 
     46 42.4269 1034 0 0 -26.0464 26.9021 -205.85 
     46 89.5705 1033 0 0 -26.0403 26.85 -205.998 
     46 34.1942 613 4 0 5.16755 -57.25 -86.2396 
     46 28.2032 614 4 0 5.12942 -57.2499 -86.2377 
Number of digits in this event: 50
Using G4ParticleGun... 
Particle energy: 5.82858 LIN
Particle: gamma
Event: 47
Number of tracker hits in this event: 6
     47 249.067 1393 1 1 98.8005 -55.6217 -174.45 
     47 387.187 622 1 0 98.7988 -55.6209 -175.85 
     47 261.492 1393 0 1 98.763 -55.5957 -204.45 
     47 263.937 622 0 0 98.7609 -55.5961 -205.85 
     47 102.306 1155 6 1 51.25 126.656 -24.6446 
     47 109.76 477 11 1 -84.45 146.906 125.186 
Number of digits in this event: 6
Using G4ParticleGun... 
Particle energy: 5.95704 LIN
Particle: gamma
Event: 48
Number of tracker hits in this event: 0
Number of digits in this event: 2
Using G4ParticleGun... 
Particle energy: 3.23415 LIN
Particle: gamma
Event: 49
Number of tracker hits in this event: 2
     49 77.0627 893 0 0 66.9545 -1.38948 -206.25 
     49 5.80672 925 0 0 76.4196 5.19281 -206.25 
Number of digits in this event: 2
Using G4ParticleGun... 
Particle energy: 5.18642 LIN
Particle: gamma
Event: 50
Number of tracker hits in this event: 0
Number of digits in this event: 2
Using G4ParticleGun... 
Particle energy: 2.08177 LIN
Particle: gamma
Event: 51
Number of tracker hits in this event: 0
Number of digits in this event: 1
Using G4ParticleGun... 
Particle energy: 6.32057 LIN
Particle: gamma
Event: 52
Number of tracker hits in this event: 0
Number of digits in this event: 2
Using G4ParticleGun... 
Particle energy: 7.43409 LIN
Particle: gamma
Event: 53
Number of tracker hits in this event: 6
     53 252.418 302 0 1 -119.61 -12.0322 -204.45 
     53 267.979 840 0 0 -119.609 -12.0317 -205.85 
     53 53.3466 574 0 0 -138.133 -65.05 -205.903 
     53 53.765 212 0 1 -137.65 -68.4101 -204.85 
     53 51.4824 558 0 0 -138.247 -68.411 -205.85 
     53 122.45 557 0 0 -138.21 -68.4501 -205.915 
Number of digits in this event: 4
Using G4ParticleGun... 
Particle energy: 7.14461 LIN
Particle: gamma
Event: 54
Number of tracker hits in this event: 49
     54 347.162 1512 9 1 122.688 -17.6225 65.55 
     54 364.113 812 9 0 122.688 -17.6219 64.15 
     54 296.856 1512 8 1 122.713 -17.5974 35.55 
     54 256.511 812 8 0 122.712 -17.5968 34.15 
     54 239.104 1512 7 1 122.705 -17.5908 5.55 
     54 225.26 812 7 0 122.697 -17.5935 4.15 
     54 181.471 1511 6 1 122.515 -17.6489 -24.45 
     54 226.508 811 6 0 122.511 -17.6506 -25.85 
     54 127.121 1511 5 1 122.44 -17.6879 -54.45 
     54 295.226 811 5 0 122.441 -17.689 -55.85 
     54 360.82 1511 4 1 122.49 -17.6971 -84.45 
     54 237.674 811 4 0 122.492 -17.6957 -85.85 
     54 170.909 1511 3 1 122.534 -17.6695 -114.45 
     54 179.445 811 3 0 122.535 -17.658 -115.85 
     54 143.093 1511 2 1 122.53 -17.393 -144.45 
     54 228.774 813 2 0 122.529 -17.3813 -145.85 
     54 132.741 1511 1 1 122.502 -17.1457 -174.45 
     54 108.637 814 1 0 122.497 -17.1398 -175.85 
     54 125.544 1511 0 1 122.399 -17.0472 -204.45 
     54 168.871 815 0 0 122.397 -17.0424 -205.85 
     54 150.569 97 1 0 152.222 -160.55 -176.001 
     54 110.362 1513 8 1 122.75 -17.5715 35.2043 
     54 300.156 1512 6 1 122.662 -17.6725 -24.45 
     54 161.805 1512 5 1 122.652 -17.719 -54.45 
     54 181.114 1512 4 1 122.604 -17.8262 -84.45 
     54 188.845 1512 3 1 122.589 -17.925 -114.45 
     54 129.401 810 3 0 122.592 -17.9308 -115.85 
     54 111.473 1512 2 1 122.642 -18.0303 -144.45 
     54 116.271 810 2 0 122.643 -18.0386 -145.85 
     54 198.748 1512 1 1 122.695 -18.1974 -174.45 
     54 252.675 809 1 0 122.695 -18.2039 -175.85 
     54 170.718 1512 0 1 122.696 -18.3227 -204.45 
     54 104.208 808 0 0 122.697 -18.3265 -205.85 
     54 54.8496 285 2 0 92.288 -122.95 -146.063 
     54 18.9392 443 1 0 67.5908 -91.35 -176.22 
     54 378.705 807 1 0 124.104 -18.508 -175.85 
     54 138.567 812 1 0 122.002 -17.6219 -175.85 
     54 74.1269 813 1 0 121.716 -17.45 -175.874 
     54 79.7314 1501 1 1 120.429 -17.474 -174.85 
     54 199.162 1500 1 1 120.35 -17.4956 -174.797 
     54 68.6489 810 1 0 119.93 -17.9961 -175.85 
     54 388.448 673 1 0 105.097 -45.3621 -176.25 
     54 148.323 1513 1 1 122.75 -18.2576 -174.522 
     54 100.866 1513 0 1 122.75 -18.1918 -204.607 
     54 487.995 813 0 0 123.091 -17.3588 -205.85 
     54 30.2199 1015 0 0 127.183 23.0994 -206.25 
     54 32.1956 846 0 0 117.318 -10.7883 -206.25 
     54 82.674 931 2 0 80.0065 6.32271 -146.25 
     54 3.57483 913 0 0 137.273 2.65 -206.008 
Number of digits in this event: 38
Using G4ParticleGun... 
Particle energy: 9.57187 LIN
Particle: gamma
Event: 55
Number of tracker hits in this event: 17
     55 231.431 533 3 1 -73.4398 92.3528 -114.45 
     55 241.474 1361 3 0 -73.4395 92.3532 -115.85 
     55 248.63 533 2 1 -73.4347 92.3673 -144.45 
     55 212.116 1361 2 0 -73.4335 92.3677 -145.85 
     55 231.276 533 1 1 -73.406 92.3718 -174.45 
     55 130.137 1361 1 0 -73.4058 92.3728 -175.85 
     55 124.393 533 0 1 -73.4064 92.3918 -204.45 
     55 107.749 1361 0 0 -73.4075 92.3919 -205.85 
     55 9.86581 918 5 1 3.67767 -22.2748 -54.85 
     55 119.451 1362 1 0 -73.2586 92.5539 -175.85 
     55 144.232 534 0 1 -73.1489 92.7203 -204.45 
     55 136.681 1362 0 0 -73.1388 92.7213 -205.85 
     55 129.18 46 8 0 38.3044 -170.772 33.75 
     55 112.302 1090 8 1 38.1458 -171.144 35.15 
     55 207.251 1091 8 1 38.2501 -171.191 35.3374 
     55 226.842 1092 8 1 38.45 -171.242 35.4945 
     55 281.183 41 8 0 37.421 -171.848 34.15 
Number of digits in this event: 16
Using G4ParticleGun... 
Particle energy: 1.64107 LIN
Particle: gamma
Event: 56
Number of tracker hits in this event: 0
Number of digits in this event: 1
Using G4ParticleGun... 
Particle energy: 8.79217 LIN
Particle: gamma
Event: 57
Number of tracker hits in this event: 86
     57 280.892 697 9 1 -40.5232 125.094 65.55 
     57 275.364 1524 9 0 -40.5232 125.094 64.15 
     57 249.824 697 8 1 -40.5171 125.101 35.55 
     57 296.124 1524 8 0 -40.5169 125.102 34.15 
     57 266.368 697 7 1 -40.5166 125.12 5.55 
     57 395.302 1524 7 0 -40.5165 125.122 4.15 
     57 174.372 697 6 1 -40.5114 125.16 -24.45 
     57 129.644 1525 6 0 -40.5116 125.162 -25.85 
     57 468.529 697 5 1 -40.5112 125.203 -54.45 
     57 358.273 1525 5 0 -40.5105 125.204 -55.85 
     57 118.996 697 4 1 -40.4824 125.21 -84.45 
     57 157.817 1525 4 0 -40.4828 125.21 -85.85 
     57 129.332 697 3 1 -40.4891 125.219 -114.45 
     57 109.229 1525 3 0 -40.4942 125.217 -115.85 
     57 118.786 697 2 1 -40.6036 125.178 -144.45 
     57 133.656 1525 2 0 -40.6094 125.175 -145.85 
     57 196.615 696 1 1 -40.7287 125.133 -174.45 
     57 128.689 1524 1 0 -40.7334 125.131 -175.85 
     57 99.2055 696 0 1 -40.8298 125.089 -204.45 
     57 120.585 1524 0 0 -40.835 125.088 -205.85 
     57 296.191 1563 7 0 30.902 132.902 3.75 
     57 18.1267 1564 7 0 30.9055 132.95 3.95514 
     57 119.188 698 4 1 -40.4319 124.722 -84.45 
     57 163.827 1523 4 0 -40.4085 124.76 -85.85 
     57 32.0464 700 3 1 -39.8519 125.564 -114.45 
     57 103.908 701 3 1 -39.85 125.565 -114.566 
     57 113.133 1527 3 0 -39.8069 125.569 -115.85 
     57 122.539 706 2 1 -38.8096 125.631 -144.45 
     57 132.499 1527 2 0 -38.7581 125.61 -145.85 
     57 119.454 711 1 1 -37.7287 125.388 -174.45 
     57 110.61 1526 1 0 -37.6774 125.474 -175.85 
     57 136.885 717 0 1 -36.5625 127.055 -204.45 
     57 98.4774 1534 0 0 -36.4624 127.105 -205.85 
     57 130.78 1524 5 0 -40.5895 125.073 -55.85 
     57 140.061 691 4 1 -41.7196 122.362 -84.45 
     57 137.304 1510 4 0 -41.8771 122.202 -85.85 
     57 165.944 675 3 1 -44.9565 119.19 -114.45 
     57 159.328 1495 3 0 -45.2809 119.234 -115.85 
     57 205.36 637 2 1 -52.4582 121.073 -144.45 
     57 182.101 1505 2 0 -52.9996 121.225 -145.85 
     57 111.106 581 1 1 -63.7693 124.815 -174.451 
     57 93.2855 1525 1 0 -64.0399 125.157 -175.85 
     57 130.257 557 0 1 -68.5559 131.956 -204.45 
     57 142.457 1561 0 0 -68.5496 132.357 -205.85 
     57 48.4415 1013 0 1 22.65 96.3577 -204.5 
     57 154.055 1529 5 0 -41.9553 125.981 -55.85 
     57 109.635 698 6 1 -40.4299 124.886 -24.45 
     57 161.383 1523 6 0 -40.4247 124.884 -25.85 
     57 101.27 698 5 1 -40.3048 124.785 -54.45 
     57 115.04 1523 5 0 -40.2983 124.782 -55.85 
     57 155.098 699 4 1 -40.1754 124.717 -84.45 
     57 125.131 1522 4 0 -40.1703 124.709 -85.85 
     57 166.975 699 3 1 -40.0639 124.555 -114.45 
     57 120.604 1521 3 0 -40.0551 124.546 -115.85 
     57 296.35 700 2 1 -39.8508 124.371 -144.45 
     57 195.343 701 2 1 -39.85 124.37 -144.564 
     57 142.8 1521 2 0 -39.8405 124.365 -145.85 
     57 102.043 702 1 1 -39.613 124.221 -174.45 
     57 145.874 1520 1 0 -39.6052 124.214 -175.85 
     57 281.07 702 0 1 -39.4843 124.073 -204.45 
     57 135.714 1519 0 0 -39.4745 124.067 -205.85 
     57 572.417 289 6 1 -122.255 157.204 -24.85 
     57 123.836 288 6 1 -122.35 157.447 -24.5482 
     57 52.57 702 2 1 -39.65 124.48 -144.67 
     57 58.5063 1523 2 0 -39.239 124.881 -145.85 
     57 58.1201 1524 2 0 -39.1841 124.95 -146.062 
     57 225.957 1520 2 0 -39.9597 124.309 -145.85 
     57 260.906 701 1 1 -39.7721 124.553 -174.45 
     57 107.001 1522 1 0 -39.7376 124.564 -175.85 
     57 110.59 705 0 1 -38.9314 124.776 -204.45 
     57 101.949 1523 0 0 -38.9083 124.809 -205.85 
     57 186.072 701 0 1 -39.65 124.648 -204.594 
     57 1.40976 700 0 1 -39.85 124.5 -204.847 
     57 251.095 1518 0 0 -40.6807 123.897 -205.85 
     57 70.2295 1517 0 0 -40.9091 123.75 -206.087 
     57 123.323 703 0 1 -39.4359 125.083 -204.451 
     57 95.5733 1526 0 0 -39.1692 125.462 -205.85 
     57 101.132 1527 0 0 -39.1585 125.55 -206.065 
     57 1.88355 1587 0 0 -36.4403 137.747 -206.25 
     57 145.363 1588 0 0 -36.4404 137.75 -206.243 
     57 134.705 715 0 1 -36.9198 138.314 -204.85 
     57 146.945 1519 1 0 -39.8201 124.107 -175.85 
     57 22.9132 1206 3 0 -38.0866 61.45 -116.183 
     57 195.045 536 9 1 -72.65 -33.7306 65.3951 
     57 81.2289 779 0 1 -24.0826 125.76 -204.45 
     57 371.726 780 0 1 -24.05 125.789 -204.475 
Number of digits in this event: 58
Using G4ParticleGun... 
Particle energy: 7.45214 LIN
Particle: gamma
Event: 58
Number of tracker hits in this event: 8
     58 8.92582 1208 0 0 69.7598 61.65 -206.054 
     58 201.39 1029 0 0 57.9035 25.9576 -206.25 
     58 28.1151 1028 0 0 57.6999 25.85 -205.948 
     58 232.001 1188 0 1 57.756 25.6839 -204.85 
     58 34.5246 1189 0 1 57.85 25.9396 -204.81 
     58 7.34055 1190 0 1 58.0554 26.0508 -204.85 
     58 18.4961 1194 0 1 58.9774 25.4025 -204.85 
     58 147.563 1335 12 1 87.2366 72.9722 155.55 
Number of digits in this event: 4
Using G4ParticleGun... 
Particle energy: 6.3699 LIN
Particle: gamma
Event: 59
Number of tracker hits in this event: 4
     59 68.9466 870 2 1 -5.97703 -28.0911 -144.85 
     59 106.998 869 2 1 -6.05 -28.1495 -144.777 
     59 269.519 1307 7 0 -49.7358 81.6293 3.75 
     59 71.2573 1308 7 0 -49.8558 81.65 3.98718 
Number of digits in this event: 2
Using G4ParticleGun... 
Particle energy: 6.38236 LIN
Particle: gamma
Event: 60
Number of tracker hits in this event: 3
     60 266.775 875 0 1 -4.87294 41.9656 -204.45 
     60 389.036 1109 0 0 -4.87354 41.9672 -205.85 
     60 73.7075 1610 0 0 67.6429 142.15 -206.115 
Number of digits in this event: 4
Using G4ParticleGun... 
Particle energy: 4.15126 LIN
Particle: gamma
Event: 61
Number of tracker hits in this event: 7
     61 221.456 249 1 1 -130.252 7.09043 -174.45 
     61 303.47 935 1 0 -130.256 7.08904 -175.85 
     61 227.815 249 0 1 -130.33 7.06211 -204.45 
     61 143.187 935 0 0 -130.334 7.06056 -205.85 
     61 28.5736 252 0 1 -129.555 7.77449 -204.45 
     61 91.6316 253 0 1 -129.55 7.77711 -204.525 
     61 170.549 938 0 0 -129.462 7.82499 -205.85 
Number of digits in this event: 7
Using G4ParticleGun... 
Particle energy: 9.39749 LIN
Particle: gamma
Event: 62
Number of tracker hits in this event: 7
     62 139.328 692 5 0 -68.201 -41.6177 -56.25 
     62 41.8526 691 5 0 -68.3836 -41.6503 -55.9206 
     62 30.4391 554 5 1 -69.1046 -42.592 -54.85 
     62 137.638 555 5 1 -69.05 -42.6594 -54.8243 
     62 16.2853 556 5 1 -68.85 -42.5532 -54.8459 
     62 131.213 703 5 0 -63.6377 -39.4143 -55.85 
     62 130.989 704 5 0 -63.685 -39.2499 -56.0166 
Number of digits in this event: 7
Using G4ParticleGun... 
Particle energy: 6.51663 LIN
Particle: gamma
Event: 63
Number of tracker hits in this event: 12
     63 384.636 356 1 1 -108.867 -64.4269 -174.45 
     63 217.705 578 1 0 -108.87 -64.4237 -175.85 
     63 234.456 356 0 1 -108.934 -64.3642 -204.45 
     63 272.92 578 0 0 -108.936 -64.363 -205.85 
     63 42.0424 763 6 1 -27.4185 -166.039 -24.4502 
     63 216.728 355 1 1 -108.95 -64.3794 -174.458 
     63 122.653 25 1 1 -175.109 17.5223 -174.45 
     63 52.2439 302 9 1 -119.562 -144.245 65.55 
     63 58.9085 301 9 1 -119.75 -144.805 65.3236 
     63 46.4084 628 4 1 -54.4421 165.446 -84.85 
     63 49.2998 298 1 1 -120.374 -69.1752 -174.85 
     63 114.853 223 3 0 -171.377 -135.35 -116.133 
Number of digits in this event: 8
Using G4ParticleGun... 
Particle energy: 4.26334 LIN
Particle: gamma
Event: 64
Number of tracker hits in this event: 35
     64 265.979 641 8 1 -51.6899 53.4317 35.5282 
     64 315.355 1166 8 0 -51.6859 53.4293 34.15 
     64 108.082 642 7 1 -51.5871 53.3018 5.55 
     64 225.813 1166 7 0 -51.5859 53.2935 4.15 
     64 117.252 642 6 1 -51.6144 53.2362 -24.45 
     64 111.335 1165 6 0 -51.6157 53.2414 -25.85 
     64 266.882 641 5 1 -51.6609 53.4718 -54.45 
     64 166.053 1167 5 0 -51.6818 53.4918 -55.85 
     64 112.242 639 4 1 -52.1173 53.8568 -84.45 
     64 121.794 1169 4 0 -52.1445 53.8889 -85.85 
     64 246.348 635 3 1 -52.9354 54.6362 -114.45 
     64 109.69 1173 3 0 -52.9758 54.6693 -115.85 
     64 121.768 631 2 1 -53.8035 55.3505 -144.45 
     64 111.163 1176 2 0 -53.8214 55.3726 -145.85 
     64 105.058 629 1 1 -54.1431 55.896 -174.45 
     64 108.74 1179 1 0 -54.1837 55.9356 -175.85 
     64 139.166 625 0 1 -54.8943 56.7497 -204.45 
     64 134.415 1183 0 0 -54.9124 56.7621 -205.85 
     64 12.1964 637 3 1 -52.6443 54.5072 -114.45 
     64 106.693 641 7 1 -51.7056 53.4272 5.55 
     64 136.404 641 6 1 -51.7004 53.3551 -24.45 
     64 115.546 1166 6 0 -51.6973 53.3436 -25.85 
     64 64.5701 1165 5 0 -51.6595 53.0525 -55.85 
     64 36.2322 1164 5 0 -51.6593 53.05 -56.1057 
     64 134.968 642 4 1 -51.6223 52.7392 -84.45 
     64 120.341 1163 4 0 -51.6231 52.6931 -85.85 
     64 226.336 642 3 1 -51.6428 51.725 -114.45 
     64 120.52 1158 3 0 -51.6579 51.6863 -115.85 
     64 175.462 643 2 1 -51.4166 50.8252 -144.45 
     64 131.333 1153 2 0 -51.4197 50.7863 -145.85 
     64 122.771 642 1 1 -51.4562 49.879 -174.45 
     64 139.638 1148 1 0 -51.4644 49.826 -175.85 
     64 12.5668 643 0 1 -51.4496 48.7776 -204.45 
     64 93.1662 642 0 1 -51.45 48.7745 -204.5 
     64 120.697 1143 0 0 -51.4614 48.6877 -205.85 
Number of digits in this event: 21
Using G4ParticleGun... 
Particle energy: 5.984 LIN
Particle: gamma
Event: 65
Number of tracker hits in this event: 1
     65 435.74 437 1 1 -92.5668 -58.205 -174.85 
Number of digits in this event: 2
Using G4ParticleGun... 
Particle energy: 6.39899 LIN
Particle: gamma
Event: 66
Number of tracker hits in this event: 5
     66 245.714 144 6 0 19.4943 -151.163 -26.25 
     66 34.7747 973 6 1 14.85 -149.347 -24.7805 
     66 254.214 158 14 0 71.591 -148.442 213.75 
     66 99.1882 157 14 0 71.6031 -148.55 213.812 
     66 50.5562 159 14 0 71.7947 -148.35 213.849 
Number of digits in this event: 3
Using G4ParticleGun... 
Particle energy: 5.2193 LIN
Particle: gamma
Event: 67
Number of tracker hits in this event: 5
     67 0.579778 1144 6 1 49.05 -73.8472 -24.763 
     67 217.987 1273 2 1 74.7791 81.0648 -144.451 
     67 38.4746 1256 4 0 -15.1907 71.3658 -86.25 
     67 130.927 1109 4 0 -22.2119 42.0459 -86.25 
     67 169.411 1110 4 0 -22.2085 42.0501 -86.2325 
Number of digits in this event: 5
Using G4ParticleGun... 
Particle energy: 1.59939 LIN
Particle: gamma
Event: 68
Number of tracker hits in this event: 6
     68 207.612 919 1 1 3.85202 139.022 -174.45 
     68 260.847 1594 1 0 3.85396 139.021 -175.85 
     68 115.672 919 0 1 3.86428 139.025 -204.45 
     68 256.54 1594 0 0 3.85132 139.019 -205.85 
     68 200.529 918 0 1 3.8355 139.068 -204.45 
     68 136.931 1679 3 0 -156.833 156.072 -116.25 
Number of digits in this event: 7
Using G4ParticleGun... 
Particle energy: 6.76464 LIN
Particle: gamma
Event: 69
Number of tracker hits in this event: 5
     69 259.164 693 0 1 -41.381 10.037 -204.45 
     69 459.084 949 0 0 -41.3822 10.037 -205.85 
     69 142.183 729 0 1 -34.05 -37.4362 -204.723 
     69 8.90769 717 0 1 -36.4814 3.56432 -204.85 
     69 245.439 718 0 1 -36.45 3.54887 -204.691 
Number of digits in this event: 5
Using G4ParticleGun... 
Particle energy: 1.27024 LIN
Particle: gamma
Event: 70
Number of tracker hits in this event: 122
     70 511.97 873 9 1 -5.36155 -107.225 65.55 
     70 312.823 364 9 0 -5.37285 -107.214 64.15 
     70 429.279 873 8 1 -5.35109 -107.033 35.55 
     70 137.091 365 8 0 -5.34833 -107.016 34.15 
     70 189.689 874 7 1 -5.23059 -106.6 5.55 
     70 98.9394 367 7 0 -5.19405 -106.573 4.15 
     70 115.674 878 6 1 -4.43948 -106.101 -24.45 
     70 431.45 370 6 0 -4.37622 -106.077 -25.85 
     70 316.055 885 5 1 -2.99487 -105.587 -54.45 
     70 271.35 372 5 0 -2.90246 -105.557 -55.85 
     70 128.83 373 5 0 -2.87923 -105.55 -56.197 
     70 123.437 892 4 1 -1.53211 -104.828 -84.45 
     70 121.209 376 4 0 -1.43887 -104.768 -85.85 
     70 47.7848 901 3 1 0.440853 -103.664 -114.45 
     70 58.3501 902 3 1 0.45 -103.656 -114.608 
     70 112.471 382 3 0 0.5182 -103.591 -115.85 
     70 105.716 910 2 1 2.07582 -102.248 -144.45 
     70 50.6503 389 2 0 2.12516 -102.162 -145.85 
     70 61.1262 390 2 0 2.13219 -102.15 -146.051 
     70 113.741 915 1 1 3.12362 -100.372 -174.45 
     70 126.346 399 1 0 3.18059 -100.263 -175.85 
     70 103.968 921 0 1 4.40934 -98.0672 -204.45 
     70 110.354 410 0 0 4.39188 -98.0043 -205.85 
     70 142.184 900 4 1 0.0597544 -104.805 -84.4501 
     70 124.983 377 4 0 0.0584863 -104.74 -85.85 
     70 135.512 911 3 1 2.29981 -104.466 -114.45 
     70 107.172 379 3 0 2.1944 -104.246 -115.85 
     70 108.993 890 2 1 -1.89978 -98.742 -144.45 
     70 118.75 407 2 0 -2.04041 -98.6317 -145.85 
     70 73.3805 864 1 1 -7.18681 -96.4339 -174.45 
     70 43.14 863 1 1 -7.25008 -96.3528 -174.692 
     70 109.713 421 1 0 -7.67122 -95.8803 -175.85 
     70 21.9019 422 1 0 -7.77502 -95.75 -176.183 
     70 138.361 811 0 1 -17.6704 -85.4997 -204.45 
     70 10.9159 475 0 0 -17.6437 -84.8707 -205.85 
     70 91.4091 476 0 0 -17.6428 -84.85 -205.893 
     70 113.163 899 4 1 -0.227488 -105.316 -84.4504 
     70 102.985 918 3 1 3.80277 -106.061 -114.45 
     70 42.5775 919 3 1 3.85002 -106.063 -114.72 
     70 119.152 370 3 0 4.06159 -106.077 -115.85 
     70 158.325 945 2 1 9.15118 -107.342 -144.45 
     70 195.815 363 2 0 9.47727 -107.392 -145.85 
     70 124.802 980 1 1 16.1028 -108.356 -174.45 
     70 133.43 359 1 0 16.613 -108.301 -175.85 
     70 172.827 1034 0 1 26.978 -107.166 -204.45 
     70 60.1503 1035 0 1 27.0502 -107.184 -204.706 
     70 366.321 364 0 0 27.3577 -107.269 -205.85 
     70 244.522 383 0 0 -2.56841 -103.36 -206.25 
     70 47.725 939 2 1 7.92037 -104.553 -144.45 
     70 383.488 938 2 1 7.85 -104.526 -144.492 
     70 333.595 937 2 1 7.65 -104.311 -144.486 
     70 16.986 369 6 0 -4.55589 -106.15 -26.0148 
     70 121.34 872 8 1 -5.45 -107.076 35.2788 
     70 84.2349 872 9 1 -5.45001 -107.118 65.3197 
     70 113.108 364 8 0 -5.56346 -107.328 34.15 
     70 120.055 871 7 1 -5.6684 -107.356 5.55 
     70 110.526 363 7 0 -5.67068 -107.356 4.15 
     70 164.872 871 6 1 -5.70434 -107.377 -24.45 
     70 105.692 363 6 0 -5.69711 -107.381 -25.85 
     70 115.034 873 5 1 -5.44436 -107.431 -54.45 
     70 120.316 363 5 0 -5.41456 -107.425 -55.85 
     70 417.65 875 4 1 -4.88549 -107.507 -84.45 
     70 112.588 363 4 0 -4.96075 -107.401 -85.85 
     70 153.032 870 3 1 -5.97671 -105.77 -114.45 
     70 101.653 372 3 0 -6.01282 -105.739 -115.85 
     70 121.277 864 2 1 -7.20825 -105.299 -144.45 
     70 113.518 374 2 0 -7.30137 -105.196 -145.85 
     70 122.449 853 1 1 -9.41228 -103.259 -174.45 
     70 48.6454 852 1 1 -9.45 -103.281 -174.729 
     70 117.917 383 1 0 -9.59352 -103.377 -175.85 
     70 97.755 834 0 1 -13.1553 -105.877 -204.45 
     70 60.8939 833 0 1 -13.25 -105.928 -204.687 
     70 129.24 369 0 0 -13.7052 -106.177 -205.85 
     70 53.1953 791 3 0 116.293 -21.85 -116.235 
     70 79.0969 363 0 0 -11.2572 -107.35 -206.071 
     70 77.4684 360 4 0 -4.81916 -107.974 -85.85 
     70 51.3426 359 4 0 -4.91156 -108.15 -85.8921 
     70 48.4347 358 4 0 -4.97465 -108.35 -85.8968 
     70 115.511 357 4 0 -4.95171 -108.551 -85.91 
     70 235.823 880 4 1 -3.9907 -110.573 -84.8499 
     70 322.841 340 4 0 -3.16663 -112.034 -85.8501 
     70 231.049 341 4 0 -2.86833 -111.95 -86.0142 
     70 12.1706 342 4 0 -2.74596 -111.75 -86.0419 
     70 60.092 874 4 1 -5.05 -107.495 -84.5472 
     70 46.9151 873 4 1 -5.25 -107.5 -84.6287 
     70 61.6435 872 4 1 -5.45 -107.507 -84.7001 
     70 19.922 871 4 1 -5.65 -107.514 -84.8015 
     70 145.394 362 4 0 -7.20129 -107.641 -85.85 
     70 33.8992 876 4 1 -4.85 -107.471 -84.7462 
     70 152.463 364 4 0 -4.58105 -107.22 -85.85 
     70 6.44005 365 4 0 -4.45026 -107.15 -86.2293 
     70 89.8437 947 3 1 9.47692 -103.607 -114.45 
     70 95.8606 948 3 1 9.65 -103.459 -114.551 
     70 82.329 949 3 1 9.85 -103.299 -114.651 
     70 121.697 950 3 1 10.05 -103.16 -114.726 
     70 118.259 951 3 1 10.2503 -103.005 -114.8 
     70 133.639 952 3 1 10.45 -102.807 -114.847 
     70 162.472 953 3 1 10.65 -102.517 -114.799 
     70 166.981 954 3 1 10.85 -102.12 -114.692 
     70 59.5541 955 3 1 11.0501 -101.663 -114.504 
     70 178.422 390 3 0 11.099 -102.116 -115.85 
     70 130.996 577 3 0 17.7611 -64.5333 -116.25 
     70 8.82635 564 3 0 7.71729 -67.1098 -116.25 
     70 162.914 946 3 1 9.45 -103.554 -114.547 
     70 147.667 387 3 0 8.01422 -102.742 -115.85 
     70 102.681 886 1 1 -2.82715 -106.496 -174.45 
     70 115.256 368 1 0 -2.78748 -106.466 -175.85 
     70 112.67 890 0 1 -2.01195 -105.869 -204.45 
     70 103.883 371 0 0 -1.94873 -105.821 -205.85 
     70 144.341 373 0 0 5.26814 -105.448 -206.25 
     70 213.274 412 1 0 16.681 -97.6396 -176.25 
     70 6.28492 413 1 0 16.9604 -97.55 -175.881 
     70 0.45836 986 1 1 17.4495 -97.3657 -174.85 
     70 115.454 987 1 1 17.45 -97.3656 -174.849 
     70 33.0592 988 1 1 17.65 -97.3637 -174.564 
     70 4.88516 1566 11 1 133.453 136.216 125.15 
     70 135.088 1031 13 1 26.3558 -118.454 185.15 
     70 9.11341 309 13 0 26.3048 -118.348 184.15 
     70 22.1773 308 13 0 26.3081 -118.35 184.135 
     70 23.5103 1032 13 1 26.4622 -119.662 185.15 
     70 109.441 301 13 0 26.7748 -119.915 184.15 
     70 165.773 365 9 0 -5.37787 -107.15 63.905 
Number of digits in this event: 52
Using G4ParticleGun... 
Particle energy: 5.2156 LIN
Particle: gamma
Event: 71
Number of tracker hits in this event: 8
     71 5.41074 229 5 0 -78.1795 -134.27 -56.25 
     71 16.4383 129 6 0 -23.1468 -154.306 -26.25 
     71 5.95881 325 6 0 68.5843 -114.956 -26.25 
     71 186.363 326 6 0 68.5883 -114.95 -26.2417 
     71 18.1047 1540 8 0 45.7252 128.15 33.9437 
     71 62.2161 1539 8 0 45.7813 128.15 34.0943 
     71 84.5004 1133 8 1 46.7842 126.402 35.1504 
     71 95.6279 1134 8 1 46.85 126.239 35.2966 
Number of digits in this event: 4
Using G4ParticleGun... 
Particle energy: 9.13389 LIN
Particle: gamma
Event: 72
Number of tracker hits in this event: 21
     72 288.119 1364 3 1 93.1467 -114.151 -114.45 
     72 431.118 330 3 0 93.1473 -114.15 -115.85 
     72 105.187 1365 2 1 93.1597 -114.118 -144.45 
     72 250.865 330 2 0 93.1589 -114.116 -145.85 
     72 398.563 1364 1 1 93.1408 -114.094 -174.45 
     72 427.42 330 1 0 93.1386 -114.092 -175.85 
     72 279.77 1364 0 1 93.0933 -114.042 -204.45 
     72 388.799 330 0 0 93.0921 -114.039 -205.85 
     72 33.6407 136 4 0 6.70478 -152.95 -86.0687 
     72 126.129 1029 0 1 26.05 118.294 -204.512 
     72 84.2308 1365 0 1 93.1541 -114.107 -204.45 
     72 134.664 1364 2 1 93.0056 -114.069 -144.45 
     72 171.922 1363 1 1 92.7917 -113.907 -174.45 
     72 121.53 331 1 0 92.7362 -113.902 -175.85 
     72 113.648 1356 0 1 91.4475 -113.495 -204.45 
     72 139.24 333 0 0 91.3848 -113.464 -205.85 
     72 169.749 426 1 0 62.3139 -94.8435 -176.25 
     72 155.408 1362 1 1 92.7134 -114.079 -174.45 
     72 134.471 329 1 0 92.6119 -114.227 -175.85 
     72 121.121 1351 0 1 90.4313 -117.018 -204.45 
     72 122.708 313 0 0 90.2853 -117.398 -205.85 
Number of digits in this event: 20
Using G4ParticleGun... 
Particle energy: 4.66648 LIN
Particle: gamma
Event: 73
Number of tracker hits in this event: 57
     73 238.372 749 9 1 -30.1257 -6.29209 65.55 
     73 258.438 868 9 0 -30.1277 -6.29175 64.15 
     73 187.372 749 8 1 -30.1788 -6.29037 35.55 
     73 202.309 868 8 0 -30.1824 -6.28906 34.15 
     73 110.334 748 7 1 -30.2506 -6.26386 5.55 
     73 232.548 868 7 0 -30.2564 -6.25954 4.15 
     73 109.978 748 6 1 -30.3767 -6.18959 -24.45 
     73 121.716 869 6 0 -30.3837 -6.18768 -25.85 
     73 110.39 747 5 1 -30.5276 -6.14795 -54.45 
     73 150.215 869 5 0 -30.5337 -6.14432 -55.85 
     73 107.001 746 4 1 -30.6595 -6.06988 -84.45 
     73 152.043 869 4 0 -30.663 -6.06612 -85.85 
     73 138.662 746 3 1 -30.7409 -5.98357 -114.45 
     73 138.153 870 3 0 -30.739 -5.98172 -115.85 
     73 151.275 746 2 1 -30.7314 -5.94133 -144.45 
     73 106.288 870 2 0 -30.7306 -5.94571 -145.85 
     73 134.047 746 1 1 -30.6974 -6.01764 -174.45 
     73 129.527 870 1 0 -30.6986 -6.01695 -175.85 
     73 128.866 746 0 1 -30.711 -5.98985 -204.45 
     73 127.384 870 0 0 -30.7117 -5.98834 -205.85 
     73 27.0219 512 11 0 -82.3248 -77.4625 123.75 
     73 136.696 513 11 0 -82.3546 -77.45 123.803 
     73 104.437 747 1 1 -30.6495 -6.03284 -174.835 
     73 132.812 809 14 1 -18.2119 80.4989 215.15 
     73 103.668 808 14 1 -18.25 80.5504 215.406 
     73 140.971 750 8 1 -30.0173 -6.33102 35.55 
     73 142.016 750 7 1 -29.9709 -6.37775 5.55 
     73 103.093 750 6 1 -30.0067 -6.55222 -24.45 
     73 110.769 867 6 0 -30.0062 -6.56561 -25.85 
     73 113.499 750 5 1 -29.9965 -6.85199 -54.45 
     73 115.355 865 5 0 -29.9972 -6.86407 -55.85 
     73 143.311 750 4 1 -30.0075 -7.09445 -84.45 
     73 176.244 864 4 0 -30.0077 -7.10827 -85.85 
     73 119.896 750 3 1 -30.0253 -7.38092 -114.45 
     73 115.895 863 3 0 -30.0292 -7.39681 -115.85 
     73 114.244 749 2 1 -30.1172 -7.72335 -144.45 
     73 117.232 861 2 0 -30.1231 -7.73746 -145.85 
     73 105.051 748 1 1 -30.2623 -8.04856 -174.45 
     73 192.381 859 1 0 -30.2635 -8.06586 -175.85 
     73 194.359 748 0 1 -30.2687 -8.39238 -204.45 
     73 133.922 858 0 0 -30.272 -8.40993 -205.85 
     73 220.247 629 3 0 153.197 -54.0721 -116.25 
     73 26.6274 1683 3 1 156.842 -54.7046 -114.85 
     73 60.6858 1684 3 1 156.95 -54.7286 -114.815 
     73 81.497 1685 3 1 157.15 -54.7751 -114.756 
     73 67.0609 1686 3 1 157.35 -54.8057 -114.745 
     73 69.8356 1687 3 1 157.55 -54.833 -114.781 
     73 58.0807 1688 3 1 157.75 -54.7934 -114.819 
     73 58.8911 1689 3 1 157.95 -54.6147 -114.816 
     73 60.0239 650 3 0 162.18 -49.9887 -115.85 
     73 57.1681 651 3 0 162.312 -49.85 -115.872 
     73 65.3808 652 3 0 162.449 -49.6496 -115.894 
     73 69.1266 653 3 0 162.585 -49.4497 -115.937 
     73 101.999 654 3 0 162.768 -49.25 -115.969 
     73 164.633 655 3 0 163.087 -49.05 -116.005 
     73 2.51006 457 1 1 -88.45 -35.3973 -174.699 
     73 28.3065 905 0 0 -48.3765 1.13323 -206.25 
Number of digits in this event: 29
Using G4ParticleGun... 
Particle energy: 7.48916 LIN
Particle: gamma
Event: 74
Number of tracker hits in this event: 0
Number of digits in this event: 2
Using G4ParticleGun... 
Particle energy: 7.19544 LIN
Particle: gamma
Event: 75
Number of tracker hits in this event: 5
     75 220.246 1261 3 1 72.45 -10.2111 -114.637 
     75 88.8023 1097 2 1 39.5137 -25.9356 -144.45 
     75 21.4141 1428 0 1 105.934 5.78351 -204.45 
     75 149.961 1429 0 1 105.95 5.77762 -204.467 
     75 59.483 1205 8 0 130.176 61.05 34.1067 
Number of digits in this event: 4
Using G4ParticleGun... 
Particle energy: 3.70282 LIN
Particle: gamma
Event: 76
Number of tracker hits in this event: 27
     76 303.628 383 3 1 -103.462 -106.744 -114.45 
     76 236.49 367 3 0 -103.463 -106.743 -115.85 
     76 244.213 383 2 1 -103.524 -106.71 -144.45 
     76 369.99 367 2 0 -103.528 -106.716 -145.85 
     76 133.479 382 1 1 -103.617 -106.831 -174.45 
     76 396.45 366 1 0 -103.63 -106.837 -175.85 
     76 261.927 381 0 1 -103.909 -106.967 -204.45 
     76 235.518 365 0 0 -103.922 -106.975 -205.85 
     76 10.6062 385 0 0 -88.6109 -103.07 -206.25 
     76 17.3099 470 0 1 -86.0371 -104.789 -204.85 
     76 133.352 366 0 0 -84.5803 -106.797 -205.85 
     76 98.8646 364 0 0 -103.852 -107.232 -205.85 
     76 296.11 382 0 1 -103.75 -106.995 -204.586 
     76 122.161 368 2 0 -103.596 -106.55 -146.115 
     76 23.2441 537 0 0 -110.556 -72.4896 -206.25 
     76 130.792 538 0 0 -110.598 -72.4499 -206.233 
     76 153.934 854 0 0 -139.789 -9.18203 -206.25 
     76 40.5453 496 0 0 -95.9146 -80.7481 -206.25 
     76 96.2045 495 0 0 -95.9027 -80.85 -206.134 
     76 65.7031 494 0 0 -96.1056 -81.05 -206.003 
     76 28.318 493 0 0 -96.1959 -81.25 -205.907 
     76 66.2954 414 0 1 -97.1848 -82.0698 -204.85 
     76 218.254 413 0 1 -97.35 -82.1334 -204.74 
     76 301.855 412 0 1 -97.55 -82.2136 -204.464 
     76 109.511 383 1 1 -103.506 -106.324 -174.45 
     76 118.69 369 1 0 -103.514 -106.313 -175.85 
     76 116.964 370 0 0 -103.689 -106.085 -205.85 
Number of digits in this event: 18
Using G4ParticleGun... 
Particle energy: 2.1318 LIN
Particle: gamma
Event: 77
Number of tracker hits in this event: 2
     77 16.3586 1073 8 1 34.65 -48.5681 35.4831 
     77 139.481 674 5 1 -45.2431 162.32 -54.85 
Number of digits in this event: 3
Using G4ParticleGun... 
Particle energy: 2.71065 LIN
Particle: gamma
Event: 78
Number of tracker hits in this event: 2
     78 365.703 1745 2 1 169.15 52.8644 -144.53 
     78 108.403 1744 2 1 169.15 52.7436 -144.611 
Number of digits in this event: 3
Using G4ParticleGun... 
Particle energy: 1.37691 LIN
Particle: gamma
Event: 79
Number of tracker hits in this event: 0
Number of digits in this event: 2
Using G4ParticleGun... 
Particle energy: 7.36805 LIN
Particle: gamma
Event: 80
Number of tracker hits in this event: 37
     80 223.843 1053 6 1 30.8468 113.997 -24.45 
     80 286.998 1469 6 0 30.8471 114 -25.85 
     80 139.546 1053 5 1 30.8475 114.05 -54.45 
     80 255.664 1469 5 0 30.8444 114.047 -55.85 
     80 142.572 1053 4 1 30.7729 114.014 -84.45 
     80 239.076 1469 4 0 30.7753 114.013 -85.85 
     80 114.747 1053 3 1 30.8272 113.999 -114.45 
     80 247.485 1469 3 0 30.8342 114.002 -115.85 
     80 252.293 1054 2 1 30.9828 114.058 -144.45 
     80 372.91 1469 2 0 30.992 114.064 -145.85 
     80 213.372 1055 1 1 31.1766 114.188 -174.45 
     80 175.87 1470 1 0 31.1832 114.19 -175.85 
     80 159.109 1056 0 1 31.3268 114.264 -204.45 
     80 149.489 1470 0 0 31.3372 114.266 -205.85 
     80 97.1474 1379 2 0 -20.1763 96.15 -146.125 
     80 134.31 1380 2 0 -20.3959 96.15 -145.919 
     80 208.481 1469 1 0 31.3872 114.059 -175.85 
     80 117.704 1059 0 1 31.9665 111.488 -204.45 
     80 99.1013 1454 0 0 31.4544 111.147 -205.85 
     80 25.334 1453 0 0 31.4078 110.95 -206.185 
     80 34.3576 1465 4 0 30.6829 113.22 -85.85 
     80 92.916 1464 4 0 30.6775 113.15 -85.9624 
     80 295.63 1365 4 0 18.283 93.2741 -86.2499 
     80 251.983 1054 5 1 30.8686 113.992 -54.45 
     80 147.179 1054 4 1 30.8986 113.994 -84.45 
     80 137.417 1054 3 1 30.9125 113.988 -114.45 
     80 144.11 1053 1 1 30.8323 113.795 -174.45 
     80 109.208 1468 1 0 30.8198 113.782 -175.85 
     80 129.413 1052 0 1 30.5501 113.669 -204.45 
     80 156.529 1467 0 0 30.5665 113.629 -205.85 
     80 22.9702 615 11 1 -56.8757 -171.603 125.15 
     80 231.886 1549 0 0 38.0562 129.984 -206.25 
     80 230.889 1375 2 0 108.524 95.2053 -146.25 
     80 16.7419 1798 5 1 179.9 49.8148 -54.85 
     80 237.68 1799 5 1 179.95 49.7994 -54.811 
     80 38.3554 1286 0 1 77.2801 54.2337 -204.85 
     80 14.4182 1092 2 0 94.4624 38.5519 -146.25 
Number of digits in this event: 28
Using G4ParticleGun... 
Particle energy: 3.56678 LIN
Particle: gamma
Event: 81
Number of tracker hits in this event: 0
Number of digits in this event: 3
Using G4ParticleGun... 
Particle energy: 8.22049 LIN
Particle: gamma
Event: 82
Number of tracker hits in this event: 51
     82 491.741 607 10 1 -58.6147 19.5994 95.55 
     82 298.122 997 10 0 -58.6148 19.5988 94.15 
     82 130.145 607 9 1 -58.6089 19.5892 65.55 
     82 220.671 997 9 0 -58.6078 19.5893 64.15 
     82 229.424 607 8 1 -58.5914 19.5975 35.55 
     82 264.483 997 8 0 -58.5911 19.5971 34.15 
     82 133.742 607 7 1 -58.583 19.5846 5.55 
     82 208.143 997 7 0 -58.5815 19.5849 4.15 
     82 137.602 607 6 1 -58.5508 19.5898 -24.45 
     82 145.533 997 6 0 -58.5505 19.5883 -25.85 
     82 123.457 607 5 1 -58.5368 19.557 -54.45 
     82 117.21 997 5 0 -58.5359 19.5525 -55.85 
     82 167.022 607 4 1 -58.5153 19.4526 -84.45 
     82 319.971 996 4 0 -58.5157 19.4462 -85.85 
     82 358.908 607 3 1 -58.5327 19.3148 -114.45 
     82 225.071 996 3 0 -58.5317 19.3071 -115.85 
     82 483.789 607 2 1 -58.5156 19.1579 -144.45 
     82 391.188 995 2 0 -58.5109 19.1557 -145.85 
     82 135.631 608 1 1 -58.3838 19.1202 -174.45 
     82 417.027 995 1 0 -58.3867 19.1203 -175.85 
     82 336.913 608 0 1 -58.4418 19.0639 -204.45 
     82 263.727 995 0 0 -58.4361 19.0684 -205.85 
     82 91.5056 879 0 0 -88.1157 -4.18599 -206.25 
     82 16.4927 606 1 1 -58.6508 20.0093 -174.45 
     82 244.77 607 1 1 -58.65 20.0075 -174.515 
     82 130.239 999 1 0 -58.6373 19.9671 -175.85 
     82 352.493 687 4 1 -42.6111 137.835 -84.85 
     82 98.5452 606 0 1 -58.7653 19.2722 -204.45 
     82 61.7712 996 0 0 -58.7841 19.2537 -205.85 
     82 20.2873 1016 6 1 23.3221 -11.3004 -24.85 
     82 11.88 421 0 1 -95.75 -10.9815 -204.6 
     82 109.242 606 9 1 -58.65 19.5562 65.4894 
     82 303.788 606 8 1 -58.7537 19.4979 35.55 
     82 104.627 605 7 1 -58.8558 19.4574 5.55 
     82 127.758 605 6 1 -58.992 19.4176 -24.45 
     82 183.506 996 6 0 -58.9999 19.4177 -25.85 
     82 128.256 604 5 1 -59.1553 19.419 -54.45 
     82 109.679 996 5 0 -59.1642 19.4165 -55.85 
     82 121.263 603 4 1 -59.3407 19.351 -84.45 
     82 122.813 603 3 1 -59.4198 19.3674 -114.45 
     82 121.255 601 2 1 -59.6851 18.9688 -144.45 
     82 140.189 994 2 0 -59.6981 18.9449 -145.85 
     82 126.778 600 1 1 -59.9821 18.3923 -174.45 
     82 101.457 991 1 0 -59.9943 18.3632 -175.85 
     82 105.746 598 0 1 -60.2668 17.7496 -204.45 
     82 174.554 988 0 0 -60.2815 17.7146 -205.85 
     82 30.1424 1451 7 0 -144.089 110.55 3.75393 
     82 101.09 1450 7 0 -143.938 110.35 3.94755 
     82 293.745 987 8 0 -55.8604 17.6358 34.15 
     82 125.226 986 8 0 -55.5949 17.45 34.0418 
     82 47.8146 606 6 1 -58.655 19.3207 -24.45 
Number of digits in this event: 39
Using G4ParticleGun... 
Particle energy: 4.79239 LIN
Particle: gamma
Event: 83
Number of tracker hits in this event: 199
     83 222.397 913 10 1 2.70099 93.7897 95.55 
     83 233.013 1368 10 0 2.68822 93.7824 94.15 
     83 117.888 910 9 1 2.20014 93.5116 65.55 
     83 100.723 1366 9 0 2.19152 93.5154 64.15 
     83 363.718 910 8 1 2.12127 93.6365 35.55 
     83 96.0968 1367 8 0 2.08662 93.6569 34.15 
     83 474.373 905 7 1 1.13957 93.8371 5.55 
     83 653.051 1368 7 0 1.06955 93.8872 4.15 
     83 122.521 898 6 1 -0.408916 94.6981 -24.45 
     83 114.955 1373 6 0 -0.452041 94.8096 -25.85 
     83 235.202 893 5 1 -1.3831 97.1358 -54.45 
     83 120.254 1385 5 0 -1.51301 97.2604 -55.85 
     83 13.4728 879 4 1 -4.05663 99.8579 -84.45 
     83 126.804 880 4 1 -4.05 99.8573 -84.469 
     83 115.64 1397 4 0 -3.59307 99.716 -85.85 
     83 226.48 934 3 1 6.97551 102.057 -114.45 
     83 115.784 933 3 1 6.84966 101.74 -114.673 
     83 55.2491 1397 3 0 5.66155 99.6959 -115.85 
     83 58.9749 1396 3 0 5.57851 99.55 -115.931 
     83 107.935 1395 3 0 5.45182 99.3497 -116.031 
     83 92.2369 1394 3 0 5.26347 99.15 -116.119 
     83 29.8601 1393 3 0 5.06445 98.95 -116.216 
     83 177.743 613 2 1 -57.2966 38.0997 -144.45 
     83 8.58385 1096 2 0 -57.8009 39.4301 -145.85 
     83 86.8046 1097 2 0 -57.8091 39.4501 -145.871 
     83 96.9785 1098 2 0 -57.8561 39.65 -146.065 
     83 36.3032 1099 2 0 -57.9131 39.851 -146.186 
     83 3.46715 1151 2 0 -73.3852 50.2652 -146.25 
     83 140.114 1150 2 0 -73.3905 50.25 -146.237 
     83 64.6641 1149 2 0 -73.4591 50.0499 -146.041 
     83 149.161 530 2 1 -73.9151 49.4161 -144.85 
     83 241.162 529 2 1 -74.0504 49.3229 -144.622 
     83 105.606 1145 2 0 -73.7703 49.1462 -145.85 
     83 198.134 520 1 1 -75.9539 55.1359 -174.45 
     83 0.307761 1162 1 0 -74.6293 52.452 -175.85 
     83 177.307 1161 1 0 -74.6281 52.45 -175.851 
     83 174.375 1160 1 0 -74.3181 52.25 -175.891 
     83 362.816 1571 1 0 -44.2079 134.512 -176.25 
     83 22.1369 1572 1 0 -44.2028 134.55 -176.237 
     83 2.53301 1017 3 0 -36.7605 23.454 -116.25 
     83 205.089 1016 3 0 -36.756 23.45 -116.244 
     83 127.925 715 3 1 -36.869 21.8336 -114.85 
     83 168.683 691 3 0 -80.6293 -41.6539 -116.25 
     83 14.9768 690 3 0 -80.6503 -41.8501 -115.871 
     83 78.2244 504 3 1 -79.2139 -41.9984 -114.85 
     83 11.1489 505 3 1 -79.0498 -41.8788 -114.834 
     83 20.0448 699 3 0 -78.606 -40.0796 -115.85 
     83 23.2446 700 3 0 -78.5805 -40.0499 -115.862 
     83 157.317 511 3 1 -77.7538 -38.273 -114.85 
     83 102.863 512 3 1 -77.65 -38.2285 -114.811 
     83 12.3313 1433 1 0 -13.0711 106.867 -176.22 
     83 125.739 820 0 1 -15.9139 109.145 -204.45 
     83 105.687 1445 0 0 -15.9921 109.311 -205.85 
     83 13.2786 1446 0 0 -16.0101 109.35 -206.211 
     83 99.3864 823 0 1 -15.4109 108.537 -204.45 
     83 104.436 1442 0 0 -15.4377 108.712 -205.85 
     83 14.435 1443 0 0 -15.4497 108.75 -206.194 
     83 66.094 892 5 1 -1.45 97.2587 -54.7051 
     83 137.942 1382 5 0 -0.91041 96.7141 -55.85 
     83 359.955 1381 5 0 -1.03032 96.5499 -56.0764 
     83 67.4178 1704 4 0 45.4184 160.95 -86.0426 
     83 5.63003 1779 7 1 175.95 -93.2502 5.47065 
     83 231.605 898 1 1 -0.272195 94.6393 -174.45 
     83 87.0028 899 1 1 -0.249974 94.5952 -174.648 
     83 1.71184 1370 1 0 0.050008 94.1772 -176.245 
     83 114.448 924 0 1 4.93681 86.3666 -204.45 
     83 175.834 1331 0 0 4.80747 86.3217 -205.85 
     83 21.1196 897 1 1 -0.45 94.8624 -174.798 
     83 83.7523 1376 1 0 -1.09948 95.3933 -175.85 
     83 85.585 1377 1 0 -1.27749 95.55 -176.079 
     83 171.378 596 0 1 -60.7091 96.7894 -204.45 
     83 114.774 1384 0 0 -60.6771 96.9886 -205.85 
     83 242.287 907 7 1 1.53471 93.7804 5.55 
     83 112.742 1364 7 0 1.32308 93.1267 4.15 
     83 30.6877 1363 7 0 1.25961 92.95 3.83503 
     83 94.194 901 6 1 0.42882 95.8536 -24.45 
     83 33.0012 902 6 1 0.450026 95.857 -24.7276 
     83 114.407 1378 6 0 0.541601 95.8081 -25.85 
     83 171.734 914 5 1 3.0215 94.2086 -54.45 
     83 171.898 915 5 1 3.05008 94.1754 -54.6669 
     83 83.1174 1369 5 0 3.17104 93.9847 -55.85 
     83 54.7305 1368 5 0 3.19245 93.95 -56.0637 
     83 113.312 930 4 1 6.12638 89.3607 -84.45 
     83 126.096 1344 4 0 6.06198 88.9874 -85.85 
     83 156.451 922 3 1 4.50394 80.0288 -114.45 
     83 28.3146 921 3 1 4.45 79.7107 -114.791 
     83 0.327152 1292 3 0 4.19487 78.4515 -115.85 
     83 60.0708 1291 3 0 4.19455 78.4499 -115.851 
     83 59.2825 1290 3 0 4.17122 78.2497 -115.991 
     83 70.9221 1289 3 0 4.13888 78.0498 -116.124 
     83 0.678093 1288 3 0 4.08685 77.8499 -116.249 
     83 46.9886 875 2 1 -4.98563 35.7489 -144.45 
     83 103.849 876 2 1 -4.84951 35.7559 -144.577 
     83 54.8718 877 2 1 -4.65 35.7438 -144.761 
     83 165.41 1076 2 0 -3.1517 35.3783 -145.85 
     83 149.481 1070 2 0 100.841 34.0598 -146.25 
     83 279.212 1069 2 0 100.984 34.05 -146.188 
     83 1.939 1411 2 1 102.543 34.0036 -144.85 
     83 64.4443 1412 2 1 102.55 34.0038 -144.844 
     83 61.2291 1413 2 1 102.75 34.0678 -144.746 
     83 66.109 1414 2 1 102.95 34.1313 -144.691 
     83 73.6638 1415 2 1 103.15 34.0796 -144.513 
     83 62.637 1416 2 1 103.35 34.082 -144.518 
     83 114.401 1417 2 1 103.55 34.1343 -144.584 
     83 1.53081 1418 2 1 103.75 34.1669 -144.844 
     83 165.383 1155 2 0 124.228 51.1322 -146.25 
     83 26.274 1519 2 1 123.983 51.2497 -144.85 
     83 293.317 1518 2 1 123.95 51.2282 -144.81 
     83 39.242 1086 2 0 -8.13719 37.278 -146.104 
     83 14.2994 1331 3 0 -29.6323 86.4298 -116.25 
     83 257.204 1332 3 0 -29.6698 86.45 -116.223 
     83 6.7233 753 3 1 -29.2565 87.2375 -114.85 
     83 80.0042 754 3 1 -29.25 87.2446 -114.841 
     83 26.7049 1335 3 0 -29.2003 87.0635 -115.85 
     83 39.4758 1334 3 0 -29.2119 87.05 -115.861 
     83 88.9292 929 1 1 5.9687 61.4591 -174.45 
     83 40.6851 930 1 1 6.05 61.3669 -174.746 
     83 118.101 1204 1 0 6.38541 60.9999 -175.85 
     83 102.316 978 0 1 15.7905 54.8289 -204.45 
     83 66.7632 979 0 1 15.8501 54.8 -204.638 
     83 131.159 1172 0 0 16.385 54.5467 -205.85 
     83 60.965 1187 0 0 10.4953 57.5292 -206.25 
     83 70.2886 1188 0 0 10.4824 57.65 -206.19 
     83 102.443 1189 0 0 10.3946 57.8503 -206.144 
     83 65.3893 946 0 1 9.37085 57.4807 -204.85 
     83 216.013 945 0 1 9.25 57.3929 -204.8 
     83 94.7076 944 0 1 9.04977 57.1124 -204.803 
     83 1.39658 919 7 0 99.6134 3.95144 3.75 
     83 64.3374 1354 7 0 31.7676 90.9519 3.75 
     83 168.358 1353 7 0 31.7144 90.95 3.78613 
     83 120.214 913 9 1 2.68661 93.7718 65.55 
     83 105.566 1368 9 0 2.68454 93.7737 64.15 
     83 126.047 912 8 1 2.62766 93.8025 35.55 
     83 122.036 1368 8 0 2.61863 93.8069 34.15 
     83 193.818 911 7 1 2.41866 93.9036 5.55 
     83 100.106 911 6 1 2.30205 94.0914 -24.45 
     83 540.684 1369 6 0 2.26069 94.0617 -25.85 
     83 120.845 906 5 1 1.40881 93.4274 -54.45 
     83 162.35 1366 5 0 1.35171 93.4192 -55.85 
     83 159.972 900 4 1 0.181509 93.2817 -84.45 
     83 217.254 1365 4 0 0.0990672 93.243 -85.85 
     83 122.332 892 3 1 -1.56489 92.4191 -114.45 
     83 98.9265 1361 3 0 -1.65128 92.3877 -115.85 
     83 175.18 883 2 1 -3.36318 91.8318 -144.45 
     83 106.436 1358 2 0 -3.44791 91.7745 -145.85 
     83 101.762 874 1 1 -5.18603 90.5911 -174.45 
     83 110.274 1351 1 0 -5.2763 90.5418 -175.85 
     83 143.218 864 0 1 -7.10265 89.5586 -204.45 
     83 109.552 1347 0 0 -7.21628 89.5063 -205.85 
     83 268.031 1090 1 0 -24.9257 38.2353 -176.25 
     83 28.5223 1089 1 0 -24.9809 38.05 -176.051 
     83 202.335 774 1 1 -25.1563 37.981 -174.85 
     83 257.458 912 7 1 2.54801 93.8572 5.55 
     83 174.634 912 6 1 2.58275 94.0436 -24.45 
     83 154.63 912 5 1 2.61779 94.19 -54.45 
     83 114.526 1370 5 0 2.61312 94.1923 -55.85 
     83 193.098 912 4 1 2.45372 94.2139 -84.45 
     83 239.201 1370 4 0 2.4551 94.2078 -85.85 
     83 263.393 912 3 1 2.48294 94.0864 -114.45 
     83 125.535 1369 3 0 2.49706 94.1256 -115.85 
     83 128.317 913 2 1 2.81381 94.9697 -144.45 
     83 133.888 1374 2 0 2.82911 95.0165 -145.85 
     83 137.741 915 1 1 3.14267 96.1017 -174.45 
     83 190.358 1380 1 0 3.16015 96.166 -175.85 
     83 141.988 917 0 1 3.57946 97.3611 -204.45 
     83 136.378 1386 0 0 3.60629 97.3906 -205.85 
     83 81.2931 495 0 1 -80.85 178.93 -204.609 
     83 39.8656 494 0 1 -81.05 179.14 -204.561 
     83 180.212 1372 3 0 3.40709 94.5817 -115.85 
     83 19.8271 1371 3 0 3.53802 94.55 -115.861 
     83 76.3658 915 3 1 3.14116 94.1172 -114.85 
     83 117.796 913 6 1 2.77743 94.5522 -24.45 
     83 119.798 1372 6 0 2.80752 94.6299 -25.85 
     83 113.614 917 5 1 3.5547 96.3446 -54.45 
     83 138.419 924 4 1 4.90361 99.101 -84.45 
     83 107.336 1395 4 0 5.00293 99.2624 -85.85 
     83 127.358 1412 3 0 7.13757 102.667 -115.85 
     83 80.5146 952 2 1 10.6217 106.363 -144.451 
     83 54.7096 953 2 1 10.65 106.399 -144.66 
     83 116.481 1432 2 0 10.812 106.605 -145.85 
     83 166.505 972 1 1 14.5319 111.412 -174.45 
     83 104.41 1457 1 0 14.7664 111.563 -175.85 
     83 373.3 998 0 1 19.78 114.446 -204.45 
     83 56.1796 1471 0 0 19.8768 114.537 -205.85 
     83 58.0728 1472 0 0 19.8908 114.55 -206.062 
     83 7.88493 997 0 1 19.65 114.485 -204.757 
     83 134.427 1455 1 0 14.4167 111.29 -175.85 
     83 4.20251 1339 1 0 1.54016 87.8593 -176.25 
     83 143.009 1338 1 0 1.5385 87.85 -176.24 
     83 106.155 1337 1 0 1.50864 87.65 -175.967 
     83 57.5336 1336 1 0 1.4355 87.45 -175.88 
     83 27.4455 912 1 1 2.54694 83.7742 -174.85 
     83 325.595 1314 1 0 1.30539 82.8944 -175.85 
     83 28.4367 1449 1 0 13.2404 110.068 -175.85 
     83 58.116 984 2 1 16.9146 119.358 -144.85 
     83 70.4532 1048 1 1 29.65 119.234 -174.598 
     83 23.1332 1049 1 1 29.85 119.382 -174.589 
     83 173.522 967 1 1 13.487 108.295 -174.45 
     83 205.941 966 1 1 13.45 108.339 -174.538 
Number of digits in this event: 81
Using G4ParticleGun... 
Particle energy: 2.66609 LIN
Particle: gamma
Event: 84
Number of tracker hits in this event: 1
     84 111.926 648 0 0 -127.667 -50.45 -205.965 
Number of digits in this event: 1
Using G4ParticleGun... 
Particle energy: 1.33907 LIN
Particle: gamma
Event: 85
Number of tracker hits in this event: 0
Number of digits in this event: 2
Using G4ParticleGun... 
Particle energy: 2.48967 LIN
Particle: gamma
Event: 86
Number of tracker hits in this event: 93
     86 258.19 766 4 1 -26.7792 20.5948 -84.45 
     86 310.655 1002 4 0 -26.7816 20.597 -85.85 
     86 101.296 766 3 1 -26.8437 20.6589 -114.45 
     86 124.845 1003 3 0 -26.846 20.6711 -115.85 
     86 141.513 766 2 1 -26.8469 20.9492 -144.45 
     86 241.913 1004 2 0 -26.8468 20.9657 -145.85 
     86 162.87 766 1 1 -26.8324 21.2913 -174.45 
     86 119.465 1006 1 0 -26.8411 21.2987 -175.85 
     86 128.916 765 0 1 -27.0112 21.4043 -204.45 
     86 269.935 1006 0 0 -27.0382 21.4135 -205.85 
     86 92.9289 596 8 0 -33.5688 -60.7597 33.75 
     86 352.99 766 0 1 -26.8071 21.5905 -204.45 
     86 108.617 1007 0 0 -26.8114 21.6052 -205.85 
     86 4.94897 1008 0 0 -26.8676 21.8467 -205.851 
     86 121.181 1009 0 0 -26.8684 21.85 -205.869 
     86 16.8441 765 2 1 -26.9776 20.8334 -144.45 
     86 73.7277 764 2 1 -27.05 20.8037 -144.473 
     86 221.538 763 2 1 -27.25 20.706 -144.534 
     86 218.242 762 2 1 -27.4503 20.6131 -144.573 
     86 148.785 761 2 1 -27.65 20.5125 -144.63 
     86 246.506 760 2 1 -27.85 20.407 -144.697 
     86 121.912 759 2 1 -28.05 20.3209 -144.76 
     86 443.125 758 2 1 -28.25 20.2399 -144.792 
     86 333.929 757 2 1 -28.45 20.1601 -144.824 
     86 15.8816 756 2 1 -28.65 20.0838 -144.847 
     86 113.942 979 2 0 -41.2211 16.0217 -145.85 
     86 138.96 978 2 0 -41.6429 15.85 -145.907 
     86 120.705 977 2 0 -42.0182 15.65 -145.968 
     86 91.8325 976 2 0 -42.3214 15.4499 -146.025 
     86 80.0531 975 2 0 -42.6151 15.25 -146.091 
     86 98.7001 974 2 0 -42.8803 15.05 -146.117 
     86 70.4519 973 2 0 -43.0808 14.85 -146.128 
     86 157.28 972 2 0 -43.2628 14.65 -146.129 
     86 130.232 971 2 0 -43.4818 14.45 -146.104 
     86 92.7138 970 2 0 -43.7086 14.2497 -146.092 
     86 129.887 969 2 0 -43.9812 14.05 -146.108 
     86 164.95 968 2 0 -44.3442 13.85 -146.07 
     86 91.4465 967 2 0 -44.644 13.65 -145.994 
     86 61.157 966 2 0 -44.9198 13.45 -145.913 
     86 68.7552 661 2 1 -47.7232 11.7558 -144.85 
     86 59.8736 660 2 1 -47.85 11.6647 -144.798 
     86 81.2213 659 2 1 -48.05 11.5233 -144.741 
     86 77.9331 658 2 1 -48.25 11.3639 -144.733 
     86 55.0734 657 2 1 -48.45 11.195 -144.73 
     86 163.413 656 2 1 -48.6501 11.0323 -144.758 
     86 83.8527 655 2 1 -48.85 10.8709 -144.776 
     86 54.2981 654 2 1 -49.05 10.7293 -144.774 
     86 82.6122 653 2 1 -49.25 10.6169 -144.773 
     86 50.821 652 2 1 -49.45 10.5082 -144.762 
     86 81.8326 651 2 1 -49.65 10.3811 -144.735 
     86 59.4889 650 2 1 -49.85 10.2066 -144.727 
     86 79.2251 649 2 1 -50.05 10.0533 -144.735 
     86 53.9986 648 2 1 -50.25 9.87437 -144.754 
     86 116.676 647 2 1 -50.45 9.73035 -144.773 
     86 209.915 646 2 1 -50.6501 9.53815 -144.768 
     86 85.3163 645 2 1 -50.85 9.34037 -144.732 
     86 93.701 644 2 1 -51.0501 9.13746 -144.72 
     86 182.599 643 2 1 -51.25 8.91582 -144.725 
     86 63.3631 642 2 1 -51.45 8.67696 -144.796 
     86 82.1705 927 2 0 -53.3436 5.63159 -145.85 
     86 75.2673 926 2 0 -53.4552 5.45 -145.927 
     86 110.107 925 2 0 -53.5956 5.24992 -146.047 
     86 79.3773 924 2 0 -53.714 5.04988 -146.159 
     86 116.199 767 3 1 -26.6129 20.5666 -114.45 
     86 118.748 1002 3 0 -26.5855 20.5655 -115.85 
     86 94.3181 770 2 1 -26.0425 20.5608 -144.45 
     86 114.857 1002 2 0 -26.0134 20.5735 -145.85 
     86 33.8785 772 1 1 -25.4537 20.8099 -174.45 
     86 62.8886 773 1 1 -25.45 20.8122 -174.604 
     86 129.111 1003 1 0 -25.4196 20.8301 -175.85 
     86 169.986 776 0 1 -24.7169 21.2718 -204.45 
     86 72.5475 1003 2 0 -27.7273 20.8325 -145.85 
     86 89.7689 985 2 0 -39.3029 17.1656 -146.25 
     86 220.356 984 2 0 -39.4476 17.05 -146.079 
     86 73.9957 700 2 1 -39.8559 17.1855 -144.85 
     86 136.118 701 2 1 -39.85 17.1771 -144.812 
     86 19.2366 1478 5 0 32.4301 115.837 -56.25 
     86 122.02 1479 5 0 32.4838 115.95 -56.1886 
     86 190.5 1480 5 0 32.6414 116.15 -56.1297 
     86 112.828 1007 2 0 -27.6707 21.5118 -145.851 
     86 56.7837 1008 2 0 -27.7203 21.65 -146.115 
     86 35.7995 743 1 1 -31.2691 39.5574 -174.45 
     86 56.0702 744 1 1 -31.25 39.518 -174.6 
     86 77.2214 1095 1 0 -31.0461 39.1455 -175.85 
     86 34.9414 1094 1 0 -31.0442 39.05 -176.153 
     86 60.3267 919 1 0 63.0189 3.92088 -176.25 
     86 139.663 918 1 0 63.2046 3.85 -176.19 
     86 93.8924 917 1 0 63.621 3.64992 -175.927 
     86 52.481 1230 1 1 66.0826 1.91848 -174.85 
     86 335.833 1231 1 1 66.25 1.82287 -174.777 
     86 221.748 1232 1 1 66.4503 1.73801 -174.679 
     86 69.7679 1233 1 1 66.65 1.6188 -174.577 
     86 24.7684 1234 1 1 66.85 1.4964 -174.479 
Number of digits in this event: 38
Using G4ParticleGun... 
Particle energy: 6.27309 LIN
Particle: gamma
Event: 87
Number of tracker hits in this event: 3
     87 24.4226 34 4 0 170.926 -173.206 -86.25 
     87 154.881 1758 4 1 171.756 -173.918 -84.8499 
     87 88.2297 1759 4 1 171.95 -174.17 -84.6057 
Number of digits in this event: 3
Using G4ParticleGun... 
Particle energy: 9.88937 LIN
Particle: gamma
Event: 88
Number of tracker hits in this event: 140
     88 278.955 1174 8 1 54.8765 29.7452 35.55 
     88 302.587 1048 8 0 54.8763 29.7455 34.15 
     88 295.596 1174 7 1 54.8711 29.7535 5.55 
     88 220.528 1048 7 0 54.8695 29.7543 4.15 
     88 332.336 1173 6 1 54.8307 29.7635 -24.45 
     88 278.628 1048 6 0 54.83 29.7651 -25.85 
     88 135.806 1173 5 1 54.8102 29.8051 -54.45 
     88 531.44 1048 5 0 54.8113 29.8026 -55.85 
     88 145.16 1173 4 1 54.8306 29.7544 -84.45 
     88 106.123 1048 4 0 54.8246 29.757 -85.85 
     88 129.241 1173 3 1 54.7029 29.818 -114.45 
     88 170.131 1048 3 0 54.6955 29.8225 -115.85 
     88 121.462 1172 2 1 54.5317 29.9141 -144.45 
     88 253.079 1049 2 0 54.521 29.9202 -145.85 
     88 488.723 1171 1 1 54.3004 30.0482 -174.45 
     88 114.56 1050 1 0 54.2896 30.0551 -175.85 
     88 119.974 1170 0 1 54.0739 30.1904 -204.45 
     88 139.838 1050 0 0 54.0646 30.1943 -205.85 
     88 71.9405 1436 8 1 107.354 159.521 35.15 
     88 108.994 1435 8 1 107.35 159.583 35.2903 
     88 28.8699 451 7 0 23.885 -89.7684 3.75 
     88 115.914 1046 6 0 53.6691 29.3246 -25.85 
     88 48.3279 1045 6 0 53.3478 29.25 -26.1298 
     88 20.6837 1107 6 0 27.2649 41.5955 -26.25 
     88 91.6092 1108 6 0 27.2761 41.65 -26.1759 
     88 21.3407 1109 6 0 27.3702 41.85 -25.9192 
     88 81.9393 1040 6 1 28.1586 42.7523 -24.85 
     88 82.6682 1041 6 1 28.25 42.8353 -24.742 
     88 117.233 1043 6 1 28.7266 42.8788 -24.45 
     88 177.846 1044 6 1 28.85 42.8433 -24.5596 
     88 201.913 1045 6 1 29.05 42.7605 -24.6139 
     88 81.7095 1046 6 1 29.25 42.5866 -24.6927 
     88 233.921 1174 6 1 54.8953 29.7282 -24.45 
     88 627.303 1174 5 1 54.9329 29.6917 -54.45 
     88 289.008 1175 4 1 55.0523 29.6573 -84.45 
     88 402.103 1047 4 0 55.059 29.6497 -85.85 
     88 348.991 1175 3 1 55.1801 29.503 -114.45 
     88 319.795 1047 3 0 55.1805 29.4926 -115.85 
     88 819.328 1175 2 1 55.1949 29.2591 -144.45 
     88 144.236 1046 2 0 55.1981 29.2636 -145.85 
     88 193.4 1176 1 1 55.2782 29.3453 -174.45 
     88 220.919 1046 1 0 55.2766 29.3443 -175.85 
     88 150.489 1175 0 1 55.2196 29.342 -204.45 
     88 127.638 1046 0 0 55.2152 29.3435 -205.85 
     88 10.9808 1025 1 1 25.2381 55.4241 -174.45 
     88 492.925 1174 4 1 55.0167 29.6325 -84.45 
     88 108.138 1046 3 0 55.1024 29.3986 -115.85 
     88 111.714 1174 2 1 54.9299 29.23 -144.45 
     88 113.145 1045 2 0 54.9785 29.2238 -145.85 
     88 289.14 1178 1 1 55.8284 29.131 -174.45 
     88 382.102 1045 1 0 55.8721 29.0873 -175.85 
     88 184.476 1183 0 1 56.7403 28.1016 -204.45 
     88 122.78 1039 0 0 56.788 28.0211 -205.85 
     88 669.259 1174 1 1 54.8898 29.2586 -174.45 
     88 382.829 1043 1 0 55.1123 28.8065 -175.85 
     88 118.49 1173 0 1 54.8397 28.5097 -204.45 
     88 244.261 1042 0 0 54.8303 28.4907 -205.85 
     88 223.916 1044 2 0 55.1458 29.0189 -145.85 
     88 442.244 1173 1 1 54.8337 28.7457 -174.45 
     88 117.879 1171 0 1 54.2938 28.554 -204.45 
     88 192.326 1008 1 0 33.3456 21.8109 -176.25 
     88 216.239 1071 0 0 47.0213 34.3316 -206.25 
     88 1.79763 1070 0 0 47.046 34.25 -206.135 
     88 99.9934 1067 10 1 33.5148 -169.047 95.15 
     88 53.3499 1148 0 0 45.0423 49.6743 -206.25 
     88 75.5364 1149 0 0 44.9942 49.8504 -206.185 
     88 70.1803 1150 0 0 44.9519 50.05 -206.062 
     88 59.6596 1151 0 0 44.927 50.2501 -206 
     88 68.4696 1152 0 0 44.8951 50.45 -206.002 
     88 92.658 1153 0 0 44.8271 50.65 -206.059 
     88 23.9488 1154 0 0 44.6848 50.85 -206.206 
     88 241.26 1178 0 1 55.6539 28.8511 -204.45 
     88 104.287 1043 0 0 55.7259 28.8453 -205.85 
     88 114.978 1176 2 1 55.3269 29.5168 -144.45 
     88 124.078 1047 2 0 55.3358 29.5138 -145.85 
     88 240.016 1177 1 1 55.5191 29.4475 -174.45 
     88 111.637 1047 0 0 55.6861 29.481 -205.85 
     88 34.9012 1020 1 1 24.1434 55.0416 -174.85 
     88 33.1567 1048 2 0 55.2304 29.8312 -145.85 
     88 196.771 1181 1 1 56.3225 34.9996 -174.45 
     88 273.409 1180 1 1 56.25 35.711 -174.642 
     88 122.572 1179 1 1 56.05 36.3854 -174.819 
     88 88.2334 1175 1 1 55.2499 37.0862 -174.779 
     88 107.714 1172 1 1 54.65 37.5465 -174.61 
     88 107.231 1087 1 0 54.2348 37.5723 -175.85 
     88 244.386 1253 1 0 43.4858 70.7755 -176.25 
     88 153.955 1254 1 0 43.4577 70.85 -176.18 
     88 86.7328 1255 1 0 43.4192 71.05 -176.03 
     88 45.9576 1112 1 1 42.4754 72.3278 -174.85 
     88 97.8908 1111 1 1 42.45 72.3538 -174.829 
     88 5.22725 1110 1 1 42.2495 72.4378 -174.842 
     88 77.8326 1170 1 1 54.25 37.9823 -174.694 
     88 5.3073 1093 1 0 54.1082 38.8373 -175.85 
     88 82.6658 1094 1 0 54.112 38.8502 -175.871 
     88 277.035 1095 1 0 54.1819 39.05 -176.116 
     88 79.8599 1096 1 0 54.0999 39.2504 -176.242 
     88 77.9373 1097 1 0 54.1085 39.4501 -176.222 
     88 12.6777 1119 1 0 46.442 43.85 -175.876 
     88 71.92 1149 6 0 49.4266 49.9872 -26.25 
     88 82.8714 1150 6 0 49.5139 50.0504 -25.9749 
     88 194.845 1151 6 1 50.3364 50.1545 -24.85 
     88 149.398 1152 6 1 50.45 50.1755 -24.7092 
     88 67.6455 1153 6 1 50.6505 50.2906 -24.6349 
     88 88.6905 1154 6 1 50.85 50.3955 -24.6172 
     88 53.7147 1155 6 1 51.0502 50.4639 -24.6648 
     88 51.089 1156 6 1 51.2505 50.5001 -24.7469 
     88 57.6485 1157 6 1 51.45 50.513 -24.8043 
     88 86.0684 1158 6 1 51.65 50.5422 -24.7904 
     88 64.6053 1159 6 1 51.85 50.575 -24.6999 
     88 47.4451 1160 6 1 52.0505 50.6446 -24.6197 
     88 71.6671 1161 6 1 52.25 50.6662 -24.5949 
     88 66.2441 1162 6 1 52.45 50.6108 -24.5482 
     88 65.8572 1163 6 1 52.65 50.5026 -24.5496 
     88 56.8883 1164 6 1 52.8505 50.4063 -24.5459 
     88 61.252 1165 6 1 53.05 50.3742 -24.543 
     88 62.1898 1166 6 1 53.25 50.2881 -24.5528 
     88 22.4381 1150 6 1 50.2353 48.9537 -24.85 
     88 161.992 1047 5 0 54.8577 29.6364 -55.85 
     88 102.493 1170 4 1 54.1226 28.5309 -84.45 
     88 112.981 1042 4 0 54.0261 28.5208 -85.85 
     88 297.049 1159 3 1 51.9645 28.5505 -114.45 
     88 130.675 1042 3 0 51.8927 28.576 -115.85 
     88 22.7729 1151 2 1 50.2572 28.7557 -144.45 
     88 110.053 1150 2 1 50.25 28.756 -144.524 
     88 112.037 1043 2 0 50.1214 28.7624 -145.85 
     88 140.417 1135 1 1 47.1585 28.6628 -174.45 
     88 147.567 1121 0 1 44.4033 29.1658 -204.45 
     88 152.868 1045 0 0 44.2484 29.1825 -205.85 
     88 167.282 1042 1 0 46.9199 28.65 -176.14 
     88 140.104 1044 4 0 55.0267 28.9922 -85.8502 
     88 108.199 1162 3 1 52.4611 28.9614 -114.45 
     88 114.82 1044 3 0 52.4472 28.9069 -115.85 
     88 131.625 1166 2 1 53.3375 27.9212 -144.45 
     88 129.022 1040 2 0 53.4707 28.0955 -145.85 
     88 32.6961 1064 1 0 55.9002 33.0245 -175.85 
     88 60.1505 1065 1 0 55.9059 33.05 -175.989 
     88 53.223 1184 0 1 56.85 39.5755 -204.738 
     88 74.5956 1101 0 0 57.3754 40.3032 -205.85 
     88 108.556 1102 0 0 57.4811 40.45 -206.079 
     88 9.01918 702 6 0 -175.337 -39.65 -26.0221 
Number of digits in this event: 66
Using G4ParticleGun... 
Particle energy: 4.15366 LIN
Particle: gamma
Event: 89
Number of tracker hits in this event: 0
Number of digits in this event: 2
Using G4ParticleGun... 
Particle energy: 3.51259 LIN
Particle: gamma
Event: 90
Number of tracker hits in this event: 28
     90 262.367 1341 5 1 88.405 -107.622 -54.45 
     90 234.576 362 5 0 88.4055 -107.623 -55.85 
     90 111.656 1341 4 1 88.4102 -107.647 -84.45 
     90 203.875 362 4 0 88.4091 -107.648 -85.85 
     90 277.836 1341 3 1 88.3854 -107.678 -114.45 
     90 102.511 362 3 0 88.3887 -107.676 -115.85 
     90 127.676 1341 2 1 88.4246 -107.605 -144.45 
     90 103.631 362 2 0 88.4274 -107.633 -145.85 
     90 127.983 1342 1 1 88.5071 -108.17 -174.45 
     90 486.346 359 1 0 88.5004 -108.167 -175.85 
     90 98.724 1341 0 1 88.4274 -108.126 -204.45 
     90 136.777 360 0 0 88.4056 -108.143 -205.85 
     90 15.0241 311 1 0 97.4548 -117.941 -176.25 
     90 90.5738 310 1 0 97.4664 -117.95 -176.203 
     90 2.66014 105 1 0 104.639 -159.147 -176.25 
     90 114.474 104 1 0 104.638 -159.151 -176.245 
     90 163.891 103 1 0 104.576 -159.35 -176.228 
     90 37.5376 360 1 0 88.1711 -108.15 -176.082 
     90 107.808 1339 4 1 88.0428 -107.671 -84.45 
     90 149.097 1340 3 1 88.1573 -107.293 -114.45 
     90 101.852 364 3 0 88.1481 -107.311 -115.85 
     90 130.442 1337 2 1 87.629 -107.968 -144.45 
     90 117.844 360 2 0 87.5212 -108.053 -145.85 
     90 131.556 1324 1 1 84.9816 -109.548 -174.45 
     90 122.701 352 1 0 84.8191 -109.623 -175.85 
     90 120.217 1306 0 1 81.4079 -110.743 -204.45 
     90 126.939 346 0 0 81.28 -110.787 -205.85 
     90 31.7961 1595 2 1 139.155 -115.445 -144.85 
Number of digits in this event: 18
Using G4ParticleGun... 
Particle energy: 7.80795 LIN
Particle: gamma
Event: 91
Number of tracker hits in this event: 29
     91 247.333 554 5 1 -69.183 108.944 -54.45 
     91 230.525 1443 5 0 -69.1836 108.942 -55.85 
     91 236.35 554 4 1 -69.1964 108.916 -84.45 
     91 107.445 1443 4 0 -69.1962 108.914 -85.85 
     91 190.032 554 3 1 -69.1956 108.868 -114.45 
     91 97.9917 1443 3 0 -69.1948 108.866 -115.85 
     91 101.343 554 2 1 -69.1747 108.82 -144.45 
     91 161.827 1443 2 0 -69.1729 108.818 -145.85 
     91 316.208 554 1 1 -69.1384 108.777 -174.45 
     91 113.769 1443 1 0 -69.137 108.774 -175.85 
     91 126.476 554 0 1 -69.1117 108.722 -204.45 
     91 185.613 1442 0 0 -69.1096 108.718 -205.85 
     91 117.433 564 1 1 -67.2066 -46.5055 -174.85 
     91 21.8225 1685 2 0 -92.9939 157.255 -146.25 
     91 153.467 555 3 1 -69.0496 108.872 -114.807 
     91 34.4701 1448 3 0 -68.3264 109.757 -115.85 
     91 38.5439 571 3 1 -65.7681 109.973 -114.85 
     91 71.284 572 3 1 -65.65 110.022 -114.815 
     91 95.083 573 3 1 -65.45 110.075 -114.781 
     91 213.836 1446 3 0 -64.7556 109.479 -115.85 
     91 114.163 1442 4 0 -69.1683 108.64 -85.85 
     91 129.633 1440 3 0 -69.0458 108.327 -115.85 
     91 125.575 555 2 1 -68.9617 107.826 -144.45 
     91 112.476 1438 2 0 -68.9547 107.796 -145.85 
     91 110.06 556 1 1 -68.7983 107.197 -174.45 
     91 163.185 1435 1 0 -68.7817 107.189 -175.85 
     91 146.859 558 0 1 -68.436 106.994 -204.45 
     91 112.213 1434 0 0 -68.4305 106.992 -205.85 
     91 156.478 230 2 0 127.655 -133.95 -146.224 
Number of digits in this event: 17
Using G4ParticleGun... 
Particle energy: 1.23373 LIN
Particle: gamma
Event: 92
Number of tracker hits in this event: 60
     92 248.472 1078 9 1 35.7617 -68.4419 65.55 
     92 115.751 558 9 0 35.7622 -68.441 64.15 
     92 118.563 1078 8 1 35.7596 -68.4037 35.55 
     92 119.669 558 8 0 35.7606 -68.4004 34.15 
     92 114.019 1078 7 1 35.7666 -68.3525 5.55 
     92 129.096 558 7 0 35.7609 -68.3399 4.15 
     92 224.572 1077 6 1 35.6068 -68.1006 -24.45 
     92 130.948 559 6 0 35.598 -68.0952 -25.85 
     92 242.687 1076 5 1 35.3993 -67.9845 -54.45 
     92 115.276 560 5 0 35.3821 -67.9829 -55.85 
     92 134.786 1074 4 1 35.0334 -67.9689 -84.45 
     92 173.813 560 4 0 35.0216 -67.9682 -85.85 
     92 113.605 1073 3 1 34.8007 -67.9137 -114.45 
     92 188.826 560 3 0 34.796 -67.9027 -115.85 
     92 412.84 1073 2 1 34.7268 -67.6759 -144.45 
     92 288.269 561 2 0 34.7199 -67.664 -145.85 
     92 160.1 1072 1 1 34.5829 -67.4085 -174.45 
     92 144.518 563 1 0 34.5755 -67.3904 -175.85 
     92 123.039 1071 0 1 34.4091 -66.9999 -204.45 
     92 169.235 565 0 0 34.3965 -66.9774 -205.85 
     92 126.786 562 1 0 34.6875 -67.45 -176.137 
     92 29.8459 550 1 0 -10.7928 -69.9734 -176.25 
     92 37.436 715 1 0 -59.8511 -36.9115 -176.25 
     92 193.411 716 1 0 -59.8158 -36.85 -176.159 
     92 92.2093 602 1 1 -59.6169 -36.6432 -174.85 
     92 99.1083 1075 4 1 35.1696 -68.0444 -84.4503 
     92 56.7751 1076 4 1 35.251 -68.0953 -84.7546 
     92 67.0315 556 4 0 36.4208 -68.7255 -85.85 
     92 112.987 555 4 0 36.4912 -68.85 -85.9772 
     92 142.084 492 4 0 61.9032 -81.462 -86.2498 
     92 158.076 493 4 0 61.8891 -81.4499 -86.198 
     92 43.9597 1077 5 1 35.45 -67.925 -54.6672 
     92 52.0297 562 5 0 35.3599 -67.5295 -55.85 
     92 49.076 563 5 0 35.33 -67.45 -56.091 
     92 54.2946 1066 4 1 33.4065 -57.0575 -84.4503 
     92 54.1431 1067 4 1 33.45 -57.0245 -84.6477 
     92 106.046 616 4 0 33.4839 -56.7389 -85.85 
     92 9.2675 617 4 0 33.4601 -56.65 -86.208 
     92 96.2132 1071 1 1 34.45 -68.5944 -174.504 
     92 107.942 557 1 0 34.2734 -68.6406 -175.85 
     92 102.938 1050 0 1 30.2105 -69.0061 -204.45 
     92 140.33 555 0 0 30.1313 -69.0321 -205.85 
     92 194.485 560 2 0 34.6174 -67.8993 -145.85 
     92 86.4975 1066 1 1 33.3652 -71.3466 -174.45 
     92 319.368 1067 1 1 33.45 -71.2685 -174.653 
     92 43.5576 546 1 0 33.9611 -70.7128 -175.85 
     92 300.007 547 1 0 34.0188 -70.65 -175.981 
     92 34.5096 1133 0 1 46.7859 -58.4793 -204.45 
     92 93.849 1134 0 1 46.8501 -58.4535 -204.559 
     92 18.5272 608 0 0 47.5995 -58.2596 -205.85 
     92 202.606 609 0 0 47.6328 -58.25 -205.909 
     92 161.69 556 9 0 36.6591 -68.7379 64.15 
     92 86.2331 697 9 0 135.4 -40.635 63.75 
     92 65.504 698 9 0 135.606 -40.45 63.8407 
     92 62.7818 699 9 0 135.751 -40.25 63.9192 
     92 71.2512 700 9 0 135.852 -40.05 63.9074 
     92 46.8557 701 9 0 135.963 -39.85 63.8384 
     92 0.696203 797 9 0 157.893 -20.6481 63.75 
     92 104.804 796 9 0 157.893 -20.65 63.7518 
     92 148.845 795 9 0 157.961 -20.8502 63.8076 
Number of digits in this event: 27
Using G4ParticleGun... 
Particle energy: 3.36132 LIN
Particle: gamma
Event: 93
Number of tracker hits in this event: 0
Number of digits in this event: 2
Using G4ParticleGun... 
Particle energy: 8.51661 LIN
Particle: gamma
Event: 94
Number of tracker hits in this event: 0
Number of digits in this event: 4
Using G4ParticleGun... 
Particle energy: 3.9564 LIN
Particle: gamma
Event: 95
Number of tracker hits in this event: 0
Number of digits in this event: 1
Using G4ParticleGun... 
Particle energy: 3.20595 LIN
Particle: gamma
Event: 96
Number of tracker hits in this event: 1
     96 250.921 1350 2 0 27.5442 90.3191 -146.25 
Number of digits in this event: 3
Using G4ParticleGun... 
Particle energy: 8.75431 LIN
Particle: gamma
Event: 97
Number of tracker hits in this event: 35
     97 255.292 569 4 1 -66.2447 11.1468 -84.45 
     97 330.293 955 4 0 -66.2395 11.1398 -85.85 
     97 174.288 569 3 1 -66.1432 10.9831 -114.45 
     97 194.324 954 3 0 -66.1397 10.9796 -115.85 
     97 103.34 569 2 1 -66.093 10.9079 -144.45 
     97 88.6679 954 2 0 -66.0933 10.9012 -145.85 
     97 162.1 569 1 1 -66.0581 10.7391 -174.45 
     97 139.684 953 1 0 -66.054 10.7493 -175.85 
     97 126.474 570 0 1 -65.8682 10.9892 -204.45 
     97 144.742 954 0 0 -65.8652 10.9952 -205.85 
     97 173.221 698 0 0 -98.2395 -40.2735 -206.25 
     97 70.1205 697 0 0 -98.1412 -40.45 -206.165 
     97 63.0541 751 0 0 -104.709 -29.8121 -206.25 
     97 41.5979 485 3 0 -43.5617 -82.85 -116.033 
     97 0.0214025 686 3 1 -42.8064 -83.5674 -114.85 
     97 21.8313 478 3 0 -41.871 -84.2897 -115.85 
     97 151.515 689 3 1 -42.1853 -84.7473 -114.85 
     97 38.3893 688 3 1 -42.25 -84.8701 -114.773 
     97 44.0771 1091 2 0 -74.5167 38.3844 -146.25 
     97 13.3272 1296 3 0 -76.8898 79.25 -116.149 
     97 117.366 1297 3 0 -76.8906 79.4502 -115.995 
     97 117.311 515 3 1 -76.887 80.6197 -114.85 
     97 218.167 516 3 1 -76.85 80.6529 -114.777 
     97 133.246 532 2 1 -73.5844 38.4307 -144.85 
     97 284.579 533 2 1 -73.45 38.5347 -144.633 
     97 170.457 568 3 1 -66.2689 11.1403 -114.45 
     97 132.782 955 3 0 -66.2691 11.1398 -115.85 
     97 137.94 568 2 1 -66.2779 11.1274 -144.45 
     97 155.079 955 2 0 -66.2781 11.1274 -145.85 
     97 415.453 568 1 1 -66.2854 11.1237 -174.45 
     97 121.873 955 1 0 -66.2863 11.1237 -175.85 
     97 115.912 568 0 1 -66.3044 11.1283 -204.45 
     97 154.347 955 0 0 -66.3054 11.1303 -205.85 
     97 210.665 257 0 1 -128.739 4.90514 -204.45 
     97 29.8942 256 0 1 -128.75 4.90797 -204.492 
Number of digits in this event: 23
Using G4ParticleGun... 
Particle energy: 6.6137 LIN
Particle: gamma
Event: 98
Number of tracker hits in this event: 8
     98 406.035 1164 1 1 53.0093 8.69511 -174.45 
     98 254.585 943 1 0 52.9849 8.7027 -175.85 
     98 209.314 1163 0 1 52.8154 9.20038 -204.45 
     98 234.612 946 0 0 52.8875 9.27167 -205.85 
     98 110.671 1164 0 1 53.0032 8.69516 -204.45 
     98 283.812 943 0 0 53.0025 8.69531 -205.85 
     98 354.295 543 1 0 24.8606 -71.2558 -176.25 
     98 3.02281 544 1 0 24.7357 -71.25 -176.06 
Number of digits in this event: 7
Using G4ParticleGun... 
Particle energy: 3.60775 LIN
Particle: gamma
Event: 99
Number of tracker hits in this event: 5
     99 552.615 1019 0 1 23.9116 36.1084 -204.45 
     99 284.753 1080 0 0 23.9094 36.1096 -205.85 
     99 30.9789 695 0 1 -40.85 18.3656 -204.716 
     99 113.029 1042 0 0 39.0709 28.5978 -206.25 
     99 19.05 1018 0 1 23.85 36.073 -204.674 
Number of digits in this event: 4
 Run terminated.
Run Summary
  Number of events processed : 100
  User=38.880000s Real=39.566045s Sys=0.000000s
End of Run 1
/gun/particle e-
/gun/energy 1 GeV
/gun/sourceType 2
/run/beamOn 100

========= Table of registered couples ============================

Index : 0     used in the geometry : Yes
 Material : Galactic
 Range cuts        :  gamma  100 um     e-  100 um     e+  100 um  proton 100 um 
 Energy thresholds :  gamma  250 eV     e-  250 eV     e+  250 eV  proton 10 keV
 Region(s) which use this couple : 
    DefaultRegionForTheWorld

Index : 1     used in the geometry : Yes
 Material : CesiumIodide
 Range cuts        :  gamma  100 um     e-  100 um     e+  100 um  proton 100 um 
 Energy thresholds :  gamma  9.28719 keV    e-  144.613 keV    e+  141.078 keV proton 10 keV
 Region(s) which use this couple : 
    DefaultRegionForTheWorld

Index : 2     used in the geometry : Yes
 Material : Silicon
 Range cuts        :  gamma  100 um     e-  100 um     e+  100 um  proton 100 um 
 Energy thresholds :  gamma  2.32189 keV    e-  121.99 keV    e+  119.775 keV proton 10 keV
 Region(s) which use this couple : 
    DefaultRegionForTheWorld

Index : 3     used in the geometry : Yes
 Material : Tungsten
 Range cuts        :  gamma  100 um     e-  100 um     e+  100 um  proton 100 um 
 Energy thresholds :  gamma  36.2769 keV    e-  351.944 keV    e+  338.136 keV proton 10 keV
 Region(s) which use this couple : 
    DefaultRegionForTheWorld

Index : 4     used in the geometry : Yes
 Material : Scintillator
 Range cuts        :  gamma  100 um     e-  100 um     e+  100 um  proton 100 um 
 Energy thresholds :  gamma  1.00819 keV    e-  86.3911 keV    e+  85.2484 keV proton 10 keV
 Region(s) which use this couple : 
    DefaultRegionForTheWorld

==================================================================

### Run 2 starts.
### Run 2 starts (master).
/vis/scene/notifyHandlers
WARNING: Scene "none" not found.
  /vis/scene/list to see scenes.
Opening output file gammaraytel ... 
-------- WWWW ------- G4Exception-START -------- WWWW -------
*** G4Exception : Analysis_W001
      issued by : G4BaseAnalysisManager::SetFirstId
Cannot set FirstId as its value was already used.
*** This is just a warning message. ***
-------- WWWW -------- G4Exception-END --------- WWWW -------


-------- WWWW ------- G4Exception-START -------- WWWW -------
*** G4Exception : Analysis_W001
      issued by : G4BaseAnalysisManager::SetFirstId
Cannot set FirstId as its value was already used.
*** This is just a warning message. ***
-------- WWWW -------- G4Exception-END --------- WWWW -------

 done
Using G4ParticleGun... 
Particle energy: 1.97285 LIN
Particle: e-
Event: 0
Number of tracker hits in this event: 76
      0 129.463 456 10 1 -88.821 69.1408 95.55 
      0 128.98 1245 10 0 -88.8226 69.1362 94.15 
      0 129.631 455 9 1 -88.8613 69.0252 65.55 
      0 120.472 1244 9 0 -88.8614 69.0198 64.15 
      0 119.921 455 8 1 -88.8595 68.9249 35.55 
      0 249.199 1244 8 0 -88.8563 68.9183 34.15 
      0 148.813 456 7 1 -88.7968 68.7645 5.55 
      0 109.323 1243 7 0 -88.7914 68.753 4.15 
      0 103.234 456 6 1 -88.6828 68.5234 -24.45 
      0 243.816 1242 6 0 -88.6835 68.5141 -25.85 
      0 156.441 456 5 1 -88.705 68.3455 -54.45 
      0 115.507 1241 5 0 -88.7239 68.3194 -55.85 
      0 125.827 454 4 1 -89.1533 67.6409 -84.45 
      0 129.866 1237 4 0 -89.1646 67.6219 -85.85 
      0 148.569 452 3 1 -89.5972 67.2463 -114.45 
      0 114.615 1235 3 0 -89.6221 67.2272 -115.85 
      0 119.324 451 2 1 -89.8008 67.0357 -144.45 
      0 121.501 1235 2 0 -89.7973 67.0599 -145.85 
      0 129.332 452 1 1 -89.4739 67.6987 -174.45 
      0 117.77 1238 1 0 -89.4109 67.7086 -175.85 
      0 133.065 461 0 1 -87.7486 68.3052 -204.45 
      0 98.3728 1241 0 0 -87.7823 68.3288 -205.85 
      0 59.483 1205 1 0 -119.215 61.05 -175.927 
      0 207.819 453 4 1 -89.3952 67.6552 -84.45 
      0 1.19703 1231 4 0 -89.588 66.2545 -85.85 
      0 126.032 1230 4 0 -89.5886 66.2497 -85.8533 
      0 41.6212 1229 4 0 -89.6219 66.05 -86.1595 
      0 13.5646 306 3 1 -118.799 -49.4446 -114.85 
      0 195.353 456 9 1 -88.7306 69.0588 65.55 
      0 90.2176 457 9 1 -88.65 69.0638 65.4503 
      0 137.791 1243 9 0 -88.038 68.8405 64.1498 
      0 44.7053 490 8 1 -81.987 65.3158 35.55 
      0 107.736 491 8 1 -81.8498 65.2553 35.4457 
      0 60.59 492 8 1 -81.65 65.1559 35.2983 
      0 49.7513 493 8 1 -81.45 65.0954 35.2494 
      0 66.3625 494 8 1 -81.2494 65.0725 35.212 
      0 15.7705 495 8 1 -81.05 65.0576 35.1694 
      0 403.483 1226 8 0 -77.216 65.3686 34.15 
      0 10.5372 1225 8 0 -76.4149 65.2499 33.7677 
      0 204.06 1245 9 0 -88.9516 69.0655 64.1499 
      0 113.268 461 8 1 -87.756 70.1041 35.55 
      0 121.873 1251 8 0 -88.1967 70.322 34.15 
      0 140.002 414 7 1 -97.2337 76.2952 5.55 
      0 161.112 1278 7 0 -97.5269 75.7322 4.15 
      0 111.446 1277 7 0 -97.5577 75.65 3.93415 
      0 176.158 405 6 1 -99.1243 63.144 -24.45 
      0 4.6691 1209 6 0 -98.9317 61.8663 -25.85 
      0 73.6243 1208 6 0 -98.9292 61.85 -25.8673 
      0 124.608 1207 6 0 -98.9175 61.6499 -26.027 
      0 52.5815 1206 6 0 -98.9042 61.45 -26.1616 
      0 116.346 414 5 1 -97.2877 20.9047 -54.45 
      0 173.777 415 5 1 -97.15 20.7508 -54.6616 
      0 166.471 997 5 0 -96.5969 19.6455 -55.85 
      0 115.215 996 5 0 -96.4934 19.45 -56.0473 
      0 19.8329 995 5 0 -96.3666 19.25 -56.1998 
      0 50.0706 526 4 1 -74.7707 -12.4425 -84.45 
      0 102.849 525 4 1 -74.85 -12.319 -84.4975 
      0 142.722 524 4 1 -75.05 -12.1399 -84.5559 
      0 2.62098 845 4 0 -74.7754 -10.865 -85.85 
      0 81.4732 846 4 0 -74.77 -10.85 -85.8665 
      0 78.4965 847 4 0 -74.6503 -10.65 -86.0632 
      0 11.2567 1063 4 0 -123.043 32.8287 -86.25 
      0 152.277 1064 4 0 -123.069 32.85 -86.2409 
      0 8.85655 834 0 1 -13.2178 -171.509 -204.45 
      0 22.138 527 4 1 -74.6499 -12.3118 -84.7961 
      0 262.557 838 4 0 -74.5654 -12.3796 -85.8502 
      0 154.192 837 4 0 -74.486 -12.45 -86.0111 
      0 79.8593 416 5 1 -96.95 20.7949 -54.6969 
      0 67.0825 417 5 1 -96.75 20.8656 -54.7327 
      0 62.4896 418 5 1 -96.55 20.8726 -54.8058 
      0 1.44556 950 5 0 -92.1219 10.1535 -55.85 
      0 3.52288 450 5 1 -89.8673 2.78168 -54.85 
      0 27.3449 856 5 0 -85.8907 -8.723 -55.85 
      0 14.6793 458 5 1 -88.2927 -13.1757 -54.85 
      0 6.39637 820 5 0 -91.1084 -16.0003 -55.85 
      0 213.132 427 5 1 -94.6588 -18.0056 -54.85 
Number of digits in this event: 33
Using G4ParticleGun... 
Particle energy: 3.38131 LIN
Particle: e-
Event: 1
Number of tracker hits in this event: 68
      1 113.652 1495 7 1 119.274 -87.8469 5.55 
      1 119.791 461 7 0 119.273 -87.8477 4.15 
      1 234.505 1495 6 1 119.256 -87.8625 -24.45 
      1 106.787 460 6 0 119.255 -87.8622 -25.85 
      1 285.749 1495 5 1 119.247 -87.8534 -54.45 
      1 330.842 460 5 0 119.248 -87.8505 -55.85 
      1 245.007 461 5 0 119.249 -87.85 -56.0721 
      1 268.657 1495 4 1 119.257 -87.8054 -84.45 
      1 304.18 461 4 0 119.261 -87.8159 -85.85 
      1 220.962 1495 3 1 119.312 -88.0758 -114.45 
      1 99.5819 459 3 0 119.297 -88.097 -115.85 
      1 243.817 1494 2 1 119.076 -88.6989 -144.45 
      1 166.516 456 2 0 119.079 -88.7576 -145.85 
      1 165.543 1494 1 1 118.953 -89.9984 -174.45 
      1 98.0165 1490 0 1 118.326 -90.978 -204.45 
      1 132.683 445 0 0 118.258 -91.0117 -205.85 
      1 70.5623 1492 0 1 118.689 -91.4876 -204.45 
      1 104.67 1493 0 1 118.75 -91.4849 -204.731 
      1 134.438 1494 0 1 118.95 -91.5322 -204.805 
      1 174.114 442 0 0 119.556 -91.5634 -205.85 
      1 33.5888 443 0 0 119.544 -91.55 -205.964 
      1 223.006 1495 1 1 119.273 -87.8565 -174.45 
      1 529.757 460 1 0 119.275 -87.8546 -175.85 
      1 112.727 1496 0 1 119.355 -87.8131 -204.45 
      1 101.783 461 0 0 119.347 -87.8145 -205.85 
      1 38.238 1398 2 0 37.7562 99.75 -146.16 
      1 213.498 1495 0 1 119.325 -87.9406 -204.45 
      1 261.273 460 0 0 119.321 -87.9383 -205.85 
      1 303.261 459 1 0 119.212 -88.05 -176.168 
      1 23.1097 458 1 0 119.186 -88.2501 -176.088 
      1 98.3176 1630 4 1 146.298 162.548 -84.85 
      1 73.2098 1494 4 1 119.15 -87.9624 -84.57 
      1 277.621 460 4 0 119.129 -87.9632 -85.85 
      1 154.529 1492 3 1 118.725 -87.9097 -114.45 
      1 414.352 460 3 0 118.72 -87.9203 -115.85 
      1 131.376 1492 2 1 118.596 -88.1264 -144.45 
      1 127.893 459 2 0 118.581 -88.1617 -145.85 
      1 119.13 1490 1 1 118.3 -88.8157 -174.45 
      1 104.718 455 1 0 118.271 -88.8868 -175.85 
      1 140.602 1487 0 1 117.629 -90.4899 -204.45 
      1 125.357 447 0 0 117.587 -90.5542 -205.85 
      1 86.7884 1533 4 1 126.815 -84.9427 -84.45 
      1 31.7577 1534 4 1 126.95 -84.9871 -84.7422 
      1 184.85 474 4 0 127.512 -85.123 -85.85 
      1 134.366 1659 3 1 152.08 -86.2009 -114.45 
      1 120.666 471 3 0 152.028 -85.8487 -115.85 
      1 24.0363 1654 3 1 151.15 -134.642 -114.674 
      1 105.5 1496 2 1 119.492 -87.9324 -144.45 
      1 125.382 460 2 0 119.498 -87.9274 -145.85 
      1 108.715 1497 1 1 119.553 -87.8058 -174.45 
      1 5.48244 1496 1 1 119.55 -87.807 -174.83 
      1 109.767 461 1 0 119.54 -87.809 -175.85 
      1 185.78 1497 4 1 119.622 -87.7788 -84.4502 
      1 131.507 1490 3 1 118.181 -87.1773 -114.45 
      1 161.279 464 3 0 118.21 -87.177 -115.85 
      1 125.791 464 2 0 118.953 -87.2187 -145.85 
      1 87.4095 1488 1 1 117.841 -87.9615 -174.45 
      1 59.608 1487 1 1 117.75 -87.974 -174.682 
      1 86.0898 1451 0 1 110.489 -84.7036 -204.45 
      1 83.087 1450 0 1 110.35 -84.631 -204.658 
      1 106.333 479 0 0 109.511 -84.1672 -205.85 
      1 35.4972 480 0 0 109.314 -84.05 -206.141 
      1 386.396 465 3 0 118.188 -87.0499 -116.101 
      1 48.042 466 3 0 117.55 -86.85 -115.863 
      1 20.0197 1485 3 1 117.343 -86.7207 -114.85 
      1 39.7676 1486 3 1 117.35 -86.7131 -114.83 
      1 89.2846 1528 3 1 125.803 -85.5468 -114.85 
      1 91.0205 1401 0 1 100.528 -58.8375 -204.85 
Number of digits in this event: 36
Using G4ParticleGun... 
Particle energy: 8.15452 LIN
Particle: e-
Event: 2
Number of tracker hits in this event: 21
      2 428.643 1245 8 1 69.1447 124.81 35.55 
      2 120.86 1523 8 0 69.145 124.811 34.15 
      2 130.543 1245 7 1 69.1504 124.823 5.55 
      2 134.111 1523 7 0 69.1505 124.823 4.15 
      2 132.301 1245 6 1 69.1552 124.835 -24.45 
      2 116.111 1523 6 0 69.1554 124.835 -25.85 
      2 131.868 1245 5 1 69.1607 124.843 -54.45 
      2 153.33 1523 5 0 69.1607 124.843 -55.85 
      2 111.946 1245 4 1 69.1694 124.847 -84.45 
      2 140.939 1523 4 0 69.1701 124.847 -85.85 
      2 150.678 1245 3 1 69.1826 124.86 -114.45 
      2 105.358 1523 3 0 69.1823 124.859 -115.85 
      2 124.26 1245 2 1 69.1747 124.852 -144.45 
      2 122.56 1523 2 0 69.1767 124.851 -145.85 
      2 128.727 1245 1 1 69.2173 124.837 -174.45 
      2 126.157 1523 1 0 69.2178 124.834 -175.85 
      2 376.236 1245 0 1 69.2231 124.773 -204.45 
      2 611.685 1523 0 0 69.2249 124.772 -205.85 
      2 225.784 1793 0 0 6.88889 178.915 -206.25 
      2 5.01666 1522 5 0 69.0887 124.75 -56.231 
      2 196.072 943 0 0 -11.984 8.75887 -206.25 
Number of digits in this event: 19
Using G4ParticleGun... 
Particle energy: 9.17835 LIN
Particle: e-
Event: 3
Number of tracker hits in this event: 72
      3 218.781 1223 8 1 64.7721 129.776 35.55 
      3 116.997 1548 8 0 64.7728 129.776 34.15 
      3 106.903 1223 7 1 64.7907 129.768 5.55 
      3 234.924 1548 7 0 64.792 129.768 4.15 
      3 123.674 1223 6 1 64.824 129.753 -24.45 
      3 205.78 1548 6 0 64.8265 129.752 -25.85 
      3 263.913 1224 5 1 64.8822 129.735 -54.45 
      3 140.887 1547 5 0 64.8835 129.734 -55.85 
      3 365.44 1224 4 1 64.9065 129.702 -84.45 
      3 394.099 1547 4 0 64.9077 129.7 -85.85 
      3 259.198 1224 3 1 64.9279 129.647 -114.45 
      3 324.146 1547 3 0 64.9278 129.646 -115.85 
      3 434.988 1224 2 1 64.9333 129.606 -144.45 
      3 196.424 1547 2 0 64.935 129.604 -145.85 
      3 98.3267 1224 1 1 64.9729 129.555 -174.45 
      3 165.703 1547 1 0 64.9747 129.553 -175.85 
      3 122.622 1224 0 1 65.0147 129.506 -204.45 
      3 109.334 1546 0 0 65.0177 129.503 -205.85 
      3 10.4594 1139 2 1 47.9885 -52.9695 -144.85 
      3 295.637 947 4 1 9.49246 -120.447 -84.45 
      3 110.658 1743 2 1 168.756 128.168 -144.85 
      3 64.2054 1551 5 0 64.781 130.457 -55.85 
      3 78.5692 1552 5 0 64.7816 130.55 -55.9961 
      3 69.806 1553 5 0 64.7224 130.75 -56.1297 
      3 422.44 1554 5 0 64.7285 130.95 -56.0863 
      3 9.14261 1548 3 0 64.8713 129.943 -115.85 
      3 101.149 1549 3 0 64.8708 129.95 -115.876 
      3 349.041 1225 2 1 65.122 137.833 -144.45 
      3 70.1887 1593 2 0 65.4764 138.934 -145.85 
      3 381.769 1594 2 0 65.4828 138.95 -145.872 
      3 37.4812 1595 2 0 65.5336 139.15 -146.142 
      3 120.456 1688 2 0 70.1193 157.801 -146.249 
      3 119.462 1250 2 1 70.1439 157.594 -144.85 
      3 21.4221 1714 3 0 50.7532 163.136 -116.25 
      3 118.581 1715 3 0 50.7058 163.15 -116.182 
      3 86.9746 1147 3 1 49.5855 163.561 -114.85 
      3 46.3362 1146 3 1 49.45 163.602 -114.736 
      3 59.7322 1145 3 1 49.2498 163.62 -114.625 
      3 39.6465 1144 3 1 49.05 163.578 -114.513 
      3 99.0197 1142 3 1 48.4841 163.499 -114.45 
      3 769.3 1141 3 1 48.45 163.49 -114.504 
      3 17.8515 1710 3 0 48.7684 162.191 -115.85 
      3 117.828 1709 3 0 48.7877 162.15 -115.909 
      3 41.7713 1226 2 1 65.25 138.431 -144.793 
      3 187.874 1223 3 1 64.7615 130.103 -114.45 
      3 114.396 1550 3 0 64.769 130.177 -115.85 
      3 337.577 1223 2 1 64.8301 131.947 -144.45 
      3 130.269 1559 2 0 64.8471 132.007 -145.85 
      3 131.888 1226 1 1 65.3748 133.316 -174.45 
      3 116.77 1566 1 0 65.3868 133.406 -175.85 
      3 118.812 1228 0 1 65.68 135.241 -204.45 
      3 114.408 1575 0 0 65.6733 135.308 -205.85 
      3 50.1855 1261 1 1 72.3858 146.438 -174.45 
      3 71.9842 1260 1 1 72.2494 146.46 -174.515 
      3 46.7996 1259 1 1 72.05 146.514 -174.692 
      3 185.649 1631 1 0 70.8768 146.417 -175.85 
      3 59.0149 1415 3 0 38.0478 103.168 -116.25 
      3 90.3698 1414 3 0 38.0247 103.15 -116.216 
      3 64.5922 1413 3 0 38.0586 102.95 -115.96 
      3 443.122 1094 3 1 39.0247 102.031 -114.85 
      3 282.613 1095 3 1 39.05 102.006 -114.821 
      3 7.12753 1431 0 1 106.35 109.489 -204.718 
      3 13.5151 1415 0 0 115.249 103.35 -206.018 
      3 239.551 1432 0 1 106.55 109.47 -204.562 
      3 87.49 1605 0 0 100.06 141.238 -206.25 
      3 82.2147 1606 0 0 100.184 141.35 -206.066 
      3 65.1132 1405 0 1 101.218 142.21 -204.85 
      3 60.9517 1406 0 1 101.35 142.306 -204.708 
      3 17.5218 1407 0 1 101.55 142.378 -204.506 
      3 19.9805 780 14 0 89.6135 -23.85 214.079 
      3 122.159 1350 14 1 90.3216 -25.8381 215.15 
      3 62.2159 773 14 0 89.6955 -25.3607 214.15 
Number of digits in this event: 31
Using G4ParticleGun... 
Particle energy: 9.13207 LIN
Particle: e-
Event: 4
Number of tracker hits in this event: 106
      4 88.3036 956 11 1 11.293 -2.40201 125.55 
      4 114.198 888 11 0 11.2928 -2.40264 124.15 
      4 115.731 956 10 1 11.2997 -2.43281 95.55 
      4 153.49 888 10 0 11.2955 -2.42999 94.15 
      4 97.722 955 9 1 11.1997 -2.40246 65.55 
      4 217.224 888 9 0 11.2031 -2.39812 64.15 
      4 165.018 956 8 1 11.2621 -2.30751 35.55 
      4 111.558 888 8 0 11.2637 -2.31318 34.15 
      4 176.402 956 7 1 11.2868 -2.41473 5.55 
      4 128.473 888 7 0 11.2921 -2.43125 4.15 
      4 465.615 956 6 1 11.3799 -2.77294 -24.45 
      4 120.222 886 6 0 11.3904 -2.7901 -25.85 
      4 168.241 957 5 1 11.6229 -3.08985 -54.45 
      4 268.533 884 5 0 11.6137 -3.10337 -55.85 
      4 499.921 957 4 1 11.4835 -3.39984 -84.45 
      4 110.37 883 4 0 11.4538 -3.39059 -85.85 
      4 130.852 954 3 1 10.9122 -3.25151 -114.45 
      4 422.986 883 3 0 10.8492 -3.27791 -115.85 
      4 141.438 947 2 1 9.60452 -3.81512 -144.45 
      4 116.345 880 2 0 9.52194 -3.87881 -145.85 
      4 118.92 941 1 1 8.29817 -4.76512 -174.45 
      4 448.609 876 1 0 8.23299 -4.7861 -175.85 
      4 156.267 933 0 1 6.80682 -5.22407 -204.45 
      4 242.763 873 0 0 6.72854 -5.25874 -205.85 
      4 17.667 882 3 0 10.5541 -3.45085 -116.225 
      4 311.49 961 1 1 12.3752 -4.73251 -174.45 
      4 114.885 961 0 1 12.3905 -5.32497 -204.45 
      4 236.594 965 0 1 13.1456 -4.29906 -204.45 
      4 159.905 879 0 0 13.3527 -4.13926 -205.85 
      4 128.411 955 7 1 11.2498 -2.41 5.28156 
      4 266.837 887 4 0 11.7914 -2.56779 -85.8504 
      4 222.282 888 4 0 11.8383 -2.45 -86.0315 
      4 75.0375 1266 4 0 58.8286 73.2575 -86.25 
      4 263.798 1267 4 0 58.9177 73.4501 -86.1471 
      4 131.638 1268 4 0 58.9754 73.65 -85.944 
      4 148.54 1196 4 1 59.2721 74.5072 -84.8498 
      4 60.798 1149 5 0 50.4312 49.9765 -56.25 
      4 73.347 1148 5 0 50.4013 49.85 -56.1223 
      4 24.6987 1147 5 0 50.351 49.6496 -55.9235 
      4 465.422 1150 5 1 50.1366 48.7521 -54.85 
      4 336.102 1149 5 1 50.0499 48.505 -54.5424 
      4 51.3975 1136 5 0 49.6555 47.4497 -55.85 
      4 178.024 244 8 0 -18.8235 -131.208 33.75 
      4 10.5106 811 8 1 -17.6525 -130.589 35.1501 
      4 107.756 812 8 1 -17.65 -130.587 35.1527 
      4 247.954 813 8 1 -17.4499 -130.477 35.2299 
      4 36.3085 251 8 0 -18.8051 -129.873 34.15 
      4 232.535 887 6 0 11.2896 -2.4532 -25.85 
      4 345.103 956 5 1 11.2809 -2.48421 -54.45 
      4 121.098 887 5 0 11.283 -2.49065 -55.85 
      4 238.495 956 4 1 11.3237 -2.60039 -84.45 
      4 155.084 956 3 1 11.4438 -2.7048 -114.45 
      4 153.395 886 3 0 11.4508 -2.7122 -115.85 
      4 106.303 957 2 1 11.5983 -2.87875 -144.45 
      4 170.084 885 2 0 11.6055 -2.8869 -145.85 
      4 294.646 958 1 1 11.7472 -3.05804 -174.45 
      4 107.866 884 1 0 11.7544 -3.06219 -175.85 
      4 155.824 959 0 1 11.8953 -3.1344 -204.45 
      4 265.879 884 0 0 11.9076 -3.14077 -205.85 
      4 51.2704 896 3 0 61.6635 -0.85 -116.173 
      4 223.899 958 0 1 11.85 -3.14458 -204.537 
      4 82.0529 959 1 1 11.8501 -3.40547 -174.679 
      4 19.6577 875 1 0 12.6031 -4.98907 -175.85 
      4 90.2353 874 1 0 12.6351 -5.05 -175.896 
      4 108.666 873 1 0 12.7397 -5.25045 -176.045 
      4 47.8032 872 1 0 12.8678 -5.45032 -176.166 
      4 16.0757 1129 0 1 45.8973 -53.7377 -204.45 
      4 86.3058 1128 0 1 45.85 -53.7398 -204.486 
      4 94.6695 1127 0 1 45.65 -53.7049 -204.546 
      4 83.972 1126 0 1 45.45 -53.5686 -204.714 
      4 51.8805 1125 0 1 45.2498 -53.312 -204.79 
      4 51.9156 636 0 0 43.1971 -52.801 -205.85 
      4 158.793 635 0 0 43.023 -52.85 -205.898 
      4 112.012 1109 0 1 41.9504 -53.4495 -204.85 
      4 42.7737 1110 0 1 42.05 -53.5926 -204.582 
      4 142.048 1138 0 1 47.7932 -56.039 -204.45 
      4 97.9102 1139 0 1 47.85 -56.1814 -204.731 
      4 176.179 1140 0 1 48.05 -56.4126 -204.757 
      4 230.215 619 0 0 48.151 -56.2349 -205.85 
      4 50.394 878 1 0 12.0691 -4.25 -175.961 
      4 148.613 883 0 0 11.3976 -3.40665 -205.851 
      4 69.3789 839 0 0 -14.0208 -12.1747 -206.249 
      4 84.0831 838 0 0 -14.1432 -12.25 -206.094 
      4 37.0798 825 0 1 -14.9379 -12.9812 -204.85 
      4 58.4135 824 0 1 -15.05 -13.0547 -204.746 
      4 110.185 823 0 1 -15.25 -13.1262 -204.61 
      4 18.7381 1076 2 1 35.3781 -43.6691 -144.85 
      4 281.848 1077 2 1 35.45 -43.7031 -144.788 
      4 112.656 888 5 0 11.2933 -2.44633 -55.85 
      4 212.344 955 3 1 11.1699 -2.43376 -114.45 
      4 143.544 888 3 0 11.1658 -2.43666 -115.85 
      4 337.667 955 2 1 11.0855 -2.49077 -144.45 
      4 118.809 887 2 0 11.0821 -2.49159 -145.85 
      4 127.671 954 1 1 11.0007 -2.516 -174.45 
      4 129.091 887 1 0 10.9983 -2.51629 -175.85 
      4 123.515 954 0 1 10.9446 -2.52695 -204.45 
      4 98.7376 887 0 0 10.9419 -2.52788 -205.85 
      4 84.2748 1298 10 0 -165.533 79.6845 93.75 
      4 128.329 1297 10 0 -165.753 79.65 94.0452 
      4 127.948 72 10 1 -165.662 79.055 95.15 
      4 171.708 11 1 0 -19.059 -177.75 -175.961 
      4 366.937 954 2 1 11.05 -2.506 -144.629 
      4 131.382 953 2 1 10.85 -2.59391 -144.768 
      4 144.236 955 5 1 11.25 -2.44496 -54.5997 
      4 111.712 763 0 1 -27.4228 -20.642 -204.85 
      4 25.9197 762 0 1 -27.45 -20.6425 -204.81 
Number of digits in this event: 61
Using G4ParticleGun... 
Particle energy: 5.57528 LIN
Particle: e-
Event: 5
Number of tracker hits in this event: 240
      5 128.132 666 11 1 -46.7161 55.5745 125.55 
      5 129.157 1177 11 0 -46.7166 55.5763 124.15 
      5 186.889 666 10 1 -46.7252 55.6015 95.55 
      5 136.067 1177 10 0 -46.7243 55.6019 94.15 
      5 161.472 666 9 1 -46.7085 55.6144 65.55 
      5 133.304 1177 9 0 -46.7067 55.6172 64.15 
      5 395.198 666 8 1 -46.679 55.7059 35.55 
      5 540.133 1178 8 0 -46.6747 55.7088 34.15 
      5 135.953 667 7 1 -46.5914 55.7933 5.55 
      5 224.114 1178 7 0 -46.588 55.7986 4.15 
      5 353.836 667 6 1 -46.5019 55.8955 -24.45 
      5 192.874 1179 6 0 -46.495 55.8923 -25.85 
      5 387.256 668 5 1 -46.3393 55.7964 -54.45 
      5 263.292 1178 5 0 -46.3339 55.793 -55.85 
      5 532.831 669 4 1 -46.2192 55.7266 -84.45 
      5 240.399 1178 4 0 -46.2158 55.7218 -85.85 
      5 169.107 669 3 1 -46.1218 55.6082 -114.45 
      5 241.868 1177 3 0 -46.1094 55.598 -115.85 
      5 270.382 670 2 1 -45.8666 55.3741 -144.45 
      5 262.727 1176 2 0 -45.8381 55.3669 -145.85 
      5 134.532 673 1 1 -45.3076 55.2171 -174.451 
      5 121.677 1175 1 0 -45.3269 55.1184 -175.85 
      5 142.357 672 0 1 -45.6465 53.001 -204.45 
      5 113.12 1163 0 0 -45.6392 52.8075 -205.85 
      5 197.109 693 4 1 -41.3801 57.8615 -84.45 
      5 191.623 694 4 1 -41.25 57.4242 -84.6748 
      5 5.02314 1168 4 0 -40.0473 53.657 -85.85 
      5 161.299 1167 4 0 -40.045 53.65 -85.8522 
      5 85.5827 1166 4 0 -39.9653 53.45 -85.9171 
      5 87.9276 1165 4 0 -39.8812 53.25 -85.9789 
      5 53.4201 1164 4 0 -39.805 53.05 -86.0389 
      5 52.8533 1163 4 0 -39.7215 52.8498 -86.1036 
      5 83.5366 1162 4 0 -39.6357 52.65 -86.1735 
      5 10.3944 1161 4 0 -39.541 52.45 -86.2363 
      5 170.26 943 3 1 8.65013 -39.7808 -114.45 
      5 38.9379 944 3 1 8.85 -40.0606 -114.757 
      5 22.0327 695 3 0 9.45398 -41.0022 -115.85 
      5 122.865 694 3 0 9.48628 -41.05 -115.907 
      5 42.1874 693 3 0 9.63023 -41.25 -116.146 
      5 173.263 1020 2 1 24.1629 -67.1494 -144.45 
      5 26.8083 555 2 0 24.3669 -68.9803 -145.851 
      5 74.2533 554 2 0 24.376 -69.05 -145.905 
      5 79.1794 553 2 0 24.4042 -69.25 -146.067 
      5 4.88709 552 2 0 24.4446 -69.45 -146.239 
      5 43.8501 1049 1 1 30.0196 -101.76 -174.45 
      5 202.844 1050 1 1 30.05 -101.891 -174.519 
      5 52.0091 1051 1 1 30.25 -102.502 -174.786 
      5 40.2288 375 1 0 31.3963 -105.063 -175.85 
      5 57.5529 374 1 0 31.4351 -105.151 -175.887 
      5 84.6856 373 1 0 31.5163 -105.35 -175.972 
      5 58.6417 372 1 0 31.5828 -105.55 -176.036 
      5 206.687 371 1 0 31.6516 -105.75 -176.097 
      5 87.3139 370 1 0 31.7089 -105.95 -176.154 
      5 49.6854 369 1 0 31.7672 -106.15 -176.212 
      5 464.78 1185 4 0 -41.8391 57.0709 -85.8502 
      5 131.032 1179 5 0 -46.3784 55.9666 -55.8505 
      5 150.86 1196 4 0 -46.1341 59.3952 -85.85 
      5 161.076 681 3 1 -43.735 60.6167 -114.45 
      5 123.237 1202 3 0 -43.756 60.6056 -115.85 
      5 142.251 679 2 1 -44.181 61.6367 -144.45 
      5 64.4971 1213 2 0 -43.8872 62.8107 -145.85 
      5 107.864 1214 2 0 -43.8777 62.85 -145.899 
      5 27.4778 1215 2 0 -43.8397 63.05 -146.163 
      5 46.5145 695 1 1 -40.9345 83.109 -174.45 
      5 167.805 696 1 1 -40.85 83.1473 -174.564 
      5 4.49574 697 1 1 -40.65 83.2132 -174.835 
      5 224.435 1316 1 0 -39.9558 83.3871 -175.85 
      5 39.476 1317 1 0 -39.7655 83.45 -176.114 
      5 169.649 809 0 1 -18.0886 90.8371 -204.45 
      5 74.993 810 0 1 -18.05 90.845 -204.466 
      5 50.1953 811 0 1 -17.85 90.8849 -204.55 
      5 60.8245 812 0 1 -17.6499 90.9361 -204.636 
      5 63.1717 813 0 1 -17.45 91.0001 -204.742 
      5 154.866 1357 0 0 -15.597 91.6009 -205.85 
      5 165.261 1358 0 0 -15.2291 91.75 -206.096 
      5 204.323 650 1 1 -50.0072 70.3115 -174.45 
      5 260.055 1252 1 0 -50.0373 70.4833 -175.85 
      5 97.5337 670 0 1 -45.9824 74.2355 -204.451 
      5 128.798 1272 0 0 -45.5909 74.6009 -205.85 
      5 68.3044 1273 0 0 -45.5362 74.65 -206.033 
      5 408.777 649 0 1 -50.221 73.9061 -204.45 
      5 128.934 1270 0 0 -50.0964 74.2167 -205.85 
      5 287.701 1271 0 0 -50.0822 74.25 -206.008 
      5 49.0376 650 0 1 -50.05 74.0089 -204.685 
      5 100.126 651 0 1 -49.85 74.0456 -204.664 
      5 306.981 652 0 1 -49.65 73.9366 -204.558 
      5 14.2412 648 0 1 -50.25 73.8876 -204.849 
      5 12.7722 668 4 1 -46.25 55.6622 -84.8274 
      5 219.568 1177 4 0 -46.5091 55.5706 -85.85 
      5 53.3603 638 3 1 -52.3513 53.784 -114.45 
      5 107.136 637 3 1 -52.45 53.7148 -114.609 
      5 8.16021 1166 3 0 -53.3889 53.2535 -115.85 
      5 134.277 1165 3 0 -53.396 53.25 -115.859 
      5 122.455 532 2 1 -73.6148 43.2307 -144.45 
      5 129.532 1113 2 0 -73.1567 42.7814 -145.85 
      5 76.8935 591 1 1 -61.795 35.8144 -174.45 
      5 132.268 592 1 1 -61.65 36.0002 -174.599 
      5 2.19103 593 1 1 -61.45 36.3547 -174.845 
      5 88.9003 1089 1 0 -60.5148 37.8554 -175.85 
      5 63.7875 1090 1 0 -60.4079 38.05 -175.987 
      5 100.875 1091 1 0 -60.3035 38.25 -176.121 
      5 2.68271 1092 1 0 -60.1987 38.45 -176.242 
      5 86.2196 702 0 1 -39.4902 77.6524 -204.45 
      5 71.3199 703 0 1 -39.4498 77.6717 -204.68 
      5 146.666 1288 0 0 -39.2949 77.7122 -205.85 
      5 151.032 1525 8 0 -37.0374 125.333 33.7502 
      5 211.48 1524 8 0 -36.8538 125.15 33.9288 
      5 115.052 653 3 1 -49.312 54.9426 -114.45 
      5 102.564 1173 3 0 -49.3516 54.714 -115.85 
      5 5.65604 1172 3 0 -49.3637 54.65 -116.231 
      5 91.7719 650 2 1 -50.0426 49.9231 -144.45 
      5 94.5819 1148 2 0 -49.929 49.8337 -145.85 
      5 113.919 661 1 1 -47.8319 48.3605 -174.45 
      5 132.11 1140 1 0 -47.7089 48.1592 -175.85 
      5 146.975 677 0 1 -44.5183 44.5954 -204.45 
      5 208.572 1121 0 0 -44.3378 44.4347 -205.85 
      5 55.0077 1185 1 0 -52.8977 57.1067 -176.25 
      5 130.994 1184 1 0 -52.9961 57.05 -176.082 
      5 130.02 633 1 1 -53.3357 56.6217 -174.85 
      5 0.493836 632 1 1 -53.4502 56.545 -174.452 
      5 104.278 1324 1 0 -103.731 85.0381 -176.25 
      5 82.9304 1325 1 0 -103.795 85.0501 -176.18 
      5 46.9504 869 2 0 2.44348 -6.13678 -146.25 
      5 17.1583 1055 2 0 -1.98305 31.0646 -146.25 
      5 371.337 666 7 1 -46.8158 55.6067 5.55 
      5 592.453 1177 7 0 -46.8176 55.605 4.15 
      5 123.236 665 6 1 -46.8593 55.5582 -24.45 
      5 126.769 1177 6 0 -46.8616 55.5552 -25.85 
      5 145.073 665 5 1 -46.9283 55.4898 -54.45 
      5 127.822 1177 5 0 -46.9292 55.4888 -55.85 
      5 349.994 665 4 1 -46.9484 55.4758 -84.45 
      5 126.109 665 3 1 -46.9161 55.4047 -114.45 
      5 249.315 1176 3 0 -46.9166 55.4001 -115.85 
      5 100.972 665 2 1 -46.9242 55.3175 -144.45 
      5 99.8934 665 1 1 -46.8565 55.2842 -174.45 
      5 108.052 1176 1 0 -46.8619 55.2856 -175.85 
      5 173.556 665 0 1 -46.9806 55.2897 -204.45 
      5 143.572 1176 0 0 -46.9932 55.2895 -205.85 
      5 21.796 870 5 1 -5.93307 90.4859 -54.85 
      5 8.32987 809 6 1 -18.25 54.9278 -24.6265 
      5 232.363 1176 4 0 -47.0458 55.3768 -85.85 
      5 118.025 664 3 1 -47.1786 53.6273 -114.45 
      5 140.467 1168 3 0 -46.8789 53.7605 -115.85 
      5 114.174 695 2 1 -40.9824 57.3968 -144.45 
      5 112.221 1187 2 0 -40.9673 57.5336 -145.851 
      5 150.187 700 1 1 -40.0147 61.7823 -174.45 
      5 104.338 1210 1 0 -39.9454 62.1619 -175.85 
      5 22.6479 1211 1 0 -39.9392 62.25 -176.169 
      5 238.029 695 0 1 -40.9012 70.0433 -204.45 
      5 30.0727 694 0 1 -41.05 70.0841 -204.734 
      5 269.758 1251 0 0 -41.5711 70.31 -205.85 
      5 158.361 666 3 1 -46.6683 55.8033 -114.45 
      5 159.511 1179 3 0 -46.7306 55.9218 -115.85 
      5 126.678 658 2 1 -48.2793 58.1823 -144.45 
      5 124.02 1190 2 0 -48.3542 58.2359 -145.85 
      5 12.7422 1191 2 0 -48.3733 58.25 -146.198 
      5 118.823 652 1 1 -49.6155 59.4817 -174.45 
      5 162.917 1197 1 0 -49.6927 59.5621 -175.85 
      5 106.936 645 0 1 -50.8922 61.3393 -204.45 
      5 114.554 1207 0 0 -50.7718 61.4807 -205.85 
      5 110.622 667 3 1 -46.6132 55.7692 -114.45 
      5 30.1668 668 3 1 -46.45 55.7635 -114.772 
      5 122.914 1178 3 0 -46.317 55.7192 -115.85 
      5 96.7526 1191 6 0 -46.2681 58.2977 -25.85 
      5 78.5538 1190 6 0 -46.2356 58.2499 -26.0133 
      5 74.1161 695 5 1 -40.9512 49.1979 -54.4502 
      5 55.7123 694 5 1 -41.0503 49.0911 -54.682 
      5 24.8972 1142 5 0 -41.5961 48.4894 -55.85 
      5 123.554 1141 5 0 -41.6316 48.4498 -55.9249 
      5 170.259 627 4 1 -54.5149 33.4037 -84.45 
      5 29.0885 626 4 1 -54.65 33.1596 -84.7653 
      5 124.564 1061 4 0 -54.9711 32.4384 -85.85 
      5 49.0181 1060 4 0 -55.0499 32.25 -86.1188 
      5 157.79 569 3 1 -66.0972 10.352 -114.45 
      5 223.412 944 3 0 -66.3737 9.02296 -115.85 
      5 120.896 943 3 0 -66.4031 8.85 -116.07 
      5 179.421 539 2 1 -72.1134 -12.3746 -144.45 
      5 26.0293 834 2 0 -72.3014 -13.1963 -145.85 
      5 88.7721 833 2 0 -72.313 -13.25 -145.944 
      5 13.6823 523 1 1 -75.2722 -30.1031 -174.45 
      5 89.8959 524 1 1 -75.2498 -30.1207 -174.514 
      5 113.79 747 1 0 -74.776 -30.472 -175.85 
      5 93.2479 573 0 1 -65.4285 -37.5145 -204.45 
      5 9.13491 572 0 1 -65.45 -37.5762 -204.821 
      5 37.1175 711 0 0 -65.544 -37.819 -205.85 
      5 72.3651 710 0 0 -65.5574 -37.85 -205.978 
      5 79.3911 839 0 0 -83.7777 -12.1578 -205.85 
      5 101.705 838 0 0 -83.7714 -12.25 -206.186 
      5 87.0369 837 0 0 -83.4989 -12.45 -206.211 
      5 93.0282 836 0 0 -83.3776 -12.6501 -206.217 
      5 283.628 835 0 0 -83.3508 -12.85 -206.164 
      5 131.324 656 6 1 -48.7069 53.7841 -24.45 
      5 117.297 1168 6 0 -49.2046 53.8429 -25.8503 
      5 88.5294 1169 6 0 -49.2447 53.85 -25.9637 
      5 117.248 599 5 1 -60.1016 55.6293 -54.45 
      5 131.779 1180 5 0 -60.5834 56.05 -55.8659 
      5 157.734 547 4 1 -70.5076 63.9959 -84.4505 
      5 125.977 1222 4 0 -70.7161 64.4828 -85.85 
      5 96.767 521 3 1 -75.7811 77.1233 -114.45 
      5 120.246 1287 3 0 -75.7997 77.4756 -115.85 
      5 56.6008 513 2 1 -77.347 86.2069 -144.45 
      5 71.0868 514 2 1 -77.2498 86.2512 -144.664 
      5 162.831 1332 2 0 -76.7055 86.5303 -145.85 
      5 51.0973 574 1 1 -65.1486 94.5055 -174.45 
      5 88.3403 575 1 1 -65.05 94.5319 -174.589 
      5 100.574 1372 1 0 -64.088 94.6937 -175.85 
      5 19.8917 1373 1 0 -63.8398 94.75 -176.192 
      5 107.045 668 0 1 -46.4419 98.6 -204.45 
      5 118.484 1390 0 0 -46.1755 98.2792 -205.85 
      5 149.2 1350 0 0 -23.3843 90.2337 -206.25 
      5 71.876 787 0 1 -22.4805 89.938 -204.85 
      5 70.9715 788 0 1 -22.4498 89.9433 -204.789 
      5 142.611 789 0 1 -22.25 89.9099 -204.646 
      5 201.276 790 0 1 -22.05 89.643 -204.664 
      5 48.9073 1337 0 0 -21.5352 87.5056 -205.85 
      5 100.51 1336 0 0 -21.5264 87.4495 -205.877 
      5 41.9033 1281 0 0 -18.2858 76.3291 -206.25 
      5 138.005 1280 0 0 -18.2615 76.25 -206.197 
      5 122.352 1279 0 0 -18.1359 76.05 -205.962 
      5 107.751 808 0 1 -18.25 75.8055 -204.75 
      5 136.238 665 7 1 -46.887 55.6184 5.55 
      5 277.941 661 6 1 -47.827 55.7379 -24.45 
      5 124.331 1178 6 0 -47.8901 55.7131 -25.85 
      5 108.052 654 5 1 -49.0618 55.3801 -54.45 
      5 171.959 1176 5 0 -49.1687 55.291 -55.85 
      5 116.181 642 4 1 -51.5301 53.5752 -84.45 
      5 134.252 632 3 1 -53.5216 51.2517 -114.45 
      5 120.84 1155 3 0 -53.6007 51.1568 -115.85 
      5 112.639 624 2 1 -55.1566 49.3293 -144.45 
      5 79.8405 1146 2 0 -55.2482 49.2629 -145.85 
      5 96.793 1145 2 0 -55.2664 49.25 -146.122 
      5 129.014 614 1 1 -57.218 48.0193 -174.45 
      5 144.668 1139 1 0 -57.3105 47.9748 -175.85 
      5 171.733 603 0 1 -59.2549 47.0524 -204.45 
      5 123.263 1134 0 0 -59.3409 47.0365 -205.85 
      5 78.3192 1167 6 0 -47.0941 53.65 -25.9249 
      5 65.0019 1166 6 0 -46.9751 53.45 -25.925 
      5 323.683 1165 6 0 -46.9642 53.25 -25.8963 
      5 39.2658 1164 6 0 -46.8535 53.05 -25.9815 
      5 2.89256 554 9 1 -69.05 66.1386 65.3023 
Number of digits in this event: 117
Using G4ParticleGun... 
Particle energy: 6.2671 LIN
Particle: e-
Event: 6
Number of tracker hits in this event: 68
      6 108.256 365 8 1 -107.067 89.7277 35.55 
      6 168.618 1348 8 0 -107.068 89.7279 34.15 
      6 98.0123 365 7 1 -107.083 89.7365 5.55 
      6 234.861 1348 7 0 -107.085 89.7384 4.15 
      6 116.022 365 6 1 -107.129 89.7777 -24.45 
      6 131.342 1348 6 0 -107.132 89.7808 -25.85 
      6 167.075 364 5 1 -107.211 89.8426 -54.45 
      6 122.157 1348 5 0 -107.215 89.8466 -55.85 
      6 180.569 364 4 1 -107.298 89.9353 -84.45 
      6 219.034 1349 4 0 -107.303 89.9387 -85.85 
      6 113.549 363 3 1 -107.387 90.0062 -114.45 
      6 125.158 1349 3 0 -107.392 90.0086 -115.85 
      6 172.094 1350 0 0 -107.717 90.15 -205.992 
      6 11.4476 1362 0 0 -49.8218 92.5815 -206.25 
      6 127.172 1361 0 0 -49.7914 92.5499 -206.208 
      6 13.8528 1360 0 0 -49.5613 92.35 -205.895 
      6 61.0907 656 0 1 -48.7678 91.6581 -204.85 
      6 162.545 657 0 1 -48.6499 91.5029 -204.682 
      6 15.3315 658 0 1 -48.4499 91.2992 -204.484 
      6 67.9944 659 0 1 -48.2216 91.0964 -204.45 
      6 63.1334 660 0 1 -48.05 91.0273 -204.556 
      6 25.0827 661 0 1 -47.85 90.9791 -204.754 
      6 83.1369 1351 0 0 -47.2991 90.3996 -205.851 
      6 122.721 1349 0 0 -47.0379 90.05 -206.248 
      6 16.0236 402 0 1 -99.55 -134.336 -204.664 
      6 184.974 403 0 1 -99.55 -134.405 -204.638 
      6 30.6218 1235 0 0 -31.3867 67.25 -206.191 
      6 87.7875 1325 0 0 -82.8249 85.1811 -206.25 
      6 37.3861 1469 0 0 -57.2637 114.085 -206.249 
      6 110.147 1470 0 0 -57.2402 114.15 -206.144 
      6 153.73 614 0 1 -57.1076 114.926 -204.85 
      6 98.0582 615 0 1 -57.05 115.219 -204.615 
      6 91.6585 616 0 1 -56.85 115.605 -204.667 
      6 115.436 617 0 1 -56.65 115.829 -204.744 
      6 18.9911 1485 0 0 -55.6273 117.304 -205.85 
      6 88.8475 1486 0 0 -55.6014 117.35 -205.884 
      6 95.022 1487 0 0 -55.5175 117.55 -206.022 
      6 245.283 1488 0 0 -55.4075 117.75 -206.156 
      6 43.9844 1676 0 0 -22.9814 155.46 -206.249 
      6 56.6106 1677 0 0 -22.9035 155.55 -206.179 
      6 102.806 1678 0 0 -22.7775 155.75 -206.08 
      6 70.7166 1679 0 0 -22.7417 155.95 -205.957 
      6 56.8919 1680 0 0 -22.7947 156.15 -205.897 
      6 59.4536 1681 0 0 -22.884 156.35 -205.901 
      6 83.2265 1682 0 0 -22.9948 156.55 -205.974 
      6 58.094 1683 0 0 -23.1213 156.75 -206.121 
      6 73.6915 357 1 1 -108.662 -47.8716 -174.85 
      6 69.6845 427 12 1 -94.6663 -18.7898 155.15 
      6 100.232 809 12 0 -93.3878 -18.2394 154.15 
      6 38.7054 611 13 0 -109.4 -57.7455 183.75 
      6 83.4845 610 13 0 -109.392 -57.8501 183.829 
      6 92.0429 609 13 0 -109.251 -58.05 183.979 
      6 52.001 608 13 0 -109.315 -58.25 184.109 
      6 249.008 353 13 1 -109.502 -58.5822 185.15 
      6 83.1903 1352 2 0 -107.98 90.6455 -145.85 
      6 71.165 1353 2 0 -108.027 90.75 -146.037 
      6 34.0189 1284 2 0 -134.515 76.9259 -146.25 
      6 127.416 1283 2 0 -134.577 76.8498 -146.22 
      6 107.349 1282 2 0 -134.883 76.65 -146.077 
      6 23.8433 222 2 1 -135.704 76.3574 -144.85 
      6 684.563 221 2 1 -135.75 76.328 -144.782 
      6 284.186 220 2 1 -135.95 76.2077 -144.622 
      6 11.5201 219 2 1 -136.15 76.2036 -144.454 
      6 65.0026 156 10 0 153.409 -148.894 93.7501 
      6 1.73105 155 10 0 153.454 -148.95 93.7515 
      6 19.4069 362 0 1 -107.715 90.05 -204.724 
      6 11.979 361 0 1 -107.75 90.0372 -204.787 
      6 249.516 125 9 0 -20.3757 -155.014 63.7502 
Number of digits in this event: 23
Using G4ParticleGun... 
Particle energy: 4.58799 LIN
Particle: e-
Event: 7
Number of tracker hits in this event: 94
      7 130.485 692 11 1 -41.5413 -59.3488 125.55 
      7 334.073 603 11 0 -41.5402 -59.3492 124.15 
      7 113.949 692 10 1 -41.5193 -59.3588 95.55 
      7 111.062 603 10 0 -41.5181 -59.3586 94.15 
      7 119.244 692 9 1 -41.49 -59.35 65.55 
      7 127.428 603 9 0 -41.4809 -59.3493 64.15 
      7 105.693 693 8 1 -41.3501 -59.3437 35.55 
      7 271.857 603 8 0 -41.3441 -59.35 34.15 
      7 134.269 694 7 1 -41.2153 -59.4628 5.55 
      7 142.091 602 7 0 -41.2047 -59.4755 4.15 
      7 109.29 695 6 1 -40.9904 -59.7486 -24.45 
      7 244.026 601 6 0 -40.9826 -59.7621 -25.85 
      7 134.815 696 5 1 -40.8001 -60.0312 -54.45 
      7 356.666 600 5 0 -40.7997 -60.0411 -55.85 
      7 217.442 696 4 1 -40.7688 -60.2675 -84.45 
      7 120.036 598 4 0 -40.7756 -60.2809 -85.85 
      7 140.651 695 3 1 -40.8801 -60.5837 -114.45 
      7 110.586 597 3 0 -40.889 -60.5974 -115.85 
      7 121.337 694 2 1 -41.0951 -60.8976 -144.45 
      7 268.153 595 2 0 -41.1033 -60.9102 -145.85 
      7 137.675 694 1 1 -41.2317 -61.147 -174.45 
      7 99.1278 594 1 0 -41.2365 -61.1441 -175.85 
      7 95.776 693 0 1 -41.3321 -61.0871 -204.45 
      7 126.048 594 0 0 -41.3314 -61.0808 -205.85 
      7 111.733 698 0 1 -40.2787 -61.524 -204.45 
      7 289.644 699 0 1 -40.25 -61.5351 -204.474 
      7 140.722 607 0 0 -40.542 -58.5856 -205.85 
      7 19.6783 606 0 0 -40.6243 -58.65 -206.185 
      7 91.5044 609 0 0 -40.2079 -58.2336 -205.85 
      7 191.073 602 11 0 -41.209 -59.45 123.9 
      7 347.298 692 7 1 -41.4769 -59.3496 5.55 
      7 250.759 603 7 0 -41.4677 -59.3521 4.15 
      7 333.635 693 6 1 -41.2596 -59.3803 -24.45 
      7 125.708 603 6 0 -41.2494 -59.3833 -25.85 
      7 143.85 695 5 1 -41.0042 -59.4722 -54.45 
      7 110.536 602 5 0 -40.982 -59.4834 -55.85 
      7 138.097 697 4 1 -40.5486 -59.7163 -84.45 
      7 130.033 601 4 0 -40.5217 -59.7215 -85.85 
      7 140.607 700 3 1 -39.963 -59.8181 -114.45 
      7 198.848 601 3 0 -39.9435 -59.8169 -115.85 
      7 210.422 702 2 1 -39.5443 -59.7675 -144.45 
      7 260.055 601 2 0 -39.5264 -59.7722 -145.85 
      7 121.293 704 1 1 -39.2214 -59.8049 -174.45 
      7 259.671 601 1 0 -39.1873 -59.8128 -175.85 
      7 100.8 707 0 1 -38.4803 -59.9994 -204.45 
      7 126.58 600 0 0 -38.4537 -60.0211 -205.85 
      7 171.819 699 1 1 -40.0921 -59.511 -174.45 
      7 22.734 602 1 0 -40.0271 -59.6459 -175.85 
      7 118.729 704 0 1 -39.1404 -62.3493 -204.45 
      7 174.126 588 0 0 -39.0909 -62.362 -205.85 
      7 128.841 607 1 0 -39.9994 -58.621 -175.85 
      7 267.306 699 2 1 -40.1412 -59.7508 -144.45 
      7 229.507 602 2 0 -39.9976 -59.5623 -145.85 
      7 107.507 714 1 1 -37.1783 -55.301 -174.45 
      7 233.499 625 1 0 -37.1727 -54.9394 -175.85 
      7 84.316 626 1 0 -37.1679 -54.85 -176.152 
      7 112.231 717 0 1 -36.4919 -46.9423 -204.45 
      7 38.8343 667 0 0 -36.5689 -46.4713 -205.85 
      7 107.834 668 0 0 -36.5723 -46.45 -205.917 
      7 89.6215 646 1 1 -50.7321 -61.1756 -174.45 
      7 270.155 645 1 1 -50.8501 -60.9413 -174.631 
      7 20.1544 644 1 1 -51.0501 -60.3376 -174.84 
      7 39.341 624 1 0 -52.764 -55.2235 -175.85 
      7 72.2429 627 1 0 -52.9718 -54.6498 -175.949 
      7 56.9398 628 1 0 -53.0352 -54.45 -175.986 
      7 172.921 629 1 0 -53.096 -54.25 -176.022 
      7 86.1321 630 1 0 -53.1498 -54.05 -176.043 
      7 51.9364 631 1 0 -53.1872 -53.85 -176.068 
      7 79.8579 632 1 0 -53.2279 -53.65 -176.09 
      7 64.209 633 1 0 -53.2748 -53.45 -176.126 
      7 49.0481 634 1 0 -53.3187 -53.2499 -176.168 
      7 65.437 635 1 0 -53.3643 -53.05 -176.21 
      7 7.73086 500 0 1 -80.0415 60.2765 -204.45 
      7 135.882 499 0 1 -80.05 60.2818 -204.478 
      7 152.346 1202 0 0 -80.5956 60.518 -205.85 
      7 243.772 1799 1 0 -143.109 180.15 -176.103 
      7 32.0683 1798 1 0 -143.014 179.95 -176.066 
      7 95.3012 694 6 1 -41.2464 -59.3545 -24.4505 
      7 18.7475 715 6 0 -48.5813 -36.8877 -25.85 
      7 102.199 658 6 1 -48.2538 -38.6406 -24.8499 
      7 126.071 659 6 1 -48.25 -38.6519 -24.8384 
      7 148.973 699 5 1 -40.1898 -59.7974 -54.45 
      7 115.425 715 4 1 -36.9501 -62.8571 -84.45 
      7 164.912 585 4 0 -36.8583 -62.9304 -85.8505 
      7 112.374 725 3 1 -34.9323 -64.3034 -114.45 
      7 109.363 577 3 0 -34.731 -64.4679 -115.85 
      7 124.708 749 2 1 -30.1391 -67.9746 -144.45 
      7 122.313 558 2 0 -29.9445 -68.2921 -145.85 
      7 396.229 769 1 1 -26.2183 -74.5851 -174.45 
      7 137.235 526 1 0 -25.9642 -74.7708 -175.85 
      7 144.964 796 0 1 -20.8016 -78.8394 -204.45 
      7 149.172 504 0 0 -20.438 -79.0879 -205.85 
      7 67.4889 548 0 0 -26.7416 -70.3009 -205.85 
      7 174.461 693 7 1 -41.4497 -59.4063 5.53112 
Number of digits in this event: 56
Using G4ParticleGun... 
Particle energy: 1.07345 LIN
Particle: e-
Event: 8
Number of tracker hits in this event: 144
      8 116.968 1380 10 0 -65.4689 96.1574 94.15 
      8 136.67 572 9 1 -65.4869 96.1402 65.55 
      8 114.914 1379 9 0 -65.4768 96.1336 64.15 
      8 144.246 573 8 1 -65.282 96.0219 35.55 
      8 129.3 1379 8 0 -65.2883 96.0271 34.15 
      8 148.109 573 7 1 -65.4004 96.1196 5.55 
      8 115.591 1379 7 0 -65.4095 96.1268 4.15 
      8 166.528 572 6 1 -65.5866 96.2646 -24.45 
      8 147.013 1380 6 0 -65.584 96.2692 -25.85 
      8 167.239 572 5 1 -65.5451 96.3823 -54.45 
      8 107.659 1381 5 0 -65.5452 96.4002 -55.85 
      8 186.191 572 4 1 -65.5607 96.7881 -84.45 
      8 455.523 1383 4 0 -65.5492 96.8132 -85.85 
      8 206.099 573 3 1 -65.2943 97.3067 -114.45 
      8 98.6574 1385 3 0 -65.292 97.3263 -115.85 
      8 728.27 573 2 1 -65.2683 97.7073 -144.45 
      8 193.883 1387 2 0 -65.2688 97.7216 -145.85 
      8 191.609 573 1 1 -65.2652 98.0243 -174.45 
      8 178.557 1389 1 0 -65.2695 98.033 -175.85 
      8 119.199 573 0 1 -65.3824 98.2067 -204.45 
      8 117.397 1390 0 0 -65.3899 98.203 -205.85 
      8 61.7583 1383 1 0 -64.983 96.819 -175.85 
      8 18.7879 581 1 1 -63.6856 98.1387 -174.85 
      8 137.671 582 1 1 -63.65 98.1724 -174.824 
      8 68.3069 583 1 1 -63.4497 98.4087 -174.786 
      8 1.2973 1399 1 0 -62.4419 100.146 -175.85 
      8 68.8726 1400 1 0 -62.4399 100.15 -175.852 
      8 142.628 1401 1 0 -62.3928 100.35 -175.97 
      8 116.947 1333 1 0 -11.7984 86.7029 -176.25 
      8 202.788 1332 1 0 -11.65 86.65 -176.114 
      8 113.613 578 3 1 -64.4327 97.3441 -114.45 
      8 141.116 1384 3 0 -63.8615 97.0332 -115.85 
      8 13.3579 1383 3 0 -63.726 96.95 -116.212 
      8 239.376 629 2 1 -54.1541 89.8443 -144.45 
      8 69.6917 1347 2 0 -54.1645 89.5179 -145.85 
      8 48.5516 1346 2 0 -54.1694 89.45 -146.109 
      8 177.703 632 1 1 -53.5527 81.3863 -174.45 
      8 38.8263 1300 1 0 -53.4307 80.1356 -175.85 
      8 74.1416 1299 1 0 -53.4227 80.05 -175.94 
      8 31.6675 1298 1 0 -53.4602 79.85 -176.171 
      8 254.978 631 0 1 -53.8265 60.4577 -204.45 
      8 92.7466 630 0 1 -53.85 59.7618 -204.84 
      8 71.6325 629 0 1 -54.05 59.5303 -204.841 
      8 99.9381 628 0 1 -54.25 59.3423 -204.782 
      8 88.9815 627 0 1 -54.45 59.195 -204.703 
      8 127.857 626 0 1 -54.65 59.0604 -204.635 
      8 50.5081 625 0 1 -54.85 58.959 -204.581 
      8 37.8325 624 0 1 -55.05 58.8901 -204.502 
      8 194.945 576 3 1 -64.7005 96.3891 -114.45 
      8 111.346 1382 3 0 -64.5668 96.6126 -115.85 
      8 161.133 587 2 1 -62.4752 101.218 -144.45 
      8 89.0183 1405 2 0 -62.7115 101.319 -145.85 
      8 21.6992 1406 2 0 -62.7618 101.35 -146.177 
      8 72.7149 561 1 1 -67.6988 104.803 -174.45 
      8 68.5008 560 1 1 -67.8501 104.841 -174.618 
      8 7.08058 559 1 1 -68.05 104.887 -174.825 
      8 163.034 1424 1 0 -69.1075 105.07 -175.85 
      8 152.688 1425 1 0 -69.4719 105.15 -176.188 
      8 40.8541 405 0 1 -99.0463 112.071 -204.45 
      8 79.6564 404 0 1 -99.15 112.04 -204.518 
      8 78.4113 403 0 1 -99.35 111.98 -204.654 
      8 12.1342 402 0 1 -99.55 111.896 -204.813 
      8 27.214 1456 0 0 -100.788 111.38 -205.85 
      8 166.25 1455 0 0 -100.857 111.35 -205.908 
      8 155.125 1336 0 0 -134.707 87.4331 -206.25 
      8 89.8053 1335 0 0 -134.873 87.25 -206.094 
      8 39.3245 1334 0 0 -135.082 87.05 -205.93 
      8 110.552 219 0 1 -136.207 86.0288 -204.85 
      8 94.1848 218 0 1 -136.35 85.9101 -204.737 
      8 75.1869 217 0 1 -136.55 85.7653 -204.605 
      8 25.7827 216 0 1 -136.75 85.5746 -204.488 
      8 146.788 1304 1 0 -133 80.8854 -176.25 
      8 52.2146 1303 1 0 -132.974 80.85 -176.089 
      8 200.413 236 1 1 -132.825 80.658 -174.85 
      8 111.095 1267 2 0 -142.85 73.5876 -146.25 
      8 120.697 183 2 1 -143.397 73.3644 -144.85 
      8 8.13981 182 2 1 -143.736 72.8962 -144.45 
      8 165.723 181 2 1 -143.75 72.8874 -144.477 
      8 29.5839 180 2 1 -143.95 72.7426 -144.765 
      8 34.5428 1261 2 0 -144.82 72.2612 -145.85 
      8 98.3336 1260 2 0 -144.852 72.25 -145.886 
      8 26.6773 1306 2 0 -167.733 81.2766 -146.25 
      8 121.126 1305 2 0 -167.74 81.25 -146.157 
      8 39.3376 68 2 1 -166.466 81.1964 -144.85 
      8 117.71 69 2 1 -166.35 81.1432 -144.78 
      8 92.7502 70 2 1 -166.15 81.0609 -144.548 
      8 79.7514 71 2 1 -165.95 81.0573 -144.728 
      8 50.6998 72 2 1 -165.75 81.0554 -144.805 
      8 110.187 1313 2 0 -163.6 82.6604 -145.85 
      8 94.1389 1314 2 0 -163.442 82.8509 -145.97 
      8 69.5144 1315 2 0 -163.638 83.05 -145.957 
      8 124.339 81 2 1 -163.788 83.2738 -144.85 
      8 145.368 1321 2 0 -162.744 84.3243 -145.85 
      8 541.996 1325 5 0 -89.6347 85.1235 -56.25 
      8 31.4222 418 5 1 -96.4288 86.3939 -54.85 
      8 65.66 417 5 1 -96.55 86.4173 -54.8339 
      8 72.676 416 5 1 -96.7506 86.4424 -54.8188 
      8 131.651 415 5 1 -96.9505 86.4754 -54.7601 
      8 154.185 1380 2 0 -65.3116 96.3016 -145.85 
      8 215.454 574 1 1 -65.1236 96.5041 -174.45 
      8 140.039 1381 1 0 -65.0845 96.4942 -175.85 
      8 152.783 578 0 1 -64.3675 96.2483 -204.45 
      8 164.914 1380 0 0 -64.3115 96.2726 -205.85 
      8 103.32 1478 2 0 8.04737 115.869 -146.25 
      8 32.0115 1479 2 0 8.14227 115.95 -146.2 
      8 127.284 572 2 1 -65.45 96.7537 -144.684 
      8 32.5433 1394 2 0 -66.1236 99.0664 -145.85 
      8 72.7009 1395 2 0 -66.1485 99.15 -145.892 
      8 82.8162 1396 2 0 -66.2059 99.3501 -145.994 
      8 59.4212 1397 2 0 -66.2606 99.55 -146.098 
      8 27.8574 1398 2 0 -66.3136 99.75 -146.198 
      8 77.7399 487 1 1 -82.6069 161.269 -174.45 
      8 542.867 486 1 1 -82.65 161.524 -174.514 
      8 135.112 485 1 1 -82.85 162.822 -174.772 
      8 18.381 1741 1 0 -83.5878 168.507 -175.85 
      8 136.406 1742 1 0 -83.5935 168.55 -175.858 
      8 140.026 1743 1 0 -83.615 168.75 -175.904 
      8 54.8903 1744 1 0 -83.6288 168.95 -175.949 
      8 49.1667 1745 1 0 -83.6417 169.15 -175.993 
      8 66.3374 1746 1 0 -83.6459 169.35 -176.037 
      8 57.5185 1747 1 0 -83.6465 169.55 -176.08 
      8 54.7743 1748 1 0 -83.6475 169.75 -176.119 
      8 45.3455 1749 1 0 -83.6414 169.95 -176.16 
      8 42.1859 1750 1 0 -83.6367 170.15 -176.201 
      8 7.40596 1751 1 0 -83.635 170.35 -176.243 
      8 102.488 1729 2 0 -72.5728 166.135 -146.25 
      8 42.5004 1730 2 0 -72.508 166.15 -145.952 
      8 275.817 536 2 1 -72.8099 166.404 -144.85 
      8 189.193 537 2 1 -72.65 166.374 -144.668 
      8 113.733 574 2 1 -65.25 96.1628 -144.757 
      8 406.076 575 2 1 -65.05 96.039 -144.57 
      8 37.0093 1381 6 0 -65.4454 96.3707 -25.85 
      8 12.5876 569 5 1 -66.1054 100.93 -54.45 
      8 64.2093 570 5 1 -66.0499 100.956 -54.4608 
      8 61.5183 571 5 1 -65.85 101.076 -54.472 
      8 53.0495 573 5 1 -65.4497 101.206 -54.4513 
      8 102.743 574 5 1 -65.2499 101.314 -54.5325 
      8 88.6928 575 5 1 -65.05 101.47 -54.6191 
      8 63.8045 576 5 1 -64.85 101.637 -54.7199 
      8 16.15 1411 5 0 -63.3243 102.517 -55.8501 
      8 151.884 1412 5 0 -63.2636 102.55 -55.8887 
      8 306.639 1413 5 0 -62.8958 102.75 -55.9296 
      8 202.466 1414 5 0 -62.457 102.95 -56.0428 
      8 11.1681 1779 5 0 96.3284 176.109 -56.25 
Number of digits in this event: 56
Using G4ParticleGun... 
Particle energy: 2.43282 LIN
Particle: e-
Event: 9
Number of tracker hits in this event: 41
      9 115.462 1175 11 1 55.1589 -32.7266 125.55 
      9 223.783 736 11 0 55.1562 -32.7276 124.15 
      9 110.789 1175 10 1 55.1061 -32.7556 95.55 
      9 169.56 736 10 0 55.1011 -32.7556 94.15 
      9 176.616 1174 9 1 54.9655 -32.7649 65.55 
      9 140.263 736 9 0 54.9635 -32.7625 64.15 
      9 161.112 1174 8 1 54.9216 -32.7197 35.55 
      9 127.766 736 8 0 54.9203 -32.7149 34.15 
      9 138.251 1174 7 1 54.8957 -32.6272 5.55 
      9 120.953 737 7 0 54.8977 -32.6225 4.15 
      9 90.2427 1174 6 1 54.95 -32.5134 -24.45 
      9 119.001 737 6 0 54.9513 -32.5052 -25.85 
      9 139.108 1174 5 1 54.9703 -32.3261 -54.45 
      9 231.073 738 5 0 54.9719 -32.3194 -55.85 
      9 124.414 1174 4 1 55.008 -32.1742 -84.45 
      9 123.18 739 4 0 55.0087 -32.1691 -85.85 
      9 130.064 1174 3 1 55.0318 -32.055 -114.45 
      9 125.137 740 3 0 55.0344 -32.0467 -115.85 
      9 100.479 1175 2 1 55.1034 -31.8721 -144.45 
      9 122.7 740 2 0 55.1086 -31.868 -145.85 
      9 915.758 1175 1 1 55.2023 -31.7615 -174.45 
      9 229.524 741 1 0 55.2183 -31.7575 -175.85 
      9 257.341 1177 0 1 55.6268 -31.6339 -204.45 
      9 418.805 742 0 0 55.6342 -31.6332 -205.85 
      9 124.985 1664 4 0 -55.347 152.968 -86.25 
      9 124.898 1703 6 0 35.2823 160.886 -26.25 
      9 213.412 1175 0 1 55.0975 -31.5825 -204.45 
      9 51.226 1006 4 0 -128.156 21.404 -86.25 
      9 32.2035 869 1 0 64.9219 -6.13476 -176.25 
      9 114.468 870 1 0 64.9519 -6.05 -176.161 
      9 98.0179 871 1 0 64.9225 -5.85 -176.003 
      9 22.9689 872 1 0 64.8299 -5.65 -175.936 
      9 167.942 1225 1 1 65.0846 -4.5241 -174.85 
      9 124.526 720 0 0 55.7432 -35.9974 -205.85 
      9 228.261 1368 2 1 93.884 -108.424 -144.85 
      9 38.5736 746 1 0 54.5208 -30.7055 -175.85 
      9 107.689 742 1 0 55.0803 -31.5703 -175.85 
      9 102.81 1178 0 1 55.7503 -31.8237 -204.45 
      9 44.3289 741 0 0 55.7847 -31.8479 -205.85 
      9 203.195 740 0 0 55.7878 -31.85 -205.979 
      9 104.595 737 11 0 55.1975 -32.65 124.069 
Number of digits in this event: 28
Using G4ParticleGun... 
Particle energy: 1.78341 LIN
Particle: e-
Event: 10
Number of tracker hits in this event: 56
     10 164.294 1010 10 1 22.1732 109.994 95.55 
     10 131.28 1449 10 0 22.169 109.996 94.15 
     10 117.901 1010 9 1 22.0829 110.072 65.55 
     10 120.74 1449 9 0 22.0845 110.082 64.15 
     10 145.185 1010 8 1 22.1292 110.273 35.55 
     10 247.577 1450 8 0 22.1313 110.277 34.15 
     10 115.899 1010 7 1 22.2359 110.394 5.55 
     10 106.213 1451 7 0 22.2324 110.4 4.15 
     10 146.513 1010 6 1 22.1998 110.503 -24.45 
     10 124.972 1451 6 0 22.212 110.496 -25.85 
     10 173.547 1012 5 1 22.5107 110.323 -54.45 
     10 105.047 1450 5 0 22.5227 110.296 -55.85 
     10 106.544 1013 4 1 22.6672 109.694 -84.45 
     10 117.383 1447 4 0 22.7366 109.672 -85.85 
     10 146.003 1020 3 1 24.2103 109.163 -114.45 
     10 167.699 1444 3 0 24.2966 109.133 -115.85 
     10 192.553 1030 2 1 26.1955 108.443 -144.45 
     10 259.169 1441 2 0 26.3218 108.413 -145.85 
     10 118.196 1043 1 1 28.7134 107.765 -174.45 
     10 128.046 1437 1 0 28.7816 107.742 -175.85 
     10 106.834 1050 0 1 30.1444 107.35 -204.45 
     10 125.61 1435 0 0 30.2565 107.25 -205.85 
     10 173.777 1014 1 1 23.0371 110.845 -174.45 
     10 142.005 1454 1 0 22.5932 111.099 -175.85 
     10 14.4878 1449 8 0 22.0605 110.15 33.7861 
     10 224.949 1009 8 1 22.05 110.246 35.3259 
     10 311.975 1010 5 1 22.0591 110.822 -54.45 
     10 227.243 1453 5 0 22.0626 110.801 -55.85 
     10 114.993 1010 4 1 22.1075 110.312 -84.45 
     10 130.226 1450 4 0 22.1289 110.29 -85.85 
     10 128.228 1012 3 1 22.4756 109.645 -114.45 
     10 95.5701 1447 3 0 22.4807 109.561 -115.85 
     10 72.5063 1446 3 0 22.4811 109.55 -116.033 
     10 104.232 1012 2 1 22.4648 107.941 -144.45 
     10 112.311 1438 2 0 22.4984 107.869 -145.85 
     10 245.909 1015 1 1 23.1511 106.129 -174.45 
     10 128.647 1431 1 0 23.2709 106.417 -175.851 
     10 17.1032 1032 0 1 26.4793 111.031 -204.45 
     10 89.3839 1031 0 1 26.45 111.033 -204.525 
     10 149.812 1454 0 0 25.9875 111.027 -205.85 
     10 442.117 1428 1 0 23.2152 105.87 -175.851 
     10 76.3824 1024 0 1 25.034 100.432 -204.45 
     10 48.6254 1025 0 1 25.05 100.381 -204.667 
     10 139.796 1399 0 0 25.1464 100.121 -205.85 
     10 22.0039 1427 1 0 22.9673 105.75 -176.087 
     10 225.287 1009 4 1 22.0011 110.994 -84.45 
     10 160.749 1454 4 0 21.9953 111.004 -85.85 
     10 120.577 1008 3 1 21.8036 111.202 -114.45 
     10 132.914 1455 3 0 21.7928 111.216 -115.85 
     10 158.6 1007 2 1 21.5826 111.472 -144.45 
     10 119.584 1456 2 0 21.5704 111.478 -145.85 
     10 488.601 1006 1 1 21.2782 111.611 -174.45 
     10 129.483 1457 1 0 21.2743 111.614 -175.85 
     10 128.874 1005 0 1 21.187 111.681 -204.45 
     10 98.9707 1457 0 0 21.1774 111.682 -205.85 
     10 67.0796 1007 1 1 21.45 111.578 -174.551 
Number of digits in this event: 35
Using G4ParticleGun... 
Particle energy: 9.26409 LIN
Particle: e-
Event: 11
Number of tracker hits in this event: 46
     11 117.913 328 10 1 -114.406 -3.16796 95.55 
     11 114.265 884 10 0 -114.406 -3.16639 94.15 
     11 155.745 328 9 1 -114.393 -3.13101 65.55 
     11 95.7857 884 9 0 -114.392 -3.13007 64.15 
     11 249.501 328 8 1 -114.38 -3.11132 35.55 
     11 128.445 884 8 0 -114.38 -3.1095 34.15 
     11 128.525 328 7 1 -114.365 -3.07326 5.55 
     11 118.986 884 7 0 -114.362 -3.06841 4.15 
     11 137.72 329 6 1 -114.312 -2.97819 -24.45 
     11 154.511 885 6 0 -114.302 -2.97411 -25.85 
     11 101.755 330 5 1 -114.082 -2.88441 -54.45 
     11 147.136 885 5 0 -114.082 -2.88239 -55.85 
     11 112.305 330 4 1 -114.03 -2.84291 -84.45 
     11 126.303 886 4 0 -114.036 -2.83603 -85.85 
     11 133.261 330 3 1 -114.144 -2.70018 -114.45 
     11 101.185 886 3 0 -114.154 -2.69822 -115.85 
     11 438.879 329 2 1 -114.343 -2.67838 -144.45 
     11 462.636 886 2 0 -114.341 -2.67617 -145.85 
     11 358.193 329 1 1 -114.297 -2.61512 -174.45 
     11 269.813 887 1 0 -114.292 -2.60263 -175.85 
     11 217.43 329 0 1 -114.196 -2.31032 -204.45 
     11 109.022 888 0 0 -114.205 -2.32077 -205.85 
     11 219.459 330 1 1 -114.147 -2.43535 -174.45 
     11 110.395 888 1 0 -114.162 -2.43114 -175.85 
     11 324.621 328 0 1 -114.543 -2.16466 -204.45 
     11 188.49 889 0 0 -114.563 -2.17293 -205.85 
     11 149.738 343 0 1 -111.448 -2.84027 -204.45 
     11 256.992 886 0 0 -111.517 -2.78308 -205.85 
     11 31.7095 807 0 1 -18.65 -119.004 -204.495 
     11 296.254 886 1 0 -114.3 -2.79703 -175.85 
     11 81.7096 321 1 1 -115.772 -12.7031 -174.85 
     11 59.483 678 3 1 -44.3841 77.7536 -114.85 
     11 144.465 887 0 0 -114.379 -2.53811 -205.85 
     11 60.6066 885 8 0 -114.705 -2.89675 34.1499 
     11 56.5595 886 8 0 -114.751 -2.85 33.882 
     11 31.4246 291 7 1 -121.915 -0.555113 5.55 
     11 115.044 290 7 1 -121.95 -0.494678 5.46015 
     11 26.7538 901 7 0 -122.588 0.418907 4.15 
     11 100.54 902 7 0 -122.606 0.45 4.1069 
     11 151.884 236 6 1 -132.821 9.31163 -24.4503 
     11 86.1006 947 6 0 -133.071 9.64657 -25.85 
     11 87.9477 948 6 0 -133.074 9.65 -25.8665 
     11 26.7679 160 5 1 -147.99 10.1868 -54.45 
     11 121.045 161 5 1 -147.95 10.2168 -54.505 
     11 117.509 162 5 1 -147.75 10.1478 -54.6582 
     11 387.518 947 5 0 -147.328 9.54354 -55.85 
Number of digits in this event: 26
Using G4ParticleGun... 
Particle energy: 5.16531 LIN
Particle: e-
Event: 12
Number of tracker hits in this event: 29
     12 104.948 324 9 1 -115.288 -66.0268 65.55 
     12 150.099 570 9 0 -115.288 -66.0266 64.15 
     12 216.561 324 8 1 -115.294 -66.0185 35.55 
     12 116.942 570 8 0 -115.296 -66.0172 34.15 
     12 128.067 324 7 1 -115.329 -65.9947 5.55 
     12 208.855 570 7 0 -115.331 -65.9928 4.15 
     12 145.072 323 6 1 -115.38 -65.9597 -24.45 
     12 114.687 570 6 0 -115.384 -65.9573 -25.85 
     12 185.502 323 5 1 -115.445 -65.9095 -54.45 
     12 135.334 570 5 0 -115.448 -65.9076 -55.85 
     12 99.4227 323 4 1 -115.516 -65.8637 -84.45 
     12 136.29 570 4 0 -115.52 -65.8571 -85.85 
     12 217.959 322 3 1 -115.626 -65.7318 -114.45 
     12 127.566 571 3 0 -115.632 -65.7273 -115.85 
     12 240.31 321 2 1 -115.761 -65.6363 -144.45 
     12 121.092 572 2 0 -115.778 -65.6251 -145.85 
     12 112.535 320 1 1 -116.123 -65.3883 -174.45 
     12 119.285 573 1 0 -116.136 -65.378 -175.85 
     12 109.427 318 0 1 -116.376 -65.1714 -204.45 
     12 114.784 574 0 0 -116.389 -65.1538 -205.85 
     12 28.3065 543 0 0 -148.21 -71.3545 -206.25 
     12 9.6919 437 0 1 -92.55 -130.936 -204.769 
     12 193.317 439 0 1 -92.222 -130.97 -204.45 
     12 59.5997 323 3 1 -115.494 -65.7158 -114.45 
     12 33.8842 567 3 0 -116.264 -66.5869 -115.85 
     12 138.19 566 3 0 -116.319 -66.6501 -115.92 
     12 285.347 516 3 0 -91.677 -76.7839 -116.25 
     12 245.931 517 3 0 -91.3594 -76.6499 -116.224 
     12 145.64 1135 6 1 47.1574 145.442 -24.85 
Number of digits in this event: 19
Using G4ParticleGun... 
Particle energy: 3.27858 LIN
Particle: e-
Event: 13
Number of tracker hits in this event: 84
     13 119.527 765 10 1 -26.9376 -88.5526 95.55 
     13 223.166 457 10 0 -26.936 -88.553 94.15 
     13 132.944 765 9 1 -26.8996 -88.5608 65.55 
     13 110.627 457 9 0 -26.9008 -88.5597 64.15 
     13 104.483 765 8 1 -26.9281 -88.545 35.55 
     13 115.871 457 8 0 -26.9284 -88.5448 34.15 
     13 109.486 765 7 1 -26.9403 -88.5391 5.55 
     13 113.062 457 7 0 -26.9386 -88.5401 4.15 
     13 429.593 765 6 1 -26.9059 -88.5611 -24.45 
     13 411.113 457 6 0 -26.9001 -88.5636 -25.85 
     13 275.413 766 5 1 -26.7875 -88.616 -54.45 
     13 115.994 457 5 0 -26.7839 -88.6169 -55.85 
     13 175.942 766 4 1 -26.7043 -88.6438 -84.45 
     13 113.07 457 4 0 -26.7034 -88.647 -85.85 
     13 221.648 766 3 1 -26.6814 -88.7001 -114.45 
     13 237.145 456 3 0 -26.6805 -88.6976 -115.85 
     13 237.533 766 2 1 -26.6593 -88.6413 -144.45 
     13 288.508 457 2 0 -26.6633 -88.6391 -145.85 
     13 256.846 766 1 1 -26.7301 -88.5978 -174.45 
     13 397.475 457 1 0 -26.7294 -88.5974 -175.85 
     13 118.287 767 0 1 -26.5659 -88.8279 -204.45 
     13 272.34 456 0 0 -26.5528 -88.8435 -205.85 
     13 204.684 456 2 0 -26.6539 -88.6669 -145.85 
     13 180.61 769 0 1 -26.2052 -87.7667 -204.45 
     13 375.48 461 0 0 -26.1815 -87.7246 -205.85 
     13 62.9277 629 5 1 -54.05 -22.3556 -54.5272 
     13 215.59 630 5 1 -54.05 -22.3371 -54.4643 
     13 128.29 768 0 1 -26.25 -87.6222 -204.551 
     13 39.5306 467 0 0 -26.8054 -86.5071 -205.85 
     13 122.144 468 0 0 -26.8312 -86.45 -205.918 
     13 116.4 469 0 0 -26.8846 -86.25 -206.148 
     13 125.313 767 2 1 -26.649 -88.6698 -144.45 
     13 95.4908 773 1 1 -25.3502 -90.7577 -174.45 
     13 166.311 774 1 1 -25.25 -90.7841 -174.774 
     13 167.743 446 1 0 -24.9197 -90.8864 -175.85 
     13 174.957 822 0 1 -15.5847 -94.3935 -204.45 
     13 215.42 427 0 0 -15.2853 -94.5652 -205.85 
     13 56.0161 765 3 1 -26.9033 -88.5744 -114.45 
     13 194.259 746 2 1 -30.7225 -90.7011 -144.45 
     13 379.943 445 2 0 -31.099 -90.984 -145.85 
     13 144.066 673 1 1 -45.4059 -99.1029 -174.45 
     13 15.8803 672 1 1 -45.4502 -98.8525 -174.799 
     13 92.2514 407 1 0 -46.0102 -98.6349 -175.85 
     13 72.8107 408 1 0 -46.1346 -98.55 -175.995 
     13 46.4698 764 0 1 -27.1235 -88.4287 -204.45 
     13 72.4212 763 0 1 -27.25 -88.3454 -204.563 
     13 63.3578 762 0 1 -27.4502 -88.2833 -204.712 
     13 120.886 765 0 1 -26.9912 -88.5965 -204.45 
     13 131.348 765 5 1 -27.0146 -88.3849 -54.45 
     13 122.011 458 5 0 -26.9765 -88.3851 -55.85 
     13 110.507 769 4 1 -26.1954 -88.4592 -84.45 
     13 152.268 458 4 0 -26.1826 -88.4459 -85.85 
     13 175.451 770 3 1 -26.0024 -88.1371 -114.45 
     13 131.735 459 3 0 -25.9722 -88.1526 -115.85 
     13 118.929 773 2 1 -25.3982 -88.6279 -144.45 
     13 99.8024 455 1 0 -25.0663 -88.945 -175.85 
     13 198.884 777 0 1 -24.6162 -89.8971 -204.45 
     13 221.379 450 0 0 -24.5872 -89.9382 -205.85 
     13 112.605 458 6 0 -26.9845 -88.3438 -25.85 
     13 114.327 470 5 0 -26.8282 -85.9603 -55.85 
     13 22.0354 756 4 1 -28.8432 -83.8863 -84.45 
     13 111.722 755 4 1 -28.85 -83.927 -84.4923 
     13 0.30565 475 4 0 -29.1845 -85.0492 -85.85 
     13 96.5143 474 4 0 -29.1848 -85.05 -85.851 
     13 45.2708 473 4 0 -29.2521 -85.25 -86.103 
     13 50.4766 719 3 1 -36.1384 -110.311 -114.45 
     13 89.2593 718 3 1 -36.25 -110.223 -114.541 
     13 91.4359 717 3 1 -36.45 -110.105 -114.677 
     13 6.01294 716 3 1 -36.65 -109.932 -114.838 
     13 90.2353 356 3 0 -37.6337 -108.947 -115.85 
     13 124.486 357 3 0 -37.8365 -108.75 -116.06 
     13 26.8177 358 3 0 -38.0398 -108.55 -116.194 
     13 156.069 474 3 0 -88.9334 -85.128 -116.25 
     13 25.5048 452 3 1 -89.6064 -85.2714 -114.849 
     13 109.818 451 3 1 -89.65 -85.2748 -114.762 
     13 25.708 721 3 1 -35.701 -110.555 -114.45 
     13 133.601 722 3 1 -35.65 -110.677 -114.501 
     13 312.97 723 3 1 -35.45 -111.073 -114.707 
     13 28.6364 338 3 0 -34.5126 -112.453 -115.85 
     13 57.8303 337 3 0 -34.465 -112.55 -115.941 
     13 65.0005 336 3 0 -34.4099 -112.75 -116.062 
     13 48.1024 335 3 0 -34.3653 -112.95 -116.106 
     13 56.8375 334 3 0 -34.3731 -113.151 -116.149 
     13 29.6379 333 3 0 -34.4033 -113.35 -116.217 
Number of digits in this event: 41
Using G4ParticleGun... 
Particle energy: 6.44387 LIN
Particle: e-
Event: 14
Number of tracker hits in this event: 40
     14 105.49 1378 10 1 95.9297 -49.6916 95.55 
     14 133.479 651 10 0 95.9301 -49.6923 94.15 
     14 139.725 1378 9 1 95.9415 -49.7089 65.55 
     14 118.697 651 9 0 95.9453 -49.719 64.15 
     14 177.784 1379 8 1 96.0237 -49.9292 35.55 
     14 106.952 650 8 0 96.0276 -49.9385 34.15 
     14 126.374 1379 7 1 96.1084 -50.1235 5.55 
     14 152.399 649 7 0 96.1094 -50.1334 4.15 
     14 123.617 1379 6 1 96.1249 -50.334 -24.45 
     14 109.707 648 6 0 96.1252 -50.3439 -25.85 
     14 99.977 1379 5 1 96.1282 -50.5535 -54.45 
     14 119.555 647 5 0 96.1271 -50.5657 -55.85 
     14 391.226 1379 4 1 96.0991 -50.8134 -84.45 
     14 100.852 646 4 0 96.096 -50.8271 -85.85 
     14 105.767 1379 3 1 96.0305 -51.1044 -114.45 
     14 121.984 644 3 0 96.0262 -51.1177 -115.85 
     14 106.774 1378 2 1 95.9479 -51.3833 -144.45 
     14 102.671 643 2 0 95.9454 -51.3944 -145.85 
     14 128.459 1378 1 1 95.8912 -51.6141 -174.45 
     14 91.442 642 1 0 95.8887 -51.6254 -175.85 
     14 108.227 1378 0 1 95.839 -51.8566 -204.45 
     14 297.793 640 0 0 95.8383 -51.8671 -205.85 
     14 130.261 639 0 0 95.6974 -52.0501 -206.101 
     14 2.96485 1794 3 1 178.971 -126.332 -114.85 
     14 156.108 455 10 1 -88.9152 -106.099 95.55 
     14 208.743 370 10 0 -88.761 -106.03 94.15 
     14 25.6993 369 10 0 -88.6018 -106.15 93.8105 
     14 44.1764 694 0 0 77.1455 -41.1228 -206.25 
     14 33.5597 1380 4 1 96.15 -50.7782 -84.8242 
     14 211.803 648 4 0 96.2078 -50.3398 -85.85 
     14 8.36141 1378 4 1 95.95 -49.6812 -84.8142 
     14 295.184 652 4 0 95.8601 -49.6188 -85.85 
     14 215.698 551 4 0 118.704 -69.808 -86.25 
     14 224.974 550 4 0 118.751 -69.85 -86.185 
     14 110.398 1481 4 1 116.508 -69.3072 -84.85 
     14 114.403 1480 4 1 116.35 -69.2842 -84.7549 
     14 65.9238 1479 4 1 116.149 -69.2782 -84.6074 
     14 194.441 1478 4 1 115.945 -69.3682 -84.45 
     14 224.315 1477 4 1 115.75 -69.2906 -84.6287 
     14 119.245 1258 5 1 71.85 20.495 -54.8328 
Number of digits in this event: 22
Using G4ParticleGun... 
Particle energy: 2.0421 LIN
Particle: e-
Event: 15
Number of tracker hits in this event: 107
     15 144.967 894 11 1 -1.19538 -57.271 125.55 
     15 176.947 613 11 0 -1.19838 -57.2682 124.15 
     15 104.462 894 10 1 -1.24758 -57.1846 95.55 
     15 155.324 614 10 0 -1.25164 -57.1878 94.15 
     15 107.58 893 9 1 -1.31391 -57.2216 65.55 
     15 159.073 614 9 0 -1.31895 -57.2187 64.15 
     15 144.396 892 8 1 -1.45279 -57.1421 35.55 
     15 95.2007 614 8 0 -1.45329 -57.141 34.15 
     15 125.305 892 7 1 -1.4794 -57.1318 5.55 
     15 222.256 614 7 0 -1.47345 -57.1283 4.15 
     15 125.18 893 6 1 -1.32104 -57.0475 -24.45 
     15 113.105 614 6 0 -1.26572 -57.0839 -25.85 
     15 203.99 899 5 1 -0.106933 -57.8384 -54.45 
     15 31.2824 610 5 0 -0.0542853 -57.8658 -55.85 
     15 7.18278 904 4 1 1.04901 -58.4858 -84.45 
     15 102.365 905 4 1 1.05 -58.4862 -84.4823 
     15 137.717 607 4 0 1.09317 -58.5023 -85.85 
     15 106.389 909 3 1 1.99171 -58.7949 -114.45 
     15 116.357 606 3 0 2.03906 -58.7881 -115.85 
     15 112.687 914 2 1 3.03111 -58.6702 -144.45 
     15 181.174 606 2 0 3.08971 -58.6619 -145.85 
     15 190.018 921 1 1 4.30578 -58.485 -174.45 
     15 137.34 607 1 0 4.36652 -58.4683 -175.85 
     15 23.0688 927 0 1 5.64889 -58.0903 -204.45 
     15 437.48 928 0 1 5.65 -58.09 -204.473 
     15 215.744 609 0 0 5.71544 -58.0677 -205.85 
     15 70.273 920 1 1 4.25 -58.3486 -174.755 
     15 46.8175 614 1 0 3.37742 -57.116 -175.85 
     15 91.8406 615 1 0 3.34405 -57.0494 -175.914 
     15 90.4887 616 1 0 3.23888 -56.85 -176.062 
     15 82.2415 617 1 0 3.10526 -56.65 -176.185 
     15 80.8876 618 1 0 3.12927 -56.4496 -176.218 
     15 61.0058 619 1 0 3.09352 -56.2494 -176.2 
     15 86.4592 620 1 0 3.13885 -56.05 -176.141 
     15 89.648 621 1 0 3.30019 -55.85 -176.064 
     15 136.777 919 1 1 3.91172 -55.3697 -174.85 
     15 137.038 636 0 0 5.86544 -52.7246 -206.25 
     15 164.118 637 0 0 5.80008 -52.65 -206.002 
     15 236.157 267 2 0 18.5092 -126.738 -146.25 
     15 272.836 926 2 1 5.29563 -57.7318 -144.45 
     15 704.227 611 2 0 5.2833 -57.7988 -145.85 
     15 46.9409 908 1 1 1.69621 -58.4865 -174.45 
     15 69.4691 907 1 1 1.65 -58.4791 -174.631 
     15 126.254 608 1 0 1.34527 -58.3577 -175.85 
     15 97.1627 880 0 1 -3.98352 -54.8733 -204.45 
     15 89.2186 879 0 1 -4.05 -54.5689 -204.683 
     15 84.0279 635 0 0 -4.1136 -52.9647 -205.85 
     15 28.2406 673 0 0 -11.4861 -45.4004 -206.25 
     15 82.9758 672 0 0 -11.4946 -45.4501 -206.177 
     15 11.2477 671 0 0 -11.5182 -45.65 -205.898 
     15 145.73 842 0 1 -11.6154 -46.3385 -204.85 
     15 60.4687 840 0 1 -11.9097 -46.664 -204.45 
     15 134.595 839 0 1 -12.05 -46.5364 -204.616 
     15 72.4984 676 0 0 -13.2287 -44.8466 -205.85 
     15 60.7864 677 0 0 -13.3993 -44.6497 -205.918 
     15 69.3627 678 0 0 -13.5449 -44.45 -205.93 
     15 47.5232 679 0 0 -13.6388 -44.25 -205.889 
     15 118.261 823 0 1 -15.3155 -36.976 -204.85 
     15 155.391 822 0 1 -15.45 -36.5426 -204.756 
     15 247.873 821 0 1 -15.65 -36.1356 -204.536 
     15 32.5206 725 0 0 -16.7168 -34.9261 -205.85 
     15 70.1008 726 0 0 -16.7537 -34.85 -205.911 
     15 81.1712 727 0 0 -16.7118 -34.65 -205.97 
     15 59.6208 728 0 0 -16.7423 -34.4498 -205.944 
     15 249.014 815 0 1 -17.0156 -33.5497 -204.85 
     15 104.821 936 1 1 7.32519 -58.9344 -174.45 
     15 154.487 605 1 0 7.43403 -59.048 -175.85 
     15 213.335 604 1 0 7.43596 -59.05 -175.875 
     15 124.894 945 0 1 9.19227 -61.2277 -204.45 
     15 107.43 593 0 0 9.29338 -61.3327 -205.85 
     15 179.703 946 0 1 9.25 -61.2191 -204.509 
     15 260.698 889 3 1 -2.11934 -56.7892 -114.45 
     15 111.064 615 3 0 -2.16316 -56.9008 -115.85 
     15 107.465 881 2 1 -3.67519 -59.2573 -144.45 
     15 224.667 603 2 0 -3.6386 -59.2704 -145.85 
     15 90.8451 879 1 1 -4.12008 -61.2079 -174.45 
     15 57.4046 593 1 0 -4.4845 -61.4079 -175.85 
     15 59.8565 592 1 0 -4.56246 -61.45 -176.086 
     15 171.399 828 0 1 -14.2678 -65.9041 -204.45 
     15 4.356 827 0 1 -14.45 -65.8134 -204.834 
     15 146.227 572 0 0 -15.043 -65.5361 -205.85 
     15 20.1622 573 0 0 -15.2281 -65.45 -206.174 
     15 258.579 1130 3 0 -71.1137 46.1904 -116.25 
     15 25.887 603 1 0 -4.35405 -59.3989 -175.85 
     15 111.286 616 3 0 -2.13724 -56.8206 -115.85 
     15 112.913 889 2 1 -2.24286 -57.6376 -144.45 
     15 159.659 894 1 1 -1.14779 -58.9872 -174.45 
     15 122.902 896 0 1 -0.790862 -58.8031 -204.45 
     15 109.529 606 0 0 -0.767272 -58.7912 -205.85 
     15 33.0185 371 0 0 52.0869 -105.75 -206.235 
     15 250.121 886 2 1 -2.72128 -56.702 -144.45 
     15 56.0507 887 2 1 -2.65 -56.6469 -144.679 
     15 141.612 618 2 0 -2.31023 -56.3482 -145.85 
     15 127.52 927 1 1 5.59471 -49.9674 -174.45 
     15 24.4637 928 1 1 5.65 -49.9031 -174.796 
     15 184.353 652 1 0 5.83991 -49.5932 -175.85 
     15 129.797 949 0 1 9.88554 -41.2713 -204.45 
     15 36.8184 697 0 0 10.0403 -40.5071 -205.85 
     15 116.362 698 0 0 10.0528 -40.45 -205.955 
     15 360 614 2 0 -2.67556 -57.131 -145.85 
     15 60.2411 613 2 0 -2.66095 -57.2501 -146.223 
     15 56.7701 900 1 1 0.0923733 -67.3078 -174.45 
     15 98.4957 563 1 0 -0.240654 -67.321 -175.85 
     15 149.274 859 0 1 -8.23295 -68.6843 -204.45 
     15 105.824 556 0 0 -7.70596 -68.8122 -205.85 
     15 9.02808 555 0 0 -7.58342 -68.85 -206.207 
     15 122.47 615 2 0 -2.91703 -57.05 -146.067 
Number of digits in this event: 48
Using G4ParticleGun... 
Particle energy: 8.80851 LIN
Particle: e-
Event: 16
Number of tracker hits in this event: 27
     16 229.439 609 10 1 -58.21 68.7996 95.55 
     16 132.24 1243 10 0 -58.2104 68.7994 94.15 
     16 108.882 609 9 1 -58.2159 68.7935 65.55 
     16 109.388 1243 9 0 -58.2171 68.7937 64.15 
     16 117.202 609 8 1 -58.2394 68.7955 35.55 
     16 120.976 1243 8 0 -58.2397 68.7955 34.15 
     16 119.89 608 7 1 -58.2524 68.8014 5.55 
     16 116.328 1243 7 0 -58.2534 68.8018 4.15 
     16 162.184 608 6 1 -58.2765 68.8108 -24.45 
     16 145.672 1243 6 0 -58.278 68.8098 -25.85 
     16 147.897 608 5 1 -58.306 68.7938 -54.45 
     16 175.397 1243 5 0 -58.3069 68.7943 -55.85 
     16 97.1669 608 4 1 -58.3248 68.8093 -84.45 
     16 230.709 1243 4 0 -58.3258 68.8128 -85.85 
     16 131.483 608 3 1 -58.3613 68.8761 -114.45 
     16 130.804 1244 3 0 -58.3686 68.8865 -115.85 
     16 124.912 607 2 1 -58.5109 69.0912 -144.45 
     16 133.193 1245 2 0 -58.5143 69.103 -145.85 
     16 213.5 607 1 1 -58.5857 69.359 -174.45 
     16 131.29 1246 1 0 -58.5871 69.3712 -175.85 
     16 120.932 607 0 1 -58.6037 69.6321 -204.45 
     16 123.384 1247 0 0 -58.6034 69.6352 -205.85 
     16 50.7176 1472 0 0 -64.1805 114.55 -205.995 
     16 22.8052 398 0 1 -100.35 -15.4407 -204.674 
     16 4.63048 212 2 1 -137.579 -67.8832 -144.85 
     16 134.869 211 2 1 -137.75 -68.1131 -144.582 
     16 43.8191 397 0 1 -100.55 -15.9182 -204.468 
Number of digits in this event: 20
Using G4ParticleGun... 
Particle energy: 5.57921 LIN
Particle: e-
Event: 17
Number of tracker hits in this event: 83
     17 104.541 691 11 1 -41.6859 57.2624 125.55 
     17 125.236 1186 11 0 -41.6848 57.2618 124.15 
     17 103.563 691 10 1 -41.6643 57.2444 95.55 
     17 114.519 1185 10 0 -41.6644 57.2415 94.15 
     17 175.546 691 9 1 -41.6775 57.1791 65.55 
     17 104.298 1185 9 0 -41.6768 57.1753 64.15 
     17 100.662 691 8 1 -41.67 57.0933 35.55 
     17 143.723 1185 8 0 -41.6659 57.0874 34.15 
     17 177.38 692 7 1 -41.5683 56.9415 5.55 
     17 138.916 1184 7 0 -41.5589 56.9509 4.15 
     17 119.927 693 6 1 -41.3901 57.143 -24.45 
     17 259.314 1185 6 0 -41.3832 57.1599 -25.85 
     17 145.007 694 5 1 -41.2429 57.4801 -54.45 
     17 110.008 1187 5 0 -41.2372 57.5168 -55.85 
     17 154.191 694 4 1 -41.1561 58.2654 -84.45 
     17 167.495 1191 4 0 -41.1556 58.3117 -85.85 
     17 153.396 694 3 1 -41.1387 59.2215 -114.45 
     17 107.047 1196 3 0 -41.1326 59.2776 -115.85 
     17 300.223 695 2 1 -41.0087 60.4487 -144.45 
     17 163.433 1202 2 0 -40.9953 60.4995 -145.85 
     17 358.329 696 1 1 -40.6923 61.5602 -174.45 
     17 112.216 1207 1 0 -40.6818 61.6143 -175.85 
     17 388.356 697 0 1 -40.4764 62.7286 -204.45 
     17 100.053 1213 0 0 -40.4765 62.7775 -205.85 
     17 127.826 696 0 1 -40.65 62.7347 -204.585 
     17 87.5007 1210 0 0 -41.1473 62.09 -205.85 
     17 61.8473 1209 0 0 -41.1606 62.0499 -205.954 
     17 321.706 1125 0 0 -26.2386 45.1306 -206.25 
     17 18.3676 1126 0 0 -26.0391 45.25 -206.132 
     17 242.533 693 5 1 -41.2937 57.6336 -54.45 
     17 249.978 692 6 1 -41.5367 56.863 -24.45 
     17 176.905 1184 6 0 -41.5385 56.8711 -25.85 
     17 330.772 1186 5 0 -41.2965 57.3923 -55.85 
     17 123.62 699 4 1 -40.0705 58.224 -84.45 
     17 191.079 1190 4 0 -40.0703 58.1399 -85.85 
     17 209.46 699 3 1 -40.1461 56.826 -114.45 
     17 138.344 1183 3 0 -40.1832 56.7589 -115.85 
     17 214.576 696 2 1 -40.8085 55.4096 -144.45 
     17 116.809 1176 2 0 -40.7967 55.3882 -145.85 
     17 146.032 695 1 1 -40.8938 54.8878 -174.45 
     17 100.653 1174 1 0 -40.85 54.8816 -175.85 
     17 109.218 700 0 1 -39.8602 54.6785 -204.45 
     17 36.8309 1173 0 0 -39.8329 54.6514 -205.85 
     17 159.626 1172 0 0 -39.8317 54.65 -205.923 
     17 121.13 1701 3 0 -42.9073 160.392 -116.25 
     17 146.838 1702 3 0 -42.9822 160.55 -116.24 
     17 41.3059 1170 2 0 -40.7682 54.1115 -145.85 
     17 297.088 1169 2 0 -40.7649 54.05 -145.923 
     17 48.8158 1168 2 0 -40.7216 53.8498 -146.156 
     17 108.544 1068 2 0 -29.1696 33.6805 -146.25 
     17 10.639 1067 2 0 -29.1985 33.65 -146.046 
     17 108.515 753 2 1 -29.376 33.6379 -144.85 
     17 12.1179 752 2 1 -29.45 33.6616 -144.595 
     17 326.813 1215 2 0 -37.8607 63.0614 -145.85 
     17 94.2878 1183 6 0 -41.5476 56.7946 -25.85 
     17 101.621 692 5 1 -41.5954 56.0635 -54.45 
     17 23.9551 1179 5 0 -41.7304 56.0449 -55.8502 
     17 110.128 1180 5 0 -41.7424 56.0501 -55.9512 
     17 38.5462 686 4 1 -42.8284 56.5349 -84.45 
     17 71.9605 685 4 1 -42.85 56.508 -84.6104 
     17 69.5185 1181 4 0 -43.0569 56.311 -85.85 
     17 56.4822 1180 4 0 -43.0952 56.25 -86.0875 
     17 70.9529 760 3 1 -27.989 46.0021 -114.45 
     17 134.869 759 3 1 -28.0503 46.0753 -114.525 
     17 123.987 758 3 1 -28.2501 46.1958 -114.661 
     17 117.222 757 3 1 -28.4501 46.3651 -114.844 
     17 277.437 1131 3 0 -28.6532 46.344 -115.85 
     17 258.576 691 0 1 -41.725 56.4093 -204.45 
     17 251.613 1181 0 0 -41.7238 56.4078 -205.85 
     17 244.97 691 2 1 -41.676 56.6929 -144.45 
     17 204.866 1182 2 0 -41.6707 56.6222 -145.851 
     17 122.005 689 1 1 -42.2034 54.5944 -174.45 
     17 126.967 1172 1 0 -42.2686 54.4987 -175.85 
     17 118.551 683 0 1 -43.4034 52.3585 -204.45 
     17 157.558 1160 0 0 -43.3758 52.1886 -205.85 
     17 300.589 688 1 1 -42.3222 54.6073 -174.45 
     17 63.5156 1171 1 0 -42.1694 54.2959 -175.85 
     17 61.8395 1170 1 0 -42.1468 54.25 -176.051 
     17 41.2857 706 0 1 -38.6647 47.7293 -204.451 
     17 61.0325 707 0 1 -38.65 47.683 -204.597 
     17 55.225 1136 0 0 -38.5179 47.3044 -205.85 
     17 121.172 1135 0 0 -38.4985 47.25 -206.031 
     17 67.3299 188 0 1 -142.44 72.5164 -204.85 
Number of digits in this event: 45
Using G4ParticleGun... 
Particle energy: 3.36717 LIN
Particle: e-
Event: 18
Number of tracker hits in this event: 25
     18 123.803 1259 8 1 71.9724 123.36 35.55 
     18 104.938 1516 8 0 71.9719 123.36 34.15 
     18 221.612 1259 7 1 71.9586 123.357 5.55 
     18 136.48 1516 7 0 71.9574 123.357 4.15 
     18 210.378 1259 6 1 71.9295 123.365 -24.45 
     18 207.027 1516 6 0 71.9271 123.366 -25.85 
     18 104.134 1259 5 1 71.8696 123.392 -54.45 
     18 109.238 1516 5 0 71.8671 123.393 -55.85 
     18 129.659 1258 4 1 71.8157 123.403 -84.45 
     18 132.202 1516 4 0 71.8143 123.405 -85.85 
     18 229.278 1258 3 1 71.7975 123.456 -114.45 
     18 114.642 1516 3 0 71.7931 123.456 -115.85 
     18 102.923 1258 2 1 71.6946 123.476 -144.45 
     18 323.624 1516 2 0 71.6921 123.477 -145.85 
     18 113.464 1257 1 1 71.6461 123.523 -174.45 
     18 123.58 1516 1 0 71.645 123.527 -175.85 
     18 115.588 1257 0 1 71.6112 123.603 -204.45 
     18 137.527 1517 0 0 71.6025 123.604 -205.85 
     18 147.209 1143 0 1 48.7673 66.913 -204.85 
     18 177.592 1484 0 0 87.7787 117.008 -206.25 
     18 15.7793 137 10 1 -152.55 75.9766 95.229 
     18 175.535 136 10 1 -152.75 75.9916 95.5289 
     18 70.7291 500 10 1 -79.85 25.6953 95.3809 
     18 30.1203 1596 6 0 28.0102 139.471 -26.2499 
     18 29.6617 1518 7 0 73.0681 123.75 4.15 
Number of digits in this event: 16
Using G4ParticleGun... 
Particle energy: 6.12567 LIN
Particle: e-
Event: 19
Number of tracker hits in this event: 49
     19 129.411 1171 10 1 54.3768 96.111 95.55 
     19 109.791 1379 10 0 54.3806 96.1114 94.15 
     19 113.191 1172 9 1 54.4571 96.1212 65.55 
     19 133.071 1379 9 0 54.4612 96.1221 64.15 
     19 354.819 1172 8 1 54.5456 96.1393 35.55 
     19 107.091 1379 8 0 54.5505 96.1387 34.15 
     19 132.072 1173 7 1 54.6553 96.126 5.55 
     19 158.283 1379 7 0 54.6592 96.1246 4.15 
     19 218.393 1173 6 1 54.7423 96.098 -24.45 
     19 140.311 1379 6 0 54.7426 96.1013 -25.85 
     19 130.715 1173 5 1 54.7502 96.1691 -54.45 
     19 96.3499 1380 5 0 54.7501 96.1737 -55.85 
     19 305.092 1173 4 1 54.7471 96.2689 -84.45 
     19 271.206 1380 4 0 54.7474 96.2727 -85.85 
     19 205.751 1173 3 1 54.7528 96.3483 -114.45 
     19 121.76 1381 3 0 54.7527 96.352 -115.85 
     19 162.738 1173 2 1 54.7523 96.4226 -144.45 
     19 93.1832 1381 2 0 54.7523 96.4273 -145.85 
     19 118.945 1173 1 1 54.76 96.5237 -174.45 
     19 167.92 1381 1 0 54.7597 96.5275 -175.85 
     19 221.598 1173 0 1 54.7507 96.6125 -204.45 
     19 114.133 1382 0 0 54.7519 96.6151 -205.85 
     19 3.89376 852 1 0 -28.3056 -9.62965 -176.25 
     19 270.989 851 1 0 -28.3038 -9.65 -176.242 
     19 18.04 425 5 0 114.179 -94.95 -55.908 
     19 61.0156 1474 5 1 115.141 -95.1128 -54.85 
     19 24.4717 1475 5 1 115.15 -95.118 -54.8438 
     19 34.9132 1174 4 1 54.85 96.3676 -84.7713 
     19 14.9822 1379 4 0 56.1678 96.1448 -85.8503 
     19 114.153 1381 4 0 56.143 96.3501 -86.1387 
     19 92.3647 1375 6 0 54.4188 95.2924 -25.85 
     19 52.4425 1374 6 0 54.3862 95.15 -26.1082 
     19 66.0906 1191 6 0 29.9507 58.3369 -26.25 
     19 159.662 1190 6 0 29.8026 58.2499 -26.1505 
     19 207.582 1189 6 0 29.3481 58.05 -26.0532 
     19 101.12 1188 6 0 28.8271 57.85 -25.8748 
     19 39.0927 1187 6 0 28.5606 57.65 -25.8743 
     19 52.4413 1031 6 1 26.381 55.6745 -24.8499 
     19 42.2772 1030 6 1 26.25 55.5595 -24.8235 
     19 39.7868 1169 6 0 24.962 54.0055 -25.85 
     19 59.5735 1168 6 0 24.9207 53.8498 -25.9082 
     19 151.289 1029 6 1 25.9353 53.2674 -24.85 
     19 169.12 1028 6 1 25.8498 53.0676 -24.5625 
     19 149.669 1027 6 1 25.65 53.2163 -24.5357 
     19 155.757 1171 6 0 25.1163 54.3796 -25.85 
     19 66.1098 1386 8 0 53.9338 97.3735 34.15 
     19 100.004 1387 8 0 53.883 97.55 34.1108 
     19 126.606 1388 8 0 54.0092 97.75 34.114 
     19 181.549 1389 8 0 54.0472 97.9504 34.1294 
Number of digits in this event: 26
Using G4ParticleGun... 
Particle energy: 6.14062 LIN
Particle: e-
Event: 20
Number of tracker hits in this event: 85
     20 155.134 1011 10 1 22.3302 -92.5297 95.55 
     20 142.407 438 10 0 22.3294 -92.5289 94.15 
     20 106.617 1011 9 1 22.3149 -92.5119 65.55 
     20 106.58 438 9 0 22.3144 -92.5115 64.15 
     20 202.386 1011 8 1 22.3021 -92.4977 35.55 
     20 121.545 438 8 0 22.3007 -92.4961 34.15 
     20 121.531 1011 7 1 22.276 -92.4603 5.55 
     20 134.458 438 7 0 22.2751 -92.4579 4.15 
     20 378.579 1011 6 1 22.2539 -92.4088 -24.45 
     20 248.104 438 6 0 22.2552 -92.408 -25.85 
     20 145.093 1011 5 1 22.2787 -92.3929 -54.45 
     20 282.298 438 5 0 22.2787 -92.3919 -55.85 
     20 203.073 1011 4 1 22.2834 -92.3703 -84.45 
     20 392.634 438 4 0 22.2841 -92.37 -85.85 
     20 114.016 1011 3 1 22.3017 -92.3668 -114.45 
     20 107.375 438 3 0 22.302 -92.3667 -115.85 
     20 121.554 1011 2 1 22.3006 -92.3624 -144.45 
     20 138.445 438 2 0 22.3005 -92.3652 -145.85 
     20 103.839 1011 1 1 22.3006 -92.4157 -174.45 
     20 119.71 438 1 0 22.3015 -92.4195 -175.85 
     20 106.263 1011 0 1 22.3258 -92.4878 -204.45 
     20 135.187 438 0 0 22.3296 -92.4901 -205.85 
     20 82.6155 557 2 0 32.5949 -68.5102 -146.25 
     20 137.957 334 4 0 9.68335 -113.15 -86.1665 
     20 14.2802 558 2 0 32.5932 -68.45 -146.005 
     20 45.0399 242 0 0 72.1972 -131.708 -206.25 
     20 130.01 241 0 0 72.113 -131.75 -206.177 
     20 111.434 1259 0 1 71.9748 -131.052 -204.85 
     20 468.444 1260 0 1 72.05 -130.959 -204.681 
     20 29.3536 439 4 0 22.1951 -92.35 -86.0118 
     20 176.726 1010 5 1 22.1558 -92.4787 -54.45 
     20 236.51 1015 4 1 23.2246 -92.8925 -84.45 
     20 116.193 436 4 0 23.29 -92.9096 -85.85 
     20 125.081 1022 3 1 24.5727 -93.2204 -114.45 
     20 216.928 434 3 0 24.7084 -93.2624 -115.85 
     20 101.215 1037 2 1 27.4781 -94.1639 -144.45 
     20 131.991 429 2 0 27.6224 -94.2877 -145.85 
     20 103.963 1052 1 1 30.586 -96.8093 -174.45 
     20 118.895 415 1 0 30.7454 -97.0036 -175.85 
     20 127.743 1069 0 1 33.9943 -100.876 -204.45 
     20 122.551 395 0 0 34.0819 -101.007 -205.85 
     20 417.776 1010 6 1 22.25 -92.3948 -24.5604 
     20 49.7878 1009 6 1 22.05 -92.3275 -24.7452 
     20 48.3782 439 6 0 22.2221 -92.1692 -25.8501 
     20 96.0949 440 6 0 22.2189 -92.15 -25.9711 
     20 119.565 1004 5 1 20.9352 -88.3737 -54.45 
     20 107.871 456 5 0 21.0495 -88.7101 -55.85 
     20 97.2314 1016 4 1 23.25 -94.9028 -84.8062 
     20 180.539 424 4 0 23.7663 -95.2186 -85.8501 
     20 19.721 1111 3 1 42.3864 -103.609 -114.45 
     20 65.6988 1112 3 1 42.45 -103.607 -114.499 
     20 65.9485 1113 3 1 42.65 -103.604 -114.649 
     20 22.632 1114 3 1 42.85 -103.6 -114.799 
     20 208.31 383 3 0 44.3669 -103.529 -115.85 
     20 20.363 1356 2 1 91.483 -102.816 -144.45 
     20 78.5242 1357 2 1 91.55 -102.858 -144.492 
     20 116.756 1358 2 1 91.75 -102.991 -144.616 
     20 64.4939 1359 2 1 91.95 -103.127 -144.748 
     20 124.199 379 2 0 93.4601 -104.157 -145.85 
     20 91.9607 378 2 0 93.7583 -104.35 -146.075 
     20 59.3195 1527 1 1 125.621 -125.229 -174.45 
     20 139.687 1528 1 1 125.75 -125.23 -174.66 
     20 123.866 274 1 0 126.515 -125.182 -175.85 
     20 66.8006 1615 0 1 143.267 -126.81 -204.45 
     20 71.0982 1616 0 1 143.35 -126.924 -204.649 
     20 70.8646 262 0 0 143.936 -127.617 -205.85 
     20 58.8224 261 0 0 144.005 -127.75 -206.028 
     20 67.1338 260 0 0 143.989 -127.95 -206.068 
     20 60.8853 259 0 0 143.973 -128.15 -206.108 
     20 83.5454 258 0 0 143.96 -128.35 -206.157 
     20 56.1345 257 0 0 143.957 -128.55 -206.194 
     20 29.1776 256 0 0 143.983 -128.75 -206.227 
     20 236.662 268 1 0 126.604 -126.421 -175.85 
     20 143.002 267 1 0 126.709 -126.55 -175.937 
     20 90.6335 1012 10 1 22.45 -92.5381 95.4508 
     20 92.0521 1013 10 1 22.65 -92.6264 95.374 
     20 63.5094 1014 10 1 22.85 -92.7217 95.3382 
     20 42.7454 1015 10 1 23.05 -92.8619 95.3236 
     20 59.4439 1016 10 1 23.2506 -92.952 95.3098 
     20 76.2792 1017 10 1 23.45 -93.0335 95.2614 
     20 42.8144 1018 10 1 23.65 -93.1039 95.2039 
     20 7.03952 428 10 0 26.0836 -94.5386 94.15 
     20 142.302 427 10 0 26.101 -94.55 94.142 
     20 204.01 426 10 0 26.5038 -94.75 93.993 
     20 135.875 425 10 0 27.0199 -94.95 93.8793 
Number of digits in this event: 38
Using G4ParticleGun... 
Particle energy: 2.89392 LIN
Particle: e-
Event: 21
Number of tracker hits in this event: 40
     21 139.561 769 9 1 -26.1674 129.023 65.55 
     21 238.335 1544 9 0 -26.1699 129.024 64.15 
     21 183.512 769 8 1 -26.2143 129.071 35.55 
     21 148.317 1544 8 0 -26.2259 129.067 34.15 
     21 145.08 767 7 1 -26.5123 129 5.55 
     21 181.608 1544 7 0 -26.5279 128.996 4.15 
     21 132.237 765 6 1 -26.8585 128.925 -24.45 
     21 114.988 1543 6 0 -26.8855 128.925 -25.85 
     21 154.962 762 5 1 -27.46 128.903 -54.45 
     21 97.842 1543 5 0 -27.493 128.896 -55.85 
     21 146.212 759 4 1 -28.1353 128.78 -84.45 
     21 131.74 1543 4 0 -28.1684 128.769 -85.85 
     21 29.4508 756 3 1 -28.8468 128.523 -114.45 
     21 75.5814 755 3 1 -28.85 128.521 -114.571 
     21 172.995 1541 3 0 -28.8843 128.504 -115.85 
     21 199.286 752 2 1 -29.6324 128.121 -144.45 
     21 165.986 1539 2 0 -29.6749 128.088 -145.85 
     21 101.52 747 1 1 -30.5275 127.415 -174.45 
     21 98.6225 1536 1 0 -30.5703 127.39 -175.85 
     21 150.71 743 0 1 -31.4243 126.867 -204.45 
     21 160.776 1533 0 0 -31.467 126.844 -205.85 
     21 3.65825 809 1 1 -18.1709 102.069 -174.85 
     21 80.9179 835 3 1 -12.8883 97.9556 -114.45 
     21 280.479 1772 9 0 -22.4994 174.645 63.75 
     21 8.13243 1773 9 0 -22.5056 174.75 63.7921 
     21 257.177 1543 9 0 -26.2118 128.95 63.8847 
     21 109.386 768 5 1 -26.3807 129.17 -54.4503 
     21 142.47 1545 5 0 -26.4509 129.185 -55.85 
     21 118.724 761 4 1 -27.845 127.427 -84.45 
     21 133.068 1532 4 0 -27.2343 126.744 -85.85 
     21 6.27613 1531 4 0 -27.086 126.55 -86.2386 
     21 348.874 798 3 1 -20.3709 110.81 -114.45 
     21 45.7669 797 3 1 -20.45 111.003 -114.731 
     21 70.6406 1455 3 0 -21.247 111.335 -115.85 
     21 98.0738 1456 3 0 -21.2816 111.35 -115.91 
     21 107.722 796 3 1 -20.7522 110.32 -114.85 
     21 230.348 795 3 1 -20.85 110.085 -114.609 
     21 175.128 1450 3 0 -20.8767 110.197 -115.85 
     21 214.232 1451 3 0 -20.7321 110.35 -116.165 
     21 33.9565 1452 3 0 -20.7694 110.55 -116.174 
Number of digits in this event: 25
Using G4ParticleGun... 
Particle energy: 9.32017 LIN
Particle: e-
Event: 22
Number of tracker hits in this event: 78
     22 135.31 1507 8 1 121.577 66.0814 35.55 
     22 119.726 1230 8 0 121.576 66.0815 34.15 
     22 123.535 1507 7 1 121.552 66.084 5.55 
     22 121.365 1230 7 0 121.551 66.0834 4.15 
     22 120.929 1506 6 1 121.542 66.0669 -24.45 
     22 125.099 1230 6 0 121.541 66.0665 -25.85 
     22 527.803 1506 5 1 121.525 66.0517 -54.45 
     22 104.012 1230 5 0 121.524 66.0513 -55.85 
     22 135.866 1506 4 1 121.483 66.0422 -84.45 
     22 202.784 1229 4 0 121.482 66.0421 -85.85 
     22 303.604 1506 3 1 121.467 66.0489 -114.45 
     22 239.691 1229 3 0 121.464 66.0486 -115.85 
     22 238.331 1506 2 1 121.41 66.0358 -144.45 
     22 152.498 1229 2 0 121.408 66.0348 -145.85 
     22 182.427 1506 1 1 121.365 66.0108 -174.45 
     22 113.886 1229 1 0 121.364 66.0115 -175.85 
     22 392.411 1505 0 1 121.34 66.0163 -204.45 
     22 515.946 1229 0 0 121.338 66.0157 -205.85 
     22 17.0943 1556 3 1 131.55 34.0422 -114.75 
     22 70.9116 1557 3 1 131.55 34.0594 -114.716 
     22 4.35965 1769 1 0 56.4991 173.95 -175.962 
     22 180.699 1182 1 1 56.5412 173.891 -174.85 
     22 177.671 1024 2 0 154.17 24.9462 -146.25 
     22 4.88555 1367 2 1 93.7329 -37.0239 -144.85 
     22 141.788 1368 2 1 93.75 -37.0403 -144.805 
     22 135.066 1505 1 1 121.35 65.9989 -174.667 
     22 610.476 1506 0 1 121.414 65.9719 -204.45 
     22 66.1344 1236 0 0 122.453 67.4015 -205.85 
     22 14.7332 1510 0 1 122.184 67.1768 -204.85 
     22 246.724 1229 5 0 121.522 66.0143 -55.85 
     22 152.901 1505 4 1 121.17 65.3275 -84.45 
     22 463.142 1226 4 0 121.116 65.3262 -85.85 
     22 124.257 1498 3 1 119.881 65.0708 -114.45 
     22 123.767 1225 3 0 119.792 65.1082 -115.85 
     22 206.447 1488 2 1 117.945 65.6789 -144.45 
     22 409.956 1228 2 0 117.799 65.773 -145.85 
     22 34.566 1476 1 1 115.364 67.4978 -174.45 
     22 94.8166 1475 1 1 115.35 67.507 -174.597 
     22 139.203 1237 1 0 115.237 67.5483 -175.85 
     22 185.735 1461 0 1 112.528 68.5934 -204.45 
     22 44.9128 1243 0 0 112.368 68.8234 -205.85 
     22 77.8732 1244 0 0 112.351 68.85 -206.011 
     22 55.3406 1239 1 0 114.76 67.9746 -175.85 
     22 91.6451 1240 1 0 114.687 68.05 -176.019 
     22 137.084 1512 3 1 122.574 65.1419 -114.45 
     22 235.617 1224 3 0 122.826 65.0381 -115.85 
     22 125.716 1541 2 1 128.508 64.9895 -144.45 
     22 114.663 1225 2 0 128.596 65.0845 -145.85 
     22 89.2566 1553 1 1 130.903 68.3164 -174.45 
     22 111.14 1554 1 1 130.95 68.3541 -174.671 
     22 160.98 1242 1 0 131.182 68.5748 -175.85 
     22 184.102 1243 1 0 131.255 68.6502 -176.204 
     22 138.173 1584 0 1 137.047 75.9237 -204.45 
     22 82.8037 1280 0 0 137.29 76.19 -205.85 
     22 24.9418 1281 0 0 137.361 76.25 -206.176 
     22 418.351 1504 3 1 121.005 65.1809 -114.45 
     22 44.4715 1503 3 1 120.95 65.157 -114.703 
     22 29.9086 1471 2 1 114.378 61.5636 -144.45 
     22 83.8164 1470 2 1 114.35 61.5492 -144.577 
     22 113.461 1206 2 0 114.063 61.3962 -145.85 
     22 78.9142 1432 1 1 106.583 58.1078 -174.45 
     22 45.3131 1431 1 1 106.55 58.0658 -174.7 
     22 4.7444 1189 1 0 106.413 57.8551 -175.85 
     22 93.7869 1188 1 0 106.41 57.85 -175.878 
     22 122.225 1414 0 1 102.983 52.8898 -204.45 
     22 179.752 1163 0 0 103.118 52.7218 -205.85 
     22 151.508 1507 4 1 121.565 65.9946 -84.45 
     22 117.519 1507 3 1 121.668 65.8957 -114.45 
     22 116.693 1504 1 1 121.116 65.5034 -174.45 
     22 107.631 1227 1 0 121.105 65.4862 -175.85 
     22 234.316 1503 0 1 120.894 65.1292 -204.45 
     22 122.967 1225 0 0 120.893 65.1144 -205.85 
     22 38.3575 1188 2 0 146.526 57.7158 -146.25 
     22 17.5619 1507 5 1 121.55 66.1003 -54.6693 
     22 311.58 1230 0 0 121.34 66.1084 -205.85 
     22 180.471 434 14 1 -93.1911 -56.5353 215.15 
     22 51.9082 1191 11 0 125.524 58.3499 123.75 
     22 105.876 1507 0 1 121.55 66.1697 -204.6 
Number of digits in this event: 46
Using G4ParticleGun... 
Particle energy: 6.07714 LIN
Particle: e-
Event: 23
Number of tracker hits in this event: 185
     23 127.471 879 11 1 -4.08746 26.5642 125.55 
     23 117.742 1032 11 0 -4.08924 26.5604 124.15 
     23 246.992 879 10 1 -4.12142 26.4843 95.55 
     23 150.994 1032 10 0 -4.12359 26.4804 94.15 
     23 329.805 879 9 1 -4.16565 26.3992 65.55 
     23 241.621 1031 9 0 -4.16823 26.3964 64.15 
     23 416.366 879 8 1 -4.22536 26.3399 35.55 
     23 455.147 1031 8 0 -4.22824 26.3367 34.15 
     23 396.538 878 7 1 -4.28526 26.2703 5.55 
     23 331.58 1031 7 0 -4.28832 26.266 4.15 
     23 350.189 878 6 1 -4.3552 26.1794 -24.45 
     23 616.874 1030 6 0 -4.35915 26.1745 -25.85 
     23 114.291 878 5 1 -4.43738 26.0806 -54.45 
     23 215.826 1030 5 0 -4.44063 26.0751 -55.85 
     23 363.185 877 4 1 -4.50013 25.9594 -84.45 
     23 697.164 1029 4 0 -4.50502 25.9521 -85.85 
     23 97.2368 877 3 1 -4.60875 25.8081 -114.45 
     23 87.0834 1028 3 0 -4.61223 25.7989 -115.85 
     23 590.86 876 2 1 -4.68274 25.6126 -144.45 
     23 139.471 1027 2 0 -4.68407 25.6043 -145.85 
     23 436.005 876 1 1 -4.70713 25.4401 -174.45 
     23 97.553 1026 1 0 -4.70449 25.4285 -175.85 
     23 306.826 876 0 1 -4.65432 25.19 -204.45 
     23 448.474 1025 0 0 -4.648 25.1756 -205.85 
     23 429.306 877 0 1 -4.65 25.1751 -204.691 
     23 47.373 1076 7 0 -4.43849 35.3818 3.75015 
     23 87.4328 1077 7 0 -4.47346 35.4502 3.86635 
     23 107.153 877 7 1 -4.54095 35.9371 5.15 
     23 172.921 879 7 1 -4.25 35.969 5.36577 
     23 292.216 880 7 1 -4.05 35.9606 5.37345 
     23 183.778 881 7 1 -3.84975 36.3477 5.38577 
     23 168.329 882 7 1 -3.64996 36.4018 5.48409 
     23 123.333 874 3 1 -5.22014 25.6238 -114.45 
     23 129.659 1027 3 0 -5.27281 25.5354 -115.85 
     23 118.455 868 2 1 -6.29757 23.884 -144.45 
     23 119.383 1019 2 0 -6.26966 23.8806 -145.851 
     23 117.424 873 1 1 -5.25276 23.5499 -174.45 
     23 126.002 1017 1 0 -5.25637 23.5324 -175.85 
     23 205.765 870 0 1 -6.04761 23.6678 -204.45 
     23 105.333 1018 0 0 -5.92326 23.7547 -205.85 
     23 120.845 872 3 1 -5.51817 25.1303 -114.45 
     23 132.594 1025 3 0 -5.54064 25.1005 -115.851 
     23 136.542 867 2 1 -6.60334 24.5114 -144.45 
     23 34.8896 866 2 1 -6.65 24.4947 -144.732 
     23 115.141 1021 2 0 -6.83673 24.4162 -145.85 
     23 127.867 840 1 1 -11.8622 22.5198 -174.45 
     23 111.641 1013 1 0 -12.147 22.6752 -175.85 
     23 153.52 810 0 1 -17.8912 26.2556 -204.451 
     23 441.625 1032 0 0 -18.235 26.5936 -205.85 
     23 158.988 1033 0 0 -18.2922 26.65 -206.08 
     23 121.869 877 6 1 -4.49527 26.127 -24.45 
     23 114.228 872 5 1 -5.55278 25.8221 -54.45 
     23 154.509 1028 5 0 -5.64234 25.8107 -55.85 
     23 63.8568 862 4 1 -7.63551 25.6243 -84.45 
     23 50.1279 861 4 1 -7.65 25.6261 -84.6908 
     23 104.997 1027 4 0 -7.71975 25.6382 -85.85 
     23 114.915 853 3 1 -9.40982 25.9746 -114.45 
     23 257.605 1029 3 0 -9.51227 26.0238 -115.85 
     23 120.674 841 2 1 -11.6804 27.0167 -144.45 
     23 123.076 1035 2 0 -11.7884 27.0592 -145.85 
     23 413.06 830 1 1 -13.9553 28.0402 -174.45 
     23 125.216 1040 1 0 -14.0265 28.078 -175.85 
     23 106.542 822 0 1 -15.5738 28.8444 -204.45 
     23 94.0151 1044 0 0 -15.6172 28.912 -205.85 
     23 131.653 829 1 1 -14.05 28.1066 -174.601 
     23 4.26256 828 1 1 -14.25 28.2362 -174.838 
     23 122.626 1044 1 0 -14.9139 28.9445 -175.85 
     23 264.647 1045 1 0 -15.0215 29.05 -175.974 
     23 8.57019 1046 1 0 -15.3081 29.25 -176.222 
     23 59.483 589 1 1 -62.1438 84.4183 -174.85 
     23 253.693 831 1 1 -13.6552 27.6525 -174.45 
     23 132.081 1038 1 0 -14.2759 27.8008 -175.85 
     23 5.66928 1039 1 0 -14.419 27.85 -176.228 
     23 4.32197 832 1 1 -13.639 27.6814 -174.45 
     23 68.1026 716 0 1 -36.7178 38.4218 -204.45 
     23 53.0463 715 0 1 -36.85 38.3779 -204.705 
     23 45.3201 1090 0 0 -37.4416 38.0923 -205.85 
     23 90.0219 1089 0 0 -37.5024 38.05 -205.97 
     23 117.821 1030 7 0 -4.30524 26.2455 4.15 
     23 183.254 876 6 1 -4.70717 26.1247 -24.45 
     23 128.176 875 5 1 -4.93843 26.1648 -54.45 
     23 140.415 875 4 1 -4.98805 26.2629 -84.45 
     23 107.935 1031 4 0 -4.98188 26.2529 -85.85 
     23 107.075 875 3 1 -4.90689 25.9294 -114.45 
     23 157.295 1023 2 0 -4.8069 24.8469 -145.85 
     23 110.486 1016 1 0 -4.76911 23.3612 -175.85 
     23 122.521 874 0 1 -5.18514 21.8745 -204.45 
     23 108.41 1008 0 0 -5.19049 21.7968 -205.85 
     23 133.083 798 2 1 -20.4236 42.5263 -144.85 
     23 185.737 877 2 1 -4.65 25.2006 -144.472 
     23 230.794 882 0 1 -3.60218 23.154 -204.45 
     23 115.723 1014 0 0 -3.64263 22.9847 -205.85 
     23 125.15 1016 0 0 -3.5604 23.2811 -205.85 
     23 34.8449 734 0 0 7.95262 -33.05 -206.126 
     23 38.5728 633 1 0 31.8315 -53.3006 -176.25 
     23 40.1385 735 0 0 7.94667 -33.0499 -206.123 
     23 90.6449 841 0 1 -11.85 -31.458 -204.687 
     23 61.5272 869 0 1 -6.05 -116.843 -204.792 
     23 136.129 322 0 0 -6.67182 -115.748 -205.85 
     23 205.943 878 0 1 -4.45 26.4038 -204.708 
     23 195.367 1369 4 0 -24.4767 93.95 -85.9119 
     23 104.566 1372 4 0 -23.7245 94.55 -85.9717 
     23 126.398 879 6 1 -4.25 26.2087 -24.4863 
     23 22.9372 880 6 1 -4.05 26.1936 -24.7797 
     23 52.9277 869 5 1 -6.08371 25.8634 -54.45 
     23 70.1002 870 5 1 -6.05 25.9407 -54.5976 
     23 1.09598 1032 5 0 -5.86274 26.6453 -55.8501 
     23 98.2315 1033 5 0 -5.86162 26.65 -55.8583 
     23 14.8642 1034 5 0 -5.75563 26.8501 -56.1918 
     23 21.131 953 4 1 10.8088 42.3224 -84.45 
     23 125.527 954 4 1 10.8503 42.2552 -84.5091 
     23 68.2951 955 4 1 11.0501 42.0925 -84.6445 
     23 57.4997 956 4 1 11.25 41.9209 -84.7634 
     23 56.3005 1100 4 0 13.0503 40.2034 -85.85 
     23 107.542 1099 4 0 13.168 40.05 -85.9369 
     23 47.7461 1098 4 0 13.322 39.8498 -86.1272 
     23 117.457 1003 4 0 7.61229 20.8294 -86.25 
     23 18.0327 927 4 1 5.49961 20.0699 -84.8499 
     23 101.36 926 4 1 5.45 20.0394 -84.8248 
     23 179.88 925 4 1 5.24987 19.8446 -84.6561 
     23 134.616 924 4 1 5.05 19.2756 -84.5357 
     23 60.975 990 4 0 4.54716 18.132 -85.85 
     23 74.3332 989 4 0 4.50416 18.05 -85.9638 
     23 103.549 988 4 0 4.31699 17.85 -85.9728 
     23 94.4306 987 4 0 4.09927 17.65 -85.9555 
     23 24.352 986 4 0 3.98452 17.45 -85.8791 
     23 210.591 919 4 1 3.99464 15.6016 -84.8498 
     23 167.737 918 4 1 3.85 15.0712 -84.5584 
     23 285.97 917 4 1 3.65 14.5293 -84.5192 
     23 51.7715 966 4 0 3.54781 13.2776 -85.85 
     23 196.153 965 4 0 3.55335 13.25 -85.8894 
     23 272.876 964 4 0 3.59028 13.05 -86.0675 
     23 52.1464 963 4 0 3.77951 12.8498 -86.0557 
     23 119.965 921 4 1 4.29954 12.6807 -84.85 
     23 54.526 955 4 0 4.01111 11.1208 -85.85 
     23 93.5826 878 9 1 -4.25 26.3819 65.2826 
     23 284.436 850 8 1 -9.94834 27.1073 35.55 
     23 138.779 1034 8 0 -10.1157 26.9291 34.15 
     23 71.6389 831 7 1 -13.7839 24.3241 5.55 
     23 41.5567 830 7 1 -13.8501 24.2935 5.33032 
     23 71.894 1021 7 0 -14.2218 24.257 4.15 
     23 77.6297 1020 7 0 -14.2946 24.25 3.91365 
     23 134.741 788 6 1 -22.2833 21.6677 -24.45 
     23 130.276 1007 6 0 -22.8487 21.5764 -25.85 
     23 133.457 731 5 1 -33.8382 15.5488 -54.45 
     23 118.216 976 5 0 -33.4817 15.418 -55.85 
     23 12.8333 774 4 1 -25.0821 9.29544 -84.45 
     23 89.5048 775 4 1 -25.05 9.3155 -84.5012 
     23 40.7803 776 4 1 -24.85 9.45021 -84.8008 
     23 135.857 950 4 0 -24.1354 10.0926 -85.85 
     23 48.5007 951 4 0 -23.9634 10.25 -86.1166 
     23 82.9945 973 4 0 -4.90452 14.7581 -86.25 
     23 36.8489 972 4 0 -4.96277 14.65 -85.9712 
     23 126.931 872 4 1 -5.55475 14.048 -84.8498 
     23 61.3674 1032 9 0 -4.35387 26.6113 64.1499 
     23 80.0646 1033 9 0 -4.37318 26.65 63.9138 
     23 7.94199 868 8 1 -6.25966 33.383 35.55 
     23 151.738 869 8 1 -6.25 33.3943 35.5123 
     23 5.00117 1068 8 0 -5.90926 33.8445 34.15 
     23 116.964 1069 8 0 -5.90523 33.85 34.1336 
     23 8.56729 897 7 1 -0.454406 41.5224 5.55 
     23 103.875 898 7 1 -0.449956 41.5238 5.53663 
     23 67.5449 1108 7 0 0.05 41.7103 3.94227 
     23 199.624 943 6 1 8.65628 44.3249 -24.45 
     23 58.5137 1121 6 0 8.66387 44.2563 -25.85 
     23 107.65 1120 6 0 8.6619 44.25 -26.0502 
     23 92.5348 944 5 1 9.0115 42.049 -54.4506 
     23 102.101 1111 5 0 8.92945 42.3045 -55.85 
     23 114.374 937 4 1 7.46351 46.5701 -84.4501 
     23 113.771 1132 4 0 7.42231 46.6313 -85.85 
     23 124.185 927 3 1 5.57375 46.4277 -114.45 
     23 8.76405 926 3 1 5.44984 46.2395 -114.829 
     23 109.278 1128 3 0 5.14007 45.7812 -115.85 
     23 28.7479 1127 3 0 5.05681 45.65 -116.16 
     23 20.1613 883 2 1 -3.40308 31.9555 -144.45 
     23 77.0003 882 2 1 -3.45 31.9415 -144.487 
     23 58.1966 881 2 1 -3.65 31.8877 -144.648 
     23 15.4659 880 2 1 -3.85 31.8386 -144.821 
     23 342.781 1057 2 0 -5.06167 31.5642 -145.85 
     23 42.8669 694 1 1 -41.1622 25.7099 -174.45 
     23 104.577 693 1 1 -41.25 25.6952 -174.556 
     23 36.0369 692 1 1 -41.4501 25.6712 -174.763 
     23 167.013 1028 1 0 -42.4626 25.6831 -175.85 
     23 134.907 558 0 1 -68.3417 27.2384 -204.45 
     23 4.26432 458 4 1 -88.25 69.1877 -84.6917 
Number of digits in this event: 85
Using G4ParticleGun... 
Particle energy: 4.31509 LIN
Particle: e-
Event: 24
Number of tracker hits in this event: 244
     24 120.815 648 11 1 -50.4137 -41.0595 125.55 
     24 112.578 694 11 0 -50.4133 -41.0589 124.15 
     24 339.361 648 10 1 -50.4055 -41.046 95.55 
     24 373.628 695 10 0 -50.4049 -41.0434 94.15 
     24 442.972 648 9 1 -50.3933 -40.9935 65.55 
     24 395.431 695 9 0 -50.393 -40.991 64.15 
     24 250.057 648 8 1 -50.3894 -40.9356 35.55 
     24 387.661 695 8 0 -50.3907 -40.9309 34.15 
     24 497.016 648 7 1 -50.414 -40.8337 5.55 
     24 123.258 696 7 0 -50.4116 -40.8285 4.15 
     24 113.713 648 6 1 -50.3588 -40.7256 -24.45 
     24 123.802 696 6 0 -50.3583 -40.7222 -25.85 
     24 119.579 648 5 1 -50.3576 -40.6481 -54.45 
     24 116.71 697 5 0 -50.3598 -40.6441 -55.85 
     24 456.02 648 4 1 -50.4121 -40.5634 -84.45 
     24 249.206 697 4 0 -50.4171 -40.5605 -85.85 
     24 112.321 647 3 1 -50.4944 -40.5047 -114.45 
     24 174.166 697 3 0 -50.4863 -40.5146 -115.85 
     24 128.169 648 2 1 -50.3178 -40.7228 -144.45 
     24 144.526 696 2 0 -50.3055 -40.7313 -145.85 
     24 136.246 649 1 1 -50.067 -40.9177 -174.45 
     24 106.367 695 1 0 -50.0481 -40.9308 -175.85 
     24 93.262 651 0 1 -49.6581 -41.1815 -204.45 
     24 124.163 694 0 0 -49.6359 -41.1921 -205.85 
     24 12.2806 1503 6 1 120.77 -61.6097 -24.45 
     24 363.393 901 0 0 -48.7899 0.271997 -206.25 
     24 282.552 647 0 1 -50.563 -40.1701 -204.45 
     24 154.071 699 0 0 -50.6417 -40.1579 -205.85 
     24 80.502 698 0 0 -50.5968 -40.2501 -205.938 
     24 62.3591 697 0 0 -50.5028 -40.45 -206.09 
     24 5.98549 696 0 0 -50.4093 -40.65 -206.237 
     24 139.216 520 0 0 -36.6617 -75.9094 -206.25 
     24 77.7298 519 0 0 -36.6071 -76.05 -206.033 
     24 40.9575 718 0 1 -36.2823 -76.6939 -204.85 
     24 113.593 719 0 1 -36.25 -76.7498 -204.747 
     24 227.127 514 1 0 -48.7412 -77.1992 -176.25 
     24 68.0435 654 1 1 -49.1959 -77.2924 -174.85 
     24 54.1221 653 1 1 -49.25 -77.2865 -174.667 
     24 4.51785 585 2 0 -54.7102 -62.8538 -146.25 
     24 97.4763 586 2 0 -54.7116 -62.8498 -146.242 
     24 10.6191 587 2 0 -54.7315 -62.65 -145.883 
     24 86.8687 625 2 1 -54.9611 -62.0017 -144.85 
     24 119.623 624 2 1 -55.05 -61.9225 -144.698 
     24 29.2622 623 2 1 -55.25 -61.79 -144.502 
     24 96.7662 621 2 1 -55.8172 -61.8379 -144.45 
     24 95.2891 620 2 1 -55.85 -62.1522 -144.672 
     24 21.0765 577 2 0 -56.5122 -64.5629 -145.85 
     24 50.6955 576 2 0 -56.5353 -64.65 -145.891 
     24 52.5665 575 2 0 -56.532 -64.85 -145.971 
     24 68.3227 574 2 0 -56.4919 -65.05 -146.038 
     24 69.0068 573 2 0 -56.4299 -65.25 -146.116 
     24 229.497 572 2 0 -56.3574 -65.45 -146.21 
     24 28.8939 458 2 0 1.03947 -88.3336 -146.25 
     24 53.7392 459 2 0 1.08187 -88.25 -146.182 
     24 64.2011 460 2 0 1.17805 -88.05 -146.185 
     24 15.7475 461 2 0 1.29698 -87.85 -146.237 
     24 95.0791 1072 2 1 34.65 87.6369 -144.505 
     24 60.3863 646 1 1 -50.6661 -76.3585 -174.85 
     24 68.3421 516 1 0 -52.3845 -76.7449 -175.85 
     24 7.0366 630 1 1 -54.0428 -76.0439 -174.85 
     24 31.0087 629 1 1 -54.05 -76.0434 -174.843 
     24 86.5341 518 1 0 -54.1223 -76.2996 -175.85 
     24 175.842 647 7 1 -50.5281 -40.3608 5.55 
     24 74.3587 646 7 1 -50.65 -40.3245 5.17466 
     24 158.882 700 7 0 -51.093 -40.013 4.15 
     24 45.977 701 7 0 -51.2603 -39.85 3.88057 
     24 156.893 703 7 0 -53.896 -39.3559 3.75016 
     24 249.482 702 7 0 -53.8619 -39.45 3.8704 
     24 259.445 704 7 0 -53.1138 -39.25 4.12717 
     24 202.137 705 7 0 -53.4074 -39.05 3.98711 
     24 12.964 637 7 1 -52.4794 -36.8331 5.15 
     24 112.332 694 7 0 -50.1372 -41.2336 4.15 
     24 114.443 693 7 0 -50.1324 -41.25 4.12529 
     24 112.782 692 7 0 -50.0529 -41.4504 3.8568 
     24 51.2433 680 6 1 -43.9166 -66.5322 -24.45 
     24 99.0958 679 6 1 -44.05 -66.4571 -24.5708 
     24 18.8038 678 6 1 -44.25 -66.2639 -24.8044 
     24 136.903 574 6 0 -45.4243 -65.2088 -25.85 
     24 25.6955 575 6 0 -45.8167 -65.05 -26.1778 
     24 127.616 495 5 1 -80.9905 -73.1117 -54.45 
     24 77.9576 494 5 1 -81.0503 -73.0655 -54.4786 
     24 271.963 536 5 0 -81.1933 -72.6792 -55.85 
     24 66.7511 645 7 1 -50.85 -40.0867 5.42372 
     24 71.6839 644 7 1 -51.0503 -39.9724 5.34743 
     24 110.67 643 7 1 -51.25 -39.817 5.24905 
     24 37.7211 708 7 0 -52.482 -38.3128 4.15 
     24 187.765 709 7 0 -52.5324 -38.25 4.10533 
     24 67.4293 710 7 0 -52.641 -38.0498 3.96692 
     24 73.0348 711 7 0 -52.6797 -37.85 3.88876 
     24 268.571 689 7 0 -50.1821 -42.1027 4.14927 
     24 398.186 674 6 1 -45.1598 -51.8824 -24.4501 
     24 9.58194 675 6 1 -45.0499 -52.0168 -24.8259 
     24 39.1387 638 6 0 -44.7473 -52.3983 -25.8508 
     24 170.834 637 6 0 -44.7052 -52.45 -25.9908 
     24 127.731 717 5 1 -36.6086 -63.0302 -54.45 
     24 42.8531 582 5 0 -36.2848 -63.6066 -55.85 
     24 122.543 581 5 0 -36.261 -63.6501 -55.9549 
     24 168.139 759 4 1 -28.1671 -74.5313 -84.45 
     24 21.6402 524 4 0 -27.7957 -75.2223 -85.8501 
     24 113.201 523 4 0 -27.7813 -75.25 -85.9077 
     24 106.583 796 3 1 -20.7872 -89.6995 -114.45 
     24 37.6289 797 3 1 -20.65 -89.9539 -114.671 
     24 4.33665 444 3 0 -19.95 -91.3336 -115.85 
     24 80.0163 443 3 0 -19.9417 -91.35 -115.864 
     24 88.8368 442 3 0 -19.8438 -91.55 -116.04 
     24 38.4125 441 3 0 -19.743 -91.75 -116.222 
     24 160.721 870 2 1 -5.98916 -123.214 -144.45 
     24 20.7093 871 2 1 -5.85 -123.555 -144.803 
     24 65.1731 277 2 0 -5.40418 -124.567 -145.85 
     24 106.596 276 2 0 -5.32212 -124.75 -146.046 
     24 147.173 925 1 1 5.09995 -148.292 -174.45 
     24 98.2483 153 1 0 5.44335 -149.368 -175.85 
     24 51.3822 152 1 0 5.50938 -149.55 -176.1 
     24 123.769 964 0 1 12.9508 -169.103 -204.45 
     24 147.41 965 0 1 13.05 -169.081 -204.653 
     24 138.322 56 0 0 13.6002 -168.812 -205.85 
     24 36.3423 57 0 0 13.735 -168.75 -206.12 
     24 46.8257 48 0 0 13.6429 -170.427 -205.85 
     24 90.8767 47 0 0 13.6742 -170.55 -205.982 
     24 39.0777 46 0 0 13.6908 -170.75 -206.164 
     24 28.6095 183 0 0 32.3065 -143.55 -206.179 
     24 120.659 695 4 0 -50.3683 -40.862 -85.85 
     24 204.333 652 3 1 -49.64 -42.5532 -114.45 
     24 120.361 686 3 0 -49.6816 -42.6669 -115.85 
     24 50.4304 645 2 1 -51.0009 -44.9545 -144.45 
     24 67.4288 644 2 1 -51.05 -44.9861 -144.595 
     24 280.457 674 2 0 -51.4699 -45.2026 -145.85 
     24 51.7308 673 2 0 -51.5641 -45.2502 -146.101 
     24 166.262 585 1 1 -62.9082 -52.0837 -174.45 
     24 28.1305 638 1 0 -63.0633 -52.4223 -175.85 
     24 315.514 637 1 0 -63.0749 -52.4501 -175.968 
     24 281.988 562 0 1 -67.5856 -60.0752 -204.45 
     24 10.0705 563 0 1 -67.45 -60.3711 -204.818 
     24 109.279 593 0 0 -67.0803 -61.2507 -205.85 
     24 128.606 592 0 0 -66.9943 -61.45 -206.08 
     24 92.6069 473 0 1 -85.2699 -62.7343 -204.45 
     24 28.7367 472 0 1 -85.45 -62.7512 -204.749 
     24 68.5587 586 0 0 -86.0647 -62.8214 -205.85 
     24 86.9389 585 0 0 -86.1341 -62.85 -206.011 
     24 105.933 696 4 0 -50.5004 -40.8054 -85.85 
     24 129.179 644 3 1 -51.1572 -39.3954 -114.45 
     24 21.9518 703 3 0 -51.1963 -39.2597 -115.85 
     24 212.621 704 3 0 -51.1982 -39.25 -115.937 
     24 125.786 650 2 1 -50.0086 -37.1528 -144.45 
     24 285.484 716 2 0 -49.8146 -36.7511 -145.85 
     24 2.39629 717 2 0 -49.7496 -36.65 -146.239 
     24 133.379 677 1 1 -44.5938 -30.1044 -174.45 
     24 160.482 750 1 0 -44.8113 -29.9956 -175.85 
     24 38.1613 649 0 1 -50.2345 -27.8575 -204.45 
     24 66.5746 648 0 1 -50.25 -27.8318 -204.594 
     24 52.8369 761 0 0 -50.3921 -27.671 -205.85 
     24 84.1033 762 0 0 -50.407 -27.65 -206.021 
     24 83.4056 647 4 1 -50.45 -40.7882 -84.4747 
     24 134.071 646 4 1 -50.6501 -40.7834 -84.4936 
     24 148.641 645 4 1 -50.85 -40.7936 -84.6014 
     24 368.17 699 4 0 -50.8594 -40.2394 -85.85 
     24 6.83104 694 10 0 -50.3891 -41.05 93.7953 
     24 101.221 650 9 1 -49.9776 -41.2006 65.55 
     24 117.632 694 9 0 -50.0099 -41.2182 64.15 
     24 61.8414 646 8 1 -50.8399 -41.8598 35.55 
     24 57.9356 645 8 1 -50.85 -41.8731 35.3428 
     24 137.462 690 8 0 -50.9097 -41.9442 34.15 
     24 232.526 638 7 1 -52.3578 -43.723 5.55 
     24 117.289 681 7 0 -52.4541 -43.8062 4.15 
     24 172.618 628 6 1 -54.3028 -45.4638 -24.45 
     24 127.213 672 6 0 -54.4214 -45.5512 -25.85 
     24 103.915 615 5 1 -56.9864 -47.3365 -54.45 
     24 132.611 663 5 0 -57.0897 -47.393 -55.85 
     24 142.125 603 4 1 -59.3055 -48.4867 -84.45 
     24 122.456 657 4 0 -59.4249 -48.4664 -85.85 
     24 489.835 590 3 1 -61.9224 -48.1597 -114.45 
     24 129.862 659 3 0 -62.0884 -48.1404 -115.85 
     24 168.778 575 2 1 -64.9985 -47.668 -144.45 
     24 130.791 662 2 0 -65.1286 -47.6002 -145.85 
     24 260.189 561 1 1 -67.7083 -46.3925 -174.45 
     24 104.525 668 1 0 -67.8583 -46.3542 -175.85 
     24 33.3446 546 0 1 -70.8354 -45.141 -204.45 
     24 75.7969 545 0 1 -70.85 -45.1338 -204.593 
     24 135.441 675 0 0 -70.997 -45.0443 -205.85 
     24 52.1018 307 7 1 -118.566 -70.9929 5.15 
     24 114.613 747 1 0 -98.9802 -30.5061 -176.25 
     24 4.91177 748 1 0 -99.0233 -30.45 -176.24 
     24 65.2991 471 1 0 -138.792 -85.8116 -176.25 
     24 189.551 560 1 1 -67.85 -46.3167 -174.605 
     24 161.043 651 8 1 -49.7398 -39.7394 35.55 
     24 53.4918 701 8 0 -49.7125 -39.6623 34.15 
     24 59.0414 702 8 0 -49.7082 -39.65 33.9249 
     24 224.219 654 7 1 -49.2311 -38.1448 5.55 
     24 99.2927 656 6 1 -48.6888 -36.7189 -24.45 
     24 147.643 716 6 0 -48.6597 -36.6706 -25.85 
     24 307.451 659 5 1 -48.1751 -35.6273 -54.45 
     24 102.906 722 5 0 -48.1679 -35.55 -55.85 
     24 184.855 660 4 1 -48.0103 -34.0607 -84.45 
     24 233.159 730 4 0 -47.9025 -33.9148 -85.85 
     24 160.55 672 3 1 -45.6082 -31.1732 -114.45 
     24 326.071 745 3 0 -45.5481 -31.0311 -115.85 
     24 163.01 679 2 1 -44.2438 -28.0894 -144.45 
     24 98.9497 760 2 0 -44.1965 -27.9296 -145.85 
     24 114.707 684 1 1 -43.1956 -24.7868 -174.45 
     24 125.017 777 1 0 -43.0933 -24.5787 -175.85 
     24 122.24 694 0 1 -41.136 -20.4911 -204.45 
     24 127.267 799 0 0 -41.0072 -20.2407 -205.85 
     24 61.132 729 4 0 -47.8904 -34.05 -85.8799 
     24 127.88 640 8 1 -51.8544 -41.0488 35.55 
     24 111.376 694 8 0 -51.8989 -41.0502 34.15 
     24 137.569 636 7 1 -52.8261 -41.194 5.55 
     24 127.975 634 6 1 -53.1796 -40.9882 -24.45 
     24 102.211 695 6 0 -53.1984 -40.997 -25.85 
     24 380.467 632 5 1 -53.468 -41.1325 -54.45 
     24 120.455 694 5 0 -53.4685 -41.1113 -55.85 
     24 103.755 631 4 1 -53.7002 -40.4273 -84.45 
     24 117.495 630 3 1 -53.8976 -41.4253 -114.45 
     24 297.202 692 3 0 -53.8958 -41.4546 -115.85 
     24 137.709 630 2 1 -53.9456 -42.0417 -144.45 
     24 290.257 689 2 0 -53.973 -42.0577 -145.85 
     24 204.918 627 1 1 -54.511 -42.555 -174.45 
     24 232.373 687 1 0 -54.5574 -42.6178 -175.85 
     24 104.994 622 0 1 -55.5825 -44.1032 -204.45 
     24 112.574 679 0 0 -55.6404 -44.1382 -205.85 
     24 96.7201 690 2 0 -53.9614 -42.05 -146.074 
     24 121.76 695 5 0 -53.7197 -40.9748 -55.85 
     24 71.3972 610 4 1 -57.9117 -39.9343 -84.45 
     24 42.0383 611 4 1 -57.8499 -39.9705 -84.731 
     24 86.7631 664 3 1 -47.1726 -41.2389 -114.45 
     24 79.0385 665 3 1 -47.0499 -41.2991 -114.671 
     24 103.766 765 2 1 -26.9336 -49.4677 -144.45 
     24 149.509 651 2 0 -26.9751 -49.6504 -145.85 
     24 56.1354 762 1 1 -27.5694 -51.2395 -174.45 
     24 158.366 763 1 1 -27.4499 -51.0603 -174.494 
     24 84.2913 764 1 1 -27.25 -50.7528 -174.548 
     24 79.9812 765 1 1 -27.05 -50.4751 -174.564 
     24 79.8646 766 1 1 -26.85 -50.1992 -174.576 
     24 113.383 767 1 1 -26.65 -49.9558 -174.557 
     24 149.333 768 1 1 -26.45 -49.6141 -174.528 
     24 49.5347 769 1 1 -26.25 -49.2217 -174.485 
     24 194.754 693 5 0 -53.9 -41.352 -55.8504 
     24 35.9675 1085 5 0 -41.5301 37.1083 -56.25 
     24 55.1663 1086 5 0 -41.4932 37.2504 -56.2024 
     24 124.289 1087 5 0 -41.432 37.45 -56.151 
     24 69.1064 1088 5 0 -41.3478 37.6501 -56.0927 
     24 107.612 1089 5 0 -41.2051 37.85 -55.9769 
     24 16.1891 1090 5 0 -41.141 38.05 -55.8787 
     24 135.842 696 5 1 -40.7616 39.1559 -54.85 
     24 49.4953 697 5 1 -40.6498 39.5384 -54.5437 
Number of digits in this event: 107
Using G4ParticleGun... 
Particle energy: 2.48757 LIN
Particle: e-
Event: 25
Number of tracker hits in this event: 42
     25 115.336 554 8 1 -69.0927 125.999 35.55 
     25 108.515 1529 8 0 -69.086 126.002 34.15 
     25 132.766 555 7 1 -68.9521 126.077 5.55 
     25 138.952 1529 7 0 -68.9479 126.081 4.15 
     25 154.511 555 6 1 -68.8588 126.154 -24.45 
     25 96.1931 1530 6 0 -68.8519 126.151 -25.85 
     25 53.6994 1529 6 0 -68.8508 126.15 -26.0596 
     25 114.909 556 5 1 -68.7168 126.048 -54.45 
     25 109.184 1529 5 0 -68.7097 126.04 -55.85 
     25 110.112 557 4 1 -68.5541 125.886 -84.45 
     25 110.541 1528 4 0 -68.5442 125.879 -85.85 
     25 207.145 558 3 1 -68.315 125.722 -114.45 
     25 108.958 1527 3 0 -68.3137 125.703 -115.85 
     25 131.021 558 2 1 -68.3278 125.273 -144.45 
     25 112.807 1525 2 0 -68.3195 125.252 -145.85 
     25 130.383 559 1 1 -68.1944 124.878 -174.45 
     25 105.758 1523 1 0 -68.1917 124.863 -175.85 
     25 248.915 559 0 1 -68.1059 124.532 -204.45 
     25 112.242 1521 0 0 -68.1012 124.511 -205.85 
     25 176.612 1527 2 0 -68.4097 125.611 -145.952 
     25 144.236 554 1 1 -69.0532 124.638 -174.45 
     25 5.26102 1521 1 0 -69.1737 124.354 -175.85 
     25 131.321 1520 1 0 -69.1755 124.35 -175.871 
     25 105.414 539 0 1 -72.1597 117.976 -204.45 
     25 89.7245 1487 0 0 -72.4467 117.622 -205.85 
     25 25.1981 1486 0 0 -72.5088 117.55 -206.148 
     25 106.447 561 1 1 -67.7065 126.026 -174.45 
     25 200.58 1529 1 0 -67.7121 125.977 -175.851 
     25 186.982 562 0 1 -67.6414 125.327 -204.45 
     25 63.8459 561 0 1 -67.65 125.687 -204.785 
     25 9.48432 1532 0 0 -67.5912 126.738 -205.85 
     25 94.2437 1533 0 0 -67.5886 126.75 -205.866 
     25 24.1846 1534 0 0 -67.5383 126.95 -206.178 
     25 145.281 1531 0 0 -68.1434 126.454 -205.85 
     25 85.9396 1288 4 0 -169.948 77.8243 -86.25 
     25 89.6402 560 0 1 -68.05 126.499 -204.508 
     25 130.677 1537 0 0 -65.8075 127.554 -205.85 
     25 125.928 1538 0 0 -65.4025 127.75 -206.092 
     25 160.621 1569 0 0 -28.9894 134.036 -206.25 
     25 206.241 1546 0 0 -29.566 129.44 -206.25 
     25 194.253 1570 0 0 -29.0082 134.15 -206.117 
     25 12.3993 1425 8 0 159.239 105.342 33.75 
Number of digits in this event: 20
Using G4ParticleGun... 
Particle energy: 2.97601 LIN
Particle: e-
Event: 26
Number of tracker hits in this event: 40
     26 98.4603 667 11 1 -46.6398 42.1474 125.55 
     26 99.5583 1110 11 0 -46.6376 42.1486 124.15 
     26 159.575 667 10 1 -46.5879 42.1649 95.55 
     26 158.564 1110 10 0 -46.5788 42.1727 94.15 
     26 242.784 668 9 1 -46.4014 42.3306 65.55 
     26 118.05 1111 9 0 -46.3972 42.3409 64.15 
     26 131.098 668 8 1 -46.3031 42.5529 35.55 
     26 151.797 1112 8 0 -46.299 42.5683 34.15 
     26 191.536 669 7 1 -46.2152 42.8719 5.55 
     26 117.444 1114 7 0 -46.2126 42.8875 4.15 
     26 96.9586 669 6 1 -46.1552 43.193 -24.45 
     26 117.757 1115 6 0 -46.1537 43.2127 -25.85 
     26 325.2 669 5 1 -46.1125 43.6163 -54.45 
     26 122.495 1117 5 0 -46.1083 43.6362 -55.85 
     26 86.8943 670 4 1 -46.0284 44.0589 -84.45 
     26 107.624 1120 4 0 -46.0243 44.0795 -85.85 
     26 105.801 670 3 1 -45.9343 44.5073 -114.45 
     26 106.245 1122 3 0 -45.9278 44.5298 -115.85 
     26 123.114 671 2 1 -45.7877 44.9869 -144.45 
     26 158.462 1124 2 0 -45.7815 45.0124 -145.85 
     26 177.01 671 1 1 -45.6553 45.5287 -174.45 
     26 331.139 1127 1 0 -45.65 45.5576 -175.85 
     26 274.517 672 0 1 -45.544 46.1533 -204.45 
     26 156.638 1131 0 0 -45.4703 46.322 -205.85 
     26 5.16052 673 0 1 -45.45 46.1098 -204.834 
     26 70.0802 1127 0 0 -45.1683 45.5304 -205.85 
     26 22.9059 685 0 1 -43.0276 49.07 -204.85 
     26 29.4439 1165 0 0 -41.2633 53.1851 -205.85 
     26 11.2018 1166 0 0 -41.245 53.2508 -205.855 
     26 6.79276 697 0 1 -40.4566 55.967 -204.85 
     26 78.3499 698 0 1 -40.45 55.9791 -204.845 
     26 78.9657 1176 0 0 -38.907 55.2858 -205.85 
     26 130.434 559 0 1 -68.05 96.7101 -204.601 
     26 84.2922 1372 0 0 -62.6543 94.6879 -206.25 
     26 131.523 1373 0 0 -62.535 94.75 -206.086 
     26 43.6526 1374 0 0 -62.6909 94.9502 -205.853 
     26 183.204 595 0 1 -61.0189 98.5481 -204.85 
     26 155.026 594 0 1 -61.05 98.7808 -204.724 
     26 2.49898 899 4 1 -0.25 51.664 -84.6327 
     26 223.911 1114 11 0 -46.3369 42.8833 124.15 
Number of digits in this event: 21
Using G4ParticleGun... 
Particle energy: 7.27552 LIN
Particle: e-
Event: 27
Number of tracker hits in this event: 109
     27 127.952 956 10 1 11.271 108.401 95.55 
     27 111.164 1441 10 0 11.272 108.402 94.15 
     27 318.746 956 9 1 11.2904 108.417 65.55 
     27 291.905 1441 9 0 11.2907 108.418 64.15 
     27 172.057 956 8 1 11.2886 108.413 35.55 
     27 143.933 1441 8 0 11.2879 108.412 34.15 
     27 162.5 956 7 1 11.2674 108.396 5.55 
     27 113.782 1441 7 0 11.2662 108.395 4.15 
     27 123.51 956 6 1 11.2511 108.385 -24.45 
     27 119.241 1441 6 0 11.2487 108.383 -25.85 
     27 198.596 955 5 1 11.1926 108.351 -54.45 
     27 121.571 1440 5 0 11.1901 108.35 -55.85 
     27 135.759 955 4 1 11.1348 108.314 -84.45 
     27 141.289 1440 4 0 11.1318 108.313 -85.85 
     27 245.946 955 3 1 11.0695 108.304 -114.45 
     27 194.957 1440 3 0 11.0647 108.304 -115.85 
     27 545.218 954 2 1 10.9668 108.301 -144.45 
     27 275.276 1440 2 0 10.9607 108.299 -145.85 
     27 440.88 953 1 1 10.8414 108.25 -174.45 
     27 854.801 1440 1 0 10.8416 108.246 -175.85 
     27 546.152 953 0 1 10.8436 108.167 -204.45 
     27 410.818 1440 0 0 10.8472 108.167 -205.85 
     27 101.085 1059 7 0 116.387 31.8548 3.75 
     27 60.5935 1058 7 0 116.388 31.85 3.75462 
     27 66.4219 1410 0 0 17.6367 102.303 -206.25 
     27 301.227 954 1 1 10.8501 108.271 -174.542 
     27 285.144 1438 0 0 10.6296 107.945 -205.85 
     27 110.535 952 0 1 10.6252 108.07 -204.45 
     27 148.398 1442 1 0 10.7488 108.562 -175.85 
     27 162.447 1442 0 0 10.8349 108.567 -205.85 
     27 107.32 954 3 1 11.05 108.024 -114.723 
     27 85.3277 1428 3 0 11.0741 105.937 -115.85 
     27 103.548 1427 3 0 11.084 105.75 -115.947 
     27 19.9223 1426 3 0 11.0746 105.55 -116.166 
     27 109.821 1441 2 0 10.9826 108.479 -145.85 
     27 175.916 960 1 1 12.0846 112.286 -174.45 
     27 63.8746 959 1 1 12.0499 112.279 -174.646 
     27 242.499 1460 1 0 11.8625 112.235 -175.85 
     27 149.497 940 0 1 8.21391 111.138 -204.45 
     27 11.8172 1454 0 0 8.14188 110.957 -205.85 
     27 116.663 1453 0 0 8.13916 110.95 -205.904 
     27 146.242 943 0 1 8.82389 111.234 -204.45 
     27 43.0488 1458 0 0 8.07052 111.867 -205.85 
     27 133.479 1459 0 0 7.97713 111.95 -205.977 
     27 3.49038 955 2 1 11.05 108.223 -144.829 
     27 111.932 1439 2 0 11.2384 108.025 -145.85 
     27 146.48 980 1 1 16.1601 102.47 -174.45 
     27 131.296 1407 1 0 16.3174 101.749 -175.85 
     27 399.182 1001 0 1 20.3379 89.1095 -204.45 
     27 69.5438 1339 0 0 20.2355 87.9999 -205.85 
     27 100.806 1338 0 0 20.2169 87.85 -206.051 
     27 321.823 954 0 1 10.9066 108.372 -204.45 
     27 288.836 1441 0 0 10.9206 108.374 -205.85 
     27 204.4 1442 9 0 11.283 108.55 63.9767 
     27 146.122 1443 9 0 11.2163 108.75 63.9895 
     27 80.0135 955 9 1 11.25 108.445 65.4098 
     27 114.151 917 8 1 3.63096 112.425 35.55 
     27 95.3554 1461 8 0 3.47146 112.502 34.15 
     27 111.146 902 7 1 0.620747 112.047 5.54982 
     27 60.0235 1459 7 0 0.481288 112.125 4.14994 
     27 44.2414 1460 7 0 0.452862 112.15 3.91396 
     27 1.73398 873 6 1 -5.25241 116.795 -24.45 
     27 121.712 874 6 1 -5.25 116.794 -24.4596 
     27 73.0511 1482 6 0 -4.797 116.593 -25.8505 
     27 47.7408 1481 6 0 -4.72525 116.55 -26.0874 
     27 122.913 918 5 1 3.82965 112.217 -54.45 
     27 19.6315 919 5 1 3.85003 112.113 -54.8113 
     27 53.7847 1458 5 0 3.95237 111.819 -55.85 
     27 53.4702 1457 5 0 3.97027 111.75 -56.0631 
     27 48.9698 925 4 1 5.10812 102.809 -84.4504 
     27 177.749 924 4 1 5.04998 102.783 -84.5896 
     27 131.074 1412 4 0 4.78566 102.652 -85.85 
     27 10.1785 893 3 1 -1.42568 92.4063 -114.45 
     27 61.8203 892 3 1 -1.45 92.3917 -114.472 
     27 57.8345 891 3 1 -1.65048 92.3562 -114.663 
     27 138.078 1360 3 0 -2.61443 92.2677 -115.85 
     27 89.4133 1393 7 1 98.75 -69.3517 5.22404 
     27 105.934 1440 9 0 11.3115 108.213 64.15 
     27 9.75166 1439 9 0 11.3253 108.15 63.7738 
     27 62.5392 1453 9 0 -4.5372 110.901 63.7501 
     27 86.1338 1454 9 0 -4.69032 110.95 63.9539 
     27 9.52597 871 9 1 -5.81546 111.449 65.15 
     27 68.0187 870 9 1 -5.85 111.467 65.1824 
     27 115.092 869 9 1 -6.05036 111.589 65.3336 
     27 153.59 868 9 1 -6.25 111.729 65.4597 
     27 40.0587 867 9 1 -6.56656 112.052 65.55 
     27 117.51 1458 9 0 -5.24855 111.883 64.15 
     27 97.8139 1459 9 0 -5.0305 111.95 63.9105 
     27 262.712 956 3 1 11.363 108.525 -114.45 
     27 327.48 1441 3 0 11.3678 108.518 -115.85 
     27 163.593 957 2 1 11.4523 108.346 -144.45 
     27 427.052 956 1 1 11.4368 108.178 -174.45 
     27 121.602 956 0 1 11.3174 107.924 -204.45 
     27 57.2345 1441 1 0 11.481 108.35 -176.025 
     27 62.3344 960 0 1 12.2311 112.105 -204.45 
     27 59.6932 961 0 1 12.25 112.132 -204.653 
     27 136.74 1460 0 0 12.3523 112.217 -205.85 
     27 91.8767 955 1 1 11.25 108.448 -174.779 
     27 113.506 1439 1 0 10.0632 108.15 -175.9 
     27 113.444 951 1 1 10.3894 108.219 -174.85 
     27 139.227 1443 2 0 10.9589 108.9 -145.85 
     27 111.678 948 1 1 9.78178 108.796 -174.45 
     27 168.328 1443 1 0 9.67534 108.851 -175.85 
     27 138.784 937 0 1 7.5004 109.868 -204.45 
     27 55.0283 1448 0 0 7.4187 109.939 -205.85 
     27 65.0614 1449 0 0 7.4065 109.95 -206.06 
     27 136.097 1439 3 0 11.2653 108.15 -116.065 
     27 161.668 1438 3 0 11.0712 107.95 -116.105 
     27 175.023 1437 3 0 10.9872 107.75 -115.953 
Number of digits in this event: 56
Using G4ParticleGun... 
Particle energy: 5.05837 LIN
Particle: e-
Event: 28
Number of tracker hits in this event: 103
     28 133.792 1148 11 1 49.7103 17.2646 125.55 
     28 134.42 986 11 0 49.71 17.2651 124.15 
     28 166.422 1148 10 1 49.7015 17.2743 95.55 
     28 136.314 986 10 0 49.7002 17.2762 94.15 
     28 139.11 1148 9 1 49.6729 17.3149 65.55 
     28 201.593 986 9 0 49.6698 17.3168 64.15 
     28 92.5844 1147 8 1 49.6092 17.3563 35.55 
     28 221.94 986 8 0 49.6047 17.3557 34.15 
     28 127.275 1147 7 1 49.5136 17.3483 5.55 
     28 115.132 986 7 0 49.5098 17.3486 4.15 
     28 129.702 1146 6 1 49.4303 17.3583 -24.45 
     28 349.156 986 6 0 49.4268 17.3563 -25.85 
     28 269.723 1146 5 1 49.3588 17.3046 -54.45 
     28 109.966 986 5 0 49.3553 17.3036 -55.85 
     28 148.569 1146 4 1 49.305 17.2772 -84.45 
     28 99.4324 986 4 0 49.3028 17.273 -85.85 
     28 129.416 1145 3 1 49.2496 17.1077 -114.45 
     28 115.405 985 3 0 49.2428 17.0833 -115.85 
     28 97.4748 1145 2 1 49.2027 16.5973 -144.45 
     28 151.931 982 2 0 49.2135 16.568 -145.85 
     28 116.926 1146 1 1 49.4424 16.0034 -174.45 
     28 124.663 979 1 0 49.4679 15.9623 -175.85 
     28 149.691 1149 0 1 50.0437 15.082 -204.45 
     28 142.918 1150 0 1 50.05 15.0687 -204.849 
     28 113.311 974 0 0 50.0677 15.0352 -205.85 
     28 6.19265 1484 1 0 53.4008 117.052 -176.25 
     28 78.3471 1143 1 1 48.7401 16.0276 -174.45 
     28 110.822 980 1 0 48.8729 16.1198 -175.85 
     28 23.1105 1162 0 1 52.5233 18.7119 -204.45 
     28 151.732 1161 0 1 52.45 18.7588 -204.479 
     28 57.5003 1160 0 1 52.25 18.8939 -204.524 
     28 58.9645 1159 0 1 52.05 18.9924 -204.538 
     28 47.2136 1158 0 1 51.85 19.0728 -204.538 
     28 61.0157 1157 0 1 51.65 19.0763 -204.531 
     28 50.9745 1156 0 1 51.45 19.0869 -204.557 
     28 62.2916 1155 0 1 51.25 19.0867 -204.59 
     28 308.892 1154 0 1 51.05 19.1316 -204.63 
     28 79.1847 1153 0 1 50.85 19.0325 -204.571 
     28 277.223 1152 0 1 50.65 18.9165 -204.503 
     28 42.0539 1151 0 1 50.45 18.8457 -204.512 
     28 33.6659 1080 1 1 36.1832 26.6898 -174.85 
     28 9.95866 425 11 0 -73.1959 -94.9843 123.75 
     28 205.281 518 11 0 -87.3992 -76.3822 123.75 
     28 209.547 1412 1 0 4.4623 102.55 -176.247 
     28 228.845 1150 1 1 50.0616 17.1248 -174.45 
     28 125.079 985 1 0 50.0726 17.1116 -175.85 
     28 116.136 986 0 0 50.495 17.3809 -205.85 
     28 165.438 987 1 0 50.0932 17.4556 -175.851 
     28 107.504 1144 0 1 49.0114 22.994 -204.45 
     28 112.305 1015 0 0 48.908 23.1382 -205.85 
     28 116.13 1148 6 1 49.7109 17.3021 -24.6616 
     28 152.628 985 6 0 49.7083 17.25 -25.9837 
     28 173.386 984 5 0 49.1748 16.9404 -55.85 
     28 121.339 1125 4 1 45.1907 15.3328 -84.45 
     28 116.15 974 4 0 44.9777 14.9921 -85.85 
     28 135.452 1114 3 1 42.9501 9.06033 -114.45 
     28 13.7582 945 3 0 42.7763 9.24604 -115.85 
     28 109.031 946 3 0 42.7729 9.25008 -115.881 
     28 88.5185 1085 2 1 37.155 13.0071 -144.451 
     28 19.3127 1084 2 1 37.05 12.9553 -144.795 
     28 130.983 963 2 0 36.7292 12.8114 -145.85 
     28 56.5945 1043 1 1 28.8096 8.73274 -174.45 
     28 100.236 1044 1 1 28.85 8.76053 -174.585 
     28 193.622 945 1 0 29.2244 9.13708 -175.85 
     28 20.9277 946 1 0 29.3144 9.25019 -176.182 
     28 117.875 1084 0 1 36.8934 19.3561 -204.45 
     28 152.232 999 0 0 37.0205 19.9202 -205.85 
     28 19.64 1000 0 0 37.0567 20.0504 -206.196 
     28 10.4937 1211 5 0 126.92 62.4236 -56.2496 
     28 222.136 1212 5 0 126.932 62.4501 -56.2224 
     28 20.9423 1519 5 1 123.989 61.0253 -54.8499 
     28 8.68493 1518 5 1 123.95 61.015 -54.8413 
     28 236.724 1206 5 0 122.851 61.3942 -55.85 
     28 240.269 1207 5 0 122.498 61.45 -56.1816 
     28 95.7482 1145 5 1 49.1433 17.657 -54.4504 
     28 108.673 988 5 0 49.0213 17.7177 -55.85 
     28 189.075 1133 4 1 46.7302 19.765 -84.45 
     28 126.007 998 4 0 46.7453 19.7535 -85.85 
     28 224.275 1131 3 1 46.4417 18.7255 -114.45 
     28 115.77 993 3 0 46.2291 18.7887 -115.85 
     28 105.802 1111 2 1 42.3349 19.3923 -144.45 
     28 10.7456 1110 2 1 42.25 19.2979 -144.817 
     28 113.313 994 2 0 42.0152 19.0192 -145.85 
     28 37.6775 1077 1 1 35.4972 10.2978 -174.45 
     28 93.6069 1076 1 1 35.45 10.2535 -174.606 
     28 89.9815 949 1 0 35.1164 9.91697 -175.85 
     28 91.6269 948 1 0 35.048 9.85 -176.104 
     28 7.18232 1041 0 1 28.2762 2.90359 -204.451 
     28 129.719 1040 0 1 28.25 2.90874 -204.482 
     28 163.819 1039 0 1 28.0499 2.95494 -204.741 
     28 147.749 915 0 0 27.1431 3.16384 -205.85 
     28 122.482 996 4 0 46.8539 19.3567 -85.85 
     28 7.4934 1293 4 0 54.2468 78.8277 -86.25 
     28 90.007 1294 4 0 54.2452 78.85 -86.2395 
     28 94.2523 1295 4 0 54.3051 79.05 -86.1415 
     28 307.019 1296 4 0 54.3625 79.25 -86.0951 
     28 90.8928 997 4 0 46.821 19.65 -85.9233 
     28 108.95 1152 3 1 50.5681 17.1595 -114.451 
     28 105.316 983 3 0 50.6459 16.8402 -115.85 
     28 144.938 1154 2 1 51.028 9.53471 -144.45 
     28 119.028 946 2 0 50.5351 9.34719 -145.85 
     28 90.8216 983 2 0 49.1892 16.6502 -146.15 
     28 150.648 1147 2 1 49.483 17.5035 -144.85 
Number of digits in this event: 46
Using G4ParticleGun... 
Particle energy: 1.30671 LIN
Particle: e-
Event: 29
Number of tracker hits in this event: 80
     29 132.676 1280 11 1 76.074 -26.2851 125.55 
     29 170.029 768 11 0 76.0771 -26.2822 124.15 
     29 112.21 1280 10 1 76.1092 -26.2189 95.55 
     29 163.148 769 10 0 76.1094 -26.2141 94.15 
     29 135.784 1280 9 1 76.0963 -26.1047 65.55 
     29 92.8552 769 9 0 76.0918 -26.1077 64.15 
     29 120.656 1279 8 1 75.9989 -26.1778 35.55 
     29 127.527 769 8 0 75.9931 -26.174 34.15 
     29 116.153 1279 7 1 75.8549 -26.0937 5.55 
     29 112.176 769 7 0 75.8548 -26.0872 4.15 
     29 191.991 1278 6 1 75.8242 -25.9567 -24.45 
     29 108.496 770 6 0 75.8158 -25.9522 -25.85 
     29 108.316 1277 5 1 75.6444 -25.8405 -54.45 
     29 121.176 771 5 0 75.65 -25.8337 -55.85 
     29 341.27 1278 4 1 75.7369 -25.731 -84.45 
     29 129.672 771 4 0 75.7411 -25.7612 -85.85 
     29 87.3762 1279 3 1 75.9164 -26.3653 -114.45 
     29 72.0601 768 3 0 75.9155 -26.4419 -115.85 
     29 91.5368 767 3 0 75.9153 -26.45 -115.997 
     29 125.814 1279 2 1 75.9029 -27.9846 -144.45 
     29 109.19 759 2 0 75.8964 -28.0602 -145.85 
     29 150.045 1278 1 1 75.7043 -29.6446 -174.45 
     29 108.83 751 1 0 75.7139 -29.712 -175.85 
     29 275.417 1279 0 1 75.9225 -31.0917 -204.45 
     29 106.729 744 0 0 75.9361 -31.1581 -205.85 
     29 125.694 1123 12 0 75.9718 44.7851 153.75 
     29 13.8656 1124 12 0 75.7818 44.85 153.763 
     29 177.659 1013 12 0 13.0629 22.6733 153.75 
     29 41.0398 878 1 1 -4.25 -76.6327 -174.565 
     29 80.1192 877 1 1 -4.45023 -76.4834 -174.583 
     29 212.44 1258 1 1 71.6562 -66.6348 -174.85 
     29 248.443 555 1 0 71.5147 -68.9833 -175.85 
     29 60.9297 554 1 0 71.5078 -69.05 -175.863 
     29 99.3074 773 4 0 75.6763 -25.3408 -85.85 
     29 15.1102 774 4 0 75.6744 -25.25 -86.1928 
     29 109.603 1281 3 1 76.2556 -17.7414 -114.45 
     29 104.112 813 3 0 76.533 -17.3544 -115.85 
     29 12.9835 814 3 0 76.6022 -17.25 -116.216 
     29 127.897 1308 2 1 81.7079 -8.3002 -144.45 
     29 4.30059 1309 2 1 81.85 -8.17133 -144.841 
     29 15.0219 860 2 0 82.1755 -7.86516 -145.85 
     29 211.516 861 2 0 82.1906 -7.85 -145.899 
     29 37.8689 1357 1 1 91.6923 1.20015 -174.45 
     29 83.7741 1358 1 1 91.75 1.2011 -174.564 
     29 109.173 906 1 0 92.3432 1.2695 -175.85 
     29 89.0465 1428 0 1 105.873 2.37973 -204.451 
     29 49.495 1429 0 1 105.95 2.43714 -204.705 
     29 15.7584 912 0 0 106.275 2.63882 -205.85 
     29 94.8176 913 0 0 106.294 2.65 -205.916 
     29 132.897 1274 2 1 75.0475 -25.7108 -144.45 
     29 244.695 771 2 0 75.0356 -25.7064 -145.85 
     29 111.643 1274 1 1 74.8741 -25.6324 -174.45 
     29 117.113 772 1 0 74.8575 -25.6244 -175.85 
     29 126.96 1272 0 1 74.5186 -25.4246 -204.45 
     29 112.858 773 0 0 74.4992 -25.3959 -205.85 
     29 94.5348 199 5 1 -140.15 -73.8075 -54.6126 
     29 140.019 200 5 1 -140.15 -73.7541 -54.534 
     29 58.4287 201 5 1 -139.95 -73.6082 -54.7213 
     29 218.961 531 5 0 -139.463 -73.7073 -55.8505 
     29 174.941 530 5 0 -139.339 -73.8502 -56.1448 
     29 103.901 1275 2 1 75.05 -25.7111 -144.487 
     29 123.36 1287 1 1 77.5012 -32.2121 -174.45 
     29 304.888 738 1 0 77.8745 -32.3045 -175.85 
     29 81.2489 619 1 0 108.599 -56.1389 -176.25 
     29 49.1265 618 1 0 108.673 -56.25 -176.064 
     29 234.274 1442 1 1 108.577 -56.9149 -174.85 
     29 71.4082 1441 1 1 108.497 -57.302 -174.45 
     29 230.325 1440 1 1 108.35 -57.1383 -174.496 
     29 226.222 623 1 0 109.839 -55.3817 -175.85 
     29 201.447 622 1 0 110.121 -55.45 -175.91 
     29 98.8199 624 1 0 109.874 -55.25 -175.937 
     29 22.6628 1438 1 1 107.789 -56.0525 -174.85 
     29 172.587 1437 1 1 107.75 -56.0752 -174.833 
     29 59.483 1698 10 1 159.95 -104.56 95.516 
     29 37.1886 807 0 0 67.2168 -18.509 -206.25 
     29 88.8046 808 0 0 67.1702 -18.45 -206.134 
     29 250.44 809 0 0 67.1315 -18.2498 -205.99 
     29 155.517 810 0 0 66.9966 -18.05 -206.136 
     29 342.077 1223 10 1 64.6848 -33.3765 95.5499 
     29 171.804 1224 10 1 64.85 -33.6117 95.368 
Number of digits in this event: 39
Using G4ParticleGun... 
Particle energy: 7.91349 LIN
Particle: e-
Event: 30
Number of tracker hits in this event: 60
     30 120.733 569 8 1 -66.0537 123.1 35.55 
     30 123.496 1514 8 0 -66.0541 123.101 34.15 
     30 353.256 569 7 1 -66.0687 123.13 5.55 
     30 364.539 1514 7 0 -66.0689 123.131 4.15 
     30 383.863 569 6 1 -66.0726 123.146 -24.45 
     30 292.902 1514 6 0 -66.0696 123.147 -25.85 
     30 96.6734 570 5 1 -66.0114 123.143 -54.45 
     30 265.136 1514 5 0 -66.0111 123.144 -55.85 
     30 164.202 570 4 1 -65.9972 123.16 -84.45 
     30 124.232 1515 4 0 -65.996 123.16 -85.85 
     30 467.385 570 3 1 -65.9689 123.178 -114.45 
     30 107.275 1515 3 0 -65.9705 123.178 -115.85 
     30 311.905 570 2 1 -66.0048 123.189 -144.45 
     30 126.564 1515 2 0 -66.0049 123.19 -145.85 
     30 588.916 570 1 1 -66.0157 123.23 -174.45 
     30 367.094 1515 1 0 -66.0131 123.229 -175.85 
     30 313.718 570 0 1 -65.9609 123.174 -204.45 
     30 110.29 1515 0 0 -65.9585 123.168 -205.85 
     30 110.542 1187 3 0 22.2806 57.5713 -116.25 
     30 45.928 569 0 1 -66.05 123.22 -204.752 
     30 3.27424 1514 0 0 -66.5662 122.951 -205.85 
     30 242.126 1513 0 0 -66.5677 122.95 -205.854 
     30 39.4751 1637 0 0 19.0051 147.612 -206.25 
     30 181.953 1613 0 0 44.4541 142.769 -206.25 
     30 324.653 1614 0 0 44.6163 142.95 -206.126 
     30 235.524 1517 1 0 -64.0977 123.73 -175.85 
     30 228.557 571 0 1 -65.84 123.465 -204.45 
     30 249.782 1516 0 0 -65.8263 123.499 -205.85 
     30 466.015 1514 4 0 -65.9902 123.15 -86.0404 
     30 81.8779 1516 6 0 -66.0755 123.351 -25.8501 
     30 355.426 1515 6 0 -66.0906 123.35 -25.9667 
     30 172.669 570 6 1 -66.0318 123.124 -24.45 
     30 254.874 568 5 1 -66.3897 123.94 -54.45 
     30 155.33 1519 5 0 -66.4086 123.992 -55.85 
     30 154.617 566 4 1 -66.8022 125.078 -84.45 
     30 135.112 1525 4 0 -66.8412 125.156 -85.85 
     30 105.588 562 3 1 -67.623 126.708 -114.45 
     30 123.79 1533 3 0 -67.6569 126.762 -115.85 
     30 133.664 558 2 1 -68.2642 127.823 -144.45 
     30 101.63 1538 2 0 -68.2915 127.918 -145.85 
     30 129.373 555 1 1 -68.8757 129.937 -174.45 
     30 350.914 1549 1 0 -68.8931 130.044 -175.85 
     30 121.541 554 0 1 -69.1579 132.264 -204.45 
     30 260.273 1561 0 0 -69.1788 132.355 -205.85 
     30 228.714 1180 4 1 56.05 33.7643 -84.7613 
     30 99.4217 1550 1 0 -68.9153 130.15 -176.062 
     30 50.8618 429 2 0 -47.153 -94.2627 -146.25 
     30 4.27427 1452 0 0 -71.2999 110.57 -206.25 
     30 77.4104 1451 0 0 -71.298 110.55 -206.235 
     30 99.5393 1450 0 0 -71.3255 110.35 -206.094 
     30 77.6526 1449 0 0 -71.3569 110.15 -205.921 
     30 27.9777 542 0 1 -71.4526 109.597 -204.85 
     30 272.408 543 0 1 -71.45 109.548 -204.763 
     30 111.649 569 4 1 -66.108 122.758 -84.45 
     30 128.041 1512 4 0 -66.1016 122.738 -85.85 
     30 151.746 1510 3 0 -65.9711 122.339 -115.85 
     30 97.4319 1510 2 0 -66.0426 122.213 -145.85 
     30 119.739 1509 1 0 -65.8719 122.064 -175.85 
     30 98.7272 1508 0 0 -65.6976 121.949 -205.85 
     30 168.782 1678 1 0 -92.4905 155.75 -176.234 
Number of digits in this event: 42
Using G4ParticleGun... 
Particle energy: 6.25735 LIN
Particle: e-
Event: 31
Number of tracker hits in this event: 86
     31 107.789 1215 10 1 63.1986 -88.21 95.55 
     31 113.243 459 10 0 63.1992 -88.2116 94.15 
     31 123.209 1215 9 1 63.2069 -88.2436 65.55 
     31 123.619 459 9 0 63.2081 -88.2455 64.15 
     31 398.081 1215 8 1 63.2361 -88.2803 35.55 
     31 126.714 458 8 0 63.2374 -88.2812 34.15 
     31 363.758 1216 7 1 63.2569 -88.3053 5.55 
     31 99.6247 458 7 0 63.2538 -88.3032 4.15 
     31 185.385 1215 6 1 63.1808 -88.2454 -24.45 
     31 134.004 459 6 0 63.1778 -88.2437 -25.85 
     31 116.227 1215 5 1 63.1183 -88.215 -54.45 
     31 130.708 459 5 0 63.1168 -88.2149 -55.85 
     31 146.897 1215 4 1 63.0963 -88.2095 -84.45 
     31 129.037 459 4 0 63.0969 -88.2076 -85.85 
     31 135.329 1215 3 1 63.1034 -88.1796 -114.45 
     31 345.864 459 3 0 63.1042 -88.1763 -115.85 
     31 176.65 1215 2 1 63.1201 -88.1059 -144.45 
     31 109.291 459 2 0 63.1198 -88.1016 -145.85 
     31 167.931 1215 1 1 63.1093 -88.0182 -174.45 
     31 161.117 460 1 0 63.114 -88.015 -175.85 
     31 130.017 1215 0 1 63.2086 -87.9589 -204.45 
     31 108.435 460 0 0 63.2127 -87.9537 -205.85 
     31 67.6332 721 3 0 -19.0651 -35.8176 -116.25 
     31 91.402 720 3 0 -19.0929 -35.85 -116.141 
     31 28.3352 438 0 0 30.2787 -92.5057 -206.25 
     31 65.6709 437 0 0 30.3047 -92.55 -206.208 
     31 71.4225 436 0 0 30.4037 -92.75 -206.025 
     31 48.1529 1056 0 1 31.378 -94.2068 -204.85 
     31 137.619 1057 0 1 31.45 -94.3075 -204.753 
     31 128.927 1058 0 1 31.6506 -94.4759 -204.584 
     31 69.6115 1059 0 1 31.8501 -94.5772 -204.473 
     31 136.548 1060 0 1 32.0503 -94.6049 -204.471 
     31 9.64188 1061 0 1 32.25 -94.6946 -204.825 
     31 30.9981 426 0 0 33.1037 -94.9312 -205.85 
     31 267.163 425 0 0 33.1895 -94.95 -205.942 
     31 173.6 381 0 0 32.8023 -103.882 -206.25 
     31 60.0219 380 0 0 32.7075 -103.95 -206.045 
     31 108.944 1214 2 1 63.0499 -88.1627 -144.785 
     31 29.1818 461 2 0 62.5991 -87.8371 -145.85 
     31 217.116 458 3 0 62.9363 -88.25 -116.164 
     31 133.187 460 8 0 63.0768 -88.0135 34.15 
     31 71.6566 1201 7 1 60.3878 -81.405 5.55 
     31 41.7059 1200 7 1 60.25 -81.3759 5.28864 
     31 31.2398 493 7 0 59.6299 -81.2597 4.15 
     31 116.378 494 7 0 59.5819 -81.25 4.06419 
     31 88.7169 1106 6 1 41.3215 -79.8357 -24.4502 
     31 144.3 1105 6 1 41.2498 -79.6442 -24.5677 
     31 87.0291 512 6 0 40.6755 -77.6348 -25.8501 
     31 120.31 513 6 0 40.6383 -77.45 -25.9636 
     31 44.2122 514 6 0 40.5984 -77.2499 -26.0599 
     31 60.8868 515 6 0 40.564 -77.05 -26.1434 
     31 5.76702 516 6 0 40.5358 -76.85 -26.2379 
     31 214.337 775 6 0 81.1566 -24.9786 -26.25 
     31 12.3982 776 6 0 81.6916 -24.85 -25.8687 
     31 34.974 1314 6 1 82.965 -23.9359 -24.85 
     31 161.31 1315 6 1 83.05 -23.8998 -24.8057 
     31 21.6235 1316 6 1 83.25 -23.8162 -24.7956 
     31 5.2519 782 6 0 83.7198 -23.4558 -25.8503 
     31 196.428 783 6 0 83.7348 -23.45 -25.8569 
     31 211.552 784 6 0 83.8969 -23.2497 -25.8817 
     31 124.249 1322 6 1 84.5629 -22.2373 -24.8498 
     31 6.15802 838 7 0 73.7041 -12.4191 3.75 
     31 22.9857 1008 4 0 14.1061 21.65 -85.9091 
     31 123.225 459 8 0 63.2135 -88.2269 34.15 
     31 119.567 466 7 0 63.2372 -86.8484 4.15 
     31 66.7723 1213 6 1 62.6536 -85.0921 -24.45 
     31 68.7988 1212 6 1 62.65 -85.0866 -24.62 
     31 78.638 474 6 0 62.6188 -85.0569 -25.85 
     31 30.09 475 6 0 62.6106 -85.05 -26.1543 
     31 133.979 1208 5 1 61.8378 -84.441 -54.45 
     31 135.369 478 5 0 61.8247 -84.4222 -55.85 
     31 90.0396 1207 4 1 61.4567 -84.0891 -84.45 
     31 39.2921 1206 4 1 61.45 -84.0878 -84.7537 
     31 98.5096 479 4 0 61.4261 -84.0751 -85.85 
     31 145.265 1203 3 1 60.7311 -83.6304 -114.45 
     31 125.343 482 3 0 60.713 -83.6287 -115.85 
     31 233.327 1201 2 1 60.3956 -83.5536 -144.45 
     31 196.528 482 2 0 60.3606 -83.5859 -145.85 
     31 192.051 1197 1 1 59.6223 -84.706 -174.45 
     31 157.002 476 1 0 59.586 -84.7918 -175.85 
     31 191.544 1194 0 1 58.9602 -86.4761 -204.45 
     31 220.663 467 0 0 58.8826 -86.5355 -205.85 
     31 54.9675 1209 5 1 61.85 -84.436 -54.7793 
     31 20.1417 474 5 0 62.2762 -85.2041 -55.85 
     31 36.6422 473 5 0 62.2886 -85.25 -55.8597 
     31 207.403 1210 5 1 62.1516 -86.0446 -54.85 
Number of digits in this event: 45
Using G4ParticleGun... 
Particle energy: 5.96247 LIN
Particle: e-
Event: 32
Number of tracker hits in this event: 32
     32 150.81 1190 7 1 58.2105 -135.589 5.55 
     32 100.337 222 7 0 58.2093 -135.59 4.15 
     32 128.354 1190 6 1 58.1897 -135.612 -24.45 
     32 130.297 222 6 0 58.1883 -135.611 -25.85 
     32 167.544 1190 5 1 58.1541 -135.604 -54.45 
     32 145.654 222 5 0 58.1538 -135.604 -55.85 
     32 133.893 1190 4 1 58.1508 -135.604 -84.45 
     32 148.282 222 4 0 58.1507 -135.604 -85.85 
     32 123.359 1190 3 1 58.1512 -135.602 -114.45 
     32 101.669 222 3 0 58.1502 -135.6 -115.85 
     32 113.943 1190 2 1 58.1286 -135.57 -144.45 
     32 108.863 222 2 0 58.1282 -135.57 -145.85 
     32 119.831 1190 1 1 58.1173 -135.574 -174.45 
     32 109.835 222 1 0 58.1158 -135.574 -175.85 
     32 509.189 1190 0 1 58.0834 -135.569 -204.45 
     32 350.861 222 0 0 58.0825 -135.568 -205.85 
     32 46.8077 1394 0 1 98.95 -160.717 -204.711 
     32 110.654 1393 0 1 98.95 -160.824 -204.524 
     32 58.3842 1392 0 1 98.75 -160.717 -204.697 
     32 184.004 97 0 0 98.1057 -160.664 -205.85 
     32 21.4251 508 1 0 180.048 -78.29 -175.85 
     32 21.0183 1795 1 1 179.168 -78.4306 -174.85 
     32 122.298 220 0 0 58.2232 -135.977 -205.85 
     32 166.08 1191 0 1 58.25 -135.72 -204.546 
     32 24.12 1129 0 1 45.9761 -104.817 -204.45 
     32 42.0792 557 1 1 -68.45 -112.065 -174.56 
     32 121.406 558 1 1 -68.45 -111.999 -174.525 
     32 154.226 282 4 0 -111.367 -123.733 -86.25 
     32 99.5784 281 4 0 -111.39 -123.75 -86.1997 
     32 26.4411 410 5 0 66.9803 -97.979 -56.2498 
     32 11.9655 411 5 0 66.994 -97.95 -56.2435 
     32 337.869 224 5 0 58.7059 -135.254 -55.8505 
Number of digits in this event: 19
Using G4ParticleGun... 
Particle energy: 3.81693 LIN
Particle: e-
Event: 33
Number of tracker hits in this event: 56
     33 165.504 1097 9 1 39.6134 111.117 65.55 
     33 117.68 1454 9 0 39.6137 111.117 64.15 
     33 122.515 1097 8 1 39.6113 111.111 35.55 
     33 121.637 1454 8 0 39.6105 111.111 34.15 
     33 128.129 1097 7 1 39.5901 111.109 5.55 
     33 191.505 1454 7 0 39.589 111.11 4.15 
     33 110.657 1097 6 1 39.5652 111.148 -24.45 
     33 213.146 1454 6 0 39.5639 111.141 -25.85 
     33 112.082 1096 5 1 39.4176 110.901 -54.45 
     33 125.751 1453 5 0 39.4102 110.887 -55.85 
     33 106.805 1096 4 1 39.2744 110.635 -84.45 
     33 145.752 1452 4 0 39.2677 110.617 -85.85 
     33 116.122 1095 3 1 39.1449 110.227 -114.45 
     33 126.503 1450 3 0 39.1405 110.207 -115.85 
     33 144.937 1094 2 1 39.0048 109.758 -144.45 
     33 187.298 1447 2 0 39.0034 109.726 -145.85 
     33 142.105 1094 1 1 38.9446 109.082 -174.45 
     33 133.804 1444 1 0 38.9407 109.055 -175.85 
     33 151.137 1094 0 1 38.8799 108.511 -204.45 
     33 282.897 1441 0 0 38.8776 108.473 -205.85 
     33 210.425 1093 0 1 38.745 108.523 -204.45 
     33 195.752 1440 0 0 38.7277 108.35 -205.937 
     33 80.6986 1097 3 1 39.5923 111.079 -114.45 
     33 100.753 1098 3 1 39.6505 111.039 -114.483 
     33 69.6344 1099 3 1 39.85 110.74 -114.686 
     33 3.95914 1447 3 0 40.179 109.56 -115.85 
     33 93.1346 1446 3 0 40.1831 109.55 -115.86 
     33 64.0157 1445 3 0 40.2786 109.349 -116 
     33 72.8044 1444 3 0 40.3118 109.15 -116.082 
     33 47.7682 1443 3 0 40.3065 108.95 -116.137 
     33 56.3657 1442 3 0 40.3064 108.75 -116.167 
     33 52.9902 1441 3 0 40.2789 108.55 -116.168 
     33 60.7497 1440 3 0 40.2769 108.35 -116.144 
     33 64.0783 1439 3 0 40.271 108.15 -116.121 
     33 53.8845 1438 3 0 40.2977 107.95 -116.06 
     33 141.252 1437 3 0 40.387 107.75 -115.981 
     33 109.263 1436 3 0 40.7132 107.55 -115.981 
     33 68.6162 1096 3 1 39.45 111.093 -114.691 
     33 69.8717 1455 3 0 39.1628 111.291 -115.85 
     33 25.753 1456 3 0 39.0941 111.35 -116.132 
     33 388.433 1062 2 1 32.4632 117.568 -144.45 
     33 1.48216 1063 2 1 32.6502 117.594 -144.846 
     33 128.377 1487 2 0 33.1862 117.622 -145.85 
     33 413.982 1149 1 1 49.9521 117.764 -174.45 
     33 89.4756 1150 1 1 50.0504 117.703 -174.618 
     33 45.6702 1484 1 0 50.3153 117.029 -175.85 
     33 96.3875 1483 1 0 50.3411 116.95 -175.969 
     33 62.746 1482 1 0 50.4465 116.75 -176.16 
     33 102.893 1264 0 1 72.9941 80.406 -204.45 
     33 58.369 1263 0 1 72.8498 80.606 -204.727 
     33 152.734 1306 0 0 71.7748 81.3087 -205.85 
     33 102.828 1307 0 0 71.5619 81.4506 -205.968 
     33 80.0169 1308 0 0 71.3212 81.65 -206.109 
     33 87.6275 1148 1 1 49.85 117.583 -174.554 
     33 344.229 1485 1 0 51.1887 117.322 -175.85 
     33 119.108 1486 1 0 51.5495 117.35 -176.051 
Number of digits in this event: 25
Using G4ParticleGun... 
Particle energy: 1.70816 LIN
Particle: e-
Event: 34
Number of tracker hits in this event: 23
     34 124.07 1300 11 0 23.5187 80.1763 124.15 
     34 159.435 1017 10 1 23.515 80.1788 95.55 
     34 108.456 1300 10 0 23.5155 80.1794 94.15 
     34 133.954 1017 9 1 23.5339 80.1882 65.55 
     34 183.737 1300 9 0 23.5365 80.1899 64.15 
     34 131.446 1017 8 1 23.6054 80.2239 35.55 
     34 140.845 1300 8 0 23.6072 80.2212 34.15 
     34 111.829 1017 7 1 23.6297 80.1829 5.55 
     34 166.142 1300 7 0 23.6255 80.1781 4.15 
     34 136.727 1017 6 1 23.5522 80.0918 -24.45 
     34 183.311 1300 6 0 23.5449 80.0849 -25.85 
     34 120.818 1016 5 1 23.3994 79.94 -54.45 
     34 141.185 1299 5 0 23.3885 79.933 -55.85 
     34 115.886 1015 4 1 23.1643 79.7824 -84.45 
     34 147.645 1298 4 0 23.1482 79.7715 -85.85 
     34 219.368 1013 3 1 22.8317 79.5443 -114.45 
     34 108.665 1297 3 0 22.808 79.5352 -115.85 
     34 121.211 1011 2 1 22.294 79.36 -144.45 
     34 142.334 1296 2 0 22.2634 79.3593 -145.85 
     34 96.7495 1007 1 1 21.6192 79.337 -174.45 
     34 143.953 1296 1 0 21.5878 79.3385 -175.85 
     34 156.574 1004 0 1 20.9581 79.3815 -204.45 
     34 122.643 1296 0 0 20.9285 79.3811 -205.85 
Number of digits in this event: 21
Using G4ParticleGun... 
Particle energy: 2.92901 LIN
Particle: e-
Event: 35
Number of tracker hits in this event: 55
     35 461.839 474 10 1 -85.0588 64.1098 95.55 
     35 350.959 1220 10 0 -85.0578 64.1117 94.15 
     35 132.48 475 9 1 -85.0403 64.1494 65.55 
     35 110.851 1220 9 0 -85.0399 64.1554 64.15 
     35 102.78 475 8 1 -85.0357 64.2833 35.55 
     35 195.243 1221 8 0 -85.0355 64.2884 34.15 
     35 182.471 475 7 1 -85.0351 64.3908 5.55 
     35 130.813 1221 7 0 -85.0331 64.3939 4.15 
     35 131.863 475 6 1 -84.9976 64.4566 -24.45 
     35 126.582 1222 6 0 -84.996 64.4594 -25.85 
     35 118.197 475 5 1 -84.9586 64.5123 -54.45 
     35 161.429 1222 5 0 -84.9571 64.5127 -55.85 
     35 127.845 475 4 1 -84.9484 64.5297 -84.45 
     35 117.627 1222 4 0 -84.9472 64.5311 -85.85 
     35 130.748 475 3 1 -84.9185 64.5475 -114.45 
     35 134.872 1222 3 0 -84.9182 64.5438 -115.85 
     35 180.255 475 2 1 -84.9143 64.4663 -144.45 
     35 183.968 1222 2 0 -84.9118 64.4628 -145.85 
     35 132.246 476 1 1 -84.8463 64.3983 -174.45 
     35 407.223 1221 1 0 -84.8446 64.3932 -175.85 
     35 112.016 476 0 1 -84.8163 64.2744 -204.45 
     35 114.602 1221 0 0 -84.8173 64.2706 -205.85 
     35 8.35612 690 5 1 -42.0363 36.9741 -54.4501 
     35 118.116 689 5 1 -42.0502 36.9662 -54.4733 
     35 218.783 688 5 1 -42.25 37.042 -54.4736 
     35 94.6892 1223 2 0 -84.5884 64.65 -145.879 
     35 195.877 475 1 1 -84.9723 64.3708 -174.45 
     35 89.4655 474 1 1 -85.0502 64.4076 -174.567 
     35 5.79487 473 1 1 -85.25 64.4946 -174.829 
     35 4.56541 1223 1 0 -86.0755 64.8459 -175.85 
     35 137.683 1224 1 0 -86.0852 64.85 -175.862 
     35 55.5898 326 0 1 -114.814 77.3481 -204.45 
     35 76.2088 325 0 1 -114.95 77.4377 -204.574 
     35 80.1864 324 0 1 -115.15 77.58 -204.736 
     35 68.1159 1292 0 0 -116.597 78.5586 -205.85 
     35 155.994 1293 0 0 -116.736 78.65 -205.964 
     35 48.8348 1294 0 0 -117.019 78.85 -206.168 
     35 80.2454 485 0 1 -82.9861 65.7556 -204.45 
     35 50.6106 484 0 1 -83.05 65.9777 -204.694 
     35 22.6277 1234 0 0 -83.3239 66.9815 -205.85 
     35 91.925 1235 0 0 -83.3421 67.05 -205.929 
     35 27.3687 1236 0 0 -83.3971 67.25 -206.171 
     35 56.4083 843 5 0 -73.9888 -11.3465 -56.25 
     35 137.588 522 5 1 -75.45 -11.3096 -54.7987 
     35 125.27 523 5 1 -75.45 -11.2609 -54.6445 
     35 181.425 842 5 0 -74.0028 -11.45 -56.0517 
     35 127.702 1093 5 0 -82.7854 38.6824 -56.25 
     35 143.392 1094 5 0 -82.74 38.8501 -56.2037 
     35 20.4922 474 7 1 -85.05 64.4479 5.2611 
     35 67.9495 1218 7 0 -84.3628 63.8243 4.15 
     35 100.266 1219 7 0 -84.2613 63.8507 4.08573 
     35 32.4337 1220 7 0 -84.1392 64.0501 4.10033 
     35 89.2105 466 7 1 -86.6651 65.6776 5.15 
     35 111.155 467 7 1 -86.6499 65.6679 5.23046 
     35 174.038 1219 10 0 -84.93 64.0499 93.9677 
Number of digits in this event: 27
Using G4ParticleGun... 
Particle energy: 6.62514 LIN
Particle: e-
Event: 36
Number of tracker hits in this event: 150
     36 114.744 864 11 1 -7.23723 81.9338 125.437 
     36 216.415 1309 11 0 -7.23735 81.9338 124.15 
     36 106.926 864 10 1 -7.23648 81.9348 95.55 
     36 266.301 1309 10 0 -7.23625 81.9354 94.15 
     36 117.211 864 9 1 -7.23585 81.9519 65.55 
     36 131.626 1309 9 0 -7.23627 81.9541 64.15 
     36 170.815 864 8 1 -7.24372 81.9937 35.55 
     36 122.846 1309 8 0 -7.24364 81.9951 34.15 
     36 109.787 864 7 1 -7.23737 82.0228 5.55 
     36 114.659 1309 7 0 -7.23428 82.0253 4.15 
     36 353.243 864 6 1 -7.17793 82.0659 -24.45 
     36 145.028 1310 6 0 -7.1741 82.0645 -25.85 
     36 137.476 864 5 1 -7.10125 82.0278 -54.45 
     36 123.545 1309 5 0 -7.09621 82.0276 -55.85 
     36 169.602 865 4 1 -6.99782 82.0293 -84.45 
     36 108.173 1309 4 0 -6.994 82.0335 -85.85 
     36 511.109 865 3 1 -6.87898 82.1092 -114.45 
     36 112.601 1310 3 0 -6.87738 82.1148 -115.85 
     36 268.34 865 2 1 -6.86069 82.2464 -144.45 
     36 109.718 1311 2 0 -6.86873 82.2519 -145.85 
     36 103.326 865 1 1 -7.02855 82.3507 -174.45 
     36 134.14 1311 1 0 -7.04476 82.3608 -175.85 
     36 225.254 863 0 1 -7.37401 82.5567 -204.45 
     36 980.406 1312 0 0 -7.37824 82.5653 -205.85 
     36 167.969 1313 0 0 -7.71948 82.7256 -206.25 
     36 112.48 862 0 1 -7.45006 82.5696 -204.698 
     36 128.837 1311 0 0 -7.81659 82.3739 -205.85 
     36 131.76 1314 2 0 -6.52485 82.9137 -145.85 
     36 435.253 1309 3 0 -6.89475 81.991 -115.85 
     36 113.721 866 2 1 -6.82064 81.9308 -144.45 
     36 372.181 1309 2 0 -6.8133 81.9155 -145.85 
     36 116.862 867 1 1 -6.60664 81.5589 -174.45 
     36 128.46 1307 1 0 -6.5928 81.5489 -175.85 
     36 247.417 868 0 1 -6.34878 81.366 -204.45 
     36 108.169 1306 0 0 -6.33223 81.3553 -205.85 
     36 11.0779 643 2 0 -0.169146 -51.25 -146.053 
     36 50.0038 210 1 1 -137.95 -148.427 -174.775 
     36 87.8508 209 1 1 -138.15 -148.583 -174.797 
     36 24.8952 898 2 1 -0.251801 -51.5413 -144.85 
     36 138.682 899 2 1 -0.24995 -51.5418 -144.828 
     36 59.483 917 0 1 3.56255 142.532 -204.45 
     36 125.168 867 2 1 -6.64228 81.9346 -144.45 
     36 132.455 869 1 1 -6.11202 82.4369 -174.45 
     36 125.104 1312 1 0 -6.09504 82.4518 -175.85 
     36 114.213 872 0 1 -5.55937 82.677 -204.45 
     36 387.137 1269 10 0 -163.875 73.8757 93.7502 
     36 9.87549 866 3 1 -6.85 81.9333 -114.747 
     36 181.955 864 3 1 -7.09021 82.2584 -114.45 
     36 108.745 1311 3 0 -7.28572 82.2897 -115.85 
     36 212.52 837 2 1 -12.6445 82.416 -144.45 
     36 18.2115 1319 2 0 -12.5 83.9935 -145.85 
     36 130.976 1320 2 0 -12.4961 84.05 -145.898 
     36 66.6062 1321 2 0 -12.4853 84.25 -146.042 
     36 36.6178 1322 2 0 -12.4919 84.45 -146.17 
     36 18.8753 1078 2 0 10.412 35.7052 -146.25 
     36 84.6539 1077 2 0 10.4297 35.65 -146.235 
     36 68.0678 1076 2 0 10.4499 35.4499 -146.186 
     36 65.7395 1075 2 0 10.5573 35.2496 -146.153 
     36 68.2582 1074 2 0 10.5302 35.05 -146.016 
     36 153.653 1073 2 0 10.438 34.85 -146.032 
     36 96.4731 1072 2 0 10.4871 34.6499 -146.194 
     36 95.1273 1071 2 0 10.6434 34.45 -146.206 
     36 28.4987 851 2 0 -14.0457 -9.81001 -146.25 
     36 126.229 850 2 0 -14.0355 -9.85 -146.211 
     36 51.5756 881 2 1 -3.68991 76.9647 -144.45 
     36 52.8337 882 2 1 -3.65 76.9689 -144.636 
     36 177.01 1284 2 0 -3.34917 76.9536 -145.85 
     36 117.725 920 1 1 4.05998 75.9213 -174.45 
     36 154.046 1278 1 0 4.5664 75.7575 -175.85 
     36 36.4799 984 0 1 16.9259 72.3403 -204.45 
     36 91.0288 983 0 1 16.85 72.2603 -204.489 
     36 182.96 982 0 1 16.6497 72.0347 -204.587 
     36 82.5326 981 0 1 16.45 71.8025 -204.702 
     36 69.6579 980 0 1 16.25 71.5782 -204.808 
     36 55.5168 1235 0 0 11.9525 67.1666 -205.85 
     36 69.5729 1234 0 0 11.8404 67.05 -205.875 
     36 141.201 1233 0 0 11.6668 66.85 -205.907 
     36 75.6859 1232 0 0 11.476 66.65 -205.915 
     36 76.4794 1231 0 0 11.2742 66.45 -205.905 
     36 2.34611 1230 0 0 11.0458 66.25 -205.854 
     36 1.09082 943 0 1 8.654 64.0488 -204.85 
     36 93.5302 942 0 1 8.65 64.0451 -204.848 
     36 82.129 941 0 1 8.45 63.8552 -204.783 
     36 86.727 940 0 1 8.25 63.6488 -204.732 
     36 192.007 939 0 1 8.05 63.4341 -204.678 
     36 68.3687 938 0 1 7.85 63.1923 -204.632 
     36 92.5374 937 0 1 7.64978 62.9605 -204.61 
     36 85.6537 936 0 1 7.45 62.808 -204.648 
     36 155.375 935 0 1 7.25 62.6689 -204.689 
     36 58.887 934 0 1 7.05 62.5392 -204.717 
     36 69.9617 933 0 1 6.85 62.4124 -204.744 
     36 60.0755 932 0 1 6.65 62.3017 -204.767 
     36 68.9161 931 0 1 6.44969 62.1858 -204.796 
     36 55.176 930 0 1 6.25 62.0586 -204.817 
     36 13.7764 929 0 1 6.05 61.9422 -204.841 
     36 192.94 1195 0 0 0.981474 59.243 -205.85 
     36 127.189 1194 0 0 0.437137 59.05 -205.88 
     36 176.165 1193 0 0 -0.119608 58.8498 -205.922 
     36 157.37 1192 0 0 -0.525102 58.6496 -205.909 
     36 229.87 1191 0 0 -0.950363 58.45 -205.879 
     36 166.063 1190 0 0 -1.59418 58.25 -205.907 
     36 41.7865 871 0 1 -5.70695 56.9659 -204.85 
     36 76.0428 870 0 1 -5.85 56.9096 -204.8 
     36 89.238 869 0 1 -6.05 56.8002 -204.733 
     36 31.7373 867 0 1 -6.45072 56.431 -204.512 
     36 45.9555 1029 1 0 -3.65532 25.9714 -176.25 
     36 81.6602 1028 1 0 -3.65208 25.85 -176.156 
     36 92.4011 1027 1 0 -3.61511 25.65 -176.081 
     36 81.461 1026 1 0 -3.49668 25.45 -176.026 
     36 61.4735 1025 1 0 -3.27749 25.25 -175.904 
     36 70.2789 892 1 1 -1.62248 24.2854 -174.85 
     36 75.6609 893 1 1 -1.45 24.1151 -174.667 
     36 55.6644 1168 0 0 -8.1587 53.85 -205.855 
     36 224.462 1309 6 0 -7.21534 82.0188 -25.85 
     36 216.158 863 5 1 -7.42816 82.2421 -54.45 
     36 139.627 1311 5 0 -7.42422 82.2663 -55.85 
     36 207.561 863 4 1 -7.3552 82.7716 -84.45 
     36 101.231 1313 4 0 -7.35822 82.7911 -85.85 
     36 120.399 863 3 1 -7.41103 83.185 -114.45 
     36 206.03 1315 3 0 -7.42116 83.2101 -115.85 
     36 184.107 862 2 1 -7.55834 83.778 -144.45 
     36 180.324 1318 2 0 -7.5515 83.8172 -145.85 
     36 587.56 863 1 1 -7.37733 84.6349 -174.45 
     36 99.8661 1323 1 0 -7.36915 84.6781 -175.85 
     36 340.968 864 0 1 -7.20229 85.5352 -204.45 
     36 161.587 1327 0 0 -7.17468 85.5747 -205.85 
     36 66.32 860 1 1 -7.97668 84.0747 -174.45 
     36 166.849 871 5 1 -5.78776 82.8013 -54.45 
     36 65.9181 1314 5 0 -5.71267 83.0242 -55.85 
     36 65.03 1315 5 0 -5.7049 83.05 -56.0172 
     36 105.409 878 4 1 -4.42579 87.3555 -84.45 
     36 127.67 1337 4 0 -4.36718 87.5639 -85.85 
     36 112.754 882 3 1 -3.5465 91.9101 -114.45 
     36 48.3185 1359 3 0 -3.56475 92.13 -115.85 
     36 63.3387 1360 3 0 -3.56636 92.15 -115.976 
     36 110.39 880 2 1 -3.94301 96.6811 -144.45 
     36 127.51 1383 2 0 -3.81871 96.9421 -145.85 
     36 256.301 1384 2 0 -3.81502 96.95 -145.892 
     36 8.51987 895 1 1 -0.853182 102.175 -174.45 
     36 123.881 896 1 1 -0.85 102.18 -174.472 
     36 92.2878 1411 1 0 -0.650427 102.488 -175.85 
     36 35.0231 1412 1 0 -0.612983 102.55 -176.127 
     36 33.6448 915 0 1 3.23008 108.78 -204.45 
     36 107.477 916 0 1 3.25 108.798 -204.532 
     36 91.114 1444 0 0 3.57267 109.088 -205.851 
     36 64.527 1445 0 0 3.64043 109.15 -206.134 
     36 293.201 1310 1 0 -7.25575 82.1444 -175.85 
     36 219.743 1310 0 0 -7.22531 82.0819 -205.85 
     36 188.023 947 1 1 9.4708 29.2011 -174.45 
     36 221.157 1308 11 0 -7.212 81.85 123.909 
Number of digits in this event: 68
Using G4ParticleGun... 
Particle energy: 8.18966 LIN
Particle: e-
Event: 37
Number of tracker hits in this event: 130
     37 163.665 915 11 1 3.20081 11.8136 125.55 
     37 105.563 958 11 0 3.20067 11.8132 124.15 
     37 116.068 915 10 1 3.20106 11.8096 95.55 
     37 105.989 958 10 0 3.20143 11.8107 94.15 
     37 181.316 915 9 1 3.20189 11.8349 65.55 
     37 111.895 958 9 0 3.20381 11.8393 64.15 
     37 102.128 915 8 1 3.2222 11.9484 35.55 
     37 254.347 959 8 0 3.21834 11.9498 34.15 
     37 460.451 915 7 1 3.13439 11.9886 5.55 
     37 388.756 959 7 0 3.12904 11.9932 4.15 
     37 125.134 914 6 1 3.02452 12.0997 -24.45 
     37 266.785 960 6 0 3.01929 12.0998 -25.85 
     37 126.612 914 5 1 2.89582 12.0877 -54.45 
     37 107.647 960 5 0 2.88487 12.0849 -55.85 
     37 374.791 913 4 1 2.66781 12.0325 -84.45 
     37 467.976 959 4 0 2.65173 12.0288 -85.85 
     37 105.272 911 3 1 2.32096 11.9998 -114.45 
     37 228.589 959 3 0 2.29848 12.0015 -115.85 
     37 116.37 908 2 1 1.84276 12.0631 -144.45 
     37 112.358 960 2 0 1.81695 12.0669 -145.85 
     37 101.984 906 1 1 1.28093 12.1667 -174.45 
     37 233.066 960 1 0 1.26044 12.1666 -175.85 
     37 340.533 903 0 1 0.846808 12.1316 -204.45 
     37 123.611 960 0 0 0.839686 12.125 -205.85 
     37 127.513 1049 8 1 30.0191 -115.144 35.5499 
     37 62.379 1048 8 1 29.85 -115.472 35.2938 
     37 134.089 322 8 0 29.1414 -115.606 34.15 
     37 305.655 321 8 0 29.0676 -115.75 33.9734 
     37 205.418 320 8 0 28.9347 -115.95 33.8528 
     37 46.8038 1258 0 0 8.35286 71.65 -206.057 
     37 146.132 947 0 1 9.54978 69.9051 -204.85 
     37 99.1463 948 0 1 9.65003 69.8982 -204.721 
     37 237.64 961 4 0 2.65602 12.3786 -85.85 
     37 311.986 912 3 1 2.49623 12.6194 -114.45 
     37 259.024 962 3 0 2.4964 12.6396 -115.85 
     37 176.457 912 2 1 2.48571 12.9293 -144.45 
     37 146.4 964 2 0 2.48904 12.9309 -145.85 
     37 128.223 912 1 1 2.57014 13.0097 -174.45 
     37 261.571 964 1 0 2.57211 12.979 -175.85 
     37 175.075 913 0 1 2.66918 12.4856 -204.45 
     37 225.224 962 0 0 2.68522 12.4785 -205.85 
     37 104.614 912 0 1 2.63711 12.9016 -204.45 
     37 89.2256 961 3 0 2.47805 12.4476 -115.85 
     37 118.845 909 2 1 2.04212 12.776 -144.45 
     37 115.921 963 2 0 2.01596 12.7805 -145.85 
     37 128.334 907 1 1 1.48797 12.8645 -174.45 
     37 140.068 905 0 1 1.15919 12.9272 -204.45 
     37 222.539 964 0 0 1.14455 12.9196 -205.85 
     37 263.751 908 0 0 6.11596 1.82252 -206.25 
     37 289.303 916 7 1 3.3101 12.0186 5.55 
     37 119.949 919 6 1 4.00573 11.1109 -24.45 
     37 4.58449 955 6 0 4.1332 11.0508 -25.85 
     37 119.408 954 6 0 4.1351 11.05 -25.8706 
     37 152.998 933 5 1 6.66193 9.73779 -54.45 
     37 140.504 948 5 0 6.84197 9.67202 -55.85 
     37 26.9276 888 5 0 24.3131 -2.40636 -56.25 
     37 117.339 887 5 0 24.3631 -2.45 -56.1506 
     37 23.9102 1025 5 1 25.189 -3.07546 -54.85 
     37 96.7434 1026 5 1 25.2504 -3.10973 -54.7734 
     37 50.5255 1027 5 1 25.45 -3.12105 -54.5908 
     37 28.9202 1012 6 0 26.3972 22.5689 -26.25 
     37 102.258 1013 6 0 26.4 22.6501 -26.1658 
     37 22.0187 1014 6 0 26.4054 22.85 -25.9087 
     37 18.9863 1033 6 1 26.8142 23.9683 -24.8496 
     37 349.914 1034 6 1 26.85 24.0396 -24.7818 
     37 77.5133 1024 6 0 26.7627 24.9623 -25.8501 
     37 96.6575 1025 6 0 26.7218 25.05 -26.059 
     37 14.0447 1026 6 0 26.7626 25.2502 -26.2326 
     37 273.92 915 6 1 3.15532 12.0143 -24.45 
     37 209.615 959 6 0 3.10286 11.9551 -25.8502 
     37 142.208 909 5 1 1.91364 11.1361 -54.4501 
     37 278.303 957 5 0 1.96902 11.5563 -55.85 
     37 130.297 958 5 0 1.99393 11.65 -56.1601 
     37 171.084 924 4 1 5.03567 19.504 -84.4504 
     37 300.119 999 4 0 4.98282 19.8802 -85.8503 
     37 257.991 916 3 1 3.38857 26.938 -114.45 
     37 124.011 1036 3 0 3.45481 27.3067 -115.85 
     37 148.873 930 2 1 6.07486 36.3885 -144.45 
     37 227.53 1084 2 0 6.21509 36.9701 -145.85 
     37 88.52 1085 2 0 6.2367 37.05 -146.053 
     37 14.3758 936 1 1 7.26194 48.8431 -174.45 
     37 84.6298 935 1 1 7.25 48.8625 -174.512 
     37 130.832 1146 1 0 6.98092 49.2667 -175.85 
     37 87.0204 897 0 1 -0.634024 58.9436 -204.45 
     37 43.8941 896 0 1 -0.65 58.9334 -204.743 
     37 133.989 1194 0 0 -0.723733 58.901 -205.85 
     37 227.777 956 5 0 2.19441 11.45 -56.1482 
     37 218.598 958 7 0 3.23924 11.8007 4.15 
     37 126.517 915 5 1 3.21301 11.6823 -54.45 
     37 283.663 916 4 1 3.34787 11.2908 -84.45 
     37 117.491 956 4 0 3.35411 11.2872 -85.85 
     37 354.984 917 3 1 3.59079 11.1382 -114.45 
     37 117.679 955 3 0 3.58836 11.1636 -115.85 
     37 141.98 917 2 1 3.53475 11.6396 -144.45 
     37 103.534 958 2 0 3.51084 11.6674 -145.85 
     37 259.493 914 1 1 3.03094 12.179 -174.45 
     37 136.137 911 0 1 2.31274 12.6261 -204.45 
     37 54.9745 965 0 0 2.71923 13.05 -206.091 
     37 66.5764 1697 4 0 -121.856 159.55 -86.131 
     37 208.417 1698 4 0 -122.155 159.75 -86.0264 
     37 160.989 1699 4 0 -122.326 159.95 -85.9686 
     37 173.814 916 6 1 3.26493 11.8291 -24.45 
     37 127.399 958 6 0 3.26703 11.8298 -25.85 
     37 124.458 916 5 1 3.31706 11.8539 -54.45 
     37 145.572 959 5 0 3.3146 11.8555 -55.85 
     37 111.397 915 3 1 3.2216 11.8859 -114.45 
     37 117.499 915 2 1 3.13865 11.8954 -144.45 
     37 262.492 959 2 0 3.13337 11.8964 -145.85 
     37 115.43 959 1 0 3.01977 11.9119 -175.85 
     37 104.356 914 0 1 2.91346 11.9199 -204.45 
     37 108.9 959 0 0 2.90549 11.9215 -205.85 
     37 9.31868 28 11 0 -152.112 -174.35 123.769 
     37 180.681 1244 4 0 -42.5741 68.9136 -86.25 
     37 319.119 893 8 0 10.3961 -1.42717 33.75 
     37 194.843 894 8 0 10.3781 -1.24977 33.914 
     37 421.772 915 4 1 3.17149 11.8161 -84.45 
     37 135.439 958 4 0 3.15138 11.8052 -85.85 
     37 208.781 958 3 0 3.43491 11.7871 -115.85 
     37 138.242 914 2 1 2.98824 11.9498 -144.45 
     37 122.195 913 1 1 2.71181 11.8448 -174.45 
     37 115.763 958 1 0 2.74274 11.8011 -175.85 
     37 172.989 919 0 1 3.85061 10.5824 -204.45 
     37 116.163 952 0 0 3.99857 10.4995 -205.85 
     37 188.655 919 3 1 3.86053 12.7495 -114.45 
     37 103.828 963 3 0 3.86147 12.7933 -115.85 
     37 117.166 918 2 1 3.79411 13.5103 -144.45 
     37 149.454 967 2 0 3.72701 13.5597 -145.85 
     37 126.558 911 1 1 2.31463 14.5863 -174.45 
     37 114.484 972 1 0 2.23855 14.6192 -175.85 
     37 91.5871 977 0 0 0.684529 15.4639 -205.85 
Number of digits in this event: 79
Using G4ParticleGun... 
Particle energy: 9.87011 LIN
Particle: e-
Event: 38
Number of tracker hits in this event: 84
     38 127.536 1137 9 1 47.6106 -121.956 65.55 
     38 104.046 290 9 0 47.6112 -121.955 64.15 
     38 124.397 1137 8 1 47.6204 -121.944 35.55 
     38 209.104 291 8 0 47.6213 -121.944 34.15 
     38 383.786 1137 7 1 47.6396 -121.949 5.55 
     38 227.304 291 7 0 47.6406 -121.949 4.15 
     38 104.942 1138 6 1 47.6604 -121.934 -24.45 
     38 112.873 291 6 0 47.6614 -121.933 -25.85 
     38 245.47 1138 5 1 47.6799 -121.925 -54.45 
     38 376.649 291 5 0 47.6807 -121.926 -55.85 
     38 118.832 1138 4 1 47.6918 -121.94 -84.45 
     38 112.716 291 4 0 47.6918 -121.94 -85.85 
     38 365.134 1138 3 1 47.6916 -121.957 -114.45 
     38 128.051 290 3 0 47.6926 -121.957 -115.85 
     38 112.144 1138 2 1 47.7094 -121.95 -144.45 
     38 145.392 291 2 0 47.7091 -121.949 -145.85 
     38 380.528 1138 1 1 47.7034 -121.944 -174.45 
     38 222.451 291 1 0 47.704 -121.944 -175.85 
     38 392.312 1138 0 1 47.715 -121.93 -204.45 
     38 132.53 291 0 0 47.7161 -121.929 -205.85 
     38 104.758 294 0 0 47.8915 -121.254 -205.85 
     38 157.575 290 1 0 47.6898 -121.958 -175.85 
     38 159.321 1137 0 1 47.637 -121.978 -204.45 
     38 162.011 290 0 0 47.7339 -121.981 -205.85 
     38 80.0473 217 1 0 18.9747 -136.718 -176.25 
     38 196.479 216 1 0 18.9597 -136.75 -176.211 
     38 118.853 292 0 0 47.8377 -121.739 -205.85 
     38 11.0162 340 0 0 6.33204 -112.025 -205.85 
     38 399.107 1137 3 1 47.5907 -121.863 -114.45 
     38 16.7503 1136 7 1 47.4499 -121.888 5.209 
     38 53.3708 657 7 0 63.2763 -48.5911 3.75 
     38 88.1888 658 7 0 63.3224 -48.45 3.79199 
     38 66.6407 659 7 0 63.4159 -48.25 3.84728 
     38 79.6992 660 7 0 63.5732 -48.05 3.88995 
     38 79.105 661 7 0 63.7592 -47.85 3.981 
     38 87.7252 662 7 0 63.9749 -47.65 4.07783 
     38 114.721 1240 7 1 68.1407 -44.6112 5.15005 
     38 71.274 1241 7 1 68.25 -44.5236 5.18683 
     38 90.4542 1242 7 1 68.45 -44.3366 5.26153 
     38 72.2284 1243 7 1 68.6501 -44.1416 5.35904 
     38 24.7222 1244 7 1 68.8501 -43.9161 5.50043 
     38 130.377 558 8 0 62.4964 -68.3167 33.7502 
     38 53.9943 557 8 0 62.448 -68.45 33.8552 
     38 47.8118 556 8 0 62.3903 -68.65 33.8977 
     38 84.1065 555 8 0 62.3946 -68.8503 33.9363 
     38 88.4053 554 8 0 62.3828 -69.05 34.0003 
     38 368.41 553 8 0 62.3889 -69.25 34.0646 
     38 40.0963 552 8 0 62.2787 -69.45 34.1183 
     38 39.2477 1207 8 1 61.5409 -71.5197 35.1503 
     38 267.329 1206 8 1 61.4495 -71.6386 35.2199 
     38 45.6525 526 8 0 60.0082 -74.7311 34.15 
     38 123.6 525 8 0 59.8871 -74.85 34.0915 
     38 74.1434 524 8 0 59.7204 -75.05 34.094 
     38 120.538 523 8 0 59.6846 -75.25 34.116 
     38 345.269 522 8 0 59.5602 -75.45 34.0921 
     38 34.177 672 7 0 67.1278 -45.5724 4.14978 
     38 29.7714 1235 7 1 67.0882 -45.4157 5.15002 
     38 151.345 290 7 0 47.6558 -121.982 4.15 
     38 111.483 1140 6 1 48.1063 -122.594 -24.45 
     38 186.649 287 6 0 48.0982 -122.662 -25.85 
     38 18.2328 280 5 0 47.7899 -124.149 -55.85 
     38 112.219 279 5 0 47.7894 -124.15 -55.8642 
     38 132.479 1134 4 1 46.9353 -125.792 -84.45 
     38 125.539 271 4 0 46.7691 -125.886 -85.85 
     38 107.689 1115 3 1 43.0872 -127.75 -114.45 
     38 121.694 261 3 0 43.0351 -127.896 -115.85 
     38 128.909 1112 2 1 42.4936 -131.717 -144.45 
     38 137.939 240 2 0 42.4538 -131.989 -145.85 
     38 139.205 1106 1 1 41.4083 -137.569 -174.45 
     38 186.391 210 1 0 41.3446 -138.017 -175.85 
     38 71.3098 1102 0 1 40.4658 -147.435 -204.45 
     38 67.9006 1101 0 1 40.45 -147.475 -204.606 
     38 126.381 161 0 0 40.3427 -147.801 -205.85 
     38 183.279 291 9 0 47.6226 -121.95 63.9597 
     38 101.761 1138 9 1 47.65 -122.068 65.5047 
     38 128.869 286 9 0 47.9942 -122.772 64.15 
     38 14.3572 1197 8 1 59.6281 -125.678 35.5498 
     38 293.842 1198 8 1 59.65 -125.633 35.5009 
     38 35.3247 278 8 0 59.6956 -124.445 34.15 
     38 105.815 279 8 0 59.6968 -124.35 34.0407 
     38 3.72165 280 8 0 59.6402 -124.15 33.7659 
     38 20.6688 430 8 0 68.2513 -93.9805 33.7501 
     38 101.448 431 8 0 68.2699 -93.9499 33.8147 
     38 105.196 1240 8 1 68.2142 -93.485 35.15 
Number of digits in this event: 42
Using G4ParticleGun... 
Particle energy: 3.66717 LIN
Particle: e-
Event: 39
Number of tracker hits in this event: 22
     39 93.4793 980 7 1 16.2447 -146.871 5.55 
     39 237.875 166 7 0 16.2456 -146.871 4.15 
     39 168.719 981 6 1 16.2579 -146.894 -24.45 
     39 191.127 166 6 0 16.267 -146.897 -25.85 
     39 206.407 982 5 1 16.4724 -146.945 -54.45 
     39 154.612 166 5 0 16.4803 -146.948 -55.85 
     39 107.38 982 4 1 16.6264 -147.03 -84.45 
     39 125.839 165 4 0 16.6427 -147.031 -85.85 
     39 100.623 984 3 1 16.9899 -147.023 -114.45 
     39 155.712 165 3 0 17.0133 -147.022 -115.85 
     39 121.337 987 2 1 17.4974 -147.031 -144.45 
     39 165.561 165 2 0 17.5164 -147.032 -145.85 
     39 122.4 989 1 1 17.9173 -147.052 -174.45 
     39 117.055 165 1 0 17.9397 -147.052 -175.85 
     39 197.132 991 0 1 18.3624 -147.035 -204.45 
     39 255.167 165 0 0 18.3798 -147.033 -205.85 
     39 251.161 743 12 0 127.099 -31.3942 153.75 
     39 12.3421 1205 1 1 61.1756 -117.076 -174.85 
     39 240.233 1206 1 1 61.2502 -117.031 -174.602 
     39 147.277 980 6 1 16.2499 -146.886 -24.5096 
     39 115.562 1062 1 0 2.93025 32.45 -176.191 
     39 38.6545 1061 1 0 2.94722 32.45 -176.191 
Number of digits in this event: 18
Using G4ParticleGun... 
Particle energy: 8.36019 LIN
Particle: e-
Event: 40
Number of tracker hits in this event: 49
     40 203.942 1435 9 1 107.32 -78.9706 65.55 
     40 104.234 505 9 0 107.32 -78.9707 64.15 
     40 130.37 1435 8 1 107.323 -78.9725 35.55 
     40 286.911 505 8 0 107.324 -78.9723 34.15 
     40 120.229 1435 7 1 107.335 -78.9672 5.55 
     40 131.278 505 7 0 107.335 -78.9668 4.15 
     40 199.83 1435 6 1 107.343 -78.9593 -24.45 
     40 111.733 505 6 0 107.343 -78.9579 -25.85 
     40 138.65 1436 5 1 107.351 -78.9329 -54.45 
     40 124.777 505 5 0 107.352 -78.9313 -55.85 
     40 126.869 1436 4 1 107.37 -78.898 -84.45 
     40 110.052 505 4 0 107.371 -78.897 -85.85 
     40 131.69 1436 3 1 107.385 -78.8746 -114.45 
     40 153.646 505 3 0 107.386 -78.8729 -115.85 
     40 131.708 1436 2 1 107.421 -78.8402 -144.45 
     40 143.755 506 2 0 107.423 -78.8397 -145.85 
     40 364.577 1436 1 1 107.462 -78.8285 -174.45 
     40 130.007 506 1 0 107.462 -78.8279 -175.85 
     40 120.279 1436 0 1 107.468 -78.8154 -204.45 
     40 296.225 506 0 0 107.469 -78.8142 -205.85 
     40 232.314 883 0 0 106.987 -3.44943 -206.25 
     40 0.314293 882 0 0 106.985 -3.45 -206.24 
     40 49.1888 932 0 0 119.83 6.57101 -206.25 
     40 69.3497 933 0 0 119.873 6.65 -206.138 
     40 78.1967 934 0 0 119.949 6.85 -206.042 
     40 53.3619 935 0 0 119.969 7.05048 -205.979 
     40 95.5487 936 0 0 119.957 7.25 -205.918 
     40 26.1699 1487 0 1 117.646 7.91524 -204.85 
     40 58.0308 1486 0 1 117.55 7.92722 -204.829 
     40 66.1556 1485 0 1 117.35 7.94677 -204.775 
     40 58.989 926 0 0 115.403 5.36801 -205.85 
     40 57.5221 925 0 0 115.366 5.24979 -205.878 
     40 125.887 1479 0 1 115.957 2.55233 -204.85 
     40 335.813 1478 0 1 115.95 2.33164 -204.712 
     40 94.977 1435 3 1 107.35 -78.8576 -114.837 
     40 28.4698 516 3 0 106.975 -76.7648 -115.85 
     40 164.594 1432 3 1 106.638 -69.8726 -114.85 
     40 231.249 1434 6 1 107.15 -78.8503 -24.6224 
     40 225.647 505 1 0 107.415 -78.8591 -175.85 
     40 120.066 1434 0 1 107.08 -79.009 -204.45 
     40 209.331 505 0 0 107.145 -78.9889 -205.85 
     40 25.7373 507 0 0 106.383 -78.6313 -205.85 
     40 118.235 1435 0 1 107.341 -78.7779 -204.45 
     40 133.12 1436 8 1 107.35 -78.9814 35.5055 
     40 13.5803 1437 8 1 107.55 -79.0444 35.1758 
     40 34.9849 504 8 0 108.137 -79.0502 33.8264 
     40 48.3134 1434 9 1 107.15 -78.8722 65.3123 
     40 18.5191 507 9 0 106.509 -78.4735 64.1499 
     40 164.633 508 9 0 106.472 -78.45 64.0844 
Number of digits in this event: 30
Using G4ParticleGun... 
Particle energy: 2.88812 LIN
Particle: e-
Event: 41
Number of tracker hits in this event: 62
     41 160.009 593 11 1 -61.2817 0.740348 125.55 
     41 159.519 903 11 0 -61.2806 0.741117 124.15 
     41 124.328 593 10 1 -61.2578 0.760508 95.55 
     41 115.312 903 10 0 -61.2552 0.762084 94.15 
     41 112.224 594 9 1 -61.2058 0.807072 65.55 
     41 221.318 903 9 0 -61.2043 0.808577 64.15 
     41 124.779 594 8 1 -61.1729 0.826619 35.55 
     41 126.004 903 8 0 -61.1713 0.825542 34.15 
     41 166.409 594 7 1 -61.1396 0.801589 5.55 
     41 147.787 903 7 0 -61.1371 0.800912 4.15 
     41 130.393 594 6 1 -61.0743 0.778404 -24.45 
     41 169.538 903 6 0 -61.0799 0.767964 -25.85 
     41 122.397 594 5 1 -61.1771 0.555865 -54.45 
     41 108.074 902 5 0 -61.1762 0.544586 -55.85 
     41 154.186 594 4 1 -61.1624 0.314873 -84.45 
     41 125.27 901 4 0 -61.1639 0.302984 -85.85 
     41 98.2603 594 3 1 -61.2088 0.0637113 -114.45 
     41 160.733 595 2 1 -61.0495 -0.239447 -144.45 
     41 160.988 898 2 0 -61.0424 -0.250868 -145.85 
     41 175.259 595 1 1 -60.8821 -0.471131 -174.45 
     41 112.561 897 1 0 -60.8779 -0.483207 -175.85 
     41 162.913 596 0 1 -60.7595 -0.75458 -204.45 
     41 149.163 896 0 0 -60.7469 -0.763987 -205.85 
     41 4.4877 1448 1 0 41.4518 109.948 -176.25 
     41 192.87 1449 1 0 41.453 109.95 -176.24 
     41 284.014 1104 1 1 40.9171 109.561 -174.85 
     41 148.811 1103 1 1 40.85 109.482 -174.715 
     41 134.166 1445 1 0 40.951 109.288 -175.85 
     41 243.153 1444 1 0 41.0697 109.15 -175.999 
     41 111.942 401 5 0 11.7045 -99.75 -56.059 
     41 250.272 593 1 1 -61.4002 0.445576 -174.45 
     41 166.173 901 1 0 -61.4642 0.441824 -175.85 
     41 63.8832 585 0 1 -62.8566 -0.0611086 -204.45 
     41 26.0259 586 0 1 -62.85 -0.0548899 -204.619 
     41 86.8465 997 0 0 -47.1623 19.5335 -206.25 
     41 43.802 879 2 1 -4.24174 -9.07956 -144.85 
     41 34.7857 673 3 1 -45.25 -28.6288 -114.7 
     41 40.1952 659 3 1 -48.05 -41.1259 -114.612 
     41 14.9661 581 0 0 -132.194 -63.7828 -206.25 
     41 146.663 902 1 0 -61.0115 0.49168 -175.85 
     41 105.007 659 0 1 -48.2152 2.61386 -204.45 
     41 77.6107 911 0 0 -48.0908 2.30637 -205.85 
     41 41.5662 910 0 0 -48.0605 2.24998 -206.089 
     41 262.613 721 2 0 -39.4 -35.8123 -146.25 
     41 120.398 720 2 0 -39.661 -35.85 -146.04 
     41 196.777 634 0 1 -53.2304 -173.48 -204.45 
     41 214.135 30 0 0 -53.8088 -174.076 -205.85 
     41 85.3056 31 0 0 -54.1309 -173.95 -206.101 
     41 82.6625 593 7 1 -61.25 0.897851 5.45441 
     41 169.799 904 7 0 -61.7203 1.03593 4.14992 
     41 89.5498 912 7 0 26.3981 2.49514 3.75 
     41 7.40592 911 7 0 26.5939 2.45 3.76001 
     41 3.06153 964 7 0 74.8708 13.0359 3.75 
     41 119.241 965 7 0 74.8678 13.0502 3.7589 
     41 62.3666 966 7 0 75.0218 13.25 4.00058 
     41 72.8962 967 7 0 75.1272 13.45 4.03376 
     41 92.8463 968 7 0 75.1954 13.65 4.00617 
     41 114.677 969 7 0 75.155 13.85 4.0685 
     41 58.2299 970 7 0 75.0342 14.05 4.08172 
     41 171.705 1271 7 1 74.3069 14.7157 5.15 
     41 40.1469 1270 7 1 74.2499 14.768 5.2174 
     41 172.838 907 8 0 -61.154 1.62213 34.15 
Number of digits in this event: 34
Using G4ParticleGun... 
Particle energy: 5.78809 LIN
Particle: e-
Event: 42
Number of tracker hits in this event: 44
     42 155.611 560 10 1 -68.0047 67.6237 95.55 
     42 171.786 1237 10 0 -68.0044 67.6241 94.15 
     42 132.767 560 9 1 -68.0002 67.6293 65.55 
     42 241.745 1237 9 0 -68.0028 67.6321 64.15 
     42 151.24 559 8 1 -68.0989 67.7038 35.55 
     42 3.14231 1238 8 0 -68.1287 67.6504 34.15 
     42 107.47 1237 8 0 -68.1289 67.65 34.1403 
     42 105.637 555 7 1 -68.963 66.6904 5.55 
     42 188.718 1233 7 0 -69.0182 66.6614 4.15 
     42 105.221 548 6 1 -70.349 66.1191 -24.45 
     42 152.641 1230 6 0 -70.3623 66.116 -25.85 
     42 111.721 546 5 1 -70.675 66.1607 -54.45 
     42 78.8233 1230 5 0 -70.7811 66.2353 -55.85 
     42 34.2428 1231 5 0 -70.8009 66.25 -56.1204 
     42 124.903 535 4 1 -72.8648 67.7426 -84.45 
     42 143.654 1238 4 0 -72.9379 67.7887 -85.85 
     42 105.607 525 3 1 -74.907 68.9057 -114.45 
     42 151.946 1244 3 0 -75.0094 68.9368 -115.85 
     42 136.799 512 2 1 -77.6212 69.1691 -144.45 
     42 130.108 1245 2 0 -77.6879 69.0814 -145.851 
     42 174.844 503 1 1 -79.3195 67.0669 -174.45 
     42 100.521 1234 1 0 -79.4392 66.8961 -175.85 
     42 13.3934 1233 1 0 -79.4653 66.85 -176.191 
     42 115.837 491 0 1 -81.6603 62.8505 -204.45 
     42 124.743 1213 0 0 -81.7684 62.7101 -205.85 
     42 8.20834 1236 1 0 -79.5424 67.4426 -175.85 
     42 117.073 1237 1 0 -79.5461 67.45 -175.873 
     42 91.2254 1333 1 0 -89.9101 86.8215 -176.25 
     42 156.023 1334 1 0 -89.8139 86.85 -176.061 
     42 155.167 451 1 1 -89.7675 87.3883 -174.85 
     42 3.14813 545 3 1 -71.0463 66.0322 -114.45 
     42 108.489 544 3 1 -71.05 66.0352 -114.457 
     42 127.917 1232 3 0 -71.6114 66.491 -115.85 
     42 28.0925 1351 3 0 -97.1188 90.5154 -116.25 
     42 102.697 1352 3 0 -97.1772 90.5501 -116.137 
     42 47.0466 407 3 1 -98.5872 90.7233 -114.85 
     42 60.9619 406 3 1 -98.7504 90.7145 -114.733 
     42 245.645 405 3 1 -98.95 90.6585 -114.575 
     42 8.94037 1230 0 0 -88.6682 66.0695 -206.25 
     42 30.6658 1301 0 0 -91.5218 80.4218 -206.25 
     42 74.4097 893 1 0 -29.5923 -1.33206 -176.25 
     42 63.3642 942 0 1 8.65 -114.594 -204.601 
     42 56.3403 1736 2 0 -31.7574 167.35 -146.074 
     42 11.0775 1737 2 0 -31.7632 167.55 -145.955 
Number of digits in this event: 20
Using G4ParticleGun... 
Particle energy: 9.05418 LIN
Particle: e-
Event: 43
Number of tracker hits in this event: 113
     43 117.225 593 10 1 -61.3967 92.3361 95.55 
     43 111.544 1360 10 0 -61.3971 92.3372 94.15 
     43 124.878 593 9 1 -61.4051 92.3614 65.55 
     43 86.8435 1361 9 0 -61.4054 92.3626 64.15 
     43 132.422 593 8 1 -61.4105 92.3859 35.55 
     43 132.972 1361 8 0 -61.4102 92.3865 34.15 
     43 241.678 593 7 1 -61.3998 92.3931 5.55 
     43 120.717 1361 7 0 -61.3978 92.3937 4.15 
     43 112.141 593 6 1 -61.3554 92.406 -24.45 
     43 108.011 1361 6 0 -61.3533 92.4057 -25.85 
     43 373.846 593 5 1 -61.309 92.4026 -54.45 
     43 341.085 1361 5 0 -61.3075 92.4037 -55.85 
     43 147.244 593 4 1 -61.28 92.4281 -84.45 
     43 112.449 1361 4 0 -61.2785 92.4289 -85.85 
     43 132.347 594 3 1 -61.2499 92.4411 -114.45 
     43 108.201 1361 3 0 -61.248 92.4409 -115.85 
     43 139.071 594 2 1 -61.2119 92.4364 -144.45 
     43 118.1 1361 2 0 -61.2105 92.4364 -145.85 
     43 133.265 594 1 1 -61.1824 92.4383 -174.45 
     43 172.586 1361 1 0 -61.1818 92.437 -175.85 
     43 167.939 594 0 1 -61.1681 92.4131 -204.45 
     43 116.733 1361 0 0 -61.1667 92.4124 -205.85 
     43 87.037 436 0 1 -92.8585 169.425 -204.85 
     43 5.92495 318 11 0 -174.593 -116.35 124.118 
     43 50.3434 27 11 1 -174.597 -116.855 125.15 
     43 116.162 28 11 1 -174.55 -116.826 125.282 
     43 51.0212 1519 4 1 124.05 35.6658 -84.85 
     43 193.996 1520 4 1 124.15 35.5584 -84.7144 
     43 31.0851 1450 5 0 52.5808 110.28 -56.25 
     43 229.844 1451 5 0 52.7116 110.35 -56.0278 
     43 171.433 201 1 1 -139.75 97.4578 -174.679 
     43 171.353 1403 13 0 -146.413 100.823 183.75 
     43 287.407 717 1 1 -36.65 115.21 -174.762 
     43 232.346 716 1 1 -36.65 114.785 -174.626 
     43 55.632 1471 1 0 -36.3347 114.412 -175.85 
     43 155.084 605 4 1 -58.8595 94.8101 -84.45 
     43 126.784 1373 4 0 -58.8149 94.9192 -85.851 
     43 10.4092 1374 4 0 -58.8013 94.95 -86.213 
     43 166.409 611 3 1 -57.8464 97.3894 -114.45 
     43 18.5371 610 3 1 -57.85 97.3938 -114.744 
     43 262.41 1386 3 0 -57.8472 97.4214 -115.85 
     43 132.134 612 2 1 -57.6219 97.5036 -144.45 
     43 151.127 1386 2 0 -57.5819 97.4963 -145.85 
     43 32.172 617 1 1 -56.6357 97.4576 -174.45 
     43 185.169 616 1 1 -56.65 97.4707 -174.535 
     43 125.295 1387 1 0 -56.8562 97.6843 -175.851 
     43 9.3629 1388 1 0 -56.9138 97.75 -176.219 
     43 452.059 595 0 1 -60.9689 102.384 -204.451 
     43 58.9769 1412 0 0 -61.1304 102.709 -205.85 
     43 61.198 1413 0 0 -61.1567 102.75 -206.033 
     43 237.852 1410 0 0 -60.9425 102.222 -205.85 
     43 14.3648 1409 0 0 -60.9505 102.15 -206.189 
     43 191.053 612 3 1 -57.65 97.3567 -114.656 
     43 244.601 1384 3 0 -57.4766 97.0556 -115.85 
     43 75.7931 1385 3 0 -57.9866 97.15 -116.063 
     43 5.65899 1387 3 0 -58.2591 97.55 -115.878 
     43 87.6695 606 3 1 -58.7375 97.9119 -114.85 
     43 308.196 605 3 1 -58.85 98.066 -114.628 
     43 210.512 1310 5 0 -70.7915 82.0998 -56.25 
     43 111.068 1360 5 0 -61.3457 92.3332 -55.8508 
     43 109.766 592 4 1 -61.5636 90.1627 -84.4501 
     43 167.237 1350 4 0 -61.4071 90.1566 -85.85 
     43 102.527 613 3 1 -57.45 89.9237 -114.618 
     43 165.363 1348 3 0 -57.3368 89.7161 -115.85 
     43 107.653 628 2 1 -54.2926 84.5489 -144.45 
     43 33.8981 629 2 1 -54.25 84.3345 -144.765 
     43 80.3035 1317 2 0 -54.0757 83.5923 -145.85 
     43 86.0027 1316 2 0 -54.0538 83.45 -146.051 
     43 156.703 637 1 1 -52.5906 65.0012 -174.45 
     43 42.0029 636 1 1 -52.65 64.7849 -174.729 
     43 50.4132 1219 1 0 -52.9073 63.9187 -175.85 
     43 96.9259 1218 1 0 -52.9283 63.85 -175.94 
     43 13.3839 1217 1 0 -52.9859 63.65 -176.194 
     43 149.719 605 0 1 -58.888 42.1114 -204.45 
     43 108.767 1109 0 0 -58.8996 41.9625 -205.85 
     43 284.82 545 1 1 -70.893 103.06 -174.45 
     43 60.1623 594 7 1 -61.25 92.1859 5.33067 
     43 56.1023 1356 7 0 -60.4788 91.4047 4.15 
     43 94.4994 1355 7 0 -60.4236 91.35 4.06775 
     43 15.7223 1354 7 0 -60.2674 91.15 3.79163 
     43 122.887 1256 7 0 -31.8699 71.2585 3.75 
     43 41.0915 745 7 1 -30.9375 71.2439 5.15 
     43 118.016 746 7 1 -30.85 71.241 5.27749 
     43 26.0183 1334 8 0 -37.9783 86.993 33.75 
     43 85.8758 1335 8 0 -37.997 87.0506 33.8467 
     43 62.5246 1336 8 0 -38.024 87.2502 34.0627 
     43 10.8102 1337 8 0 -38.0586 87.45 34.1379 
     43 193.86 710 8 1 -38.0034 90.8484 35.1501 
     43 91.2383 709 8 1 -38.05 91.2641 35.3182 
     43 40.1813 708 8 1 -38.3238 91.547 35.55 
     43 63.0943 707 8 1 -38.45 91.5639 35.4774 
     43 51.2634 706 8 1 -38.65 91.634 35.417 
     43 74.7759 705 8 1 -38.85 91.6866 35.3677 
     43 167.672 704 8 1 -39.0503 91.623 35.3682 
     43 183.939 703 8 1 -39.2502 91.5022 35.3946 
     43 161.044 702 8 1 -39.45 91.0243 35.4768 
     43 77.9716 701 8 1 -39.65 90.7171 35.2119 
     43 403.959 700 8 1 -39.85 90.666 35.2729 
     43 90.1344 699 8 1 -40.05 90.4672 35.4901 
     43 226.369 1357 8 0 -38.2089 91.6045 34.15 
     43 150.768 1358 8 0 -38.2357 91.75 34.0438 
     43 98.0782 1226 8 0 21.6302 65.326 33.75 
     43 149.252 1198 7 0 -65.3972 59.7658 3.75027 
     43 97.2774 1197 7 0 -65.4923 59.6492 3.93105 
     43 100.101 1196 7 0 -65.6083 59.45 4.02416 
     43 52.7845 1195 7 0 -65.7148 59.2495 3.97648 
     43 427.25 1194 7 0 -65.7074 59.05 3.97347 
     43 93.0019 1193 7 0 -65.0194 58.8498 3.95016 
     43 233.834 1192 7 0 -65.0095 58.65 4.06744 
     43 86.8193 577 7 1 -64.6091 57.7426 5.15 
     43 175.998 572 7 1 -65.5248 59.3178 5.15006 
     43 121.224 573 7 1 -65.45 59.2313 5.53009 
     43 197.991 574 7 1 -65.2493 59.308 5.44327 
Number of digits in this event: 55
Using G4ParticleGun... 
Particle energy: 6.46351 LIN
Particle: e-
Event: 44
Number of tracker hits in this event: 127
     44 125.653 1319 10 1 83.9687 17.6071 95.55 
     44 269.485 987 10 0 83.9696 17.6064 94.15 
     44 463.658 1319 9 1 83.976 17.5946 65.55 
     44 426.97 987 9 0 83.9737 17.5953 64.15 
     44 221.069 1319 8 1 83.92 17.603 35.55 
     44 254.738 987 8 0 83.9173 17.6076 34.15 
     44 154.034 1319 7 1 83.864 17.7118 5.55 
     44 429.677 988 7 0 83.856 17.7041 4.15 
     44 105.451 1318 6 1 83.6833 17.5404 -24.45 
     44 325.231 987 6 0 83.6555 17.5364 -25.85 
     44 107.914 1315 5 1 83.067 17.4585 -54.45 
     44 176.756 987 5 0 83.0604 17.4594 -55.85 
     44 219.657 1313 4 1 82.7784 17.3596 -84.45 
     44 166.808 986 4 0 82.7889 17.3643 -85.85 
     44 116.626 1314 3 1 83.0063 17.575 -114.45 
     44 446.109 987 3 0 82.993 17.6126 -115.85 
     44 201.59 1313 2 1 82.6604 18.3966 -144.45 
     44 336.43 992 2 0 82.6485 18.4631 -145.85 
     44 133.819 1312 1 1 82.54 19.827 -174.45 
     44 135.591 999 1 0 82.5554 19.9025 -175.85 
     44 146.227 1314 0 1 82.9214 21.4663 -204.45 
     44 149.075 1007 0 0 82.9261 21.528 -205.85 
     44 133.459 990 4 0 82.7848 18.0571 -85.85 
     44 5.80173 693 8 1 -41.25 -107.741 35.3039 
     44 183.283 694 8 1 -41.25 -107.767 35.3204 
     44 270.212 1314 4 1 82.9712 17.6086 -84.45 
     44 233.261 987 4 0 82.9573 17.61 -85.85 
     44 510.162 1312 3 1 82.5347 17.6105 -114.45 
     44 162.285 1310 2 1 82.2306 17.5813 -144.45 
     44 98.7624 987 2 0 82.233 17.5876 -145.85 
     44 111.351 1311 1 1 82.285 17.7119 -174.45 
     44 293.286 988 1 0 82.2977 17.7104 -175.85 
     44 111.285 1312 0 1 82.5557 17.6497 -204.45 
     44 434.676 987 0 0 82.5717 17.6401 -205.85 
     44 172.962 988 3 0 82.527 17.6823 -115.85 
     44 102.338 1309 2 1 81.9473 17.3698 -144.45 
     44 133.804 986 2 0 81.9285 17.3584 -145.85 
     44 93.8903 1308 1 1 81.6604 17.1532 -174.45 
     44 37.9737 1307 1 1 81.65 17.147 -174.714 
     44 137.778 985 1 0 81.6133 17.1111 -175.85 
     44 16.1148 1303 0 1 80.6569 16.4817 -204.45 
     44 106.205 1302 0 1 80.65 16.474 -204.514 
     44 107.013 981 0 0 80.4985 16.3043 -205.85 
     44 207.782 1317 2 1 83.5363 17.6769 -144.45 
     44 208.351 988 2 0 83.5432 17.6833 -145.85 
     44 121.339 1318 1 1 83.6903 17.7976 -174.45 
     44 219.201 1319 0 1 84.0092 17.7453 -204.45 
     44 143.355 988 0 0 84.0164 17.7579 -205.85 
     44 221.744 1317 1 1 83.6433 17.6995 -174.45 
     44 187.136 1316 1 1 83.45 17.7601 -174.512 
     44 190.617 1315 1 1 83.2494 17.6382 -174.557 
     44 11.1678 981 1 0 85.2888 16.3105 -175.85 
     44 9.46011 1327 1 1 85.4536 16.0135 -174.85 
     44 150.171 1326 1 1 85.45 16.0135 -174.83 
     44 117.484 987 1 0 83.4824 17.5771 -175.85 
     44 160.483 985 0 0 83.9383 17.0839 -205.85 
     44 237.399 1318 0 1 83.7253 17.5492 -204.45 
     44 15.8688 1707 2 1 161.731 -41.061 -144.85 
     44 68.8189 1708 2 1 161.75 -41.0801 -144.817 
     44 24.0234 696 2 0 163.077 -40.8389 -145.85 
     44 3.22417 695 2 0 163.106 -40.85 -145.863 
     44 206.889 1722 2 1 164.651 -40.7801 -144.85 
     44 109.814 1318 8 1 83.6576 17.6534 35.55 
     44 133.691 988 8 0 83.6422 17.6574 34.15 
     44 105.918 1316 7 1 83.3284 17.7437 5.55 
     44 149.69 1314 6 1 82.9953 17.7451 -24.45 
     44 141.876 988 6 0 82.9809 17.7529 -25.85 
     44 115.79 1313 5 1 82.701 17.9009 -54.45 
     44 129.858 989 5 0 82.6822 17.9069 -55.85 
     44 422.673 1311 4 1 82.2694 18.0305 -84.45 
     44 421.009 989 4 0 82.2356 18.0429 -85.85 
     44 437.048 1307 3 1 81.5548 18.3079 -114.45 
     44 107.623 991 3 0 81.5271 18.3191 -115.85 
     44 131.435 1304 2 1 80.9537 18.5302 -144.45 
     44 139.508 1301 1 1 80.3805 18.7124 -174.45 
     44 121.021 993 1 0 80.3578 18.72 -175.85 
     44 232.618 1299 0 1 79.8922 18.8712 -204.45 
     44 116.74 994 0 0 79.8714 18.8849 -205.85 
     44 37.1285 559 4 0 -126.674 -68.05 -86.1467 
     44 22.0349 560 4 0 -126.958 -68.05 -85.8831 
     44 23.1695 280 4 1 -124.145 -65.9753 -84.85 
     44 254.282 583 4 0 -120.601 -63.257 -85.85 
     44 90.1882 584 4 0 -120.59 -63.25 -85.8518 
     44 425.881 1300 0 1 80.05 18.7834 -204.731 
     44 12.3716 920 0 0 135.974 4.25 -206.207 
     44 39.51 1558 0 1 131.873 7.33248 -204.45 
     44 136.867 1559 0 1 131.95 7.31336 -204.517 
     44 202.59 1560 0 1 132.15 7.32919 -204.63 
     44 142.361 1472 7 0 -146.623 114.6 3.75 
     44 136.382 1319 3 1 83.9985 14.4227 -114.45 
     44 243.5 969 3 0 84.0387 13.9448 -115.85 
     44 48.947 968 3 0 84.0415 13.85 -116.128 
     44 95.7634 1316 2 1 83.4245 5.11743 -144.451 
     44 182.634 1315 2 1 83.25 5.18198 -144.567 
     44 84.0787 1314 2 1 83.0492 5.2513 -144.718 
     44 213.777 926 2 0 81.519 5.41027 -145.85 
     44 47.5548 1166 1 1 53.299 4.59612 -174.45 
     44 63.074 1165 1 1 53.25 4.58054 -174.643 
     44 296.45 922 1 0 52.7759 4.5716 -175.85 
     44 4.98 923 1 0 52.6644 4.65003 -176.22 
     44 38.8327 1114 0 1 42.9897 11.7759 -204.45 
     44 96.4738 1115 0 1 43.05 11.7277 -204.562 
     44 86.8922 1116 0 1 43.2501 11.6963 -204.817 
     44 148.246 960 0 0 43.8107 12.1084 -205.85 
     44 18.5361 961 0 0 43.8793 12.25 -206.186 
     44 136.138 1309 3 1 82.03 18.0594 -114.45 
     44 92.344 990 3 0 82.0052 18.0704 -115.85 
     44 120.735 1307 2 1 81.4674 18.299 -144.45 
     44 263.472 991 2 0 81.4362 18.3074 -145.85 
     44 129.147 1303 1 1 80.7792 18.4954 -174.45 
     44 115.798 992 1 0 80.747 18.4981 -175.85 
     44 162.608 992 0 0 80.0382 18.5754 -205.85 
     44 136.016 1311 8 1 82.3822 17.6048 35.55 
     44 121.651 1302 7 1 80.5555 17.7067 5.55 
     44 148.561 1291 6 1 78.3324 17.609 -24.45 
     44 107.86 1280 5 1 76.1073 17.8406 -54.45 
     44 126.325 988 5 0 75.9887 17.8426 -55.85 
     44 146.811 1267 4 1 73.5193 17.8625 -84.45 
     44 108.731 988 4 0 73.3875 17.8454 -85.85 
     44 224.691 1253 3 1 70.7325 17.5101 -114.45 
     44 127.187 1242 2 1 68.6104 18.2623 -144.45 
     44 100.064 1232 1 1 66.545 19.2474 -174.45 
     44 113.508 996 1 0 66.4373 19.2847 -175.85 
     44 118.299 1221 0 1 64.2968 20.0924 -204.45 
     44 120.402 1000 0 0 64.1875 20.1239 -205.85 
     44 107.031 984 3 0 71.28 16.9743 -115.85 
     44 20.7116 983 3 0 71.5139 16.8499 -116.197 
Number of digits in this event: 80
Using G4ParticleGun... 
Particle energy: 3.58646 LIN
Particle: e-
Event: 45
Number of tracker hits in this event: 130
     45 109.682 809 11 1 -18.1383 -69.0348 125.55 
     45 129.133 555 11 0 -18.1383 -69.036 124.15 
     45 121.785 809 10 1 -18.1365 -69.0565 95.55 
     45 229.245 554 10 0 -18.1363 -69.0584 94.15 
     45 149.939 809 9 1 -18.1354 -69.0965 65.55 
     45 146.074 554 9 0 -18.1367 -69.1007 64.15 
     45 123.418 809 8 1 -18.1564 -69.1873 35.55 
     45 132.664 554 8 0 -18.1578 -69.1902 34.15 
     45 173.311 809 7 1 -18.1856 -69.265 5.55 
     45 95.7015 553 7 0 -18.1904 -69.2679 4.15 
     45 133.219 808 6 1 -18.2895 -69.323 -24.45 
     45 100.991 553 6 0 -18.2946 -69.3288 -25.85 
     45 124.652 808 5 1 -18.4092 -69.4118 -54.45 
     45 663.761 553 5 0 -18.4224 -69.4084 -55.85 
     45 205.929 806 4 1 -18.7705 -69.3918 -84.45 
     45 308.852 553 4 0 -18.7841 -69.3939 -85.85 
     45 113.68 805 3 1 -19.0216 -69.3877 -114.45 
     45 131.503 553 3 0 -19.027 -69.3872 -115.85 
     45 176.547 804 2 1 -19.1833 -69.3888 -144.45 
     45 138.655 553 2 0 -19.1907 -69.3998 -145.85 
     45 112.857 803 1 1 -19.3561 -69.6414 -174.45 
     45 140.878 552 1 0 -19.3594 -69.6444 -175.85 
     45 102.541 803 0 1 -19.4317 -69.6773 -204.45 
     45 171.035 551 0 0 -19.4396 -69.6829 -205.85 
     45 8.10068 438 1 0 99.2842 -92.35 -176.041 
     45 64.0808 549 0 0 -27.3591 -70.2378 -206.25 
     45 105.822 805 4 1 -18.85 -69.3223 -84.6337 
     45 203.519 804 4 1 -19.05 -69.3454 -84.5818 
     45 108.038 540 7 0 -15.407 -71.9767 4.15 
     45 5.46618 539 7 0 -15.3468 -72.05 4.13846 
     45 265.652 825 7 1 -14.9554 -72.9477 5.15 
     45 244.882 824 7 1 -15.05 -73.0254 5.38038 
     45 555.513 809 5 1 -18.1702 -69.3374 -54.45 
     45 411.245 809 4 1 -18.2476 -69.4601 -84.45 
     45 80.5935 857 3 1 -8.62973 -66.463 -114.45 
     45 67.5284 858 3 1 -8.45 -66.4302 -114.573 
     45 63.817 859 3 1 -8.24959 -66.3895 -114.708 
     45 1.35712 860 3 1 -8.05 -66.3568 -114.847 
     45 205.868 569 3 0 -6.67924 -66.1262 -115.85 
     45 38.2889 570 3 0 -6.17867 -66.05 -116.173 
     45 45.8547 1085 2 1 37.1423 -58.9516 -144.45 
     45 92.8178 1086 2 1 37.2502 -58.9276 -144.568 
     45 17.7726 1087 2 1 37.45 -58.8803 -144.796 
     45 147.539 607 2 0 38.4137 -58.5989 -145.85 
     45 70.1778 1245 1 1 69.0551 -50.5175 -174.45 
     45 141.33 1246 1 1 69.2501 -50.4776 -174.572 
     45 56.7563 1247 1 1 69.45 -50.4411 -174.671 
     45 61.2804 1248 1 1 69.65 -50.3957 -174.765 
     45 471.006 650 1 0 71.9831 -50.0218 -175.85 
     45 52.0069 651 1 0 72.9513 -49.85 -176.199 
     45 64.3248 1701 0 1 160.395 -32.5516 -204.45 
     45 103.228 1702 0 1 160.55 -32.6458 -204.575 
     45 71.6795 1703 0 1 160.75 -32.7888 -204.687 
     45 54.8499 1704 0 1 160.95 -32.9266 -204.798 
     45 279.726 731 0 0 162.405 -33.7398 -205.85 
     45 4.05431 730 0 0 162.922 -33.85 -206.241 
     45 43.9476 649 1 0 72.7863 -50.05 -175.937 
     45 26.1886 1261 1 1 72.2709 -50.2639 -174.85 
     45 308.805 1260 1 1 72.25 -50.2834 -174.811 
     45 137.372 463 4 0 -11.8374 -87.4184 -86.25 
     45 259.421 462 4 0 -11.9473 -87.4502 -86.0536 
     45 122.56 810 4 1 -18.05 -69.4152 -84.8141 
     45 0.456815 1141 4 1 48.4483 -64.3714 -84.85 
     45 0.740769 1142 4 1 48.45 -64.3712 -84.85 
     45 0.888069 592 4 0 81.0539 -61.539 -85.85 
     45 12.1481 1334 4 1 86.8988 -60.2875 -84.85 
     45 116.672 602 4 0 88.2843 -59.5014 -85.85 
     45 242.085 603 4 0 88.471 -59.45 -86.0542 
     45 13.0667 827 0 1 -14.6271 -101.487 -204.85 
     45 114.196 552 4 0 -18.2064 -69.528 -85.85 
     45 137.819 808 3 1 -18.2527 -69.7701 -114.45 
     45 101.668 551 3 0 -18.2505 -69.7836 -115.85 
     45 337.761 809 2 1 -18.2198 -70.0848 -144.45 
     45 119.77 549 2 0 -18.2208 -70.0957 -145.85 
     45 367.058 809 1 1 -18.2499 -70.3391 -174.45 
     45 239.712 548 1 0 -18.2483 -70.3458 -175.85 
     45 83.4639 809 0 1 -18.073 -70.3811 -204.45 
     45 79.8 808 0 1 -18.2501 -70.4959 -204.587 
     45 46.2919 807 0 1 -18.45 -70.3801 -204.77 
     45 167.783 552 0 0 -19.5869 -69.6499 -206.001 
     45 36.1419 553 0 0 -19.6808 -69.45 -206.163 
     45 76.6159 726 0 0 4.19507 -34.7862 -206.25 
     45 92.9448 727 0 0 4.28852 -34.65 -206.143 
     45 101.236 728 0 0 4.35909 -34.45 -205.975 
     45 253.545 921 0 1 4.44767 -34.6601 -204.85 
     45 24.5511 922 0 1 4.45 -34.6692 -204.829 
     45 179.207 1135 5 0 -157.432 47.1078 -56.25 
     45 119.175 547 0 0 -18.2817 -70.5124 -205.85 
     45 153.931 602 0 0 -29.6188 -59.5303 -206.25 
     45 76.425 748 0 1 -30.4227 -59.8511 -204.85 
     45 236.216 747 0 1 -30.45 -59.8591 -204.817 
     45 190.877 749 0 1 -30.25 -59.6974 -204.743 
     45 77.5387 597 0 0 -29.8439 -60.5069 -205.85 
     45 209.317 753 0 1 -29.3899 -61.3138 -204.85 
     45 32.6393 752 0 1 -29.45 -61.2868 -204.745 
     45 142.802 804 0 1 -19.0997 -70.7876 -204.451 
     45 36.8315 548 0 0 -19.0383 -70.45 -206.173 
     45 214.346 547 1 0 -17.5235 -70.5132 -175.85 
     45 172.763 881 0 1 -3.79896 -73.5098 -204.45 
     45 83.4495 882 0 1 -3.64994 -73.3255 -204.635 
     45 36.227 540 0 0 -3.13232 -71.9594 -205.85 
     45 80.5587 541 0 0 -3.09113 -71.85 -205.948 
     45 93.9271 542 0 0 -3.01776 -71.6497 -206.118 
     45 185.454 813 4 1 -17.28 -69.9736 -84.45 
     45 163.918 550 4 0 -17.264 -69.9972 -85.85 
     45 141.749 813 3 1 -17.3551 -70.451 -114.45 
     45 156.471 547 3 0 -17.3728 -70.5134 -115.85 
     45 156.816 540 2 0 -18.1724 -72.013 -145.85 
     45 106.12 812 1 1 -17.5941 -73.3707 -174.45 
     45 123.019 533 1 0 -17.6339 -73.3747 -175.85 
     45 62.8663 805 0 1 -19.011 -72.784 -204.45 
     45 134.394 537 0 0 -19.2595 -72.5901 -205.85 
     45 80.9113 482 0 0 19.7876 -83.4858 -206.25 
     45 30.9789 56 0 0 42.2803 -168.75 -206.119 
     45 165.959 481 0 0 20.1549 -83.65 -205.859 
     45 69.317 814 3 1 -17.25 -70.4446 -114.55 
     45 371.438 815 3 1 -17.05 -70.5039 -114.659 
     45 223.752 816 3 1 -16.85 -70.297 -114.566 
     45 30.1336 549 4 0 -17.1789 -70.0501 -86.1251 
     45 115.85 554 4 0 -17.8264 -69.0732 -85.85 
     45 128.724 559 3 0 -16.8675 -68.1034 -115.85 
     45 112.157 817 2 1 -16.478 -67.5941 -144.45 
     45 197.307 561 2 0 -16.6232 -67.7551 -145.85 
     45 119.896 802 1 1 -19.5306 -71.3048 -174.45 
     45 41.1102 542 1 0 -19.6676 -71.617 -175.85 
     45 55.6558 541 1 0 -19.6816 -71.65 -175.996 
     45 154.287 788 0 1 -22.3584 -78.022 -204.45 
     45 128.144 508 0 0 -22.4873 -78.3351 -205.85 
     45 33.7833 760 2 0 42.4125 -27.8574 -146.25 
     45 91.0301 761 2 0 42.4113 -27.85 -146.236 
Number of digits in this event: 64
Using G4ParticleGun... 
Particle energy: 7.8516 LIN
Particle: e-
Event: 46
Number of tracker hits in this event: 60
     46 34.3641 1205 11 1 61.0657 55.5649 125.234 
     46 148.92 1177 11 0 61.0657 55.5649 124.15 
     46 245.054 1205 10 1 61.0625 55.5635 95.55 
     46 123.559 1177 10 0 61.0627 55.5637 94.15 
     46 120.152 1205 9 1 61.0655 55.5663 65.55 
     46 104.182 1177 9 0 61.0642 55.5662 64.15 
     46 127.411 1204 8 1 61.0383 55.5619 35.55 
     46 100.967 1177 8 0 61.0366 55.5624 34.15 
     46 119.859 1204 7 1 61.0021 55.5732 5.55 
     46 106.914 1177 7 0 61.0001 55.5736 4.15 
     46 107.751 1204 6 1 60.9579 55.5833 -24.45 
     46 242.777 1177 6 0 60.9556 55.5825 -25.85 
     46 89.1462 1204 5 1 60.9107 55.5637 -54.45 
     46 235.075 1177 5 0 60.9088 55.5638 -55.85 
     46 119.286 1204 4 1 60.868 55.5608 -84.45 
     46 270.869 1177 4 0 60.8668 55.5604 -85.85 
     46 216.557 1203 3 1 60.8426 55.548 -114.45 
     46 118.043 1177 3 0 60.8421 55.5463 -115.85 
     46 313.555 1203 2 1 60.8343 55.5115 -144.45 
     46 170.98 1177 2 0 60.8337 55.5082 -145.85 
     46 133.55 1203 1 1 60.8215 55.4335 -174.45 
     46 186.806 1176 1 0 60.8202 55.4292 -175.85 
     46 110.673 1203 0 1 60.7898 55.3372 -204.45 
     46 123.302 1176 0 0 60.7881 55.3338 -205.85 
     46 72.6101 1073 4 0 95.6711 34.7972 -86.25 
     46 72.8798 388 4 1 -102.35 -75.3733 -84.546 
     46 245.826 1466 2 1 113.467 46.9273 -144.45 
     46 259.78 1205 5 1 61.0712 55.4925 -54.45 
     46 114.703 1205 4 1 61.2088 55.0513 -84.45 
     46 108.609 1174 4 0 61.2221 55.0422 -85.85 
     46 160.956 1207 3 1 61.5813 54.8983 -114.45 
     46 151.692 1174 3 0 61.6342 54.8884 -115.85 
     46 110.247 1212 2 1 62.6028 54.6958 -144.45 
     46 104.271 1173 2 0 62.6594 54.6649 -145.85 
     46 142.623 1218 1 1 63.7567 54.107 -174.45 
     46 108.571 1170 1 0 63.7763 54.0742 -175.85 
     46 100.402 1220 0 1 64.0965 53.5213 -204.45 
     46 168.85 1167 0 0 64.1279 53.4814 -205.85 
     46 148.914 1202 5 1 60.5853 56.072 -54.45 
     46 131.137 1179 5 0 60.5049 56.042 -55.85 
     46 145.124 1194 4 1 59 55.6839 -84.45 
     46 110.455 1201 3 1 60.2844 52.2243 -114.45 
     46 19.5085 1160 3 0 60.3112 52.0583 -115.85 
     46 126.574 1159 3 0 60.3126 52.05 -115.919 
     46 91.0839 1204 2 1 60.85 48.8186 -144.491 
     46 33.3687 1143 2 0 60.928 48.6671 -145.85 
     46 90.5964 1142 2 0 60.937 48.65 -146 
     46 134.47 1214 1 1 62.8859 45.4494 -174.45 
     46 134.706 1126 1 0 62.5754 45.3257 -175.85 
     46 21.4784 1174 0 1 54.879 42.7733 -204.45 
     46 99.6942 1173 0 1 54.85 42.7684 -204.549 
     46 115.969 1113 0 0 54.4777 42.7056 -205.85 
     46 124.203 1178 2 0 60.8093 55.6755 -145.85 
     46 210.925 1201 1 1 60.3167 57.4175 -174.45 
     46 98.1624 1187 1 0 60.2649 57.4737 -175.85 
     46 101.652 1194 0 1 58.9809 58.5801 -204.45 
     46 140.232 1192 0 0 58.9033 58.5916 -205.85 
     46 47.6502 1479 3 0 68.2151 116.024 -116.25 
     46 158.02 1478 3 0 68.2459 115.95 -116.123 
     46 215.213 1247 3 1 69.5163 115.461 -114.85 
Number of digits in this event: 34
Using G4ParticleGun... 
Particle energy: 2.82157 LIN
Particle: e-
Event: 47
Number of tracker hits in this event: 22
     47 178.9 356 9 1 -108.791 59.3063 65.55 
     47 171.03 1196 9 0 -108.792 59.3091 64.15 
     47 129.934 356 8 1 -108.833 59.3658 35.55 
     47 117.861 1196 8 0 -108.834 59.368 34.15 
     47 138.003 356 7 1 -108.853 59.3715 5.55 
     47 204.337 1196 7 0 -108.852 59.3688 4.15 
     47 137.801 356 6 1 -108.851 59.3174 -24.45 
     47 154.08 1196 6 0 -108.85 59.3173 -25.85 
     47 125.474 356 5 1 -108.785 59.299 -54.45 
     47 122.117 1196 5 0 -108.779 59.2955 -55.85 
     47 118.921 357 4 1 -108.636 59.2588 -84.45 
     47 160.151 1196 4 0 -108.625 59.2544 -85.85 
     47 179.2 358 3 1 -108.427 59.1696 -114.45 
     47 120.691 1195 3 0 -108.407 59.1614 -115.85 
     47 78.4558 360 2 1 -107.955 59.0029 -144.45 
     47 29.7946 361 2 1 -107.95 59.0028 -144.709 
     47 119.935 1194 2 0 -107.925 59.0025 -145.85 
     47 136.688 364 1 1 -107.299 58.9801 -174.45 
     47 103.442 1194 1 0 -107.269 58.9736 -175.85 
     47 114.414 367 0 1 -106.677 58.8571 -204.45 
     47 149.662 1193 0 0 -106.636 58.8494 -205.85 
     47 193.513 1195 4 0 -108.624 59.25 -85.9269 
Number of digits in this event: 17
Using G4ParticleGun... 
Particle energy: 7.27008 LIN
Particle: e-
Event: 48
Number of tracker hits in this event: 34
     48 150.248 1121 11 1 44.2937 -54.2597 125.55 
     48 162.45 628 11 0 44.2926 -54.2595 124.15 
     48 136.282 1121 10 1 44.2755 -54.2556 95.55 
     48 150.941 628 10 0 44.274 -54.2549 94.15 
     48 105.793 1120 9 1 44.2405 -54.2395 65.55 
     48 178.364 629 9 0 44.2374 -54.2398 64.15 
     48 124.447 1120 8 1 44.1762 -54.2451 35.55 
     48 128.699 629 8 0 44.1725 -54.2464 34.15 
     48 99.6965 1120 7 1 44.1013 -54.2689 5.55 
     48 130.741 628 7 0 44.098 -54.2706 4.15 
     48 284.686 1119 6 1 44.0253 -54.3 -24.45 
     48 121.721 628 6 0 44.0218 -54.3018 -25.85 
     48 134.868 1119 5 1 43.9491 -54.3333 -54.45 
     48 131.995 628 5 0 43.9463 -54.3359 -55.85 
     48 115.44 1119 4 1 43.8838 -54.3914 -84.45 
     48 113.623 628 4 0 43.8778 -54.3943 -85.85 
     48 90.2291 1118 3 1 43.7553 -54.4517 -114.45 
     48 143.038 627 3 0 43.7493 -54.4539 -115.85 
     48 134.339 1117 2 1 43.6329 -54.5003 -144.45 
     48 132.667 627 2 0 43.6282 -54.5008 -145.85 
     48 121.859 1117 1 1 43.532 -54.5175 -174.45 
     48 100.615 627 1 0 43.5285 -54.518 -175.85 
     48 40.8803 1117 0 1 43.4505 -54.5304 -204.45 
     48 107.934 1116 0 1 43.45 -54.5306 -204.567 
     48 111.016 627 0 0 43.4449 -54.5332 -205.85 
     48 12.4529 661 6 1 -47.677 -63.4223 -24.45 
     48 103.296 1250 3 1 70.0956 -53.135 -114.85 
     48 254.79 502 14 0 47.3642 -79.4726 213.75 
     48 19.7967 397 6 0 163.601 -100.716 -26.25 
     48 31.0386 396 6 0 163.738 -100.75 -25.9397 
     48 46.2818 1722 6 1 164.652 -101.387 -24.85 
     48 75.1188 1723 6 1 164.75 -101.395 -24.7412 
     48 449.604 1724 6 1 164.95 -101.417 -24.6238 
     48 25.5637 393 6 0 164.35 -101.5 -25.85 
Number of digits in this event: 22
Using G4ParticleGun... 
Particle energy: 4.5515 LIN
Particle: e-
Event: 49
Number of tracker hits in this event: 183
     49 127.581 782 11 1 -23.5203 -43.8256 125.55 
     49 150.868 681 11 0 -23.5206 -43.8257 124.15 
     49 162.826 782 10 1 -23.5225 -43.8317 95.55 
     49 108.838 681 10 0 -23.5234 -43.8324 94.15 
     49 225.469 782 9 1 -23.5478 -43.8369 65.55 
     49 110.22 681 9 0 -23.549 -43.8374 64.15 
     49 473.893 782 8 1 -23.5739 -43.8547 35.55 
     49 101.416 680 8 0 -23.5736 -43.855 34.15 
     49 104.682 782 7 1 -23.5589 -43.8702 5.55 
     49 176.536 680 7 0 -23.5618 -43.8727 4.15 
     49 323.568 782 6 1 -23.6151 -43.9217 -24.45 
     49 344.895 680 6 0 -23.6162 -43.9245 -25.85 
     49 136.693 782 5 1 -23.6375 -43.9958 -54.45 
     49 131.648 680 5 0 -23.6397 -43.9984 -55.85 
     49 146.851 781 4 1 -23.6749 -44.0443 -84.45 
     49 159.818 680 4 0 -23.6775 -44.0489 -85.85 
     49 20.7788 679 4 0 -23.6781 -44.05 -86.178 
     49 132.7 781 3 1 -23.7292 -44.1405 -114.45 
     49 180.068 679 3 0 -23.7328 -44.144 -115.85 
     49 139.352 781 2 1 -23.8075 -44.2113 -144.45 
     49 139.403 679 2 0 -23.8139 -44.2121 -145.85 
     49 111.625 780 1 1 -23.9675 -44.2367 -174.45 
     49 140.89 679 1 0 -23.9784 -44.2358 -175.85 
     49 281.548 779 0 1 -24.1986 -44.1984 -204.45 
     49 98.4218 679 0 0 -24.2044 -44.1934 -205.85 
     49 95.2753 136 8 0 -6.54121 -152.808 33.75 
     49 65.7783 135 8 0 -6.37699 -152.95 33.9783 
     49 452.393 875 8 1 -5.03376 -153.636 35.15 
     49 96.3514 876 8 1 -4.85 -153.071 35.1941 
     49 107.581 877 8 1 -4.64993 -152.883 35.2155 
     49 107.637 138 8 0 -6.11264 -152.438 34.15 
     49 80.8268 866 8 1 -6.65239 -151.479 35.15 
     49 36.6446 140 8 0 -6.70478 -152.031 34.15 
     49 36.4159 894 7 0 105.813 -1.25 3.85357 
     49 131.428 1294 6 0 -90.1763 78.9975 -26.25 
     49 116.42 1295 6 0 -90.15 79.1144 -26.122 
     49 98.3698 681 6 0 -23.617 -43.85 -26.2473 
     49 226.809 778 5 1 -24.3514 -43.3758 -54.45 
     49 261.07 683 5 0 -24.3835 -43.2992 -55.85 
     49 135.918 775 4 1 -24.9403 -41.8337 -84.4502 
     49 104.782 691 4 0 -24.9598 -41.7508 -85.85 
     49 250.271 773 3 1 -25.4344 -39.9147 -114.45 
     49 127.34 701 3 0 -25.4692 -39.7179 -115.85 
     49 114.723 768 2 1 -26.3756 -35.609 -144.45 
     49 45.9155 722 2 0 -26.3231 -35.4696 -145.85 
     49 71.462 723 2 0 -26.3148 -35.45 -146.041 
     49 217.218 772 1 1 -25.5848 -32.9511 -174.45 
     49 124.9 736 1 0 -25.5333 -32.7257 -175.85 
     49 115.112 783 0 1 -23.2601 -28.8783 -204.45 
     49 125.394 756 0 0 -23.2285 -28.7786 -205.85 
     49 124.718 812 5 1 -17.5561 -44.874 -54.45 
     49 126.435 813 5 1 -17.45 -44.8955 -54.6935 
     49 237.286 675 5 0 -16.937 -44.9968 -55.8502 
     49 76.1486 880 4 1 -3.94188 -46.8448 -84.45 
     49 38.5023 881 4 1 -3.85 -46.8093 -84.7361 
     49 71.4368 666 4 0 -3.51128 -46.6824 -85.85 
     49 38.7078 667 4 0 -3.4362 -46.65 -86.1043 
     49 129.571 919 3 1 3.93303 -42.3691 -114.45 
     49 112.012 689 3 0 4.27157 -42.2054 -115.85 
     49 18.4376 957 2 1 11.4688 -37.4852 -144.45 
     49 126.374 956 2 1 11.45 -37.4828 -144.536 
     49 6.59534 712 2 0 11.1524 -37.4509 -145.85 
     49 116.214 713 2 0 11.1455 -37.45 -145.881 
     49 298.004 917 1 1 3.62487 -35.5033 -174.45 
     49 3.62442 731 1 0 3.61168 -33.6607 -175.85 
     49 124.296 732 1 0 3.61183 -33.65 -175.858 
     49 66.3038 733 1 0 3.59979 -33.45 -175.998 
     49 55.528 734 1 0 3.57894 -33.25 -176.143 
     49 31.2245 902 0 1 0.64242 1.88449 -204.45 
     49 272.475 903 0 1 0.650022 1.9156 -204.486 
     49 9.9896 915 0 0 0.9646 3.21551 -205.85 
     49 86.4729 916 0 0 0.972214 3.25035 -205.885 
     49 77.7885 917 0 0 1.02025 3.45 -206.105 
     49 196.304 904 0 1 0.85 1.63235 -204.481 
     49 90.5233 905 0 1 1.05 1.52008 -204.459 
     49 53.2343 1068 1 1 33.7653 -61.5691 -174.45 
     49 96.5954 1069 1 1 33.85 -61.6179 -174.541 
     49 248.51 1070 1 1 34.05 -61.736 -174.587 
     49 39.4896 1071 1 1 34.2501 -61.8174 -174.504 
     49 20.5263 561 1 0 35.0094 -67.7808 -175.85 
     49 61.8443 560 1 0 35.031 -67.85 -175.874 
     49 86.8337 559 1 0 35.1535 -68.05 -175.943 
     49 4.02424 558 1 0 35.3574 -68.25 -175.857 
     49 87.1137 1089 1 1 37.8583 -69.07 -174.85 
     49 197.576 1090 1 1 38.05 -69.1227 -174.688 
     49 370.718 1091 1 1 38.2501 -69.3722 -174.52 
     49 107.288 814 5 1 -17.2499 -44.6642 -54.62 
     49 252.267 815 5 1 -17.05 -44.6949 -54.4689 
     49 111.952 816 5 1 -16.85 -44.7337 -54.451 
     49 69.3365 815 7 0 -31.6388 -16.9959 3.75 
     49 71.8506 816 7 0 -31.719 -16.8498 3.91715 
     49 567.65 740 7 1 -31.9366 -16.7376 5.15094 
     49 342.468 739 7 1 -32.05 -16.1452 5.50218 
     49 197.282 783 10 1 -23.45 -43.936 95.4895 
     49 0.0368179 784 10 1 -23.25 -44.1931 95.1503 
     49 86.4272 674 10 0 -22.8488 -45.0817 94.15 
     49 81.4785 673 10 0 -22.7473 -45.25 93.919 
     49 13.6227 878 9 1 -4.43101 -64.3183 65.5498 
     49 130.832 877 9 1 -4.45 -64.2941 65.4817 
     49 198.474 583 9 0 -4.71131 -63.2602 64.15 
     49 24.8636 584 9 0 -4.71348 -63.25 64.1361 
     49 27.3331 470 9 0 25.5393 -85.9233 63.75 
     49 11.7425 539 9 0 -18.8553 -72.1867 63.75 
     49 233.671 681 8 0 -23.5397 -43.8062 34.15 
     49 275.608 781 7 1 -23.6825 -43.8026 5.55 
     49 226.527 681 7 0 -23.6881 -43.7989 4.15 
     49 107.387 780 6 1 -23.8861 -43.6624 -24.45 
     49 118.525 681 5 0 -24.3027 -43.6715 -55.85 
     49 145.165 776 4 1 -24.7167 -43.7175 -84.45 
     49 477.531 681 4 0 -24.7426 -43.7282 -85.85 
     49 264.38 680 3 0 -25.2863 -43.9502 -115.85 
     49 174.523 770 2 1 -26.0355 -43.8844 -144.45 
     49 132.085 680 2 0 -26.0852 -43.8793 -145.85 
     49 113.962 764 1 1 -27.0606 -43.8425 -174.45 
     49 131.685 681 1 0 -27.1089 -43.8417 -175.85 
     49 114.805 759 0 1 -28.1261 -43.8927 -204.45 
     49 104.433 680 0 0 -28.1728 -43.9024 -205.85 
     49 90.8161 112 1 0 -68.6635 -157.697 -176.25 
     49 13.5712 111 1 0 -68.5343 -157.75 -176.239 
     49 205.724 761 0 1 -27.8259 -43.7226 -204.45 
     49 260.561 681 0 0 -27.7735 -43.7986 -205.85 
     49 94.3767 760 0 1 -27.8501 -43.7293 -204.599 
     49 93.1595 682 1 0 -25.6069 -43.466 -175.85 
     49 29.907 683 1 0 -25.6105 -43.45 -176.139 
     49 375.816 768 0 1 -26.388 -42.0402 -204.45 
     49 131.81 690 0 0 -26.3826 -42.0485 -205.85 
     49 80.4029 841 2 0 63.717 -11.8111 -146.25 
     49 68.6901 842 2 0 63.6876 -11.65 -146.095 
     49 11.3489 843 2 0 63.6362 -11.45 -145.89 
     49 113.95 1216 2 1 63.3718 -10.7626 -144.85 
     49 20.9445 1215 2 1 63.25 -10.4713 -144.489 
     49 114.792 784 3 1 -23.1827 -43.8448 -114.45 
     49 108.5 785 2 1 -22.92 -46.4402 -144.45 
     49 113.461 666 2 0 -23.0705 -46.6751 -145.85 
     49 135.611 770 1 1 -25.953 -49.5999 -174.45 
     49 23.2376 769 1 1 -26.05 -49.7011 -174.753 
     49 38.6537 650 1 0 -26.402 -50.015 -175.85 
     49 89.2338 649 1 0 -26.44 -50.05 -175.95 
     49 130.951 709 0 1 -38.1114 -60.2895 -204.45 
     49 3.00854 708 0 1 -38.25 -60.3855 -204.839 
     49 9.99743 597 0 0 -38.5663 -60.6403 -205.85 
     49 119.897 596 0 0 -38.5787 -60.65 -205.89 
     49 81.9387 387 8 0 14.3469 -102.658 33.75 
     49 462.435 779 3 1 -24.1822 -43.698 -114.45 
     49 457.401 681 3 0 -24.1762 -43.6887 -115.85 
     49 126.22 779 2 1 -24.1629 -43.5741 -144.45 
     49 105.893 682 2 0 -24.1854 -43.5402 -145.85 
     49 144.158 777 1 1 -24.5852 -42.8272 -174.45 
     49 129.278 686 1 0 -24.6174 -42.7972 -175.85 
     49 120.634 774 0 1 -25.2288 -42.1079 -204.45 
     49 114.346 689 0 0 -25.2986 -42.0617 -205.85 
     49 128.464 784 2 1 -23.1671 -44.7127 -144.45 
     49 127.127 676 2 0 -23.0992 -44.8121 -145.85 
     49 45.9382 790 1 1 -21.852 -46.7223 -174.45 
     49 257.696 791 1 1 -21.85 -46.7256 -174.501 
     49 114.556 666 1 0 -21.8055 -46.817 -175.85 
     49 159.84 796 0 1 -20.6993 -48.7336 -204.45 
     49 127.162 656 0 0 -20.6591 -48.798 -205.85 
     49 110.092 772 2 1 -25.4645 -44.5368 -144.45 
     49 421.571 677 2 0 -25.5469 -44.551 -145.85 
     49 126.406 763 1 1 -27.3213 -44.9148 -174.45 
     49 106.12 676 1 0 -27.2995 -44.8272 -175.85 
     49 156.75 767 0 1 -26.5189 -43.0116 -204.45 
     49 157.972 685 0 0 -26.4052 -43.0133 -205.851 
     49 110.176 682 3 0 -24.5285 -43.6323 -115.85 
     49 123.795 682 7 0 -23.6683 -43.6377 4.15 
     49 127.677 776 6 1 -24.6797 -43.6132 -24.45 
     49 111.93 682 6 0 -24.7858 -43.6026 -25.85 
     49 94.8402 765 5 1 -26.9707 -43.3842 -54.45 
     49 37.6496 755 4 1 -29.0399 -42.6311 -84.45 
     49 67.4129 754 4 1 -29.05 -42.6228 -84.5774 
     49 164.542 687 4 0 -29.1545 -42.5348 -85.85 
     49 125.52 741 3 1 -31.7016 -40.8341 -114.45 
     49 122.017 696 3 0 -31.857 -40.7339 -115.85 
     49 10.5994 725 2 1 -35.0444 -38.5208 -144.45 
     49 110.234 724 2 1 -35.05 -38.5185 -144.505 
     49 20.6018 707 2 0 -35.1978 -38.454 -145.85 
     49 108.583 708 2 0 -35.2066 -38.45 -145.931 
     49 121.069 708 1 1 -38.2662 -37.2809 -174.45 
     49 95.2581 714 1 0 -38.3183 -37.2175 -175.85 
     49 104.657 704 0 1 -39.1511 -35.868 -204.45 
     49 114.842 721 0 0 -39.0953 -35.8408 -205.85 
     49 14.5833 770 5 1 -25.8745 -43.7382 -54.45 
Number of digits in this event: 85
Using G4ParticleGun... 
Particle energy: 2.68822 LIN
Particle: e-
Event: 50
Number of tracker hits in this event: 126
     50 208.218 657 8 1 -48.6194 -135.009 35.55 
     50 109.117 225 8 0 -48.6188 -135.007 34.15 
     50 174.462 657 7 1 -48.5972 -134.951 5.55 
     50 128.65 226 7 0 -48.5914 -134.947 4.15 
     50 588.644 657 6 1 -48.4587 -134.87 -24.45 
     50 227.482 226 6 0 -48.4521 -134.868 -25.85 
     50 115.913 658 5 1 -48.3217 -134.815 -54.45 
     50 279.834 226 5 0 -48.3146 -134.816 -55.85 
     50 96.8858 659 4 1 -48.1692 -134.863 -84.45 
     50 256.082 226 4 0 -48.166 -134.869 -85.85 
     50 323.559 659 3 1 -48.1054 -135.004 -114.45 
     50 542.221 225 3 0 -48.11 -135.005 -115.85 
     50 293.575 659 2 1 -48.223 -135.051 -144.45 
     50 154.599 225 2 0 -48.2327 -135.054 -145.85 
     50 214.54 657 1 1 -48.4612 -135.103 -174.45 
     50 259.763 225 1 0 -48.486 -135.095 -175.85 
     50 106.347 655 0 1 -49.0202 -134.931 -204.45 
     50 137.648 226 0 0 -49.0459 -134.934 -205.85 
     50 84.6887 125 4 0 30.0098 -155.036 -86.25 
     50 157.517 126 4 0 29.9486 -154.95 -86.1934 
     50 198.384 721 9 1 -35.7145 66.7764 65.5498 
     50 199.191 722 9 1 -35.65 66.6965 65.454 
     50 201.037 224 2 0 -48.1745 -135.19 -145.85 
     50 318.648 658 1 1 -48.2753 -135.189 -174.45 
     50 135.824 661 0 1 -47.7881 -134.405 -204.45 
     50 144.38 228 0 0 -47.7814 -134.365 -205.85 
     50 80.8376 226 2 0 -47.925 -134.864 -145.85 
     50 79.5519 227 2 0 -47.8511 -134.75 -146.094 
     50 28.2322 921 2 0 34.7479 4.36465 -146.25 
     50 109.512 922 2 0 34.8014 4.45 -146.225 
     50 69.2908 923 2 0 34.9018 4.65 -146.153 
     50 69.0347 924 2 0 34.9739 4.85 -146.089 
     50 63.0424 925 2 0 34.9346 5.05 -145.97 
     50 89.7434 1067 2 1 33.6411 6.44817 -144.85 
     50 200.938 1066 2 1 33.4497 6.66894 -144.681 
     50 140.118 893 3 0 26.727 -1.34897 -116.25 
     50 84.8116 892 3 0 26.4951 -1.45 -115.952 
     50 68.8307 1026 3 1 25.3714 -3.77925 -114.85 
     50 75.6755 1025 3 1 25.25 -3.91188 -114.743 
     50 99.1161 1024 3 1 25.05 -3.9402 -114.674 
     50 413.311 1023 3 1 24.85 -3.78074 -114.741 
     50 86.1567 1022 3 1 24.6498 -3.61702 -114.715 
     50 203.38 658 0 1 -48.3224 -134.901 -204.45 
     50 91.346 657 0 1 -48.45 -134.872 -204.671 
     50 254.013 227 0 0 -49.052 -134.704 -205.85 
     50 112.416 234 0 0 -67.1103 -133.2 -206.25 
     50 28.3016 561 0 1 -67.8094 -132.812 -204.85 
     50 134.335 560 0 1 -67.85 -132.782 -204.776 
     50 139.403 225 0 0 -48.2179 -135.031 -205.85 
     50 123.491 666 2 1 -46.8063 -134.572 -144.45 
     50 109.735 229 2 0 -46.7226 -134.279 -145.85 
     50 108.666 677 1 1 -44.5032 -128.216 -174.45 
     50 166.783 261 1 0 -44.515 -127.909 -175.85 
     50 125.913 672 0 1 -45.6036 -121.277 -204.45 
     50 122.099 298 0 0 -45.4421 -120.547 -205.85 
     50 4.86874 299 0 0 -45.3781 -120.35 -206.232 
     50 8.83291 661 1 1 -47.832 -134.919 -174.45 
     50 165.531 660 1 1 -47.85 -134.909 -174.451 
     50 57.1945 659 1 1 -48.0501 -134.859 -174.485 
     50 63.4459 656 1 1 -48.65 -134.725 -174.622 
     50 75.7003 655 1 1 -48.85 -134.696 -174.633 
     50 89.5761 654 1 1 -49.05 -134.634 -174.654 
     50 52.4886 653 1 1 -49.25 -134.57 -174.672 
     50 70.007 652 1 1 -49.45 -134.515 -174.679 
     50 82.2379 651 1 1 -49.65 -134.454 -174.654 
     50 67.1749 650 1 1 -49.8504 -134.397 -174.651 
     50 73.3227 649 1 1 -50.05 -134.34 -174.683 
     50 134.037 648 1 1 -50.25 -134.304 -174.712 
     50 51.1445 647 1 1 -50.45 -134.285 -174.728 
     50 48.6641 646 1 1 -50.6501 -134.275 -174.753 
     50 45.1541 645 1 1 -50.8506 -134.267 -174.762 
     50 106.711 644 1 1 -51.05 -134.261 -174.772 
     50 111.086 643 1 1 -51.25 -134.257 -174.798 
     50 154.3 642 1 1 -51.45 -134.245 -174.798 
     50 66.0443 641 1 1 -51.65 -134.207 -174.773 
     50 84.9941 640 1 1 -51.85 -134.148 -174.741 
     50 65.9837 639 1 1 -52.05 -134.092 -174.697 
     50 64.9983 638 1 1 -52.25 -134.035 -174.648 
     50 70.9308 637 1 1 -52.4503 -133.984 -174.582 
     50 67.3337 636 1 1 -52.65 -133.926 -174.506 
     50 59.483 612 2 1 -57.5778 -111.341 -144.85 
     50 275.433 227 1 0 -48.1151 -134.728 -175.85 
     50 21.0831 634 0 1 -53.2419 -130.789 -204.45 
     50 81.9206 633 0 1 -53.25 -130.774 -204.518 
     50 118.156 248 0 0 -53.4027 -130.473 -205.85 
     50 78.9568 249 1 0 -51.7845 -130.306 -176.25 
     50 29.4505 658 6 1 -48.3801 -134.917 -24.45 
     50 241.279 656 6 1 -48.65 -134.999 -24.4607 
     50 23.3658 59 7 0 -83.8412 -168.324 3.75 
     50 144.169 58 7 0 -83.8659 -168.35 3.78292 
     50 106.041 481 7 1 -83.723 -168.383 5.15 
     50 287.321 482 7 1 -83.65 -168.205 5.3301 
     50 181.674 483 7 1 -83.4494 -168.05 5.50441 
     50 116.548 656 5 1 -48.6781 -134.897 -54.45 
     50 109.636 656 4 1 -48.7517 -134.833 -84.45 
     50 135.781 656 3 1 -48.7796 -134.997 -114.45 
     50 128.639 656 2 1 -48.6817 -135.124 -144.45 
     50 155.592 222 1 0 -48.3391 -135.709 -175.85 
     50 146.634 659 0 1 -48.1073 -136.428 -204.45 
     50 141.027 218 0 0 -48.0874 -136.468 -205.85 
     50 180.213 225 6 0 -48.5488 -134.977 -25.85 
     50 138.516 661 5 1 -47.7607 -137.523 -54.45 
     50 139.804 212 5 0 -47.7442 -137.61 -55.85 
     50 19.3935 670 4 1 -45.8946 -138.142 -84.45 
     50 109.021 671 4 1 -45.85 -138.134 -84.5209 
     50 72.5912 672 4 1 -45.65 -138.174 -84.8027 
     50 82.8264 210 4 0 -44.9341 -138.147 -85.85 
     50 40.473 209 4 0 -44.8092 -138.15 -86.0523 
     50 19.841 656 8 1 -48.65 -135.082 35.2014 
     50 100.315 223 8 0 -48.8901 -135.461 34.15 
     50 6.82465 222 8 0 -48.9329 -135.55 33.7791 
     50 28.4772 645 7 1 -50.9779 -145.328 5.54987 
     50 62.3472 644 7 1 -51.05 -145.281 5.50728 
     50 64.7148 643 7 1 -51.25 -145.188 5.44041 
     50 55.2758 642 7 1 -51.45 -145.027 5.37738 
     50 67.3897 641 7 1 -51.65 -144.927 5.35361 
     50 61.4312 640 7 1 -51.85 -144.783 5.32186 
     50 55.0215 639 7 1 -52.05 -144.594 5.24184 
     50 95.639 184 7 0 -53.4056 -143.333 4.15 
     50 83.7567 185 7 0 -53.5615 -143.15 4.01332 
     50 81.2763 186 7 0 -53.8292 -142.95 3.97794 
     50 60.5268 187 7 0 -54.0385 -142.75 3.9765 
     50 135.267 188 7 0 -54.2079 -142.55 3.97784 
     50 81.5743 189 7 0 -54.3228 -142.348 3.96312 
     50 59.751 190 7 0 -54.4006 -142.15 3.86975 
     50 115.946 191 7 0 -54.4568 -141.95 3.83089 
Number of digits in this event: 51
Using G4ParticleGun... 
Particle energy: 2.73324 LIN
Particle: e-
Event: 51
Number of tracker hits in this event: 62
     51 124.954 1328 8 1 85.8397 -108.951 35.55 
     51 208.624 355 8 0 85.847 -108.954 34.15 
     51 105.977 1329 7 1 85.9709 -109.034 5.55 
     51 163.107 355 7 0 85.9744 -109.04 4.15 
     51 479.302 1329 6 1 86.0402 -109.173 -24.45 
     51 91.2224 354 6 0 86.051 -109.179 -25.85 
     51 119.14 1331 5 1 86.2825 -109.307 -54.45 
     51 124.919 354 5 0 86.2963 -109.318 -55.85 
     51 364.985 1332 4 1 86.5691 -109.517 -84.45 
     51 139.743 353 4 0 86.5792 -109.528 -85.85 
     51 99.2481 1333 3 1 86.7753 -109.774 -114.45 
     51 144.5 351 3 0 86.7838 -109.782 -115.85 
     51 96.4274 1334 2 1 86.9476 -109.901 -144.45 
     51 139.254 351 2 0 86.9519 -109.904 -145.85 
     51 96.3628 1334 1 1 87.0288 -109.956 -174.45 
     51 98.236 350 1 0 87.0308 -109.958 -175.85 
     51 130.482 1335 0 1 87.0752 -109.992 -204.45 
     51 269.298 350 0 0 87.0726 -110.011 -205.85 
     51 132.739 115 10 0 -51.5672 -157.086 93.75 
     51 3.12952 116 10 0 -51.4796 -156.95 94.1392 
     51 66.6103 644 10 1 -51.1327 -156.639 95.15 
     51 40.0145 645 10 1 -51.05 -156.608 95.4317 
     51 90.8135 1595 12 1 139.229 171.378 155.15 
     51 99.0888 1333 4 1 86.65 -109.452 -84.7221 
     51 247.845 1334 4 1 86.85 -109.432 -84.6635 
     51 219.486 1332 1 1 86.5282 -109.565 -174.45 
     51 227.841 353 1 0 86.3798 -109.392 -175.85 
     51 13.5866 354 1 0 86.339 -109.35 -176.183 
     51 152.95 1311 0 1 82.4234 -106.181 -204.45 
     51 82.8638 371 0 0 82.0115 -105.816 -205.85 
     51 55.8523 372 0 0 81.9444 -105.75 -206.076 
     51 102.862 1334 0 1 86.9883 -110.202 -204.45 
     51 141.648 348 0 0 86.7816 -110.451 -205.851 
     51 304.576 355 6 0 85.9645 -109.026 -25.85 
     51 139.25 1328 5 1 85.8334 -109.742 -54.45 
     51 109.32 352 5 0 85.8569 -109.748 -55.85 
     51 131.669 351 4 0 86.608 -109.881 -85.85 
     51 100.345 1335 3 1 87.0959 -111.764 -114.45 
     51 127.701 340 3 0 87.1203 -111.966 -115.85 
     51 123.787 1337 2 1 87.5924 -117.111 -144.45 
     51 152.458 314 2 0 87.7249 -117.152 -145.85 
     51 103.89 1354 1 1 91.0062 -117.448 -174.45 
     51 289.395 314 1 0 91.11 -117.24 -175.85 
     51 132.36 1369 0 1 93.9652 -112.774 -204.45 
     51 97.236 338 0 0 94.1877 -112.478 -205.85 
     51 157.352 1333 5 1 86.7456 -110.708 -54.45 
     51 108.757 1330 5 1 86.1722 -108.456 -54.45 
     51 98.2319 358 5 0 86.1826 -108.398 -55.85 
     51 140.942 1331 4 1 86.3188 -107.309 -84.45 
     51 130.294 364 4 0 86.3183 -107.202 -85.85 
     51 103.071 1332 3 1 86.5694 -105.044 -114.45 
     51 123.581 376 3 0 86.8274 -104.898 -115.85 
     51 79.6115 1362 2 1 92.7057 -102.435 -144.45 
     51 64.0424 1363 2 1 92.75 -102.44 -144.65 
     51 106.884 388 2 0 93.011 -102.45 -145.85 
     51 131.143 1397 1 1 99.6079 -102.568 -174.45 
     51 44.6913 389 1 0 99.7881 -102.197 -175.85 
     51 61.4616 390 1 0 99.804 -102.15 -176.007 
     51 78.7382 1409 0 1 102.03 -91.9384 -204.45 
     51 31.1897 1410 0 1 102.15 -91.8734 -204.719 
     51 30.89 442 0 0 102.625 -91.5746 -205.85 
     51 101.26 443 0 0 102.666 -91.55 -205.948 
Number of digits in this event: 33
Using G4ParticleGun... 
Particle energy: 9.76346 LIN
Particle: e-
Event: 52
Number of tracker hits in this event: 137
     52 115.278 411 10 1 -97.9143 54.1335 95.55 
     52 151.345 1170 10 0 -97.9151 54.1336 94.15 
     52 135.258 411 9 1 -97.9294 54.134 65.55 
     52 131.067 1170 9 0 -97.9307 54.1342 64.15 
     52 406.398 410 8 1 -97.9556 54.1395 35.55 
     52 511.34 1170 8 0 -97.9569 54.1414 34.15 
     52 224.113 410 7 1 -97.9835 54.1851 5.55 
     52 705.308 1170 7 0 -97.9844 54.1871 4.15 
     52 274.46 410 6 1 -98.0169 54.2269 -24.45 
     52 553.995 1170 6 0 -98.02 54.2258 -25.85 
     52 799.265 410 5 1 -98.0843 54.2067 -54.45 
     52 664.264 1170 5 0 -98.0874 54.2047 -55.85 
     52 148.544 410 4 1 -98.1498 54.1566 -84.45 
     52 209.655 409 4 1 -98.15 54.1565 -84.517 
     52 458.066 1170 4 0 -98.1529 54.1551 -85.85 
     52 253.56 409 3 1 -98.2124 54.1237 -114.45 
     52 285.343 1170 3 0 -98.2147 54.122 -115.85 
     52 312.733 409 2 1 -98.2604 54.0909 -144.45 
     52 267.494 1170 2 0 -98.2653 54.0897 -145.85 
     52 327.216 409 1 1 -98.3432 54.0675 -174.45 
     52 258.429 1170 1 0 -98.3528 54.064 -175.85 
     52 104.002 408 0 1 -98.5486 53.9955 -204.45 
     52 34.7031 407 0 1 -98.55 53.9948 -204.721 
     52 277.685 1169 0 0 -98.5558 53.9925 -205.85 
     52 78.9912 1334 7 0 -77.6843 87.0285 3.7501 
     52 127.003 1335 7 0 -77.6731 87.05 3.8812 
     52 356.852 411 7 1 -97.7728 54.1271 5.55 
     52 113.136 411 6 1 -97.8227 54.4858 -24.45 
     52 106.852 1172 6 0 -97.8067 54.5297 -25.85 
     52 505.789 413 5 1 -97.4548 55.4949 -54.45 
     52 113.751 1177 5 0 -97.417 55.5135 -55.8504 
     52 136.223 416 4 1 -96.8429 55.6646 -84.4501 
     52 147.274 1178 4 0 -96.7883 55.7006 -85.851 
     52 8.75617 427 3 1 -94.553 56.1624 -114.45 
     52 104.192 428 3 1 -94.55 56.1636 -114.478 
     52 130.768 1180 3 0 -94.4098 56.2194 -115.851 
     52 121.518 445 2 1 -91.101 57.8108 -144.45 
     52 100.291 1189 2 0 -90.9064 57.9132 -145.85 
     52 4.44993 466 1 1 -86.6523 60.0763 -174.45 
     52 154.602 467 1 1 -86.65 60.078 -174.467 
     52 98.8251 1200 1 0 -86.4854 60.1944 -175.85 
     52 115.219 483 0 1 -83.3085 62.0512 -204.45 
     52 51.1917 1210 0 0 -83.1914 62.2256 -205.85 
     52 71.4735 1211 0 0 -83.1763 62.25 -206.041 
     52 244.055 413 6 1 -97.5397 54.08 -24.45 
     52 134.481 413 4 1 -97.488 54.1124 -84.45 
     52 126.658 412 3 1 -97.5965 54.3196 -114.45 
     52 234.106 1171 3 0 -97.5939 54.3388 -115.85 
     52 119.948 412 2 1 -97.5599 54.6724 -144.45 
     52 111.904 1173 2 0 -97.5652 54.682 -145.85 
     52 127.901 412 1 1 -97.7025 54.9021 -174.45 
     52 206.738 1174 1 0 -97.7165 54.8871 -175.85 
     52 192.679 410 0 1 -98.0082 54.4823 -204.45 
     52 211.923 1172 0 0 -98.0663 54.4817 -205.85 
     52 80.7363 414 5 1 -97.35 54.1304 -54.5692 
     52 164.53 415 5 1 -97.15 53.9605 -54.7582 
     52 146.681 1168 5 0 -96.9264 53.8003 -55.85 
     52 312.42 1169 5 0 -97.0263 53.85 -56.1849 
     52 163.434 417 4 1 -96.6127 54.6285 -84.45 
     52 136.173 1173 4 0 -96.5155 54.6557 -85.85 
     52 118.167 429 3 1 -94.266 55.2141 -114.45 
     52 115.021 1176 3 0 -94.1844 55.297 -115.85 
     52 131.149 438 2 1 -92.4395 56.8916 -144.45 
     52 278.653 1184 2 0 -92.2981 56.9453 -145.85 
     52 113.246 453 1 1 -89.4379 58.074 -174.45 
     52 167.9 1190 1 0 -89.3601 58.1009 -175.85 
     52 108 462 0 1 -87.5989 59.3506 -204.45 
     52 106.503 1196 0 0 -87.5169 59.3986 -205.85 
     52 124.222 410 3 1 -98.1001 54.2768 -114.45 
     52 113.88 1171 2 0 -98.176 54.2856 -145.85 
     52 116.542 1171 1 0 -98.2094 54.2895 -175.85 
     52 274.227 409 0 1 -98.2346 54.2968 -204.45 
     52 192.934 1171 0 0 -98.2356 54.2981 -205.85 
     52 26.8338 1355 3 0 -104.83 91.2958 -116.25 
     52 103.096 1356 3 0 -104.821 91.35 -116.199 
     52 40.6781 1398 1 0 -108.993 99.7937 -176.25 
     52 30.4136 1076 4 0 16.25 35.3445 -86.25 
     52 103.154 1415 4 0 86.0035 103.162 -86.25 
     52 164.679 684 0 0 1.36576 -43.2364 -206.25 
     52 426.607 683 0 0 1.33755 -43.2501 -206.211 
     52 54.3711 1165 2 0 -98.5985 53.0535 -145.85 
     52 256.951 1164 2 0 -98.5994 53.05 -145.853 
     52 18.63 1163 2 0 -98.7385 52.85 -146.066 
     52 70.5218 1166 2 0 -98.8022 53.25 -146.199 
     52 84.2373 1167 2 0 -98.7057 53.45 -146.191 
     52 119.066 1166 6 0 -98.9742 53.3813 -25.85 
     52 96.6497 1172 7 0 -97.763 54.5633 4.15 
     52 104.514 1173 7 0 -97.757 54.6501 3.9431 
     52 155.19 346 6 1 -110.883 78.6353 -24.45 
     52 187.795 1295 6 0 -110.928 79.1601 -25.85 
     52 122.994 395 6 1 -100.964 55.3024 -24.45 
     52 22.7025 394 6 1 -101.15 55.3537 -24.7944 
     52 218.294 1177 6 0 -101.836 55.524 -25.85 
     52 83.6867 1062 6 0 -156.579 32.5646 -26.25 
     52 136.694 1061 6 0 -156.747 32.4499 -26.15 
     52 123.491 1060 6 0 -157.028 32.2498 -25.9967 
     52 3.32914 1059 6 0 -157.287 32.0497 -25.8574 
     52 61.5408 104 6 1 -159.202 30.541 -24.8499 
     52 87.973 103 6 1 -159.35 30.4223 -24.7742 
     52 92.6514 102 6 1 -159.55 30.2797 -24.6958 
     52 59.8784 101 6 1 -159.75 30.1123 -24.6862 
     52 69.8553 100 6 1 -159.95 29.9792 -24.6788 
     52 68.1861 99 6 1 -160.15 29.8349 -24.6719 
     52 86.3175 98 6 1 -160.35 29.6557 -24.6322 
     52 79.5528 97 6 1 -160.55 29.4555 -24.5857 
     52 94.2859 96 6 1 -160.75 29.2647 -24.5104 
     52 44.4338 95 6 1 -160.996 29.0605 -24.4501 
     52 59.0336 94 6 1 -161.15 29.0408 -24.5278 
     52 45.2922 93 6 1 -161.35 29.0168 -24.608 
     52 50.7243 92 6 1 -161.55 28.9794 -24.6795 
     52 131.887 91 6 1 -161.75 28.9555 -24.7556 
     52 301.123 1045 6 0 -163.856 29.0917 -25.85 
     52 196.071 1044 6 0 -164.339 29.05 -26.0359 
     52 169.366 1178 6 0 -101.969 55.65 -26.0817 
     52 46.9208 1221 6 0 -93.0531 64.3921 -26.25 
     52 141.013 411 4 1 -97.7959 54.0022 -84.45 
     52 116.995 1169 4 0 -97.7825 54.0013 -85.85 
     52 185.372 413 3 1 -97.4655 53.9744 -114.45 
     52 308.1 1169 3 0 -97.4621 53.9818 -115.85 
     52 87.4114 413 2 1 -97.3874 54.0951 -144.45 
     52 130.857 413 1 1 -97.5386 54.13 -174.45 
     52 333.671 412 0 1 -97.5836 53.9432 -204.45 
     52 67.0591 1163 0 0 -98.399 52.8478 -205.85 
     52 102.063 1162 0 0 -98.4498 52.65 -205.989 
     52 34.0001 1161 0 0 -98.2868 52.4499 -206.169 
     52 167.707 410 2 1 -98.0735 54.0548 -144.45 
     52 106.481 1169 2 0 -98.0794 54.0458 -145.85 
     52 94.8947 1169 1 0 -98.1843 53.8652 -175.85 
     52 135.982 1168 0 0 -98.1519 53.7292 -205.85 
     52 64.6432 411 0 1 -97.95 53.7546 -204.533 
     52 47.4152 413 0 1 -97.55 53.8862 -204.564 
     52 51.6438 414 0 1 -97.35 53.8959 -204.593 
     52 71.8306 415 0 1 -97.15 53.9167 -204.658 
     52 48.4644 416 0 1 -96.95 53.9283 -204.757 
     52 55.152 417 0 1 -96.75 53.92 -204.764 
     52 62.4591 418 0 1 -96.55 53.9719 -204.722 
     52 80.9461 419 0 1 -96.3492 54.0614 -204.645 
Number of digits in this event: 72
Using G4ParticleGun... 
Particle energy: 6.33006 LIN
Particle: e-
Event: 53
Number of tracker hits in this event: 87
     53 138.578 1525 9 1 125.33 16.62 65.55 
     53 89.8402 982 9 0 125.328 16.6187 64.15 
     53 111.955 1525 8 1 125.305 16.5879 35.55 
     53 157.456 982 8 0 125.305 16.5847 34.15 
     53 112.095 1525 7 1 125.296 16.5173 5.55 
     53 141.822 982 7 0 125.293 16.5121 4.15 
     53 370.459 1525 6 1 125.234 16.4123 -24.45 
     53 343.02 981 6 0 125.23 16.4094 -25.85 
     53 130.168 1524 5 1 125.144 16.3561 -54.45 
     53 100.773 981 5 0 125.139 16.3519 -55.85 
     53 104.106 1524 4 1 125.034 16.2709 -84.45 
     53 123.806 981 4 0 125.028 16.2695 -85.85 
     53 111.571 1523 3 1 124.886 16.2485 -114.45 
     53 131.439 980 3 0 124.879 16.2491 -115.85 
     53 127.008 1522 2 1 124.736 16.272 -144.45 
     53 114.456 981 2 0 124.731 16.2702 -145.85 
     53 118.297 1522 1 1 124.621 16.2389 -174.45 
     53 579.768 980 1 0 124.614 16.2374 -175.85 
     53 130.833 1521 0 1 124.461 16.2229 -204.45 
     53 111.441 980 0 0 124.45 16.2191 -205.85 
     53 145.638 988 1 0 124.427 17.6556 -175.85 
     53 82.7193 1185 4 0 143.104 57.203 -86.25 
     53 78.7464 1186 4 0 143.118 57.25 -86.1463 
     53 40.008 1526 6 1 125.35 16.4822 -24.743 
     53 109.284 1552 5 1 130.633 16.3702 -54.45 
     53 17.729 1553 5 1 130.75 16.5071 -54.778 
     53 73.9916 985 5 0 131.085 17.1349 -55.8501 
     53 247.455 986 5 0 131.144 17.2501 -56.0504 
     53 167.218 1597 4 1 139.559 29.0007 -84.45 
     53 44.1574 1598 4 1 139.75 28.5863 -84.743 
     53 22.0048 1033 4 0 139.639 26.7246 -85.85 
     53 61.4143 1032 4 0 139.632 26.6497 -85.8885 
     53 60.821 1031 4 0 139.622 26.45 -85.9974 
     53 75.3823 1030 4 0 139.577 26.2499 -86.0983 
     53 53.5747 1029 4 0 139.537 26.05 -86.1775 
     53 16.133 1028 4 0 139.454 25.85 -86.2372 
     53 113.099 1247 3 1 69.523 -135.094 -114.45 
     53 54.5666 224 3 0 70.167 -135.298 -115.85 
     53 62.6536 223 3 0 70.2421 -135.35 -116.05 
     53 142.685 141 3 0 69.339 -151.878 -116.25 
     53 120.532 1246 3 1 69.3365 -152.043 -114.85 
     53 70.2273 1245 3 1 69.25 -151.89 -114.497 
     53 275.298 1244 3 1 69.0494 -151.834 -114.469 
     53 59.4974 1243 3 1 68.85 -152.027 -114.552 
     53 66.6112 48 5 0 28.828 -170.35 -56.1427 
     53 270.212 47 5 0 28.6917 -170.55 -55.9733 
     53 19.4407 1518 3 1 123.75 -87.2403 -114.809 
     53 262.961 1591 4 1 138.489 12.7233 -84.4502 
     53 78.2573 1590 4 1 138.35 12.882 -84.8199 
     53 21.1019 967 4 0 137.006 13.6254 -85.85 
     53 190.117 968 4 0 136.972 13.65 -85.8748 
     53 118.868 982 6 0 125.261 16.5333 -25.85 
     53 115.265 1523 5 1 124.772 17.3491 -54.45 
     53 120.546 1521 4 1 124.4 16.8198 -84.45 
     53 125.235 983 4 0 124.403 16.8033 -85.85 
     53 115.386 1522 3 1 124.693 16.4462 -114.45 
     53 105.517 981 3 0 124.703 16.416 -115.85 
     53 120.878 1523 2 1 124.903 15.8749 -144.45 
     53 121.742 979 2 0 124.991 15.8842 -145.85 
     53 118.29 1534 1 1 126.975 16.1465 -174.45 
     53 126.151 1546 0 1 129.461 15.9793 -204.45 
     53 135.904 979 0 0 129.557 15.9745 -205.85 
     53 91.3573 1529 1 1 126.096 15.8185 -174.804 
     53 146.114 979 1 0 126.776 15.9637 -175.85 
     53 19.5165 978 1 0 126.095 15.6594 -175.85 
     53 86.6552 977 1 0 126.094 15.6499 -175.907 
     53 90.8451 1520 0 1 124.35 6.21447 -204.458 
     53 131.07 1519 0 1 124.15 6.12048 -204.726 
     53 69.9 928 0 0 123.001 5.73252 -205.85 
     53 71.3261 927 0 0 122.798 5.65 -206.04 
     53 144.654 1518 1 1 123.936 16.1659 -174.45 
     53 89.5377 1519 1 1 123.95 16.1585 -174.566 
     53 128.118 856 1 0 125.718 -8.77062 -176.25 
     53 112.222 855 1 0 125.706 -8.85031 -176.167 
     53 38.4857 854 1 0 125.656 -9.05 -175.966 
     53 94.4368 1526 1 1 125.539 -9.6674 -174.85 
     53 235.058 1527 1 1 125.55 -9.8144 -174.65 
     53 215.486 1528 1 1 125.75 -10.1238 -174.471 
     53 53.387 1530 1 1 126.15 -10.2422 -174.571 
     53 201.201 1531 1 1 126.35 -10.2535 -174.57 
     53 113.195 1532 1 1 126.55 -10.4212 -174.458 
     53 244.947 1533 1 1 126.75 -10.517 -174.456 
     53 273.644 857 1 0 129.251 -8.65 -175.891 
     53 69.6511 850 1 0 125.687 -10.0112 -175.85 
     53 111.373 1523 1 1 124.799 16.2558 -174.85 
     53 111.508 1499 0 1 120.112 16.6847 -204.451 
     53 90.1677 983 0 0 119.887 16.6899 -205.85 
Number of digits in this event: 38
Using G4ParticleGun... 
Particle energy: 9.41592 LIN
Particle: e-
Event: 54
Number of tracker hits in this event: 65
     54 113.309 391 10 1 -101.888 -5.42522 95.55 
     54 137.193 873 10 0 -101.886 -5.4259 94.15 
     54 115.729 391 9 1 -101.843 -5.44309 65.55 
     54 143.265 873 9 0 -101.842 -5.44105 64.15 
     54 127.224 391 8 1 -101.829 -5.39257 35.55 
     54 112.652 873 8 0 -101.827 -5.39086 34.15 
     54 149.559 391 7 1 -101.799 -5.34469 5.55 
     54 166.306 873 7 0 -101.8 -5.34399 4.15 
     54 219.738 391 6 1 -101.827 -5.32249 -24.45 
     54 95.6337 873 6 0 -101.828 -5.32522 -25.85 
     54 100.953 391 5 1 -101.848 -5.38299 -54.45 
     54 305.323 873 5 0 -101.845 -5.38662 -55.85 
     54 101.478 392 4 1 -101.738 -5.44569 -84.45 
     54 157.983 872 4 0 -101.735 -5.45254 -85.85 
     54 148.727 392 3 1 -101.663 -5.59213 -114.45 
     54 107.626 872 3 0 -101.649 -5.60182 -115.85 
     54 148.844 393 2 1 -101.364 -5.7699 -144.45 
     54 115.527 871 2 0 -101.344 -5.77561 -145.85 
     54 115.202 396 1 1 -100.94 -5.92409 -174.45 
     54 127.559 870 1 0 -100.922 -5.93951 -175.85 
     54 113.637 398 0 1 -100.542 -6.24888 -204.45 
     54 101.024 868 0 0 -100.53 -6.26812 -205.85 
     54 3.0073 591 12 1 -61.85 -86.3144 155.347 
     54 128.996 334 4 1 -113.272 -10.9834 -84.4502 
     54 134.249 333 4 1 -113.35 -10.6347 -84.6893 
     54 49.1878 866 4 0 -114.156 -6.82875 -85.85 
     54 47.0054 867 4 0 -114.2 -6.65 -85.8985 
     54 50.5698 868 4 0 -114.247 -6.45 -85.929 
     54 86.6127 869 4 0 -114.293 -6.25 -85.9672 
     54 55.9206 870 4 0 -114.339 -6.05 -86.0192 
     54 43.7508 871 4 0 -114.36 -5.85 -86.0748 
     54 20.8355 873 4 0 -114.416 -5.45 -86.2241 
     54 204.307 1047 4 0 -143.024 29.6087 -86.2499 
     54 68.8409 1046 4 0 -143.043 29.45 -86.0941 
     54 8.06565 1045 4 0 -143.036 29.2492 -85.8759 
     54 282.911 186 4 1 -142.921 28.4456 -84.8498 
     54 79.8302 185 4 1 -142.95 27.7028 -84.5176 
     54 103.695 184 4 1 -143.15 27.4634 -84.5921 
     54 130.048 183 4 1 -143.35 27.1435 -84.5825 
     54 14.0262 1461 10 1 112.35 85.4438 95.3855 
     54 116.629 1462 10 1 112.576 85.7129 95.55 
     54 66.1352 1463 10 1 112.75 85.8341 95.2264 
     54 57.8573 1335 10 0 113.695 87.1429 94.15 
     54 137.473 1336 10 0 113.732 87.25 94.0682 
     54 184.725 1337 10 0 113.671 87.45 93.9868 
     54 245.208 1338 10 0 113.331 87.65 94.1152 
     54 84.5278 1383 10 0 129.394 96.9186 93.7504 
     54 119.825 1384 10 0 129.482 96.9505 93.859 
     54 55.2808 1385 10 0 129.565 97.15 93.8006 
     54 163.929 647 1 0 -143.696 -50.45 -175.976 
     54 185.537 133 1 1 -153.439 -45.5055 -174.45 
     54 7.73135 179 1 1 -144.295 -50.7206 -174.85 
     54 35.052 634 1 0 -144.25 -53.0879 -175.85 
     54 214.866 498 0 1 -80.2663 -52.1316 -204.45 
     54 299.983 391 2 1 -101.775 -5.47025 -144.45 
     54 245.748 872 2 0 -101.749 -5.47956 -145.85 
     54 92.9668 395 1 1 -100.965 -6.07169 -174.45 
     54 116.075 869 1 0 -100.908 -6.16501 -175.85 
     54 186.199 402 0 1 -99.7224 -8.27947 -204.45 
     54 164.461 858 0 0 -99.6131 -8.37738 -205.85 
     54 189.517 744 2 0 -98.8663 -31.0581 -146.25 
     54 125.802 391 1 1 -101.757 -5.48929 -174.45 
     54 188.805 872 1 0 -101.756 -5.49138 -175.85 
     54 134.218 392 0 1 -101.735 -5.53576 -204.45 
     54 114.627 872 0 0 -101.736 -5.53997 -205.85 
Number of digits in this event: 34
Using G4ParticleGun... 
Particle energy: 3.16447 LIN
Particle: e-
Event: 55
Number of tracker hits in this event: 77
     55 173.301 1254 8 1 70.8886 126.088 35.55 
     55 102.553 1529 8 0 70.8913 126.089 34.15 
     55 108.823 1254 7 1 70.9507 126.127 5.55 
     55 127.737 1529 7 0 70.9551 126.128 4.15 
     55 136.927 1254 6 1 71.0337 126.172 -24.45 
     55 309.638 1530 6 0 71.0383 126.171 -25.85 
     55 122.135 1255 5 1 71.1183 126.176 -54.45 
     55 299.32 1530 5 0 71.1261 126.169 -55.85 
     55 278.118 1256 4 1 71.2902 126.018 -84.45 
     55 135.422 1529 4 0 71.2981 126.016 -85.85 
     55 130.017 1257 3 1 71.4745 126.012 -114.45 
     55 138.338 1529 3 0 71.4862 125.998 -115.85 
     55 158.007 1258 2 1 71.7067 125.748 -144.45 
     55 134.879 1527 2 0 71.7236 125.736 -145.85 
     55 162.448 1260 1 1 72.0883 125.486 -174.45 
     55 133.533 1526 1 0 72.1097 125.475 -175.85 
     55 121.649 1262 0 1 72.5152 125.248 -204.45 
     55 159.005 1525 0 0 72.5424 125.235 -205.85 
     55 47.4087 1259 2 1 71.8501 125.826 -144.555 
     55 100.248 1260 2 1 72.0501 125.949 -144.596 
     55 62.8708 1261 2 1 72.25 126.08 -144.556 
     55 52.8582 1262 2 1 72.4502 126.124 -144.542 
     55 57.0223 1263 2 1 72.6501 126.128 -144.617 
     55 60.3205 1264 2 1 72.85 126.114 -144.656 
     55 118.349 1265 2 1 73.0503 126.087 -144.721 
     55 186.458 1266 2 1 73.2501 126.107 -144.729 
     55 93.2121 1267 2 1 73.45 126.172 -144.732 
     55 88.6883 1268 2 1 73.65 126.322 -144.761 
     55 134.551 1269 2 1 73.85 126.51 -144.786 
     55 52.876 1270 2 1 74.05 126.66 -144.83 
     55 150.064 1532 2 0 74.7444 126.731 -145.85 
     55 26.7173 1541 2 0 53.3246 128.454 -146.25 
     55 239.721 1256 5 1 71.2598 126.178 -54.45 
     55 101.474 1528 4 0 71.2824 125.932 -85.85 
     55 157.457 1255 3 1 71.1423 125.762 -114.45 
     55 125.23 1528 3 0 71.2324 125.826 -115.85 
     55 151.776 1535 2 0 73.3111 127.159 -145.85 
     55 103.125 1274 1 1 74.8869 129.327 -174.45 
     55 147.282 1546 1 0 74.9322 129.378 -175.85 
     55 194.535 1278 0 1 75.8015 130.263 -204.45 
     55 120.404 1551 0 0 75.9254 130.365 -205.85 
     55 135.415 1528 5 0 71.4779 125.869 -55.85 
     55 113.7 1295 4 1 79.0671 120.289 -84.45 
     55 42.4642 1296 4 1 79.25 120.136 -84.7865 
     55 82.8676 1497 4 0 79.8788 119.629 -85.8506 
     55 76.3386 1496 4 0 79.9675 119.55 -86.0058 
     55 98.5161 1421 3 1 104.486 100.808 -114.45 
     55 30.5938 1422 3 1 104.55 100.838 -114.759 
     55 42.8377 1405 3 0 104.971 101.292 -115.85 
     55 96.5137 1406 3 0 105.021 101.35 -115.969 
     55 346.805 1462 2 1 112.59 115.001 -144.45 
     55 76.8544 1463 2 1 112.75 115.11 -144.613 
     55 54.5286 1464 2 1 112.95 115.198 -144.758 
     55 181.359 1478 2 0 114.139 115.802 -145.85 
     55 57.9333 1479 2 0 114.39 115.95 -146.08 
     55 2.12625 1773 2 0 172.424 174.945 -146.25 
     55 66.4466 1774 2 0 172.427 174.95 -146.247 
     55 16.7422 1775 2 0 172.556 175.15 -146.226 
     55 107.788 1254 5 1 70.9382 125.49 -54.45 
     55 133.547 1526 5 0 70.8824 125.432 -55.85 
     55 123.997 1247 4 1 69.5496 123.688 -84.45 
     55 85.1424 1518 4 0 69.4326 123.91 -85.8503 
     55 46.6459 1519 4 0 69.4132 123.95 -86.0739 
     55 106.528 1232 3 1 66.557 129.375 -114.45 
     55 117.228 1548 3 0 66.4119 129.813 -115.85 
     55 6.86987 1211 2 1 62.2643 135.729 -144.45 
     55 297.816 1210 2 1 62.25 135.729 -144.475 
     55 31.0274 1209 2 1 62.05 135.74 -144.826 
     55 154.421 1578 2 0 61.4372 135.789 -145.85 
     55 62.1119 1129 1 1 45.9134 138.932 -174.45 
     55 60.2857 1128 1 1 45.85 138.947 -174.649 
     55 119.627 1594 1 0 45.5386 138.985 -175.85 
     55 83.8274 1084 0 1 36.9574 142.045 -204.45 
     55 37.3126 1083 0 1 36.85 142.089 -204.708 
     55 130.537 1610 0 0 36.3345 142.256 -205.85 
     55 107.04 1792 12 0 95.0779 178.746 153.75 
     55 188.937 1791 12 0 95.0938 178.55 153.786 
Number of digits in this event: 38
Using G4ParticleGun... 
Particle energy: 4.42763 LIN
Particle: e-
Event: 56
Number of tracker hits in this event: 57
     56 396.967 1128 10 1 45.709 -97.5052 95.55 
     56 130.885 413 10 0 45.7094 -97.5064 94.15 
     56 128.922 1128 9 1 45.7203 -97.5296 65.55 
     56 126.467 413 9 0 45.7204 -97.5319 64.15 
     56 119.745 1128 8 1 45.7262 -97.5793 35.55 
     56 119.205 412 8 0 45.727 -97.5816 34.15 
     56 104.481 1128 7 1 45.7441 -97.6339 5.55 
     56 163.28 412 7 0 45.7446 -97.6358 4.15 
     56 177.325 1128 6 1 45.7524 -97.6785 -24.45 
     56 114.43 412 6 0 45.7543 -97.681 -25.85 
     56 116.563 1128 5 1 45.7961 -97.735 -54.45 
     56 109.289 412 5 0 45.7848 -97.7393 -55.85 
     56 106.661 1127 4 1 45.5404 -97.8121 -84.45 
     56 127.015 411 4 0 45.5232 -97.8054 -85.85 
     56 130.095 1125 3 1 45.1908 -97.6828 -114.45 
     56 327.595 412 3 0 45.1772 -97.6904 -115.85 
     56 98.5643 1124 2 1 44.882 -97.8873 -144.45 
     56 241.864 411 2 0 44.8709 -97.8872 -145.85 
     56 109.964 1123 1 1 44.6856 -97.8564 -174.45 
     56 226.873 411 1 0 44.7022 -97.8306 -175.85 
     56 116.523 1124 0 1 45.0196 -97.3516 -204.45 
     56 236.952 414 0 0 45.0457 -97.3178 -205.85 
     56 12.3803 1115 3 1 43.0704 -98.2443 -114.85 
     56 165.378 1114 3 1 43.05 -98.2614 -114.834 
     56 199.447 723 11 0 67.8091 -35.2779 123.75 
     56 164.297 1247 11 1 69.5361 -28.295 125.55 
     56 208.638 1129 1 1 45.9009 -97.8235 -174.45 
     56 117.972 1132 0 1 46.6297 -98.9998 -204.45 
     56 193.683 405 0 0 46.5681 -98.9791 -205.85 
     56 148.43 1130 1 1 46.0501 -98.1662 -174.56 
     56 117.417 1131 1 1 46.2501 -98.5731 -174.691 
     56 15.0841 1132 1 1 46.4501 -98.8773 -174.827 
     56 25.1277 399 1 0 47.0434 -100.28 -175.85 
     56 81.074 398 1 0 47.077 -100.35 -175.901 
     56 79.1375 397 1 0 47.1885 -100.55 -176.05 
     56 14.3405 396 1 0 47.2911 -100.75 -176.222 
     56 179.56 1232 0 1 66.5829 -131.1 -204.45 
     56 19.365 1233 0 1 66.65 -131.326 -204.8 
     56 23.0368 241 0 0 66.8217 -131.901 -205.85 
     56 55.0989 240 0 0 66.8347 -131.95 -205.899 
     56 62.2768 239 0 0 66.8836 -132.15 -205.95 
     56 151.403 238 0 0 66.976 -132.35 -205.993 
     56 107.442 237 0 0 67.2371 -132.55 -206.115 
     56 147.655 1128 0 1 45.7854 -97.9752 -204.45 
     56 11.1365 413 0 0 45.7843 -97.3657 -205.85 
     56 90.3204 1127 0 1 45.65 -97.9825 -204.523 
     56 31.7408 1126 0 1 45.4498 -98.0448 -204.751 
     56 214.747 409 0 0 44.597 -98.2091 -205.85 
     56 56.5664 340 0 0 40.5092 -112.097 -206.25 
     56 229.014 339 0 0 40.6685 -112.15 -206.132 
     56 66.6564 1108 0 1 41.6754 -112.399 -204.85 
     56 63.861 1109 0 1 41.8502 -112.394 -204.583 
     56 146.297 1110 0 1 42.05 -112.445 -204.461 
     56 134.326 333 0 0 41.7519 -113.351 -205.85 
     56 29.2558 332 0 0 41.8338 -113.55 -206.179 
     56 30.8446 1129 10 1 45.85 -97.4797 95.4021 
     56 252.912 1127 10 1 45.6498 -97.4074 95.4364 
Number of digits in this event: 27
Using G4ParticleGun... 
Particle energy: 3.44755 LIN
Particle: e-
Event: 57
Number of tracker hits in this event: 181
     57 112.185 1094 11 1 39.0091 -57.3705 125.55 
     57 152.166 613 11 0 39.0084 -57.3718 124.15 
     57 132.944 1094 10 1 38.9999 -57.3934 95.55 
     57 254.916 613 10 0 38.9972 -57.3926 94.15 
     57 133.931 1094 9 1 38.9383 -57.3744 65.55 
     57 169.796 613 9 0 38.9362 -57.3757 64.15 
     57 372.046 1094 8 1 38.885 -57.3894 35.55 
     57 412.596 613 8 0 38.8861 -57.3894 34.15 
     57 104.272 1094 7 1 38.8984 -57.3897 5.55 
     57 192.309 613 7 0 38.8913 -57.3455 4.15 
     57 111.82 1093 6 1 38.7034 -56.5239 -24.45 
     57 116.469 617 6 0 38.696 -56.486 -25.85 
     57 104.674 1092 5 1 38.5222 -55.7248 -54.45 
     57 164.625 621 5 0 38.5191 -55.6803 -55.85 
     57 345.651 1091 4 1 38.3651 -54.6076 -84.45 
     57 164.36 627 4 0 38.3433 -54.5178 -85.85 
     57 117.217 1088 3 1 37.8348 -52.5057 -114.45 
     57 123.746 638 3 0 37.8026 -52.3537 -115.85 
     57 226.829 1086 2 1 37.2779 -49.1125 -144.45 
     57 185.695 655 2 0 37.2651 -48.9551 -145.85 
     57 140.122 1083 1 1 36.8452 -45.9893 -174.45 
     57 187.301 671 1 0 36.775 -45.7979 -175.85 
     57 120.975 1076 0 1 35.3372 -41.5597 -204.45 
     57 79.3424 693 0 0 35.2507 -41.2885 -205.85 
     57 63.0771 694 0 0 35.2385 -41.25 -206.046 
     57 209.702 1420 0 1 104.15 89.1616 -204.726 
     57 241.823 1421 0 1 104.35 89.5438 -204.567 
     57 10.1651 1085 0 1 37.0767 -49.2063 -204.45 
     57 214.898 1084 0 1 37.05 -49.1907 -204.47 
     57 122.568 1083 0 1 36.8499 -49.3757 -204.662 
     57 237.948 1094 4 1 38.958 -57.4151 -84.45 
     57 367.283 613 4 0 38.9602 -57.4221 -85.85 
     57 88.1135 1094 3 1 38.9639 -57.5839 -114.45 
     57 426.854 612 3 0 38.9672 -57.5817 -115.85 
     57 131.237 1093 2 1 38.7476 -57.5954 -144.45 
     57 400.128 612 2 0 38.7421 -57.5912 -145.85 
     57 137.475 1092 1 1 38.6027 -57.4772 -174.45 
     57 112.375 613 1 0 38.5992 -57.4454 -175.85 
     57 160.775 1092 0 1 38.4719 -56.7792 -204.45 
     57 118.698 616 0 0 38.4467 -56.7414 -205.85 
     57 48.1193 132 8 0 -72.7751 -153.55 33.8302 
     57 106.575 1095 3 1 39.0716 -57.4932 -114.45 
     57 340.758 1096 2 1 39.2737 -57.5796 -144.45 
     57 118.356 1097 1 1 39.5051 -57.7055 -174.45 
     57 119.398 611 1 0 39.5145 -57.7136 -175.85 
     57 367.186 1098 0 1 39.7061 -57.8887 -204.45 
     57 116.903 610 0 0 39.7194 -57.9032 -205.85 
     57 57.598 218 3 0 -34.9307 -136.35 -116.143 
     57 136.361 611 0 0 39.6934 -57.8439 -205.85 
     57 64.9583 1099 0 1 39.85 -57.9524 -204.462 
     57 170.594 1100 0 1 40.05 -58.0889 -204.492 
     57 99.7271 1101 0 1 40.25 -58.2289 -204.525 
     57 73.2111 1102 0 1 40.45 -58.371 -204.557 
     57 72.6688 1103 0 1 40.65 -58.5036 -204.583 
     57 66.0228 1104 0 1 40.85 -58.6284 -204.605 
     57 66.054 1105 0 1 41.05 -58.7498 -204.62 
     57 57.9594 1106 0 1 41.2501 -58.8751 -204.63 
     57 116.472 1107 0 1 41.45 -59.002 -204.638 
     57 131.299 1108 0 1 41.65 -59.1314 -204.648 
     57 83.0192 1109 0 1 41.8503 -59.2534 -204.654 
     57 69.6894 1110 0 1 42.05 -59.3691 -204.659 
     57 82.273 1111 0 1 42.25 -59.4886 -204.666 
     57 95.0505 1112 0 1 42.45 -59.6136 -204.676 
     57 92.6017 1113 0 1 42.6504 -59.7493 -204.688 
     57 76.6425 1114 0 1 42.8505 -59.8923 -204.699 
     57 145.568 1115 0 1 43.05 -60.0426 -204.716 
     57 63.0935 1116 0 1 43.2501 -60.1935 -204.734 
     57 66.0308 1117 0 1 43.4512 -60.3457 -204.75 
     57 89.2798 1118 0 1 43.6504 -60.4859 -204.763 
     57 76.8004 1119 0 1 43.8501 -60.6184 -204.78 
     57 61.0354 1120 0 1 44.0507 -60.7511 -204.794 
     57 69.5245 1121 0 1 44.25 -60.8845 -204.806 
     57 69.8258 1122 0 1 44.45 -61.0129 -204.812 
     57 129.511 1123 0 1 44.65 -61.1326 -204.82 
     57 94.0244 1124 0 1 44.85 -61.25 -204.832 
     57 22.6374 572 0 0 52.0627 -65.6041 -205.85 
     57 106.964 571 0 0 52.1376 -65.65 -205.86 
     57 143.158 570 0 0 52.4374 -65.85 -205.894 
     57 88.7661 569 0 0 52.7443 -66.05 -205.932 
     57 78.251 568 0 0 53.0429 -66.25 -205.974 
     57 155.09 567 0 0 53.2936 -66.4504 -206.005 
     57 128.048 566 0 0 53.5387 -66.65 -206.038 
     57 116.394 565 0 0 53.811 -66.85 -206.073 
     57 105.685 564 0 0 54.0823 -67.05 -206.115 
     57 80.7164 563 0 0 54.3346 -67.25 -206.151 
     57 89.4107 562 0 0 54.5849 -67.45 -206.185 
     57 133.393 561 0 0 54.8496 -67.65 -206.212 
     57 4.45589 560 0 0 55.1286 -67.85 -206.247 
     57 26.53 477 0 0 85.0451 -84.45 -205.987 
     57 252.194 1093 7 1 38.7404 -57.5393 5.55 
     57 113.228 612 7 0 38.7523 -57.5511 4.15 
     57 201.258 1094 6 1 39.0319 -57.8724 -24.45 
     57 172.711 610 6 0 39.0436 -57.8884 -25.85 
     57 100.621 1096 5 1 39.3192 -58.1635 -54.45 
     57 260.565 609 5 0 39.3304 -58.148 -55.85 
     57 187.713 1097 4 1 39.5464 -57.8781 -84.45 
     57 237.559 611 4 0 39.5345 -57.8471 -85.85 
     57 113.838 1096 3 1 39.2741 -57.2227 -114.45 
     57 112.82 614 3 0 39.2731 -57.1833 -115.85 
     57 158.11 618 2 0 39.3165 -56.3167 -145.85 
     57 117.546 1098 1 1 39.7579 -55.2694 -174.45 
     57 131.22 624 1 0 39.7721 -55.2281 -175.85 
     57 199.44 628 0 0 40.1222 -54.3379 -205.85 
     57 91.1307 603 0 0 -20.5681 -59.45 -206.136 
     57 8.44275 620 3 0 102.925 -55.85 -116.066 
     57 88.916 621 3 0 102.931 -55.85 -116.032 
     57 158.794 1096 4 1 39.45 -58.0357 -84.6139 
     57 273.357 1095 4 1 39.25 -58.2407 -84.5501 
     57 126.997 609 4 0 39.8464 -58.129 -85.85 
     57 252.105 335 3 0 33.7747 -113.099 -116.25 
     57 77.2389 334 3 0 33.8748 -113.15 -116.188 
     57 195.794 761 4 0 46.5266 -27.7713 -86.25 
     57 234.247 1095 5 1 39.2338 -58.2307 -54.45 
     57 136.155 608 5 0 39.2667 -58.3258 -55.8501 
     57 8.6386 1098 4 1 39.8378 -60.1569 -84.45 
     57 222.248 1099 4 1 39.85 -60.1636 -84.4688 
     57 17.9441 1100 4 1 40.05 -60.2715 -84.7872 
     57 9.6329 597 4 0 40.8179 -60.6373 -85.85 
     57 148.819 596 4 0 40.844 -60.65 -85.8859 
     57 146.628 1233 3 1 66.7595 -70.5988 -114.45 
     57 156.545 1234 3 1 66.85 -70.5655 -114.516 
     57 110.119 1235 3 1 67.0503 -70.5287 -114.698 
     57 141.365 548 3 0 67.777 -70.4181 -115.85 
     57 14.89 1293 2 1 78.6887 -75.1126 -144.45 
     57 70.2889 1292 2 1 78.65 -75.0892 -144.485 
     57 53.7222 1291 2 1 78.4494 -74.9991 -144.634 
     57 51.0065 1290 2 1 78.25 -74.9214 -144.677 
     57 57.792 1289 2 1 78.05 -74.7948 -144.71 
     57 116.372 1288 2 1 77.85 -74.6968 -144.705 
     57 52.3582 1287 2 1 77.65 -74.6141 -144.676 
     57 60.0677 1286 2 1 77.45 -74.5439 -144.629 
     57 57.7895 1285 2 1 77.2494 -74.4706 -144.536 
     57 59.2815 410 3 0 74.7117 -97.993 -116.25 
     57 89.3981 409 3 0 74.7337 -98.1502 -116.09 
     57 15.6668 408 3 0 74.799 -98.3501 -115.89 
     57 92.6325 1277 3 1 75.539 -99.3239 -114.85 
     57 130.397 1278 3 1 75.65 -99.4937 -114.672 
     57 386.981 547 3 0 68.8252 -70.6205 -115.85 
     57 36.2897 595 3 0 119.266 -61.0228 -116.25 
     57 102.766 594 3 0 119.212 -61.0502 -116.143 
     57 170.605 1490 3 1 118.307 -61.2318 -114.85 
     57 254.929 614 4 0 38.5063 -57.1244 -85.85 
     57 176.269 1104 3 1 40.8571 -56.7784 -114.45 
     57 17.4189 618 3 0 41.0642 -56.2735 -115.85 
     57 108.591 619 3 0 41.0736 -56.25 -115.917 
     57 131.128 1131 2 1 46.3241 -46.1575 -144.45 
     57 90.1898 671 2 0 46.2674 -45.7343 -145.85 
     57 41.0127 672 2 0 46.253 -45.65 -146.123 
     57 109.813 1118 1 1 43.7748 -37.5198 -174.45 
     57 50.1945 1117 1 1 43.65 -37.463 -174.696 
     57 161.083 714 1 0 43.0229 -37.2145 -175.85 
     57 335.493 1033 0 1 26.8003 -29.0024 -204.45 
     57 62.1746 1032 0 1 26.65 -28.9782 -204.683 
     57 171.443 756 0 0 25.8326 -28.8159 -205.85 
     57 48.2238 1092 4 1 38.4503 -57.151 -84.7049 
     57 291.032 610 4 0 39.4744 -57.85 -85.8633 
     57 31.7713 632 3 1 -53.45 -177.458 -114.662 
     57 65.0467 615 4 0 38.5944 -57.0213 -85.85 
     57 108.585 537 0 0 -19.3063 -72.5943 -205.85 
     57 120.204 1098 7 1 39.6867 -57.2087 5.55 
     57 119.717 614 7 0 39.6414 -57.1278 4.14985 
     57 135.287 1092 6 1 38.62 -55.5628 -24.45 
     57 125.467 624 6 0 38.5635 -55.2283 -25.85 
     57 271.834 1086 5 1 37.3715 -48.8623 -54.45 
     57 101.35 657 5 0 37.27 -48.5172 -55.85 
     57 35.7087 658 5 0 37.2503 -48.4499 -56.1208 
     57 112.027 1075 4 1 35.183 -41.3797 -84.45 
     57 57.4319 694 4 0 35.087 -41.0931 -85.85 
     57 56.5822 695 4 0 35.0733 -41.05 -86.06 
     57 115.097 1067 3 1 33.4772 -35.1792 -114.451 
     57 131.072 725 3 0 33.3945 -34.9991 -115.85 
     57 108.349 1057 2 1 31.576 -31.8537 -144.45 
     57 124.658 741 2 0 31.4993 -31.7343 -145.85 
     57 100.556 1047 1 1 29.6054 -29.1402 -174.45 
     57 107.655 755 1 0 29.4156 -29.0107 -175.85 
     57 183.615 1026 0 1 25.4387 -26.0756 -204.45 
     57 162.147 772 0 0 25.2926 -25.5399 -205.85 
     57 57.0878 773 0 0 25.2706 -25.45 -206.082 
     57 10.5981 612 10 0 38.9967 -57.4501 93.8124 
     57 63.8821 612 11 0 39.0798 -57.45 124.062 
     57 140.738 1101 11 1 40.3031 -58.5605 125.15 
Number of digits in this event: 82
Using G4ParticleGun... 
Particle energy: 6.66176 LIN
Particle: e-
Event: 58
Number of tracker hits in this event: 22
     58 199.413 389 8 1 -102.276 -100.589 35.55 
     58 107.755 397 8 0 -102.278 -100.59 34.15 
     58 127.727 389 7 1 -102.348 -100.64 5.55 
     58 22.0036 388 7 1 -102.35 -100.64 5.22611 
     58 130.84 397 7 0 -102.361 -100.645 4.15 
     58 120.02 387 6 1 -102.651 -100.778 -24.45 
     58 103.946 396 6 0 -102.665 -100.787 -25.85 
     58 109.538 385 5 1 -102.951 -100.952 -54.45 
     58 109.756 395 5 0 -102.968 -100.961 -55.85 
     58 134.128 384 4 1 -103.304 -101.151 -84.45 
     58 130.199 394 4 0 -103.319 -101.158 -85.85 
     58 149.593 382 3 1 -103.609 -101.346 -114.45 
     58 123.422 393 3 0 -103.621 -101.358 -115.85 
     58 279.266 381 2 1 -103.89 -101.602 -144.45 
     58 191.857 392 2 0 -103.901 -101.613 -145.85 
     58 141.183 380 1 1 -104.128 -101.853 -174.45 
     58 109.31 391 1 0 -104.139 -101.869 -175.85 
     58 126.344 378 0 1 -104.366 -102.184 -204.45 
     58 111.085 389 0 0 -104.381 -102.196 -205.85 
     58 79.0597 133 1 0 -143.406 -153.413 -176.25 
     58 193.01 328 1 0 -146.316 -114.491 -176.25 
     58 241.262 327 1 0 -146.318 -114.55 -176.167 
Number of digits in this event: 16
Using G4ParticleGun... 
Particle energy: 9.29455 LIN
Particle: e-
Event: 59
Number of tracker hits in this event: 145
     59 125.229 900 11 1 0.219358 -27.3351 125.55 
     59 102.614 763 11 0 0.219059 -27.335 124.15 
     59 116.252 900 10 1 0.215169 -27.3315 95.55 
     59 142.377 763 10 0 0.215997 -27.3313 94.15 
     59 159.985 900 9 1 0.233986 -27.3278 65.55 
     59 121.189 763 9 0 0.231979 -27.33 64.15 
     59 390.124 900 8 1 0.194685 -27.3823 35.55 
     59 349.006 763 8 0 0.189561 -27.3873 34.15 
     59 377.747 900 7 1 0.0691636 -27.4949 5.55 
     59 122.918 762 7 0 0.062299 -27.4937 4.15 
     59 115.12 899 6 1 -0.0931522 -27.4724 -24.45 
     59 158.132 762 6 0 -0.0997182 -27.4768 -25.85 
     59 420.401 898 5 1 -0.251057 -27.5439 -54.45 
     59 358.63 762 5 0 -0.270143 -27.5553 -55.85 
     59 458.9 897 4 1 -0.595941 -27.805 -84.45 
     59 321.723 761 4 0 -0.621034 -27.8099 -85.85 
     59 119.511 894 3 1 -1.13093 -27.8808 -114.45 
     59 155.337 760 3 0 -1.18151 -27.8864 -115.85 
     59 111.511 888 2 1 -2.28835 -28.035 -144.45 
     59 99.7516 760 2 0 -2.34709 -28.0398 -145.85 
     59 132.991 882 1 1 -3.51792 -28.1007 -174.45 
     59 101.971 759 1 0 -3.57985 -28.1028 -175.85 
     59 25.4184 876 0 1 -4.84629 -28.103 -204.45 
     59 98.6581 875 0 1 -4.85 -28.1036 -204.532 
     59 104.335 759 0 0 -4.91011 -28.1118 -205.85 
     59 82.2966 821 3 1 -15.85 -94.3272 -114.795 
     59 292.862 762 4 0 -0.539036 -27.5146 -85.85 
     59 237.776 896 3 1 -0.769686 -27.5799 -114.45 
     59 256.097 762 3 0 -0.76607 -27.5705 -115.85 
     59 164.324 896 2 1 -0.848123 -27.3201 -144.45 
     59 475.133 763 2 0 -0.853902 -27.2975 -145.85 
     59 118.784 895 1 1 -0.953855 -26.8809 -174.45 
     59 167.734 765 1 0 -0.976287 -26.8764 -175.85 
     59 305.716 892 0 1 -1.49122 -26.8309 -204.45 
     59 113.296 766 0 0 -1.53456 -26.8187 -205.85 
     59 124.634 1256 2 0 111.109 71.3566 -146.25 
     59 153.211 898 4 1 -0.404423 -27.5945 -84.45 
     59 106.46 894 2 1 -1.20772 -27.3678 -144.45 
     59 258.428 892 1 1 -1.47911 -27.4828 -174.45 
     59 102.009 762 1 0 -1.48083 -27.491 -175.85 
     59 359.288 761 0 0 -1.53117 -27.6788 -205.85 
     59 253.031 899 4 1 -0.189126 -27.7937 -84.4501 
     59 140.209 897 3 1 -0.58524 -28.4108 -114.45 
     59 109.979 757 3 0 -0.602607 -28.4917 -115.85 
     59 156.906 895 2 1 -0.906997 -30.0143 -144.45 
     59 110.459 749 2 0 -0.978426 -30.1669 -145.85 
     59 138.901 890 1 1 -1.96784 -35.3771 -174.45 
     59 88.5754 722 1 0 -2.01404 -35.6023 -175.85 
     59 205.644 721 1 0 -2.02735 -35.65 -176.129 
     59 224.145 881 0 1 -3.84591 -40.2677 -204.45 
     59 163.425 696 0 0 -3.81973 -40.7055 -205.85 
     59 200.949 744 1 0 -21.4375 -31.1842 -176.25 
     59 205.323 743 1 0 -21.4556 -31.2502 -176.151 
     59 27.9016 742 1 0 -21.6054 -31.4501 -176.156 
     59 14.7068 668 1 0 -4.18158 -46.3489 -176.25 
     59 83.398 237 1 0 57.9117 -132.707 -176.25 
     59 109.682 899 3 1 -0.141568 -27.7236 -114.45 
     59 116.604 761 3 0 -0.149923 -27.7583 -115.85 
     59 127.738 898 2 1 -0.273419 -28.4142 -144.45 
     59 120.258 758 2 0 -0.339403 -28.4242 -145.85 
     59 110.99 756 1 0 -1.60489 -28.6602 -175.85 
     59 201.369 891 0 1 -1.6827 -28.5157 -204.45 
     59 94.3284 757 0 0 -1.72001 -28.5498 -205.85 
     59 204.27 900 2 1 0.05 -28.264 -144.56 
     59 79.229 764 2 0 0.718448 -27.25 -146.018 
     59 214.229 788 2 0 12.0157 -22.3306 -146.25 
     59 72.3304 787 2 0 12.0884 -22.4507 -146.01 
     59 170.895 966 2 1 13.2963 -23.46 -144.85 
     59 179.975 856 2 0 -2.68088 -8.72065 -146.25 
     59 166.687 901 8 1 0.25 -27.2276 35.4583 
     59 74.9 770 8 0 1.04319 -25.9689 34.15 
     59 119.348 771 8 0 1.1183 -25.85 34.0439 
     59 157.746 772 8 0 1.24586 -25.65 33.9145 
     59 13.2513 452 8 0 35.6759 -89.6143 33.75 
     59 57.6123 451 8 0 35.6738 -89.65 33.7608 
     59 87.1782 450 8 0 35.7145 -89.8501 33.862 
     59 101.514 449 8 0 35.7715 -90.15 34.0683 
     59 282.983 1083 8 1 36.6758 -91.8719 35.15 
     59 209.786 1084 8 1 36.8501 -92.3645 35.2161 
     59 124.763 1085 8 1 37.05 -92.5651 35.2745 
     59 147.158 1082 8 1 36.6497 -93.206 35.3842 
     59 232.611 440 8 0 36.456 -92.1212 34.15 
     59 111.641 905 7 1 1.10484 -26.6158 5.55 
     59 113.106 767 7 0 1.07424 -26.5383 4.15 
     59 153.41 902 6 1 0.517076 -25.1089 -24.4502 
     59 105.97 775 6 0 0.472224 -25.0072 -25.8504 
     59 109.546 896 5 1 -0.804846 -23.1583 -54.4501 
     59 19.427 784 5 0 -0.882066 -23.0529 -55.8502 
     59 120.496 785 5 0 -0.884193 -23.05 -55.8885 
     59 168.982 888 4 1 -2.43797 -20.9958 -84.45 
     59 146.165 795 4 0 -2.47041 -20.9263 -85.85 
     59 120.715 884 3 1 -3.20924 -19.4547 -114.45 
     59 107.725 803 3 0 -3.23129 -19.3755 -115.851 
     59 324.299 882 2 1 -3.47348 -17.8401 -144.45 
     59 120.301 810 2 0 -3.49389 -17.891 -145.85 
     59 112.517 880 1 1 -3.89099 -19.3615 -174.45 
     59 124.825 803 1 0 -4.00986 -19.3796 -175.85 
     59 114.963 868 0 1 -6.38845 -20.0998 -204.45 
     59 33.776 869 0 1 -6.25 -20.229 -204.783 
     59 0.018561 797 0 0 -5.79526 -20.6499 -205.85 
     59 187.673 796 0 0 -5.79512 -20.65 -205.85 
     59 53.261 893 1 1 -1.26585 -16.0999 -174.85 
     59 325.635 763 7 0 0.143524 -27.3368 4.15 
     59 125.857 1016 1 1 23.4027 -22.0628 -174.45 
     59 92.0759 1017 1 1 23.45 -22.0263 -174.685 
     59 85.4095 790 1 0 23.8171 -21.9821 -175.85 
     59 45.9547 1035 0 1 27.2165 -23.4843 -204.45 
     59 82.8169 1036 0 1 27.25 -23.4291 -204.565 
     59 100.825 785 0 0 27.4163 -22.9572 -205.85 
     59 23.0612 786 0 0 27.4135 -22.85 -206.181 
     59 107.367 1015 1 1 23.25 -22.0741 -174.606 
     59 156.075 791 1 0 22.2198 -21.7356 -175.85 
     59 31.5939 792 1 0 21.9923 -21.65 -176.143 
     59 97.196 880 0 1 -3.85018 -13.0371 -204.644 
     59 31.8678 879 0 1 -4.05 -12.9789 -204.795 
     59 196.183 838 0 0 -5.81675 -12.3685 -205.85 
     59 191.009 827 2 1 -14.5719 -11.8491 -144.45 
     59 92.0803 841 2 0 -14.8314 -11.6512 -145.85 
     59 259.045 842 2 0 -14.8331 -11.65 -145.859 
     59 27.7894 797 1 1 -20.5979 -8.20237 -174.45 
     59 117.516 796 1 1 -20.65 -8.20944 -174.542 
     59 120.629 858 1 0 -21.3421 -8.29805 -175.85 
     59 19.1355 720 0 1 -35.9886 -12.0665 -204.45 
     59 70.9613 719 0 1 -36.05 -12.0653 -204.504 
     59 289.624 718 0 1 -36.25 -12.0658 -204.679 
     59 178.716 839 0 0 -37.6283 -12.1184 -205.85 
     59 50.486 826 2 1 -14.65 -11.8574 -144.701 
     59 195.43 840 2 0 -15.6404 -11.9108 -145.85 
     59 4.95105 1051 2 0 29.8415 30.4407 -146.25 
     59 39.9982 1052 2 0 29.8489 30.45 -146.239 
     59 110.947 900 6 1 0.159009 -27.3905 -24.45 
     59 114.54 763 6 0 0.165654 -27.3896 -25.85 
     59 346.915 901 5 1 0.336731 -27.3214 -54.45 
     59 239.451 763 5 0 0.343683 -27.3203 -55.85 
     59 3.2683 902 4 1 0.4501 -27.3185 -84.45 
     59 150.94 901 4 1 0.45 -27.3184 -84.4666 
     59 151.407 763 4 0 0.441261 -27.3111 -85.85 
     59 153.332 901 3 1 0.277519 -27.1691 -114.45 
     59 222.395 764 3 0 0.270224 -27.1531 -115.85 
     59 130.139 766 2 0 0.114594 -26.7881 -145.85 
     59 49.067 899 1 1 -0.248124 -26.4477 -174.45 
     59 71.3436 898 1 1 -0.25 -26.4423 -174.615 
     59 114.91 768 1 0 -0.264984 -26.3981 -175.85 
     59 122.167 897 0 1 -0.612893 -25.3718 -204.45 
     59 134.113 773 0 0 -0.607484 -25.3374 -205.85 
Number of digits in this event: 80
Using G4ParticleGun... 
Particle energy: 2.68778 LIN
Particle: e-
Event: 60
Number of tracker hits in this event: 66
     60 143.645 643 9 1 -51.2866 -124.708 65.55 
     60 126.22 277 9 0 -51.2875 -124.708 64.15 
     60 129.392 643 8 1 -51.3122 -124.705 35.55 
     60 107.07 277 8 0 -51.3119 -124.702 34.15 
     60 108.368 643 7 1 -51.2974 -124.625 5.55 
     60 122.317 277 7 0 -51.2964 -124.62 4.15 
     60 122.628 643 6 1 -51.2722 -124.533 -24.45 
     60 101.394 278 6 0 -51.2702 -124.525 -25.85 
     60 112.411 644 5 1 -51.2267 -124.348 -54.45 
     60 107.309 279 5 0 -51.2273 -124.337 -55.85 
     60 107.527 644 4 1 -51.243 -124.136 -84.45 
     60 123.695 280 4 0 -51.2452 -124.135 -85.85 
     60 397.553 643 3 1 -51.3413 -124.055 -114.45 
     60 521.515 280 3 0 -51.3415 -124.051 -115.85 
     60 115.009 643 2 1 -51.3224 -123.98 -144.45 
     60 103.841 280 2 0 -51.3435 -123.971 -145.85 
     60 249.964 641 1 1 -51.8341 -123.813 -174.45 
     60 240.163 281 1 0 -51.8369 -123.806 -175.85 
     60 112.393 640 0 1 -51.8572 -123.631 -204.45 
     60 201.152 282 0 0 -51.849 -123.601 -205.85 
     60 66.6056 445 2 0 16.8265 -91.1237 -146.25 
     60 168.487 647 2 1 -50.455 -123.741 -144.45 
     60 317.203 279 2 0 -50.8521 -124.22 -145.85 
     60 127.422 601 1 1 -59.77 -134.072 -174.45 
     60 7.98115 600 1 1 -59.85 -134.087 -174.82 
     60 107.517 230 1 0 -60.0652 -134.119 -175.85 
     60 160.412 574 0 1 -65.075 -138.19 -204.45 
     60 166.842 209 0 0 -65.1341 -138.206 -205.85 
     60 164.352 651 2 1 -49.7976 -125.113 -144.45 
     60 249.843 277 2 0 -49.8271 -124.608 -145.85 
     60 104.274 278 2 0 -49.8313 -124.55 -145.996 
     60 207.872 649 1 1 -50.1245 -112.078 -174.45 
     60 101.631 650 1 1 -50.05 -111.84 -174.662 
     60 53.3223 349 1 0 -50.0196 -110.315 -175.85 
     60 65.0299 350 1 0 -50.0111 -110.15 -175.973 
     60 52.5055 351 1 0 -50.0231 -109.95 -176.127 
     60 47.906 357 1 0 -48.2011 -108.75 -176.113 
     60 157.71 649 0 1 -50.1117 -73.4183 -204.45 
     60 268.667 648 0 1 -50.2509 -73.561 -204.622 
     60 41.6595 529 0 0 -51.1413 -74.1868 -205.85 
     60 168.589 528 0 0 -51.2165 -74.2503 -205.961 
     60 184.236 511 0 0 -52.0642 -77.6835 -206.25 
     60 41.9506 512 0 0 -51.9147 -77.65 -206.135 
     60 74.1658 650 0 1 -50.05 -78.0988 -204.597 
     60 77.4482 651 0 1 -49.85 -78.1898 -204.501 
     60 76.2493 652 0 1 -49.65 -78.3619 -204.489 
     60 132.073 653 0 1 -49.4499 -78.4453 -204.571 
     60 78.594 654 0 1 -49.25 -78.5948 -204.617 
     60 188.596 655 0 1 -49.05 -78.7026 -204.651 
     60 343.842 656 0 1 -48.85 -78.9288 -204.7 
     60 403.689 643 0 1 -51.3183 -123.273 -204.45 
     60 317.222 284 0 0 -51.142 -123.196 -205.85 
     60 142.458 278 5 0 -51.2603 -124.486 -55.85 
     60 393.111 644 2 1 -51.1694 -124.527 -144.45 
     60 147.666 271 1 0 -51.7092 -125.89 -175.85 
     60 129.335 641 0 1 -51.7405 -127.43 -204.45 
     60 108.368 263 0 0 -51.7734 -127.51 -205.85 
     60 112.807 665 1 1 -46.905 -116.622 -174.45 
     60 50.6271 666 1 1 -46.85 -116.479 -174.715 
     60 12.7074 321 1 0 -46.5598 -115.77 -175.85 
     60 181.841 322 1 0 -46.5516 -115.75 -175.882 
     60 33.183 323 1 0 -46.4648 -115.55 -176.178 
     60 75.3515 715 0 1 -37.0317 -95.8031 -204.45 
     60 60.1785 716 0 1 -36.8499 -95.7048 -204.702 
     60 70.6238 424 0 0 -35.9873 -95.1915 -205.85 
     60 124.138 425 0 0 -35.9202 -95.15 -205.939 
Number of digits in this event: 36
Using G4ParticleGun... 
Particle energy: 2.57471 LIN
Particle: e-
Event: 61
Number of tracker hits in this event: 84
     61 189.772 189 8 1 -142.165 -20.7086 35.55 
     61 103.917 796 8 0 -142.163 -20.7083 34.15 
     61 155.473 190 7 1 -142.13 -20.7028 5.55 
     61 173.135 796 7 0 -142.124 -20.7053 4.15 
     61 366.735 190 6 1 -142.005 -20.7587 -24.45 
     61 129.793 796 6 0 -142.001 -20.7575 -25.85 
     61 125.79 190 5 1 -141.957 -20.7207 -54.45 
     61 102.184 796 5 0 -141.941 -20.7204 -55.85 
     61 115.644 192 4 1 -141.633 -20.7009 -84.45 
     61 195.838 796 4 0 -141.62 -20.7035 -85.85 
     61 133.951 193 3 1 -141.373 -20.7758 -114.45 
     61 129.877 796 3 0 -141.36 -20.7816 -115.85 
     61 102.704 195 2 1 -141.071 -20.8991 -144.45 
     61 238.789 795 2 0 -141.055 -20.917 -145.85 
     61 112.101 197 1 1 -140.7 -21.2279 -174.45 
     61 198.095 794 1 0 -140.714 -21.2474 -175.85 
     61 78.4603 793 1 0 -140.715 -21.25 -176.028 
     61 175.446 196 0 1 -140.935 -21.5814 -204.45 
     61 151.5 792 0 0 -140.943 -21.601 -205.85 
     61 154.861 197 0 1 -140.75 -21.4006 -204.63 
     61 172.456 798 0 0 -140.179 -20.4297 -205.85 
     61 191.731 799 0 0 -140.079 -20.2496 -206.093 
     61 8.14146 796 2 0 -141.066 -20.6836 -145.85 
     61 230.053 192 3 1 -141.682 -20.9189 -114.45 
     61 261.286 795 3 0 -141.698 -20.9169 -115.85 
     61 256.948 190 2 1 -142.124 -20.8519 -144.45 
     61 305.752 191 1 1 -141.819 -21.1145 -174.45 
     61 305.138 188 0 1 -142.372 -21.7452 -204.45 
     61 35.2938 791 0 0 -142.397 -21.8419 -205.85 
     61 97.9452 790 0 0 -142.4 -21.85 -205.962 
     61 152.248 797 0 0 -126.159 -20.5617 -206.25 
     61 158.623 794 2 0 -142.034 -21.218 -145.85 
     61 116.579 190 1 1 -141.957 -20.5578 -174.45 
     61 107.18 797 1 0 -141.978 -20.5158 -175.85 
     61 112.465 803 0 0 -142.469 -19.4235 -205.85 
     61 73.426 797 7 0 -142.066 -20.65 3.9319 
     61 114.652 795 6 0 -141.822 -20.87 -25.85 
     61 203.953 211 5 1 -137.804 -22.4846 -54.4503 
     61 20.5971 781 5 0 -137.905 -23.7962 -55.85 
     61 133.45 780 5 0 -137.909 -23.85 -55.9063 
     61 47.8124 779 5 0 -137.92 -24.05 -56.1232 
     61 176.204 206 4 1 -138.865 -51.0889 -84.45 
     61 75.5075 205 4 1 -138.95 -51.3631 -84.698 
     61 8.94483 637 4 0 -139.306 -52.616 -85.85 
     61 66.6134 636 4 0 -139.315 -52.6502 -85.8811 
     61 81.0321 635 4 0 -139.371 -52.8503 -86.0603 
     61 4.39996 634 4 0 -139.433 -53.0503 -86.2361 
     61 186.014 155 3 1 -148.964 -85.8802 -114.45 
     61 13.3313 461 3 0 -149.567 -87.8144 -115.85 
     61 80.9025 460 3 0 -149.577 -87.8502 -115.875 
     61 88.3253 459 3 0 -149.637 -88.05 -116.015 
     61 46.4762 458 3 0 -149.7 -88.25 -116.152 
     61 173.702 77 2 1 -164.736 -130.017 -144.45 
     61 108.559 78 2 1 -164.55 -130.307 -144.69 
     61 31.0186 242 2 0 -163.545 -131.674 -145.85 
     61 196.095 241 2 0 -163.483 -131.75 -145.915 
     61 87.6485 240 2 0 -163.265 -131.95 -146.091 
     61 2.557 239 2 0 -163.051 -132.15 -146.244 
     61 106.343 297 1 1 -120.645 -172.043 -174.45 
     61 121.938 40 1 0 -120.503 -172.065 -175.85 
     61 65.8218 304 0 1 -119.299 -172.251 -204.45 
     61 68.8544 303 0 1 -119.35 -172.166 -204.672 
     61 80.2702 43 0 0 -119.649 -171.504 -205.85 
     61 27.3211 44 0 0 -119.725 -171.35 -206.139 
     61 68.9483 801 6 0 -141.841 -19.7613 -25.85 
     61 77.9482 802 6 0 -141.816 -19.65 -26.0301 
     61 96.176 252 5 1 -129.659 2.7345 -54.4506 
     61 44.2032 251 5 1 -129.75 2.7526 -54.7384 
     61 152.01 914 5 0 -130.024 2.86139 -55.85 
     61 92.1426 810 5 0 -135.389 -17.8548 -56.25 
     61 51.2205 809 5 0 -135.377 -18.05 -56.0019 
     61 227.292 223 5 1 -135.512 -18.9917 -54.85 
     61 82.5251 222 5 1 -135.55 -19.6249 -54.5901 
     61 166.23 799 5 0 -136.079 -20.1338 -55.85 
     61 19.9055 798 5 0 -136.24 -20.25 -56.2247 
     61 201.147 483 5 0 -137.163 -83.3411 -56.25 
     61 34.5062 482 5 0 -137.14 -83.45 -56.211 
     61 54.2521 484 5 0 -136.913 -83.25 -55.9155 
     61 230.977 215 5 1 -137.018 -83.4209 -54.85 
     61 14.732 688 6 0 -131.097 -42.2938 -26.25 
     61 247.184 795 1 0 -141.87 -20.895 -175.85 
     61 103.43 193 0 1 -141.444 -20.7138 -204.451 
     61 117.716 191 0 1 -141.773 -21.2022 -204.45 
     61 203.467 794 0 0 -141.759 -21.2156 -205.85 
Number of digits in this event: 38
Using G4ParticleGun... 
Particle energy: 1.57737 LIN
Particle: e-
Event: 62
Number of tracker hits in this event: 46
     62 115.274 849 11 1 -10.0575 -53.0783 125.55 
     62 126.267 634 11 0 -10.0651 -53.0776 124.15 
     62 209.553 849 10 1 -10.222 -53.0664 95.55 
     62 121.337 634 10 0 -10.2271 -53.0663 94.15 
     62 111.281 848 9 1 -10.3325 -53.0646 65.55 
     62 117.117 634 9 0 -10.3385 -53.0692 64.15 
     62 157.42 847 8 1 -10.4661 -53.1785 35.55 
     62 144.521 634 8 0 -10.4736 -53.183 34.15 
     62 112.015 847 7 1 -10.6172 -53.2833 5.55 
     62 94.4915 633 7 0 -10.6255 -53.2913 4.15 
     62 124.535 846 6 1 -10.7822 -53.4589 -24.45 
     62 164.661 632 6 0 -10.79 -53.4702 -25.85 
     62 162.861 845 5 1 -10.9589 -53.6879 -54.45 
     62 301.716 631 5 0 -10.9673 -53.6904 -55.85 
     62 144.53 844 4 1 -11.127 -53.7124 -84.45 
     62 517.294 631 4 0 -11.1391 -53.7087 -85.85 
     62 100.327 843 3 1 -11.3722 -53.6182 -114.45 
     62 205.913 632 3 0 -11.4198 -53.6314 -115.85 
     62 122.705 837 2 1 -12.5006 -53.8193 -144.45 
     62 281.085 631 2 0 -12.5714 -53.7527 -145.85 
     62 236.039 829 1 1 -14.1212 -52.3111 -174.45 
     62 117.497 639 1 0 -14.4802 -52.1772 -175.85 
     62 138.384 790 0 1 -21.9116 -49.4574 -204.45 
     62 8.71756 789 0 1 -22.05 -49.4249 -204.83 
     62 98.0837 653 0 0 -22.4358 -49.3397 -205.85 
     62 229.391 840 1 1 -11.8982 -53.4534 -174.45 
     62 189.302 633 1 0 -11.9229 -53.4449 -175.85 
     62 142.088 837 0 1 -12.4692 -53.2697 -204.45 
     62 122.051 633 0 0 -12.4955 -53.2634 -205.85 
     62 191.345 815 12 0 -67.1549 -16.8968 153.75 
     62 46.0222 816 12 0 -67.2595 -16.8497 154.063 
     62 109.59 567 12 1 -66.5835 -16.4019 155.15 
     62 52.289 568 12 1 -66.45 -16.3488 155.195 
     62 112.094 823 12 0 -66.1143 -15.3622 154.15 
     62 133.188 632 1 0 -11.9652 -53.4553 -175.85 
     62 225.657 833 0 1 -13.296 -53.5589 -204.45 
     62 188.923 632 0 0 -13.3636 -53.5875 -205.85 
     62 42.5312 895 0 1 -1.0317 -132.55 -204.85 
     62 20.5832 630 5 0 -11.0356 -53.85 -56.035 
     62 363.813 846 5 1 -10.8499 -53.7408 -54.533 
     62 63.0294 847 5 1 -10.65 -53.8568 -54.6349 
     62 60.5368 848 5 1 -10.4498 -53.8695 -54.6964 
     62 28.7872 849 5 1 -10.25 -53.8671 -54.7825 
     62 126.234 632 5 0 -9.17986 -53.6084 -55.85 
     62 59.0756 542 3 0 46.1231 -71.4518 -116.25 
     62 105.961 543 3 0 46.315 -71.45 -116.237 
Number of digits in this event: 29
Using G4ParticleGun... 
Particle energy: 7.57621 LIN
Particle: e-
Event: 63
Number of tracker hits in this event: 23
     63 150.898 1590 8 1 138.158 -32.8788 35.55 
     63 179.173 735 8 0 138.158 -32.8789 34.15 
     63 171.629 1589 7 1 138.144 -32.8815 5.55 
     63 197.783 735 7 0 138.142 -32.8806 4.15 
     63 130.066 1589 6 1 138.104 -32.8622 -24.45 
     63 120.693 735 6 0 138.102 -32.8619 -25.85 
     63 157.122 1589 5 1 138.071 -32.8546 -54.45 
     63 123.287 735 5 0 138.069 -32.8542 -55.85 
     63 123.385 1589 4 1 138.021 -32.8444 -84.45 
     63 102.801 736 4 0 138.02 -32.8431 -85.85 
     63 113.148 1589 3 1 137.984 -32.8213 -114.45 
     63 221.863 736 3 0 137.983 -32.8214 -115.85 
     63 123.125 1589 2 1 137.962 -32.8278 -144.45 
     63 107.531 736 2 0 137.958 -32.827 -145.85 
     63 117.974 1588 1 1 137.872 -32.8562 -174.45 
     63 141.988 735 1 0 137.867 -32.8616 -175.85 
     63 329.968 1588 0 1 137.752 -32.9692 -204.45 
     63 100.155 1587 0 1 137.75 -32.9696 -204.47 
     63 212.437 735 0 0 137.585 -32.9955 -205.851 
     63 341.456 736 0 0 137.776 -32.7366 -205.85 
     63 74.5937 1386 5 1 97.5253 -40.517 -54.85 
     63 200.819 1387 5 1 97.55 -40.5893 -54.4964 
     63 12.1448 1290 1 1 78.25 76.7399 -174.708 
Number of digits in this event: 18
Using G4ParticleGun... 
Particle energy: 8.32303 LIN
Particle: e-
Event: 64
Number of tracker hits in this event: 61
     64 116.761 900 11 1 0.245474 41.2271 125.55 
     64 127.606 1105 11 0 0.244 41.2259 124.15 
     64 108.537 900 10 1 0.220258 41.2006 95.55 
     64 104.156 1105 10 0 0.21977 41.1995 94.15 
     64 146.236 900 9 1 0.208218 41.1742 65.55 
     64 356.536 1105 9 0 0.207109 41.1726 64.15 
     64 128.715 900 8 1 0.185441 41.1456 35.55 
     64 88.9173 1105 8 0 0.182678 41.1435 34.15 
     64 152.224 900 7 1 0.116656 41.0988 5.55 
     64 166.873 1105 7 0 0.108585 41.1001 4.15 
     64 188.278 899 6 1 -0.056022 41.1309 -24.45 
     64 134.13 1105 6 0 -0.0602821 41.1217 -25.85 
     64 135.035 899 5 1 -0.123816 40.9338 -54.45 
     64 143.873 1104 5 0 -0.123124 40.9187 -55.85 
     64 350.203 899 4 1 -0.111151 40.6315 -84.45 
     64 114.216 1102 4 0 -0.116779 40.6135 -85.85 
     64 110.422 899 3 1 -0.235024 40.2242 -114.45 
     64 95.5965 1100 3 0 -0.229044 40.2385 -115.85 
     64 179.909 899 2 1 -0.0985372 40.5458 -144.45 
     64 128.459 1102 2 0 -0.10296 40.5572 -145.85 
     64 105.221 898 1 1 -0.272712 40.8098 -174.45 
     64 384.76 1103 1 0 -0.278468 40.823 -175.85 
     64 113.08 898 0 1 -0.426431 41.1152 -204.45 
     64 114.785 1105 0 0 -0.439281 41.1381 -205.85 
     64 74.5664 1439 1 0 -38.5154 108.132 -176.25 
     64 17.0779 1438 1 0 -38.4245 107.95 -175.875 
     64 65.9189 708 1 1 -38.3573 107.336 -174.85 
     64 185.611 709 1 1 -38.25 107.376 -174.792 
     64 62.955 898 4 1 -0.25 40.7942 -84.6372 
     64 227.126 1103 4 0 -0.254599 40.7635 -85.8501 
     64 104.468 1099 3 0 0.0521119 40.0243 -115.85 
     64 253.027 907 2 1 1.49139 41.6089 -144.45 
     64 97.5537 1108 2 0 1.52166 41.7537 -145.85 
     64 142.493 912 1 1 2.508 45.0742 -174.45 
     64 75.319 1125 1 0 2.56912 45.2217 -175.85 
     64 50.915 1126 1 0 2.58291 45.25 -176.127 
     64 344.581 920 0 1 4.20656 47.9606 -204.45 
     64 117.689 1140 0 0 4.28939 48.0639 -205.85 
     64 130.941 1092 2 0 1.66666 38.5498 -145.851 
     64 104.645 915 1 1 3.22933 35.4935 -174.45 
     64 7.7312 916 1 1 3.25 35.4671 -174.832 
     64 141.361 1076 1 0 3.30401 35.4026 -175.85 
     64 212.323 923 0 1 4.72819 33.0234 -204.45 
     64 48.1457 1069 0 0 4.46154 33.9576 -205.85 
     64 117.793 1070 0 0 4.43543 34.0501 -205.988 
     64 262.441 1095 1 0 4.24954 39.25 -175.893 
     64 124.282 895 1 1 -0.873183 41.466 -174.45 
     64 474.485 1105 1 0 -0.79824 41.1925 -175.85 
     64 145.248 901 0 1 0.404737 36.1418 -204.45 
     64 138.845 1076 0 0 0.563489 35.4029 -205.85 
     64 23.0342 1075 0 0 0.619697 35.25 -206.174 
     64 291.237 899 1 1 -0.201463 40.8232 -174.45 
     64 212.256 899 0 1 -0.240238 40.7775 -204.45 
     64 346.646 1103 0 0 -0.246304 40.7749 -205.85 
     64 142.547 1472 1 0 60.2645 114.572 -176.25 
     64 4.04731 1283 1 0 -80.4783 76.7305 -176.25 
     64 33.8028 1106 1 0 0.0500467 41.3665 -176.03 
     64 245.338 1104 1 0 -0.05 40.9725 -176.036 
     64 136.874 702 0 1 -39.45 115.253 -204.835 
     64 212.571 701 0 1 -39.65 115.586 -204.692 
     64 275.791 1500 0 0 -169.965 120.15 -205.993 
Number of digits in this event: 37
Using G4ParticleGun... 
Particle energy: 7.34896 LIN
Particle: e-
Event: 65
Number of tracker hits in this event: 66
     65 114.69 1149 10 1 49.9276 87.3238 95.55 
     65 217.669 1336 10 0 49.9277 87.3235 94.15 
     65 118.915 1149 9 1 49.9362 87.3135 65.55 
     65 199.782 1336 9 0 49.9365 87.3122 64.15 
     65 132.002 1149 8 1 49.9472 87.3023 35.55 
     65 95.4487 1336 8 0 49.9478 87.3012 34.15 
     65 109.514 1149 7 1 49.9579 87.27 5.55 
     65 124.212 1336 7 0 49.9582 87.2687 4.15 
     65 157.265 1149 6 1 49.967 87.2447 -24.45 
     65 240.818 1335 6 0 49.9667 87.2448 -25.85 
     65 361.854 1149 5 1 49.9637 87.25 -54.45 
     65 342.256 1336 5 0 49.9644 87.252 -55.85 
     65 244.411 1149 4 1 49.9822 87.2942 -84.45 
     65 237.954 1336 4 0 49.9828 87.2974 -85.85 
     65 345.492 1149 3 1 49.9966 87.3735 -114.45 
     65 431.604 1336 3 0 49.9978 87.3762 -115.85 
     65 128.285 1149 2 1 50.0229 87.429 -144.45 
     65 404.666 1336 2 0 50.0339 87.4341 -145.85 
     65 392.362 1150 1 1 50.2401 87.4454 -174.45 
     65 441.554 1336 1 0 50.2526 87.4332 -175.85 
     65 365.376 1152 0 1 50.5925 87.2617 -204.45 
     65 252.717 1336 0 0 50.6082 87.2566 -205.85 
     65 250.897 1150 0 1 50.075 87.5319 -204.45 
     65 283.71 1337 0 0 50.08 87.5339 -205.85 
     65 118.553 1150 2 1 50.1779 87.4356 -144.45 
     65 119.778 1151 1 1 50.3653 87.4131 -174.45 
     65 31.1373 1798 0 0 137.677 179.855 -206.25 
     65 197.126 1799 0 0 137.837 179.95 -206.098 
     65 160.185 1153 2 1 50.8149 88.1037 -144.45 
     65 147.819 1340 2 0 50.8437 88.1405 -145.85 
     65 113.134 1156 1 1 51.4248 88.9083 -174.45 
     65 146.56 1344 1 0 51.4364 88.956 -175.85 
     65 118.866 1158 0 1 51.6632 89.8725 -204.45 
     65 253.705 1349 0 0 51.6829 89.952 -205.85 
     65 45.1688 913 0 1 2.85 27.4325 -204.744 
     65 127.878 1151 4 1 50.2543 87.2086 -84.45 
     65 119.015 1335 4 0 50.3014 87.2382 -85.85 
     65 105.578 1157 3 1 51.5163 88.14 -114.45 
     65 114.921 1341 3 0 51.5502 88.2928 -115.85 
     65 107.6 1160 2 1 52.1853 91.3143 -144.45 
     65 157.877 1356 2 0 52.2674 91.3809 -145.85 
     65 116.361 1173 1 1 54.675 92.9945 -174.45 
     65 119.029 1364 1 0 54.7655 92.9654 -175.85 
     65 181.976 1181 0 1 56.2523 90.9276 -204.45 
     65 130.932 1353 0 0 56.3719 90.9338 -205.85 
     65 97.3266 1151 3 1 50.4452 87.1878 -114.45 
     65 98.2597 1152 3 1 50.45 87.187 -114.629 
     65 174.997 1335 3 0 50.4864 87.1853 -115.85 
     65 257.335 1156 2 1 51.3227 87.2014 -144.45 
     65 105.494 1158 1 1 51.7503 88.3804 -174.45 
     65 126.761 1342 1 0 51.7002 88.4548 -175.85 
     65 110.994 1136 0 1 47.369 92.4846 -204.45 
     65 111.3 1362 0 0 47.4623 92.6164 -205.85 
     65 140.734 1776 3 1 175.43 47.6453 -114.45 
     65 111.458 1775 3 1 175.35 47.7615 -114.597 
     65 129.363 1334 1 0 49.9826 87.0292 -175.85 
     65 276.945 1138 0 1 47.659 85.8881 -204.451 
     65 174.762 1332 0 0 48.0579 86.4654 -205.85 
     65 2.33535 1333 0 0 48.1629 86.65 -206.242 
     65 154.971 1137 0 1 47.65 86.0382 -204.691 
     65 113.123 1150 10 1 50.0668 87.1916 95.55 
     65 87.3928 1337 10 0 50.1649 87.4619 94.1498 
     65 10.3002 1149 1 1 49.9668 87.4024 -174.45 
     65 87.6548 1337 1 0 49.893 87.45 -175.945 
     65 83.3275 1342 0 0 47.3719 88.6087 -205.85 
     65 51.0839 1343 0 0 47.3284 88.65 -206.11 
Number of digits in this event: 40
Using G4ParticleGun... 
Particle energy: 4.07554 LIN
Particle: e-
Event: 66
Number of tracker hits in this event: 176
     66 310.668 453 10 1 -89.4205 68.1187 95.55 
     66 144.217 1240 10 0 -89.4199 68.1193 94.15 
     66 97.9686 453 9 1 -89.4018 68.1311 65.55 
     66 161.564 1240 9 0 -89.4016 68.1324 64.15 
     66 368.871 453 8 1 -89.3938 68.1646 35.55 
     66 406.112 1240 8 0 -89.3912 68.1648 34.15 
     66 288.159 453 7 1 -89.3354 68.165 5.55 
     66 432.551 1240 7 0 -89.336 68.165 4.15 
     66 139.867 453 6 1 -89.3362 68.1715 -24.45 
     66 306.669 1240 6 0 -89.3372 68.1684 -25.85 
     66 119.307 453 5 1 -89.334 68.152 -54.45 
     66 131.864 1240 5 0 -89.33 68.1504 -55.85 
     66 95.7087 454 4 1 -89.2398 68.1111 -84.45 
     66 245.631 1240 4 0 -89.2359 68.1098 -85.85 
     66 130.012 454 3 1 -89.1646 68.073 -114.45 
     66 240.033 1240 3 0 -89.1636 68.0724 -115.85 
     66 191.228 454 2 1 -89.1485 68.0744 -144.45 
     66 386.138 1240 2 0 -89.1478 68.0775 -145.85 
     66 158.917 454 1 1 -89.1418 68.1448 -174.45 
     66 111.406 1240 1 0 -89.1433 68.151 -175.85 
     66 118.814 454 0 1 -89.122 68.2775 -204.45 
     66 123.559 1241 0 0 -89.1167 68.2757 -205.85 
     66 3.26339 1206 2 1 61.2878 151.885 -144.45 
     66 144.86 727 0 1 -34.65 89.5681 -204.498 
     66 407.849 1239 2 0 -89.1089 68.05 -145.942 
     66 68.6345 455 2 1 -89.05 67.981 -144.653 
     66 156.493 1237 2 0 -89.2481 67.6263 -145.85 
     66 107.913 452 7 1 -89.6117 68.2193 5.55 
     66 187.892 454 6 1 -89.0571 68.7128 -24.45 
     66 330.094 455 6 1 -89.05 68.7175 -24.6525 
     66 203.413 1243 6 0 -89.0132 68.7444 -25.85 
     66 109.796 459 5 1 -88.1543 69.2651 -54.45 
     66 136.161 1246 5 0 -88.0635 69.2713 -55.85 
     66 142.64 469 4 1 -86.1034 69.3809 -84.45 
     66 153.833 1246 4 0 -85.9958 69.342 -85.85 
     66 71.8858 480 3 1 -83.866 68.4738 -114.45 
     66 107.223 481 3 1 -83.85 68.4654 -114.711 
     66 172.703 1241 3 0 -83.7789 68.4263 -115.85 
     66 191.875 490 2 1 -81.8917 67.4799 -144.45 
     66 166.47 1236 2 0 -81.8254 67.4214 -145.85 
     66 343.927 498 1 1 -80.2682 66.0685 -174.45 
     66 12.3006 499 1 1 -80.25 66.0535 -174.792 
     66 186.969 1229 1 0 -80.1946 66.0032 -175.85 
     66 105.614 506 0 1 -78.8352 64.6619 -204.45 
     66 115.601 1222 0 0 -78.7769 64.6101 -205.85 
     66 261.719 497 1 1 -80.5344 66.2183 -174.45 
     66 131.185 1232 1 0 -80.181 66.4991 -175.85 
     66 51.2989 521 0 1 -75.7902 76.2631 -204.45 
     66 254.748 520 0 1 -75.8501 76.3703 -204.611 
     66 55.9449 1285 0 0 -76.3698 77.1668 -205.85 
     66 88.6345 1286 0 0 -76.4226 77.25 -205.982 
     66 121.05 1228 1 0 -80.5168 65.8499 -175.88 
     66 145.075 1114 1 0 -82.4022 42.9802 -176.25 
     66 69.4222 1113 1 0 -82.3874 42.85 -176.025 
     66 222.453 489 1 1 -82.1673 41.5975 -174.85 
     66 27.6424 488 1 1 -82.3568 40.9296 -174.45 
     66 109.005 487 1 1 -82.45 40.894 -174.485 
     66 228.131 486 1 1 -82.65 40.7401 -174.597 
     66 55.1418 485 1 1 -82.85 40.4099 -174.796 
     66 100.928 1088 1 0 -85.0432 37.7482 -175.85 
     66 406.569 1087 1 0 -85.127 37.6499 -175.902 
     66 233.012 1074 1 0 -157.258 34.977 -176.25 
     66 12.6287 99 1 1 -160.309 34.9258 -174.85 
     66 36.3877 98 1 1 -160.35 34.9272 -174.834 
     66 78.7428 1083 1 0 -162.978 36.7239 -175.85 
     66 79.478 1084 1 0 -163.214 36.85 -175.895 
     66 116.915 1085 1 0 -163.387 37.0503 -175.942 
     66 79.6561 1086 1 0 -163.519 37.25 -176.016 
     66 66.4855 1089 1 0 -163.645 37.85 -176.067 
     66 66.7728 1090 1 0 -163.575 38.05 -176.087 
     66 58.8985 1091 1 0 -163.492 38.25 -176.081 
     66 102.183 1092 1 0 -163.463 38.45 -176.009 
     66 6.69567 1093 1 0 -163.47 38.6501 -175.872 
     66 38.5248 84 1 1 -163.191 39.0562 -174.85 
     66 100.214 85 1 1 -163.15 39.0678 -174.75 
     66 84.9379 86 1 1 -162.95 39.111 -174.594 
     66 211.984 87 1 1 -162.75 39.0556 -174.506 
     66 145.698 456 5 1 -88.7945 68.235 -54.45 
     66 166.655 1241 5 0 -88.7692 68.2687 -55.85 
     66 123.775 458 4 1 -88.326 68.5787 -84.45 
     66 150.733 1242 4 0 -88.207 68.5809 -85.8507 
     66 122.745 471 3 1 -85.8052 68.8786 -114.45 
     66 205.139 1243 3 0 -85.6203 68.8371 -115.85 
     66 46.7028 491 2 1 -81.85 68.0284 -144.698 
     66 125.274 513 1 1 -77.35 67.8525 -174.45 
     66 122.439 1238 1 0 -77.1835 67.828 -175.85 
     66 126.842 531 0 1 -73.8252 67.2952 -204.45 
     66 190.35 1236 0 0 -73.6889 67.2682 -205.85 
     66 156.635 1711 6 1 162.35 138.173 -24.6686 
     66 101.257 1241 6 0 -89.3523 68.263 -25.85 
     66 117.433 428 5 1 -94.3928 69.997 -54.4505 
     66 137.847 1248 5 0 -94.2483 69.8322 -55.85 
     66 169.411 448 4 1 -90.4764 68.3144 -84.45 
     66 45.575 482 3 1 -83.5935 65.5215 -114.45 
     66 29.2209 1225 3 0 -84.1611 65.0857 -115.85 
     66 74.9537 1224 3 0 -84.204 65.0499 -115.961 
     66 59.24 440 2 1 -92.0732 56.0209 -144.45 
     66 83.8279 439 2 1 -92.15 55.9549 -144.62 
     66 112.749 1176 2 0 -92.8673 55.398 -145.85 
     66 55.2673 1175 2 0 -93.0441 55.25 -146.127 
     66 106.785 328 1 1 -114.375 35.8496 -174.45 
     66 63.901 1076 1 0 -114.456 35.3476 -175.85 
     66 41.3189 1075 1 0 -114.477 35.25 -176.113 
     66 87.6211 302 0 1 -119.603 21.424 -204.45 
     66 156.569 301 0 1 -119.75 21.1619 -204.611 
     66 78.6927 991 0 0 -120.681 18.4147 -205.85 
     66 68.4445 990 0 0 -120.735 18.2497 -205.926 
     66 81.7163 989 0 0 -120.776 18.0495 -206.055 
     66 108.165 988 0 0 -120.938 17.85 -206.139 
     66 19.729 987 0 0 -121.212 17.65 -206.234 
     66 54.1815 772 0 0 -172.978 -25.5811 -206.25 
     66 103.834 771 0 0 -173.003 -25.65 -206.06 
     66 207.453 31 0 1 -173.763 -25.8687 -204.85 
     66 54.986 30 0 1 -173.95 -25.878 -204.572 
     66 58.8724 775 0 0 -174.214 -24.9299 -205.85 
     66 66.4352 776 0 0 -174.267 -24.85 -206.021 
     66 18.4216 456 6 1 -88.85 68.3447 -24.7785 
     66 64.0101 1242 6 0 -88.401 68.6058 -25.85 
     66 96.5787 518 5 1 -76.3992 75.9 -54.45 
     66 93.9349 519 5 1 -76.25 75.9802 -54.6782 
     66 125.233 1281 5 0 -75.5377 76.3612 -55.85 
     66 121.458 1282 5 0 -75.3603 76.45 -56.152 
     66 14.1437 604 4 1 -59.0736 84.4176 -84.4505 
     66 121.845 605 4 1 -59.05 84.4329 -84.4851 
     66 24.13 606 4 1 -58.85 84.554 -84.769 
     66 37.9161 1324 4 0 -58.0527 85.0164 -85.8506 
     66 141.558 1325 4 0 -57.9973 85.05 -85.9259 
     66 28.8127 714 3 1 -37.093 97.7534 -114.45 
     66 122.55 715 3 1 -37.05 97.7438 -114.546 
     66 133.775 1386 3 0 -36.5329 97.5174 -115.85 
     66 16.4091 766 2 1 -26.6602 89.4538 -144.45 
     66 105.727 767 2 1 -26.65 89.4776 -144.491 
     66 218.529 1350 2 0 -26.2553 90.2031 -145.85 
     66 62.2813 1351 2 0 -26.1785 90.35 -146.122 
     66 114.728 813 1 1 -17.3952 106.747 -174.45 
     66 53.3675 812 1 1 -17.45 107.096 -174.764 
     66 26.4481 1439 1 0 -17.7587 108.09 -175.85 
     66 136.094 1440 1 0 -17.7795 108.15 -175.917 
     66 72.5989 1441 1 0 -17.8798 108.35 -176.12 
     66 234.158 1617 1 0 -109.642 143.564 -176.25 
     66 395.956 1616 1 0 -110.23 143.55 -176.026 
     66 9.62488 336 1 1 -112.908 143.528 -174.85 
     66 93.3707 335 1 1 -112.95 143.527 -174.831 
     66 57.5278 334 1 1 -113.15 143.496 -174.739 
     66 94.2426 333 1 1 -113.35 143.461 -174.643 
     66 187.677 332 1 1 -113.55 143.433 -174.539 
     66 31.4263 331 1 1 -113.75 143.376 -174.471 
     66 119.366 330 1 1 -113.95 143.285 -174.487 
     66 57.0716 329 1 1 -114.15 143.193 -174.691 
     66 235.052 1615 1 0 -115.559 143.211 -175.85 
     66 55.9633 1448 1 0 -127.357 109.882 -176.25 
     66 90.9509 1447 1 0 -127.276 109.75 -176.121 
     66 73.6055 1446 1 0 -127.14 109.55 -176 
     66 126.042 1445 1 0 -126.993 109.35 -175.966 
     66 22.7454 274 1 1 -125.22 108.352 -174.85 
     66 148.33 275 1 1 -125.15 108.308 -174.802 
     66 68.0928 276 1 1 -124.95 108.201 -174.713 
     66 61.0409 277 1 1 -124.75 108.141 -174.594 
     66 207.479 278 1 1 -124.55 108.062 -174.586 
     66 89.3546 279 1 1 -124.35 107.857 -174.736 
     66 48.5854 280 1 1 -124.15 107.641 -174.801 
     66 109.726 1435 1 0 -123.07 107.267 -175.85 
     66 263.3 1434 1 0 -122.861 107.15 -175.978 
     66 37.3537 1433 1 0 -122.986 106.95 -175.926 
     66 95.9628 352 1 1 -109.708 142.979 -174.85 
     66 244.781 353 1 1 -109.55 142.944 -174.81 
     66 241.276 354 1 1 -109.35 142.765 -174.675 
     66 95.2133 1283 5 0 -75.4267 76.65 -55.9869 
     66 120.525 454 7 1 -89.25 68.0802 5.53669 
     66 78.0153 1242 7 0 -88.9928 68.5351 4.14934 
     66 47.7496 1243 7 0 -88.9904 68.65 3.90983 
     66 158.286 1236 10 0 -90.1598 67.4008 94.15 
     66 15.7217 1237 10 0 -90.2659 67.45 94.0026 
     66 37.1677 1241 10 0 -88.3613 68.3564 94.15 
     66 164.775 1242 10 0 -88.2794 68.45 94.1105 
     66 121.632 1243 10 0 -88.3685 68.6501 94.0519 
Number of digits in this event: 81
Using G4ParticleGun... 
Particle energy: 7.8375 LIN
Particle: e-
Event: 67
Number of tracker hits in this event: 130
     67 110.985 548 10 1 -70.387 59.0902 95.55 
     67 123.504 1195 10 0 -70.3861 59.089 94.15 
     67 132.231 548 9 1 -70.3674 59.0651 65.55 
     67 123.3 1195 9 0 -70.3667 59.0646 64.15 
     67 133.194 548 8 1 -70.3524 59.055 35.55 
     67 166.921 1195 8 0 -70.3513 59.0547 34.15 
     67 109.801 548 7 1 -70.3231 59.0489 5.55 
     67 112.189 1194 7 0 -70.3226 59.0479 4.15 
     67 740.716 548 6 1 -70.3172 59.0276 -24.45 
     67 694.351 1194 6 0 -70.3165 59.0255 -25.85 
     67 120.222 548 5 1 -70.2976 58.9782 -54.45 
     67 345.384 1194 5 0 -70.2958 58.9767 -55.85 
     67 130.646 548 4 1 -70.2595 58.9449 -84.45 
     67 107.674 1194 4 0 -70.2576 58.9439 -85.85 
     67 282.601 549 3 1 -70.2166 58.9258 -114.45 
     67 395.882 1194 3 0 -70.2149 58.9255 -115.85 
     67 110.219 549 2 1 -70.1791 58.9147 -144.45 
     67 324.591 1194 2 0 -70.177 58.9141 -145.85 
     67 110.517 549 1 1 -70.1381 58.8864 -174.45 
     67 283.211 1194 1 0 -70.1377 58.8848 -175.85 
     67 124.456 549 0 1 -70.1327 58.8535 -204.45 
     67 122.477 1194 0 0 -70.1326 58.8531 -205.85 
     67 254.389 250 2 0 54.3125 -129.95 -145.977 
     67 66.9796 1193 0 0 -70.1321 58.85 -206.051 
     67 87.8204 1192 0 0 -70.1562 58.65 -206.151 
     67 310.364 1191 0 0 -70.0993 58.4498 -206.138 
     67 122.529 1008 2 0 -69.8684 21.85 -146.066 
     67 72.6892 1098 2 0 -63.7128 39.7615 -146.25 
     67 247.29 570 1 1 -65.9858 63.8402 -174.45 
     67 20.413 1221 1 0 -66.1229 64.417 -175.851 
     67 113.218 1222 1 0 -66.13 64.45 -175.93 
     67 114.476 552 0 1 -69.5627 77.1169 -204.45 
     67 133.194 1288 0 0 -69.7688 77.6875 -205.852 
     67 14.9631 1289 0 0 -69.8466 77.85 -206.218 
     67 15.3534 1195 6 0 -70.3163 59.05 -26.0028 
     67 413.333 548 3 1 -70.3019 58.9601 -114.45 
     67 234.192 547 2 1 -70.5177 58.9549 -144.45 
     67 123.506 546 1 1 -70.7173 59.0482 -174.45 
     67 128.314 1195 1 0 -70.7209 59.0516 -175.85 
     67 105.75 546 0 1 -70.7987 59.1582 -204.45 
     67 151.952 1195 0 0 -70.7695 59.1763 -205.85 
     67 164.202 1193 1 0 -70.7842 58.8499 -176.004 
     67 141.747 1189 2 0 -70.559 58.0072 -145.85 
     67 122.862 550 1 1 -70.0349 59.9663 -174.45 
     67 117.654 1199 1 0 -69.9517 59.9791 -175.85 
     67 107.711 557 0 1 -68.504 60.9268 -204.45 
     67 23.1251 558 0 1 -68.4499 60.9447 -204.783 
     67 115.941 1204 0 0 -68.2737 61.0016 -205.85 
     67 14.8829 940 3 0 -92.3155 8.07822 -116.25 
     67 87.9766 939 3 0 -92.3277 8.05 -116.214 
     67 78.1903 938 3 0 -92.4136 7.84987 -116.098 
     67 389.663 937 3 0 -92.5286 7.65 -116.095 
     67 95.1602 1195 4 0 -70.236 59.0573 -85.85 
     67 34.2031 554 3 1 -69.1462 62.7271 -114.45 
     67 109.421 555 3 1 -69.05 62.7595 -114.565 
     67 217.52 556 3 1 -68.85 62.8256 -114.795 
     67 381.072 1215 3 0 -67.9503 63.082 -115.85 
     67 58.0234 705 2 1 -38.9633 69.0206 -144.45 
     67 95.5248 706 2 1 -38.85 69.1013 -144.601 
     67 30.736 707 2 1 -38.6495 69.1909 -144.784 
     67 72.6448 1248 2 0 -37.0409 69.7619 -145.85 
     67 209.137 1249 2 0 -36.8331 69.85 -145.979 
     67 22.0115 1250 2 0 -36.4614 70.05 -146.217 
     67 10.807 1460 2 0 46.692 112.333 -146.25 
     67 161.26 1461 2 0 46.7351 112.35 -146.222 
     67 133.457 1462 2 0 47.2365 112.55 -146.037 
     67 157.553 1463 2 0 47.5997 112.75 -145.974 
     67 116.709 1464 2 0 47.9436 112.95 -145.939 
     67 3.5671 1465 2 0 48.3058 113.15 -145.856 
     67 49.2672 1154 2 1 50.9073 114.236 -144.85 
     67 77.5913 1155 2 1 51.05 114.328 -144.825 
     67 32.4894 1156 2 1 51.25 114.503 -144.817 
     67 30.5723 1482 2 0 52.5981 116.642 -145.85 
     67 199.533 1483 2 0 52.6631 116.75 -145.898 
     67 78.7154 1484 2 0 52.7387 116.951 -145.977 
     67 91.7449 1485 2 0 52.7989 117.15 -146.06 
     67 62.8069 1486 2 0 52.8331 117.351 -146.143 
     67 71.7274 1487 2 0 52.8842 117.55 -146.202 
     67 13.433 1488 2 0 52.9575 117.75 -146.243 
     67 87.3463 547 8 1 -70.45 59.0614 35.2139 
     67 1.82678 546 8 1 -70.65 59.1555 35.1532 
     67 301.208 1196 8 0 -72.0426 59.385 34.15 
     67 16.7152 530 5 1 -73.8889 55.8724 -54.45 
     67 140.736 531 5 1 -73.85 55.8788 -54.5223 
     67 115.059 1180 5 0 -73.5644 56.1623 -55.85 
     67 2.48941 1181 5 0 -73.4232 56.2501 -56.2464 
     67 123.165 1180 6 0 -70.3882 56.2264 -25.85 
     67 56.1678 1179 6 0 -70.3793 56.05 -25.9298 
     67 44.1162 1178 6 0 -70.3752 55.85 -26.02 
     67 73.8447 1177 6 0 -70.3544 55.6499 -26.0887 
     67 58.0038 1176 6 0 -70.3481 55.4498 -26.1448 
     67 15.0255 1175 6 0 -70.3277 55.25 -26.2236 
     67 185.031 551 5 1 -69.8174 58.2992 -54.45 
     67 145.627 1191 5 0 -69.8277 58.295 -55.85 
     67 116.517 550 4 1 -69.984 58.074 -84.45 
     67 361.329 1191 4 0 -69.9381 58.3335 -85.8501 
     67 125.095 1218 3 0 -68.7459 63.7478 -115.85 
     67 17.806 566 2 1 -66.6659 67.7061 -144.451 
     67 97.5935 567 2 1 -66.65 67.7228 -144.513 
     67 172.677 1240 2 0 -66.2384 68.0891 -145.85 
     67 133.111 617 1 1 -56.573 75.3513 -174.45 
     67 119.121 1277 1 0 -56.2204 75.5647 -175.85 
     67 174.106 656 0 1 -48.7006 81.0667 -204.45 
     67 119.532 1305 0 0 -48.5547 81.0653 -205.85 
     67 76.8347 657 0 1 -48.65 81.1095 -204.522 
     67 115.997 1293 0 0 -47.9242 78.8063 -205.85 
     67 180.319 1292 0 0 -47.9625 78.65 -206.041 
     67 191.802 519 0 1 -76.1021 56.7632 -204.45 
     67 102.337 1182 0 0 -75.9396 56.5101 -205.85 
     67 106.115 1237 0 0 -66.0868 67.4619 -206.25 
     67 75.74 1238 0 0 -65.9082 67.65 -205.963 
     67 30.8012 576 0 1 -64.71 68.2087 -204.85 
     67 95.2624 577 0 1 -64.65 68.2409 -204.792 
     67 137.502 550 5 1 -69.8502 58.325 -54.6849 
     67 332.594 562 5 1 -67.5487 59.1123 -54.45 
     67 299.763 592 4 1 -61.5636 54.4371 -84.45 
     67 86.0249 1171 4 0 -61.7407 54.2874 -85.85 
     67 27.2673 1170 4 0 -61.7843 54.25 -86.1256 
     67 121.88 571 3 1 -65.7315 50.1313 -114.45 
     67 195.742 1150 3 0 -66.1074 50.2059 -115.85 
     67 158.415 533 2 1 -73.2888 48.5277 -144.45 
     67 105.465 1143 2 0 -73.5134 48.7673 -145.85 
     67 178.572 591 4 1 -61.65 54.4169 -84.5167 
     67 246.936 590 4 1 -61.85 54.3249 -84.6268 
     67 57.2386 589 4 1 -62.05 54.1757 -84.7078 
     67 9.04481 1185 4 0 -61.1622 57.2252 -85.85 
     67 0.975547 1186 4 0 -61.1624 57.25 -85.8516 
     67 108.412 586 4 1 -62.6938 61.7948 -84.85 
     67 186.343 587 4 1 -62.6498 62.0389 -84.7746 
     67 16.454 561 5 1 -67.65 59.0749 -54.8018 
Number of digits in this event: 61
Using G4ParticleGun... 
Particle energy: 6.60754 LIN
Particle: e-
Event: 68
Number of tracker hits in this event: 29
     68 121.419 889 7 1 -2.2007 -147.186 5.55 
     68 141.626 164 7 0 -2.20918 -147.188 4.15 
     68 211.797 888 6 1 -2.38856 -147.219 -24.45 
     68 187.73 164 6 0 -2.39762 -147.22 -25.85 
     68 133.328 887 5 1 -2.57584 -147.236 -54.45 
     68 142.211 164 5 0 -2.58536 -147.238 -55.85 
     68 133.882 886 4 1 -2.77476 -147.273 -84.45 
     68 112.172 164 4 0 -2.78241 -147.273 -85.85 
     68 126.771 885 3 1 -2.94107 -147.276 -114.45 
     68 100.181 164 3 0 -2.94988 -147.277 -115.85 
     68 200.772 884 2 1 -3.13614 -147.286 -144.45 
     68 88.5151 164 2 0 -3.14538 -147.286 -145.85 
     68 238.8 883 1 1 -3.32797 -147.284 -174.45 
     68 344.185 164 1 0 -3.33668 -147.284 -175.85 
     68 125.759 882 0 1 -3.50403 -147.29 -204.45 
     68 235.032 164 0 0 -3.45781 -147.33 -205.85 
     68 102.718 885 2 1 -3.05 -147.213 -144.67 
     68 121.878 886 2 1 -2.85 -147.276 -144.717 
     68 277.731 887 2 1 -2.65 -147.549 -144.717 
     68 99.3781 881 0 1 -3.75376 -146.937 -204.45 
     68 117.572 166 0 0 -3.83454 -146.899 -205.85 
     68 23.1027 874 0 1 -5.17728 -146.151 -204.45 
     68 79.4101 873 0 1 -5.25 -146.206 -204.527 
     68 56.5252 872 0 1 -5.45027 -146.35 -204.727 
     68 86.0657 163 0 0 -6.8695 -147.35 -206.055 
     68 59.483 949 3 0 -51.0559 10.0393 -116.25 
     68 0.314587 873 2 0 31.6397 -5.29082 -146.25 
     68 143.857 874 2 0 31.649 -5.25 -146.213 
     68 106.615 955 2 0 88.1322 11.2429 -146.25 
Number of digits in this event: 19
Using G4ParticleGun... 
Particle energy: 3.09591 LIN
Particle: e-
Event: 69
Number of tracker hits in this event: 32
     69 129.873 298 9 1 -120.486 -36.0146 65.55 
     69 167.956 720 9 0 -120.483 -36.0115 64.15 
     69 354.462 298 8 1 -120.407 -35.9396 35.55 
     69 96.5165 720 8 0 -120.402 -35.9369 34.15 
     69 117.717 299 7 1 -120.286 -35.8824 5.55 
     69 120.469 720 7 0 -120.277 -35.8798 4.15 
     69 285.931 300 6 1 -120.095 -35.8204 -24.45 
     69 105.84 721 6 0 -120.087 -35.8204 -25.85 
     69 126.479 301 5 1 -119.924 -35.8264 -54.45 
     69 101.061 721 5 0 -119.917 -35.8244 -55.85 
     69 141.351 301 4 1 -119.773 -35.7853 -84.45 
     69 117.388 721 4 0 -119.766 -35.7821 -85.85 
     69 130.344 302 3 1 -119.627 -35.7241 -114.45 
     69 138.175 721 3 0 -119.624 -35.7187 -115.85 
     69 13.7885 302 2 1 -119.55 -35.6047 -144.45 
     69 92.4908 303 2 1 -119.55 -35.6045 -144.52 
     69 184.625 722 2 0 -119.545 -35.6006 -145.85 
     69 132.435 303 1 1 -119.424 -35.5058 -174.45 
     69 156.133 722 1 0 -119.415 -35.4988 -175.85 
     69 125.785 304 0 1 -119.247 -35.3428 -204.45 
     69 123.37 723 0 0 -119.241 -35.3347 -205.85 
     69 79.0435 1155 0 0 -112.713 51.05 -206.197 
     69 21.0802 299 6 1 -120.15 -35.739 -24.771 
     69 69.1578 722 6 0 -120.444 -35.5282 -25.85 
     69 109.837 723 6 0 -120.45 -35.45 -26.1107 
     69 289.292 921 6 0 -163.006 4.40903 -26.2499 
     69 69.6364 806 3 0 -89.5046 -18.808 -116.25 
     69 78.0406 805 3 0 -89.4095 -18.8501 -116.123 
     69 152.932 804 3 0 -89.4275 -19.0502 -116.023 
     69 124.82 460 3 1 -88.0247 -18.8837 -114.85 
     69 47.5432 1382 5 0 -118.61 96.55 -56.1237 
     69 103.956 725 8 0 -121.126 -34.9683 34.15 
Number of digits in this event: 19
Using G4ParticleGun... 
Particle energy: 2.28902 LIN
Particle: e-
Event: 70
Number of tracker hits in this event: 102
     70 25.6076 1250 10 1 70.0502 52.2875 95.55 
     70 102.33 1249 10 1 70.05 52.2875 95.4503 
     70 99.8376 1161 10 0 70.0483 52.2862 94.15 
     70 175.221 1249 9 1 70.0338 52.2733 65.55 
     70 102.62 1161 9 0 70.0293 52.2659 64.15 
     70 133.46 1249 8 1 69.9473 52.1196 35.55 
     70 105.378 1160 8 0 69.943 52.1154 34.15 
     70 178.966 1249 7 1 69.8642 52.0264 5.55 
     70 134.218 1159 7 0 69.8645 52.0206 4.15 
     70 120.972 1249 6 1 69.9126 51.8778 -24.45 
     70 123.048 1159 6 0 69.9103 51.8622 -25.85 
     70 265.523 1249 5 1 69.8844 51.539 -54.45 
     70 257.993 1157 5 0 69.8813 51.5335 -55.85 
     70 96.5596 1248 4 1 69.8408 51.5546 -84.45 
     70 113.796 1157 4 0 69.8404 51.5684 -85.85 
     70 402.276 1249 3 1 69.8576 51.845 -114.45 
     70 124.048 1159 3 0 69.8515 51.8529 -115.85 
     70 133.252 1248 2 1 69.7427 51.9972 -144.45 
     70 110.707 1159 2 0 69.7252 51.9935 -145.85 
     70 270.076 1246 1 1 69.3332 51.8639 -174.45 
     70 117.766 1159 1 0 69.3092 51.861 -175.85 
     70 126.85 1243 0 1 68.7471 51.7629 -204.45 
     70 377.685 1157 0 0 68.5982 51.6478 -205.85 
     70 114.209 1248 3 1 69.85 51.8469 -114.527 
     70 200.981 1511 2 0 113.936 122.35 -146.128 
     70 277.753 1160 6 0 70.0261 52.0966 -25.9555 
     70 264.382 1248 5 1 69.8348 50.9088 -54.4501 
     70 170.385 1153 5 0 69.9248 50.7096 -55.8502 
     70 170.129 1258 4 1 71.6811 46.5502 -84.4508 
     70 132.804 1131 4 0 71.7526 46.3587 -85.85 
     70 182.028 1263 3 1 72.7049 42.3028 -114.45 
     70 101.665 1109 3 0 72.5695 42.0344 -115.85 
     70 116.62 1247 2 1 69.5798 36.9234 -144.451 
     70 168.96 1082 2 0 69.3925 36.6311 -145.85 
     70 2.08208 1232 1 1 66.6416 31.1059 -174.45 
     70 58.2217 1233 1 1 66.65 31.1041 -174.451 
     70 64.1635 1234 1 1 66.8503 31.0618 -174.477 
     70 60.9316 1235 1 1 67.05 31.0204 -174.505 
     70 62.5125 1236 1 1 67.25 30.9773 -174.535 
     70 61.3643 1237 1 1 67.45 30.9361 -174.563 
     70 72.2166 1238 1 1 67.65 30.8925 -174.589 
     70 65.6033 1239 1 1 67.8503 30.848 -174.617 
     70 42.7022 1240 1 1 68.0503 30.8016 -174.644 
     70 71.1367 1241 1 1 68.25 30.7569 -174.672 
     70 48.347 1242 1 1 68.45 30.7131 -174.704 
     70 61.3966 1243 1 1 68.65 30.6719 -174.737 
     70 50.9291 1244 1 1 68.8502 30.6314 -174.771 
     70 56.7645 1245 1 1 69.05 30.5894 -174.8 
     70 0.454356 1247 1 1 69.45 30.5099 -174.85 
     70 114.776 1044 1 0 77.6269 28.9133 -175.85 
     70 390.732 1043 1 0 77.9453 28.85 -175.887 
     70 298.238 1042 1 0 78.9112 28.65 -176.028 
     70 205.015 1041 1 0 79.8743 28.45 -176.16 
     70 78.2696 1023 0 0 65.6526 24.7563 -205.85 
     70 28.6095 136 0 1 -152.75 -5.14388 -204.658 
     70 14.4094 1161 6 0 70.2419 52.25 -26.2304 
     70 265.71 1096 6 0 82.5046 39.3863 -26.2497 
     70 86.4254 1097 6 0 82.0394 39.45 -25.918 
     70 58.9993 1302 6 1 80.5432 38.8763 -24.8498 
     70 291.098 1098 6 0 79.8966 39.6732 -25.8502 
     70 111.923 1160 5 0 69.7922 52.077 -55.85 
     70 141.553 1240 4 1 68.1638 50.7852 -84.4506 
     70 118.135 1152 4 0 68.2785 50.5368 -85.85 
     70 170.84 1254 3 1 70.8556 45.3266 -114.45 
     70 82.1151 1124 3 0 71.2327 44.9208 -115.85 
     70 47.2232 1123 3 0 71.2954 44.85 -116.096 
     70 177.028 1291 2 1 78.3632 36.7133 -144.45 
     70 57.2654 1292 2 1 78.45 36.6192 -144.744 
     70 142.881 1080 2 0 78.7636 36.2465 -145.85 
     70 217.679 1333 1 1 86.7796 26.4141 -174.45 
     70 197.944 1334 1 1 86.8502 26.248 -174.731 
     70 99.8974 1027 1 0 87.1226 25.6166 -175.85 
     70 20.6573 1026 1 0 87.1909 25.45 -176.166 
     70 44.988 1362 0 1 92.7327 10.5491 -204.45 
     70 120.758 1363 0 1 92.75 10.5154 -204.527 
     70 23.0038 949 0 0 93.0888 9.88231 -205.851 
     70 123.754 948 0 0 93.1061 9.84997 -205.916 
     70 147.271 1081 2 0 78.7432 36.3547 -145.85 
     70 167.813 1295 1 1 79.1272 34.9214 -174.45 
     70 79.5408 1296 1 1 79.2501 34.8677 -174.568 
     70 64.3554 1297 1 1 79.45 34.7403 -174.767 
     70 17.2255 1068 1 0 80.5327 33.6889 -175.85 
     70 100.501 1067 1 0 80.571 33.6498 -175.888 
     70 180.953 1066 1 0 80.755 33.45 -176.061 
     70 10.6732 1065 1 0 80.8795 33.25 -176.219 
     70 20.0372 997 1 0 103.509 19.6178 -176.25 
     70 176.973 998 1 0 103.515 19.65 -176.17 
     70 29.3561 999 1 0 103.395 19.85 -175.896 
     70 112.15 1415 1 1 103.169 21.6936 -174.85 
     70 92.4062 1414 1 1 103.15 21.9256 -174.62 
     70 64.1921 1413 1 1 102.95 22.0739 -174.471 
     70 76.8578 1412 1 1 102.75 22.1458 -174.526 
     70 148.749 1248 0 1 69.7751 51.9901 -204.45 
     70 116.84 1159 0 0 69.7708 52.0243 -205.85 
     70 22.0942 1304 1 1 80.9785 146.378 -174.85 
     70 60.5881 1305 1 1 81.05 146.463 -174.812 
     70 72.9118 1306 1 1 81.25 146.568 -174.772 
     70 71.931 1632 1 0 83.1632 146.628 -175.85 
     70 430.838 1633 1 0 83.1971 146.751 -175.948 
     70 95.9381 1634 1 0 83.1103 146.95 -176.098 
     70 210.273 1289 1 1 77.8849 82.5789 -174.85 
     70 110.659 1288 1 1 77.8497 82.6184 -174.711 
Number of digits in this event: 45
Using G4ParticleGun... 
Particle energy: 8.43539 LIN
Particle: e-
Event: 71
Number of tracker hits in this event: 75
     71 116.397 930 11 0 83.1748 6.06211 124.15 
     71 152.002 1315 10 1 83.1739 6.06179 95.55 
     71 180.49 930 10 0 83.1742 6.0609 94.15 
     71 146.498 1315 9 1 83.1824 6.0444 65.55 
     71 116.964 929 9 0 83.1838 6.0432 64.15 
     71 162.362 1315 8 1 83.213 6.01787 35.55 
     71 174.635 929 8 0 83.2142 6.01665 34.15 
     71 126.691 1315 7 1 83.2404 5.99111 5.55 
     71 136.097 929 7 0 83.2417 5.98948 4.15 
     71 111.421 1316 6 1 83.2671 5.95689 -24.45 
     71 121.061 929 6 0 83.2678 5.95336 -25.85 
     71 89.9737 1316 5 1 83.2691 5.88879 -54.45 
     71 167.765 929 5 0 83.2692 5.88567 -55.85 
     71 141.619 1316 4 1 83.2658 5.83272 -84.45 
     71 128.483 928 4 0 83.2664 5.82876 -85.85 
     71 390.531 1316 3 1 83.2686 5.75569 -114.45 
     71 113.15 928 3 0 83.2726 5.7478 -115.85 
     71 165.843 1316 2 1 83.3556 5.58968 -144.45 
     71 128.445 927 2 0 83.3592 5.58249 -145.85 
     71 338.045 1316 1 1 83.4162 5.43149 -174.45 
     71 172.868 926 1 0 83.4191 5.4238 -175.85 
     71 251.506 1317 0 1 83.4596 5.27098 -204.45 
     71 168.932 926 0 0 83.4635 5.2583 -205.85 
     71 7.89953 1119 6 0 73.4754 43.8627 -26.2499 
     71 99.9896 1118 6 0 73.4652 43.85 -26.2216 
     71 69.949 1117 6 0 73.347 43.6499 -25.9752 
     71 105.901 1116 6 0 73.1446 43.45 -25.9784 
     71 75.2833 1115 6 0 72.9108 43.2497 -25.9931 
     71 89.7482 1114 6 0 72.7095 43.05 -26.0263 
     71 48.6979 1113 6 0 72.5828 42.85 -26.1819 
     71 96.5302 596 6 0 6.31081 -60.6991 -26.25 
     71 93.4436 595 6 0 6.10356 -60.85 -26.2447 
     71 10.7234 594 6 0 5.8793 -61.05 -26.2413 
     71 59.255 65 6 0 -76.4743 -167.007 -26.25 
     71 64.3093 64 6 0 -76.5383 -167.15 -26.1188 
     71 23.6317 63 6 0 -76.4872 -167.35 -25.9277 
     71 129.576 520 6 1 -76.0307 -167.963 -24.85 
     71 213.373 521 6 1 -75.85 -168.043 -24.4931 
     71 111.476 522 6 1 -75.6498 -167.886 -24.6498 
     71 238.466 928 1 0 83.3603 5.79707 -175.85 
     71 111.264 1314 0 1 82.9368 5.89393 -204.45 
     71 115.399 929 0 0 82.9149 5.89407 -205.85 
     71 31.4343 1685 1 1 157.205 62.63 -174.45 
     71 73.3496 1684 1 1 157.15 62.6178 -174.508 
     71 58.0656 1683 1 1 156.95 62.5355 -174.686 
     71 13.8721 1204 1 0 156.407 60.8905 -175.85 
     71 158.182 1203 1 0 156.398 60.85 -175.875 
     71 164.91 1680 1 1 156.191 60.3022 -174.85 
     71 203.133 1681 1 1 156.35 60.1343 -174.728 
     71 142.924 1682 1 1 156.55 59.9993 -174.697 
     71 185.611 928 0 0 83.626 5.73018 -205.85 
     71 158.485 1316 8 1 83.25 6.06309 35.2873 
     71 17.529 932 8 0 83.7866 6.62286 34.1492 
     71 210.549 933 8 0 83.8156 6.65013 34.0861 
     71 14.5524 934 8 0 83.9625 6.8501 33.7946 
     71 90.3126 1399 7 1 100.118 30.3068 5.55 
     71 193.628 1400 7 1 100.15 30.3662 5.51066 
     71 7.64316 1060 7 0 100.071 32.1298 4.15 
     71 150.354 1398 7 1 99.8233 34.8935 5.15 
     71 75.0651 1397 7 1 99.7498 35.3131 5.4212 
     71 108.636 558 8 0 91.4296 -68.2592 33.75 
     71 154.451 1317 8 1 83.4503 5.98328 35.3372 
     71 28.1862 995 11 0 53.5557 19.2169 123.75 
     71 64.8553 996 11 0 53.5255 19.2502 123.795 
     71 69.659 997 11 0 53.4515 19.4502 123.921 
     71 65.7574 998 11 0 53.3293 19.6503 123.977 
     71 58.264 999 11 0 53.255 19.85 123.978 
     71 100.528 1000 11 0 53.2057 20.05 124.047 
     71 54.5512 1001 11 0 53.1775 20.25 124.121 
     71 63.9555 1002 11 0 53.1243 20.4501 124.063 
     71 86.834 1003 11 0 53.0384 20.65 123.981 
     71 78.4413 1004 11 0 53.0379 20.85 123.848 
     71 13.4357 1005 11 0 52.9123 21.05 123.757 
     71 235.562 1140 11 0 20.1589 48.1711 123.75 
     71 253.549 1139 11 0 20.1284 48.05 123.81 
Number of digits in this event: 36
Using G4ParticleGun... 
Particle energy: 1.14717 LIN
Particle: e-
Event: 72
Number of tracker hits in this event: 59
     72 252.672 1169 11 1 54.0143 -51.3599 125.55 
     72 154.079 643 11 0 54.0118 -51.36 124.15 
     72 136.678 1169 10 1 53.9725 -51.3747 95.55 
     72 190.721 643 10 0 53.9799 -51.3635 94.15 
     72 109.149 1170 9 1 54.111 -51.1184 65.55 
     72 124.064 644 9 0 54.1237 -51.1035 64.15 
     72 143.881 1171 8 1 54.3973 -50.7873 35.55 
     72 104.537 646 8 0 54.405 -50.7597 34.15 
     72 182.747 1172 7 1 54.5347 -50.1949 5.55 
     72 123.942 649 7 0 54.5379 -50.1732 4.15 
     72 152.516 1172 6 1 54.6242 -49.7409 -24.45 
     72 105.296 651 6 0 54.629 -49.7262 -25.85 
     72 162.079 1173 5 1 54.7416 -49.4108 -54.45 
     72 142.946 653 5 0 54.7445 -49.4008 -55.85 
     72 155.733 1173 4 1 54.8271 -49.2009 -84.45 
     72 196.975 654 4 0 54.8427 -49.1893 -85.85 
     72 165.014 1175 3 1 55.1207 -48.9354 -114.45 
     72 114.105 655 3 0 55.1398 -48.921 -115.85 
     72 233.107 1177 2 1 55.5753 -48.5801 -144.45 
     72 207.6 657 2 0 55.6033 -48.5607 -145.85 
     72 107.467 1180 1 1 56.2079 -48.1546 -174.45 
     72 382.055 659 1 0 56.222 -48.1385 -175.85 
     72 114.931 1182 0 1 56.4875 -47.8249 -204.45 
     72 114.783 661 0 0 56.4997 -47.8248 -205.85 
     72 373.282 1174 2 1 55.0102 -48.2719 -144.45 
     72 184.033 1175 2 1 55.05 -48.3073 -144.766 
     72 275.14 658 2 0 55.1833 -48.436 -145.85 
     72 64.5963 1194 1 1 59.0182 -51.8101 -174.45 
     72 87.2099 1195 1 1 59.05 -51.8363 -174.662 
     72 111.037 640 1 0 59.2352 -51.9894 -175.85 
     72 81.3042 1218 0 1 63.839 -55.7234 -204.45 
     72 56.8873 1219 0 1 63.85 -55.7729 -204.659 
     72 148.155 619 0 0 63.8941 -56.0582 -205.85 
     72 229.525 1171 1 1 54.2632 -48.4404 -174.451 
     72 215.688 658 1 0 54.2233 -48.3562 -175.85 
     72 113.25 1168 0 1 53.8277 -46.4875 -204.45 
     72 141.776 666 0 0 53.6817 -46.6559 -205.85 
     72 61.6797 731 1 0 -53.5761 -33.7797 -176.25 
     72 225.703 730 1 0 -53.6008 -33.85 -176.161 
     72 246.174 1176 2 1 55.2502 -47.8566 -144.532 
     72 118.638 1178 2 1 55.65 -47.2898 -144.654 
     72 91.7277 1179 2 1 55.85 -46.922 -144.713 
     72 116.844 1180 2 1 56.05 -46.6062 -144.645 
     72 155.985 1181 2 1 56.2725 -46.2759 -144.45 
     72 16.3372 1182 2 1 56.45 -45.9188 -144.785 
     72 82.2185 674 2 0 57.2156 -45.2078 -145.85 
     72 84.6619 675 2 0 57.4333 -45.05 -146.08 
     72 7.12047 676 2 0 57.595 -44.85 -146.233 
     72 58.5465 1115 2 0 63.6391 43.1072 -146.25 
     72 86.1592 1116 2 0 63.6153 43.25 -146.089 
     72 360.586 1217 2 1 63.5893 43.6034 -144.85 
     72 67.324 1218 2 1 63.6506 44.2482 -144.724 
     72 52.4986 1120 2 0 64.2161 44.0867 -145.85 
     72 109.19 1119 2 0 64.2846 44.05 -145.925 
     72 282.693 1118 2 0 64.4761 43.8499 -145.998 
     72 4.39317 658 11 0 51.1556 -48.4032 124.15 
     72 20.0655 1157 11 1 51.5245 -46.8718 125.15 
     72 9.46416 672 11 0 51.8729 -45.4598 124.15 
     72 53.6383 673 11 0 51.8759 -45.45 124.145 
Number of digits in this event: 31
Using G4ParticleGun... 
Particle energy: 2.62004 LIN
Particle: e-
Event: 73
Number of tracker hits in this event: 30
     73 104.037 903 11 1 0.671637 -73.2083 125.55 
     73 122.932 534 11 0 0.670553 -73.2069 124.15 
     73 156.182 903 10 1 0.663102 -73.1824 95.55 
     73 205.526 534 10 0 0.666492 -73.1812 94.15 
     73 101.793 903 9 1 0.721084 -73.1446 65.55 
     73 105.696 534 9 0 0.722327 -73.1396 64.15 
     73 107.219 903 8 1 0.752517 -73.0283 35.55 
     73 114.577 535 8 0 0.75618 -73.0242 34.15 
     73 142.603 903 7 1 0.832157 -72.9441 5.55 
     73 120.361 535 7 0 0.836207 -72.9398 4.15 
     73 146.873 904 6 1 0.910416 -72.8534 -24.45 
     73 96.5934 536 6 0 0.907256 -72.8498 -25.85 
     73 104.221 903 5 1 0.836124 -72.766 -54.45 
     73 110.488 536 5 0 0.833495 -72.7601 -55.85 
     73 177.005 903 4 1 0.780883 -72.6367 -84.45 
     73 95.7266 537 4 0 0.779948 -72.6297 -85.85 
     73 142.572 903 3 1 0.780371 -72.4919 -114.45 
     73 124.65 537 3 0 0.78174 -72.4859 -115.85 
     73 116.817 903 2 1 0.847375 -72.342 -144.45 
     73 102.934 538 2 0 0.853437 -72.3382 -145.85 
     73 148.073 904 1 1 0.968042 -72.276 -174.45 
     73 140.355 538 1 0 0.977137 -72.268 -175.85 
     73 137.655 905 0 1 1.16237 -72.1152 -204.45 
     73 119.568 539 0 0 1.17674 -72.108 -205.85 
     73 196.751 1360 6 1 92.2974 78.5021 -24.85 
     73 67.4178 1319 6 0 98.0537 83.8952 -25.85 
     73 17.8761 728 8 0 21.0414 -34.45 33.772 
     73 319.188 1008 8 1 21.6752 -34.3301 35.15 
     73 53.4363 68 2 0 -110.358 -166.35 -145.964 
     73 113.323 539 6 0 0.801915 -72.0789 -25.8501 
Number of digits in this event: 17
Using G4ParticleGun... 
Particle energy: 4.7691 LIN
Particle: e-
Event: 74
Number of tracker hits in this event: 58
     74 115.182 368 9 1 -106.516 -65.8831 65.55 
     74 122.976 570 9 0 -106.515 -65.8822 64.15 
     74 103.295 368 8 1 -106.493 -65.859 35.55 
     74 172.449 570 8 0 -106.491 -65.8564 34.15 
     74 107.113 368 7 1 -106.452 -65.8083 5.55 
     74 121.3 571 7 0 -106.45 -65.8047 4.15 
     74 201.332 368 6 1 -106.397 -65.7376 -24.45 
     74 248.807 571 6 0 -106.393 -65.735 -25.85 
     74 126.238 369 5 1 -106.321 -65.72 -54.45 
     74 150.273 571 5 0 -106.322 -65.7067 -55.85 
     74 113.255 369 4 1 -106.313 -65.4806 -84.45 
     74 110.312 572 4 0 -106.313 -65.4764 -85.85 
     74 188.813 369 3 1 -106.324 -65.4333 -114.45 
     74 186.75 572 3 0 -106.362 -65.5076 -115.85 
     74 108.382 365 2 1 -107.07 -67.1136 -144.45 
     74 150.63 564 2 0 -107.137 -67.1657 -145.85 
     74 110.149 358 1 1 -108.507 -68.1668 -174.45 
     74 114.471 559 1 0 -108.584 -68.1884 -175.85 
     74 126.553 348 0 1 -110.515 -68.1394 -204.45 
     74 12.0161 347 0 1 -110.55 -68.1331 -204.801 
     74 119.161 559 0 0 -110.657 -68.1172 -205.85 
     74 205.015 445 8 1 -91.0294 -97.763 35.15 
     74 94.9754 446 8 1 -90.95 -97.7285 35.2888 
     74 314.89 367 3 1 -106.638 -66.0781 -114.45 
     74 80.2607 564 3 0 -106.716 -67.0746 -115.85 
     74 81.1984 563 3 0 -106.733 -67.2501 -116.078 
     74 170.235 352 2 1 -109.675 -87.1751 -144.45 
     74 49.6893 459 2 0 -109.813 -88.1399 -145.85 
     74 76.0939 458 2 0 -109.827 -88.2501 -146.009 
     74 103.212 332 1 1 -113.668 -108.022 -174.45 
     74 2.56069 333 1 1 -113.55 -108.129 -174.843 
     74 4.03247 359 1 0 -113.274 -108.347 -175.85 
     74 148.043 358 1 0 -113.27 -108.35 -175.862 
     74 154.946 389 0 1 -102.316 -115.662 -204.45 
     74 51.898 325 0 0 -102.101 -115.031 -205.85 
     74 78.3716 326 0 0 -102.084 -114.95 -206.014 
     74 136.501 569 3 0 -106.501 -66.2073 -115.85 
     74 11.4913 568 3 0 -106.464 -66.25 -116.21 
     74 172.436 385 2 1 -103.138 -69.5666 -144.45 
     74 112.174 552 2 0 -102.97 -69.6008 -145.85 
     74 130.553 404 1 1 -99.308 -70.4618 -174.45 
     74 114.628 547 1 0 -99.2612 -70.5601 -175.85 
     74 219.605 406 0 1 -98.8059 -72.5638 -204.45 
     74 72.1374 407 0 1 -98.75 -72.8083 -204.7 
     74 17.0469 530 0 0 -98.5083 -73.9914 -205.85 
     74 95.3949 529 0 0 -98.4964 -74.05 -205.907 
     74 72.4215 528 0 0 -98.4556 -74.2501 -206.106 
     74 6.44836 588 0 0 -106.283 -62.3151 -205.85 
     74 1.77295 376 0 1 -104.868 -55.8758 -204.45 
     74 62.0495 715 4 0 -62.0336 -36.8976 -86.25 
     74 35.6751 716 4 0 -61.9489 -36.85 -86.2457 
     74 124.793 368 3 1 -106.487 -65.8204 -114.45 
     74 18.0748 574 3 0 -105.974 -65.0866 -115.85 
     74 98.5492 575 3 0 -105.952 -65.05 -115.916 
     74 20.3475 576 3 0 -105.767 -64.85 -116.194 
     74 5.09283 878 3 0 -66.2808 -4.26283 -116.25 
     74 106.773 879 3 0 -66.2716 -4.25 -116.241 
     74 71.1544 880 3 0 -66.2336 -4.05 -116.173 
Number of digits in this event: 24
Using G4ParticleGun... 
Particle energy: 8.85007 LIN
Particle: e-
Event: 75
Number of tracker hits in this event: 22
     75 111.471 1191 9 1 58.4159 119.656 65.55 
     75 165.427 1497 9 0 58.4158 119.656 64.15 
     75 186.228 1191 8 1 58.4098 119.654 35.55 
     75 127.958 1497 8 0 58.4093 119.654 34.15 
     75 98.5312 1191 7 1 58.3952 119.652 5.55 
     75 109.992 1497 7 0 58.3943 119.652 4.15 
     75 117.903 1191 6 1 58.3732 119.649 -24.45 
     75 134.382 1497 6 0 58.3726 119.649 -25.85 
     75 183.04 1191 5 1 58.3638 119.643 -54.45 
     75 125.799 1497 5 0 58.3641 119.642 -55.85 
     75 114.498 1191 4 1 58.3711 119.621 -84.45 
     75 112.816 1497 4 0 58.3701 119.621 -85.85 
     75 342.914 1191 3 1 58.3499 119.607 -114.45 
     75 211.082 1497 3 0 58.3481 119.607 -115.85 
     75 127.425 1191 2 1 58.3137 119.605 -144.45 
     75 152.061 1497 2 0 58.3111 119.606 -145.85 
     75 106.726 1191 1 1 58.262 119.604 -174.45 
     75 379.675 1497 1 0 58.2595 119.605 -175.85 
     75 429.838 1190 0 1 58.2182 119.623 -204.45 
     75 495.903 1497 0 0 58.2177 119.625 -205.85 
     75 21.7113 1498 1 0 58.2139 119.75 -175.973 
     75 23.9315 1727 2 0 -85.6876 165.627 -146.25 
Number of digits in this event: 15
Using G4ParticleGun... 
Particle energy: 9.57782 LIN
Particle: e-
Event: 76
Number of tracker hits in this event: 66
     76 127.36 961 11 1 12.4205 16.1846 125.55 
     76 156.552 980 11 0 12.4188 16.185 124.15 
     76 109.703 961 10 1 12.3878 16.1944 95.55 
     76 109.841 980 10 0 12.3862 16.194 94.15 
     76 156.372 961 9 1 12.3541 16.1873 65.55 
     76 165.849 980 9 0 12.3538 16.1876 64.15 
     76 110.676 961 8 1 12.3485 16.1928 35.55 
     76 100.976 980 8 0 12.348 16.1926 34.15 
     76 124.096 961 7 1 12.3319 16.2026 5.55 
     76 109.657 980 7 0 12.3306 16.2032 4.15 
     76 384.762 961 6 1 12.3039 16.2194 -24.45 
     76 246.421 980 6 0 12.3029 16.2207 -25.85 
     76 259.624 961 5 1 12.2844 16.2492 -54.45 
     76 95.4481 980 5 0 12.283 16.2498 -55.85 
     76 160.734 981 5 0 12.2827 16.25 -56.2217 
     76 109.353 961 4 1 12.2589 16.2648 -84.45 
     76 113.354 981 4 0 12.2581 16.2662 -85.85 
     76 178.76 960 3 1 12.2456 16.2953 -114.45 
     76 121.389 981 3 0 12.2437 16.2958 -115.85 
     76 111.919 960 2 1 12.2026 16.3071 -144.45 
     76 309.693 981 2 0 12.2 16.3085 -145.85 
     76 229.845 960 1 1 12.1477 16.337 -174.45 
     76 250.981 981 1 0 12.1448 16.3377 -175.85 
     76 113.307 960 0 1 12.0839 16.3493 -204.45 
     76 149.02 981 0 0 12.0806 16.3515 -205.85 
     76 167.624 1335 8 1 87.05 70.1304 35.2572 
     76 16.3929 915 2 1 3.07792 42.5271 -144.45 
     76 69.3726 914 2 1 3.05 41.8562 -144.721 
     76 3.68533 1029 0 1 25.8578 8.47506 -204.45 
     76 87.3744 1028 0 1 25.8497 8.47521 -204.46 
     76 61.8547 1027 0 1 25.65 8.49699 -204.652 
     76 163.796 942 0 0 24.8961 8.60334 -205.85 
     76 107.631 980 1 0 12.1696 16.2365 -175.85 
     76 42.4612 971 0 1 14.3522 12.0248 -204.45 
     76 70.7098 972 0 1 14.45 12.0427 -204.552 
     76 33.1524 973 0 1 14.65 12.08 -204.757 
     76 193.774 961 0 0 15.8563 12.2651 -205.85 
     76 21.1401 962 0 0 16.3381 12.4501 -206.205 
     76 498.437 945 0 0 15.4837 9.13549 -206.25 
     76 655.203 944 0 0 15.3936 9.05 -206.143 
     76 20.7909 982 0 1 16.6331 8.1556 -204.85 
     76 168.497 983 0 1 16.65 8.11336 -204.808 
     76 3.9172 946 0 0 15.0822 9.25028 -206.13 
     76 258.84 981 6 0 12.3097 16.25 -26.1758 
     76 51.8019 957 0 0 -4.53227 11.6377 -206.25 
     76 123.079 959 4 1 11.9704 16.2173 -84.45 
     76 109.275 980 4 0 11.9555 16.2146 -85.85 
     76 106.958 957 3 1 11.6394 16.1452 -114.45 
     76 185.219 980 3 0 11.627 16.1567 -115.85 
     76 127.432 956 2 1 11.414 16.4022 -144.45 
     76 168.829 956 1 1 11.3934 15.9426 -174.45 
     76 124.03 979 1 0 11.3781 15.9182 -175.85 
     76 112.568 954 0 1 11.0283 15.3929 -204.45 
     76 109.5 976 0 0 11.01 15.3383 -205.85 
     76 261.019 963 5 1 12.76 18.5915 -54.45 
     76 135.803 993 5 0 12.764 18.7154 -55.85 
     76 108.724 966 4 1 13.4315 20.815 -84.45 
     76 115.693 1003 4 0 13.4725 20.8417 -85.85 
     76 126.338 971 3 1 14.4125 21.5052 -114.45 
     76 147.481 1007 3 0 14.4752 21.469 -115.85 
     76 119.29 977 2 1 15.6032 20.701 -144.45 
     76 125.205 1004 2 0 15.642 20.8662 -145.85 
     76 396.738 986 1 1 17.4005 24.0743 -174.45 
     76 248.643 1020 1 0 17.3123 24.2128 -175.85 
     76 103.54 975 0 1 15.1657 26.2021 -204.45 
     76 120.031 1031 0 0 14.9421 26.2771 -205.85 
Number of digits in this event: 38
Using G4ParticleGun... 
Particle energy: 9.59009 LIN
Particle: e-
Event: 77
Number of tracker hits in this event: 46
     77 112.653 835 11 1 -12.875 71.7242 125.55 
     77 119.503 1258 11 0 -12.8744 71.7236 124.15 
     77 145.875 835 10 1 -12.8603 71.7094 95.55 
     77 238.515 1258 10 0 -12.8594 71.7088 94.15 
     77 115.817 836 9 1 -12.8391 71.7017 65.55 
     77 117.357 1258 9 0 -12.8382 71.7016 64.15 
     77 118.35 836 8 1 -12.8219 71.7005 35.55 
     77 106.434 1258 8 0 -12.8207 71.7004 34.15 
     77 129.15 836 7 1 -12.7975 71.6995 5.55 
     77 117.57 1258 7 0 -12.7965 71.6992 4.15 
     77 103.678 836 6 1 -12.7787 71.6923 -24.45 
     77 154.631 1258 6 0 -12.7777 71.6917 -25.85 
     77 116.652 836 5 1 -12.7596 71.68 -54.45 
     77 113.931 1258 5 0 -12.7587 71.679 -55.85 
     77 221.883 836 4 1 -12.7357 71.6545 -84.45 
     77 138.734 1258 4 0 -12.735 71.654 -85.85 
     77 119.772 836 3 1 -12.7182 71.6436 -114.45 
     77 149.986 1257 3 0 -12.7186 71.6426 -115.85 
     77 94.7142 836 2 1 -12.7217 71.622 -144.45 
     77 107.221 1257 2 0 -12.7221 71.6204 -145.85 
     77 163.22 836 1 1 -12.7278 71.5842 -174.45 
     77 135.481 1257 1 0 -12.7288 71.5815 -175.85 
     77 153.548 836 0 1 -12.7488 71.5302 -204.45 
     77 124.875 1257 0 0 -12.7503 71.5274 -205.85 
     77 61.9547 781 6 0 158.468 -23.6601 -26.25 
     77 200.495 782 6 0 158.563 -23.6499 -26.0455 
     77 54.7317 1775 7 0 -25.0417 175.31 3.75 
     77 245.314 1776 7 0 -25.1119 175.35 3.82255 
     77 196.544 1777 7 0 -25.4249 175.55 4.01692 
     77 19.4723 1257 6 0 -12.7595 71.6497 -26.233 
     77 35.4562 627 6 0 27.2744 -54.4724 -26.2499 
     77 68.8603 626 6 0 27.3222 -54.6501 -26.1838 
     77 139.293 625 6 0 27.379 -54.85 -26.0124 
     77 43.8406 1035 6 1 27.0957 -55.5573 -24.8498 
     77 122.363 1034 6 1 27.05 -55.6142 -24.7192 
     77 267.574 1033 6 1 26.7995 -55.5732 -24.45 
     77 155.93 837 1 1 -12.615 71.7341 -174.45 
     77 121.229 1258 1 0 -12.5492 71.811 -175.85 
     77 122.943 845 0 1 -10.9243 73.0237 -204.45 
     77 117.93 1265 0 0 -10.8121 73.1516 -205.851 
     77 121.128 1259 1 0 -12.8095 71.957 -175.85 
     77 45.6498 816 0 1 -16.8111 76.9101 -204.45 
     77 85.3588 815 0 1 -16.8501 76.9381 -204.531 
     77 10.2487 1285 0 0 -17.2959 77.2424 -205.85 
     77 112.563 1286 0 0 -17.3086 77.2502 -205.888 
     77 226.745 1257 4 0 -12.7303 71.65 -86.0458 
Number of digits in this event: 25
Using G4ParticleGun... 
Particle energy: 6.08945 LIN
Particle: e-
Event: 78
Number of tracker hits in this event: 28
     78 126.356 634 9 1 -53.0875 113.83 65.55 
     78 179.85 1468 9 0 -53.0871 113.83 64.15 
     78 121.888 634 8 1 -53.0795 113.843 35.55 
     78 117.543 1468 8 0 -53.078 113.845 34.15 
     78 132.325 635 7 1 -53.0448 113.885 5.55 
     78 166.752 1468 7 0 -53.044 113.887 4.15 
     78 142.852 635 6 1 -53.0265 113.925 -24.45 
     78 177.369 1468 6 0 -53.0241 113.929 -25.85 
     78 115.944 635 5 1 -52.9811 114.007 -54.45 
     78 119.62 1469 5 0 -52.9785 114.011 -55.85 
     78 160.305 635 4 1 -52.9307 114.091 -84.45 
     78 162.223 1469 4 0 -52.9277 114.096 -85.85 
     78 95.2071 635 3 1 -52.8579 114.196 -114.45 
     78 175.454 1470 3 0 -52.8551 114.2 -115.85 
     78 104.069 636 2 1 -52.7939 114.286 -144.45 
     78 107.383 1470 2 0 -52.7915 114.29 -145.85 
     78 578.849 636 1 1 -52.7456 114.378 -174.45 
     78 224.5 1471 1 0 -52.7447 114.381 -175.85 
     78 133.163 636 0 1 -52.7309 114.44 -204.45 
     78 119.529 1471 0 0 -52.7297 114.442 -205.85 
     78 176.094 642 0 1 -51.6164 114.722 -204.45 
     78 119.782 1472 0 0 -51.6123 114.716 -205.85 
     78 7.1561 1442 2 0 -114.982 108.577 -146.25 
     78 93.4692 1472 1 0 -52.7724 114.552 -175.85 
     78 101.405 631 0 1 -53.7227 119.756 -204.45 
     78 40.9761 632 0 1 -53.65 119.776 -204.718 
     78 162.484 1498 0 0 -53.3472 119.849 -205.85 
     78 128.636 1469 7 0 -53.0094 113.95 4.05118 
Number of digits in this event: 19
Using G4ParticleGun... 
Particle energy: 5.25484 LIN
Particle: e-
Event: 79
Number of tracker hits in this event: 53
     79 107.693 1316 10 1 83.3019 20.3364 95.55 
     79 169.369 1001 10 0 83.3035 20.3378 94.15 
     79 141.175 1316 9 1 83.3313 20.368 65.55 
     79 224.526 1001 9 0 83.332 20.3691 64.15 
     79 138.218 1316 8 1 83.3496 20.3908 35.55 
     79 152.028 1001 8 0 83.3497 20.393 34.15 
     79 287.144 1316 7 1 83.3493 20.4355 5.55 
     79 161.166 1001 7 0 83.3481 20.4389 4.15 
     79 107.83 1316 6 1 83.3212 20.5033 -24.45 
     79 96.5037 1002 6 0 83.3212 20.507 -25.85 
     79 132.279 1316 5 1 83.3188 20.584 -54.45 
     79 119.514 1002 5 0 83.3157 20.5875 -55.85 
     79 384.651 1316 4 1 83.3136 20.6728 -84.45 
     79 579.872 1003 4 0 83.3037 20.6728 -85.85 
     79 385.879 1315 3 1 83.1235 20.6552 -114.45 
     79 517.587 1003 3 0 83.1165 20.6578 -115.85 
     79 256.063 1314 2 1 82.9518 20.7224 -144.45 
     79 106.146 1003 2 0 82.9447 20.7231 -145.85 
     79 98.6883 1313 1 1 82.8146 20.734 -174.45 
     79 118.8 1003 1 0 82.8111 20.7417 -175.85 
     79 117.257 1313 0 1 82.7405 20.9082 -204.45 
     79 276.916 1004 0 0 82.7385 20.9159 -205.85 
     79 18.5351 985 3 0 84.5069 17.1483 -115.85 
     79 67.3503 1329 3 1 85.8935 13.4885 -114.85 
     79 212.086 959 3 0 86.5975 12.0147 -115.85 
     79 20.7773 960 3 0 86.5146 12.0502 -116.217 
     79 7.75934 1233 3 0 57.4313 66.8423 -116.25 
     79 187.205 1234 3 0 57.4268 66.85 -116.241 
     79 71.577 1235 3 0 57.5401 67.05 -116.143 
     79 310.017 1004 2 0 82.894 20.903 -145.85 
     79 134.366 1316 1 1 83.2771 20.5572 -174.45 
     79 126.387 1002 1 0 83.3159 20.5513 -175.85 
     79 107.06 1320 0 1 84.1712 20.3843 -204.45 
     79 316.92 1001 0 0 84.2195 20.3701 -205.85 
     79 167.031 1034 2 1 26.9533 159.559 -144.85 
     79 69.741 1002 0 0 84.2214 20.45 -205.889 
     79 104.46 1063 2 0 105.744 32.7287 -146.25 
     79 130.634 1076 2 0 -105.635 35.4388 -146.25 
     79 19.1518 1077 2 0 -105.67 35.45 -146.223 
     79 14.8042 1084 3 0 -73.9289 37.0491 -116.25 
     79 27.355 1085 3 0 -73.9269 37.05 -116.248 
     79 53.6296 1210 3 0 -6.97446 62.1611 -116.25 
     79 309.377 1310 0 1 82.1726 21.1119 -204.45 
     79 274.844 1315 1 1 83.1587 21.0752 -174.45 
     79 253.443 1005 1 0 83.1679 21.0715 -175.85 
     79 107.697 1317 0 1 83.5066 20.971 -204.45 
     79 31.162 1519 0 0 88.3463 123.95 -206.095 
     79 251.361 1008 0 0 82.1705 21.7261 -205.85 
     79 59.0702 1002 4 0 83.2813 20.6499 -85.9797 
     79 199.893 1315 2 1 83.1116 21.0107 -144.45 
     79 115.125 1314 1 1 82.9079 21.3175 -174.45 
     79 169.306 1006 1 0 82.9098 21.3388 -175.85 
     79 117.915 1314 0 1 82.9698 21.7776 -204.45 
Number of digits in this event: 31
Using G4ParticleGun... 
Particle energy: 3.08484 LIN
Particle: e-
Event: 80
Number of tracker hits in this event: 50
     80 244.446 730 9 1 -33.9727 117.976 65.55 
     80 135.083 1489 9 0 -33.9719 117.977 64.15 
     80 138.783 730 8 1 -33.945 117.996 35.55 
     80 120.971 1489 8 0 -33.9417 117.999 34.15 
     80 136.034 730 7 1 -33.8761 118.069 5.55 
     80 86.5282 1489 7 0 -33.8717 118.074 4.15 
     80 152.039 731 6 1 -33.7821 118.168 -24.45 
     80 111.042 1490 6 0 -33.7792 118.174 -25.85 
     80 148.047 731 5 1 -33.7254 118.262 -54.45 
     80 119.727 1490 5 0 -33.722 118.267 -55.85 
     80 489.601 732 4 1 -33.6486 118.376 -84.45 
     80 268.81 1491 4 0 -33.6435 118.382 -85.85 
     80 115.442 732 3 1 -33.5298 118.489 -114.45 
     80 147.709 1491 3 0 -33.524 118.492 -115.85 
     80 178.032 733 2 1 -33.4082 118.558 -144.45 
     80 117.564 1492 2 0 -33.4052 118.559 -145.85 
     80 117.114 733 1 1 -33.3104 118.589 -174.45 
     80 243.543 1492 1 0 -33.3078 118.589 -175.85 
     80 107.481 733 0 1 -33.2628 118.6 -204.45 
     80 318.927 1492 0 0 -33.2619 118.599 -205.85 
     80 132.69 903 8 1 0.683489 -67.943 35.15 
     80 73.0068 1491 1 0 -33.3091 118.55 -175.967 
     80 17.5719 1490 4 0 -33.52 118.16 -85.85 
     80 130.366 1489 4 0 -33.5159 118.15 -85.9238 
     80 7.14517 739 3 1 -32.0595 114.679 -114.45 
     80 116.896 740 3 1 -32.05 114.674 -114.48 
     80 109.59 1471 3 0 -31.5524 114.449 -115.85 
     80 153.821 788 2 1 -22.3962 108.14 -144.45 
     80 137.105 1438 2 0 -21.9897 107.929 -145.85 
     80 112.129 827 1 1 -14.6294 103.934 -174.45 
     80 127.637 1419 1 0 -14.4741 104.068 -175.85 
     80 156.709 841 0 1 -11.802 107.45 -204.45 
     80 45.027 1442 0 0 -11.6251 108.657 -205.85 
     80 96.222 1443 0 0 -11.61 108.75 -205.959 
     80 18.4524 1444 0 0 -11.5903 108.95 -206.197 
     80 158.865 729 3 1 -34.1895 117.911 -114.45 
     80 149.175 1488 3 0 -34.3512 117.795 -115.851 
     80 126.506 710 2 1 -37.8603 115.159 -144.45 
     80 103.977 1474 2 0 -38.0789 115.11 -145.85 
     80 44.3238 684 1 1 -43.0522 114.383 -174.45 
     80 62.3705 685 1 1 -43.05 114.39 -174.614 
     80 115.795 1471 1 0 -43.0332 114.43 -175.85 
     80 129.922 688 0 1 -42.252 115.219 -204.45 
     80 159.583 1473 0 0 -42.9198 114.836 -205.85 
     80 25.6823 1472 0 0 -43.0617 114.75 -206.152 
     80 131.121 72 1 1 -165.746 26.7707 -174.45 
     80 144.57 73 1 1 -165.55 26.9192 -174.635 
     80 186.698 1037 1 0 -165.335 27.6473 -175.85 
     80 182.297 1038 1 0 -165.334 27.6501 -175.854 
     80 18.2045 842 1 0 -154.95 -11.5794 -176.25 
Number of digits in this event: 31
Using G4ParticleGun... 
Particle energy: 1.4026 LIN
Particle: e-
Event: 81
Number of tracker hits in this event: 105
     81 141.891 1342 10 1 88.5615 -43.3287 95.55 
     81 337.074 683 10 0 88.5621 -43.3321 94.15 
     81 107.271 1342 9 1 88.5627 -43.4288 65.55 
     81 150.183 683 9 0 88.5605 -43.4307 64.15 
     81 106.958 1342 8 1 88.5058 -43.473 35.55 
     81 120.455 682 8 0 88.4978 -43.4658 34.15 
     81 130.319 1341 7 1 88.3313 -43.3561 5.55 
     81 114.148 683 7 0 88.3329 -43.3763 4.15 
     81 101.209 1341 6 1 88.4056 -43.8056 -24.45 
     81 121.476 681 6 0 88.4171 -43.8292 -25.85 
     81 124.638 1343 5 1 88.6874 -44.2995 -54.45 
     81 94.9549 678 5 0 88.6933 -44.323 -55.85 
     81 105.748 1343 4 1 88.7838 -44.7989 -84.45 
     81 124.431 676 4 0 88.7777 -44.826 -85.85 
     81 115.527 1342 3 1 88.6429 -45.3876 -114.45 
     81 119.616 673 3 0 88.6455 -45.4053 -115.85 
     81 185.031 1343 2 1 88.7505 -45.7561 -144.45 
     81 115.539 671 2 0 88.7544 -45.7657 -145.85 
     81 273.827 1343 1 1 88.8058 -45.9607 -174.45 
     81 115.974 670 1 0 88.7994 -45.9723 -175.85 
     81 98.9788 1343 0 1 88.6785 -46.2368 -204.45 
     81 121.006 668 0 0 88.6807 -46.251 -205.85 
     81 37.5001 209 1 1 -138.15 42.8627 -174.785 
     81 235.884 669 0 0 88.6801 -46.25 -205.898 
     81 196.748 670 0 0 88.5767 -46.05 -205.977 
     81 49.9906 472 1 0 55.1449 -85.4987 -176.25 
     81 76.1721 471 1 0 55.1055 -85.6502 -176.168 
     81 144.708 470 1 0 55.1675 -85.851 -176.095 
     81 110.523 469 1 0 55.3369 -86.05 -176.031 
     81 133.391 468 1 0 55.552 -86.25 -175.931 
     81 271.794 1186 1 1 57.2777 -84.457 -174.85 
     81 0.00980115 1185 1 1 57.25 -84.3613 -174.761 
     81 122.839 1341 1 1 88.3119 -46.0218 -174.45 
     81 160.125 1340 1 1 88.25 -45.9448 -174.536 
     81 34.6013 1339 1 1 88.05 -45.8061 -174.765 
     81 195.377 674 1 0 86.4834 -45.1704 -175.85 
     81 242.286 675 1 0 86.152 -45.05 -175.986 
     81 79.1558 585 1 0 40.7385 -62.8561 -176.25 
     81 65.75 584 1 0 40.5933 -63.0501 -176.096 
     81 29.9437 583 1 0 40.4746 -63.25 -175.923 
     81 145.225 1098 1 1 39.7939 -64.1753 -174.85 
     81 3.33087 1097 1 1 39.65 -64.4918 -174.463 
     81 101.998 669 1 0 87.6559 -46.2043 -175.85 
     81 52.4513 668 1 0 87.5566 -46.25 -176.069 
     81 43.8234 310 1 0 76.6477 -118.032 -176.25 
     81 83.4945 309 1 0 76.6357 -118.15 -176.173 
     81 62.9909 308 1 0 76.597 -118.35 -176.021 
     81 32.3051 1280 1 1 76.1011 -119.201 -174.85 
     81 93.3289 1279 1 1 76.0499 -119.283 -174.72 
     81 31.1591 499 2 0 62.3176 -80.1804 -146.25 
     81 98.4853 500 2 0 62.2458 -80.0494 -146.162 
     81 45.1311 501 2 0 62.0603 -79.85 -145.938 
     81 106.613 1207 2 1 61.5861 -79.2069 -144.85 
     81 13.4661 1208 2 1 61.65 -79.0427 -144.826 
     81 138.623 506 2 0 62.9993 -78.6897 -145.85 
     81 27.0877 507 2 0 63.2086 -78.65 -146.019 
     81 102.065 505 2 0 63.3547 -78.85 -146.163 
     81 8.75361 504 2 0 63.4124 -79.05 -146.246 
     81 300.824 1341 5 1 88.3542 -43.5049 -54.45 
     81 144.803 685 5 0 88.0332 -43.0111 -55.85 
     81 77.3084 1265 4 1 73.1577 -29.096 -84.45 
     81 68.8912 1264 4 1 73.0495 -29.0227 -84.6697 
     81 121.408 756 4 0 72.415 -28.8144 -85.85 
     81 91.8673 1205 3 1 61.0881 -24.9301 -114.45 
     81 80.8576 1206 3 1 61.25 -24.7393 -114.693 
     81 21.9909 781 3 0 61.8092 -23.7123 -115.85 
     81 73.8768 782 3 0 61.8408 -23.6496 -115.926 
     81 55.7268 783 3 0 61.962 -23.4499 -116.129 
     81 65.9244 1265 2 1 73.212 13.6525 -144.45 
     81 180.779 1266 2 1 73.25 13.7147 -144.524 
     81 120.744 1267 2 1 73.45 13.6682 -144.682 
     81 153.825 682 5 0 88.4281 -43.5844 -55.85 
     81 257.249 1342 4 1 88.5566 -43.7008 -84.45 
     81 109.655 681 4 0 88.5639 -43.7107 -85.85 
     81 130.75 1343 3 1 88.7183 -43.938 -114.45 
     81 108.231 680 3 0 88.7261 -43.9425 -115.85 
     81 112.177 1344 2 1 88.975 -43.9995 -144.45 
     81 172.288 680 2 0 88.9613 -44.0227 -145.85 
     81 115.996 677 1 0 88.6903 -44.5706 -175.85 
     81 118.071 1342 0 1 88.4772 -45.6608 -204.45 
     81 117.653 671 0 0 88.4676 -45.7386 -205.85 
     81 19.8538 669 5 0 52.9181 -46.1602 -56.25 
     81 113.821 1341 4 1 88.45 -44.2181 -84.567 
     81 218.294 678 4 0 88.0478 -44.358 -85.8508 
     81 4.39345 730 4 0 79.4307 -33.8632 -86.2487 
     81 80.1712 731 4 0 79.4206 -33.85 -86.2299 
     81 107.014 732 4 0 79.2227 -33.65 -86.0893 
     81 17.6772 733 4 0 79.0059 -33.45 -85.9002 
     81 93.0178 1292 4 1 78.6203 -32.551 -84.8497 
     81 225.467 1291 4 1 78.45 -32.4525 -84.6618 
     81 130.899 1290 4 1 78.25 -32.4226 -84.6702 
     81 208.988 741 4 0 77.7247 -31.804 -85.85 
     81 251.151 1181 4 0 57.5966 56.3414 -86.25 
     81 24.755 1195 4 0 58.1813 59.05 -86.0633 
     81 120.258 677 4 0 87.9498 -44.4673 -85.85 
     81 42.3416 1269 3 1 73.9685 -48.8027 -114.45 
     81 78.8003 1268 3 1 73.85 -48.8024 -114.566 
     81 74.0189 1267 3 1 73.65 -48.7841 -114.747 
     81 215.484 655 3 0 72.4353 -48.9623 -115.85 
     81 273.856 1094 2 1 39.0428 -63.4719 -144.45 
     81 45.271 573 2 0 38.2381 -65.3064 -145.85 
     81 74.2349 572 2 0 38.1579 -65.45 -145.951 
     81 75.4784 571 2 0 38.0239 -65.65 -146.041 
     81 185.556 570 2 0 37.9012 -65.85 -146.118 
     81 11.5554 569 2 0 37.6724 -66.0501 -146.223 
Number of digits in this event: 42
Using G4ParticleGun... 
Particle energy: 1.72108 LIN
Particle: e-
Event: 82
Number of tracker hits in this event: 68
     82 125.491 1379 8 1 96.0203 98.3316 35.55 
     82 118.98 1390 8 0 96.0244 98.3316 34.15 
     82 172.285 1379 7 1 96.1107 98.3225 5.55 
     82 224.26 1390 7 0 96.1117 98.32 4.15 
     82 172.313 1379 6 1 96.1301 98.2778 -24.45 
     82 127.582 1390 6 0 96.1259 98.2747 -25.85 
     82 114.629 1379 5 1 96.0513 98.2152 -54.45 
     82 316.829 1390 5 0 96.05 98.2169 -55.85 
     82 113.387 1379 4 1 96.0452 98.2396 -84.45 
     82 133.65 1390 4 0 96.0581 98.2475 -85.85 
     82 321.732 1381 3 1 96.4054 98.3663 -114.45 
     82 106.756 1391 3 0 96.4318 98.3708 -115.85 
     82 342.155 1383 2 1 96.9306 98.5038 -144.45 
     82 140.66 1391 2 0 96.9415 98.5138 -145.85 
     82 134.006 1385 1 1 97.1509 98.6843 -174.45 
     82 343.079 1392 1 0 97.1822 98.6636 -175.85 
     82 315.406 1388 0 1 97.8285 98.2124 -204.45 
     82 106.518 1390 0 0 97.86 98.1969 -205.85 
     82 24.0147 295 9 0 94.93 -120.981 63.75 
     82 197.709 294 9 0 94.9855 -121.15 63.9587 
     82 22.5282 1393 1 0 97.1788 98.75 -175.954 
     82 217.638 1382 3 1 96.55 98.4627 -114.678 
     82 13.5944 1256 1 0 99.2853 71.2607 -176.25 
     82 178.199 1255 1 0 99.2826 71.2498 -176.233 
     82 221.202 1380 5 1 96.21 98.3206 -54.45 
     82 130.266 1375 4 1 95.1656 96.8914 -84.45 
     82 99.3858 1383 4 0 95.1822 96.9231 -85.85 
     82 104.83 1377 3 1 95.588 97.5543 -114.451 
     82 108.257 1387 3 0 95.5627 97.6783 -115.851 
     82 115.676 1373 2 1 94.9442 100.16 -144.45 
     82 109.83 1400 2 0 94.8767 100.222 -145.85 
     82 147.629 1365 1 1 93.2171 101.261 -174.45 
     82 102.459 1405 1 0 93.1676 101.304 -175.85 
     82 109.185 1359 0 1 92.1101 102.096 -204.45 
     82 161.975 1410 0 0 92.0396 102.228 -205.85 
     82 127.035 1391 5 0 96.1648 98.3525 -55.85 
     82 104.625 1372 4 1 94.6215 98.8014 -84.45 
     82 271.923 1392 4 0 94.4798 98.7198 -85.85 
     82 157.878 1363 3 1 92.8024 96.0094 -114.45 
     82 157.482 1379 3 0 92.8668 96.0207 -115.85 
     82 6.98212 1371 2 1 94.3654 95.5279 -144.45 
     82 101.62 1370 2 1 94.35 95.514 -144.472 
     82 29.1243 1369 2 1 94.15 95.3278 -144.764 
     82 48.1789 1372 2 0 93.4061 94.6411 -145.85 
     82 70.507 1371 2 0 93.3081 94.5498 -145.991 
     82 27.4364 1281 1 1 76.2938 78.9533 -174.45 
     82 128.372 1280 1 1 76.25 78.8876 -174.544 
     82 87.5646 1289 1 0 75.691 78.0261 -175.85 
     82 54.0395 1288 1 0 75.5731 77.85 -176.118 
     82 66.2976 1211 0 1 62.3798 59.2415 -204.45 
     82 87.2589 1210 0 1 62.25 59.2108 -204.599 
     82 12.0482 1209 0 1 62.0499 59.1756 -204.822 
     82 92.7029 1194 0 0 60.8906 58.9328 -205.85 
     82 111.169 1193 0 0 60.6907 58.85 -206.034 
     82 15.2398 1057 0 0 23.5982 31.4936 -206.25 
     82 179.242 1056 0 0 23.5519 31.4499 -206.198 
     82 44.7371 1055 0 0 23.2561 31.2499 -205.935 
     82 164.598 1008 0 1 21.7627 30.3783 -204.85 
     82 163.497 1007 0 1 21.6498 30.274 -204.562 
     82 77.5184 1006 0 1 21.45 29.6195 -204.769 
     82 112.298 1043 0 0 20.4331 28.8342 -205.85 
     82 54.9138 1042 0 0 20.2442 28.65 -206.077 
     82 31.2666 1041 0 0 20.1605 28.45 -206.223 
     82 8.02997 660 0 0 -4.44107 -48.0081 -206.25 
     82 58.1057 659 0 0 -4.44803 -48.05 -206.234 
     82 85.0749 658 0 0 -4.53629 -48.2502 -206.184 
     82 134.606 657 0 0 -4.65312 -48.45 -206.134 
     82 26.4221 1393 4 0 94.4296 98.75 -85.9281 
Number of digits in this event: 31
Using G4ParticleGun... 
Particle energy: 7.7336 LIN
Particle: e-
Event: 83
Number of tracker hits in this event: 92
     83 100.787 743 10 1 -31.3389 108.618 95.55 
     83 133.422 1442 10 0 -31.3383 108.619 94.15 
     83 363.763 743 9 1 -31.3261 108.623 65.55 
     83 121.307 1442 9 0 -31.3254 108.623 64.15 
     83 151.837 743 8 1 -31.3107 108.626 35.55 
     83 136.74 1442 8 0 -31.3109 108.626 34.15 
     83 223.757 743 7 1 -31.3102 108.635 5.55 
     83 223.752 1442 7 0 -31.3105 108.635 4.15 
     83 152.138 743 6 1 -31.3053 108.626 -24.45 
     83 109.92 1442 6 0 -31.3054 108.625 -25.85 
     83 107.751 743 5 1 -31.3062 108.621 -54.45 
     83 143.225 1442 5 0 -31.3062 108.621 -55.85 
     83 385.014 743 4 1 -31.3014 108.629 -84.45 
     83 619.337 1442 4 0 -31.2989 108.627 -85.85 
     83 146.106 744 3 1 -31.2316 108.605 -114.45 
     83 391.375 1442 3 0 -31.229 108.607 -115.85 
     83 304.658 744 2 1 -31.1878 108.641 -144.45 
     83 353.976 1442 2 0 -31.1894 108.637 -145.85 
     83 289.085 744 1 1 -31.2024 108.545 -174.45 
     83 490.532 1441 1 0 -31.2117 108.537 -175.85 
     83 324.636 742 0 1 -31.4662 108.352 -204.45 
     83 274.149 1440 0 0 -31.4822 108.344 -205.85 
     83 227.597 744 0 1 -31.2178 108.579 -204.45 
     83 109.485 1443 0 0 -31.0471 108.859 -205.85 
     83 8.54439 1444 0 0 -30.996 108.95 -206.229 
     83 4.47182 660 0 1 -47.85 51.7415 -204.471 
     83 168.165 743 0 1 -31.4344 108.265 -204.45 
     83 123.663 318 0 1 -116.373 47.1983 -204.85 
     83 99.0606 1134 0 0 -116.376 46.9888 -205.85 
     83 284.516 1441 0 0 -31.153 108.482 -205.85 
     83 233.013 743 3 1 -31.3244 108.577 -114.45 
     83 157.186 743 2 1 -31.3293 108.544 -144.45 
     83 127.838 1441 2 0 -31.3287 108.543 -145.85 
     83 106.437 743 1 1 -31.3234 108.522 -174.45 
     83 164.035 1442 1 0 -31.2015 108.683 -175.85 
     83 233.418 1442 0 0 -31.1725 108.689 -205.85 
     83 17.2293 1289 1 0 72.5224 78.05 -176.155 
     83 11.6482 798 4 0 86.418 -20.25 -86.1499 
     83 301.739 797 4 0 86.4469 -20.45 -85.9664 
     83 27.9098 367 4 1 -106.75 7.13529 -84.6183 
     83 75.0419 1220 3 0 -133.138 64.0674 -116.25 
     83 27.7044 1229 7 0 -25.7081 65.9307 3.75 
     83 81.6739 1228 7 0 -25.7073 65.85 3.80314 
     83 50.6195 1227 7 0 -25.7422 65.65 3.97273 
     83 157.871 769 7 1 -26.1324 65.7934 5.15 
     83 54.2274 768 7 1 -26.2501 65.8018 5.39605 
     83 60.3584 1133 9 0 -54.6181 46.8182 63.75 
     83 92.8512 742 6 1 -31.45 108.754 -24.5371 
     83 58.3195 741 6 1 -31.6503 108.843 -24.7489 
     83 84.5722 1462 6 0 -35.3634 112.729 -25.85 
     83 207.106 1463 6 0 -35.3818 112.75 -25.8562 
     83 0.688021 1464 6 0 -35.5816 112.95 -25.8812 
     83 223.529 1461 6 0 -35.7266 112.55 -26.1369 
     83 34.636 1460 6 0 -35.5492 112.35 -25.9237 
     83 187.757 721 6 1 -35.7394 112.725 -24.8499 
     83 237.757 747 6 1 -30.55 109.979 -24.45 
     83 63.3886 1455 6 0 -30.6382 111.181 -25.85 
     83 67.0246 1456 6 0 -30.6284 111.35 -26.0704 
     83 104.566 794 5 1 -21.1328 135.078 -54.45 
     83 101.698 795 5 1 -21.0498 135.139 -54.5481 
     83 48.2654 796 5 1 -20.85 135.273 -54.7592 
     83 28.3004 1579 5 0 -19.5831 136.112 -55.85 
     83 582.495 1580 5 0 -19.4745 136.15 -55.9061 
     83 26.443 1439 9 0 -31.2733 107.981 64.15 
     83 148.84 1438 9 0 -31.2671 107.95 64.0575 
     83 12.3112 1676 9 0 -72.835 155.511 63.75 
     83 127.67 1677 9 0 -72.8671 155.55 63.7692 
     83 76.7697 1678 9 0 -73.0672 155.75 63.955 
     83 109.982 532 9 1 -73.5648 156.237 65.1501 
     83 57.2946 531 9 1 -73.7658 156.608 65.55 
     83 63.822 530 9 1 -73.85 156.612 65.3835 
     83 9.18084 1683 9 0 -74.2788 156.938 64.1498 
     83 158.035 1684 9 0 -74.2895 156.95 64.1105 
     83 32.6224 742 9 1 -31.45 108.757 65.264 
     83 120.636 1444 9 0 -31.5558 109.035 64.1499 
     83 165.011 729 8 1 -34.1167 116.2 35.55 
     83 138.595 730 8 1 -34.05 116.262 35.4134 
     83 115.413 1483 8 0 -33.5252 116.829 34.15 
     83 10.1872 1484 8 0 -33.4105 116.95 33.7864 
     83 130.801 775 7 1 -24.9497 123.188 5.54923 
     83 73.7097 776 7 1 -24.85 123.237 5.40207 
     83 115.637 1516 7 0 -24.2495 123.385 4.15 
     83 71.509 824 6 1 -15.1674 127.035 -24.45 
     83 61.1173 825 6 1 -15.0493 126.915 -24.5288 
     83 50.5989 826 6 1 -14.85 126.792 -24.5953 
     83 60.1164 827 6 1 -14.65 126.675 -24.571 
     83 112.714 828 6 1 -14.45 126.55 -24.5845 
     83 180.47 829 6 1 -14.2495 126.224 -24.5233 
     83 127.595 830 6 1 -14.05 125.781 -24.5013 
     83 111.392 774 7 1 -25.0505 123.157 5.37939 
     83 250.921 1519 7 0 -25.5376 123.975 4.15 
     83 93.4619 1520 7 0 -25.6072 124.15 4.06907 
Number of digits in this event: 48
Using G4ParticleGun... 
Particle energy: 4.86594 LIN
Particle: e-
Event: 84
Number of tracker hits in this event: 207
     84 127.676 776 11 1 -24.7213 -6.30161 125.55 
     84 311.732 868 11 0 -24.7222 -6.30069 124.15 
     84 243.545 776 10 1 -24.7343 -6.27493 95.55 
     84 256.837 868 10 0 -24.7334 -6.27224 94.15 
     84 121.513 776 9 1 -24.72 -6.22019 65.55 
     84 110.208 869 9 0 -24.7195 -6.21737 64.15 
     84 553.573 776 8 1 -24.7096 -6.15458 35.55 
     84 373.898 869 8 0 -24.7091 -6.1515 34.15 
     84 119.884 776 7 1 -24.6933 -6.09993 5.55 
     84 130.441 869 7 0 -24.6942 -6.09537 4.15 
     84 162.291 776 6 1 -24.7111 -6.01114 -24.45 
     84 161.939 870 6 0 -24.7162 -6.0043 -25.85 
     84 126.018 776 5 1 -24.8186 -5.8632 -54.45 
     84 112.829 870 5 0 -24.8182 -5.85545 -55.85 
     84 121.28 776 4 1 -24.795 -5.69475 -84.45 
     84 219.634 871 4 0 -24.797 -5.69172 -85.85 
     84 469.399 776 3 1 -24.848 -5.64168 -114.45 
     84 35.3397 775 3 1 -24.85 -5.64183 -114.771 
     84 132.782 872 3 0 -24.8577 -5.64261 -115.85 
     84 118.213 774 2 1 -25.0652 -5.68195 -144.45 
     84 215.643 871 2 0 -25.0756 -5.68077 -145.85 
     84 284.306 773 1 1 -25.2988 -5.65304 -174.45 
     84 125.939 872 1 0 -25.3007 -5.64469 -175.85 
     84 140.922 773 0 1 -25.3397 -5.47695 -204.45 
     84 190.254 872 0 0 -25.3492 -5.46731 -205.85 
     84 128.134 774 2 0 28.8499 -25.1986 -146.25 
     84 236.671 775 2 0 28.9007 -25.05 -146.02 
     84 128.013 775 2 1 -24.8911 -5.66491 -144.45 
     84 304.569 776 2 1 -24.85 -5.74188 -144.507 
     84 270.569 777 2 1 -24.6497 -6.03902 -144.725 
     84 77.1399 863 2 0 -23.4348 -7.3346 -145.85 
     84 83.7755 862 2 0 -23.3229 -7.4501 -145.935 
     84 85.5755 861 2 0 -23.1212 -7.65 -146.087 
     84 220.758 937 1 1 7.47388 -35.5578 -174.45 
     84 47.1152 714 1 0 7.87943 -37.133 -175.85 
     84 69.6619 713 1 0 7.91955 -37.2501 -175.95 
     84 34.3203 712 1 0 7.94531 -37.45 -176.141 
     84 40.253 474 1 0 -9.67077 -85.1243 -176.25 
     84 59.5708 473 1 0 -9.74644 -85.25 -176.146 
     84 58.0823 472 1 0 -9.78124 -85.45 -175.993 
     84 28.3472 856 1 1 -8.72442 -86.5378 -174.85 
     84 81.9974 857 1 1 -8.65 -86.5996 -174.779 
     84 73.2816 858 1 1 -8.44926 -86.6 -174.615 
     84 168.142 859 1 1 -8.25 -86.4741 -174.467 
     84 24.0442 450 1 0 -9.52698 -89.9813 -175.85 
     84 115.711 449 1 0 -9.69748 -90.1501 -176.093 
     84 6.59607 448 1 0 -9.6709 -90.35 -176.243 
     84 19.6016 272 1 0 -63.2855 -125.584 -176.25 
     84 119.586 273 1 0 -63.3125 -125.55 -176.23 
     84 154.187 428 1 0 -89.7911 -94.5313 -176.25 
     84 134.791 872 2 0 -24.746 -5.60828 -145.85 
     84 19.5337 792 1 1 -21.4655 -3.97877 -174.45 
     84 156.682 793 1 1 -21.45 -3.96958 -174.518 
     84 131.094 881 1 0 -21.1388 -3.84841 -175.85 
     84 120.683 824 0 1 -15.2269 -1.91204 -204.45 
     84 88.909 889 0 0 -15.0229 -2.18475 -205.85 
     84 32.6962 888 0 0 -14.9729 -2.25 -206.147 
     84 255.226 890 1 0 -20.7983 -1.97373 -175.85 
     84 321.892 797 1 1 -20.5837 -1.21471 -174.85 
     84 24.2877 522 11 1 -75.5372 137.508 125.549 
     84 161.225 523 11 1 -75.45 137.504 125.49 
     84 239.512 524 11 1 -75.25 137.279 125.511 
     84 197.356 525 11 1 -75.0499 137.703 125.46 
     84 200.811 526 11 1 -74.85 137.853 125.543 
     84 38.2511 708 1 0 83.7446 -38.25 -176.217 
     84 38.2895 880 7 0 -27.2318 -4.05 3.87206 
     84 31.3688 733 7 1 -33.3457 -7.9125 5.54991 
     84 66.2786 734 7 1 -33.25 -7.90167 5.49718 
     84 48.9552 735 7 1 -33.0495 -7.86985 5.40062 
     84 73.4935 736 7 1 -32.8492 -7.84134 5.39116 
     84 74.1483 737 7 1 -32.65 -7.8639 5.36807 
     84 64.1947 738 7 1 -32.45 -7.89662 5.28887 
     84 11.3527 739 7 1 -32.2499 -7.92155 5.16898 
     84 113.904 863 7 0 -30.4396 -7.36009 4.15 
     84 102.987 864 7 0 -30.1693 -7.25 3.97022 
     84 75.4787 865 7 0 -29.9922 -7.04984 3.84988 
     84 96.3215 866 7 0 -29.8309 -6.85 3.81337 
     84 22.8169 867 7 0 -29.6762 -6.6498 3.76189 
     84 119.661 870 8 0 -24.7902 -6.03244 34.15 
     84 117.486 766 7 1 -26.6504 -3.81169 5.54941 
     84 41.4065 881 7 0 -26.9944 -3.66466 4.15 
     84 98.4625 882 7 0 -27.0282 -3.64997 4.01059 
     84 24.7373 731 6 1 -33.8116 1.46095 -24.45 
     84 102.465 730 6 1 -33.85 1.45691 -24.5492 
     84 113.128 906 6 0 -34.4052 1.37667 -25.85 
     84 44.2764 680 5 1 -44.0015 -1.52887 -54.45 
     84 71.7917 679 5 1 -44.05 -1.55482 -54.5975 
     84 54.9313 891 5 0 -44.358 -1.81953 -55.85 
     84 191.914 890 5 0 -44.3992 -1.85 -56.0076 
     84 54.6957 650 4 1 -50.0242 -7.87181 -84.45 
     84 214.491 649 4 1 -50.05 -7.92721 -84.5256 
     84 65.0002 855 4 0 -50.5003 -8.90602 -85.8508 
     84 99.0807 854 4 0 -50.5609 -9.05035 -86.0388 
     84 98.4204 611 3 1 -57.7003 -30.2343 -114.45 
     84 105.343 746 3 0 -57.8642 -30.6533 -115.85 
     84 136.117 594 2 1 -61.0991 -38.2278 -144.45 
     84 40.2003 595 2 1 -61.05 -38.3058 -144.749 
     84 26.9885 706 2 0 -60.905 -38.8233 -145.85 
     84 139.791 705 2 0 -60.8974 -38.85 -145.908 
     84 386.66 611 1 1 -57.7541 -52.2596 -174.45 
     84 61.0375 610 1 1 -57.85 -52.2874 -174.545 
     84 60.1575 609 1 1 -58.05 -52.3534 -174.726 
     84 4.74902 635 1 0 -59.7385 -53.0417 -175.85 
     84 167.364 634 1 0 -59.7587 -53.05 -175.863 
     84 60.7463 633 1 0 -60.2807 -53.25 -176.151 
     84 94.509 870 2 0 -24.7132 -6.03064 -145.85 
     84 228.436 869 2 0 -24.7333 -6.05 -146.062 
     84 102.657 765 1 1 -26.9219 -8.72174 -174.45 
     84 261.247 854 1 0 -26.8633 -9.11252 -175.85 
     84 136.551 776 0 1 -24.7941 -18.0683 -204.451 
     84 223.008 777 0 1 -24.65 -18.1897 -204.814 
     84 78.9755 807 0 0 -24.2233 -18.5836 -205.85 
     84 96.044 806 0 0 -24.1534 -18.65 -206.028 
     84 67.0818 853 1 0 -27.9729 -9.25 -176.121 
     84 436.322 734 1 1 -33.1382 4.03968 -174.45 
     84 17.3164 925 1 0 -33.1792 5.19965 -175.85 
     84 116.245 926 1 0 -33.1776 5.25 -175.91 
     84 21.2102 927 1 0 -33.1725 5.45029 -176.183 
     84 275.487 869 3 0 -24.7472 -6.08932 -115.85 
     84 94.0437 868 2 0 -24.6929 -6.25 -145.9 
     84 130.891 777 1 1 -24.5088 -6.35404 -174.45 
     84 120.817 868 1 0 -24.5146 -6.35394 -175.85 
     84 99.0163 868 0 0 -24.641 -6.33061 -205.85 
     84 171.06 779 2 1 -24.238 -6.0726 -144.451 
     84 541.161 775 1 1 -24.929 -8.65713 -174.45 
     84 124.86 856 1 0 -25.0327 -8.71791 -175.851 
     84 108.135 764 0 1 -27.2085 -9.9154 -204.45 
     84 26.4043 763 0 1 -27.25 -9.93153 -204.791 
     84 111.659 850 0 0 -27.3744 -9.97243 -205.85 
     84 205.332 776 1 1 -24.85 -8.85793 -174.595 
     84 17.9426 774 1 1 -25.0501 -9.19116 -174.824 
     84 119.397 855 1 0 -24.8393 -8.92869 -175.85 
     84 231.397 777 9 1 -24.5319 -5.69525 65.55 
     84 305.419 871 9 0 -24.5332 -5.67285 64.15 
     84 124.874 777 8 1 -24.5944 -5.0708 35.55 
     84 232.508 874 8 0 -24.5834 -5.07154 34.15 
     84 103.611 778 7 1 -24.3921 -5.03571 5.55 
     84 138.801 875 7 0 -24.3954 -5.02962 4.15 
     84 114.837 777 6 1 -24.6188 -4.98554 -24.45 
     84 149.898 875 6 0 -24.6391 -4.93796 -25.85 
     84 193.367 773 5 1 -25.2784 -3.68657 -54.45 
     84 122.278 882 5 0 -25.3033 -3.61542 -55.85 
     84 267.305 768 4 1 -26.3542 -1.85532 -84.45 
     84 123.537 891 4 0 -26.4089 -1.76531 -85.85 
     84 129.317 763 3 1 -27.4091 -0.0995089 -114.45 
     84 77.9322 900 3 0 -27.5003 0.05 -115.982 
     84 112.84 753 2 1 -29.4036 2.76438 -144.45 
     84 1.32837 752 2 1 -29.45 2.80521 -144.845 
     84 108.009 914 2 0 -29.5743 2.91618 -145.85 
     84 52.8092 928 1 0 -33.2005 5.8421 -175.85 
     84 74.9514 929 1 0 -33.2187 5.85 -176.043 
     84 129.719 719 0 1 -36.1573 7.13143 -204.45 
     84 171.175 936 0 0 -36.2766 7.25076 -205.85 
     84 39.3741 673 2 1 -45.309 -17.3049 -144.85 
     84 217.789 674 2 1 -45.25 -17.5068 -144.453 
     84 10.9728 935 0 0 -36.2996 7.24991 -206.209 
     84 327.706 857 0 0 10.3108 -8.47951 -206.25 
     84 481.679 856 0 0 10.5648 -8.65 -206.09 
     84 199.111 855 0 0 11.3883 -8.85 -205.959 
     84 194.867 735 1 1 -33.05 5.68153 -174.552 
     84 67.4227 780 8 1 -23.9906 -5.222 35.15 
     84 110.989 996 1 0 60.546 19.3525 -176.25 
     84 66.5735 997 1 0 60.5915 19.45 -176.101 
     84 118.452 1203 1 1 60.6992 19.9193 -174.85 
     84 51.6289 1202 1 1 60.6499 19.9653 -174.58 
     84 194.434 775 10 1 -24.8997 -6.19293 95.55 
     84 132.126 869 10 0 -24.8888 -6.16446 94.15 
     84 139.411 775 8 1 -24.872 -4.89456 35.5499 
     84 91.0282 876 8 0 -24.8359 -4.7168 34.15 
     84 139.253 780 7 1 -23.9217 -1.25189 5.54996 
     84 129.299 894 7 0 -24.0171 -1.10462 4.15 
     84 125.843 766 6 1 -26.7552 2.44589 -24.45 
     84 19.904 913 6 0 -26.9015 2.83405 -25.85 
     84 114.481 914 6 0 -26.9094 2.85 -25.9108 
     84 119.308 745 5 1 -30.9683 10.2153 -54.45 
     84 17.0484 951 5 0 -31.1496 10.4408 -55.85 
     84 98.1163 952 5 0 -31.157 10.45 -55.909 
     84 108.593 730 4 1 -34.0097 14.8877 -84.4504 
     84 128.616 975 4 0 -33.9991 15.0552 -85.85 
     84 110.618 729 3 1 -34.0514 18.666 -114.45 
     84 77.9985 995 3 0 -34.082 19.1489 -115.851 
     84 80.3166 996 3 0 -34.089 19.25 -116.136 
     84 74.5854 724 2 1 -35.0647 29.0334 -144.45 
     84 44.8778 725 2 1 -35.05 29.1345 -144.724 
     84 85.7313 1047 2 0 -34.9609 29.5635 -145.85 
     84 55.8338 1048 2 0 -34.9419 29.65 -146.075 
     84 136.863 736 1 1 -32.7461 40.7894 -174.45 
     84 24.1681 737 1 1 -32.65 41.0087 -174.801 
     84 130.191 1108 1 0 -32.3357 41.6759 -175.851 
     84 47.8258 1109 1 0 -32.2521 41.8507 -176.121 
     84 84.0142 784 0 1 -23.1092 59.4136 -204.45 
     84 134.33 785 0 1 -23.0499 59.5621 -204.659 
     84 157.539 1202 0 0 -22.7097 60.4581 -205.85 
     84 54.0126 1203 0 0 -22.6345 60.6501 -206.111 
     84 88.9257 720 2 1 -35.8908 6.95436 -144.85 
     84 96.4505 729 1 1 -34.0543 25.6972 -174.45 
     84 24.0437 730 1 1 -34.05 25.7183 -174.516 
     84 102.667 1030 1 0 -34.162 26.1056 -175.85 
     84 50.289 809 1 0 38.4795 -18.1181 -176.25 
     84 109.273 808 1 0 38.6521 -18.25 -176.177 
     84 259.526 807 1 0 38.9486 -18.45 -176.115 
     84 56.8055 806 1 0 39.3095 -18.6503 -175.953 
     84 23.438 1102 1 1 40.5913 -19.831 -174.85 
     84 104.663 1103 1 1 40.65 -19.8742 -174.811 
     84 110.102 1104 1 1 40.85 -20.1056 -174.685 
     84 157.655 1105 1 1 41.05 -20.4448 -174.745 
     84 94.8483 1106 1 1 41.2501 -20.7521 -174.673 
Number of digits in this event: 90
Using G4ParticleGun... 
Particle energy: 4.46137 LIN
Particle: e-
Event: 85
Number of tracker hits in this event: 80
     85 146.426 873 10 1 -5.3347 -99.865 95.55 
     85 167.555 401 10 0 -5.33608 -99.8688 94.15 
     85 280.042 873 9 1 -5.36086 -99.9438 65.55 
     85 47.251 401 9 0 -5.36199 -99.9495 64.15 
     85 92.4355 400 9 0 -5.36209 -99.95 64.0299 
     85 164.376 873 8 1 -5.38681 -100.071 35.55 
     85 140.088 400 8 0 -5.38853 -100.076 34.15 
     85 121.76 873 7 1 -5.42655 -100.202 5.55 
     85 185.512 399 7 0 -5.42489 -100.21 4.15 
     85 165.898 873 6 1 -5.38089 -100.355 -24.45 
     85 131.31 398 6 0 -5.37878 -100.363 -25.85 
     85 401.983 873 5 1 -5.34146 -100.534 -54.45 
     85 365.8 398 5 0 -5.33787 -100.546 -55.85 
     85 147.533 873 4 1 -5.27058 -100.818 -84.45 
     85 250.641 396 4 0 -5.26456 -100.835 -85.85 
     85 151.338 874 3 1 -5.1191 -101.176 -114.45 
     85 120.61 394 3 0 -5.11155 -101.192 -115.85 
     85 106.066 875 2 1 -4.95276 -101.529 -144.45 
     85 111.496 393 2 0 -4.94365 -101.543 -145.85 
     85 117.399 876 1 1 -4.77266 -101.855 -174.45 
     85 102.04 391 1 0 -4.76074 -101.865 -175.85 
     85 104.578 877 0 1 -4.5116 -102.078 -204.45 
     85 126.335 390 0 0 -4.49802 -102.089 -205.85 
     85 72.187 456 12 0 -116.763 -88.85 154.108 
     85 217.966 874 6 1 -5.25 -100.412 -24.7683 
     85 7.28689 414 9 1 -97.15 -178.948 65.4181 
     85 117.308 879 4 1 -4.22253 -99.2948 -84.45 
     85 157.669 405 4 0 -4.0627 -99.1285 -85.85 
     85 102.576 905 3 1 1.15886 -95.729 -114.45 
     85 23.4322 906 3 1 1.25 -95.6237 -114.783 
     85 66.6459 424 3 0 1.52117 -95.2469 -115.85 
     85 48.3374 425 3 0 1.5905 -95.15 -116.11 
     85 70.8055 942 2 1 8.45594 -85.6068 -144.45 
     85 131.439 943 2 1 8.65 -85.5554 -144.642 
     85 14.5542 944 2 1 8.85 -85.5137 -144.81 
     85 222.338 474 2 0 10.116 -85.2484 -145.85 
     85 81.4712 1143 1 1 48.682 -77.5046 -174.45 
     85 65.9499 1144 1 1 48.85 -77.4664 -174.593 
     85 103.084 1145 1 1 49.0502 -77.4206 -174.767 
     85 145.918 514 1 0 50.2799 -77.1343 -175.85 
     85 24.5062 515 1 0 50.6458 -77.0499 -176.176 
     85 1.9572 1285 0 1 77.2467 -64.081 -204.45 
     85 132.886 1286 0 1 77.25 -64.0836 -204.458 
     85 84.6975 577 0 0 77.8684 -64.5744 -205.85 
     85 40.8886 576 0 0 77.9913 -64.65 -206.105 
     85 106.542 1142 1 1 48.6294 -77.4779 -174.45 
     85 8.10996 1141 1 1 48.4499 -77.4752 -174.829 
     85 24.1298 511 1 0 46.0659 -77.8392 -175.85 
     85 159.1 510 1 0 46.0077 -77.85 -175.885 
     85 248.514 536 1 0 55.1384 -72.8265 -176.25 
     85 76.3761 1176 1 1 55.3628 -73.2355 -174.85 
     85 202.672 1177 1 1 55.45 -73.2482 -174.768 
     85 116.639 871 4 1 -5.8412 -100.818 -84.45 
     85 139.495 871 3 1 -5.71968 -101.7 -114.45 
     85 129.51 392 3 0 -5.71129 -101.717 -115.85 
     85 262.891 872 2 1 -5.6033 -102.048 -144.45 
     85 147.098 390 2 0 -5.61736 -102.092 -145.85 
     85 138.75 870 1 1 -5.94379 -103.023 -174.45 
     85 93.7782 385 1 0 -5.95161 -103.039 -175.85 
     85 102.385 869 0 1 -6.07559 -103.393 -204.45 
     85 118.917 383 0 0 -6.08406 -103.399 -205.85 
     85 6.6169 224 1 0 40.9696 -135.325 -176.25 
     85 205.596 223 1 0 40.985 -135.351 -176.239 
     85 399.765 222 1 0 40.6873 -135.55 -176.123 
     85 259.409 872 0 1 -5.59471 -101.006 -204.45 
     85 301.824 395 0 0 -5.60244 -101.017 -205.85 
     85 96.2791 872 9 1 -5.45006 -99.9467 65.3572 
     85 251.113 873 3 1 -5.42022 -99.7439 -114.45 
     85 306.592 402 3 0 -5.42405 -99.7269 -115.85 
     85 116.254 403 2 0 -5.64186 -99.3724 -145.85 
     85 143.576 867 1 1 -6.57232 -98.6083 -174.45 
     85 118.715 408 1 0 -6.61786 -98.5435 -175.85 
     85 118.874 862 0 1 -7.45589 -97.175 -204.45 
     85 208.857 415 0 0 -7.48464 -97.0781 -205.85 
     85 95.9438 870 2 1 -5.96102 -99.8072 -144.45 
     85 129.65 401 2 0 -5.95988 -99.8149 -145.85 
     85 149.682 871 1 1 -5.73783 -100.387 -174.45 
     85 133.408 398 1 0 -5.67049 -100.387 -175.85 
     85 108.295 879 0 1 -4.11547 -100.785 -204.451 
     85 105.624 396 0 0 -4.03823 -100.862 -205.85 
Number of digits in this event: 44
Using G4ParticleGun... 
Particle energy: 4.31734 LIN
Particle: e-
Event: 86
Number of tracker hits in this event: 27
     86 126.776 1479 9 1 116.034 52.9873 65.55 
     86 115.262 1164 9 0 116.032 52.9884 64.15 
     86 136.608 1479 8 1 115.98 53.006 35.55 
     86 92.1628 1164 8 0 115.974 53.0046 34.15 
     86 127.816 1478 7 1 115.869 52.9808 5.55 
     86 138.818 1164 7 0 115.865 52.9811 4.15 
     86 129.927 1478 6 1 115.77 52.9848 -24.45 
     86 117.511 1164 6 0 115.765 52.9841 -25.85 
     86 132.117 1477 5 1 115.665 52.9631 -54.45 
     86 106.02 1164 5 0 115.659 52.9621 -55.85 
     86 113.396 1477 4 1 115.552 52.9329 -84.45 
     86 106.123 1164 4 0 115.55 52.9306 -85.85 
     86 127.814 1476 3 1 115.489 52.8815 -114.45 
     86 111.169 1164 3 0 115.491 52.879 -115.85 
     86 103.223 1476 2 1 115.548 52.8379 -144.45 
     86 217.53 1163 2 0 115.549 52.8379 -145.85 
     86 100.101 1477 1 1 115.586 52.8439 -174.45 
     86 122.985 1164 1 0 115.59 52.852 -175.85 
     86 249.22 1477 0 1 115.661 53.0248 -204.45 
     86 173.936 1164 0 0 115.676 53.0386 -205.85 
     86 216.627 1549 3 1 130.096 88.2094 -114.45 
     86 109.655 1550 3 1 130.15 88.2605 -114.592 
     86 79.9986 1196 2 1 59.45 44.0963 -144.742 
     86 116.031 1036 3 0 -3.11154 27.4044 -116.25 
     86 10.5561 930 3 0 -105.263 6.05 -115.965 
     86 9.99526 922 3 0 -111.049 4.65 -116.004 
     86 61.6459 1014 0 0 30.2904 23.05 -206.021 
Number of digits in this event: 13
Using G4ParticleGun... 
Particle energy: 1.60145 LIN
Particle: e-
Event: 87
Number of tracker hits in this event: 139
     87 133.887 1058 11 1 31.7981 -8.08029 125.55 
     87 120.407 859 11 0 31.7971 -8.08694 124.15 
     87 116.705 1058 10 1 31.7668 -8.21365 95.55 
     87 108.881 859 10 0 31.7689 -8.21254 94.15 
     87 389.448 1058 9 1 31.8219 -8.17455 65.55 
     87 120.575 859 9 0 31.827 -8.17632 64.15 
     87 380.663 1059 8 1 31.9207 -8.21444 35.55 
     87 281.68 859 8 0 31.928 -8.21232 34.15 
     87 109.881 1060 7 1 32.0783 -8.13641 5.55 
     87 104.245 859 7 0 32.0784 -8.13987 4.15 
     87 123.339 1060 6 1 32.0831 -8.18991 -24.45 
     87 112.623 859 6 0 32.0961 -8.14751 -25.85 
     87 138.486 1063 5 1 32.6548 -7.39447 -54.45 
     87 109.335 863 5 0 32.6883 -7.32412 -55.85 
     87 143.881 1067 4 1 33.4765 -6.04645 -84.45 
     87 107.99 870 4 0 33.498 -6.01284 -85.85 
     87 138.373 1068 3 1 33.828 -5.32421 -114.45 
     87 115.476 873 3 0 33.869 -5.30734 -115.85 
     87 133.717 1072 2 1 34.6222 -5.1365 -144.45 
     87 242.273 874 2 0 34.6631 -5.06759 -145.85 
     87 99.3671 875 2 0 34.6695 -5.05 -146.138 
     87 152.9 1073 1 1 34.8408 -3.36662 -174.451 
     87 148.697 883 1 0 34.6899 -3.29173 -175.85 
     87 109.84 1059 0 1 31.9936 -1.17439 -204.451 
     87 101.884 895 0 0 31.8501 -1.01068 -205.85 
     87 422.553 1060 3 1 32.1779 -8.47054 -114.45 
     87 233.19 857 3 0 32.1817 -8.47019 -115.85 
     87 140.732 1061 2 1 32.3628 -8.47246 -144.45 
     87 112.815 857 2 0 32.3676 -8.4736 -145.85 
     87 95.4987 1062 1 1 32.5009 -8.48047 -174.45 
     87 247.805 857 1 0 32.4954 -8.48634 -175.85 
     87 109.532 1061 0 1 32.3806 -8.61127 -204.45 
     87 144.487 857 0 0 32.3771 -8.61387 -205.85 
     87 81.0427 920 3 0 20.3429 4.14178 -116.25 
     87 232.74 921 3 0 20.4307 4.25 -115.963 
     87 295.696 1059 3 1 32.05 -8.47252 -114.659 
     87 355.139 1056 2 1 31.3699 -8.76131 -144.45 
     87 62.1042 855 2 0 31.262 -9.00891 -145.85 
     87 34.9263 854 2 0 31.2447 -9.05 -146.081 
     87 415.066 1044 1 1 29.0128 -14.4066 -174.45 
     87 115.728 828 1 0 29.0695 -14.2944 -175.85 
     87 61.5866 1053 0 1 30.836 -12.9835 -204.45 
     87 52.8942 1054 0 1 30.85 -12.9677 -204.647 
     87 0.703181 835 0 0 30.9432 -12.8503 -205.85 
     87 107.389 836 0 0 30.9435 -12.85 -205.854 
     87 20.46 230 3 1 -133.95 20.4112 -114.616 
     87 148.784 1056 1 1 31.3708 -8.51985 -174.45 
     87 31.3172 1087 0 1 37.4948 -7.1205 -204.45 
     87 116.172 1086 0 1 37.45 -7.14271 -204.58 
     87 141.777 863 0 0 37.0265 -7.38115 -205.85 
     87 12.8632 862 0 0 36.9066 -7.45003 -206.206 
     87 10.4783 860 5 0 32.0656 -7.97695 -56.2287 
     87 135.446 1066 4 1 33.4482 -7.04858 -84.45 
     87 121.903 862 4 0 33.1427 -7.49256 -85.8503 
     87 191.412 1039 3 1 27.967 -16.738 -114.451 
     87 56.0777 813 3 0 27.6296 -17.3703 -115.85 
     87 58.5552 812 3 0 27.5864 -17.45 -116.033 
     87 72.4499 1002 2 1 20.5745 -29.3901 -144.45 
     87 54.4163 1001 2 1 20.45 -29.4902 -144.701 
     87 100.865 750 2 0 19.8878 -29.9499 -145.85 
     87 48.9789 749 2 0 19.7631 -30.0501 -146.105 
     87 105.362 934 1 1 7.02208 -41.8042 -174.45 
     87 62.974 933 1 1 6.84995 -41.9079 -174.682 
     87 60.7302 688 1 0 6.05451 -42.372 -175.85 
     87 107.647 687 1 0 5.91108 -42.4501 -176.066 
     87 12.2913 833 0 1 -13.4251 -52.8341 -204.45 
     87 199.877 832 0 1 -13.45 -52.842 -204.481 
     87 44.0493 831 0 1 -13.65 -52.9009 -204.729 
     87 147.51 634 0 0 -14.5742 -53.1659 -205.85 
     87 127.635 1057 4 1 31.5369 -8.49587 -84.4505 
     87 277.389 858 4 0 31.5312 -8.44875 -85.8503 
     87 127.504 1056 3 1 31.3362 -7.26359 -114.45 
     87 258.676 864 3 0 31.289 -7.15746 -115.85 
     87 123.191 1048 2 1 29.7815 -5.31683 -144.45 
     87 119.275 873 2 0 29.7026 -5.26442 -145.85 
     87 111.522 879 1 0 28.941 -4.1447 -175.85 
     87 91.2526 1045 0 1 29.1173 -2.72069 -204.45 
     87 42.0092 1044 0 1 29.05 -2.6379 -204.709 
     87 13.0934 888 0 0 28.7629 -2.26331 -205.85 
     87 121.061 889 0 0 28.7525 -2.25 -205.891 
     87 155.622 865 3 0 31.3373 -7.05 -116.07 
     87 114.303 1058 5 1 31.8034 -8.35639 -54.4503 
     87 125.716 858 5 0 31.781 -8.35312 -55.85 
     87 128.347 1054 4 1 30.9794 -8.33796 -84.45 
     87 198.568 859 4 0 30.9827 -8.18171 -85.8501 
     87 519.117 876 3 0 32.0062 -4.80869 -115.85 
     87 207.009 1057 2 1 31.4754 -2.38543 -144.45 
     87 115.243 889 2 0 31.4252 -2.22637 -145.85 
     87 112.876 1053 1 1 30.7635 2.34579 -174.45 
     87 111.314 913 1 0 30.6448 2.65719 -175.85 
     87 110.007 1040 0 1 28.2332 9.46615 -204.45 
     87 98.3924 949 0 0 28.1932 9.95112 -205.85 
     87 31.8362 950 0 0 28.1826 10.05 -206.132 
     87 48.1285 878 3 0 33.7712 -4.30211 -115.85 
     87 85.7688 879 3 0 33.8497 -4.25 -115.876 
     87 32.3095 880 3 0 34.0132 -4.05 -115.901 
     87 4.64947 1081 3 1 36.4329 -3.77823 -114.85 
     87 65.7968 1082 3 1 36.45 -3.77965 -114.842 
     87 198.081 885 3 0 37.5738 -2.97808 -115.85 
     87 194.91 884 3 0 37.5076 -3.05 -116.014 
     87 292.202 858 9 0 31.7571 -8.37411 64.15 
     87 152.155 1079 7 1 35.9475 -6.58741 5.55 
     87 125.25 868 7 0 35.9957 -6.43411 4.15 
     87 124.26 1082 6 1 36.4783 -2.71033 -24.45 
     87 56.4059 887 6 0 36.4417 -2.48546 -25.8503 
     87 57.1584 888 6 0 36.4365 -2.45 -26.0673 
     87 193.063 1081 5 1 36.3069 1.73488 -54.45 
     87 163.338 907 5 0 36.2157 1.57909 -55.85 
     87 70.0473 1071 4 1 34.2684 -1.07765 -84.45 
     87 55.884 1070 4 1 34.25 -1.10973 -84.7203 
     87 8.72288 894 4 0 34.1732 -1.24573 -85.85 
     87 107.926 893 4 0 34.1707 -1.25 -85.8858 
     87 32.6362 877 3 0 32.071 -4.62453 -115.85 
     87 111.233 1058 2 1 31.6624 -14.6425 -144.45 
     87 122.929 824 2 0 31.7531 -15.0505 -145.85 
     87 114.611 1066 1 1 33.3713 -24.5534 -174.45 
     87 94.3746 775 1 0 33.6138 -24.9976 -175.85 
     87 373.171 774 1 0 33.6463 -25.05 -176.044 
     87 35.8117 1088 0 1 37.8274 -32.0417 -204.45 
     87 99.4331 1089 0 1 37.85 -32.0761 -204.543 
     87 4.03585 737 0 0 38.229 -32.6444 -205.85 
     87 188.441 736 0 0 38.2327 -32.65 -205.863 
     87 116.174 773 1 0 33.6641 -25.25 -176.204 
     87 112.56 636 1 0 44.9802 -52.849 -176.25 
     87 70.5213 635 1 0 44.9819 -52.85 -176.248 
     87 108.33 857 9 0 31.7802 -8.45 63.9988 
     87 142.344 857 8 0 31.9845 -8.59052 34.15 
     87 71.5241 1098 7 1 39.683 -11.6816 5.55 
     87 89.029 1099 7 1 39.85 -11.8656 5.3573 
     87 10.8883 1100 7 1 40.0507 -12.0197 5.17613 
     87 20.336 838 7 0 41.057 -12.4187 4.14946 
     87 110.453 837 7 0 41.1215 -12.45 4.08811 
     87 53.8501 836 7 0 41.4725 -12.65 3.84749 
     87 150.598 726 7 0 84.7281 -34.7997 3.75014 
     87 251.512 1326 7 1 85.2741 -34.6777 5.15017 
     87 136.455 1327 7 1 85.45 -34.7782 5.51115 
     87 160.01 1328 7 1 85.65 -34.9771 5.50365 
     87 141.102 719 7 0 83.7818 -36.2101 4.14972 
     87 151.437 718 7 0 83.5874 -36.25 4.0448 
Number of digits in this event: 62
Using G4ParticleGun... 
Particle energy: 1.4019 LIN
Particle: e-
Event: 88
Number of tracker hits in this event: 33
     88 115.127 986 11 1 17.2773 -79.4827 125.55 
     88 163.85 502 11 0 17.2849 -79.4938 124.15 
     88 100.964 986 10 1 17.4369 -79.7554 95.55 
     88 147.65 501 10 0 17.4504 -79.7715 94.15 
     88 124.464 988 9 1 17.7147 -80.0862 65.55 
     88 236.02 499 9 0 17.7267 -80.1007 64.15 
     88 152.144 989 8 1 17.985 -80.3926 35.55 
     88 134.246 498 8 0 17.991 -80.3991 34.15 
     88 115.282 990 7 1 18.1029 -80.5212 5.55 
     88 219.315 497 7 0 18.1126 -80.5287 4.15 
     88 217.259 991 6 1 18.3052 -80.6855 -24.45 
     88 109.36 496 6 0 18.3201 -80.6885 -25.85 
     88 99.1373 992 5 1 18.6221 -80.7721 -54.45 
     88 101.64 496 5 0 18.6358 -80.7786 -55.85 
     88 145.824 994 4 1 18.9236 -80.8996 -84.45 
     88 92.0199 495 4 0 18.8997 -80.9335 -85.85 
     88 145.72 993 3 1 18.732 -81.9276 -114.45 
     88 126.411 490 3 0 18.8855 -82.0243 -115.85 
     88 5.54116 489 3 0 18.9238 -82.05 -116.22 
     88 297.012 1008 2 1 21.6628 -84.2859 -144.45 
     88 119.084 477 2 0 21.7355 -84.4965 -145.85 
     88 120.672 1014 1 1 22.9982 -88.4587 -174.45 
     88 178.616 456 1 0 23.1151 -88.6885 -175.85 
     88 175.981 1024 0 1 24.9229 -91.5235 -204.45 
     88 126.997 440 0 0 24.9743 -91.9673 -205.85 
     88 26.284 482 2 0 21.7834 -83.5121 -145.85 
     88 86.0886 483 2 0 21.8071 -83.45 -145.907 
     88 231.19 484 2 0 21.8166 -83.25 -145.886 
     88 144.353 485 2 0 21.9427 -83.05 -146.072 
     88 220.902 1003 0 1 20.656 -81.8553 -204.45 
     88 171.711 490 0 0 20.683 -81.8705 -205.85 
     88 103.246 491 0 0 20.6726 -81.8309 -205.85 
     88 142.953 497 8 0 17.9353 -80.45 34.0512 
Number of digits in this event: 23
Using G4ParticleGun... 
Particle energy: 1.62157 LIN
Particle: e-
Event: 89
Number of tracker hits in this event: 84
     89 108.942 944 10 1 9.01988 -87.7336 95.55 
     89 96.1324 461 10 0 9.025 -87.7292 94.15 
     89 123.315 945 9 1 9.11347 -87.6325 65.55 
     89 165.094 462 9 0 9.12307 -87.6284 64.15 
     89 135.358 946 8 1 9.3038 -87.519 35.55 
     89 105.996 462 8 0 9.3165 -87.514 34.15 
     89 100.528 947 7 1 9.56942 -87.4072 5.55 
     89 229.212 463 7 0 9.57492 -87.3984 4.15 
     89 117.751 948 6 1 9.75162 -87.2394 -24.45 
     89 102.445 464 6 0 9.75911 -87.2122 -25.85 
     89 112.939 949 5 1 9.90162 -86.611 -54.45 
     89 114.591 467 5 0 9.89443 -86.5859 -55.85 
     89 377.291 948 4 1 9.72008 -86.076 -84.45 
     89 59.7985 469 4 0 9.71141 -86.0533 -85.85 
     89 76.731 470 4 0 9.71002 -86.05 -86.0488 
     89 173.489 947 3 1 9.53748 -85.5919 -114.45 
     89 271.683 472 3 0 9.5317 -85.5775 -115.85 
     89 92.4514 946 2 1 9.41112 -85.2492 -144.45 
     89 120.996 474 2 0 9.40469 -85.2262 -145.85 
     89 149.744 946 1 1 9.27846 -84.7251 -174.45 
     89 133.187 476 1 0 9.28616 -84.7249 -175.85 
     89 105.231 946 0 1 9.40917 -84.7188 -204.45 
     89 253.255 476 0 0 9.41607 -84.6996 -205.85 
     89 33.1178 545 5 0 -69.7818 -71.05 -55.9995 
     89 59.483 596 3 0 -74.3498 -60.65 -116.068 
     89 118.975 945 1 1 9.25 -84.7251 -174.583 
     89 412.756 952 1 1 10.537 -86.7575 -174.45 
     89 204.698 466 1 0 10.5451 -86.7526 -175.85 
     89 135.418 953 0 1 10.6836 -86.6498 -204.45 
     89 132.41 467 0 0 10.706 -86.6365 -205.85 
     89 14.3184 541 1 1 -71.7866 -88.4207 -174.85 
     89 83.0049 540 1 1 -71.85 -88.4239 -174.461 
     89 136.576 945 0 1 9.12806 -84.9876 -204.45 
     89 226.261 475 0 0 9.27418 -84.9081 -205.85 
     89 137.659 461 8 0 9.78054 -87.7104 34.15 
     89 63.419 371 8 0 25.7388 -105.818 33.75 
     89 84.5925 370 8 0 25.8146 -105.95 33.9212 
     89 105.855 369 8 0 25.7389 -106.15 33.8688 
     89 30.5829 368 8 0 25.6491 -106.35 33.784 
     89 106.75 74 8 0 26.6415 -165.179 33.75 
     89 90.2143 73 8 0 26.677 -165.35 33.9511 
     89 66.818 1040 8 1 28.1144 -166.124 35.15 
     89 121.335 1041 8 1 28.25 -166.179 35.2891 
     89 94.8403 69 8 0 28.8647 -166.166 34.15 
     89 167.941 1046 8 1 29.3962 -166.414 35.15 
     89 75.3304 466 4 0 9.66337 -86.6965 -85.85 
     89 54.6654 467 4 0 9.64972 -86.65 -86.0408 
     89 40.5664 937 3 1 7.51467 -80.9641 -114.45 
     89 126.355 936 3 1 7.45 -80.896 -114.565 
     89 21.1278 499 3 0 6.67749 -80.0857 -115.85 
     89 117.903 500 3 0 6.64419 -80.0498 -115.904 
     89 28.0109 501 3 0 6.46755 -79.85 -116.179 
     89 163.606 848 2 1 -10.3952 -59.0681 -144.45 
     89 65.5048 605 2 0 -10.2761 -59.0382 -145.85 
     89 394.683 604 2 0 -10.2597 -59.05 -146.058 
     89 154.598 850 1 1 -9.96625 -62.0289 -174.45 
     89 253.926 588 1 0 -9.88667 -62.3396 -175.85 
     89 167.486 887 0 1 -2.62663 -68.7299 -204.45 
     89 46.5295 551 0 0 -2.24656 -69.7384 -205.85 
     89 79.6275 550 0 0 -2.20708 -69.85 -205.963 
     89 73.8495 549 0 0 -2.11492 -70.0503 -206.078 
     89 70.5431 548 0 0 -2.00811 -70.251 -206.083 
     89 62.56 547 0 0 -1.90458 -70.45 -206.078 
     89 77.4546 546 0 0 -1.82298 -70.651 -206.078 
     89 337.827 545 0 0 -1.76109 -70.85 -206.089 
     89 219.134 544 0 0 -1.63256 -71.0502 -206.091 
     89 114.41 543 0 0 -1.40298 -71.25 -206.087 
     89 174.047 542 0 0 -1.09282 -71.45 -206.124 
     89 37.3134 541 0 0 -0.69168 -71.65 -206.216 
     89 3.74198 360 0 0 24.0676 -108.147 -206.25 
     89 224.789 359 0 0 24.0607 -108.15 -206.247 
     89 169.252 358 0 0 23.5184 -108.35 -206.049 
     89 69.7573 1004 0 1 21.0192 -109.625 -204.85 
     89 68.9582 1003 0 1 20.85 -109.744 -204.79 
     89 147.54 1002 0 1 20.65 -109.912 -204.673 
     89 96.1603 465 4 0 9.8107 -86.9908 -85.85 
     89 32.7247 945 3 1 9.24647 -86.3574 -114.45 
     89 80.9067 946 3 1 9.25 -86.3617 -114.606 
     89 129.586 468 3 0 9.28483 -86.3896 -115.85 
     89 114.128 949 2 1 9.95216 -86.9474 -144.45 
     89 137.33 465 2 0 9.97834 -87.0146 -145.85 
     89 109.419 456 1 0 10.6204 -88.8196 -175.85 
     89 129.017 954 0 1 11.0069 -90.8066 -204.45 
     89 268.978 445 0 0 11.0738 -90.9542 -205.85 
Number of digits in this event: 39
Using G4ParticleGun... 
Particle energy: 7.33158 LIN
Particle: e-
Event: 90
Number of tracker hits in this event: 84
     90 118.839 637 8 1 -52.495 -133.554 35.55 
     90 97.6263 232 8 0 -52.4944 -133.554 34.15 
     90 128.902 637 7 1 -52.4829 -133.553 5.55 
     90 116.418 232 7 0 -52.4818 -133.552 4.15 
     90 113.534 637 6 1 -52.4626 -133.533 -24.45 
     90 89.7255 233 6 0 -52.4619 -133.532 -25.85 
     90 111.457 638 5 1 -52.449 -133.516 -54.45 
     90 130.56 233 5 0 -52.4492 -133.514 -55.85 
     90 126.337 637 4 1 -52.4511 -133.48 -84.45 
     90 100.693 233 4 0 -52.4504 -133.479 -85.85 
     90 125.975 638 3 1 -52.4352 -133.466 -114.45 
     90 157.647 233 3 0 -52.4339 -133.467 -115.85 
     90 438.08 638 2 1 -52.4085 -133.491 -144.45 
     90 293.972 233 2 0 -52.4087 -133.493 -145.85 
     90 171.903 638 1 1 -52.4191 -133.516 -174.45 
     90 117.992 233 1 0 -52.4192 -133.518 -175.85 
     90 213.743 638 0 1 -52.4168 -133.567 -204.45 
     90 386.664 232 0 0 -52.4159 -133.57 -205.85 
     90 54.6308 1385 5 0 15.9027 97.2317 -56.25 
     90 138.936 1384 5 0 15.9655 97.1499 -56.1398 
     90 120.111 1383 5 0 16.0961 96.95 -56.1804 
     90 105.781 637 0 1 -52.5179 -133.626 -204.45 
     90 208.779 636 0 1 -52.65 -133.68 -204.704 
     90 58.7647 231 0 0 -53.22 -133.911 -205.85 
     90 62.5293 230 0 0 -53.3125 -133.95 -206.047 
     90 19.3733 45 0 0 -83.5749 -171.084 -206.25 
     90 72.3714 44 0 0 -83.6206 -171.15 -206.212 
     90 64.9569 43 0 0 -83.7698 -171.35 -206.1 
     90 56.5435 42 0 0 -83.9023 -171.55 -206.003 
     90 72.8506 41 0 0 -84.0081 -171.751 -205.927 
     90 29.4296 40 0 0 -84.093 -171.95 -205.871 
     90 150.084 471 0 1 -85.7159 -176.168 -204.85 
     90 235.944 470 0 1 -85.85 -176.48 -204.776 
     90 178.839 469 0 1 -86.0501 -176.972 -204.653 
     90 594.27 468 0 1 -86.25 -177.382 -204.527 
     90 442.06 467 0 1 -86.4503 -177.708 -204.45 
     90 70.1891 472 0 1 -85.65 -179.614 -204.61 
     90 71.8542 473 0 1 -85.4498 -179.7 -204.553 
     90 100.484 474 0 1 -85.25 -179.799 -204.519 
     90 59.4067 475 0 1 -85.0499 -180.024 -204.655 
     90 133.53 231 2 0 -52.4949 -133.777 -145.85 
     90 115.298 628 1 1 -54.2709 -140.017 -174.45 
     90 41.9667 199 1 0 -54.3841 -140.314 -175.851 
     90 67.5065 198 1 0 -54.3956 -140.35 -176.021 
     90 133.078 619 0 1 -56.2102 -146.913 -204.45 
     90 95.4922 162 0 0 -56.3337 -147.633 -205.85 
     90 55.1413 161 0 0 -56.353 -147.75 -206.066 
     90 144.847 307 3 0 -153.009 -118.731 -116.25 
     90 208.828 631 1 1 -53.7478 -134.415 -174.45 
     90 327.119 228 1 0 -53.8505 -134.437 -175.85 
     90 110.852 621 0 1 -55.8316 -134.769 -204.45 
     90 138.673 226 0 0 -55.8816 -134.797 -205.85 
     90 11.5916 227 1 0 -53.8129 -134.55 -176.122 
     90 60.3684 229 1 0 -53.8865 -134.35 -176.15 
     90 181.662 221 1 0 -52.3725 -135.948 -176.25 
     90 243.757 637 1 1 -52.4673 -133.623 -174.45 
     90 119.402 232 1 0 -52.48 -133.616 -175.85 
     90 111.111 233 0 0 -52.7519 -133.428 -205.85 
     90 94.2712 234 1 0 -52.4074 -133.348 -175.85 
     90 41.3841 644 0 1 -51.177 -127.375 -204.45 
     90 56.4251 645 0 1 -51.05 -127.406 -204.5 
     90 57.1862 646 0 1 -50.85 -127.448 -204.569 
     90 47.6472 647 0 1 -50.65 -127.496 -204.633 
     90 76.7422 648 0 1 -50.45 -127.542 -204.705 
     90 54.0447 649 0 1 -50.25 -127.573 -204.775 
     90 20.2461 650 0 1 -50.05 -127.597 -204.837 
     90 600.864 260 0 0 -47.4226 -128.109 -205.85 
     90 647.29 259 0 0 -46.5894 -128.15 -206.129 
     90 162.986 261 0 0 -44.1644 -127.95 -206.068 
     90 15.3525 262 0 0 -43.7084 -127.75 -206.222 
     90 137.645 367 0 0 9.40602 -106.732 -206.25 
     90 80.7411 368 0 0 9.7459 -106.55 -205.97 
     90 100.121 952 0 1 10.5584 -105.412 -204.85 
     90 151.973 953 0 1 10.65 -105.217 -204.691 
     90 68.4376 954 0 1 10.8607 -104.704 -204.45 
     90 303.616 955 0 1 11.0508 -104.628 -204.597 
     90 3.93793 956 0 1 11.25 -104.585 -204.824 
     90 157.684 380 0 0 11.8899 -104.146 -205.85 
     90 22.1585 300 0 0 14.9348 -120.076 -206.25 
     90 254.392 299 0 0 14.9212 -120.15 -206.207 
     90 286.056 298 0 0 14.9534 -120.35 -206.063 
     90 244.453 322 0 0 25.4944 -115.559 -206.25 
     90 119.922 258 0 0 -44.7562 -128.35 -206.018 
     90 271.631 257 0 0 -44.7522 -128.55 -206.104 
Number of digits in this event: 39
Using G4ParticleGun... 
Particle energy: 9.16511 LIN
Particle: e-
Event: 91
Number of tracker hits in this event: 34
     91 127.666 1274 10 1 75.0138 81.6522 95.55 
     91 141.663 1308 10 0 75.0141 81.6514 94.15 
     91 113.046 1274 9 1 75.0187 81.6352 65.55 
     91 161.341 1307 9 0 75.0179 81.6342 64.15 
     91 104.034 1274 8 1 75.0052 81.6107 35.55 
     91 172.39 1307 8 0 75.0059 81.6106 34.15 
     91 116.619 1274 7 1 75.0236 81.6089 5.55 
     91 156.566 1307 7 0 75.0239 81.607 4.15 
     91 175.764 1274 6 1 75.029 81.5623 -24.45 
     91 125.117 1307 6 0 75.0271 81.5577 -25.85 
     91 121.136 1274 5 1 74.9998 81.4692 -54.45 
     91 111.816 1307 5 0 74.9962 81.4628 -55.85 
     91 100.927 1274 4 1 74.9219 81.3313 -84.45 
     91 186.558 1306 4 0 74.9208 81.323 -85.85 
     91 110.436 1274 3 1 74.8728 81.1771 -114.45 
     91 134.458 1305 3 0 74.8714 81.1681 -115.85 
     91 168.773 1273 2 1 74.8318 80.9837 -144.45 
     91 175.299 1304 2 0 74.8314 80.9772 -145.85 
     91 142.739 1273 1 1 74.812 80.8352 -174.45 
     91 193.594 1303 1 0 74.8185 80.831 -175.85 
     91 402.486 1274 0 1 74.9333 80.7719 -204.45 
     91 138.234 1303 0 0 74.9346 80.7743 -205.85 
     91 232.957 1275 6 1 75.0501 81.4792 -24.6174 
     91 276.475 1306 0 0 74.9545 81.3533 -205.85 
     91 125.668 1288 0 1 77.781 24.4356 -204.85 
     91 109.571 1289 0 1 77.85 24.2945 -204.775 
     91 80.7099 1661 11 0 -30.4385 152.372 123.75 
     91 94.1947 1660 11 0 -30.4625 152.35 123.904 
     91 116.696 1570 1 0 97.5054 134.246 -176.25 
     91 29.1143 579 11 0 37.9962 -64.1735 123.75 
     91 135.482 578 11 0 37.9472 -64.25 123.91 
     91 305.953 1087 11 1 37.5275 -64.7088 125.15 
     91 71.3846 1088 11 1 37.6501 -65.0463 125.526 
     91 75.9416 1086 11 1 37.4497 -64.8557 125.494 
Number of digits in this event: 23
Using G4ParticleGun... 
Particle energy: 1.97701 LIN
Particle: e-
Event: 92
Number of tracker hits in this event: 20
     92 129.412 241 8 1 -131.77 -52.0754 35.55 
     92 111.66 639 8 0 -131.767 -52.0723 34.15 
     92 119.413 242 7 1 -131.701 -52.0046 5.55 
     92 109.525 640 7 0 -131.698 -51.9993 4.15 
     92 117.453 242 6 1 -131.623 -51.8954 -24.45 
     92 109.279 640 6 0 -131.622 -51.8906 -25.85 
     92 113.97 242 5 1 -131.587 -51.7779 -54.45 
     92 113.736 641 5 0 -131.587 -51.7738 -55.85 
     92 106.207 242 4 1 -131.59 -51.6862 -84.45 
     92 125.643 641 4 0 -131.589 -51.6834 -85.85 
     92 120 242 3 1 -131.577 -51.6433 -114.45 
     92 195.108 642 3 0 -131.579 -51.641 -115.85 
     92 214.721 242 2 1 -131.628 -51.5973 -144.45 
     92 115.42 642 2 0 -131.637 -51.5959 -145.85 
     92 380.984 241 1 1 -131.822 -51.5689 -174.45 
     92 124.524 642 1 0 -131.828 -51.5664 -175.85 
     92 94.141 241 0 1 -131.943 -51.5168 -204.45 
     92 115.265 642 0 0 -131.951 -51.5131 -205.85 
     92 51.0779 340 0 1 -112.042 -69.0202 -204.85 
     92 18.148 240 1 1 -131.95 -51.4931 -174.535 
Number of digits in this event: 10
Using G4ParticleGun... 
Particle energy: 9.68869 LIN
Particle: e-
Event: 93
Number of tracker hits in this event: 42
     93 127.985 557 11 1 -68.4799 11.8046 125.55 
     93 167.27 958 11 0 -68.4788 11.8056 124.15 
     93 137.399 557 10 1 -68.453 11.8242 95.55 
     93 129.697 958 10 0 -68.4522 11.8246 94.15 
     93 135.462 558 9 1 -68.4357 11.8334 65.55 
     93 150.272 958 9 0 -68.4344 11.8336 64.15 
     93 187.461 558 8 1 -68.4079 11.8361 35.55 
     93 167.99 958 8 0 -68.4068 11.8355 34.15 
     93 118.032 558 7 1 -68.3823 11.8205 5.55 
     93 100.814 958 7 0 -68.381 11.8201 4.15 
     93 140.526 558 6 1 -68.3554 11.8108 -24.45 
     93 137.047 958 6 0 -68.3542 11.8102 -25.85 
     93 118.943 558 5 1 -68.3313 11.7956 -54.45 
     93 112.225 958 5 0 -68.3297 11.7952 -55.85 
     93 179.057 558 4 1 -68.2976 11.7849 -84.45 
     93 121.213 958 4 0 -68.2964 11.7845 -85.85 
     93 112.448 558 3 1 -68.2745 11.7777 -114.45 
     93 163.077 958 3 0 -68.2747 11.7769 -115.85 
     93 134.906 558 2 1 -68.2786 11.7588 -144.45 
     93 123.686 958 2 0 -68.2788 11.7581 -145.85 
     93 184.987 558 1 1 -68.2836 11.7451 -174.45 
     93 183.622 958 1 0 -68.2841 11.7447 -175.85 
     93 120.25 558 0 1 -68.2945 11.7323 -204.45 
     93 131.036 958 0 0 -68.2953 11.7313 -205.85 
     93 40.2355 575 9 0 -101.769 -64.9274 63.75 
     93 198.974 391 9 1 -101.899 -65.1077 65.15 
     93 23.701 662 10 0 -112.692 -47.4975 93.75 
     93 161.138 663 10 0 -112.724 -47.45 93.835 
     93 0.245459 664 10 0 -112.913 -47.2496 94.1495 
     93 5.60175 332 10 1 -113.738 -46.4924 95.15 
     93 101.819 331 10 1 -113.75 -46.4817 95.1633 
     93 224.073 330 10 1 -113.95 -46.2562 95.3961 
     93 284.859 329 10 1 -114.15 -46.162 95.5205 
     93 169.072 672 10 0 -113.118 -45.4577 94.15 
     93 88.4903 673 10 0 -113.108 -45.45 94.1359 
     93 115.253 511 0 1 -77.65 65.2865 -204.719 
     93 32.4192 945 6 1 9.05335 93.5976 -24.85 
     93 73.5523 959 1 0 -68.3269 11.85 -176.232 
     93 0.794233 802 1 0 -28.9576 -19.4507 -176.25 
     93 77.2084 803 1 0 -28.9575 -19.45 -176.249 
     93 43.0411 473 2 0 -97.0215 -85.25 -146.21 
     93 295.006 959 3 0 -68.31 11.8731 -115.85 
Number of digits in this event: 28
Using G4ParticleGun... 
Particle energy: 9.7286 LIN
Particle: e-
Event: 94
Number of tracker hits in this event: 139
     94 308.61 834 11 1 -13.1937 -7.5615 125.55 
     94 114.756 862 11 0 -13.193 -7.56165 124.15 
     94 165.376 834 10 1 -13.1806 -7.56489 95.55 
     94 114.073 862 10 0 -13.1809 -7.56541 94.15 
     94 115.994 834 9 1 -13.1848 -7.57852 65.55 
     94 104.96 862 9 0 -13.1847 -7.57986 64.15 
     94 385.982 834 8 1 -13.1829 -7.60654 35.55 
     94 360.038 862 8 0 -13.1833 -7.60831 34.15 
     94 271.87 834 7 1 -13.1938 -7.64675 5.55 
     94 247.756 862 7 0 -13.1948 -7.64879 4.15 
     94 111.389 834 6 1 -13.2101 -7.69347 -24.45 
     94 126.015 861 6 0 -13.2108 -7.69554 -25.85 
     94 116.952 834 5 1 -13.2249 -7.74218 -54.45 
     94 146.34 861 5 0 -13.2287 -7.74271 -55.85 
     94 108.64 833 4 1 -13.3064 -7.75195 -84.45 
     94 238.341 861 4 0 -13.3098 -7.75199 -85.85 
     94 141.395 833 3 1 -13.3788 -7.75242 -114.45 
     94 140.783 861 3 0 -13.3831 -7.75338 -115.85 
     94 120.086 832 2 1 -13.4749 -7.7679 -144.45 
     94 126.135 861 2 0 -13.4781 -7.76779 -145.85 
     94 116.313 832 1 1 -13.5423 -7.766 -174.45 
     94 112.37 861 1 0 -13.5464 -7.7668 -175.85 
     94 110.619 832 0 1 -13.6294 -7.77984 -204.45 
     94 145.679 861 0 0 -13.6332 -7.77856 -205.85 
     94 60.6086 550 0 0 -10.0908 -69.85 -206.11 
     94 8.92078 435 1 1 -92.95 -67.0942 -174.611 
     94 105.887 1076 0 0 -122.516 35.25 -206.051 
     94 63.9258 293 0 1 -121.441 36.0737 -204.85 
     94 113.423 1047 0 0 -61.541 29.6358 -206.25 
     94 18.5668 589 0 1 -62.2224 29.2055 -204.85 
     94 118.852 588 0 1 -62.25 29.1858 -204.792 
     94 140.023 586 0 1 -62.6534 28.9415 -204.45 
     94 8.58233 587 0 1 -62.65 28.6239 -204.825 
     94 22.0115 1039 0 0 -62.337 27.9108 -205.85 
     94 114.033 1038 0 0 -62.3221 27.85 -205.905 
     94 5.71797 136 0 1 -152.75 54.5352 -204.789 
     94 30.6761 337 9 0 -68.8479 -112.703 63.75 
     94 154.466 336 9 0 -68.8884 -112.75 63.809 
     94 134.781 219 2 1 -136.15 16.7692 -144.737 
     94 74.5712 289 5 0 -40.8283 -122.159 -56.25 
     94 84.7852 697 5 1 -40.6033 -121.35 -54.85 
     94 164.279 288 5 0 -40.1998 -122.366 -55.8507 
     94 27.6995 872 11 0 -13.2197 -5.53356 124.15 
     94 202.101 873 11 0 -13.217 -5.45 124.107 
     94 40.0453 874 11 0 -13.172 -5.25 124.057 
     94 60.1568 838 11 1 -12.3771 -4.56988 125.15 
     94 95.4185 839 11 1 -12.25 -4.43301 125.284 
     94 273.24 840 11 1 -12.05 -4.19916 125.416 
     94 54.1877 841 11 1 -11.8497 -3.9963 125.497 
     94 113.971 884 11 0 -11.2272 -3.21039 124.15 
     94 238.238 842 11 1 -11.5042 -3.60218 125.15 
     94 180.397 864 7 0 -13.0654 -7.13778 4.15 
     94 144.454 837 6 1 -12.5841 -6.58568 -24.45 
     94 151.806 867 6 0 -12.5775 -6.57268 -25.85 
     94 132.062 838 5 1 -12.3629 -6.19362 -54.45 
     94 108.308 869 5 0 -12.3497 -6.14715 -55.85 
     94 149.832 839 4 1 -12.1769 -5.2006 -84.45 
     94 121.265 874 4 0 -12.1703 -5.17039 -85.85 
     94 120.948 840 3 1 -12.0497 -4.74209 -114.45 
     94 157.62 876 3 0 -12.0289 -4.70553 -115.85 
     94 323.657 842 2 1 -11.548 -3.8627 -144.45 
     94 194.034 881 2 0 -11.5349 -3.81517 -145.85 
     94 333.575 843 1 1 -11.2876 -2.96533 -174.45 
     94 146.377 885 1 0 -11.263 -2.93558 -175.85 
     94 139.125 845 0 1 -10.8985 -2.28686 -204.45 
     94 114.427 888 0 0 -10.887 -2.25369 -205.85 
     94 125.178 889 0 0 -10.8857 -2.25 -205.997 
     94 164.543 844 1 1 -11.2499 -2.8024 -174.572 
     94 66.3759 1647 0 0 -22.9006 149.675 -206.25 
     94 65.3532 841 2 1 -11.6974 -4.5824 -144.45 
     94 303.987 875 2 0 -11.1976 -4.91673 -145.85 
     94 142.322 884 1 1 -3.09561 -15.0155 -174.45 
     94 78.4226 823 1 0 -3.43786 -15.342 -175.85 
     94 26.951 822 1 0 -3.52638 -15.4503 -176.149 
     94 106.335 541 1 0 6.8451 -71.6829 -176.25 
     94 243.713 540 1 0 7.03402 -71.85 -176.134 
     94 214.674 539 1 0 7.07564 -72.05 -175.983 
     94 122.479 824 1 0 -10.372 -15.2353 -176.25 
     94 36.1732 825 1 0 -10.3599 -15.05 -175.94 
     94 37.9009 853 1 1 -9.35976 -13.579 -174.85 
     94 57.1126 854 1 1 -9.25 -13.453 -174.787 
     94 32.6078 855 1 1 -9.04997 -13.2851 -174.824 
     94 9.85017 884 1 0 6.35674 -3.06748 -175.85 
     94 39.8928 949 1 1 9.98121 1.02868 -174.85 
     94 79.6914 950 1 1 10.05 1.09518 -174.837 
     94 88.2276 951 1 1 10.25 1.27193 -174.79 
     94 50.7952 952 1 1 10.4501 1.22887 -174.768 
     94 85.0545 953 1 1 10.6507 1.1999 -174.761 
     94 86.2774 954 1 1 10.85 1.08042 -174.743 
     94 352.003 955 1 1 11.0502 0.954612 -174.588 
     94 158.052 956 1 1 11.25 1.42362 -174.501 
     94 173.711 957 1 1 11.45 1.52881 -174.535 
     94 84.2715 882 2 0 -10.3604 -3.64988 -146.043 
     94 349.124 981 1 1 16.3946 23.609 -174.45 
     94 264.824 980 1 1 16.25 23.5793 -174.716 
     94 104.466 861 8 0 -13.1783 -7.65007 34.0014 
     94 382.945 827 7 1 -14.5005 -9.46609 5.55 
     94 98.6565 852 7 0 -14.3076 -9.51833 4.14971 
     94 102.435 849 6 1 -10.195 -10.1644 -24.45 
     94 105.204 849 6 0 -9.82113 -10.2017 -25.85 
     94 201.201 881 5 1 -3.81578 -11.7171 -54.4505 
     94 105.502 843 5 0 -3.37036 -11.3317 -55.85 
     94 54.4845 844 5 0 -3.28194 -11.25 -56.128 
     94 3.3024 917 4 1 3.64191 -1.38742 -84.4503 
     94 97.5771 918 4 1 3.65 -1.3771 -84.4561 
     94 114.674 919 4 1 3.8501 -1.10965 -84.5993 
     94 104.163 920 4 1 4.05007 -0.824513 -84.7339 
     94 23.5717 910 4 0 5.95384 2.17124 -85.8501 
     94 68.4699 911 4 0 5.99723 2.25 -85.8739 
     94 60.696 912 4 0 6.10106 2.45 -85.9389 
     94 87.8131 913 4 0 6.20887 2.65015 -86.0043 
     94 74.4287 914 4 0 6.32052 2.85 -86.0751 
     94 91.389 915 4 0 6.43643 3.05 -86.155 
     94 26.5111 916 4 0 6.5521 3.25 -86.2253 
     94 3.04683 1553 4 0 82.3943 130.944 -86.2497 
     94 87.8883 1554 4 0 82.3986 130.95 -86.2456 
     94 100.208 1555 4 0 82.5716 131.15 -86.0735 
     94 21.1247 1556 4 0 82.7375 131.351 -85.893 
     94 17.8251 1319 4 1 84.0201 132.745 -84.85 
     94 175.032 1320 4 1 84.05 132.777 -84.8252 
     94 204.491 1321 4 1 84.25 133.001 -84.6544 
     94 1.40488 1322 4 1 84.45 133.301 -84.4546 
     94 137.116 1567 4 0 83.4126 133.618 -85.85 
     94 22.67 1262 3 1 72.4938 132.823 -114.45 
     94 86.3502 1261 3 1 72.4499 132.881 -114.516 
     94 44.1719 1260 3 1 72.25 133.074 -114.721 
     94 171.109 1569 3 0 71.1768 133.965 -115.85 
     94 70.4177 1570 3 0 71.0429 134.15 -116.077 
     94 188.956 1263 3 1 72.6766 132.938 -114.45 
     94 25.5827 1264 3 1 72.85 132.697 -114.784 
     94 259.456 1558 3 0 73.8753 131.925 -115.85 
     94 79.3626 1559 3 0 74.4984 131.95 -116.04 
     94 61.9752 1560 3 0 74.5633 132.15 -115.94 
     94 15.5376 1561 3 0 74.6054 132.35 -115.88 
     94 502.492 1277 3 1 75.4574 133.007 -114.85 
     94 131.802 826 7 1 -14.65 -9.21263 5.29152 
     94 69.974 861 7 0 -15.2712 -7.82044 4.15 
     94 27.793 863 7 0 -15.34 -7.45 3.79033 
     94 11.7747 825 7 1 -14.85 -9.07315 5.20135 
Number of digits in this event: 58
Using G4ParticleGun... 
Particle energy: 6.07784 LIN
Particle: e-
Event: 95
Number of tracker hits in this event: 59
     95 133.988 955 8 0 145.453 11.142 34.15 
     95 129.155 1626 7 1 145.454 11.1391 5.55 
     95 138.996 955 7 0 145.455 11.1398 4.15 
     95 117.982 1626 6 1 145.489 11.1543 -24.45 
     95 106.235 955 6 0 145.492 11.1546 -25.85 
     95 144.462 1626 5 1 145.537 11.1607 -54.45 
     95 176.33 955 5 0 145.541 11.1613 -55.85 
     95 94.9334 1627 4 1 145.631 11.1804 -84.45 
     95 149.793 955 4 0 145.636 11.181 -85.85 
     95 117.773 1627 3 1 145.723 11.1923 -114.45 
     95 174.687 955 3 0 145.727 11.1923 -115.85 
     95 535.237 1628 2 1 145.806 11.1969 -144.45 
     95 323.706 955 2 0 145.811 11.1975 -145.85 
     95 125.193 1628 1 1 145.922 11.207 -174.45 
     95 109.495 955 1 0 145.928 11.2067 -175.85 
     95 98.7151 1629 0 1 146.046 11.2025 -204.45 
     95 116.061 955 0 0 146.052 11.1859 -205.85 
     95 175.593 1635 1 1 147.159 19.5097 -174.85 
     95 114.596 946 2 0 133.522 9.25834 -146.25 
     95 280.941 947 2 0 133.59 9.45 -146.132 
     95 71.874 949 2 0 145.834 9.9957 -145.85 
     95 85.8317 948 2 0 145.845 9.84966 -146.035 
     95 220.549 1617 1 1 143.671 -16.2771 -174.45 
     95 83.5053 807 1 0 143.502 -18.4573 -175.85 
     95 54.8612 806 1 0 143.47 -18.65 -175.96 
     95 63.5411 805 1 0 143.462 -18.8503 -176.048 
     95 89.7697 804 1 0 143.472 -19.0501 -176.134 
     95 3.55689 803 1 0 143.489 -19.25 -176.244 
     95 73.4316 449 1 0 105.146 -90.2226 -176.25 
     95 107.544 448 1 0 104.951 -90.35 -176.106 
     95 11.5878 447 1 0 104.721 -90.55 -175.876 
     95 14.2412 1417 1 1 103.585 -91.33 -174.85 
     95 87.3973 1416 1 1 103.55 -91.3604 -174.818 
     95 84.8672 1415 1 1 103.35 -91.5382 -174.691 
     95 67.3016 1414 1 1 103.15 -91.7544 -174.588 
     95 68.7515 1413 1 1 102.95 -91.9522 -174.534 
     95 17.8503 1412 1 1 102.75 -92.1241 -174.46 
     95 150.825 1411 1 1 102.55 -92.3535 -174.455 
     95 102.083 436 1 0 101.556 -92.9308 -175.85 
     95 90.5687 435 1 0 101.484 -92.9501 -175.918 
     95 60.3446 274 1 0 30.0477 -125.308 -176.25 
     95 143.865 273 1 0 29.977 -125.35 -176.226 
     95 95.8614 272 1 0 29.7578 -125.55 -176.05 
     95 26.3456 271 1 0 29.8712 -125.75 -175.908 
     95 39.2373 1054 1 1 30.9474 -126.369 -174.85 
     95 64.9284 1055 1 1 31.0502 -126.437 -174.804 
     95 298.389 1056 1 1 31.25 -126.467 -174.781 
     95 68.8579 1627 2 1 145.75 11.2974 -144.508 
     95 77.5707 1626 2 1 145.55 11.3788 -144.654 
     95 9.41809 1625 2 1 145.35 11.4204 -144.823 
     95 14.3217 958 2 0 144.238 11.833 -145.85 
     95 265.627 959 2 0 144.19 11.85 -145.895 
     95 38.8284 796 2 0 96.1377 -20.7328 -146.25 
     95 67.8308 795 2 0 96.0446 -20.85 -146.187 
     95 58.9438 794 2 0 95.8714 -21.0502 -146.02 
     95 97.2693 793 2 0 95.7212 -21.25 -145.988 
     95 17.7196 792 2 0 95.5601 -21.45 -145.893 
     95 302.848 1370 2 1 94.3473 -22.4204 -144.85 
     95 129.312 1369 2 1 94.15 -22.4991 -144.828 
Number of digits in this event: 22
Using G4ParticleGun... 
Particle energy: 6.22176 LIN
Particle: e-
Event: 96
Number of tracker hits in this event: 95
     96 110.512 454 9 1 -89.062 -95.9747 65.55 
     96 188.909 420 9 0 -89.0627 -95.9747 64.15 
     96 125.269 454 8 1 -89.0773 -95.9753 35.55 
     96 119.935 420 8 0 -89.076 -95.9767 34.15 
     96 118.136 454 7 1 -89.0554 -96.0015 5.55 
     96 100.32 420 7 0 -89.0535 -96.0026 4.15 
     96 129.855 455 6 1 -89.0155 -96.0261 -24.45 
     96 166.621 420 6 0 -89.0127 -96.026 -25.85 
     96 380.339 455 5 1 -88.9521 -96.0225 -54.45 
     96 543 420 5 0 -88.9508 -96.0228 -55.85 
     96 246.797 455 4 1 -88.9129 -96.039 -84.45 
     96 228.21 420 4 0 -88.9095 -96.0395 -85.85 
     96 137.797 456 3 1 -88.829 -96.0414 -114.45 
     96 254.563 420 3 0 -88.8272 -96.0425 -115.85 
     96 175.984 456 2 1 -88.7866 -96.0769 -144.45 
     96 249.979 420 2 0 -88.7854 -96.079 -145.85 
     96 337.205 456 1 1 -88.7628 -96.1183 -174.45 
     96 225.889 420 1 0 -88.7631 -96.1233 -175.85 
     96 123.309 456 0 1 -88.7529 -96.2159 -204.45 
     96 515.543 419 0 0 -88.7489 -96.2203 -205.85 
     96 111.347 370 0 0 -76.8362 -106.087 -206.25 
     96 126.268 369 0 0 -76.8238 -106.15 -206.078 
     96 82.4302 811 0 1 -17.85 -87.2614 -204.638 
     96 193.755 482 3 1 -83.6311 -133.428 -114.85 
     96 19.433 269 1 1 -126.282 -39.4992 -174.45 
     96 108.169 419 4 0 -89.0054 -96.2057 -85.85 
     96 126.246 454 3 1 -89.1172 -96.31 -114.45 
     96 172.095 419 3 0 -89.1157 -96.3083 -115.85 
     96 105.433 454 2 1 -89.1065 -96.267 -144.45 
     96 185.938 419 2 0 -89.103 -96.2594 -145.85 
     96 145.936 455 1 1 -88.9985 -96.111 -174.45 
     96 160.763 455 0 1 -88.979 -96.0913 -204.45 
     96 433.711 420 0 0 -88.9684 -96.0969 -205.85 
     96 11.4636 247 4 0 47.1559 -130.668 -86.25 
     96 112.697 454 1 1 -89.1677 -96.1749 -174.45 
     96 181.62 419 1 0 -89.2133 -96.1755 -175.85 
     96 59.483 1278 9 0 -147.755 75.85 63.8533 
     96 43.8046 457 1 1 -88.65 -95.9276 -174.722 
     96 5.84538 423 1 0 -87.7536 -95.3606 -175.85 
     96 157.29 424 1 0 -87.7366 -95.3499 -175.872 
     96 212.261 488 1 0 -68.7255 -82.3034 -176.25 
     96 45.5463 556 1 1 -68.8423 -82.6115 -174.85 
     96 111.192 555 1 1 -68.85 -82.6324 -174.762 
     96 46.9139 445 2 0 -85.2908 -91.1127 -146.249 
     96 122.684 444 2 0 -85.3505 -91.1502 -146.136 
     96 185.232 471 2 1 -85.6642 -91.9393 -144.85 
     96 30.9049 556 3 0 -49.2647 -68.711 -116.25 
     96 106.355 557 3 0 -49.1707 -68.65 -116.189 
     96 95.6515 558 3 0 -48.9476 -68.45 -116.027 
     96 81.0062 662 3 1 -47.5892 -67.3028 -114.85 
     96 92.6824 663 3 1 -47.45 -67.149 -114.727 
     96 144.032 664 3 1 -47.2499 -66.8991 -114.593 
     96 98.1845 665 3 1 -47.05 -66.6131 -114.488 
     96 121.253 666 3 1 -46.8495 -66.268 -114.476 
     96 95.1488 667 3 1 -46.65 -66.0688 -114.595 
     96 109.325 668 3 1 -46.4496 -65.8877 -114.711 
     96 48.5789 669 3 1 -46.25 -65.6821 -114.81 
     96 11.4299 607 3 0 -39.905 -58.485 -115.85 
     96 79.1462 608 3 0 -39.8736 -58.45 -115.856 
     96 488.19 763 3 1 -27.4088 -51.2082 -114.85 
     96 206.013 764 3 1 -27.25 -51.073 -114.812 
     96 37.8176 765 3 1 -27.05 -50.8834 -114.565 
     96 137.276 309 3 0 -97.7606 -118.238 -116.25 
     96 145.965 308 3 0 -97.8644 -118.35 -116.125 
     96 50.4334 402 3 1 -99.6524 -119.362 -114.85 
     96 110.034 401 3 1 -99.75 -119.411 -114.769 
     96 59.0046 400 3 1 -99.9501 -119.469 -114.556 
     96 54.343 399 3 1 -100.15 -119.516 -114.457 
     96 13.337 398 3 1 -100.35 -119.542 -114.473 
     96 149.003 174 3 0 -136.187 -145.157 -116.25 
     96 124.747 456 4 1 -88.8381 -96.1327 -84.45 
     96 114.586 457 3 1 -88.6452 -96.0766 -114.45 
     96 113.315 457 2 1 -88.6266 -95.9804 -144.45 
     96 114.954 421 1 0 -88.8165 -95.9105 -175.85 
     96 236.634 453 0 1 -89.3602 -96.2685 -204.45 
     96 173.561 452 0 1 -89.45 -96.3214 -204.538 
     96 53.8326 451 0 1 -89.65 -96.3652 -204.666 
     96 161.304 413 0 0 -90.633 -97.4322 -205.85 
     96 29.5941 1746 11 0 160.675 169.494 123.75 
     96 62.1305 1747 11 0 160.699 169.55 123.841 
     96 214.316 1748 11 0 160.702 169.75 123.994 
     96 36.5058 1712 11 1 162.653 169.588 125.15 
     96 77.0811 1713 11 1 162.75 169.602 125.189 
     96 82.4027 1714 11 1 162.95 169.604 125.245 
     96 105.964 1715 11 1 163.15 169.61 125.42 
     96 244.081 1716 11 1 163.35 169.757 125.48 
     96 239.669 457 0 1 -88.6066 -95.9508 -204.45 
     96 385.564 421 0 0 -88.6266 -95.9479 -205.85 
     96 73.8926 422 0 0 -88.4727 -95.75 -206.018 
     96 290.968 458 0 1 -88.2747 -96.3703 -204.45 
     96 71.9568 418 0 0 -88.1708 -96.529 -205.85 
     96 59.3103 417 0 0 -88.1544 -96.55 -206.043 
     96 221.128 454 0 1 -89.2276 -95.9753 -204.45 
     96 19.0549 341 0 0 -87.8248 -111.761 -206.25 
     96 57.9375 342 0 0 -87.8149 -111.75 -206.237 
Number of digits in this event: 48
Using G4ParticleGun... 
Particle energy: 9.24091 LIN
Particle: e-
Event: 97
Number of tracker hits in this event: 202
     97 140.911 1091 11 1 38.4117 33.3394 125.55 
     97 131.644 1066 11 0 38.4117 33.3392 124.15 
     97 107.305 1091 10 1 38.4171 33.3379 95.55 
     97 346.934 1066 10 0 38.4172 33.3376 94.15 
     97 319.895 1091 9 1 38.417 33.3238 65.55 
     97 499.372 1066 9 0 38.4168 33.3248 64.15 
     97 232.307 1091 8 1 38.4095 33.3483 35.55 
     97 126.081 1066 8 0 38.4072 33.349 34.15 
     97 249.018 1091 7 1 38.3545 33.3643 5.55 
     97 94.0306 1066 7 0 38.3531 33.3646 4.15 
     97 113.843 1091 6 1 38.3201 33.3703 -24.45 
     97 288.89 1066 6 0 38.3203 33.3713 -25.85 
     97 546.964 1091 5 1 38.322 33.3925 -54.45 
     97 595.11 1066 5 0 38.3222 33.3928 -55.85 
     97 574.229 1091 4 1 38.3233 33.4029 -84.45 
     97 263.311 1066 4 0 38.335 33.4199 -85.85 
     97 255.108 1092 3 1 38.5949 33.7974 -114.45 
     97 127.724 1068 3 0 38.6028 33.8319 -115.85 
     97 216.353 1093 2 1 38.7459 34.5817 -144.45 
     97 114.062 1072 2 0 38.7412 34.6023 -145.85 
     97 231.715 1092 1 1 38.5332 35.0964 -174.45 
     97 98.8801 1075 1 0 38.4318 35.206 -175.85 
     97 122.115 1081 0 1 36.3905 37.3721 -204.45 
     97 156.266 1087 0 0 36.3149 37.5062 -205.85 
     97 126.17 1723 4 0 50.9897 164.75 -86.0864 
     97 95.9819 1090 6 1 38.2127 33.3378 -24.4501 
     97 35.3584 1089 6 1 38.05 33.3556 -24.7293 
     97 160.728 989 6 0 -15.8834 18.0015 -26.2499 
     97 31.5846 988 6 0 -16.2972 17.8498 -25.9334 
     97 23.3121 813 6 1 -17.3789 17.44 -24.85 
     97 72.8071 812 6 1 -17.4501 17.4133 -24.7844 
     97 48.1338 811 6 1 -17.65 17.3282 -24.5916 
     97 234.54 955 7 0 -71.3542 11.1977 3.75 
     97 2.38758 533 7 1 -73.4372 11.2538 5.15 
     97 90.2167 532 7 1 -73.45 11.2546 5.1591 
     97 77.0569 531 7 1 -73.65 11.2706 5.29769 
     97 56.0625 530 7 1 -73.8507 11.2854 5.43094 
     97 76.9645 525 7 1 -75.0458 12.3745 5.55 
     97 84.3044 526 7 1 -74.85 12.283 5.34175 
     97 97.5615 958 7 0 -73.759 11.8251 4.14994 
     97 62.9994 957 7 0 -73.4907 11.65 3.86908 
     97 23.8077 744 6 1 -31.1881 -19.9126 -24.45 
     97 113.634 743 6 1 -31.25 -19.8641 -24.5083 
     97 62.7103 804 6 0 -31.4148 -19.1773 -25.85 
     97 111.095 805 6 0 -31.4495 -19.05 -26.0304 
     97 35.8667 806 6 0 -31.4997 -18.8493 -26.1867 
     97 74.8523 530 8 1 -73.9209 -0.0905854 35.15 
     97 255.039 1090 5 1 38.2499 33.4 -54.472 
     97 126.588 1072 5 0 37.6542 34.5331 -55.8501 
     97 177.956 1073 5 0 37.5851 34.65 -55.9575 
     97 104.413 1074 5 0 37.455 34.8501 -56.0702 
     97 56.5139 1075 5 0 37.2641 35.051 -56.1656 
     97 63.7323 829 4 1 -14.05 52.3786 -84.6013 
     97 25.0814 590 8 1 -62.018 81.9668 35.15 
     97 331.583 1092 5 1 38.4619 33.2342 -54.45 
     97 76.993 1060 5 0 37.5465 32.2379 -55.85 
     97 116.843 1059 5 0 37.4957 32.05 -56.0511 
     97 23.0221 697 5 0 5.57728 -40.584 -56.25 
     97 96.9722 696 5 0 5.52877 -40.65 -56.2298 
     97 272.679 1090 3 1 38.1871 33.3697 -114.45 
     97 349.472 1066 3 0 38.1983 33.3688 -115.85 
     97 356.437 1091 2 1 38.4227 33.3926 -144.45 
     97 310.596 1066 2 0 38.421 33.3976 -145.85 
     97 143.043 1091 1 1 38.3901 33.4919 -174.45 
     97 99.039 1067 1 0 38.3683 33.4779 -175.85 
     97 879.983 1089 0 1 37.956 33.289 -204.45 
     97 104.434 1066 0 0 37.9597 33.2873 -205.85 
     97 429.173 1089 2 1 37.9134 33.2121 -144.45 
     97 317.321 1065 2 0 37.9165 33.184 -145.85 
     97 242.246 1090 1 1 38.084 32.5328 -174.45 
     97 164.768 1062 1 0 38.0635 32.5378 -175.85 
     97 249.441 1088 0 1 37.6912 32.3837 -204.45 
     97 128.518 1061 0 0 37.6516 32.4266 -205.85 
     97 108.86 1089 5 1 38.05 33.3546 -54.6039 
     97 38.0089 1088 5 1 37.8498 33.4885 -54.7806 
     97 24.666 1071 5 0 36.4654 34.4077 -55.85 
     97 143.118 1090 2 1 38.0892 33.3417 -144.45 
     97 69.4675 1088 2 1 37.8498 33.1483 -144.651 
     97 1.55923 1087 2 1 37.65 33.1265 -144.844 
     97 226.124 1064 2 0 36.6776 32.9198 -145.85 
     97 185.289 1063 2 0 38.1497 32.85 -146.043 
     97 130.24 1096 1 1 39.367 23.0612 -174.45 
     97 136.873 1013 1 0 39.3315 22.8495 -175.85 
     97 427.078 1090 0 1 38.091 19.4059 -204.45 
     97 115.204 996 0 0 38.2134 19.4371 -205.851 
     97 112.292 1068 4 0 38.36 33.786 -85.85 
     97 155.461 1087 3 1 37.6069 33.2855 -114.45 
     97 521.38 1085 2 1 37.2116 32.7402 -144.45 
     97 166.298 1085 1 1 37.2167 32.8802 -174.45 
     97 123.588 1064 1 0 37.2507 32.9328 -175.85 
     97 298.067 1070 0 0 37.8996 34.0733 -205.85 
     97 127.261 1067 4 0 38.3033 33.6376 -85.85 
     97 110.834 1091 3 1 38.4128 34.3038 -114.45 
     97 111.601 1071 3 0 38.4249 34.3421 -115.85 
     97 125.352 1075 2 0 38.7013 35.0944 -145.85 
     97 212.916 1093 1 1 38.7756 35.9696 -174.45 
     97 132.656 1079 1 0 38.7826 36.0221 -175.85 
     97 109.232 1094 0 1 38.8651 37.1108 -204.45 
     97 463.252 1085 0 0 38.8675 37.1479 -205.85 
     97 145.899 1067 7 0 38.6352 33.5371 4.14964 
     97 134.453 1131 6 1 46.4453 41.242 -24.45 
     97 103.928 1102 6 0 46.3514 40.5487 -25.85 
     97 96.9511 1101 6 0 46.3646 40.45 -26.0597 
     97 170.21 1132 6 1 46.509 41.054 -24.45 
     97 92.7634 1133 6 1 46.65 40.8684 -24.5678 
     97 164.835 1067 8 0 38.2945 33.4988 34.15 
     97 125.99 1089 7 1 37.9006 33.2488 5.55 
     97 281.611 1065 7 0 37.8844 33.2261 4.15 
     97 450.342 1087 6 1 37.5452 32.8023 -24.45 
     97 441.845 1063 6 0 37.5147 32.7867 -25.85 
     97 140.291 1084 5 1 36.9956 32.5102 -54.45 
     97 124.131 1062 5 0 36.9756 32.4772 -55.85 
     97 110.821 1083 4 1 36.6604 31.6456 -84.45 
     97 107.929 1058 4 0 36.666 31.6612 -85.85 
     97 118.287 1083 3 1 36.8395 31.84 -114.45 
     97 188.113 1058 3 0 36.7345 31.7425 -115.85 
     97 134.996 1073 2 1 34.8117 29.717 -144.45 
     97 106.766 1047 2 0 34.6922 29.575 -145.85 
     97 278.088 1060 1 1 32.1891 26.7149 -174.45 
     97 34.459 1061 1 1 32.25 26.6671 -174.724 
     97 31.4165 1032 1 0 32.4963 26.4643 -175.85 
     97 84.2568 1031 1 0 32.5136 26.45 -175.929 
     97 167.366 1092 0 1 38.5672 21.2178 -204.451 
     97 101.834 1004 0 0 38.8531 20.9439 -205.85 
     97 508.44 1093 0 1 38.65 21.2556 -204.53 
     97 103.339 1083 5 1 36.8174 32.3758 -54.45 
     97 136.641 1061 5 0 36.7967 32.3018 -55.85 
     97 131.998 1079 4 1 35.9882 30.4607 -84.45 
     97 100.161 1051 4 0 35.9036 30.2952 -85.85 
     97 2.71513 1050 4 0 35.8779 30.25 -86.2324 
     97 204.13 1070 3 1 34.1045 26.7834 -114.45 
     97 31.5473 1069 3 1 34.05 26.6876 -114.74 
     97 39.8914 1031 3 0 33.843 26.2933 -115.85 
     97 75.3997 1030 3 0 33.8195 26.2499 -115.974 
     97 139.269 1038 2 1 27.8484 13.7378 -144.45 
     97 23.3538 965 2 0 27.4729 13.0818 -145.85 
     97 106.988 964 2 0 27.4551 13.05 -145.918 
     97 113.206 1004 1 1 20.9902 0.90376 -174.45 
     97 25.9195 1003 1 1 20.85 0.791566 -174.774 
     97 99.732 901 1 0 20.3499 0.374517 -175.85 
     97 31.5731 900 1 0 20.2093 0.249895 -176.148 
     97 100.626 934 0 1 7.01371 -12.5687 -204.45 
     97 81.117 933 0 1 6.84965 -12.6874 -204.665 
     97 95.6268 833 0 0 5.88969 -13.3282 -205.85 
     97 90.0118 832 0 0 5.67831 -13.45 -206.069 
     97 154.21 985 6 0 92.1144 17.1481 -26.25 
     97 89.5728 984 6 0 92.5281 17.05 -25.975 
     97 58.091 1381 6 1 96.3726 15.4079 -24.85 
     97 76.1996 1382 6 1 96.55 15.3422 -24.8458 
     97 6.62562 1383 6 1 96.7506 15.2386 -24.8403 
     97 169.933 971 6 0 97.7089 14.341 -25.85 
     97 113.642 970 6 0 97.7828 14.25 -25.9968 
     97 16.6781 756 7 0 23.6528 -28.8041 3.75 
     97 79.2225 755 7 0 23.6327 -28.85 3.77836 
     97 425.693 754 7 0 23.4507 -29.05 3.89354 
     97 110.315 753 7 0 23.1323 -29.2504 3.89137 
     97 99.7518 470 8 0 29.9797 -85.9681 33.75 
     97 72.7942 469 8 0 30.0183 -86.05 33.8007 
     97 130.21 1073 8 1 34.6833 35.7565 35.5494 
     97 134.716 1075 8 0 34.3572 35.1067 34.15 
     97 93.483 973 8 0 23.777 14.7707 33.75 
     97 75.4501 972 8 0 23.7182 14.65 33.9067 
     97 221.777 971 8 0 23.6865 14.45 33.9011 
     97 123.476 970 8 0 23.5772 14.2499 33.9315 
     97 195.601 742 10 0 139 -31.4912 93.75 
     97 105.502 1092 4 1 38.4992 33.3846 -84.45 
     97 144.732 1067 3 0 38.511 33.5104 -115.85 
     97 111.06 1092 2 1 38.5737 33.6283 -144.45 
     97 152.267 1067 2 0 38.5784 33.6346 -145.85 
     97 118.339 1068 1 0 38.6678 33.7692 -175.85 
     97 119.618 1069 0 0 38.7563 33.8707 -205.85 
     97 67.4974 588 5 1 -62.251 55.2354 -54.45 
     97 77.521 587 5 1 -62.45 55.2431 -54.6 
     97 201.876 586 5 1 -62.65 55.3116 -54.6349 
     97 327.165 1178 5 0 -62.5032 55.7236 -55.85 
     97 26.8572 936 0 0 42.7117 7.45 -206.106 
     97 192.28 1060 10 0 139.619 32.2451 93.7504 
     97 58.5418 1061 10 0 139.59 32.25 93.783 
     97 269.08 1059 10 0 139.217 32.05 93.9634 
     97 134.825 1090 4 1 38.0761 33.1827 -84.45 
     97 173.369 1065 4 0 38.0408 33.1702 -85.85 
     97 141.854 1086 3 1 37.3859 32.8995 -114.45 
     97 158.629 1064 3 0 37.3737 32.8627 -115.85 
     97 152.117 1059 2 0 37.043 31.9757 -145.85 
     97 107.888 1083 1 1 36.7913 31.2477 -174.45 
     97 129.338 1055 1 0 36.8295 31.2306 -175.85 
     97 135.074 1087 0 1 37.6043 30.8585 -204.45 
     97 305.651 1053 0 0 37.6133 30.8231 -205.85 
     97 63.0674 888 5 0 -3.43106 -2.35867 -56.25 
     97 74.3244 992 5 0 13.0881 18.5238 -56.25 
     97 229.783 1086 0 1 37.2822 30.6063 -204.45 
     97 109.125 1051 0 0 37.452 30.3394 -205.851 
     97 122.085 1098 1 1 39.8181 32.3172 -174.45 
     97 244.452 1061 1 0 39.933 32.2981 -175.85 
     97 57.6022 1109 0 1 42.0472 32.1279 -204.45 
     97 248.428 1110 0 1 42.05 32.1225 -204.623 
     97 135.159 1060 0 0 42.0682 32.0854 -205.85 
     97 156.046 1063 0 0 42.7699 32.7495 -205.85 
     97 14.4259 1062 0 0 42.8671 32.65 -205.866 
     97 7.05107 1116 0 1 43.4385 32.2557 -204.85 
     97 214.738 1117 0 1 43.45 32.2556 -204.834 
     97 114.789 1069 1 0 38.2389 33.9122 -175.85 
Number of digits in this event: 105
Using G4ParticleGun... 
Particle energy: 1.73478 LIN
Particle: e-
Event: 98
Number of tracker hits in this event: 69
     98 163.54 1173 11 1 54.7533 59.3633 125.55 
     98 119.358 1196 11 0 54.7563 59.3663 124.15 
     98 111.092 1173 10 1 54.8029 59.4179 95.55 
     98 108.453 1196 10 0 54.8054 59.4158 94.15 
     98 143.463 1174 9 1 54.8517 59.3457 65.55 
     98 438.726 1196 9 0 54.8569 59.3459 64.15 
     98 140.974 1174 8 1 54.9622 59.369 35.55 
     98 187.023 1196 8 0 54.9665 59.3713 34.15 
     98 119.809 1175 7 1 55.0521 59.434 5.55 
     98 136.412 1196 7 0 55.0481 59.4361 4.15 
     98 616.342 1174 6 1 54.9634 59.5029 -24.45 
     98 190.762 1197 6 0 54.9424 59.5109 -25.85 
     98 160.836 1172 5 1 54.5213 59.6529 -54.45 
     98 146.358 1198 5 0 54.5039 59.6627 -55.85 
     98 104.478 1170 4 1 54.1483 59.8507 -84.45 
     98 169.023 1199 4 0 54.1348 59.8609 -85.85 
     98 147.957 1169 3 1 53.8716 60.073 -114.45 
     98 164.299 1200 3 0 53.8602 60.0832 -115.85 
     98 247.144 1167 2 1 53.624 60.2896 -144.45 
     98 269.847 1201 2 0 53.6191 60.3045 -145.85 
     98 122.797 1167 1 1 53.5283 60.6527 -174.45 
     98 122.976 1203 1 0 53.5343 60.6681 -175.85 
     98 169.891 1168 0 1 53.6666 60.9634 -204.45 
     98 110.478 1204 0 0 53.672 60.9796 -205.85 
     98 160.063 1593 0 0 61.2085 138.75 -206.163 
     98 26.554 1203 4 1 60.7117 110.154 -84.85 
     98 125.254 1204 4 1 60.85 110.168 -84.5527 
     98 14.1272 1205 4 1 61.0504 110.138 -84.4585 
     98 4.64324 1197 2 0 53.3728 59.5339 -145.85 
     98 157.655 1166 2 1 53.2692 58.8372 -144.85 
     98 319.71 1198 6 0 54.9771 59.65 -26.0138 
     98 89.0699 1175 3 1 55.1642 58.7847 -114.45 
     98 83.1623 1176 3 1 55.25 58.6777 -114.61 
     98 49.9115 1188 3 0 55.9238 57.706 -115.85 
     98 143.688 1187 3 0 55.9672 57.6499 -115.926 
     98 25.3668 1186 3 0 56.1283 57.45 -116.184 
     98 11.7649 1264 2 1 73.0157 35.7772 -144.451 
     98 73.875 1265 2 1 73.05 35.7572 -144.488 
     98 72.6774 1266 2 1 73.25 35.656 -144.668 
     98 2.74574 1267 2 1 73.45 35.5587 -144.842 
     98 114.705 1074 2 0 74.745 34.9865 -145.85 
     98 178.076 1073 2 0 75.0578 34.85 -146.064 
     98 165.272 848 2 0 161.304 -10.334 -146.25 
     98 75.7954 847 2 0 161.79 -10.45 -145.955 
     98 11.2387 1717 2 1 163.708 -10.9606 -144.85 
     98 114.384 1718 2 1 163.75 -10.9726 -144.826 
     98 59.364 1719 2 1 163.95 -11.0205 -144.713 
     98 115.63 1720 2 1 164.15 -11.0537 -144.639 
     98 48.5729 1721 2 1 164.35 -11.0757 -144.612 
     98 75.1653 1722 2 1 164.55 -11.0931 -144.593 
     98 62.7629 1723 2 1 164.75 -11.1114 -144.581 
     98 47.3638 1724 2 1 164.95 -11.1182 -144.568 
     98 48.337 1725 2 1 165.15 -11.1062 -144.54 
     98 54.492 1726 2 1 165.35 -11.0874 -144.514 
     98 61.2604 1727 2 1 165.55 -11.0707 -144.497 
     98 38.1998 1728 2 1 165.75 -11.0585 -144.503 
     98 49.3391 1729 2 1 165.95 -11.0467 -144.533 
     98 56.2155 1730 2 1 166.15 -11.0468 -144.556 
     98 62.6734 1731 2 1 166.35 -11.0381 -144.586 
     98 75.3246 1732 2 1 166.55 -11.0312 -144.619 
     98 136.424 1733 2 1 166.75 -11.084 -144.659 
     98 66.8201 1734 2 1 166.95 -11.1546 -144.686 
     98 70.4369 1735 2 1 167.15 -11.2402 -144.708 
     98 41.8295 1736 2 1 167.35 -11.3242 -144.74 
     98 26.4586 1737 2 1 167.55 -11.3806 -144.81 
     98 249.096 840 2 0 170.852 -11.8999 -145.85 
     98 206.826 839 2 0 171.433 -12.05 -145.994 
     98 147.493 838 2 0 172.003 -12.25 -146.085 
     98 85.528 837 2 0 172.465 -12.45 -146.172 
Number of digits in this event: 31
Using G4ParticleGun... 
Particle energy: 1.55993 LIN
Particle: e-
Event: 99
Number of tracker hits in this event: 91
     99 272.395 1496 9 1 119.469 -61.8129 65.55 
     99 121.721 591 9 0 119.467 -61.8041 64.15 
     99 130.632 1496 8 1 119.419 -61.6166 35.55 
     99 115.162 592 8 0 119.421 -61.6097 34.15 
     99 104.143 1496 7 1 119.457 -61.4473 5.55 
     99 102.684 593 7 0 119.463 -61.4482 4.15 
     99 130.842 1497 6 1 119.57 -61.4591 -24.45 
     99 103.576 592 6 0 119.574 -61.4636 -25.85 
     99 374.97 1497 5 1 119.67 -61.5586 -54.45 
     99 301.835 592 5 0 119.656 -61.5844 -55.85 
     99 118.864 1496 4 1 119.419 -62.0386 -84.45 
     99 126.359 590 4 0 119.406 -62.002 -85.85 
     99 157.359 1494 3 1 119.105 -61.3583 -114.45 
     99 196.935 593 3 0 119.11 -61.3546 -115.85 
     99 241.872 1496 2 1 119.385 -61.474 -144.45 
     99 129.51 592 2 0 119.385 -61.4966 -145.85 
     99 339.966 1496 1 1 119.356 -62.1265 -174.45 
     99 101.503 588 1 0 119.371 -62.2538 -175.85 
     99 2.21628 1496 0 1 119.55 -64.737 -204.45 
     99 117.454 1497 0 1 119.55 -64.7378 -204.46 
     99 110.321 575 0 0 119.593 -64.8539 -205.85 
     99 112.211 1495 3 1 119.15 -61.3686 -114.802 
     99 96.3098 1169 4 0 88.6957 53.9358 -86.25 
     99 211.459 1499 0 1 120.039 -62.1054 -204.45 
     99 276.524 589 0 0 120.044 -62.1079 -205.85 
     99 162.835 409 0 0 61.209 -98.1646 -206.25 
     99 84.4011 408 0 0 60.7794 -98.35 -206.104 
     99 138.508 407 0 0 60.7776 -98.55 -206.137 
     99 349.009 406 0 0 60.6703 -98.75 -206.109 
     99 142.277 1491 9 1 118.475 -65.3177 65.15 
     99 133.937 1492 9 1 118.55 -65.3552 65.3233 
     99 228.069 1147 0 1 49.65 -26.6511 -204.683 
     99 40.9905 1498 5 1 119.75 -61.5431 -54.7106 
     99 67.2 593 5 0 120.12 -61.45 -55.9899 
     99 119.022 1534 4 1 127.015 -54.3398 -84.4509 
     99 134.714 626 4 0 126.956 -54.6655 -85.8501 
     99 121.034 1531 3 1 126.495 -60.5057 -114.45 
     99 182.424 1532 3 1 126.55 -60.5497 -114.531 
     99 187.444 594 3 0 127.338 -61.1802 -115.85 
     99 35.5271 1618 2 1 143.851 -75.0788 -144.45 
     99 108.845 1619 2 1 143.95 -75.0398 -144.523 
     99 81.9171 1620 2 1 144.151 -74.9445 -144.676 
     99 11.8003 1621 2 1 144.35 -74.8407 -144.832 
     99 154.08 528 2 0 145.855 -74.3423 -145.85 
     99 135.929 529 2 0 146.339 -74.25 -146.105 
     99 192.284 664 3 0 143.356 -47.2018 -116.25 
     99 132.732 665 3 0 143.948 -47.05 -116.169 
     99 180.745 666 3 0 144.405 -46.85 -116.219 
     99 100.085 1497 4 1 119.592 -62.8388 -84.45 
     99 143.334 585 4 0 119.624 -62.8918 -85.85 
     99 378.61 1500 3 1 120.308 -63.993 -114.45 
     99 112.287 579 3 0 120.222 -64.1262 -115.85 
     99 29.5617 1492 2 1 118.554 -67.002 -144.45 
     99 129.773 1491 2 1 118.55 -67.0196 -144.537 
     99 134.843 563 2 0 118.489 -67.2882 -145.852 
     99 118.718 1486 1 1 117.414 -73.2232 -174.45 
     99 50.6226 533 1 0 117.356 -73.4219 -175.85 
     99 71.0314 532 1 0 117.348 -73.45 -176.052 
     99 156.846 1480 0 1 116.203 -77.3004 -204.45 
     99 132.711 512 0 0 116.247 -77.4757 -205.851 
     99 134.639 595 3 0 120.461 -61.0235 -115.85 
     99 113.911 1539 2 1 128.086 -52.0547 -144.45 
     99 70.9217 639 2 0 128.03 -52.2204 -145.85 
     99 40.67 638 2 0 128.025 -52.25 -146.069 
     99 61.2505 1500 1 1 120.319 -56.2516 -174.45 
     99 98.7298 1501 1 1 120.35 -56.3438 -174.63 
     99 85.9458 614 1 0 120.426 -57.0838 -175.85 
     99 54.2803 613 1 0 120.452 -57.25 -176.117 
     99 152.864 1507 0 1 121.565 -78.9312 -204.45 
     99 66.2022 498 0 0 121.971 -80.2997 -205.85 
     99 77.9701 497 0 0 122.018 -80.45 -206.004 
     99 18.728 496 0 0 122.073 -80.65 -206.207 
     99 74.8639 362 0 0 113.51 -107.58 -206.25 
     99 22.0682 1499 3 1 120.15 -61.2717 -114.751 
     99 163.205 596 3 0 119.949 -60.829 -115.85 
     99 72.882 1477 2 1 115.614 -48.1578 -144.45 
     99 73.3542 1476 2 1 115.55 -47.9773 -144.655 
     99 17.2533 665 2 0 115.156 -46.8953 -145.85 
     99 96.8282 666 2 0 115.139 -46.85 -145.9 
     99 49.4922 667 2 0 115.053 -46.6499 -146.121 
     99 176.651 1420 1 1 104.216 -20.1761 -174.45 
     99 71.6801 807 1 0 104.096 -18.6264 -175.85 
     99 101.437 808 1 0 104.086 -18.45 -176.003 
     99 40.9678 809 1 0 104.075 -18.25 -176.169 
     99 70.9952 1426 0 1 105.397 14.6006 -204.45 
     99 68.6566 1427 0 1 105.55 14.5875 -204.616 
     99 145.036 972 0 0 106.527 14.5205 -205.85 
     99 60.0543 1018 0 0 108.584 23.7653 -206.25 
     99 116.581 1019 0 0 108.498 23.8504 -206.142 
     99 201.665 1437 0 1 107.73 24.5558 -204.85 
     99 24.1409 1436 0 1 107.55 24.7181 -204.524 
Number of digits in this event: 44
 Run terminated.
Run Summary
  Number of events processed : 100
  User=42.700000s Real=43.724582s Sys=0.000000s
End of Run 2
Graphics systems deleted.
Visualization Manager deleting...
================== Deleting memory pools ===================
Number of memory pools allocated: 19 of which, static: 0
Dynamic pools deleted: 19 / Total memory freed: 0.19 MB
============================================================
