Environment variable "G4FORCE_RUN_MANAGER_TYPE" enabled with value == Serial. Forcing G4RunManager type...

        ############################################
        !!! WARNING - FPE detection is activated !!!
        ############################################


          ################################
          !!! G4Backtrace is activated !!!
          ################################


**************************************************************
 Geant4 version Name: geant4-11-02-ref-09    (31-October-2024)
                       Copyright : Geant4 Collaboration
                      References : NIM A 506 (2003), 250-303
                                 : IEEE-TNS 53 (2006), 270-278
                                 : NIM A 835 (2016), 186-225
                             WWW : http://geant4.org/
**************************************************************

--- G4CoupledTransportation is used 
PhysicsList::SetCuts:CutLength : 1 mm 
Visualization Manager instantiating with verbosity "warnings (3)"...
Visualization Manager initialising...
Registering graphics systems...

You have successfully registered the following graphics systems.
Registered graphics systems are:
  ASCIITree (ATree)
  DAWNFILE (DAWNFILE)
  G4HepRepFile (HepRepFile)
  RayTracer (RayTracer)
  VRML2FILE (VRML2FILE)
  gMocrenFile (gMocrenFile)
  TOOLSSG_OFFSCREEN (TSG_OFFSCREEN, TSG_FILE)
  OpenGLImmediateQt (OGLIQt, OGLI)
  OpenGLStoredQt (OGLSQt, OGL, OGLS)
  OpenGLImmediateXm (OGLIXm, OGLIQt_FALLBACK)
  OpenGLStoredXm (OGLSXm, OGLSQt_FALLBACK)
  OpenGLImmediateX (OGLIX, OGLIQt_FALLBACK, OGLIXm_FALLBACK)
  OpenGLStoredX (OGLSX, OGLSQt_FALLBACK, OGLSXm_FALLBACK)
  RayTracerX (RayTracerX)
  Qt3D (Qt3D)
  TOOLSSG_X11_GLES (TSG_X11_GLES, TSGX11, TSG_XT_GLES_FALLBACK)
  TOOLSSG_X11_ZB (TSG_X11_ZB, TSGX11ZB)
  TOOLSSG_XT_GLES (TSG_XT_GLES, TSGXt, TSG_QT_GLES_FALLBACK)
  TOOLSSG_XT_ZB (TSG_XT_ZB, TSGXtZB)
  TOOLSSG_QT_GLES (TSG_QT_GLES, TSGQt, TSG)
  TOOLSSG_QT_ZB (TSG_QT_ZB, TSGQtZB)
You may choose a graphics system (driver) with a parameter of
the command "/vis/open" or "/vis/sceneHandler/create",
or you may omit the driver parameter and choose at run time:
- by argument in the construction of G4VisExecutive
- by environment variable "G4VIS_DEFAULT_DRIVER"
- by entry in "~/.g4session"
- by build flags.
- Note: This feature is not allowed in batch mode.
For further information see "examples/basic/B1/exampleB1.cc"
and "vis.mac".

Registering model factories...

You have successfully registered the following model factories.
Registered model factories:
  generic
  drawByAttribute
  drawByCharge
  drawByOriginVolume
  drawByParticleID
  drawByEncounteredVolume

Registered models:
  None

Registered filter factories:
  attributeFilter
  chargeFilter
  originVolumeFilter
  particleFilter
  encounteredVolumeFilter

Registered filters:
  None

You have successfully registered the following user vis actions.
Run Duration User Vis Actions: none
End of Event User Vis Actions: none
End of Run User Vis Actions: none

Some /vis commands (optionally) take a string to specify colour.
"/vis/list" to see available colours.
/tracking/verbose 0
/run/verbose 1
/event/verbose 0
/control/execute GPS.in
/gps/source/intensity 1
/gps/ene/type Mono
/gps/ene/mono 1.33 MeV
/gps/particle gamma
/gps/pos/type Volume
/gps/pos/shape Cylinder
/gps/pos/centre 0.0 0.0 -40.1 cm
/gps/pos/radius 0.5 mm
/gps/pos/halfz 10.0 mm
/gps/ang/type iso
/gps/ang/mintheta 177 deg
/gps/ang/maxtheta 180 deg
/gps/source/add 1
/gps/ene/type Mono
/gps/ene/mono 1.17 MeV
/gps/particle gamma
/gps/pos/type Volume
/gps/pos/shape Cylinder
/gps/pos/centre 0.0 0.0 -40.1 cm
/gps/pos/radius 0.5 mm
/gps/pos/halfz 10.0 mm
/gps/ang/type iso
/gps/ang/mintheta 177 deg
/gps/ang/maxtheta 180 deg
/score/create/boxMesh boxMesh_1
/score/mesh/boxSize 22.5 22.5 22.5 mm
/score/mesh/rotate/rotateX 360 deg
/score/mesh/nBin 45 45 45
.... G4ScoringMessenger::MeshBinCommand - G4ScoringBox
/score/quantity/energyDeposit eDep
/score/close
/score/list
G4ScoringManager has 1 scoring meshes.
G4ScoringBox : boxMesh_1 --- Shape: Box mesh
 Size (x, y, z): (2.25, 2.25, 2.25) [cm]
 # of segments: (45, 45, 45)
 displacement: (0, 0, 0) [cm]
 rotation matrix: 1  0  0
                  0  1  2.44929e-16
                  0  -2.44929e-16  1
 registered primitve scorers : 
   0  eDep
/run/initialize
/run/setCut 0.1 mm
PhysicsList::SetCuts:CutLength : 100 um 
/calorimeter/helmetSize 14
Helmet size set to 14
/run/geometryModified
/gammaknife/loadAngles MachineAngle.in
/gammaknife/beamOn 10
/run/geometryModified
=======================================================================
======                 Electromagnetic Physics Parameters      ========
=======================================================================
LPM effect enabled                                 1
Enable creation and use of sampling tables         0
Apply cuts on all EM processes                     0
Use combined TransportationWithMsc                 Disabled
Use general process                                1
Enable linear polarisation for gamma               0
Enable photoeffect sampling below K-shell          1
Enable sampling of quantum entanglement            0
X-section factor for integral approach             0.8
Min kinetic energy for tables                      10 eV 
Max kinetic energy for tables                      100 TeV
Number of bins per decade of a table               20
Verbose level                                      1
Verbose level for worker thread                    0
Bremsstrahlung energy threshold above which 
  primary e+- is added to the list of secondary    100 TeV
Bremsstrahlung energy threshold above which primary
  muon/hadron is added to the list of secondary    100 TeV
Positron annihilation at rest model                AllisonPositronium
Enable 3 gamma annihilation on fly                 0
Lowest triplet kinetic energy                      1 MeV
Enable sampling of gamma linear polarisation       0
5D gamma conversion model type                     0
5D gamma conversion model on isolated ion          0
Use Ricardo-Gerardo pair production model          0
Livermore data directory                           epics_2017
=======================================================================
======                 Ionisation Parameters                   ========
=======================================================================
Step function for e+-                              (0.2, 0.1 mm)
Step function for muons/hadrons                    (0.2, 0.05 mm)
Step function for light ions                       (0.1, 0.02 mm)
Step function for general ions                     (0.1, 0.001 mm)
Lowest e+e- kinetic energy                         100 eV 
Lowest muon/hadron kinetic energy                  1 keV
Use ICRU90 data                                    1
Fluctuations of dE/dx are enabled                  1
Type of fluctuation model for leptons and hadrons  Urban
Use built-in Birks satuaration                     0
Build CSDA range enabled                           0
Use cut as a final range enabled                   0
Enable angular generator interface                 1
Max kinetic energy for CSDA tables                 1 GeV
Max kinetic energy for NIEL computation            1 MeV
Linear loss limit                                  0.01
Read data from file for e+e- pair production by mu 0
=======================================================================
======                 Multiple Scattering Parameters          ========
=======================================================================
Type of msc step limit algorithm for e+-           3
Type of msc step limit algorithm for muons/hadrons 0
Msc lateral displacement for e+- enabled           1
Msc lateral displacement for muons and hadrons     1
Urban msc model lateral displacement alg96         1
Range factor for msc step limit for e+-            0.04
Range factor for msc step limit for muons/hadrons  0.2
Geometry factor for msc step limitation of e+-     2.5
Safety factor for msc step limit for e+-           0.6
Skin parameter for msc step limitation of e+-      1
Lambda limit for msc step limit for e+-            1 mm
Use Mott correction for e- scattering              1
Factor used for dynamic computation of angular 
  limit between single and multiple scattering     1
Fixed angular limit between single 
  and multiple scattering                          3.1416 rad
Upper energy limit for e+- multiple scattering     100 MeV
Type of electron single scattering model           0
Type of nuclear form-factor                        1
Screening factor                                   1
=======================================================================
======                 Atomic Deexcitation Parameters          ========
=======================================================================
Fluorescence enabled                               1
Directory in G4LEDATA for fluorescence data files  fluor
Auger electron cascade enabled                     0
PIXE atomic de-excitation enabled                  0
De-excitation module ignores cuts                  0
Type of PIXE cross section for hadrons             Empirical
Type of PIXE cross section for e+-                 Livermore
=======================================================================

### ===  Deexcitation model UAtomDeexcitation is activated for 1 region:
          DefaultRegionForTheWorld  1  0  0
### ===  Ignore cuts flag:   0

phot:  for gamma SubType=12 BuildTable=0
      LambdaPrime table from 200 keV to 100 TeV in 174 bins 
      ===== EM models for the G4Region  DefaultRegionForTheWorld ======
 LivermorePhElectric : Emin=    0 eV  Emax=  100 TeV  SauterGavrila Fluo

compt:  for gamma SubType=13 BuildTable=1
      Lambda table from 10 eV  to 1 MeV, 20 bins/decade, spline: 1
      LambdaPrime table from 1 MeV to 100 TeV in 160 bins 
      ===== EM models for the G4Region  DefaultRegionForTheWorld ======
        KleinNishina : Emin=    0 eV  Emax=  100 TeV Fluo

conv:  for gamma SubType=14 BuildTable=1
      Lambda table from 1.022 MeV to 100 TeV, 20 bins/decade, spline: 1
      ===== EM models for the G4Region  DefaultRegionForTheWorld ======
     BetheHeitlerLPM : Emin=    0 eV  Emax=  100 TeV  ModifiedTsai

Rayl:  for gamma SubType=11 BuildTable=1
      Lambda table from 10 eV  to 150 keV, 20 bins/decade, spline: 0
      LambdaPrime table from 150 keV to 100 TeV in 176 bins 
      ===== EM models for the G4Region  DefaultRegionForTheWorld ======
   LivermoreRayleigh : Emin=    0 eV  Emax=  100 TeV  CullenGenerator

msc:  for e-  SubType= 10
      ===== EM models for the G4Region  DefaultRegionForTheWorld ======
            UrbanMsc : Emin=    0 eV  Emax=  100 TeV Nbins=240 100 eV  - 100 TeV
          StepLim=DistanceToBoundary Rfact=0.04 Gfact=2.5 Sfact=0.6 DispFlag:1 Skin=1 Llim=1 mm

eIoni:  for e-  XStype:3  SubType=2
      dE/dx and range tables from 10 eV  to 100 TeV in 260 bins
      Lambda tables from threshold to 100 TeV, 20 bins/decade, spline: 1
      StepFunction=(0.2, 0.1 mm), integ: 3, fluct: 1, linLossLim= 0.01
      ===== EM models for the G4Region  DefaultRegionForTheWorld ======
        MollerBhabha : Emin=    0 eV  Emax=  100 TeV  deltaVI

eBrem:  for e-  XStype:4  SubType=3
      dE/dx and range tables from 10 eV  to 100 TeV in 260 bins
      Lambda tables from threshold to 100 TeV, 20 bins/decade, spline: 1
      LPM flag: 1 for E > 1 GeV,  VertexHighEnergyTh(GeV)= 100000
      ===== EM models for the G4Region  DefaultRegionForTheWorld ======
             eBremSB : Emin=    0 eV  Emax=    1 GeV  AngularGen2BS
            eBremLPM : Emin=    1 GeV Emax=  100 TeV  AngularGen2BS

ePairProd:  for e-  XStype:1  SubType=4
      dE/dx and range tables from 10 eV  to 100 TeV in 260 bins
      Lambda tables from threshold to 100 TeV, 20 bins/decade, spline: 0
      Sampling table 25x1001 from 0.1 GeV to 100 TeV 
      ===== EM models for the G4Region  DefaultRegionForTheWorld ======
           ePairProd : Emin=    0 eV  Emax=  100 TeV  ModifiedMephi

msc:  for e+  SubType= 10
      ===== EM models for the G4Region  DefaultRegionForTheWorld ======
            UrbanMsc : Emin=    0 eV  Emax=  100 TeV Nbins=240 100 eV  - 100 TeV
          StepLim=DistanceToBoundary Rfact=0.04 Gfact=2.5 Sfact=0.6 DispFlag:1 Skin=1 Llim=1 mm

eIoni:  for e+  XStype:3  SubType=2
      dE/dx and range tables from 10 eV  to 100 TeV in 260 bins
      Lambda tables from threshold to 100 TeV, 20 bins/decade, spline: 1
      StepFunction=(0.2, 0.1 mm), integ: 3, fluct: 1, linLossLim= 0.01
      ===== EM models for the G4Region  DefaultRegionForTheWorld ======
        MollerBhabha : Emin=    0 eV  Emax=  100 TeV  deltaVI

eBrem:  for e+  XStype:4  SubType=3
      dE/dx and range tables from 10 eV  to 100 TeV in 260 bins
      Lambda tables from threshold to 100 TeV, 20 bins/decade, spline: 1
      LPM flag: 1 for E > 1 GeV,  VertexHighEnergyTh(GeV)= 100000
      ===== EM models for the G4Region  DefaultRegionForTheWorld ======
             eBremSB : Emin=    0 eV  Emax=    1 GeV  AngularGen2BS
            eBremLPM : Emin=    1 GeV Emax=  100 TeV  AngularGen2BS

ePairProd:  for e+  XStype:1  SubType=4
      dE/dx and range tables from 10 eV  to 100 TeV in 260 bins
      Lambda tables from threshold to 100 TeV, 20 bins/decade, spline: 0
      Sampling table 25x1001 from 0.1 GeV to 100 TeV 
      ===== EM models for the G4Region  DefaultRegionForTheWorld ======
           ePairProd : Emin=    0 eV  Emax=  100 TeV  ModifiedMephi

annihil:  for e+ XStype:2 SubType=5 AtRestModel:Allison BuildTable=0
      ===== EM models for the G4Region  DefaultRegionForTheWorld ======
            eplus2gg : Emin=    0 eV  Emax=  100 TeV

msc:  for proton  SubType= 10
      ===== EM models for the G4Region  DefaultRegionForTheWorld ======
            UrbanMsc : Emin=    0 eV  Emax=  100 TeV Nbins=240 100 eV  - 100 TeV
          StepLim=Minimal Rfact=0.2 Gfact=2.5 Sfact=0.6 DispFlag:1 Skin=1 Llim=1 mm

hIoni:  for proton  XStype:3  SubType=2
      dE/dx and range tables from 10 eV  to 100 TeV in 260 bins
      Lambda tables from threshold to 100 TeV, 20 bins/decade, spline: 1
      StepFunction=(0.2, 0.05 mm), integ: 3, fluct: 1, linLossLim= 0.01
      ===== EM models for the G4Region  DefaultRegionForTheWorld ======
               Bragg : Emin=    0 eV  Emax=    2 MeV  deltaVI
          BetheBloch : Emin=    2 MeV Emax=  100 TeV  deltaVI

hBrems:  for proton  XStype:1  SubType=3
      dE/dx and range tables from 10 eV  to 100 TeV in 260 bins
      Lambda tables from threshold to 100 TeV, 20 bins/decade, spline: 1
      ===== EM models for the G4Region  DefaultRegionForTheWorld ======
               hBrem : Emin=    0 eV  Emax=  100 TeV  ModifiedMephi

hPairProd:  for proton  XStype:1  SubType=4
      dE/dx and range tables from 10 eV  to 100 TeV in 260 bins
      Lambda tables from threshold to 100 TeV, 20 bins/decade, spline: 1
      Sampling table 17x1001 from 7.50618 GeV to 100 TeV 
      ===== EM models for the G4Region  DefaultRegionForTheWorld ======
           hPairProd : Emin=    0 eV  Emax=  100 TeV  ModifiedMephi

nuclearStopping:  for proton SubType=8 BuildTable=0
      ===== EM models for the G4Region  DefaultRegionForTheWorld ======
   ICRU49NucStopping : Emin=    0 eV  Emax=    1 MeV

msc:  for GenericIon  SubType= 10
      ===== EM models for the G4Region  DefaultRegionForTheWorld ======
            UrbanMsc : Emin=    0 eV  Emax=  100 TeV
          StepLim=Minimal Rfact=0.2 Gfact=2.5 Sfact=0.6 DispFlag:1 Skin=1 Llim=1 mm

ionIoni:  for GenericIon  XStype:3  SubType=2
      dE/dx and range tables from 10 eV  to 100 TeV in 260 bins
      Lambda tables from threshold to 100 TeV, 20 bins/decade, spline: 1
      StepFunction=(0.1, 0.001 mm), integ: 3, fluct: 1, linLossLim= 0.02
      ===== EM models for the G4Region  DefaultRegionForTheWorld ======
    LindhardSorensen : Emin=    0 eV  Emax=  100 TeV  deltaVI

nuclearStopping:  for GenericIon SubType=8 BuildTable=0
      ===== EM models for the G4Region  DefaultRegionForTheWorld ======
   ICRU49NucStopping : Emin=    0 eV  Emax=    1 MeV

msc:  for alpha  SubType= 10
      ===== EM models for the G4Region  DefaultRegionForTheWorld ======
            UrbanMsc : Emin=    0 eV  Emax=  100 TeV
          StepLim=Minimal Rfact=0.2 Gfact=2.5 Sfact=0.6 DispFlag:1 Skin=1 Llim=1 mm

ionIoni:  for alpha  XStype:3  SubType=2
      dE/dx and range tables from 10 eV  to 100 TeV in 260 bins
      Lambda tables from threshold to 100 TeV, 20 bins/decade, spline: 1
      StepFunction=(0.1, 0.02 mm), integ: 3, fluct: 1, linLossLim= 0.02
      ===== EM models for the G4Region  DefaultRegionForTheWorld ======
            BraggIon : Emin=    0 eV  Emax=7.9452 MeV  deltaVI
          BetheBloch : Emin=7.9452 MeV Emax=  100 TeV  deltaVI

nuclearStopping:  for alpha SubType=8 BuildTable=0
      ===== EM models for the G4Region  DefaultRegionForTheWorld ======
   ICRU49NucStopping : Emin=    0 eV  Emax=    1 MeV

msc:  for anti_proton  SubType= 10
      ===== EM models for the G4Region  DefaultRegionForTheWorld ======
            UrbanMsc : Emin=    0 eV  Emax=  100 TeV Nbins=240 100 eV  - 100 TeV
          StepLim=Minimal Rfact=0.2 Gfact=2.5 Sfact=0.6 DispFlag:1 Skin=1 Llim=1 mm

hIoni:  for anti_proton  XStype:3  SubType=2
      dE/dx and range tables from 10 eV  to 100 TeV in 260 bins
      Lambda tables from threshold to 100 TeV, 20 bins/decade, spline: 1
      StepFunction=(0.2, 0.05 mm), integ: 3, fluct: 1, linLossLim= 0.01
      ===== EM models for the G4Region  DefaultRegionForTheWorld ======
            ICRU73QO : Emin=    0 eV  Emax=    2 MeV  deltaVI
          BetheBloch : Emin=    2 MeV Emax=  100 TeV  deltaVI

hBrems:  for anti_proton  XStype:1  SubType=3
      dE/dx and range tables from 10 eV  to 100 TeV in 260 bins
      Lambda tables from threshold to 100 TeV, 20 bins/decade, spline: 1
      ===== EM models for the G4Region  DefaultRegionForTheWorld ======
               hBrem : Emin=    0 eV  Emax=  100 TeV  ModifiedMephi

hPairProd:  for anti_proton  XStype:1  SubType=4
      dE/dx and range tables from 10 eV  to 100 TeV in 260 bins
      Lambda tables from threshold to 100 TeV, 20 bins/decade, spline: 1
      Sampling table 17x1001 from 7.50618 GeV to 100 TeV 
      ===== EM models for the G4Region  DefaultRegionForTheWorld ======
           hPairProd : Emin=    0 eV  Emax=  100 TeV  ModifiedMephi

msc:  for kaon+  SubType= 10
      ===== EM models for the G4Region  DefaultRegionForTheWorld ======
            UrbanMsc : Emin=    0 eV  Emax=  100 TeV Nbins=240 100 eV  - 100 TeV
          StepLim=Minimal Rfact=0.2 Gfact=2.5 Sfact=0.6 DispFlag:1 Skin=1 Llim=1 mm

hIoni:  for kaon+  XStype:3  SubType=2
      dE/dx and range tables from 10 eV  to 100 TeV in 260 bins
      Lambda tables from threshold to 100 TeV, 20 bins/decade, spline: 1
      StepFunction=(0.2, 0.05 mm), integ: 3, fluct: 1, linLossLim= 0.01
      ===== EM models for the G4Region  DefaultRegionForTheWorld ======
               Bragg : Emin=    0 eV  Emax=1.05231 MeV  deltaVI
          BetheBloch : Emin=1.05231 MeV Emax=  100 TeV  deltaVI

hBrems:  for kaon+  XStype:1  SubType=3
      dE/dx and range tables from 10 eV  to 100 TeV in 260 bins
      Lambda tables from threshold to 100 TeV, 20 bins/decade, spline: 1
      ===== EM models for the G4Region  DefaultRegionForTheWorld ======
               hBrem : Emin=    0 eV  Emax=  100 TeV  ModifiedMephi

hPairProd:  for kaon+  XStype:1  SubType=4
      dE/dx and range tables from 10 eV  to 100 TeV in 260 bins
      Lambda tables from threshold to 100 TeV, 20 bins/decade, spline: 1
      Sampling table 18x1001 from 3.94942 GeV to 100 TeV 
      ===== EM models for the G4Region  DefaultRegionForTheWorld ======
           hPairProd : Emin=    0 eV  Emax=  100 TeV  ModifiedMephi

msc:  for kaon-  SubType= 10
      ===== EM models for the G4Region  DefaultRegionForTheWorld ======
            UrbanMsc : Emin=    0 eV  Emax=  100 TeV Nbins=240 100 eV  - 100 TeV
          StepLim=Minimal Rfact=0.2 Gfact=2.5 Sfact=0.6 DispFlag:1 Skin=1 Llim=1 mm

hIoni:  for kaon-  XStype:3  SubType=2
      dE/dx and range tables from 10 eV  to 100 TeV in 260 bins
      Lambda tables from threshold to 100 TeV, 20 bins/decade, spline: 1
      StepFunction=(0.2, 0.05 mm), integ: 3, fluct: 1, linLossLim= 0.01
      ===== EM models for the G4Region  DefaultRegionForTheWorld ======
            ICRU73QO : Emin=    0 eV  Emax=1.05231 MeV  deltaVI
          BetheBloch : Emin=1.05231 MeV Emax=  100 TeV  deltaVI

hBrems:  for kaon-  XStype:1  SubType=3
      dE/dx and range tables from 10 eV  to 100 TeV in 260 bins
      Lambda tables from threshold to 100 TeV, 20 bins/decade, spline: 1
      ===== EM models for the G4Region  DefaultRegionForTheWorld ======
               hBrem : Emin=    0 eV  Emax=  100 TeV  ModifiedMephi

hPairProd:  for kaon-  XStype:1  SubType=4
      dE/dx and range tables from 10 eV  to 100 TeV in 260 bins
      Lambda tables from threshold to 100 TeV, 20 bins/decade, spline: 1
      Sampling table 18x1001 from 3.94942 GeV to 100 TeV 
      ===== EM models for the G4Region  DefaultRegionForTheWorld ======
           hPairProd : Emin=    0 eV  Emax=  100 TeV  ModifiedMephi

msc:  for mu+  SubType= 10
      ===== EM models for the G4Region  DefaultRegionForTheWorld ======
            UrbanMsc : Emin=    0 eV  Emax=  100 TeV Nbins=240 100 eV  - 100 TeV
          StepLim=Minimal Rfact=0.2 Gfact=2.5 Sfact=0.6 DispFlag:1 Skin=1 Llim=1 mm

muIoni:  for mu+  XStype:3  SubType=2
      dE/dx and range tables from 10 eV  to 100 TeV in 260 bins
      Lambda tables from threshold to 100 TeV, 20 bins/decade, spline: 1
      StepFunction=(0.2, 0.05 mm), integ: 3, fluct: 1, linLossLim= 0.01
      ===== EM models for the G4Region  DefaultRegionForTheWorld ======
               Bragg : Emin=    0 eV  Emax=  200 keV  deltaVI
        MuBetheBloch : Emin=  200 keV Emax=  100 TeV  deltaVI

muBrems:  for mu+  XStype:1  SubType=3
      dE/dx and range tables from 10 eV  to 100 TeV in 260 bins
      Lambda tables from threshold to 100 TeV, 20 bins/decade, spline: 1
      ===== EM models for the G4Region  DefaultRegionForTheWorld ======
              MuBrem : Emin=    0 eV  Emax=  100 TeV  ModifiedMephi

muPairProd:  for mu+  XStype:1  SubType=4
      dE/dx and range tables from 10 eV  to 100 TeV in 260 bins
      Lambda tables from threshold to 100 TeV, 20 bins/decade, spline: 1
      Sampling table 21x1001 from 0.85 GeV to 100 TeV 
      ===== EM models for the G4Region  DefaultRegionForTheWorld ======
          muPairProd : Emin=    0 eV  Emax=  100 TeV  ModifiedMephi

msc:  for mu-  SubType= 10
      ===== EM models for the G4Region  DefaultRegionForTheWorld ======
            UrbanMsc : Emin=    0 eV  Emax=  100 TeV Nbins=240 100 eV  - 100 TeV
          StepLim=Minimal Rfact=0.2 Gfact=2.5 Sfact=0.6 DispFlag:1 Skin=1 Llim=1 mm

muIoni:  for mu-  XStype:3  SubType=2
      dE/dx and range tables from 10 eV  to 100 TeV in 260 bins
      Lambda tables from threshold to 100 TeV, 20 bins/decade, spline: 1
      StepFunction=(0.2, 0.05 mm), integ: 3, fluct: 1, linLossLim= 0.01
      ===== EM models for the G4Region  DefaultRegionForTheWorld ======
            ICRU73QO : Emin=    0 eV  Emax=  200 keV  deltaVI
        MuBetheBloch : Emin=  200 keV Emax=  100 TeV  deltaVI

muBrems:  for mu-  XStype:1  SubType=3
      dE/dx and range tables from 10 eV  to 100 TeV in 260 bins
      Lambda tables from threshold to 100 TeV, 20 bins/decade, spline: 1
      ===== EM models for the G4Region  DefaultRegionForTheWorld ======
              MuBrem : Emin=    0 eV  Emax=  100 TeV  ModifiedMephi

muPairProd:  for mu-  XStype:1  SubType=4
      dE/dx and range tables from 10 eV  to 100 TeV in 260 bins
      Lambda tables from threshold to 100 TeV, 20 bins/decade, spline: 1
      Sampling table 21x1001 from 0.85 GeV to 100 TeV 
      ===== EM models for the G4Region  DefaultRegionForTheWorld ======
          muPairProd : Emin=    0 eV  Emax=  100 TeV  ModifiedMephi

msc:  for pi+  SubType= 10
      ===== EM models for the G4Region  DefaultRegionForTheWorld ======
            UrbanMsc : Emin=    0 eV  Emax=  100 TeV Nbins=240 100 eV  - 100 TeV
          StepLim=Minimal Rfact=0.2 Gfact=2.5 Sfact=0.6 DispFlag:1 Skin=1 Llim=1 mm

hIoni:  for pi+  XStype:3  SubType=2
      dE/dx and range tables from 10 eV  to 100 TeV in 260 bins
      Lambda tables from threshold to 100 TeV, 20 bins/decade, spline: 1
      StepFunction=(0.2, 0.05 mm), integ: 3, fluct: 1, linLossLim= 0.01
      ===== EM models for the G4Region  DefaultRegionForTheWorld ======
               Bragg : Emin=    0 eV  Emax=297.505 keV  deltaVI
          BetheBloch : Emin=297.505 keV Emax=  100 TeV  deltaVI

hBrems:  for pi+  XStype:1  SubType=3
      dE/dx and range tables from 10 eV  to 100 TeV in 260 bins
      Lambda tables from threshold to 100 TeV, 20 bins/decade, spline: 1
      ===== EM models for the G4Region  DefaultRegionForTheWorld ======
               hBrem : Emin=    0 eV  Emax=  100 TeV  ModifiedMephi

hPairProd:  for pi+  XStype:1  SubType=4
      dE/dx and range tables from 10 eV  to 100 TeV in 260 bins
      Lambda tables from threshold to 100 TeV, 20 bins/decade, spline: 1
      Sampling table 20x1001 from 1.11656 GeV to 100 TeV 
      ===== EM models for the G4Region  DefaultRegionForTheWorld ======
           hPairProd : Emin=    0 eV  Emax=  100 TeV  ModifiedMephi

msc:  for pi-  SubType= 10
      ===== EM models for the G4Region  DefaultRegionForTheWorld ======
            UrbanMsc : Emin=    0 eV  Emax=  100 TeV Nbins=240 100 eV  - 100 TeV
          StepLim=Minimal Rfact=0.2 Gfact=2.5 Sfact=0.6 DispFlag:1 Skin=1 Llim=1 mm

hIoni:  for pi-  XStype:3  SubType=2
      dE/dx and range tables from 10 eV  to 100 TeV in 260 bins
      Lambda tables from threshold to 100 TeV, 20 bins/decade, spline: 1
      StepFunction=(0.2, 0.05 mm), integ: 3, fluct: 1, linLossLim= 0.01
      ===== EM models for the G4Region  DefaultRegionForTheWorld ======
            ICRU73QO : Emin=    0 eV  Emax=297.505 keV  deltaVI
          BetheBloch : Emin=297.505 keV Emax=  100 TeV  deltaVI

hBrems:  for pi-  XStype:1  SubType=3
      dE/dx and range tables from 10 eV  to 100 TeV in 260 bins
      Lambda tables from threshold to 100 TeV, 20 bins/decade, spline: 1
      ===== EM models for the G4Region  DefaultRegionForTheWorld ======
               hBrem : Emin=    0 eV  Emax=  100 TeV  ModifiedMephi

hPairProd:  for pi-  XStype:1  SubType=4
      dE/dx and range tables from 10 eV  to 100 TeV in 260 bins
      Lambda tables from threshold to 100 TeV, 20 bins/decade, spline: 1
      Sampling table 20x1001 from 1.11656 GeV to 100 TeV 
      ===== EM models for the G4Region  DefaultRegionForTheWorld ======
           hPairProd : Emin=    0 eV  Emax=  100 TeV  ModifiedMephi

========= Table of registered couples ============================

Index : 0     used in the geometry : Yes
 Material : G4_AIR
 Range cuts        :  gamma  1 mm     e-  1 mm     e+  1 mm  proton 100 um 
 Energy thresholds :  gamma  990 eV     e-  990 eV     e+  990 eV  proton 10 keV
 Region(s) which use this couple : 
    DefaultRegionForTheWorld

Index : 1     used in the geometry : Yes
 Material : G4_Co
 Range cuts        :  gamma  1 mm     e-  1 mm     e+  1 mm  proton 100 um 
 Energy thresholds :  gamma  22.8507 keV    e-  1.40918 MeV    e+  1.32925 MeV proton 10 keV
 Region(s) which use this couple : 
    DefaultRegionForTheWorld

Index : 2     used in the geometry : Yes
 Material : StainlessSteel
 Range cuts        :  gamma  1 mm     e-  1 mm     e+  1 mm  proton 100 um 
 Energy thresholds :  gamma  20.6058 keV    e-  1.28056 MeV    e+  1.21009 MeV proton 10 keV
 Region(s) which use this couple : 
    DefaultRegionForTheWorld

Index : 3     used in the geometry : Yes
 Material : G4_Al
 Range cuts        :  gamma  1 mm     e-  1 mm     e+  1 mm  proton 100 um 
 Energy thresholds :  gamma  6.91572 keV    e-  597.438 keV    e+  574.135 keV proton 10 keV
 Region(s) which use this couple : 
    DefaultRegionForTheWorld

Index : 4     used in the geometry : Yes
 Material : G4_Fe
 Range cuts        :  gamma  1 mm     e-  1 mm     e+  1 mm  proton 100 um 
 Energy thresholds :  gamma  20.7572 keV    e-  1.28885 MeV    e+  1.21776 MeV proton 10 keV
 Region(s) which use this couple : 
    DefaultRegionForTheWorld

Index : 5     used in the geometry : Yes
 Material : G4_W
 Range cuts        :  gamma  1 mm     e-  1 mm     e+  1 mm  proton 100 um 
 Energy thresholds :  gamma  106.43 keV    e-  2.31004 MeV    e+  2.14587 MeV proton 10 keV
 Region(s) which use this couple : 
    DefaultRegionForTheWorld

Index : 6     used in the geometry : Yes
 Material : G4_Pb
 Range cuts        :  gamma  1 mm     e-  1 mm     e+  1 mm  proton 100 um 
 Energy thresholds :  gamma  101.797 keV    e-  1.37158 MeV    e+  1.2826 MeV proton 10 keV
 Region(s) which use this couple : 
    DefaultRegionForTheWorld

Index : 7     used in the geometry : Yes
 Material : G4_WATER
 Range cuts        :  gamma  1 mm     e-  1 mm     e+  1 mm  proton 100 um 
 Energy thresholds :  gamma  2.93547 keV    e-  351.353 keV    e+  341.657 keV proton 10 keV
 Region(s) which use this couple : 
    DefaultRegionForTheWorld

==================================================================

### Run 0 starts.
Run 0 starts ...
 Run terminated.
Run Summary
  Number of events processed : 10
  User=0.000000s Real=0.003049s Sys=0.000000s
	  User TOT = 0	  Real TOT = 0.00329906
 Summary of Run 0 :
/run/geometryModified

========= Table of registered couples ============================

Index : 0     used in the geometry : Yes
 Material : G4_AIR
 Range cuts        :  gamma  1 mm     e-  1 mm     e+  1 mm  proton 100 um 
 Energy thresholds :  gamma  990 eV     e-  990 eV     e+  990 eV  proton 10 keV
 Region(s) which use this couple : 
    DefaultRegionForTheWorld

Index : 1     used in the geometry : Yes
 Material : G4_Co
 Range cuts        :  gamma  1 mm     e-  1 mm     e+  1 mm  proton 100 um 
 Energy thresholds :  gamma  22.8507 keV    e-  1.40918 MeV    e+  1.32925 MeV proton 10 keV
 Region(s) which use this couple : 
    DefaultRegionForTheWorld

Index : 2     used in the geometry : Yes
 Material : StainlessSteel
 Range cuts        :  gamma  1 mm     e-  1 mm     e+  1 mm  proton 100 um 
 Energy thresholds :  gamma  20.6058 keV    e-  1.28056 MeV    e+  1.21009 MeV proton 10 keV
 Region(s) which use this couple : 
    DefaultRegionForTheWorld

Index : 3     used in the geometry : Yes
 Material : G4_Al
 Range cuts        :  gamma  1 mm     e-  1 mm     e+  1 mm  proton 100 um 
 Energy thresholds :  gamma  6.91572 keV    e-  597.438 keV    e+  574.135 keV proton 10 keV
 Region(s) which use this couple : 
    DefaultRegionForTheWorld

Index : 4     used in the geometry : Yes
 Material : G4_Fe
 Range cuts        :  gamma  1 mm     e-  1 mm     e+  1 mm  proton 100 um 
 Energy thresholds :  gamma  20.7572 keV    e-  1.28885 MeV    e+  1.21776 MeV proton 10 keV
 Region(s) which use this couple : 
    DefaultRegionForTheWorld

Index : 5     used in the geometry : Yes
 Material : G4_W
 Range cuts        :  gamma  1 mm     e-  1 mm     e+  1 mm  proton 100 um 
 Energy thresholds :  gamma  106.43 keV    e-  2.31004 MeV    e+  2.14587 MeV proton 10 keV
 Region(s) which use this couple : 
    DefaultRegionForTheWorld

Index : 6     used in the geometry : Yes
 Material : G4_Pb
 Range cuts        :  gamma  1 mm     e-  1 mm     e+  1 mm  proton 100 um 
 Energy thresholds :  gamma  101.797 keV    e-  1.37158 MeV    e+  1.2826 MeV proton 10 keV
 Region(s) which use this couple : 
    DefaultRegionForTheWorld

Index : 7     used in the geometry : Yes
 Material : G4_WATER
 Range cuts        :  gamma  1 mm     e-  1 mm     e+  1 mm  proton 100 um 
 Energy thresholds :  gamma  2.93547 keV    e-  351.353 keV    e+  341.657 keV proton 10 keV
 Region(s) which use this couple : 
    DefaultRegionForTheWorld

==================================================================

### Run 1 starts.
Run 1 starts ...
 Run terminated.
Run Summary
  Number of events processed : 10
  User=0.010000s Real=0.002060s Sys=0.000000s
	  User TOT = 0.01	  Real TOT = 0.00547672
 Summary of Run 1 :
/run/geometryModified

========= Table of registered couples ============================

Index : 0     used in the geometry : Yes
 Material : G4_AIR
 Range cuts        :  gamma  1 mm     e-  1 mm     e+  1 mm  proton 100 um 
 Energy thresholds :  gamma  990 eV     e-  990 eV     e+  990 eV  proton 10 keV
 Region(s) which use this couple : 
    DefaultRegionForTheWorld

Index : 1     used in the geometry : Yes
 Material : G4_Co
 Range cuts        :  gamma  1 mm     e-  1 mm     e+  1 mm  proton 100 um 
 Energy thresholds :  gamma  22.8507 keV    e-  1.40918 MeV    e+  1.32925 MeV proton 10 keV
 Region(s) which use this couple : 
    DefaultRegionForTheWorld

Index : 2     used in the geometry : Yes
 Material : StainlessSteel
 Range cuts        :  gamma  1 mm     e-  1 mm     e+  1 mm  proton 100 um 
 Energy thresholds :  gamma  20.6058 keV    e-  1.28056 MeV    e+  1.21009 MeV proton 10 keV
 Region(s) which use this couple : 
    DefaultRegionForTheWorld

Index : 3     used in the geometry : Yes
 Material : G4_Al
 Range cuts        :  gamma  1 mm     e-  1 mm     e+  1 mm  proton 100 um 
 Energy thresholds :  gamma  6.91572 keV    e-  597.438 keV    e+  574.135 keV proton 10 keV
 Region(s) which use this couple : 
    DefaultRegionForTheWorld

Index : 4     used in the geometry : Yes
 Material : G4_Fe
 Range cuts        :  gamma  1 mm     e-  1 mm     e+  1 mm  proton 100 um 
 Energy thresholds :  gamma  20.7572 keV    e-  1.28885 MeV    e+  1.21776 MeV proton 10 keV
 Region(s) which use this couple : 
    DefaultRegionForTheWorld

Index : 5     used in the geometry : Yes
 Material : G4_W
 Range cuts        :  gamma  1 mm     e-  1 mm     e+  1 mm  proton 100 um 
 Energy thresholds :  gamma  106.43 keV    e-  2.31004 MeV    e+  2.14587 MeV proton 10 keV
 Region(s) which use this couple : 
    DefaultRegionForTheWorld

Index : 6     used in the geometry : Yes
 Material : G4_Pb
 Range cuts        :  gamma  1 mm     e-  1 mm     e+  1 mm  proton 100 um 
 Energy thresholds :  gamma  101.797 keV    e-  1.37158 MeV    e+  1.2826 MeV proton 10 keV
 Region(s) which use this couple : 
    DefaultRegionForTheWorld

Index : 7     used in the geometry : Yes
 Material : G4_WATER
 Range cuts        :  gamma  1 mm     e-  1 mm     e+  1 mm  proton 100 um 
 Energy thresholds :  gamma  2.93547 keV    e-  351.353 keV    e+  341.657 keV proton 10 keV
 Region(s) which use this couple : 
    DefaultRegionForTheWorld

==================================================================

### Run 2 starts.
Run 2 starts ...
 Run terminated.
Run Summary
  Number of events processed : 10
  User=0.000000s Real=0.001877s Sys=0.000000s
	  User TOT = 0.01	  Real TOT = 0.0074633
 Summary of Run 2 :
/run/geometryModified

========= Table of registered couples ============================

Index : 0     used in the geometry : Yes
 Material : G4_AIR
 Range cuts        :  gamma  1 mm     e-  1 mm     e+  1 mm  proton 100 um 
 Energy thresholds :  gamma  990 eV     e-  990 eV     e+  990 eV  proton 10 keV
 Region(s) which use this couple : 
    DefaultRegionForTheWorld

Index : 1     used in the geometry : Yes
 Material : G4_Co
 Range cuts        :  gamma  1 mm     e-  1 mm     e+  1 mm  proton 100 um 
 Energy thresholds :  gamma  22.8507 keV    e-  1.40918 MeV    e+  1.32925 MeV proton 10 keV
 Region(s) which use this couple : 
    DefaultRegionForTheWorld

Index : 2     used in the geometry : Yes
 Material : StainlessSteel
 Range cuts        :  gamma  1 mm     e-  1 mm     e+  1 mm  proton 100 um 
 Energy thresholds :  gamma  20.6058 keV    e-  1.28056 MeV    e+  1.21009 MeV proton 10 keV
 Region(s) which use this couple : 
    DefaultRegionForTheWorld

Index : 3     used in the geometry : Yes
 Material : G4_Al
 Range cuts        :  gamma  1 mm     e-  1 mm     e+  1 mm  proton 100 um 
 Energy thresholds :  gamma  6.91572 keV    e-  597.438 keV    e+  574.135 keV proton 10 keV
 Region(s) which use this couple : 
    DefaultRegionForTheWorld

Index : 4     used in the geometry : Yes
 Material : G4_Fe
 Range cuts        :  gamma  1 mm     e-  1 mm     e+  1 mm  proton 100 um 
 Energy thresholds :  gamma  20.7572 keV    e-  1.28885 MeV    e+  1.21776 MeV proton 10 keV
 Region(s) which use this couple : 
    DefaultRegionForTheWorld

Index : 5     used in the geometry : Yes
 Material : G4_W
 Range cuts        :  gamma  1 mm     e-  1 mm     e+  1 mm  proton 100 um 
 Energy thresholds :  gamma  106.43 keV    e-  2.31004 MeV    e+  2.14587 MeV proton 10 keV
 Region(s) which use this couple : 
    DefaultRegionForTheWorld

Index : 6     used in the geometry : Yes
 Material : G4_Pb
 Range cuts        :  gamma  1 mm     e-  1 mm     e+  1 mm  proton 100 um 
 Energy thresholds :  gamma  101.797 keV    e-  1.37158 MeV    e+  1.2826 MeV proton 10 keV
 Region(s) which use this couple : 
    DefaultRegionForTheWorld

Index : 7     used in the geometry : Yes
 Material : G4_WATER
 Range cuts        :  gamma  1 mm     e-  1 mm     e+  1 mm  proton 100 um 
 Energy thresholds :  gamma  2.93547 keV    e-  351.353 keV    e+  341.657 keV proton 10 keV
 Region(s) which use this couple : 
    DefaultRegionForTheWorld

==================================================================

### Run 3 starts.
Run 3 starts ...
 Run terminated.
Run Summary
  Number of events processed : 10
  User=0.000000s Real=0.002606s Sys=0.000000s
	  User TOT = 0.01	  Real TOT = 0.0101798
 Summary of Run 3 :
/run/geometryModified

========= Table of registered couples ============================

Index : 0     used in the geometry : Yes
 Material : G4_AIR
 Range cuts        :  gamma  1 mm     e-  1 mm     e+  1 mm  proton 100 um 
 Energy thresholds :  gamma  990 eV     e-  990 eV     e+  990 eV  proton 10 keV
 Region(s) which use this couple : 
    DefaultRegionForTheWorld

Index : 1     used in the geometry : Yes
 Material : G4_Co
 Range cuts        :  gamma  1 mm     e-  1 mm     e+  1 mm  proton 100 um 
 Energy thresholds :  gamma  22.8507 keV    e-  1.40918 MeV    e+  1.32925 MeV proton 10 keV
 Region(s) which use this couple : 
    DefaultRegionForTheWorld

Index : 2     used in the geometry : Yes
 Material : StainlessSteel
 Range cuts        :  gamma  1 mm     e-  1 mm     e+  1 mm  proton 100 um 
 Energy thresholds :  gamma  20.6058 keV    e-  1.28056 MeV    e+  1.21009 MeV proton 10 keV
 Region(s) which use this couple : 
    DefaultRegionForTheWorld

Index : 3     used in the geometry : Yes
 Material : G4_Al
 Range cuts        :  gamma  1 mm     e-  1 mm     e+  1 mm  proton 100 um 
 Energy thresholds :  gamma  6.91572 keV    e-  597.438 keV    e+  574.135 keV proton 10 keV
 Region(s) which use this couple : 
    DefaultRegionForTheWorld

Index : 4     used in the geometry : Yes
 Material : G4_Fe
 Range cuts        :  gamma  1 mm     e-  1 mm     e+  1 mm  proton 100 um 
 Energy thresholds :  gamma  20.7572 keV    e-  1.28885 MeV    e+  1.21776 MeV proton 10 keV
 Region(s) which use this couple : 
    DefaultRegionForTheWorld

Index : 5     used in the geometry : Yes
 Material : G4_W
 Range cuts        :  gamma  1 mm     e-  1 mm     e+  1 mm  proton 100 um 
 Energy thresholds :  gamma  106.43 keV    e-  2.31004 MeV    e+  2.14587 MeV proton 10 keV
 Region(s) which use this couple : 
    DefaultRegionForTheWorld

Index : 6     used in the geometry : Yes
 Material : G4_Pb
 Range cuts        :  gamma  1 mm     e-  1 mm     e+  1 mm  proton 100 um 
 Energy thresholds :  gamma  101.797 keV    e-  1.37158 MeV    e+  1.2826 MeV proton 10 keV
 Region(s) which use this couple : 
    DefaultRegionForTheWorld

Index : 7     used in the geometry : Yes
 Material : G4_WATER
 Range cuts        :  gamma  1 mm     e-  1 mm     e+  1 mm  proton 100 um 
 Energy thresholds :  gamma  2.93547 keV    e-  351.353 keV    e+  341.657 keV proton 10 keV
 Region(s) which use this couple : 
    DefaultRegionForTheWorld

==================================================================

### Run 4 starts.
Run 4 starts ...
 Run terminated.
Run Summary
  Number of events processed : 10
  User=0.000000s Real=0.002262s Sys=0.000000s
	  User TOT = 0.01	  Real TOT = 0.0125501
 Summary of Run 4 :
/run/geometryModified

========= Table of registered couples ============================

Index : 0     used in the geometry : Yes
 Material : G4_AIR
 Range cuts        :  gamma  1 mm     e-  1 mm     e+  1 mm  proton 100 um 
 Energy thresholds :  gamma  990 eV     e-  990 eV     e+  990 eV  proton 10 keV
 Region(s) which use this couple : 
    DefaultRegionForTheWorld

Index : 1     used in the geometry : Yes
 Material : G4_Co
 Range cuts        :  gamma  1 mm     e-  1 mm     e+  1 mm  proton 100 um 
 Energy thresholds :  gamma  22.8507 keV    e-  1.40918 MeV    e+  1.32925 MeV proton 10 keV
 Region(s) which use this couple : 
    DefaultRegionForTheWorld

Index : 2     used in the geometry : Yes
 Material : StainlessSteel
 Range cuts        :  gamma  1 mm     e-  1 mm     e+  1 mm  proton 100 um 
 Energy thresholds :  gamma  20.6058 keV    e-  1.28056 MeV    e+  1.21009 MeV proton 10 keV
 Region(s) which use this couple : 
    DefaultRegionForTheWorld

Index : 3     used in the geometry : Yes
 Material : G4_Al
 Range cuts        :  gamma  1 mm     e-  1 mm     e+  1 mm  proton 100 um 
 Energy thresholds :  gamma  6.91572 keV    e-  597.438 keV    e+  574.135 keV proton 10 keV
 Region(s) which use this couple : 
    DefaultRegionForTheWorld

Index : 4     used in the geometry : Yes
 Material : G4_Fe
 Range cuts        :  gamma  1 mm     e-  1 mm     e+  1 mm  proton 100 um 
 Energy thresholds :  gamma  20.7572 keV    e-  1.28885 MeV    e+  1.21776 MeV proton 10 keV
 Region(s) which use this couple : 
    DefaultRegionForTheWorld

Index : 5     used in the geometry : Yes
 Material : G4_W
 Range cuts        :  gamma  1 mm     e-  1 mm     e+  1 mm  proton 100 um 
 Energy thresholds :  gamma  106.43 keV    e-  2.31004 MeV    e+  2.14587 MeV proton 10 keV
 Region(s) which use this couple : 
    DefaultRegionForTheWorld

Index : 6     used in the geometry : Yes
 Material : G4_Pb
 Range cuts        :  gamma  1 mm     e-  1 mm     e+  1 mm  proton 100 um 
 Energy thresholds :  gamma  101.797 keV    e-  1.37158 MeV    e+  1.2826 MeV proton 10 keV
 Region(s) which use this couple : 
    DefaultRegionForTheWorld

Index : 7     used in the geometry : Yes
 Material : G4_WATER
 Range cuts        :  gamma  1 mm     e-  1 mm     e+  1 mm  proton 100 um 
 Energy thresholds :  gamma  2.93547 keV    e-  351.353 keV    e+  341.657 keV proton 10 keV
 Region(s) which use this couple : 
    DefaultRegionForTheWorld

==================================================================

### Run 5 starts.
Run 5 starts ...
 Run terminated.
Run Summary
  Number of events processed : 10
  User=0.000000s Real=0.001762s Sys=0.000000s
	  User TOT = 0.01	  Real TOT = 0.0144228
 Summary of Run 5 :
/run/geometryModified

========= Table of registered couples ============================

Index : 0     used in the geometry : Yes
 Material : G4_AIR
 Range cuts        :  gamma  1 mm     e-  1 mm     e+  1 mm  proton 100 um 
 Energy thresholds :  gamma  990 eV     e-  990 eV     e+  990 eV  proton 10 keV
 Region(s) which use this couple : 
    DefaultRegionForTheWorld

Index : 1     used in the geometry : Yes
 Material : G4_Co
 Range cuts        :  gamma  1 mm     e-  1 mm     e+  1 mm  proton 100 um 
 Energy thresholds :  gamma  22.8507 keV    e-  1.40918 MeV    e+  1.32925 MeV proton 10 keV
 Region(s) which use this couple : 
    DefaultRegionForTheWorld

Index : 2     used in the geometry : Yes
 Material : StainlessSteel
 Range cuts        :  gamma  1 mm     e-  1 mm     e+  1 mm  proton 100 um 
 Energy thresholds :  gamma  20.6058 keV    e-  1.28056 MeV    e+  1.21009 MeV proton 10 keV
 Region(s) which use this couple : 
    DefaultRegionForTheWorld

Index : 3     used in the geometry : Yes
 Material : G4_Al
 Range cuts        :  gamma  1 mm     e-  1 mm     e+  1 mm  proton 100 um 
 Energy thresholds :  gamma  6.91572 keV    e-  597.438 keV    e+  574.135 keV proton 10 keV
 Region(s) which use this couple : 
    DefaultRegionForTheWorld

Index : 4     used in the geometry : Yes
 Material : G4_Fe
 Range cuts        :  gamma  1 mm     e-  1 mm     e+  1 mm  proton 100 um 
 Energy thresholds :  gamma  20.7572 keV    e-  1.28885 MeV    e+  1.21776 MeV proton 10 keV
 Region(s) which use this couple : 
    DefaultRegionForTheWorld

Index : 5     used in the geometry : Yes
 Material : G4_W
 Range cuts        :  gamma  1 mm     e-  1 mm     e+  1 mm  proton 100 um 
 Energy thresholds :  gamma  106.43 keV    e-  2.31004 MeV    e+  2.14587 MeV proton 10 keV
 Region(s) which use this couple : 
    DefaultRegionForTheWorld

Index : 6     used in the geometry : Yes
 Material : G4_Pb
 Range cuts        :  gamma  1 mm     e-  1 mm     e+  1 mm  proton 100 um 
 Energy thresholds :  gamma  101.797 keV    e-  1.37158 MeV    e+  1.2826 MeV proton 10 keV
 Region(s) which use this couple : 
    DefaultRegionForTheWorld

Index : 7     used in the geometry : Yes
 Material : G4_WATER
 Range cuts        :  gamma  1 mm     e-  1 mm     e+  1 mm  proton 100 um 
 Energy thresholds :  gamma  2.93547 keV    e-  351.353 keV    e+  341.657 keV proton 10 keV
 Region(s) which use this couple : 
    DefaultRegionForTheWorld

==================================================================

### Run 6 starts.
Run 6 starts ...
 Run terminated.
Run Summary
  Number of events processed : 10
  User=0.010000s Real=0.001869s Sys=0.000000s
	  User TOT = 0.02	  Real TOT = 0.0164041
 Summary of Run 6 :
/run/geometryModified

========= Table of registered couples ============================

Index : 0     used in the geometry : Yes
 Material : G4_AIR
 Range cuts        :  gamma  1 mm     e-  1 mm     e+  1 mm  proton 100 um 
 Energy thresholds :  gamma  990 eV     e-  990 eV     e+  990 eV  proton 10 keV
 Region(s) which use this couple : 
    DefaultRegionForTheWorld

Index : 1     used in the geometry : Yes
 Material : G4_Co
 Range cuts        :  gamma  1 mm     e-  1 mm     e+  1 mm  proton 100 um 
 Energy thresholds :  gamma  22.8507 keV    e-  1.40918 MeV    e+  1.32925 MeV proton 10 keV
 Region(s) which use this couple : 
    DefaultRegionForTheWorld

Index : 2     used in the geometry : Yes
 Material : StainlessSteel
 Range cuts        :  gamma  1 mm     e-  1 mm     e+  1 mm  proton 100 um 
 Energy thresholds :  gamma  20.6058 keV    e-  1.28056 MeV    e+  1.21009 MeV proton 10 keV
 Region(s) which use this couple : 
    DefaultRegionForTheWorld

Index : 3     used in the geometry : Yes
 Material : G4_Al
 Range cuts        :  gamma  1 mm     e-  1 mm     e+  1 mm  proton 100 um 
 Energy thresholds :  gamma  6.91572 keV    e-  597.438 keV    e+  574.135 keV proton 10 keV
 Region(s) which use this couple : 
    DefaultRegionForTheWorld

Index : 4     used in the geometry : Yes
 Material : G4_Fe
 Range cuts        :  gamma  1 mm     e-  1 mm     e+  1 mm  proton 100 um 
 Energy thresholds :  gamma  20.7572 keV    e-  1.28885 MeV    e+  1.21776 MeV proton 10 keV
 Region(s) which use this couple : 
    DefaultRegionForTheWorld

Index : 5     used in the geometry : Yes
 Material : G4_W
 Range cuts        :  gamma  1 mm     e-  1 mm     e+  1 mm  proton 100 um 
 Energy thresholds :  gamma  106.43 keV    e-  2.31004 MeV    e+  2.14587 MeV proton 10 keV
 Region(s) which use this couple : 
    DefaultRegionForTheWorld

Index : 6     used in the geometry : Yes
 Material : G4_Pb
 Range cuts        :  gamma  1 mm     e-  1 mm     e+  1 mm  proton 100 um 
 Energy thresholds :  gamma  101.797 keV    e-  1.37158 MeV    e+  1.2826 MeV proton 10 keV
 Region(s) which use this couple : 
    DefaultRegionForTheWorld

Index : 7     used in the geometry : Yes
 Material : G4_WATER
 Range cuts        :  gamma  1 mm     e-  1 mm     e+  1 mm  proton 100 um 
 Energy thresholds :  gamma  2.93547 keV    e-  351.353 keV    e+  341.657 keV proton 10 keV
 Region(s) which use this couple : 
    DefaultRegionForTheWorld

==================================================================

### Run 7 starts.
Run 7 starts ...
 Run terminated.
Run Summary
  Number of events processed : 10
  User=0.000000s Real=0.001951s Sys=0.000000s
	  User TOT = 0.02	  Real TOT = 0.0184636
 Summary of Run 7 :
/run/geometryModified

========= Table of registered couples ============================

Index : 0     used in the geometry : Yes
 Material : G4_AIR
 Range cuts        :  gamma  1 mm     e-  1 mm     e+  1 mm  proton 100 um 
 Energy thresholds :  gamma  990 eV     e-  990 eV     e+  990 eV  proton 10 keV
 Region(s) which use this couple : 
    DefaultRegionForTheWorld

Index : 1     used in the geometry : Yes
 Material : G4_Co
 Range cuts        :  gamma  1 mm     e-  1 mm     e+  1 mm  proton 100 um 
 Energy thresholds :  gamma  22.8507 keV    e-  1.40918 MeV    e+  1.32925 MeV proton 10 keV
 Region(s) which use this couple : 
    DefaultRegionForTheWorld

Index : 2     used in the geometry : Yes
 Material : StainlessSteel
 Range cuts        :  gamma  1 mm     e-  1 mm     e+  1 mm  proton 100 um 
 Energy thresholds :  gamma  20.6058 keV    e-  1.28056 MeV    e+  1.21009 MeV proton 10 keV
 Region(s) which use this couple : 
    DefaultRegionForTheWorld

Index : 3     used in the geometry : Yes
 Material : G4_Al
 Range cuts        :  gamma  1 mm     e-  1 mm     e+  1 mm  proton 100 um 
 Energy thresholds :  gamma  6.91572 keV    e-  597.438 keV    e+  574.135 keV proton 10 keV
 Region(s) which use this couple : 
    DefaultRegionForTheWorld

Index : 4     used in the geometry : Yes
 Material : G4_Fe
 Range cuts        :  gamma  1 mm     e-  1 mm     e+  1 mm  proton 100 um 
 Energy thresholds :  gamma  20.7572 keV    e-  1.28885 MeV    e+  1.21776 MeV proton 10 keV
 Region(s) which use this couple : 
    DefaultRegionForTheWorld

Index : 5     used in the geometry : Yes
 Material : G4_W
 Range cuts        :  gamma  1 mm     e-  1 mm     e+  1 mm  proton 100 um 
 Energy thresholds :  gamma  106.43 keV    e-  2.31004 MeV    e+  2.14587 MeV proton 10 keV
 Region(s) which use this couple : 
    DefaultRegionForTheWorld

Index : 6     used in the geometry : Yes
 Material : G4_Pb
 Range cuts        :  gamma  1 mm     e-  1 mm     e+  1 mm  proton 100 um 
 Energy thresholds :  gamma  101.797 keV    e-  1.37158 MeV    e+  1.2826 MeV proton 10 keV
 Region(s) which use this couple : 
    DefaultRegionForTheWorld

Index : 7     used in the geometry : Yes
 Material : G4_WATER
 Range cuts        :  gamma  1 mm     e-  1 mm     e+  1 mm  proton 100 um 
 Energy thresholds :  gamma  2.93547 keV    e-  351.353 keV    e+  341.657 keV proton 10 keV
 Region(s) which use this couple : 
    DefaultRegionForTheWorld

==================================================================

### Run 8 starts.
Run 8 starts ...
 Run terminated.
Run Summary
  Number of events processed : 10
  User=0.000000s Real=0.001625s Sys=0.000000s
	  User TOT = 0.02	  Real TOT = 0.0202046
 Summary of Run 8 :
/run/geometryModified

========= Table of registered couples ============================

Index : 0     used in the geometry : Yes
 Material : G4_AIR
 Range cuts        :  gamma  1 mm     e-  1 mm     e+  1 mm  proton 100 um 
 Energy thresholds :  gamma  990 eV     e-  990 eV     e+  990 eV  proton 10 keV
 Region(s) which use this couple : 
    DefaultRegionForTheWorld

Index : 1     used in the geometry : Yes
 Material : G4_Co
 Range cuts        :  gamma  1 mm     e-  1 mm     e+  1 mm  proton 100 um 
 Energy thresholds :  gamma  22.8507 keV    e-  1.40918 MeV    e+  1.32925 MeV proton 10 keV
 Region(s) which use this couple : 
    DefaultRegionForTheWorld

Index : 2     used in the geometry : Yes
 Material : StainlessSteel
 Range cuts        :  gamma  1 mm     e-  1 mm     e+  1 mm  proton 100 um 
 Energy thresholds :  gamma  20.6058 keV    e-  1.28056 MeV    e+  1.21009 MeV proton 10 keV
 Region(s) which use this couple : 
    DefaultRegionForTheWorld

Index : 3     used in the geometry : Yes
 Material : G4_Al
 Range cuts        :  gamma  1 mm     e-  1 mm     e+  1 mm  proton 100 um 
 Energy thresholds :  gamma  6.91572 keV    e-  597.438 keV    e+  574.135 keV proton 10 keV
 Region(s) which use this couple : 
    DefaultRegionForTheWorld

Index : 4     used in the geometry : Yes
 Material : G4_Fe
 Range cuts        :  gamma  1 mm     e-  1 mm     e+  1 mm  proton 100 um 
 Energy thresholds :  gamma  20.7572 keV    e-  1.28885 MeV    e+  1.21776 MeV proton 10 keV
 Region(s) which use this couple : 
    DefaultRegionForTheWorld

Index : 5     used in the geometry : Yes
 Material : G4_W
 Range cuts        :  gamma  1 mm     e-  1 mm     e+  1 mm  proton 100 um 
 Energy thresholds :  gamma  106.43 keV    e-  2.31004 MeV    e+  2.14587 MeV proton 10 keV
 Region(s) which use this couple : 
    DefaultRegionForTheWorld

Index : 6     used in the geometry : Yes
 Material : G4_Pb
 Range cuts        :  gamma  1 mm     e-  1 mm     e+  1 mm  proton 100 um 
 Energy thresholds :  gamma  101.797 keV    e-  1.37158 MeV    e+  1.2826 MeV proton 10 keV
 Region(s) which use this couple : 
    DefaultRegionForTheWorld

Index : 7     used in the geometry : Yes
 Material : G4_WATER
 Range cuts        :  gamma  1 mm     e-  1 mm     e+  1 mm  proton 100 um 
 Energy thresholds :  gamma  2.93547 keV    e-  351.353 keV    e+  341.657 keV proton 10 keV
 Region(s) which use this couple : 
    DefaultRegionForTheWorld

==================================================================

### Run 9 starts.
Run 9 starts ...
 Run terminated.
Run Summary
  Number of events processed : 10
  User=0.000000s Real=0.001778s Sys=0.000000s
	  User TOT = 0.02	  Real TOT = 0.0221009
 Summary of Run 9 :
/run/geometryModified

========= Table of registered couples ============================

Index : 0     used in the geometry : Yes
 Material : G4_AIR
 Range cuts        :  gamma  1 mm     e-  1 mm     e+  1 mm  proton 100 um 
 Energy thresholds :  gamma  990 eV     e-  990 eV     e+  990 eV  proton 10 keV
 Region(s) which use this couple : 
    DefaultRegionForTheWorld

Index : 1     used in the geometry : Yes
 Material : G4_Co
 Range cuts        :  gamma  1 mm     e-  1 mm     e+  1 mm  proton 100 um 
 Energy thresholds :  gamma  22.8507 keV    e-  1.40918 MeV    e+  1.32925 MeV proton 10 keV
 Region(s) which use this couple : 
    DefaultRegionForTheWorld

Index : 2     used in the geometry : Yes
 Material : StainlessSteel
 Range cuts        :  gamma  1 mm     e-  1 mm     e+  1 mm  proton 100 um 
 Energy thresholds :  gamma  20.6058 keV    e-  1.28056 MeV    e+  1.21009 MeV proton 10 keV
 Region(s) which use this couple : 
    DefaultRegionForTheWorld

Index : 3     used in the geometry : Yes
 Material : G4_Al
 Range cuts        :  gamma  1 mm     e-  1 mm     e+  1 mm  proton 100 um 
 Energy thresholds :  gamma  6.91572 keV    e-  597.438 keV    e+  574.135 keV proton 10 keV
 Region(s) which use this couple : 
    DefaultRegionForTheWorld

Index : 4     used in the geometry : Yes
 Material : G4_Fe
 Range cuts        :  gamma  1 mm     e-  1 mm     e+  1 mm  proton 100 um 
 Energy thresholds :  gamma  20.7572 keV    e-  1.28885 MeV    e+  1.21776 MeV proton 10 keV
 Region(s) which use this couple : 
    DefaultRegionForTheWorld

Index : 5     used in the geometry : Yes
 Material : G4_W
 Range cuts        :  gamma  1 mm     e-  1 mm     e+  1 mm  proton 100 um 
 Energy thresholds :  gamma  106.43 keV    e-  2.31004 MeV    e+  2.14587 MeV proton 10 keV
 Region(s) which use this couple : 
    DefaultRegionForTheWorld

Index : 6     used in the geometry : Yes
 Material : G4_Pb
 Range cuts        :  gamma  1 mm     e-  1 mm     e+  1 mm  proton 100 um 
 Energy thresholds :  gamma  101.797 keV    e-  1.37158 MeV    e+  1.2826 MeV proton 10 keV
 Region(s) which use this couple : 
    DefaultRegionForTheWorld

Index : 7     used in the geometry : Yes
 Material : G4_WATER
 Range cuts        :  gamma  1 mm     e-  1 mm     e+  1 mm  proton 100 um 
 Energy thresholds :  gamma  2.93547 keV    e-  351.353 keV    e+  341.657 keV proton 10 keV
 Region(s) which use this couple : 
    DefaultRegionForTheWorld

==================================================================

### Run 10 starts.
Run 10 starts ...
 Run terminated.
Run Summary
  Number of events processed : 10
  User=0.000000s Real=0.002113s Sys=0.010000s
	  User TOT = 0.02	  Real TOT = 0.0243216
 Summary of Run 10 :
/run/geometryModified

========= Table of registered couples ============================

Index : 0     used in the geometry : Yes
 Material : G4_AIR
 Range cuts        :  gamma  1 mm     e-  1 mm     e+  1 mm  proton 100 um 
 Energy thresholds :  gamma  990 eV     e-  990 eV     e+  990 eV  proton 10 keV
 Region(s) which use this couple : 
    DefaultRegionForTheWorld

Index : 1     used in the geometry : Yes
 Material : G4_Co
 Range cuts        :  gamma  1 mm     e-  1 mm     e+  1 mm  proton 100 um 
 Energy thresholds :  gamma  22.8507 keV    e-  1.40918 MeV    e+  1.32925 MeV proton 10 keV
 Region(s) which use this couple : 
    DefaultRegionForTheWorld

Index : 2     used in the geometry : Yes
 Material : StainlessSteel
 Range cuts        :  gamma  1 mm     e-  1 mm     e+  1 mm  proton 100 um 
 Energy thresholds :  gamma  20.6058 keV    e-  1.28056 MeV    e+  1.21009 MeV proton 10 keV
 Region(s) which use this couple : 
    DefaultRegionForTheWorld

Index : 3     used in the geometry : Yes
 Material : G4_Al
 Range cuts        :  gamma  1 mm     e-  1 mm     e+  1 mm  proton 100 um 
 Energy thresholds :  gamma  6.91572 keV    e-  597.438 keV    e+  574.135 keV proton 10 keV
 Region(s) which use this couple : 
    DefaultRegionForTheWorld

Index : 4     used in the geometry : Yes
 Material : G4_Fe
 Range cuts        :  gamma  1 mm     e-  1 mm     e+  1 mm  proton 100 um 
 Energy thresholds :  gamma  20.7572 keV    e-  1.28885 MeV    e+  1.21776 MeV proton 10 keV
 Region(s) which use this couple : 
    DefaultRegionForTheWorld

Index : 5     used in the geometry : Yes
 Material : G4_W
 Range cuts        :  gamma  1 mm     e-  1 mm     e+  1 mm  proton 100 um 
 Energy thresholds :  gamma  106.43 keV    e-  2.31004 MeV    e+  2.14587 MeV proton 10 keV
 Region(s) which use this couple : 
    DefaultRegionForTheWorld

Index : 6     used in the geometry : Yes
 Material : G4_Pb
 Range cuts        :  gamma  1 mm     e-  1 mm     e+  1 mm  proton 100 um 
 Energy thresholds :  gamma  101.797 keV    e-  1.37158 MeV    e+  1.2826 MeV proton 10 keV
 Region(s) which use this couple : 
    DefaultRegionForTheWorld

Index : 7     used in the geometry : Yes
 Material : G4_WATER
 Range cuts        :  gamma  1 mm     e-  1 mm     e+  1 mm  proton 100 um 
 Energy thresholds :  gamma  2.93547 keV    e-  351.353 keV    e+  341.657 keV proton 10 keV
 Region(s) which use this couple : 
    DefaultRegionForTheWorld

==================================================================

### Run 11 starts.
Run 11 starts ...
 Run terminated.
Run Summary
  Number of events processed : 10
  User=0.000000s Real=0.002072s Sys=0.000000s
	  User TOT = 0.02	  Real TOT = 0.0265126
 Summary of Run 11 :
/run/geometryModified

========= Table of registered couples ============================

Index : 0     used in the geometry : Yes
 Material : G4_AIR
 Range cuts        :  gamma  1 mm     e-  1 mm     e+  1 mm  proton 100 um 
 Energy thresholds :  gamma  990 eV     e-  990 eV     e+  990 eV  proton 10 keV
 Region(s) which use this couple : 
    DefaultRegionForTheWorld

Index : 1     used in the geometry : Yes
 Material : G4_Co
 Range cuts        :  gamma  1 mm     e-  1 mm     e+  1 mm  proton 100 um 
 Energy thresholds :  gamma  22.8507 keV    e-  1.40918 MeV    e+  1.32925 MeV proton 10 keV
 Region(s) which use this couple : 
    DefaultRegionForTheWorld

Index : 2     used in the geometry : Yes
 Material : StainlessSteel
 Range cuts        :  gamma  1 mm     e-  1 mm     e+  1 mm  proton 100 um 
 Energy thresholds :  gamma  20.6058 keV    e-  1.28056 MeV    e+  1.21009 MeV proton 10 keV
 Region(s) which use this couple : 
    DefaultRegionForTheWorld

Index : 3     used in the geometry : Yes
 Material : G4_Al
 Range cuts        :  gamma  1 mm     e-  1 mm     e+  1 mm  proton 100 um 
 Energy thresholds :  gamma  6.91572 keV    e-  597.438 keV    e+  574.135 keV proton 10 keV
 Region(s) which use this couple : 
    DefaultRegionForTheWorld

Index : 4     used in the geometry : Yes
 Material : G4_Fe
 Range cuts        :  gamma  1 mm     e-  1 mm     e+  1 mm  proton 100 um 
 Energy thresholds :  gamma  20.7572 keV    e-  1.28885 MeV    e+  1.21776 MeV proton 10 keV
 Region(s) which use this couple : 
    DefaultRegionForTheWorld

Index : 5     used in the geometry : Yes
 Material : G4_W
 Range cuts        :  gamma  1 mm     e-  1 mm     e+  1 mm  proton 100 um 
 Energy thresholds :  gamma  106.43 keV    e-  2.31004 MeV    e+  2.14587 MeV proton 10 keV
 Region(s) which use this couple : 
    DefaultRegionForTheWorld

Index : 6     used in the geometry : Yes
 Material : G4_Pb
 Range cuts        :  gamma  1 mm     e-  1 mm     e+  1 mm  proton 100 um 
 Energy thresholds :  gamma  101.797 keV    e-  1.37158 MeV    e+  1.2826 MeV proton 10 keV
 Region(s) which use this couple : 
    DefaultRegionForTheWorld

Index : 7     used in the geometry : Yes
 Material : G4_WATER
 Range cuts        :  gamma  1 mm     e-  1 mm     e+  1 mm  proton 100 um 
 Energy thresholds :  gamma  2.93547 keV    e-  351.353 keV    e+  341.657 keV proton 10 keV
 Region(s) which use this couple : 
    DefaultRegionForTheWorld

==================================================================

### Run 12 starts.
Run 12 starts ...
 Run terminated.
Run Summary
  Number of events processed : 10
  User=0.000000s Real=0.001685s Sys=0.000000s
	  User TOT = 0.02	  Real TOT = 0.0283155
 Summary of Run 12 :
/run/geometryModified

========= Table of registered couples ============================

Index : 0     used in the geometry : Yes
 Material : G4_AIR
 Range cuts        :  gamma  1 mm     e-  1 mm     e+  1 mm  proton 100 um 
 Energy thresholds :  gamma  990 eV     e-  990 eV     e+  990 eV  proton 10 keV
 Region(s) which use this couple : 
    DefaultRegionForTheWorld

Index : 1     used in the geometry : Yes
 Material : G4_Co
 Range cuts        :  gamma  1 mm     e-  1 mm     e+  1 mm  proton 100 um 
 Energy thresholds :  gamma  22.8507 keV    e-  1.40918 MeV    e+  1.32925 MeV proton 10 keV
 Region(s) which use this couple : 
    DefaultRegionForTheWorld

Index : 2     used in the geometry : Yes
 Material : StainlessSteel
 Range cuts        :  gamma  1 mm     e-  1 mm     e+  1 mm  proton 100 um 
 Energy thresholds :  gamma  20.6058 keV    e-  1.28056 MeV    e+  1.21009 MeV proton 10 keV
 Region(s) which use this couple : 
    DefaultRegionForTheWorld

Index : 3     used in the geometry : Yes
 Material : G4_Al
 Range cuts        :  gamma  1 mm     e-  1 mm     e+  1 mm  proton 100 um 
 Energy thresholds :  gamma  6.91572 keV    e-  597.438 keV    e+  574.135 keV proton 10 keV
 Region(s) which use this couple : 
    DefaultRegionForTheWorld

Index : 4     used in the geometry : Yes
 Material : G4_Fe
 Range cuts        :  gamma  1 mm     e-  1 mm     e+  1 mm  proton 100 um 
 Energy thresholds :  gamma  20.7572 keV    e-  1.28885 MeV    e+  1.21776 MeV proton 10 keV
 Region(s) which use this couple : 
    DefaultRegionForTheWorld

Index : 5     used in the geometry : Yes
 Material : G4_W
 Range cuts        :  gamma  1 mm     e-  1 mm     e+  1 mm  proton 100 um 
 Energy thresholds :  gamma  106.43 keV    e-  2.31004 MeV    e+  2.14587 MeV proton 10 keV
 Region(s) which use this couple : 
    DefaultRegionForTheWorld

Index : 6     used in the geometry : Yes
 Material : G4_Pb
 Range cuts        :  gamma  1 mm     e-  1 mm     e+  1 mm  proton 100 um 
 Energy thresholds :  gamma  101.797 keV    e-  1.37158 MeV    e+  1.2826 MeV proton 10 keV
 Region(s) which use this couple : 
    DefaultRegionForTheWorld

Index : 7     used in the geometry : Yes
 Material : G4_WATER
 Range cuts        :  gamma  1 mm     e-  1 mm     e+  1 mm  proton 100 um 
 Energy thresholds :  gamma  2.93547 keV    e-  351.353 keV    e+  341.657 keV proton 10 keV
 Region(s) which use this couple : 
    DefaultRegionForTheWorld

==================================================================

### Run 13 starts.
Run 13 starts ...
 Run terminated.
Run Summary
  Number of events processed : 10
  User=0.010000s Real=0.002064s Sys=0.000000s
	  User TOT = 0.03	  Real TOT = 0.0304918
 Summary of Run 13 :
/run/geometryModified

========= Table of registered couples ============================

Index : 0     used in the geometry : Yes
 Material : G4_AIR
 Range cuts        :  gamma  1 mm     e-  1 mm     e+  1 mm  proton 100 um 
 Energy thresholds :  gamma  990 eV     e-  990 eV     e+  990 eV  proton 10 keV
 Region(s) which use this couple : 
    DefaultRegionForTheWorld

Index : 1     used in the geometry : Yes
 Material : G4_Co
 Range cuts        :  gamma  1 mm     e-  1 mm     e+  1 mm  proton 100 um 
 Energy thresholds :  gamma  22.8507 keV    e-  1.40918 MeV    e+  1.32925 MeV proton 10 keV
 Region(s) which use this couple : 
    DefaultRegionForTheWorld

Index : 2     used in the geometry : Yes
 Material : StainlessSteel
 Range cuts        :  gamma  1 mm     e-  1 mm     e+  1 mm  proton 100 um 
 Energy thresholds :  gamma  20.6058 keV    e-  1.28056 MeV    e+  1.21009 MeV proton 10 keV
 Region(s) which use this couple : 
    DefaultRegionForTheWorld

Index : 3     used in the geometry : Yes
 Material : G4_Al
 Range cuts        :  gamma  1 mm     e-  1 mm     e+  1 mm  proton 100 um 
 Energy thresholds :  gamma  6.91572 keV    e-  597.438 keV    e+  574.135 keV proton 10 keV
 Region(s) which use this couple : 
    DefaultRegionForTheWorld

Index : 4     used in the geometry : Yes
 Material : G4_Fe
 Range cuts        :  gamma  1 mm     e-  1 mm     e+  1 mm  proton 100 um 
 Energy thresholds :  gamma  20.7572 keV    e-  1.28885 MeV    e+  1.21776 MeV proton 10 keV
 Region(s) which use this couple : 
    DefaultRegionForTheWorld

Index : 5     used in the geometry : Yes
 Material : G4_W
 Range cuts        :  gamma  1 mm     e-  1 mm     e+  1 mm  proton 100 um 
 Energy thresholds :  gamma  106.43 keV    e-  2.31004 MeV    e+  2.14587 MeV proton 10 keV
 Region(s) which use this couple : 
    DefaultRegionForTheWorld

Index : 6     used in the geometry : Yes
 Material : G4_Pb
 Range cuts        :  gamma  1 mm     e-  1 mm     e+  1 mm  proton 100 um 
 Energy thresholds :  gamma  101.797 keV    e-  1.37158 MeV    e+  1.2826 MeV proton 10 keV
 Region(s) which use this couple : 
    DefaultRegionForTheWorld

Index : 7     used in the geometry : Yes
 Material : G4_WATER
 Range cuts        :  gamma  1 mm     e-  1 mm     e+  1 mm  proton 100 um 
 Energy thresholds :  gamma  2.93547 keV    e-  351.353 keV    e+  341.657 keV proton 10 keV
 Region(s) which use this couple : 
    DefaultRegionForTheWorld

==================================================================

### Run 14 starts.
Run 14 starts ...
 Run terminated.
Run Summary
  Number of events processed : 10
  User=0.000000s Real=0.002352s Sys=0.000000s
	  User TOT = 0.03	  Real TOT = 0.032953
 Summary of Run 14 :
/run/geometryModified

========= Table of registered couples ============================

Index : 0     used in the geometry : Yes
 Material : G4_AIR
 Range cuts        :  gamma  1 mm     e-  1 mm     e+  1 mm  proton 100 um 
 Energy thresholds :  gamma  990 eV     e-  990 eV     e+  990 eV  proton 10 keV
 Region(s) which use this couple : 
    DefaultRegionForTheWorld

Index : 1     used in the geometry : Yes
 Material : G4_Co
 Range cuts        :  gamma  1 mm     e-  1 mm     e+  1 mm  proton 100 um 
 Energy thresholds :  gamma  22.8507 keV    e-  1.40918 MeV    e+  1.32925 MeV proton 10 keV
 Region(s) which use this couple : 
    DefaultRegionForTheWorld

Index : 2     used in the geometry : Yes
 Material : StainlessSteel
 Range cuts        :  gamma  1 mm     e-  1 mm     e+  1 mm  proton 100 um 
 Energy thresholds :  gamma  20.6058 keV    e-  1.28056 MeV    e+  1.21009 MeV proton 10 keV
 Region(s) which use this couple : 
    DefaultRegionForTheWorld

Index : 3     used in the geometry : Yes
 Material : G4_Al
 Range cuts        :  gamma  1 mm     e-  1 mm     e+  1 mm  proton 100 um 
 Energy thresholds :  gamma  6.91572 keV    e-  597.438 keV    e+  574.135 keV proton 10 keV
 Region(s) which use this couple : 
    DefaultRegionForTheWorld

Index : 4     used in the geometry : Yes
 Material : G4_Fe
 Range cuts        :  gamma  1 mm     e-  1 mm     e+  1 mm  proton 100 um 
 Energy thresholds :  gamma  20.7572 keV    e-  1.28885 MeV    e+  1.21776 MeV proton 10 keV
 Region(s) which use this couple : 
    DefaultRegionForTheWorld

Index : 5     used in the geometry : Yes
 Material : G4_W
 Range cuts        :  gamma  1 mm     e-  1 mm     e+  1 mm  proton 100 um 
 Energy thresholds :  gamma  106.43 keV    e-  2.31004 MeV    e+  2.14587 MeV proton 10 keV
 Region(s) which use this couple : 
    DefaultRegionForTheWorld

Index : 6     used in the geometry : Yes
 Material : G4_Pb
 Range cuts        :  gamma  1 mm     e-  1 mm     e+  1 mm  proton 100 um 
 Energy thresholds :  gamma  101.797 keV    e-  1.37158 MeV    e+  1.2826 MeV proton 10 keV
 Region(s) which use this couple : 
    DefaultRegionForTheWorld

Index : 7     used in the geometry : Yes
 Material : G4_WATER
 Range cuts        :  gamma  1 mm     e-  1 mm     e+  1 mm  proton 100 um 
 Energy thresholds :  gamma  2.93547 keV    e-  351.353 keV    e+  341.657 keV proton 10 keV
 Region(s) which use this couple : 
    DefaultRegionForTheWorld

==================================================================

### Run 15 starts.
Run 15 starts ...
 Run terminated.
Run Summary
  Number of events processed : 10
  User=0.000000s Real=0.001636s Sys=0.000000s
	  User TOT = 0.03	  Real TOT = 0.0346967
 Summary of Run 15 :
/run/geometryModified

========= Table of registered couples ============================

Index : 0     used in the geometry : Yes
 Material : G4_AIR
 Range cuts        :  gamma  1 mm     e-  1 mm     e+  1 mm  proton 100 um 
 Energy thresholds :  gamma  990 eV     e-  990 eV     e+  990 eV  proton 10 keV
 Region(s) which use this couple : 
    DefaultRegionForTheWorld

Index : 1     used in the geometry : Yes
 Material : G4_Co
 Range cuts        :  gamma  1 mm     e-  1 mm     e+  1 mm  proton 100 um 
 Energy thresholds :  gamma  22.8507 keV    e-  1.40918 MeV    e+  1.32925 MeV proton 10 keV
 Region(s) which use this couple : 
    DefaultRegionForTheWorld

Index : 2     used in the geometry : Yes
 Material : StainlessSteel
 Range cuts        :  gamma  1 mm     e-  1 mm     e+  1 mm  proton 100 um 
 Energy thresholds :  gamma  20.6058 keV    e-  1.28056 MeV    e+  1.21009 MeV proton 10 keV
 Region(s) which use this couple : 
    DefaultRegionForTheWorld

Index : 3     used in the geometry : Yes
 Material : G4_Al
 Range cuts        :  gamma  1 mm     e-  1 mm     e+  1 mm  proton 100 um 
 Energy thresholds :  gamma  6.91572 keV    e-  597.438 keV    e+  574.135 keV proton 10 keV
 Region(s) which use this couple : 
    DefaultRegionForTheWorld

Index : 4     used in the geometry : Yes
 Material : G4_Fe
 Range cuts        :  gamma  1 mm     e-  1 mm     e+  1 mm  proton 100 um 
 Energy thresholds :  gamma  20.7572 keV    e-  1.28885 MeV    e+  1.21776 MeV proton 10 keV
 Region(s) which use this couple : 
    DefaultRegionForTheWorld

Index : 5     used in the geometry : Yes
 Material : G4_W
 Range cuts        :  gamma  1 mm     e-  1 mm     e+  1 mm  proton 100 um 
 Energy thresholds :  gamma  106.43 keV    e-  2.31004 MeV    e+  2.14587 MeV proton 10 keV
 Region(s) which use this couple : 
    DefaultRegionForTheWorld

Index : 6     used in the geometry : Yes
 Material : G4_Pb
 Range cuts        :  gamma  1 mm     e-  1 mm     e+  1 mm  proton 100 um 
 Energy thresholds :  gamma  101.797 keV    e-  1.37158 MeV    e+  1.2826 MeV proton 10 keV
 Region(s) which use this couple : 
    DefaultRegionForTheWorld

Index : 7     used in the geometry : Yes
 Material : G4_WATER
 Range cuts        :  gamma  1 mm     e-  1 mm     e+  1 mm  proton 100 um 
 Energy thresholds :  gamma  2.93547 keV    e-  351.353 keV    e+  341.657 keV proton 10 keV
 Region(s) which use this couple : 
    DefaultRegionForTheWorld

==================================================================

### Run 16 starts.
Run 16 starts ...
 Run terminated.
Run Summary
  Number of events processed : 10
  User=0.000000s Real=0.002341s Sys=0.000000s
	  User TOT = 0.03	  Real TOT = 0.0371764
 Summary of Run 16 :
/run/geometryModified

========= Table of registered couples ============================

Index : 0     used in the geometry : Yes
 Material : G4_AIR
 Range cuts        :  gamma  1 mm     e-  1 mm     e+  1 mm  proton 100 um 
 Energy thresholds :  gamma  990 eV     e-  990 eV     e+  990 eV  proton 10 keV
 Region(s) which use this couple : 
    DefaultRegionForTheWorld

Index : 1     used in the geometry : Yes
 Material : G4_Co
 Range cuts        :  gamma  1 mm     e-  1 mm     e+  1 mm  proton 100 um 
 Energy thresholds :  gamma  22.8507 keV    e-  1.40918 MeV    e+  1.32925 MeV proton 10 keV
 Region(s) which use this couple : 
    DefaultRegionForTheWorld

Index : 2     used in the geometry : Yes
 Material : StainlessSteel
 Range cuts        :  gamma  1 mm     e-  1 mm     e+  1 mm  proton 100 um 
 Energy thresholds :  gamma  20.6058 keV    e-  1.28056 MeV    e+  1.21009 MeV proton 10 keV
 Region(s) which use this couple : 
    DefaultRegionForTheWorld

Index : 3     used in the geometry : Yes
 Material : G4_Al
 Range cuts        :  gamma  1 mm     e-  1 mm     e+  1 mm  proton 100 um 
 Energy thresholds :  gamma  6.91572 keV    e-  597.438 keV    e+  574.135 keV proton 10 keV
 Region(s) which use this couple : 
    DefaultRegionForTheWorld

Index : 4     used in the geometry : Yes
 Material : G4_Fe
 Range cuts        :  gamma  1 mm     e-  1 mm     e+  1 mm  proton 100 um 
 Energy thresholds :  gamma  20.7572 keV    e-  1.28885 MeV    e+  1.21776 MeV proton 10 keV
 Region(s) which use this couple : 
    DefaultRegionForTheWorld

Index : 5     used in the geometry : Yes
 Material : G4_W
 Range cuts        :  gamma  1 mm     e-  1 mm     e+  1 mm  proton 100 um 
 Energy thresholds :  gamma  106.43 keV    e-  2.31004 MeV    e+  2.14587 MeV proton 10 keV
 Region(s) which use this couple : 
    DefaultRegionForTheWorld

Index : 6     used in the geometry : Yes
 Material : G4_Pb
 Range cuts        :  gamma  1 mm     e-  1 mm     e+  1 mm  proton 100 um 
 Energy thresholds :  gamma  101.797 keV    e-  1.37158 MeV    e+  1.2826 MeV proton 10 keV
 Region(s) which use this couple : 
    DefaultRegionForTheWorld

Index : 7     used in the geometry : Yes
 Material : G4_WATER
 Range cuts        :  gamma  1 mm     e-  1 mm     e+  1 mm  proton 100 um 
 Energy thresholds :  gamma  2.93547 keV    e-  351.353 keV    e+  341.657 keV proton 10 keV
 Region(s) which use this couple : 
    DefaultRegionForTheWorld

==================================================================

### Run 17 starts.
Run 17 starts ...
 Run terminated.
Run Summary
  Number of events processed : 10
  User=0.000000s Real=0.002240s Sys=0.000000s
	  User TOT = 0.04	  Real TOT = 0.0395257
 Summary of Run 17 :
/run/geometryModified

========= Table of registered couples ============================

Index : 0     used in the geometry : Yes
 Material : G4_AIR
 Range cuts        :  gamma  1 mm     e-  1 mm     e+  1 mm  proton 100 um 
 Energy thresholds :  gamma  990 eV     e-  990 eV     e+  990 eV  proton 10 keV
 Region(s) which use this couple : 
    DefaultRegionForTheWorld

Index : 1     used in the geometry : Yes
 Material : G4_Co
 Range cuts        :  gamma  1 mm     e-  1 mm     e+  1 mm  proton 100 um 
 Energy thresholds :  gamma  22.8507 keV    e-  1.40918 MeV    e+  1.32925 MeV proton 10 keV
 Region(s) which use this couple : 
    DefaultRegionForTheWorld

Index : 2     used in the geometry : Yes
 Material : StainlessSteel
 Range cuts        :  gamma  1 mm     e-  1 mm     e+  1 mm  proton 100 um 
 Energy thresholds :  gamma  20.6058 keV    e-  1.28056 MeV    e+  1.21009 MeV proton 10 keV
 Region(s) which use this couple : 
    DefaultRegionForTheWorld

Index : 3     used in the geometry : Yes
 Material : G4_Al
 Range cuts        :  gamma  1 mm     e-  1 mm     e+  1 mm  proton 100 um 
 Energy thresholds :  gamma  6.91572 keV    e-  597.438 keV    e+  574.135 keV proton 10 keV
 Region(s) which use this couple : 
    DefaultRegionForTheWorld

Index : 4     used in the geometry : Yes
 Material : G4_Fe
 Range cuts        :  gamma  1 mm     e-  1 mm     e+  1 mm  proton 100 um 
 Energy thresholds :  gamma  20.7572 keV    e-  1.28885 MeV    e+  1.21776 MeV proton 10 keV
 Region(s) which use this couple : 
    DefaultRegionForTheWorld

Index : 5     used in the geometry : Yes
 Material : G4_W
 Range cuts        :  gamma  1 mm     e-  1 mm     e+  1 mm  proton 100 um 
 Energy thresholds :  gamma  106.43 keV    e-  2.31004 MeV    e+  2.14587 MeV proton 10 keV
 Region(s) which use this couple : 
    DefaultRegionForTheWorld

Index : 6     used in the geometry : Yes
 Material : G4_Pb
 Range cuts        :  gamma  1 mm     e-  1 mm     e+  1 mm  proton 100 um 
 Energy thresholds :  gamma  101.797 keV    e-  1.37158 MeV    e+  1.2826 MeV proton 10 keV
 Region(s) which use this couple : 
    DefaultRegionForTheWorld

Index : 7     used in the geometry : Yes
 Material : G4_WATER
 Range cuts        :  gamma  1 mm     e-  1 mm     e+  1 mm  proton 100 um 
 Energy thresholds :  gamma  2.93547 keV    e-  351.353 keV    e+  341.657 keV proton 10 keV
 Region(s) which use this couple : 
    DefaultRegionForTheWorld

==================================================================

### Run 18 starts.
Run 18 starts ...
 Run terminated.
Run Summary
  Number of events processed : 10
  User=0.000000s Real=0.002080s Sys=0.000000s
	  User TOT = 0.04	  Real TOT = 0.0417218
 Summary of Run 18 :
/run/geometryModified

========= Table of registered couples ============================

Index : 0     used in the geometry : Yes
 Material : G4_AIR
 Range cuts        :  gamma  1 mm     e-  1 mm     e+  1 mm  proton 100 um 
 Energy thresholds :  gamma  990 eV     e-  990 eV     e+  990 eV  proton 10 keV
 Region(s) which use this couple : 
    DefaultRegionForTheWorld

Index : 1     used in the geometry : Yes
 Material : G4_Co
 Range cuts        :  gamma  1 mm     e-  1 mm     e+  1 mm  proton 100 um 
 Energy thresholds :  gamma  22.8507 keV    e-  1.40918 MeV    e+  1.32925 MeV proton 10 keV
 Region(s) which use this couple : 
    DefaultRegionForTheWorld

Index : 2     used in the geometry : Yes
 Material : StainlessSteel
 Range cuts        :  gamma  1 mm     e-  1 mm     e+  1 mm  proton 100 um 
 Energy thresholds :  gamma  20.6058 keV    e-  1.28056 MeV    e+  1.21009 MeV proton 10 keV
 Region(s) which use this couple : 
    DefaultRegionForTheWorld

Index : 3     used in the geometry : Yes
 Material : G4_Al
 Range cuts        :  gamma  1 mm     e-  1 mm     e+  1 mm  proton 100 um 
 Energy thresholds :  gamma  6.91572 keV    e-  597.438 keV    e+  574.135 keV proton 10 keV
 Region(s) which use this couple : 
    DefaultRegionForTheWorld

Index : 4     used in the geometry : Yes
 Material : G4_Fe
 Range cuts        :  gamma  1 mm     e-  1 mm     e+  1 mm  proton 100 um 
 Energy thresholds :  gamma  20.7572 keV    e-  1.28885 MeV    e+  1.21776 MeV proton 10 keV
 Region(s) which use this couple : 
    DefaultRegionForTheWorld

Index : 5     used in the geometry : Yes
 Material : G4_W
 Range cuts        :  gamma  1 mm     e-  1 mm     e+  1 mm  proton 100 um 
 Energy thresholds :  gamma  106.43 keV    e-  2.31004 MeV    e+  2.14587 MeV proton 10 keV
 Region(s) which use this couple : 
    DefaultRegionForTheWorld

Index : 6     used in the geometry : Yes
 Material : G4_Pb
 Range cuts        :  gamma  1 mm     e-  1 mm     e+  1 mm  proton 100 um 
 Energy thresholds :  gamma  101.797 keV    e-  1.37158 MeV    e+  1.2826 MeV proton 10 keV
 Region(s) which use this couple : 
    DefaultRegionForTheWorld

Index : 7     used in the geometry : Yes
 Material : G4_WATER
 Range cuts        :  gamma  1 mm     e-  1 mm     e+  1 mm  proton 100 um 
 Energy thresholds :  gamma  2.93547 keV    e-  351.353 keV    e+  341.657 keV proton 10 keV
 Region(s) which use this couple : 
    DefaultRegionForTheWorld

==================================================================

### Run 19 starts.
Run 19 starts ...
 Run terminated.
Run Summary
  Number of events processed : 10
  User=0.000000s Real=0.002033s Sys=0.000000s
	  User TOT = 0.04	  Real TOT = 0.0438632
 Summary of Run 19 :
/run/geometryModified

========= Table of registered couples ============================

Index : 0     used in the geometry : Yes
 Material : G4_AIR
 Range cuts        :  gamma  1 mm     e-  1 mm     e+  1 mm  proton 100 um 
 Energy thresholds :  gamma  990 eV     e-  990 eV     e+  990 eV  proton 10 keV
 Region(s) which use this couple : 
    DefaultRegionForTheWorld

Index : 1     used in the geometry : Yes
 Material : G4_Co
 Range cuts        :  gamma  1 mm     e-  1 mm     e+  1 mm  proton 100 um 
 Energy thresholds :  gamma  22.8507 keV    e-  1.40918 MeV    e+  1.32925 MeV proton 10 keV
 Region(s) which use this couple : 
    DefaultRegionForTheWorld

Index : 2     used in the geometry : Yes
 Material : StainlessSteel
 Range cuts        :  gamma  1 mm     e-  1 mm     e+  1 mm  proton 100 um 
 Energy thresholds :  gamma  20.6058 keV    e-  1.28056 MeV    e+  1.21009 MeV proton 10 keV
 Region(s) which use this couple : 
    DefaultRegionForTheWorld

Index : 3     used in the geometry : Yes
 Material : G4_Al
 Range cuts        :  gamma  1 mm     e-  1 mm     e+  1 mm  proton 100 um 
 Energy thresholds :  gamma  6.91572 keV    e-  597.438 keV    e+  574.135 keV proton 10 keV
 Region(s) which use this couple : 
    DefaultRegionForTheWorld

Index : 4     used in the geometry : Yes
 Material : G4_Fe
 Range cuts        :  gamma  1 mm     e-  1 mm     e+  1 mm  proton 100 um 
 Energy thresholds :  gamma  20.7572 keV    e-  1.28885 MeV    e+  1.21776 MeV proton 10 keV
 Region(s) which use this couple : 
    DefaultRegionForTheWorld

Index : 5     used in the geometry : Yes
 Material : G4_W
 Range cuts        :  gamma  1 mm     e-  1 mm     e+  1 mm  proton 100 um 
 Energy thresholds :  gamma  106.43 keV    e-  2.31004 MeV    e+  2.14587 MeV proton 10 keV
 Region(s) which use this couple : 
    DefaultRegionForTheWorld

Index : 6     used in the geometry : Yes
 Material : G4_Pb
 Range cuts        :  gamma  1 mm     e-  1 mm     e+  1 mm  proton 100 um 
 Energy thresholds :  gamma  101.797 keV    e-  1.37158 MeV    e+  1.2826 MeV proton 10 keV
 Region(s) which use this couple : 
    DefaultRegionForTheWorld

Index : 7     used in the geometry : Yes
 Material : G4_WATER
 Range cuts        :  gamma  1 mm     e-  1 mm     e+  1 mm  proton 100 um 
 Energy thresholds :  gamma  2.93547 keV    e-  351.353 keV    e+  341.657 keV proton 10 keV
 Region(s) which use this couple : 
    DefaultRegionForTheWorld

==================================================================

### Run 20 starts.
Run 20 starts ...
 Run terminated.
Run Summary
  Number of events processed : 10
  User=0.000000s Real=0.001562s Sys=0.000000s
	  User TOT = 0.04	  Real TOT = 0.0455412
 Summary of Run 20 :
/run/geometryModified

========= Table of registered couples ============================

Index : 0     used in the geometry : Yes
 Material : G4_AIR
 Range cuts        :  gamma  1 mm     e-  1 mm     e+  1 mm  proton 100 um 
 Energy thresholds :  gamma  990 eV     e-  990 eV     e+  990 eV  proton 10 keV
 Region(s) which use this couple : 
    DefaultRegionForTheWorld

Index : 1     used in the geometry : Yes
 Material : G4_Co
 Range cuts        :  gamma  1 mm     e-  1 mm     e+  1 mm  proton 100 um 
 Energy thresholds :  gamma  22.8507 keV    e-  1.40918 MeV    e+  1.32925 MeV proton 10 keV
 Region(s) which use this couple : 
    DefaultRegionForTheWorld

Index : 2     used in the geometry : Yes
 Material : StainlessSteel
 Range cuts        :  gamma  1 mm     e-  1 mm     e+  1 mm  proton 100 um 
 Energy thresholds :  gamma  20.6058 keV    e-  1.28056 MeV    e+  1.21009 MeV proton 10 keV
 Region(s) which use this couple : 
    DefaultRegionForTheWorld

Index : 3     used in the geometry : Yes
 Material : G4_Al
 Range cuts        :  gamma  1 mm     e-  1 mm     e+  1 mm  proton 100 um 
 Energy thresholds :  gamma  6.91572 keV    e-  597.438 keV    e+  574.135 keV proton 10 keV
 Region(s) which use this couple : 
    DefaultRegionForTheWorld

Index : 4     used in the geometry : Yes
 Material : G4_Fe
 Range cuts        :  gamma  1 mm     e-  1 mm     e+  1 mm  proton 100 um 
 Energy thresholds :  gamma  20.7572 keV    e-  1.28885 MeV    e+  1.21776 MeV proton 10 keV
 Region(s) which use this couple : 
    DefaultRegionForTheWorld

Index : 5     used in the geometry : Yes
 Material : G4_W
 Range cuts        :  gamma  1 mm     e-  1 mm     e+  1 mm  proton 100 um 
 Energy thresholds :  gamma  106.43 keV    e-  2.31004 MeV    e+  2.14587 MeV proton 10 keV
 Region(s) which use this couple : 
    DefaultRegionForTheWorld

Index : 6     used in the geometry : Yes
 Material : G4_Pb
 Range cuts        :  gamma  1 mm     e-  1 mm     e+  1 mm  proton 100 um 
 Energy thresholds :  gamma  101.797 keV    e-  1.37158 MeV    e+  1.2826 MeV proton 10 keV
 Region(s) which use this couple : 
    DefaultRegionForTheWorld

Index : 7     used in the geometry : Yes
 Material : G4_WATER
 Range cuts        :  gamma  1 mm     e-  1 mm     e+  1 mm  proton 100 um 
 Energy thresholds :  gamma  2.93547 keV    e-  351.353 keV    e+  341.657 keV proton 10 keV
 Region(s) which use this couple : 
    DefaultRegionForTheWorld

==================================================================

### Run 21 starts.
Run 21 starts ...
 Run terminated.
Run Summary
  Number of events processed : 10
  User=0.000000s Real=0.001820s Sys=0.000000s
	  User TOT = 0.04	  Real TOT = 0.0474737
 Summary of Run 21 :
/run/geometryModified

========= Table of registered couples ============================

Index : 0     used in the geometry : Yes
 Material : G4_AIR
 Range cuts        :  gamma  1 mm     e-  1 mm     e+  1 mm  proton 100 um 
 Energy thresholds :  gamma  990 eV     e-  990 eV     e+  990 eV  proton 10 keV
 Region(s) which use this couple : 
    DefaultRegionForTheWorld

Index : 1     used in the geometry : Yes
 Material : G4_Co
 Range cuts        :  gamma  1 mm     e-  1 mm     e+  1 mm  proton 100 um 
 Energy thresholds :  gamma  22.8507 keV    e-  1.40918 MeV    e+  1.32925 MeV proton 10 keV
 Region(s) which use this couple : 
    DefaultRegionForTheWorld

Index : 2     used in the geometry : Yes
 Material : StainlessSteel
 Range cuts        :  gamma  1 mm     e-  1 mm     e+  1 mm  proton 100 um 
 Energy thresholds :  gamma  20.6058 keV    e-  1.28056 MeV    e+  1.21009 MeV proton 10 keV
 Region(s) which use this couple : 
    DefaultRegionForTheWorld

Index : 3     used in the geometry : Yes
 Material : G4_Al
 Range cuts        :  gamma  1 mm     e-  1 mm     e+  1 mm  proton 100 um 
 Energy thresholds :  gamma  6.91572 keV    e-  597.438 keV    e+  574.135 keV proton 10 keV
 Region(s) which use this couple : 
    DefaultRegionForTheWorld

Index : 4     used in the geometry : Yes
 Material : G4_Fe
 Range cuts        :  gamma  1 mm     e-  1 mm     e+  1 mm  proton 100 um 
 Energy thresholds :  gamma  20.7572 keV    e-  1.28885 MeV    e+  1.21776 MeV proton 10 keV
 Region(s) which use this couple : 
    DefaultRegionForTheWorld

Index : 5     used in the geometry : Yes
 Material : G4_W
 Range cuts        :  gamma  1 mm     e-  1 mm     e+  1 mm  proton 100 um 
 Energy thresholds :  gamma  106.43 keV    e-  2.31004 MeV    e+  2.14587 MeV proton 10 keV
 Region(s) which use this couple : 
    DefaultRegionForTheWorld

Index : 6     used in the geometry : Yes
 Material : G4_Pb
 Range cuts        :  gamma  1 mm     e-  1 mm     e+  1 mm  proton 100 um 
 Energy thresholds :  gamma  101.797 keV    e-  1.37158 MeV    e+  1.2826 MeV proton 10 keV
 Region(s) which use this couple : 
    DefaultRegionForTheWorld

Index : 7     used in the geometry : Yes
 Material : G4_WATER
 Range cuts        :  gamma  1 mm     e-  1 mm     e+  1 mm  proton 100 um 
 Energy thresholds :  gamma  2.93547 keV    e-  351.353 keV    e+  341.657 keV proton 10 keV
 Region(s) which use this couple : 
    DefaultRegionForTheWorld

==================================================================

### Run 22 starts.
Run 22 starts ...
 Run terminated.
Run Summary
  Number of events processed : 10
  User=0.000000s Real=0.001928s Sys=0.000000s
	  User TOT = 0.04	  Real TOT = 0.0495067
 Summary of Run 22 :
/run/geometryModified

========= Table of registered couples ============================

Index : 0     used in the geometry : Yes
 Material : G4_AIR
 Range cuts        :  gamma  1 mm     e-  1 mm     e+  1 mm  proton 100 um 
 Energy thresholds :  gamma  990 eV     e-  990 eV     e+  990 eV  proton 10 keV
 Region(s) which use this couple : 
    DefaultRegionForTheWorld

Index : 1     used in the geometry : Yes
 Material : G4_Co
 Range cuts        :  gamma  1 mm     e-  1 mm     e+  1 mm  proton 100 um 
 Energy thresholds :  gamma  22.8507 keV    e-  1.40918 MeV    e+  1.32925 MeV proton 10 keV
 Region(s) which use this couple : 
    DefaultRegionForTheWorld

Index : 2     used in the geometry : Yes
 Material : StainlessSteel
 Range cuts        :  gamma  1 mm     e-  1 mm     e+  1 mm  proton 100 um 
 Energy thresholds :  gamma  20.6058 keV    e-  1.28056 MeV    e+  1.21009 MeV proton 10 keV
 Region(s) which use this couple : 
    DefaultRegionForTheWorld

Index : 3     used in the geometry : Yes
 Material : G4_Al
 Range cuts        :  gamma  1 mm     e-  1 mm     e+  1 mm  proton 100 um 
 Energy thresholds :  gamma  6.91572 keV    e-  597.438 keV    e+  574.135 keV proton 10 keV
 Region(s) which use this couple : 
    DefaultRegionForTheWorld

Index : 4     used in the geometry : Yes
 Material : G4_Fe
 Range cuts        :  gamma  1 mm     e-  1 mm     e+  1 mm  proton 100 um 
 Energy thresholds :  gamma  20.7572 keV    e-  1.28885 MeV    e+  1.21776 MeV proton 10 keV
 Region(s) which use this couple : 
    DefaultRegionForTheWorld

Index : 5     used in the geometry : Yes
 Material : G4_W
 Range cuts        :  gamma  1 mm     e-  1 mm     e+  1 mm  proton 100 um 
 Energy thresholds :  gamma  106.43 keV    e-  2.31004 MeV    e+  2.14587 MeV proton 10 keV
 Region(s) which use this couple : 
    DefaultRegionForTheWorld

Index : 6     used in the geometry : Yes
 Material : G4_Pb
 Range cuts        :  gamma  1 mm     e-  1 mm     e+  1 mm  proton 100 um 
 Energy thresholds :  gamma  101.797 keV    e-  1.37158 MeV    e+  1.2826 MeV proton 10 keV
 Region(s) which use this couple : 
    DefaultRegionForTheWorld

Index : 7     used in the geometry : Yes
 Material : G4_WATER
 Range cuts        :  gamma  1 mm     e-  1 mm     e+  1 mm  proton 100 um 
 Energy thresholds :  gamma  2.93547 keV    e-  351.353 keV    e+  341.657 keV proton 10 keV
 Region(s) which use this couple : 
    DefaultRegionForTheWorld

==================================================================

### Run 23 starts.
Run 23 starts ...
 Run terminated.
Run Summary
  Number of events processed : 10
  User=0.010000s Real=0.002180s Sys=0.000000s
	  User TOT = 0.05	  Real TOT = 0.051792
 Summary of Run 23 :
/run/geometryModified

========= Table of registered couples ============================

Index : 0     used in the geometry : Yes
 Material : G4_AIR
 Range cuts        :  gamma  1 mm     e-  1 mm     e+  1 mm  proton 100 um 
 Energy thresholds :  gamma  990 eV     e-  990 eV     e+  990 eV  proton 10 keV
 Region(s) which use this couple : 
    DefaultRegionForTheWorld

Index : 1     used in the geometry : Yes
 Material : G4_Co
 Range cuts        :  gamma  1 mm     e-  1 mm     e+  1 mm  proton 100 um 
 Energy thresholds :  gamma  22.8507 keV    e-  1.40918 MeV    e+  1.32925 MeV proton 10 keV
 Region(s) which use this couple : 
    DefaultRegionForTheWorld

Index : 2     used in the geometry : Yes
 Material : StainlessSteel
 Range cuts        :  gamma  1 mm     e-  1 mm     e+  1 mm  proton 100 um 
 Energy thresholds :  gamma  20.6058 keV    e-  1.28056 MeV    e+  1.21009 MeV proton 10 keV
 Region(s) which use this couple : 
    DefaultRegionForTheWorld

Index : 3     used in the geometry : Yes
 Material : G4_Al
 Range cuts        :  gamma  1 mm     e-  1 mm     e+  1 mm  proton 100 um 
 Energy thresholds :  gamma  6.91572 keV    e-  597.438 keV    e+  574.135 keV proton 10 keV
 Region(s) which use this couple : 
    DefaultRegionForTheWorld

Index : 4     used in the geometry : Yes
 Material : G4_Fe
 Range cuts        :  gamma  1 mm     e-  1 mm     e+  1 mm  proton 100 um 
 Energy thresholds :  gamma  20.7572 keV    e-  1.28885 MeV    e+  1.21776 MeV proton 10 keV
 Region(s) which use this couple : 
    DefaultRegionForTheWorld

Index : 5     used in the geometry : Yes
 Material : G4_W
 Range cuts        :  gamma  1 mm     e-  1 mm     e+  1 mm  proton 100 um 
 Energy thresholds :  gamma  106.43 keV    e-  2.31004 MeV    e+  2.14587 MeV proton 10 keV
 Region(s) which use this couple : 
    DefaultRegionForTheWorld

Index : 6     used in the geometry : Yes
 Material : G4_Pb
 Range cuts        :  gamma  1 mm     e-  1 mm     e+  1 mm  proton 100 um 
 Energy thresholds :  gamma  101.797 keV    e-  1.37158 MeV    e+  1.2826 MeV proton 10 keV
 Region(s) which use this couple : 
    DefaultRegionForTheWorld

Index : 7     used in the geometry : Yes
 Material : G4_WATER
 Range cuts        :  gamma  1 mm     e-  1 mm     e+  1 mm  proton 100 um 
 Energy thresholds :  gamma  2.93547 keV    e-  351.353 keV    e+  341.657 keV proton 10 keV
 Region(s) which use this couple : 
    DefaultRegionForTheWorld

==================================================================

### Run 24 starts.
Run 24 starts ...
 Run terminated.
Run Summary
  Number of events processed : 10
  User=0.000000s Real=0.001609s Sys=0.000000s
	  User TOT = 0.05	  Real TOT = 0.0535088
 Summary of Run 24 :
/run/geometryModified

========= Table of registered couples ============================

Index : 0     used in the geometry : Yes
 Material : G4_AIR
 Range cuts        :  gamma  1 mm     e-  1 mm     e+  1 mm  proton 100 um 
 Energy thresholds :  gamma  990 eV     e-  990 eV     e+  990 eV  proton 10 keV
 Region(s) which use this couple : 
    DefaultRegionForTheWorld

Index : 1     used in the geometry : Yes
 Material : G4_Co
 Range cuts        :  gamma  1 mm     e-  1 mm     e+  1 mm  proton 100 um 
 Energy thresholds :  gamma  22.8507 keV    e-  1.40918 MeV    e+  1.32925 MeV proton 10 keV
 Region(s) which use this couple : 
    DefaultRegionForTheWorld

Index : 2     used in the geometry : Yes
 Material : StainlessSteel
 Range cuts        :  gamma  1 mm     e-  1 mm     e+  1 mm  proton 100 um 
 Energy thresholds :  gamma  20.6058 keV    e-  1.28056 MeV    e+  1.21009 MeV proton 10 keV
 Region(s) which use this couple : 
    DefaultRegionForTheWorld

Index : 3     used in the geometry : Yes
 Material : G4_Al
 Range cuts        :  gamma  1 mm     e-  1 mm     e+  1 mm  proton 100 um 
 Energy thresholds :  gamma  6.91572 keV    e-  597.438 keV    e+  574.135 keV proton 10 keV
 Region(s) which use this couple : 
    DefaultRegionForTheWorld

Index : 4     used in the geometry : Yes
 Material : G4_Fe
 Range cuts        :  gamma  1 mm     e-  1 mm     e+  1 mm  proton 100 um 
 Energy thresholds :  gamma  20.7572 keV    e-  1.28885 MeV    e+  1.21776 MeV proton 10 keV
 Region(s) which use this couple : 
    DefaultRegionForTheWorld

Index : 5     used in the geometry : Yes
 Material : G4_W
 Range cuts        :  gamma  1 mm     e-  1 mm     e+  1 mm  proton 100 um 
 Energy thresholds :  gamma  106.43 keV    e-  2.31004 MeV    e+  2.14587 MeV proton 10 keV
 Region(s) which use this couple : 
    DefaultRegionForTheWorld

Index : 6     used in the geometry : Yes
 Material : G4_Pb
 Range cuts        :  gamma  1 mm     e-  1 mm     e+  1 mm  proton 100 um 
 Energy thresholds :  gamma  101.797 keV    e-  1.37158 MeV    e+  1.2826 MeV proton 10 keV
 Region(s) which use this couple : 
    DefaultRegionForTheWorld

Index : 7     used in the geometry : Yes
 Material : G4_WATER
 Range cuts        :  gamma  1 mm     e-  1 mm     e+  1 mm  proton 100 um 
 Energy thresholds :  gamma  2.93547 keV    e-  351.353 keV    e+  341.657 keV proton 10 keV
 Region(s) which use this couple : 
    DefaultRegionForTheWorld

==================================================================

### Run 25 starts.
Run 25 starts ...
 Run terminated.
Run Summary
  Number of events processed : 10
  User=0.000000s Real=0.002026s Sys=0.010000s
	  User TOT = 0.05	  Real TOT = 0.0556507
 Summary of Run 25 :
/run/geometryModified

========= Table of registered couples ============================

Index : 0     used in the geometry : Yes
 Material : G4_AIR
 Range cuts        :  gamma  1 mm     e-  1 mm     e+  1 mm  proton 100 um 
 Energy thresholds :  gamma  990 eV     e-  990 eV     e+  990 eV  proton 10 keV
 Region(s) which use this couple : 
    DefaultRegionForTheWorld

Index : 1     used in the geometry : Yes
 Material : G4_Co
 Range cuts        :  gamma  1 mm     e-  1 mm     e+  1 mm  proton 100 um 
 Energy thresholds :  gamma  22.8507 keV    e-  1.40918 MeV    e+  1.32925 MeV proton 10 keV
 Region(s) which use this couple : 
    DefaultRegionForTheWorld

Index : 2     used in the geometry : Yes
 Material : StainlessSteel
 Range cuts        :  gamma  1 mm     e-  1 mm     e+  1 mm  proton 100 um 
 Energy thresholds :  gamma  20.6058 keV    e-  1.28056 MeV    e+  1.21009 MeV proton 10 keV
 Region(s) which use this couple : 
    DefaultRegionForTheWorld

Index : 3     used in the geometry : Yes
 Material : G4_Al
 Range cuts        :  gamma  1 mm     e-  1 mm     e+  1 mm  proton 100 um 
 Energy thresholds :  gamma  6.91572 keV    e-  597.438 keV    e+  574.135 keV proton 10 keV
 Region(s) which use this couple : 
    DefaultRegionForTheWorld

Index : 4     used in the geometry : Yes
 Material : G4_Fe
 Range cuts        :  gamma  1 mm     e-  1 mm     e+  1 mm  proton 100 um 
 Energy thresholds :  gamma  20.7572 keV    e-  1.28885 MeV    e+  1.21776 MeV proton 10 keV
 Region(s) which use this couple : 
    DefaultRegionForTheWorld

Index : 5     used in the geometry : Yes
 Material : G4_W
 Range cuts        :  gamma  1 mm     e-  1 mm     e+  1 mm  proton 100 um 
 Energy thresholds :  gamma  106.43 keV    e-  2.31004 MeV    e+  2.14587 MeV proton 10 keV
 Region(s) which use this couple : 
    DefaultRegionForTheWorld

Index : 6     used in the geometry : Yes
 Material : G4_Pb
 Range cuts        :  gamma  1 mm     e-  1 mm     e+  1 mm  proton 100 um 
 Energy thresholds :  gamma  101.797 keV    e-  1.37158 MeV    e+  1.2826 MeV proton 10 keV
 Region(s) which use this couple : 
    DefaultRegionForTheWorld

Index : 7     used in the geometry : Yes
 Material : G4_WATER
 Range cuts        :  gamma  1 mm     e-  1 mm     e+  1 mm  proton 100 um 
 Energy thresholds :  gamma  2.93547 keV    e-  351.353 keV    e+  341.657 keV proton 10 keV
 Region(s) which use this couple : 
    DefaultRegionForTheWorld

==================================================================

### Run 26 starts.
Run 26 starts ...
 Run terminated.
Run Summary
  Number of events processed : 10
  User=0.000000s Real=0.002250s Sys=0.000000s
	  User TOT = 0.05	  Real TOT = 0.058007
 Summary of Run 26 :
/run/geometryModified

========= Table of registered couples ============================

Index : 0     used in the geometry : Yes
 Material : G4_AIR
 Range cuts        :  gamma  1 mm     e-  1 mm     e+  1 mm  proton 100 um 
 Energy thresholds :  gamma  990 eV     e-  990 eV     e+  990 eV  proton 10 keV
 Region(s) which use this couple : 
    DefaultRegionForTheWorld

Index : 1     used in the geometry : Yes
 Material : G4_Co
 Range cuts        :  gamma  1 mm     e-  1 mm     e+  1 mm  proton 100 um 
 Energy thresholds :  gamma  22.8507 keV    e-  1.40918 MeV    e+  1.32925 MeV proton 10 keV
 Region(s) which use this couple : 
    DefaultRegionForTheWorld

Index : 2     used in the geometry : Yes
 Material : StainlessSteel
 Range cuts        :  gamma  1 mm     e-  1 mm     e+  1 mm  proton 100 um 
 Energy thresholds :  gamma  20.6058 keV    e-  1.28056 MeV    e+  1.21009 MeV proton 10 keV
 Region(s) which use this couple : 
    DefaultRegionForTheWorld

Index : 3     used in the geometry : Yes
 Material : G4_Al
 Range cuts        :  gamma  1 mm     e-  1 mm     e+  1 mm  proton 100 um 
 Energy thresholds :  gamma  6.91572 keV    e-  597.438 keV    e+  574.135 keV proton 10 keV
 Region(s) which use this couple : 
    DefaultRegionForTheWorld

Index : 4     used in the geometry : Yes
 Material : G4_Fe
 Range cuts        :  gamma  1 mm     e-  1 mm     e+  1 mm  proton 100 um 
 Energy thresholds :  gamma  20.7572 keV    e-  1.28885 MeV    e+  1.21776 MeV proton 10 keV
 Region(s) which use this couple : 
    DefaultRegionForTheWorld

Index : 5     used in the geometry : Yes
 Material : G4_W
 Range cuts        :  gamma  1 mm     e-  1 mm     e+  1 mm  proton 100 um 
 Energy thresholds :  gamma  106.43 keV    e-  2.31004 MeV    e+  2.14587 MeV proton 10 keV
 Region(s) which use this couple : 
    DefaultRegionForTheWorld

Index : 6     used in the geometry : Yes
 Material : G4_Pb
 Range cuts        :  gamma  1 mm     e-  1 mm     e+  1 mm  proton 100 um 
 Energy thresholds :  gamma  101.797 keV    e-  1.37158 MeV    e+  1.2826 MeV proton 10 keV
 Region(s) which use this couple : 
    DefaultRegionForTheWorld

Index : 7     used in the geometry : Yes
 Material : G4_WATER
 Range cuts        :  gamma  1 mm     e-  1 mm     e+  1 mm  proton 100 um 
 Energy thresholds :  gamma  2.93547 keV    e-  351.353 keV    e+  341.657 keV proton 10 keV
 Region(s) which use this couple : 
    DefaultRegionForTheWorld

==================================================================

### Run 27 starts.
Run 27 starts ...
 Run terminated.
Run Summary
  Number of events processed : 10
  User=0.000000s Real=0.002363s Sys=0.000000s
	  User TOT = 0.05	  Real TOT = 0.0604761
 Summary of Run 27 :
/run/geometryModified

========= Table of registered couples ============================

Index : 0     used in the geometry : Yes
 Material : G4_AIR
 Range cuts        :  gamma  1 mm     e-  1 mm     e+  1 mm  proton 100 um 
 Energy thresholds :  gamma  990 eV     e-  990 eV     e+  990 eV  proton 10 keV
 Region(s) which use this couple : 
    DefaultRegionForTheWorld

Index : 1     used in the geometry : Yes
 Material : G4_Co
 Range cuts        :  gamma  1 mm     e-  1 mm     e+  1 mm  proton 100 um 
 Energy thresholds :  gamma  22.8507 keV    e-  1.40918 MeV    e+  1.32925 MeV proton 10 keV
 Region(s) which use this couple : 
    DefaultRegionForTheWorld

Index : 2     used in the geometry : Yes
 Material : StainlessSteel
 Range cuts        :  gamma  1 mm     e-  1 mm     e+  1 mm  proton 100 um 
 Energy thresholds :  gamma  20.6058 keV    e-  1.28056 MeV    e+  1.21009 MeV proton 10 keV
 Region(s) which use this couple : 
    DefaultRegionForTheWorld

Index : 3     used in the geometry : Yes
 Material : G4_Al
 Range cuts        :  gamma  1 mm     e-  1 mm     e+  1 mm  proton 100 um 
 Energy thresholds :  gamma  6.91572 keV    e-  597.438 keV    e+  574.135 keV proton 10 keV
 Region(s) which use this couple : 
    DefaultRegionForTheWorld

Index : 4     used in the geometry : Yes
 Material : G4_Fe
 Range cuts        :  gamma  1 mm     e-  1 mm     e+  1 mm  proton 100 um 
 Energy thresholds :  gamma  20.7572 keV    e-  1.28885 MeV    e+  1.21776 MeV proton 10 keV
 Region(s) which use this couple : 
    DefaultRegionForTheWorld

Index : 5     used in the geometry : Yes
 Material : G4_W
 Range cuts        :  gamma  1 mm     e-  1 mm     e+  1 mm  proton 100 um 
 Energy thresholds :  gamma  106.43 keV    e-  2.31004 MeV    e+  2.14587 MeV proton 10 keV
 Region(s) which use this couple : 
    DefaultRegionForTheWorld

Index : 6     used in the geometry : Yes
 Material : G4_Pb
 Range cuts        :  gamma  1 mm     e-  1 mm     e+  1 mm  proton 100 um 
 Energy thresholds :  gamma  101.797 keV    e-  1.37158 MeV    e+  1.2826 MeV proton 10 keV
 Region(s) which use this couple : 
    DefaultRegionForTheWorld

Index : 7     used in the geometry : Yes
 Material : G4_WATER
 Range cuts        :  gamma  1 mm     e-  1 mm     e+  1 mm  proton 100 um 
 Energy thresholds :  gamma  2.93547 keV    e-  351.353 keV    e+  341.657 keV proton 10 keV
 Region(s) which use this couple : 
    DefaultRegionForTheWorld

==================================================================

### Run 28 starts.
Run 28 starts ...
 Run terminated.
Run Summary
  Number of events processed : 10
  User=0.010000s Real=0.001952s Sys=0.000000s
	  User TOT = 0.06	  Real TOT = 0.0625354
 Summary of Run 28 :
/run/geometryModified

========= Table of registered couples ============================

Index : 0     used in the geometry : Yes
 Material : G4_AIR
 Range cuts        :  gamma  1 mm     e-  1 mm     e+  1 mm  proton 100 um 
 Energy thresholds :  gamma  990 eV     e-  990 eV     e+  990 eV  proton 10 keV
 Region(s) which use this couple : 
    DefaultRegionForTheWorld

Index : 1     used in the geometry : Yes
 Material : G4_Co
 Range cuts        :  gamma  1 mm     e-  1 mm     e+  1 mm  proton 100 um 
 Energy thresholds :  gamma  22.8507 keV    e-  1.40918 MeV    e+  1.32925 MeV proton 10 keV
 Region(s) which use this couple : 
    DefaultRegionForTheWorld

Index : 2     used in the geometry : Yes
 Material : StainlessSteel
 Range cuts        :  gamma  1 mm     e-  1 mm     e+  1 mm  proton 100 um 
 Energy thresholds :  gamma  20.6058 keV    e-  1.28056 MeV    e+  1.21009 MeV proton 10 keV
 Region(s) which use this couple : 
    DefaultRegionForTheWorld

Index : 3     used in the geometry : Yes
 Material : G4_Al
 Range cuts        :  gamma  1 mm     e-  1 mm     e+  1 mm  proton 100 um 
 Energy thresholds :  gamma  6.91572 keV    e-  597.438 keV    e+  574.135 keV proton 10 keV
 Region(s) which use this couple : 
    DefaultRegionForTheWorld

Index : 4     used in the geometry : Yes
 Material : G4_Fe
 Range cuts        :  gamma  1 mm     e-  1 mm     e+  1 mm  proton 100 um 
 Energy thresholds :  gamma  20.7572 keV    e-  1.28885 MeV    e+  1.21776 MeV proton 10 keV
 Region(s) which use this couple : 
    DefaultRegionForTheWorld

Index : 5     used in the geometry : Yes
 Material : G4_W
 Range cuts        :  gamma  1 mm     e-  1 mm     e+  1 mm  proton 100 um 
 Energy thresholds :  gamma  106.43 keV    e-  2.31004 MeV    e+  2.14587 MeV proton 10 keV
 Region(s) which use this couple : 
    DefaultRegionForTheWorld

Index : 6     used in the geometry : Yes
 Material : G4_Pb
 Range cuts        :  gamma  1 mm     e-  1 mm     e+  1 mm  proton 100 um 
 Energy thresholds :  gamma  101.797 keV    e-  1.37158 MeV    e+  1.2826 MeV proton 10 keV
 Region(s) which use this couple : 
    DefaultRegionForTheWorld

Index : 7     used in the geometry : Yes
 Material : G4_WATER
 Range cuts        :  gamma  1 mm     e-  1 mm     e+  1 mm  proton 100 um 
 Energy thresholds :  gamma  2.93547 keV    e-  351.353 keV    e+  341.657 keV proton 10 keV
 Region(s) which use this couple : 
    DefaultRegionForTheWorld

==================================================================

### Run 29 starts.
Run 29 starts ...
 Run terminated.
Run Summary
  Number of events processed : 10
  User=0.000000s Real=0.001908s Sys=0.000000s
	  User TOT = 0.06	  Real TOT = 0.0645576
 Summary of Run 29 :
/run/geometryModified

========= Table of registered couples ============================

Index : 0     used in the geometry : Yes
 Material : G4_AIR
 Range cuts        :  gamma  1 mm     e-  1 mm     e+  1 mm  proton 100 um 
 Energy thresholds :  gamma  990 eV     e-  990 eV     e+  990 eV  proton 10 keV
 Region(s) which use this couple : 
    DefaultRegionForTheWorld

Index : 1     used in the geometry : Yes
 Material : G4_Co
 Range cuts        :  gamma  1 mm     e-  1 mm     e+  1 mm  proton 100 um 
 Energy thresholds :  gamma  22.8507 keV    e-  1.40918 MeV    e+  1.32925 MeV proton 10 keV
 Region(s) which use this couple : 
    DefaultRegionForTheWorld

Index : 2     used in the geometry : Yes
 Material : StainlessSteel
 Range cuts        :  gamma  1 mm     e-  1 mm     e+  1 mm  proton 100 um 
 Energy thresholds :  gamma  20.6058 keV    e-  1.28056 MeV    e+  1.21009 MeV proton 10 keV
 Region(s) which use this couple : 
    DefaultRegionForTheWorld

Index : 3     used in the geometry : Yes
 Material : G4_Al
 Range cuts        :  gamma  1 mm     e-  1 mm     e+  1 mm  proton 100 um 
 Energy thresholds :  gamma  6.91572 keV    e-  597.438 keV    e+  574.135 keV proton 10 keV
 Region(s) which use this couple : 
    DefaultRegionForTheWorld

Index : 4     used in the geometry : Yes
 Material : G4_Fe
 Range cuts        :  gamma  1 mm     e-  1 mm     e+  1 mm  proton 100 um 
 Energy thresholds :  gamma  20.7572 keV    e-  1.28885 MeV    e+  1.21776 MeV proton 10 keV
 Region(s) which use this couple : 
    DefaultRegionForTheWorld

Index : 5     used in the geometry : Yes
 Material : G4_W
 Range cuts        :  gamma  1 mm     e-  1 mm     e+  1 mm  proton 100 um 
 Energy thresholds :  gamma  106.43 keV    e-  2.31004 MeV    e+  2.14587 MeV proton 10 keV
 Region(s) which use this couple : 
    DefaultRegionForTheWorld

Index : 6     used in the geometry : Yes
 Material : G4_Pb
 Range cuts        :  gamma  1 mm     e-  1 mm     e+  1 mm  proton 100 um 
 Energy thresholds :  gamma  101.797 keV    e-  1.37158 MeV    e+  1.2826 MeV proton 10 keV
 Region(s) which use this couple : 
    DefaultRegionForTheWorld

Index : 7     used in the geometry : Yes
 Material : G4_WATER
 Range cuts        :  gamma  1 mm     e-  1 mm     e+  1 mm  proton 100 um 
 Energy thresholds :  gamma  2.93547 keV    e-  351.353 keV    e+  341.657 keV proton 10 keV
 Region(s) which use this couple : 
    DefaultRegionForTheWorld

==================================================================

### Run 30 starts.
Run 30 starts ...
 Run terminated.
Run Summary
  Number of events processed : 10
  User=0.000000s Real=0.001719s Sys=0.000000s
	  User TOT = 0.06	  Real TOT = 0.0663832
 Summary of Run 30 :
/run/geometryModified

========= Table of registered couples ============================

Index : 0     used in the geometry : Yes
 Material : G4_AIR
 Range cuts        :  gamma  1 mm     e-  1 mm     e+  1 mm  proton 100 um 
 Energy thresholds :  gamma  990 eV     e-  990 eV     e+  990 eV  proton 10 keV
 Region(s) which use this couple : 
    DefaultRegionForTheWorld

Index : 1     used in the geometry : Yes
 Material : G4_Co
 Range cuts        :  gamma  1 mm     e-  1 mm     e+  1 mm  proton 100 um 
 Energy thresholds :  gamma  22.8507 keV    e-  1.40918 MeV    e+  1.32925 MeV proton 10 keV
 Region(s) which use this couple : 
    DefaultRegionForTheWorld

Index : 2     used in the geometry : Yes
 Material : StainlessSteel
 Range cuts        :  gamma  1 mm     e-  1 mm     e+  1 mm  proton 100 um 
 Energy thresholds :  gamma  20.6058 keV    e-  1.28056 MeV    e+  1.21009 MeV proton 10 keV
 Region(s) which use this couple : 
    DefaultRegionForTheWorld

Index : 3     used in the geometry : Yes
 Material : G4_Al
 Range cuts        :  gamma  1 mm     e-  1 mm     e+  1 mm  proton 100 um 
 Energy thresholds :  gamma  6.91572 keV    e-  597.438 keV    e+  574.135 keV proton 10 keV
 Region(s) which use this couple : 
    DefaultRegionForTheWorld

Index : 4     used in the geometry : Yes
 Material : G4_Fe
 Range cuts        :  gamma  1 mm     e-  1 mm     e+  1 mm  proton 100 um 
 Energy thresholds :  gamma  20.7572 keV    e-  1.28885 MeV    e+  1.21776 MeV proton 10 keV
 Region(s) which use this couple : 
    DefaultRegionForTheWorld

Index : 5     used in the geometry : Yes
 Material : G4_W
 Range cuts        :  gamma  1 mm     e-  1 mm     e+  1 mm  proton 100 um 
 Energy thresholds :  gamma  106.43 keV    e-  2.31004 MeV    e+  2.14587 MeV proton 10 keV
 Region(s) which use this couple : 
    DefaultRegionForTheWorld

Index : 6     used in the geometry : Yes
 Material : G4_Pb
 Range cuts        :  gamma  1 mm     e-  1 mm     e+  1 mm  proton 100 um 
 Energy thresholds :  gamma  101.797 keV    e-  1.37158 MeV    e+  1.2826 MeV proton 10 keV
 Region(s) which use this couple : 
    DefaultRegionForTheWorld

Index : 7     used in the geometry : Yes
 Material : G4_WATER
 Range cuts        :  gamma  1 mm     e-  1 mm     e+  1 mm  proton 100 um 
 Energy thresholds :  gamma  2.93547 keV    e-  351.353 keV    e+  341.657 keV proton 10 keV
 Region(s) which use this couple : 
    DefaultRegionForTheWorld

==================================================================

### Run 31 starts.
Run 31 starts ...
 Run terminated.
Run Summary
  Number of events processed : 10
  User=0.000000s Real=0.001898s Sys=0.000000s
	  User TOT = 0.06	  Real TOT = 0.0683947
 Summary of Run 31 :
/run/geometryModified

========= Table of registered couples ============================

Index : 0     used in the geometry : Yes
 Material : G4_AIR
 Range cuts        :  gamma  1 mm     e-  1 mm     e+  1 mm  proton 100 um 
 Energy thresholds :  gamma  990 eV     e-  990 eV     e+  990 eV  proton 10 keV
 Region(s) which use this couple : 
    DefaultRegionForTheWorld

Index : 1     used in the geometry : Yes
 Material : G4_Co
 Range cuts        :  gamma  1 mm     e-  1 mm     e+  1 mm  proton 100 um 
 Energy thresholds :  gamma  22.8507 keV    e-  1.40918 MeV    e+  1.32925 MeV proton 10 keV
 Region(s) which use this couple : 
    DefaultRegionForTheWorld

Index : 2     used in the geometry : Yes
 Material : StainlessSteel
 Range cuts        :  gamma  1 mm     e-  1 mm     e+  1 mm  proton 100 um 
 Energy thresholds :  gamma  20.6058 keV    e-  1.28056 MeV    e+  1.21009 MeV proton 10 keV
 Region(s) which use this couple : 
    DefaultRegionForTheWorld

Index : 3     used in the geometry : Yes
 Material : G4_Al
 Range cuts        :  gamma  1 mm     e-  1 mm     e+  1 mm  proton 100 um 
 Energy thresholds :  gamma  6.91572 keV    e-  597.438 keV    e+  574.135 keV proton 10 keV
 Region(s) which use this couple : 
    DefaultRegionForTheWorld

Index : 4     used in the geometry : Yes
 Material : G4_Fe
 Range cuts        :  gamma  1 mm     e-  1 mm     e+  1 mm  proton 100 um 
 Energy thresholds :  gamma  20.7572 keV    e-  1.28885 MeV    e+  1.21776 MeV proton 10 keV
 Region(s) which use this couple : 
    DefaultRegionForTheWorld

Index : 5     used in the geometry : Yes
 Material : G4_W
 Range cuts        :  gamma  1 mm     e-  1 mm     e+  1 mm  proton 100 um 
 Energy thresholds :  gamma  106.43 keV    e-  2.31004 MeV    e+  2.14587 MeV proton 10 keV
 Region(s) which use this couple : 
    DefaultRegionForTheWorld

Index : 6     used in the geometry : Yes
 Material : G4_Pb
 Range cuts        :  gamma  1 mm     e-  1 mm     e+  1 mm  proton 100 um 
 Energy thresholds :  gamma  101.797 keV    e-  1.37158 MeV    e+  1.2826 MeV proton 10 keV
 Region(s) which use this couple : 
    DefaultRegionForTheWorld

Index : 7     used in the geometry : Yes
 Material : G4_WATER
 Range cuts        :  gamma  1 mm     e-  1 mm     e+  1 mm  proton 100 um 
 Energy thresholds :  gamma  2.93547 keV    e-  351.353 keV    e+  341.657 keV proton 10 keV
 Region(s) which use this couple : 
    DefaultRegionForTheWorld

==================================================================

### Run 32 starts.
Run 32 starts ...
 Run terminated.
Run Summary
  Number of events processed : 10
  User=0.000000s Real=0.002752s Sys=0.000000s
	  User TOT = 0.06	  Real TOT = 0.0712583
 Summary of Run 32 :
/run/geometryModified

========= Table of registered couples ============================

Index : 0     used in the geometry : Yes
 Material : G4_AIR
 Range cuts        :  gamma  1 mm     e-  1 mm     e+  1 mm  proton 100 um 
 Energy thresholds :  gamma  990 eV     e-  990 eV     e+  990 eV  proton 10 keV
 Region(s) which use this couple : 
    DefaultRegionForTheWorld

Index : 1     used in the geometry : Yes
 Material : G4_Co
 Range cuts        :  gamma  1 mm     e-  1 mm     e+  1 mm  proton 100 um 
 Energy thresholds :  gamma  22.8507 keV    e-  1.40918 MeV    e+  1.32925 MeV proton 10 keV
 Region(s) which use this couple : 
    DefaultRegionForTheWorld

Index : 2     used in the geometry : Yes
 Material : StainlessSteel
 Range cuts        :  gamma  1 mm     e-  1 mm     e+  1 mm  proton 100 um 
 Energy thresholds :  gamma  20.6058 keV    e-  1.28056 MeV    e+  1.21009 MeV proton 10 keV
 Region(s) which use this couple : 
    DefaultRegionForTheWorld

Index : 3     used in the geometry : Yes
 Material : G4_Al
 Range cuts        :  gamma  1 mm     e-  1 mm     e+  1 mm  proton 100 um 
 Energy thresholds :  gamma  6.91572 keV    e-  597.438 keV    e+  574.135 keV proton 10 keV
 Region(s) which use this couple : 
    DefaultRegionForTheWorld

Index : 4     used in the geometry : Yes
 Material : G4_Fe
 Range cuts        :  gamma  1 mm     e-  1 mm     e+  1 mm  proton 100 um 
 Energy thresholds :  gamma  20.7572 keV    e-  1.28885 MeV    e+  1.21776 MeV proton 10 keV
 Region(s) which use this couple : 
    DefaultRegionForTheWorld

Index : 5     used in the geometry : Yes
 Material : G4_W
 Range cuts        :  gamma  1 mm     e-  1 mm     e+  1 mm  proton 100 um 
 Energy thresholds :  gamma  106.43 keV    e-  2.31004 MeV    e+  2.14587 MeV proton 10 keV
 Region(s) which use this couple : 
    DefaultRegionForTheWorld

Index : 6     used in the geometry : Yes
 Material : G4_Pb
 Range cuts        :  gamma  1 mm     e-  1 mm     e+  1 mm  proton 100 um 
 Energy thresholds :  gamma  101.797 keV    e-  1.37158 MeV    e+  1.2826 MeV proton 10 keV
 Region(s) which use this couple : 
    DefaultRegionForTheWorld

Index : 7     used in the geometry : Yes
 Material : G4_WATER
 Range cuts        :  gamma  1 mm     e-  1 mm     e+  1 mm  proton 100 um 
 Energy thresholds :  gamma  2.93547 keV    e-  351.353 keV    e+  341.657 keV proton 10 keV
 Region(s) which use this couple : 
    DefaultRegionForTheWorld

==================================================================

### Run 33 starts.
Run 33 starts ...
 Run terminated.
Run Summary
  Number of events processed : 10
  User=0.010000s Real=0.001918s Sys=0.000000s
	  User TOT = 0.07	  Real TOT = 0.0732969
 Summary of Run 33 :
/run/geometryModified

========= Table of registered couples ============================

Index : 0     used in the geometry : Yes
 Material : G4_AIR
 Range cuts        :  gamma  1 mm     e-  1 mm     e+  1 mm  proton 100 um 
 Energy thresholds :  gamma  990 eV     e-  990 eV     e+  990 eV  proton 10 keV
 Region(s) which use this couple : 
    DefaultRegionForTheWorld

Index : 1     used in the geometry : Yes
 Material : G4_Co
 Range cuts        :  gamma  1 mm     e-  1 mm     e+  1 mm  proton 100 um 
 Energy thresholds :  gamma  22.8507 keV    e-  1.40918 MeV    e+  1.32925 MeV proton 10 keV
 Region(s) which use this couple : 
    DefaultRegionForTheWorld

Index : 2     used in the geometry : Yes
 Material : StainlessSteel
 Range cuts        :  gamma  1 mm     e-  1 mm     e+  1 mm  proton 100 um 
 Energy thresholds :  gamma  20.6058 keV    e-  1.28056 MeV    e+  1.21009 MeV proton 10 keV
 Region(s) which use this couple : 
    DefaultRegionForTheWorld

Index : 3     used in the geometry : Yes
 Material : G4_Al
 Range cuts        :  gamma  1 mm     e-  1 mm     e+  1 mm  proton 100 um 
 Energy thresholds :  gamma  6.91572 keV    e-  597.438 keV    e+  574.135 keV proton 10 keV
 Region(s) which use this couple : 
    DefaultRegionForTheWorld

Index : 4     used in the geometry : Yes
 Material : G4_Fe
 Range cuts        :  gamma  1 mm     e-  1 mm     e+  1 mm  proton 100 um 
 Energy thresholds :  gamma  20.7572 keV    e-  1.28885 MeV    e+  1.21776 MeV proton 10 keV
 Region(s) which use this couple : 
    DefaultRegionForTheWorld

Index : 5     used in the geometry : Yes
 Material : G4_W
 Range cuts        :  gamma  1 mm     e-  1 mm     e+  1 mm  proton 100 um 
 Energy thresholds :  gamma  106.43 keV    e-  2.31004 MeV    e+  2.14587 MeV proton 10 keV
 Region(s) which use this couple : 
    DefaultRegionForTheWorld

Index : 6     used in the geometry : Yes
 Material : G4_Pb
 Range cuts        :  gamma  1 mm     e-  1 mm     e+  1 mm  proton 100 um 
 Energy thresholds :  gamma  101.797 keV    e-  1.37158 MeV    e+  1.2826 MeV proton 10 keV
 Region(s) which use this couple : 
    DefaultRegionForTheWorld

Index : 7     used in the geometry : Yes
 Material : G4_WATER
 Range cuts        :  gamma  1 mm     e-  1 mm     e+  1 mm  proton 100 um 
 Energy thresholds :  gamma  2.93547 keV    e-  351.353 keV    e+  341.657 keV proton 10 keV
 Region(s) which use this couple : 
    DefaultRegionForTheWorld

==================================================================

### Run 34 starts.
Run 34 starts ...
 Run terminated.
Run Summary
  Number of events processed : 10
  User=0.000000s Real=0.001681s Sys=0.000000s
	  User TOT = 0.07	  Real TOT = 0.0750861
 Summary of Run 34 :
/run/geometryModified

========= Table of registered couples ============================

Index : 0     used in the geometry : Yes
 Material : G4_AIR
 Range cuts        :  gamma  1 mm     e-  1 mm     e+  1 mm  proton 100 um 
 Energy thresholds :  gamma  990 eV     e-  990 eV     e+  990 eV  proton 10 keV
 Region(s) which use this couple : 
    DefaultRegionForTheWorld

Index : 1     used in the geometry : Yes
 Material : G4_Co
 Range cuts        :  gamma  1 mm     e-  1 mm     e+  1 mm  proton 100 um 
 Energy thresholds :  gamma  22.8507 keV    e-  1.40918 MeV    e+  1.32925 MeV proton 10 keV
 Region(s) which use this couple : 
    DefaultRegionForTheWorld

Index : 2     used in the geometry : Yes
 Material : StainlessSteel
 Range cuts        :  gamma  1 mm     e-  1 mm     e+  1 mm  proton 100 um 
 Energy thresholds :  gamma  20.6058 keV    e-  1.28056 MeV    e+  1.21009 MeV proton 10 keV
 Region(s) which use this couple : 
    DefaultRegionForTheWorld

Index : 3     used in the geometry : Yes
 Material : G4_Al
 Range cuts        :  gamma  1 mm     e-  1 mm     e+  1 mm  proton 100 um 
 Energy thresholds :  gamma  6.91572 keV    e-  597.438 keV    e+  574.135 keV proton 10 keV
 Region(s) which use this couple : 
    DefaultRegionForTheWorld

Index : 4     used in the geometry : Yes
 Material : G4_Fe
 Range cuts        :  gamma  1 mm     e-  1 mm     e+  1 mm  proton 100 um 
 Energy thresholds :  gamma  20.7572 keV    e-  1.28885 MeV    e+  1.21776 MeV proton 10 keV
 Region(s) which use this couple : 
    DefaultRegionForTheWorld

Index : 5     used in the geometry : Yes
 Material : G4_W
 Range cuts        :  gamma  1 mm     e-  1 mm     e+  1 mm  proton 100 um 
 Energy thresholds :  gamma  106.43 keV    e-  2.31004 MeV    e+  2.14587 MeV proton 10 keV
 Region(s) which use this couple : 
    DefaultRegionForTheWorld

Index : 6     used in the geometry : Yes
 Material : G4_Pb
 Range cuts        :  gamma  1 mm     e-  1 mm     e+  1 mm  proton 100 um 
 Energy thresholds :  gamma  101.797 keV    e-  1.37158 MeV    e+  1.2826 MeV proton 10 keV
 Region(s) which use this couple : 
    DefaultRegionForTheWorld

Index : 7     used in the geometry : Yes
 Material : G4_WATER
 Range cuts        :  gamma  1 mm     e-  1 mm     e+  1 mm  proton 100 um 
 Energy thresholds :  gamma  2.93547 keV    e-  351.353 keV    e+  341.657 keV proton 10 keV
 Region(s) which use this couple : 
    DefaultRegionForTheWorld

==================================================================

### Run 35 starts.
Run 35 starts ...
 Run terminated.
Run Summary
  Number of events processed : 10
  User=0.000000s Real=0.002289s Sys=0.000000s
	  User TOT = 0.07	  Real TOT = 0.0774919
 Summary of Run 35 :
/run/geometryModified

========= Table of registered couples ============================

Index : 0     used in the geometry : Yes
 Material : G4_AIR
 Range cuts        :  gamma  1 mm     e-  1 mm     e+  1 mm  proton 100 um 
 Energy thresholds :  gamma  990 eV     e-  990 eV     e+  990 eV  proton 10 keV
 Region(s) which use this couple : 
    DefaultRegionForTheWorld

Index : 1     used in the geometry : Yes
 Material : G4_Co
 Range cuts        :  gamma  1 mm     e-  1 mm     e+  1 mm  proton 100 um 
 Energy thresholds :  gamma  22.8507 keV    e-  1.40918 MeV    e+  1.32925 MeV proton 10 keV
 Region(s) which use this couple : 
    DefaultRegionForTheWorld

Index : 2     used in the geometry : Yes
 Material : StainlessSteel
 Range cuts        :  gamma  1 mm     e-  1 mm     e+  1 mm  proton 100 um 
 Energy thresholds :  gamma  20.6058 keV    e-  1.28056 MeV    e+  1.21009 MeV proton 10 keV
 Region(s) which use this couple : 
    DefaultRegionForTheWorld

Index : 3     used in the geometry : Yes
 Material : G4_Al
 Range cuts        :  gamma  1 mm     e-  1 mm     e+  1 mm  proton 100 um 
 Energy thresholds :  gamma  6.91572 keV    e-  597.438 keV    e+  574.135 keV proton 10 keV
 Region(s) which use this couple : 
    DefaultRegionForTheWorld

Index : 4     used in the geometry : Yes
 Material : G4_Fe
 Range cuts        :  gamma  1 mm     e-  1 mm     e+  1 mm  proton 100 um 
 Energy thresholds :  gamma  20.7572 keV    e-  1.28885 MeV    e+  1.21776 MeV proton 10 keV
 Region(s) which use this couple : 
    DefaultRegionForTheWorld

Index : 5     used in the geometry : Yes
 Material : G4_W
 Range cuts        :  gamma  1 mm     e-  1 mm     e+  1 mm  proton 100 um 
 Energy thresholds :  gamma  106.43 keV    e-  2.31004 MeV    e+  2.14587 MeV proton 10 keV
 Region(s) which use this couple : 
    DefaultRegionForTheWorld

Index : 6     used in the geometry : Yes
 Material : G4_Pb
 Range cuts        :  gamma  1 mm     e-  1 mm     e+  1 mm  proton 100 um 
 Energy thresholds :  gamma  101.797 keV    e-  1.37158 MeV    e+  1.2826 MeV proton 10 keV
 Region(s) which use this couple : 
    DefaultRegionForTheWorld

Index : 7     used in the geometry : Yes
 Material : G4_WATER
 Range cuts        :  gamma  1 mm     e-  1 mm     e+  1 mm  proton 100 um 
 Energy thresholds :  gamma  2.93547 keV    e-  351.353 keV    e+  341.657 keV proton 10 keV
 Region(s) which use this couple : 
    DefaultRegionForTheWorld

==================================================================

### Run 36 starts.
Run 36 starts ...
 Run terminated.
Run Summary
  Number of events processed : 10
  User=0.000000s Real=0.001692s Sys=0.000000s
	  User TOT = 0.07	  Real TOT = 0.079298
 Summary of Run 36 :
/run/geometryModified

========= Table of registered couples ============================

Index : 0     used in the geometry : Yes
 Material : G4_AIR
 Range cuts        :  gamma  1 mm     e-  1 mm     e+  1 mm  proton 100 um 
 Energy thresholds :  gamma  990 eV     e-  990 eV     e+  990 eV  proton 10 keV
 Region(s) which use this couple : 
    DefaultRegionForTheWorld

Index : 1     used in the geometry : Yes
 Material : G4_Co
 Range cuts        :  gamma  1 mm     e-  1 mm     e+  1 mm  proton 100 um 
 Energy thresholds :  gamma  22.8507 keV    e-  1.40918 MeV    e+  1.32925 MeV proton 10 keV
 Region(s) which use this couple : 
    DefaultRegionForTheWorld

Index : 2     used in the geometry : Yes
 Material : StainlessSteel
 Range cuts        :  gamma  1 mm     e-  1 mm     e+  1 mm  proton 100 um 
 Energy thresholds :  gamma  20.6058 keV    e-  1.28056 MeV    e+  1.21009 MeV proton 10 keV
 Region(s) which use this couple : 
    DefaultRegionForTheWorld

Index : 3     used in the geometry : Yes
 Material : G4_Al
 Range cuts        :  gamma  1 mm     e-  1 mm     e+  1 mm  proton 100 um 
 Energy thresholds :  gamma  6.91572 keV    e-  597.438 keV    e+  574.135 keV proton 10 keV
 Region(s) which use this couple : 
    DefaultRegionForTheWorld

Index : 4     used in the geometry : Yes
 Material : G4_Fe
 Range cuts        :  gamma  1 mm     e-  1 mm     e+  1 mm  proton 100 um 
 Energy thresholds :  gamma  20.7572 keV    e-  1.28885 MeV    e+  1.21776 MeV proton 10 keV
 Region(s) which use this couple : 
    DefaultRegionForTheWorld

Index : 5     used in the geometry : Yes
 Material : G4_W
 Range cuts        :  gamma  1 mm     e-  1 mm     e+  1 mm  proton 100 um 
 Energy thresholds :  gamma  106.43 keV    e-  2.31004 MeV    e+  2.14587 MeV proton 10 keV
 Region(s) which use this couple : 
    DefaultRegionForTheWorld

Index : 6     used in the geometry : Yes
 Material : G4_Pb
 Range cuts        :  gamma  1 mm     e-  1 mm     e+  1 mm  proton 100 um 
 Energy thresholds :  gamma  101.797 keV    e-  1.37158 MeV    e+  1.2826 MeV proton 10 keV
 Region(s) which use this couple : 
    DefaultRegionForTheWorld

Index : 7     used in the geometry : Yes
 Material : G4_WATER
 Range cuts        :  gamma  1 mm     e-  1 mm     e+  1 mm  proton 100 um 
 Energy thresholds :  gamma  2.93547 keV    e-  351.353 keV    e+  341.657 keV proton 10 keV
 Region(s) which use this couple : 
    DefaultRegionForTheWorld

==================================================================

### Run 37 starts.
Run 37 starts ...
 Run terminated.
Run Summary
  Number of events processed : 10
  User=0.000000s Real=0.001488s Sys=0.000000s
	  User TOT = 0.07	  Real TOT = 0.08089
 Summary of Run 37 :
/run/geometryModified

========= Table of registered couples ============================

Index : 0     used in the geometry : Yes
 Material : G4_AIR
 Range cuts        :  gamma  1 mm     e-  1 mm     e+  1 mm  proton 100 um 
 Energy thresholds :  gamma  990 eV     e-  990 eV     e+  990 eV  proton 10 keV
 Region(s) which use this couple : 
    DefaultRegionForTheWorld

Index : 1     used in the geometry : Yes
 Material : G4_Co
 Range cuts        :  gamma  1 mm     e-  1 mm     e+  1 mm  proton 100 um 
 Energy thresholds :  gamma  22.8507 keV    e-  1.40918 MeV    e+  1.32925 MeV proton 10 keV
 Region(s) which use this couple : 
    DefaultRegionForTheWorld

Index : 2     used in the geometry : Yes
 Material : StainlessSteel
 Range cuts        :  gamma  1 mm     e-  1 mm     e+  1 mm  proton 100 um 
 Energy thresholds :  gamma  20.6058 keV    e-  1.28056 MeV    e+  1.21009 MeV proton 10 keV
 Region(s) which use this couple : 
    DefaultRegionForTheWorld

Index : 3     used in the geometry : Yes
 Material : G4_Al
 Range cuts        :  gamma  1 mm     e-  1 mm     e+  1 mm  proton 100 um 
 Energy thresholds :  gamma  6.91572 keV    e-  597.438 keV    e+  574.135 keV proton 10 keV
 Region(s) which use this couple : 
    DefaultRegionForTheWorld

Index : 4     used in the geometry : Yes
 Material : G4_Fe
 Range cuts        :  gamma  1 mm     e-  1 mm     e+  1 mm  proton 100 um 
 Energy thresholds :  gamma  20.7572 keV    e-  1.28885 MeV    e+  1.21776 MeV proton 10 keV
 Region(s) which use this couple : 
    DefaultRegionForTheWorld

Index : 5     used in the geometry : Yes
 Material : G4_W
 Range cuts        :  gamma  1 mm     e-  1 mm     e+  1 mm  proton 100 um 
 Energy thresholds :  gamma  106.43 keV    e-  2.31004 MeV    e+  2.14587 MeV proton 10 keV
 Region(s) which use this couple : 
    DefaultRegionForTheWorld

Index : 6     used in the geometry : Yes
 Material : G4_Pb
 Range cuts        :  gamma  1 mm     e-  1 mm     e+  1 mm  proton 100 um 
 Energy thresholds :  gamma  101.797 keV    e-  1.37158 MeV    e+  1.2826 MeV proton 10 keV
 Region(s) which use this couple : 
    DefaultRegionForTheWorld

Index : 7     used in the geometry : Yes
 Material : G4_WATER
 Range cuts        :  gamma  1 mm     e-  1 mm     e+  1 mm  proton 100 um 
 Energy thresholds :  gamma  2.93547 keV    e-  351.353 keV    e+  341.657 keV proton 10 keV
 Region(s) which use this couple : 
    DefaultRegionForTheWorld

==================================================================

### Run 38 starts.
Run 38 starts ...
 Run terminated.
Run Summary
  Number of events processed : 10
  User=0.000000s Real=0.001926s Sys=0.000000s
	  User TOT = 0.07	  Real TOT = 0.0829232
 Summary of Run 38 :
/run/geometryModified

========= Table of registered couples ============================

Index : 0     used in the geometry : Yes
 Material : G4_AIR
 Range cuts        :  gamma  1 mm     e-  1 mm     e+  1 mm  proton 100 um 
 Energy thresholds :  gamma  990 eV     e-  990 eV     e+  990 eV  proton 10 keV
 Region(s) which use this couple : 
    DefaultRegionForTheWorld

Index : 1     used in the geometry : Yes
 Material : G4_Co
 Range cuts        :  gamma  1 mm     e-  1 mm     e+  1 mm  proton 100 um 
 Energy thresholds :  gamma  22.8507 keV    e-  1.40918 MeV    e+  1.32925 MeV proton 10 keV
 Region(s) which use this couple : 
    DefaultRegionForTheWorld

Index : 2     used in the geometry : Yes
 Material : StainlessSteel
 Range cuts        :  gamma  1 mm     e-  1 mm     e+  1 mm  proton 100 um 
 Energy thresholds :  gamma  20.6058 keV    e-  1.28056 MeV    e+  1.21009 MeV proton 10 keV
 Region(s) which use this couple : 
    DefaultRegionForTheWorld

Index : 3     used in the geometry : Yes
 Material : G4_Al
 Range cuts        :  gamma  1 mm     e-  1 mm     e+  1 mm  proton 100 um 
 Energy thresholds :  gamma  6.91572 keV    e-  597.438 keV    e+  574.135 keV proton 10 keV
 Region(s) which use this couple : 
    DefaultRegionForTheWorld

Index : 4     used in the geometry : Yes
 Material : G4_Fe
 Range cuts        :  gamma  1 mm     e-  1 mm     e+  1 mm  proton 100 um 
 Energy thresholds :  gamma  20.7572 keV    e-  1.28885 MeV    e+  1.21776 MeV proton 10 keV
 Region(s) which use this couple : 
    DefaultRegionForTheWorld

Index : 5     used in the geometry : Yes
 Material : G4_W
 Range cuts        :  gamma  1 mm     e-  1 mm     e+  1 mm  proton 100 um 
 Energy thresholds :  gamma  106.43 keV    e-  2.31004 MeV    e+  2.14587 MeV proton 10 keV
 Region(s) which use this couple : 
    DefaultRegionForTheWorld

Index : 6     used in the geometry : Yes
 Material : G4_Pb
 Range cuts        :  gamma  1 mm     e-  1 mm     e+  1 mm  proton 100 um 
 Energy thresholds :  gamma  101.797 keV    e-  1.37158 MeV    e+  1.2826 MeV proton 10 keV
 Region(s) which use this couple : 
    DefaultRegionForTheWorld

Index : 7     used in the geometry : Yes
 Material : G4_WATER
 Range cuts        :  gamma  1 mm     e-  1 mm     e+  1 mm  proton 100 um 
 Energy thresholds :  gamma  2.93547 keV    e-  351.353 keV    e+  341.657 keV proton 10 keV
 Region(s) which use this couple : 
    DefaultRegionForTheWorld

==================================================================

### Run 39 starts.
Run 39 starts ...
 Run terminated.
Run Summary
  Number of events processed : 10
  User=0.010000s Real=0.001824s Sys=0.000000s
	  User TOT = 0.08	  Real TOT = 0.084855
 Summary of Run 39 :
/run/geometryModified

========= Table of registered couples ============================

Index : 0     used in the geometry : Yes
 Material : G4_AIR
 Range cuts        :  gamma  1 mm     e-  1 mm     e+  1 mm  proton 100 um 
 Energy thresholds :  gamma  990 eV     e-  990 eV     e+  990 eV  proton 10 keV
 Region(s) which use this couple : 
    DefaultRegionForTheWorld

Index : 1     used in the geometry : Yes
 Material : G4_Co
 Range cuts        :  gamma  1 mm     e-  1 mm     e+  1 mm  proton 100 um 
 Energy thresholds :  gamma  22.8507 keV    e-  1.40918 MeV    e+  1.32925 MeV proton 10 keV
 Region(s) which use this couple : 
    DefaultRegionForTheWorld

Index : 2     used in the geometry : Yes
 Material : StainlessSteel
 Range cuts        :  gamma  1 mm     e-  1 mm     e+  1 mm  proton 100 um 
 Energy thresholds :  gamma  20.6058 keV    e-  1.28056 MeV    e+  1.21009 MeV proton 10 keV
 Region(s) which use this couple : 
    DefaultRegionForTheWorld

Index : 3     used in the geometry : Yes
 Material : G4_Al
 Range cuts        :  gamma  1 mm     e-  1 mm     e+  1 mm  proton 100 um 
 Energy thresholds :  gamma  6.91572 keV    e-  597.438 keV    e+  574.135 keV proton 10 keV
 Region(s) which use this couple : 
    DefaultRegionForTheWorld

Index : 4     used in the geometry : Yes
 Material : G4_Fe
 Range cuts        :  gamma  1 mm     e-  1 mm     e+  1 mm  proton 100 um 
 Energy thresholds :  gamma  20.7572 keV    e-  1.28885 MeV    e+  1.21776 MeV proton 10 keV
 Region(s) which use this couple : 
    DefaultRegionForTheWorld

Index : 5     used in the geometry : Yes
 Material : G4_W
 Range cuts        :  gamma  1 mm     e-  1 mm     e+  1 mm  proton 100 um 
 Energy thresholds :  gamma  106.43 keV    e-  2.31004 MeV    e+  2.14587 MeV proton 10 keV
 Region(s) which use this couple : 
    DefaultRegionForTheWorld

Index : 6     used in the geometry : Yes
 Material : G4_Pb
 Range cuts        :  gamma  1 mm     e-  1 mm     e+  1 mm  proton 100 um 
 Energy thresholds :  gamma  101.797 keV    e-  1.37158 MeV    e+  1.2826 MeV proton 10 keV
 Region(s) which use this couple : 
    DefaultRegionForTheWorld

Index : 7     used in the geometry : Yes
 Material : G4_WATER
 Range cuts        :  gamma  1 mm     e-  1 mm     e+  1 mm  proton 100 um 
 Energy thresholds :  gamma  2.93547 keV    e-  351.353 keV    e+  341.657 keV proton 10 keV
 Region(s) which use this couple : 
    DefaultRegionForTheWorld

==================================================================

### Run 40 starts.
Run 40 starts ...
 Run terminated.
Run Summary
  Number of events processed : 10
  User=0.000000s Real=0.001930s Sys=0.000000s
	  User TOT = 0.08	  Real TOT = 0.0868853
 Summary of Run 40 :
/run/geometryModified

========= Table of registered couples ============================

Index : 0     used in the geometry : Yes
 Material : G4_AIR
 Range cuts        :  gamma  1 mm     e-  1 mm     e+  1 mm  proton 100 um 
 Energy thresholds :  gamma  990 eV     e-  990 eV     e+  990 eV  proton 10 keV
 Region(s) which use this couple : 
    DefaultRegionForTheWorld

Index : 1     used in the geometry : Yes
 Material : G4_Co
 Range cuts        :  gamma  1 mm     e-  1 mm     e+  1 mm  proton 100 um 
 Energy thresholds :  gamma  22.8507 keV    e-  1.40918 MeV    e+  1.32925 MeV proton 10 keV
 Region(s) which use this couple : 
    DefaultRegionForTheWorld

Index : 2     used in the geometry : Yes
 Material : StainlessSteel
 Range cuts        :  gamma  1 mm     e-  1 mm     e+  1 mm  proton 100 um 
 Energy thresholds :  gamma  20.6058 keV    e-  1.28056 MeV    e+  1.21009 MeV proton 10 keV
 Region(s) which use this couple : 
    DefaultRegionForTheWorld

Index : 3     used in the geometry : Yes
 Material : G4_Al
 Range cuts        :  gamma  1 mm     e-  1 mm     e+  1 mm  proton 100 um 
 Energy thresholds :  gamma  6.91572 keV    e-  597.438 keV    e+  574.135 keV proton 10 keV
 Region(s) which use this couple : 
    DefaultRegionForTheWorld

Index : 4     used in the geometry : Yes
 Material : G4_Fe
 Range cuts        :  gamma  1 mm     e-  1 mm     e+  1 mm  proton 100 um 
 Energy thresholds :  gamma  20.7572 keV    e-  1.28885 MeV    e+  1.21776 MeV proton 10 keV
 Region(s) which use this couple : 
    DefaultRegionForTheWorld

Index : 5     used in the geometry : Yes
 Material : G4_W
 Range cuts        :  gamma  1 mm     e-  1 mm     e+  1 mm  proton 100 um 
 Energy thresholds :  gamma  106.43 keV    e-  2.31004 MeV    e+  2.14587 MeV proton 10 keV
 Region(s) which use this couple : 
    DefaultRegionForTheWorld

Index : 6     used in the geometry : Yes
 Material : G4_Pb
 Range cuts        :  gamma  1 mm     e-  1 mm     e+  1 mm  proton 100 um 
 Energy thresholds :  gamma  101.797 keV    e-  1.37158 MeV    e+  1.2826 MeV proton 10 keV
 Region(s) which use this couple : 
    DefaultRegionForTheWorld

Index : 7     used in the geometry : Yes
 Material : G4_WATER
 Range cuts        :  gamma  1 mm     e-  1 mm     e+  1 mm  proton 100 um 
 Energy thresholds :  gamma  2.93547 keV    e-  351.353 keV    e+  341.657 keV proton 10 keV
 Region(s) which use this couple : 
    DefaultRegionForTheWorld

==================================================================

### Run 41 starts.
Run 41 starts ...
 Run terminated.
Run Summary
  Number of events processed : 10
  User=0.000000s Real=0.001461s Sys=0.000000s
	  User TOT = 0.08	  Real TOT = 0.0884494
 Summary of Run 41 :
/run/geometryModified

========= Table of registered couples ============================

Index : 0     used in the geometry : Yes
 Material : G4_AIR
 Range cuts        :  gamma  1 mm     e-  1 mm     e+  1 mm  proton 100 um 
 Energy thresholds :  gamma  990 eV     e-  990 eV     e+  990 eV  proton 10 keV
 Region(s) which use this couple : 
    DefaultRegionForTheWorld

Index : 1     used in the geometry : Yes
 Material : G4_Co
 Range cuts        :  gamma  1 mm     e-  1 mm     e+  1 mm  proton 100 um 
 Energy thresholds :  gamma  22.8507 keV    e-  1.40918 MeV    e+  1.32925 MeV proton 10 keV
 Region(s) which use this couple : 
    DefaultRegionForTheWorld

Index : 2     used in the geometry : Yes
 Material : StainlessSteel
 Range cuts        :  gamma  1 mm     e-  1 mm     e+  1 mm  proton 100 um 
 Energy thresholds :  gamma  20.6058 keV    e-  1.28056 MeV    e+  1.21009 MeV proton 10 keV
 Region(s) which use this couple : 
    DefaultRegionForTheWorld

Index : 3     used in the geometry : Yes
 Material : G4_Al
 Range cuts        :  gamma  1 mm     e-  1 mm     e+  1 mm  proton 100 um 
 Energy thresholds :  gamma  6.91572 keV    e-  597.438 keV    e+  574.135 keV proton 10 keV
 Region(s) which use this couple : 
    DefaultRegionForTheWorld

Index : 4     used in the geometry : Yes
 Material : G4_Fe
 Range cuts        :  gamma  1 mm     e-  1 mm     e+  1 mm  proton 100 um 
 Energy thresholds :  gamma  20.7572 keV    e-  1.28885 MeV    e+  1.21776 MeV proton 10 keV
 Region(s) which use this couple : 
    DefaultRegionForTheWorld

Index : 5     used in the geometry : Yes
 Material : G4_W
 Range cuts        :  gamma  1 mm     e-  1 mm     e+  1 mm  proton 100 um 
 Energy thresholds :  gamma  106.43 keV    e-  2.31004 MeV    e+  2.14587 MeV proton 10 keV
 Region(s) which use this couple : 
    DefaultRegionForTheWorld

Index : 6     used in the geometry : Yes
 Material : G4_Pb
 Range cuts        :  gamma  1 mm     e-  1 mm     e+  1 mm  proton 100 um 
 Energy thresholds :  gamma  101.797 keV    e-  1.37158 MeV    e+  1.2826 MeV proton 10 keV
 Region(s) which use this couple : 
    DefaultRegionForTheWorld

Index : 7     used in the geometry : Yes
 Material : G4_WATER
 Range cuts        :  gamma  1 mm     e-  1 mm     e+  1 mm  proton 100 um 
 Energy thresholds :  gamma  2.93547 keV    e-  351.353 keV    e+  341.657 keV proton 10 keV
 Region(s) which use this couple : 
    DefaultRegionForTheWorld

==================================================================

### Run 42 starts.
Run 42 starts ...
 Run terminated.
Run Summary
  Number of events processed : 10
  User=0.000000s Real=0.001443s Sys=0.010000s
	  User TOT = 0.08	  Real TOT = 0.0899979
 Summary of Run 42 :
/run/geometryModified

========= Table of registered couples ============================

Index : 0     used in the geometry : Yes
 Material : G4_AIR
 Range cuts        :  gamma  1 mm     e-  1 mm     e+  1 mm  proton 100 um 
 Energy thresholds :  gamma  990 eV     e-  990 eV     e+  990 eV  proton 10 keV
 Region(s) which use this couple : 
    DefaultRegionForTheWorld

Index : 1     used in the geometry : Yes
 Material : G4_Co
 Range cuts        :  gamma  1 mm     e-  1 mm     e+  1 mm  proton 100 um 
 Energy thresholds :  gamma  22.8507 keV    e-  1.40918 MeV    e+  1.32925 MeV proton 10 keV
 Region(s) which use this couple : 
    DefaultRegionForTheWorld

Index : 2     used in the geometry : Yes
 Material : StainlessSteel
 Range cuts        :  gamma  1 mm     e-  1 mm     e+  1 mm  proton 100 um 
 Energy thresholds :  gamma  20.6058 keV    e-  1.28056 MeV    e+  1.21009 MeV proton 10 keV
 Region(s) which use this couple : 
    DefaultRegionForTheWorld

Index : 3     used in the geometry : Yes
 Material : G4_Al
 Range cuts        :  gamma  1 mm     e-  1 mm     e+  1 mm  proton 100 um 
 Energy thresholds :  gamma  6.91572 keV    e-  597.438 keV    e+  574.135 keV proton 10 keV
 Region(s) which use this couple : 
    DefaultRegionForTheWorld

Index : 4     used in the geometry : Yes
 Material : G4_Fe
 Range cuts        :  gamma  1 mm     e-  1 mm     e+  1 mm  proton 100 um 
 Energy thresholds :  gamma  20.7572 keV    e-  1.28885 MeV    e+  1.21776 MeV proton 10 keV
 Region(s) which use this couple : 
    DefaultRegionForTheWorld

Index : 5     used in the geometry : Yes
 Material : G4_W
 Range cuts        :  gamma  1 mm     e-  1 mm     e+  1 mm  proton 100 um 
 Energy thresholds :  gamma  106.43 keV    e-  2.31004 MeV    e+  2.14587 MeV proton 10 keV
 Region(s) which use this couple : 
    DefaultRegionForTheWorld

Index : 6     used in the geometry : Yes
 Material : G4_Pb
 Range cuts        :  gamma  1 mm     e-  1 mm     e+  1 mm  proton 100 um 
 Energy thresholds :  gamma  101.797 keV    e-  1.37158 MeV    e+  1.2826 MeV proton 10 keV
 Region(s) which use this couple : 
    DefaultRegionForTheWorld

Index : 7     used in the geometry : Yes
 Material : G4_WATER
 Range cuts        :  gamma  1 mm     e-  1 mm     e+  1 mm  proton 100 um 
 Energy thresholds :  gamma  2.93547 keV    e-  351.353 keV    e+  341.657 keV proton 10 keV
 Region(s) which use this couple : 
    DefaultRegionForTheWorld

==================================================================

### Run 43 starts.
Run 43 starts ...
 Run terminated.
Run Summary
  Number of events processed : 10
  User=0.000000s Real=0.001918s Sys=0.000000s
	  User TOT = 0.08	  Real TOT = 0.092092
 Summary of Run 43 :
/run/geometryModified

========= Table of registered couples ============================

Index : 0     used in the geometry : Yes
 Material : G4_AIR
 Range cuts        :  gamma  1 mm     e-  1 mm     e+  1 mm  proton 100 um 
 Energy thresholds :  gamma  990 eV     e-  990 eV     e+  990 eV  proton 10 keV
 Region(s) which use this couple : 
    DefaultRegionForTheWorld

Index : 1     used in the geometry : Yes
 Material : G4_Co
 Range cuts        :  gamma  1 mm     e-  1 mm     e+  1 mm  proton 100 um 
 Energy thresholds :  gamma  22.8507 keV    e-  1.40918 MeV    e+  1.32925 MeV proton 10 keV
 Region(s) which use this couple : 
    DefaultRegionForTheWorld

Index : 2     used in the geometry : Yes
 Material : StainlessSteel
 Range cuts        :  gamma  1 mm     e-  1 mm     e+  1 mm  proton 100 um 
 Energy thresholds :  gamma  20.6058 keV    e-  1.28056 MeV    e+  1.21009 MeV proton 10 keV
 Region(s) which use this couple : 
    DefaultRegionForTheWorld

Index : 3     used in the geometry : Yes
 Material : G4_Al
 Range cuts        :  gamma  1 mm     e-  1 mm     e+  1 mm  proton 100 um 
 Energy thresholds :  gamma  6.91572 keV    e-  597.438 keV    e+  574.135 keV proton 10 keV
 Region(s) which use this couple : 
    DefaultRegionForTheWorld

Index : 4     used in the geometry : Yes
 Material : G4_Fe
 Range cuts        :  gamma  1 mm     e-  1 mm     e+  1 mm  proton 100 um 
 Energy thresholds :  gamma  20.7572 keV    e-  1.28885 MeV    e+  1.21776 MeV proton 10 keV
 Region(s) which use this couple : 
    DefaultRegionForTheWorld

Index : 5     used in the geometry : Yes
 Material : G4_W
 Range cuts        :  gamma  1 mm     e-  1 mm     e+  1 mm  proton 100 um 
 Energy thresholds :  gamma  106.43 keV    e-  2.31004 MeV    e+  2.14587 MeV proton 10 keV
 Region(s) which use this couple : 
    DefaultRegionForTheWorld

Index : 6     used in the geometry : Yes
 Material : G4_Pb
 Range cuts        :  gamma  1 mm     e-  1 mm     e+  1 mm  proton 100 um 
 Energy thresholds :  gamma  101.797 keV    e-  1.37158 MeV    e+  1.2826 MeV proton 10 keV
 Region(s) which use this couple : 
    DefaultRegionForTheWorld

Index : 7     used in the geometry : Yes
 Material : G4_WATER
 Range cuts        :  gamma  1 mm     e-  1 mm     e+  1 mm  proton 100 um 
 Energy thresholds :  gamma  2.93547 keV    e-  351.353 keV    e+  341.657 keV proton 10 keV
 Region(s) which use this couple : 
    DefaultRegionForTheWorld

==================================================================

### Run 44 starts.
Run 44 starts ...
 Run terminated.
Run Summary
  Number of events processed : 10
  User=0.000000s Real=0.001894s Sys=0.000000s
	  User TOT = 0.08	  Real TOT = 0.0940907
 Summary of Run 44 :
/run/geometryModified

========= Table of registered couples ============================

Index : 0     used in the geometry : Yes
 Material : G4_AIR
 Range cuts        :  gamma  1 mm     e-  1 mm     e+  1 mm  proton 100 um 
 Energy thresholds :  gamma  990 eV     e-  990 eV     e+  990 eV  proton 10 keV
 Region(s) which use this couple : 
    DefaultRegionForTheWorld

Index : 1     used in the geometry : Yes
 Material : G4_Co
 Range cuts        :  gamma  1 mm     e-  1 mm     e+  1 mm  proton 100 um 
 Energy thresholds :  gamma  22.8507 keV    e-  1.40918 MeV    e+  1.32925 MeV proton 10 keV
 Region(s) which use this couple : 
    DefaultRegionForTheWorld

Index : 2     used in the geometry : Yes
 Material : StainlessSteel
 Range cuts        :  gamma  1 mm     e-  1 mm     e+  1 mm  proton 100 um 
 Energy thresholds :  gamma  20.6058 keV    e-  1.28056 MeV    e+  1.21009 MeV proton 10 keV
 Region(s) which use this couple : 
    DefaultRegionForTheWorld

Index : 3     used in the geometry : Yes
 Material : G4_Al
 Range cuts        :  gamma  1 mm     e-  1 mm     e+  1 mm  proton 100 um 
 Energy thresholds :  gamma  6.91572 keV    e-  597.438 keV    e+  574.135 keV proton 10 keV
 Region(s) which use this couple : 
    DefaultRegionForTheWorld

Index : 4     used in the geometry : Yes
 Material : G4_Fe
 Range cuts        :  gamma  1 mm     e-  1 mm     e+  1 mm  proton 100 um 
 Energy thresholds :  gamma  20.7572 keV    e-  1.28885 MeV    e+  1.21776 MeV proton 10 keV
 Region(s) which use this couple : 
    DefaultRegionForTheWorld

Index : 5     used in the geometry : Yes
 Material : G4_W
 Range cuts        :  gamma  1 mm     e-  1 mm     e+  1 mm  proton 100 um 
 Energy thresholds :  gamma  106.43 keV    e-  2.31004 MeV    e+  2.14587 MeV proton 10 keV
 Region(s) which use this couple : 
    DefaultRegionForTheWorld

Index : 6     used in the geometry : Yes
 Material : G4_Pb
 Range cuts        :  gamma  1 mm     e-  1 mm     e+  1 mm  proton 100 um 
 Energy thresholds :  gamma  101.797 keV    e-  1.37158 MeV    e+  1.2826 MeV proton 10 keV
 Region(s) which use this couple : 
    DefaultRegionForTheWorld

Index : 7     used in the geometry : Yes
 Material : G4_WATER
 Range cuts        :  gamma  1 mm     e-  1 mm     e+  1 mm  proton 100 um 
 Energy thresholds :  gamma  2.93547 keV    e-  351.353 keV    e+  341.657 keV proton 10 keV
 Region(s) which use this couple : 
    DefaultRegionForTheWorld

==================================================================

### Run 45 starts.
Run 45 starts ...
 Run terminated.
Run Summary
  Number of events processed : 10
  User=0.000000s Real=0.001837s Sys=0.000000s
	  User TOT = 0.08	  Real TOT = 0.0960436
 Summary of Run 45 :
/run/geometryModified

========= Table of registered couples ============================

Index : 0     used in the geometry : Yes
 Material : G4_AIR
 Range cuts        :  gamma  1 mm     e-  1 mm     e+  1 mm  proton 100 um 
 Energy thresholds :  gamma  990 eV     e-  990 eV     e+  990 eV  proton 10 keV
 Region(s) which use this couple : 
    DefaultRegionForTheWorld

Index : 1     used in the geometry : Yes
 Material : G4_Co
 Range cuts        :  gamma  1 mm     e-  1 mm     e+  1 mm  proton 100 um 
 Energy thresholds :  gamma  22.8507 keV    e-  1.40918 MeV    e+  1.32925 MeV proton 10 keV
 Region(s) which use this couple : 
    DefaultRegionForTheWorld

Index : 2     used in the geometry : Yes
 Material : StainlessSteel
 Range cuts        :  gamma  1 mm     e-  1 mm     e+  1 mm  proton 100 um 
 Energy thresholds :  gamma  20.6058 keV    e-  1.28056 MeV    e+  1.21009 MeV proton 10 keV
 Region(s) which use this couple : 
    DefaultRegionForTheWorld

Index : 3     used in the geometry : Yes
 Material : G4_Al
 Range cuts        :  gamma  1 mm     e-  1 mm     e+  1 mm  proton 100 um 
 Energy thresholds :  gamma  6.91572 keV    e-  597.438 keV    e+  574.135 keV proton 10 keV
 Region(s) which use this couple : 
    DefaultRegionForTheWorld

Index : 4     used in the geometry : Yes
 Material : G4_Fe
 Range cuts        :  gamma  1 mm     e-  1 mm     e+  1 mm  proton 100 um 
 Energy thresholds :  gamma  20.7572 keV    e-  1.28885 MeV    e+  1.21776 MeV proton 10 keV
 Region(s) which use this couple : 
    DefaultRegionForTheWorld

Index : 5     used in the geometry : Yes
 Material : G4_W
 Range cuts        :  gamma  1 mm     e-  1 mm     e+  1 mm  proton 100 um 
 Energy thresholds :  gamma  106.43 keV    e-  2.31004 MeV    e+  2.14587 MeV proton 10 keV
 Region(s) which use this couple : 
    DefaultRegionForTheWorld

Index : 6     used in the geometry : Yes
 Material : G4_Pb
 Range cuts        :  gamma  1 mm     e-  1 mm     e+  1 mm  proton 100 um 
 Energy thresholds :  gamma  101.797 keV    e-  1.37158 MeV    e+  1.2826 MeV proton 10 keV
 Region(s) which use this couple : 
    DefaultRegionForTheWorld

Index : 7     used in the geometry : Yes
 Material : G4_WATER
 Range cuts        :  gamma  1 mm     e-  1 mm     e+  1 mm  proton 100 um 
 Energy thresholds :  gamma  2.93547 keV    e-  351.353 keV    e+  341.657 keV proton 10 keV
 Region(s) which use this couple : 
    DefaultRegionForTheWorld

==================================================================

### Run 46 starts.
Run 46 starts ...
 Run terminated.
Run Summary
  Number of events processed : 10
  User=0.000000s Real=0.001760s Sys=0.000000s
	  User TOT = 0.08	  Real TOT = 0.0979088
 Summary of Run 46 :
/run/geometryModified

========= Table of registered couples ============================

Index : 0     used in the geometry : Yes
 Material : G4_AIR
 Range cuts        :  gamma  1 mm     e-  1 mm     e+  1 mm  proton 100 um 
 Energy thresholds :  gamma  990 eV     e-  990 eV     e+  990 eV  proton 10 keV
 Region(s) which use this couple : 
    DefaultRegionForTheWorld

Index : 1     used in the geometry : Yes
 Material : G4_Co
 Range cuts        :  gamma  1 mm     e-  1 mm     e+  1 mm  proton 100 um 
 Energy thresholds :  gamma  22.8507 keV    e-  1.40918 MeV    e+  1.32925 MeV proton 10 keV
 Region(s) which use this couple : 
    DefaultRegionForTheWorld

Index : 2     used in the geometry : Yes
 Material : StainlessSteel
 Range cuts        :  gamma  1 mm     e-  1 mm     e+  1 mm  proton 100 um 
 Energy thresholds :  gamma  20.6058 keV    e-  1.28056 MeV    e+  1.21009 MeV proton 10 keV
 Region(s) which use this couple : 
    DefaultRegionForTheWorld

Index : 3     used in the geometry : Yes
 Material : G4_Al
 Range cuts        :  gamma  1 mm     e-  1 mm     e+  1 mm  proton 100 um 
 Energy thresholds :  gamma  6.91572 keV    e-  597.438 keV    e+  574.135 keV proton 10 keV
 Region(s) which use this couple : 
    DefaultRegionForTheWorld

Index : 4     used in the geometry : Yes
 Material : G4_Fe
 Range cuts        :  gamma  1 mm     e-  1 mm     e+  1 mm  proton 100 um 
 Energy thresholds :  gamma  20.7572 keV    e-  1.28885 MeV    e+  1.21776 MeV proton 10 keV
 Region(s) which use this couple : 
    DefaultRegionForTheWorld

Index : 5     used in the geometry : Yes
 Material : G4_W
 Range cuts        :  gamma  1 mm     e-  1 mm     e+  1 mm  proton 100 um 
 Energy thresholds :  gamma  106.43 keV    e-  2.31004 MeV    e+  2.14587 MeV proton 10 keV
 Region(s) which use this couple : 
    DefaultRegionForTheWorld

Index : 6     used in the geometry : Yes
 Material : G4_Pb
 Range cuts        :  gamma  1 mm     e-  1 mm     e+  1 mm  proton 100 um 
 Energy thresholds :  gamma  101.797 keV    e-  1.37158 MeV    e+  1.2826 MeV proton 10 keV
 Region(s) which use this couple : 
    DefaultRegionForTheWorld

Index : 7     used in the geometry : Yes
 Material : G4_WATER
 Range cuts        :  gamma  1 mm     e-  1 mm     e+  1 mm  proton 100 um 
 Energy thresholds :  gamma  2.93547 keV    e-  351.353 keV    e+  341.657 keV proton 10 keV
 Region(s) which use this couple : 
    DefaultRegionForTheWorld

==================================================================

### Run 47 starts.
Run 47 starts ...
 Run terminated.
Run Summary
  Number of events processed : 10
  User=0.000000s Real=0.002325s Sys=0.000000s
	  User TOT = 0.08	  Real TOT = 0.100357
 Summary of Run 47 :
/run/geometryModified

========= Table of registered couples ============================

Index : 0     used in the geometry : Yes
 Material : G4_AIR
 Range cuts        :  gamma  1 mm     e-  1 mm     e+  1 mm  proton 100 um 
 Energy thresholds :  gamma  990 eV     e-  990 eV     e+  990 eV  proton 10 keV
 Region(s) which use this couple : 
    DefaultRegionForTheWorld

Index : 1     used in the geometry : Yes
 Material : G4_Co
 Range cuts        :  gamma  1 mm     e-  1 mm     e+  1 mm  proton 100 um 
 Energy thresholds :  gamma  22.8507 keV    e-  1.40918 MeV    e+  1.32925 MeV proton 10 keV
 Region(s) which use this couple : 
    DefaultRegionForTheWorld

Index : 2     used in the geometry : Yes
 Material : StainlessSteel
 Range cuts        :  gamma  1 mm     e-  1 mm     e+  1 mm  proton 100 um 
 Energy thresholds :  gamma  20.6058 keV    e-  1.28056 MeV    e+  1.21009 MeV proton 10 keV
 Region(s) which use this couple : 
    DefaultRegionForTheWorld

Index : 3     used in the geometry : Yes
 Material : G4_Al
 Range cuts        :  gamma  1 mm     e-  1 mm     e+  1 mm  proton 100 um 
 Energy thresholds :  gamma  6.91572 keV    e-  597.438 keV    e+  574.135 keV proton 10 keV
 Region(s) which use this couple : 
    DefaultRegionForTheWorld

Index : 4     used in the geometry : Yes
 Material : G4_Fe
 Range cuts        :  gamma  1 mm     e-  1 mm     e+  1 mm  proton 100 um 
 Energy thresholds :  gamma  20.7572 keV    e-  1.28885 MeV    e+  1.21776 MeV proton 10 keV
 Region(s) which use this couple : 
    DefaultRegionForTheWorld

Index : 5     used in the geometry : Yes
 Material : G4_W
 Range cuts        :  gamma  1 mm     e-  1 mm     e+  1 mm  proton 100 um 
 Energy thresholds :  gamma  106.43 keV    e-  2.31004 MeV    e+  2.14587 MeV proton 10 keV
 Region(s) which use this couple : 
    DefaultRegionForTheWorld

Index : 6     used in the geometry : Yes
 Material : G4_Pb
 Range cuts        :  gamma  1 mm     e-  1 mm     e+  1 mm  proton 100 um 
 Energy thresholds :  gamma  101.797 keV    e-  1.37158 MeV    e+  1.2826 MeV proton 10 keV
 Region(s) which use this couple : 
    DefaultRegionForTheWorld

Index : 7     used in the geometry : Yes
 Material : G4_WATER
 Range cuts        :  gamma  1 mm     e-  1 mm     e+  1 mm  proton 100 um 
 Energy thresholds :  gamma  2.93547 keV    e-  351.353 keV    e+  341.657 keV proton 10 keV
 Region(s) which use this couple : 
    DefaultRegionForTheWorld

==================================================================

### Run 48 starts.
Run 48 starts ...
 Run terminated.
Run Summary
  Number of events processed : 10
  User=0.000000s Real=0.001873s Sys=0.000000s
	  User TOT = 0.08	  Real TOT = 0.102346
 Summary of Run 48 :
/run/geometryModified

========= Table of registered couples ============================

Index : 0     used in the geometry : Yes
 Material : G4_AIR
 Range cuts        :  gamma  1 mm     e-  1 mm     e+  1 mm  proton 100 um 
 Energy thresholds :  gamma  990 eV     e-  990 eV     e+  990 eV  proton 10 keV
 Region(s) which use this couple : 
    DefaultRegionForTheWorld

Index : 1     used in the geometry : Yes
 Material : G4_Co
 Range cuts        :  gamma  1 mm     e-  1 mm     e+  1 mm  proton 100 um 
 Energy thresholds :  gamma  22.8507 keV    e-  1.40918 MeV    e+  1.32925 MeV proton 10 keV
 Region(s) which use this couple : 
    DefaultRegionForTheWorld

Index : 2     used in the geometry : Yes
 Material : StainlessSteel
 Range cuts        :  gamma  1 mm     e-  1 mm     e+  1 mm  proton 100 um 
 Energy thresholds :  gamma  20.6058 keV    e-  1.28056 MeV    e+  1.21009 MeV proton 10 keV
 Region(s) which use this couple : 
    DefaultRegionForTheWorld

Index : 3     used in the geometry : Yes
 Material : G4_Al
 Range cuts        :  gamma  1 mm     e-  1 mm     e+  1 mm  proton 100 um 
 Energy thresholds :  gamma  6.91572 keV    e-  597.438 keV    e+  574.135 keV proton 10 keV
 Region(s) which use this couple : 
    DefaultRegionForTheWorld

Index : 4     used in the geometry : Yes
 Material : G4_Fe
 Range cuts        :  gamma  1 mm     e-  1 mm     e+  1 mm  proton 100 um 
 Energy thresholds :  gamma  20.7572 keV    e-  1.28885 MeV    e+  1.21776 MeV proton 10 keV
 Region(s) which use this couple : 
    DefaultRegionForTheWorld

Index : 5     used in the geometry : Yes
 Material : G4_W
 Range cuts        :  gamma  1 mm     e-  1 mm     e+  1 mm  proton 100 um 
 Energy thresholds :  gamma  106.43 keV    e-  2.31004 MeV    e+  2.14587 MeV proton 10 keV
 Region(s) which use this couple : 
    DefaultRegionForTheWorld

Index : 6     used in the geometry : Yes
 Material : G4_Pb
 Range cuts        :  gamma  1 mm     e-  1 mm     e+  1 mm  proton 100 um 
 Energy thresholds :  gamma  101.797 keV    e-  1.37158 MeV    e+  1.2826 MeV proton 10 keV
 Region(s) which use this couple : 
    DefaultRegionForTheWorld

Index : 7     used in the geometry : Yes
 Material : G4_WATER
 Range cuts        :  gamma  1 mm     e-  1 mm     e+  1 mm  proton 100 um 
 Energy thresholds :  gamma  2.93547 keV    e-  351.353 keV    e+  341.657 keV proton 10 keV
 Region(s) which use this couple : 
    DefaultRegionForTheWorld

==================================================================

### Run 49 starts.
Run 49 starts ...
 Run terminated.
Run Summary
  Number of events processed : 10
  User=0.000000s Real=0.001669s Sys=0.000000s
	  User TOT = 0.08	  Real TOT = 0.104121
 Summary of Run 49 :
/run/geometryModified

========= Table of registered couples ============================

Index : 0     used in the geometry : Yes
 Material : G4_AIR
 Range cuts        :  gamma  1 mm     e-  1 mm     e+  1 mm  proton 100 um 
 Energy thresholds :  gamma  990 eV     e-  990 eV     e+  990 eV  proton 10 keV
 Region(s) which use this couple : 
    DefaultRegionForTheWorld

Index : 1     used in the geometry : Yes
 Material : G4_Co
 Range cuts        :  gamma  1 mm     e-  1 mm     e+  1 mm  proton 100 um 
 Energy thresholds :  gamma  22.8507 keV    e-  1.40918 MeV    e+  1.32925 MeV proton 10 keV
 Region(s) which use this couple : 
    DefaultRegionForTheWorld

Index : 2     used in the geometry : Yes
 Material : StainlessSteel
 Range cuts        :  gamma  1 mm     e-  1 mm     e+  1 mm  proton 100 um 
 Energy thresholds :  gamma  20.6058 keV    e-  1.28056 MeV    e+  1.21009 MeV proton 10 keV
 Region(s) which use this couple : 
    DefaultRegionForTheWorld

Index : 3     used in the geometry : Yes
 Material : G4_Al
 Range cuts        :  gamma  1 mm     e-  1 mm     e+  1 mm  proton 100 um 
 Energy thresholds :  gamma  6.91572 keV    e-  597.438 keV    e+  574.135 keV proton 10 keV
 Region(s) which use this couple : 
    DefaultRegionForTheWorld

Index : 4     used in the geometry : Yes
 Material : G4_Fe
 Range cuts        :  gamma  1 mm     e-  1 mm     e+  1 mm  proton 100 um 
 Energy thresholds :  gamma  20.7572 keV    e-  1.28885 MeV    e+  1.21776 MeV proton 10 keV
 Region(s) which use this couple : 
    DefaultRegionForTheWorld

Index : 5     used in the geometry : Yes
 Material : G4_W
 Range cuts        :  gamma  1 mm     e-  1 mm     e+  1 mm  proton 100 um 
 Energy thresholds :  gamma  106.43 keV    e-  2.31004 MeV    e+  2.14587 MeV proton 10 keV
 Region(s) which use this couple : 
    DefaultRegionForTheWorld

Index : 6     used in the geometry : Yes
 Material : G4_Pb
 Range cuts        :  gamma  1 mm     e-  1 mm     e+  1 mm  proton 100 um 
 Energy thresholds :  gamma  101.797 keV    e-  1.37158 MeV    e+  1.2826 MeV proton 10 keV
 Region(s) which use this couple : 
    DefaultRegionForTheWorld

Index : 7     used in the geometry : Yes
 Material : G4_WATER
 Range cuts        :  gamma  1 mm     e-  1 mm     e+  1 mm  proton 100 um 
 Energy thresholds :  gamma  2.93547 keV    e-  351.353 keV    e+  341.657 keV proton 10 keV
 Region(s) which use this couple : 
    DefaultRegionForTheWorld

==================================================================

### Run 50 starts.
Run 50 starts ...
 Run terminated.
Run Summary
  Number of events processed : 10
  User=0.000000s Real=0.002533s Sys=0.000000s
	  User TOT = 0.08	  Real TOT = 0.106919
 Summary of Run 50 :
/run/geometryModified

========= Table of registered couples ============================

Index : 0     used in the geometry : Yes
 Material : G4_AIR
 Range cuts        :  gamma  1 mm     e-  1 mm     e+  1 mm  proton 100 um 
 Energy thresholds :  gamma  990 eV     e-  990 eV     e+  990 eV  proton 10 keV
 Region(s) which use this couple : 
    DefaultRegionForTheWorld

Index : 1     used in the geometry : Yes
 Material : G4_Co
 Range cuts        :  gamma  1 mm     e-  1 mm     e+  1 mm  proton 100 um 
 Energy thresholds :  gamma  22.8507 keV    e-  1.40918 MeV    e+  1.32925 MeV proton 10 keV
 Region(s) which use this couple : 
    DefaultRegionForTheWorld

Index : 2     used in the geometry : Yes
 Material : StainlessSteel
 Range cuts        :  gamma  1 mm     e-  1 mm     e+  1 mm  proton 100 um 
 Energy thresholds :  gamma  20.6058 keV    e-  1.28056 MeV    e+  1.21009 MeV proton 10 keV
 Region(s) which use this couple : 
    DefaultRegionForTheWorld

Index : 3     used in the geometry : Yes
 Material : G4_Al
 Range cuts        :  gamma  1 mm     e-  1 mm     e+  1 mm  proton 100 um 
 Energy thresholds :  gamma  6.91572 keV    e-  597.438 keV    e+  574.135 keV proton 10 keV
 Region(s) which use this couple : 
    DefaultRegionForTheWorld

Index : 4     used in the geometry : Yes
 Material : G4_Fe
 Range cuts        :  gamma  1 mm     e-  1 mm     e+  1 mm  proton 100 um 
 Energy thresholds :  gamma  20.7572 keV    e-  1.28885 MeV    e+  1.21776 MeV proton 10 keV
 Region(s) which use this couple : 
    DefaultRegionForTheWorld

Index : 5     used in the geometry : Yes
 Material : G4_W
 Range cuts        :  gamma  1 mm     e-  1 mm     e+  1 mm  proton 100 um 
 Energy thresholds :  gamma  106.43 keV    e-  2.31004 MeV    e+  2.14587 MeV proton 10 keV
 Region(s) which use this couple : 
    DefaultRegionForTheWorld

Index : 6     used in the geometry : Yes
 Material : G4_Pb
 Range cuts        :  gamma  1 mm     e-  1 mm     e+  1 mm  proton 100 um 
 Energy thresholds :  gamma  101.797 keV    e-  1.37158 MeV    e+  1.2826 MeV proton 10 keV
 Region(s) which use this couple : 
    DefaultRegionForTheWorld

Index : 7     used in the geometry : Yes
 Material : G4_WATER
 Range cuts        :  gamma  1 mm     e-  1 mm     e+  1 mm  proton 100 um 
 Energy thresholds :  gamma  2.93547 keV    e-  351.353 keV    e+  341.657 keV proton 10 keV
 Region(s) which use this couple : 
    DefaultRegionForTheWorld

==================================================================

### Run 51 starts.
Run 51 starts ...
 Run terminated.
Run Summary
  Number of events processed : 10
  User=0.010000s Real=0.002020s Sys=0.000000s
	  User TOT = 0.09	  Real TOT = 0.109116
 Summary of Run 51 :
/run/geometryModified

========= Table of registered couples ============================

Index : 0     used in the geometry : Yes
 Material : G4_AIR
 Range cuts        :  gamma  1 mm     e-  1 mm     e+  1 mm  proton 100 um 
 Energy thresholds :  gamma  990 eV     e-  990 eV     e+  990 eV  proton 10 keV
 Region(s) which use this couple : 
    DefaultRegionForTheWorld

Index : 1     used in the geometry : Yes
 Material : G4_Co
 Range cuts        :  gamma  1 mm     e-  1 mm     e+  1 mm  proton 100 um 
 Energy thresholds :  gamma  22.8507 keV    e-  1.40918 MeV    e+  1.32925 MeV proton 10 keV
 Region(s) which use this couple : 
    DefaultRegionForTheWorld

Index : 2     used in the geometry : Yes
 Material : StainlessSteel
 Range cuts        :  gamma  1 mm     e-  1 mm     e+  1 mm  proton 100 um 
 Energy thresholds :  gamma  20.6058 keV    e-  1.28056 MeV    e+  1.21009 MeV proton 10 keV
 Region(s) which use this couple : 
    DefaultRegionForTheWorld

Index : 3     used in the geometry : Yes
 Material : G4_Al
 Range cuts        :  gamma  1 mm     e-  1 mm     e+  1 mm  proton 100 um 
 Energy thresholds :  gamma  6.91572 keV    e-  597.438 keV    e+  574.135 keV proton 10 keV
 Region(s) which use this couple : 
    DefaultRegionForTheWorld

Index : 4     used in the geometry : Yes
 Material : G4_Fe
 Range cuts        :  gamma  1 mm     e-  1 mm     e+  1 mm  proton 100 um 
 Energy thresholds :  gamma  20.7572 keV    e-  1.28885 MeV    e+  1.21776 MeV proton 10 keV
 Region(s) which use this couple : 
    DefaultRegionForTheWorld

Index : 5     used in the geometry : Yes
 Material : G4_W
 Range cuts        :  gamma  1 mm     e-  1 mm     e+  1 mm  proton 100 um 
 Energy thresholds :  gamma  106.43 keV    e-  2.31004 MeV    e+  2.14587 MeV proton 10 keV
 Region(s) which use this couple : 
    DefaultRegionForTheWorld

Index : 6     used in the geometry : Yes
 Material : G4_Pb
 Range cuts        :  gamma  1 mm     e-  1 mm     e+  1 mm  proton 100 um 
 Energy thresholds :  gamma  101.797 keV    e-  1.37158 MeV    e+  1.2826 MeV proton 10 keV
 Region(s) which use this couple : 
    DefaultRegionForTheWorld

Index : 7     used in the geometry : Yes
 Material : G4_WATER
 Range cuts        :  gamma  1 mm     e-  1 mm     e+  1 mm  proton 100 um 
 Energy thresholds :  gamma  2.93547 keV    e-  351.353 keV    e+  341.657 keV proton 10 keV
 Region(s) which use this couple : 
    DefaultRegionForTheWorld

==================================================================

### Run 52 starts.
Run 52 starts ...
 Run terminated.
Run Summary
  Number of events processed : 10
  User=0.000000s Real=0.002034s Sys=0.000000s
	  User TOT = 0.09	  Real TOT = 0.111262
 Summary of Run 52 :
/run/geometryModified

========= Table of registered couples ============================

Index : 0     used in the geometry : Yes
 Material : G4_AIR
 Range cuts        :  gamma  1 mm     e-  1 mm     e+  1 mm  proton 100 um 
 Energy thresholds :  gamma  990 eV     e-  990 eV     e+  990 eV  proton 10 keV
 Region(s) which use this couple : 
    DefaultRegionForTheWorld

Index : 1     used in the geometry : Yes
 Material : G4_Co
 Range cuts        :  gamma  1 mm     e-  1 mm     e+  1 mm  proton 100 um 
 Energy thresholds :  gamma  22.8507 keV    e-  1.40918 MeV    e+  1.32925 MeV proton 10 keV
 Region(s) which use this couple : 
    DefaultRegionForTheWorld

Index : 2     used in the geometry : Yes
 Material : StainlessSteel
 Range cuts        :  gamma  1 mm     e-  1 mm     e+  1 mm  proton 100 um 
 Energy thresholds :  gamma  20.6058 keV    e-  1.28056 MeV    e+  1.21009 MeV proton 10 keV
 Region(s) which use this couple : 
    DefaultRegionForTheWorld

Index : 3     used in the geometry : Yes
 Material : G4_Al
 Range cuts        :  gamma  1 mm     e-  1 mm     e+  1 mm  proton 100 um 
 Energy thresholds :  gamma  6.91572 keV    e-  597.438 keV    e+  574.135 keV proton 10 keV
 Region(s) which use this couple : 
    DefaultRegionForTheWorld

Index : 4     used in the geometry : Yes
 Material : G4_Fe
 Range cuts        :  gamma  1 mm     e-  1 mm     e+  1 mm  proton 100 um 
 Energy thresholds :  gamma  20.7572 keV    e-  1.28885 MeV    e+  1.21776 MeV proton 10 keV
 Region(s) which use this couple : 
    DefaultRegionForTheWorld

Index : 5     used in the geometry : Yes
 Material : G4_W
 Range cuts        :  gamma  1 mm     e-  1 mm     e+  1 mm  proton 100 um 
 Energy thresholds :  gamma  106.43 keV    e-  2.31004 MeV    e+  2.14587 MeV proton 10 keV
 Region(s) which use this couple : 
    DefaultRegionForTheWorld

Index : 6     used in the geometry : Yes
 Material : G4_Pb
 Range cuts        :  gamma  1 mm     e-  1 mm     e+  1 mm  proton 100 um 
 Energy thresholds :  gamma  101.797 keV    e-  1.37158 MeV    e+  1.2826 MeV proton 10 keV
 Region(s) which use this couple : 
    DefaultRegionForTheWorld

Index : 7     used in the geometry : Yes
 Material : G4_WATER
 Range cuts        :  gamma  1 mm     e-  1 mm     e+  1 mm  proton 100 um 
 Energy thresholds :  gamma  2.93547 keV    e-  351.353 keV    e+  341.657 keV proton 10 keV
 Region(s) which use this couple : 
    DefaultRegionForTheWorld

==================================================================

### Run 53 starts.
Run 53 starts ...
 Run terminated.
Run Summary
  Number of events processed : 10
  User=0.000000s Real=0.002711s Sys=0.000000s
	  User TOT = 0.09	  Real TOT = 0.114088
 Summary of Run 53 :
/run/geometryModified

========= Table of registered couples ============================

Index : 0     used in the geometry : Yes
 Material : G4_AIR
 Range cuts        :  gamma  1 mm     e-  1 mm     e+  1 mm  proton 100 um 
 Energy thresholds :  gamma  990 eV     e-  990 eV     e+  990 eV  proton 10 keV
 Region(s) which use this couple : 
    DefaultRegionForTheWorld

Index : 1     used in the geometry : Yes
 Material : G4_Co
 Range cuts        :  gamma  1 mm     e-  1 mm     e+  1 mm  proton 100 um 
 Energy thresholds :  gamma  22.8507 keV    e-  1.40918 MeV    e+  1.32925 MeV proton 10 keV
 Region(s) which use this couple : 
    DefaultRegionForTheWorld

Index : 2     used in the geometry : Yes
 Material : StainlessSteel
 Range cuts        :  gamma  1 mm     e-  1 mm     e+  1 mm  proton 100 um 
 Energy thresholds :  gamma  20.6058 keV    e-  1.28056 MeV    e+  1.21009 MeV proton 10 keV
 Region(s) which use this couple : 
    DefaultRegionForTheWorld

Index : 3     used in the geometry : Yes
 Material : G4_Al
 Range cuts        :  gamma  1 mm     e-  1 mm     e+  1 mm  proton 100 um 
 Energy thresholds :  gamma  6.91572 keV    e-  597.438 keV    e+  574.135 keV proton 10 keV
 Region(s) which use this couple : 
    DefaultRegionForTheWorld

Index : 4     used in the geometry : Yes
 Material : G4_Fe
 Range cuts        :  gamma  1 mm     e-  1 mm     e+  1 mm  proton 100 um 
 Energy thresholds :  gamma  20.7572 keV    e-  1.28885 MeV    e+  1.21776 MeV proton 10 keV
 Region(s) which use this couple : 
    DefaultRegionForTheWorld

Index : 5     used in the geometry : Yes
 Material : G4_W
 Range cuts        :  gamma  1 mm     e-  1 mm     e+  1 mm  proton 100 um 
 Energy thresholds :  gamma  106.43 keV    e-  2.31004 MeV    e+  2.14587 MeV proton 10 keV
 Region(s) which use this couple : 
    DefaultRegionForTheWorld

Index : 6     used in the geometry : Yes
 Material : G4_Pb
 Range cuts        :  gamma  1 mm     e-  1 mm     e+  1 mm  proton 100 um 
 Energy thresholds :  gamma  101.797 keV    e-  1.37158 MeV    e+  1.2826 MeV proton 10 keV
 Region(s) which use this couple : 
    DefaultRegionForTheWorld

Index : 7     used in the geometry : Yes
 Material : G4_WATER
 Range cuts        :  gamma  1 mm     e-  1 mm     e+  1 mm  proton 100 um 
 Energy thresholds :  gamma  2.93547 keV    e-  351.353 keV    e+  341.657 keV proton 10 keV
 Region(s) which use this couple : 
    DefaultRegionForTheWorld

==================================================================

### Run 54 starts.
Run 54 starts ...
 Run terminated.
Run Summary
  Number of events processed : 10
  User=0.000000s Real=0.002292s Sys=0.000000s
	  User TOT = 0.09	  Real TOT = 0.116495
 Summary of Run 54 :
/run/geometryModified

========= Table of registered couples ============================

Index : 0     used in the geometry : Yes
 Material : G4_AIR
 Range cuts        :  gamma  1 mm     e-  1 mm     e+  1 mm  proton 100 um 
 Energy thresholds :  gamma  990 eV     e-  990 eV     e+  990 eV  proton 10 keV
 Region(s) which use this couple : 
    DefaultRegionForTheWorld

Index : 1     used in the geometry : Yes
 Material : G4_Co
 Range cuts        :  gamma  1 mm     e-  1 mm     e+  1 mm  proton 100 um 
 Energy thresholds :  gamma  22.8507 keV    e-  1.40918 MeV    e+  1.32925 MeV proton 10 keV
 Region(s) which use this couple : 
    DefaultRegionForTheWorld

Index : 2     used in the geometry : Yes
 Material : StainlessSteel
 Range cuts        :  gamma  1 mm     e-  1 mm     e+  1 mm  proton 100 um 
 Energy thresholds :  gamma  20.6058 keV    e-  1.28056 MeV    e+  1.21009 MeV proton 10 keV
 Region(s) which use this couple : 
    DefaultRegionForTheWorld

Index : 3     used in the geometry : Yes
 Material : G4_Al
 Range cuts        :  gamma  1 mm     e-  1 mm     e+  1 mm  proton 100 um 
 Energy thresholds :  gamma  6.91572 keV    e-  597.438 keV    e+  574.135 keV proton 10 keV
 Region(s) which use this couple : 
    DefaultRegionForTheWorld

Index : 4     used in the geometry : Yes
 Material : G4_Fe
 Range cuts        :  gamma  1 mm     e-  1 mm     e+  1 mm  proton 100 um 
 Energy thresholds :  gamma  20.7572 keV    e-  1.28885 MeV    e+  1.21776 MeV proton 10 keV
 Region(s) which use this couple : 
    DefaultRegionForTheWorld

Index : 5     used in the geometry : Yes
 Material : G4_W
 Range cuts        :  gamma  1 mm     e-  1 mm     e+  1 mm  proton 100 um 
 Energy thresholds :  gamma  106.43 keV    e-  2.31004 MeV    e+  2.14587 MeV proton 10 keV
 Region(s) which use this couple : 
    DefaultRegionForTheWorld

Index : 6     used in the geometry : Yes
 Material : G4_Pb
 Range cuts        :  gamma  1 mm     e-  1 mm     e+  1 mm  proton 100 um 
 Energy thresholds :  gamma  101.797 keV    e-  1.37158 MeV    e+  1.2826 MeV proton 10 keV
 Region(s) which use this couple : 
    DefaultRegionForTheWorld

Index : 7     used in the geometry : Yes
 Material : G4_WATER
 Range cuts        :  gamma  1 mm     e-  1 mm     e+  1 mm  proton 100 um 
 Energy thresholds :  gamma  2.93547 keV    e-  351.353 keV    e+  341.657 keV proton 10 keV
 Region(s) which use this couple : 
    DefaultRegionForTheWorld

==================================================================

### Run 55 starts.
Run 55 starts ...
 Run terminated.
Run Summary
  Number of events processed : 10
  User=0.010000s Real=0.001929s Sys=0.000000s
	  User TOT = 0.1	  Real TOT = 0.118535
 Summary of Run 55 :
/run/geometryModified

========= Table of registered couples ============================

Index : 0     used in the geometry : Yes
 Material : G4_AIR
 Range cuts        :  gamma  1 mm     e-  1 mm     e+  1 mm  proton 100 um 
 Energy thresholds :  gamma  990 eV     e-  990 eV     e+  990 eV  proton 10 keV
 Region(s) which use this couple : 
    DefaultRegionForTheWorld

Index : 1     used in the geometry : Yes
 Material : G4_Co
 Range cuts        :  gamma  1 mm     e-  1 mm     e+  1 mm  proton 100 um 
 Energy thresholds :  gamma  22.8507 keV    e-  1.40918 MeV    e+  1.32925 MeV proton 10 keV
 Region(s) which use this couple : 
    DefaultRegionForTheWorld

Index : 2     used in the geometry : Yes
 Material : StainlessSteel
 Range cuts        :  gamma  1 mm     e-  1 mm     e+  1 mm  proton 100 um 
 Energy thresholds :  gamma  20.6058 keV    e-  1.28056 MeV    e+  1.21009 MeV proton 10 keV
 Region(s) which use this couple : 
    DefaultRegionForTheWorld

Index : 3     used in the geometry : Yes
 Material : G4_Al
 Range cuts        :  gamma  1 mm     e-  1 mm     e+  1 mm  proton 100 um 
 Energy thresholds :  gamma  6.91572 keV    e-  597.438 keV    e+  574.135 keV proton 10 keV
 Region(s) which use this couple : 
    DefaultRegionForTheWorld

Index : 4     used in the geometry : Yes
 Material : G4_Fe
 Range cuts        :  gamma  1 mm     e-  1 mm     e+  1 mm  proton 100 um 
 Energy thresholds :  gamma  20.7572 keV    e-  1.28885 MeV    e+  1.21776 MeV proton 10 keV
 Region(s) which use this couple : 
    DefaultRegionForTheWorld

Index : 5     used in the geometry : Yes
 Material : G4_W
 Range cuts        :  gamma  1 mm     e-  1 mm     e+  1 mm  proton 100 um 
 Energy thresholds :  gamma  106.43 keV    e-  2.31004 MeV    e+  2.14587 MeV proton 10 keV
 Region(s) which use this couple : 
    DefaultRegionForTheWorld

Index : 6     used in the geometry : Yes
 Material : G4_Pb
 Range cuts        :  gamma  1 mm     e-  1 mm     e+  1 mm  proton 100 um 
 Energy thresholds :  gamma  101.797 keV    e-  1.37158 MeV    e+  1.2826 MeV proton 10 keV
 Region(s) which use this couple : 
    DefaultRegionForTheWorld

Index : 7     used in the geometry : Yes
 Material : G4_WATER
 Range cuts        :  gamma  1 mm     e-  1 mm     e+  1 mm  proton 100 um 
 Energy thresholds :  gamma  2.93547 keV    e-  351.353 keV    e+  341.657 keV proton 10 keV
 Region(s) which use this couple : 
    DefaultRegionForTheWorld

==================================================================

### Run 56 starts.
Run 56 starts ...
 Run terminated.
Run Summary
  Number of events processed : 10
  User=0.000000s Real=0.001551s Sys=0.010000s
	  User TOT = 0.1	  Real TOT = 0.120197
 Summary of Run 56 :
/run/geometryModified

========= Table of registered couples ============================

Index : 0     used in the geometry : Yes
 Material : G4_AIR
 Range cuts        :  gamma  1 mm     e-  1 mm     e+  1 mm  proton 100 um 
 Energy thresholds :  gamma  990 eV     e-  990 eV     e+  990 eV  proton 10 keV
 Region(s) which use this couple : 
    DefaultRegionForTheWorld

Index : 1     used in the geometry : Yes
 Material : G4_Co
 Range cuts        :  gamma  1 mm     e-  1 mm     e+  1 mm  proton 100 um 
 Energy thresholds :  gamma  22.8507 keV    e-  1.40918 MeV    e+  1.32925 MeV proton 10 keV
 Region(s) which use this couple : 
    DefaultRegionForTheWorld

Index : 2     used in the geometry : Yes
 Material : StainlessSteel
 Range cuts        :  gamma  1 mm     e-  1 mm     e+  1 mm  proton 100 um 
 Energy thresholds :  gamma  20.6058 keV    e-  1.28056 MeV    e+  1.21009 MeV proton 10 keV
 Region(s) which use this couple : 
    DefaultRegionForTheWorld

Index : 3     used in the geometry : Yes
 Material : G4_Al
 Range cuts        :  gamma  1 mm     e-  1 mm     e+  1 mm  proton 100 um 
 Energy thresholds :  gamma  6.91572 keV    e-  597.438 keV    e+  574.135 keV proton 10 keV
 Region(s) which use this couple : 
    DefaultRegionForTheWorld

Index : 4     used in the geometry : Yes
 Material : G4_Fe
 Range cuts        :  gamma  1 mm     e-  1 mm     e+  1 mm  proton 100 um 
 Energy thresholds :  gamma  20.7572 keV    e-  1.28885 MeV    e+  1.21776 MeV proton 10 keV
 Region(s) which use this couple : 
    DefaultRegionForTheWorld

Index : 5     used in the geometry : Yes
 Material : G4_W
 Range cuts        :  gamma  1 mm     e-  1 mm     e+  1 mm  proton 100 um 
 Energy thresholds :  gamma  106.43 keV    e-  2.31004 MeV    e+  2.14587 MeV proton 10 keV
 Region(s) which use this couple : 
    DefaultRegionForTheWorld

Index : 6     used in the geometry : Yes
 Material : G4_Pb
 Range cuts        :  gamma  1 mm     e-  1 mm     e+  1 mm  proton 100 um 
 Energy thresholds :  gamma  101.797 keV    e-  1.37158 MeV    e+  1.2826 MeV proton 10 keV
 Region(s) which use this couple : 
    DefaultRegionForTheWorld

Index : 7     used in the geometry : Yes
 Material : G4_WATER
 Range cuts        :  gamma  1 mm     e-  1 mm     e+  1 mm  proton 100 um 
 Energy thresholds :  gamma  2.93547 keV    e-  351.353 keV    e+  341.657 keV proton 10 keV
 Region(s) which use this couple : 
    DefaultRegionForTheWorld

==================================================================

### Run 57 starts.
Run 57 starts ...
 Run terminated.
Run Summary
  Number of events processed : 10
  User=0.000000s Real=0.001584s Sys=0.000000s
	  User TOT = 0.1	  Real TOT = 0.121886
 Summary of Run 57 :
/run/geometryModified

========= Table of registered couples ============================

Index : 0     used in the geometry : Yes
 Material : G4_AIR
 Range cuts        :  gamma  1 mm     e-  1 mm     e+  1 mm  proton 100 um 
 Energy thresholds :  gamma  990 eV     e-  990 eV     e+  990 eV  proton 10 keV
 Region(s) which use this couple : 
    DefaultRegionForTheWorld

Index : 1     used in the geometry : Yes
 Material : G4_Co
 Range cuts        :  gamma  1 mm     e-  1 mm     e+  1 mm  proton 100 um 
 Energy thresholds :  gamma  22.8507 keV    e-  1.40918 MeV    e+  1.32925 MeV proton 10 keV
 Region(s) which use this couple : 
    DefaultRegionForTheWorld

Index : 2     used in the geometry : Yes
 Material : StainlessSteel
 Range cuts        :  gamma  1 mm     e-  1 mm     e+  1 mm  proton 100 um 
 Energy thresholds :  gamma  20.6058 keV    e-  1.28056 MeV    e+  1.21009 MeV proton 10 keV
 Region(s) which use this couple : 
    DefaultRegionForTheWorld

Index : 3     used in the geometry : Yes
 Material : G4_Al
 Range cuts        :  gamma  1 mm     e-  1 mm     e+  1 mm  proton 100 um 
 Energy thresholds :  gamma  6.91572 keV    e-  597.438 keV    e+  574.135 keV proton 10 keV
 Region(s) which use this couple : 
    DefaultRegionForTheWorld

Index : 4     used in the geometry : Yes
 Material : G4_Fe
 Range cuts        :  gamma  1 mm     e-  1 mm     e+  1 mm  proton 100 um 
 Energy thresholds :  gamma  20.7572 keV    e-  1.28885 MeV    e+  1.21776 MeV proton 10 keV
 Region(s) which use this couple : 
    DefaultRegionForTheWorld

Index : 5     used in the geometry : Yes
 Material : G4_W
 Range cuts        :  gamma  1 mm     e-  1 mm     e+  1 mm  proton 100 um 
 Energy thresholds :  gamma  106.43 keV    e-  2.31004 MeV    e+  2.14587 MeV proton 10 keV
 Region(s) which use this couple : 
    DefaultRegionForTheWorld

Index : 6     used in the geometry : Yes
 Material : G4_Pb
 Range cuts        :  gamma  1 mm     e-  1 mm     e+  1 mm  proton 100 um 
 Energy thresholds :  gamma  101.797 keV    e-  1.37158 MeV    e+  1.2826 MeV proton 10 keV
 Region(s) which use this couple : 
    DefaultRegionForTheWorld

Index : 7     used in the geometry : Yes
 Material : G4_WATER
 Range cuts        :  gamma  1 mm     e-  1 mm     e+  1 mm  proton 100 um 
 Energy thresholds :  gamma  2.93547 keV    e-  351.353 keV    e+  341.657 keV proton 10 keV
 Region(s) which use this couple : 
    DefaultRegionForTheWorld

==================================================================

### Run 58 starts.
Run 58 starts ...
 Run terminated.
Run Summary
  Number of events processed : 10
  User=0.000000s Real=0.002364s Sys=0.000000s
	  User TOT = 0.1	  Real TOT = 0.124358
 Summary of Run 58 :
/run/geometryModified

========= Table of registered couples ============================

Index : 0     used in the geometry : Yes
 Material : G4_AIR
 Range cuts        :  gamma  1 mm     e-  1 mm     e+  1 mm  proton 100 um 
 Energy thresholds :  gamma  990 eV     e-  990 eV     e+  990 eV  proton 10 keV
 Region(s) which use this couple : 
    DefaultRegionForTheWorld

Index : 1     used in the geometry : Yes
 Material : G4_Co
 Range cuts        :  gamma  1 mm     e-  1 mm     e+  1 mm  proton 100 um 
 Energy thresholds :  gamma  22.8507 keV    e-  1.40918 MeV    e+  1.32925 MeV proton 10 keV
 Region(s) which use this couple : 
    DefaultRegionForTheWorld

Index : 2     used in the geometry : Yes
 Material : StainlessSteel
 Range cuts        :  gamma  1 mm     e-  1 mm     e+  1 mm  proton 100 um 
 Energy thresholds :  gamma  20.6058 keV    e-  1.28056 MeV    e+  1.21009 MeV proton 10 keV
 Region(s) which use this couple : 
    DefaultRegionForTheWorld

Index : 3     used in the geometry : Yes
 Material : G4_Al
 Range cuts        :  gamma  1 mm     e-  1 mm     e+  1 mm  proton 100 um 
 Energy thresholds :  gamma  6.91572 keV    e-  597.438 keV    e+  574.135 keV proton 10 keV
 Region(s) which use this couple : 
    DefaultRegionForTheWorld

Index : 4     used in the geometry : Yes
 Material : G4_Fe
 Range cuts        :  gamma  1 mm     e-  1 mm     e+  1 mm  proton 100 um 
 Energy thresholds :  gamma  20.7572 keV    e-  1.28885 MeV    e+  1.21776 MeV proton 10 keV
 Region(s) which use this couple : 
    DefaultRegionForTheWorld

Index : 5     used in the geometry : Yes
 Material : G4_W
 Range cuts        :  gamma  1 mm     e-  1 mm     e+  1 mm  proton 100 um 
 Energy thresholds :  gamma  106.43 keV    e-  2.31004 MeV    e+  2.14587 MeV proton 10 keV
 Region(s) which use this couple : 
    DefaultRegionForTheWorld

Index : 6     used in the geometry : Yes
 Material : G4_Pb
 Range cuts        :  gamma  1 mm     e-  1 mm     e+  1 mm  proton 100 um 
 Energy thresholds :  gamma  101.797 keV    e-  1.37158 MeV    e+  1.2826 MeV proton 10 keV
 Region(s) which use this couple : 
    DefaultRegionForTheWorld

Index : 7     used in the geometry : Yes
 Material : G4_WATER
 Range cuts        :  gamma  1 mm     e-  1 mm     e+  1 mm  proton 100 um 
 Energy thresholds :  gamma  2.93547 keV    e-  351.353 keV    e+  341.657 keV proton 10 keV
 Region(s) which use this couple : 
    DefaultRegionForTheWorld

==================================================================

### Run 59 starts.
Run 59 starts ...
 Run terminated.
Run Summary
  Number of events processed : 10
  User=0.000000s Real=0.001949s Sys=0.000000s
	  User TOT = 0.1	  Real TOT = 0.126415
 Summary of Run 59 :
/run/geometryModified

========= Table of registered couples ============================

Index : 0     used in the geometry : Yes
 Material : G4_AIR
 Range cuts        :  gamma  1 mm     e-  1 mm     e+  1 mm  proton 100 um 
 Energy thresholds :  gamma  990 eV     e-  990 eV     e+  990 eV  proton 10 keV
 Region(s) which use this couple : 
    DefaultRegionForTheWorld

Index : 1     used in the geometry : Yes
 Material : G4_Co
 Range cuts        :  gamma  1 mm     e-  1 mm     e+  1 mm  proton 100 um 
 Energy thresholds :  gamma  22.8507 keV    e-  1.40918 MeV    e+  1.32925 MeV proton 10 keV
 Region(s) which use this couple : 
    DefaultRegionForTheWorld

Index : 2     used in the geometry : Yes
 Material : StainlessSteel
 Range cuts        :  gamma  1 mm     e-  1 mm     e+  1 mm  proton 100 um 
 Energy thresholds :  gamma  20.6058 keV    e-  1.28056 MeV    e+  1.21009 MeV proton 10 keV
 Region(s) which use this couple : 
    DefaultRegionForTheWorld

Index : 3     used in the geometry : Yes
 Material : G4_Al
 Range cuts        :  gamma  1 mm     e-  1 mm     e+  1 mm  proton 100 um 
 Energy thresholds :  gamma  6.91572 keV    e-  597.438 keV    e+  574.135 keV proton 10 keV
 Region(s) which use this couple : 
    DefaultRegionForTheWorld

Index : 4     used in the geometry : Yes
 Material : G4_Fe
 Range cuts        :  gamma  1 mm     e-  1 mm     e+  1 mm  proton 100 um 
 Energy thresholds :  gamma  20.7572 keV    e-  1.28885 MeV    e+  1.21776 MeV proton 10 keV
 Region(s) which use this couple : 
    DefaultRegionForTheWorld

Index : 5     used in the geometry : Yes
 Material : G4_W
 Range cuts        :  gamma  1 mm     e-  1 mm     e+  1 mm  proton 100 um 
 Energy thresholds :  gamma  106.43 keV    e-  2.31004 MeV    e+  2.14587 MeV proton 10 keV
 Region(s) which use this couple : 
    DefaultRegionForTheWorld

Index : 6     used in the geometry : Yes
 Material : G4_Pb
 Range cuts        :  gamma  1 mm     e-  1 mm     e+  1 mm  proton 100 um 
 Energy thresholds :  gamma  101.797 keV    e-  1.37158 MeV    e+  1.2826 MeV proton 10 keV
 Region(s) which use this couple : 
    DefaultRegionForTheWorld

Index : 7     used in the geometry : Yes
 Material : G4_WATER
 Range cuts        :  gamma  1 mm     e-  1 mm     e+  1 mm  proton 100 um 
 Energy thresholds :  gamma  2.93547 keV    e-  351.353 keV    e+  341.657 keV proton 10 keV
 Region(s) which use this couple : 
    DefaultRegionForTheWorld

==================================================================

### Run 60 starts.
Run 60 starts ...
 Run terminated.
Run Summary
  Number of events processed : 10
  User=0.000000s Real=0.001860s Sys=0.000000s
	  User TOT = 0.1	  Real TOT = 0.12838
 Summary of Run 60 :
/run/geometryModified

========= Table of registered couples ============================

Index : 0     used in the geometry : Yes
 Material : G4_AIR
 Range cuts        :  gamma  1 mm     e-  1 mm     e+  1 mm  proton 100 um 
 Energy thresholds :  gamma  990 eV     e-  990 eV     e+  990 eV  proton 10 keV
 Region(s) which use this couple : 
    DefaultRegionForTheWorld

Index : 1     used in the geometry : Yes
 Material : G4_Co
 Range cuts        :  gamma  1 mm     e-  1 mm     e+  1 mm  proton 100 um 
 Energy thresholds :  gamma  22.8507 keV    e-  1.40918 MeV    e+  1.32925 MeV proton 10 keV
 Region(s) which use this couple : 
    DefaultRegionForTheWorld

Index : 2     used in the geometry : Yes
 Material : StainlessSteel
 Range cuts        :  gamma  1 mm     e-  1 mm     e+  1 mm  proton 100 um 
 Energy thresholds :  gamma  20.6058 keV    e-  1.28056 MeV    e+  1.21009 MeV proton 10 keV
 Region(s) which use this couple : 
    DefaultRegionForTheWorld

Index : 3     used in the geometry : Yes
 Material : G4_Al
 Range cuts        :  gamma  1 mm     e-  1 mm     e+  1 mm  proton 100 um 
 Energy thresholds :  gamma  6.91572 keV    e-  597.438 keV    e+  574.135 keV proton 10 keV
 Region(s) which use this couple : 
    DefaultRegionForTheWorld

Index : 4     used in the geometry : Yes
 Material : G4_Fe
 Range cuts        :  gamma  1 mm     e-  1 mm     e+  1 mm  proton 100 um 
 Energy thresholds :  gamma  20.7572 keV    e-  1.28885 MeV    e+  1.21776 MeV proton 10 keV
 Region(s) which use this couple : 
    DefaultRegionForTheWorld

Index : 5     used in the geometry : Yes
 Material : G4_W
 Range cuts        :  gamma  1 mm     e-  1 mm     e+  1 mm  proton 100 um 
 Energy thresholds :  gamma  106.43 keV    e-  2.31004 MeV    e+  2.14587 MeV proton 10 keV
 Region(s) which use this couple : 
    DefaultRegionForTheWorld

Index : 6     used in the geometry : Yes
 Material : G4_Pb
 Range cuts        :  gamma  1 mm     e-  1 mm     e+  1 mm  proton 100 um 
 Energy thresholds :  gamma  101.797 keV    e-  1.37158 MeV    e+  1.2826 MeV proton 10 keV
 Region(s) which use this couple : 
    DefaultRegionForTheWorld

Index : 7     used in the geometry : Yes
 Material : G4_WATER
 Range cuts        :  gamma  1 mm     e-  1 mm     e+  1 mm  proton 100 um 
 Energy thresholds :  gamma  2.93547 keV    e-  351.353 keV    e+  341.657 keV proton 10 keV
 Region(s) which use this couple : 
    DefaultRegionForTheWorld

==================================================================

### Run 61 starts.
Run 61 starts ...
 Run terminated.
Run Summary
  Number of events processed : 10
  User=0.010000s Real=0.001909s Sys=0.000000s
	  User TOT = 0.11	  Real TOT = 0.130402
 Summary of Run 61 :
/run/geometryModified

========= Table of registered couples ============================

Index : 0     used in the geometry : Yes
 Material : G4_AIR
 Range cuts        :  gamma  1 mm     e-  1 mm     e+  1 mm  proton 100 um 
 Energy thresholds :  gamma  990 eV     e-  990 eV     e+  990 eV  proton 10 keV
 Region(s) which use this couple : 
    DefaultRegionForTheWorld

Index : 1     used in the geometry : Yes
 Material : G4_Co
 Range cuts        :  gamma  1 mm     e-  1 mm     e+  1 mm  proton 100 um 
 Energy thresholds :  gamma  22.8507 keV    e-  1.40918 MeV    e+  1.32925 MeV proton 10 keV
 Region(s) which use this couple : 
    DefaultRegionForTheWorld

Index : 2     used in the geometry : Yes
 Material : StainlessSteel
 Range cuts        :  gamma  1 mm     e-  1 mm     e+  1 mm  proton 100 um 
 Energy thresholds :  gamma  20.6058 keV    e-  1.28056 MeV    e+  1.21009 MeV proton 10 keV
 Region(s) which use this couple : 
    DefaultRegionForTheWorld

Index : 3     used in the geometry : Yes
 Material : G4_Al
 Range cuts        :  gamma  1 mm     e-  1 mm     e+  1 mm  proton 100 um 
 Energy thresholds :  gamma  6.91572 keV    e-  597.438 keV    e+  574.135 keV proton 10 keV
 Region(s) which use this couple : 
    DefaultRegionForTheWorld

Index : 4     used in the geometry : Yes
 Material : G4_Fe
 Range cuts        :  gamma  1 mm     e-  1 mm     e+  1 mm  proton 100 um 
 Energy thresholds :  gamma  20.7572 keV    e-  1.28885 MeV    e+  1.21776 MeV proton 10 keV
 Region(s) which use this couple : 
    DefaultRegionForTheWorld

Index : 5     used in the geometry : Yes
 Material : G4_W
 Range cuts        :  gamma  1 mm     e-  1 mm     e+  1 mm  proton 100 um 
 Energy thresholds :  gamma  106.43 keV    e-  2.31004 MeV    e+  2.14587 MeV proton 10 keV
 Region(s) which use this couple : 
    DefaultRegionForTheWorld

Index : 6     used in the geometry : Yes
 Material : G4_Pb
 Range cuts        :  gamma  1 mm     e-  1 mm     e+  1 mm  proton 100 um 
 Energy thresholds :  gamma  101.797 keV    e-  1.37158 MeV    e+  1.2826 MeV proton 10 keV
 Region(s) which use this couple : 
    DefaultRegionForTheWorld

Index : 7     used in the geometry : Yes
 Material : G4_WATER
 Range cuts        :  gamma  1 mm     e-  1 mm     e+  1 mm  proton 100 um 
 Energy thresholds :  gamma  2.93547 keV    e-  351.353 keV    e+  341.657 keV proton 10 keV
 Region(s) which use this couple : 
    DefaultRegionForTheWorld

==================================================================

### Run 62 starts.
Run 62 starts ...
 Run terminated.
Run Summary
  Number of events processed : 10
  User=0.000000s Real=0.001865s Sys=0.000000s
	  User TOT = 0.11	  Real TOT = 0.132374
 Summary of Run 62 :
/run/geometryModified

========= Table of registered couples ============================

Index : 0     used in the geometry : Yes
 Material : G4_AIR
 Range cuts        :  gamma  1 mm     e-  1 mm     e+  1 mm  proton 100 um 
 Energy thresholds :  gamma  990 eV     e-  990 eV     e+  990 eV  proton 10 keV
 Region(s) which use this couple : 
    DefaultRegionForTheWorld

Index : 1     used in the geometry : Yes
 Material : G4_Co
 Range cuts        :  gamma  1 mm     e-  1 mm     e+  1 mm  proton 100 um 
 Energy thresholds :  gamma  22.8507 keV    e-  1.40918 MeV    e+  1.32925 MeV proton 10 keV
 Region(s) which use this couple : 
    DefaultRegionForTheWorld

Index : 2     used in the geometry : Yes
 Material : StainlessSteel
 Range cuts        :  gamma  1 mm     e-  1 mm     e+  1 mm  proton 100 um 
 Energy thresholds :  gamma  20.6058 keV    e-  1.28056 MeV    e+  1.21009 MeV proton 10 keV
 Region(s) which use this couple : 
    DefaultRegionForTheWorld

Index : 3     used in the geometry : Yes
 Material : G4_Al
 Range cuts        :  gamma  1 mm     e-  1 mm     e+  1 mm  proton 100 um 
 Energy thresholds :  gamma  6.91572 keV    e-  597.438 keV    e+  574.135 keV proton 10 keV
 Region(s) which use this couple : 
    DefaultRegionForTheWorld

Index : 4     used in the geometry : Yes
 Material : G4_Fe
 Range cuts        :  gamma  1 mm     e-  1 mm     e+  1 mm  proton 100 um 
 Energy thresholds :  gamma  20.7572 keV    e-  1.28885 MeV    e+  1.21776 MeV proton 10 keV
 Region(s) which use this couple : 
    DefaultRegionForTheWorld

Index : 5     used in the geometry : Yes
 Material : G4_W
 Range cuts        :  gamma  1 mm     e-  1 mm     e+  1 mm  proton 100 um 
 Energy thresholds :  gamma  106.43 keV    e-  2.31004 MeV    e+  2.14587 MeV proton 10 keV
 Region(s) which use this couple : 
    DefaultRegionForTheWorld

Index : 6     used in the geometry : Yes
 Material : G4_Pb
 Range cuts        :  gamma  1 mm     e-  1 mm     e+  1 mm  proton 100 um 
 Energy thresholds :  gamma  101.797 keV    e-  1.37158 MeV    e+  1.2826 MeV proton 10 keV
 Region(s) which use this couple : 
    DefaultRegionForTheWorld

Index : 7     used in the geometry : Yes
 Material : G4_WATER
 Range cuts        :  gamma  1 mm     e-  1 mm     e+  1 mm  proton 100 um 
 Energy thresholds :  gamma  2.93547 keV    e-  351.353 keV    e+  341.657 keV proton 10 keV
 Region(s) which use this couple : 
    DefaultRegionForTheWorld

==================================================================

### Run 63 starts.
Run 63 starts ...
 Run terminated.
Run Summary
  Number of events processed : 10
  User=0.000000s Real=0.002935s Sys=0.000000s
	  User TOT = 0.11	  Real TOT = 0.135423
 Summary of Run 63 :
/run/geometryModified

========= Table of registered couples ============================

Index : 0     used in the geometry : Yes
 Material : G4_AIR
 Range cuts        :  gamma  1 mm     e-  1 mm     e+  1 mm  proton 100 um 
 Energy thresholds :  gamma  990 eV     e-  990 eV     e+  990 eV  proton 10 keV
 Region(s) which use this couple : 
    DefaultRegionForTheWorld

Index : 1     used in the geometry : Yes
 Material : G4_Co
 Range cuts        :  gamma  1 mm     e-  1 mm     e+  1 mm  proton 100 um 
 Energy thresholds :  gamma  22.8507 keV    e-  1.40918 MeV    e+  1.32925 MeV proton 10 keV
 Region(s) which use this couple : 
    DefaultRegionForTheWorld

Index : 2     used in the geometry : Yes
 Material : StainlessSteel
 Range cuts        :  gamma  1 mm     e-  1 mm     e+  1 mm  proton 100 um 
 Energy thresholds :  gamma  20.6058 keV    e-  1.28056 MeV    e+  1.21009 MeV proton 10 keV
 Region(s) which use this couple : 
    DefaultRegionForTheWorld

Index : 3     used in the geometry : Yes
 Material : G4_Al
 Range cuts        :  gamma  1 mm     e-  1 mm     e+  1 mm  proton 100 um 
 Energy thresholds :  gamma  6.91572 keV    e-  597.438 keV    e+  574.135 keV proton 10 keV
 Region(s) which use this couple : 
    DefaultRegionForTheWorld

Index : 4     used in the geometry : Yes
 Material : G4_Fe
 Range cuts        :  gamma  1 mm     e-  1 mm     e+  1 mm  proton 100 um 
 Energy thresholds :  gamma  20.7572 keV    e-  1.28885 MeV    e+  1.21776 MeV proton 10 keV
 Region(s) which use this couple : 
    DefaultRegionForTheWorld

Index : 5     used in the geometry : Yes
 Material : G4_W
 Range cuts        :  gamma  1 mm     e-  1 mm     e+  1 mm  proton 100 um 
 Energy thresholds :  gamma  106.43 keV    e-  2.31004 MeV    e+  2.14587 MeV proton 10 keV
 Region(s) which use this couple : 
    DefaultRegionForTheWorld

Index : 6     used in the geometry : Yes
 Material : G4_Pb
 Range cuts        :  gamma  1 mm     e-  1 mm     e+  1 mm  proton 100 um 
 Energy thresholds :  gamma  101.797 keV    e-  1.37158 MeV    e+  1.2826 MeV proton 10 keV
 Region(s) which use this couple : 
    DefaultRegionForTheWorld

Index : 7     used in the geometry : Yes
 Material : G4_WATER
 Range cuts        :  gamma  1 mm     e-  1 mm     e+  1 mm  proton 100 um 
 Energy thresholds :  gamma  2.93547 keV    e-  351.353 keV    e+  341.657 keV proton 10 keV
 Region(s) which use this couple : 
    DefaultRegionForTheWorld

==================================================================

### Run 64 starts.
Run 64 starts ...
 Run terminated.
Run Summary
  Number of events processed : 10
  User=0.000000s Real=0.002412s Sys=0.000000s
	  User TOT = 0.11	  Real TOT = 0.137959
 Summary of Run 64 :
/run/geometryModified

========= Table of registered couples ============================

Index : 0     used in the geometry : Yes
 Material : G4_AIR
 Range cuts        :  gamma  1 mm     e-  1 mm     e+  1 mm  proton 100 um 
 Energy thresholds :  gamma  990 eV     e-  990 eV     e+  990 eV  proton 10 keV
 Region(s) which use this couple : 
    DefaultRegionForTheWorld

Index : 1     used in the geometry : Yes
 Material : G4_Co
 Range cuts        :  gamma  1 mm     e-  1 mm     e+  1 mm  proton 100 um 
 Energy thresholds :  gamma  22.8507 keV    e-  1.40918 MeV    e+  1.32925 MeV proton 10 keV
 Region(s) which use this couple : 
    DefaultRegionForTheWorld

Index : 2     used in the geometry : Yes
 Material : StainlessSteel
 Range cuts        :  gamma  1 mm     e-  1 mm     e+  1 mm  proton 100 um 
 Energy thresholds :  gamma  20.6058 keV    e-  1.28056 MeV    e+  1.21009 MeV proton 10 keV
 Region(s) which use this couple : 
    DefaultRegionForTheWorld

Index : 3     used in the geometry : Yes
 Material : G4_Al
 Range cuts        :  gamma  1 mm     e-  1 mm     e+  1 mm  proton 100 um 
 Energy thresholds :  gamma  6.91572 keV    e-  597.438 keV    e+  574.135 keV proton 10 keV
 Region(s) which use this couple : 
    DefaultRegionForTheWorld

Index : 4     used in the geometry : Yes
 Material : G4_Fe
 Range cuts        :  gamma  1 mm     e-  1 mm     e+  1 mm  proton 100 um 
 Energy thresholds :  gamma  20.7572 keV    e-  1.28885 MeV    e+  1.21776 MeV proton 10 keV
 Region(s) which use this couple : 
    DefaultRegionForTheWorld

Index : 5     used in the geometry : Yes
 Material : G4_W
 Range cuts        :  gamma  1 mm     e-  1 mm     e+  1 mm  proton 100 um 
 Energy thresholds :  gamma  106.43 keV    e-  2.31004 MeV    e+  2.14587 MeV proton 10 keV
 Region(s) which use this couple : 
    DefaultRegionForTheWorld

Index : 6     used in the geometry : Yes
 Material : G4_Pb
 Range cuts        :  gamma  1 mm     e-  1 mm     e+  1 mm  proton 100 um 
 Energy thresholds :  gamma  101.797 keV    e-  1.37158 MeV    e+  1.2826 MeV proton 10 keV
 Region(s) which use this couple : 
    DefaultRegionForTheWorld

Index : 7     used in the geometry : Yes
 Material : G4_WATER
 Range cuts        :  gamma  1 mm     e-  1 mm     e+  1 mm  proton 100 um 
 Energy thresholds :  gamma  2.93547 keV    e-  351.353 keV    e+  341.657 keV proton 10 keV
 Region(s) which use this couple : 
    DefaultRegionForTheWorld

==================================================================

### Run 65 starts.
Run 65 starts ...
 Run terminated.
Run Summary
  Number of events processed : 10
  User=0.000000s Real=0.001610s Sys=0.000000s
	  User TOT = 0.11	  Real TOT = 0.139693
 Summary of Run 65 :
/run/geometryModified

========= Table of registered couples ============================

Index : 0     used in the geometry : Yes
 Material : G4_AIR
 Range cuts        :  gamma  1 mm     e-  1 mm     e+  1 mm  proton 100 um 
 Energy thresholds :  gamma  990 eV     e-  990 eV     e+  990 eV  proton 10 keV
 Region(s) which use this couple : 
    DefaultRegionForTheWorld

Index : 1     used in the geometry : Yes
 Material : G4_Co
 Range cuts        :  gamma  1 mm     e-  1 mm     e+  1 mm  proton 100 um 
 Energy thresholds :  gamma  22.8507 keV    e-  1.40918 MeV    e+  1.32925 MeV proton 10 keV
 Region(s) which use this couple : 
    DefaultRegionForTheWorld

Index : 2     used in the geometry : Yes
 Material : StainlessSteel
 Range cuts        :  gamma  1 mm     e-  1 mm     e+  1 mm  proton 100 um 
 Energy thresholds :  gamma  20.6058 keV    e-  1.28056 MeV    e+  1.21009 MeV proton 10 keV
 Region(s) which use this couple : 
    DefaultRegionForTheWorld

Index : 3     used in the geometry : Yes
 Material : G4_Al
 Range cuts        :  gamma  1 mm     e-  1 mm     e+  1 mm  proton 100 um 
 Energy thresholds :  gamma  6.91572 keV    e-  597.438 keV    e+  574.135 keV proton 10 keV
 Region(s) which use this couple : 
    DefaultRegionForTheWorld

Index : 4     used in the geometry : Yes
 Material : G4_Fe
 Range cuts        :  gamma  1 mm     e-  1 mm     e+  1 mm  proton 100 um 
 Energy thresholds :  gamma  20.7572 keV    e-  1.28885 MeV    e+  1.21776 MeV proton 10 keV
 Region(s) which use this couple : 
    DefaultRegionForTheWorld

Index : 5     used in the geometry : Yes
 Material : G4_W
 Range cuts        :  gamma  1 mm     e-  1 mm     e+  1 mm  proton 100 um 
 Energy thresholds :  gamma  106.43 keV    e-  2.31004 MeV    e+  2.14587 MeV proton 10 keV
 Region(s) which use this couple : 
    DefaultRegionForTheWorld

Index : 6     used in the geometry : Yes
 Material : G4_Pb
 Range cuts        :  gamma  1 mm     e-  1 mm     e+  1 mm  proton 100 um 
 Energy thresholds :  gamma  101.797 keV    e-  1.37158 MeV    e+  1.2826 MeV proton 10 keV
 Region(s) which use this couple : 
    DefaultRegionForTheWorld

Index : 7     used in the geometry : Yes
 Material : G4_WATER
 Range cuts        :  gamma  1 mm     e-  1 mm     e+  1 mm  proton 100 um 
 Energy thresholds :  gamma  2.93547 keV    e-  351.353 keV    e+  341.657 keV proton 10 keV
 Region(s) which use this couple : 
    DefaultRegionForTheWorld

==================================================================

### Run 66 starts.
Run 66 starts ...
 Run terminated.
Run Summary
  Number of events processed : 10
  User=0.000000s Real=0.001847s Sys=0.000000s
	  User TOT = 0.11	  Real TOT = 0.141656
 Summary of Run 66 :
/run/geometryModified

========= Table of registered couples ============================

Index : 0     used in the geometry : Yes
 Material : G4_AIR
 Range cuts        :  gamma  1 mm     e-  1 mm     e+  1 mm  proton 100 um 
 Energy thresholds :  gamma  990 eV     e-  990 eV     e+  990 eV  proton 10 keV
 Region(s) which use this couple : 
    DefaultRegionForTheWorld

Index : 1     used in the geometry : Yes
 Material : G4_Co
 Range cuts        :  gamma  1 mm     e-  1 mm     e+  1 mm  proton 100 um 
 Energy thresholds :  gamma  22.8507 keV    e-  1.40918 MeV    e+  1.32925 MeV proton 10 keV
 Region(s) which use this couple : 
    DefaultRegionForTheWorld

Index : 2     used in the geometry : Yes
 Material : StainlessSteel
 Range cuts        :  gamma  1 mm     e-  1 mm     e+  1 mm  proton 100 um 
 Energy thresholds :  gamma  20.6058 keV    e-  1.28056 MeV    e+  1.21009 MeV proton 10 keV
 Region(s) which use this couple : 
    DefaultRegionForTheWorld

Index : 3     used in the geometry : Yes
 Material : G4_Al
 Range cuts        :  gamma  1 mm     e-  1 mm     e+  1 mm  proton 100 um 
 Energy thresholds :  gamma  6.91572 keV    e-  597.438 keV    e+  574.135 keV proton 10 keV
 Region(s) which use this couple : 
    DefaultRegionForTheWorld

Index : 4     used in the geometry : Yes
 Material : G4_Fe
 Range cuts        :  gamma  1 mm     e-  1 mm     e+  1 mm  proton 100 um 
 Energy thresholds :  gamma  20.7572 keV    e-  1.28885 MeV    e+  1.21776 MeV proton 10 keV
 Region(s) which use this couple : 
    DefaultRegionForTheWorld

Index : 5     used in the geometry : Yes
 Material : G4_W
 Range cuts        :  gamma  1 mm     e-  1 mm     e+  1 mm  proton 100 um 
 Energy thresholds :  gamma  106.43 keV    e-  2.31004 MeV    e+  2.14587 MeV proton 10 keV
 Region(s) which use this couple : 
    DefaultRegionForTheWorld

Index : 6     used in the geometry : Yes
 Material : G4_Pb
 Range cuts        :  gamma  1 mm     e-  1 mm     e+  1 mm  proton 100 um 
 Energy thresholds :  gamma  101.797 keV    e-  1.37158 MeV    e+  1.2826 MeV proton 10 keV
 Region(s) which use this couple : 
    DefaultRegionForTheWorld

Index : 7     used in the geometry : Yes
 Material : G4_WATER
 Range cuts        :  gamma  1 mm     e-  1 mm     e+  1 mm  proton 100 um 
 Energy thresholds :  gamma  2.93547 keV    e-  351.353 keV    e+  341.657 keV proton 10 keV
 Region(s) which use this couple : 
    DefaultRegionForTheWorld

==================================================================

### Run 67 starts.
Run 67 starts ...
 Run terminated.
Run Summary
  Number of events processed : 10
  User=0.000000s Real=0.001729s Sys=0.000000s
	  User TOT = 0.11	  Real TOT = 0.143495
 Summary of Run 67 :
/run/geometryModified

========= Table of registered couples ============================

Index : 0     used in the geometry : Yes
 Material : G4_AIR
 Range cuts        :  gamma  1 mm     e-  1 mm     e+  1 mm  proton 100 um 
 Energy thresholds :  gamma  990 eV     e-  990 eV     e+  990 eV  proton 10 keV
 Region(s) which use this couple : 
    DefaultRegionForTheWorld

Index : 1     used in the geometry : Yes
 Material : G4_Co
 Range cuts        :  gamma  1 mm     e-  1 mm     e+  1 mm  proton 100 um 
 Energy thresholds :  gamma  22.8507 keV    e-  1.40918 MeV    e+  1.32925 MeV proton 10 keV
 Region(s) which use this couple : 
    DefaultRegionForTheWorld

Index : 2     used in the geometry : Yes
 Material : StainlessSteel
 Range cuts        :  gamma  1 mm     e-  1 mm     e+  1 mm  proton 100 um 
 Energy thresholds :  gamma  20.6058 keV    e-  1.28056 MeV    e+  1.21009 MeV proton 10 keV
 Region(s) which use this couple : 
    DefaultRegionForTheWorld

Index : 3     used in the geometry : Yes
 Material : G4_Al
 Range cuts        :  gamma  1 mm     e-  1 mm     e+  1 mm  proton 100 um 
 Energy thresholds :  gamma  6.91572 keV    e-  597.438 keV    e+  574.135 keV proton 10 keV
 Region(s) which use this couple : 
    DefaultRegionForTheWorld

Index : 4     used in the geometry : Yes
 Material : G4_Fe
 Range cuts        :  gamma  1 mm     e-  1 mm     e+  1 mm  proton 100 um 
 Energy thresholds :  gamma  20.7572 keV    e-  1.28885 MeV    e+  1.21776 MeV proton 10 keV
 Region(s) which use this couple : 
    DefaultRegionForTheWorld

Index : 5     used in the geometry : Yes
 Material : G4_W
 Range cuts        :  gamma  1 mm     e-  1 mm     e+  1 mm  proton 100 um 
 Energy thresholds :  gamma  106.43 keV    e-  2.31004 MeV    e+  2.14587 MeV proton 10 keV
 Region(s) which use this couple : 
    DefaultRegionForTheWorld

Index : 6     used in the geometry : Yes
 Material : G4_Pb
 Range cuts        :  gamma  1 mm     e-  1 mm     e+  1 mm  proton 100 um 
 Energy thresholds :  gamma  101.797 keV    e-  1.37158 MeV    e+  1.2826 MeV proton 10 keV
 Region(s) which use this couple : 
    DefaultRegionForTheWorld

Index : 7     used in the geometry : Yes
 Material : G4_WATER
 Range cuts        :  gamma  1 mm     e-  1 mm     e+  1 mm  proton 100 um 
 Energy thresholds :  gamma  2.93547 keV    e-  351.353 keV    e+  341.657 keV proton 10 keV
 Region(s) which use this couple : 
    DefaultRegionForTheWorld

==================================================================

### Run 68 starts.
Run 68 starts ...
 Run terminated.
Run Summary
  Number of events processed : 10
  User=0.000000s Real=0.002066s Sys=0.000000s
	  User TOT = 0.11	  Real TOT = 0.145691
 Summary of Run 68 :
/run/geometryModified

========= Table of registered couples ============================

Index : 0     used in the geometry : Yes
 Material : G4_AIR
 Range cuts        :  gamma  1 mm     e-  1 mm     e+  1 mm  proton 100 um 
 Energy thresholds :  gamma  990 eV     e-  990 eV     e+  990 eV  proton 10 keV
 Region(s) which use this couple : 
    DefaultRegionForTheWorld

Index : 1     used in the geometry : Yes
 Material : G4_Co
 Range cuts        :  gamma  1 mm     e-  1 mm     e+  1 mm  proton 100 um 
 Energy thresholds :  gamma  22.8507 keV    e-  1.40918 MeV    e+  1.32925 MeV proton 10 keV
 Region(s) which use this couple : 
    DefaultRegionForTheWorld

Index : 2     used in the geometry : Yes
 Material : StainlessSteel
 Range cuts        :  gamma  1 mm     e-  1 mm     e+  1 mm  proton 100 um 
 Energy thresholds :  gamma  20.6058 keV    e-  1.28056 MeV    e+  1.21009 MeV proton 10 keV
 Region(s) which use this couple : 
    DefaultRegionForTheWorld

Index : 3     used in the geometry : Yes
 Material : G4_Al
 Range cuts        :  gamma  1 mm     e-  1 mm     e+  1 mm  proton 100 um 
 Energy thresholds :  gamma  6.91572 keV    e-  597.438 keV    e+  574.135 keV proton 10 keV
 Region(s) which use this couple : 
    DefaultRegionForTheWorld

Index : 4     used in the geometry : Yes
 Material : G4_Fe
 Range cuts        :  gamma  1 mm     e-  1 mm     e+  1 mm  proton 100 um 
 Energy thresholds :  gamma  20.7572 keV    e-  1.28885 MeV    e+  1.21776 MeV proton 10 keV
 Region(s) which use this couple : 
    DefaultRegionForTheWorld

Index : 5     used in the geometry : Yes
 Material : G4_W
 Range cuts        :  gamma  1 mm     e-  1 mm     e+  1 mm  proton 100 um 
 Energy thresholds :  gamma  106.43 keV    e-  2.31004 MeV    e+  2.14587 MeV proton 10 keV
 Region(s) which use this couple : 
    DefaultRegionForTheWorld

Index : 6     used in the geometry : Yes
 Material : G4_Pb
 Range cuts        :  gamma  1 mm     e-  1 mm     e+  1 mm  proton 100 um 
 Energy thresholds :  gamma  101.797 keV    e-  1.37158 MeV    e+  1.2826 MeV proton 10 keV
 Region(s) which use this couple : 
    DefaultRegionForTheWorld

Index : 7     used in the geometry : Yes
 Material : G4_WATER
 Range cuts        :  gamma  1 mm     e-  1 mm     e+  1 mm  proton 100 um 
 Energy thresholds :  gamma  2.93547 keV    e-  351.353 keV    e+  341.657 keV proton 10 keV
 Region(s) which use this couple : 
    DefaultRegionForTheWorld

==================================================================

### Run 69 starts.
Run 69 starts ...
 Run terminated.
Run Summary
  Number of events processed : 10
  User=0.000000s Real=0.001601s Sys=0.000000s
	  User TOT = 0.11	  Real TOT = 0.147408
 Summary of Run 69 :
/run/geometryModified

========= Table of registered couples ============================

Index : 0     used in the geometry : Yes
 Material : G4_AIR
 Range cuts        :  gamma  1 mm     e-  1 mm     e+  1 mm  proton 100 um 
 Energy thresholds :  gamma  990 eV     e-  990 eV     e+  990 eV  proton 10 keV
 Region(s) which use this couple : 
    DefaultRegionForTheWorld

Index : 1     used in the geometry : Yes
 Material : G4_Co
 Range cuts        :  gamma  1 mm     e-  1 mm     e+  1 mm  proton 100 um 
 Energy thresholds :  gamma  22.8507 keV    e-  1.40918 MeV    e+  1.32925 MeV proton 10 keV
 Region(s) which use this couple : 
    DefaultRegionForTheWorld

Index : 2     used in the geometry : Yes
 Material : StainlessSteel
 Range cuts        :  gamma  1 mm     e-  1 mm     e+  1 mm  proton 100 um 
 Energy thresholds :  gamma  20.6058 keV    e-  1.28056 MeV    e+  1.21009 MeV proton 10 keV
 Region(s) which use this couple : 
    DefaultRegionForTheWorld

Index : 3     used in the geometry : Yes
 Material : G4_Al
 Range cuts        :  gamma  1 mm     e-  1 mm     e+  1 mm  proton 100 um 
 Energy thresholds :  gamma  6.91572 keV    e-  597.438 keV    e+  574.135 keV proton 10 keV
 Region(s) which use this couple : 
    DefaultRegionForTheWorld

Index : 4     used in the geometry : Yes
 Material : G4_Fe
 Range cuts        :  gamma  1 mm     e-  1 mm     e+  1 mm  proton 100 um 
 Energy thresholds :  gamma  20.7572 keV    e-  1.28885 MeV    e+  1.21776 MeV proton 10 keV
 Region(s) which use this couple : 
    DefaultRegionForTheWorld

Index : 5     used in the geometry : Yes
 Material : G4_W
 Range cuts        :  gamma  1 mm     e-  1 mm     e+  1 mm  proton 100 um 
 Energy thresholds :  gamma  106.43 keV    e-  2.31004 MeV    e+  2.14587 MeV proton 10 keV
 Region(s) which use this couple : 
    DefaultRegionForTheWorld

Index : 6     used in the geometry : Yes
 Material : G4_Pb
 Range cuts        :  gamma  1 mm     e-  1 mm     e+  1 mm  proton 100 um 
 Energy thresholds :  gamma  101.797 keV    e-  1.37158 MeV    e+  1.2826 MeV proton 10 keV
 Region(s) which use this couple : 
    DefaultRegionForTheWorld

Index : 7     used in the geometry : Yes
 Material : G4_WATER
 Range cuts        :  gamma  1 mm     e-  1 mm     e+  1 mm  proton 100 um 
 Energy thresholds :  gamma  2.93547 keV    e-  351.353 keV    e+  341.657 keV proton 10 keV
 Region(s) which use this couple : 
    DefaultRegionForTheWorld

==================================================================

### Run 70 starts.
Run 70 starts ...
 Run terminated.
Run Summary
  Number of events processed : 10
  User=0.000000s Real=0.002168s Sys=0.000000s
	  User TOT = 0.11	  Real TOT = 0.149681
 Summary of Run 70 :
/run/geometryModified

========= Table of registered couples ============================

Index : 0     used in the geometry : Yes
 Material : G4_AIR
 Range cuts        :  gamma  1 mm     e-  1 mm     e+  1 mm  proton 100 um 
 Energy thresholds :  gamma  990 eV     e-  990 eV     e+  990 eV  proton 10 keV
 Region(s) which use this couple : 
    DefaultRegionForTheWorld

Index : 1     used in the geometry : Yes
 Material : G4_Co
 Range cuts        :  gamma  1 mm     e-  1 mm     e+  1 mm  proton 100 um 
 Energy thresholds :  gamma  22.8507 keV    e-  1.40918 MeV    e+  1.32925 MeV proton 10 keV
 Region(s) which use this couple : 
    DefaultRegionForTheWorld

Index : 2     used in the geometry : Yes
 Material : StainlessSteel
 Range cuts        :  gamma  1 mm     e-  1 mm     e+  1 mm  proton 100 um 
 Energy thresholds :  gamma  20.6058 keV    e-  1.28056 MeV    e+  1.21009 MeV proton 10 keV
 Region(s) which use this couple : 
    DefaultRegionForTheWorld

Index : 3     used in the geometry : Yes
 Material : G4_Al
 Range cuts        :  gamma  1 mm     e-  1 mm     e+  1 mm  proton 100 um 
 Energy thresholds :  gamma  6.91572 keV    e-  597.438 keV    e+  574.135 keV proton 10 keV
 Region(s) which use this couple : 
    DefaultRegionForTheWorld

Index : 4     used in the geometry : Yes
 Material : G4_Fe
 Range cuts        :  gamma  1 mm     e-  1 mm     e+  1 mm  proton 100 um 
 Energy thresholds :  gamma  20.7572 keV    e-  1.28885 MeV    e+  1.21776 MeV proton 10 keV
 Region(s) which use this couple : 
    DefaultRegionForTheWorld

Index : 5     used in the geometry : Yes
 Material : G4_W
 Range cuts        :  gamma  1 mm     e-  1 mm     e+  1 mm  proton 100 um 
 Energy thresholds :  gamma  106.43 keV    e-  2.31004 MeV    e+  2.14587 MeV proton 10 keV
 Region(s) which use this couple : 
    DefaultRegionForTheWorld

Index : 6     used in the geometry : Yes
 Material : G4_Pb
 Range cuts        :  gamma  1 mm     e-  1 mm     e+  1 mm  proton 100 um 
 Energy thresholds :  gamma  101.797 keV    e-  1.37158 MeV    e+  1.2826 MeV proton 10 keV
 Region(s) which use this couple : 
    DefaultRegionForTheWorld

Index : 7     used in the geometry : Yes
 Material : G4_WATER
 Range cuts        :  gamma  1 mm     e-  1 mm     e+  1 mm  proton 100 um 
 Energy thresholds :  gamma  2.93547 keV    e-  351.353 keV    e+  341.657 keV proton 10 keV
 Region(s) which use this couple : 
    DefaultRegionForTheWorld

==================================================================

### Run 71 starts.
Run 71 starts ...
 Run terminated.
Run Summary
  Number of events processed : 10
  User=0.000000s Real=0.001629s Sys=0.000000s
	  User TOT = 0.11	  Real TOT = 0.151429
 Summary of Run 71 :
/run/geometryModified

========= Table of registered couples ============================

Index : 0     used in the geometry : Yes
 Material : G4_AIR
 Range cuts        :  gamma  1 mm     e-  1 mm     e+  1 mm  proton 100 um 
 Energy thresholds :  gamma  990 eV     e-  990 eV     e+  990 eV  proton 10 keV
 Region(s) which use this couple : 
    DefaultRegionForTheWorld

Index : 1     used in the geometry : Yes
 Material : G4_Co
 Range cuts        :  gamma  1 mm     e-  1 mm     e+  1 mm  proton 100 um 
 Energy thresholds :  gamma  22.8507 keV    e-  1.40918 MeV    e+  1.32925 MeV proton 10 keV
 Region(s) which use this couple : 
    DefaultRegionForTheWorld

Index : 2     used in the geometry : Yes
 Material : StainlessSteel
 Range cuts        :  gamma  1 mm     e-  1 mm     e+  1 mm  proton 100 um 
 Energy thresholds :  gamma  20.6058 keV    e-  1.28056 MeV    e+  1.21009 MeV proton 10 keV
 Region(s) which use this couple : 
    DefaultRegionForTheWorld

Index : 3     used in the geometry : Yes
 Material : G4_Al
 Range cuts        :  gamma  1 mm     e-  1 mm     e+  1 mm  proton 100 um 
 Energy thresholds :  gamma  6.91572 keV    e-  597.438 keV    e+  574.135 keV proton 10 keV
 Region(s) which use this couple : 
    DefaultRegionForTheWorld

Index : 4     used in the geometry : Yes
 Material : G4_Fe
 Range cuts        :  gamma  1 mm     e-  1 mm     e+  1 mm  proton 100 um 
 Energy thresholds :  gamma  20.7572 keV    e-  1.28885 MeV    e+  1.21776 MeV proton 10 keV
 Region(s) which use this couple : 
    DefaultRegionForTheWorld

Index : 5     used in the geometry : Yes
 Material : G4_W
 Range cuts        :  gamma  1 mm     e-  1 mm     e+  1 mm  proton 100 um 
 Energy thresholds :  gamma  106.43 keV    e-  2.31004 MeV    e+  2.14587 MeV proton 10 keV
 Region(s) which use this couple : 
    DefaultRegionForTheWorld

Index : 6     used in the geometry : Yes
 Material : G4_Pb
 Range cuts        :  gamma  1 mm     e-  1 mm     e+  1 mm  proton 100 um 
 Energy thresholds :  gamma  101.797 keV    e-  1.37158 MeV    e+  1.2826 MeV proton 10 keV
 Region(s) which use this couple : 
    DefaultRegionForTheWorld

Index : 7     used in the geometry : Yes
 Material : G4_WATER
 Range cuts        :  gamma  1 mm     e-  1 mm     e+  1 mm  proton 100 um 
 Energy thresholds :  gamma  2.93547 keV    e-  351.353 keV    e+  341.657 keV proton 10 keV
 Region(s) which use this couple : 
    DefaultRegionForTheWorld

==================================================================

### Run 72 starts.
Run 72 starts ...
 Run terminated.
Run Summary
  Number of events processed : 10
  User=0.000000s Real=0.001865s Sys=0.000000s
	  User TOT = 0.11	  Real TOT = 0.1534
 Summary of Run 72 :
/run/geometryModified

========= Table of registered couples ============================

Index : 0     used in the geometry : Yes
 Material : G4_AIR
 Range cuts        :  gamma  1 mm     e-  1 mm     e+  1 mm  proton 100 um 
 Energy thresholds :  gamma  990 eV     e-  990 eV     e+  990 eV  proton 10 keV
 Region(s) which use this couple : 
    DefaultRegionForTheWorld

Index : 1     used in the geometry : Yes
 Material : G4_Co
 Range cuts        :  gamma  1 mm     e-  1 mm     e+  1 mm  proton 100 um 
 Energy thresholds :  gamma  22.8507 keV    e-  1.40918 MeV    e+  1.32925 MeV proton 10 keV
 Region(s) which use this couple : 
    DefaultRegionForTheWorld

Index : 2     used in the geometry : Yes
 Material : StainlessSteel
 Range cuts        :  gamma  1 mm     e-  1 mm     e+  1 mm  proton 100 um 
 Energy thresholds :  gamma  20.6058 keV    e-  1.28056 MeV    e+  1.21009 MeV proton 10 keV
 Region(s) which use this couple : 
    DefaultRegionForTheWorld

Index : 3     used in the geometry : Yes
 Material : G4_Al
 Range cuts        :  gamma  1 mm     e-  1 mm     e+  1 mm  proton 100 um 
 Energy thresholds :  gamma  6.91572 keV    e-  597.438 keV    e+  574.135 keV proton 10 keV
 Region(s) which use this couple : 
    DefaultRegionForTheWorld

Index : 4     used in the geometry : Yes
 Material : G4_Fe
 Range cuts        :  gamma  1 mm     e-  1 mm     e+  1 mm  proton 100 um 
 Energy thresholds :  gamma  20.7572 keV    e-  1.28885 MeV    e+  1.21776 MeV proton 10 keV
 Region(s) which use this couple : 
    DefaultRegionForTheWorld

Index : 5     used in the geometry : Yes
 Material : G4_W
 Range cuts        :  gamma  1 mm     e-  1 mm     e+  1 mm  proton 100 um 
 Energy thresholds :  gamma  106.43 keV    e-  2.31004 MeV    e+  2.14587 MeV proton 10 keV
 Region(s) which use this couple : 
    DefaultRegionForTheWorld

Index : 6     used in the geometry : Yes
 Material : G4_Pb
 Range cuts        :  gamma  1 mm     e-  1 mm     e+  1 mm  proton 100 um 
 Energy thresholds :  gamma  101.797 keV    e-  1.37158 MeV    e+  1.2826 MeV proton 10 keV
 Region(s) which use this couple : 
    DefaultRegionForTheWorld

Index : 7     used in the geometry : Yes
 Material : G4_WATER
 Range cuts        :  gamma  1 mm     e-  1 mm     e+  1 mm  proton 100 um 
 Energy thresholds :  gamma  2.93547 keV    e-  351.353 keV    e+  341.657 keV proton 10 keV
 Region(s) which use this couple : 
    DefaultRegionForTheWorld

==================================================================

### Run 73 starts.
Run 73 starts ...
 Run terminated.
Run Summary
  Number of events processed : 10
  User=0.000000s Real=0.002607s Sys=0.000000s
	  User TOT = 0.11	  Real TOT = 0.156754
 Summary of Run 73 :
/run/geometryModified

========= Table of registered couples ============================

Index : 0     used in the geometry : Yes
 Material : G4_AIR
 Range cuts        :  gamma  1 mm     e-  1 mm     e+  1 mm  proton 100 um 
 Energy thresholds :  gamma  990 eV     e-  990 eV     e+  990 eV  proton 10 keV
 Region(s) which use this couple : 
    DefaultRegionForTheWorld

Index : 1     used in the geometry : Yes
 Material : G4_Co
 Range cuts        :  gamma  1 mm     e-  1 mm     e+  1 mm  proton 100 um 
 Energy thresholds :  gamma  22.8507 keV    e-  1.40918 MeV    e+  1.32925 MeV proton 10 keV
 Region(s) which use this couple : 
    DefaultRegionForTheWorld

Index : 2     used in the geometry : Yes
 Material : StainlessSteel
 Range cuts        :  gamma  1 mm     e-  1 mm     e+  1 mm  proton 100 um 
 Energy thresholds :  gamma  20.6058 keV    e-  1.28056 MeV    e+  1.21009 MeV proton 10 keV
 Region(s) which use this couple : 
    DefaultRegionForTheWorld

Index : 3     used in the geometry : Yes
 Material : G4_Al
 Range cuts        :  gamma  1 mm     e-  1 mm     e+  1 mm  proton 100 um 
 Energy thresholds :  gamma  6.91572 keV    e-  597.438 keV    e+  574.135 keV proton 10 keV
 Region(s) which use this couple : 
    DefaultRegionForTheWorld

Index : 4     used in the geometry : Yes
 Material : G4_Fe
 Range cuts        :  gamma  1 mm     e-  1 mm     e+  1 mm  proton 100 um 
 Energy thresholds :  gamma  20.7572 keV    e-  1.28885 MeV    e+  1.21776 MeV proton 10 keV
 Region(s) which use this couple : 
    DefaultRegionForTheWorld

Index : 5     used in the geometry : Yes
 Material : G4_W
 Range cuts        :  gamma  1 mm     e-  1 mm     e+  1 mm  proton 100 um 
 Energy thresholds :  gamma  106.43 keV    e-  2.31004 MeV    e+  2.14587 MeV proton 10 keV
 Region(s) which use this couple : 
    DefaultRegionForTheWorld

Index : 6     used in the geometry : Yes
 Material : G4_Pb
 Range cuts        :  gamma  1 mm     e-  1 mm     e+  1 mm  proton 100 um 
 Energy thresholds :  gamma  101.797 keV    e-  1.37158 MeV    e+  1.2826 MeV proton 10 keV
 Region(s) which use this couple : 
    DefaultRegionForTheWorld

Index : 7     used in the geometry : Yes
 Material : G4_WATER
 Range cuts        :  gamma  1 mm     e-  1 mm     e+  1 mm  proton 100 um 
 Energy thresholds :  gamma  2.93547 keV    e-  351.353 keV    e+  341.657 keV proton 10 keV
 Region(s) which use this couple : 
    DefaultRegionForTheWorld

==================================================================

### Run 74 starts.
Run 74 starts ...
 Run terminated.
Run Summary
  Number of events processed : 10
  User=0.000000s Real=0.002643s Sys=0.000000s
	  User TOT = 0.11	  Real TOT = 0.159603
 Summary of Run 74 :
/run/geometryModified

========= Table of registered couples ============================

Index : 0     used in the geometry : Yes
 Material : G4_AIR
 Range cuts        :  gamma  1 mm     e-  1 mm     e+  1 mm  proton 100 um 
 Energy thresholds :  gamma  990 eV     e-  990 eV     e+  990 eV  proton 10 keV
 Region(s) which use this couple : 
    DefaultRegionForTheWorld

Index : 1     used in the geometry : Yes
 Material : G4_Co
 Range cuts        :  gamma  1 mm     e-  1 mm     e+  1 mm  proton 100 um 
 Energy thresholds :  gamma  22.8507 keV    e-  1.40918 MeV    e+  1.32925 MeV proton 10 keV
 Region(s) which use this couple : 
    DefaultRegionForTheWorld

Index : 2     used in the geometry : Yes
 Material : StainlessSteel
 Range cuts        :  gamma  1 mm     e-  1 mm     e+  1 mm  proton 100 um 
 Energy thresholds :  gamma  20.6058 keV    e-  1.28056 MeV    e+  1.21009 MeV proton 10 keV
 Region(s) which use this couple : 
    DefaultRegionForTheWorld

Index : 3     used in the geometry : Yes
 Material : G4_Al
 Range cuts        :  gamma  1 mm     e-  1 mm     e+  1 mm  proton 100 um 
 Energy thresholds :  gamma  6.91572 keV    e-  597.438 keV    e+  574.135 keV proton 10 keV
 Region(s) which use this couple : 
    DefaultRegionForTheWorld

Index : 4     used in the geometry : Yes
 Material : G4_Fe
 Range cuts        :  gamma  1 mm     e-  1 mm     e+  1 mm  proton 100 um 
 Energy thresholds :  gamma  20.7572 keV    e-  1.28885 MeV    e+  1.21776 MeV proton 10 keV
 Region(s) which use this couple : 
    DefaultRegionForTheWorld

Index : 5     used in the geometry : Yes
 Material : G4_W
 Range cuts        :  gamma  1 mm     e-  1 mm     e+  1 mm  proton 100 um 
 Energy thresholds :  gamma  106.43 keV    e-  2.31004 MeV    e+  2.14587 MeV proton 10 keV
 Region(s) which use this couple : 
    DefaultRegionForTheWorld

Index : 6     used in the geometry : Yes
 Material : G4_Pb
 Range cuts        :  gamma  1 mm     e-  1 mm     e+  1 mm  proton 100 um 
 Energy thresholds :  gamma  101.797 keV    e-  1.37158 MeV    e+  1.2826 MeV proton 10 keV
 Region(s) which use this couple : 
    DefaultRegionForTheWorld

Index : 7     used in the geometry : Yes
 Material : G4_WATER
 Range cuts        :  gamma  1 mm     e-  1 mm     e+  1 mm  proton 100 um 
 Energy thresholds :  gamma  2.93547 keV    e-  351.353 keV    e+  341.657 keV proton 10 keV
 Region(s) which use this couple : 
    DefaultRegionForTheWorld

==================================================================

### Run 75 starts.
Run 75 starts ...
 Run terminated.
Run Summary
  Number of events processed : 10
  User=0.000000s Real=0.001967s Sys=0.000000s
	  User TOT = 0.11	  Real TOT = 0.161709
 Summary of Run 75 :
/run/geometryModified

========= Table of registered couples ============================

Index : 0     used in the geometry : Yes
 Material : G4_AIR
 Range cuts        :  gamma  1 mm     e-  1 mm     e+  1 mm  proton 100 um 
 Energy thresholds :  gamma  990 eV     e-  990 eV     e+  990 eV  proton 10 keV
 Region(s) which use this couple : 
    DefaultRegionForTheWorld

Index : 1     used in the geometry : Yes
 Material : G4_Co
 Range cuts        :  gamma  1 mm     e-  1 mm     e+  1 mm  proton 100 um 
 Energy thresholds :  gamma  22.8507 keV    e-  1.40918 MeV    e+  1.32925 MeV proton 10 keV
 Region(s) which use this couple : 
    DefaultRegionForTheWorld

Index : 2     used in the geometry : Yes
 Material : StainlessSteel
 Range cuts        :  gamma  1 mm     e-  1 mm     e+  1 mm  proton 100 um 
 Energy thresholds :  gamma  20.6058 keV    e-  1.28056 MeV    e+  1.21009 MeV proton 10 keV
 Region(s) which use this couple : 
    DefaultRegionForTheWorld

Index : 3     used in the geometry : Yes
 Material : G4_Al
 Range cuts        :  gamma  1 mm     e-  1 mm     e+  1 mm  proton 100 um 
 Energy thresholds :  gamma  6.91572 keV    e-  597.438 keV    e+  574.135 keV proton 10 keV
 Region(s) which use this couple : 
    DefaultRegionForTheWorld

Index : 4     used in the geometry : Yes
 Material : G4_Fe
 Range cuts        :  gamma  1 mm     e-  1 mm     e+  1 mm  proton 100 um 
 Energy thresholds :  gamma  20.7572 keV    e-  1.28885 MeV    e+  1.21776 MeV proton 10 keV
 Region(s) which use this couple : 
    DefaultRegionForTheWorld

Index : 5     used in the geometry : Yes
 Material : G4_W
 Range cuts        :  gamma  1 mm     e-  1 mm     e+  1 mm  proton 100 um 
 Energy thresholds :  gamma  106.43 keV    e-  2.31004 MeV    e+  2.14587 MeV proton 10 keV
 Region(s) which use this couple : 
    DefaultRegionForTheWorld

Index : 6     used in the geometry : Yes
 Material : G4_Pb
 Range cuts        :  gamma  1 mm     e-  1 mm     e+  1 mm  proton 100 um 
 Energy thresholds :  gamma  101.797 keV    e-  1.37158 MeV    e+  1.2826 MeV proton 10 keV
 Region(s) which use this couple : 
    DefaultRegionForTheWorld

Index : 7     used in the geometry : Yes
 Material : G4_WATER
 Range cuts        :  gamma  1 mm     e-  1 mm     e+  1 mm  proton 100 um 
 Energy thresholds :  gamma  2.93547 keV    e-  351.353 keV    e+  341.657 keV proton 10 keV
 Region(s) which use this couple : 
    DefaultRegionForTheWorld

==================================================================

### Run 76 starts.
Run 76 starts ...
 Run terminated.
Run Summary
  Number of events processed : 10
  User=0.000000s Real=0.001974s Sys=0.000000s
	  User TOT = 0.11	  Real TOT = 0.163798
 Summary of Run 76 :
/run/geometryModified

========= Table of registered couples ============================

Index : 0     used in the geometry : Yes
 Material : G4_AIR
 Range cuts        :  gamma  1 mm     e-  1 mm     e+  1 mm  proton 100 um 
 Energy thresholds :  gamma  990 eV     e-  990 eV     e+  990 eV  proton 10 keV
 Region(s) which use this couple : 
    DefaultRegionForTheWorld

Index : 1     used in the geometry : Yes
 Material : G4_Co
 Range cuts        :  gamma  1 mm     e-  1 mm     e+  1 mm  proton 100 um 
 Energy thresholds :  gamma  22.8507 keV    e-  1.40918 MeV    e+  1.32925 MeV proton 10 keV
 Region(s) which use this couple : 
    DefaultRegionForTheWorld

Index : 2     used in the geometry : Yes
 Material : StainlessSteel
 Range cuts        :  gamma  1 mm     e-  1 mm     e+  1 mm  proton 100 um 
 Energy thresholds :  gamma  20.6058 keV    e-  1.28056 MeV    e+  1.21009 MeV proton 10 keV
 Region(s) which use this couple : 
    DefaultRegionForTheWorld

Index : 3     used in the geometry : Yes
 Material : G4_Al
 Range cuts        :  gamma  1 mm     e-  1 mm     e+  1 mm  proton 100 um 
 Energy thresholds :  gamma  6.91572 keV    e-  597.438 keV    e+  574.135 keV proton 10 keV
 Region(s) which use this couple : 
    DefaultRegionForTheWorld

Index : 4     used in the geometry : Yes
 Material : G4_Fe
 Range cuts        :  gamma  1 mm     e-  1 mm     e+  1 mm  proton 100 um 
 Energy thresholds :  gamma  20.7572 keV    e-  1.28885 MeV    e+  1.21776 MeV proton 10 keV
 Region(s) which use this couple : 
    DefaultRegionForTheWorld

Index : 5     used in the geometry : Yes
 Material : G4_W
 Range cuts        :  gamma  1 mm     e-  1 mm     e+  1 mm  proton 100 um 
 Energy thresholds :  gamma  106.43 keV    e-  2.31004 MeV    e+  2.14587 MeV proton 10 keV
 Region(s) which use this couple : 
    DefaultRegionForTheWorld

Index : 6     used in the geometry : Yes
 Material : G4_Pb
 Range cuts        :  gamma  1 mm     e-  1 mm     e+  1 mm  proton 100 um 
 Energy thresholds :  gamma  101.797 keV    e-  1.37158 MeV    e+  1.2826 MeV proton 10 keV
 Region(s) which use this couple : 
    DefaultRegionForTheWorld

Index : 7     used in the geometry : Yes
 Material : G4_WATER
 Range cuts        :  gamma  1 mm     e-  1 mm     e+  1 mm  proton 100 um 
 Energy thresholds :  gamma  2.93547 keV    e-  351.353 keV    e+  341.657 keV proton 10 keV
 Region(s) which use this couple : 
    DefaultRegionForTheWorld

==================================================================

### Run 77 starts.
Run 77 starts ...
 Run terminated.
Run Summary
  Number of events processed : 10
  User=0.010000s Real=0.002163s Sys=0.000000s
	  User TOT = 0.12	  Real TOT = 0.166073
 Summary of Run 77 :
/run/geometryModified

========= Table of registered couples ============================

Index : 0     used in the geometry : Yes
 Material : G4_AIR
 Range cuts        :  gamma  1 mm     e-  1 mm     e+  1 mm  proton 100 um 
 Energy thresholds :  gamma  990 eV     e-  990 eV     e+  990 eV  proton 10 keV
 Region(s) which use this couple : 
    DefaultRegionForTheWorld

Index : 1     used in the geometry : Yes
 Material : G4_Co
 Range cuts        :  gamma  1 mm     e-  1 mm     e+  1 mm  proton 100 um 
 Energy thresholds :  gamma  22.8507 keV    e-  1.40918 MeV    e+  1.32925 MeV proton 10 keV
 Region(s) which use this couple : 
    DefaultRegionForTheWorld

Index : 2     used in the geometry : Yes
 Material : StainlessSteel
 Range cuts        :  gamma  1 mm     e-  1 mm     e+  1 mm  proton 100 um 
 Energy thresholds :  gamma  20.6058 keV    e-  1.28056 MeV    e+  1.21009 MeV proton 10 keV
 Region(s) which use this couple : 
    DefaultRegionForTheWorld

Index : 3     used in the geometry : Yes
 Material : G4_Al
 Range cuts        :  gamma  1 mm     e-  1 mm     e+  1 mm  proton 100 um 
 Energy thresholds :  gamma  6.91572 keV    e-  597.438 keV    e+  574.135 keV proton 10 keV
 Region(s) which use this couple : 
    DefaultRegionForTheWorld

Index : 4     used in the geometry : Yes
 Material : G4_Fe
 Range cuts        :  gamma  1 mm     e-  1 mm     e+  1 mm  proton 100 um 
 Energy thresholds :  gamma  20.7572 keV    e-  1.28885 MeV    e+  1.21776 MeV proton 10 keV
 Region(s) which use this couple : 
    DefaultRegionForTheWorld

Index : 5     used in the geometry : Yes
 Material : G4_W
 Range cuts        :  gamma  1 mm     e-  1 mm     e+  1 mm  proton 100 um 
 Energy thresholds :  gamma  106.43 keV    e-  2.31004 MeV    e+  2.14587 MeV proton 10 keV
 Region(s) which use this couple : 
    DefaultRegionForTheWorld

Index : 6     used in the geometry : Yes
 Material : G4_Pb
 Range cuts        :  gamma  1 mm     e-  1 mm     e+  1 mm  proton 100 um 
 Energy thresholds :  gamma  101.797 keV    e-  1.37158 MeV    e+  1.2826 MeV proton 10 keV
 Region(s) which use this couple : 
    DefaultRegionForTheWorld

Index : 7     used in the geometry : Yes
 Material : G4_WATER
 Range cuts        :  gamma  1 mm     e-  1 mm     e+  1 mm  proton 100 um 
 Energy thresholds :  gamma  2.93547 keV    e-  351.353 keV    e+  341.657 keV proton 10 keV
 Region(s) which use this couple : 
    DefaultRegionForTheWorld

==================================================================

### Run 78 starts.
Run 78 starts ...
 Run terminated.
Run Summary
  Number of events processed : 10
  User=0.000000s Real=0.002066s Sys=0.000000s
	  User TOT = 0.12	  Real TOT = 0.168248
 Summary of Run 78 :
/run/geometryModified

========= Table of registered couples ============================

Index : 0     used in the geometry : Yes
 Material : G4_AIR
 Range cuts        :  gamma  1 mm     e-  1 mm     e+  1 mm  proton 100 um 
 Energy thresholds :  gamma  990 eV     e-  990 eV     e+  990 eV  proton 10 keV
 Region(s) which use this couple : 
    DefaultRegionForTheWorld

Index : 1     used in the geometry : Yes
 Material : G4_Co
 Range cuts        :  gamma  1 mm     e-  1 mm     e+  1 mm  proton 100 um 
 Energy thresholds :  gamma  22.8507 keV    e-  1.40918 MeV    e+  1.32925 MeV proton 10 keV
 Region(s) which use this couple : 
    DefaultRegionForTheWorld

Index : 2     used in the geometry : Yes
 Material : StainlessSteel
 Range cuts        :  gamma  1 mm     e-  1 mm     e+  1 mm  proton 100 um 
 Energy thresholds :  gamma  20.6058 keV    e-  1.28056 MeV    e+  1.21009 MeV proton 10 keV
 Region(s) which use this couple : 
    DefaultRegionForTheWorld

Index : 3     used in the geometry : Yes
 Material : G4_Al
 Range cuts        :  gamma  1 mm     e-  1 mm     e+  1 mm  proton 100 um 
 Energy thresholds :  gamma  6.91572 keV    e-  597.438 keV    e+  574.135 keV proton 10 keV
 Region(s) which use this couple : 
    DefaultRegionForTheWorld

Index : 4     used in the geometry : Yes
 Material : G4_Fe
 Range cuts        :  gamma  1 mm     e-  1 mm     e+  1 mm  proton 100 um 
 Energy thresholds :  gamma  20.7572 keV    e-  1.28885 MeV    e+  1.21776 MeV proton 10 keV
 Region(s) which use this couple : 
    DefaultRegionForTheWorld

Index : 5     used in the geometry : Yes
 Material : G4_W
 Range cuts        :  gamma  1 mm     e-  1 mm     e+  1 mm  proton 100 um 
 Energy thresholds :  gamma  106.43 keV    e-  2.31004 MeV    e+  2.14587 MeV proton 10 keV
 Region(s) which use this couple : 
    DefaultRegionForTheWorld

Index : 6     used in the geometry : Yes
 Material : G4_Pb
 Range cuts        :  gamma  1 mm     e-  1 mm     e+  1 mm  proton 100 um 
 Energy thresholds :  gamma  101.797 keV    e-  1.37158 MeV    e+  1.2826 MeV proton 10 keV
 Region(s) which use this couple : 
    DefaultRegionForTheWorld

Index : 7     used in the geometry : Yes
 Material : G4_WATER
 Range cuts        :  gamma  1 mm     e-  1 mm     e+  1 mm  proton 100 um 
 Energy thresholds :  gamma  2.93547 keV    e-  351.353 keV    e+  341.657 keV proton 10 keV
 Region(s) which use this couple : 
    DefaultRegionForTheWorld

==================================================================

### Run 79 starts.
Run 79 starts ...
 Run terminated.
Run Summary
  Number of events processed : 10
  User=0.000000s Real=0.002289s Sys=0.000000s
	  User TOT = 0.12	  Real TOT = 0.170646
 Summary of Run 79 :
/run/geometryModified

========= Table of registered couples ============================

Index : 0     used in the geometry : Yes
 Material : G4_AIR
 Range cuts        :  gamma  1 mm     e-  1 mm     e+  1 mm  proton 100 um 
 Energy thresholds :  gamma  990 eV     e-  990 eV     e+  990 eV  proton 10 keV
 Region(s) which use this couple : 
    DefaultRegionForTheWorld

Index : 1     used in the geometry : Yes
 Material : G4_Co
 Range cuts        :  gamma  1 mm     e-  1 mm     e+  1 mm  proton 100 um 
 Energy thresholds :  gamma  22.8507 keV    e-  1.40918 MeV    e+  1.32925 MeV proton 10 keV
 Region(s) which use this couple : 
    DefaultRegionForTheWorld

Index : 2     used in the geometry : Yes
 Material : StainlessSteel
 Range cuts        :  gamma  1 mm     e-  1 mm     e+  1 mm  proton 100 um 
 Energy thresholds :  gamma  20.6058 keV    e-  1.28056 MeV    e+  1.21009 MeV proton 10 keV
 Region(s) which use this couple : 
    DefaultRegionForTheWorld

Index : 3     used in the geometry : Yes
 Material : G4_Al
 Range cuts        :  gamma  1 mm     e-  1 mm     e+  1 mm  proton 100 um 
 Energy thresholds :  gamma  6.91572 keV    e-  597.438 keV    e+  574.135 keV proton 10 keV
 Region(s) which use this couple : 
    DefaultRegionForTheWorld

Index : 4     used in the geometry : Yes
 Material : G4_Fe
 Range cuts        :  gamma  1 mm     e-  1 mm     e+  1 mm  proton 100 um 
 Energy thresholds :  gamma  20.7572 keV    e-  1.28885 MeV    e+  1.21776 MeV proton 10 keV
 Region(s) which use this couple : 
    DefaultRegionForTheWorld

Index : 5     used in the geometry : Yes
 Material : G4_W
 Range cuts        :  gamma  1 mm     e-  1 mm     e+  1 mm  proton 100 um 
 Energy thresholds :  gamma  106.43 keV    e-  2.31004 MeV    e+  2.14587 MeV proton 10 keV
 Region(s) which use this couple : 
    DefaultRegionForTheWorld

Index : 6     used in the geometry : Yes
 Material : G4_Pb
 Range cuts        :  gamma  1 mm     e-  1 mm     e+  1 mm  proton 100 um 
 Energy thresholds :  gamma  101.797 keV    e-  1.37158 MeV    e+  1.2826 MeV proton 10 keV
 Region(s) which use this couple : 
    DefaultRegionForTheWorld

Index : 7     used in the geometry : Yes
 Material : G4_WATER
 Range cuts        :  gamma  1 mm     e-  1 mm     e+  1 mm  proton 100 um 
 Energy thresholds :  gamma  2.93547 keV    e-  351.353 keV    e+  341.657 keV proton 10 keV
 Region(s) which use this couple : 
    DefaultRegionForTheWorld

==================================================================

### Run 80 starts.
Run 80 starts ...
 Run terminated.
Run Summary
  Number of events processed : 10
  User=0.000000s Real=0.003483s Sys=0.000000s
	  User TOT = 0.12	  Real TOT = 0.174245
 Summary of Run 80 :
/run/geometryModified

========= Table of registered couples ============================

Index : 0     used in the geometry : Yes
 Material : G4_AIR
 Range cuts        :  gamma  1 mm     e-  1 mm     e+  1 mm  proton 100 um 
 Energy thresholds :  gamma  990 eV     e-  990 eV     e+  990 eV  proton 10 keV
 Region(s) which use this couple : 
    DefaultRegionForTheWorld

Index : 1     used in the geometry : Yes
 Material : G4_Co
 Range cuts        :  gamma  1 mm     e-  1 mm     e+  1 mm  proton 100 um 
 Energy thresholds :  gamma  22.8507 keV    e-  1.40918 MeV    e+  1.32925 MeV proton 10 keV
 Region(s) which use this couple : 
    DefaultRegionForTheWorld

Index : 2     used in the geometry : Yes
 Material : StainlessSteel
 Range cuts        :  gamma  1 mm     e-  1 mm     e+  1 mm  proton 100 um 
 Energy thresholds :  gamma  20.6058 keV    e-  1.28056 MeV    e+  1.21009 MeV proton 10 keV
 Region(s) which use this couple : 
    DefaultRegionForTheWorld

Index : 3     used in the geometry : Yes
 Material : G4_Al
 Range cuts        :  gamma  1 mm     e-  1 mm     e+  1 mm  proton 100 um 
 Energy thresholds :  gamma  6.91572 keV    e-  597.438 keV    e+  574.135 keV proton 10 keV
 Region(s) which use this couple : 
    DefaultRegionForTheWorld

Index : 4     used in the geometry : Yes
 Material : G4_Fe
 Range cuts        :  gamma  1 mm     e-  1 mm     e+  1 mm  proton 100 um 
 Energy thresholds :  gamma  20.7572 keV    e-  1.28885 MeV    e+  1.21776 MeV proton 10 keV
 Region(s) which use this couple : 
    DefaultRegionForTheWorld

Index : 5     used in the geometry : Yes
 Material : G4_W
 Range cuts        :  gamma  1 mm     e-  1 mm     e+  1 mm  proton 100 um 
 Energy thresholds :  gamma  106.43 keV    e-  2.31004 MeV    e+  2.14587 MeV proton 10 keV
 Region(s) which use this couple : 
    DefaultRegionForTheWorld

Index : 6     used in the geometry : Yes
 Material : G4_Pb
 Range cuts        :  gamma  1 mm     e-  1 mm     e+  1 mm  proton 100 um 
 Energy thresholds :  gamma  101.797 keV    e-  1.37158 MeV    e+  1.2826 MeV proton 10 keV
 Region(s) which use this couple : 
    DefaultRegionForTheWorld

Index : 7     used in the geometry : Yes
 Material : G4_WATER
 Range cuts        :  gamma  1 mm     e-  1 mm     e+  1 mm  proton 100 um 
 Energy thresholds :  gamma  2.93547 keV    e-  351.353 keV    e+  341.657 keV proton 10 keV
 Region(s) which use this couple : 
    DefaultRegionForTheWorld

==================================================================

### Run 81 starts.
Run 81 starts ...
 Run terminated.
Run Summary
  Number of events processed : 10
  User=0.000000s Real=0.002151s Sys=0.000000s
	  User TOT = 0.12	  Real TOT = 0.176617
 Summary of Run 81 :
/run/geometryModified

========= Table of registered couples ============================

Index : 0     used in the geometry : Yes
 Material : G4_AIR
 Range cuts        :  gamma  1 mm     e-  1 mm     e+  1 mm  proton 100 um 
 Energy thresholds :  gamma  990 eV     e-  990 eV     e+  990 eV  proton 10 keV
 Region(s) which use this couple : 
    DefaultRegionForTheWorld

Index : 1     used in the geometry : Yes
 Material : G4_Co
 Range cuts        :  gamma  1 mm     e-  1 mm     e+  1 mm  proton 100 um 
 Energy thresholds :  gamma  22.8507 keV    e-  1.40918 MeV    e+  1.32925 MeV proton 10 keV
 Region(s) which use this couple : 
    DefaultRegionForTheWorld

Index : 2     used in the geometry : Yes
 Material : StainlessSteel
 Range cuts        :  gamma  1 mm     e-  1 mm     e+  1 mm  proton 100 um 
 Energy thresholds :  gamma  20.6058 keV    e-  1.28056 MeV    e+  1.21009 MeV proton 10 keV
 Region(s) which use this couple : 
    DefaultRegionForTheWorld

Index : 3     used in the geometry : Yes
 Material : G4_Al
 Range cuts        :  gamma  1 mm     e-  1 mm     e+  1 mm  proton 100 um 
 Energy thresholds :  gamma  6.91572 keV    e-  597.438 keV    e+  574.135 keV proton 10 keV
 Region(s) which use this couple : 
    DefaultRegionForTheWorld

Index : 4     used in the geometry : Yes
 Material : G4_Fe
 Range cuts        :  gamma  1 mm     e-  1 mm     e+  1 mm  proton 100 um 
 Energy thresholds :  gamma  20.7572 keV    e-  1.28885 MeV    e+  1.21776 MeV proton 10 keV
 Region(s) which use this couple : 
    DefaultRegionForTheWorld

Index : 5     used in the geometry : Yes
 Material : G4_W
 Range cuts        :  gamma  1 mm     e-  1 mm     e+  1 mm  proton 100 um 
 Energy thresholds :  gamma  106.43 keV    e-  2.31004 MeV    e+  2.14587 MeV proton 10 keV
 Region(s) which use this couple : 
    DefaultRegionForTheWorld

Index : 6     used in the geometry : Yes
 Material : G4_Pb
 Range cuts        :  gamma  1 mm     e-  1 mm     e+  1 mm  proton 100 um 
 Energy thresholds :  gamma  101.797 keV    e-  1.37158 MeV    e+  1.2826 MeV proton 10 keV
 Region(s) which use this couple : 
    DefaultRegionForTheWorld

Index : 7     used in the geometry : Yes
 Material : G4_WATER
 Range cuts        :  gamma  1 mm     e-  1 mm     e+  1 mm  proton 100 um 
 Energy thresholds :  gamma  2.93547 keV    e-  351.353 keV    e+  341.657 keV proton 10 keV
 Region(s) which use this couple : 
    DefaultRegionForTheWorld

==================================================================

### Run 82 starts.
Run 82 starts ...
 Run terminated.
Run Summary
  Number of events processed : 10
  User=0.010000s Real=0.001892s Sys=0.000000s
	  User TOT = 0.13	  Real TOT = 0.178618
 Summary of Run 82 :
/run/geometryModified

========= Table of registered couples ============================

Index : 0     used in the geometry : Yes
 Material : G4_AIR
 Range cuts        :  gamma  1 mm     e-  1 mm     e+  1 mm  proton 100 um 
 Energy thresholds :  gamma  990 eV     e-  990 eV     e+  990 eV  proton 10 keV
 Region(s) which use this couple : 
    DefaultRegionForTheWorld

Index : 1     used in the geometry : Yes
 Material : G4_Co
 Range cuts        :  gamma  1 mm     e-  1 mm     e+  1 mm  proton 100 um 
 Energy thresholds :  gamma  22.8507 keV    e-  1.40918 MeV    e+  1.32925 MeV proton 10 keV
 Region(s) which use this couple : 
    DefaultRegionForTheWorld

Index : 2     used in the geometry : Yes
 Material : StainlessSteel
 Range cuts        :  gamma  1 mm     e-  1 mm     e+  1 mm  proton 100 um 
 Energy thresholds :  gamma  20.6058 keV    e-  1.28056 MeV    e+  1.21009 MeV proton 10 keV
 Region(s) which use this couple : 
    DefaultRegionForTheWorld

Index : 3     used in the geometry : Yes
 Material : G4_Al
 Range cuts        :  gamma  1 mm     e-  1 mm     e+  1 mm  proton 100 um 
 Energy thresholds :  gamma  6.91572 keV    e-  597.438 keV    e+  574.135 keV proton 10 keV
 Region(s) which use this couple : 
    DefaultRegionForTheWorld

Index : 4     used in the geometry : Yes
 Material : G4_Fe
 Range cuts        :  gamma  1 mm     e-  1 mm     e+  1 mm  proton 100 um 
 Energy thresholds :  gamma  20.7572 keV    e-  1.28885 MeV    e+  1.21776 MeV proton 10 keV
 Region(s) which use this couple : 
    DefaultRegionForTheWorld

Index : 5     used in the geometry : Yes
 Material : G4_W
 Range cuts        :  gamma  1 mm     e-  1 mm     e+  1 mm  proton 100 um 
 Energy thresholds :  gamma  106.43 keV    e-  2.31004 MeV    e+  2.14587 MeV proton 10 keV
 Region(s) which use this couple : 
    DefaultRegionForTheWorld

Index : 6     used in the geometry : Yes
 Material : G4_Pb
 Range cuts        :  gamma  1 mm     e-  1 mm     e+  1 mm  proton 100 um 
 Energy thresholds :  gamma  101.797 keV    e-  1.37158 MeV    e+  1.2826 MeV proton 10 keV
 Region(s) which use this couple : 
    DefaultRegionForTheWorld

Index : 7     used in the geometry : Yes
 Material : G4_WATER
 Range cuts        :  gamma  1 mm     e-  1 mm     e+  1 mm  proton 100 um 
 Energy thresholds :  gamma  2.93547 keV    e-  351.353 keV    e+  341.657 keV proton 10 keV
 Region(s) which use this couple : 
    DefaultRegionForTheWorld

==================================================================

### Run 83 starts.
Run 83 starts ...
 Run terminated.
Run Summary
  Number of events processed : 10
  User=0.000000s Real=0.001719s Sys=0.000000s
	  User TOT = 0.13	  Real TOT = 0.180444
 Summary of Run 83 :
/run/geometryModified

========= Table of registered couples ============================

Index : 0     used in the geometry : Yes
 Material : G4_AIR
 Range cuts        :  gamma  1 mm     e-  1 mm     e+  1 mm  proton 100 um 
 Energy thresholds :  gamma  990 eV     e-  990 eV     e+  990 eV  proton 10 keV
 Region(s) which use this couple : 
    DefaultRegionForTheWorld

Index : 1     used in the geometry : Yes
 Material : G4_Co
 Range cuts        :  gamma  1 mm     e-  1 mm     e+  1 mm  proton 100 um 
 Energy thresholds :  gamma  22.8507 keV    e-  1.40918 MeV    e+  1.32925 MeV proton 10 keV
 Region(s) which use this couple : 
    DefaultRegionForTheWorld

Index : 2     used in the geometry : Yes
 Material : StainlessSteel
 Range cuts        :  gamma  1 mm     e-  1 mm     e+  1 mm  proton 100 um 
 Energy thresholds :  gamma  20.6058 keV    e-  1.28056 MeV    e+  1.21009 MeV proton 10 keV
 Region(s) which use this couple : 
    DefaultRegionForTheWorld

Index : 3     used in the geometry : Yes
 Material : G4_Al
 Range cuts        :  gamma  1 mm     e-  1 mm     e+  1 mm  proton 100 um 
 Energy thresholds :  gamma  6.91572 keV    e-  597.438 keV    e+  574.135 keV proton 10 keV
 Region(s) which use this couple : 
    DefaultRegionForTheWorld

Index : 4     used in the geometry : Yes
 Material : G4_Fe
 Range cuts        :  gamma  1 mm     e-  1 mm     e+  1 mm  proton 100 um 
 Energy thresholds :  gamma  20.7572 keV    e-  1.28885 MeV    e+  1.21776 MeV proton 10 keV
 Region(s) which use this couple : 
    DefaultRegionForTheWorld

Index : 5     used in the geometry : Yes
 Material : G4_W
 Range cuts        :  gamma  1 mm     e-  1 mm     e+  1 mm  proton 100 um 
 Energy thresholds :  gamma  106.43 keV    e-  2.31004 MeV    e+  2.14587 MeV proton 10 keV
 Region(s) which use this couple : 
    DefaultRegionForTheWorld

Index : 6     used in the geometry : Yes
 Material : G4_Pb
 Range cuts        :  gamma  1 mm     e-  1 mm     e+  1 mm  proton 100 um 
 Energy thresholds :  gamma  101.797 keV    e-  1.37158 MeV    e+  1.2826 MeV proton 10 keV
 Region(s) which use this couple : 
    DefaultRegionForTheWorld

Index : 7     used in the geometry : Yes
 Material : G4_WATER
 Range cuts        :  gamma  1 mm     e-  1 mm     e+  1 mm  proton 100 um 
 Energy thresholds :  gamma  2.93547 keV    e-  351.353 keV    e+  341.657 keV proton 10 keV
 Region(s) which use this couple : 
    DefaultRegionForTheWorld

==================================================================

### Run 84 starts.
Run 84 starts ...
 Run terminated.
Run Summary
  Number of events processed : 10
  User=0.000000s Real=0.001590s Sys=0.000000s
	  User TOT = 0.13	  Real TOT = 0.182731
 Summary of Run 84 :
/run/geometryModified

========= Table of registered couples ============================

Index : 0     used in the geometry : Yes
 Material : G4_AIR
 Range cuts        :  gamma  1 mm     e-  1 mm     e+  1 mm  proton 100 um 
 Energy thresholds :  gamma  990 eV     e-  990 eV     e+  990 eV  proton 10 keV
 Region(s) which use this couple : 
    DefaultRegionForTheWorld

Index : 1     used in the geometry : Yes
 Material : G4_Co
 Range cuts        :  gamma  1 mm     e-  1 mm     e+  1 mm  proton 100 um 
 Energy thresholds :  gamma  22.8507 keV    e-  1.40918 MeV    e+  1.32925 MeV proton 10 keV
 Region(s) which use this couple : 
    DefaultRegionForTheWorld

Index : 2     used in the geometry : Yes
 Material : StainlessSteel
 Range cuts        :  gamma  1 mm     e-  1 mm     e+  1 mm  proton 100 um 
 Energy thresholds :  gamma  20.6058 keV    e-  1.28056 MeV    e+  1.21009 MeV proton 10 keV
 Region(s) which use this couple : 
    DefaultRegionForTheWorld

Index : 3     used in the geometry : Yes
 Material : G4_Al
 Range cuts        :  gamma  1 mm     e-  1 mm     e+  1 mm  proton 100 um 
 Energy thresholds :  gamma  6.91572 keV    e-  597.438 keV    e+  574.135 keV proton 10 keV
 Region(s) which use this couple : 
    DefaultRegionForTheWorld

Index : 4     used in the geometry : Yes
 Material : G4_Fe
 Range cuts        :  gamma  1 mm     e-  1 mm     e+  1 mm  proton 100 um 
 Energy thresholds :  gamma  20.7572 keV    e-  1.28885 MeV    e+  1.21776 MeV proton 10 keV
 Region(s) which use this couple : 
    DefaultRegionForTheWorld

Index : 5     used in the geometry : Yes
 Material : G4_W
 Range cuts        :  gamma  1 mm     e-  1 mm     e+  1 mm  proton 100 um 
 Energy thresholds :  gamma  106.43 keV    e-  2.31004 MeV    e+  2.14587 MeV proton 10 keV
 Region(s) which use this couple : 
    DefaultRegionForTheWorld

Index : 6     used in the geometry : Yes
 Material : G4_Pb
 Range cuts        :  gamma  1 mm     e-  1 mm     e+  1 mm  proton 100 um 
 Energy thresholds :  gamma  101.797 keV    e-  1.37158 MeV    e+  1.2826 MeV proton 10 keV
 Region(s) which use this couple : 
    DefaultRegionForTheWorld

Index : 7     used in the geometry : Yes
 Material : G4_WATER
 Range cuts        :  gamma  1 mm     e-  1 mm     e+  1 mm  proton 100 um 
 Energy thresholds :  gamma  2.93547 keV    e-  351.353 keV    e+  341.657 keV proton 10 keV
 Region(s) which use this couple : 
    DefaultRegionForTheWorld

==================================================================

### Run 85 starts.
Run 85 starts ...
 Run terminated.
Run Summary
  Number of events processed : 10
  User=0.000000s Real=0.001950s Sys=0.000000s
	  User TOT = 0.13	  Real TOT = 0.1848
 Summary of Run 85 :
/run/geometryModified

========= Table of registered couples ============================

Index : 0     used in the geometry : Yes
 Material : G4_AIR
 Range cuts        :  gamma  1 mm     e-  1 mm     e+  1 mm  proton 100 um 
 Energy thresholds :  gamma  990 eV     e-  990 eV     e+  990 eV  proton 10 keV
 Region(s) which use this couple : 
    DefaultRegionForTheWorld

Index : 1     used in the geometry : Yes
 Material : G4_Co
 Range cuts        :  gamma  1 mm     e-  1 mm     e+  1 mm  proton 100 um 
 Energy thresholds :  gamma  22.8507 keV    e-  1.40918 MeV    e+  1.32925 MeV proton 10 keV
 Region(s) which use this couple : 
    DefaultRegionForTheWorld

Index : 2     used in the geometry : Yes
 Material : StainlessSteel
 Range cuts        :  gamma  1 mm     e-  1 mm     e+  1 mm  proton 100 um 
 Energy thresholds :  gamma  20.6058 keV    e-  1.28056 MeV    e+  1.21009 MeV proton 10 keV
 Region(s) which use this couple : 
    DefaultRegionForTheWorld

Index : 3     used in the geometry : Yes
 Material : G4_Al
 Range cuts        :  gamma  1 mm     e-  1 mm     e+  1 mm  proton 100 um 
 Energy thresholds :  gamma  6.91572 keV    e-  597.438 keV    e+  574.135 keV proton 10 keV
 Region(s) which use this couple : 
    DefaultRegionForTheWorld

Index : 4     used in the geometry : Yes
 Material : G4_Fe
 Range cuts        :  gamma  1 mm     e-  1 mm     e+  1 mm  proton 100 um 
 Energy thresholds :  gamma  20.7572 keV    e-  1.28885 MeV    e+  1.21776 MeV proton 10 keV
 Region(s) which use this couple : 
    DefaultRegionForTheWorld

Index : 5     used in the geometry : Yes
 Material : G4_W
 Range cuts        :  gamma  1 mm     e-  1 mm     e+  1 mm  proton 100 um 
 Energy thresholds :  gamma  106.43 keV    e-  2.31004 MeV    e+  2.14587 MeV proton 10 keV
 Region(s) which use this couple : 
    DefaultRegionForTheWorld

Index : 6     used in the geometry : Yes
 Material : G4_Pb
 Range cuts        :  gamma  1 mm     e-  1 mm     e+  1 mm  proton 100 um 
 Energy thresholds :  gamma  101.797 keV    e-  1.37158 MeV    e+  1.2826 MeV proton 10 keV
 Region(s) which use this couple : 
    DefaultRegionForTheWorld

Index : 7     used in the geometry : Yes
 Material : G4_WATER
 Range cuts        :  gamma  1 mm     e-  1 mm     e+  1 mm  proton 100 um 
 Energy thresholds :  gamma  2.93547 keV    e-  351.353 keV    e+  341.657 keV proton 10 keV
 Region(s) which use this couple : 
    DefaultRegionForTheWorld

==================================================================

### Run 86 starts.
Run 86 starts ...
 Run terminated.
Run Summary
  Number of events processed : 10
  User=0.000000s Real=0.001459s Sys=0.010000s
	  User TOT = 0.13	  Real TOT = 0.186373
 Summary of Run 86 :
/run/geometryModified

========= Table of registered couples ============================

Index : 0     used in the geometry : Yes
 Material : G4_AIR
 Range cuts        :  gamma  1 mm     e-  1 mm     e+  1 mm  proton 100 um 
 Energy thresholds :  gamma  990 eV     e-  990 eV     e+  990 eV  proton 10 keV
 Region(s) which use this couple : 
    DefaultRegionForTheWorld

Index : 1     used in the geometry : Yes
 Material : G4_Co
 Range cuts        :  gamma  1 mm     e-  1 mm     e+  1 mm  proton 100 um 
 Energy thresholds :  gamma  22.8507 keV    e-  1.40918 MeV    e+  1.32925 MeV proton 10 keV
 Region(s) which use this couple : 
    DefaultRegionForTheWorld

Index : 2     used in the geometry : Yes
 Material : StainlessSteel
 Range cuts        :  gamma  1 mm     e-  1 mm     e+  1 mm  proton 100 um 
 Energy thresholds :  gamma  20.6058 keV    e-  1.28056 MeV    e+  1.21009 MeV proton 10 keV
 Region(s) which use this couple : 
    DefaultRegionForTheWorld

Index : 3     used in the geometry : Yes
 Material : G4_Al
 Range cuts        :  gamma  1 mm     e-  1 mm     e+  1 mm  proton 100 um 
 Energy thresholds :  gamma  6.91572 keV    e-  597.438 keV    e+  574.135 keV proton 10 keV
 Region(s) which use this couple : 
    DefaultRegionForTheWorld

Index : 4     used in the geometry : Yes
 Material : G4_Fe
 Range cuts        :  gamma  1 mm     e-  1 mm     e+  1 mm  proton 100 um 
 Energy thresholds :  gamma  20.7572 keV    e-  1.28885 MeV    e+  1.21776 MeV proton 10 keV
 Region(s) which use this couple : 
    DefaultRegionForTheWorld

Index : 5     used in the geometry : Yes
 Material : G4_W
 Range cuts        :  gamma  1 mm     e-  1 mm     e+  1 mm  proton 100 um 
 Energy thresholds :  gamma  106.43 keV    e-  2.31004 MeV    e+  2.14587 MeV proton 10 keV
 Region(s) which use this couple : 
    DefaultRegionForTheWorld

Index : 6     used in the geometry : Yes
 Material : G4_Pb
 Range cuts        :  gamma  1 mm     e-  1 mm     e+  1 mm  proton 100 um 
 Energy thresholds :  gamma  101.797 keV    e-  1.37158 MeV    e+  1.2826 MeV proton 10 keV
 Region(s) which use this couple : 
    DefaultRegionForTheWorld

Index : 7     used in the geometry : Yes
 Material : G4_WATER
 Range cuts        :  gamma  1 mm     e-  1 mm     e+  1 mm  proton 100 um 
 Energy thresholds :  gamma  2.93547 keV    e-  351.353 keV    e+  341.657 keV proton 10 keV
 Region(s) which use this couple : 
    DefaultRegionForTheWorld

==================================================================

### Run 87 starts.
Run 87 starts ...
 Run terminated.
Run Summary
  Number of events processed : 10
  User=0.000000s Real=0.002212s Sys=0.000000s
	  User TOT = 0.13	  Real TOT = 0.188691
 Summary of Run 87 :
/run/geometryModified

========= Table of registered couples ============================

Index : 0     used in the geometry : Yes
 Material : G4_AIR
 Range cuts        :  gamma  1 mm     e-  1 mm     e+  1 mm  proton 100 um 
 Energy thresholds :  gamma  990 eV     e-  990 eV     e+  990 eV  proton 10 keV
 Region(s) which use this couple : 
    DefaultRegionForTheWorld

Index : 1     used in the geometry : Yes
 Material : G4_Co
 Range cuts        :  gamma  1 mm     e-  1 mm     e+  1 mm  proton 100 um 
 Energy thresholds :  gamma  22.8507 keV    e-  1.40918 MeV    e+  1.32925 MeV proton 10 keV
 Region(s) which use this couple : 
    DefaultRegionForTheWorld

Index : 2     used in the geometry : Yes
 Material : StainlessSteel
 Range cuts        :  gamma  1 mm     e-  1 mm     e+  1 mm  proton 100 um 
 Energy thresholds :  gamma  20.6058 keV    e-  1.28056 MeV    e+  1.21009 MeV proton 10 keV
 Region(s) which use this couple : 
    DefaultRegionForTheWorld

Index : 3     used in the geometry : Yes
 Material : G4_Al
 Range cuts        :  gamma  1 mm     e-  1 mm     e+  1 mm  proton 100 um 
 Energy thresholds :  gamma  6.91572 keV    e-  597.438 keV    e+  574.135 keV proton 10 keV
 Region(s) which use this couple : 
    DefaultRegionForTheWorld

Index : 4     used in the geometry : Yes
 Material : G4_Fe
 Range cuts        :  gamma  1 mm     e-  1 mm     e+  1 mm  proton 100 um 
 Energy thresholds :  gamma  20.7572 keV    e-  1.28885 MeV    e+  1.21776 MeV proton 10 keV
 Region(s) which use this couple : 
    DefaultRegionForTheWorld

Index : 5     used in the geometry : Yes
 Material : G4_W
 Range cuts        :  gamma  1 mm     e-  1 mm     e+  1 mm  proton 100 um 
 Energy thresholds :  gamma  106.43 keV    e-  2.31004 MeV    e+  2.14587 MeV proton 10 keV
 Region(s) which use this couple : 
    DefaultRegionForTheWorld

Index : 6     used in the geometry : Yes
 Material : G4_Pb
 Range cuts        :  gamma  1 mm     e-  1 mm     e+  1 mm  proton 100 um 
 Energy thresholds :  gamma  101.797 keV    e-  1.37158 MeV    e+  1.2826 MeV proton 10 keV
 Region(s) which use this couple : 
    DefaultRegionForTheWorld

Index : 7     used in the geometry : Yes
 Material : G4_WATER
 Range cuts        :  gamma  1 mm     e-  1 mm     e+  1 mm  proton 100 um 
 Energy thresholds :  gamma  2.93547 keV    e-  351.353 keV    e+  341.657 keV proton 10 keV
 Region(s) which use this couple : 
    DefaultRegionForTheWorld

==================================================================

### Run 88 starts.
Run 88 starts ...
 Run terminated.
Run Summary
  Number of events processed : 10
  User=0.010000s Real=0.001852s Sys=0.000000s
	  User TOT = 0.14	  Real TOT = 0.190658
 Summary of Run 88 :
/run/geometryModified

========= Table of registered couples ============================

Index : 0     used in the geometry : Yes
 Material : G4_AIR
 Range cuts        :  gamma  1 mm     e-  1 mm     e+  1 mm  proton 100 um 
 Energy thresholds :  gamma  990 eV     e-  990 eV     e+  990 eV  proton 10 keV
 Region(s) which use this couple : 
    DefaultRegionForTheWorld

Index : 1     used in the geometry : Yes
 Material : G4_Co
 Range cuts        :  gamma  1 mm     e-  1 mm     e+  1 mm  proton 100 um 
 Energy thresholds :  gamma  22.8507 keV    e-  1.40918 MeV    e+  1.32925 MeV proton 10 keV
 Region(s) which use this couple : 
    DefaultRegionForTheWorld

Index : 2     used in the geometry : Yes
 Material : StainlessSteel
 Range cuts        :  gamma  1 mm     e-  1 mm     e+  1 mm  proton 100 um 
 Energy thresholds :  gamma  20.6058 keV    e-  1.28056 MeV    e+  1.21009 MeV proton 10 keV
 Region(s) which use this couple : 
    DefaultRegionForTheWorld

Index : 3     used in the geometry : Yes
 Material : G4_Al
 Range cuts        :  gamma  1 mm     e-  1 mm     e+  1 mm  proton 100 um 
 Energy thresholds :  gamma  6.91572 keV    e-  597.438 keV    e+  574.135 keV proton 10 keV
 Region(s) which use this couple : 
    DefaultRegionForTheWorld

Index : 4     used in the geometry : Yes
 Material : G4_Fe
 Range cuts        :  gamma  1 mm     e-  1 mm     e+  1 mm  proton 100 um 
 Energy thresholds :  gamma  20.7572 keV    e-  1.28885 MeV    e+  1.21776 MeV proton 10 keV
 Region(s) which use this couple : 
    DefaultRegionForTheWorld

Index : 5     used in the geometry : Yes
 Material : G4_W
 Range cuts        :  gamma  1 mm     e-  1 mm     e+  1 mm  proton 100 um 
 Energy thresholds :  gamma  106.43 keV    e-  2.31004 MeV    e+  2.14587 MeV proton 10 keV
 Region(s) which use this couple : 
    DefaultRegionForTheWorld

Index : 6     used in the geometry : Yes
 Material : G4_Pb
 Range cuts        :  gamma  1 mm     e-  1 mm     e+  1 mm  proton 100 um 
 Energy thresholds :  gamma  101.797 keV    e-  1.37158 MeV    e+  1.2826 MeV proton 10 keV
 Region(s) which use this couple : 
    DefaultRegionForTheWorld

Index : 7     used in the geometry : Yes
 Material : G4_WATER
 Range cuts        :  gamma  1 mm     e-  1 mm     e+  1 mm  proton 100 um 
 Energy thresholds :  gamma  2.93547 keV    e-  351.353 keV    e+  341.657 keV proton 10 keV
 Region(s) which use this couple : 
    DefaultRegionForTheWorld

==================================================================

### Run 89 starts.
Run 89 starts ...
 Run terminated.
Run Summary
  Number of events processed : 10
  User=0.000000s Real=0.001647s Sys=0.000000s
	  User TOT = 0.14	  Real TOT = 0.192421
 Summary of Run 89 :
/run/geometryModified

========= Table of registered couples ============================

Index : 0     used in the geometry : Yes
 Material : G4_AIR
 Range cuts        :  gamma  1 mm     e-  1 mm     e+  1 mm  proton 100 um 
 Energy thresholds :  gamma  990 eV     e-  990 eV     e+  990 eV  proton 10 keV
 Region(s) which use this couple : 
    DefaultRegionForTheWorld

Index : 1     used in the geometry : Yes
 Material : G4_Co
 Range cuts        :  gamma  1 mm     e-  1 mm     e+  1 mm  proton 100 um 
 Energy thresholds :  gamma  22.8507 keV    e-  1.40918 MeV    e+  1.32925 MeV proton 10 keV
 Region(s) which use this couple : 
    DefaultRegionForTheWorld

Index : 2     used in the geometry : Yes
 Material : StainlessSteel
 Range cuts        :  gamma  1 mm     e-  1 mm     e+  1 mm  proton 100 um 
 Energy thresholds :  gamma  20.6058 keV    e-  1.28056 MeV    e+  1.21009 MeV proton 10 keV
 Region(s) which use this couple : 
    DefaultRegionForTheWorld

Index : 3     used in the geometry : Yes
 Material : G4_Al
 Range cuts        :  gamma  1 mm     e-  1 mm     e+  1 mm  proton 100 um 
 Energy thresholds :  gamma  6.91572 keV    e-  597.438 keV    e+  574.135 keV proton 10 keV
 Region(s) which use this couple : 
    DefaultRegionForTheWorld

Index : 4     used in the geometry : Yes
 Material : G4_Fe
 Range cuts        :  gamma  1 mm     e-  1 mm     e+  1 mm  proton 100 um 
 Energy thresholds :  gamma  20.7572 keV    e-  1.28885 MeV    e+  1.21776 MeV proton 10 keV
 Region(s) which use this couple : 
    DefaultRegionForTheWorld

Index : 5     used in the geometry : Yes
 Material : G4_W
 Range cuts        :  gamma  1 mm     e-  1 mm     e+  1 mm  proton 100 um 
 Energy thresholds :  gamma  106.43 keV    e-  2.31004 MeV    e+  2.14587 MeV proton 10 keV
 Region(s) which use this couple : 
    DefaultRegionForTheWorld

Index : 6     used in the geometry : Yes
 Material : G4_Pb
 Range cuts        :  gamma  1 mm     e-  1 mm     e+  1 mm  proton 100 um 
 Energy thresholds :  gamma  101.797 keV    e-  1.37158 MeV    e+  1.2826 MeV proton 10 keV
 Region(s) which use this couple : 
    DefaultRegionForTheWorld

Index : 7     used in the geometry : Yes
 Material : G4_WATER
 Range cuts        :  gamma  1 mm     e-  1 mm     e+  1 mm  proton 100 um 
 Energy thresholds :  gamma  2.93547 keV    e-  351.353 keV    e+  341.657 keV proton 10 keV
 Region(s) which use this couple : 
    DefaultRegionForTheWorld

==================================================================

### Run 90 starts.
Run 90 starts ...
 Run terminated.
Run Summary
  Number of events processed : 10
  User=0.000000s Real=0.002028s Sys=0.000000s
	  User TOT = 0.14	  Real TOT = 0.194565
 Summary of Run 90 :
/run/geometryModified

========= Table of registered couples ============================

Index : 0     used in the geometry : Yes
 Material : G4_AIR
 Range cuts        :  gamma  1 mm     e-  1 mm     e+  1 mm  proton 100 um 
 Energy thresholds :  gamma  990 eV     e-  990 eV     e+  990 eV  proton 10 keV
 Region(s) which use this couple : 
    DefaultRegionForTheWorld

Index : 1     used in the geometry : Yes
 Material : G4_Co
 Range cuts        :  gamma  1 mm     e-  1 mm     e+  1 mm  proton 100 um 
 Energy thresholds :  gamma  22.8507 keV    e-  1.40918 MeV    e+  1.32925 MeV proton 10 keV
 Region(s) which use this couple : 
    DefaultRegionForTheWorld

Index : 2     used in the geometry : Yes
 Material : StainlessSteel
 Range cuts        :  gamma  1 mm     e-  1 mm     e+  1 mm  proton 100 um 
 Energy thresholds :  gamma  20.6058 keV    e-  1.28056 MeV    e+  1.21009 MeV proton 10 keV
 Region(s) which use this couple : 
    DefaultRegionForTheWorld

Index : 3     used in the geometry : Yes
 Material : G4_Al
 Range cuts        :  gamma  1 mm     e-  1 mm     e+  1 mm  proton 100 um 
 Energy thresholds :  gamma  6.91572 keV    e-  597.438 keV    e+  574.135 keV proton 10 keV
 Region(s) which use this couple : 
    DefaultRegionForTheWorld

Index : 4     used in the geometry : Yes
 Material : G4_Fe
 Range cuts        :  gamma  1 mm     e-  1 mm     e+  1 mm  proton 100 um 
 Energy thresholds :  gamma  20.7572 keV    e-  1.28885 MeV    e+  1.21776 MeV proton 10 keV
 Region(s) which use this couple : 
    DefaultRegionForTheWorld

Index : 5     used in the geometry : Yes
 Material : G4_W
 Range cuts        :  gamma  1 mm     e-  1 mm     e+  1 mm  proton 100 um 
 Energy thresholds :  gamma  106.43 keV    e-  2.31004 MeV    e+  2.14587 MeV proton 10 keV
 Region(s) which use this couple : 
    DefaultRegionForTheWorld

Index : 6     used in the geometry : Yes
 Material : G4_Pb
 Range cuts        :  gamma  1 mm     e-  1 mm     e+  1 mm  proton 100 um 
 Energy thresholds :  gamma  101.797 keV    e-  1.37158 MeV    e+  1.2826 MeV proton 10 keV
 Region(s) which use this couple : 
    DefaultRegionForTheWorld

Index : 7     used in the geometry : Yes
 Material : G4_WATER
 Range cuts        :  gamma  1 mm     e-  1 mm     e+  1 mm  proton 100 um 
 Energy thresholds :  gamma  2.93547 keV    e-  351.353 keV    e+  341.657 keV proton 10 keV
 Region(s) which use this couple : 
    DefaultRegionForTheWorld

==================================================================

### Run 91 starts.
Run 91 starts ...
 Run terminated.
Run Summary
  Number of events processed : 10
  User=0.000000s Real=0.001663s Sys=0.000000s
	  User TOT = 0.14	  Real TOT = 0.196339
 Summary of Run 91 :
/run/geometryModified

========= Table of registered couples ============================

Index : 0     used in the geometry : Yes
 Material : G4_AIR
 Range cuts        :  gamma  1 mm     e-  1 mm     e+  1 mm  proton 100 um 
 Energy thresholds :  gamma  990 eV     e-  990 eV     e+  990 eV  proton 10 keV
 Region(s) which use this couple : 
    DefaultRegionForTheWorld

Index : 1     used in the geometry : Yes
 Material : G4_Co
 Range cuts        :  gamma  1 mm     e-  1 mm     e+  1 mm  proton 100 um 
 Energy thresholds :  gamma  22.8507 keV    e-  1.40918 MeV    e+  1.32925 MeV proton 10 keV
 Region(s) which use this couple : 
    DefaultRegionForTheWorld

Index : 2     used in the geometry : Yes
 Material : StainlessSteel
 Range cuts        :  gamma  1 mm     e-  1 mm     e+  1 mm  proton 100 um 
 Energy thresholds :  gamma  20.6058 keV    e-  1.28056 MeV    e+  1.21009 MeV proton 10 keV
 Region(s) which use this couple : 
    DefaultRegionForTheWorld

Index : 3     used in the geometry : Yes
 Material : G4_Al
 Range cuts        :  gamma  1 mm     e-  1 mm     e+  1 mm  proton 100 um 
 Energy thresholds :  gamma  6.91572 keV    e-  597.438 keV    e+  574.135 keV proton 10 keV
 Region(s) which use this couple : 
    DefaultRegionForTheWorld

Index : 4     used in the geometry : Yes
 Material : G4_Fe
 Range cuts        :  gamma  1 mm     e-  1 mm     e+  1 mm  proton 100 um 
 Energy thresholds :  gamma  20.7572 keV    e-  1.28885 MeV    e+  1.21776 MeV proton 10 keV
 Region(s) which use this couple : 
    DefaultRegionForTheWorld

Index : 5     used in the geometry : Yes
 Material : G4_W
 Range cuts        :  gamma  1 mm     e-  1 mm     e+  1 mm  proton 100 um 
 Energy thresholds :  gamma  106.43 keV    e-  2.31004 MeV    e+  2.14587 MeV proton 10 keV
 Region(s) which use this couple : 
    DefaultRegionForTheWorld

Index : 6     used in the geometry : Yes
 Material : G4_Pb
 Range cuts        :  gamma  1 mm     e-  1 mm     e+  1 mm  proton 100 um 
 Energy thresholds :  gamma  101.797 keV    e-  1.37158 MeV    e+  1.2826 MeV proton 10 keV
 Region(s) which use this couple : 
    DefaultRegionForTheWorld

Index : 7     used in the geometry : Yes
 Material : G4_WATER
 Range cuts        :  gamma  1 mm     e-  1 mm     e+  1 mm  proton 100 um 
 Energy thresholds :  gamma  2.93547 keV    e-  351.353 keV    e+  341.657 keV proton 10 keV
 Region(s) which use this couple : 
    DefaultRegionForTheWorld

==================================================================

### Run 92 starts.
Run 92 starts ...
 Run terminated.
Run Summary
  Number of events processed : 10
  User=0.000000s Real=0.001651s Sys=0.000000s
	  User TOT = 0.14	  Real TOT = 0.198111
 Summary of Run 92 :
/run/geometryModified

========= Table of registered couples ============================

Index : 0     used in the geometry : Yes
 Material : G4_AIR
 Range cuts        :  gamma  1 mm     e-  1 mm     e+  1 mm  proton 100 um 
 Energy thresholds :  gamma  990 eV     e-  990 eV     e+  990 eV  proton 10 keV
 Region(s) which use this couple : 
    DefaultRegionForTheWorld

Index : 1     used in the geometry : Yes
 Material : G4_Co
 Range cuts        :  gamma  1 mm     e-  1 mm     e+  1 mm  proton 100 um 
 Energy thresholds :  gamma  22.8507 keV    e-  1.40918 MeV    e+  1.32925 MeV proton 10 keV
 Region(s) which use this couple : 
    DefaultRegionForTheWorld

Index : 2     used in the geometry : Yes
 Material : StainlessSteel
 Range cuts        :  gamma  1 mm     e-  1 mm     e+  1 mm  proton 100 um 
 Energy thresholds :  gamma  20.6058 keV    e-  1.28056 MeV    e+  1.21009 MeV proton 10 keV
 Region(s) which use this couple : 
    DefaultRegionForTheWorld

Index : 3     used in the geometry : Yes
 Material : G4_Al
 Range cuts        :  gamma  1 mm     e-  1 mm     e+  1 mm  proton 100 um 
 Energy thresholds :  gamma  6.91572 keV    e-  597.438 keV    e+  574.135 keV proton 10 keV
 Region(s) which use this couple : 
    DefaultRegionForTheWorld

Index : 4     used in the geometry : Yes
 Material : G4_Fe
 Range cuts        :  gamma  1 mm     e-  1 mm     e+  1 mm  proton 100 um 
 Energy thresholds :  gamma  20.7572 keV    e-  1.28885 MeV    e+  1.21776 MeV proton 10 keV
 Region(s) which use this couple : 
    DefaultRegionForTheWorld

Index : 5     used in the geometry : Yes
 Material : G4_W
 Range cuts        :  gamma  1 mm     e-  1 mm     e+  1 mm  proton 100 um 
 Energy thresholds :  gamma  106.43 keV    e-  2.31004 MeV    e+  2.14587 MeV proton 10 keV
 Region(s) which use this couple : 
    DefaultRegionForTheWorld

Index : 6     used in the geometry : Yes
 Material : G4_Pb
 Range cuts        :  gamma  1 mm     e-  1 mm     e+  1 mm  proton 100 um 
 Energy thresholds :  gamma  101.797 keV    e-  1.37158 MeV    e+  1.2826 MeV proton 10 keV
 Region(s) which use this couple : 
    DefaultRegionForTheWorld

Index : 7     used in the geometry : Yes
 Material : G4_WATER
 Range cuts        :  gamma  1 mm     e-  1 mm     e+  1 mm  proton 100 um 
 Energy thresholds :  gamma  2.93547 keV    e-  351.353 keV    e+  341.657 keV proton 10 keV
 Region(s) which use this couple : 
    DefaultRegionForTheWorld

==================================================================

### Run 93 starts.
Run 93 starts ...
 Run terminated.
Run Summary
  Number of events processed : 10
  User=0.000000s Real=0.002169s Sys=0.000000s
	  User TOT = 0.14	  Real TOT = 0.200386
 Summary of Run 93 :
/run/geometryModified

========= Table of registered couples ============================

Index : 0     used in the geometry : Yes
 Material : G4_AIR
 Range cuts        :  gamma  1 mm     e-  1 mm     e+  1 mm  proton 100 um 
 Energy thresholds :  gamma  990 eV     e-  990 eV     e+  990 eV  proton 10 keV
 Region(s) which use this couple : 
    DefaultRegionForTheWorld

Index : 1     used in the geometry : Yes
 Material : G4_Co
 Range cuts        :  gamma  1 mm     e-  1 mm     e+  1 mm  proton 100 um 
 Energy thresholds :  gamma  22.8507 keV    e-  1.40918 MeV    e+  1.32925 MeV proton 10 keV
 Region(s) which use this couple : 
    DefaultRegionForTheWorld

Index : 2     used in the geometry : Yes
 Material : StainlessSteel
 Range cuts        :  gamma  1 mm     e-  1 mm     e+  1 mm  proton 100 um 
 Energy thresholds :  gamma  20.6058 keV    e-  1.28056 MeV    e+  1.21009 MeV proton 10 keV
 Region(s) which use this couple : 
    DefaultRegionForTheWorld

Index : 3     used in the geometry : Yes
 Material : G4_Al
 Range cuts        :  gamma  1 mm     e-  1 mm     e+  1 mm  proton 100 um 
 Energy thresholds :  gamma  6.91572 keV    e-  597.438 keV    e+  574.135 keV proton 10 keV
 Region(s) which use this couple : 
    DefaultRegionForTheWorld

Index : 4     used in the geometry : Yes
 Material : G4_Fe
 Range cuts        :  gamma  1 mm     e-  1 mm     e+  1 mm  proton 100 um 
 Energy thresholds :  gamma  20.7572 keV    e-  1.28885 MeV    e+  1.21776 MeV proton 10 keV
 Region(s) which use this couple : 
    DefaultRegionForTheWorld

Index : 5     used in the geometry : Yes
 Material : G4_W
 Range cuts        :  gamma  1 mm     e-  1 mm     e+  1 mm  proton 100 um 
 Energy thresholds :  gamma  106.43 keV    e-  2.31004 MeV    e+  2.14587 MeV proton 10 keV
 Region(s) which use this couple : 
    DefaultRegionForTheWorld

Index : 6     used in the geometry : Yes
 Material : G4_Pb
 Range cuts        :  gamma  1 mm     e-  1 mm     e+  1 mm  proton 100 um 
 Energy thresholds :  gamma  101.797 keV    e-  1.37158 MeV    e+  1.2826 MeV proton 10 keV
 Region(s) which use this couple : 
    DefaultRegionForTheWorld

Index : 7     used in the geometry : Yes
 Material : G4_WATER
 Range cuts        :  gamma  1 mm     e-  1 mm     e+  1 mm  proton 100 um 
 Energy thresholds :  gamma  2.93547 keV    e-  351.353 keV    e+  341.657 keV proton 10 keV
 Region(s) which use this couple : 
    DefaultRegionForTheWorld

==================================================================

### Run 94 starts.
Run 94 starts ...
 Run terminated.
Run Summary
  Number of events processed : 10
  User=0.000000s Real=0.001652s Sys=0.000000s
	  User TOT = 0.14	  Real TOT = 0.202142
 Summary of Run 94 :
/run/geometryModified

========= Table of registered couples ============================

Index : 0     used in the geometry : Yes
 Material : G4_AIR
 Range cuts        :  gamma  1 mm     e-  1 mm     e+  1 mm  proton 100 um 
 Energy thresholds :  gamma  990 eV     e-  990 eV     e+  990 eV  proton 10 keV
 Region(s) which use this couple : 
    DefaultRegionForTheWorld

Index : 1     used in the geometry : Yes
 Material : G4_Co
 Range cuts        :  gamma  1 mm     e-  1 mm     e+  1 mm  proton 100 um 
 Energy thresholds :  gamma  22.8507 keV    e-  1.40918 MeV    e+  1.32925 MeV proton 10 keV
 Region(s) which use this couple : 
    DefaultRegionForTheWorld

Index : 2     used in the geometry : Yes
 Material : StainlessSteel
 Range cuts        :  gamma  1 mm     e-  1 mm     e+  1 mm  proton 100 um 
 Energy thresholds :  gamma  20.6058 keV    e-  1.28056 MeV    e+  1.21009 MeV proton 10 keV
 Region(s) which use this couple : 
    DefaultRegionForTheWorld

Index : 3     used in the geometry : Yes
 Material : G4_Al
 Range cuts        :  gamma  1 mm     e-  1 mm     e+  1 mm  proton 100 um 
 Energy thresholds :  gamma  6.91572 keV    e-  597.438 keV    e+  574.135 keV proton 10 keV
 Region(s) which use this couple : 
    DefaultRegionForTheWorld

Index : 4     used in the geometry : Yes
 Material : G4_Fe
 Range cuts        :  gamma  1 mm     e-  1 mm     e+  1 mm  proton 100 um 
 Energy thresholds :  gamma  20.7572 keV    e-  1.28885 MeV    e+  1.21776 MeV proton 10 keV
 Region(s) which use this couple : 
    DefaultRegionForTheWorld

Index : 5     used in the geometry : Yes
 Material : G4_W
 Range cuts        :  gamma  1 mm     e-  1 mm     e+  1 mm  proton 100 um 
 Energy thresholds :  gamma  106.43 keV    e-  2.31004 MeV    e+  2.14587 MeV proton 10 keV
 Region(s) which use this couple : 
    DefaultRegionForTheWorld

Index : 6     used in the geometry : Yes
 Material : G4_Pb
 Range cuts        :  gamma  1 mm     e-  1 mm     e+  1 mm  proton 100 um 
 Energy thresholds :  gamma  101.797 keV    e-  1.37158 MeV    e+  1.2826 MeV proton 10 keV
 Region(s) which use this couple : 
    DefaultRegionForTheWorld

Index : 7     used in the geometry : Yes
 Material : G4_WATER
 Range cuts        :  gamma  1 mm     e-  1 mm     e+  1 mm  proton 100 um 
 Energy thresholds :  gamma  2.93547 keV    e-  351.353 keV    e+  341.657 keV proton 10 keV
 Region(s) which use this couple : 
    DefaultRegionForTheWorld

==================================================================

### Run 95 starts.
Run 95 starts ...
 Run terminated.
Run Summary
  Number of events processed : 10
  User=0.000000s Real=0.001826s Sys=0.000000s
	  User TOT = 0.14	  Real TOT = 0.204084
 Summary of Run 95 :
/run/geometryModified

========= Table of registered couples ============================

Index : 0     used in the geometry : Yes
 Material : G4_AIR
 Range cuts        :  gamma  1 mm     e-  1 mm     e+  1 mm  proton 100 um 
 Energy thresholds :  gamma  990 eV     e-  990 eV     e+  990 eV  proton 10 keV
 Region(s) which use this couple : 
    DefaultRegionForTheWorld

Index : 1     used in the geometry : Yes
 Material : G4_Co
 Range cuts        :  gamma  1 mm     e-  1 mm     e+  1 mm  proton 100 um 
 Energy thresholds :  gamma  22.8507 keV    e-  1.40918 MeV    e+  1.32925 MeV proton 10 keV
 Region(s) which use this couple : 
    DefaultRegionForTheWorld

Index : 2     used in the geometry : Yes
 Material : StainlessSteel
 Range cuts        :  gamma  1 mm     e-  1 mm     e+  1 mm  proton 100 um 
 Energy thresholds :  gamma  20.6058 keV    e-  1.28056 MeV    e+  1.21009 MeV proton 10 keV
 Region(s) which use this couple : 
    DefaultRegionForTheWorld

Index : 3     used in the geometry : Yes
 Material : G4_Al
 Range cuts        :  gamma  1 mm     e-  1 mm     e+  1 mm  proton 100 um 
 Energy thresholds :  gamma  6.91572 keV    e-  597.438 keV    e+  574.135 keV proton 10 keV
 Region(s) which use this couple : 
    DefaultRegionForTheWorld

Index : 4     used in the geometry : Yes
 Material : G4_Fe
 Range cuts        :  gamma  1 mm     e-  1 mm     e+  1 mm  proton 100 um 
 Energy thresholds :  gamma  20.7572 keV    e-  1.28885 MeV    e+  1.21776 MeV proton 10 keV
 Region(s) which use this couple : 
    DefaultRegionForTheWorld

Index : 5     used in the geometry : Yes
 Material : G4_W
 Range cuts        :  gamma  1 mm     e-  1 mm     e+  1 mm  proton 100 um 
 Energy thresholds :  gamma  106.43 keV    e-  2.31004 MeV    e+  2.14587 MeV proton 10 keV
 Region(s) which use this couple : 
    DefaultRegionForTheWorld

Index : 6     used in the geometry : Yes
 Material : G4_Pb
 Range cuts        :  gamma  1 mm     e-  1 mm     e+  1 mm  proton 100 um 
 Energy thresholds :  gamma  101.797 keV    e-  1.37158 MeV    e+  1.2826 MeV proton 10 keV
 Region(s) which use this couple : 
    DefaultRegionForTheWorld

Index : 7     used in the geometry : Yes
 Material : G4_WATER
 Range cuts        :  gamma  1 mm     e-  1 mm     e+  1 mm  proton 100 um 
 Energy thresholds :  gamma  2.93547 keV    e-  351.353 keV    e+  341.657 keV proton 10 keV
 Region(s) which use this couple : 
    DefaultRegionForTheWorld

==================================================================

### Run 96 starts.
Run 96 starts ...
 Run terminated.
Run Summary
  Number of events processed : 10
  User=0.000000s Real=0.001602s Sys=0.000000s
	  User TOT = 0.14	  Real TOT = 0.20579
 Summary of Run 96 :
/run/geometryModified

========= Table of registered couples ============================

Index : 0     used in the geometry : Yes
 Material : G4_AIR
 Range cuts        :  gamma  1 mm     e-  1 mm     e+  1 mm  proton 100 um 
 Energy thresholds :  gamma  990 eV     e-  990 eV     e+  990 eV  proton 10 keV
 Region(s) which use this couple : 
    DefaultRegionForTheWorld

Index : 1     used in the geometry : Yes
 Material : G4_Co
 Range cuts        :  gamma  1 mm     e-  1 mm     e+  1 mm  proton 100 um 
 Energy thresholds :  gamma  22.8507 keV    e-  1.40918 MeV    e+  1.32925 MeV proton 10 keV
 Region(s) which use this couple : 
    DefaultRegionForTheWorld

Index : 2     used in the geometry : Yes
 Material : StainlessSteel
 Range cuts        :  gamma  1 mm     e-  1 mm     e+  1 mm  proton 100 um 
 Energy thresholds :  gamma  20.6058 keV    e-  1.28056 MeV    e+  1.21009 MeV proton 10 keV
 Region(s) which use this couple : 
    DefaultRegionForTheWorld

Index : 3     used in the geometry : Yes
 Material : G4_Al
 Range cuts        :  gamma  1 mm     e-  1 mm     e+  1 mm  proton 100 um 
 Energy thresholds :  gamma  6.91572 keV    e-  597.438 keV    e+  574.135 keV proton 10 keV
 Region(s) which use this couple : 
    DefaultRegionForTheWorld

Index : 4     used in the geometry : Yes
 Material : G4_Fe
 Range cuts        :  gamma  1 mm     e-  1 mm     e+  1 mm  proton 100 um 
 Energy thresholds :  gamma  20.7572 keV    e-  1.28885 MeV    e+  1.21776 MeV proton 10 keV
 Region(s) which use this couple : 
    DefaultRegionForTheWorld

Index : 5     used in the geometry : Yes
 Material : G4_W
 Range cuts        :  gamma  1 mm     e-  1 mm     e+  1 mm  proton 100 um 
 Energy thresholds :  gamma  106.43 keV    e-  2.31004 MeV    e+  2.14587 MeV proton 10 keV
 Region(s) which use this couple : 
    DefaultRegionForTheWorld

Index : 6     used in the geometry : Yes
 Material : G4_Pb
 Range cuts        :  gamma  1 mm     e-  1 mm     e+  1 mm  proton 100 um 
 Energy thresholds :  gamma  101.797 keV    e-  1.37158 MeV    e+  1.2826 MeV proton 10 keV
 Region(s) which use this couple : 
    DefaultRegionForTheWorld

Index : 7     used in the geometry : Yes
 Material : G4_WATER
 Range cuts        :  gamma  1 mm     e-  1 mm     e+  1 mm  proton 100 um 
 Energy thresholds :  gamma  2.93547 keV    e-  351.353 keV    e+  341.657 keV proton 10 keV
 Region(s) which use this couple : 
    DefaultRegionForTheWorld

==================================================================

### Run 97 starts.
Run 97 starts ...
 Run terminated.
Run Summary
  Number of events processed : 10
  User=0.000000s Real=0.001604s Sys=0.000000s
	  User TOT = 0.14	  Real TOT = 0.207502
 Summary of Run 97 :
/run/geometryModified

========= Table of registered couples ============================

Index : 0     used in the geometry : Yes
 Material : G4_AIR
 Range cuts        :  gamma  1 mm     e-  1 mm     e+  1 mm  proton 100 um 
 Energy thresholds :  gamma  990 eV     e-  990 eV     e+  990 eV  proton 10 keV
 Region(s) which use this couple : 
    DefaultRegionForTheWorld

Index : 1     used in the geometry : Yes
 Material : G4_Co
 Range cuts        :  gamma  1 mm     e-  1 mm     e+  1 mm  proton 100 um 
 Energy thresholds :  gamma  22.8507 keV    e-  1.40918 MeV    e+  1.32925 MeV proton 10 keV
 Region(s) which use this couple : 
    DefaultRegionForTheWorld

Index : 2     used in the geometry : Yes
 Material : StainlessSteel
 Range cuts        :  gamma  1 mm     e-  1 mm     e+  1 mm  proton 100 um 
 Energy thresholds :  gamma  20.6058 keV    e-  1.28056 MeV    e+  1.21009 MeV proton 10 keV
 Region(s) which use this couple : 
    DefaultRegionForTheWorld

Index : 3     used in the geometry : Yes
 Material : G4_Al
 Range cuts        :  gamma  1 mm     e-  1 mm     e+  1 mm  proton 100 um 
 Energy thresholds :  gamma  6.91572 keV    e-  597.438 keV    e+  574.135 keV proton 10 keV
 Region(s) which use this couple : 
    DefaultRegionForTheWorld

Index : 4     used in the geometry : Yes
 Material : G4_Fe
 Range cuts        :  gamma  1 mm     e-  1 mm     e+  1 mm  proton 100 um 
 Energy thresholds :  gamma  20.7572 keV    e-  1.28885 MeV    e+  1.21776 MeV proton 10 keV
 Region(s) which use this couple : 
    DefaultRegionForTheWorld

Index : 5     used in the geometry : Yes
 Material : G4_W
 Range cuts        :  gamma  1 mm     e-  1 mm     e+  1 mm  proton 100 um 
 Energy thresholds :  gamma  106.43 keV    e-  2.31004 MeV    e+  2.14587 MeV proton 10 keV
 Region(s) which use this couple : 
    DefaultRegionForTheWorld

Index : 6     used in the geometry : Yes
 Material : G4_Pb
 Range cuts        :  gamma  1 mm     e-  1 mm     e+  1 mm  proton 100 um 
 Energy thresholds :  gamma  101.797 keV    e-  1.37158 MeV    e+  1.2826 MeV proton 10 keV
 Region(s) which use this couple : 
    DefaultRegionForTheWorld

Index : 7     used in the geometry : Yes
 Material : G4_WATER
 Range cuts        :  gamma  1 mm     e-  1 mm     e+  1 mm  proton 100 um 
 Energy thresholds :  gamma  2.93547 keV    e-  351.353 keV    e+  341.657 keV proton 10 keV
 Region(s) which use this couple : 
    DefaultRegionForTheWorld

==================================================================

### Run 98 starts.
Run 98 starts ...
 Run terminated.
Run Summary
  Number of events processed : 10
  User=0.000000s Real=0.002165s Sys=0.000000s
	  User TOT = 0.14	  Real TOT = 0.209769
 Summary of Run 98 :
/run/geometryModified

========= Table of registered couples ============================

Index : 0     used in the geometry : Yes
 Material : G4_AIR
 Range cuts        :  gamma  1 mm     e-  1 mm     e+  1 mm  proton 100 um 
 Energy thresholds :  gamma  990 eV     e-  990 eV     e+  990 eV  proton 10 keV
 Region(s) which use this couple : 
    DefaultRegionForTheWorld

Index : 1     used in the geometry : Yes
 Material : G4_Co
 Range cuts        :  gamma  1 mm     e-  1 mm     e+  1 mm  proton 100 um 
 Energy thresholds :  gamma  22.8507 keV    e-  1.40918 MeV    e+  1.32925 MeV proton 10 keV
 Region(s) which use this couple : 
    DefaultRegionForTheWorld

Index : 2     used in the geometry : Yes
 Material : StainlessSteel
 Range cuts        :  gamma  1 mm     e-  1 mm     e+  1 mm  proton 100 um 
 Energy thresholds :  gamma  20.6058 keV    e-  1.28056 MeV    e+  1.21009 MeV proton 10 keV
 Region(s) which use this couple : 
    DefaultRegionForTheWorld

Index : 3     used in the geometry : Yes
 Material : G4_Al
 Range cuts        :  gamma  1 mm     e-  1 mm     e+  1 mm  proton 100 um 
 Energy thresholds :  gamma  6.91572 keV    e-  597.438 keV    e+  574.135 keV proton 10 keV
 Region(s) which use this couple : 
    DefaultRegionForTheWorld

Index : 4     used in the geometry : Yes
 Material : G4_Fe
 Range cuts        :  gamma  1 mm     e-  1 mm     e+  1 mm  proton 100 um 
 Energy thresholds :  gamma  20.7572 keV    e-  1.28885 MeV    e+  1.21776 MeV proton 10 keV
 Region(s) which use this couple : 
    DefaultRegionForTheWorld

Index : 5     used in the geometry : Yes
 Material : G4_W
 Range cuts        :  gamma  1 mm     e-  1 mm     e+  1 mm  proton 100 um 
 Energy thresholds :  gamma  106.43 keV    e-  2.31004 MeV    e+  2.14587 MeV proton 10 keV
 Region(s) which use this couple : 
    DefaultRegionForTheWorld

Index : 6     used in the geometry : Yes
 Material : G4_Pb
 Range cuts        :  gamma  1 mm     e-  1 mm     e+  1 mm  proton 100 um 
 Energy thresholds :  gamma  101.797 keV    e-  1.37158 MeV    e+  1.2826 MeV proton 10 keV
 Region(s) which use this couple : 
    DefaultRegionForTheWorld

Index : 7     used in the geometry : Yes
 Material : G4_WATER
 Range cuts        :  gamma  1 mm     e-  1 mm     e+  1 mm  proton 100 um 
 Energy thresholds :  gamma  2.93547 keV    e-  351.353 keV    e+  341.657 keV proton 10 keV
 Region(s) which use this couple : 
    DefaultRegionForTheWorld

==================================================================

### Run 99 starts.
Run 99 starts ...
 Run terminated.
Run Summary
  Number of events processed : 10
  User=0.000000s Real=0.002106s Sys=0.000000s
	  User TOT = 0.15	  Real TOT = 0.21198
 Summary of Run 99 :
/run/geometryModified

========= Table of registered couples ============================

Index : 0     used in the geometry : Yes
 Material : G4_AIR
 Range cuts        :  gamma  1 mm     e-  1 mm     e+  1 mm  proton 100 um 
 Energy thresholds :  gamma  990 eV     e-  990 eV     e+  990 eV  proton 10 keV
 Region(s) which use this couple : 
    DefaultRegionForTheWorld

Index : 1     used in the geometry : Yes
 Material : G4_Co
 Range cuts        :  gamma  1 mm     e-  1 mm     e+  1 mm  proton 100 um 
 Energy thresholds :  gamma  22.8507 keV    e-  1.40918 MeV    e+  1.32925 MeV proton 10 keV
 Region(s) which use this couple : 
    DefaultRegionForTheWorld

Index : 2     used in the geometry : Yes
 Material : StainlessSteel
 Range cuts        :  gamma  1 mm     e-  1 mm     e+  1 mm  proton 100 um 
 Energy thresholds :  gamma  20.6058 keV    e-  1.28056 MeV    e+  1.21009 MeV proton 10 keV
 Region(s) which use this couple : 
    DefaultRegionForTheWorld

Index : 3     used in the geometry : Yes
 Material : G4_Al
 Range cuts        :  gamma  1 mm     e-  1 mm     e+  1 mm  proton 100 um 
 Energy thresholds :  gamma  6.91572 keV    e-  597.438 keV    e+  574.135 keV proton 10 keV
 Region(s) which use this couple : 
    DefaultRegionForTheWorld

Index : 4     used in the geometry : Yes
 Material : G4_Fe
 Range cuts        :  gamma  1 mm     e-  1 mm     e+  1 mm  proton 100 um 
 Energy thresholds :  gamma  20.7572 keV    e-  1.28885 MeV    e+  1.21776 MeV proton 10 keV
 Region(s) which use this couple : 
    DefaultRegionForTheWorld

Index : 5     used in the geometry : Yes
 Material : G4_W
 Range cuts        :  gamma  1 mm     e-  1 mm     e+  1 mm  proton 100 um 
 Energy thresholds :  gamma  106.43 keV    e-  2.31004 MeV    e+  2.14587 MeV proton 10 keV
 Region(s) which use this couple : 
    DefaultRegionForTheWorld

Index : 6     used in the geometry : Yes
 Material : G4_Pb
 Range cuts        :  gamma  1 mm     e-  1 mm     e+  1 mm  proton 100 um 
 Energy thresholds :  gamma  101.797 keV    e-  1.37158 MeV    e+  1.2826 MeV proton 10 keV
 Region(s) which use this couple : 
    DefaultRegionForTheWorld

Index : 7     used in the geometry : Yes
 Material : G4_WATER
 Range cuts        :  gamma  1 mm     e-  1 mm     e+  1 mm  proton 100 um 
 Energy thresholds :  gamma  2.93547 keV    e-  351.353 keV    e+  341.657 keV proton 10 keV
 Region(s) which use this couple : 
    DefaultRegionForTheWorld

==================================================================

### Run 100 starts.
Run 100 starts ...
 Run terminated.
Run Summary
  Number of events processed : 10
  User=0.000000s Real=0.001789s Sys=0.000000s
	  User TOT = 0.15	  Real TOT = 0.213874
 Summary of Run 100 :
/run/geometryModified

========= Table of registered couples ============================

Index : 0     used in the geometry : Yes
 Material : G4_AIR
 Range cuts        :  gamma  1 mm     e-  1 mm     e+  1 mm  proton 100 um 
 Energy thresholds :  gamma  990 eV     e-  990 eV     e+  990 eV  proton 10 keV
 Region(s) which use this couple : 
    DefaultRegionForTheWorld

Index : 1     used in the geometry : Yes
 Material : G4_Co
 Range cuts        :  gamma  1 mm     e-  1 mm     e+  1 mm  proton 100 um 
 Energy thresholds :  gamma  22.8507 keV    e-  1.40918 MeV    e+  1.32925 MeV proton 10 keV
 Region(s) which use this couple : 
    DefaultRegionForTheWorld

Index : 2     used in the geometry : Yes
 Material : StainlessSteel
 Range cuts        :  gamma  1 mm     e-  1 mm     e+  1 mm  proton 100 um 
 Energy thresholds :  gamma  20.6058 keV    e-  1.28056 MeV    e+  1.21009 MeV proton 10 keV
 Region(s) which use this couple : 
    DefaultRegionForTheWorld

Index : 3     used in the geometry : Yes
 Material : G4_Al
 Range cuts        :  gamma  1 mm     e-  1 mm     e+  1 mm  proton 100 um 
 Energy thresholds :  gamma  6.91572 keV    e-  597.438 keV    e+  574.135 keV proton 10 keV
 Region(s) which use this couple : 
    DefaultRegionForTheWorld

Index : 4     used in the geometry : Yes
 Material : G4_Fe
 Range cuts        :  gamma  1 mm     e-  1 mm     e+  1 mm  proton 100 um 
 Energy thresholds :  gamma  20.7572 keV    e-  1.28885 MeV    e+  1.21776 MeV proton 10 keV
 Region(s) which use this couple : 
    DefaultRegionForTheWorld

Index : 5     used in the geometry : Yes
 Material : G4_W
 Range cuts        :  gamma  1 mm     e-  1 mm     e+  1 mm  proton 100 um 
 Energy thresholds :  gamma  106.43 keV    e-  2.31004 MeV    e+  2.14587 MeV proton 10 keV
 Region(s) which use this couple : 
    DefaultRegionForTheWorld

Index : 6     used in the geometry : Yes
 Material : G4_Pb
 Range cuts        :  gamma  1 mm     e-  1 mm     e+  1 mm  proton 100 um 
 Energy thresholds :  gamma  101.797 keV    e-  1.37158 MeV    e+  1.2826 MeV proton 10 keV
 Region(s) which use this couple : 
    DefaultRegionForTheWorld

Index : 7     used in the geometry : Yes
 Material : G4_WATER
 Range cuts        :  gamma  1 mm     e-  1 mm     e+  1 mm  proton 100 um 
 Energy thresholds :  gamma  2.93547 keV    e-  351.353 keV    e+  341.657 keV proton 10 keV
 Region(s) which use this couple : 
    DefaultRegionForTheWorld

==================================================================

### Run 101 starts.
Run 101 starts ...
 Run terminated.
Run Summary
  Number of events processed : 10
  User=0.000000s Real=0.002289s Sys=0.000000s
	  User TOT = 0.15	  Real TOT = 0.216282
 Summary of Run 101 :
/run/geometryModified

========= Table of registered couples ============================

Index : 0     used in the geometry : Yes
 Material : G4_AIR
 Range cuts        :  gamma  1 mm     e-  1 mm     e+  1 mm  proton 100 um 
 Energy thresholds :  gamma  990 eV     e-  990 eV     e+  990 eV  proton 10 keV
 Region(s) which use this couple : 
    DefaultRegionForTheWorld

Index : 1     used in the geometry : Yes
 Material : G4_Co
 Range cuts        :  gamma  1 mm     e-  1 mm     e+  1 mm  proton 100 um 
 Energy thresholds :  gamma  22.8507 keV    e-  1.40918 MeV    e+  1.32925 MeV proton 10 keV
 Region(s) which use this couple : 
    DefaultRegionForTheWorld

Index : 2     used in the geometry : Yes
 Material : StainlessSteel
 Range cuts        :  gamma  1 mm     e-  1 mm     e+  1 mm  proton 100 um 
 Energy thresholds :  gamma  20.6058 keV    e-  1.28056 MeV    e+  1.21009 MeV proton 10 keV
 Region(s) which use this couple : 
    DefaultRegionForTheWorld

Index : 3     used in the geometry : Yes
 Material : G4_Al
 Range cuts        :  gamma  1 mm     e-  1 mm     e+  1 mm  proton 100 um 
 Energy thresholds :  gamma  6.91572 keV    e-  597.438 keV    e+  574.135 keV proton 10 keV
 Region(s) which use this couple : 
    DefaultRegionForTheWorld

Index : 4     used in the geometry : Yes
 Material : G4_Fe
 Range cuts        :  gamma  1 mm     e-  1 mm     e+  1 mm  proton 100 um 
 Energy thresholds :  gamma  20.7572 keV    e-  1.28885 MeV    e+  1.21776 MeV proton 10 keV
 Region(s) which use this couple : 
    DefaultRegionForTheWorld

Index : 5     used in the geometry : Yes
 Material : G4_W
 Range cuts        :  gamma  1 mm     e-  1 mm     e+  1 mm  proton 100 um 
 Energy thresholds :  gamma  106.43 keV    e-  2.31004 MeV    e+  2.14587 MeV proton 10 keV
 Region(s) which use this couple : 
    DefaultRegionForTheWorld

Index : 6     used in the geometry : Yes
 Material : G4_Pb
 Range cuts        :  gamma  1 mm     e-  1 mm     e+  1 mm  proton 100 um 
 Energy thresholds :  gamma  101.797 keV    e-  1.37158 MeV    e+  1.2826 MeV proton 10 keV
 Region(s) which use this couple : 
    DefaultRegionForTheWorld

Index : 7     used in the geometry : Yes
 Material : G4_WATER
 Range cuts        :  gamma  1 mm     e-  1 mm     e+  1 mm  proton 100 um 
 Energy thresholds :  gamma  2.93547 keV    e-  351.353 keV    e+  341.657 keV proton 10 keV
 Region(s) which use this couple : 
    DefaultRegionForTheWorld

==================================================================

### Run 102 starts.
Run 102 starts ...
 Run terminated.
Run Summary
  Number of events processed : 10
  User=0.000000s Real=0.001895s Sys=0.000000s
	  User TOT = 0.15	  Real TOT = 0.218293
 Summary of Run 102 :
/run/geometryModified

========= Table of registered couples ============================

Index : 0     used in the geometry : Yes
 Material : G4_AIR
 Range cuts        :  gamma  1 mm     e-  1 mm     e+  1 mm  proton 100 um 
 Energy thresholds :  gamma  990 eV     e-  990 eV     e+  990 eV  proton 10 keV
 Region(s) which use this couple : 
    DefaultRegionForTheWorld

Index : 1     used in the geometry : Yes
 Material : G4_Co
 Range cuts        :  gamma  1 mm     e-  1 mm     e+  1 mm  proton 100 um 
 Energy thresholds :  gamma  22.8507 keV    e-  1.40918 MeV    e+  1.32925 MeV proton 10 keV
 Region(s) which use this couple : 
    DefaultRegionForTheWorld

Index : 2     used in the geometry : Yes
 Material : StainlessSteel
 Range cuts        :  gamma  1 mm     e-  1 mm     e+  1 mm  proton 100 um 
 Energy thresholds :  gamma  20.6058 keV    e-  1.28056 MeV    e+  1.21009 MeV proton 10 keV
 Region(s) which use this couple : 
    DefaultRegionForTheWorld

Index : 3     used in the geometry : Yes
 Material : G4_Al
 Range cuts        :  gamma  1 mm     e-  1 mm     e+  1 mm  proton 100 um 
 Energy thresholds :  gamma  6.91572 keV    e-  597.438 keV    e+  574.135 keV proton 10 keV
 Region(s) which use this couple : 
    DefaultRegionForTheWorld

Index : 4     used in the geometry : Yes
 Material : G4_Fe
 Range cuts        :  gamma  1 mm     e-  1 mm     e+  1 mm  proton 100 um 
 Energy thresholds :  gamma  20.7572 keV    e-  1.28885 MeV    e+  1.21776 MeV proton 10 keV
 Region(s) which use this couple : 
    DefaultRegionForTheWorld

Index : 5     used in the geometry : Yes
 Material : G4_W
 Range cuts        :  gamma  1 mm     e-  1 mm     e+  1 mm  proton 100 um 
 Energy thresholds :  gamma  106.43 keV    e-  2.31004 MeV    e+  2.14587 MeV proton 10 keV
 Region(s) which use this couple : 
    DefaultRegionForTheWorld

Index : 6     used in the geometry : Yes
 Material : G4_Pb
 Range cuts        :  gamma  1 mm     e-  1 mm     e+  1 mm  proton 100 um 
 Energy thresholds :  gamma  101.797 keV    e-  1.37158 MeV    e+  1.2826 MeV proton 10 keV
 Region(s) which use this couple : 
    DefaultRegionForTheWorld

Index : 7     used in the geometry : Yes
 Material : G4_WATER
 Range cuts        :  gamma  1 mm     e-  1 mm     e+  1 mm  proton 100 um 
 Energy thresholds :  gamma  2.93547 keV    e-  351.353 keV    e+  341.657 keV proton 10 keV
 Region(s) which use this couple : 
    DefaultRegionForTheWorld

==================================================================

### Run 103 starts.
Run 103 starts ...
 Run terminated.
Run Summary
  Number of events processed : 10
  User=0.010000s Real=0.001594s Sys=0.000000s
	  User TOT = 0.16	  Real TOT = 0.219993
 Summary of Run 103 :
/run/geometryModified

========= Table of registered couples ============================

Index : 0     used in the geometry : Yes
 Material : G4_AIR
 Range cuts        :  gamma  1 mm     e-  1 mm     e+  1 mm  proton 100 um 
 Energy thresholds :  gamma  990 eV     e-  990 eV     e+  990 eV  proton 10 keV
 Region(s) which use this couple : 
    DefaultRegionForTheWorld

Index : 1     used in the geometry : Yes
 Material : G4_Co
 Range cuts        :  gamma  1 mm     e-  1 mm     e+  1 mm  proton 100 um 
 Energy thresholds :  gamma  22.8507 keV    e-  1.40918 MeV    e+  1.32925 MeV proton 10 keV
 Region(s) which use this couple : 
    DefaultRegionForTheWorld

Index : 2     used in the geometry : Yes
 Material : StainlessSteel
 Range cuts        :  gamma  1 mm     e-  1 mm     e+  1 mm  proton 100 um 
 Energy thresholds :  gamma  20.6058 keV    e-  1.28056 MeV    e+  1.21009 MeV proton 10 keV
 Region(s) which use this couple : 
    DefaultRegionForTheWorld

Index : 3     used in the geometry : Yes
 Material : G4_Al
 Range cuts        :  gamma  1 mm     e-  1 mm     e+  1 mm  proton 100 um 
 Energy thresholds :  gamma  6.91572 keV    e-  597.438 keV    e+  574.135 keV proton 10 keV
 Region(s) which use this couple : 
    DefaultRegionForTheWorld

Index : 4     used in the geometry : Yes
 Material : G4_Fe
 Range cuts        :  gamma  1 mm     e-  1 mm     e+  1 mm  proton 100 um 
 Energy thresholds :  gamma  20.7572 keV    e-  1.28885 MeV    e+  1.21776 MeV proton 10 keV
 Region(s) which use this couple : 
    DefaultRegionForTheWorld

Index : 5     used in the geometry : Yes
 Material : G4_W
 Range cuts        :  gamma  1 mm     e-  1 mm     e+  1 mm  proton 100 um 
 Energy thresholds :  gamma  106.43 keV    e-  2.31004 MeV    e+  2.14587 MeV proton 10 keV
 Region(s) which use this couple : 
    DefaultRegionForTheWorld

Index : 6     used in the geometry : Yes
 Material : G4_Pb
 Range cuts        :  gamma  1 mm     e-  1 mm     e+  1 mm  proton 100 um 
 Energy thresholds :  gamma  101.797 keV    e-  1.37158 MeV    e+  1.2826 MeV proton 10 keV
 Region(s) which use this couple : 
    DefaultRegionForTheWorld

Index : 7     used in the geometry : Yes
 Material : G4_WATER
 Range cuts        :  gamma  1 mm     e-  1 mm     e+  1 mm  proton 100 um 
 Energy thresholds :  gamma  2.93547 keV    e-  351.353 keV    e+  341.657 keV proton 10 keV
 Region(s) which use this couple : 
    DefaultRegionForTheWorld

==================================================================

### Run 104 starts.
Run 104 starts ...
 Run terminated.
Run Summary
  Number of events processed : 10
  User=0.000000s Real=0.014285s Sys=0.000000s
	  User TOT = 0.16	  Real TOT = 0.234395
 Summary of Run 104 :
/run/geometryModified

========= Table of registered couples ============================

Index : 0     used in the geometry : Yes
 Material : G4_AIR
 Range cuts        :  gamma  1 mm     e-  1 mm     e+  1 mm  proton 100 um 
 Energy thresholds :  gamma  990 eV     e-  990 eV     e+  990 eV  proton 10 keV
 Region(s) which use this couple : 
    DefaultRegionForTheWorld

Index : 1     used in the geometry : Yes
 Material : G4_Co
 Range cuts        :  gamma  1 mm     e-  1 mm     e+  1 mm  proton 100 um 
 Energy thresholds :  gamma  22.8507 keV    e-  1.40918 MeV    e+  1.32925 MeV proton 10 keV
 Region(s) which use this couple : 
    DefaultRegionForTheWorld

Index : 2     used in the geometry : Yes
 Material : StainlessSteel
 Range cuts        :  gamma  1 mm     e-  1 mm     e+  1 mm  proton 100 um 
 Energy thresholds :  gamma  20.6058 keV    e-  1.28056 MeV    e+  1.21009 MeV proton 10 keV
 Region(s) which use this couple : 
    DefaultRegionForTheWorld

Index : 3     used in the geometry : Yes
 Material : G4_Al
 Range cuts        :  gamma  1 mm     e-  1 mm     e+  1 mm  proton 100 um 
 Energy thresholds :  gamma  6.91572 keV    e-  597.438 keV    e+  574.135 keV proton 10 keV
 Region(s) which use this couple : 
    DefaultRegionForTheWorld

Index : 4     used in the geometry : Yes
 Material : G4_Fe
 Range cuts        :  gamma  1 mm     e-  1 mm     e+  1 mm  proton 100 um 
 Energy thresholds :  gamma  20.7572 keV    e-  1.28885 MeV    e+  1.21776 MeV proton 10 keV
 Region(s) which use this couple : 
    DefaultRegionForTheWorld

Index : 5     used in the geometry : Yes
 Material : G4_W
 Range cuts        :  gamma  1 mm     e-  1 mm     e+  1 mm  proton 100 um 
 Energy thresholds :  gamma  106.43 keV    e-  2.31004 MeV    e+  2.14587 MeV proton 10 keV
 Region(s) which use this couple : 
    DefaultRegionForTheWorld

Index : 6     used in the geometry : Yes
 Material : G4_Pb
 Range cuts        :  gamma  1 mm     e-  1 mm     e+  1 mm  proton 100 um 
 Energy thresholds :  gamma  101.797 keV    e-  1.37158 MeV    e+  1.2826 MeV proton 10 keV
 Region(s) which use this couple : 
    DefaultRegionForTheWorld

Index : 7     used in the geometry : Yes
 Material : G4_WATER
 Range cuts        :  gamma  1 mm     e-  1 mm     e+  1 mm  proton 100 um 
 Energy thresholds :  gamma  2.93547 keV    e-  351.353 keV    e+  341.657 keV proton 10 keV
 Region(s) which use this couple : 
    DefaultRegionForTheWorld

==================================================================

### Run 105 starts.
Run 105 starts ...
 Run terminated.
Run Summary
  Number of events processed : 10
  User=0.000000s Real=0.020347s Sys=0.010000s
	  User TOT = 0.16	  Real TOT = 0.254893
 Summary of Run 105 :
/run/geometryModified

========= Table of registered couples ============================

Index : 0     used in the geometry : Yes
 Material : G4_AIR
 Range cuts        :  gamma  1 mm     e-  1 mm     e+  1 mm  proton 100 um 
 Energy thresholds :  gamma  990 eV     e-  990 eV     e+  990 eV  proton 10 keV
 Region(s) which use this couple : 
    DefaultRegionForTheWorld

Index : 1     used in the geometry : Yes
 Material : G4_Co
 Range cuts        :  gamma  1 mm     e-  1 mm     e+  1 mm  proton 100 um 
 Energy thresholds :  gamma  22.8507 keV    e-  1.40918 MeV    e+  1.32925 MeV proton 10 keV
 Region(s) which use this couple : 
    DefaultRegionForTheWorld

Index : 2     used in the geometry : Yes
 Material : StainlessSteel
 Range cuts        :  gamma  1 mm     e-  1 mm     e+  1 mm  proton 100 um 
 Energy thresholds :  gamma  20.6058 keV    e-  1.28056 MeV    e+  1.21009 MeV proton 10 keV
 Region(s) which use this couple : 
    DefaultRegionForTheWorld

Index : 3     used in the geometry : Yes
 Material : G4_Al
 Range cuts        :  gamma  1 mm     e-  1 mm     e+  1 mm  proton 100 um 
 Energy thresholds :  gamma  6.91572 keV    e-  597.438 keV    e+  574.135 keV proton 10 keV
 Region(s) which use this couple : 
    DefaultRegionForTheWorld

Index : 4     used in the geometry : Yes
 Material : G4_Fe
 Range cuts        :  gamma  1 mm     e-  1 mm     e+  1 mm  proton 100 um 
 Energy thresholds :  gamma  20.7572 keV    e-  1.28885 MeV    e+  1.21776 MeV proton 10 keV
 Region(s) which use this couple : 
    DefaultRegionForTheWorld

Index : 5     used in the geometry : Yes
 Material : G4_W
 Range cuts        :  gamma  1 mm     e-  1 mm     e+  1 mm  proton 100 um 
 Energy thresholds :  gamma  106.43 keV    e-  2.31004 MeV    e+  2.14587 MeV proton 10 keV
 Region(s) which use this couple : 
    DefaultRegionForTheWorld

Index : 6     used in the geometry : Yes
 Material : G4_Pb
 Range cuts        :  gamma  1 mm     e-  1 mm     e+  1 mm  proton 100 um 
 Energy thresholds :  gamma  101.797 keV    e-  1.37158 MeV    e+  1.2826 MeV proton 10 keV
 Region(s) which use this couple : 
    DefaultRegionForTheWorld

Index : 7     used in the geometry : Yes
 Material : G4_WATER
 Range cuts        :  gamma  1 mm     e-  1 mm     e+  1 mm  proton 100 um 
 Energy thresholds :  gamma  2.93547 keV    e-  351.353 keV    e+  341.657 keV proton 10 keV
 Region(s) which use this couple : 
    DefaultRegionForTheWorld

==================================================================

### Run 106 starts.
Run 106 starts ...
 Run terminated.
Run Summary
  Number of events processed : 10
  User=0.000000s Real=0.021547s Sys=0.000000s
	  User TOT = 0.16	  Real TOT = 0.276609
 Summary of Run 106 :
/run/geometryModified

========= Table of registered couples ============================

Index : 0     used in the geometry : Yes
 Material : G4_AIR
 Range cuts        :  gamma  1 mm     e-  1 mm     e+  1 mm  proton 100 um 
 Energy thresholds :  gamma  990 eV     e-  990 eV     e+  990 eV  proton 10 keV
 Region(s) which use this couple : 
    DefaultRegionForTheWorld

Index : 1     used in the geometry : Yes
 Material : G4_Co
 Range cuts        :  gamma  1 mm     e-  1 mm     e+  1 mm  proton 100 um 
 Energy thresholds :  gamma  22.8507 keV    e-  1.40918 MeV    e+  1.32925 MeV proton 10 keV
 Region(s) which use this couple : 
    DefaultRegionForTheWorld

Index : 2     used in the geometry : Yes
 Material : StainlessSteel
 Range cuts        :  gamma  1 mm     e-  1 mm     e+  1 mm  proton 100 um 
 Energy thresholds :  gamma  20.6058 keV    e-  1.28056 MeV    e+  1.21009 MeV proton 10 keV
 Region(s) which use this couple : 
    DefaultRegionForTheWorld

Index : 3     used in the geometry : Yes
 Material : G4_Al
 Range cuts        :  gamma  1 mm     e-  1 mm     e+  1 mm  proton 100 um 
 Energy thresholds :  gamma  6.91572 keV    e-  597.438 keV    e+  574.135 keV proton 10 keV
 Region(s) which use this couple : 
    DefaultRegionForTheWorld

Index : 4     used in the geometry : Yes
 Material : G4_Fe
 Range cuts        :  gamma  1 mm     e-  1 mm     e+  1 mm  proton 100 um 
 Energy thresholds :  gamma  20.7572 keV    e-  1.28885 MeV    e+  1.21776 MeV proton 10 keV
 Region(s) which use this couple : 
    DefaultRegionForTheWorld

Index : 5     used in the geometry : Yes
 Material : G4_W
 Range cuts        :  gamma  1 mm     e-  1 mm     e+  1 mm  proton 100 um 
 Energy thresholds :  gamma  106.43 keV    e-  2.31004 MeV    e+  2.14587 MeV proton 10 keV
 Region(s) which use this couple : 
    DefaultRegionForTheWorld

Index : 6     used in the geometry : Yes
 Material : G4_Pb
 Range cuts        :  gamma  1 mm     e-  1 mm     e+  1 mm  proton 100 um 
 Energy thresholds :  gamma  101.797 keV    e-  1.37158 MeV    e+  1.2826 MeV proton 10 keV
 Region(s) which use this couple : 
    DefaultRegionForTheWorld

Index : 7     used in the geometry : Yes
 Material : G4_WATER
 Range cuts        :  gamma  1 mm     e-  1 mm     e+  1 mm  proton 100 um 
 Energy thresholds :  gamma  2.93547 keV    e-  351.353 keV    e+  341.657 keV proton 10 keV
 Region(s) which use this couple : 
    DefaultRegionForTheWorld

==================================================================

### Run 107 starts.
Run 107 starts ...
 Run terminated.
Run Summary
  Number of events processed : 10
  User=0.000000s Real=0.020672s Sys=0.000000s
	  User TOT = 0.16	  Real TOT = 0.297416
 Summary of Run 107 :
/run/geometryModified

========= Table of registered couples ============================

Index : 0     used in the geometry : Yes
 Material : G4_AIR
 Range cuts        :  gamma  1 mm     e-  1 mm     e+  1 mm  proton 100 um 
 Energy thresholds :  gamma  990 eV     e-  990 eV     e+  990 eV  proton 10 keV
 Region(s) which use this couple : 
    DefaultRegionForTheWorld

Index : 1     used in the geometry : Yes
 Material : G4_Co
 Range cuts        :  gamma  1 mm     e-  1 mm     e+  1 mm  proton 100 um 
 Energy thresholds :  gamma  22.8507 keV    e-  1.40918 MeV    e+  1.32925 MeV proton 10 keV
 Region(s) which use this couple : 
    DefaultRegionForTheWorld

Index : 2     used in the geometry : Yes
 Material : StainlessSteel
 Range cuts        :  gamma  1 mm     e-  1 mm     e+  1 mm  proton 100 um 
 Energy thresholds :  gamma  20.6058 keV    e-  1.28056 MeV    e+  1.21009 MeV proton 10 keV
 Region(s) which use this couple : 
    DefaultRegionForTheWorld

Index : 3     used in the geometry : Yes
 Material : G4_Al
 Range cuts        :  gamma  1 mm     e-  1 mm     e+  1 mm  proton 100 um 
 Energy thresholds :  gamma  6.91572 keV    e-  597.438 keV    e+  574.135 keV proton 10 keV
 Region(s) which use this couple : 
    DefaultRegionForTheWorld

Index : 4     used in the geometry : Yes
 Material : G4_Fe
 Range cuts        :  gamma  1 mm     e-  1 mm     e+  1 mm  proton 100 um 
 Energy thresholds :  gamma  20.7572 keV    e-  1.28885 MeV    e+  1.21776 MeV proton 10 keV
 Region(s) which use this couple : 
    DefaultRegionForTheWorld

Index : 5     used in the geometry : Yes
 Material : G4_W
 Range cuts        :  gamma  1 mm     e-  1 mm     e+  1 mm  proton 100 um 
 Energy thresholds :  gamma  106.43 keV    e-  2.31004 MeV    e+  2.14587 MeV proton 10 keV
 Region(s) which use this couple : 
    DefaultRegionForTheWorld

Index : 6     used in the geometry : Yes
 Material : G4_Pb
 Range cuts        :  gamma  1 mm     e-  1 mm     e+  1 mm  proton 100 um 
 Energy thresholds :  gamma  101.797 keV    e-  1.37158 MeV    e+  1.2826 MeV proton 10 keV
 Region(s) which use this couple : 
    DefaultRegionForTheWorld

Index : 7     used in the geometry : Yes
 Material : G4_WATER
 Range cuts        :  gamma  1 mm     e-  1 mm     e+  1 mm  proton 100 um 
 Energy thresholds :  gamma  2.93547 keV    e-  351.353 keV    e+  341.657 keV proton 10 keV
 Region(s) which use this couple : 
    DefaultRegionForTheWorld

==================================================================

### Run 108 starts.
Run 108 starts ...
 Run terminated.
Run Summary
  Number of events processed : 10
  User=0.000000s Real=0.019179s Sys=0.000000s
	  User TOT = 0.16	  Real TOT = 0.316717
 Summary of Run 108 :
/run/geometryModified

========= Table of registered couples ============================

Index : 0     used in the geometry : Yes
 Material : G4_AIR
 Range cuts        :  gamma  1 mm     e-  1 mm     e+  1 mm  proton 100 um 
 Energy thresholds :  gamma  990 eV     e-  990 eV     e+  990 eV  proton 10 keV
 Region(s) which use this couple : 
    DefaultRegionForTheWorld

Index : 1     used in the geometry : Yes
 Material : G4_Co
 Range cuts        :  gamma  1 mm     e-  1 mm     e+  1 mm  proton 100 um 
 Energy thresholds :  gamma  22.8507 keV    e-  1.40918 MeV    e+  1.32925 MeV proton 10 keV
 Region(s) which use this couple : 
    DefaultRegionForTheWorld

Index : 2     used in the geometry : Yes
 Material : StainlessSteel
 Range cuts        :  gamma  1 mm     e-  1 mm     e+  1 mm  proton 100 um 
 Energy thresholds :  gamma  20.6058 keV    e-  1.28056 MeV    e+  1.21009 MeV proton 10 keV
 Region(s) which use this couple : 
    DefaultRegionForTheWorld

Index : 3     used in the geometry : Yes
 Material : G4_Al
 Range cuts        :  gamma  1 mm     e-  1 mm     e+  1 mm  proton 100 um 
 Energy thresholds :  gamma  6.91572 keV    e-  597.438 keV    e+  574.135 keV proton 10 keV
 Region(s) which use this couple : 
    DefaultRegionForTheWorld

Index : 4     used in the geometry : Yes
 Material : G4_Fe
 Range cuts        :  gamma  1 mm     e-  1 mm     e+  1 mm  proton 100 um 
 Energy thresholds :  gamma  20.7572 keV    e-  1.28885 MeV    e+  1.21776 MeV proton 10 keV
 Region(s) which use this couple : 
    DefaultRegionForTheWorld

Index : 5     used in the geometry : Yes
 Material : G4_W
 Range cuts        :  gamma  1 mm     e-  1 mm     e+  1 mm  proton 100 um 
 Energy thresholds :  gamma  106.43 keV    e-  2.31004 MeV    e+  2.14587 MeV proton 10 keV
 Region(s) which use this couple : 
    DefaultRegionForTheWorld

Index : 6     used in the geometry : Yes
 Material : G4_Pb
 Range cuts        :  gamma  1 mm     e-  1 mm     e+  1 mm  proton 100 um 
 Energy thresholds :  gamma  101.797 keV    e-  1.37158 MeV    e+  1.2826 MeV proton 10 keV
 Region(s) which use this couple : 
    DefaultRegionForTheWorld

Index : 7     used in the geometry : Yes
 Material : G4_WATER
 Range cuts        :  gamma  1 mm     e-  1 mm     e+  1 mm  proton 100 um 
 Energy thresholds :  gamma  2.93547 keV    e-  351.353 keV    e+  341.657 keV proton 10 keV
 Region(s) which use this couple : 
    DefaultRegionForTheWorld

==================================================================

### Run 109 starts.
Run 109 starts ...
 Run terminated.
Run Summary
  Number of events processed : 10
  User=0.000000s Real=0.022667s Sys=0.000000s
	  User TOT = 0.16	  Real TOT = 0.339567
 Summary of Run 109 :
/run/geometryModified

========= Table of registered couples ============================

Index : 0     used in the geometry : Yes
 Material : G4_AIR
 Range cuts        :  gamma  1 mm     e-  1 mm     e+  1 mm  proton 100 um 
 Energy thresholds :  gamma  990 eV     e-  990 eV     e+  990 eV  proton 10 keV
 Region(s) which use this couple : 
    DefaultRegionForTheWorld

Index : 1     used in the geometry : Yes
 Material : G4_Co
 Range cuts        :  gamma  1 mm     e-  1 mm     e+  1 mm  proton 100 um 
 Energy thresholds :  gamma  22.8507 keV    e-  1.40918 MeV    e+  1.32925 MeV proton 10 keV
 Region(s) which use this couple : 
    DefaultRegionForTheWorld

Index : 2     used in the geometry : Yes
 Material : StainlessSteel
 Range cuts        :  gamma  1 mm     e-  1 mm     e+  1 mm  proton 100 um 
 Energy thresholds :  gamma  20.6058 keV    e-  1.28056 MeV    e+  1.21009 MeV proton 10 keV
 Region(s) which use this couple : 
    DefaultRegionForTheWorld

Index : 3     used in the geometry : Yes
 Material : G4_Al
 Range cuts        :  gamma  1 mm     e-  1 mm     e+  1 mm  proton 100 um 
 Energy thresholds :  gamma  6.91572 keV    e-  597.438 keV    e+  574.135 keV proton 10 keV
 Region(s) which use this couple : 
    DefaultRegionForTheWorld

Index : 4     used in the geometry : Yes
 Material : G4_Fe
 Range cuts        :  gamma  1 mm     e-  1 mm     e+  1 mm  proton 100 um 
 Energy thresholds :  gamma  20.7572 keV    e-  1.28885 MeV    e+  1.21776 MeV proton 10 keV
 Region(s) which use this couple : 
    DefaultRegionForTheWorld

Index : 5     used in the geometry : Yes
 Material : G4_W
 Range cuts        :  gamma  1 mm     e-  1 mm     e+  1 mm  proton 100 um 
 Energy thresholds :  gamma  106.43 keV    e-  2.31004 MeV    e+  2.14587 MeV proton 10 keV
 Region(s) which use this couple : 
    DefaultRegionForTheWorld

Index : 6     used in the geometry : Yes
 Material : G4_Pb
 Range cuts        :  gamma  1 mm     e-  1 mm     e+  1 mm  proton 100 um 
 Energy thresholds :  gamma  101.797 keV    e-  1.37158 MeV    e+  1.2826 MeV proton 10 keV
 Region(s) which use this couple : 
    DefaultRegionForTheWorld

Index : 7     used in the geometry : Yes
 Material : G4_WATER
 Range cuts        :  gamma  1 mm     e-  1 mm     e+  1 mm  proton 100 um 
 Energy thresholds :  gamma  2.93547 keV    e-  351.353 keV    e+  341.657 keV proton 10 keV
 Region(s) which use this couple : 
    DefaultRegionForTheWorld

==================================================================

### Run 110 starts.
Run 110 starts ...
 Run terminated.
Run Summary
  Number of events processed : 10
  User=0.010000s Real=0.020745s Sys=0.000000s
	  User TOT = 0.17	  Real TOT = 0.360485
 Summary of Run 110 :
/run/geometryModified

========= Table of registered couples ============================

Index : 0     used in the geometry : Yes
 Material : G4_AIR
 Range cuts        :  gamma  1 mm     e-  1 mm     e+  1 mm  proton 100 um 
 Energy thresholds :  gamma  990 eV     e-  990 eV     e+  990 eV  proton 10 keV
 Region(s) which use this couple : 
    DefaultRegionForTheWorld

Index : 1     used in the geometry : Yes
 Material : G4_Co
 Range cuts        :  gamma  1 mm     e-  1 mm     e+  1 mm  proton 100 um 
 Energy thresholds :  gamma  22.8507 keV    e-  1.40918 MeV    e+  1.32925 MeV proton 10 keV
 Region(s) which use this couple : 
    DefaultRegionForTheWorld

Index : 2     used in the geometry : Yes
 Material : StainlessSteel
 Range cuts        :  gamma  1 mm     e-  1 mm     e+  1 mm  proton 100 um 
 Energy thresholds :  gamma  20.6058 keV    e-  1.28056 MeV    e+  1.21009 MeV proton 10 keV
 Region(s) which use this couple : 
    DefaultRegionForTheWorld

Index : 3     used in the geometry : Yes
 Material : G4_Al
 Range cuts        :  gamma  1 mm     e-  1 mm     e+  1 mm  proton 100 um 
 Energy thresholds :  gamma  6.91572 keV    e-  597.438 keV    e+  574.135 keV proton 10 keV
 Region(s) which use this couple : 
    DefaultRegionForTheWorld

Index : 4     used in the geometry : Yes
 Material : G4_Fe
 Range cuts        :  gamma  1 mm     e-  1 mm     e+  1 mm  proton 100 um 
 Energy thresholds :  gamma  20.7572 keV    e-  1.28885 MeV    e+  1.21776 MeV proton 10 keV
 Region(s) which use this couple : 
    DefaultRegionForTheWorld

Index : 5     used in the geometry : Yes
 Material : G4_W
 Range cuts        :  gamma  1 mm     e-  1 mm     e+  1 mm  proton 100 um 
 Energy thresholds :  gamma  106.43 keV    e-  2.31004 MeV    e+  2.14587 MeV proton 10 keV
 Region(s) which use this couple : 
    DefaultRegionForTheWorld

Index : 6     used in the geometry : Yes
 Material : G4_Pb
 Range cuts        :  gamma  1 mm     e-  1 mm     e+  1 mm  proton 100 um 
 Energy thresholds :  gamma  101.797 keV    e-  1.37158 MeV    e+  1.2826 MeV proton 10 keV
 Region(s) which use this couple : 
    DefaultRegionForTheWorld

Index : 7     used in the geometry : Yes
 Material : G4_WATER
 Range cuts        :  gamma  1 mm     e-  1 mm     e+  1 mm  proton 100 um 
 Energy thresholds :  gamma  2.93547 keV    e-  351.353 keV    e+  341.657 keV proton 10 keV
 Region(s) which use this couple : 
    DefaultRegionForTheWorld

==================================================================

### Run 111 starts.
Run 111 starts ...
 Run terminated.
Run Summary
  Number of events processed : 10
  User=0.000000s Real=0.020617s Sys=0.010000s
	  User TOT = 0.17	  Real TOT = 0.381234
 Summary of Run 111 :
/run/geometryModified

========= Table of registered couples ============================

Index : 0     used in the geometry : Yes
 Material : G4_AIR
 Range cuts        :  gamma  1 mm     e-  1 mm     e+  1 mm  proton 100 um 
 Energy thresholds :  gamma  990 eV     e-  990 eV     e+  990 eV  proton 10 keV
 Region(s) which use this couple : 
    DefaultRegionForTheWorld

Index : 1     used in the geometry : Yes
 Material : G4_Co
 Range cuts        :  gamma  1 mm     e-  1 mm     e+  1 mm  proton 100 um 
 Energy thresholds :  gamma  22.8507 keV    e-  1.40918 MeV    e+  1.32925 MeV proton 10 keV
 Region(s) which use this couple : 
    DefaultRegionForTheWorld

Index : 2     used in the geometry : Yes
 Material : StainlessSteel
 Range cuts        :  gamma  1 mm     e-  1 mm     e+  1 mm  proton 100 um 
 Energy thresholds :  gamma  20.6058 keV    e-  1.28056 MeV    e+  1.21009 MeV proton 10 keV
 Region(s) which use this couple : 
    DefaultRegionForTheWorld

Index : 3     used in the geometry : Yes
 Material : G4_Al
 Range cuts        :  gamma  1 mm     e-  1 mm     e+  1 mm  proton 100 um 
 Energy thresholds :  gamma  6.91572 keV    e-  597.438 keV    e+  574.135 keV proton 10 keV
 Region(s) which use this couple : 
    DefaultRegionForTheWorld

Index : 4     used in the geometry : Yes
 Material : G4_Fe
 Range cuts        :  gamma  1 mm     e-  1 mm     e+  1 mm  proton 100 um 
 Energy thresholds :  gamma  20.7572 keV    e-  1.28885 MeV    e+  1.21776 MeV proton 10 keV
 Region(s) which use this couple : 
    DefaultRegionForTheWorld

Index : 5     used in the geometry : Yes
 Material : G4_W
 Range cuts        :  gamma  1 mm     e-  1 mm     e+  1 mm  proton 100 um 
 Energy thresholds :  gamma  106.43 keV    e-  2.31004 MeV    e+  2.14587 MeV proton 10 keV
 Region(s) which use this couple : 
    DefaultRegionForTheWorld

Index : 6     used in the geometry : Yes
 Material : G4_Pb
 Range cuts        :  gamma  1 mm     e-  1 mm     e+  1 mm  proton 100 um 
 Energy thresholds :  gamma  101.797 keV    e-  1.37158 MeV    e+  1.2826 MeV proton 10 keV
 Region(s) which use this couple : 
    DefaultRegionForTheWorld

Index : 7     used in the geometry : Yes
 Material : G4_WATER
 Range cuts        :  gamma  1 mm     e-  1 mm     e+  1 mm  proton 100 um 
 Energy thresholds :  gamma  2.93547 keV    e-  351.353 keV    e+  341.657 keV proton 10 keV
 Region(s) which use this couple : 
    DefaultRegionForTheWorld

==================================================================

### Run 112 starts.
Run 112 starts ...
 Run terminated.
Run Summary
  Number of events processed : 10
  User=0.000000s Real=0.021592s Sys=0.000000s
	  User TOT = 0.17	  Real TOT = 0.402961
 Summary of Run 112 :
/run/geometryModified

========= Table of registered couples ============================

Index : 0     used in the geometry : Yes
 Material : G4_AIR
 Range cuts        :  gamma  1 mm     e-  1 mm     e+  1 mm  proton 100 um 
 Energy thresholds :  gamma  990 eV     e-  990 eV     e+  990 eV  proton 10 keV
 Region(s) which use this couple : 
    DefaultRegionForTheWorld

Index : 1     used in the geometry : Yes
 Material : G4_Co
 Range cuts        :  gamma  1 mm     e-  1 mm     e+  1 mm  proton 100 um 
 Energy thresholds :  gamma  22.8507 keV    e-  1.40918 MeV    e+  1.32925 MeV proton 10 keV
 Region(s) which use this couple : 
    DefaultRegionForTheWorld

Index : 2     used in the geometry : Yes
 Material : StainlessSteel
 Range cuts        :  gamma  1 mm     e-  1 mm     e+  1 mm  proton 100 um 
 Energy thresholds :  gamma  20.6058 keV    e-  1.28056 MeV    e+  1.21009 MeV proton 10 keV
 Region(s) which use this couple : 
    DefaultRegionForTheWorld

Index : 3     used in the geometry : Yes
 Material : G4_Al
 Range cuts        :  gamma  1 mm     e-  1 mm     e+  1 mm  proton 100 um 
 Energy thresholds :  gamma  6.91572 keV    e-  597.438 keV    e+  574.135 keV proton 10 keV
 Region(s) which use this couple : 
    DefaultRegionForTheWorld

Index : 4     used in the geometry : Yes
 Material : G4_Fe
 Range cuts        :  gamma  1 mm     e-  1 mm     e+  1 mm  proton 100 um 
 Energy thresholds :  gamma  20.7572 keV    e-  1.28885 MeV    e+  1.21776 MeV proton 10 keV
 Region(s) which use this couple : 
    DefaultRegionForTheWorld

Index : 5     used in the geometry : Yes
 Material : G4_W
 Range cuts        :  gamma  1 mm     e-  1 mm     e+  1 mm  proton 100 um 
 Energy thresholds :  gamma  106.43 keV    e-  2.31004 MeV    e+  2.14587 MeV proton 10 keV
 Region(s) which use this couple : 
    DefaultRegionForTheWorld

Index : 6     used in the geometry : Yes
 Material : G4_Pb
 Range cuts        :  gamma  1 mm     e-  1 mm     e+  1 mm  proton 100 um 
 Energy thresholds :  gamma  101.797 keV    e-  1.37158 MeV    e+  1.2826 MeV proton 10 keV
 Region(s) which use this couple : 
    DefaultRegionForTheWorld

Index : 7     used in the geometry : Yes
 Material : G4_WATER
 Range cuts        :  gamma  1 mm     e-  1 mm     e+  1 mm  proton 100 um 
 Energy thresholds :  gamma  2.93547 keV    e-  351.353 keV    e+  341.657 keV proton 10 keV
 Region(s) which use this couple : 
    DefaultRegionForTheWorld

==================================================================

### Run 113 starts.
Run 113 starts ...
 Run terminated.
Run Summary
  Number of events processed : 10
  User=0.000000s Real=0.020987s Sys=0.000000s
	  User TOT = 0.17	  Real TOT = 0.424097
 Summary of Run 113 :
/run/geometryModified

========= Table of registered couples ============================

Index : 0     used in the geometry : Yes
 Material : G4_AIR
 Range cuts        :  gamma  1 mm     e-  1 mm     e+  1 mm  proton 100 um 
 Energy thresholds :  gamma  990 eV     e-  990 eV     e+  990 eV  proton 10 keV
 Region(s) which use this couple : 
    DefaultRegionForTheWorld

Index : 1     used in the geometry : Yes
 Material : G4_Co
 Range cuts        :  gamma  1 mm     e-  1 mm     e+  1 mm  proton 100 um 
 Energy thresholds :  gamma  22.8507 keV    e-  1.40918 MeV    e+  1.32925 MeV proton 10 keV
 Region(s) which use this couple : 
    DefaultRegionForTheWorld

Index : 2     used in the geometry : Yes
 Material : StainlessSteel
 Range cuts        :  gamma  1 mm     e-  1 mm     e+  1 mm  proton 100 um 
 Energy thresholds :  gamma  20.6058 keV    e-  1.28056 MeV    e+  1.21009 MeV proton 10 keV
 Region(s) which use this couple : 
    DefaultRegionForTheWorld

Index : 3     used in the geometry : Yes
 Material : G4_Al
 Range cuts        :  gamma  1 mm     e-  1 mm     e+  1 mm  proton 100 um 
 Energy thresholds :  gamma  6.91572 keV    e-  597.438 keV    e+  574.135 keV proton 10 keV
 Region(s) which use this couple : 
    DefaultRegionForTheWorld

Index : 4     used in the geometry : Yes
 Material : G4_Fe
 Range cuts        :  gamma  1 mm     e-  1 mm     e+  1 mm  proton 100 um 
 Energy thresholds :  gamma  20.7572 keV    e-  1.28885 MeV    e+  1.21776 MeV proton 10 keV
 Region(s) which use this couple : 
    DefaultRegionForTheWorld

Index : 5     used in the geometry : Yes
 Material : G4_W
 Range cuts        :  gamma  1 mm     e-  1 mm     e+  1 mm  proton 100 um 
 Energy thresholds :  gamma  106.43 keV    e-  2.31004 MeV    e+  2.14587 MeV proton 10 keV
 Region(s) which use this couple : 
    DefaultRegionForTheWorld

Index : 6     used in the geometry : Yes
 Material : G4_Pb
 Range cuts        :  gamma  1 mm     e-  1 mm     e+  1 mm  proton 100 um 
 Energy thresholds :  gamma  101.797 keV    e-  1.37158 MeV    e+  1.2826 MeV proton 10 keV
 Region(s) which use this couple : 
    DefaultRegionForTheWorld

Index : 7     used in the geometry : Yes
 Material : G4_WATER
 Range cuts        :  gamma  1 mm     e-  1 mm     e+  1 mm  proton 100 um 
 Energy thresholds :  gamma  2.93547 keV    e-  351.353 keV    e+  341.657 keV proton 10 keV
 Region(s) which use this couple : 
    DefaultRegionForTheWorld

==================================================================

### Run 114 starts.
Run 114 starts ...
 Run terminated.
Run Summary
  Number of events processed : 10
  User=0.000000s Real=0.020749s Sys=0.000000s
	  User TOT = 0.17	  Real TOT = 0.445079
 Summary of Run 114 :
/run/geometryModified

========= Table of registered couples ============================

Index : 0     used in the geometry : Yes
 Material : G4_AIR
 Range cuts        :  gamma  1 mm     e-  1 mm     e+  1 mm  proton 100 um 
 Energy thresholds :  gamma  990 eV     e-  990 eV     e+  990 eV  proton 10 keV
 Region(s) which use this couple : 
    DefaultRegionForTheWorld

Index : 1     used in the geometry : Yes
 Material : G4_Co
 Range cuts        :  gamma  1 mm     e-  1 mm     e+  1 mm  proton 100 um 
 Energy thresholds :  gamma  22.8507 keV    e-  1.40918 MeV    e+  1.32925 MeV proton 10 keV
 Region(s) which use this couple : 
    DefaultRegionForTheWorld

Index : 2     used in the geometry : Yes
 Material : StainlessSteel
 Range cuts        :  gamma  1 mm     e-  1 mm     e+  1 mm  proton 100 um 
 Energy thresholds :  gamma  20.6058 keV    e-  1.28056 MeV    e+  1.21009 MeV proton 10 keV
 Region(s) which use this couple : 
    DefaultRegionForTheWorld

Index : 3     used in the geometry : Yes
 Material : G4_Al
 Range cuts        :  gamma  1 mm     e-  1 mm     e+  1 mm  proton 100 um 
 Energy thresholds :  gamma  6.91572 keV    e-  597.438 keV    e+  574.135 keV proton 10 keV
 Region(s) which use this couple : 
    DefaultRegionForTheWorld

Index : 4     used in the geometry : Yes
 Material : G4_Fe
 Range cuts        :  gamma  1 mm     e-  1 mm     e+  1 mm  proton 100 um 
 Energy thresholds :  gamma  20.7572 keV    e-  1.28885 MeV    e+  1.21776 MeV proton 10 keV
 Region(s) which use this couple : 
    DefaultRegionForTheWorld

Index : 5     used in the geometry : Yes
 Material : G4_W
 Range cuts        :  gamma  1 mm     e-  1 mm     e+  1 mm  proton 100 um 
 Energy thresholds :  gamma  106.43 keV    e-  2.31004 MeV    e+  2.14587 MeV proton 10 keV
 Region(s) which use this couple : 
    DefaultRegionForTheWorld

Index : 6     used in the geometry : Yes
 Material : G4_Pb
 Range cuts        :  gamma  1 mm     e-  1 mm     e+  1 mm  proton 100 um 
 Energy thresholds :  gamma  101.797 keV    e-  1.37158 MeV    e+  1.2826 MeV proton 10 keV
 Region(s) which use this couple : 
    DefaultRegionForTheWorld

Index : 7     used in the geometry : Yes
 Material : G4_WATER
 Range cuts        :  gamma  1 mm     e-  1 mm     e+  1 mm  proton 100 um 
 Energy thresholds :  gamma  2.93547 keV    e-  351.353 keV    e+  341.657 keV proton 10 keV
 Region(s) which use this couple : 
    DefaultRegionForTheWorld

==================================================================

### Run 115 starts.
Run 115 starts ...
 Run terminated.
Run Summary
  Number of events processed : 10
  User=0.000000s Real=0.020967s Sys=0.000000s
	  User TOT = 0.18	  Real TOT = 0.466175
 Summary of Run 115 :
/run/geometryModified

========= Table of registered couples ============================

Index : 0     used in the geometry : Yes
 Material : G4_AIR
 Range cuts        :  gamma  1 mm     e-  1 mm     e+  1 mm  proton 100 um 
 Energy thresholds :  gamma  990 eV     e-  990 eV     e+  990 eV  proton 10 keV
 Region(s) which use this couple : 
    DefaultRegionForTheWorld

Index : 1     used in the geometry : Yes
 Material : G4_Co
 Range cuts        :  gamma  1 mm     e-  1 mm     e+  1 mm  proton 100 um 
 Energy thresholds :  gamma  22.8507 keV    e-  1.40918 MeV    e+  1.32925 MeV proton 10 keV
 Region(s) which use this couple : 
    DefaultRegionForTheWorld

Index : 2     used in the geometry : Yes
 Material : StainlessSteel
 Range cuts        :  gamma  1 mm     e-  1 mm     e+  1 mm  proton 100 um 
 Energy thresholds :  gamma  20.6058 keV    e-  1.28056 MeV    e+  1.21009 MeV proton 10 keV
 Region(s) which use this couple : 
    DefaultRegionForTheWorld

Index : 3     used in the geometry : Yes
 Material : G4_Al
 Range cuts        :  gamma  1 mm     e-  1 mm     e+  1 mm  proton 100 um 
 Energy thresholds :  gamma  6.91572 keV    e-  597.438 keV    e+  574.135 keV proton 10 keV
 Region(s) which use this couple : 
    DefaultRegionForTheWorld

Index : 4     used in the geometry : Yes
 Material : G4_Fe
 Range cuts        :  gamma  1 mm     e-  1 mm     e+  1 mm  proton 100 um 
 Energy thresholds :  gamma  20.7572 keV    e-  1.28885 MeV    e+  1.21776 MeV proton 10 keV
 Region(s) which use this couple : 
    DefaultRegionForTheWorld

Index : 5     used in the geometry : Yes
 Material : G4_W
 Range cuts        :  gamma  1 mm     e-  1 mm     e+  1 mm  proton 100 um 
 Energy thresholds :  gamma  106.43 keV    e-  2.31004 MeV    e+  2.14587 MeV proton 10 keV
 Region(s) which use this couple : 
    DefaultRegionForTheWorld

Index : 6     used in the geometry : Yes
 Material : G4_Pb
 Range cuts        :  gamma  1 mm     e-  1 mm     e+  1 mm  proton 100 um 
 Energy thresholds :  gamma  101.797 keV    e-  1.37158 MeV    e+  1.2826 MeV proton 10 keV
 Region(s) which use this couple : 
    DefaultRegionForTheWorld

Index : 7     used in the geometry : Yes
 Material : G4_WATER
 Range cuts        :  gamma  1 mm     e-  1 mm     e+  1 mm  proton 100 um 
 Energy thresholds :  gamma  2.93547 keV    e-  351.353 keV    e+  341.657 keV proton 10 keV
 Region(s) which use this couple : 
    DefaultRegionForTheWorld

==================================================================

### Run 116 starts.
Run 116 starts ...
 Run terminated.
Run Summary
  Number of events processed : 10
  User=0.000000s Real=0.021530s Sys=0.000000s
	  User TOT = 0.18	  Real TOT = 0.48783
 Summary of Run 116 :
/run/geometryModified

========= Table of registered couples ============================

Index : 0     used in the geometry : Yes
 Material : G4_AIR
 Range cuts        :  gamma  1 mm     e-  1 mm     e+  1 mm  proton 100 um 
 Energy thresholds :  gamma  990 eV     e-  990 eV     e+  990 eV  proton 10 keV
 Region(s) which use this couple : 
    DefaultRegionForTheWorld

Index : 1     used in the geometry : Yes
 Material : G4_Co
 Range cuts        :  gamma  1 mm     e-  1 mm     e+  1 mm  proton 100 um 
 Energy thresholds :  gamma  22.8507 keV    e-  1.40918 MeV    e+  1.32925 MeV proton 10 keV
 Region(s) which use this couple : 
    DefaultRegionForTheWorld

Index : 2     used in the geometry : Yes
 Material : StainlessSteel
 Range cuts        :  gamma  1 mm     e-  1 mm     e+  1 mm  proton 100 um 
 Energy thresholds :  gamma  20.6058 keV    e-  1.28056 MeV    e+  1.21009 MeV proton 10 keV
 Region(s) which use this couple : 
    DefaultRegionForTheWorld

Index : 3     used in the geometry : Yes
 Material : G4_Al
 Range cuts        :  gamma  1 mm     e-  1 mm     e+  1 mm  proton 100 um 
 Energy thresholds :  gamma  6.91572 keV    e-  597.438 keV    e+  574.135 keV proton 10 keV
 Region(s) which use this couple : 
    DefaultRegionForTheWorld

Index : 4     used in the geometry : Yes
 Material : G4_Fe
 Range cuts        :  gamma  1 mm     e-  1 mm     e+  1 mm  proton 100 um 
 Energy thresholds :  gamma  20.7572 keV    e-  1.28885 MeV    e+  1.21776 MeV proton 10 keV
 Region(s) which use this couple : 
    DefaultRegionForTheWorld

Index : 5     used in the geometry : Yes
 Material : G4_W
 Range cuts        :  gamma  1 mm     e-  1 mm     e+  1 mm  proton 100 um 
 Energy thresholds :  gamma  106.43 keV    e-  2.31004 MeV    e+  2.14587 MeV proton 10 keV
 Region(s) which use this couple : 
    DefaultRegionForTheWorld

Index : 6     used in the geometry : Yes
 Material : G4_Pb
 Range cuts        :  gamma  1 mm     e-  1 mm     e+  1 mm  proton 100 um 
 Energy thresholds :  gamma  101.797 keV    e-  1.37158 MeV    e+  1.2826 MeV proton 10 keV
 Region(s) which use this couple : 
    DefaultRegionForTheWorld

Index : 7     used in the geometry : Yes
 Material : G4_WATER
 Range cuts        :  gamma  1 mm     e-  1 mm     e+  1 mm  proton 100 um 
 Energy thresholds :  gamma  2.93547 keV    e-  351.353 keV    e+  341.657 keV proton 10 keV
 Region(s) which use this couple : 
    DefaultRegionForTheWorld

==================================================================

### Run 117 starts.
Run 117 starts ...
 Run terminated.
Run Summary
  Number of events processed : 10
  User=0.000000s Real=0.020724s Sys=0.000000s
	  User TOT = 0.18	  Real TOT = 0.508695
 Summary of Run 117 :
/run/geometryModified

========= Table of registered couples ============================

Index : 0     used in the geometry : Yes
 Material : G4_AIR
 Range cuts        :  gamma  1 mm     e-  1 mm     e+  1 mm  proton 100 um 
 Energy thresholds :  gamma  990 eV     e-  990 eV     e+  990 eV  proton 10 keV
 Region(s) which use this couple : 
    DefaultRegionForTheWorld

Index : 1     used in the geometry : Yes
 Material : G4_Co
 Range cuts        :  gamma  1 mm     e-  1 mm     e+  1 mm  proton 100 um 
 Energy thresholds :  gamma  22.8507 keV    e-  1.40918 MeV    e+  1.32925 MeV proton 10 keV
 Region(s) which use this couple : 
    DefaultRegionForTheWorld

Index : 2     used in the geometry : Yes
 Material : StainlessSteel
 Range cuts        :  gamma  1 mm     e-  1 mm     e+  1 mm  proton 100 um 
 Energy thresholds :  gamma  20.6058 keV    e-  1.28056 MeV    e+  1.21009 MeV proton 10 keV
 Region(s) which use this couple : 
    DefaultRegionForTheWorld

Index : 3     used in the geometry : Yes
 Material : G4_Al
 Range cuts        :  gamma  1 mm     e-  1 mm     e+  1 mm  proton 100 um 
 Energy thresholds :  gamma  6.91572 keV    e-  597.438 keV    e+  574.135 keV proton 10 keV
 Region(s) which use this couple : 
    DefaultRegionForTheWorld

Index : 4     used in the geometry : Yes
 Material : G4_Fe
 Range cuts        :  gamma  1 mm     e-  1 mm     e+  1 mm  proton 100 um 
 Energy thresholds :  gamma  20.7572 keV    e-  1.28885 MeV    e+  1.21776 MeV proton 10 keV
 Region(s) which use this couple : 
    DefaultRegionForTheWorld

Index : 5     used in the geometry : Yes
 Material : G4_W
 Range cuts        :  gamma  1 mm     e-  1 mm     e+  1 mm  proton 100 um 
 Energy thresholds :  gamma  106.43 keV    e-  2.31004 MeV    e+  2.14587 MeV proton 10 keV
 Region(s) which use this couple : 
    DefaultRegionForTheWorld

Index : 6     used in the geometry : Yes
 Material : G4_Pb
 Range cuts        :  gamma  1 mm     e-  1 mm     e+  1 mm  proton 100 um 
 Energy thresholds :  gamma  101.797 keV    e-  1.37158 MeV    e+  1.2826 MeV proton 10 keV
 Region(s) which use this couple : 
    DefaultRegionForTheWorld

Index : 7     used in the geometry : Yes
 Material : G4_WATER
 Range cuts        :  gamma  1 mm     e-  1 mm     e+  1 mm  proton 100 um 
 Energy thresholds :  gamma  2.93547 keV    e-  351.353 keV    e+  341.657 keV proton 10 keV
 Region(s) which use this couple : 
    DefaultRegionForTheWorld

==================================================================

### Run 118 starts.
Run 118 starts ...
 Run terminated.
Run Summary
  Number of events processed : 10
  User=0.000000s Real=0.020614s Sys=0.000000s
	  User TOT = 0.18	  Real TOT = 0.529446
 Summary of Run 118 :
/run/geometryModified

========= Table of registered couples ============================

Index : 0     used in the geometry : Yes
 Material : G4_AIR
 Range cuts        :  gamma  1 mm     e-  1 mm     e+  1 mm  proton 100 um 
 Energy thresholds :  gamma  990 eV     e-  990 eV     e+  990 eV  proton 10 keV
 Region(s) which use this couple : 
    DefaultRegionForTheWorld

Index : 1     used in the geometry : Yes
 Material : G4_Co
 Range cuts        :  gamma  1 mm     e-  1 mm     e+  1 mm  proton 100 um 
 Energy thresholds :  gamma  22.8507 keV    e-  1.40918 MeV    e+  1.32925 MeV proton 10 keV
 Region(s) which use this couple : 
    DefaultRegionForTheWorld

Index : 2     used in the geometry : Yes
 Material : StainlessSteel
 Range cuts        :  gamma  1 mm     e-  1 mm     e+  1 mm  proton 100 um 
 Energy thresholds :  gamma  20.6058 keV    e-  1.28056 MeV    e+  1.21009 MeV proton 10 keV
 Region(s) which use this couple : 
    DefaultRegionForTheWorld

Index : 3     used in the geometry : Yes
 Material : G4_Al
 Range cuts        :  gamma  1 mm     e-  1 mm     e+  1 mm  proton 100 um 
 Energy thresholds :  gamma  6.91572 keV    e-  597.438 keV    e+  574.135 keV proton 10 keV
 Region(s) which use this couple : 
    DefaultRegionForTheWorld

Index : 4     used in the geometry : Yes
 Material : G4_Fe
 Range cuts        :  gamma  1 mm     e-  1 mm     e+  1 mm  proton 100 um 
 Energy thresholds :  gamma  20.7572 keV    e-  1.28885 MeV    e+  1.21776 MeV proton 10 keV
 Region(s) which use this couple : 
    DefaultRegionForTheWorld

Index : 5     used in the geometry : Yes
 Material : G4_W
 Range cuts        :  gamma  1 mm     e-  1 mm     e+  1 mm  proton 100 um 
 Energy thresholds :  gamma  106.43 keV    e-  2.31004 MeV    e+  2.14587 MeV proton 10 keV
 Region(s) which use this couple : 
    DefaultRegionForTheWorld

Index : 6     used in the geometry : Yes
 Material : G4_Pb
 Range cuts        :  gamma  1 mm     e-  1 mm     e+  1 mm  proton 100 um 
 Energy thresholds :  gamma  101.797 keV    e-  1.37158 MeV    e+  1.2826 MeV proton 10 keV
 Region(s) which use this couple : 
    DefaultRegionForTheWorld

Index : 7     used in the geometry : Yes
 Material : G4_WATER
 Range cuts        :  gamma  1 mm     e-  1 mm     e+  1 mm  proton 100 um 
 Energy thresholds :  gamma  2.93547 keV    e-  351.353 keV    e+  341.657 keV proton 10 keV
 Region(s) which use this couple : 
    DefaultRegionForTheWorld

==================================================================

### Run 119 starts.
Run 119 starts ...
 Run terminated.
Run Summary
  Number of events processed : 10
  User=0.000000s Real=0.021382s Sys=0.000000s
	  User TOT = 0.18	  Real TOT = 0.550963
 Summary of Run 119 :
/run/geometryModified

========= Table of registered couples ============================

Index : 0     used in the geometry : Yes
 Material : G4_AIR
 Range cuts        :  gamma  1 mm     e-  1 mm     e+  1 mm  proton 100 um 
 Energy thresholds :  gamma  990 eV     e-  990 eV     e+  990 eV  proton 10 keV
 Region(s) which use this couple : 
    DefaultRegionForTheWorld

Index : 1     used in the geometry : Yes
 Material : G4_Co
 Range cuts        :  gamma  1 mm     e-  1 mm     e+  1 mm  proton 100 um 
 Energy thresholds :  gamma  22.8507 keV    e-  1.40918 MeV    e+  1.32925 MeV proton 10 keV
 Region(s) which use this couple : 
    DefaultRegionForTheWorld

Index : 2     used in the geometry : Yes
 Material : StainlessSteel
 Range cuts        :  gamma  1 mm     e-  1 mm     e+  1 mm  proton 100 um 
 Energy thresholds :  gamma  20.6058 keV    e-  1.28056 MeV    e+  1.21009 MeV proton 10 keV
 Region(s) which use this couple : 
    DefaultRegionForTheWorld

Index : 3     used in the geometry : Yes
 Material : G4_Al
 Range cuts        :  gamma  1 mm     e-  1 mm     e+  1 mm  proton 100 um 
 Energy thresholds :  gamma  6.91572 keV    e-  597.438 keV    e+  574.135 keV proton 10 keV
 Region(s) which use this couple : 
    DefaultRegionForTheWorld

Index : 4     used in the geometry : Yes
 Material : G4_Fe
 Range cuts        :  gamma  1 mm     e-  1 mm     e+  1 mm  proton 100 um 
 Energy thresholds :  gamma  20.7572 keV    e-  1.28885 MeV    e+  1.21776 MeV proton 10 keV
 Region(s) which use this couple : 
    DefaultRegionForTheWorld

Index : 5     used in the geometry : Yes
 Material : G4_W
 Range cuts        :  gamma  1 mm     e-  1 mm     e+  1 mm  proton 100 um 
 Energy thresholds :  gamma  106.43 keV    e-  2.31004 MeV    e+  2.14587 MeV proton 10 keV
 Region(s) which use this couple : 
    DefaultRegionForTheWorld

Index : 6     used in the geometry : Yes
 Material : G4_Pb
 Range cuts        :  gamma  1 mm     e-  1 mm     e+  1 mm  proton 100 um 
 Energy thresholds :  gamma  101.797 keV    e-  1.37158 MeV    e+  1.2826 MeV proton 10 keV
 Region(s) which use this couple : 
    DefaultRegionForTheWorld

Index : 7     used in the geometry : Yes
 Material : G4_WATER
 Range cuts        :  gamma  1 mm     e-  1 mm     e+  1 mm  proton 100 um 
 Energy thresholds :  gamma  2.93547 keV    e-  351.353 keV    e+  341.657 keV proton 10 keV
 Region(s) which use this couple : 
    DefaultRegionForTheWorld

==================================================================

### Run 120 starts.
Run 120 starts ...
 Run terminated.
Run Summary
  Number of events processed : 10
  User=0.000000s Real=0.021562s Sys=0.010000s
	  User TOT = 0.18	  Real TOT = 0.572664
 Summary of Run 120 :
/run/geometryModified

========= Table of registered couples ============================

Index : 0     used in the geometry : Yes
 Material : G4_AIR
 Range cuts        :  gamma  1 mm     e-  1 mm     e+  1 mm  proton 100 um 
 Energy thresholds :  gamma  990 eV     e-  990 eV     e+  990 eV  proton 10 keV
 Region(s) which use this couple : 
    DefaultRegionForTheWorld

Index : 1     used in the geometry : Yes
 Material : G4_Co
 Range cuts        :  gamma  1 mm     e-  1 mm     e+  1 mm  proton 100 um 
 Energy thresholds :  gamma  22.8507 keV    e-  1.40918 MeV    e+  1.32925 MeV proton 10 keV
 Region(s) which use this couple : 
    DefaultRegionForTheWorld

Index : 2     used in the geometry : Yes
 Material : StainlessSteel
 Range cuts        :  gamma  1 mm     e-  1 mm     e+  1 mm  proton 100 um 
 Energy thresholds :  gamma  20.6058 keV    e-  1.28056 MeV    e+  1.21009 MeV proton 10 keV
 Region(s) which use this couple : 
    DefaultRegionForTheWorld

Index : 3     used in the geometry : Yes
 Material : G4_Al
 Range cuts        :  gamma  1 mm     e-  1 mm     e+  1 mm  proton 100 um 
 Energy thresholds :  gamma  6.91572 keV    e-  597.438 keV    e+  574.135 keV proton 10 keV
 Region(s) which use this couple : 
    DefaultRegionForTheWorld

Index : 4     used in the geometry : Yes
 Material : G4_Fe
 Range cuts        :  gamma  1 mm     e-  1 mm     e+  1 mm  proton 100 um 
 Energy thresholds :  gamma  20.7572 keV    e-  1.28885 MeV    e+  1.21776 MeV proton 10 keV
 Region(s) which use this couple : 
    DefaultRegionForTheWorld

Index : 5     used in the geometry : Yes
 Material : G4_W
 Range cuts        :  gamma  1 mm     e-  1 mm     e+  1 mm  proton 100 um 
 Energy thresholds :  gamma  106.43 keV    e-  2.31004 MeV    e+  2.14587 MeV proton 10 keV
 Region(s) which use this couple : 
    DefaultRegionForTheWorld

Index : 6     used in the geometry : Yes
 Material : G4_Pb
 Range cuts        :  gamma  1 mm     e-  1 mm     e+  1 mm  proton 100 um 
 Energy thresholds :  gamma  101.797 keV    e-  1.37158 MeV    e+  1.2826 MeV proton 10 keV
 Region(s) which use this couple : 
    DefaultRegionForTheWorld

Index : 7     used in the geometry : Yes
 Material : G4_WATER
 Range cuts        :  gamma  1 mm     e-  1 mm     e+  1 mm  proton 100 um 
 Energy thresholds :  gamma  2.93547 keV    e-  351.353 keV    e+  341.657 keV proton 10 keV
 Region(s) which use this couple : 
    DefaultRegionForTheWorld

==================================================================

### Run 121 starts.
Run 121 starts ...
 Run terminated.
Run Summary
  Number of events processed : 10
  User=0.000000s Real=0.020427s Sys=0.000000s
	  User TOT = 0.18	  Real TOT = 0.593225
 Summary of Run 121 :
/run/geometryModified

========= Table of registered couples ============================

Index : 0     used in the geometry : Yes
 Material : G4_AIR
 Range cuts        :  gamma  1 mm     e-  1 mm     e+  1 mm  proton 100 um 
 Energy thresholds :  gamma  990 eV     e-  990 eV     e+  990 eV  proton 10 keV
 Region(s) which use this couple : 
    DefaultRegionForTheWorld

Index : 1     used in the geometry : Yes
 Material : G4_Co
 Range cuts        :  gamma  1 mm     e-  1 mm     e+  1 mm  proton 100 um 
 Energy thresholds :  gamma  22.8507 keV    e-  1.40918 MeV    e+  1.32925 MeV proton 10 keV
 Region(s) which use this couple : 
    DefaultRegionForTheWorld

Index : 2     used in the geometry : Yes
 Material : StainlessSteel
 Range cuts        :  gamma  1 mm     e-  1 mm     e+  1 mm  proton 100 um 
 Energy thresholds :  gamma  20.6058 keV    e-  1.28056 MeV    e+  1.21009 MeV proton 10 keV
 Region(s) which use this couple : 
    DefaultRegionForTheWorld

Index : 3     used in the geometry : Yes
 Material : G4_Al
 Range cuts        :  gamma  1 mm     e-  1 mm     e+  1 mm  proton 100 um 
 Energy thresholds :  gamma  6.91572 keV    e-  597.438 keV    e+  574.135 keV proton 10 keV
 Region(s) which use this couple : 
    DefaultRegionForTheWorld

Index : 4     used in the geometry : Yes
 Material : G4_Fe
 Range cuts        :  gamma  1 mm     e-  1 mm     e+  1 mm  proton 100 um 
 Energy thresholds :  gamma  20.7572 keV    e-  1.28885 MeV    e+  1.21776 MeV proton 10 keV
 Region(s) which use this couple : 
    DefaultRegionForTheWorld

Index : 5     used in the geometry : Yes
 Material : G4_W
 Range cuts        :  gamma  1 mm     e-  1 mm     e+  1 mm  proton 100 um 
 Energy thresholds :  gamma  106.43 keV    e-  2.31004 MeV    e+  2.14587 MeV proton 10 keV
 Region(s) which use this couple : 
    DefaultRegionForTheWorld

Index : 6     used in the geometry : Yes
 Material : G4_Pb
 Range cuts        :  gamma  1 mm     e-  1 mm     e+  1 mm  proton 100 um 
 Energy thresholds :  gamma  101.797 keV    e-  1.37158 MeV    e+  1.2826 MeV proton 10 keV
 Region(s) which use this couple : 
    DefaultRegionForTheWorld

Index : 7     used in the geometry : Yes
 Material : G4_WATER
 Range cuts        :  gamma  1 mm     e-  1 mm     e+  1 mm  proton 100 um 
 Energy thresholds :  gamma  2.93547 keV    e-  351.353 keV    e+  341.657 keV proton 10 keV
 Region(s) which use this couple : 
    DefaultRegionForTheWorld

==================================================================

### Run 122 starts.
Run 122 starts ...
 Run terminated.
Run Summary
  Number of events processed : 10
  User=0.000000s Real=0.021354s Sys=0.000000s
	  User TOT = 0.18	  Real TOT = 0.614701
 Summary of Run 122 :
/run/geometryModified

========= Table of registered couples ============================

Index : 0     used in the geometry : Yes
 Material : G4_AIR
 Range cuts        :  gamma  1 mm     e-  1 mm     e+  1 mm  proton 100 um 
 Energy thresholds :  gamma  990 eV     e-  990 eV     e+  990 eV  proton 10 keV
 Region(s) which use this couple : 
    DefaultRegionForTheWorld

Index : 1     used in the geometry : Yes
 Material : G4_Co
 Range cuts        :  gamma  1 mm     e-  1 mm     e+  1 mm  proton 100 um 
 Energy thresholds :  gamma  22.8507 keV    e-  1.40918 MeV    e+  1.32925 MeV proton 10 keV
 Region(s) which use this couple : 
    DefaultRegionForTheWorld

Index : 2     used in the geometry : Yes
 Material : StainlessSteel
 Range cuts        :  gamma  1 mm     e-  1 mm     e+  1 mm  proton 100 um 
 Energy thresholds :  gamma  20.6058 keV    e-  1.28056 MeV    e+  1.21009 MeV proton 10 keV
 Region(s) which use this couple : 
    DefaultRegionForTheWorld

Index : 3     used in the geometry : Yes
 Material : G4_Al
 Range cuts        :  gamma  1 mm     e-  1 mm     e+  1 mm  proton 100 um 
 Energy thresholds :  gamma  6.91572 keV    e-  597.438 keV    e+  574.135 keV proton 10 keV
 Region(s) which use this couple : 
    DefaultRegionForTheWorld

Index : 4     used in the geometry : Yes
 Material : G4_Fe
 Range cuts        :  gamma  1 mm     e-  1 mm     e+  1 mm  proton 100 um 
 Energy thresholds :  gamma  20.7572 keV    e-  1.28885 MeV    e+  1.21776 MeV proton 10 keV
 Region(s) which use this couple : 
    DefaultRegionForTheWorld

Index : 5     used in the geometry : Yes
 Material : G4_W
 Range cuts        :  gamma  1 mm     e-  1 mm     e+  1 mm  proton 100 um 
 Energy thresholds :  gamma  106.43 keV    e-  2.31004 MeV    e+  2.14587 MeV proton 10 keV
 Region(s) which use this couple : 
    DefaultRegionForTheWorld

Index : 6     used in the geometry : Yes
 Material : G4_Pb
 Range cuts        :  gamma  1 mm     e-  1 mm     e+  1 mm  proton 100 um 
 Energy thresholds :  gamma  101.797 keV    e-  1.37158 MeV    e+  1.2826 MeV proton 10 keV
 Region(s) which use this couple : 
    DefaultRegionForTheWorld

Index : 7     used in the geometry : Yes
 Material : G4_WATER
 Range cuts        :  gamma  1 mm     e-  1 mm     e+  1 mm  proton 100 um 
 Energy thresholds :  gamma  2.93547 keV    e-  351.353 keV    e+  341.657 keV proton 10 keV
 Region(s) which use this couple : 
    DefaultRegionForTheWorld

==================================================================

### Run 123 starts.
Run 123 starts ...
 Run terminated.
Run Summary
  Number of events processed : 10
  User=0.010000s Real=0.021371s Sys=0.000000s
	  User TOT = 0.19	  Real TOT = 0.636198
 Summary of Run 123 :
/run/geometryModified

========= Table of registered couples ============================

Index : 0     used in the geometry : Yes
 Material : G4_AIR
 Range cuts        :  gamma  1 mm     e-  1 mm     e+  1 mm  proton 100 um 
 Energy thresholds :  gamma  990 eV     e-  990 eV     e+  990 eV  proton 10 keV
 Region(s) which use this couple : 
    DefaultRegionForTheWorld

Index : 1     used in the geometry : Yes
 Material : G4_Co
 Range cuts        :  gamma  1 mm     e-  1 mm     e+  1 mm  proton 100 um 
 Energy thresholds :  gamma  22.8507 keV    e-  1.40918 MeV    e+  1.32925 MeV proton 10 keV
 Region(s) which use this couple : 
    DefaultRegionForTheWorld

Index : 2     used in the geometry : Yes
 Material : StainlessSteel
 Range cuts        :  gamma  1 mm     e-  1 mm     e+  1 mm  proton 100 um 
 Energy thresholds :  gamma  20.6058 keV    e-  1.28056 MeV    e+  1.21009 MeV proton 10 keV
 Region(s) which use this couple : 
    DefaultRegionForTheWorld

Index : 3     used in the geometry : Yes
 Material : G4_Al
 Range cuts        :  gamma  1 mm     e-  1 mm     e+  1 mm  proton 100 um 
 Energy thresholds :  gamma  6.91572 keV    e-  597.438 keV    e+  574.135 keV proton 10 keV
 Region(s) which use this couple : 
    DefaultRegionForTheWorld

Index : 4     used in the geometry : Yes
 Material : G4_Fe
 Range cuts        :  gamma  1 mm     e-  1 mm     e+  1 mm  proton 100 um 
 Energy thresholds :  gamma  20.7572 keV    e-  1.28885 MeV    e+  1.21776 MeV proton 10 keV
 Region(s) which use this couple : 
    DefaultRegionForTheWorld

Index : 5     used in the geometry : Yes
 Material : G4_W
 Range cuts        :  gamma  1 mm     e-  1 mm     e+  1 mm  proton 100 um 
 Energy thresholds :  gamma  106.43 keV    e-  2.31004 MeV    e+  2.14587 MeV proton 10 keV
 Region(s) which use this couple : 
    DefaultRegionForTheWorld

Index : 6     used in the geometry : Yes
 Material : G4_Pb
 Range cuts        :  gamma  1 mm     e-  1 mm     e+  1 mm  proton 100 um 
 Energy thresholds :  gamma  101.797 keV    e-  1.37158 MeV    e+  1.2826 MeV proton 10 keV
 Region(s) which use this couple : 
    DefaultRegionForTheWorld

Index : 7     used in the geometry : Yes
 Material : G4_WATER
 Range cuts        :  gamma  1 mm     e-  1 mm     e+  1 mm  proton 100 um 
 Energy thresholds :  gamma  2.93547 keV    e-  351.353 keV    e+  341.657 keV proton 10 keV
 Region(s) which use this couple : 
    DefaultRegionForTheWorld

==================================================================

### Run 124 starts.
Run 124 starts ...
 Run terminated.
Run Summary
  Number of events processed : 10
  User=0.000000s Real=0.020401s Sys=0.000000s
	  User TOT = 0.19	  Real TOT = 0.656747
 Summary of Run 124 :
/run/geometryModified

========= Table of registered couples ============================

Index : 0     used in the geometry : Yes
 Material : G4_AIR
 Range cuts        :  gamma  1 mm     e-  1 mm     e+  1 mm  proton 100 um 
 Energy thresholds :  gamma  990 eV     e-  990 eV     e+  990 eV  proton 10 keV
 Region(s) which use this couple : 
    DefaultRegionForTheWorld

Index : 1     used in the geometry : Yes
 Material : G4_Co
 Range cuts        :  gamma  1 mm     e-  1 mm     e+  1 mm  proton 100 um 
 Energy thresholds :  gamma  22.8507 keV    e-  1.40918 MeV    e+  1.32925 MeV proton 10 keV
 Region(s) which use this couple : 
    DefaultRegionForTheWorld

Index : 2     used in the geometry : Yes
 Material : StainlessSteel
 Range cuts        :  gamma  1 mm     e-  1 mm     e+  1 mm  proton 100 um 
 Energy thresholds :  gamma  20.6058 keV    e-  1.28056 MeV    e+  1.21009 MeV proton 10 keV
 Region(s) which use this couple : 
    DefaultRegionForTheWorld

Index : 3     used in the geometry : Yes
 Material : G4_Al
 Range cuts        :  gamma  1 mm     e-  1 mm     e+  1 mm  proton 100 um 
 Energy thresholds :  gamma  6.91572 keV    e-  597.438 keV    e+  574.135 keV proton 10 keV
 Region(s) which use this couple : 
    DefaultRegionForTheWorld

Index : 4     used in the geometry : Yes
 Material : G4_Fe
 Range cuts        :  gamma  1 mm     e-  1 mm     e+  1 mm  proton 100 um 
 Energy thresholds :  gamma  20.7572 keV    e-  1.28885 MeV    e+  1.21776 MeV proton 10 keV
 Region(s) which use this couple : 
    DefaultRegionForTheWorld

Index : 5     used in the geometry : Yes
 Material : G4_W
 Range cuts        :  gamma  1 mm     e-  1 mm     e+  1 mm  proton 100 um 
 Energy thresholds :  gamma  106.43 keV    e-  2.31004 MeV    e+  2.14587 MeV proton 10 keV
 Region(s) which use this couple : 
    DefaultRegionForTheWorld

Index : 6     used in the geometry : Yes
 Material : G4_Pb
 Range cuts        :  gamma  1 mm     e-  1 mm     e+  1 mm  proton 100 um 
 Energy thresholds :  gamma  101.797 keV    e-  1.37158 MeV    e+  1.2826 MeV proton 10 keV
 Region(s) which use this couple : 
    DefaultRegionForTheWorld

Index : 7     used in the geometry : Yes
 Material : G4_WATER
 Range cuts        :  gamma  1 mm     e-  1 mm     e+  1 mm  proton 100 um 
 Energy thresholds :  gamma  2.93547 keV    e-  351.353 keV    e+  341.657 keV proton 10 keV
 Region(s) which use this couple : 
    DefaultRegionForTheWorld

==================================================================

### Run 125 starts.
Run 125 starts ...
 Run terminated.
Run Summary
  Number of events processed : 10
  User=0.000000s Real=0.021374s Sys=0.000000s
	  User TOT = 0.19	  Real TOT = 0.678271
 Summary of Run 125 :
/run/geometryModified

========= Table of registered couples ============================

Index : 0     used in the geometry : Yes
 Material : G4_AIR
 Range cuts        :  gamma  1 mm     e-  1 mm     e+  1 mm  proton 100 um 
 Energy thresholds :  gamma  990 eV     e-  990 eV     e+  990 eV  proton 10 keV
 Region(s) which use this couple : 
    DefaultRegionForTheWorld

Index : 1     used in the geometry : Yes
 Material : G4_Co
 Range cuts        :  gamma  1 mm     e-  1 mm     e+  1 mm  proton 100 um 
 Energy thresholds :  gamma  22.8507 keV    e-  1.40918 MeV    e+  1.32925 MeV proton 10 keV
 Region(s) which use this couple : 
    DefaultRegionForTheWorld

Index : 2     used in the geometry : Yes
 Material : StainlessSteel
 Range cuts        :  gamma  1 mm     e-  1 mm     e+  1 mm  proton 100 um 
 Energy thresholds :  gamma  20.6058 keV    e-  1.28056 MeV    e+  1.21009 MeV proton 10 keV
 Region(s) which use this couple : 
    DefaultRegionForTheWorld

Index : 3     used in the geometry : Yes
 Material : G4_Al
 Range cuts        :  gamma  1 mm     e-  1 mm     e+  1 mm  proton 100 um 
 Energy thresholds :  gamma  6.91572 keV    e-  597.438 keV    e+  574.135 keV proton 10 keV
 Region(s) which use this couple : 
    DefaultRegionForTheWorld

Index : 4     used in the geometry : Yes
 Material : G4_Fe
 Range cuts        :  gamma  1 mm     e-  1 mm     e+  1 mm  proton 100 um 
 Energy thresholds :  gamma  20.7572 keV    e-  1.28885 MeV    e+  1.21776 MeV proton 10 keV
 Region(s) which use this couple : 
    DefaultRegionForTheWorld

Index : 5     used in the geometry : Yes
 Material : G4_W
 Range cuts        :  gamma  1 mm     e-  1 mm     e+  1 mm  proton 100 um 
 Energy thresholds :  gamma  106.43 keV    e-  2.31004 MeV    e+  2.14587 MeV proton 10 keV
 Region(s) which use this couple : 
    DefaultRegionForTheWorld

Index : 6     used in the geometry : Yes
 Material : G4_Pb
 Range cuts        :  gamma  1 mm     e-  1 mm     e+  1 mm  proton 100 um 
 Energy thresholds :  gamma  101.797 keV    e-  1.37158 MeV    e+  1.2826 MeV proton 10 keV
 Region(s) which use this couple : 
    DefaultRegionForTheWorld

Index : 7     used in the geometry : Yes
 Material : G4_WATER
 Range cuts        :  gamma  1 mm     e-  1 mm     e+  1 mm  proton 100 um 
 Energy thresholds :  gamma  2.93547 keV    e-  351.353 keV    e+  341.657 keV proton 10 keV
 Region(s) which use this couple : 
    DefaultRegionForTheWorld

==================================================================

### Run 126 starts.
Run 126 starts ...
 Run terminated.
Run Summary
  Number of events processed : 10
  User=0.000000s Real=0.020537s Sys=0.000000s
	  User TOT = 0.19	  Real TOT = 0.698946
 Summary of Run 126 :
/run/geometryModified

========= Table of registered couples ============================

Index : 0     used in the geometry : Yes
 Material : G4_AIR
 Range cuts        :  gamma  1 mm     e-  1 mm     e+  1 mm  proton 100 um 
 Energy thresholds :  gamma  990 eV     e-  990 eV     e+  990 eV  proton 10 keV
 Region(s) which use this couple : 
    DefaultRegionForTheWorld

Index : 1     used in the geometry : Yes
 Material : G4_Co
 Range cuts        :  gamma  1 mm     e-  1 mm     e+  1 mm  proton 100 um 
 Energy thresholds :  gamma  22.8507 keV    e-  1.40918 MeV    e+  1.32925 MeV proton 10 keV
 Region(s) which use this couple : 
    DefaultRegionForTheWorld

Index : 2     used in the geometry : Yes
 Material : StainlessSteel
 Range cuts        :  gamma  1 mm     e-  1 mm     e+  1 mm  proton 100 um 
 Energy thresholds :  gamma  20.6058 keV    e-  1.28056 MeV    e+  1.21009 MeV proton 10 keV
 Region(s) which use this couple : 
    DefaultRegionForTheWorld

Index : 3     used in the geometry : Yes
 Material : G4_Al
 Range cuts        :  gamma  1 mm     e-  1 mm     e+  1 mm  proton 100 um 
 Energy thresholds :  gamma  6.91572 keV    e-  597.438 keV    e+  574.135 keV proton 10 keV
 Region(s) which use this couple : 
    DefaultRegionForTheWorld

Index : 4     used in the geometry : Yes
 Material : G4_Fe
 Range cuts        :  gamma  1 mm     e-  1 mm     e+  1 mm  proton 100 um 
 Energy thresholds :  gamma  20.7572 keV    e-  1.28885 MeV    e+  1.21776 MeV proton 10 keV
 Region(s) which use this couple : 
    DefaultRegionForTheWorld

Index : 5     used in the geometry : Yes
 Material : G4_W
 Range cuts        :  gamma  1 mm     e-  1 mm     e+  1 mm  proton 100 um 
 Energy thresholds :  gamma  106.43 keV    e-  2.31004 MeV    e+  2.14587 MeV proton 10 keV
 Region(s) which use this couple : 
    DefaultRegionForTheWorld

Index : 6     used in the geometry : Yes
 Material : G4_Pb
 Range cuts        :  gamma  1 mm     e-  1 mm     e+  1 mm  proton 100 um 
 Energy thresholds :  gamma  101.797 keV    e-  1.37158 MeV    e+  1.2826 MeV proton 10 keV
 Region(s) which use this couple : 
    DefaultRegionForTheWorld

Index : 7     used in the geometry : Yes
 Material : G4_WATER
 Range cuts        :  gamma  1 mm     e-  1 mm     e+  1 mm  proton 100 um 
 Energy thresholds :  gamma  2.93547 keV    e-  351.353 keV    e+  341.657 keV proton 10 keV
 Region(s) which use this couple : 
    DefaultRegionForTheWorld

==================================================================

### Run 127 starts.
Run 127 starts ...
 Run terminated.
Run Summary
  Number of events processed : 10
  User=0.010000s Real=0.021795s Sys=0.000000s
	  User TOT = 0.2	  Real TOT = 0.720873
 Summary of Run 127 :
/run/geometryModified

========= Table of registered couples ============================

Index : 0     used in the geometry : Yes
 Material : G4_AIR
 Range cuts        :  gamma  1 mm     e-  1 mm     e+  1 mm  proton 100 um 
 Energy thresholds :  gamma  990 eV     e-  990 eV     e+  990 eV  proton 10 keV
 Region(s) which use this couple : 
    DefaultRegionForTheWorld

Index : 1     used in the geometry : Yes
 Material : G4_Co
 Range cuts        :  gamma  1 mm     e-  1 mm     e+  1 mm  proton 100 um 
 Energy thresholds :  gamma  22.8507 keV    e-  1.40918 MeV    e+  1.32925 MeV proton 10 keV
 Region(s) which use this couple : 
    DefaultRegionForTheWorld

Index : 2     used in the geometry : Yes
 Material : StainlessSteel
 Range cuts        :  gamma  1 mm     e-  1 mm     e+  1 mm  proton 100 um 
 Energy thresholds :  gamma  20.6058 keV    e-  1.28056 MeV    e+  1.21009 MeV proton 10 keV
 Region(s) which use this couple : 
    DefaultRegionForTheWorld

Index : 3     used in the geometry : Yes
 Material : G4_Al
 Range cuts        :  gamma  1 mm     e-  1 mm     e+  1 mm  proton 100 um 
 Energy thresholds :  gamma  6.91572 keV    e-  597.438 keV    e+  574.135 keV proton 10 keV
 Region(s) which use this couple : 
    DefaultRegionForTheWorld

Index : 4     used in the geometry : Yes
 Material : G4_Fe
 Range cuts        :  gamma  1 mm     e-  1 mm     e+  1 mm  proton 100 um 
 Energy thresholds :  gamma  20.7572 keV    e-  1.28885 MeV    e+  1.21776 MeV proton 10 keV
 Region(s) which use this couple : 
    DefaultRegionForTheWorld

Index : 5     used in the geometry : Yes
 Material : G4_W
 Range cuts        :  gamma  1 mm     e-  1 mm     e+  1 mm  proton 100 um 
 Energy thresholds :  gamma  106.43 keV    e-  2.31004 MeV    e+  2.14587 MeV proton 10 keV
 Region(s) which use this couple : 
    DefaultRegionForTheWorld

Index : 6     used in the geometry : Yes
 Material : G4_Pb
 Range cuts        :  gamma  1 mm     e-  1 mm     e+  1 mm  proton 100 um 
 Energy thresholds :  gamma  101.797 keV    e-  1.37158 MeV    e+  1.2826 MeV proton 10 keV
 Region(s) which use this couple : 
    DefaultRegionForTheWorld

Index : 7     used in the geometry : Yes
 Material : G4_WATER
 Range cuts        :  gamma  1 mm     e-  1 mm     e+  1 mm  proton 100 um 
 Energy thresholds :  gamma  2.93547 keV    e-  351.353 keV    e+  341.657 keV proton 10 keV
 Region(s) which use this couple : 
    DefaultRegionForTheWorld

==================================================================

### Run 128 starts.
Run 128 starts ...
 Run terminated.
Run Summary
  Number of events processed : 10
  User=0.000000s Real=0.020814s Sys=0.000000s
	  User TOT = 0.2	  Real TOT = 0.741837
 Summary of Run 128 :
/run/geometryModified

========= Table of registered couples ============================

Index : 0     used in the geometry : Yes
 Material : G4_AIR
 Range cuts        :  gamma  1 mm     e-  1 mm     e+  1 mm  proton 100 um 
 Energy thresholds :  gamma  990 eV     e-  990 eV     e+  990 eV  proton 10 keV
 Region(s) which use this couple : 
    DefaultRegionForTheWorld

Index : 1     used in the geometry : Yes
 Material : G4_Co
 Range cuts        :  gamma  1 mm     e-  1 mm     e+  1 mm  proton 100 um 
 Energy thresholds :  gamma  22.8507 keV    e-  1.40918 MeV    e+  1.32925 MeV proton 10 keV
 Region(s) which use this couple : 
    DefaultRegionForTheWorld

Index : 2     used in the geometry : Yes
 Material : StainlessSteel
 Range cuts        :  gamma  1 mm     e-  1 mm     e+  1 mm  proton 100 um 
 Energy thresholds :  gamma  20.6058 keV    e-  1.28056 MeV    e+  1.21009 MeV proton 10 keV
 Region(s) which use this couple : 
    DefaultRegionForTheWorld

Index : 3     used in the geometry : Yes
 Material : G4_Al
 Range cuts        :  gamma  1 mm     e-  1 mm     e+  1 mm  proton 100 um 
 Energy thresholds :  gamma  6.91572 keV    e-  597.438 keV    e+  574.135 keV proton 10 keV
 Region(s) which use this couple : 
    DefaultRegionForTheWorld

Index : 4     used in the geometry : Yes
 Material : G4_Fe
 Range cuts        :  gamma  1 mm     e-  1 mm     e+  1 mm  proton 100 um 
 Energy thresholds :  gamma  20.7572 keV    e-  1.28885 MeV    e+  1.21776 MeV proton 10 keV
 Region(s) which use this couple : 
    DefaultRegionForTheWorld

Index : 5     used in the geometry : Yes
 Material : G4_W
 Range cuts        :  gamma  1 mm     e-  1 mm     e+  1 mm  proton 100 um 
 Energy thresholds :  gamma  106.43 keV    e-  2.31004 MeV    e+  2.14587 MeV proton 10 keV
 Region(s) which use this couple : 
    DefaultRegionForTheWorld

Index : 6     used in the geometry : Yes
 Material : G4_Pb
 Range cuts        :  gamma  1 mm     e-  1 mm     e+  1 mm  proton 100 um 
 Energy thresholds :  gamma  101.797 keV    e-  1.37158 MeV    e+  1.2826 MeV proton 10 keV
 Region(s) which use this couple : 
    DefaultRegionForTheWorld

Index : 7     used in the geometry : Yes
 Material : G4_WATER
 Range cuts        :  gamma  1 mm     e-  1 mm     e+  1 mm  proton 100 um 
 Energy thresholds :  gamma  2.93547 keV    e-  351.353 keV    e+  341.657 keV proton 10 keV
 Region(s) which use this couple : 
    DefaultRegionForTheWorld

==================================================================

### Run 129 starts.
Run 129 starts ...
 Run terminated.
Run Summary
  Number of events processed : 10
  User=0.000000s Real=0.020745s Sys=0.000000s
	  User TOT = 0.2	  Real TOT = 0.762716
 Summary of Run 129 :
/run/geometryModified

========= Table of registered couples ============================

Index : 0     used in the geometry : Yes
 Material : G4_AIR
 Range cuts        :  gamma  1 mm     e-  1 mm     e+  1 mm  proton 100 um 
 Energy thresholds :  gamma  990 eV     e-  990 eV     e+  990 eV  proton 10 keV
 Region(s) which use this couple : 
    DefaultRegionForTheWorld

Index : 1     used in the geometry : Yes
 Material : G4_Co
 Range cuts        :  gamma  1 mm     e-  1 mm     e+  1 mm  proton 100 um 
 Energy thresholds :  gamma  22.8507 keV    e-  1.40918 MeV    e+  1.32925 MeV proton 10 keV
 Region(s) which use this couple : 
    DefaultRegionForTheWorld

Index : 2     used in the geometry : Yes
 Material : StainlessSteel
 Range cuts        :  gamma  1 mm     e-  1 mm     e+  1 mm  proton 100 um 
 Energy thresholds :  gamma  20.6058 keV    e-  1.28056 MeV    e+  1.21009 MeV proton 10 keV
 Region(s) which use this couple : 
    DefaultRegionForTheWorld

Index : 3     used in the geometry : Yes
 Material : G4_Al
 Range cuts        :  gamma  1 mm     e-  1 mm     e+  1 mm  proton 100 um 
 Energy thresholds :  gamma  6.91572 keV    e-  597.438 keV    e+  574.135 keV proton 10 keV
 Region(s) which use this couple : 
    DefaultRegionForTheWorld

Index : 4     used in the geometry : Yes
 Material : G4_Fe
 Range cuts        :  gamma  1 mm     e-  1 mm     e+  1 mm  proton 100 um 
 Energy thresholds :  gamma  20.7572 keV    e-  1.28885 MeV    e+  1.21776 MeV proton 10 keV
 Region(s) which use this couple : 
    DefaultRegionForTheWorld

Index : 5     used in the geometry : Yes
 Material : G4_W
 Range cuts        :  gamma  1 mm     e-  1 mm     e+  1 mm  proton 100 um 
 Energy thresholds :  gamma  106.43 keV    e-  2.31004 MeV    e+  2.14587 MeV proton 10 keV
 Region(s) which use this couple : 
    DefaultRegionForTheWorld

Index : 6     used in the geometry : Yes
 Material : G4_Pb
 Range cuts        :  gamma  1 mm     e-  1 mm     e+  1 mm  proton 100 um 
 Energy thresholds :  gamma  101.797 keV    e-  1.37158 MeV    e+  1.2826 MeV proton 10 keV
 Region(s) which use this couple : 
    DefaultRegionForTheWorld

Index : 7     used in the geometry : Yes
 Material : G4_WATER
 Range cuts        :  gamma  1 mm     e-  1 mm     e+  1 mm  proton 100 um 
 Energy thresholds :  gamma  2.93547 keV    e-  351.353 keV    e+  341.657 keV proton 10 keV
 Region(s) which use this couple : 
    DefaultRegionForTheWorld

==================================================================

### Run 130 starts.
Run 130 starts ...
 Run terminated.
Run Summary
  Number of events processed : 10
  User=0.000000s Real=0.023149s Sys=0.000000s
	  User TOT = 0.2	  Real TOT = 0.786119
 Summary of Run 130 :
/run/geometryModified

========= Table of registered couples ============================

Index : 0     used in the geometry : Yes
 Material : G4_AIR
 Range cuts        :  gamma  1 mm     e-  1 mm     e+  1 mm  proton 100 um 
 Energy thresholds :  gamma  990 eV     e-  990 eV     e+  990 eV  proton 10 keV
 Region(s) which use this couple : 
    DefaultRegionForTheWorld

Index : 1     used in the geometry : Yes
 Material : G4_Co
 Range cuts        :  gamma  1 mm     e-  1 mm     e+  1 mm  proton 100 um 
 Energy thresholds :  gamma  22.8507 keV    e-  1.40918 MeV    e+  1.32925 MeV proton 10 keV
 Region(s) which use this couple : 
    DefaultRegionForTheWorld

Index : 2     used in the geometry : Yes
 Material : StainlessSteel
 Range cuts        :  gamma  1 mm     e-  1 mm     e+  1 mm  proton 100 um 
 Energy thresholds :  gamma  20.6058 keV    e-  1.28056 MeV    e+  1.21009 MeV proton 10 keV
 Region(s) which use this couple : 
    DefaultRegionForTheWorld

Index : 3     used in the geometry : Yes
 Material : G4_Al
 Range cuts        :  gamma  1 mm     e-  1 mm     e+  1 mm  proton 100 um 
 Energy thresholds :  gamma  6.91572 keV    e-  597.438 keV    e+  574.135 keV proton 10 keV
 Region(s) which use this couple : 
    DefaultRegionForTheWorld

Index : 4     used in the geometry : Yes
 Material : G4_Fe
 Range cuts        :  gamma  1 mm     e-  1 mm     e+  1 mm  proton 100 um 
 Energy thresholds :  gamma  20.7572 keV    e-  1.28885 MeV    e+  1.21776 MeV proton 10 keV
 Region(s) which use this couple : 
    DefaultRegionForTheWorld

Index : 5     used in the geometry : Yes
 Material : G4_W
 Range cuts        :  gamma  1 mm     e-  1 mm     e+  1 mm  proton 100 um 
 Energy thresholds :  gamma  106.43 keV    e-  2.31004 MeV    e+  2.14587 MeV proton 10 keV
 Region(s) which use this couple : 
    DefaultRegionForTheWorld

Index : 6     used in the geometry : Yes
 Material : G4_Pb
 Range cuts        :  gamma  1 mm     e-  1 mm     e+  1 mm  proton 100 um 
 Energy thresholds :  gamma  101.797 keV    e-  1.37158 MeV    e+  1.2826 MeV proton 10 keV
 Region(s) which use this couple : 
    DefaultRegionForTheWorld

Index : 7     used in the geometry : Yes
 Material : G4_WATER
 Range cuts        :  gamma  1 mm     e-  1 mm     e+  1 mm  proton 100 um 
 Energy thresholds :  gamma  2.93547 keV    e-  351.353 keV    e+  341.657 keV proton 10 keV
 Region(s) which use this couple : 
    DefaultRegionForTheWorld

==================================================================

### Run 131 starts.
Run 131 starts ...
 Run terminated.
Run Summary
  Number of events processed : 10
  User=0.010000s Real=0.020546s Sys=0.010000s
	  User TOT = 0.21	  Real TOT = 0.806851
 Summary of Run 131 :
/run/geometryModified

========= Table of registered couples ============================

Index : 0     used in the geometry : Yes
 Material : G4_AIR
 Range cuts        :  gamma  1 mm     e-  1 mm     e+  1 mm  proton 100 um 
 Energy thresholds :  gamma  990 eV     e-  990 eV     e+  990 eV  proton 10 keV
 Region(s) which use this couple : 
    DefaultRegionForTheWorld

Index : 1     used in the geometry : Yes
 Material : G4_Co
 Range cuts        :  gamma  1 mm     e-  1 mm     e+  1 mm  proton 100 um 
 Energy thresholds :  gamma  22.8507 keV    e-  1.40918 MeV    e+  1.32925 MeV proton 10 keV
 Region(s) which use this couple : 
    DefaultRegionForTheWorld

Index : 2     used in the geometry : Yes
 Material : StainlessSteel
 Range cuts        :  gamma  1 mm     e-  1 mm     e+  1 mm  proton 100 um 
 Energy thresholds :  gamma  20.6058 keV    e-  1.28056 MeV    e+  1.21009 MeV proton 10 keV
 Region(s) which use this couple : 
    DefaultRegionForTheWorld

Index : 3     used in the geometry : Yes
 Material : G4_Al
 Range cuts        :  gamma  1 mm     e-  1 mm     e+  1 mm  proton 100 um 
 Energy thresholds :  gamma  6.91572 keV    e-  597.438 keV    e+  574.135 keV proton 10 keV
 Region(s) which use this couple : 
    DefaultRegionForTheWorld

Index : 4     used in the geometry : Yes
 Material : G4_Fe
 Range cuts        :  gamma  1 mm     e-  1 mm     e+  1 mm  proton 100 um 
 Energy thresholds :  gamma  20.7572 keV    e-  1.28885 MeV    e+  1.21776 MeV proton 10 keV
 Region(s) which use this couple : 
    DefaultRegionForTheWorld

Index : 5     used in the geometry : Yes
 Material : G4_W
 Range cuts        :  gamma  1 mm     e-  1 mm     e+  1 mm  proton 100 um 
 Energy thresholds :  gamma  106.43 keV    e-  2.31004 MeV    e+  2.14587 MeV proton 10 keV
 Region(s) which use this couple : 
    DefaultRegionForTheWorld

Index : 6     used in the geometry : Yes
 Material : G4_Pb
 Range cuts        :  gamma  1 mm     e-  1 mm     e+  1 mm  proton 100 um 
 Energy thresholds :  gamma  101.797 keV    e-  1.37158 MeV    e+  1.2826 MeV proton 10 keV
 Region(s) which use this couple : 
    DefaultRegionForTheWorld

Index : 7     used in the geometry : Yes
 Material : G4_WATER
 Range cuts        :  gamma  1 mm     e-  1 mm     e+  1 mm  proton 100 um 
 Energy thresholds :  gamma  2.93547 keV    e-  351.353 keV    e+  341.657 keV proton 10 keV
 Region(s) which use this couple : 
    DefaultRegionForTheWorld

==================================================================

### Run 132 starts.
Run 132 starts ...
 Run terminated.
Run Summary
  Number of events processed : 10
  User=0.000000s Real=0.021865s Sys=0.000000s
	  User TOT = 0.21	  Real TOT = 0.828867
 Summary of Run 132 :
/run/geometryModified

========= Table of registered couples ============================

Index : 0     used in the geometry : Yes
 Material : G4_AIR
 Range cuts        :  gamma  1 mm     e-  1 mm     e+  1 mm  proton 100 um 
 Energy thresholds :  gamma  990 eV     e-  990 eV     e+  990 eV  proton 10 keV
 Region(s) which use this couple : 
    DefaultRegionForTheWorld

Index : 1     used in the geometry : Yes
 Material : G4_Co
 Range cuts        :  gamma  1 mm     e-  1 mm     e+  1 mm  proton 100 um 
 Energy thresholds :  gamma  22.8507 keV    e-  1.40918 MeV    e+  1.32925 MeV proton 10 keV
 Region(s) which use this couple : 
    DefaultRegionForTheWorld

Index : 2     used in the geometry : Yes
 Material : StainlessSteel
 Range cuts        :  gamma  1 mm     e-  1 mm     e+  1 mm  proton 100 um 
 Energy thresholds :  gamma  20.6058 keV    e-  1.28056 MeV    e+  1.21009 MeV proton 10 keV
 Region(s) which use this couple : 
    DefaultRegionForTheWorld

Index : 3     used in the geometry : Yes
 Material : G4_Al
 Range cuts        :  gamma  1 mm     e-  1 mm     e+  1 mm  proton 100 um 
 Energy thresholds :  gamma  6.91572 keV    e-  597.438 keV    e+  574.135 keV proton 10 keV
 Region(s) which use this couple : 
    DefaultRegionForTheWorld

Index : 4     used in the geometry : Yes
 Material : G4_Fe
 Range cuts        :  gamma  1 mm     e-  1 mm     e+  1 mm  proton 100 um 
 Energy thresholds :  gamma  20.7572 keV    e-  1.28885 MeV    e+  1.21776 MeV proton 10 keV
 Region(s) which use this couple : 
    DefaultRegionForTheWorld

Index : 5     used in the geometry : Yes
 Material : G4_W
 Range cuts        :  gamma  1 mm     e-  1 mm     e+  1 mm  proton 100 um 
 Energy thresholds :  gamma  106.43 keV    e-  2.31004 MeV    e+  2.14587 MeV proton 10 keV
 Region(s) which use this couple : 
    DefaultRegionForTheWorld

Index : 6     used in the geometry : Yes
 Material : G4_Pb
 Range cuts        :  gamma  1 mm     e-  1 mm     e+  1 mm  proton 100 um 
 Energy thresholds :  gamma  101.797 keV    e-  1.37158 MeV    e+  1.2826 MeV proton 10 keV
 Region(s) which use this couple : 
    DefaultRegionForTheWorld

Index : 7     used in the geometry : Yes
 Material : G4_WATER
 Range cuts        :  gamma  1 mm     e-  1 mm     e+  1 mm  proton 100 um 
 Energy thresholds :  gamma  2.93547 keV    e-  351.353 keV    e+  341.657 keV proton 10 keV
 Region(s) which use this couple : 
    DefaultRegionForTheWorld

==================================================================

### Run 133 starts.
Run 133 starts ...
 Run terminated.
Run Summary
  Number of events processed : 10
  User=0.000000s Real=0.020088s Sys=0.000000s
	  User TOT = 0.21	  Real TOT = 0.8491
 Summary of Run 133 :
/run/geometryModified

========= Table of registered couples ============================

Index : 0     used in the geometry : Yes
 Material : G4_AIR
 Range cuts        :  gamma  1 mm     e-  1 mm     e+  1 mm  proton 100 um 
 Energy thresholds :  gamma  990 eV     e-  990 eV     e+  990 eV  proton 10 keV
 Region(s) which use this couple : 
    DefaultRegionForTheWorld

Index : 1     used in the geometry : Yes
 Material : G4_Co
 Range cuts        :  gamma  1 mm     e-  1 mm     e+  1 mm  proton 100 um 
 Energy thresholds :  gamma  22.8507 keV    e-  1.40918 MeV    e+  1.32925 MeV proton 10 keV
 Region(s) which use this couple : 
    DefaultRegionForTheWorld

Index : 2     used in the geometry : Yes
 Material : StainlessSteel
 Range cuts        :  gamma  1 mm     e-  1 mm     e+  1 mm  proton 100 um 
 Energy thresholds :  gamma  20.6058 keV    e-  1.28056 MeV    e+  1.21009 MeV proton 10 keV
 Region(s) which use this couple : 
    DefaultRegionForTheWorld

Index : 3     used in the geometry : Yes
 Material : G4_Al
 Range cuts        :  gamma  1 mm     e-  1 mm     e+  1 mm  proton 100 um 
 Energy thresholds :  gamma  6.91572 keV    e-  597.438 keV    e+  574.135 keV proton 10 keV
 Region(s) which use this couple : 
    DefaultRegionForTheWorld

Index : 4     used in the geometry : Yes
 Material : G4_Fe
 Range cuts        :  gamma  1 mm     e-  1 mm     e+  1 mm  proton 100 um 
 Energy thresholds :  gamma  20.7572 keV    e-  1.28885 MeV    e+  1.21776 MeV proton 10 keV
 Region(s) which use this couple : 
    DefaultRegionForTheWorld

Index : 5     used in the geometry : Yes
 Material : G4_W
 Range cuts        :  gamma  1 mm     e-  1 mm     e+  1 mm  proton 100 um 
 Energy thresholds :  gamma  106.43 keV    e-  2.31004 MeV    e+  2.14587 MeV proton 10 keV
 Region(s) which use this couple : 
    DefaultRegionForTheWorld

Index : 6     used in the geometry : Yes
 Material : G4_Pb
 Range cuts        :  gamma  1 mm     e-  1 mm     e+  1 mm  proton 100 um 
 Energy thresholds :  gamma  101.797 keV    e-  1.37158 MeV    e+  1.2826 MeV proton 10 keV
 Region(s) which use this couple : 
    DefaultRegionForTheWorld

Index : 7     used in the geometry : Yes
 Material : G4_WATER
 Range cuts        :  gamma  1 mm     e-  1 mm     e+  1 mm  proton 100 um 
 Energy thresholds :  gamma  2.93547 keV    e-  351.353 keV    e+  341.657 keV proton 10 keV
 Region(s) which use this couple : 
    DefaultRegionForTheWorld

==================================================================

### Run 134 starts.
Run 134 starts ...
 Run terminated.
Run Summary
  Number of events processed : 10
  User=0.000000s Real=0.021040s Sys=0.000000s
	  User TOT = 0.21	  Real TOT = 0.870274
 Summary of Run 134 :
/run/geometryModified

========= Table of registered couples ============================

Index : 0     used in the geometry : Yes
 Material : G4_AIR
 Range cuts        :  gamma  1 mm     e-  1 mm     e+  1 mm  proton 100 um 
 Energy thresholds :  gamma  990 eV     e-  990 eV     e+  990 eV  proton 10 keV
 Region(s) which use this couple : 
    DefaultRegionForTheWorld

Index : 1     used in the geometry : Yes
 Material : G4_Co
 Range cuts        :  gamma  1 mm     e-  1 mm     e+  1 mm  proton 100 um 
 Energy thresholds :  gamma  22.8507 keV    e-  1.40918 MeV    e+  1.32925 MeV proton 10 keV
 Region(s) which use this couple : 
    DefaultRegionForTheWorld

Index : 2     used in the geometry : Yes
 Material : StainlessSteel
 Range cuts        :  gamma  1 mm     e-  1 mm     e+  1 mm  proton 100 um 
 Energy thresholds :  gamma  20.6058 keV    e-  1.28056 MeV    e+  1.21009 MeV proton 10 keV
 Region(s) which use this couple : 
    DefaultRegionForTheWorld

Index : 3     used in the geometry : Yes
 Material : G4_Al
 Range cuts        :  gamma  1 mm     e-  1 mm     e+  1 mm  proton 100 um 
 Energy thresholds :  gamma  6.91572 keV    e-  597.438 keV    e+  574.135 keV proton 10 keV
 Region(s) which use this couple : 
    DefaultRegionForTheWorld

Index : 4     used in the geometry : Yes
 Material : G4_Fe
 Range cuts        :  gamma  1 mm     e-  1 mm     e+  1 mm  proton 100 um 
 Energy thresholds :  gamma  20.7572 keV    e-  1.28885 MeV    e+  1.21776 MeV proton 10 keV
 Region(s) which use this couple : 
    DefaultRegionForTheWorld

Index : 5     used in the geometry : Yes
 Material : G4_W
 Range cuts        :  gamma  1 mm     e-  1 mm     e+  1 mm  proton 100 um 
 Energy thresholds :  gamma  106.43 keV    e-  2.31004 MeV    e+  2.14587 MeV proton 10 keV
 Region(s) which use this couple : 
    DefaultRegionForTheWorld

Index : 6     used in the geometry : Yes
 Material : G4_Pb
 Range cuts        :  gamma  1 mm     e-  1 mm     e+  1 mm  proton 100 um 
 Energy thresholds :  gamma  101.797 keV    e-  1.37158 MeV    e+  1.2826 MeV proton 10 keV
 Region(s) which use this couple : 
    DefaultRegionForTheWorld

Index : 7     used in the geometry : Yes
 Material : G4_WATER
 Range cuts        :  gamma  1 mm     e-  1 mm     e+  1 mm  proton 100 um 
 Energy thresholds :  gamma  2.93547 keV    e-  351.353 keV    e+  341.657 keV proton 10 keV
 Region(s) which use this couple : 
    DefaultRegionForTheWorld

==================================================================

### Run 135 starts.
Run 135 starts ...
 Run terminated.
Run Summary
  Number of events processed : 10
  User=0.010000s Real=0.021789s Sys=0.000000s
	  User TOT = 0.22	  Real TOT = 0.892204
 Summary of Run 135 :
/run/geometryModified

========= Table of registered couples ============================

Index : 0     used in the geometry : Yes
 Material : G4_AIR
 Range cuts        :  gamma  1 mm     e-  1 mm     e+  1 mm  proton 100 um 
 Energy thresholds :  gamma  990 eV     e-  990 eV     e+  990 eV  proton 10 keV
 Region(s) which use this couple : 
    DefaultRegionForTheWorld

Index : 1     used in the geometry : Yes
 Material : G4_Co
 Range cuts        :  gamma  1 mm     e-  1 mm     e+  1 mm  proton 100 um 
 Energy thresholds :  gamma  22.8507 keV    e-  1.40918 MeV    e+  1.32925 MeV proton 10 keV
 Region(s) which use this couple : 
    DefaultRegionForTheWorld

Index : 2     used in the geometry : Yes
 Material : StainlessSteel
 Range cuts        :  gamma  1 mm     e-  1 mm     e+  1 mm  proton 100 um 
 Energy thresholds :  gamma  20.6058 keV    e-  1.28056 MeV    e+  1.21009 MeV proton 10 keV
 Region(s) which use this couple : 
    DefaultRegionForTheWorld

Index : 3     used in the geometry : Yes
 Material : G4_Al
 Range cuts        :  gamma  1 mm     e-  1 mm     e+  1 mm  proton 100 um 
 Energy thresholds :  gamma  6.91572 keV    e-  597.438 keV    e+  574.135 keV proton 10 keV
 Region(s) which use this couple : 
    DefaultRegionForTheWorld

Index : 4     used in the geometry : Yes
 Material : G4_Fe
 Range cuts        :  gamma  1 mm     e-  1 mm     e+  1 mm  proton 100 um 
 Energy thresholds :  gamma  20.7572 keV    e-  1.28885 MeV    e+  1.21776 MeV proton 10 keV
 Region(s) which use this couple : 
    DefaultRegionForTheWorld

Index : 5     used in the geometry : Yes
 Material : G4_W
 Range cuts        :  gamma  1 mm     e-  1 mm     e+  1 mm  proton 100 um 
 Energy thresholds :  gamma  106.43 keV    e-  2.31004 MeV    e+  2.14587 MeV proton 10 keV
 Region(s) which use this couple : 
    DefaultRegionForTheWorld

Index : 6     used in the geometry : Yes
 Material : G4_Pb
 Range cuts        :  gamma  1 mm     e-  1 mm     e+  1 mm  proton 100 um 
 Energy thresholds :  gamma  101.797 keV    e-  1.37158 MeV    e+  1.2826 MeV proton 10 keV
 Region(s) which use this couple : 
    DefaultRegionForTheWorld

Index : 7     used in the geometry : Yes
 Material : G4_WATER
 Range cuts        :  gamma  1 mm     e-  1 mm     e+  1 mm  proton 100 um 
 Energy thresholds :  gamma  2.93547 keV    e-  351.353 keV    e+  341.657 keV proton 10 keV
 Region(s) which use this couple : 
    DefaultRegionForTheWorld

==================================================================

### Run 136 starts.
Run 136 starts ...
 Run terminated.
Run Summary
  Number of events processed : 10
  User=0.000000s Real=0.020627s Sys=0.000000s
	  User TOT = 0.22	  Real TOT = 0.912972
 Summary of Run 136 :
/run/geometryModified

========= Table of registered couples ============================

Index : 0     used in the geometry : Yes
 Material : G4_AIR
 Range cuts        :  gamma  1 mm     e-  1 mm     e+  1 mm  proton 100 um 
 Energy thresholds :  gamma  990 eV     e-  990 eV     e+  990 eV  proton 10 keV
 Region(s) which use this couple : 
    DefaultRegionForTheWorld

Index : 1     used in the geometry : Yes
 Material : G4_Co
 Range cuts        :  gamma  1 mm     e-  1 mm     e+  1 mm  proton 100 um 
 Energy thresholds :  gamma  22.8507 keV    e-  1.40918 MeV    e+  1.32925 MeV proton 10 keV
 Region(s) which use this couple : 
    DefaultRegionForTheWorld

Index : 2     used in the geometry : Yes
 Material : StainlessSteel
 Range cuts        :  gamma  1 mm     e-  1 mm     e+  1 mm  proton 100 um 
 Energy thresholds :  gamma  20.6058 keV    e-  1.28056 MeV    e+  1.21009 MeV proton 10 keV
 Region(s) which use this couple : 
    DefaultRegionForTheWorld

Index : 3     used in the geometry : Yes
 Material : G4_Al
 Range cuts        :  gamma  1 mm     e-  1 mm     e+  1 mm  proton 100 um 
 Energy thresholds :  gamma  6.91572 keV    e-  597.438 keV    e+  574.135 keV proton 10 keV
 Region(s) which use this couple : 
    DefaultRegionForTheWorld

Index : 4     used in the geometry : Yes
 Material : G4_Fe
 Range cuts        :  gamma  1 mm     e-  1 mm     e+  1 mm  proton 100 um 
 Energy thresholds :  gamma  20.7572 keV    e-  1.28885 MeV    e+  1.21776 MeV proton 10 keV
 Region(s) which use this couple : 
    DefaultRegionForTheWorld

Index : 5     used in the geometry : Yes
 Material : G4_W
 Range cuts        :  gamma  1 mm     e-  1 mm     e+  1 mm  proton 100 um 
 Energy thresholds :  gamma  106.43 keV    e-  2.31004 MeV    e+  2.14587 MeV proton 10 keV
 Region(s) which use this couple : 
    DefaultRegionForTheWorld

Index : 6     used in the geometry : Yes
 Material : G4_Pb
 Range cuts        :  gamma  1 mm     e-  1 mm     e+  1 mm  proton 100 um 
 Energy thresholds :  gamma  101.797 keV    e-  1.37158 MeV    e+  1.2826 MeV proton 10 keV
 Region(s) which use this couple : 
    DefaultRegionForTheWorld

Index : 7     used in the geometry : Yes
 Material : G4_WATER
 Range cuts        :  gamma  1 mm     e-  1 mm     e+  1 mm  proton 100 um 
 Energy thresholds :  gamma  2.93547 keV    e-  351.353 keV    e+  341.657 keV proton 10 keV
 Region(s) which use this couple : 
    DefaultRegionForTheWorld

==================================================================

### Run 137 starts.
Run 137 starts ...
 Run terminated.
Run Summary
  Number of events processed : 10
  User=0.000000s Real=0.020880s Sys=0.000000s
	  User TOT = 0.22	  Real TOT = 0.933994
 Summary of Run 137 :
/run/geometryModified

========= Table of registered couples ============================

Index : 0     used in the geometry : Yes
 Material : G4_AIR
 Range cuts        :  gamma  1 mm     e-  1 mm     e+  1 mm  proton 100 um 
 Energy thresholds :  gamma  990 eV     e-  990 eV     e+  990 eV  proton 10 keV
 Region(s) which use this couple : 
    DefaultRegionForTheWorld

Index : 1     used in the geometry : Yes
 Material : G4_Co
 Range cuts        :  gamma  1 mm     e-  1 mm     e+  1 mm  proton 100 um 
 Energy thresholds :  gamma  22.8507 keV    e-  1.40918 MeV    e+  1.32925 MeV proton 10 keV
 Region(s) which use this couple : 
    DefaultRegionForTheWorld

Index : 2     used in the geometry : Yes
 Material : StainlessSteel
 Range cuts        :  gamma  1 mm     e-  1 mm     e+  1 mm  proton 100 um 
 Energy thresholds :  gamma  20.6058 keV    e-  1.28056 MeV    e+  1.21009 MeV proton 10 keV
 Region(s) which use this couple : 
    DefaultRegionForTheWorld

Index : 3     used in the geometry : Yes
 Material : G4_Al
 Range cuts        :  gamma  1 mm     e-  1 mm     e+  1 mm  proton 100 um 
 Energy thresholds :  gamma  6.91572 keV    e-  597.438 keV    e+  574.135 keV proton 10 keV
 Region(s) which use this couple : 
    DefaultRegionForTheWorld

Index : 4     used in the geometry : Yes
 Material : G4_Fe
 Range cuts        :  gamma  1 mm     e-  1 mm     e+  1 mm  proton 100 um 
 Energy thresholds :  gamma  20.7572 keV    e-  1.28885 MeV    e+  1.21776 MeV proton 10 keV
 Region(s) which use this couple : 
    DefaultRegionForTheWorld

Index : 5     used in the geometry : Yes
 Material : G4_W
 Range cuts        :  gamma  1 mm     e-  1 mm     e+  1 mm  proton 100 um 
 Energy thresholds :  gamma  106.43 keV    e-  2.31004 MeV    e+  2.14587 MeV proton 10 keV
 Region(s) which use this couple : 
    DefaultRegionForTheWorld

Index : 6     used in the geometry : Yes
 Material : G4_Pb
 Range cuts        :  gamma  1 mm     e-  1 mm     e+  1 mm  proton 100 um 
 Energy thresholds :  gamma  101.797 keV    e-  1.37158 MeV    e+  1.2826 MeV proton 10 keV
 Region(s) which use this couple : 
    DefaultRegionForTheWorld

Index : 7     used in the geometry : Yes
 Material : G4_WATER
 Range cuts        :  gamma  1 mm     e-  1 mm     e+  1 mm  proton 100 um 
 Energy thresholds :  gamma  2.93547 keV    e-  351.353 keV    e+  341.657 keV proton 10 keV
 Region(s) which use this couple : 
    DefaultRegionForTheWorld

==================================================================

### Run 138 starts.
Run 138 starts ...
 Run terminated.
Run Summary
  Number of events processed : 10
  User=0.000000s Real=0.021546s Sys=0.000000s
	  User TOT = 0.22	  Real TOT = 0.955678
 Summary of Run 138 :
/run/geometryModified

========= Table of registered couples ============================

Index : 0     used in the geometry : Yes
 Material : G4_AIR
 Range cuts        :  gamma  1 mm     e-  1 mm     e+  1 mm  proton 100 um 
 Energy thresholds :  gamma  990 eV     e-  990 eV     e+  990 eV  proton 10 keV
 Region(s) which use this couple : 
    DefaultRegionForTheWorld

Index : 1     used in the geometry : Yes
 Material : G4_Co
 Range cuts        :  gamma  1 mm     e-  1 mm     e+  1 mm  proton 100 um 
 Energy thresholds :  gamma  22.8507 keV    e-  1.40918 MeV    e+  1.32925 MeV proton 10 keV
 Region(s) which use this couple : 
    DefaultRegionForTheWorld

Index : 2     used in the geometry : Yes
 Material : StainlessSteel
 Range cuts        :  gamma  1 mm     e-  1 mm     e+  1 mm  proton 100 um 
 Energy thresholds :  gamma  20.6058 keV    e-  1.28056 MeV    e+  1.21009 MeV proton 10 keV
 Region(s) which use this couple : 
    DefaultRegionForTheWorld

Index : 3     used in the geometry : Yes
 Material : G4_Al
 Range cuts        :  gamma  1 mm     e-  1 mm     e+  1 mm  proton 100 um 
 Energy thresholds :  gamma  6.91572 keV    e-  597.438 keV    e+  574.135 keV proton 10 keV
 Region(s) which use this couple : 
    DefaultRegionForTheWorld

Index : 4     used in the geometry : Yes
 Material : G4_Fe
 Range cuts        :  gamma  1 mm     e-  1 mm     e+  1 mm  proton 100 um 
 Energy thresholds :  gamma  20.7572 keV    e-  1.28885 MeV    e+  1.21776 MeV proton 10 keV
 Region(s) which use this couple : 
    DefaultRegionForTheWorld

Index : 5     used in the geometry : Yes
 Material : G4_W
 Range cuts        :  gamma  1 mm     e-  1 mm     e+  1 mm  proton 100 um 
 Energy thresholds :  gamma  106.43 keV    e-  2.31004 MeV    e+  2.14587 MeV proton 10 keV
 Region(s) which use this couple : 
    DefaultRegionForTheWorld

Index : 6     used in the geometry : Yes
 Material : G4_Pb
 Range cuts        :  gamma  1 mm     e-  1 mm     e+  1 mm  proton 100 um 
 Energy thresholds :  gamma  101.797 keV    e-  1.37158 MeV    e+  1.2826 MeV proton 10 keV
 Region(s) which use this couple : 
    DefaultRegionForTheWorld

Index : 7     used in the geometry : Yes
 Material : G4_WATER
 Range cuts        :  gamma  1 mm     e-  1 mm     e+  1 mm  proton 100 um 
 Energy thresholds :  gamma  2.93547 keV    e-  351.353 keV    e+  341.657 keV proton 10 keV
 Region(s) which use this couple : 
    DefaultRegionForTheWorld

==================================================================

### Run 139 starts.
Run 139 starts ...
 Run terminated.
Run Summary
  Number of events processed : 10
  User=0.000000s Real=0.020005s Sys=0.000000s
	  User TOT = 0.23	  Real TOT = 0.975818
 Summary of Run 139 :
/run/geometryModified

========= Table of registered couples ============================

Index : 0     used in the geometry : Yes
 Material : G4_AIR
 Range cuts        :  gamma  1 mm     e-  1 mm     e+  1 mm  proton 100 um 
 Energy thresholds :  gamma  990 eV     e-  990 eV     e+  990 eV  proton 10 keV
 Region(s) which use this couple : 
    DefaultRegionForTheWorld

Index : 1     used in the geometry : Yes
 Material : G4_Co
 Range cuts        :  gamma  1 mm     e-  1 mm     e+  1 mm  proton 100 um 
 Energy thresholds :  gamma  22.8507 keV    e-  1.40918 MeV    e+  1.32925 MeV proton 10 keV
 Region(s) which use this couple : 
    DefaultRegionForTheWorld

Index : 2     used in the geometry : Yes
 Material : StainlessSteel
 Range cuts        :  gamma  1 mm     e-  1 mm     e+  1 mm  proton 100 um 
 Energy thresholds :  gamma  20.6058 keV    e-  1.28056 MeV    e+  1.21009 MeV proton 10 keV
 Region(s) which use this couple : 
    DefaultRegionForTheWorld

Index : 3     used in the geometry : Yes
 Material : G4_Al
 Range cuts        :  gamma  1 mm     e-  1 mm     e+  1 mm  proton 100 um 
 Energy thresholds :  gamma  6.91572 keV    e-  597.438 keV    e+  574.135 keV proton 10 keV
 Region(s) which use this couple : 
    DefaultRegionForTheWorld

Index : 4     used in the geometry : Yes
 Material : G4_Fe
 Range cuts        :  gamma  1 mm     e-  1 mm     e+  1 mm  proton 100 um 
 Energy thresholds :  gamma  20.7572 keV    e-  1.28885 MeV    e+  1.21776 MeV proton 10 keV
 Region(s) which use this couple : 
    DefaultRegionForTheWorld

Index : 5     used in the geometry : Yes
 Material : G4_W
 Range cuts        :  gamma  1 mm     e-  1 mm     e+  1 mm  proton 100 um 
 Energy thresholds :  gamma  106.43 keV    e-  2.31004 MeV    e+  2.14587 MeV proton 10 keV
 Region(s) which use this couple : 
    DefaultRegionForTheWorld

Index : 6     used in the geometry : Yes
 Material : G4_Pb
 Range cuts        :  gamma  1 mm     e-  1 mm     e+  1 mm  proton 100 um 
 Energy thresholds :  gamma  101.797 keV    e-  1.37158 MeV    e+  1.2826 MeV proton 10 keV
 Region(s) which use this couple : 
    DefaultRegionForTheWorld

Index : 7     used in the geometry : Yes
 Material : G4_WATER
 Range cuts        :  gamma  1 mm     e-  1 mm     e+  1 mm  proton 100 um 
 Energy thresholds :  gamma  2.93547 keV    e-  351.353 keV    e+  341.657 keV proton 10 keV
 Region(s) which use this couple : 
    DefaultRegionForTheWorld

==================================================================

### Run 140 starts.
Run 140 starts ...
 Run terminated.
Run Summary
  Number of events processed : 10
  User=0.000000s Real=0.021316s Sys=0.000000s
	  User TOT = 0.23	  Real TOT = 0.997272
 Summary of Run 140 :
/run/geometryModified

========= Table of registered couples ============================

Index : 0     used in the geometry : Yes
 Material : G4_AIR
 Range cuts        :  gamma  1 mm     e-  1 mm     e+  1 mm  proton 100 um 
 Energy thresholds :  gamma  990 eV     e-  990 eV     e+  990 eV  proton 10 keV
 Region(s) which use this couple : 
    DefaultRegionForTheWorld

Index : 1     used in the geometry : Yes
 Material : G4_Co
 Range cuts        :  gamma  1 mm     e-  1 mm     e+  1 mm  proton 100 um 
 Energy thresholds :  gamma  22.8507 keV    e-  1.40918 MeV    e+  1.32925 MeV proton 10 keV
 Region(s) which use this couple : 
    DefaultRegionForTheWorld

Index : 2     used in the geometry : Yes
 Material : StainlessSteel
 Range cuts        :  gamma  1 mm     e-  1 mm     e+  1 mm  proton 100 um 
 Energy thresholds :  gamma  20.6058 keV    e-  1.28056 MeV    e+  1.21009 MeV proton 10 keV
 Region(s) which use this couple : 
    DefaultRegionForTheWorld

Index : 3     used in the geometry : Yes
 Material : G4_Al
 Range cuts        :  gamma  1 mm     e-  1 mm     e+  1 mm  proton 100 um 
 Energy thresholds :  gamma  6.91572 keV    e-  597.438 keV    e+  574.135 keV proton 10 keV
 Region(s) which use this couple : 
    DefaultRegionForTheWorld

Index : 4     used in the geometry : Yes
 Material : G4_Fe
 Range cuts        :  gamma  1 mm     e-  1 mm     e+  1 mm  proton 100 um 
 Energy thresholds :  gamma  20.7572 keV    e-  1.28885 MeV    e+  1.21776 MeV proton 10 keV
 Region(s) which use this couple : 
    DefaultRegionForTheWorld

Index : 5     used in the geometry : Yes
 Material : G4_W
 Range cuts        :  gamma  1 mm     e-  1 mm     e+  1 mm  proton 100 um 
 Energy thresholds :  gamma  106.43 keV    e-  2.31004 MeV    e+  2.14587 MeV proton 10 keV
 Region(s) which use this couple : 
    DefaultRegionForTheWorld

Index : 6     used in the geometry : Yes
 Material : G4_Pb
 Range cuts        :  gamma  1 mm     e-  1 mm     e+  1 mm  proton 100 um 
 Energy thresholds :  gamma  101.797 keV    e-  1.37158 MeV    e+  1.2826 MeV proton 10 keV
 Region(s) which use this couple : 
    DefaultRegionForTheWorld

Index : 7     used in the geometry : Yes
 Material : G4_WATER
 Range cuts        :  gamma  1 mm     e-  1 mm     e+  1 mm  proton 100 um 
 Energy thresholds :  gamma  2.93547 keV    e-  351.353 keV    e+  341.657 keV proton 10 keV
 Region(s) which use this couple : 
    DefaultRegionForTheWorld

==================================================================

### Run 141 starts.
Run 141 starts ...
 Run terminated.
Run Summary
  Number of events processed : 10
  User=0.000000s Real=0.020784s Sys=0.010000s
	  User TOT = 0.23	  Real TOT = 1.0182
 Summary of Run 141 :
/run/geometryModified

========= Table of registered couples ============================

Index : 0     used in the geometry : Yes
 Material : G4_AIR
 Range cuts        :  gamma  1 mm     e-  1 mm     e+  1 mm  proton 100 um 
 Energy thresholds :  gamma  990 eV     e-  990 eV     e+  990 eV  proton 10 keV
 Region(s) which use this couple : 
    DefaultRegionForTheWorld

Index : 1     used in the geometry : Yes
 Material : G4_Co
 Range cuts        :  gamma  1 mm     e-  1 mm     e+  1 mm  proton 100 um 
 Energy thresholds :  gamma  22.8507 keV    e-  1.40918 MeV    e+  1.32925 MeV proton 10 keV
 Region(s) which use this couple : 
    DefaultRegionForTheWorld

Index : 2     used in the geometry : Yes
 Material : StainlessSteel
 Range cuts        :  gamma  1 mm     e-  1 mm     e+  1 mm  proton 100 um 
 Energy thresholds :  gamma  20.6058 keV    e-  1.28056 MeV    e+  1.21009 MeV proton 10 keV
 Region(s) which use this couple : 
    DefaultRegionForTheWorld

Index : 3     used in the geometry : Yes
 Material : G4_Al
 Range cuts        :  gamma  1 mm     e-  1 mm     e+  1 mm  proton 100 um 
 Energy thresholds :  gamma  6.91572 keV    e-  597.438 keV    e+  574.135 keV proton 10 keV
 Region(s) which use this couple : 
    DefaultRegionForTheWorld

Index : 4     used in the geometry : Yes
 Material : G4_Fe
 Range cuts        :  gamma  1 mm     e-  1 mm     e+  1 mm  proton 100 um 
 Energy thresholds :  gamma  20.7572 keV    e-  1.28885 MeV    e+  1.21776 MeV proton 10 keV
 Region(s) which use this couple : 
    DefaultRegionForTheWorld

Index : 5     used in the geometry : Yes
 Material : G4_W
 Range cuts        :  gamma  1 mm     e-  1 mm     e+  1 mm  proton 100 um 
 Energy thresholds :  gamma  106.43 keV    e-  2.31004 MeV    e+  2.14587 MeV proton 10 keV
 Region(s) which use this couple : 
    DefaultRegionForTheWorld

Index : 6     used in the geometry : Yes
 Material : G4_Pb
 Range cuts        :  gamma  1 mm     e-  1 mm     e+  1 mm  proton 100 um 
 Energy thresholds :  gamma  101.797 keV    e-  1.37158 MeV    e+  1.2826 MeV proton 10 keV
 Region(s) which use this couple : 
    DefaultRegionForTheWorld

Index : 7     used in the geometry : Yes
 Material : G4_WATER
 Range cuts        :  gamma  1 mm     e-  1 mm     e+  1 mm  proton 100 um 
 Energy thresholds :  gamma  2.93547 keV    e-  351.353 keV    e+  341.657 keV proton 10 keV
 Region(s) which use this couple : 
    DefaultRegionForTheWorld

==================================================================

### Run 142 starts.
Run 142 starts ...
 Run terminated.
Run Summary
  Number of events processed : 10
  User=0.000000s Real=0.021728s Sys=0.000000s
	  User TOT = 0.23	  Real TOT = 1.04006
 Summary of Run 142 :
/run/geometryModified

========= Table of registered couples ============================

Index : 0     used in the geometry : Yes
 Material : G4_AIR
 Range cuts        :  gamma  1 mm     e-  1 mm     e+  1 mm  proton 100 um 
 Energy thresholds :  gamma  990 eV     e-  990 eV     e+  990 eV  proton 10 keV
 Region(s) which use this couple : 
    DefaultRegionForTheWorld

Index : 1     used in the geometry : Yes
 Material : G4_Co
 Range cuts        :  gamma  1 mm     e-  1 mm     e+  1 mm  proton 100 um 
 Energy thresholds :  gamma  22.8507 keV    e-  1.40918 MeV    e+  1.32925 MeV proton 10 keV
 Region(s) which use this couple : 
    DefaultRegionForTheWorld

Index : 2     used in the geometry : Yes
 Material : StainlessSteel
 Range cuts        :  gamma  1 mm     e-  1 mm     e+  1 mm  proton 100 um 
 Energy thresholds :  gamma  20.6058 keV    e-  1.28056 MeV    e+  1.21009 MeV proton 10 keV
 Region(s) which use this couple : 
    DefaultRegionForTheWorld

Index : 3     used in the geometry : Yes
 Material : G4_Al
 Range cuts        :  gamma  1 mm     e-  1 mm     e+  1 mm  proton 100 um 
 Energy thresholds :  gamma  6.91572 keV    e-  597.438 keV    e+  574.135 keV proton 10 keV
 Region(s) which use this couple : 
    DefaultRegionForTheWorld

Index : 4     used in the geometry : Yes
 Material : G4_Fe
 Range cuts        :  gamma  1 mm     e-  1 mm     e+  1 mm  proton 100 um 
 Energy thresholds :  gamma  20.7572 keV    e-  1.28885 MeV    e+  1.21776 MeV proton 10 keV
 Region(s) which use this couple : 
    DefaultRegionForTheWorld

Index : 5     used in the geometry : Yes
 Material : G4_W
 Range cuts        :  gamma  1 mm     e-  1 mm     e+  1 mm  proton 100 um 
 Energy thresholds :  gamma  106.43 keV    e-  2.31004 MeV    e+  2.14587 MeV proton 10 keV
 Region(s) which use this couple : 
    DefaultRegionForTheWorld

Index : 6     used in the geometry : Yes
 Material : G4_Pb
 Range cuts        :  gamma  1 mm     e-  1 mm     e+  1 mm  proton 100 um 
 Energy thresholds :  gamma  101.797 keV    e-  1.37158 MeV    e+  1.2826 MeV proton 10 keV
 Region(s) which use this couple : 
    DefaultRegionForTheWorld

Index : 7     used in the geometry : Yes
 Material : G4_WATER
 Range cuts        :  gamma  1 mm     e-  1 mm     e+  1 mm  proton 100 um 
 Energy thresholds :  gamma  2.93547 keV    e-  351.353 keV    e+  341.657 keV proton 10 keV
 Region(s) which use this couple : 
    DefaultRegionForTheWorld

==================================================================

### Run 143 starts.
Run 143 starts ...
 Run terminated.
Run Summary
  Number of events processed : 10
  User=0.000000s Real=0.020560s Sys=0.000000s
	  User TOT = 0.23	  Real TOT = 1.06077
 Summary of Run 143 :
/run/geometryModified

========= Table of registered couples ============================

Index : 0     used in the geometry : Yes
 Material : G4_AIR
 Range cuts        :  gamma  1 mm     e-  1 mm     e+  1 mm  proton 100 um 
 Energy thresholds :  gamma  990 eV     e-  990 eV     e+  990 eV  proton 10 keV
 Region(s) which use this couple : 
    DefaultRegionForTheWorld

Index : 1     used in the geometry : Yes
 Material : G4_Co
 Range cuts        :  gamma  1 mm     e-  1 mm     e+  1 mm  proton 100 um 
 Energy thresholds :  gamma  22.8507 keV    e-  1.40918 MeV    e+  1.32925 MeV proton 10 keV
 Region(s) which use this couple : 
    DefaultRegionForTheWorld

Index : 2     used in the geometry : Yes
 Material : StainlessSteel
 Range cuts        :  gamma  1 mm     e-  1 mm     e+  1 mm  proton 100 um 
 Energy thresholds :  gamma  20.6058 keV    e-  1.28056 MeV    e+  1.21009 MeV proton 10 keV
 Region(s) which use this couple : 
    DefaultRegionForTheWorld

Index : 3     used in the geometry : Yes
 Material : G4_Al
 Range cuts        :  gamma  1 mm     e-  1 mm     e+  1 mm  proton 100 um 
 Energy thresholds :  gamma  6.91572 keV    e-  597.438 keV    e+  574.135 keV proton 10 keV
 Region(s) which use this couple : 
    DefaultRegionForTheWorld

Index : 4     used in the geometry : Yes
 Material : G4_Fe
 Range cuts        :  gamma  1 mm     e-  1 mm     e+  1 mm  proton 100 um 
 Energy thresholds :  gamma  20.7572 keV    e-  1.28885 MeV    e+  1.21776 MeV proton 10 keV
 Region(s) which use this couple : 
    DefaultRegionForTheWorld

Index : 5     used in the geometry : Yes
 Material : G4_W
 Range cuts        :  gamma  1 mm     e-  1 mm     e+  1 mm  proton 100 um 
 Energy thresholds :  gamma  106.43 keV    e-  2.31004 MeV    e+  2.14587 MeV proton 10 keV
 Region(s) which use this couple : 
    DefaultRegionForTheWorld

Index : 6     used in the geometry : Yes
 Material : G4_Pb
 Range cuts        :  gamma  1 mm     e-  1 mm     e+  1 mm  proton 100 um 
 Energy thresholds :  gamma  101.797 keV    e-  1.37158 MeV    e+  1.2826 MeV proton 10 keV
 Region(s) which use this couple : 
    DefaultRegionForTheWorld

Index : 7     used in the geometry : Yes
 Material : G4_WATER
 Range cuts        :  gamma  1 mm     e-  1 mm     e+  1 mm  proton 100 um 
 Energy thresholds :  gamma  2.93547 keV    e-  351.353 keV    e+  341.657 keV proton 10 keV
 Region(s) which use this couple : 
    DefaultRegionForTheWorld

==================================================================

### Run 144 starts.
Run 144 starts ...
 Run terminated.
Run Summary
  Number of events processed : 10
  User=0.000000s Real=0.020599s Sys=0.000000s
	  User TOT = 0.23	  Real TOT = 1.08243
 Summary of Run 144 :
/run/geometryModified

========= Table of registered couples ============================

Index : 0     used in the geometry : Yes
 Material : G4_AIR
 Range cuts        :  gamma  1 mm     e-  1 mm     e+  1 mm  proton 100 um 
 Energy thresholds :  gamma  990 eV     e-  990 eV     e+  990 eV  proton 10 keV
 Region(s) which use this couple : 
    DefaultRegionForTheWorld

Index : 1     used in the geometry : Yes
 Material : G4_Co
 Range cuts        :  gamma  1 mm     e-  1 mm     e+  1 mm  proton 100 um 
 Energy thresholds :  gamma  22.8507 keV    e-  1.40918 MeV    e+  1.32925 MeV proton 10 keV
 Region(s) which use this couple : 
    DefaultRegionForTheWorld

Index : 2     used in the geometry : Yes
 Material : StainlessSteel
 Range cuts        :  gamma  1 mm     e-  1 mm     e+  1 mm  proton 100 um 
 Energy thresholds :  gamma  20.6058 keV    e-  1.28056 MeV    e+  1.21009 MeV proton 10 keV
 Region(s) which use this couple : 
    DefaultRegionForTheWorld

Index : 3     used in the geometry : Yes
 Material : G4_Al
 Range cuts        :  gamma  1 mm     e-  1 mm     e+  1 mm  proton 100 um 
 Energy thresholds :  gamma  6.91572 keV    e-  597.438 keV    e+  574.135 keV proton 10 keV
 Region(s) which use this couple : 
    DefaultRegionForTheWorld

Index : 4     used in the geometry : Yes
 Material : G4_Fe
 Range cuts        :  gamma  1 mm     e-  1 mm     e+  1 mm  proton 100 um 
 Energy thresholds :  gamma  20.7572 keV    e-  1.28885 MeV    e+  1.21776 MeV proton 10 keV
 Region(s) which use this couple : 
    DefaultRegionForTheWorld

Index : 5     used in the geometry : Yes
 Material : G4_W
 Range cuts        :  gamma  1 mm     e-  1 mm     e+  1 mm  proton 100 um 
 Energy thresholds :  gamma  106.43 keV    e-  2.31004 MeV    e+  2.14587 MeV proton 10 keV
 Region(s) which use this couple : 
    DefaultRegionForTheWorld

Index : 6     used in the geometry : Yes
 Material : G4_Pb
 Range cuts        :  gamma  1 mm     e-  1 mm     e+  1 mm  proton 100 um 
 Energy thresholds :  gamma  101.797 keV    e-  1.37158 MeV    e+  1.2826 MeV proton 10 keV
 Region(s) which use this couple : 
    DefaultRegionForTheWorld

Index : 7     used in the geometry : Yes
 Material : G4_WATER
 Range cuts        :  gamma  1 mm     e-  1 mm     e+  1 mm  proton 100 um 
 Energy thresholds :  gamma  2.93547 keV    e-  351.353 keV    e+  341.657 keV proton 10 keV
 Region(s) which use this couple : 
    DefaultRegionForTheWorld

==================================================================

### Run 145 starts.
Run 145 starts ...
 Run terminated.
Run Summary
  Number of events processed : 10
  User=0.000000s Real=0.020310s Sys=0.000000s
	  User TOT = 0.23	  Real TOT = 1.10295
 Summary of Run 145 :
/run/geometryModified

========= Table of registered couples ============================

Index : 0     used in the geometry : Yes
 Material : G4_AIR
 Range cuts        :  gamma  1 mm     e-  1 mm     e+  1 mm  proton 100 um 
 Energy thresholds :  gamma  990 eV     e-  990 eV     e+  990 eV  proton 10 keV
 Region(s) which use this couple : 
    DefaultRegionForTheWorld

Index : 1     used in the geometry : Yes
 Material : G4_Co
 Range cuts        :  gamma  1 mm     e-  1 mm     e+  1 mm  proton 100 um 
 Energy thresholds :  gamma  22.8507 keV    e-  1.40918 MeV    e+  1.32925 MeV proton 10 keV
 Region(s) which use this couple : 
    DefaultRegionForTheWorld

Index : 2     used in the geometry : Yes
 Material : StainlessSteel
 Range cuts        :  gamma  1 mm     e-  1 mm     e+  1 mm  proton 100 um 
 Energy thresholds :  gamma  20.6058 keV    e-  1.28056 MeV    e+  1.21009 MeV proton 10 keV
 Region(s) which use this couple : 
    DefaultRegionForTheWorld

Index : 3     used in the geometry : Yes
 Material : G4_Al
 Range cuts        :  gamma  1 mm     e-  1 mm     e+  1 mm  proton 100 um 
 Energy thresholds :  gamma  6.91572 keV    e-  597.438 keV    e+  574.135 keV proton 10 keV
 Region(s) which use this couple : 
    DefaultRegionForTheWorld

Index : 4     used in the geometry : Yes
 Material : G4_Fe
 Range cuts        :  gamma  1 mm     e-  1 mm     e+  1 mm  proton 100 um 
 Energy thresholds :  gamma  20.7572 keV    e-  1.28885 MeV    e+  1.21776 MeV proton 10 keV
 Region(s) which use this couple : 
    DefaultRegionForTheWorld

Index : 5     used in the geometry : Yes
 Material : G4_W
 Range cuts        :  gamma  1 mm     e-  1 mm     e+  1 mm  proton 100 um 
 Energy thresholds :  gamma  106.43 keV    e-  2.31004 MeV    e+  2.14587 MeV proton 10 keV
 Region(s) which use this couple : 
    DefaultRegionForTheWorld

Index : 6     used in the geometry : Yes
 Material : G4_Pb
 Range cuts        :  gamma  1 mm     e-  1 mm     e+  1 mm  proton 100 um 
 Energy thresholds :  gamma  101.797 keV    e-  1.37158 MeV    e+  1.2826 MeV proton 10 keV
 Region(s) which use this couple : 
    DefaultRegionForTheWorld

Index : 7     used in the geometry : Yes
 Material : G4_WATER
 Range cuts        :  gamma  1 mm     e-  1 mm     e+  1 mm  proton 100 um 
 Energy thresholds :  gamma  2.93547 keV    e-  351.353 keV    e+  341.657 keV proton 10 keV
 Region(s) which use this couple : 
    DefaultRegionForTheWorld

==================================================================

### Run 146 starts.
Run 146 starts ...
 Run terminated.
Run Summary
  Number of events processed : 10
  User=0.000000s Real=0.021809s Sys=0.000000s
	  User TOT = 0.23	  Real TOT = 1.1249
 Summary of Run 146 :
/run/geometryModified

========= Table of registered couples ============================

Index : 0     used in the geometry : Yes
 Material : G4_AIR
 Range cuts        :  gamma  1 mm     e-  1 mm     e+  1 mm  proton 100 um 
 Energy thresholds :  gamma  990 eV     e-  990 eV     e+  990 eV  proton 10 keV
 Region(s) which use this couple : 
    DefaultRegionForTheWorld

Index : 1     used in the geometry : Yes
 Material : G4_Co
 Range cuts        :  gamma  1 mm     e-  1 mm     e+  1 mm  proton 100 um 
 Energy thresholds :  gamma  22.8507 keV    e-  1.40918 MeV    e+  1.32925 MeV proton 10 keV
 Region(s) which use this couple : 
    DefaultRegionForTheWorld

Index : 2     used in the geometry : Yes
 Material : StainlessSteel
 Range cuts        :  gamma  1 mm     e-  1 mm     e+  1 mm  proton 100 um 
 Energy thresholds :  gamma  20.6058 keV    e-  1.28056 MeV    e+  1.21009 MeV proton 10 keV
 Region(s) which use this couple : 
    DefaultRegionForTheWorld

Index : 3     used in the geometry : Yes
 Material : G4_Al
 Range cuts        :  gamma  1 mm     e-  1 mm     e+  1 mm  proton 100 um 
 Energy thresholds :  gamma  6.91572 keV    e-  597.438 keV    e+  574.135 keV proton 10 keV
 Region(s) which use this couple : 
    DefaultRegionForTheWorld

Index : 4     used in the geometry : Yes
 Material : G4_Fe
 Range cuts        :  gamma  1 mm     e-  1 mm     e+  1 mm  proton 100 um 
 Energy thresholds :  gamma  20.7572 keV    e-  1.28885 MeV    e+  1.21776 MeV proton 10 keV
 Region(s) which use this couple : 
    DefaultRegionForTheWorld

Index : 5     used in the geometry : Yes
 Material : G4_W
 Range cuts        :  gamma  1 mm     e-  1 mm     e+  1 mm  proton 100 um 
 Energy thresholds :  gamma  106.43 keV    e-  2.31004 MeV    e+  2.14587 MeV proton 10 keV
 Region(s) which use this couple : 
    DefaultRegionForTheWorld

Index : 6     used in the geometry : Yes
 Material : G4_Pb
 Range cuts        :  gamma  1 mm     e-  1 mm     e+  1 mm  proton 100 um 
 Energy thresholds :  gamma  101.797 keV    e-  1.37158 MeV    e+  1.2826 MeV proton 10 keV
 Region(s) which use this couple : 
    DefaultRegionForTheWorld

Index : 7     used in the geometry : Yes
 Material : G4_WATER
 Range cuts        :  gamma  1 mm     e-  1 mm     e+  1 mm  proton 100 um 
 Energy thresholds :  gamma  2.93547 keV    e-  351.353 keV    e+  341.657 keV proton 10 keV
 Region(s) which use this couple : 
    DefaultRegionForTheWorld

==================================================================

### Run 147 starts.
Run 147 starts ...
 Run terminated.
Run Summary
  Number of events processed : 10
  User=0.010000s Real=0.020573s Sys=0.000000s
	  User TOT = 0.24	  Real TOT = 1.14574
 Summary of Run 147 :
/run/geometryModified

========= Table of registered couples ============================

Index : 0     used in the geometry : Yes
 Material : G4_AIR
 Range cuts        :  gamma  1 mm     e-  1 mm     e+  1 mm  proton 100 um 
 Energy thresholds :  gamma  990 eV     e-  990 eV     e+  990 eV  proton 10 keV
 Region(s) which use this couple : 
    DefaultRegionForTheWorld

Index : 1     used in the geometry : Yes
 Material : G4_Co
 Range cuts        :  gamma  1 mm     e-  1 mm     e+  1 mm  proton 100 um 
 Energy thresholds :  gamma  22.8507 keV    e-  1.40918 MeV    e+  1.32925 MeV proton 10 keV
 Region(s) which use this couple : 
    DefaultRegionForTheWorld

Index : 2     used in the geometry : Yes
 Material : StainlessSteel
 Range cuts        :  gamma  1 mm     e-  1 mm     e+  1 mm  proton 100 um 
 Energy thresholds :  gamma  20.6058 keV    e-  1.28056 MeV    e+  1.21009 MeV proton 10 keV
 Region(s) which use this couple : 
    DefaultRegionForTheWorld

Index : 3     used in the geometry : Yes
 Material : G4_Al
 Range cuts        :  gamma  1 mm     e-  1 mm     e+  1 mm  proton 100 um 
 Energy thresholds :  gamma  6.91572 keV    e-  597.438 keV    e+  574.135 keV proton 10 keV
 Region(s) which use this couple : 
    DefaultRegionForTheWorld

Index : 4     used in the geometry : Yes
 Material : G4_Fe
 Range cuts        :  gamma  1 mm     e-  1 mm     e+  1 mm  proton 100 um 
 Energy thresholds :  gamma  20.7572 keV    e-  1.28885 MeV    e+  1.21776 MeV proton 10 keV
 Region(s) which use this couple : 
    DefaultRegionForTheWorld

Index : 5     used in the geometry : Yes
 Material : G4_W
 Range cuts        :  gamma  1 mm     e-  1 mm     e+  1 mm  proton 100 um 
 Energy thresholds :  gamma  106.43 keV    e-  2.31004 MeV    e+  2.14587 MeV proton 10 keV
 Region(s) which use this couple : 
    DefaultRegionForTheWorld

Index : 6     used in the geometry : Yes
 Material : G4_Pb
 Range cuts        :  gamma  1 mm     e-  1 mm     e+  1 mm  proton 100 um 
 Energy thresholds :  gamma  101.797 keV    e-  1.37158 MeV    e+  1.2826 MeV proton 10 keV
 Region(s) which use this couple : 
    DefaultRegionForTheWorld

Index : 7     used in the geometry : Yes
 Material : G4_WATER
 Range cuts        :  gamma  1 mm     e-  1 mm     e+  1 mm  proton 100 um 
 Energy thresholds :  gamma  2.93547 keV    e-  351.353 keV    e+  341.657 keV proton 10 keV
 Region(s) which use this couple : 
    DefaultRegionForTheWorld

==================================================================

### Run 148 starts.
Run 148 starts ...
 Run terminated.
Run Summary
  Number of events processed : 10
  User=0.000000s Real=0.020589s Sys=0.000000s
	  User TOT = 0.24	  Real TOT = 1.16647
 Summary of Run 148 :
/run/geometryModified

========= Table of registered couples ============================

Index : 0     used in the geometry : Yes
 Material : G4_AIR
 Range cuts        :  gamma  1 mm     e-  1 mm     e+  1 mm  proton 100 um 
 Energy thresholds :  gamma  990 eV     e-  990 eV     e+  990 eV  proton 10 keV
 Region(s) which use this couple : 
    DefaultRegionForTheWorld

Index : 1     used in the geometry : Yes
 Material : G4_Co
 Range cuts        :  gamma  1 mm     e-  1 mm     e+  1 mm  proton 100 um 
 Energy thresholds :  gamma  22.8507 keV    e-  1.40918 MeV    e+  1.32925 MeV proton 10 keV
 Region(s) which use this couple : 
    DefaultRegionForTheWorld

Index : 2     used in the geometry : Yes
 Material : StainlessSteel
 Range cuts        :  gamma  1 mm     e-  1 mm     e+  1 mm  proton 100 um 
 Energy thresholds :  gamma  20.6058 keV    e-  1.28056 MeV    e+  1.21009 MeV proton 10 keV
 Region(s) which use this couple : 
    DefaultRegionForTheWorld

Index : 3     used in the geometry : Yes
 Material : G4_Al
 Range cuts        :  gamma  1 mm     e-  1 mm     e+  1 mm  proton 100 um 
 Energy thresholds :  gamma  6.91572 keV    e-  597.438 keV    e+  574.135 keV proton 10 keV
 Region(s) which use this couple : 
    DefaultRegionForTheWorld

Index : 4     used in the geometry : Yes
 Material : G4_Fe
 Range cuts        :  gamma  1 mm     e-  1 mm     e+  1 mm  proton 100 um 
 Energy thresholds :  gamma  20.7572 keV    e-  1.28885 MeV    e+  1.21776 MeV proton 10 keV
 Region(s) which use this couple : 
    DefaultRegionForTheWorld

Index : 5     used in the geometry : Yes
 Material : G4_W
 Range cuts        :  gamma  1 mm     e-  1 mm     e+  1 mm  proton 100 um 
 Energy thresholds :  gamma  106.43 keV    e-  2.31004 MeV    e+  2.14587 MeV proton 10 keV
 Region(s) which use this couple : 
    DefaultRegionForTheWorld

Index : 6     used in the geometry : Yes
 Material : G4_Pb
 Range cuts        :  gamma  1 mm     e-  1 mm     e+  1 mm  proton 100 um 
 Energy thresholds :  gamma  101.797 keV    e-  1.37158 MeV    e+  1.2826 MeV proton 10 keV
 Region(s) which use this couple : 
    DefaultRegionForTheWorld

Index : 7     used in the geometry : Yes
 Material : G4_WATER
 Range cuts        :  gamma  1 mm     e-  1 mm     e+  1 mm  proton 100 um 
 Energy thresholds :  gamma  2.93547 keV    e-  351.353 keV    e+  341.657 keV proton 10 keV
 Region(s) which use this couple : 
    DefaultRegionForTheWorld

==================================================================

### Run 149 starts.
Run 149 starts ...
 Run terminated.
Run Summary
  Number of events processed : 10
  User=0.000000s Real=0.020227s Sys=0.000000s
	  User TOT = 0.24	  Real TOT = 1.187
 Summary of Run 149 :
/run/geometryModified

========= Table of registered couples ============================

Index : 0     used in the geometry : Yes
 Material : G4_AIR
 Range cuts        :  gamma  1 mm     e-  1 mm     e+  1 mm  proton 100 um 
 Energy thresholds :  gamma  990 eV     e-  990 eV     e+  990 eV  proton 10 keV
 Region(s) which use this couple : 
    DefaultRegionForTheWorld

Index : 1     used in the geometry : Yes
 Material : G4_Co
 Range cuts        :  gamma  1 mm     e-  1 mm     e+  1 mm  proton 100 um 
 Energy thresholds :  gamma  22.8507 keV    e-  1.40918 MeV    e+  1.32925 MeV proton 10 keV
 Region(s) which use this couple : 
    DefaultRegionForTheWorld

Index : 2     used in the geometry : Yes
 Material : StainlessSteel
 Range cuts        :  gamma  1 mm     e-  1 mm     e+  1 mm  proton 100 um 
 Energy thresholds :  gamma  20.6058 keV    e-  1.28056 MeV    e+  1.21009 MeV proton 10 keV
 Region(s) which use this couple : 
    DefaultRegionForTheWorld

Index : 3     used in the geometry : Yes
 Material : G4_Al
 Range cuts        :  gamma  1 mm     e-  1 mm     e+  1 mm  proton 100 um 
 Energy thresholds :  gamma  6.91572 keV    e-  597.438 keV    e+  574.135 keV proton 10 keV
 Region(s) which use this couple : 
    DefaultRegionForTheWorld

Index : 4     used in the geometry : Yes
 Material : G4_Fe
 Range cuts        :  gamma  1 mm     e-  1 mm     e+  1 mm  proton 100 um 
 Energy thresholds :  gamma  20.7572 keV    e-  1.28885 MeV    e+  1.21776 MeV proton 10 keV
 Region(s) which use this couple : 
    DefaultRegionForTheWorld

Index : 5     used in the geometry : Yes
 Material : G4_W
 Range cuts        :  gamma  1 mm     e-  1 mm     e+  1 mm  proton 100 um 
 Energy thresholds :  gamma  106.43 keV    e-  2.31004 MeV    e+  2.14587 MeV proton 10 keV
 Region(s) which use this couple : 
    DefaultRegionForTheWorld

Index : 6     used in the geometry : Yes
 Material : G4_Pb
 Range cuts        :  gamma  1 mm     e-  1 mm     e+  1 mm  proton 100 um 
 Energy thresholds :  gamma  101.797 keV    e-  1.37158 MeV    e+  1.2826 MeV proton 10 keV
 Region(s) which use this couple : 
    DefaultRegionForTheWorld

Index : 7     used in the geometry : Yes
 Material : G4_WATER
 Range cuts        :  gamma  1 mm     e-  1 mm     e+  1 mm  proton 100 um 
 Energy thresholds :  gamma  2.93547 keV    e-  351.353 keV    e+  341.657 keV proton 10 keV
 Region(s) which use this couple : 
    DefaultRegionForTheWorld

==================================================================

### Run 150 starts.
Run 150 starts ...
 Run terminated.
Run Summary
  Number of events processed : 10
  User=0.000000s Real=0.022016s Sys=0.000000s
	  User TOT = 0.24	  Real TOT = 1.20918
 Summary of Run 150 :
/run/geometryModified

========= Table of registered couples ============================

Index : 0     used in the geometry : Yes
 Material : G4_AIR
 Range cuts        :  gamma  1 mm     e-  1 mm     e+  1 mm  proton 100 um 
 Energy thresholds :  gamma  990 eV     e-  990 eV     e+  990 eV  proton 10 keV
 Region(s) which use this couple : 
    DefaultRegionForTheWorld

Index : 1     used in the geometry : Yes
 Material : G4_Co
 Range cuts        :  gamma  1 mm     e-  1 mm     e+  1 mm  proton 100 um 
 Energy thresholds :  gamma  22.8507 keV    e-  1.40918 MeV    e+  1.32925 MeV proton 10 keV
 Region(s) which use this couple : 
    DefaultRegionForTheWorld

Index : 2     used in the geometry : Yes
 Material : StainlessSteel
 Range cuts        :  gamma  1 mm     e-  1 mm     e+  1 mm  proton 100 um 
 Energy thresholds :  gamma  20.6058 keV    e-  1.28056 MeV    e+  1.21009 MeV proton 10 keV
 Region(s) which use this couple : 
    DefaultRegionForTheWorld

Index : 3     used in the geometry : Yes
 Material : G4_Al
 Range cuts        :  gamma  1 mm     e-  1 mm     e+  1 mm  proton 100 um 
 Energy thresholds :  gamma  6.91572 keV    e-  597.438 keV    e+  574.135 keV proton 10 keV
 Region(s) which use this couple : 
    DefaultRegionForTheWorld

Index : 4     used in the geometry : Yes
 Material : G4_Fe
 Range cuts        :  gamma  1 mm     e-  1 mm     e+  1 mm  proton 100 um 
 Energy thresholds :  gamma  20.7572 keV    e-  1.28885 MeV    e+  1.21776 MeV proton 10 keV
 Region(s) which use this couple : 
    DefaultRegionForTheWorld

Index : 5     used in the geometry : Yes
 Material : G4_W
 Range cuts        :  gamma  1 mm     e-  1 mm     e+  1 mm  proton 100 um 
 Energy thresholds :  gamma  106.43 keV    e-  2.31004 MeV    e+  2.14587 MeV proton 10 keV
 Region(s) which use this couple : 
    DefaultRegionForTheWorld

Index : 6     used in the geometry : Yes
 Material : G4_Pb
 Range cuts        :  gamma  1 mm     e-  1 mm     e+  1 mm  proton 100 um 
 Energy thresholds :  gamma  101.797 keV    e-  1.37158 MeV    e+  1.2826 MeV proton 10 keV
 Region(s) which use this couple : 
    DefaultRegionForTheWorld

Index : 7     used in the geometry : Yes
 Material : G4_WATER
 Range cuts        :  gamma  1 mm     e-  1 mm     e+  1 mm  proton 100 um 
 Energy thresholds :  gamma  2.93547 keV    e-  351.353 keV    e+  341.657 keV proton 10 keV
 Region(s) which use this couple : 
    DefaultRegionForTheWorld

==================================================================

### Run 151 starts.
Run 151 starts ...
 Run terminated.
Run Summary
  Number of events processed : 10
  User=0.010000s Real=0.020162s Sys=0.000000s
	  User TOT = 0.25	  Real TOT = 1.22947
 Summary of Run 151 :
/run/geometryModified

========= Table of registered couples ============================

Index : 0     used in the geometry : Yes
 Material : G4_AIR
 Range cuts        :  gamma  1 mm     e-  1 mm     e+  1 mm  proton 100 um 
 Energy thresholds :  gamma  990 eV     e-  990 eV     e+  990 eV  proton 10 keV
 Region(s) which use this couple : 
    DefaultRegionForTheWorld

Index : 1     used in the geometry : Yes
 Material : G4_Co
 Range cuts        :  gamma  1 mm     e-  1 mm     e+  1 mm  proton 100 um 
 Energy thresholds :  gamma  22.8507 keV    e-  1.40918 MeV    e+  1.32925 MeV proton 10 keV
 Region(s) which use this couple : 
    DefaultRegionForTheWorld

Index : 2     used in the geometry : Yes
 Material : StainlessSteel
 Range cuts        :  gamma  1 mm     e-  1 mm     e+  1 mm  proton 100 um 
 Energy thresholds :  gamma  20.6058 keV    e-  1.28056 MeV    e+  1.21009 MeV proton 10 keV
 Region(s) which use this couple : 
    DefaultRegionForTheWorld

Index : 3     used in the geometry : Yes
 Material : G4_Al
 Range cuts        :  gamma  1 mm     e-  1 mm     e+  1 mm  proton 100 um 
 Energy thresholds :  gamma  6.91572 keV    e-  597.438 keV    e+  574.135 keV proton 10 keV
 Region(s) which use this couple : 
    DefaultRegionForTheWorld

Index : 4     used in the geometry : Yes
 Material : G4_Fe
 Range cuts        :  gamma  1 mm     e-  1 mm     e+  1 mm  proton 100 um 
 Energy thresholds :  gamma  20.7572 keV    e-  1.28885 MeV    e+  1.21776 MeV proton 10 keV
 Region(s) which use this couple : 
    DefaultRegionForTheWorld

Index : 5     used in the geometry : Yes
 Material : G4_W
 Range cuts        :  gamma  1 mm     e-  1 mm     e+  1 mm  proton 100 um 
 Energy thresholds :  gamma  106.43 keV    e-  2.31004 MeV    e+  2.14587 MeV proton 10 keV
 Region(s) which use this couple : 
    DefaultRegionForTheWorld

Index : 6     used in the geometry : Yes
 Material : G4_Pb
 Range cuts        :  gamma  1 mm     e-  1 mm     e+  1 mm  proton 100 um 
 Energy thresholds :  gamma  101.797 keV    e-  1.37158 MeV    e+  1.2826 MeV proton 10 keV
 Region(s) which use this couple : 
    DefaultRegionForTheWorld

Index : 7     used in the geometry : Yes
 Material : G4_WATER
 Range cuts        :  gamma  1 mm     e-  1 mm     e+  1 mm  proton 100 um 
 Energy thresholds :  gamma  2.93547 keV    e-  351.353 keV    e+  341.657 keV proton 10 keV
 Region(s) which use this couple : 
    DefaultRegionForTheWorld

==================================================================

### Run 152 starts.
Run 152 starts ...
 Run terminated.
Run Summary
  Number of events processed : 10
  User=0.000000s Real=0.021117s Sys=0.010000s
	  User TOT = 0.25	  Real TOT = 1.25137
 Summary of Run 152 :
/run/geometryModified

========= Table of registered couples ============================

Index : 0     used in the geometry : Yes
 Material : G4_AIR
 Range cuts        :  gamma  1 mm     e-  1 mm     e+  1 mm  proton 100 um 
 Energy thresholds :  gamma  990 eV     e-  990 eV     e+  990 eV  proton 10 keV
 Region(s) which use this couple : 
    DefaultRegionForTheWorld

Index : 1     used in the geometry : Yes
 Material : G4_Co
 Range cuts        :  gamma  1 mm     e-  1 mm     e+  1 mm  proton 100 um 
 Energy thresholds :  gamma  22.8507 keV    e-  1.40918 MeV    e+  1.32925 MeV proton 10 keV
 Region(s) which use this couple : 
    DefaultRegionForTheWorld

Index : 2     used in the geometry : Yes
 Material : StainlessSteel
 Range cuts        :  gamma  1 mm     e-  1 mm     e+  1 mm  proton 100 um 
 Energy thresholds :  gamma  20.6058 keV    e-  1.28056 MeV    e+  1.21009 MeV proton 10 keV
 Region(s) which use this couple : 
    DefaultRegionForTheWorld

Index : 3     used in the geometry : Yes
 Material : G4_Al
 Range cuts        :  gamma  1 mm     e-  1 mm     e+  1 mm  proton 100 um 
 Energy thresholds :  gamma  6.91572 keV    e-  597.438 keV    e+  574.135 keV proton 10 keV
 Region(s) which use this couple : 
    DefaultRegionForTheWorld

Index : 4     used in the geometry : Yes
 Material : G4_Fe
 Range cuts        :  gamma  1 mm     e-  1 mm     e+  1 mm  proton 100 um 
 Energy thresholds :  gamma  20.7572 keV    e-  1.28885 MeV    e+  1.21776 MeV proton 10 keV
 Region(s) which use this couple : 
    DefaultRegionForTheWorld

Index : 5     used in the geometry : Yes
 Material : G4_W
 Range cuts        :  gamma  1 mm     e-  1 mm     e+  1 mm  proton 100 um 
 Energy thresholds :  gamma  106.43 keV    e-  2.31004 MeV    e+  2.14587 MeV proton 10 keV
 Region(s) which use this couple : 
    DefaultRegionForTheWorld

Index : 6     used in the geometry : Yes
 Material : G4_Pb
 Range cuts        :  gamma  1 mm     e-  1 mm     e+  1 mm  proton 100 um 
 Energy thresholds :  gamma  101.797 keV    e-  1.37158 MeV    e+  1.2826 MeV proton 10 keV
 Region(s) which use this couple : 
    DefaultRegionForTheWorld

Index : 7     used in the geometry : Yes
 Material : G4_WATER
 Range cuts        :  gamma  1 mm     e-  1 mm     e+  1 mm  proton 100 um 
 Energy thresholds :  gamma  2.93547 keV    e-  351.353 keV    e+  341.657 keV proton 10 keV
 Region(s) which use this couple : 
    DefaultRegionForTheWorld

==================================================================

### Run 153 starts.
Run 153 starts ...
 Run terminated.
Run Summary
  Number of events processed : 10
  User=0.000000s Real=0.020027s Sys=0.000000s
	  User TOT = 0.25	  Real TOT = 1.27159
 Summary of Run 153 :
/run/geometryModified

========= Table of registered couples ============================

Index : 0     used in the geometry : Yes
 Material : G4_AIR
 Range cuts        :  gamma  1 mm     e-  1 mm     e+  1 mm  proton 100 um 
 Energy thresholds :  gamma  990 eV     e-  990 eV     e+  990 eV  proton 10 keV
 Region(s) which use this couple : 
    DefaultRegionForTheWorld

Index : 1     used in the geometry : Yes
 Material : G4_Co
 Range cuts        :  gamma  1 mm     e-  1 mm     e+  1 mm  proton 100 um 
 Energy thresholds :  gamma  22.8507 keV    e-  1.40918 MeV    e+  1.32925 MeV proton 10 keV
 Region(s) which use this couple : 
    DefaultRegionForTheWorld

Index : 2     used in the geometry : Yes
 Material : StainlessSteel
 Range cuts        :  gamma  1 mm     e-  1 mm     e+  1 mm  proton 100 um 
 Energy thresholds :  gamma  20.6058 keV    e-  1.28056 MeV    e+  1.21009 MeV proton 10 keV
 Region(s) which use this couple : 
    DefaultRegionForTheWorld

Index : 3     used in the geometry : Yes
 Material : G4_Al
 Range cuts        :  gamma  1 mm     e-  1 mm     e+  1 mm  proton 100 um 
 Energy thresholds :  gamma  6.91572 keV    e-  597.438 keV    e+  574.135 keV proton 10 keV
 Region(s) which use this couple : 
    DefaultRegionForTheWorld

Index : 4     used in the geometry : Yes
 Material : G4_Fe
 Range cuts        :  gamma  1 mm     e-  1 mm     e+  1 mm  proton 100 um 
 Energy thresholds :  gamma  20.7572 keV    e-  1.28885 MeV    e+  1.21776 MeV proton 10 keV
 Region(s) which use this couple : 
    DefaultRegionForTheWorld

Index : 5     used in the geometry : Yes
 Material : G4_W
 Range cuts        :  gamma  1 mm     e-  1 mm     e+  1 mm  proton 100 um 
 Energy thresholds :  gamma  106.43 keV    e-  2.31004 MeV    e+  2.14587 MeV proton 10 keV
 Region(s) which use this couple : 
    DefaultRegionForTheWorld

Index : 6     used in the geometry : Yes
 Material : G4_Pb
 Range cuts        :  gamma  1 mm     e-  1 mm     e+  1 mm  proton 100 um 
 Energy thresholds :  gamma  101.797 keV    e-  1.37158 MeV    e+  1.2826 MeV proton 10 keV
 Region(s) which use this couple : 
    DefaultRegionForTheWorld

Index : 7     used in the geometry : Yes
 Material : G4_WATER
 Range cuts        :  gamma  1 mm     e-  1 mm     e+  1 mm  proton 100 um 
 Energy thresholds :  gamma  2.93547 keV    e-  351.353 keV    e+  341.657 keV proton 10 keV
 Region(s) which use this couple : 
    DefaultRegionForTheWorld

==================================================================

### Run 154 starts.
Run 154 starts ...
 Run terminated.
Run Summary
  Number of events processed : 10
  User=0.000000s Real=0.020636s Sys=0.000000s
	  User TOT = 0.25	  Real TOT = 1.29236
 Summary of Run 154 :
/run/geometryModified

========= Table of registered couples ============================

Index : 0     used in the geometry : Yes
 Material : G4_AIR
 Range cuts        :  gamma  1 mm     e-  1 mm     e+  1 mm  proton 100 um 
 Energy thresholds :  gamma  990 eV     e-  990 eV     e+  990 eV  proton 10 keV
 Region(s) which use this couple : 
    DefaultRegionForTheWorld

Index : 1     used in the geometry : Yes
 Material : G4_Co
 Range cuts        :  gamma  1 mm     e-  1 mm     e+  1 mm  proton 100 um 
 Energy thresholds :  gamma  22.8507 keV    e-  1.40918 MeV    e+  1.32925 MeV proton 10 keV
 Region(s) which use this couple : 
    DefaultRegionForTheWorld

Index : 2     used in the geometry : Yes
 Material : StainlessSteel
 Range cuts        :  gamma  1 mm     e-  1 mm     e+  1 mm  proton 100 um 
 Energy thresholds :  gamma  20.6058 keV    e-  1.28056 MeV    e+  1.21009 MeV proton 10 keV
 Region(s) which use this couple : 
    DefaultRegionForTheWorld

Index : 3     used in the geometry : Yes
 Material : G4_Al
 Range cuts        :  gamma  1 mm     e-  1 mm     e+  1 mm  proton 100 um 
 Energy thresholds :  gamma  6.91572 keV    e-  597.438 keV    e+  574.135 keV proton 10 keV
 Region(s) which use this couple : 
    DefaultRegionForTheWorld

Index : 4     used in the geometry : Yes
 Material : G4_Fe
 Range cuts        :  gamma  1 mm     e-  1 mm     e+  1 mm  proton 100 um 
 Energy thresholds :  gamma  20.7572 keV    e-  1.28885 MeV    e+  1.21776 MeV proton 10 keV
 Region(s) which use this couple : 
    DefaultRegionForTheWorld

Index : 5     used in the geometry : Yes
 Material : G4_W
 Range cuts        :  gamma  1 mm     e-  1 mm     e+  1 mm  proton 100 um 
 Energy thresholds :  gamma  106.43 keV    e-  2.31004 MeV    e+  2.14587 MeV proton 10 keV
 Region(s) which use this couple : 
    DefaultRegionForTheWorld

Index : 6     used in the geometry : Yes
 Material : G4_Pb
 Range cuts        :  gamma  1 mm     e-  1 mm     e+  1 mm  proton 100 um 
 Energy thresholds :  gamma  101.797 keV    e-  1.37158 MeV    e+  1.2826 MeV proton 10 keV
 Region(s) which use this couple : 
    DefaultRegionForTheWorld

Index : 7     used in the geometry : Yes
 Material : G4_WATER
 Range cuts        :  gamma  1 mm     e-  1 mm     e+  1 mm  proton 100 um 
 Energy thresholds :  gamma  2.93547 keV    e-  351.353 keV    e+  341.657 keV proton 10 keV
 Region(s) which use this couple : 
    DefaultRegionForTheWorld

==================================================================

### Run 155 starts.
Run 155 starts ...
 Run terminated.
Run Summary
  Number of events processed : 10
  User=0.010000s Real=0.021672s Sys=0.000000s
	  User TOT = 0.26	  Real TOT = 1.31416
 Summary of Run 155 :
/run/geometryModified

========= Table of registered couples ============================

Index : 0     used in the geometry : Yes
 Material : G4_AIR
 Range cuts        :  gamma  1 mm     e-  1 mm     e+  1 mm  proton 100 um 
 Energy thresholds :  gamma  990 eV     e-  990 eV     e+  990 eV  proton 10 keV
 Region(s) which use this couple : 
    DefaultRegionForTheWorld

Index : 1     used in the geometry : Yes
 Material : G4_Co
 Range cuts        :  gamma  1 mm     e-  1 mm     e+  1 mm  proton 100 um 
 Energy thresholds :  gamma  22.8507 keV    e-  1.40918 MeV    e+  1.32925 MeV proton 10 keV
 Region(s) which use this couple : 
    DefaultRegionForTheWorld

Index : 2     used in the geometry : Yes
 Material : StainlessSteel
 Range cuts        :  gamma  1 mm     e-  1 mm     e+  1 mm  proton 100 um 
 Energy thresholds :  gamma  20.6058 keV    e-  1.28056 MeV    e+  1.21009 MeV proton 10 keV
 Region(s) which use this couple : 
    DefaultRegionForTheWorld

Index : 3     used in the geometry : Yes
 Material : G4_Al
 Range cuts        :  gamma  1 mm     e-  1 mm     e+  1 mm  proton 100 um 
 Energy thresholds :  gamma  6.91572 keV    e-  597.438 keV    e+  574.135 keV proton 10 keV
 Region(s) which use this couple : 
    DefaultRegionForTheWorld

Index : 4     used in the geometry : Yes
 Material : G4_Fe
 Range cuts        :  gamma  1 mm     e-  1 mm     e+  1 mm  proton 100 um 
 Energy thresholds :  gamma  20.7572 keV    e-  1.28885 MeV    e+  1.21776 MeV proton 10 keV
 Region(s) which use this couple : 
    DefaultRegionForTheWorld

Index : 5     used in the geometry : Yes
 Material : G4_W
 Range cuts        :  gamma  1 mm     e-  1 mm     e+  1 mm  proton 100 um 
 Energy thresholds :  gamma  106.43 keV    e-  2.31004 MeV    e+  2.14587 MeV proton 10 keV
 Region(s) which use this couple : 
    DefaultRegionForTheWorld

Index : 6     used in the geometry : Yes
 Material : G4_Pb
 Range cuts        :  gamma  1 mm     e-  1 mm     e+  1 mm  proton 100 um 
 Energy thresholds :  gamma  101.797 keV    e-  1.37158 MeV    e+  1.2826 MeV proton 10 keV
 Region(s) which use this couple : 
    DefaultRegionForTheWorld

Index : 7     used in the geometry : Yes
 Material : G4_WATER
 Range cuts        :  gamma  1 mm     e-  1 mm     e+  1 mm  proton 100 um 
 Energy thresholds :  gamma  2.93547 keV    e-  351.353 keV    e+  341.657 keV proton 10 keV
 Region(s) which use this couple : 
    DefaultRegionForTheWorld

==================================================================

### Run 156 starts.
Run 156 starts ...
 Run terminated.
Run Summary
  Number of events processed : 10
  User=0.000000s Real=0.022661s Sys=0.000000s
	  User TOT = 0.26	  Real TOT = 1.33696
 Summary of Run 156 :
/run/geometryModified

========= Table of registered couples ============================

Index : 0     used in the geometry : Yes
 Material : G4_AIR
 Range cuts        :  gamma  1 mm     e-  1 mm     e+  1 mm  proton 100 um 
 Energy thresholds :  gamma  990 eV     e-  990 eV     e+  990 eV  proton 10 keV
 Region(s) which use this couple : 
    DefaultRegionForTheWorld

Index : 1     used in the geometry : Yes
 Material : G4_Co
 Range cuts        :  gamma  1 mm     e-  1 mm     e+  1 mm  proton 100 um 
 Energy thresholds :  gamma  22.8507 keV    e-  1.40918 MeV    e+  1.32925 MeV proton 10 keV
 Region(s) which use this couple : 
    DefaultRegionForTheWorld

Index : 2     used in the geometry : Yes
 Material : StainlessSteel
 Range cuts        :  gamma  1 mm     e-  1 mm     e+  1 mm  proton 100 um 
 Energy thresholds :  gamma  20.6058 keV    e-  1.28056 MeV    e+  1.21009 MeV proton 10 keV
 Region(s) which use this couple : 
    DefaultRegionForTheWorld

Index : 3     used in the geometry : Yes
 Material : G4_Al
 Range cuts        :  gamma  1 mm     e-  1 mm     e+  1 mm  proton 100 um 
 Energy thresholds :  gamma  6.91572 keV    e-  597.438 keV    e+  574.135 keV proton 10 keV
 Region(s) which use this couple : 
    DefaultRegionForTheWorld

Index : 4     used in the geometry : Yes
 Material : G4_Fe
 Range cuts        :  gamma  1 mm     e-  1 mm     e+  1 mm  proton 100 um 
 Energy thresholds :  gamma  20.7572 keV    e-  1.28885 MeV    e+  1.21776 MeV proton 10 keV
 Region(s) which use this couple : 
    DefaultRegionForTheWorld

Index : 5     used in the geometry : Yes
 Material : G4_W
 Range cuts        :  gamma  1 mm     e-  1 mm     e+  1 mm  proton 100 um 
 Energy thresholds :  gamma  106.43 keV    e-  2.31004 MeV    e+  2.14587 MeV proton 10 keV
 Region(s) which use this couple : 
    DefaultRegionForTheWorld

Index : 6     used in the geometry : Yes
 Material : G4_Pb
 Range cuts        :  gamma  1 mm     e-  1 mm     e+  1 mm  proton 100 um 
 Energy thresholds :  gamma  101.797 keV    e-  1.37158 MeV    e+  1.2826 MeV proton 10 keV
 Region(s) which use this couple : 
    DefaultRegionForTheWorld

Index : 7     used in the geometry : Yes
 Material : G4_WATER
 Range cuts        :  gamma  1 mm     e-  1 mm     e+  1 mm  proton 100 um 
 Energy thresholds :  gamma  2.93547 keV    e-  351.353 keV    e+  341.657 keV proton 10 keV
 Region(s) which use this couple : 
    DefaultRegionForTheWorld

==================================================================

### Run 157 starts.
Run 157 starts ...
 Run terminated.
Run Summary
  Number of events processed : 10
  User=0.230000s Real=0.243631s Sys=0.000000s
	  User TOT = 0.49	  Real TOT = 1.58073
 Summary of Run 157 :
/run/geometryModified

========= Table of registered couples ============================

Index : 0     used in the geometry : Yes
 Material : G4_AIR
 Range cuts        :  gamma  1 mm     e-  1 mm     e+  1 mm  proton 100 um 
 Energy thresholds :  gamma  990 eV     e-  990 eV     e+  990 eV  proton 10 keV
 Region(s) which use this couple : 
    DefaultRegionForTheWorld

Index : 1     used in the geometry : Yes
 Material : G4_Co
 Range cuts        :  gamma  1 mm     e-  1 mm     e+  1 mm  proton 100 um 
 Energy thresholds :  gamma  22.8507 keV    e-  1.40918 MeV    e+  1.32925 MeV proton 10 keV
 Region(s) which use this couple : 
    DefaultRegionForTheWorld

Index : 2     used in the geometry : Yes
 Material : StainlessSteel
 Range cuts        :  gamma  1 mm     e-  1 mm     e+  1 mm  proton 100 um 
 Energy thresholds :  gamma  20.6058 keV    e-  1.28056 MeV    e+  1.21009 MeV proton 10 keV
 Region(s) which use this couple : 
    DefaultRegionForTheWorld

Index : 3     used in the geometry : Yes
 Material : G4_Al
 Range cuts        :  gamma  1 mm     e-  1 mm     e+  1 mm  proton 100 um 
 Energy thresholds :  gamma  6.91572 keV    e-  597.438 keV    e+  574.135 keV proton 10 keV
 Region(s) which use this couple : 
    DefaultRegionForTheWorld

Index : 4     used in the geometry : Yes
 Material : G4_Fe
 Range cuts        :  gamma  1 mm     e-  1 mm     e+  1 mm  proton 100 um 
 Energy thresholds :  gamma  20.7572 keV    e-  1.28885 MeV    e+  1.21776 MeV proton 10 keV
 Region(s) which use this couple : 
    DefaultRegionForTheWorld

Index : 5     used in the geometry : Yes
 Material : G4_W
 Range cuts        :  gamma  1 mm     e-  1 mm     e+  1 mm  proton 100 um 
 Energy thresholds :  gamma  106.43 keV    e-  2.31004 MeV    e+  2.14587 MeV proton 10 keV
 Region(s) which use this couple : 
    DefaultRegionForTheWorld

Index : 6     used in the geometry : Yes
 Material : G4_Pb
 Range cuts        :  gamma  1 mm     e-  1 mm     e+  1 mm  proton 100 um 
 Energy thresholds :  gamma  101.797 keV    e-  1.37158 MeV    e+  1.2826 MeV proton 10 keV
 Region(s) which use this couple : 
    DefaultRegionForTheWorld

Index : 7     used in the geometry : Yes
 Material : G4_WATER
 Range cuts        :  gamma  1 mm     e-  1 mm     e+  1 mm  proton 100 um 
 Energy thresholds :  gamma  2.93547 keV    e-  351.353 keV    e+  341.657 keV proton 10 keV
 Region(s) which use this couple : 
    DefaultRegionForTheWorld

==================================================================

### Run 158 starts.
Run 158 starts ...
 Run terminated.
Run Summary
  Number of events processed : 10
  User=0.000000s Real=0.002914s Sys=0.000000s
	  User TOT = 0.49	  Real TOT = 1.58388
 Summary of Run 158 :
/run/geometryModified

========= Table of registered couples ============================

Index : 0     used in the geometry : Yes
 Material : G4_AIR
 Range cuts        :  gamma  1 mm     e-  1 mm     e+  1 mm  proton 100 um 
 Energy thresholds :  gamma  990 eV     e-  990 eV     e+  990 eV  proton 10 keV
 Region(s) which use this couple : 
    DefaultRegionForTheWorld

Index : 1     used in the geometry : Yes
 Material : G4_Co
 Range cuts        :  gamma  1 mm     e-  1 mm     e+  1 mm  proton 100 um 
 Energy thresholds :  gamma  22.8507 keV    e-  1.40918 MeV    e+  1.32925 MeV proton 10 keV
 Region(s) which use this couple : 
    DefaultRegionForTheWorld

Index : 2     used in the geometry : Yes
 Material : StainlessSteel
 Range cuts        :  gamma  1 mm     e-  1 mm     e+  1 mm  proton 100 um 
 Energy thresholds :  gamma  20.6058 keV    e-  1.28056 MeV    e+  1.21009 MeV proton 10 keV
 Region(s) which use this couple : 
    DefaultRegionForTheWorld

Index : 3     used in the geometry : Yes
 Material : G4_Al
 Range cuts        :  gamma  1 mm     e-  1 mm     e+  1 mm  proton 100 um 
 Energy thresholds :  gamma  6.91572 keV    e-  597.438 keV    e+  574.135 keV proton 10 keV
 Region(s) which use this couple : 
    DefaultRegionForTheWorld

Index : 4     used in the geometry : Yes
 Material : G4_Fe
 Range cuts        :  gamma  1 mm     e-  1 mm     e+  1 mm  proton 100 um 
 Energy thresholds :  gamma  20.7572 keV    e-  1.28885 MeV    e+  1.21776 MeV proton 10 keV
 Region(s) which use this couple : 
    DefaultRegionForTheWorld

Index : 5     used in the geometry : Yes
 Material : G4_W
 Range cuts        :  gamma  1 mm     e-  1 mm     e+  1 mm  proton 100 um 
 Energy thresholds :  gamma  106.43 keV    e-  2.31004 MeV    e+  2.14587 MeV proton 10 keV
 Region(s) which use this couple : 
    DefaultRegionForTheWorld

Index : 6     used in the geometry : Yes
 Material : G4_Pb
 Range cuts        :  gamma  1 mm     e-  1 mm     e+  1 mm  proton 100 um 
 Energy thresholds :  gamma  101.797 keV    e-  1.37158 MeV    e+  1.2826 MeV proton 10 keV
 Region(s) which use this couple : 
    DefaultRegionForTheWorld

Index : 7     used in the geometry : Yes
 Material : G4_WATER
 Range cuts        :  gamma  1 mm     e-  1 mm     e+  1 mm  proton 100 um 
 Energy thresholds :  gamma  2.93547 keV    e-  351.353 keV    e+  341.657 keV proton 10 keV
 Region(s) which use this couple : 
    DefaultRegionForTheWorld

==================================================================

### Run 159 starts.
Run 159 starts ...
 Run terminated.
Run Summary
  Number of events processed : 10
  User=0.000000s Real=0.001736s Sys=0.000000s
	  User TOT = 0.49	  Real TOT = 1.5858
 Summary of Run 159 :
/run/geometryModified

========= Table of registered couples ============================

Index : 0     used in the geometry : Yes
 Material : G4_AIR
 Range cuts        :  gamma  1 mm     e-  1 mm     e+  1 mm  proton 100 um 
 Energy thresholds :  gamma  990 eV     e-  990 eV     e+  990 eV  proton 10 keV
 Region(s) which use this couple : 
    DefaultRegionForTheWorld

Index : 1     used in the geometry : Yes
 Material : G4_Co
 Range cuts        :  gamma  1 mm     e-  1 mm     e+  1 mm  proton 100 um 
 Energy thresholds :  gamma  22.8507 keV    e-  1.40918 MeV    e+  1.32925 MeV proton 10 keV
 Region(s) which use this couple : 
    DefaultRegionForTheWorld

Index : 2     used in the geometry : Yes
 Material : StainlessSteel
 Range cuts        :  gamma  1 mm     e-  1 mm     e+  1 mm  proton 100 um 
 Energy thresholds :  gamma  20.6058 keV    e-  1.28056 MeV    e+  1.21009 MeV proton 10 keV
 Region(s) which use this couple : 
    DefaultRegionForTheWorld

Index : 3     used in the geometry : Yes
 Material : G4_Al
 Range cuts        :  gamma  1 mm     e-  1 mm     e+  1 mm  proton 100 um 
 Energy thresholds :  gamma  6.91572 keV    e-  597.438 keV    e+  574.135 keV proton 10 keV
 Region(s) which use this couple : 
    DefaultRegionForTheWorld

Index : 4     used in the geometry : Yes
 Material : G4_Fe
 Range cuts        :  gamma  1 mm     e-  1 mm     e+  1 mm  proton 100 um 
 Energy thresholds :  gamma  20.7572 keV    e-  1.28885 MeV    e+  1.21776 MeV proton 10 keV
 Region(s) which use this couple : 
    DefaultRegionForTheWorld

Index : 5     used in the geometry : Yes
 Material : G4_W
 Range cuts        :  gamma  1 mm     e-  1 mm     e+  1 mm  proton 100 um 
 Energy thresholds :  gamma  106.43 keV    e-  2.31004 MeV    e+  2.14587 MeV proton 10 keV
 Region(s) which use this couple : 
    DefaultRegionForTheWorld

Index : 6     used in the geometry : Yes
 Material : G4_Pb
 Range cuts        :  gamma  1 mm     e-  1 mm     e+  1 mm  proton 100 um 
 Energy thresholds :  gamma  101.797 keV    e-  1.37158 MeV    e+  1.2826 MeV proton 10 keV
 Region(s) which use this couple : 
    DefaultRegionForTheWorld

Index : 7     used in the geometry : Yes
 Material : G4_WATER
 Range cuts        :  gamma  1 mm     e-  1 mm     e+  1 mm  proton 100 um 
 Energy thresholds :  gamma  2.93547 keV    e-  351.353 keV    e+  341.657 keV proton 10 keV
 Region(s) which use this couple : 
    DefaultRegionForTheWorld

==================================================================

### Run 160 starts.
Run 160 starts ...
 Run terminated.
Run Summary
  Number of events processed : 10
  User=0.000000s Real=0.002440s Sys=0.000000s
	  User TOT = 0.49	  Real TOT = 1.58837
 Summary of Run 160 :
/run/geometryModified

========= Table of registered couples ============================

Index : 0     used in the geometry : Yes
 Material : G4_AIR
 Range cuts        :  gamma  1 mm     e-  1 mm     e+  1 mm  proton 100 um 
 Energy thresholds :  gamma  990 eV     e-  990 eV     e+  990 eV  proton 10 keV
 Region(s) which use this couple : 
    DefaultRegionForTheWorld

Index : 1     used in the geometry : Yes
 Material : G4_Co
 Range cuts        :  gamma  1 mm     e-  1 mm     e+  1 mm  proton 100 um 
 Energy thresholds :  gamma  22.8507 keV    e-  1.40918 MeV    e+  1.32925 MeV proton 10 keV
 Region(s) which use this couple : 
    DefaultRegionForTheWorld

Index : 2     used in the geometry : Yes
 Material : StainlessSteel
 Range cuts        :  gamma  1 mm     e-  1 mm     e+  1 mm  proton 100 um 
 Energy thresholds :  gamma  20.6058 keV    e-  1.28056 MeV    e+  1.21009 MeV proton 10 keV
 Region(s) which use this couple : 
    DefaultRegionForTheWorld

Index : 3     used in the geometry : Yes
 Material : G4_Al
 Range cuts        :  gamma  1 mm     e-  1 mm     e+  1 mm  proton 100 um 
 Energy thresholds :  gamma  6.91572 keV    e-  597.438 keV    e+  574.135 keV proton 10 keV
 Region(s) which use this couple : 
    DefaultRegionForTheWorld

Index : 4     used in the geometry : Yes
 Material : G4_Fe
 Range cuts        :  gamma  1 mm     e-  1 mm     e+  1 mm  proton 100 um 
 Energy thresholds :  gamma  20.7572 keV    e-  1.28885 MeV    e+  1.21776 MeV proton 10 keV
 Region(s) which use this couple : 
    DefaultRegionForTheWorld

Index : 5     used in the geometry : Yes
 Material : G4_W
 Range cuts        :  gamma  1 mm     e-  1 mm     e+  1 mm  proton 100 um 
 Energy thresholds :  gamma  106.43 keV    e-  2.31004 MeV    e+  2.14587 MeV proton 10 keV
 Region(s) which use this couple : 
    DefaultRegionForTheWorld

Index : 6     used in the geometry : Yes
 Material : G4_Pb
 Range cuts        :  gamma  1 mm     e-  1 mm     e+  1 mm  proton 100 um 
 Energy thresholds :  gamma  101.797 keV    e-  1.37158 MeV    e+  1.2826 MeV proton 10 keV
 Region(s) which use this couple : 
    DefaultRegionForTheWorld

Index : 7     used in the geometry : Yes
 Material : G4_WATER
 Range cuts        :  gamma  1 mm     e-  1 mm     e+  1 mm  proton 100 um 
 Energy thresholds :  gamma  2.93547 keV    e-  351.353 keV    e+  341.657 keV proton 10 keV
 Region(s) which use this couple : 
    DefaultRegionForTheWorld

==================================================================

### Run 161 starts.
Run 161 starts ...
 Run terminated.
Run Summary
  Number of events processed : 10
  User=0.000000s Real=0.001992s Sys=0.000000s
	  User TOT = 0.49	  Real TOT = 1.59047
 Summary of Run 161 :
/run/geometryModified

========= Table of registered couples ============================

Index : 0     used in the geometry : Yes
 Material : G4_AIR
 Range cuts        :  gamma  1 mm     e-  1 mm     e+  1 mm  proton 100 um 
 Energy thresholds :  gamma  990 eV     e-  990 eV     e+  990 eV  proton 10 keV
 Region(s) which use this couple : 
    DefaultRegionForTheWorld

Index : 1     used in the geometry : Yes
 Material : G4_Co
 Range cuts        :  gamma  1 mm     e-  1 mm     e+  1 mm  proton 100 um 
 Energy thresholds :  gamma  22.8507 keV    e-  1.40918 MeV    e+  1.32925 MeV proton 10 keV
 Region(s) which use this couple : 
    DefaultRegionForTheWorld

Index : 2     used in the geometry : Yes
 Material : StainlessSteel
 Range cuts        :  gamma  1 mm     e-  1 mm     e+  1 mm  proton 100 um 
 Energy thresholds :  gamma  20.6058 keV    e-  1.28056 MeV    e+  1.21009 MeV proton 10 keV
 Region(s) which use this couple : 
    DefaultRegionForTheWorld

Index : 3     used in the geometry : Yes
 Material : G4_Al
 Range cuts        :  gamma  1 mm     e-  1 mm     e+  1 mm  proton 100 um 
 Energy thresholds :  gamma  6.91572 keV    e-  597.438 keV    e+  574.135 keV proton 10 keV
 Region(s) which use this couple : 
    DefaultRegionForTheWorld

Index : 4     used in the geometry : Yes
 Material : G4_Fe
 Range cuts        :  gamma  1 mm     e-  1 mm     e+  1 mm  proton 100 um 
 Energy thresholds :  gamma  20.7572 keV    e-  1.28885 MeV    e+  1.21776 MeV proton 10 keV
 Region(s) which use this couple : 
    DefaultRegionForTheWorld

Index : 5     used in the geometry : Yes
 Material : G4_W
 Range cuts        :  gamma  1 mm     e-  1 mm     e+  1 mm  proton 100 um 
 Energy thresholds :  gamma  106.43 keV    e-  2.31004 MeV    e+  2.14587 MeV proton 10 keV
 Region(s) which use this couple : 
    DefaultRegionForTheWorld

Index : 6     used in the geometry : Yes
 Material : G4_Pb
 Range cuts        :  gamma  1 mm     e-  1 mm     e+  1 mm  proton 100 um 
 Energy thresholds :  gamma  101.797 keV    e-  1.37158 MeV    e+  1.2826 MeV proton 10 keV
 Region(s) which use this couple : 
    DefaultRegionForTheWorld

Index : 7     used in the geometry : Yes
 Material : G4_WATER
 Range cuts        :  gamma  1 mm     e-  1 mm     e+  1 mm  proton 100 um 
 Energy thresholds :  gamma  2.93547 keV    e-  351.353 keV    e+  341.657 keV proton 10 keV
 Region(s) which use this couple : 
    DefaultRegionForTheWorld

==================================================================

### Run 162 starts.
Run 162 starts ...
 Run terminated.
Run Summary
  Number of events processed : 10
  User=0.000000s Real=0.002055s Sys=0.000000s
	  User TOT = 0.49	  Real TOT = 1.59264
 Summary of Run 162 :
/run/geometryModified

========= Table of registered couples ============================

Index : 0     used in the geometry : Yes
 Material : G4_AIR
 Range cuts        :  gamma  1 mm     e-  1 mm     e+  1 mm  proton 100 um 
 Energy thresholds :  gamma  990 eV     e-  990 eV     e+  990 eV  proton 10 keV
 Region(s) which use this couple : 
    DefaultRegionForTheWorld

Index : 1     used in the geometry : Yes
 Material : G4_Co
 Range cuts        :  gamma  1 mm     e-  1 mm     e+  1 mm  proton 100 um 
 Energy thresholds :  gamma  22.8507 keV    e-  1.40918 MeV    e+  1.32925 MeV proton 10 keV
 Region(s) which use this couple : 
    DefaultRegionForTheWorld

Index : 2     used in the geometry : Yes
 Material : StainlessSteel
 Range cuts        :  gamma  1 mm     e-  1 mm     e+  1 mm  proton 100 um 
 Energy thresholds :  gamma  20.6058 keV    e-  1.28056 MeV    e+  1.21009 MeV proton 10 keV
 Region(s) which use this couple : 
    DefaultRegionForTheWorld

Index : 3     used in the geometry : Yes
 Material : G4_Al
 Range cuts        :  gamma  1 mm     e-  1 mm     e+  1 mm  proton 100 um 
 Energy thresholds :  gamma  6.91572 keV    e-  597.438 keV    e+  574.135 keV proton 10 keV
 Region(s) which use this couple : 
    DefaultRegionForTheWorld

Index : 4     used in the geometry : Yes
 Material : G4_Fe
 Range cuts        :  gamma  1 mm     e-  1 mm     e+  1 mm  proton 100 um 
 Energy thresholds :  gamma  20.7572 keV    e-  1.28885 MeV    e+  1.21776 MeV proton 10 keV
 Region(s) which use this couple : 
    DefaultRegionForTheWorld

Index : 5     used in the geometry : Yes
 Material : G4_W
 Range cuts        :  gamma  1 mm     e-  1 mm     e+  1 mm  proton 100 um 
 Energy thresholds :  gamma  106.43 keV    e-  2.31004 MeV    e+  2.14587 MeV proton 10 keV
 Region(s) which use this couple : 
    DefaultRegionForTheWorld

Index : 6     used in the geometry : Yes
 Material : G4_Pb
 Range cuts        :  gamma  1 mm     e-  1 mm     e+  1 mm  proton 100 um 
 Energy thresholds :  gamma  101.797 keV    e-  1.37158 MeV    e+  1.2826 MeV proton 10 keV
 Region(s) which use this couple : 
    DefaultRegionForTheWorld

Index : 7     used in the geometry : Yes
 Material : G4_WATER
 Range cuts        :  gamma  1 mm     e-  1 mm     e+  1 mm  proton 100 um 
 Energy thresholds :  gamma  2.93547 keV    e-  351.353 keV    e+  341.657 keV proton 10 keV
 Region(s) which use this couple : 
    DefaultRegionForTheWorld

==================================================================

### Run 163 starts.
Run 163 starts ...
 Run terminated.
Run Summary
  Number of events processed : 10
  User=0.000000s Real=0.002188s Sys=0.000000s
	  User TOT = 0.49	  Real TOT = 1.59494
 Summary of Run 163 :
/run/geometryModified

========= Table of registered couples ============================

Index : 0     used in the geometry : Yes
 Material : G4_AIR
 Range cuts        :  gamma  1 mm     e-  1 mm     e+  1 mm  proton 100 um 
 Energy thresholds :  gamma  990 eV     e-  990 eV     e+  990 eV  proton 10 keV
 Region(s) which use this couple : 
    DefaultRegionForTheWorld

Index : 1     used in the geometry : Yes
 Material : G4_Co
 Range cuts        :  gamma  1 mm     e-  1 mm     e+  1 mm  proton 100 um 
 Energy thresholds :  gamma  22.8507 keV    e-  1.40918 MeV    e+  1.32925 MeV proton 10 keV
 Region(s) which use this couple : 
    DefaultRegionForTheWorld

Index : 2     used in the geometry : Yes
 Material : StainlessSteel
 Range cuts        :  gamma  1 mm     e-  1 mm     e+  1 mm  proton 100 um 
 Energy thresholds :  gamma  20.6058 keV    e-  1.28056 MeV    e+  1.21009 MeV proton 10 keV
 Region(s) which use this couple : 
    DefaultRegionForTheWorld

Index : 3     used in the geometry : Yes
 Material : G4_Al
 Range cuts        :  gamma  1 mm     e-  1 mm     e+  1 mm  proton 100 um 
 Energy thresholds :  gamma  6.91572 keV    e-  597.438 keV    e+  574.135 keV proton 10 keV
 Region(s) which use this couple : 
    DefaultRegionForTheWorld

Index : 4     used in the geometry : Yes
 Material : G4_Fe
 Range cuts        :  gamma  1 mm     e-  1 mm     e+  1 mm  proton 100 um 
 Energy thresholds :  gamma  20.7572 keV    e-  1.28885 MeV    e+  1.21776 MeV proton 10 keV
 Region(s) which use this couple : 
    DefaultRegionForTheWorld

Index : 5     used in the geometry : Yes
 Material : G4_W
 Range cuts        :  gamma  1 mm     e-  1 mm     e+  1 mm  proton 100 um 
 Energy thresholds :  gamma  106.43 keV    e-  2.31004 MeV    e+  2.14587 MeV proton 10 keV
 Region(s) which use this couple : 
    DefaultRegionForTheWorld

Index : 6     used in the geometry : Yes
 Material : G4_Pb
 Range cuts        :  gamma  1 mm     e-  1 mm     e+  1 mm  proton 100 um 
 Energy thresholds :  gamma  101.797 keV    e-  1.37158 MeV    e+  1.2826 MeV proton 10 keV
 Region(s) which use this couple : 
    DefaultRegionForTheWorld

Index : 7     used in the geometry : Yes
 Material : G4_WATER
 Range cuts        :  gamma  1 mm     e-  1 mm     e+  1 mm  proton 100 um 
 Energy thresholds :  gamma  2.93547 keV    e-  351.353 keV    e+  341.657 keV proton 10 keV
 Region(s) which use this couple : 
    DefaultRegionForTheWorld

==================================================================

### Run 164 starts.
Run 164 starts ...
 Run terminated.
Run Summary
  Number of events processed : 10
  User=0.000000s Real=0.002798s Sys=0.000000s
	  User TOT = 0.49	  Real TOT = 1.59795
 Summary of Run 164 :
/run/geometryModified

========= Table of registered couples ============================

Index : 0     used in the geometry : Yes
 Material : G4_AIR
 Range cuts        :  gamma  1 mm     e-  1 mm     e+  1 mm  proton 100 um 
 Energy thresholds :  gamma  990 eV     e-  990 eV     e+  990 eV  proton 10 keV
 Region(s) which use this couple : 
    DefaultRegionForTheWorld

Index : 1     used in the geometry : Yes
 Material : G4_Co
 Range cuts        :  gamma  1 mm     e-  1 mm     e+  1 mm  proton 100 um 
 Energy thresholds :  gamma  22.8507 keV    e-  1.40918 MeV    e+  1.32925 MeV proton 10 keV
 Region(s) which use this couple : 
    DefaultRegionForTheWorld

Index : 2     used in the geometry : Yes
 Material : StainlessSteel
 Range cuts        :  gamma  1 mm     e-  1 mm     e+  1 mm  proton 100 um 
 Energy thresholds :  gamma  20.6058 keV    e-  1.28056 MeV    e+  1.21009 MeV proton 10 keV
 Region(s) which use this couple : 
    DefaultRegionForTheWorld

Index : 3     used in the geometry : Yes
 Material : G4_Al
 Range cuts        :  gamma  1 mm     e-  1 mm     e+  1 mm  proton 100 um 
 Energy thresholds :  gamma  6.91572 keV    e-  597.438 keV    e+  574.135 keV proton 10 keV
 Region(s) which use this couple : 
    DefaultRegionForTheWorld

Index : 4     used in the geometry : Yes
 Material : G4_Fe
 Range cuts        :  gamma  1 mm     e-  1 mm     e+  1 mm  proton 100 um 
 Energy thresholds :  gamma  20.7572 keV    e-  1.28885 MeV    e+  1.21776 MeV proton 10 keV
 Region(s) which use this couple : 
    DefaultRegionForTheWorld

Index : 5     used in the geometry : Yes
 Material : G4_W
 Range cuts        :  gamma  1 mm     e-  1 mm     e+  1 mm  proton 100 um 
 Energy thresholds :  gamma  106.43 keV    e-  2.31004 MeV    e+  2.14587 MeV proton 10 keV
 Region(s) which use this couple : 
    DefaultRegionForTheWorld

Index : 6     used in the geometry : Yes
 Material : G4_Pb
 Range cuts        :  gamma  1 mm     e-  1 mm     e+  1 mm  proton 100 um 
 Energy thresholds :  gamma  101.797 keV    e-  1.37158 MeV    e+  1.2826 MeV proton 10 keV
 Region(s) which use this couple : 
    DefaultRegionForTheWorld

Index : 7     used in the geometry : Yes
 Material : G4_WATER
 Range cuts        :  gamma  1 mm     e-  1 mm     e+  1 mm  proton 100 um 
 Energy thresholds :  gamma  2.93547 keV    e-  351.353 keV    e+  341.657 keV proton 10 keV
 Region(s) which use this couple : 
    DefaultRegionForTheWorld

==================================================================

### Run 165 starts.
Run 165 starts ...
 Run terminated.
Run Summary
  Number of events processed : 10
  User=0.000000s Real=0.002210s Sys=0.010000s
	  User TOT = 0.49	  Real TOT = 1.6004
 Summary of Run 165 :
/run/geometryModified

========= Table of registered couples ============================

Index : 0     used in the geometry : Yes
 Material : G4_AIR
 Range cuts        :  gamma  1 mm     e-  1 mm     e+  1 mm  proton 100 um 
 Energy thresholds :  gamma  990 eV     e-  990 eV     e+  990 eV  proton 10 keV
 Region(s) which use this couple : 
    DefaultRegionForTheWorld

Index : 1     used in the geometry : Yes
 Material : G4_Co
 Range cuts        :  gamma  1 mm     e-  1 mm     e+  1 mm  proton 100 um 
 Energy thresholds :  gamma  22.8507 keV    e-  1.40918 MeV    e+  1.32925 MeV proton 10 keV
 Region(s) which use this couple : 
    DefaultRegionForTheWorld

Index : 2     used in the geometry : Yes
 Material : StainlessSteel
 Range cuts        :  gamma  1 mm     e-  1 mm     e+  1 mm  proton 100 um 
 Energy thresholds :  gamma  20.6058 keV    e-  1.28056 MeV    e+  1.21009 MeV proton 10 keV
 Region(s) which use this couple : 
    DefaultRegionForTheWorld

Index : 3     used in the geometry : Yes
 Material : G4_Al
 Range cuts        :  gamma  1 mm     e-  1 mm     e+  1 mm  proton 100 um 
 Energy thresholds :  gamma  6.91572 keV    e-  597.438 keV    e+  574.135 keV proton 10 keV
 Region(s) which use this couple : 
    DefaultRegionForTheWorld

Index : 4     used in the geometry : Yes
 Material : G4_Fe
 Range cuts        :  gamma  1 mm     e-  1 mm     e+  1 mm  proton 100 um 
 Energy thresholds :  gamma  20.7572 keV    e-  1.28885 MeV    e+  1.21776 MeV proton 10 keV
 Region(s) which use this couple : 
    DefaultRegionForTheWorld

Index : 5     used in the geometry : Yes
 Material : G4_W
 Range cuts        :  gamma  1 mm     e-  1 mm     e+  1 mm  proton 100 um 
 Energy thresholds :  gamma  106.43 keV    e-  2.31004 MeV    e+  2.14587 MeV proton 10 keV
 Region(s) which use this couple : 
    DefaultRegionForTheWorld

Index : 6     used in the geometry : Yes
 Material : G4_Pb
 Range cuts        :  gamma  1 mm     e-  1 mm     e+  1 mm  proton 100 um 
 Energy thresholds :  gamma  101.797 keV    e-  1.37158 MeV    e+  1.2826 MeV proton 10 keV
 Region(s) which use this couple : 
    DefaultRegionForTheWorld

Index : 7     used in the geometry : Yes
 Material : G4_WATER
 Range cuts        :  gamma  1 mm     e-  1 mm     e+  1 mm  proton 100 um 
 Energy thresholds :  gamma  2.93547 keV    e-  351.353 keV    e+  341.657 keV proton 10 keV
 Region(s) which use this couple : 
    DefaultRegionForTheWorld

==================================================================

### Run 166 starts.
Run 166 starts ...
 Run terminated.
Run Summary
  Number of events processed : 10
  User=0.000000s Real=0.003511s Sys=0.000000s
	  User TOT = 0.49	  Real TOT = 1.60403
 Summary of Run 166 :
/run/geometryModified

========= Table of registered couples ============================

Index : 0     used in the geometry : Yes
 Material : G4_AIR
 Range cuts        :  gamma  1 mm     e-  1 mm     e+  1 mm  proton 100 um 
 Energy thresholds :  gamma  990 eV     e-  990 eV     e+  990 eV  proton 10 keV
 Region(s) which use this couple : 
    DefaultRegionForTheWorld

Index : 1     used in the geometry : Yes
 Material : G4_Co
 Range cuts        :  gamma  1 mm     e-  1 mm     e+  1 mm  proton 100 um 
 Energy thresholds :  gamma  22.8507 keV    e-  1.40918 MeV    e+  1.32925 MeV proton 10 keV
 Region(s) which use this couple : 
    DefaultRegionForTheWorld

Index : 2     used in the geometry : Yes
 Material : StainlessSteel
 Range cuts        :  gamma  1 mm     e-  1 mm     e+  1 mm  proton 100 um 
 Energy thresholds :  gamma  20.6058 keV    e-  1.28056 MeV    e+  1.21009 MeV proton 10 keV
 Region(s) which use this couple : 
    DefaultRegionForTheWorld

Index : 3     used in the geometry : Yes
 Material : G4_Al
 Range cuts        :  gamma  1 mm     e-  1 mm     e+  1 mm  proton 100 um 
 Energy thresholds :  gamma  6.91572 keV    e-  597.438 keV    e+  574.135 keV proton 10 keV
 Region(s) which use this couple : 
    DefaultRegionForTheWorld

Index : 4     used in the geometry : Yes
 Material : G4_Fe
 Range cuts        :  gamma  1 mm     e-  1 mm     e+  1 mm  proton 100 um 
 Energy thresholds :  gamma  20.7572 keV    e-  1.28885 MeV    e+  1.21776 MeV proton 10 keV
 Region(s) which use this couple : 
    DefaultRegionForTheWorld

Index : 5     used in the geometry : Yes
 Material : G4_W
 Range cuts        :  gamma  1 mm     e-  1 mm     e+  1 mm  proton 100 um 
 Energy thresholds :  gamma  106.43 keV    e-  2.31004 MeV    e+  2.14587 MeV proton 10 keV
 Region(s) which use this couple : 
    DefaultRegionForTheWorld

Index : 6     used in the geometry : Yes
 Material : G4_Pb
 Range cuts        :  gamma  1 mm     e-  1 mm     e+  1 mm  proton 100 um 
 Energy thresholds :  gamma  101.797 keV    e-  1.37158 MeV    e+  1.2826 MeV proton 10 keV
 Region(s) which use this couple : 
    DefaultRegionForTheWorld

Index : 7     used in the geometry : Yes
 Material : G4_WATER
 Range cuts        :  gamma  1 mm     e-  1 mm     e+  1 mm  proton 100 um 
 Energy thresholds :  gamma  2.93547 keV    e-  351.353 keV    e+  341.657 keV proton 10 keV
 Region(s) which use this couple : 
    DefaultRegionForTheWorld

==================================================================

### Run 167 starts.
Run 167 starts ...
 Run terminated.
Run Summary
  Number of events processed : 10
  User=0.010000s Real=0.001921s Sys=0.000000s
	  User TOT = 0.5	  Real TOT = 1.60607
 Summary of Run 167 :
/run/geometryModified

========= Table of registered couples ============================

Index : 0     used in the geometry : Yes
 Material : G4_AIR
 Range cuts        :  gamma  1 mm     e-  1 mm     e+  1 mm  proton 100 um 
 Energy thresholds :  gamma  990 eV     e-  990 eV     e+  990 eV  proton 10 keV
 Region(s) which use this couple : 
    DefaultRegionForTheWorld

Index : 1     used in the geometry : Yes
 Material : G4_Co
 Range cuts        :  gamma  1 mm     e-  1 mm     e+  1 mm  proton 100 um 
 Energy thresholds :  gamma  22.8507 keV    e-  1.40918 MeV    e+  1.32925 MeV proton 10 keV
 Region(s) which use this couple : 
    DefaultRegionForTheWorld

Index : 2     used in the geometry : Yes
 Material : StainlessSteel
 Range cuts        :  gamma  1 mm     e-  1 mm     e+  1 mm  proton 100 um 
 Energy thresholds :  gamma  20.6058 keV    e-  1.28056 MeV    e+  1.21009 MeV proton 10 keV
 Region(s) which use this couple : 
    DefaultRegionForTheWorld

Index : 3     used in the geometry : Yes
 Material : G4_Al
 Range cuts        :  gamma  1 mm     e-  1 mm     e+  1 mm  proton 100 um 
 Energy thresholds :  gamma  6.91572 keV    e-  597.438 keV    e+  574.135 keV proton 10 keV
 Region(s) which use this couple : 
    DefaultRegionForTheWorld

Index : 4     used in the geometry : Yes
 Material : G4_Fe
 Range cuts        :  gamma  1 mm     e-  1 mm     e+  1 mm  proton 100 um 
 Energy thresholds :  gamma  20.7572 keV    e-  1.28885 MeV    e+  1.21776 MeV proton 10 keV
 Region(s) which use this couple : 
    DefaultRegionForTheWorld

Index : 5     used in the geometry : Yes
 Material : G4_W
 Range cuts        :  gamma  1 mm     e-  1 mm     e+  1 mm  proton 100 um 
 Energy thresholds :  gamma  106.43 keV    e-  2.31004 MeV    e+  2.14587 MeV proton 10 keV
 Region(s) which use this couple : 
    DefaultRegionForTheWorld

Index : 6     used in the geometry : Yes
 Material : G4_Pb
 Range cuts        :  gamma  1 mm     e-  1 mm     e+  1 mm  proton 100 um 
 Energy thresholds :  gamma  101.797 keV    e-  1.37158 MeV    e+  1.2826 MeV proton 10 keV
 Region(s) which use this couple : 
    DefaultRegionForTheWorld

Index : 7     used in the geometry : Yes
 Material : G4_WATER
 Range cuts        :  gamma  1 mm     e-  1 mm     e+  1 mm  proton 100 um 
 Energy thresholds :  gamma  2.93547 keV    e-  351.353 keV    e+  341.657 keV proton 10 keV
 Region(s) which use this couple : 
    DefaultRegionForTheWorld

==================================================================

### Run 168 starts.
Run 168 starts ...
 Run terminated.
Run Summary
  Number of events processed : 10
  User=0.000000s Real=0.002343s Sys=0.000000s
	  User TOT = 0.5	  Real TOT = 1.60855
 Summary of Run 168 :
/run/geometryModified

========= Table of registered couples ============================

Index : 0     used in the geometry : Yes
 Material : G4_AIR
 Range cuts        :  gamma  1 mm     e-  1 mm     e+  1 mm  proton 100 um 
 Energy thresholds :  gamma  990 eV     e-  990 eV     e+  990 eV  proton 10 keV
 Region(s) which use this couple : 
    DefaultRegionForTheWorld

Index : 1     used in the geometry : Yes
 Material : G4_Co
 Range cuts        :  gamma  1 mm     e-  1 mm     e+  1 mm  proton 100 um 
 Energy thresholds :  gamma  22.8507 keV    e-  1.40918 MeV    e+  1.32925 MeV proton 10 keV
 Region(s) which use this couple : 
    DefaultRegionForTheWorld

Index : 2     used in the geometry : Yes
 Material : StainlessSteel
 Range cuts        :  gamma  1 mm     e-  1 mm     e+  1 mm  proton 100 um 
 Energy thresholds :  gamma  20.6058 keV    e-  1.28056 MeV    e+  1.21009 MeV proton 10 keV
 Region(s) which use this couple : 
    DefaultRegionForTheWorld

Index : 3     used in the geometry : Yes
 Material : G4_Al
 Range cuts        :  gamma  1 mm     e-  1 mm     e+  1 mm  proton 100 um 
 Energy thresholds :  gamma  6.91572 keV    e-  597.438 keV    e+  574.135 keV proton 10 keV
 Region(s) which use this couple : 
    DefaultRegionForTheWorld

Index : 4     used in the geometry : Yes
 Material : G4_Fe
 Range cuts        :  gamma  1 mm     e-  1 mm     e+  1 mm  proton 100 um 
 Energy thresholds :  gamma  20.7572 keV    e-  1.28885 MeV    e+  1.21776 MeV proton 10 keV
 Region(s) which use this couple : 
    DefaultRegionForTheWorld

Index : 5     used in the geometry : Yes
 Material : G4_W
 Range cuts        :  gamma  1 mm     e-  1 mm     e+  1 mm  proton 100 um 
 Energy thresholds :  gamma  106.43 keV    e-  2.31004 MeV    e+  2.14587 MeV proton 10 keV
 Region(s) which use this couple : 
    DefaultRegionForTheWorld

Index : 6     used in the geometry : Yes
 Material : G4_Pb
 Range cuts        :  gamma  1 mm     e-  1 mm     e+  1 mm  proton 100 um 
 Energy thresholds :  gamma  101.797 keV    e-  1.37158 MeV    e+  1.2826 MeV proton 10 keV
 Region(s) which use this couple : 
    DefaultRegionForTheWorld

Index : 7     used in the geometry : Yes
 Material : G4_WATER
 Range cuts        :  gamma  1 mm     e-  1 mm     e+  1 mm  proton 100 um 
 Energy thresholds :  gamma  2.93547 keV    e-  351.353 keV    e+  341.657 keV proton 10 keV
 Region(s) which use this couple : 
    DefaultRegionForTheWorld

==================================================================

### Run 169 starts.
Run 169 starts ...
 Run terminated.
Run Summary
  Number of events processed : 10
  User=0.000000s Real=0.005089s Sys=0.000000s
	  User TOT = 0.5	  Real TOT = 1.61384
 Summary of Run 169 :
/run/geometryModified

========= Table of registered couples ============================

Index : 0     used in the geometry : Yes
 Material : G4_AIR
 Range cuts        :  gamma  1 mm     e-  1 mm     e+  1 mm  proton 100 um 
 Energy thresholds :  gamma  990 eV     e-  990 eV     e+  990 eV  proton 10 keV
 Region(s) which use this couple : 
    DefaultRegionForTheWorld

Index : 1     used in the geometry : Yes
 Material : G4_Co
 Range cuts        :  gamma  1 mm     e-  1 mm     e+  1 mm  proton 100 um 
 Energy thresholds :  gamma  22.8507 keV    e-  1.40918 MeV    e+  1.32925 MeV proton 10 keV
 Region(s) which use this couple : 
    DefaultRegionForTheWorld

Index : 2     used in the geometry : Yes
 Material : StainlessSteel
 Range cuts        :  gamma  1 mm     e-  1 mm     e+  1 mm  proton 100 um 
 Energy thresholds :  gamma  20.6058 keV    e-  1.28056 MeV    e+  1.21009 MeV proton 10 keV
 Region(s) which use this couple : 
    DefaultRegionForTheWorld

Index : 3     used in the geometry : Yes
 Material : G4_Al
 Range cuts        :  gamma  1 mm     e-  1 mm     e+  1 mm  proton 100 um 
 Energy thresholds :  gamma  6.91572 keV    e-  597.438 keV    e+  574.135 keV proton 10 keV
 Region(s) which use this couple : 
    DefaultRegionForTheWorld

Index : 4     used in the geometry : Yes
 Material : G4_Fe
 Range cuts        :  gamma  1 mm     e-  1 mm     e+  1 mm  proton 100 um 
 Energy thresholds :  gamma  20.7572 keV    e-  1.28885 MeV    e+  1.21776 MeV proton 10 keV
 Region(s) which use this couple : 
    DefaultRegionForTheWorld

Index : 5     used in the geometry : Yes
 Material : G4_W
 Range cuts        :  gamma  1 mm     e-  1 mm     e+  1 mm  proton 100 um 
 Energy thresholds :  gamma  106.43 keV    e-  2.31004 MeV    e+  2.14587 MeV proton 10 keV
 Region(s) which use this couple : 
    DefaultRegionForTheWorld

Index : 6     used in the geometry : Yes
 Material : G4_Pb
 Range cuts        :  gamma  1 mm     e-  1 mm     e+  1 mm  proton 100 um 
 Energy thresholds :  gamma  101.797 keV    e-  1.37158 MeV    e+  1.2826 MeV proton 10 keV
 Region(s) which use this couple : 
    DefaultRegionForTheWorld

Index : 7     used in the geometry : Yes
 Material : G4_WATER
 Range cuts        :  gamma  1 mm     e-  1 mm     e+  1 mm  proton 100 um 
 Energy thresholds :  gamma  2.93547 keV    e-  351.353 keV    e+  341.657 keV proton 10 keV
 Region(s) which use this couple : 
    DefaultRegionForTheWorld

==================================================================

### Run 170 starts.
Run 170 starts ...
 Run terminated.
Run Summary
  Number of events processed : 10
  User=0.000000s Real=0.021801s Sys=0.000000s
	  User TOT = 0.5	  Real TOT = 1.63578
 Summary of Run 170 :
/run/geometryModified

========= Table of registered couples ============================

Index : 0     used in the geometry : Yes
 Material : G4_AIR
 Range cuts        :  gamma  1 mm     e-  1 mm     e+  1 mm  proton 100 um 
 Energy thresholds :  gamma  990 eV     e-  990 eV     e+  990 eV  proton 10 keV
 Region(s) which use this couple : 
    DefaultRegionForTheWorld

Index : 1     used in the geometry : Yes
 Material : G4_Co
 Range cuts        :  gamma  1 mm     e-  1 mm     e+  1 mm  proton 100 um 
 Energy thresholds :  gamma  22.8507 keV    e-  1.40918 MeV    e+  1.32925 MeV proton 10 keV
 Region(s) which use this couple : 
    DefaultRegionForTheWorld

Index : 2     used in the geometry : Yes
 Material : StainlessSteel
 Range cuts        :  gamma  1 mm     e-  1 mm     e+  1 mm  proton 100 um 
 Energy thresholds :  gamma  20.6058 keV    e-  1.28056 MeV    e+  1.21009 MeV proton 10 keV
 Region(s) which use this couple : 
    DefaultRegionForTheWorld

Index : 3     used in the geometry : Yes
 Material : G4_Al
 Range cuts        :  gamma  1 mm     e-  1 mm     e+  1 mm  proton 100 um 
 Energy thresholds :  gamma  6.91572 keV    e-  597.438 keV    e+  574.135 keV proton 10 keV
 Region(s) which use this couple : 
    DefaultRegionForTheWorld

Index : 4     used in the geometry : Yes
 Material : G4_Fe
 Range cuts        :  gamma  1 mm     e-  1 mm     e+  1 mm  proton 100 um 
 Energy thresholds :  gamma  20.7572 keV    e-  1.28885 MeV    e+  1.21776 MeV proton 10 keV
 Region(s) which use this couple : 
    DefaultRegionForTheWorld

Index : 5     used in the geometry : Yes
 Material : G4_W
 Range cuts        :  gamma  1 mm     e-  1 mm     e+  1 mm  proton 100 um 
 Energy thresholds :  gamma  106.43 keV    e-  2.31004 MeV    e+  2.14587 MeV proton 10 keV
 Region(s) which use this couple : 
    DefaultRegionForTheWorld

Index : 6     used in the geometry : Yes
 Material : G4_Pb
 Range cuts        :  gamma  1 mm     e-  1 mm     e+  1 mm  proton 100 um 
 Energy thresholds :  gamma  101.797 keV    e-  1.37158 MeV    e+  1.2826 MeV proton 10 keV
 Region(s) which use this couple : 
    DefaultRegionForTheWorld

Index : 7     used in the geometry : Yes
 Material : G4_WATER
 Range cuts        :  gamma  1 mm     e-  1 mm     e+  1 mm  proton 100 um 
 Energy thresholds :  gamma  2.93547 keV    e-  351.353 keV    e+  341.657 keV proton 10 keV
 Region(s) which use this couple : 
    DefaultRegionForTheWorld

==================================================================

### Run 171 starts.
Run 171 starts ...
 Run terminated.
Run Summary
  Number of events processed : 10
  User=0.000000s Real=0.020544s Sys=0.000000s
	  User TOT = 0.5	  Real TOT = 1.65651
 Summary of Run 171 :
/run/geometryModified

========= Table of registered couples ============================

Index : 0     used in the geometry : Yes
 Material : G4_AIR
 Range cuts        :  gamma  1 mm     e-  1 mm     e+  1 mm  proton 100 um 
 Energy thresholds :  gamma  990 eV     e-  990 eV     e+  990 eV  proton 10 keV
 Region(s) which use this couple : 
    DefaultRegionForTheWorld

Index : 1     used in the geometry : Yes
 Material : G4_Co
 Range cuts        :  gamma  1 mm     e-  1 mm     e+  1 mm  proton 100 um 
 Energy thresholds :  gamma  22.8507 keV    e-  1.40918 MeV    e+  1.32925 MeV proton 10 keV
 Region(s) which use this couple : 
    DefaultRegionForTheWorld

Index : 2     used in the geometry : Yes
 Material : StainlessSteel
 Range cuts        :  gamma  1 mm     e-  1 mm     e+  1 mm  proton 100 um 
 Energy thresholds :  gamma  20.6058 keV    e-  1.28056 MeV    e+  1.21009 MeV proton 10 keV
 Region(s) which use this couple : 
    DefaultRegionForTheWorld

Index : 3     used in the geometry : Yes
 Material : G4_Al
 Range cuts        :  gamma  1 mm     e-  1 mm     e+  1 mm  proton 100 um 
 Energy thresholds :  gamma  6.91572 keV    e-  597.438 keV    e+  574.135 keV proton 10 keV
 Region(s) which use this couple : 
    DefaultRegionForTheWorld

Index : 4     used in the geometry : Yes
 Material : G4_Fe
 Range cuts        :  gamma  1 mm     e-  1 mm     e+  1 mm  proton 100 um 
 Energy thresholds :  gamma  20.7572 keV    e-  1.28885 MeV    e+  1.21776 MeV proton 10 keV
 Region(s) which use this couple : 
    DefaultRegionForTheWorld

Index : 5     used in the geometry : Yes
 Material : G4_W
 Range cuts        :  gamma  1 mm     e-  1 mm     e+  1 mm  proton 100 um 
 Energy thresholds :  gamma  106.43 keV    e-  2.31004 MeV    e+  2.14587 MeV proton 10 keV
 Region(s) which use this couple : 
    DefaultRegionForTheWorld

Index : 6     used in the geometry : Yes
 Material : G4_Pb
 Range cuts        :  gamma  1 mm     e-  1 mm     e+  1 mm  proton 100 um 
 Energy thresholds :  gamma  101.797 keV    e-  1.37158 MeV    e+  1.2826 MeV proton 10 keV
 Region(s) which use this couple : 
    DefaultRegionForTheWorld

Index : 7     used in the geometry : Yes
 Material : G4_WATER
 Range cuts        :  gamma  1 mm     e-  1 mm     e+  1 mm  proton 100 um 
 Energy thresholds :  gamma  2.93547 keV    e-  351.353 keV    e+  341.657 keV proton 10 keV
 Region(s) which use this couple : 
    DefaultRegionForTheWorld

==================================================================

### Run 172 starts.
Run 172 starts ...
 Run terminated.
Run Summary
  Number of events processed : 10
  User=0.010000s Real=0.020947s Sys=0.000000s
	  User TOT = 0.51	  Real TOT = 1.6776
 Summary of Run 172 :
/run/geometryModified

========= Table of registered couples ============================

Index : 0     used in the geometry : Yes
 Material : G4_AIR
 Range cuts        :  gamma  1 mm     e-  1 mm     e+  1 mm  proton 100 um 
 Energy thresholds :  gamma  990 eV     e-  990 eV     e+  990 eV  proton 10 keV
 Region(s) which use this couple : 
    DefaultRegionForTheWorld

Index : 1     used in the geometry : Yes
 Material : G4_Co
 Range cuts        :  gamma  1 mm     e-  1 mm     e+  1 mm  proton 100 um 
 Energy thresholds :  gamma  22.8507 keV    e-  1.40918 MeV    e+  1.32925 MeV proton 10 keV
 Region(s) which use this couple : 
    DefaultRegionForTheWorld

Index : 2     used in the geometry : Yes
 Material : StainlessSteel
 Range cuts        :  gamma  1 mm     e-  1 mm     e+  1 mm  proton 100 um 
 Energy thresholds :  gamma  20.6058 keV    e-  1.28056 MeV    e+  1.21009 MeV proton 10 keV
 Region(s) which use this couple : 
    DefaultRegionForTheWorld

Index : 3     used in the geometry : Yes
 Material : G4_Al
 Range cuts        :  gamma  1 mm     e-  1 mm     e+  1 mm  proton 100 um 
 Energy thresholds :  gamma  6.91572 keV    e-  597.438 keV    e+  574.135 keV proton 10 keV
 Region(s) which use this couple : 
    DefaultRegionForTheWorld

Index : 4     used in the geometry : Yes
 Material : G4_Fe
 Range cuts        :  gamma  1 mm     e-  1 mm     e+  1 mm  proton 100 um 
 Energy thresholds :  gamma  20.7572 keV    e-  1.28885 MeV    e+  1.21776 MeV proton 10 keV
 Region(s) which use this couple : 
    DefaultRegionForTheWorld

Index : 5     used in the geometry : Yes
 Material : G4_W
 Range cuts        :  gamma  1 mm     e-  1 mm     e+  1 mm  proton 100 um 
 Energy thresholds :  gamma  106.43 keV    e-  2.31004 MeV    e+  2.14587 MeV proton 10 keV
 Region(s) which use this couple : 
    DefaultRegionForTheWorld

Index : 6     used in the geometry : Yes
 Material : G4_Pb
 Range cuts        :  gamma  1 mm     e-  1 mm     e+  1 mm  proton 100 um 
 Energy thresholds :  gamma  101.797 keV    e-  1.37158 MeV    e+  1.2826 MeV proton 10 keV
 Region(s) which use this couple : 
    DefaultRegionForTheWorld

Index : 7     used in the geometry : Yes
 Material : G4_WATER
 Range cuts        :  gamma  1 mm     e-  1 mm     e+  1 mm  proton 100 um 
 Energy thresholds :  gamma  2.93547 keV    e-  351.353 keV    e+  341.657 keV proton 10 keV
 Region(s) which use this couple : 
    DefaultRegionForTheWorld

==================================================================

### Run 173 starts.
Run 173 starts ...
 Run terminated.
Run Summary
  Number of events processed : 10
  User=0.000000s Real=0.021458s Sys=0.000000s
	  User TOT = 0.51	  Real TOT = 1.6992
 Summary of Run 173 :
/run/geometryModified

========= Table of registered couples ============================

Index : 0     used in the geometry : Yes
 Material : G4_AIR
 Range cuts        :  gamma  1 mm     e-  1 mm     e+  1 mm  proton 100 um 
 Energy thresholds :  gamma  990 eV     e-  990 eV     e+  990 eV  proton 10 keV
 Region(s) which use this couple : 
    DefaultRegionForTheWorld

Index : 1     used in the geometry : Yes
 Material : G4_Co
 Range cuts        :  gamma  1 mm     e-  1 mm     e+  1 mm  proton 100 um 
 Energy thresholds :  gamma  22.8507 keV    e-  1.40918 MeV    e+  1.32925 MeV proton 10 keV
 Region(s) which use this couple : 
    DefaultRegionForTheWorld

Index : 2     used in the geometry : Yes
 Material : StainlessSteel
 Range cuts        :  gamma  1 mm     e-  1 mm     e+  1 mm  proton 100 um 
 Energy thresholds :  gamma  20.6058 keV    e-  1.28056 MeV    e+  1.21009 MeV proton 10 keV
 Region(s) which use this couple : 
    DefaultRegionForTheWorld

Index : 3     used in the geometry : Yes
 Material : G4_Al
 Range cuts        :  gamma  1 mm     e-  1 mm     e+  1 mm  proton 100 um 
 Energy thresholds :  gamma  6.91572 keV    e-  597.438 keV    e+  574.135 keV proton 10 keV
 Region(s) which use this couple : 
    DefaultRegionForTheWorld

Index : 4     used in the geometry : Yes
 Material : G4_Fe
 Range cuts        :  gamma  1 mm     e-  1 mm     e+  1 mm  proton 100 um 
 Energy thresholds :  gamma  20.7572 keV    e-  1.28885 MeV    e+  1.21776 MeV proton 10 keV
 Region(s) which use this couple : 
    DefaultRegionForTheWorld

Index : 5     used in the geometry : Yes
 Material : G4_W
 Range cuts        :  gamma  1 mm     e-  1 mm     e+  1 mm  proton 100 um 
 Energy thresholds :  gamma  106.43 keV    e-  2.31004 MeV    e+  2.14587 MeV proton 10 keV
 Region(s) which use this couple : 
    DefaultRegionForTheWorld

Index : 6     used in the geometry : Yes
 Material : G4_Pb
 Range cuts        :  gamma  1 mm     e-  1 mm     e+  1 mm  proton 100 um 
 Energy thresholds :  gamma  101.797 keV    e-  1.37158 MeV    e+  1.2826 MeV proton 10 keV
 Region(s) which use this couple : 
    DefaultRegionForTheWorld

Index : 7     used in the geometry : Yes
 Material : G4_WATER
 Range cuts        :  gamma  1 mm     e-  1 mm     e+  1 mm  proton 100 um 
 Energy thresholds :  gamma  2.93547 keV    e-  351.353 keV    e+  341.657 keV proton 10 keV
 Region(s) which use this couple : 
    DefaultRegionForTheWorld

==================================================================

### Run 174 starts.
Run 174 starts ...
 Run terminated.
Run Summary
  Number of events processed : 10
  User=0.000000s Real=0.020482s Sys=0.010000s
	  User TOT = 0.51	  Real TOT = 1.71986
 Summary of Run 174 :
/run/geometryModified

========= Table of registered couples ============================

Index : 0     used in the geometry : Yes
 Material : G4_AIR
 Range cuts        :  gamma  1 mm     e-  1 mm     e+  1 mm  proton 100 um 
 Energy thresholds :  gamma  990 eV     e-  990 eV     e+  990 eV  proton 10 keV
 Region(s) which use this couple : 
    DefaultRegionForTheWorld

Index : 1     used in the geometry : Yes
 Material : G4_Co
 Range cuts        :  gamma  1 mm     e-  1 mm     e+  1 mm  proton 100 um 
 Energy thresholds :  gamma  22.8507 keV    e-  1.40918 MeV    e+  1.32925 MeV proton 10 keV
 Region(s) which use this couple : 
    DefaultRegionForTheWorld

Index : 2     used in the geometry : Yes
 Material : StainlessSteel
 Range cuts        :  gamma  1 mm     e-  1 mm     e+  1 mm  proton 100 um 
 Energy thresholds :  gamma  20.6058 keV    e-  1.28056 MeV    e+  1.21009 MeV proton 10 keV
 Region(s) which use this couple : 
    DefaultRegionForTheWorld

Index : 3     used in the geometry : Yes
 Material : G4_Al
 Range cuts        :  gamma  1 mm     e-  1 mm     e+  1 mm  proton 100 um 
 Energy thresholds :  gamma  6.91572 keV    e-  597.438 keV    e+  574.135 keV proton 10 keV
 Region(s) which use this couple : 
    DefaultRegionForTheWorld

Index : 4     used in the geometry : Yes
 Material : G4_Fe
 Range cuts        :  gamma  1 mm     e-  1 mm     e+  1 mm  proton 100 um 
 Energy thresholds :  gamma  20.7572 keV    e-  1.28885 MeV    e+  1.21776 MeV proton 10 keV
 Region(s) which use this couple : 
    DefaultRegionForTheWorld

Index : 5     used in the geometry : Yes
 Material : G4_W
 Range cuts        :  gamma  1 mm     e-  1 mm     e+  1 mm  proton 100 um 
 Energy thresholds :  gamma  106.43 keV    e-  2.31004 MeV    e+  2.14587 MeV proton 10 keV
 Region(s) which use this couple : 
    DefaultRegionForTheWorld

Index : 6     used in the geometry : Yes
 Material : G4_Pb
 Range cuts        :  gamma  1 mm     e-  1 mm     e+  1 mm  proton 100 um 
 Energy thresholds :  gamma  101.797 keV    e-  1.37158 MeV    e+  1.2826 MeV proton 10 keV
 Region(s) which use this couple : 
    DefaultRegionForTheWorld

Index : 7     used in the geometry : Yes
 Material : G4_WATER
 Range cuts        :  gamma  1 mm     e-  1 mm     e+  1 mm  proton 100 um 
 Energy thresholds :  gamma  2.93547 keV    e-  351.353 keV    e+  341.657 keV proton 10 keV
 Region(s) which use this couple : 
    DefaultRegionForTheWorld

==================================================================

### Run 175 starts.
Run 175 starts ...
 Run terminated.
Run Summary
  Number of events processed : 10
  User=0.000000s Real=0.021598s Sys=0.000000s
	  User TOT = 0.51	  Real TOT = 1.74168
 Summary of Run 175 :
/run/geometryModified

========= Table of registered couples ============================

Index : 0     used in the geometry : Yes
 Material : G4_AIR
 Range cuts        :  gamma  1 mm     e-  1 mm     e+  1 mm  proton 100 um 
 Energy thresholds :  gamma  990 eV     e-  990 eV     e+  990 eV  proton 10 keV
 Region(s) which use this couple : 
    DefaultRegionForTheWorld

Index : 1     used in the geometry : Yes
 Material : G4_Co
 Range cuts        :  gamma  1 mm     e-  1 mm     e+  1 mm  proton 100 um 
 Energy thresholds :  gamma  22.8507 keV    e-  1.40918 MeV    e+  1.32925 MeV proton 10 keV
 Region(s) which use this couple : 
    DefaultRegionForTheWorld

Index : 2     used in the geometry : Yes
 Material : StainlessSteel
 Range cuts        :  gamma  1 mm     e-  1 mm     e+  1 mm  proton 100 um 
 Energy thresholds :  gamma  20.6058 keV    e-  1.28056 MeV    e+  1.21009 MeV proton 10 keV
 Region(s) which use this couple : 
    DefaultRegionForTheWorld

Index : 3     used in the geometry : Yes
 Material : G4_Al
 Range cuts        :  gamma  1 mm     e-  1 mm     e+  1 mm  proton 100 um 
 Energy thresholds :  gamma  6.91572 keV    e-  597.438 keV    e+  574.135 keV proton 10 keV
 Region(s) which use this couple : 
    DefaultRegionForTheWorld

Index : 4     used in the geometry : Yes
 Material : G4_Fe
 Range cuts        :  gamma  1 mm     e-  1 mm     e+  1 mm  proton 100 um 
 Energy thresholds :  gamma  20.7572 keV    e-  1.28885 MeV    e+  1.21776 MeV proton 10 keV
 Region(s) which use this couple : 
    DefaultRegionForTheWorld

Index : 5     used in the geometry : Yes
 Material : G4_W
 Range cuts        :  gamma  1 mm     e-  1 mm     e+  1 mm  proton 100 um 
 Energy thresholds :  gamma  106.43 keV    e-  2.31004 MeV    e+  2.14587 MeV proton 10 keV
 Region(s) which use this couple : 
    DefaultRegionForTheWorld

Index : 6     used in the geometry : Yes
 Material : G4_Pb
 Range cuts        :  gamma  1 mm     e-  1 mm     e+  1 mm  proton 100 um 
 Energy thresholds :  gamma  101.797 keV    e-  1.37158 MeV    e+  1.2826 MeV proton 10 keV
 Region(s) which use this couple : 
    DefaultRegionForTheWorld

Index : 7     used in the geometry : Yes
 Material : G4_WATER
 Range cuts        :  gamma  1 mm     e-  1 mm     e+  1 mm  proton 100 um 
 Energy thresholds :  gamma  2.93547 keV    e-  351.353 keV    e+  341.657 keV proton 10 keV
 Region(s) which use this couple : 
    DefaultRegionForTheWorld

==================================================================

### Run 176 starts.
Run 176 starts ...
 Run terminated.
Run Summary
  Number of events processed : 10
  User=0.000000s Real=0.020691s Sys=0.000000s
	  User TOT = 0.51	  Real TOT = 1.7626
 Summary of Run 176 :
/run/geometryModified

========= Table of registered couples ============================

Index : 0     used in the geometry : Yes
 Material : G4_AIR
 Range cuts        :  gamma  1 mm     e-  1 mm     e+  1 mm  proton 100 um 
 Energy thresholds :  gamma  990 eV     e-  990 eV     e+  990 eV  proton 10 keV
 Region(s) which use this couple : 
    DefaultRegionForTheWorld

Index : 1     used in the geometry : Yes
 Material : G4_Co
 Range cuts        :  gamma  1 mm     e-  1 mm     e+  1 mm  proton 100 um 
 Energy thresholds :  gamma  22.8507 keV    e-  1.40918 MeV    e+  1.32925 MeV proton 10 keV
 Region(s) which use this couple : 
    DefaultRegionForTheWorld

Index : 2     used in the geometry : Yes
 Material : StainlessSteel
 Range cuts        :  gamma  1 mm     e-  1 mm     e+  1 mm  proton 100 um 
 Energy thresholds :  gamma  20.6058 keV    e-  1.28056 MeV    e+  1.21009 MeV proton 10 keV
 Region(s) which use this couple : 
    DefaultRegionForTheWorld

Index : 3     used in the geometry : Yes
 Material : G4_Al
 Range cuts        :  gamma  1 mm     e-  1 mm     e+  1 mm  proton 100 um 
 Energy thresholds :  gamma  6.91572 keV    e-  597.438 keV    e+  574.135 keV proton 10 keV
 Region(s) which use this couple : 
    DefaultRegionForTheWorld

Index : 4     used in the geometry : Yes
 Material : G4_Fe
 Range cuts        :  gamma  1 mm     e-  1 mm     e+  1 mm  proton 100 um 
 Energy thresholds :  gamma  20.7572 keV    e-  1.28885 MeV    e+  1.21776 MeV proton 10 keV
 Region(s) which use this couple : 
    DefaultRegionForTheWorld

Index : 5     used in the geometry : Yes
 Material : G4_W
 Range cuts        :  gamma  1 mm     e-  1 mm     e+  1 mm  proton 100 um 
 Energy thresholds :  gamma  106.43 keV    e-  2.31004 MeV    e+  2.14587 MeV proton 10 keV
 Region(s) which use this couple : 
    DefaultRegionForTheWorld

Index : 6     used in the geometry : Yes
 Material : G4_Pb
 Range cuts        :  gamma  1 mm     e-  1 mm     e+  1 mm  proton 100 um 
 Energy thresholds :  gamma  101.797 keV    e-  1.37158 MeV    e+  1.2826 MeV proton 10 keV
 Region(s) which use this couple : 
    DefaultRegionForTheWorld

Index : 7     used in the geometry : Yes
 Material : G4_WATER
 Range cuts        :  gamma  1 mm     e-  1 mm     e+  1 mm  proton 100 um 
 Energy thresholds :  gamma  2.93547 keV    e-  351.353 keV    e+  341.657 keV proton 10 keV
 Region(s) which use this couple : 
    DefaultRegionForTheWorld

==================================================================

### Run 177 starts.
Run 177 starts ...
 Run terminated.
Run Summary
  Number of events processed : 10
  User=0.000000s Real=0.020715s Sys=0.000000s
	  User TOT = 0.51	  Real TOT = 1.78359
 Summary of Run 177 :
/run/geometryModified

========= Table of registered couples ============================

Index : 0     used in the geometry : Yes
 Material : G4_AIR
 Range cuts        :  gamma  1 mm     e-  1 mm     e+  1 mm  proton 100 um 
 Energy thresholds :  gamma  990 eV     e-  990 eV     e+  990 eV  proton 10 keV
 Region(s) which use this couple : 
    DefaultRegionForTheWorld

Index : 1     used in the geometry : Yes
 Material : G4_Co
 Range cuts        :  gamma  1 mm     e-  1 mm     e+  1 mm  proton 100 um 
 Energy thresholds :  gamma  22.8507 keV    e-  1.40918 MeV    e+  1.32925 MeV proton 10 keV
 Region(s) which use this couple : 
    DefaultRegionForTheWorld

Index : 2     used in the geometry : Yes
 Material : StainlessSteel
 Range cuts        :  gamma  1 mm     e-  1 mm     e+  1 mm  proton 100 um 
 Energy thresholds :  gamma  20.6058 keV    e-  1.28056 MeV    e+  1.21009 MeV proton 10 keV
 Region(s) which use this couple : 
    DefaultRegionForTheWorld

Index : 3     used in the geometry : Yes
 Material : G4_Al
 Range cuts        :  gamma  1 mm     e-  1 mm     e+  1 mm  proton 100 um 
 Energy thresholds :  gamma  6.91572 keV    e-  597.438 keV    e+  574.135 keV proton 10 keV
 Region(s) which use this couple : 
    DefaultRegionForTheWorld

Index : 4     used in the geometry : Yes
 Material : G4_Fe
 Range cuts        :  gamma  1 mm     e-  1 mm     e+  1 mm  proton 100 um 
 Energy thresholds :  gamma  20.7572 keV    e-  1.28885 MeV    e+  1.21776 MeV proton 10 keV
 Region(s) which use this couple : 
    DefaultRegionForTheWorld

Index : 5     used in the geometry : Yes
 Material : G4_W
 Range cuts        :  gamma  1 mm     e-  1 mm     e+  1 mm  proton 100 um 
 Energy thresholds :  gamma  106.43 keV    e-  2.31004 MeV    e+  2.14587 MeV proton 10 keV
 Region(s) which use this couple : 
    DefaultRegionForTheWorld

Index : 6     used in the geometry : Yes
 Material : G4_Pb
 Range cuts        :  gamma  1 mm     e-  1 mm     e+  1 mm  proton 100 um 
 Energy thresholds :  gamma  101.797 keV    e-  1.37158 MeV    e+  1.2826 MeV proton 10 keV
 Region(s) which use this couple : 
    DefaultRegionForTheWorld

Index : 7     used in the geometry : Yes
 Material : G4_WATER
 Range cuts        :  gamma  1 mm     e-  1 mm     e+  1 mm  proton 100 um 
 Energy thresholds :  gamma  2.93547 keV    e-  351.353 keV    e+  341.657 keV proton 10 keV
 Region(s) which use this couple : 
    DefaultRegionForTheWorld

==================================================================

### Run 178 starts.
Run 178 starts ...
 Run terminated.
Run Summary
  Number of events processed : 10
  User=0.000000s Real=0.020840s Sys=0.000000s
	  User TOT = 0.51	  Real TOT = 1.8046
 Summary of Run 178 :
/run/geometryModified

========= Table of registered couples ============================

Index : 0     used in the geometry : Yes
 Material : G4_AIR
 Range cuts        :  gamma  1 mm     e-  1 mm     e+  1 mm  proton 100 um 
 Energy thresholds :  gamma  990 eV     e-  990 eV     e+  990 eV  proton 10 keV
 Region(s) which use this couple : 
    DefaultRegionForTheWorld

Index : 1     used in the geometry : Yes
 Material : G4_Co
 Range cuts        :  gamma  1 mm     e-  1 mm     e+  1 mm  proton 100 um 
 Energy thresholds :  gamma  22.8507 keV    e-  1.40918 MeV    e+  1.32925 MeV proton 10 keV
 Region(s) which use this couple : 
    DefaultRegionForTheWorld

Index : 2     used in the geometry : Yes
 Material : StainlessSteel
 Range cuts        :  gamma  1 mm     e-  1 mm     e+  1 mm  proton 100 um 
 Energy thresholds :  gamma  20.6058 keV    e-  1.28056 MeV    e+  1.21009 MeV proton 10 keV
 Region(s) which use this couple : 
    DefaultRegionForTheWorld

Index : 3     used in the geometry : Yes
 Material : G4_Al
 Range cuts        :  gamma  1 mm     e-  1 mm     e+  1 mm  proton 100 um 
 Energy thresholds :  gamma  6.91572 keV    e-  597.438 keV    e+  574.135 keV proton 10 keV
 Region(s) which use this couple : 
    DefaultRegionForTheWorld

Index : 4     used in the geometry : Yes
 Material : G4_Fe
 Range cuts        :  gamma  1 mm     e-  1 mm     e+  1 mm  proton 100 um 
 Energy thresholds :  gamma  20.7572 keV    e-  1.28885 MeV    e+  1.21776 MeV proton 10 keV
 Region(s) which use this couple : 
    DefaultRegionForTheWorld

Index : 5     used in the geometry : Yes
 Material : G4_W
 Range cuts        :  gamma  1 mm     e-  1 mm     e+  1 mm  proton 100 um 
 Energy thresholds :  gamma  106.43 keV    e-  2.31004 MeV    e+  2.14587 MeV proton 10 keV
 Region(s) which use this couple : 
    DefaultRegionForTheWorld

Index : 6     used in the geometry : Yes
 Material : G4_Pb
 Range cuts        :  gamma  1 mm     e-  1 mm     e+  1 mm  proton 100 um 
 Energy thresholds :  gamma  101.797 keV    e-  1.37158 MeV    e+  1.2826 MeV proton 10 keV
 Region(s) which use this couple : 
    DefaultRegionForTheWorld

Index : 7     used in the geometry : Yes
 Material : G4_WATER
 Range cuts        :  gamma  1 mm     e-  1 mm     e+  1 mm  proton 100 um 
 Energy thresholds :  gamma  2.93547 keV    e-  351.353 keV    e+  341.657 keV proton 10 keV
 Region(s) which use this couple : 
    DefaultRegionForTheWorld

==================================================================

### Run 179 starts.
Run 179 starts ...
 Run terminated.
Run Summary
  Number of events processed : 10
  User=0.000000s Real=0.020987s Sys=0.000000s
	  User TOT = 0.51	  Real TOT = 1.82572
 Summary of Run 179 :
/run/geometryModified

========= Table of registered couples ============================

Index : 0     used in the geometry : Yes
 Material : G4_AIR
 Range cuts        :  gamma  1 mm     e-  1 mm     e+  1 mm  proton 100 um 
 Energy thresholds :  gamma  990 eV     e-  990 eV     e+  990 eV  proton 10 keV
 Region(s) which use this couple : 
    DefaultRegionForTheWorld

Index : 1     used in the geometry : Yes
 Material : G4_Co
 Range cuts        :  gamma  1 mm     e-  1 mm     e+  1 mm  proton 100 um 
 Energy thresholds :  gamma  22.8507 keV    e-  1.40918 MeV    e+  1.32925 MeV proton 10 keV
 Region(s) which use this couple : 
    DefaultRegionForTheWorld

Index : 2     used in the geometry : Yes
 Material : StainlessSteel
 Range cuts        :  gamma  1 mm     e-  1 mm     e+  1 mm  proton 100 um 
 Energy thresholds :  gamma  20.6058 keV    e-  1.28056 MeV    e+  1.21009 MeV proton 10 keV
 Region(s) which use this couple : 
    DefaultRegionForTheWorld

Index : 3     used in the geometry : Yes
 Material : G4_Al
 Range cuts        :  gamma  1 mm     e-  1 mm     e+  1 mm  proton 100 um 
 Energy thresholds :  gamma  6.91572 keV    e-  597.438 keV    e+  574.135 keV proton 10 keV
 Region(s) which use this couple : 
    DefaultRegionForTheWorld

Index : 4     used in the geometry : Yes
 Material : G4_Fe
 Range cuts        :  gamma  1 mm     e-  1 mm     e+  1 mm  proton 100 um 
 Energy thresholds :  gamma  20.7572 keV    e-  1.28885 MeV    e+  1.21776 MeV proton 10 keV
 Region(s) which use this couple : 
    DefaultRegionForTheWorld

Index : 5     used in the geometry : Yes
 Material : G4_W
 Range cuts        :  gamma  1 mm     e-  1 mm     e+  1 mm  proton 100 um 
 Energy thresholds :  gamma  106.43 keV    e-  2.31004 MeV    e+  2.14587 MeV proton 10 keV
 Region(s) which use this couple : 
    DefaultRegionForTheWorld

Index : 6     used in the geometry : Yes
 Material : G4_Pb
 Range cuts        :  gamma  1 mm     e-  1 mm     e+  1 mm  proton 100 um 
 Energy thresholds :  gamma  101.797 keV    e-  1.37158 MeV    e+  1.2826 MeV proton 10 keV
 Region(s) which use this couple : 
    DefaultRegionForTheWorld

Index : 7     used in the geometry : Yes
 Material : G4_WATER
 Range cuts        :  gamma  1 mm     e-  1 mm     e+  1 mm  proton 100 um 
 Energy thresholds :  gamma  2.93547 keV    e-  351.353 keV    e+  341.657 keV proton 10 keV
 Region(s) which use this couple : 
    DefaultRegionForTheWorld

==================================================================

### Run 180 starts.
Run 180 starts ...
 Run terminated.
Run Summary
  Number of events processed : 10
  User=0.000000s Real=0.020128s Sys=0.010000s
	  User TOT = 0.51	  Real TOT = 1.84599
 Summary of Run 180 :
/run/geometryModified

========= Table of registered couples ============================

Index : 0     used in the geometry : Yes
 Material : G4_AIR
 Range cuts        :  gamma  1 mm     e-  1 mm     e+  1 mm  proton 100 um 
 Energy thresholds :  gamma  990 eV     e-  990 eV     e+  990 eV  proton 10 keV
 Region(s) which use this couple : 
    DefaultRegionForTheWorld

Index : 1     used in the geometry : Yes
 Material : G4_Co
 Range cuts        :  gamma  1 mm     e-  1 mm     e+  1 mm  proton 100 um 
 Energy thresholds :  gamma  22.8507 keV    e-  1.40918 MeV    e+  1.32925 MeV proton 10 keV
 Region(s) which use this couple : 
    DefaultRegionForTheWorld

Index : 2     used in the geometry : Yes
 Material : StainlessSteel
 Range cuts        :  gamma  1 mm     e-  1 mm     e+  1 mm  proton 100 um 
 Energy thresholds :  gamma  20.6058 keV    e-  1.28056 MeV    e+  1.21009 MeV proton 10 keV
 Region(s) which use this couple : 
    DefaultRegionForTheWorld

Index : 3     used in the geometry : Yes
 Material : G4_Al
 Range cuts        :  gamma  1 mm     e-  1 mm     e+  1 mm  proton 100 um 
 Energy thresholds :  gamma  6.91572 keV    e-  597.438 keV    e+  574.135 keV proton 10 keV
 Region(s) which use this couple : 
    DefaultRegionForTheWorld

Index : 4     used in the geometry : Yes
 Material : G4_Fe
 Range cuts        :  gamma  1 mm     e-  1 mm     e+  1 mm  proton 100 um 
 Energy thresholds :  gamma  20.7572 keV    e-  1.28885 MeV    e+  1.21776 MeV proton 10 keV
 Region(s) which use this couple : 
    DefaultRegionForTheWorld

Index : 5     used in the geometry : Yes
 Material : G4_W
 Range cuts        :  gamma  1 mm     e-  1 mm     e+  1 mm  proton 100 um 
 Energy thresholds :  gamma  106.43 keV    e-  2.31004 MeV    e+  2.14587 MeV proton 10 keV
 Region(s) which use this couple : 
    DefaultRegionForTheWorld

Index : 6     used in the geometry : Yes
 Material : G4_Pb
 Range cuts        :  gamma  1 mm     e-  1 mm     e+  1 mm  proton 100 um 
 Energy thresholds :  gamma  101.797 keV    e-  1.37158 MeV    e+  1.2826 MeV proton 10 keV
 Region(s) which use this couple : 
    DefaultRegionForTheWorld

Index : 7     used in the geometry : Yes
 Material : G4_WATER
 Range cuts        :  gamma  1 mm     e-  1 mm     e+  1 mm  proton 100 um 
 Energy thresholds :  gamma  2.93547 keV    e-  351.353 keV    e+  341.657 keV proton 10 keV
 Region(s) which use this couple : 
    DefaultRegionForTheWorld

==================================================================

### Run 181 starts.
Run 181 starts ...
 Run terminated.
Run Summary
  Number of events processed : 10
  User=0.010000s Real=0.020948s Sys=0.000000s
	  User TOT = 0.52	  Real TOT = 1.86717
 Summary of Run 181 :
/run/geometryModified

========= Table of registered couples ============================

Index : 0     used in the geometry : Yes
 Material : G4_AIR
 Range cuts        :  gamma  1 mm     e-  1 mm     e+  1 mm  proton 100 um 
 Energy thresholds :  gamma  990 eV     e-  990 eV     e+  990 eV  proton 10 keV
 Region(s) which use this couple : 
    DefaultRegionForTheWorld

Index : 1     used in the geometry : Yes
 Material : G4_Co
 Range cuts        :  gamma  1 mm     e-  1 mm     e+  1 mm  proton 100 um 
 Energy thresholds :  gamma  22.8507 keV    e-  1.40918 MeV    e+  1.32925 MeV proton 10 keV
 Region(s) which use this couple : 
    DefaultRegionForTheWorld

Index : 2     used in the geometry : Yes
 Material : StainlessSteel
 Range cuts        :  gamma  1 mm     e-  1 mm     e+  1 mm  proton 100 um 
 Energy thresholds :  gamma  20.6058 keV    e-  1.28056 MeV    e+  1.21009 MeV proton 10 keV
 Region(s) which use this couple : 
    DefaultRegionForTheWorld

Index : 3     used in the geometry : Yes
 Material : G4_Al
 Range cuts        :  gamma  1 mm     e-  1 mm     e+  1 mm  proton 100 um 
 Energy thresholds :  gamma  6.91572 keV    e-  597.438 keV    e+  574.135 keV proton 10 keV
 Region(s) which use this couple : 
    DefaultRegionForTheWorld

Index : 4     used in the geometry : Yes
 Material : G4_Fe
 Range cuts        :  gamma  1 mm     e-  1 mm     e+  1 mm  proton 100 um 
 Energy thresholds :  gamma  20.7572 keV    e-  1.28885 MeV    e+  1.21776 MeV proton 10 keV
 Region(s) which use this couple : 
    DefaultRegionForTheWorld

Index : 5     used in the geometry : Yes
 Material : G4_W
 Range cuts        :  gamma  1 mm     e-  1 mm     e+  1 mm  proton 100 um 
 Energy thresholds :  gamma  106.43 keV    e-  2.31004 MeV    e+  2.14587 MeV proton 10 keV
 Region(s) which use this couple : 
    DefaultRegionForTheWorld

Index : 6     used in the geometry : Yes
 Material : G4_Pb
 Range cuts        :  gamma  1 mm     e-  1 mm     e+  1 mm  proton 100 um 
 Energy thresholds :  gamma  101.797 keV    e-  1.37158 MeV    e+  1.2826 MeV proton 10 keV
 Region(s) which use this couple : 
    DefaultRegionForTheWorld

Index : 7     used in the geometry : Yes
 Material : G4_WATER
 Range cuts        :  gamma  1 mm     e-  1 mm     e+  1 mm  proton 100 um 
 Energy thresholds :  gamma  2.93547 keV    e-  351.353 keV    e+  341.657 keV proton 10 keV
 Region(s) which use this couple : 
    DefaultRegionForTheWorld

==================================================================

### Run 182 starts.
Run 182 starts ...
 Run terminated.
Run Summary
  Number of events processed : 10
  User=0.000000s Real=0.044540s Sys=0.000000s
	  User TOT = 0.52	  Real TOT = 1.91185
 Summary of Run 182 :
/run/geometryModified

========= Table of registered couples ============================

Index : 0     used in the geometry : Yes
 Material : G4_AIR
 Range cuts        :  gamma  1 mm     e-  1 mm     e+  1 mm  proton 100 um 
 Energy thresholds :  gamma  990 eV     e-  990 eV     e+  990 eV  proton 10 keV
 Region(s) which use this couple : 
    DefaultRegionForTheWorld

Index : 1     used in the geometry : Yes
 Material : G4_Co
 Range cuts        :  gamma  1 mm     e-  1 mm     e+  1 mm  proton 100 um 
 Energy thresholds :  gamma  22.8507 keV    e-  1.40918 MeV    e+  1.32925 MeV proton 10 keV
 Region(s) which use this couple : 
    DefaultRegionForTheWorld

Index : 2     used in the geometry : Yes
 Material : StainlessSteel
 Range cuts        :  gamma  1 mm     e-  1 mm     e+  1 mm  proton 100 um 
 Energy thresholds :  gamma  20.6058 keV    e-  1.28056 MeV    e+  1.21009 MeV proton 10 keV
 Region(s) which use this couple : 
    DefaultRegionForTheWorld

Index : 3     used in the geometry : Yes
 Material : G4_Al
 Range cuts        :  gamma  1 mm     e-  1 mm     e+  1 mm  proton 100 um 
 Energy thresholds :  gamma  6.91572 keV    e-  597.438 keV    e+  574.135 keV proton 10 keV
 Region(s) which use this couple : 
    DefaultRegionForTheWorld

Index : 4     used in the geometry : Yes
 Material : G4_Fe
 Range cuts        :  gamma  1 mm     e-  1 mm     e+  1 mm  proton 100 um 
 Energy thresholds :  gamma  20.7572 keV    e-  1.28885 MeV    e+  1.21776 MeV proton 10 keV
 Region(s) which use this couple : 
    DefaultRegionForTheWorld

Index : 5     used in the geometry : Yes
 Material : G4_W
 Range cuts        :  gamma  1 mm     e-  1 mm     e+  1 mm  proton 100 um 
 Energy thresholds :  gamma  106.43 keV    e-  2.31004 MeV    e+  2.14587 MeV proton 10 keV
 Region(s) which use this couple : 
    DefaultRegionForTheWorld

Index : 6     used in the geometry : Yes
 Material : G4_Pb
 Range cuts        :  gamma  1 mm     e-  1 mm     e+  1 mm  proton 100 um 
 Energy thresholds :  gamma  101.797 keV    e-  1.37158 MeV    e+  1.2826 MeV proton 10 keV
 Region(s) which use this couple : 
    DefaultRegionForTheWorld

Index : 7     used in the geometry : Yes
 Material : G4_WATER
 Range cuts        :  gamma  1 mm     e-  1 mm     e+  1 mm  proton 100 um 
 Energy thresholds :  gamma  2.93547 keV    e-  351.353 keV    e+  341.657 keV proton 10 keV
 Region(s) which use this couple : 
    DefaultRegionForTheWorld

==================================================================

### Run 183 starts.
Run 183 starts ...
 Run terminated.
Run Summary
  Number of events processed : 10
  User=0.000000s Real=0.020618s Sys=0.000000s
	  User TOT = 0.52	  Real TOT = 1.93261
 Summary of Run 183 :
/run/geometryModified

========= Table of registered couples ============================

Index : 0     used in the geometry : Yes
 Material : G4_AIR
 Range cuts        :  gamma  1 mm     e-  1 mm     e+  1 mm  proton 100 um 
 Energy thresholds :  gamma  990 eV     e-  990 eV     e+  990 eV  proton 10 keV
 Region(s) which use this couple : 
    DefaultRegionForTheWorld

Index : 1     used in the geometry : Yes
 Material : G4_Co
 Range cuts        :  gamma  1 mm     e-  1 mm     e+  1 mm  proton 100 um 
 Energy thresholds :  gamma  22.8507 keV    e-  1.40918 MeV    e+  1.32925 MeV proton 10 keV
 Region(s) which use this couple : 
    DefaultRegionForTheWorld

Index : 2     used in the geometry : Yes
 Material : StainlessSteel
 Range cuts        :  gamma  1 mm     e-  1 mm     e+  1 mm  proton 100 um 
 Energy thresholds :  gamma  20.6058 keV    e-  1.28056 MeV    e+  1.21009 MeV proton 10 keV
 Region(s) which use this couple : 
    DefaultRegionForTheWorld

Index : 3     used in the geometry : Yes
 Material : G4_Al
 Range cuts        :  gamma  1 mm     e-  1 mm     e+  1 mm  proton 100 um 
 Energy thresholds :  gamma  6.91572 keV    e-  597.438 keV    e+  574.135 keV proton 10 keV
 Region(s) which use this couple : 
    DefaultRegionForTheWorld

Index : 4     used in the geometry : Yes
 Material : G4_Fe
 Range cuts        :  gamma  1 mm     e-  1 mm     e+  1 mm  proton 100 um 
 Energy thresholds :  gamma  20.7572 keV    e-  1.28885 MeV    e+  1.21776 MeV proton 10 keV
 Region(s) which use this couple : 
    DefaultRegionForTheWorld

Index : 5     used in the geometry : Yes
 Material : G4_W
 Range cuts        :  gamma  1 mm     e-  1 mm     e+  1 mm  proton 100 um 
 Energy thresholds :  gamma  106.43 keV    e-  2.31004 MeV    e+  2.14587 MeV proton 10 keV
 Region(s) which use this couple : 
    DefaultRegionForTheWorld

Index : 6     used in the geometry : Yes
 Material : G4_Pb
 Range cuts        :  gamma  1 mm     e-  1 mm     e+  1 mm  proton 100 um 
 Energy thresholds :  gamma  101.797 keV    e-  1.37158 MeV    e+  1.2826 MeV proton 10 keV
 Region(s) which use this couple : 
    DefaultRegionForTheWorld

Index : 7     used in the geometry : Yes
 Material : G4_WATER
 Range cuts        :  gamma  1 mm     e-  1 mm     e+  1 mm  proton 100 um 
 Energy thresholds :  gamma  2.93547 keV    e-  351.353 keV    e+  341.657 keV proton 10 keV
 Region(s) which use this couple : 
    DefaultRegionForTheWorld

==================================================================

### Run 184 starts.
Run 184 starts ...
 Run terminated.
Run Summary
  Number of events processed : 10
  User=0.000000s Real=0.021202s Sys=0.000000s
	  User TOT = 0.52	  Real TOT = 1.95403
 Summary of Run 184 :
/run/geometryModified

========= Table of registered couples ============================

Index : 0     used in the geometry : Yes
 Material : G4_AIR
 Range cuts        :  gamma  1 mm     e-  1 mm     e+  1 mm  proton 100 um 
 Energy thresholds :  gamma  990 eV     e-  990 eV     e+  990 eV  proton 10 keV
 Region(s) which use this couple : 
    DefaultRegionForTheWorld

Index : 1     used in the geometry : Yes
 Material : G4_Co
 Range cuts        :  gamma  1 mm     e-  1 mm     e+  1 mm  proton 100 um 
 Energy thresholds :  gamma  22.8507 keV    e-  1.40918 MeV    e+  1.32925 MeV proton 10 keV
 Region(s) which use this couple : 
    DefaultRegionForTheWorld

Index : 2     used in the geometry : Yes
 Material : StainlessSteel
 Range cuts        :  gamma  1 mm     e-  1 mm     e+  1 mm  proton 100 um 
 Energy thresholds :  gamma  20.6058 keV    e-  1.28056 MeV    e+  1.21009 MeV proton 10 keV
 Region(s) which use this couple : 
    DefaultRegionForTheWorld

Index : 3     used in the geometry : Yes
 Material : G4_Al
 Range cuts        :  gamma  1 mm     e-  1 mm     e+  1 mm  proton 100 um 
 Energy thresholds :  gamma  6.91572 keV    e-  597.438 keV    e+  574.135 keV proton 10 keV
 Region(s) which use this couple : 
    DefaultRegionForTheWorld

Index : 4     used in the geometry : Yes
 Material : G4_Fe
 Range cuts        :  gamma  1 mm     e-  1 mm     e+  1 mm  proton 100 um 
 Energy thresholds :  gamma  20.7572 keV    e-  1.28885 MeV    e+  1.21776 MeV proton 10 keV
 Region(s) which use this couple : 
    DefaultRegionForTheWorld

Index : 5     used in the geometry : Yes
 Material : G4_W
 Range cuts        :  gamma  1 mm     e-  1 mm     e+  1 mm  proton 100 um 
 Energy thresholds :  gamma  106.43 keV    e-  2.31004 MeV    e+  2.14587 MeV proton 10 keV
 Region(s) which use this couple : 
    DefaultRegionForTheWorld

Index : 6     used in the geometry : Yes
 Material : G4_Pb
 Range cuts        :  gamma  1 mm     e-  1 mm     e+  1 mm  proton 100 um 
 Energy thresholds :  gamma  101.797 keV    e-  1.37158 MeV    e+  1.2826 MeV proton 10 keV
 Region(s) which use this couple : 
    DefaultRegionForTheWorld

Index : 7     used in the geometry : Yes
 Material : G4_WATER
 Range cuts        :  gamma  1 mm     e-  1 mm     e+  1 mm  proton 100 um 
 Energy thresholds :  gamma  2.93547 keV    e-  351.353 keV    e+  341.657 keV proton 10 keV
 Region(s) which use this couple : 
    DefaultRegionForTheWorld

==================================================================

### Run 185 starts.
Run 185 starts ...
 Run terminated.
Run Summary
  Number of events processed : 10
  User=0.000000s Real=0.020868s Sys=0.000000s
	  User TOT = 0.52	  Real TOT = 1.97509
 Summary of Run 185 :
/run/geometryModified

========= Table of registered couples ============================

Index : 0     used in the geometry : Yes
 Material : G4_AIR
 Range cuts        :  gamma  1 mm     e-  1 mm     e+  1 mm  proton 100 um 
 Energy thresholds :  gamma  990 eV     e-  990 eV     e+  990 eV  proton 10 keV
 Region(s) which use this couple : 
    DefaultRegionForTheWorld

Index : 1     used in the geometry : Yes
 Material : G4_Co
 Range cuts        :  gamma  1 mm     e-  1 mm     e+  1 mm  proton 100 um 
 Energy thresholds :  gamma  22.8507 keV    e-  1.40918 MeV    e+  1.32925 MeV proton 10 keV
 Region(s) which use this couple : 
    DefaultRegionForTheWorld

Index : 2     used in the geometry : Yes
 Material : StainlessSteel
 Range cuts        :  gamma  1 mm     e-  1 mm     e+  1 mm  proton 100 um 
 Energy thresholds :  gamma  20.6058 keV    e-  1.28056 MeV    e+  1.21009 MeV proton 10 keV
 Region(s) which use this couple : 
    DefaultRegionForTheWorld

Index : 3     used in the geometry : Yes
 Material : G4_Al
 Range cuts        :  gamma  1 mm     e-  1 mm     e+  1 mm  proton 100 um 
 Energy thresholds :  gamma  6.91572 keV    e-  597.438 keV    e+  574.135 keV proton 10 keV
 Region(s) which use this couple : 
    DefaultRegionForTheWorld

Index : 4     used in the geometry : Yes
 Material : G4_Fe
 Range cuts        :  gamma  1 mm     e-  1 mm     e+  1 mm  proton 100 um 
 Energy thresholds :  gamma  20.7572 keV    e-  1.28885 MeV    e+  1.21776 MeV proton 10 keV
 Region(s) which use this couple : 
    DefaultRegionForTheWorld

Index : 5     used in the geometry : Yes
 Material : G4_W
 Range cuts        :  gamma  1 mm     e-  1 mm     e+  1 mm  proton 100 um 
 Energy thresholds :  gamma  106.43 keV    e-  2.31004 MeV    e+  2.14587 MeV proton 10 keV
 Region(s) which use this couple : 
    DefaultRegionForTheWorld

Index : 6     used in the geometry : Yes
 Material : G4_Pb
 Range cuts        :  gamma  1 mm     e-  1 mm     e+  1 mm  proton 100 um 
 Energy thresholds :  gamma  101.797 keV    e-  1.37158 MeV    e+  1.2826 MeV proton 10 keV
 Region(s) which use this couple : 
    DefaultRegionForTheWorld

Index : 7     used in the geometry : Yes
 Material : G4_WATER
 Range cuts        :  gamma  1 mm     e-  1 mm     e+  1 mm  proton 100 um 
 Energy thresholds :  gamma  2.93547 keV    e-  351.353 keV    e+  341.657 keV proton 10 keV
 Region(s) which use this couple : 
    DefaultRegionForTheWorld

==================================================================

### Run 186 starts.
Run 186 starts ...
 Run terminated.
Run Summary
  Number of events processed : 10
  User=0.000000s Real=0.021280s Sys=0.000000s
	  User TOT = 0.52	  Real TOT = 1.99652
 Summary of Run 186 :
/run/geometryModified

========= Table of registered couples ============================

Index : 0     used in the geometry : Yes
 Material : G4_AIR
 Range cuts        :  gamma  1 mm     e-  1 mm     e+  1 mm  proton 100 um 
 Energy thresholds :  gamma  990 eV     e-  990 eV     e+  990 eV  proton 10 keV
 Region(s) which use this couple : 
    DefaultRegionForTheWorld

Index : 1     used in the geometry : Yes
 Material : G4_Co
 Range cuts        :  gamma  1 mm     e-  1 mm     e+  1 mm  proton 100 um 
 Energy thresholds :  gamma  22.8507 keV    e-  1.40918 MeV    e+  1.32925 MeV proton 10 keV
 Region(s) which use this couple : 
    DefaultRegionForTheWorld

Index : 2     used in the geometry : Yes
 Material : StainlessSteel
 Range cuts        :  gamma  1 mm     e-  1 mm     e+  1 mm  proton 100 um 
 Energy thresholds :  gamma  20.6058 keV    e-  1.28056 MeV    e+  1.21009 MeV proton 10 keV
 Region(s) which use this couple : 
    DefaultRegionForTheWorld

Index : 3     used in the geometry : Yes
 Material : G4_Al
 Range cuts        :  gamma  1 mm     e-  1 mm     e+  1 mm  proton 100 um 
 Energy thresholds :  gamma  6.91572 keV    e-  597.438 keV    e+  574.135 keV proton 10 keV
 Region(s) which use this couple : 
    DefaultRegionForTheWorld

Index : 4     used in the geometry : Yes
 Material : G4_Fe
 Range cuts        :  gamma  1 mm     e-  1 mm     e+  1 mm  proton 100 um 
 Energy thresholds :  gamma  20.7572 keV    e-  1.28885 MeV    e+  1.21776 MeV proton 10 keV
 Region(s) which use this couple : 
    DefaultRegionForTheWorld

Index : 5     used in the geometry : Yes
 Material : G4_W
 Range cuts        :  gamma  1 mm     e-  1 mm     e+  1 mm  proton 100 um 
 Energy thresholds :  gamma  106.43 keV    e-  2.31004 MeV    e+  2.14587 MeV proton 10 keV
 Region(s) which use this couple : 
    DefaultRegionForTheWorld

Index : 6     used in the geometry : Yes
 Material : G4_Pb
 Range cuts        :  gamma  1 mm     e-  1 mm     e+  1 mm  proton 100 um 
 Energy thresholds :  gamma  101.797 keV    e-  1.37158 MeV    e+  1.2826 MeV proton 10 keV
 Region(s) which use this couple : 
    DefaultRegionForTheWorld

Index : 7     used in the geometry : Yes
 Material : G4_WATER
 Range cuts        :  gamma  1 mm     e-  1 mm     e+  1 mm  proton 100 um 
 Energy thresholds :  gamma  2.93547 keV    e-  351.353 keV    e+  341.657 keV proton 10 keV
 Region(s) which use this couple : 
    DefaultRegionForTheWorld

==================================================================

### Run 187 starts.
Run 187 starts ...
 Run terminated.
Run Summary
  Number of events processed : 10
  User=0.000000s Real=0.021699s Sys=0.000000s
	  User TOT = 0.52	  Real TOT = 2.01836
 Summary of Run 187 :
/run/geometryModified

========= Table of registered couples ============================

Index : 0     used in the geometry : Yes
 Material : G4_AIR
 Range cuts        :  gamma  1 mm     e-  1 mm     e+  1 mm  proton 100 um 
 Energy thresholds :  gamma  990 eV     e-  990 eV     e+  990 eV  proton 10 keV
 Region(s) which use this couple : 
    DefaultRegionForTheWorld

Index : 1     used in the geometry : Yes
 Material : G4_Co
 Range cuts        :  gamma  1 mm     e-  1 mm     e+  1 mm  proton 100 um 
 Energy thresholds :  gamma  22.8507 keV    e-  1.40918 MeV    e+  1.32925 MeV proton 10 keV
 Region(s) which use this couple : 
    DefaultRegionForTheWorld

Index : 2     used in the geometry : Yes
 Material : StainlessSteel
 Range cuts        :  gamma  1 mm     e-  1 mm     e+  1 mm  proton 100 um 
 Energy thresholds :  gamma  20.6058 keV    e-  1.28056 MeV    e+  1.21009 MeV proton 10 keV
 Region(s) which use this couple : 
    DefaultRegionForTheWorld

Index : 3     used in the geometry : Yes
 Material : G4_Al
 Range cuts        :  gamma  1 mm     e-  1 mm     e+  1 mm  proton 100 um 
 Energy thresholds :  gamma  6.91572 keV    e-  597.438 keV    e+  574.135 keV proton 10 keV
 Region(s) which use this couple : 
    DefaultRegionForTheWorld

Index : 4     used in the geometry : Yes
 Material : G4_Fe
 Range cuts        :  gamma  1 mm     e-  1 mm     e+  1 mm  proton 100 um 
 Energy thresholds :  gamma  20.7572 keV    e-  1.28885 MeV    e+  1.21776 MeV proton 10 keV
 Region(s) which use this couple : 
    DefaultRegionForTheWorld

Index : 5     used in the geometry : Yes
 Material : G4_W
 Range cuts        :  gamma  1 mm     e-  1 mm     e+  1 mm  proton 100 um 
 Energy thresholds :  gamma  106.43 keV    e-  2.31004 MeV    e+  2.14587 MeV proton 10 keV
 Region(s) which use this couple : 
    DefaultRegionForTheWorld

Index : 6     used in the geometry : Yes
 Material : G4_Pb
 Range cuts        :  gamma  1 mm     e-  1 mm     e+  1 mm  proton 100 um 
 Energy thresholds :  gamma  101.797 keV    e-  1.37158 MeV    e+  1.2826 MeV proton 10 keV
 Region(s) which use this couple : 
    DefaultRegionForTheWorld

Index : 7     used in the geometry : Yes
 Material : G4_WATER
 Range cuts        :  gamma  1 mm     e-  1 mm     e+  1 mm  proton 100 um 
 Energy thresholds :  gamma  2.93547 keV    e-  351.353 keV    e+  341.657 keV proton 10 keV
 Region(s) which use this couple : 
    DefaultRegionForTheWorld

==================================================================

### Run 188 starts.
Run 188 starts ...
 Run terminated.
Run Summary
  Number of events processed : 10
  User=0.000000s Real=0.020511s Sys=0.000000s
	  User TOT = 0.52	  Real TOT = 2.03902
 Summary of Run 188 :
/run/geometryModified

========= Table of registered couples ============================

Index : 0     used in the geometry : Yes
 Material : G4_AIR
 Range cuts        :  gamma  1 mm     e-  1 mm     e+  1 mm  proton 100 um 
 Energy thresholds :  gamma  990 eV     e-  990 eV     e+  990 eV  proton 10 keV
 Region(s) which use this couple : 
    DefaultRegionForTheWorld

Index : 1     used in the geometry : Yes
 Material : G4_Co
 Range cuts        :  gamma  1 mm     e-  1 mm     e+  1 mm  proton 100 um 
 Energy thresholds :  gamma  22.8507 keV    e-  1.40918 MeV    e+  1.32925 MeV proton 10 keV
 Region(s) which use this couple : 
    DefaultRegionForTheWorld

Index : 2     used in the geometry : Yes
 Material : StainlessSteel
 Range cuts        :  gamma  1 mm     e-  1 mm     e+  1 mm  proton 100 um 
 Energy thresholds :  gamma  20.6058 keV    e-  1.28056 MeV    e+  1.21009 MeV proton 10 keV
 Region(s) which use this couple : 
    DefaultRegionForTheWorld

Index : 3     used in the geometry : Yes
 Material : G4_Al
 Range cuts        :  gamma  1 mm     e-  1 mm     e+  1 mm  proton 100 um 
 Energy thresholds :  gamma  6.91572 keV    e-  597.438 keV    e+  574.135 keV proton 10 keV
 Region(s) which use this couple : 
    DefaultRegionForTheWorld

Index : 4     used in the geometry : Yes
 Material : G4_Fe
 Range cuts        :  gamma  1 mm     e-  1 mm     e+  1 mm  proton 100 um 
 Energy thresholds :  gamma  20.7572 keV    e-  1.28885 MeV    e+  1.21776 MeV proton 10 keV
 Region(s) which use this couple : 
    DefaultRegionForTheWorld

Index : 5     used in the geometry : Yes
 Material : G4_W
 Range cuts        :  gamma  1 mm     e-  1 mm     e+  1 mm  proton 100 um 
 Energy thresholds :  gamma  106.43 keV    e-  2.31004 MeV    e+  2.14587 MeV proton 10 keV
 Region(s) which use this couple : 
    DefaultRegionForTheWorld

Index : 6     used in the geometry : Yes
 Material : G4_Pb
 Range cuts        :  gamma  1 mm     e-  1 mm     e+  1 mm  proton 100 um 
 Energy thresholds :  gamma  101.797 keV    e-  1.37158 MeV    e+  1.2826 MeV proton 10 keV
 Region(s) which use this couple : 
    DefaultRegionForTheWorld

Index : 7     used in the geometry : Yes
 Material : G4_WATER
 Range cuts        :  gamma  1 mm     e-  1 mm     e+  1 mm  proton 100 um 
 Energy thresholds :  gamma  2.93547 keV    e-  351.353 keV    e+  341.657 keV proton 10 keV
 Region(s) which use this couple : 
    DefaultRegionForTheWorld

==================================================================

### Run 189 starts.
Run 189 starts ...
 Run terminated.
Run Summary
  Number of events processed : 10
  User=0.010000s Real=0.020346s Sys=0.010000s
	  User TOT = 0.53	  Real TOT = 2.05961
 Summary of Run 189 :
/run/geometryModified

========= Table of registered couples ============================

Index : 0     used in the geometry : Yes
 Material : G4_AIR
 Range cuts        :  gamma  1 mm     e-  1 mm     e+  1 mm  proton 100 um 
 Energy thresholds :  gamma  990 eV     e-  990 eV     e+  990 eV  proton 10 keV
 Region(s) which use this couple : 
    DefaultRegionForTheWorld

Index : 1     used in the geometry : Yes
 Material : G4_Co
 Range cuts        :  gamma  1 mm     e-  1 mm     e+  1 mm  proton 100 um 
 Energy thresholds :  gamma  22.8507 keV    e-  1.40918 MeV    e+  1.32925 MeV proton 10 keV
 Region(s) which use this couple : 
    DefaultRegionForTheWorld

Index : 2     used in the geometry : Yes
 Material : StainlessSteel
 Range cuts        :  gamma  1 mm     e-  1 mm     e+  1 mm  proton 100 um 
 Energy thresholds :  gamma  20.6058 keV    e-  1.28056 MeV    e+  1.21009 MeV proton 10 keV
 Region(s) which use this couple : 
    DefaultRegionForTheWorld

Index : 3     used in the geometry : Yes
 Material : G4_Al
 Range cuts        :  gamma  1 mm     e-  1 mm     e+  1 mm  proton 100 um 
 Energy thresholds :  gamma  6.91572 keV    e-  597.438 keV    e+  574.135 keV proton 10 keV
 Region(s) which use this couple : 
    DefaultRegionForTheWorld

Index : 4     used in the geometry : Yes
 Material : G4_Fe
 Range cuts        :  gamma  1 mm     e-  1 mm     e+  1 mm  proton 100 um 
 Energy thresholds :  gamma  20.7572 keV    e-  1.28885 MeV    e+  1.21776 MeV proton 10 keV
 Region(s) which use this couple : 
    DefaultRegionForTheWorld

Index : 5     used in the geometry : Yes
 Material : G4_W
 Range cuts        :  gamma  1 mm     e-  1 mm     e+  1 mm  proton 100 um 
 Energy thresholds :  gamma  106.43 keV    e-  2.31004 MeV    e+  2.14587 MeV proton 10 keV
 Region(s) which use this couple : 
    DefaultRegionForTheWorld

Index : 6     used in the geometry : Yes
 Material : G4_Pb
 Range cuts        :  gamma  1 mm     e-  1 mm     e+  1 mm  proton 100 um 
 Energy thresholds :  gamma  101.797 keV    e-  1.37158 MeV    e+  1.2826 MeV proton 10 keV
 Region(s) which use this couple : 
    DefaultRegionForTheWorld

Index : 7     used in the geometry : Yes
 Material : G4_WATER
 Range cuts        :  gamma  1 mm     e-  1 mm     e+  1 mm  proton 100 um 
 Energy thresholds :  gamma  2.93547 keV    e-  351.353 keV    e+  341.657 keV proton 10 keV
 Region(s) which use this couple : 
    DefaultRegionForTheWorld

==================================================================

### Run 190 starts.
Run 190 starts ...
 Run terminated.
Run Summary
  Number of events processed : 10
  User=0.000000s Real=0.021413s Sys=0.000000s
	  User TOT = 0.53	  Real TOT = 2.08116
 Summary of Run 190 :
/run/geometryModified

========= Table of registered couples ============================

Index : 0     used in the geometry : Yes
 Material : G4_AIR
 Range cuts        :  gamma  1 mm     e-  1 mm     e+  1 mm  proton 100 um 
 Energy thresholds :  gamma  990 eV     e-  990 eV     e+  990 eV  proton 10 keV
 Region(s) which use this couple : 
    DefaultRegionForTheWorld

Index : 1     used in the geometry : Yes
 Material : G4_Co
 Range cuts        :  gamma  1 mm     e-  1 mm     e+  1 mm  proton 100 um 
 Energy thresholds :  gamma  22.8507 keV    e-  1.40918 MeV    e+  1.32925 MeV proton 10 keV
 Region(s) which use this couple : 
    DefaultRegionForTheWorld

Index : 2     used in the geometry : Yes
 Material : StainlessSteel
 Range cuts        :  gamma  1 mm     e-  1 mm     e+  1 mm  proton 100 um 
 Energy thresholds :  gamma  20.6058 keV    e-  1.28056 MeV    e+  1.21009 MeV proton 10 keV
 Region(s) which use this couple : 
    DefaultRegionForTheWorld

Index : 3     used in the geometry : Yes
 Material : G4_Al
 Range cuts        :  gamma  1 mm     e-  1 mm     e+  1 mm  proton 100 um 
 Energy thresholds :  gamma  6.91572 keV    e-  597.438 keV    e+  574.135 keV proton 10 keV
 Region(s) which use this couple : 
    DefaultRegionForTheWorld

Index : 4     used in the geometry : Yes
 Material : G4_Fe
 Range cuts        :  gamma  1 mm     e-  1 mm     e+  1 mm  proton 100 um 
 Energy thresholds :  gamma  20.7572 keV    e-  1.28885 MeV    e+  1.21776 MeV proton 10 keV
 Region(s) which use this couple : 
    DefaultRegionForTheWorld

Index : 5     used in the geometry : Yes
 Material : G4_W
 Range cuts        :  gamma  1 mm     e-  1 mm     e+  1 mm  proton 100 um 
 Energy thresholds :  gamma  106.43 keV    e-  2.31004 MeV    e+  2.14587 MeV proton 10 keV
 Region(s) which use this couple : 
    DefaultRegionForTheWorld

Index : 6     used in the geometry : Yes
 Material : G4_Pb
 Range cuts        :  gamma  1 mm     e-  1 mm     e+  1 mm  proton 100 um 
 Energy thresholds :  gamma  101.797 keV    e-  1.37158 MeV    e+  1.2826 MeV proton 10 keV
 Region(s) which use this couple : 
    DefaultRegionForTheWorld

Index : 7     used in the geometry : Yes
 Material : G4_WATER
 Range cuts        :  gamma  1 mm     e-  1 mm     e+  1 mm  proton 100 um 
 Energy thresholds :  gamma  2.93547 keV    e-  351.353 keV    e+  341.657 keV proton 10 keV
 Region(s) which use this couple : 
    DefaultRegionForTheWorld

==================================================================

### Run 191 starts.
Run 191 starts ...
 Run terminated.
Run Summary
  Number of events processed : 10
  User=0.000000s Real=0.021115s Sys=0.000000s
	  User TOT = 0.53	  Real TOT = 2.10241
 Summary of Run 191 :
/run/geometryModified

========= Table of registered couples ============================

Index : 0     used in the geometry : Yes
 Material : G4_AIR
 Range cuts        :  gamma  1 mm     e-  1 mm     e+  1 mm  proton 100 um 
 Energy thresholds :  gamma  990 eV     e-  990 eV     e+  990 eV  proton 10 keV
 Region(s) which use this couple : 
    DefaultRegionForTheWorld

Index : 1     used in the geometry : Yes
 Material : G4_Co
 Range cuts        :  gamma  1 mm     e-  1 mm     e+  1 mm  proton 100 um 
 Energy thresholds :  gamma  22.8507 keV    e-  1.40918 MeV    e+  1.32925 MeV proton 10 keV
 Region(s) which use this couple : 
    DefaultRegionForTheWorld

Index : 2     used in the geometry : Yes
 Material : StainlessSteel
 Range cuts        :  gamma  1 mm     e-  1 mm     e+  1 mm  proton 100 um 
 Energy thresholds :  gamma  20.6058 keV    e-  1.28056 MeV    e+  1.21009 MeV proton 10 keV
 Region(s) which use this couple : 
    DefaultRegionForTheWorld

Index : 3     used in the geometry : Yes
 Material : G4_Al
 Range cuts        :  gamma  1 mm     e-  1 mm     e+  1 mm  proton 100 um 
 Energy thresholds :  gamma  6.91572 keV    e-  597.438 keV    e+  574.135 keV proton 10 keV
 Region(s) which use this couple : 
    DefaultRegionForTheWorld

Index : 4     used in the geometry : Yes
 Material : G4_Fe
 Range cuts        :  gamma  1 mm     e-  1 mm     e+  1 mm  proton 100 um 
 Energy thresholds :  gamma  20.7572 keV    e-  1.28885 MeV    e+  1.21776 MeV proton 10 keV
 Region(s) which use this couple : 
    DefaultRegionForTheWorld

Index : 5     used in the geometry : Yes
 Material : G4_W
 Range cuts        :  gamma  1 mm     e-  1 mm     e+  1 mm  proton 100 um 
 Energy thresholds :  gamma  106.43 keV    e-  2.31004 MeV    e+  2.14587 MeV proton 10 keV
 Region(s) which use this couple : 
    DefaultRegionForTheWorld

Index : 6     used in the geometry : Yes
 Material : G4_Pb
 Range cuts        :  gamma  1 mm     e-  1 mm     e+  1 mm  proton 100 um 
 Energy thresholds :  gamma  101.797 keV    e-  1.37158 MeV    e+  1.2826 MeV proton 10 keV
 Region(s) which use this couple : 
    DefaultRegionForTheWorld

Index : 7     used in the geometry : Yes
 Material : G4_WATER
 Range cuts        :  gamma  1 mm     e-  1 mm     e+  1 mm  proton 100 um 
 Energy thresholds :  gamma  2.93547 keV    e-  351.353 keV    e+  341.657 keV proton 10 keV
 Region(s) which use this couple : 
    DefaultRegionForTheWorld

==================================================================

### Run 192 starts.
Run 192 starts ...
 Run terminated.
Run Summary
  Number of events processed : 10
  User=0.000000s Real=0.021057s Sys=0.000000s
	  User TOT = 0.53	  Real TOT = 2.1236
 Summary of Run 192 :
/run/geometryModified

========= Table of registered couples ============================

Index : 0     used in the geometry : Yes
 Material : G4_AIR
 Range cuts        :  gamma  1 mm     e-  1 mm     e+  1 mm  proton 100 um 
 Energy thresholds :  gamma  990 eV     e-  990 eV     e+  990 eV  proton 10 keV
 Region(s) which use this couple : 
    DefaultRegionForTheWorld

Index : 1     used in the geometry : Yes
 Material : G4_Co
 Range cuts        :  gamma  1 mm     e-  1 mm     e+  1 mm  proton 100 um 
 Energy thresholds :  gamma  22.8507 keV    e-  1.40918 MeV    e+  1.32925 MeV proton 10 keV
 Region(s) which use this couple : 
    DefaultRegionForTheWorld

Index : 2     used in the geometry : Yes
 Material : StainlessSteel
 Range cuts        :  gamma  1 mm     e-  1 mm     e+  1 mm  proton 100 um 
 Energy thresholds :  gamma  20.6058 keV    e-  1.28056 MeV    e+  1.21009 MeV proton 10 keV
 Region(s) which use this couple : 
    DefaultRegionForTheWorld

Index : 3     used in the geometry : Yes
 Material : G4_Al
 Range cuts        :  gamma  1 mm     e-  1 mm     e+  1 mm  proton 100 um 
 Energy thresholds :  gamma  6.91572 keV    e-  597.438 keV    e+  574.135 keV proton 10 keV
 Region(s) which use this couple : 
    DefaultRegionForTheWorld

Index : 4     used in the geometry : Yes
 Material : G4_Fe
 Range cuts        :  gamma  1 mm     e-  1 mm     e+  1 mm  proton 100 um 
 Energy thresholds :  gamma  20.7572 keV    e-  1.28885 MeV    e+  1.21776 MeV proton 10 keV
 Region(s) which use this couple : 
    DefaultRegionForTheWorld

Index : 5     used in the geometry : Yes
 Material : G4_W
 Range cuts        :  gamma  1 mm     e-  1 mm     e+  1 mm  proton 100 um 
 Energy thresholds :  gamma  106.43 keV    e-  2.31004 MeV    e+  2.14587 MeV proton 10 keV
 Region(s) which use this couple : 
    DefaultRegionForTheWorld

Index : 6     used in the geometry : Yes
 Material : G4_Pb
 Range cuts        :  gamma  1 mm     e-  1 mm     e+  1 mm  proton 100 um 
 Energy thresholds :  gamma  101.797 keV    e-  1.37158 MeV    e+  1.2826 MeV proton 10 keV
 Region(s) which use this couple : 
    DefaultRegionForTheWorld

Index : 7     used in the geometry : Yes
 Material : G4_WATER
 Range cuts        :  gamma  1 mm     e-  1 mm     e+  1 mm  proton 100 um 
 Energy thresholds :  gamma  2.93547 keV    e-  351.353 keV    e+  341.657 keV proton 10 keV
 Region(s) which use this couple : 
    DefaultRegionForTheWorld

==================================================================

### Run 193 starts.
Run 193 starts ...
 Run terminated.
Run Summary
  Number of events processed : 10
  User=0.000000s Real=0.020621s Sys=0.000000s
	  User TOT = 0.53	  Real TOT = 2.14436
 Summary of Run 193 :
/run/geometryModified

========= Table of registered couples ============================

Index : 0     used in the geometry : Yes
 Material : G4_AIR
 Range cuts        :  gamma  1 mm     e-  1 mm     e+  1 mm  proton 100 um 
 Energy thresholds :  gamma  990 eV     e-  990 eV     e+  990 eV  proton 10 keV
 Region(s) which use this couple : 
    DefaultRegionForTheWorld

Index : 1     used in the geometry : Yes
 Material : G4_Co
 Range cuts        :  gamma  1 mm     e-  1 mm     e+  1 mm  proton 100 um 
 Energy thresholds :  gamma  22.8507 keV    e-  1.40918 MeV    e+  1.32925 MeV proton 10 keV
 Region(s) which use this couple : 
    DefaultRegionForTheWorld

Index : 2     used in the geometry : Yes
 Material : StainlessSteel
 Range cuts        :  gamma  1 mm     e-  1 mm     e+  1 mm  proton 100 um 
 Energy thresholds :  gamma  20.6058 keV    e-  1.28056 MeV    e+  1.21009 MeV proton 10 keV
 Region(s) which use this couple : 
    DefaultRegionForTheWorld

Index : 3     used in the geometry : Yes
 Material : G4_Al
 Range cuts        :  gamma  1 mm     e-  1 mm     e+  1 mm  proton 100 um 
 Energy thresholds :  gamma  6.91572 keV    e-  597.438 keV    e+  574.135 keV proton 10 keV
 Region(s) which use this couple : 
    DefaultRegionForTheWorld

Index : 4     used in the geometry : Yes
 Material : G4_Fe
 Range cuts        :  gamma  1 mm     e-  1 mm     e+  1 mm  proton 100 um 
 Energy thresholds :  gamma  20.7572 keV    e-  1.28885 MeV    e+  1.21776 MeV proton 10 keV
 Region(s) which use this couple : 
    DefaultRegionForTheWorld

Index : 5     used in the geometry : Yes
 Material : G4_W
 Range cuts        :  gamma  1 mm     e-  1 mm     e+  1 mm  proton 100 um 
 Energy thresholds :  gamma  106.43 keV    e-  2.31004 MeV    e+  2.14587 MeV proton 10 keV
 Region(s) which use this couple : 
    DefaultRegionForTheWorld

Index : 6     used in the geometry : Yes
 Material : G4_Pb
 Range cuts        :  gamma  1 mm     e-  1 mm     e+  1 mm  proton 100 um 
 Energy thresholds :  gamma  101.797 keV    e-  1.37158 MeV    e+  1.2826 MeV proton 10 keV
 Region(s) which use this couple : 
    DefaultRegionForTheWorld

Index : 7     used in the geometry : Yes
 Material : G4_WATER
 Range cuts        :  gamma  1 mm     e-  1 mm     e+  1 mm  proton 100 um 
 Energy thresholds :  gamma  2.93547 keV    e-  351.353 keV    e+  341.657 keV proton 10 keV
 Region(s) which use this couple : 
    DefaultRegionForTheWorld

==================================================================

### Run 194 starts.
Run 194 starts ...
 Run terminated.
Run Summary
  Number of events processed : 10
  User=0.000000s Real=0.023350s Sys=0.000000s
	  User TOT = 0.53	  Real TOT = 2.16794
 Summary of Run 194 :
/run/geometryModified

========= Table of registered couples ============================

Index : 0     used in the geometry : Yes
 Material : G4_AIR
 Range cuts        :  gamma  1 mm     e-  1 mm     e+  1 mm  proton 100 um 
 Energy thresholds :  gamma  990 eV     e-  990 eV     e+  990 eV  proton 10 keV
 Region(s) which use this couple : 
    DefaultRegionForTheWorld

Index : 1     used in the geometry : Yes
 Material : G4_Co
 Range cuts        :  gamma  1 mm     e-  1 mm     e+  1 mm  proton 100 um 
 Energy thresholds :  gamma  22.8507 keV    e-  1.40918 MeV    e+  1.32925 MeV proton 10 keV
 Region(s) which use this couple : 
    DefaultRegionForTheWorld

Index : 2     used in the geometry : Yes
 Material : StainlessSteel
 Range cuts        :  gamma  1 mm     e-  1 mm     e+  1 mm  proton 100 um 
 Energy thresholds :  gamma  20.6058 keV    e-  1.28056 MeV    e+  1.21009 MeV proton 10 keV
 Region(s) which use this couple : 
    DefaultRegionForTheWorld

Index : 3     used in the geometry : Yes
 Material : G4_Al
 Range cuts        :  gamma  1 mm     e-  1 mm     e+  1 mm  proton 100 um 
 Energy thresholds :  gamma  6.91572 keV    e-  597.438 keV    e+  574.135 keV proton 10 keV
 Region(s) which use this couple : 
    DefaultRegionForTheWorld

Index : 4     used in the geometry : Yes
 Material : G4_Fe
 Range cuts        :  gamma  1 mm     e-  1 mm     e+  1 mm  proton 100 um 
 Energy thresholds :  gamma  20.7572 keV    e-  1.28885 MeV    e+  1.21776 MeV proton 10 keV
 Region(s) which use this couple : 
    DefaultRegionForTheWorld

Index : 5     used in the geometry : Yes
 Material : G4_W
 Range cuts        :  gamma  1 mm     e-  1 mm     e+  1 mm  proton 100 um 
 Energy thresholds :  gamma  106.43 keV    e-  2.31004 MeV    e+  2.14587 MeV proton 10 keV
 Region(s) which use this couple : 
    DefaultRegionForTheWorld

Index : 6     used in the geometry : Yes
 Material : G4_Pb
 Range cuts        :  gamma  1 mm     e-  1 mm     e+  1 mm  proton 100 um 
 Energy thresholds :  gamma  101.797 keV    e-  1.37158 MeV    e+  1.2826 MeV proton 10 keV
 Region(s) which use this couple : 
    DefaultRegionForTheWorld

Index : 7     used in the geometry : Yes
 Material : G4_WATER
 Range cuts        :  gamma  1 mm     e-  1 mm     e+  1 mm  proton 100 um 
 Energy thresholds :  gamma  2.93547 keV    e-  351.353 keV    e+  341.657 keV proton 10 keV
 Region(s) which use this couple : 
    DefaultRegionForTheWorld

==================================================================

### Run 195 starts.
Run 195 starts ...
 Run terminated.
Run Summary
  Number of events processed : 10
  User=0.000000s Real=0.021210s Sys=0.000000s
	  User TOT = 0.53	  Real TOT = 2.1893
 Summary of Run 195 :
/run/geometryModified

========= Table of registered couples ============================

Index : 0     used in the geometry : Yes
 Material : G4_AIR
 Range cuts        :  gamma  1 mm     e-  1 mm     e+  1 mm  proton 100 um 
 Energy thresholds :  gamma  990 eV     e-  990 eV     e+  990 eV  proton 10 keV
 Region(s) which use this couple : 
    DefaultRegionForTheWorld

Index : 1     used in the geometry : Yes
 Material : G4_Co
 Range cuts        :  gamma  1 mm     e-  1 mm     e+  1 mm  proton 100 um 
 Energy thresholds :  gamma  22.8507 keV    e-  1.40918 MeV    e+  1.32925 MeV proton 10 keV
 Region(s) which use this couple : 
    DefaultRegionForTheWorld

Index : 2     used in the geometry : Yes
 Material : StainlessSteel
 Range cuts        :  gamma  1 mm     e-  1 mm     e+  1 mm  proton 100 um 
 Energy thresholds :  gamma  20.6058 keV    e-  1.28056 MeV    e+  1.21009 MeV proton 10 keV
 Region(s) which use this couple : 
    DefaultRegionForTheWorld

Index : 3     used in the geometry : Yes
 Material : G4_Al
 Range cuts        :  gamma  1 mm     e-  1 mm     e+  1 mm  proton 100 um 
 Energy thresholds :  gamma  6.91572 keV    e-  597.438 keV    e+  574.135 keV proton 10 keV
 Region(s) which use this couple : 
    DefaultRegionForTheWorld

Index : 4     used in the geometry : Yes
 Material : G4_Fe
 Range cuts        :  gamma  1 mm     e-  1 mm     e+  1 mm  proton 100 um 
 Energy thresholds :  gamma  20.7572 keV    e-  1.28885 MeV    e+  1.21776 MeV proton 10 keV
 Region(s) which use this couple : 
    DefaultRegionForTheWorld

Index : 5     used in the geometry : Yes
 Material : G4_W
 Range cuts        :  gamma  1 mm     e-  1 mm     e+  1 mm  proton 100 um 
 Energy thresholds :  gamma  106.43 keV    e-  2.31004 MeV    e+  2.14587 MeV proton 10 keV
 Region(s) which use this couple : 
    DefaultRegionForTheWorld

Index : 6     used in the geometry : Yes
 Material : G4_Pb
 Range cuts        :  gamma  1 mm     e-  1 mm     e+  1 mm  proton 100 um 
 Energy thresholds :  gamma  101.797 keV    e-  1.37158 MeV    e+  1.2826 MeV proton 10 keV
 Region(s) which use this couple : 
    DefaultRegionForTheWorld

Index : 7     used in the geometry : Yes
 Material : G4_WATER
 Range cuts        :  gamma  1 mm     e-  1 mm     e+  1 mm  proton 100 um 
 Energy thresholds :  gamma  2.93547 keV    e-  351.353 keV    e+  341.657 keV proton 10 keV
 Region(s) which use this couple : 
    DefaultRegionForTheWorld

==================================================================

### Run 196 starts.
Run 196 starts ...
 Run terminated.
Run Summary
  Number of events processed : 10
  User=0.010000s Real=0.020321s Sys=0.000000s
	  User TOT = 0.54	  Real TOT = 2.20976
 Summary of Run 196 :
/run/geometryModified

========= Table of registered couples ============================

Index : 0     used in the geometry : Yes
 Material : G4_AIR
 Range cuts        :  gamma  1 mm     e-  1 mm     e+  1 mm  proton 100 um 
 Energy thresholds :  gamma  990 eV     e-  990 eV     e+  990 eV  proton 10 keV
 Region(s) which use this couple : 
    DefaultRegionForTheWorld

Index : 1     used in the geometry : Yes
 Material : G4_Co
 Range cuts        :  gamma  1 mm     e-  1 mm     e+  1 mm  proton 100 um 
 Energy thresholds :  gamma  22.8507 keV    e-  1.40918 MeV    e+  1.32925 MeV proton 10 keV
 Region(s) which use this couple : 
    DefaultRegionForTheWorld

Index : 2     used in the geometry : Yes
 Material : StainlessSteel
 Range cuts        :  gamma  1 mm     e-  1 mm     e+  1 mm  proton 100 um 
 Energy thresholds :  gamma  20.6058 keV    e-  1.28056 MeV    e+  1.21009 MeV proton 10 keV
 Region(s) which use this couple : 
    DefaultRegionForTheWorld

Index : 3     used in the geometry : Yes
 Material : G4_Al
 Range cuts        :  gamma  1 mm     e-  1 mm     e+  1 mm  proton 100 um 
 Energy thresholds :  gamma  6.91572 keV    e-  597.438 keV    e+  574.135 keV proton 10 keV
 Region(s) which use this couple : 
    DefaultRegionForTheWorld

Index : 4     used in the geometry : Yes
 Material : G4_Fe
 Range cuts        :  gamma  1 mm     e-  1 mm     e+  1 mm  proton 100 um 
 Energy thresholds :  gamma  20.7572 keV    e-  1.28885 MeV    e+  1.21776 MeV proton 10 keV
 Region(s) which use this couple : 
    DefaultRegionForTheWorld

Index : 5     used in the geometry : Yes
 Material : G4_W
 Range cuts        :  gamma  1 mm     e-  1 mm     e+  1 mm  proton 100 um 
 Energy thresholds :  gamma  106.43 keV    e-  2.31004 MeV    e+  2.14587 MeV proton 10 keV
 Region(s) which use this couple : 
    DefaultRegionForTheWorld

Index : 6     used in the geometry : Yes
 Material : G4_Pb
 Range cuts        :  gamma  1 mm     e-  1 mm     e+  1 mm  proton 100 um 
 Energy thresholds :  gamma  101.797 keV    e-  1.37158 MeV    e+  1.2826 MeV proton 10 keV
 Region(s) which use this couple : 
    DefaultRegionForTheWorld

Index : 7     used in the geometry : Yes
 Material : G4_WATER
 Range cuts        :  gamma  1 mm     e-  1 mm     e+  1 mm  proton 100 um 
 Energy thresholds :  gamma  2.93547 keV    e-  351.353 keV    e+  341.657 keV proton 10 keV
 Region(s) which use this couple : 
    DefaultRegionForTheWorld

==================================================================

### Run 197 starts.
Run 197 starts ...
 Run terminated.
Run Summary
  Number of events processed : 10
  User=0.000000s Real=0.020886s Sys=0.000000s
	  User TOT = 0.54	  Real TOT = 2.23082
 Summary of Run 197 :
/run/geometryModified

========= Table of registered couples ============================

Index : 0     used in the geometry : Yes
 Material : G4_AIR
 Range cuts        :  gamma  1 mm     e-  1 mm     e+  1 mm  proton 100 um 
 Energy thresholds :  gamma  990 eV     e-  990 eV     e+  990 eV  proton 10 keV
 Region(s) which use this couple : 
    DefaultRegionForTheWorld

Index : 1     used in the geometry : Yes
 Material : G4_Co
 Range cuts        :  gamma  1 mm     e-  1 mm     e+  1 mm  proton 100 um 
 Energy thresholds :  gamma  22.8507 keV    e-  1.40918 MeV    e+  1.32925 MeV proton 10 keV
 Region(s) which use this couple : 
    DefaultRegionForTheWorld

Index : 2     used in the geometry : Yes
 Material : StainlessSteel
 Range cuts        :  gamma  1 mm     e-  1 mm     e+  1 mm  proton 100 um 
 Energy thresholds :  gamma  20.6058 keV    e-  1.28056 MeV    e+  1.21009 MeV proton 10 keV
 Region(s) which use this couple : 
    DefaultRegionForTheWorld

Index : 3     used in the geometry : Yes
 Material : G4_Al
 Range cuts        :  gamma  1 mm     e-  1 mm     e+  1 mm  proton 100 um 
 Energy thresholds :  gamma  6.91572 keV    e-  597.438 keV    e+  574.135 keV proton 10 keV
 Region(s) which use this couple : 
    DefaultRegionForTheWorld

Index : 4     used in the geometry : Yes
 Material : G4_Fe
 Range cuts        :  gamma  1 mm     e-  1 mm     e+  1 mm  proton 100 um 
 Energy thresholds :  gamma  20.7572 keV    e-  1.28885 MeV    e+  1.21776 MeV proton 10 keV
 Region(s) which use this couple : 
    DefaultRegionForTheWorld

Index : 5     used in the geometry : Yes
 Material : G4_W
 Range cuts        :  gamma  1 mm     e-  1 mm     e+  1 mm  proton 100 um 
 Energy thresholds :  gamma  106.43 keV    e-  2.31004 MeV    e+  2.14587 MeV proton 10 keV
 Region(s) which use this couple : 
    DefaultRegionForTheWorld

Index : 6     used in the geometry : Yes
 Material : G4_Pb
 Range cuts        :  gamma  1 mm     e-  1 mm     e+  1 mm  proton 100 um 
 Energy thresholds :  gamma  101.797 keV    e-  1.37158 MeV    e+  1.2826 MeV proton 10 keV
 Region(s) which use this couple : 
    DefaultRegionForTheWorld

Index : 7     used in the geometry : Yes
 Material : G4_WATER
 Range cuts        :  gamma  1 mm     e-  1 mm     e+  1 mm  proton 100 um 
 Energy thresholds :  gamma  2.93547 keV    e-  351.353 keV    e+  341.657 keV proton 10 keV
 Region(s) which use this couple : 
    DefaultRegionForTheWorld

==================================================================

### Run 198 starts.
Run 198 starts ...
 Run terminated.
Run Summary
  Number of events processed : 10
  User=0.000000s Real=0.021335s Sys=0.000000s
	  User TOT = 0.54	  Real TOT = 2.25229
 Summary of Run 198 :
/run/geometryModified

========= Table of registered couples ============================

Index : 0     used in the geometry : Yes
 Material : G4_AIR
 Range cuts        :  gamma  1 mm     e-  1 mm     e+  1 mm  proton 100 um 
 Energy thresholds :  gamma  990 eV     e-  990 eV     e+  990 eV  proton 10 keV
 Region(s) which use this couple : 
    DefaultRegionForTheWorld

Index : 1     used in the geometry : Yes
 Material : G4_Co
 Range cuts        :  gamma  1 mm     e-  1 mm     e+  1 mm  proton 100 um 
 Energy thresholds :  gamma  22.8507 keV    e-  1.40918 MeV    e+  1.32925 MeV proton 10 keV
 Region(s) which use this couple : 
    DefaultRegionForTheWorld

Index : 2     used in the geometry : Yes
 Material : StainlessSteel
 Range cuts        :  gamma  1 mm     e-  1 mm     e+  1 mm  proton 100 um 
 Energy thresholds :  gamma  20.6058 keV    e-  1.28056 MeV    e+  1.21009 MeV proton 10 keV
 Region(s) which use this couple : 
    DefaultRegionForTheWorld

Index : 3     used in the geometry : Yes
 Material : G4_Al
 Range cuts        :  gamma  1 mm     e-  1 mm     e+  1 mm  proton 100 um 
 Energy thresholds :  gamma  6.91572 keV    e-  597.438 keV    e+  574.135 keV proton 10 keV
 Region(s) which use this couple : 
    DefaultRegionForTheWorld

Index : 4     used in the geometry : Yes
 Material : G4_Fe
 Range cuts        :  gamma  1 mm     e-  1 mm     e+  1 mm  proton 100 um 
 Energy thresholds :  gamma  20.7572 keV    e-  1.28885 MeV    e+  1.21776 MeV proton 10 keV
 Region(s) which use this couple : 
    DefaultRegionForTheWorld

Index : 5     used in the geometry : Yes
 Material : G4_W
 Range cuts        :  gamma  1 mm     e-  1 mm     e+  1 mm  proton 100 um 
 Energy thresholds :  gamma  106.43 keV    e-  2.31004 MeV    e+  2.14587 MeV proton 10 keV
 Region(s) which use this couple : 
    DefaultRegionForTheWorld

Index : 6     used in the geometry : Yes
 Material : G4_Pb
 Range cuts        :  gamma  1 mm     e-  1 mm     e+  1 mm  proton 100 um 
 Energy thresholds :  gamma  101.797 keV    e-  1.37158 MeV    e+  1.2826 MeV proton 10 keV
 Region(s) which use this couple : 
    DefaultRegionForTheWorld

Index : 7     used in the geometry : Yes
 Material : G4_WATER
 Range cuts        :  gamma  1 mm     e-  1 mm     e+  1 mm  proton 100 um 
 Energy thresholds :  gamma  2.93547 keV    e-  351.353 keV    e+  341.657 keV proton 10 keV
 Region(s) which use this couple : 
    DefaultRegionForTheWorld

==================================================================

### Run 199 starts.
Run 199 starts ...
 Run terminated.
Run Summary
  Number of events processed : 10
  User=0.000000s Real=0.021576s Sys=0.000000s
	  User TOT = 0.54	  Real TOT = 2.27414
 Summary of Run 199 :
/run/geometryModified

========= Table of registered couples ============================

Index : 0     used in the geometry : Yes
 Material : G4_AIR
 Range cuts        :  gamma  1 mm     e-  1 mm     e+  1 mm  proton 100 um 
 Energy thresholds :  gamma  990 eV     e-  990 eV     e+  990 eV  proton 10 keV
 Region(s) which use this couple : 
    DefaultRegionForTheWorld

Index : 1     used in the geometry : Yes
 Material : G4_Co
 Range cuts        :  gamma  1 mm     e-  1 mm     e+  1 mm  proton 100 um 
 Energy thresholds :  gamma  22.8507 keV    e-  1.40918 MeV    e+  1.32925 MeV proton 10 keV
 Region(s) which use this couple : 
    DefaultRegionForTheWorld

Index : 2     used in the geometry : Yes
 Material : StainlessSteel
 Range cuts        :  gamma  1 mm     e-  1 mm     e+  1 mm  proton 100 um 
 Energy thresholds :  gamma  20.6058 keV    e-  1.28056 MeV    e+  1.21009 MeV proton 10 keV
 Region(s) which use this couple : 
    DefaultRegionForTheWorld

Index : 3     used in the geometry : Yes
 Material : G4_Al
 Range cuts        :  gamma  1 mm     e-  1 mm     e+  1 mm  proton 100 um 
 Energy thresholds :  gamma  6.91572 keV    e-  597.438 keV    e+  574.135 keV proton 10 keV
 Region(s) which use this couple : 
    DefaultRegionForTheWorld

Index : 4     used in the geometry : Yes
 Material : G4_Fe
 Range cuts        :  gamma  1 mm     e-  1 mm     e+  1 mm  proton 100 um 
 Energy thresholds :  gamma  20.7572 keV    e-  1.28885 MeV    e+  1.21776 MeV proton 10 keV
 Region(s) which use this couple : 
    DefaultRegionForTheWorld

Index : 5     used in the geometry : Yes
 Material : G4_W
 Range cuts        :  gamma  1 mm     e-  1 mm     e+  1 mm  proton 100 um 
 Energy thresholds :  gamma  106.43 keV    e-  2.31004 MeV    e+  2.14587 MeV proton 10 keV
 Region(s) which use this couple : 
    DefaultRegionForTheWorld

Index : 6     used in the geometry : Yes
 Material : G4_Pb
 Range cuts        :  gamma  1 mm     e-  1 mm     e+  1 mm  proton 100 um 
 Energy thresholds :  gamma  101.797 keV    e-  1.37158 MeV    e+  1.2826 MeV proton 10 keV
 Region(s) which use this couple : 
    DefaultRegionForTheWorld

Index : 7     used in the geometry : Yes
 Material : G4_WATER
 Range cuts        :  gamma  1 mm     e-  1 mm     e+  1 mm  proton 100 um 
 Energy thresholds :  gamma  2.93547 keV    e-  351.353 keV    e+  341.657 keV proton 10 keV
 Region(s) which use this couple : 
    DefaultRegionForTheWorld

==================================================================

### Run 200 starts.
Run 200 starts ...
 Run terminated.
Run Summary
  Number of events processed : 10
  User=0.000000s Real=0.019310s Sys=0.000000s
	  User TOT = 0.54	  Real TOT = 2.29361
 Summary of Run 200 :
/score/dumpQuantityToFile boxMesh_1 eDep eDep_scorer.out
Graphics systems deleted.
Visualization Manager deleting...
================== Deleting memory pools ===================
Number of memory pools allocated: 10 of which, static: 0
Dynamic pools deleted: 10 / Total memory freed: 0.057 MB
============================================================
