Environment variable "G4FORCE_RUN_MANAGER_TYPE" enabled with value == Serial. Forcing G4RunManager type...

        ############################################
        !!! WARNING - FPE detection is activated !!!
        ############################################


          ################################
          !!! G4Backtrace is activated !!!
          ################################


**************************************************************
 Geant4 version Name: geant4-11-02-ref-09    (31-October-2024)
                       Copyright : Geant4 Collaboration
                      References : NIM A 506 (2003), 250-303
                                 : IEEE-TNS 53 (2006), 270-278
                                 : NIM A 835 (2016), 186-225
                             WWW : http://geant4.org/
**************************************************************

<<< Geant4 Physics List simulation engine: FTFP_BERT

      ********************************************************* 
      ********** processes are wrapped for biasing ************ 
      ********************************************************* 
 Attaching biasing operator SplitAndKillByXS to logical volume SplitAndKillByXS

 hInelastic FTFP_BERT : threshold between BERT and FTFP is over the interval 
 for pions :   3 to 6 GeV
 for kaons :   3 to 6 GeV
 for proton :  3 to 6 GeV
 for neutron : 3 to 6 GeV

### Adding tracking cuts for neutron  TimeCut(ns)= 10000  KinEnergyCut(MeV)= 0
           neutron : biasWrapper(0) biasWrapper(Decay) biasWrapper(hadElastic) 
                     biasWrapper(neutronInelastic) biasWrapper(nCapture) 
Visualization Manager instantiating with verbosity "warnings (3)"...
Visualization Manager initialising...
Registering graphics systems...

You have successfully registered the following graphics systems.
Registered graphics systems are:
  ASCIITree (ATree)
  DAWNFILE (DAWNFILE)
  G4HepRepFile (HepRepFile)
  RayTracer (RayTracer)
  VRML2FILE (VRML2FILE)
  gMocrenFile (gMocrenFile)
  TOOLSSG_OFFSCREEN (TSG_OFFSCREEN, TSG_FILE)
  OpenGLImmediateQt (OGLIQt, OGLI)
  OpenGLStoredQt (OGLSQt, OGL, OGLS)
  OpenGLImmediateXm (OGLIXm, OGLIQt_FALLBACK)
  OpenGLStoredXm (OGLSXm, OGLSQt_FALLBACK)
  OpenGLImmediateX (OGLIX, OGLIQt_FALLBACK, OGLIXm_FALLBACK)
  OpenGLStoredX (OGLSX, OGLSQt_FALLBACK, OGLSXm_FALLBACK)
  RayTracerX (RayTracerX)
  Qt3D (Qt3D)
  TOOLSSG_X11_GLES (TSG_X11_GLES, TSGX11, TSG_XT_GLES_FALLBACK)
  TOOLSSG_X11_ZB (TSG_X11_ZB, TSGX11ZB)
  TOOLSSG_XT_GLES (TSG_XT_GLES, TSGXt, TSG_QT_GLES_FALLBACK)
  TOOLSSG_XT_ZB (TSG_XT_ZB, TSGXtZB)
  TOOLSSG_QT_GLES (TSG_QT_GLES, TSGQt, TSG)
  TOOLSSG_QT_ZB (TSG_QT_ZB, TSGQtZB)
You may choose a graphics system (driver) with a parameter of
the command "/vis/open" or "/vis/sceneHandler/create",
or you may omit the driver parameter and choose at run time:
- by argument in the construction of G4VisExecutive
- by environment variable "G4VIS_DEFAULT_DRIVER"
- by entry in "~/.g4session"
- by build flags.
- Note: This feature is not allowed in batch mode.
For further information see "examples/basic/B1/exampleB1.cc"
and "vis.mac".

Registering model factories...

You have successfully registered the following model factories.
Registered model factories:
  generic
  drawByAttribute
  drawByCharge
  drawByOriginVolume
  drawByParticleID
  drawByEncounteredVolume

Registered models:
  None

Registered filter factories:
  attributeFilter
  chargeFilter
  originVolumeFilter
  particleFilter
  encounteredVolumeFilter

Registered filters:
  None

You have successfully registered the following user vis actions.
Run Duration User Vis Actions: none
End of Event User Vis Actions: none
End of Run User Vis Actions: none

Some /vis commands (optionally) take a string to specify colour.
"/vis/list" to see available colours.
=======================================================================
======                 Electromagnetic Physics Parameters      ========
=======================================================================
LPM effect enabled                                 1
Enable creation and use of sampling tables         0
Apply cuts on all EM processes                     0
Use combined TransportationWithMsc                 Disabled
Use general process                                1
Enable linear polarisation for gamma               0
Enable photoeffect sampling below K-shell          1
Enable sampling of quantum entanglement            0
X-section factor for integral approach             0.8
Min kinetic energy for tables                      100 eV 
Max kinetic energy for tables                      100 TeV
Number of bins per decade of a table               7
Verbose level                                      1
Verbose level for worker thread                    0
Bremsstrahlung energy threshold above which 
  primary e+- is added to the list of secondary    100 TeV
Bremsstrahlung energy threshold above which primary
  muon/hadron is added to the list of secondary    100 TeV
Positron annihilation at rest model                SimplePositronium
Enable 3 gamma annihilation on fly                 0
Lowest triplet kinetic energy                      1 MeV
Enable sampling of gamma linear polarisation       0
5D gamma conversion model type                     0
5D gamma conversion model on isolated ion          0
Use Ricardo-Gerardo pair production model          0
Livermore data directory                           epics_2017
=======================================================================
======                 Ionisation Parameters                   ========
=======================================================================
Step function for e+-                              (0.2, 1 mm)
Step function for muons/hadrons                    (0.2, 0.1 mm)
Step function for light ions                       (0.2, 0.1 mm)
Step function for general ions                     (0.2, 0.1 mm)
Lowest e+e- kinetic energy                         1 keV
Lowest muon/hadron kinetic energy                  1 keV
Use ICRU90 data                                    0
Fluctuations of dE/dx are enabled                  1
Type of fluctuation model for leptons and hadrons  Urban
Use built-in Birks satuaration                     0
Build CSDA range enabled                           0
Use cut as a final range enabled                   0
Enable angular generator interface                 0
Max kinetic energy for CSDA tables                 1 GeV
Max kinetic energy for NIEL computation            0 eV 
Linear loss limit                                  0.01
Read data from file for e+e- pair production by mu 0
=======================================================================
======                 Multiple Scattering Parameters          ========
=======================================================================
Type of msc step limit algorithm for e+-           1
Type of msc step limit algorithm for muons/hadrons 0
Msc lateral displacement for e+- enabled           1
Msc lateral displacement for muons and hadrons     0
Urban msc model lateral displacement alg96         1
Range factor for msc step limit for e+-            0.04
Range factor for msc step limit for muons/hadrons  0.2
Geometry factor for msc step limitation of e+-     2.5
Safety factor for msc step limit for e+-           0.6
Skin parameter for msc step limitation of e+-      1
Lambda limit for msc step limit for e+-            1 mm
Use Mott correction for e- scattering              0
Factor used for dynamic computation of angular 
  limit between single and multiple scattering     1
Fixed angular limit between single 
  and multiple scattering                          3.1416 rad
Upper energy limit for e+- multiple scattering     100 MeV
Type of electron single scattering model           0
Type of nuclear form-factor                        1
Screening factor                                   1
=======================================================================

phot:  for gamma SubType=12 BuildTable=0
      LambdaPrime table from 200 keV to 100 TeV in 61 bins 
      ===== EM models for the G4Region  DefaultRegionForTheWorld ======
 LivermorePhElectric : Emin=    0 eV  Emax=  100 TeV  SauterGavrila Fluo

compt:  for gamma SubType=13 BuildTable=1
      Lambda table from 100 eV  to 1 MeV, 7 bins/decade, spline: 1
      LambdaPrime table from 1 MeV to 100 TeV in 56 bins 
      ===== EM models for the G4Region  DefaultRegionForTheWorld ======
       Klein-Nishina : Emin=    0 eV  Emax=  100 TeV

conv:  for gamma SubType=14 BuildTable=1
      Lambda table from 1.022 MeV to 100 TeV, 18 bins/decade, spline: 1
      ===== EM models for the G4Region  DefaultRegionForTheWorld ======
     BetheHeitlerLPM : Emin=    0 eV  Emax=  100 TeV  ModifiedTsai

Rayl:  for gamma SubType=11 BuildTable=1
      Lambda table from 100 eV  to 150 keV, 7 bins/decade, spline: 0
      LambdaPrime table from 150 keV to 100 TeV in 62 bins 
      ===== EM models for the G4Region  DefaultRegionForTheWorld ======
   LivermoreRayleigh : Emin=    0 eV  Emax=  100 TeV  CullenGenerator

msc:  for e-  SubType= 10
      ===== EM models for the G4Region  DefaultRegionForTheWorld ======
            UrbanMsc : Emin=    0 eV  Emax=  100 MeV Nbins=42 100 eV  - 100 MeV
          StepLim=UseSafety Rfact=0.04 Gfact=2.5 Sfact=0.6 DispFlag:1 Skin=1 Llim=1 mm
        WentzelVIUni : Emin=  100 MeV Emax=  100 TeV Nbins=42 100 MeV - 100 TeV
          StepLim=UseSafety Rfact=0.04 Gfact=2.5 Sfact=0.6 DispFlag:1 Skin=1 Llim=1 mm

eIoni:  for e-  XStype:3  SubType=2
      dE/dx and range tables from 100 eV  to 100 TeV in 84 bins
      Lambda tables from threshold to 100 TeV, 7 bins/decade, spline: 1
      StepFunction=(0.2, 1 mm), integ: 3, fluct: 1, linLossLim= 0.01
      ===== EM models for the G4Region  DefaultRegionForTheWorld ======
        MollerBhabha : Emin=    0 eV  Emax=  100 TeV

eBrem:  for e-  XStype:4  SubType=3
      dE/dx and range tables from 100 eV  to 100 TeV in 84 bins
      Lambda tables from threshold to 100 TeV, 7 bins/decade, spline: 1
      LPM flag: 1 for E > 1 GeV,  VertexHighEnergyTh(GeV)= 100000
      ===== EM models for the G4Region  DefaultRegionForTheWorld ======
             eBremSB : Emin=    0 eV  Emax=    1 GeV  ModifiedTsai
            eBremLPM : Emin=    1 GeV Emax=  100 TeV  ModifiedTsai

CoulombScat:  for e- XStype:1 SubType=1 BuildTable=1
      Lambda table from 100 MeV to 100 TeV, 7 bins/decade, spline: 0
      ThetaMin(p) < Theta(degree) < 180, pLimit(GeV^1)= 0.139531
      ===== EM models for the G4Region  DefaultRegionForTheWorld ======
  eCoulombScattering : Emin=  100 MeV Emax=  100 TeV

msc:  for e+  SubType= 10
      ===== EM models for the G4Region  DefaultRegionForTheWorld ======
            UrbanMsc : Emin=    0 eV  Emax=  100 MeV Nbins=42 100 eV  - 100 MeV
          StepLim=UseSafety Rfact=0.04 Gfact=2.5 Sfact=0.6 DispFlag:1 Skin=1 Llim=1 mm
        WentzelVIUni : Emin=  100 MeV Emax=  100 TeV Nbins=42 100 MeV - 100 TeV
          StepLim=UseSafety Rfact=0.04 Gfact=2.5 Sfact=0.6 DispFlag:1 Skin=1 Llim=1 mm

eIoni:  for e+  XStype:3  SubType=2
      dE/dx and range tables from 100 eV  to 100 TeV in 84 bins
      Lambda tables from threshold to 100 TeV, 7 bins/decade, spline: 1
      StepFunction=(0.2, 1 mm), integ: 3, fluct: 1, linLossLim= 0.01
      ===== EM models for the G4Region  DefaultRegionForTheWorld ======
        MollerBhabha : Emin=    0 eV  Emax=  100 TeV

eBrem:  for e+  XStype:4  SubType=3
      dE/dx and range tables from 100 eV  to 100 TeV in 84 bins
      Lambda tables from threshold to 100 TeV, 7 bins/decade, spline: 1
      LPM flag: 1 for E > 1 GeV,  VertexHighEnergyTh(GeV)= 100000
      ===== EM models for the G4Region  DefaultRegionForTheWorld ======
             eBremSB : Emin=    0 eV  Emax=    1 GeV  ModifiedTsai
            eBremLPM : Emin=    1 GeV Emax=  100 TeV  ModifiedTsai

annihil:  for e+ XStype:2 SubType=5 AtRestModel:Simple BuildTable=0
      ===== EM models for the G4Region  DefaultRegionForTheWorld ======
            eplus2gg : Emin=    0 eV  Emax=  100 TeV

CoulombScat:  for e+ XStype:1 SubType=1 BuildTable=1
      Lambda table from 100 MeV to 100 TeV, 7 bins/decade, spline: 0
      ThetaMin(p) < Theta(degree) < 180, pLimit(GeV^1)= 0.139531
      ===== EM models for the G4Region  DefaultRegionForTheWorld ======
  eCoulombScattering : Emin=  100 MeV Emax=  100 TeV

msc:  for proton  SubType= 10
      ===== EM models for the G4Region  DefaultRegionForTheWorld ======
        WentzelVIUni : Emin=    0 eV  Emax=  100 TeV Nbins=84 100 eV  - 100 TeV
          StepLim=Minimal Rfact=0.2 Gfact=2.5 Sfact=0.6 DispFlag:0 Skin=1 Llim=1 mm

hIoni:  for proton  XStype:3  SubType=2
      dE/dx and range tables from 100 eV  to 100 TeV in 84 bins
      Lambda tables from threshold to 100 TeV, 7 bins/decade, spline: 1
      StepFunction=(0.2, 0.1 mm), integ: 3, fluct: 1, linLossLim= 0.01
      ===== EM models for the G4Region  DefaultRegionForTheWorld ======
               Bragg : Emin=    0 eV  Emax=    2 MeV
          BetheBloch : Emin=    2 MeV Emax=  100 TeV

hBrems:  for proton  XStype:1  SubType=3
      dE/dx and range tables from 100 eV  to 100 TeV in 84 bins
      Lambda tables from threshold to 100 TeV, 7 bins/decade, spline: 1
      ===== EM models for the G4Region  DefaultRegionForTheWorld ======
               hBrem : Emin=    0 eV  Emax=  100 TeV  ModifiedMephi

hPairProd:  for proton  XStype:1  SubType=4
      dE/dx and range tables from 100 eV  to 100 TeV in 84 bins
      Lambda tables from threshold to 100 TeV, 7 bins/decade, spline: 1
      Sampling table 17x1001 from 7.50618 GeV to 100 TeV 
      ===== EM models for the G4Region  DefaultRegionForTheWorld ======
           hPairProd : Emin=    0 eV  Emax=  100 TeV  ModifiedMephi

CoulombScat:  for proton XStype:1 SubType=1 BuildTable=1
      Lambda table from threshold  to 100 TeV, 7 bins/decade, spline: 0
      ThetaMin(p) < Theta(degree) < 180, pLimit(GeV^1)= 0.139531
      ===== EM models for the G4Region  DefaultRegionForTheWorld ======
  eCoulombScattering : Emin=    0 eV  Emax=  100 TeV

msc:  for GenericIon  SubType= 10
      ===== EM models for the G4Region  DefaultRegionForTheWorld ======
            UrbanMsc : Emin=    0 eV  Emax=  100 TeV
          StepLim=Minimal Rfact=0.2 Gfact=2.5 Sfact=0.6 DispFlag:0 Skin=1 Llim=1 mm

ionIoni:  for GenericIon  XStype:3  SubType=2
      dE/dx and range tables from 100 eV  to 100 TeV in 84 bins
      Lambda tables from threshold to 100 TeV, 7 bins/decade, spline: 1
      StepFunction=(0.2, 0.1 mm), integ: 3, fluct: 1, linLossLim= 0.02
      ===== EM models for the G4Region  DefaultRegionForTheWorld ======
            BraggIon : Emin=    0 eV  Emax=    2 MeV
          BetheBloch : Emin=    2 MeV Emax=  100 TeV

msc:  for alpha  SubType= 10
      ===== EM models for the G4Region  DefaultRegionForTheWorld ======
            UrbanMsc : Emin=    0 eV  Emax=  100 TeV
          StepLim=Minimal Rfact=0.2 Gfact=2.5 Sfact=0.6 DispFlag:0 Skin=1 Llim=1 mm

ionIoni:  for alpha  XStype:3  SubType=2
      dE/dx and range tables from 100 eV  to 100 TeV in 84 bins
      Lambda tables from threshold to 100 TeV, 7 bins/decade, spline: 1
      StepFunction=(0.2, 0.1 mm), integ: 3, fluct: 1, linLossLim= 0.02
      ===== EM models for the G4Region  DefaultRegionForTheWorld ======
            BraggIon : Emin=    0 eV  Emax=7.9452 MeV
          BetheBloch : Emin=7.9452 MeV Emax=  100 TeV

msc:  for anti_proton  SubType= 10
      ===== EM models for the G4Region  DefaultRegionForTheWorld ======
        WentzelVIUni : Emin=    0 eV  Emax=  100 TeV Nbins=84 100 eV  - 100 TeV
          StepLim=Minimal Rfact=0.2 Gfact=2.5 Sfact=0.6 DispFlag:0 Skin=1 Llim=1 mm

hIoni:  for anti_proton  XStype:3  SubType=2
      dE/dx and range tables from 100 eV  to 100 TeV in 84 bins
      Lambda tables from threshold to 100 TeV, 7 bins/decade, spline: 1
      StepFunction=(0.2, 0.1 mm), integ: 3, fluct: 1, linLossLim= 0.01
      ===== EM models for the G4Region  DefaultRegionForTheWorld ======
            ICRU73QO : Emin=    0 eV  Emax=    2 MeV
          BetheBloch : Emin=    2 MeV Emax=  100 TeV

hBrems:  for anti_proton  XStype:1  SubType=3
      dE/dx and range tables from 100 eV  to 100 TeV in 84 bins
      Lambda tables from threshold to 100 TeV, 7 bins/decade, spline: 1
      ===== EM models for the G4Region  DefaultRegionForTheWorld ======
               hBrem : Emin=    0 eV  Emax=  100 TeV  ModifiedMephi

hPairProd:  for anti_proton  XStype:1  SubType=4
      dE/dx and range tables from 100 eV  to 100 TeV in 84 bins
      Lambda tables from threshold to 100 TeV, 7 bins/decade, spline: 1
      Sampling table 17x1001 from 7.50618 GeV to 100 TeV 
      ===== EM models for the G4Region  DefaultRegionForTheWorld ======
           hPairProd : Emin=    0 eV  Emax=  100 TeV  ModifiedMephi

CoulombScat:  for anti_proton XStype:1 SubType=1 BuildTable=1
      Lambda table from threshold  to 100 TeV, 7 bins/decade, spline: 0
      ThetaMin(p) < Theta(degree) < 180, pLimit(GeV^1)= 0.139531
      ===== EM models for the G4Region  DefaultRegionForTheWorld ======
  eCoulombScattering : Emin=    0 eV  Emax=  100 TeV

msc:  for kaon+  SubType= 10
      ===== EM models for the G4Region  DefaultRegionForTheWorld ======
        WentzelVIUni : Emin=    0 eV  Emax=  100 TeV Nbins=84 100 eV  - 100 TeV
          StepLim=Minimal Rfact=0.2 Gfact=2.5 Sfact=0.6 DispFlag:0 Skin=1 Llim=1 mm

hIoni:  for kaon+  XStype:3  SubType=2
      dE/dx and range tables from 100 eV  to 100 TeV in 84 bins
      Lambda tables from threshold to 100 TeV, 7 bins/decade, spline: 1
      StepFunction=(0.2, 0.1 mm), integ: 3, fluct: 1, linLossLim= 0.01
      ===== EM models for the G4Region  DefaultRegionForTheWorld ======
               Bragg : Emin=    0 eV  Emax=1.05231 MeV
          BetheBloch : Emin=1.05231 MeV Emax=  100 TeV

hBrems:  for kaon+  XStype:1  SubType=3
      dE/dx and range tables from 100 eV  to 100 TeV in 84 bins
      Lambda tables from threshold to 100 TeV, 7 bins/decade, spline: 1
      ===== EM models for the G4Region  DefaultRegionForTheWorld ======
               hBrem : Emin=    0 eV  Emax=  100 TeV  ModifiedMephi

hPairProd:  for kaon+  XStype:1  SubType=4
      dE/dx and range tables from 100 eV  to 100 TeV in 84 bins
      Lambda tables from threshold to 100 TeV, 7 bins/decade, spline: 1
      Sampling table 18x1001 from 3.94942 GeV to 100 TeV 
      ===== EM models for the G4Region  DefaultRegionForTheWorld ======
           hPairProd : Emin=    0 eV  Emax=  100 TeV  ModifiedMephi

CoulombScat:  for kaon+ XStype:1 SubType=1 BuildTable=1
      Lambda table from threshold  to 100 TeV, 7 bins/decade, spline: 0
      ThetaMin(p) < Theta(degree) < 180, pLimit(GeV^1)= 0.139531
      ===== EM models for the G4Region  DefaultRegionForTheWorld ======
  eCoulombScattering : Emin=    0 eV  Emax=  100 TeV

msc:  for kaon-  SubType= 10
      ===== EM models for the G4Region  DefaultRegionForTheWorld ======
        WentzelVIUni : Emin=    0 eV  Emax=  100 TeV Nbins=84 100 eV  - 100 TeV
          StepLim=Minimal Rfact=0.2 Gfact=2.5 Sfact=0.6 DispFlag:0 Skin=1 Llim=1 mm

hIoni:  for kaon-  XStype:3  SubType=2
      dE/dx and range tables from 100 eV  to 100 TeV in 84 bins
      Lambda tables from threshold to 100 TeV, 7 bins/decade, spline: 1
      StepFunction=(0.2, 0.1 mm), integ: 3, fluct: 1, linLossLim= 0.01
      ===== EM models for the G4Region  DefaultRegionForTheWorld ======
            ICRU73QO : Emin=    0 eV  Emax=1.05231 MeV
          BetheBloch : Emin=1.05231 MeV Emax=  100 TeV

hBrems:  for kaon-  XStype:1  SubType=3
      dE/dx and range tables from 100 eV  to 100 TeV in 84 bins
      Lambda tables from threshold to 100 TeV, 7 bins/decade, spline: 1
      ===== EM models for the G4Region  DefaultRegionForTheWorld ======
               hBrem : Emin=    0 eV  Emax=  100 TeV  ModifiedMephi

hPairProd:  for kaon-  XStype:1  SubType=4
      dE/dx and range tables from 100 eV  to 100 TeV in 84 bins
      Lambda tables from threshold to 100 TeV, 7 bins/decade, spline: 1
      Sampling table 18x1001 from 3.94942 GeV to 100 TeV 
      ===== EM models for the G4Region  DefaultRegionForTheWorld ======
           hPairProd : Emin=    0 eV  Emax=  100 TeV  ModifiedMephi

CoulombScat:  for kaon- XStype:1 SubType=1 BuildTable=1
      Used Lambda table of kaon+
      ThetaMin(p) < Theta(degree) < 180, pLimit(GeV^1)= 0.139531
      ===== EM models for the G4Region  DefaultRegionForTheWorld ======
  eCoulombScattering : Emin=    0 eV  Emax=  100 TeV

msc:  for mu+  SubType= 10
      ===== EM models for the G4Region  DefaultRegionForTheWorld ======
        WentzelVIUni : Emin=    0 eV  Emax=  100 TeV Nbins=84 100 eV  - 100 TeV
          StepLim=Minimal Rfact=0.2 Gfact=2.5 Sfact=0.6 DispFlag:0 Skin=1 Llim=1 mm

muIoni:  for mu+  XStype:3  SubType=2
      dE/dx and range tables from 100 eV  to 100 TeV in 84 bins
      Lambda tables from threshold to 100 TeV, 7 bins/decade, spline: 1
      StepFunction=(0.2, 0.1 mm), integ: 3, fluct: 1, linLossLim= 0.01
      ===== EM models for the G4Region  DefaultRegionForTheWorld ======
               Bragg : Emin=    0 eV  Emax=  200 keV
        MuBetheBloch : Emin=  200 keV Emax=  100 TeV

muBrems:  for mu+  XStype:1  SubType=3
      dE/dx and range tables from 100 eV  to 100 TeV in 84 bins
      Lambda tables from threshold to 100 TeV, 7 bins/decade, spline: 1
      ===== EM models for the G4Region  DefaultRegionForTheWorld ======
              MuBrem : Emin=    0 eV  Emax=  100 TeV  ModifiedMephi

muPairProd:  for mu+  XStype:1  SubType=4
      dE/dx and range tables from 100 eV  to 100 TeV in 84 bins
      Lambda tables from threshold to 100 TeV, 7 bins/decade, spline: 1
      Sampling table 21x1001 from 0.85 GeV to 100 TeV 
      ===== EM models for the G4Region  DefaultRegionForTheWorld ======
          muPairProd : Emin=    0 eV  Emax=  100 TeV  ModifiedMephi

CoulombScat:  for mu+ XStype:1 SubType=1 BuildTable=1
      Lambda table from threshold  to 100 TeV, 7 bins/decade, spline: 0
      ThetaMin(p) < Theta(degree) < 180, pLimit(GeV^1)= 0.139531
      ===== EM models for the G4Region  DefaultRegionForTheWorld ======
  eCoulombScattering : Emin=    0 eV  Emax=  100 TeV

msc:  for mu-  SubType= 10
      ===== EM models for the G4Region  DefaultRegionForTheWorld ======
        WentzelVIUni : Emin=    0 eV  Emax=  100 TeV Nbins=84 100 eV  - 100 TeV
          StepLim=Minimal Rfact=0.2 Gfact=2.5 Sfact=0.6 DispFlag:0 Skin=1 Llim=1 mm

muIoni:  for mu-  XStype:3  SubType=2
      dE/dx and range tables from 100 eV  to 100 TeV in 84 bins
      Lambda tables from threshold to 100 TeV, 7 bins/decade, spline: 1
      StepFunction=(0.2, 0.1 mm), integ: 3, fluct: 1, linLossLim= 0.01
      ===== EM models for the G4Region  DefaultRegionForTheWorld ======
            ICRU73QO : Emin=    0 eV  Emax=  200 keV
        MuBetheBloch : Emin=  200 keV Emax=  100 TeV

muBrems:  for mu-  XStype:1  SubType=3
      dE/dx and range tables from 100 eV  to 100 TeV in 84 bins
      Lambda tables from threshold to 100 TeV, 7 bins/decade, spline: 1
      ===== EM models for the G4Region  DefaultRegionForTheWorld ======
              MuBrem : Emin=    0 eV  Emax=  100 TeV  ModifiedMephi

muPairProd:  for mu-  XStype:1  SubType=4
      dE/dx and range tables from 100 eV  to 100 TeV in 84 bins
      Lambda tables from threshold to 100 TeV, 7 bins/decade, spline: 1
      Sampling table 21x1001 from 0.85 GeV to 100 TeV 
      ===== EM models for the G4Region  DefaultRegionForTheWorld ======
          muPairProd : Emin=    0 eV  Emax=  100 TeV  ModifiedMephi

CoulombScat:  for mu- XStype:1 SubType=1 BuildTable=1
      Used Lambda table of mu+
      ThetaMin(p) < Theta(degree) < 180, pLimit(GeV^1)= 0.139531
      ===== EM models for the G4Region  DefaultRegionForTheWorld ======
  eCoulombScattering : Emin=    0 eV  Emax=  100 TeV

msc:  for pi+  SubType= 10
      ===== EM models for the G4Region  DefaultRegionForTheWorld ======
        WentzelVIUni : Emin=    0 eV  Emax=  100 TeV Nbins=84 100 eV  - 100 TeV
          StepLim=Minimal Rfact=0.2 Gfact=2.5 Sfact=0.6 DispFlag:0 Skin=1 Llim=1 mm

hIoni:  for pi+  XStype:3  SubType=2
      dE/dx and range tables from 100 eV  to 100 TeV in 84 bins
      Lambda tables from threshold to 100 TeV, 7 bins/decade, spline: 1
      StepFunction=(0.2, 0.1 mm), integ: 3, fluct: 1, linLossLim= 0.01
      ===== EM models for the G4Region  DefaultRegionForTheWorld ======
               Bragg : Emin=    0 eV  Emax=297.505 keV
          BetheBloch : Emin=297.505 keV Emax=  100 TeV

hBrems:  for pi+  XStype:1  SubType=3
      dE/dx and range tables from 100 eV  to 100 TeV in 84 bins
      Lambda tables from threshold to 100 TeV, 7 bins/decade, spline: 1
      ===== EM models for the G4Region  DefaultRegionForTheWorld ======
               hBrem : Emin=    0 eV  Emax=  100 TeV  ModifiedMephi

hPairProd:  for pi+  XStype:1  SubType=4
      dE/dx and range tables from 100 eV  to 100 TeV in 84 bins
      Lambda tables from threshold to 100 TeV, 7 bins/decade, spline: 1
      Sampling table 20x1001 from 1.11656 GeV to 100 TeV 
      ===== EM models for the G4Region  DefaultRegionForTheWorld ======
           hPairProd : Emin=    0 eV  Emax=  100 TeV  ModifiedMephi

CoulombScat:  for pi+ XStype:1 SubType=1 BuildTable=1
      Lambda table from threshold  to 100 TeV, 7 bins/decade, spline: 0
      ThetaMin(p) < Theta(degree) < 180, pLimit(GeV^1)= 0.139531
      ===== EM models for the G4Region  DefaultRegionForTheWorld ======
  eCoulombScattering : Emin=    0 eV  Emax=  100 TeV

msc:  for pi-  SubType= 10
      ===== EM models for the G4Region  DefaultRegionForTheWorld ======
        WentzelVIUni : Emin=    0 eV  Emax=  100 TeV Nbins=84 100 eV  - 100 TeV
          StepLim=Minimal Rfact=0.2 Gfact=2.5 Sfact=0.6 DispFlag:0 Skin=1 Llim=1 mm

hIoni:  for pi-  XStype:3  SubType=2
      dE/dx and range tables from 100 eV  to 100 TeV in 84 bins
      Lambda tables from threshold to 100 TeV, 7 bins/decade, spline: 1
      StepFunction=(0.2, 0.1 mm), integ: 3, fluct: 1, linLossLim= 0.01
      ===== EM models for the G4Region  DefaultRegionForTheWorld ======
            ICRU73QO : Emin=    0 eV  Emax=297.505 keV
          BetheBloch : Emin=297.505 keV Emax=  100 TeV

hBrems:  for pi-  XStype:1  SubType=3
      dE/dx and range tables from 100 eV  to 100 TeV in 84 bins
      Lambda tables from threshold to 100 TeV, 7 bins/decade, spline: 1
      ===== EM models for the G4Region  DefaultRegionForTheWorld ======
               hBrem : Emin=    0 eV  Emax=  100 TeV  ModifiedMephi

hPairProd:  for pi-  XStype:1  SubType=4
      dE/dx and range tables from 100 eV  to 100 TeV in 84 bins
      Lambda tables from threshold to 100 TeV, 7 bins/decade, spline: 1
      Sampling table 20x1001 from 1.11656 GeV to 100 TeV 
      ===== EM models for the G4Region  DefaultRegionForTheWorld ======
           hPairProd : Emin=    0 eV  Emax=  100 TeV  ModifiedMephi

CoulombScat:  for pi- XStype:1 SubType=1 BuildTable=1
      Used Lambda table of pi+
      ThetaMin(p) < Theta(degree) < 180, pLimit(GeV^1)= 0.139531
      ===== EM models for the G4Region  DefaultRegionForTheWorld ======
  eCoulombScattering : Emin=    0 eV  Emax=  100 TeV

====================================================================
                  HADRONIC PROCESSES SUMMARY (verbose level 1)
-----------------------------------------------------------------------
                           Hadronic Processes for neutron
  Process: hadElastic
        Model:             hElasticCHIPS: 0 eV  ---> 100 TeV
     Cr_sctns:        G4NeutronElasticXS: 0 eV  ---> 100 TeV
  Process: neutronInelastic
        Model:                      FTFP: 3 GeV ---> 100 TeV
        Model:            BertiniCascade: 0 eV  ---> 6 GeV
     Cr_sctns:      G4NeutronInelasticXS: 0 eV  ---> 100 TeV
  Process: nCapture
        Model:               nRadCapture: 0 eV  ---> 100 TeV
     Cr_sctns:        G4NeutronCaptureXS: 0 eV  ---> 100 TeV
  Process: nKiller
-----------------------------------------------------------------------
                           Hadronic Processes for B-
  Process: hadElastic
        Model:              hElasticLHEP: 0 eV  ---> 100 TeV
     Cr_sctns:            Glauber-Gribov: 0 eV  ---> 100 TeV
  Process: B-Inelastic
        Model:                      FTFP: 0 eV  ---> 100 TeV
     Cr_sctns:            Glauber-Gribov: 0 eV  ---> 100 TeV
-----------------------------------------------------------------------
                           Hadronic Processes for D-
  Process: hadElastic
        Model:              hElasticLHEP: 0 eV  ---> 100 TeV
     Cr_sctns:            Glauber-Gribov: 0 eV  ---> 100 TeV
  Process: D-Inelastic
        Model:                      FTFP: 0 eV  ---> 100 TeV
     Cr_sctns:            Glauber-Gribov: 0 eV  ---> 100 TeV
-----------------------------------------------------------------------
                           Hadronic Processes for GenericIon
  Process: ionInelastic
        Model:  Binary Light Ion Cascade: 0 eV /n ---> 6 GeV/n
        Model:                      FTFP: 3 GeV/n ---> 100 TeV/n
     Cr_sctns:  Glauber-Gribov Nucl-nucl: 0 eV  ---> 25.6 PeV
-----------------------------------------------------------------------
                           Hadronic Processes for He3
  Process: hadElastic
        Model:              hElasticLHEP: 0 eV /n ---> 100 TeV/n
     Cr_sctns:  Glauber-Gribov Nucl-nucl: 0 eV  ---> 25.6 PeV
  Process: He3Inelastic
        Model:  Binary Light Ion Cascade: 0 eV /n ---> 6 GeV/n
        Model:                      FTFP: 3 GeV/n ---> 100 TeV/n
     Cr_sctns:  Glauber-Gribov Nucl-nucl: 0 eV  ---> 25.6 PeV
-----------------------------------------------------------------------
                           Hadronic Processes for alpha
  Process: hadElastic
        Model:              hElasticLHEP: 0 eV /n ---> 100 TeV/n
     Cr_sctns:  Glauber-Gribov Nucl-nucl: 0 eV  ---> 25.6 PeV
  Process: alphaInelastic
        Model:  Binary Light Ion Cascade: 0 eV /n ---> 6 GeV/n
        Model:                      FTFP: 3 GeV/n ---> 100 TeV/n
     Cr_sctns:  Glauber-Gribov Nucl-nucl: 0 eV  ---> 25.6 PeV
-----------------------------------------------------------------------
                           Hadronic Processes for anti_He3
  Process: hadElastic
        Model:              hElasticLHEP: 0 eV /n ---> 100.1 MeV/n
        Model:              AntiAElastic: 100 MeV/n ---> 100 TeV/n
     Cr_sctns:              AntiAGlauber: 0 eV  ---> 25.6 PeV
  Process: anti_He3Inelastic
        Model:                      FTFP: 0 eV /n ---> 100 TeV/n
     Cr_sctns:              AntiAGlauber: 0 eV  ---> 25.6 PeV
  Process: hFritiofCaptureAtRest
-----------------------------------------------------------------------
                           Hadronic Processes for anti_alpha
  Process: hadElastic
        Model:              hElasticLHEP: 0 eV /n ---> 100.1 MeV/n
        Model:              AntiAElastic: 100 MeV/n ---> 100 TeV/n
     Cr_sctns:              AntiAGlauber: 0 eV  ---> 25.6 PeV
  Process: anti_alphaInelastic
        Model:                      FTFP: 0 eV /n ---> 100 TeV/n
     Cr_sctns:              AntiAGlauber: 0 eV  ---> 25.6 PeV
  Process: hFritiofCaptureAtRest
-----------------------------------------------------------------------
                           Hadronic Processes for anti_deuteron
  Process: hadElastic
        Model:              hElasticLHEP: 0 eV /n ---> 100.1 MeV/n
        Model:              AntiAElastic: 100 MeV/n ---> 100 TeV/n
     Cr_sctns:              AntiAGlauber: 0 eV  ---> 25.6 PeV
  Process: anti_deuteronInelastic
        Model:                      FTFP: 0 eV /n ---> 100 TeV/n
     Cr_sctns:              AntiAGlauber: 0 eV  ---> 25.6 PeV
  Process: hFritiofCaptureAtRest
-------------------------------------------------------------------------
                           Hadronic Processes for anti_hypertriton
  Process: hFritiofCaptureAtRest
-----------------------------------------------------------------------
                           Hadronic Processes for anti_lambda
  Process: hadElastic
        Model:              hElasticLHEP: 0 eV  ---> 100 TeV
     Cr_sctns:            Glauber-Gribov: 0 eV  ---> 100 TeV
  Process: anti_lambdaInelastic
        Model:                      FTFP: 0 eV  ---> 100 TeV
     Cr_sctns:            Glauber-Gribov: 0 eV  ---> 100 TeV
  Process: hFritiofCaptureAtRest
-----------------------------------------------------------------------
                           Hadronic Processes for anti_neutron
  Process: hadElastic
        Model:              hElasticLHEP: 0 eV  ---> 100.1 MeV
        Model:              AntiAElastic: 100 MeV ---> 100 TeV
     Cr_sctns:              AntiAGlauber: 0 eV  ---> 25.6 PeV
  Process: anti_neutronInelastic
        Model:                      FTFP: 0 eV  ---> 100 TeV
     Cr_sctns:              AntiAGlauber: 0 eV  ---> 25.6 PeV
  Process: hFritiofCaptureAtRest
-----------------------------------------------------------------------
                           Hadronic Processes for anti_proton
  Process: hadElastic
        Model:              hElasticLHEP: 0 eV  ---> 100.1 MeV
        Model:              AntiAElastic: 100 MeV ---> 100 TeV
     Cr_sctns:              AntiAGlauber: 0 eV  ---> 25.6 PeV
  Process: anti_protonInelastic
        Model:                      FTFP: 0 eV  ---> 100 TeV
     Cr_sctns:              AntiAGlauber: 0 eV  ---> 25.6 PeV
  Process: hFritiofCaptureAtRest
-----------------------------------------------------------------------
                           Hadronic Processes for anti_triton
  Process: hadElastic
        Model:              hElasticLHEP: 0 eV /n ---> 100.1 MeV/n
        Model:              AntiAElastic: 100 MeV/n ---> 100 TeV/n
     Cr_sctns:              AntiAGlauber: 0 eV  ---> 25.6 PeV
  Process: anti_tritonInelastic
        Model:                      FTFP: 0 eV /n ---> 100 TeV/n
     Cr_sctns:              AntiAGlauber: 0 eV  ---> 25.6 PeV
  Process: hFritiofCaptureAtRest
-----------------------------------------------------------------------
                           Hadronic Processes for deuteron
  Process: hadElastic
        Model:              hElasticLHEP: 0 eV /n ---> 100 TeV/n
     Cr_sctns:  Glauber-Gribov Nucl-nucl: 0 eV  ---> 25.6 PeV
  Process: dInelastic
        Model:  Binary Light Ion Cascade: 0 eV /n ---> 6 GeV/n
        Model:                      FTFP: 3 GeV/n ---> 100 TeV/n
     Cr_sctns:  Glauber-Gribov Nucl-nucl: 0 eV  ---> 25.6 PeV
-----------------------------------------------------------------------
                           Hadronic Processes for e+
  Process: positronNuclear
        Model:   G4ElectroVDNuclearModel: 0 eV  ---> 1 PeV
     Cr_sctns:          ElectroNuclearXS: 0 eV  ---> 100 TeV
-----------------------------------------------------------------------
                           Hadronic Processes for e-
  Process: electronNuclear
        Model:   G4ElectroVDNuclearModel: 0 eV  ---> 1 PeV
     Cr_sctns:          ElectroNuclearXS: 0 eV  ---> 100 TeV
-----------------------------------------------------------------------
                           Hadronic Processes for gamma
  Process: photonNuclear
        Model:               GammaNPreco: 0 eV  ---> 200 MeV
        Model:            BertiniCascade: 199 MeV ---> 6 GeV
        Model:           TheoFSGenerator: 3 GeV ---> 100 TeV
     Cr_sctns:            GammaNuclearXS: 0 eV  ---> 100 TeV
-----------------------------------------------------------------------
                           Hadronic Processes for kaon+
  Process: hadElastic
        Model:              hElasticLHEP: 0 eV  ---> 100 TeV
     Cr_sctns:            Glauber-Gribov: 0 eV  ---> 100 TeV
  Process: kaon+Inelastic
        Model:                      FTFP: 3 GeV ---> 100 TeV
        Model:            BertiniCascade: 0 eV  ---> 6 GeV
     Cr_sctns:            Glauber-Gribov: 0 eV  ---> 100 TeV
-----------------------------------------------------------------------
                           Hadronic Processes for kaon-
  Process: hadElastic
        Model:              hElasticLHEP: 0 eV  ---> 100 TeV
     Cr_sctns:            Glauber-Gribov: 0 eV  ---> 100 TeV
  Process: kaon-Inelastic
        Model:                      FTFP: 3 GeV ---> 100 TeV
        Model:            BertiniCascade: 0 eV  ---> 6 GeV
     Cr_sctns:            Glauber-Gribov: 0 eV  ---> 100 TeV
  Process: hBertiniCaptureAtRest
-----------------------------------------------------------------------
                           Hadronic Processes for lambda
  Process: hadElastic
        Model:              hElasticLHEP: 0 eV  ---> 100 TeV
     Cr_sctns:            Glauber-Gribov: 0 eV  ---> 100 TeV
  Process: lambdaInelastic
        Model:                      FTFP: 3 GeV ---> 100 TeV
        Model:            BertiniCascade: 0 eV  ---> 6 GeV
     Cr_sctns:            Glauber-Gribov: 0 eV  ---> 100 TeV
-----------------------------------------------------------------------
                           Hadronic Processes for mu+
  Process: muonNuclear
        Model:      G4MuonVDNuclearModel: 0 eV  ---> 1 PeV
     Cr_sctns:     KokoulinMuonNuclearXS: 0 eV  ---> 100 TeV
-----------------------------------------------------------------------
                           Hadronic Processes for mu-
  Process: muonNuclear
        Model:      G4MuonVDNuclearModel: 0 eV  ---> 1 PeV
     Cr_sctns:     KokoulinMuonNuclearXS: 0 eV  ---> 100 TeV
  Process: muMinusCaptureAtRest
-----------------------------------------------------------------------
                           Hadronic Processes for pi+
  Process: hadElastic
        Model:           hElasticGlauber: 0 eV  ---> 100 TeV
     Cr_sctns:  BarashenkovGlauberGribov: 0 eV  ---> 100 TeV
  Process: pi+Inelastic
        Model:                      FTFP: 3 GeV ---> 100 TeV
        Model:            BertiniCascade: 0 eV  ---> 6 GeV
     Cr_sctns:  BarashenkovGlauberGribov: 0 eV  ---> 100 TeV
-----------------------------------------------------------------------
                           Hadronic Processes for pi-
  Process: hadElastic
        Model:           hElasticGlauber: 0 eV  ---> 100 TeV
     Cr_sctns:  BarashenkovGlauberGribov: 0 eV  ---> 100 TeV
  Process: pi-Inelastic
        Model:                      FTFP: 3 GeV ---> 100 TeV
        Model:            BertiniCascade: 0 eV  ---> 6 GeV
     Cr_sctns:  BarashenkovGlauberGribov: 0 eV  ---> 100 TeV
  Process: hBertiniCaptureAtRest
-----------------------------------------------------------------------
                           Hadronic Processes for proton
  Process: hadElastic
        Model:             hElasticCHIPS: 0 eV  ---> 100 TeV
     Cr_sctns:  BarashenkovGlauberGribov: 0 eV  ---> 100 TeV
  Process: protonInelastic
        Model:                      FTFP: 3 GeV ---> 100 TeV
        Model:            BertiniCascade: 0 eV  ---> 6 GeV
     Cr_sctns:  BarashenkovGlauberGribov: 0 eV  ---> 100 TeV
-----------------------------------------------------------------------
                           Hadronic Processes for sigma-
  Process: hadElastic
        Model:              hElasticLHEP: 0 eV  ---> 100 TeV
     Cr_sctns:            Glauber-Gribov: 0 eV  ---> 100 TeV
  Process: sigma-Inelastic
        Model:                      FTFP: 3 GeV ---> 100 TeV
        Model:            BertiniCascade: 0 eV  ---> 6 GeV
     Cr_sctns:            Glauber-Gribov: 0 eV  ---> 100 TeV
  Process: hBertiniCaptureAtRest
-----------------------------------------------------------------------
                           Hadronic Processes for triton
  Process: hadElastic
        Model:              hElasticLHEP: 0 eV /n ---> 100 TeV/n
     Cr_sctns:  Glauber-Gribov Nucl-nucl: 0 eV  ---> 25.6 PeV
  Process: tInelastic
        Model:  Binary Light Ion Cascade: 0 eV /n ---> 6 GeV/n
        Model:                      FTFP: 3 GeV/n ---> 100 TeV/n
     Cr_sctns:  Glauber-Gribov Nucl-nucl: 0 eV  ---> 25.6 PeV
### G4LevelReader: broken transition 0 from level 24 to 24 for isotope Z= 15 A= 31 the transition probability set to zero
### G4LevelReader: broken transition 0 from level 27 to 27 for isotope Z= 15 A= 31 the transition probability set to zero
### G4LevelReader: broken transition 0 from level 29 to 29 for isotope Z= 15 A= 31 the transition probability set to zero
=======================================================================
======       Geant4 Native Pre-compound Model Parameters       ========
=======================================================================
Type of pre-compound inverse x-section              1
Pre-compound model active                           1
Pre-compound excitation low energy                  100 keV
Pre-compound excitation high energy                 30 MeV
Angular generator for pre-compound model            1
Use NeverGoBack option for pre-compound model       0
Use SoftCutOff option for pre-compound model        0
Use CEM transitions for pre-compound model          1
Use GNASH transitions for pre-compound model        0
Use HETC submodel for pre-compound model            0
=======================================================================
======       Nuclear De-excitation Module Parameters           ========
=======================================================================
Type of de-excitation inverse x-section             3
Type of de-excitation factory                       Evaporation+GEM
Number of de-excitation channels                    68
Min excitation energy                               10 eV 
Min energy per nucleon for multifragmentation       200 GeV
Limit excitation energy for Fermi BreakUp           20 MeV
Level density (1/MeV)                               0.075
Use simple level density model                      1
Use discrete excitation energy of the residual      0
Time limit for long lived isomeres                  1 ns 
Isomer production flag                              1
Internal e- conversion flag                         1
Store e- internal conversion data                   1
Correlated gamma emission flag                      0
Max 2J for sampling of angular correlations         10
=======================================================================
         gamma, kinetic energy (MeV) =     0.158024, position (cm) = (-91.9317,63.6565,200),	 weight = 0.03125
       neutron, kinetic energy (MeV) =      35.7446, position (cm) = (-80.7648,72.1643,200),	 weight = 0.015625
       neutron, kinetic energy (MeV) =      35.7446, position (cm) = (-80.7648,72.1643,200),	 weight = 0.015625
       neutron, kinetic energy (MeV) =      43.3066, position (cm) = (-56.0092,66.3208,200),	 weight = 0.00390625
       neutron, kinetic energy (MeV) =      43.2467, position (cm) = (-56.7492,66.0481,200),	 weight = 0.00390625
       neutron, kinetic energy (MeV) =      28.5952, position (cm) = (-80.6305,93.4548,200),	 weight = 0.000976562
       neutron, kinetic energy (MeV) =      28.5952, position (cm) = (-80.6305,93.4548,200),	 weight = 0.000976562
         gamma, kinetic energy (MeV) =     0.106646, position (cm) = (-64.0213,74.5672,200),	 weight = 0.00390625
       neutron, kinetic energy (MeV) =     0.910066, position (cm) = (-53.3112,96.9709,200),	 weight = 0.00390625
         gamma, kinetic energy (MeV) =      3.56183, position (cm) = (-63.5079,82.2508,200),	 weight = 0.00390625
       neutron, kinetic energy (MeV) =      1.43812, position (cm) = (-78.1436,-7.05811,200),	 weight = 0.0078125
       neutron, kinetic energy (MeV) =      52.5039, position (cm) = (-84.4543,-21.8637,200),	 weight = 0.00390625
       neutron, kinetic energy (MeV) =      53.3557, position (cm) = (-95.8262,-6.44084,200),	 weight = 0.00195312
       neutron, kinetic energy (MeV) =     0.677564, position (cm) = (-96.3624,24.879,200),	 weight = 0.00195312
       neutron, kinetic energy (MeV) =      53.2258, position (cm) = (-103.874,4.4872,200),	 weight = 0.00390625
         gamma, kinetic energy (MeV) =     0.331004, position (cm) = (-95.6249,17.7761,200),	 weight = 0.00195312
       neutron, kinetic energy (MeV) =     0.384884, position (cm) = (-101.641,6.32298,200),	 weight = 0.00390625
         gamma, kinetic energy (MeV) =      1.31106, position (cm) = (-87.5717,11.855,200),	 weight = 0.00390625
       neutron, kinetic energy (MeV) =     0.282717, position (cm) = (-84.5819,18.6125,200),	 weight = 0.00390625
         gamma, kinetic energy (MeV) =      1.11652, position (cm) = (-126.629,39.8096,200),	 weight = 0.015625
         gamma, kinetic energy (MeV) =     0.327908, position (cm) = (-133.534,43.6553,200),	 weight = 0.015625
         gamma, kinetic energy (MeV) =     0.510999, position (cm) = (-149.793,61.8933,200),	 weight = 0.015625
         gamma, kinetic energy (MeV) =       0.1185, position (cm) = (-132.473,51.0993,200),	 weight = 0.015625
       neutron, kinetic energy (MeV) =    0.0199833, position (cm) = (-130.003,61.1773,200),	 weight = 0.015625
       neutron, kinetic energy (MeV) =      2.92357, position (cm) = (-153.424,49.4274,200),	 weight = 0.015625
       neutron, kinetic energy (MeV) =  1.45902e-06, position (cm) = (-118.714,-5.44267,200),	 weight = 2.38419e-07
       neutron, kinetic energy (MeV) =      13.2472, position (cm) = (-113.093,8.46028,200),	 weight = 2.38419e-07
         gamma, kinetic energy (MeV) =      1.39263, position (cm) = (-65.7411,42.405,200),	 weight = 6.10352e-05
         gamma, kinetic energy (MeV) =     0.454919, position (cm) = (-46.1097,26.5061,200),	 weight = 6.10352e-05
       neutron, kinetic energy (MeV) =      3.47949, position (cm) = (-56.7327,26.0892,200),	 weight = 6.10352e-05
         gamma, kinetic energy (MeV) =      8.35249, position (cm) = (-36.156,43.1069,200),	 weight = 6.10352e-05
         gamma, kinetic energy (MeV) =      1.38281, position (cm) = (-30.9026,2.76628,200),	 weight = 0.000244141
         gamma, kinetic energy (MeV) =      5.76211, position (cm) = (-100.638,38.7017,200),	 weight = 0.00012207
         gamma, kinetic energy (MeV) =      1.08243, position (cm) = (-57.4552,44.6679,200),	 weight = 6.10352e-05
         gamma, kinetic energy (MeV) =       4.7494, position (cm) = (-73.4308,24.0944,200),	 weight = 6.10352e-05
       neutron, kinetic energy (MeV) =  1.03339e-08, position (cm) = (-65.1202,37.4288,200),	 weight = 1.52588e-05
         gamma, kinetic energy (MeV) =     0.100438, position (cm) = (-87.0971,31.367,200),	 weight = 1.52588e-05
         gamma, kinetic energy (MeV) =     0.352922, position (cm) = (-24.6834,58.3264,200),	 weight = 3.05176e-05
       neutron, kinetic energy (MeV) =     0.010494, position (cm) = (-64.3811,29.1491,200),	 weight = 1.52588e-05
         gamma, kinetic energy (MeV) =      1.25455, position (cm) = (-112.371,34.4128,200),	 weight = 1.52588e-05
       neutron, kinetic energy (MeV) =      6.57275, position (cm) = (-80.3128,44.8267,200),	 weight = 1.90735e-06
       neutron, kinetic energy (MeV) =       2.3147, position (cm) = (-73.9885,44.7905,200),	 weight = 9.53674e-07
       neutron, kinetic energy (MeV) =       2.3147, position (cm) = (-73.9885,44.7905,200),	 weight = 9.53674e-07
       neutron, kinetic energy (MeV) =      6.57275, position (cm) = (-80.3128,44.8267,200),	 weight = 3.8147e-06
         gamma, kinetic energy (MeV) =     0.154518, position (cm) = (-75.6559,40.4717,200),	 weight = 3.05176e-05
       neutron, kinetic energy (MeV) =     0.683484, position (cm) = (-76.5274,43.7984,200),	 weight = 3.05176e-05
       neutron, kinetic energy (MeV) =      16.1943, position (cm) = (-75.7733,42.9752,200),	 weight = 6.10352e-05
         gamma, kinetic energy (MeV) =     0.113201, position (cm) = (-70.309,38.8411,200),	 weight = 3.05176e-05
         gamma, kinetic energy (MeV) =      1.64067, position (cm) = (-67.9742,35.4041,200),	 weight = 3.05176e-05
       neutron, kinetic energy (MeV) =      6.26397, position (cm) = (-75.4293,38.4112,200),	 weight = 3.05176e-05
       neutron, kinetic energy (MeV) =      3.78824, position (cm) = (-78.1511,46.0381,200),	 weight = 3.05176e-05
       neutron, kinetic energy (MeV) =      9.48665, position (cm) = (159.33,96.9509,200),	 weight = 3.05176e-05
         gamma, kinetic energy (MeV) =     0.762576, position (cm) = (164.224,100.688,200),	 weight = 7.62939e-06
       neutron, kinetic energy (MeV) =      1.17801, position (cm) = (164.089,110.091,200),	 weight = 7.62939e-06
         gamma, kinetic energy (MeV) =       4.3411, position (cm) = (169.056,108.123,200),	 weight = 7.62939e-06
       neutron, kinetic energy (MeV) =      24.5097, position (cm) = (171.015,106.642,200),	 weight = 3.8147e-06
       neutron, kinetic energy (MeV) =      24.2136, position (cm) = (175.001,107.56,200),	 weight = 3.8147e-06
       neutron, kinetic energy (MeV) =      24.4387, position (cm) = (171.318,106.507,200),	 weight = 7.62939e-06
         gamma, kinetic energy (MeV) =      3.37957, position (cm) = (98.3159,50.4841,200),	 weight = 1.90735e-06
       neutron, kinetic energy (MeV) =      99.1341, position (cm) = (32.1233,28.8536,200),	 weight = 0.00390625
         gamma, kinetic energy (MeV) =    0.0762278, position (cm) = (25.576,31.9828,200),	 weight = 0.00390625
       neutron, kinetic energy (MeV) =      87.8233, position (cm) = (36.4073,38.2165,200),	 weight = 0.000976562
       neutron, kinetic energy (MeV) =      87.7322, position (cm) = (36.6995,37.7385,200),	 weight = 0.000976562
         gamma, kinetic energy (MeV) =      1.88276, position (cm) = (27.2361,38.6178,200),	 weight = 0.00195312
         gamma, kinetic energy (MeV) =      5.18455, position (cm) = (35.6772,34.6692,200),	 weight = 0.00195312
         gamma, kinetic energy (MeV) =     0.305258, position (cm) = (16.0726,0.447997,200),	 weight = 0.000488281
       neutron, kinetic energy (MeV) =      13.0924, position (cm) = (-51.23,-41.6526,200),	 weight = 0.00195312
         gamma, kinetic energy (MeV) =      0.27269, position (cm) = (26.2599,37.0272,200),	 weight = 0.0078125
         gamma, kinetic energy (MeV) =      0.13433, position (cm) = (21.5139,49.1826,200),	 weight = 0.0078125
       neutron, kinetic energy (MeV) =       1.0974, position (cm) = (24.8055,37.4775,200),	 weight = 0.0078125
         gamma, kinetic energy (MeV) =      2.24431, position (cm) = (21.4196,39.3214,200),	 weight = 0.0078125
         gamma, kinetic energy (MeV) =     0.122589, position (cm) = (32.4879,33.4835,200),	 weight = 0.000976562
       neutron, kinetic energy (MeV) =      5.21369, position (cm) = (40.7799,40.2256,200),	 weight = 0.000976562
         gamma, kinetic energy (MeV) =      1.04974, position (cm) = (34.655,30.0722,200),	 weight = 0.000488281
       neutron, kinetic energy (MeV) =    0.0141721, position (cm) = (56.2333,22.5777,200),	 weight = 0.000976562
         gamma, kinetic energy (MeV) =     0.547137, position (cm) = (62.5366,52.4257,200),	 weight = 0.000244141
       neutron, kinetic energy (MeV) =      3.12252, position (cm) = (45.3712,40.7246,200),	 weight = 0.000244141
       neutron, kinetic energy (MeV) =      46.6328, position (cm) = (44.6929,45.9592,200),	 weight = 0.000488281
       neutron, kinetic energy (MeV) =      99.2878, position (cm) = (45.4861,35.1669,200),	 weight = 0.000488281
       neutron, kinetic energy (MeV) =      99.2878, position (cm) = (45.4861,35.1669,200),	 weight = 0.000488281
       neutron, kinetic energy (MeV) =      2.17233, position (cm) = (69.1989,39.8934,200),	 weight = 3.05176e-05
       neutron, kinetic energy (MeV) =     0.142942, position (cm) = (74.3083,43.578,200),	 weight = 3.05176e-05
       neutron, kinetic energy (MeV) =    0.0392014, position (cm) = (75.9413,42.1959,200),	 weight = 6.10352e-05
         gamma, kinetic energy (MeV) =      2.14884, position (cm) = (77.952,13.8377,200),	 weight = 0.00012207
       neutron, kinetic energy (MeV) =      2.38994, position (cm) = (42.7227,7.71416,200),	 weight = 3.05176e-05
       neutron, kinetic energy (MeV) =      25.1415, position (cm) = (45.5168,-11.5124,200),	 weight = 3.8147e-06
       neutron, kinetic energy (MeV) =      25.1415, position (cm) = (45.5168,-11.5124,200),	 weight = 3.8147e-06
       neutron, kinetic energy (MeV) =      1.10269, position (cm) = (38.3097,-12.7375,200),	 weight = 3.8147e-06
       neutron, kinetic energy (MeV) =      24.6807, position (cm) = (48.931,-12.3204,200),	 weight = 1.52588e-05
         gamma, kinetic energy (MeV) =     0.236141, position (cm) = (33.8192,-9.12535,200),	 weight = 3.05176e-05
       neutron, kinetic energy (MeV) =      24.0462, position (cm) = (34.2081,5.07054,200),	 weight = 1.90735e-06
       neutron, kinetic energy (MeV) =     0.615398, position (cm) = (36.8658,4.36621,200),	 weight = 1.90735e-06
         gamma, kinetic energy (MeV) =      1.94104, position (cm) = (36.6416,4.10617,200),	 weight = 1.90735e-06
         gamma, kinetic energy (MeV) =      3.17819, position (cm) = (55.093,3.04934,200),	 weight = 9.53674e-07
       neutron, kinetic energy (MeV) =      22.9366, position (cm) = (70.0761,10.1629,200),	 weight = 9.53674e-07
       neutron, kinetic energy (MeV) =      2.43195, position (cm) = (76.0124,7.6099,200),	 weight = 9.53674e-07
         gamma, kinetic energy (MeV) =      8.31969, position (cm) = (30.4724,-34.4271,200),	 weight = 3.8147e-06
         gamma, kinetic energy (MeV) =      1.11569, position (cm) = (50.7047,-3.68465,200),	 weight = 3.8147e-06
         gamma, kinetic energy (MeV) =      0.16173, position (cm) = (25.7487,-24.6818,200),	 weight = 3.8147e-06
         gamma, kinetic energy (MeV) =     0.105903, position (cm) = (29.0028,-3.34376,200),	 weight = 7.62939e-06
         gamma, kinetic energy (MeV) =     0.458438, position (cm) = (-101.776,138.424,200),	 weight = 0.00012207
       neutron, kinetic energy (MeV) =      46.2562, position (cm) = (-56.8504,146.754,200),	 weight = 1.52588e-05
       neutron, kinetic energy (MeV) =      46.1306, position (cm) = (-53.1526,148.69,200),	 weight = 7.62939e-06
       neutron, kinetic energy (MeV) =      45.5847, position (cm) = (-51.7231,148.842,200),	 weight = 7.62939e-06
       neutron, kinetic energy (MeV) =      43.3524, position (cm) = (-66.8815,95.3853,200),	 weight = 3.8147e-06
       neutron, kinetic energy (MeV) =      43.2004, position (cm) = (-66.9013,95.4257,200),	 weight = 3.8147e-06
       neutron, kinetic energy (MeV) =      42.6845, position (cm) = (-66.6217,95.0088,200),	 weight = 7.62939e-06
       neutron, kinetic energy (MeV) =      43.2107, position (cm) = (-65.9765,95.8276,200),	 weight = 1.52588e-05
       neutron, kinetic energy (MeV) =  1.47654e-05, position (cm) = (-52.6753,92.3522,200),	 weight = 5.96046e-08
         gamma, kinetic energy (MeV) =      1.99488, position (cm) = (-34.9373,124.523,200),	 weight = 1.19209e-07
       neutron, kinetic energy (MeV) =      1.05291, position (cm) = (-58.533,94.9176,200),	 weight = 1.19209e-07
         gamma, kinetic energy (MeV) =      1.01572, position (cm) = (-52.2808,56.1605,200),	 weight = 1.19209e-07
         gamma, kinetic energy (MeV) =     0.642098, position (cm) = (-38.8672,45.6883,200),	 weight = 1.19209e-07
       neutron, kinetic energy (MeV) =      53.2332, position (cm) = (-113.236,170.266,200),	 weight = 3.8147e-06
       neutron, kinetic energy (MeV) =     0.511686, position (cm) = (-121.156,182.862,200),	 weight = 1.90735e-06
         gamma, kinetic energy (MeV) =     0.275323, position (cm) = (-107.981,167.121,200),	 weight = 1.90735e-06
         gamma, kinetic energy (MeV) =     0.688229, position (cm) = (-114.427,223.554,200),	 weight = 5.96046e-08
         gamma, kinetic energy (MeV) =     0.108056, position (cm) = (-121.068,213.717,200),	 weight = 5.96046e-08
       neutron, kinetic energy (MeV) =      51.1076, position (cm) = (-127.272,225.982,200),	 weight = 1.19209e-07
         gamma, kinetic energy (MeV) =     0.715919, position (cm) = (-135.708,319.498,200),	 weight = 1.19209e-07
       neutron, kinetic energy (MeV) =    0.0421277, position (cm) = (-121.285,210.43,200),	 weight = 5.96046e-08
         gamma, kinetic energy (MeV) =     0.191522, position (cm) = (-132.564,215.502,200),	 weight = 5.96046e-08
         gamma, kinetic energy (MeV) =     0.822422, position (cm) = (-127.366,219.247,200),	 weight = 4.76837e-07
       neutron, kinetic energy (MeV) =     0.523852, position (cm) = (-138.571,222.975,200),	 weight = 9.53674e-07
         gamma, kinetic energy (MeV) =     0.656315, position (cm) = (-135.655,168.387,200),	 weight = 2.38419e-07
         gamma, kinetic energy (MeV) =     0.510999, position (cm) = (-139.645,158.996,200),	 weight = 2.38419e-07
            e-, kinetic energy (MeV) =      0.57865, position (cm) = (-139.741,158.909,200),	 weight = 2.38419e-07
       neutron, kinetic energy (MeV) =      27.2637, position (cm) = (-136.211,168.924,200),	 weight = 2.38419e-07
         gamma, kinetic energy (MeV) =     0.206711, position (cm) = (-114.107,145.54,200),	 weight = 7.62939e-06
         gamma, kinetic energy (MeV) =      5.97547, position (cm) = (-126.479,133.142,200),	 weight = 7.62939e-06
       neutron, kinetic energy (MeV) =      54.1547, position (cm) = (-98.2339,148.068,200),	 weight = 4.76837e-07
       neutron, kinetic energy (MeV) =      54.0574, position (cm) = (-98.7896,148.505,200),	 weight = 4.76837e-07
       neutron, kinetic energy (MeV) =      5.65593, position (cm) = (-96.085,144.811,200),	 weight = 9.53674e-07
         gamma, kinetic energy (MeV) =      5.01144, position (cm) = (-87.2154,153.598,200),	 weight = 4.76837e-07
       neutron, kinetic energy (MeV) =      14.2001, position (cm) = (-90.1004,150.866,200),	 weight = 4.76837e-07
       neutron, kinetic energy (MeV) =      53.1667, position (cm) = (-89.443,159.153,200),	 weight = 2.38419e-07
       neutron, kinetic energy (MeV) =      51.6336, position (cm) = (-89.9566,170.174,200),	 weight = 5.96046e-08
         gamma, kinetic energy (MeV) =    0.0927281, position (cm) = (-90.779,167.546,200),	 weight = 5.96046e-08
         gamma, kinetic energy (MeV) =      2.87905, position (cm) = (-88.6899,168.877,200),	 weight = 5.96046e-08
       neutron, kinetic energy (MeV) =      42.8377, position (cm) = (-89.9147,171.454,200),	 weight = 5.96046e-08
       neutron, kinetic energy (MeV) =       52.228, position (cm) = (-85.0917,183.715,200),	 weight = 5.96046e-08
       neutron, kinetic energy (MeV) =       52.228, position (cm) = (-85.0917,183.715,200),	 weight = 5.96046e-08
       neutron, kinetic energy (MeV) =      53.0134, position (cm) = (-92.0196,160.1,200),	 weight = 2.38419e-07
         gamma, kinetic energy (MeV) =    0.0777056, position (cm) = (-97.7516,143.44,200),	 weight = 2.38419e-07
       neutron, kinetic energy (MeV) =      52.9588, position (cm) = (-83.7199,159.455,200),	 weight = 2.38419e-07
         gamma, kinetic energy (MeV) =     0.208147, position (cm) = (-80.8906,141.068,200),	 weight = 3.8147e-06
       neutron, kinetic energy (MeV) =      24.8296, position (cm) = (30.7951,31.98,200),	 weight = 0.000488281
       neutron, kinetic energy (MeV) =    0.0312786, position (cm) = (24.7533,46.2441,200),	 weight = 0.000488281
         gamma, kinetic energy (MeV) =      0.14747, position (cm) = (28.3569,49.1744,200),	 weight = 0.000488281
         gamma, kinetic energy (MeV) =     0.293095, position (cm) = (9.17714,23.3564,200),	 weight = 0.000488281
         gamma, kinetic energy (MeV) =    0.0651431, position (cm) = (31.4087,21.0553,200),	 weight = 0.000488281
       neutron, kinetic energy (MeV) =       1.1794, position (cm) = (35.2527,17.1585,200),	 weight = 0.000488281
         gamma, kinetic energy (MeV) =     0.213549, position (cm) = (26.9733,23.4808,200),	 weight = 0.000244141
       neutron, kinetic energy (MeV) =      3.58032, position (cm) = (26.1923,22.4519,200),	 weight = 0.000244141
         gamma, kinetic energy (MeV) =     0.816104, position (cm) = (51.7833,37.6146,200),	 weight = 0.000244141
       neutron, kinetic energy (MeV) =      24.9665, position (cm) = (28.7878,23.3413,200),	 weight = 0.000244141
       neutron, kinetic energy (MeV) =      47.9453, position (cm) = (59.0471,16.7449,200),	 weight = 0.000488281
       neutron, kinetic energy (MeV) =      47.3982, position (cm) = (59.0618,15.5218,200),	 weight = 0.000244141
       neutron, kinetic energy (MeV) =     0.928897, position (cm) = (67.9475,32.7142,200),	 weight = 0.000488281
       neutron, kinetic energy (MeV) =  7.11622e-07, position (cm) = (-3.83169,1.38737,200),	 weight = 0.000976562
         gamma, kinetic energy (MeV) =     0.694472, position (cm) = (35.6899,-6.80157,200),	 weight = 0.00195312
         gamma, kinetic energy (MeV) =      4.73468, position (cm) = (7.83327,1.67215,200),	 weight = 0.00390625
         gamma, kinetic energy (MeV) =      1.61537, position (cm) = (-9.71228,49.041,200),	 weight = 0.0078125
       neutron, kinetic energy (MeV) =      1.11103, position (cm) = (0.0416981,26.2969,200),	 weight = 0.00390625
         gamma, kinetic energy (MeV) =     0.305002, position (cm) = (-3.08695,28.9648,200),	 weight = 0.00195312
       neutron, kinetic energy (MeV) =     0.363462, position (cm) = (-0.874845,25.761,200),	 weight = 0.00195312
       neutron, kinetic energy (MeV) =     0.674824, position (cm) = (3.926,11.6491,200),	 weight = 0.00390625
         gamma, kinetic energy (MeV) =      3.09901, position (cm) = (-2.53799,10.83,200),	 weight = 0.00390625
       neutron, kinetic energy (MeV) =  0.000205714, position (cm) = (24.7017,6.18527,200),	 weight = 0.0078125
         gamma, kinetic energy (MeV) =     0.128933, position (cm) = (35.5406,35.3118,200),	 weight = 0.0078125
         gamma, kinetic energy (MeV) =      1.22328, position (cm) = (55.992,15.2389,200),	 weight = 0.000244141
       neutron, kinetic energy (MeV) =      3.31744, position (cm) = (54.8388,43.5552,200),	 weight = 3.05176e-05
       neutron, kinetic energy (MeV) =   0.00206935, position (cm) = (53.2587,12.1175,200),	 weight = 6.10352e-05
         gamma, kinetic energy (MeV) =     0.108398, position (cm) = (35.794,-10.8603,200),	 weight = 3.05176e-05
         gamma, kinetic energy (MeV) =      3.49946, position (cm) = (94.0292,113.054,200),	 weight = 3.05176e-05
         gamma, kinetic energy (MeV) =      6.64995, position (cm) = (-39.5816,-10.5865,200),	 weight = 6.10352e-05
         gamma, kinetic energy (MeV) =      1.43945, position (cm) = (37.6859,62.4546,200),	 weight = 0.03125
         gamma, kinetic energy (MeV) =      4.98621, position (cm) = (30.1135,56.2339,200),	 weight = 0.03125
       neutron, kinetic energy (MeV) =      63.7565, position (cm) = (37.849,77.7928,200),	 weight = 0.03125
       neutron, kinetic energy (MeV) =      5.01511, position (cm) = (64.021,32.8568,200),	 weight = 0.0625
       neutron, kinetic energy (MeV) =     0.151199, position (cm) = (70.4515,21.6407,200),	 weight = 0.0625
         gamma, kinetic energy (MeV) =     0.574737, position (cm) = (65.5234,24.6265,200),	 weight = 0.0625
       neutron, kinetic energy (MeV) =      95.9219, position (cm) = (21.3724,25.9674,200),	 weight = 0.125
         gamma, kinetic energy (MeV) =     0.775258, position (cm) = (-15.1699,0.764476,200),	 weight = 1.90735e-06
         gamma, kinetic energy (MeV) =     0.124619, position (cm) = (0.952882,-32.4952,200),	 weight = 1.90735e-06
         gamma, kinetic energy (MeV) =      1.35219, position (cm) = (1.4622,-32.3807,200),	 weight = 1.90735e-06
         gamma, kinetic energy (MeV) =      5.79524, position (cm) = (-14.939,5.66869,200),	 weight = 1.90735e-06
       neutron, kinetic energy (MeV) =      23.7644, position (cm) = (-22.2245,-5.39983,200),	 weight = 2.38419e-07
       neutron, kinetic energy (MeV) =      24.6748, position (cm) = (-24.6762,-0.275533,200),	 weight = 2.38419e-07
       neutron, kinetic energy (MeV) =      24.6748, position (cm) = (-24.6762,-0.275533,200),	 weight = 2.38419e-07
         gamma, kinetic energy (MeV) =      4.22308, position (cm) = (-24.1582,-0.571519,200),	 weight = 9.53674e-07
         gamma, kinetic energy (MeV) =    0.0822322, position (cm) = (-18.4269,-10.7398,200),	 weight = 4.76837e-07
       neutron, kinetic energy (MeV) =  0.000480407, position (cm) = (-41.2315,-23.7699,200),	 weight = 2.38419e-07
       neutron, kinetic energy (MeV) =     0.143189, position (cm) = (-26.0532,-11.0205,200),	 weight = 2.38419e-07
         gamma, kinetic energy (MeV) =      2.37771, position (cm) = (-29.5356,-5.92868,200),	 weight = 2.38419e-07
       neutron, kinetic energy (MeV) =      5.56722, position (cm) = (-28.8328,-10.9599,200),	 weight = 2.38419e-07
         gamma, kinetic energy (MeV) =    0.0714531, position (cm) = (-7.53068,-13.4368,200),	 weight = 9.53674e-07
       neutron, kinetic energy (MeV) =      1.96355, position (cm) = (14.5125,-22.2164,200),	 weight = 9.53674e-07
         gamma, kinetic energy (MeV) =     0.182237, position (cm) = (4.0078,-40.2381,200),	 weight = 9.53674e-07
         gamma, kinetic energy (MeV) =     0.445508, position (cm) = (-10.5397,-4.34088,200),	 weight = 9.53674e-07
         gamma, kinetic energy (MeV) =     0.254156, position (cm) = (2.43034,-29.5206,200),	 weight = 9.53674e-07
         gamma, kinetic energy (MeV) =      5.00908, position (cm) = (14.6044,-2.98819,200),	 weight = 9.53674e-07
       neutron, kinetic energy (MeV) =    0.0124817, position (cm) = (-6.608,-13.0888,200),	 weight = 9.53674e-07
         gamma, kinetic energy (MeV) =     0.412756, position (cm) = (-11.5927,-16.6899,200),	 weight = 9.53674e-07
         gamma, kinetic energy (MeV) =      2.38588, position (cm) = (12.1942,-7.9443,200),	 weight = 1.90735e-06
       neutron, kinetic energy (MeV) =      2.40668, position (cm) = (3.18991,-8.77623,200),	 weight = 1.52588e-05
         gamma, kinetic energy (MeV) =      1.94416, position (cm) = (39.788,-40.0185,200),	 weight = 0.00012207
       neutron, kinetic energy (MeV) =    0.0364771, position (cm) = (19.1078,-14.9545,200),	 weight = 0.00012207
         gamma, kinetic energy (MeV) =     0.251894, position (cm) = (52.3053,-33.8384,200),	 weight = 0.00012207
       neutron, kinetic energy (MeV) =     0.584669, position (cm) = (43.2628,5.12713,200),	 weight = 6.10352e-05
         gamma, kinetic energy (MeV) =     0.078525, position (cm) = (37.9327,12.4413,200),	 weight = 6.10352e-05
         gamma, kinetic energy (MeV) =      1.40695, position (cm) = (25.6764,7.02418,200),	 weight = 6.10352e-05
       neutron, kinetic energy (MeV) =     0.863716, position (cm) = (88.0291,0.605682,200),	 weight = 0.00012207
       neutron, kinetic energy (MeV) =      1.88336, position (cm) = (97.1867,1.18599,200),	 weight = 0.00012207
         gamma, kinetic energy (MeV) =     0.437311, position (cm) = (155.808,17.006,200),	 weight = 3.05176e-05
       neutron, kinetic energy (MeV) =       31.535, position (cm) = (155.642,25.7397,200),	 weight = 3.8147e-06
       neutron, kinetic energy (MeV) =       31.535, position (cm) = (155.642,25.7397,200),	 weight = 3.8147e-06
       neutron, kinetic energy (MeV) =       31.535, position (cm) = (155.642,25.7397,200),	 weight = 1.52588e-05
         gamma, kinetic energy (MeV) =    0.0966978, position (cm) = (76.7643,-21.8146,200),	 weight = 0.00012207
         gamma, kinetic energy (MeV) =     0.115749, position (cm) = (55.7121,-47.8638,200),	 weight = 0.000488281
         gamma, kinetic energy (MeV) =     0.255228, position (cm) = (29.9965,-40.3083,200),	 weight = 0.000488281
         gamma, kinetic energy (MeV) =     0.510999, position (cm) = (43.0929,-57.2888,200),	 weight = 0.000488281
       neutron, kinetic energy (MeV) =      35.8567, position (cm) = (51.6926,-58.9062,200),	 weight = 0.000488281
       neutron, kinetic energy (MeV) =      48.7583, position (cm) = (51.7769,-52.7537,200),	 weight = 0.000488281
         gamma, kinetic energy (MeV) =     0.235638, position (cm) = (98.8388,-47.5913,200),	 weight = 0.00195312
         gamma, kinetic energy (MeV) =     0.410885, position (cm) = (102.015,-41.61,200),	 weight = 0.00195312
       neutron, kinetic energy (MeV) =       2.5539, position (cm) = (105.939,-33.5131,200),	 weight = 0.00195312
       neutron, kinetic energy (MeV) =      23.7535, position (cm) = (71.3157,-35.6108,200),	 weight = 0.000976562
       neutron, kinetic energy (MeV) =      23.7535, position (cm) = (71.3157,-35.6108,200),	 weight = 0.000976562
         gamma, kinetic energy (MeV) =     0.159197, position (cm) = (72.2475,-34.173,200),	 weight = 0.000976562
         gamma, kinetic energy (MeV) =    0.0844407, position (cm) = (57.4981,-18.5587,200),	 weight = 0.000976562
         gamma, kinetic energy (MeV) =     0.231025, position (cm) = (57.2537,-19.5737,200),	 weight = 0.000976562
         gamma, kinetic energy (MeV) =      0.34982, position (cm) = (-49.3102,-21.1568,200),	 weight = 3.05176e-05
       neutron, kinetic energy (MeV) =      3.63774, position (cm) = (-44.8566,-8.04008,200),	 weight = 3.05176e-05
         gamma, kinetic energy (MeV) =    0.0843985, position (cm) = (-95.4239,7.35895,200),	 weight = 1.90735e-06
         gamma, kinetic energy (MeV) =      2.97976, position (cm) = (-65.9789,71.7097,200),	 weight = 1.90735e-06
         gamma, kinetic energy (MeV) =     0.781212, position (cm) = (-178.614,26.9742,200),	 weight = 1.52588e-05
       neutron, kinetic energy (MeV) =      1.98534, position (cm) = (-185.518,41.6567,200),	 weight = 1.52588e-05
       neutron, kinetic energy (MeV) =      7.16768, position (cm) = (-170.996,33.8289,200),	 weight = 1.52588e-05
       neutron, kinetic energy (MeV) =      0.35392, position (cm) = (-186.793,26.1158,200),	 weight = 3.8147e-06
         gamma, kinetic energy (MeV) =     0.855396, position (cm) = (-186.79,22.7251,200),	 weight = 3.8147e-06
       neutron, kinetic energy (MeV) =      86.0745, position (cm) = (-192.216,26.0666,200),	 weight = 3.8147e-06
         gamma, kinetic energy (MeV) =      0.25838, position (cm) = (-174.268,22.8763,200),	 weight = 7.62939e-06
       neutron, kinetic energy (MeV) =      3.52003, position (cm) = (-193.319,25.7054,200),	 weight = 3.8147e-06
       neutron, kinetic energy (MeV) =      3.63504, position (cm) = (-191.419,26.1439,200),	 weight = 3.8147e-06
       neutron, kinetic energy (MeV) =      52.6249, position (cm) = (-193.025,23.5232,200),	 weight = 3.8147e-06
       neutron, kinetic energy (MeV) =      52.6249, position (cm) = (-193.025,23.5232,200),	 weight = 3.8147e-06
         gamma, kinetic energy (MeV) =     0.487572, position (cm) = (-177.35,15.096,200),	 weight = 6.10352e-05
         gamma, kinetic energy (MeV) =       3.1441, position (cm) = (-184.632,-26.9214,200),	 weight = 7.62939e-06
         gamma, kinetic energy (MeV) =     0.319481, position (cm) = (-192.141,-25.3244,200),	 weight = 3.8147e-06
         gamma, kinetic energy (MeV) =     0.385948, position (cm) = (-197.702,-32.4336,200),	 weight = 3.8147e-06
         gamma, kinetic energy (MeV) =       4.2916, position (cm) = (-195.092,-32.9676,200),	 weight = 3.8147e-06
         gamma, kinetic energy (MeV) =     0.260682, position (cm) = (-196.103,-45.5792,200),	 weight = 3.8147e-06
         gamma, kinetic energy (MeV) =    0.0487668, position (cm) = (-198.248,-42.4095,200),	 weight = 3.8147e-06
       neutron, kinetic energy (MeV) =      2.47305, position (cm) = (-197.228,-46.9187,200),	 weight = 3.8147e-06
         gamma, kinetic energy (MeV) =      5.14672, position (cm) = (-197.805,-43.8972,200),	 weight = 3.8147e-06
       neutron, kinetic energy (MeV) =      57.9695, position (cm) = (-188.968,-26.6086,200),	 weight = 3.8147e-06
       neutron, kinetic energy (MeV) =      57.9695, position (cm) = (-188.968,-26.6086,200),	 weight = 9.53674e-07
       neutron, kinetic energy (MeV) =      57.9695, position (cm) = (-188.968,-26.6086,200),	 weight = 9.53674e-07
       neutron, kinetic energy (MeV) =      57.8088, position (cm) = (-189.678,-27.3977,200),	 weight = 1.90735e-06
       neutron, kinetic energy (MeV) =      57.9695, position (cm) = (-188.968,-26.6086,200),	 weight = 7.62939e-06
       neutron, kinetic energy (MeV) =      42.8867, position (cm) = (-122.244,-68.8494,200),	 weight = 3.05176e-05
         gamma, kinetic energy (MeV) =      2.92448, position (cm) = (-62.0225,61.2365,200),	 weight = 1.52588e-05
         gamma, kinetic energy (MeV) =     0.542674, position (cm) = (-62.2138,68.086,200),	 weight = 1.52588e-05
       neutron, kinetic energy (MeV) =      34.5698, position (cm) = (-52.6219,66.3417,200),	 weight = 4.76837e-07
         gamma, kinetic energy (MeV) =      2.87995, position (cm) = (-53.0017,66.4324,200),	 weight = 4.76837e-07
       neutron, kinetic energy (MeV) =      6.61963, position (cm) = (-50.8649,67.5584,200),	 weight = 4.76837e-07
       neutron, kinetic energy (MeV) =      7.86453, position (cm) = (-51.383,66.926,200),	 weight = 4.76837e-07
       neutron, kinetic energy (MeV) =      34.5268, position (cm) = (-58.3241,63.5373,200),	 weight = 4.76837e-07
       neutron, kinetic energy (MeV) =      34.3728, position (cm) = (-60.1864,63.4992,200),	 weight = 2.38419e-07
       neutron, kinetic energy (MeV) =      34.3728, position (cm) = (-60.1864,63.4992,200),	 weight = 2.38419e-07
       neutron, kinetic energy (MeV) =      28.2977, position (cm) = (-57.5543,72.379,200),	 weight = 3.8147e-06
         gamma, kinetic energy (MeV) =     0.115259, position (cm) = (-122.685,58.5609,200),	 weight = 7.62939e-06
       neutron, kinetic energy (MeV) =   1.5516e-06, position (cm) = (-89.1919,52.5506,200),	 weight = 1.90735e-06
         gamma, kinetic energy (MeV) =     0.464919, position (cm) = (-71.8458,88.8413,200),	 weight = 3.8147e-06
         gamma, kinetic energy (MeV) =     0.500411, position (cm) = (-59.3072,72.4459,200),	 weight = 7.62939e-06
       neutron, kinetic energy (MeV) =      35.7058, position (cm) = (-57.2051,123.047,200),	 weight = 7.62939e-06
         gamma, kinetic energy (MeV) =     0.145623, position (cm) = (-60.465,126.708,200),	 weight = 7.62939e-06
       neutron, kinetic energy (MeV) =     0.031116, position (cm) = (-57.0276,128.428,200),	 weight = 7.62939e-06
         gamma, kinetic energy (MeV) =    0.0724638, position (cm) = (-46.651,90.5161,200),	 weight = 1.52588e-05
       neutron, kinetic energy (MeV) =   0.00432347, position (cm) = (-50.2487,75.5365,200),	 weight = 1.52588e-05
         gamma, kinetic energy (MeV) =      0.13839, position (cm) = (-63.4464,109.878,200),	 weight = 1.52588e-05
         gamma, kinetic energy (MeV) =     0.704593, position (cm) = (-81.2157,51.7752,200),	 weight = 0.00012207
         gamma, kinetic energy (MeV) =      3.59226, position (cm) = (-89.6292,45.1855,200),	 weight = 0.00012207
       neutron, kinetic energy (MeV) =      74.8848, position (cm) = (-108.717,16.8715,200),	 weight = 0.000488281
         gamma, kinetic energy (MeV) =     0.294825, position (cm) = (-103.176,33.2218,200),	 weight = 3.8147e-06
         gamma, kinetic energy (MeV) =     0.188932, position (cm) = (-109.002,38.1372,200),	 weight = 3.8147e-06
       neutron, kinetic energy (MeV) =      8.74206, position (cm) = (-85.2127,24.7132,200),	 weight = 9.53674e-07
       neutron, kinetic energy (MeV) =      8.74206, position (cm) = (-85.2127,24.7132,200),	 weight = 4.76837e-07
       neutron, kinetic energy (MeV) =      8.73825, position (cm) = (-84.194,23.4924,200),	 weight = 4.76837e-07
       neutron, kinetic energy (MeV) =    0.0467366, position (cm) = (-110.874,9.41137,200),	 weight = 2.38419e-07
         gamma, kinetic energy (MeV) =     0.483765, position (cm) = (-92.3201,14.377,200),	 weight = 2.38419e-07
         gamma, kinetic energy (MeV) =      5.90393, position (cm) = (-102.174,10.4153,200),	 weight = 2.38419e-07
       neutron, kinetic energy (MeV) =      34.8653, position (cm) = (-108.981,0.787827,200),	 weight = 1.19209e-07
       neutron, kinetic energy (MeV) =      36.3965, position (cm) = (-112.388,7.26927,200),	 weight = 1.19209e-07
       neutron, kinetic energy (MeV) =      8.96336, position (cm) = (-104.008,11.065,200),	 weight = 4.76837e-07
         gamma, kinetic energy (MeV) =     0.223958, position (cm) = (-114.927,27.5557,200),	 weight = 9.53674e-07
       neutron, kinetic energy (MeV) =      35.9208, position (cm) = (-107.292,56.4917,200),	 weight = 1.90735e-06
         gamma, kinetic energy (MeV) =       0.4614, position (cm) = (-106.208,53.1693,200),	 weight = 1.90735e-06
         gamma, kinetic energy (MeV) =     0.656461, position (cm) = (-126.647,61.3364,200),	 weight = 1.90735e-06
       neutron, kinetic energy (MeV) =      29.2502, position (cm) = (-106.133,55.1128,200),	 weight = 1.90735e-06
         gamma, kinetic energy (MeV) =     0.514769, position (cm) = (-101.27,26.7485,200),	 weight = 1.90735e-06
       neutron, kinetic energy (MeV) =      3.03366, position (cm) = (-75.5658,19.1493,200),	 weight = 9.53674e-07
         gamma, kinetic energy (MeV) =       5.8163, position (cm) = (-74.4416,-1.46058,200),	 weight = 9.53674e-07
         gamma, kinetic energy (MeV) =     0.311009, position (cm) = (-68.9007,10.5251,200),	 weight = 3.8147e-06
       neutron, kinetic energy (MeV) =     0.104775, position (cm) = (-92.5964,50.6353,200),	 weight = 3.8147e-06
         gamma, kinetic energy (MeV) =      1.46903, position (cm) = (-76.5436,38.367,200),	 weight = 3.8147e-06
         gamma, kinetic energy (MeV) =     0.104266, position (cm) = (-118.138,38.7874,200),	 weight = 3.8147e-06
         gamma, kinetic energy (MeV) =       3.4037, position (cm) = (-96.6406,23.7629,200),	 weight = 7.62939e-06
       neutron, kinetic energy (MeV) =  0.000329504, position (cm) = (-100.398,49.6503,200),	 weight = 7.62939e-06
         gamma, kinetic energy (MeV) =      3.72497, position (cm) = (-115.656,-0.443632,200),	 weight = 3.8147e-06
       neutron, kinetic energy (MeV) =       8.8108, position (cm) = (-94.3187,7.70671,200),	 weight = 3.8147e-06
         gamma, kinetic energy (MeV) =      0.25911, position (cm) = (-90.8915,-0.0530239,200),	 weight = 3.8147e-06
         gamma, kinetic energy (MeV) =      1.80145, position (cm) = (-99.0761,12.5619,200),	 weight = 9.53674e-07
       neutron, kinetic energy (MeV) =      3.94791, position (cm) = (-99.1516,14.7023,200),	 weight = 9.53674e-07
         gamma, kinetic energy (MeV) =     0.252368, position (cm) = (-143.655,13.599,200),	 weight = 9.53674e-07
       neutron, kinetic energy (MeV) =      10.1528, position (cm) = (-99.2174,11.7591,200),	 weight = 9.53674e-07
         gamma, kinetic energy (MeV) =    0.0562735, position (cm) = (-99.1873,11.7792,200),	 weight = 1.90735e-06
         gamma, kinetic energy (MeV) =     0.137123, position (cm) = (-97.5697,14.5761,200),	 weight = 1.90735e-06
         gamma, kinetic energy (MeV) =     0.561126, position (cm) = (-97.4934,10.7614,200),	 weight = 1.90735e-06
         gamma, kinetic energy (MeV) =      3.03816, position (cm) = (-98.1698,12.2296,200),	 weight = 1.90735e-06
       neutron, kinetic energy (MeV) =      2.58142, position (cm) = (-83.7141,14.381,200),	 weight = 1.90735e-06
         gamma, kinetic energy (MeV) =     0.105323, position (cm) = (-94.9089,1.79917,200),	 weight = 1.90735e-06
         gamma, kinetic energy (MeV) =      1.89124, position (cm) = (-93.1063,2.73363,200),	 weight = 1.90735e-06
         gamma, kinetic energy (MeV) =      2.44231, position (cm) = (-92.0315,3.60081,200),	 weight = 1.90735e-06
       neutron, kinetic energy (MeV) =      7.10529, position (cm) = (-91.7859,4.06474,200),	 weight = 1.90735e-06
       neutron, kinetic energy (MeV) =       18.288, position (cm) = (-85.8578,1.58369,200),	 weight = 4.76837e-07
         gamma, kinetic energy (MeV) =      1.33971, position (cm) = (-88.2209,8.29808,200),	 weight = 1.90735e-06
         gamma, kinetic energy (MeV) =     0.105022, position (cm) = (-94.433,12.3352,200),	 weight = 1.90735e-06
         gamma, kinetic energy (MeV) =      0.12665, position (cm) = (-67.6037,3.0658,200),	 weight = 9.53674e-07
       neutron, kinetic energy (MeV) =      2.42885, position (cm) = (-91.6096,-1.01039,200),	 weight = 9.53674e-07
       neutron, kinetic energy (MeV) =      2.41547, position (cm) = (-91.2763,25.0699,200),	 weight = 9.53674e-07
         gamma, kinetic energy (MeV) =      3.61166, position (cm) = (-92.3729,34.0938,200),	 weight = 9.53674e-07
         gamma, kinetic energy (MeV) =      3.83988, position (cm) = (-93.8475,32.2099,200),	 weight = 9.53674e-07
         gamma, kinetic energy (MeV) =    0.0973976, position (cm) = (-206.01,24.0913,200),	 weight = 6.10352e-05
         gamma, kinetic energy (MeV) =     0.339604, position (cm) = (-177.508,41.4467,200),	 weight = 6.10352e-05
       neutron, kinetic energy (MeV) =      30.3988, position (cm) = (-201.363,31.1753,200),	 weight = 6.10352e-05
       neutron, kinetic energy (MeV) =      30.3317, position (cm) = (-201.5,29.1692,200),	 weight = 6.10352e-05
         gamma, kinetic energy (MeV) =      2.62648, position (cm) = (-225.355,33.7785,200),	 weight = 6.10352e-05
         gamma, kinetic energy (MeV) =      0.96675, position (cm) = (-141.031,42.1072,200),	 weight = 1.52588e-05
         gamma, kinetic energy (MeV) =       2.9818, position (cm) = (-141.419,41.9091,200),	 weight = 1.52588e-05
       neutron, kinetic energy (MeV) =      2.52365, position (cm) = (-144.635,39.1165,200),	 weight = 1.52588e-05
         gamma, kinetic energy (MeV) =     0.145345, position (cm) = (-141.302,52.1544,200),	 weight = 1.52588e-05
         gamma, kinetic energy (MeV) =      1.00824, position (cm) = (-141.351,52.2725,200),	 weight = 1.52588e-05
       neutron, kinetic energy (MeV) =      3.22123, position (cm) = (-141.187,52.2133,200),	 weight = 1.52588e-05
       neutron, kinetic energy (MeV) =      7.89288, position (cm) = (-136.363,50.4552,200),	 weight = 7.62939e-06
         gamma, kinetic energy (MeV) =      0.40304, position (cm) = (-141.15,51.8382,200),	 weight = 7.62939e-06
       neutron, kinetic energy (MeV) =  0.000322032, position (cm) = (-112.577,31.7444,200),	 weight = 3.8147e-06
         gamma, kinetic energy (MeV) =      4.75679, position (cm) = (-134.461,30.8518,200),	 weight = 9.53674e-07
         gamma, kinetic energy (MeV) =     0.591039, position (cm) = (-104.22,37.3825,200),	 weight = 2.38419e-07
       neutron, kinetic energy (MeV) =     0.946921, position (cm) = (-108.55,32.3826,200),	 weight = 2.38419e-07
         gamma, kinetic energy (MeV) =      2.27295, position (cm) = (-127.027,41.2374,200),	 weight = 2.38419e-07
         gamma, kinetic energy (MeV) =    0.0938332, position (cm) = (-119.206,37.2046,200),	 weight = 2.38419e-07
       neutron, kinetic energy (MeV) =     0.453008, position (cm) = (-121.658,35.8503,200),	 weight = 4.76837e-07
         gamma, kinetic energy (MeV) =     0.928696, position (cm) = (-137.01,28.3465,200),	 weight = 1.90735e-06
       neutron, kinetic energy (MeV) =  4.31528e-05, position (cm) = (-128.798,27.9042,200),	 weight = 1.90735e-06
         gamma, kinetic energy (MeV) =      4.51832, position (cm) = (-85.7052,44.4692,200),	 weight = 1.90735e-06
       neutron, kinetic energy (MeV) =      10.7707, position (cm) = (-131.468,40.5389,200),	 weight = 1.52588e-05
         gamma, kinetic energy (MeV) =       2.3442, position (cm) = (-139.559,31.6077,200),	 weight = 7.62939e-06
         gamma, kinetic energy (MeV) =      1.29684, position (cm) = (-128.842,38.0347,200),	 weight = 7.62939e-06
       neutron, kinetic energy (MeV) =      2.63688, position (cm) = (-140.679,29.0076,200),	 weight = 0.00012207
         gamma, kinetic energy (MeV) =      3.65556, position (cm) = (-154.23,27.597,200),	 weight = 0.00012207
         gamma, kinetic energy (MeV) =     0.339005, position (cm) = (38.5078,-168.978,200),	 weight = 0.00012207
         gamma, kinetic energy (MeV) =      0.57707, position (cm) = (38.0077,-173.624,200),	 weight = 0.00012207
         gamma, kinetic energy (MeV) =      0.77864, position (cm) = (39.3335,-170.221,200),	 weight = 0.00012207
         gamma, kinetic energy (MeV) =     0.113482, position (cm) = (37.5391,-199.535,200),	 weight = 0.00012207
         gamma, kinetic energy (MeV) =     0.211193, position (cm) = (37.7533,-161.644,200),	 weight = 0.00012207
         gamma, kinetic energy (MeV) =      5.45287, position (cm) = (29.6012,-138.528,200),	 weight = 0.00012207
       neutron, kinetic energy (MeV) =      80.0469, position (cm) = (53.186,-168.271,200),	 weight = 6.10352e-05
       neutron, kinetic energy (MeV) =      80.0469, position (cm) = (53.186,-168.271,200),	 weight = 6.10352e-05
         gamma, kinetic energy (MeV) =      2.06936, position (cm) = (41.07,-85.6248,200),	 weight = 3.05176e-05
         gamma, kinetic energy (MeV) =      0.23176, position (cm) = (56.1551,-124.083,200),	 weight = 1.52588e-05
       neutron, kinetic energy (MeV) =   0.00407945, position (cm) = (71.9397,-91.8875,200),	 weight = 1.52588e-05
         gamma, kinetic energy (MeV) =      12.7028, position (cm) = (79.0951,-120.058,200),	 weight = 1.52588e-05
         gamma, kinetic energy (MeV) =      2.23962, position (cm) = (58.0965,-106.579,200),	 weight = 9.53674e-07
       neutron, kinetic energy (MeV) =  1.83593e-05, position (cm) = (98.8661,-85.8634,200),	 weight = 9.53674e-07
       neutron, kinetic energy (MeV) =      2.60439, position (cm) = (71.6277,-93.1453,200),	 weight = 9.53674e-07
         gamma, kinetic energy (MeV) =      5.21874, position (cm) = (70.7584,-92.0104,200),	 weight = 9.53674e-07
         gamma, kinetic energy (MeV) =      0.23377, position (cm) = (81.9211,-107.357,200),	 weight = 9.53674e-07
       neutron, kinetic energy (MeV) =  4.19313e-06, position (cm) = (25.2541,-85.6564,200),	 weight = 2.98023e-08
         gamma, kinetic energy (MeV) =      1.69426, position (cm) = (1.5373,-96.1064,200),	 weight = 7.45058e-09
       neutron, kinetic energy (MeV) =      4.80709, position (cm) = (7.86924,-61.4961,200),	 weight = 7.45058e-09
         gamma, kinetic energy (MeV) =      0.13279, position (cm) = (1.41249,-80.2024,200),	 weight = 1.49012e-08
       neutron, kinetic energy (MeV) =    0.0172591, position (cm) = (3.26497,-90.452,200),	 weight = 1.49012e-08
         gamma, kinetic energy (MeV) =     0.386981, position (cm) = (-12.3392,-70.4092,200),	 weight = 7.45058e-09
         gamma, kinetic energy (MeV) =      1.60049, position (cm) = (43.7479,-108.78,200),	 weight = 1.19209e-07
         gamma, kinetic energy (MeV) =      2.49438, position (cm) = (78.127,-102.231,200),	 weight = 4.76837e-07
       neutron, kinetic energy (MeV) =      4.25992, position (cm) = (74.7549,-102.593,200),	 weight = 4.76837e-07
       neutron, kinetic energy (MeV) =      51.0436, position (cm) = (46.8191,-157.314,200),	 weight = 6.10352e-05
       neutron, kinetic energy (MeV) =      79.2453, position (cm) = (53.4958,-159.044,200),	 weight = 3.05176e-05
       neutron, kinetic energy (MeV) =      78.7629, position (cm) = (54.241,-159.47,200),	 weight = 3.05176e-05
         gamma, kinetic energy (MeV) =     0.510999, position (cm) = (77.2219,-112.568,200),	 weight = 1.52588e-05
         gamma, kinetic energy (MeV) =     0.244254, position (cm) = (74.7533,-114.983,200),	 weight = 1.52588e-05
       neutron, kinetic energy (MeV) =      14.6655, position (cm) = (78.7271,-124.687,200),	 weight = 1.52588e-05
       neutron, kinetic energy (MeV) =      12.6286, position (cm) = (84.9472,-130.355,200),	 weight = 7.62939e-06
       neutron, kinetic energy (MeV) =    0.0748266, position (cm) = (70.6504,-122.551,200),	 weight = 3.05176e-05
       neutron, kinetic energy (MeV) =      16.2526, position (cm) = (84.6375,-121.742,200),	 weight = 7.62939e-06
         gamma, kinetic energy (MeV) =    0.0740098, position (cm) = (80.3546,-123.21,200),	 weight = 3.8147e-06
       neutron, kinetic energy (MeV) =      2.09525, position (cm) = (84.937,-121.514,200),	 weight = 3.8147e-06
       neutron, kinetic energy (MeV) =      16.2526, position (cm) = (84.6375,-121.742,200),	 weight = 3.8147e-06
       neutron, kinetic energy (MeV) =      2.33699, position (cm) = (85.4775,-132.699,200),	 weight = 7.62939e-06
       neutron, kinetic energy (MeV) =       16.335, position (cm) = (93.686,-121.596,200),	 weight = 4.76837e-07
       neutron, kinetic energy (MeV) =       16.335, position (cm) = (93.686,-121.596,200),	 weight = 4.76837e-07
       neutron, kinetic energy (MeV) =       16.335, position (cm) = (93.686,-121.596,200),	 weight = 4.76837e-07
         gamma, kinetic energy (MeV) =     0.734742, position (cm) = (86.8199,-121.325,200),	 weight = 4.76837e-07
       neutron, kinetic energy (MeV) =      2.85201, position (cm) = (92.1738,-123.705,200),	 weight = 4.76837e-07
         gamma, kinetic energy (MeV) =     0.259646, position (cm) = (116.024,-128.887,200),	 weight = 4.76837e-07
       neutron, kinetic energy (MeV) =       16.335, position (cm) = (93.686,-121.596,200),	 weight = 3.8147e-06
       neutron, kinetic energy (MeV) =       16.335, position (cm) = (93.686,-121.596,200),	 weight = 1.52588e-05
         gamma, kinetic energy (MeV) =     0.152202, position (cm) = (93.1215,-112.548,200),	 weight = 7.62939e-06
         gamma, kinetic energy (MeV) =     0.201091, position (cm) = (99.0076,-129.469,200),	 weight = 7.62939e-06
         gamma, kinetic energy (MeV) =     0.233172, position (cm) = (88.5051,-122.319,200),	 weight = 7.62939e-06
       neutron, kinetic energy (MeV) =       16.335, position (cm) = (93.686,-121.596,200),	 weight = 7.62939e-06
       neutron, kinetic energy (MeV) =     0.123851, position (cm) = (78.6393,-128.929,200),	 weight = 1.52588e-05
         gamma, kinetic energy (MeV) =     0.190676, position (cm) = (79.2528,-123.186,200),	 weight = 1.52588e-05
       neutron, kinetic energy (MeV) =    0.0240093, position (cm) = (81.8211,-121.582,200),	 weight = 1.52588e-05
         gamma, kinetic energy (MeV) =     0.262761, position (cm) = (85.0807,-123.008,200),	 weight = 1.52588e-05
         gamma, kinetic energy (MeV) =     0.183635, position (cm) = (66.7549,-129.482,200),	 weight = 1.52588e-05
         gamma, kinetic energy (MeV) =     0.126947, position (cm) = (32.402,11.7973,200),	 weight = 0.000976562
         gamma, kinetic energy (MeV) =       0.1032, position (cm) = (23.199,7.5367,200),	 weight = 0.000976562
       neutron, kinetic energy (MeV) =      30.2247, position (cm) = (33.6555,12.7395,200),	 weight = 0.000976562
         gamma, kinetic energy (MeV) =      1.30025, position (cm) = (29.2919,10.2723,200),	 weight = 0.000976562
       neutron, kinetic energy (MeV) =       32.206, position (cm) = (28.5425,12.7739,200),	 weight = 0.000976562
       neutron, kinetic energy (MeV) =      25.6175, position (cm) = (29.9675,1.08104,200),	 weight = 0.00195312
         gamma, kinetic energy (MeV) =    0.0870379, position (cm) = (0.562027,9.20518,200),	 weight = 0.00390625
         gamma, kinetic energy (MeV) =     0.323409, position (cm) = (0.716421,-10.5629,200),	 weight = 0.00390625
       neutron, kinetic energy (MeV) =       47.457, position (cm) = (0.129321,11.2965,200),	 weight = 0.00390625
       neutron, kinetic energy (MeV) =       47.457, position (cm) = (0.129321,11.2965,200),	 weight = 0.00195312
       neutron, kinetic energy (MeV) =       47.457, position (cm) = (0.129321,11.2965,200),	 weight = 0.00195312
         gamma, kinetic energy (MeV) =     0.470326, position (cm) = (-22.8136,28.849,200),	 weight = 0.0078125
       neutron, kinetic energy (MeV) =      1.81465, position (cm) = (9.07213,-1.64379,200),	 weight = 0.0078125
       neutron, kinetic energy (MeV) =   1.1684e-07, position (cm) = (-29.0628,-30.8844,200),	 weight = 0.015625
       neutron, kinetic energy (MeV) =      36.2578, position (cm) = (-26.6999,-45.8508,200),	 weight = 0.015625
       neutron, kinetic energy (MeV) =      35.4204, position (cm) = (-18.9158,37.1004,200),	 weight = 1.52588e-05
       neutron, kinetic energy (MeV) =       35.233, position (cm) = (-17.5754,38.9933,200),	 weight = 1.52588e-05
       neutron, kinetic energy (MeV) =      34.5841, position (cm) = (-29.688,45.0029,200),	 weight = 1.90735e-06
       neutron, kinetic energy (MeV) =      35.1111, position (cm) = (-29.8772,45.1016,200),	 weight = 4.76837e-07
         gamma, kinetic energy (MeV) =      2.39895, position (cm) = (-29.1646,49.0058,200),	 weight = 4.76837e-07
       neutron, kinetic energy (MeV) =     0.788752, position (cm) = (-15.5616,51.9277,200),	 weight = 4.76837e-07
         gamma, kinetic energy (MeV) =      1.21813, position (cm) = (-33.7575,44.6042,200),	 weight = 2.38419e-07
       neutron, kinetic energy (MeV) =      2.53976, position (cm) = (-54.5102,36.7453,200),	 weight = 2.38419e-07
         gamma, kinetic energy (MeV) =     0.291832, position (cm) = (-52.648,34.0987,200),	 weight = 2.38419e-07
         gamma, kinetic energy (MeV) =     0.459054, position (cm) = (-59.1898,32.822,200),	 weight = 2.38419e-07
       neutron, kinetic energy (MeV) =      5.66165, position (cm) = (-37.2255,44.4454,200),	 weight = 2.38419e-07
         gamma, kinetic energy (MeV) =     0.141037, position (cm) = (-23.2399,45.14,200),	 weight = 3.8147e-06
         gamma, kinetic energy (MeV) =     0.857261, position (cm) = (-20.9011,51.7909,200),	 weight = 3.8147e-06
            e-, kinetic energy (MeV) =      3.56448, position (cm) = (-30.8096,49.1359,200),	 weight = 3.8147e-06
         gamma, kinetic energy (MeV) =     0.147308, position (cm) = (-25.4843,46.0939,200),	 weight = 7.62939e-06
       neutron, kinetic energy (MeV) =   0.00424533, position (cm) = (-39.3186,31.2359,200),	 weight = 7.62939e-06
         gamma, kinetic energy (MeV) =      1.16709, position (cm) = (-16.4601,35.5331,200),	 weight = 7.62939e-06
         gamma, kinetic energy (MeV) =     0.499891, position (cm) = (4.05635,39.9639,200),	 weight = 1.52588e-05
       neutron, kinetic energy (MeV) =      2.31459, position (cm) = (20.4094,36.4109,200),	 weight = 1.52588e-05
       neutron, kinetic energy (MeV) =      7.65298, position (cm) = (6.15366,42.2356,200),	 weight = 1.52588e-05
       neutron, kinetic energy (MeV) =      5.49112, position (cm) = (5.88177,42.0441,200),	 weight = 3.05176e-05
         gamma, kinetic energy (MeV) =     0.878495, position (cm) = (13.1508,59.5238,200),	 weight = 3.8147e-06
         gamma, kinetic energy (MeV) =       1.2352, position (cm) = (13.1482,60.0446,200),	 weight = 3.8147e-06
       neutron, kinetic energy (MeV) =      31.2058, position (cm) = (14.8831,61.0502,200),	 weight = 3.8147e-06
       neutron, kinetic energy (MeV) =      35.9948, position (cm) = (15.4725,60.7847,200),	 weight = 9.53674e-07
       neutron, kinetic energy (MeV) =      35.9948, position (cm) = (15.4725,60.7847,200),	 weight = 9.53674e-07
       neutron, kinetic energy (MeV) =     0.612505, position (cm) = (7.89304,59.0172,200),	 weight = 9.53674e-07
         gamma, kinetic energy (MeV) =      1.70245, position (cm) = (16.42,61.7021,200),	 weight = 9.53674e-07
       neutron, kinetic energy (MeV) =      2.60824, position (cm) = (14.3779,62.4888,200),	 weight = 9.53674e-07
       neutron, kinetic energy (MeV) =      35.6668, position (cm) = (17.0152,63.733,200),	 weight = 9.53674e-07
       neutron, kinetic energy (MeV) =      35.9948, position (cm) = (15.4725,60.7847,200),	 weight = 3.8147e-06
       neutron, kinetic energy (MeV) =      35.9948, position (cm) = (15.4725,60.7847,200),	 weight = 3.8147e-06
       neutron, kinetic energy (MeV) =      35.9948, position (cm) = (15.4725,60.7847,200),	 weight = 7.62939e-06
       neutron, kinetic energy (MeV) =      35.9948, position (cm) = (15.4725,60.7847,200),	 weight = 3.8147e-06
         gamma, kinetic energy (MeV) =     0.107655, position (cm) = (15.7231,60.6513,200),	 weight = 3.8147e-06
         gamma, kinetic energy (MeV) =     0.100696, position (cm) = (13.0245,58.1239,200),	 weight = 3.8147e-06
         gamma, kinetic energy (MeV) =       7.9775, position (cm) = (2.3057,68.4297,200),	 weight = 3.8147e-06
       neutron, kinetic energy (MeV) =      8.40618, position (cm) = (9.56999,65.2407,200),	 weight = 3.8147e-06
       neutron, kinetic energy (MeV) =      20.6664, position (cm) = (15.2954,58.6026,200),	 weight = 7.62939e-06
       neutron, kinetic energy (MeV) =       35.624, position (cm) = (14.4322,62.8078,200),	 weight = 7.62939e-06
       neutron, kinetic energy (MeV) =      33.5267, position (cm) = (13.2272,57.071,200),	 weight = 3.8147e-06
       neutron, kinetic energy (MeV) =      34.3683, position (cm) = (13.2254,58.9158,200),	 weight = 3.8147e-06
       neutron, kinetic energy (MeV) =      4.89999, position (cm) = (-5.35613,15.4272,200),	 weight = 1.90735e-06
       neutron, kinetic energy (MeV) =     0.015509, position (cm) = (-2.30138,41.9719,200),	 weight = 1.90735e-06
         gamma, kinetic energy (MeV) =      2.28231, position (cm) = (56.2453,-2.01179,200),	 weight = 9.53674e-07
         gamma, kinetic energy (MeV) =     0.192574, position (cm) = (56.2949,-2.13038,200),	 weight = 9.53674e-07
       neutron, kinetic energy (MeV) =      35.3744, position (cm) = (56.013,-1.28839,200),	 weight = 2.38419e-07
       neutron, kinetic energy (MeV) =      35.3744, position (cm) = (56.013,-1.28839,200),	 weight = 1.19209e-07
       neutron, kinetic energy (MeV) =      35.3744, position (cm) = (56.013,-1.28839,200),	 weight = 1.19209e-07
       neutron, kinetic energy (MeV) =      35.2319, position (cm) = (55.3145,0.786842,200),	 weight = 1.19209e-07
       neutron, kinetic energy (MeV) =      35.2319, position (cm) = (55.3145,0.786842,200),	 weight = 1.19209e-07
       neutron, kinetic energy (MeV) =      34.7815, position (cm) = (55.1362,0.707739,200),	 weight = 2.38419e-07
         gamma, kinetic energy (MeV) =     0.521563, position (cm) = (20.5262,123.961,200),	 weight = 1.19209e-07
       neutron, kinetic energy (MeV) =   4.9667e-05, position (cm) = (5.01169,115.562,200),	 weight = 1.49012e-08
       neutron, kinetic energy (MeV) =      8.56985, position (cm) = (34.0396,142.462,200),	 weight = 1.49012e-08
         gamma, kinetic energy (MeV) =     0.106363, position (cm) = (33.8692,125.268,200),	 weight = 1.49012e-08
         gamma, kinetic energy (MeV) =     0.914893, position (cm) = (3.03987,130.857,200),	 weight = 1.49012e-08
         gamma, kinetic energy (MeV) =      5.12426, position (cm) = (28.1645,128.71,200),	 weight = 1.49012e-08
         gamma, kinetic energy (MeV) =     0.132862, position (cm) = (32.9416,137.67,200),	 weight = 7.45058e-09
         gamma, kinetic energy (MeV) =       0.3536, position (cm) = (42.6119,137.244,200),	 weight = 7.45058e-09
       neutron, kinetic energy (MeV) =      8.56985, position (cm) = (34.0396,142.462,200),	 weight = 3.72529e-09
         gamma, kinetic energy (MeV) =     0.260161, position (cm) = (34.267,139.554,200),	 weight = 3.72529e-09
         gamma, kinetic energy (MeV) =      5.24052, position (cm) = (31.7603,138.088,200),	 weight = 3.72529e-09
         gamma, kinetic energy (MeV) =     0.128556, position (cm) = (41.2161,106.58,200),	 weight = 5.96046e-08
       neutron, kinetic energy (MeV) =      1.04928, position (cm) = (36.852,116.739,200),	 weight = 5.96046e-08
         gamma, kinetic energy (MeV) =     0.537919, position (cm) = (42.4063,110.328,200),	 weight = 5.96046e-08
         gamma, kinetic energy (MeV) =      2.26308, position (cm) = (37.0688,116.469,200),	 weight = 5.96046e-08
         gamma, kinetic energy (MeV) =      1.94129, position (cm) = (19.99,99.4568,200),	 weight = 1.19209e-07
       neutron, kinetic energy (MeV) =   0.00619878, position (cm) = (42.532,97.7469,200),	 weight = 9.53674e-07
         gamma, kinetic energy (MeV) =     0.561171, position (cm) = (77.0788,33.5758,200),	 weight = 1.90735e-06
         gamma, kinetic energy (MeV) =    0.0965269, position (cm) = (71.6235,35.2927,200),	 weight = 1.90735e-06
       neutron, kinetic energy (MeV) =  4.29087e-07, position (cm) = (-40.658,39.5702,200),	 weight = 0.000976562
       neutron, kinetic energy (MeV) =      36.9122, position (cm) = (-88.0554,53.2309,200),	 weight = 0.000244141
         gamma, kinetic energy (MeV) =      1.97425, position (cm) = (-87.1648,56.8477,200),	 weight = 0.00012207
       neutron, kinetic energy (MeV) =      54.3627, position (cm) = (-88.9589,53.7869,200),	 weight = 0.00012207
       neutron, kinetic energy (MeV) =      29.2294, position (cm) = (-139.647,-18.9159,200),	 weight = 7.62939e-06
       neutron, kinetic energy (MeV) =      15.1602, position (cm) = (-126.55,-16.6618,200),	 weight = 3.8147e-06
         gamma, kinetic energy (MeV) =     0.330287, position (cm) = (-131.5,-5.31625,200),	 weight = 1.90735e-06
       neutron, kinetic energy (MeV) =     0.841227, position (cm) = (-119.919,-5.854,200),	 weight = 1.90735e-06
         gamma, kinetic energy (MeV) =      5.32919, position (cm) = (-131.723,-12.9183,200),	 weight = 3.8147e-06
         gamma, kinetic energy (MeV) =     0.235397, position (cm) = (-131.739,-13.3521,200),	 weight = 3.8147e-06
         gamma, kinetic energy (MeV) =     0.179241, position (cm) = (-129.242,-13.257,200),	 weight = 3.8147e-06
       neutron, kinetic energy (MeV) =      28.8707, position (cm) = (-133.187,-13.3399,200),	 weight = 3.8147e-06
         gamma, kinetic energy (MeV) =      2.17454, position (cm) = (-131.436,-2.12129,200),	 weight = 7.62939e-06
         gamma, kinetic energy (MeV) =     0.198004, position (cm) = (-103.205,-21.4471,200),	 weight = 7.62939e-06
         gamma, kinetic energy (MeV) =       1.3211, position (cm) = (-131.709,-8.58236,200),	 weight = 1.52588e-05
       neutron, kinetic energy (MeV) =     0.330624, position (cm) = (-141.35,-37.5376,200),	 weight = 1.52588e-05
       neutron, kinetic energy (MeV) =    0.0148029, position (cm) = (-162.88,-8.76338,200),	 weight = 7.62939e-06
         gamma, kinetic energy (MeV) =      4.03134, position (cm) = (-106.06,31.7916,200),	 weight = 1.52588e-05
         gamma, kinetic energy (MeV) =     0.686657, position (cm) = (-87.7234,18.4253,200),	 weight = 1.52588e-05
       neutron, kinetic energy (MeV) =      2.53199, position (cm) = (-73.5535,22.6194,200),	 weight = 1.52588e-05
         gamma, kinetic energy (MeV) =       1.9223, position (cm) = (-117.001,34.2336,200),	 weight = 3.05176e-05
       neutron, kinetic energy (MeV) =      54.1082, position (cm) = (-114.304,24.7914,200),	 weight = 1.90735e-06
         gamma, kinetic energy (MeV) =     0.421937, position (cm) = (-108.417,31.5751,200),	 weight = 3.8147e-06
         gamma, kinetic energy (MeV) =    0.0965487, position (cm) = (-112.721,29.9468,200),	 weight = 3.8147e-06
         gamma, kinetic energy (MeV) =      2.32376, position (cm) = (-113.88,37.5155,200),	 weight = 3.8147e-06
         gamma, kinetic energy (MeV) =    0.0841413, position (cm) = (-124.608,33.2341,200),	 weight = 3.8147e-06
       neutron, kinetic energy (MeV) =      2.30636, position (cm) = (-136.77,44.7737,200),	 weight = 3.8147e-06
         gamma, kinetic energy (MeV) =     0.165458, position (cm) = (-125.149,37.9115,200),	 weight = 3.8147e-06
       neutron, kinetic energy (MeV) =    0.0493028, position (cm) = (-97.3213,38.902,200),	 weight = 1.52588e-05
         gamma, kinetic energy (MeV) =    0.0786644, position (cm) = (-114.395,39.9271,200),	 weight = 7.62939e-06
       neutron, kinetic energy (MeV) =    0.0969005, position (cm) = (-108.68,24.9508,200),	 weight = 7.62939e-06
         gamma, kinetic energy (MeV) =       6.2786, position (cm) = (-111.002,46.3899,200),	 weight = 7.62939e-06
         gamma, kinetic energy (MeV) =      0.27756, position (cm) = (-114.009,58.6909,200),	 weight = 3.8147e-06
       neutron, kinetic energy (MeV) =   0.00221017, position (cm) = (-114.266,59.7118,200),	 weight = 3.8147e-06
       neutron, kinetic energy (MeV) =      11.8462, position (cm) = (-124.212,61.4933,200),	 weight = 9.53674e-07
         gamma, kinetic energy (MeV) =     0.148646, position (cm) = (-111.001,33.9431,200),	 weight = 9.53674e-07
       neutron, kinetic energy (MeV) =      12.1878, position (cm) = (-121.063,64.891,200),	 weight = 4.76837e-07
       neutron, kinetic energy (MeV) =      12.1878, position (cm) = (-121.063,64.891,200),	 weight = 4.76837e-07
       neutron, kinetic energy (MeV) =      12.0936, position (cm) = (-123.994,59.1225,200),	 weight = 4.76837e-07
       neutron, kinetic energy (MeV) =      12.0936, position (cm) = (-123.994,59.1225,200),	 weight = 4.76837e-07
       neutron, kinetic energy (MeV) =      34.1043, position (cm) = (-100.006,26.4265,200),	 weight = 3.05176e-05
       neutron, kinetic energy (MeV) =      34.0208, position (cm) = (-99.2374,24.2186,200),	 weight = 3.05176e-05
       neutron, kinetic energy (MeV) =      33.6074, position (cm) = (-8.39074,2.70426,200),	 weight = 0.000488281
       neutron, kinetic energy (MeV) =      33.7312, position (cm) = (-8.34175,2.59268,200),	 weight = 0.00012207
       neutron, kinetic energy (MeV) =      33.7312, position (cm) = (-8.34175,2.59268,200),	 weight = 0.00012207
       neutron, kinetic energy (MeV) =      33.7312, position (cm) = (-8.34175,2.59268,200),	 weight = 0.000244141
       neutron, kinetic energy (MeV) =       30.171, position (cm) = (-16.8815,7.46902,200),	 weight = 0.000976562
       neutron, kinetic energy (MeV) =      33.7312, position (cm) = (-8.34175,2.59268,200),	 weight = 0.000488281
       neutron, kinetic energy (MeV) =      33.7312, position (cm) = (-8.34175,2.59268,200),	 weight = 0.000244141
       neutron, kinetic energy (MeV) =      33.7312, position (cm) = (-8.34175,2.59268,200),	 weight = 0.000244141
       neutron, kinetic energy (MeV) =       72.396, position (cm) = (-93.4275,11.6621,200),	 weight = 0.00195312
       neutron, kinetic energy (MeV) =       24.819, position (cm) = (-105.386,28.2837,200),	 weight = 0.000488281
       neutron, kinetic energy (MeV) =      24.6905, position (cm) = (-105.354,27.3453,200),	 weight = 0.000244141
       neutron, kinetic energy (MeV) =      24.6905, position (cm) = (-105.354,27.3453,200),	 weight = 0.000244141
       neutron, kinetic energy (MeV) =      11.9296, position (cm) = (-99.1443,0.597405,200),	 weight = 0.000488281
       neutron, kinetic energy (MeV) =      2.49419, position (cm) = (-86.4371,9.40896,200),	 weight = 0.000244141
         gamma, kinetic energy (MeV) =     0.936176, position (cm) = (-95.605,-32.8431,200),	 weight = 1.52588e-05
         gamma, kinetic energy (MeV) =     0.145615, position (cm) = (-88.7242,-9.15389,200),	 weight = 3.05176e-05
       neutron, kinetic energy (MeV) =      2.39956, position (cm) = (-84.5164,-1.49467,200),	 weight = 3.05176e-05
         gamma, kinetic energy (MeV) =      3.14763, position (cm) = (-70.4444,-13.4997,200),	 weight = 3.05176e-05
         gamma, kinetic energy (MeV) =    0.0650995, position (cm) = (-82.767,-0.573419,200),	 weight = 3.05176e-05
       neutron, kinetic energy (MeV) =      2.34035, position (cm) = (-93.0654,15.3365,200),	 weight = 1.52588e-05
       neutron, kinetic energy (MeV) =      2.80341, position (cm) = (-106.506,23.0585,200),	 weight = 1.52588e-05
         gamma, kinetic energy (MeV) =     0.134925, position (cm) = (-89.2607,-7.84881,200),	 weight = 1.52588e-05
         gamma, kinetic energy (MeV) =     0.408274, position (cm) = (-87.0851,11.2326,200),	 weight = 0.00012207
         gamma, kinetic energy (MeV) =     0.204447, position (cm) = (-84.1553,38.4658,200),	 weight = 3.05176e-05
         gamma, kinetic energy (MeV) =    0.0912613, position (cm) = (-93.193,34.0107,200),	 weight = 3.05176e-05
       neutron, kinetic energy (MeV) =      71.6176, position (cm) = (-97.6092,36.2482,200),	 weight = 3.05176e-05
       neutron, kinetic energy (MeV) =      6.62812, position (cm) = (-93.94,37.5456,200),	 weight = 6.10352e-05
         gamma, kinetic energy (MeV) =     0.589086, position (cm) = (-97.4431,45.1563,200),	 weight = 0.00012207
         gamma, kinetic energy (MeV) =     0.488318, position (cm) = (-84.3808,22.7989,200),	 weight = 0.00012207
         gamma, kinetic energy (MeV) =     0.963077, position (cm) = (-118.669,83.3971,200),	 weight = 3.05176e-05
       neutron, kinetic energy (MeV) =      1.53173, position (cm) = (-117.769,81.1457,200),	 weight = 3.05176e-05
       neutron, kinetic energy (MeV) =      8.56836, position (cm) = (-123.882,83.4716,200),	 weight = 3.05176e-05
       neutron, kinetic energy (MeV) =      69.8655, position (cm) = (-87.0947,58.8263,200),	 weight = 0.000244141
         gamma, kinetic energy (MeV) =     0.243825, position (cm) = (-116.852,15.1774,200),	 weight = 0.000244141
       neutron, kinetic energy (MeV) =        5.998, position (cm) = (-122.003,17.9124,200),	 weight = 0.000244141
         gamma, kinetic energy (MeV) =     0.350147, position (cm) = (-119.329,19.559,200),	 weight = 0.000244141
       neutron, kinetic energy (MeV) =    0.0865924, position (cm) = (-124.188,18.5991,200),	 weight = 0.000244141
       neutron, kinetic energy (MeV) =     0.512778, position (cm) = (-119.692,19.4328,200),	 weight = 0.000244141
       neutron, kinetic energy (MeV) =      5.46194, position (cm) = (-119.496,19.5135,200),	 weight = 0.000244141
       neutron, kinetic energy (MeV) =      8.18013, position (cm) = (-89.6756,33.0817,200),	 weight = 3.05176e-05
         gamma, kinetic energy (MeV) =     0.344497, position (cm) = (-87.6447,20.3353,200),	 weight = 3.05176e-05
       neutron, kinetic energy (MeV) =     0.720147, position (cm) = (-88.0332,33.6912,200),	 weight = 3.05176e-05
         gamma, kinetic energy (MeV) =      2.72535, position (cm) = (-91.5919,12.349,200),	 weight = 0.00012207
       neutron, kinetic energy (MeV) =      5.42436, position (cm) = (-91.0641,20.8574,200),	 weight = 0.00012207
       neutron, kinetic energy (MeV) =      36.6322, position (cm) = (-92.7643,-8.88305,200),	 weight = 3.05176e-05
         gamma, kinetic energy (MeV) =    0.0834685, position (cm) = (-95.4588,-9.0194,200),	 weight = 3.05176e-05
       neutron, kinetic energy (MeV) =     0.455364, position (cm) = (-92.7729,-8.91304,200),	 weight = 3.05176e-05
         gamma, kinetic energy (MeV) =      1.63213, position (cm) = (-93.0741,-8.75971,200),	 weight = 3.05176e-05
         gamma, kinetic energy (MeV) =      3.97804, position (cm) = (-93.0839,-8.09189,200),	 weight = 3.05176e-05
       neutron, kinetic energy (MeV) =      11.8504, position (cm) = (-92.4016,-8.75051,200),	 weight = 3.05176e-05
         gamma, kinetic energy (MeV) =     0.605368, position (cm) = (-117.943,26.3593,200),	 weight = 6.10352e-05
         gamma, kinetic energy (MeV) =      2.91331, position (cm) = (-97.3584,18.5053,200),	 weight = 1.52588e-05
       neutron, kinetic energy (MeV) =      37.3138, position (cm) = (-98.6437,16.9763,200),	 weight = 7.62939e-06
       neutron, kinetic energy (MeV) =      37.4845, position (cm) = (-98.6157,17.168,200),	 weight = 7.62939e-06
       neutron, kinetic energy (MeV) =      45.3465, position (cm) = (-100.563,19.4593,200),	 weight = 1.52588e-05
       neutron, kinetic energy (MeV) =      45.0026, position (cm) = (-100.318,20.6793,200),	 weight = 3.05176e-05
       neutron, kinetic energy (MeV) =      34.2242, position (cm) = (-35.8749,14.8312,200),	 weight = 0.00390625
       neutron, kinetic energy (MeV) =     0.396345, position (cm) = (-46.1142,20.1456,200),	 weight = 0.00390625
       neutron, kinetic energy (MeV) =      4.80116, position (cm) = (-46.0988,18.156,200),	 weight = 0.00390625
         gamma, kinetic energy (MeV) =      5.19684, position (cm) = (-43.3456,21.2834,200),	 weight = 0.00390625
         gamma, kinetic energy (MeV) =     0.993653, position (cm) = (-49.2561,-26.3513,200),	 weight = 0.000488281
       neutron, kinetic energy (MeV) =      2.45206, position (cm) = (-49.4158,-24.4797,200),	 weight = 0.000244141
       neutron, kinetic energy (MeV) =     0.736541, position (cm) = (-36.8774,-27.093,200),	 weight = 0.000244141
       neutron, kinetic energy (MeV) =     0.555898, position (cm) = (-25.3426,-41.7036,200),	 weight = 0.000244141
       neutron, kinetic energy (MeV) =     0.379365, position (cm) = (-2.55486,-3.96851,200),	 weight = 0.000976562
       neutron, kinetic energy (MeV) =      7.31585, position (cm) = (-5.01834,-27.8246,200),	 weight = 0.000976562
       neutron, kinetic energy (MeV) =       8.6771, position (cm) = (1.24791,-31.8676,200),	 weight = 0.000976562
       neutron, kinetic energy (MeV) =      1.71357, position (cm) = (10.426,-10.5806,200),	 weight = 0.00195312
       neutron, kinetic energy (MeV) =   0.00282633, position (cm) = (-19.0258,-19.8563,200),	 weight = 0.00390625
         gamma, kinetic energy (MeV) =     0.191669, position (cm) = (-16.425,-8.58424,200),	 weight = 0.00390625
       neutron, kinetic energy (MeV) =      99.2336, position (cm) = (7.06099,-24.3953,200),	 weight = 0.000488281
       neutron, kinetic energy (MeV) =      99.4686, position (cm) = (7.56982,-23.6319,200),	 weight = 0.000244141
       neutron, kinetic energy (MeV) =      99.4686, position (cm) = (7.56982,-23.6319,200),	 weight = 0.00012207
       neutron, kinetic energy (MeV) =      1.20662, position (cm) = (17.8838,-37.3315,200),	 weight = 0.00012207
       neutron, kinetic energy (MeV) =      69.2161, position (cm) = (5.21237,-27.8822,200),	 weight = 0.00012207
       neutron, kinetic energy (MeV) =      99.4373, position (cm) = (-0.377506,-20.9471,200),	 weight = 0.00195312
       neutron, kinetic energy (MeV) =       31.201, position (cm) = (12.5816,-29.8571,200),	 weight = 6.10352e-05
       neutron, kinetic energy (MeV) =      47.0789, position (cm) = (3.62993,-37.3261,200),	 weight = 6.10352e-05
       neutron, kinetic energy (MeV) =      99.0637, position (cm) = (11.2575,-29.3189,200),	 weight = 1.52588e-05
       neutron, kinetic energy (MeV) =      99.5048, position (cm) = (11.6628,-29.3896,200),	 weight = 1.52588e-05
         gamma, kinetic energy (MeV) =     0.127076, position (cm) = (21.192,-45.5988,200),	 weight = 1.52588e-05
       neutron, kinetic energy (MeV) =      1.51379, position (cm) = (16.5399,-40.1896,200),	 weight = 1.52588e-05
         gamma, kinetic energy (MeV) =      2.78344, position (cm) = (13.2354,18.1984,200),	 weight = 0.00012207
       neutron, kinetic energy (MeV) =      4.94025, position (cm) = (10.986,12.4643,200),	 weight = 0.00012207
         gamma, kinetic energy (MeV) =     0.190532, position (cm) = (3.77915,-34.7604,200),	 weight = 0.00012207
         gamma, kinetic energy (MeV) =      0.53101, position (cm) = (13.8518,-44.5732,200),	 weight = 0.00012207
       neutron, kinetic energy (MeV) =      44.3986, position (cm) = (-1.59111,-34.9319,200),	 weight = 0.00012207
       neutron, kinetic energy (MeV) =      28.4637, position (cm) = (20.6146,-3.73247,200),	 weight = 1.52588e-05
       neutron, kinetic energy (MeV) =      28.4637, position (cm) = (20.6146,-3.73247,200),	 weight = 1.52588e-05
       neutron, kinetic energy (MeV) =      24.7933, position (cm) = (24.2162,-5.92881,200),	 weight = 3.05176e-05
       neutron, kinetic energy (MeV) =      99.2096, position (cm) = (12.1689,-20.5418,200),	 weight = 7.62939e-06
       neutron, kinetic energy (MeV) =      64.2901, position (cm) = (11.8818,-20.0555,200),	 weight = 7.62939e-06
       neutron, kinetic energy (MeV) =      98.5801, position (cm) = (12.8307,-19.8679,200),	 weight = 1.52588e-05
         gamma, kinetic energy (MeV) =      5.82784, position (cm) = (23.5229,13.7116,200),	 weight = 3.05176e-05
         gamma, kinetic energy (MeV) =      6.29525, position (cm) = (185.246,81.1057,200),	 weight = 7.45058e-09
       neutron, kinetic energy (MeV) =      89.5798, position (cm) = (-3.88974,-6.43383,200),	 weight = 6.10352e-05
       neutron, kinetic energy (MeV) =      93.2767, position (cm) = (3.82167,8.64121,200),	 weight = 3.8147e-06
       neutron, kinetic energy (MeV) =      93.2767, position (cm) = (3.82167,8.64121,200),	 weight = 3.8147e-06
       neutron, kinetic energy (MeV) =      93.2767, position (cm) = (3.82167,8.64121,200),	 weight = 7.62939e-06
       neutron, kinetic energy (MeV) =      92.8266, position (cm) = (3.81238,8.66001,200),	 weight = 1.52588e-05
       neutron, kinetic energy (MeV) =      93.0586, position (cm) = (5.24632,5.95802,200),	 weight = 1.52588e-05
       neutron, kinetic energy (MeV) =      92.9094, position (cm) = (4.29807,8.84839,200),	 weight = 7.62939e-06
       neutron, kinetic energy (MeV) =      16.9356, position (cm) = (4.22069,9.05752,200),	 weight = 7.62939e-06
        proton, kinetic energy (MeV) =      71.5939, position (cm) = (3.74298,8.55911,200),	 weight = 7.62939e-06
         gamma, kinetic energy (MeV) =      3.36968, position (cm) = (4.05994,4.59573,200),	 weight = 7.62939e-06
       neutron, kinetic energy (MeV) =      76.2886, position (cm) = (4.12919,3.97843,200),	 weight = 7.62939e-06
         gamma, kinetic energy (MeV) =      6.44295, position (cm) = (2.5096,4.7974,200),	 weight = 7.62939e-06
         gamma, kinetic energy (MeV) =     0.427759, position (cm) = (4.57257,31.1275,200),	 weight = 3.8147e-06
       neutron, kinetic energy (MeV) =      2.35836, position (cm) = (4.32685,31.3136,200),	 weight = 3.8147e-06
         gamma, kinetic energy (MeV) =      5.25529, position (cm) = (4.80952,31.5058,200),	 weight = 3.8147e-06
         gamma, kinetic energy (MeV) =      0.32721, position (cm) = (4.33621,39.7188,200),	 weight = 7.62939e-06
       neutron, kinetic energy (MeV) =      3.33421, position (cm) = (8.75813,15.3941,200),	 weight = 7.62939e-06
       neutron, kinetic energy (MeV) =      99.9424, position (cm) = (3.08147,4.99274,200),	 weight = 1.52588e-05
         gamma, kinetic energy (MeV) =     0.164002, position (cm) = (2.33036,4.5413,200),	 weight = 3.05176e-05
       neutron, kinetic energy (MeV) =      72.1885, position (cm) = (1.08785,6.52622,200),	 weight = 3.05176e-05
       neutron, kinetic energy (MeV) =      60.5091, position (cm) = (-31.3391,9.9987,200),	 weight = 3.05176e-05
       neutron, kinetic energy (MeV) =      60.3853, position (cm) = (-30.0455,8.33425,200),	 weight = 1.52588e-05
       neutron, kinetic energy (MeV) =      60.3853, position (cm) = (-30.0455,8.33425,200),	 weight = 1.52588e-05
         gamma, kinetic energy (MeV) =      1.01047, position (cm) = (-12.8678,51.722,200),	 weight = 0.000244141
         gamma, kinetic energy (MeV) =     0.104944, position (cm) = (-6.37036,6.86003,200),	 weight = 0.000244141
         gamma, kinetic energy (MeV) =     0.795376, position (cm) = (-9.70448,29.0219,200),	 weight = 0.00012207
         gamma, kinetic energy (MeV) =     0.140143, position (cm) = (-17.779,31.3751,200),	 weight = 6.10352e-05
         gamma, kinetic energy (MeV) =     0.120382, position (cm) = (-9.19096,30.6099,200),	 weight = 6.10352e-05
       neutron, kinetic energy (MeV) =      4.90843, position (cm) = (-14.71,37.7218,200),	 weight = 6.10352e-05
         gamma, kinetic energy (MeV) =      8.74481, position (cm) = (-13.2967,26.0039,200),	 weight = 6.10352e-05
       neutron, kinetic energy (MeV) =      2.35338, position (cm) = (-11.4661,33.2909,200),	 weight = 6.10352e-05
       neutron, kinetic energy (MeV) =      37.2547, position (cm) = (-13.0804,37.5508,200),	 weight = 6.10352e-05
       neutron, kinetic energy (MeV) =      3.27738, position (cm) = (-3.76629,29.975,200),	 weight = 7.62939e-06
       neutron, kinetic energy (MeV) =     0.216485, position (cm) = (-5.60835,25.8397,200),	 weight = 7.62939e-06
       neutron, kinetic energy (MeV) =      35.9622, position (cm) = (-10.4302,43.0706,200),	 weight = 1.52588e-05
         gamma, kinetic energy (MeV) =      1.08218, position (cm) = (-46.4158,42.8965,200),	 weight = 3.05176e-05
       neutron, kinetic energy (MeV) =     0.635571, position (cm) = (-19.1358,62.5365,200),	 weight = 3.05176e-05
       neutron, kinetic energy (MeV) =      88.7349, position (cm) = (-2.18752,7.40653,200),	 weight = 0.000244141
         gamma, kinetic energy (MeV) =      3.01962, position (cm) = (-41.633,45.5028,200),	 weight = 0.0078125
       neutron, kinetic energy (MeV) =     0.987533, position (cm) = (49.7794,18.0911,200),	 weight = 0.000488281
         gamma, kinetic energy (MeV) =      2.98445, position (cm) = (49.5689,16.6422,200),	 weight = 0.000488281
         gamma, kinetic energy (MeV) =     0.453607, position (cm) = (51.8212,33.6812,200),	 weight = 0.000488281
       neutron, kinetic energy (MeV) =  4.67398e-07, position (cm) = (51.6442,34.4427,200),	 weight = 0.000244141
       neutron, kinetic energy (MeV) =      1.41964, position (cm) = (44.2954,28.6799,200),	 weight = 0.000244141
       neutron, kinetic energy (MeV) =      42.0028, position (cm) = (96.8132,39.426,200),	 weight = 0.000976562
         gamma, kinetic energy (MeV) =    0.0905542, position (cm) = (47.4243,67.9245,200),	 weight = 0.00195312
       neutron, kinetic energy (MeV) =    0.0640337, position (cm) = (50.0548,68.4922,200),	 weight = 0.00195312
         gamma, kinetic energy (MeV) =    0.0980222, position (cm) = (42.8959,73.9969,200),	 weight = 0.00195312
       neutron, kinetic energy (MeV) =      0.99831, position (cm) = (65.2031,48.212,200),	 weight = 0.00195312
       neutron, kinetic energy (MeV) =   0.00653487, position (cm) = (20.6032,28.3434,200),	 weight = 0.000244141
       neutron, kinetic energy (MeV) =       70.341, position (cm) = (38.8665,72.1629,200),	 weight = 0.000488281
       neutron, kinetic energy (MeV) =       70.341, position (cm) = (38.8665,72.1629,200),	 weight = 0.000488281
       neutron, kinetic energy (MeV) =      76.4265, position (cm) = (-21.5329,174.232,200),	 weight = 0.000488281
       neutron, kinetic energy (MeV) =      77.4087, position (cm) = (-23.7959,180.621,200),	 weight = 0.000244141
       neutron, kinetic energy (MeV) =      77.4087, position (cm) = (-23.7959,180.621,200),	 weight = 0.000244141
       neutron, kinetic energy (MeV) =  3.09129e-07, position (cm) = (-21.4271,185.962,200),	 weight = 0.000976562
         gamma, kinetic energy (MeV) =      1.16476, position (cm) = (-28.8668,199.719,200),	 weight = 0.000976562
         gamma, kinetic energy (MeV) =      3.79193, position (cm) = (-42.0515,198.615,200),	 weight = 0.000976562
       neutron, kinetic energy (MeV) =      36.9372, position (cm) = (18.6782,144.863,200),	 weight = 0.000488281
         gamma, kinetic energy (MeV) =     0.530681, position (cm) = (7.78131,151.984,200),	 weight = 0.000488281
         gamma, kinetic energy (MeV) =      0.31599, position (cm) = (8.52312,152.598,200),	 weight = 0.000488281
         gamma, kinetic energy (MeV) =     0.997122, position (cm) = (13.2119,130.804,200),	 weight = 0.00195312
       neutron, kinetic energy (MeV) =     0.526648, position (cm) = (-99.4697,30.8897,200),	 weight = 0.000488281
         gamma, kinetic energy (MeV) =       1.0564, position (cm) = (-75.5913,53.374,200),	 weight = 0.000488281
         gamma, kinetic energy (MeV) =     0.124755, position (cm) = (-96.5051,26.6265,200),	 weight = 0.000488281
       neutron, kinetic energy (MeV) =     0.364044, position (cm) = (-96.799,24.0678,200),	 weight = 0.000488281
       neutron, kinetic energy (MeV) =      35.5058, position (cm) = (-112.283,38.7822,200),	 weight = 0.000488281
       neutron, kinetic energy (MeV) =       77.485, position (cm) = (-77.636,46.5452,200),	 weight = 0.00390625
       neutron, kinetic energy (MeV) =      13.7389, position (cm) = (3.53572,89.7252,200),	 weight = 0.000244141
         gamma, kinetic energy (MeV) =      1.73768, position (cm) = (47.4426,68.4358,200),	 weight = 3.05176e-05
       neutron, kinetic energy (MeV) =      35.8388, position (cm) = (40.3646,73.625,200),	 weight = 3.8147e-06
       neutron, kinetic energy (MeV) =      35.8388, position (cm) = (40.3646,73.625,200),	 weight = 3.8147e-06
       neutron, kinetic energy (MeV) =      35.8388, position (cm) = (40.3646,73.625,200),	 weight = 7.62939e-06
       neutron, kinetic energy (MeV) =      35.8388, position (cm) = (40.3646,73.625,200),	 weight = 1.52588e-05
       neutron, kinetic energy (MeV) =      1.18489, position (cm) = (49.3922,81.3278,200),	 weight = 6.10352e-05
         gamma, kinetic energy (MeV) =      2.92611, position (cm) = (11.7519,68.8101,200),	 weight = 6.10352e-05
         gamma, kinetic energy (MeV) =      0.20416, position (cm) = (-73.269,-88.9505,200),	 weight = 0.00195312
       neutron, kinetic energy (MeV) =      51.5056, position (cm) = (-22.6983,-82.0936,200),	 weight = 0.000488281
       neutron, kinetic energy (MeV) =      8.62714, position (cm) = (-23.0442,-86.0059,200),	 weight = 0.000488281
       neutron, kinetic energy (MeV) =      29.5791, position (cm) = (18.1475,-27.3946,200),	 weight = 0.000976562
       neutron, kinetic energy (MeV) =      29.3744, position (cm) = (20.0028,-24.8923,200),	 weight = 0.000976562
       neutron, kinetic energy (MeV) =      99.7943, position (cm) = (-11.6392,-11.7655,200),	 weight = 0.00390625
         gamma, kinetic energy (MeV) =     0.914227, position (cm) = (26.5697,31.9194,200),	 weight = 0.000244141
       neutron, kinetic energy (MeV) =      2.48969, position (cm) = (-55.0272,-60.3439,200),	 weight = 0.00012207
         gamma, kinetic energy (MeV) =      3.94212, position (cm) = (-19.7354,-41.8363,200),	 weight = 3.05176e-05
         gamma, kinetic energy (MeV) =      1.05842, position (cm) = (-32.6302,-73.3559,200),	 weight = 3.05176e-05
         gamma, kinetic energy (MeV) =      5.56504, position (cm) = (2.20699,-59.2555,200),	 weight = 6.10352e-05
         gamma, kinetic energy (MeV) =     0.133417, position (cm) = (29.6886,18.0994,200),	 weight = 0.00390625
       neutron, kinetic energy (MeV) =       28.405, position (cm) = (-33.3274,-10.3229,200),	 weight = 0.0078125
       neutron, kinetic energy (MeV) =      27.5311, position (cm) = (-42.7901,-11.714,200),	 weight = 0.0078125
         gamma, kinetic energy (MeV) =      3.32277, position (cm) = (-29.7284,-37.3998,200),	 weight = 0.0078125
       neutron, kinetic energy (MeV) =      1.08489, position (cm) = (-25.4656,-56.9152,200),	 weight = 0.00195312
         gamma, kinetic energy (MeV) =      6.05957, position (cm) = (65.9217,-121.804,200),	 weight = 0.00390625
       neutron, kinetic energy (MeV) =      98.6843, position (cm) = (-52.5373,-27.6659,200),	 weight = 0.00195312
       neutron, kinetic energy (MeV) =      2.98253, position (cm) = (-74.8062,-51.7668,200),	 weight = 0.00195312
       neutron, kinetic energy (MeV) =      52.5615, position (cm) = (-48.1115,-29.6189,200),	 weight = 0.00195312
         gamma, kinetic energy (MeV) =     0.141148, position (cm) = (-51.2698,-16.6387,200),	 weight = 0.00195312
         gamma, kinetic energy (MeV) =      3.55398, position (cm) = (-49.3953,-20.524,200),	 weight = 0.00195312
       neutron, kinetic energy (MeV) =      67.8888, position (cm) = (-49.3623,-19.5978,200),	 weight = 0.00195312
       neutron, kinetic energy (MeV) =       98.633, position (cm) = (-49.1953,-20.7678,200),	 weight = 0.00195312
       neutron, kinetic energy (MeV) =      77.9279, position (cm) = (-27.7747,-5.19355,200),	 weight = 0.000976562
       neutron, kinetic energy (MeV) =      77.9257, position (cm) = (-27.672,-5.5241,200),	 weight = 0.000488281
       neutron, kinetic energy (MeV) =      77.9257, position (cm) = (-27.672,-5.5241,200),	 weight = 0.000488281
       neutron, kinetic energy (MeV) =      89.4577, position (cm) = (-41.1698,-10.8232,200),	 weight = 0.000244141
       neutron, kinetic energy (MeV) =      97.0472, position (cm) = (-35.6396,-3.79558,200),	 weight = 0.00012207
         gamma, kinetic energy (MeV) =      1.05238, position (cm) = (-18.0589,1.85354,200),	 weight = 0.00012207
         gamma, kinetic energy (MeV) =     0.643187, position (cm) = (-41.2172,7.16072,200),	 weight = 0.00012207
       neutron, kinetic energy (MeV) =      14.4237, position (cm) = (-31.6138,-7.26035,200),	 weight = 0.00012207
       neutron, kinetic energy (MeV) =      46.5419, position (cm) = (-35.1845,-0.897542,200),	 weight = 0.00012207
       neutron, kinetic energy (MeV) =      3.15592, position (cm) = (-40.2108,-13.2707,200),	 weight = 0.000976562
       neutron, kinetic energy (MeV) =      12.1498, position (cm) = (-37.7231,-12.7298,200),	 weight = 0.000976562
       neutron, kinetic energy (MeV) =      34.5975, position (cm) = (-37.7111,-11.4305,200),	 weight = 0.000976562
       neutron, kinetic energy (MeV) =      0.24129, position (cm) = (-65.288,-46.7396,200),	 weight = 0.00195312
         gamma, kinetic energy (MeV) =     0.215795, position (cm) = (-62.047,47.5304,200),	 weight = 0.015625
       neutron, kinetic energy (MeV) =      83.9899, position (cm) = (-66.7899,50.3267,200),	 weight = 0.0078125
       neutron, kinetic energy (MeV) =       84.024, position (cm) = (-66.8613,50.3044,200),	 weight = 0.0078125
         gamma, kinetic energy (MeV) =     0.880459, position (cm) = (-22.5092,68.2998,200),	 weight = 0.03125
       neutron, kinetic energy (MeV) =       25.317, position (cm) = (18.8882,67.8373,200),	 weight = 0.00195312
       neutron, kinetic energy (MeV) =      2.17632, position (cm) = (17.3528,68.8654,200),	 weight = 0.00195312
         gamma, kinetic energy (MeV) =     0.085388, position (cm) = (19.8003,62.9861,200),	 weight = 0.00195312
         gamma, kinetic energy (MeV) =    0.0862042, position (cm) = (16.5467,67.373,200),	 weight = 0.00195312
       neutron, kinetic energy (MeV) =       8.2979, position (cm) = (24.8438,61.569,200),	 weight = 0.00390625
       neutron, kinetic energy (MeV) =     0.379465, position (cm) = (3.17111,64.8263,200),	 weight = 0.00390625
       neutron, kinetic energy (MeV) =      25.7341, position (cm) = (13.9475,68.6014,200),	 weight = 0.000976562
       neutron, kinetic energy (MeV) =      21.2098, position (cm) = (15.7126,67.6659,200),	 weight = 0.000976562
       neutron, kinetic energy (MeV) =      26.0604, position (cm) = (20.3635,70.921,200),	 weight = 0.000976562
       neutron, kinetic energy (MeV) =      26.0604, position (cm) = (20.3635,70.921,200),	 weight = 0.000976562
       neutron, kinetic energy (MeV) =       0.4796, position (cm) = (-4.34047,40.603,200),	 weight = 0.0078125
       neutron, kinetic energy (MeV) =     0.939251, position (cm) = (42.7333,21.8947,200),	 weight = 0.015625
       neutron, kinetic energy (MeV) =  0.000253927, position (cm) = (-24.5798,58.4891,200),	 weight = 0.00195312
       neutron, kinetic energy (MeV) =  0.000158886, position (cm) = (-23.9502,57.3016,200),	 weight = 0.00195312
         gamma, kinetic energy (MeV) =      0.41026, position (cm) = (12.3879,35.265,200),	 weight = 0.00390625
         gamma, kinetic energy (MeV) =     0.187063, position (cm) = (25.5483,80.1915,200),	 weight = 0.0078125
       neutron, kinetic energy (MeV) =      5.36741, position (cm) = (9.49109,45.1088,200),	 weight = 0.00390625
         gamma, kinetic energy (MeV) =     0.282454, position (cm) = (38.0824,71.0429,200),	 weight = 0.0078125
       neutron, kinetic energy (MeV) =     0.809283, position (cm) = (93.1539,119.678,200),	 weight = 3.8147e-06
       neutron, kinetic energy (MeV) =  0.000499203, position (cm) = (78.7666,123.979,200),	 weight = 1.90735e-06
         gamma, kinetic energy (MeV) =     0.488227, position (cm) = (69.5101,133.258,200),	 weight = 7.62939e-06
       neutron, kinetic energy (MeV) =     0.191204, position (cm) = (70.7088,137.943,200),	 weight = 2.38419e-07
       neutron, kinetic energy (MeV) =      16.3606, position (cm) = (91.0192,134.884,200),	 weight = 2.38419e-07
         gamma, kinetic energy (MeV) =       0.3106, position (cm) = (113.54,123.774,200),	 weight = 2.38419e-07
       neutron, kinetic energy (MeV) =     0.623402, position (cm) = (86.5849,128.128,200),	 weight = 2.38419e-07
         gamma, kinetic energy (MeV) =      3.58444, position (cm) = (78.428,127.663,200),	 weight = 4.76837e-07
         gamma, kinetic energy (MeV) =      1.06241, position (cm) = (94.349,132.439,200),	 weight = 4.76837e-07
         gamma, kinetic energy (MeV) =     0.162271, position (cm) = (36.7453,38.8417,200),	 weight = 1.90735e-06
       neutron, kinetic energy (MeV) =      1.72878, position (cm) = (109.349,104.071,200),	 weight = 3.05176e-05
       neutron, kinetic energy (MeV) =       1.0851, position (cm) = (107.287,112.558,200),	 weight = 1.52588e-05
       neutron, kinetic energy (MeV) =      11.3827, position (cm) = (108.981,108.746,200),	 weight = 1.52588e-05
       neutron, kinetic energy (MeV) =      57.0742, position (cm) = (104.325,107.186,200),	 weight = 1.52588e-05
         gamma, kinetic energy (MeV) =      2.93994, position (cm) = (97.1518,202.523,200),	 weight = 4.76837e-07
       neutron, kinetic energy (MeV) =      17.5322, position (cm) = (104.299,189.902,200),	 weight = 4.76837e-07
         gamma, kinetic energy (MeV) =      5.30555, position (cm) = (92.614,179.275,200),	 weight = 2.38419e-07
       neutron, kinetic energy (MeV) =  5.33693e-06, position (cm) = (126.606,185.917,200),	 weight = 9.53674e-07
       neutron, kinetic energy (MeV) =      29.9572, position (cm) = (135.976,203.292,200),	 weight = 4.76837e-07
       neutron, kinetic energy (MeV) =      29.6517, position (cm) = (135.136,203.083,200),	 weight = 4.76837e-07
       neutron, kinetic energy (MeV) =      4.78061, position (cm) = (84.6561,111.125,200),	 weight = 9.53674e-07
       neutron, kinetic energy (MeV) =  1.15239e-08, position (cm) = (97.1926,97.0167,200),	 weight = 9.53674e-07
         gamma, kinetic energy (MeV) =     0.897615, position (cm) = (93.6927,93.7646,200),	 weight = 9.53674e-07
       neutron, kinetic energy (MeV) =     0.237087, position (cm) = (58.653,196.965,200),	 weight = 9.53674e-07
       neutron, kinetic energy (MeV) =      1.49564, position (cm) = (94.0793,179.996,200),	 weight = 2.38419e-07
         gamma, kinetic energy (MeV) =     0.214066, position (cm) = (100.783,186.218,200),	 weight = 2.38419e-07
       neutron, kinetic energy (MeV) =      5.09042, position (cm) = (118.75,189.643,200),	 weight = 5.96046e-08
       neutron, kinetic energy (MeV) =      5.09042, position (cm) = (118.75,189.643,200),	 weight = 5.96046e-08
         gamma, kinetic energy (MeV) =      3.05725, position (cm) = (86.9512,158.646,200),	 weight = 4.76837e-07
         gamma, kinetic energy (MeV) =     0.371569, position (cm) = (108.102,154.535,200),	 weight = 4.76837e-07
       neutron, kinetic energy (MeV) =      56.9301, position (cm) = (84.5356,123.522,200),	 weight = 1.90735e-06
       neutron, kinetic energy (MeV) =      56.9287, position (cm) = (87.6759,125.455,200),	 weight = 9.53674e-07
       neutron, kinetic energy (MeV) =      56.9287, position (cm) = (87.6759,125.455,200),	 weight = 9.53674e-07
         gamma, kinetic energy (MeV) =     0.386328, position (cm) = (72.8598,135.533,200),	 weight = 1.19209e-07
       neutron, kinetic energy (MeV) =      8.11678, position (cm) = (62.0017,139.885,200),	 weight = 1.19209e-07
         gamma, kinetic energy (MeV) =    0.0892258, position (cm) = (73.2801,178.228,200),	 weight = 1.19209e-07
         gamma, kinetic energy (MeV) =     0.367918, position (cm) = (70.0578,174.6,200),	 weight = 5.96046e-08
         gamma, kinetic energy (MeV) =       2.9201, position (cm) = (69.5326,174.998,200),	 weight = 5.96046e-08
       neutron, kinetic energy (MeV) =      29.6888, position (cm) = (69.7998,175.563,200),	 weight = 5.96046e-08
         gamma, kinetic energy (MeV) =    0.0706569, position (cm) = (84.2473,161.951,200),	 weight = 5.96046e-08
       neutron, kinetic energy (MeV) =    0.0834226, position (cm) = (58.6089,159.534,200),	 weight = 5.96046e-08
       neutron, kinetic energy (MeV) =   6.2948e-06, position (cm) = (87.7857,155.232,200),	 weight = 4.76837e-07
         gamma, kinetic energy (MeV) =       7.1263, position (cm) = (58.7378,139.233,200),	 weight = 1.19209e-07
         gamma, kinetic energy (MeV) =       1.8452, position (cm) = (43.8709,121.935,200),	 weight = 2.38419e-07
       neutron, kinetic energy (MeV) =      35.8893, position (cm) = (51.6094,134.719,200),	 weight = 1.19209e-07
         gamma, kinetic energy (MeV) =      1.24036, position (cm) = (54.711,136.56,200),	 weight = 2.38419e-07
       neutron, kinetic energy (MeV) =   0.00196159, position (cm) = (73.9053,143.685,200),	 weight = 9.53674e-07
       neutron, kinetic energy (MeV) =      36.4234, position (cm) = (64.395,141.468,200),	 weight = 9.53674e-07
       neutron, kinetic energy (MeV) =      34.7259, position (cm) = (62.2812,100.366,200),	 weight = 1.52588e-05
       neutron, kinetic energy (MeV) =      22.4876, position (cm) = (85.4026,64.3207,200),	 weight = 1.19209e-07
         gamma, kinetic energy (MeV) =      2.64699, position (cm) = (90.7656,74.1184,200),	 weight = 5.96046e-08
         gamma, kinetic energy (MeV) =     0.496982, position (cm) = (87.8962,65.3158,200),	 weight = 5.96046e-08
         gamma, kinetic energy (MeV) =     0.256132, position (cm) = (94.655,70.3848,200),	 weight = 2.98023e-08
         gamma, kinetic energy (MeV) =     0.177621, position (cm) = (90.4123,72.0895,200),	 weight = 2.98023e-08
         gamma, kinetic energy (MeV) =     0.461049, position (cm) = (87.0369,64.7262,200),	 weight = 2.98023e-08
       neutron, kinetic energy (MeV) =      1.19295, position (cm) = (82.5994,40.6595,200),	 weight = 1.19209e-07
       neutron, kinetic energy (MeV) =      23.0813, position (cm) = (86.6316,72.4501,200),	 weight = 5.96046e-08
         gamma, kinetic energy (MeV) =     0.157539, position (cm) = (88.5176,72.5779,200),	 weight = 1.19209e-07
         gamma, kinetic energy (MeV) =      3.74991, position (cm) = (93.2494,81.4925,200),	 weight = 2.38419e-07
       neutron, kinetic energy (MeV) =      23.7356, position (cm) = (88.5307,80.6593,200),	 weight = 5.96046e-08
       neutron, kinetic energy (MeV) =       23.781, position (cm) = (87.8862,79.2465,200),	 weight = 5.96046e-08
         gamma, kinetic energy (MeV) =     0.275184, position (cm) = (75.0929,73.1993,200),	 weight = 1.19209e-07
         gamma, kinetic energy (MeV) =      0.48221, position (cm) = (86.4427,78.7204,200),	 weight = 1.19209e-07
       neutron, kinetic energy (MeV) =      4.08001, position (cm) = (92.901,74.7567,200),	 weight = 1.19209e-07
       neutron, kinetic energy (MeV) =  2.76459e-08, position (cm) = (77.1403,106.224,200),	 weight = 5.96046e-08
       neutron, kinetic energy (MeV) =      1.65321, position (cm) = (76.6178,116.588,200),	 weight = 2.98023e-08
         gamma, kinetic energy (MeV) =      6.29001, position (cm) = (60.3507,94.931,200),	 weight = 7.62939e-06
         gamma, kinetic energy (MeV) =      2.23799, position (cm) = (97.4938,100.156,200),	 weight = 2.38419e-07
         gamma, kinetic energy (MeV) =    0.0676335, position (cm) = (81.8257,51.1903,200),	 weight = 7.45058e-09
       neutron, kinetic energy (MeV) =      5.48742, position (cm) = (49.2173,52.2521,200),	 weight = 4.65661e-10
       neutron, kinetic energy (MeV) =      2.29491, position (cm) = (47.7521,57.1302,200),	 weight = 4.65661e-10
         gamma, kinetic energy (MeV) =      2.88828, position (cm) = (52.0204,51.1176,200),	 weight = 4.65661e-10
       neutron, kinetic energy (MeV) =      37.6614, position (cm) = (68.3431,105.055,200),	 weight = 1.19209e-07
         gamma, kinetic energy (MeV) =     0.340792, position (cm) = (69.1095,104.374,200),	 weight = 1.19209e-07
         gamma, kinetic energy (MeV) =     0.544596, position (cm) = (69.1401,105.392,200),	 weight = 1.19209e-07
       neutron, kinetic energy (MeV) =      20.0074, position (cm) = (68.545,103.967,200),	 weight = 1.19209e-07
       neutron, kinetic energy (MeV) =      37.8629, position (cm) = (73.9678,104.092,200),	 weight = 2.38419e-07
       neutron, kinetic energy (MeV) =      37.6779, position (cm) = (73.4098,98.1796,200),	 weight = 2.38419e-07
         gamma, kinetic energy (MeV) =     0.109017, position (cm) = (104.21,125.581,200),	 weight = 4.76837e-07
       neutron, kinetic energy (MeV) =     0.676476, position (cm) = (118.328,127.625,200),	 weight = 4.76837e-07
         gamma, kinetic energy (MeV) =      4.39401, position (cm) = (120.516,129.569,200),	 weight = 4.76837e-07
         gamma, kinetic energy (MeV) =     0.156582, position (cm) = (109.429,126.136,200),	 weight = 4.76837e-07
         gamma, kinetic energy (MeV) =      0.21127, position (cm) = (122.168,129.886,200),	 weight = 4.76837e-07
         gamma, kinetic energy (MeV) =     0.316634, position (cm) = (111.546,96.3077,200),	 weight = 4.76837e-07
       neutron, kinetic energy (MeV) =      11.4537, position (cm) = (119.482,129.109,200),	 weight = 4.76837e-07
       neutron, kinetic energy (MeV) =      11.4537, position (cm) = (119.482,129.109,200),	 weight = 4.76837e-07
         gamma, kinetic energy (MeV) =    0.0782191, position (cm) = (121.276,92.067,200),	 weight = 3.8147e-06
         gamma, kinetic energy (MeV) =     0.446331, position (cm) = (135.708,179.04,200),	 weight = 6.10352e-05
         gamma, kinetic energy (MeV) =     0.104196, position (cm) = (155.809,156.981,200),	 weight = 3.05176e-05
         gamma, kinetic energy (MeV) =      4.89158, position (cm) = (162.929,154.549,200),	 weight = 3.05176e-05
       neutron, kinetic energy (MeV) =      8.73592, position (cm) = (148.609,144.486,200),	 weight = 7.62939e-06
       neutron, kinetic energy (MeV) =      8.73592, position (cm) = (148.609,144.486,200),	 weight = 7.62939e-06
       neutron, kinetic energy (MeV) =  1.21939e-05, position (cm) = (154.073,151.629,200),	 weight = 1.52588e-05
         gamma, kinetic energy (MeV) =      5.39683, position (cm) = (-63.4895,127.995,200),	 weight = 0.0078125
       neutron, kinetic energy (MeV) =   0.00944821, position (cm) = (-79.6321,103.561,200),	 weight = 0.00390625
       neutron, kinetic energy (MeV) =  8.67786e-07, position (cm) = (-105.549,44.943,200),	 weight = 6.10352e-05
         gamma, kinetic energy (MeV) =     0.755794, position (cm) = (-99.7684,91.0634,200),	 weight = 0.00012207
       neutron, kinetic energy (MeV) =      9.05113, position (cm) = (32.3741,44.5514,200),	 weight = 1.49012e-08
       neutron, kinetic energy (MeV) =      9.05113, position (cm) = (32.3741,44.5514,200),	 weight = 1.49012e-08
       neutron, kinetic energy (MeV) =      2.15598, position (cm) = (27.1637,26.6903,200),	 weight = 1.49012e-08
       neutron, kinetic energy (MeV) =      2.93168, position (cm) = (36.509,28.9611,200),	 weight = 1.49012e-08
         gamma, kinetic energy (MeV) =    0.0732849, position (cm) = (27.2974,18.2187,200),	 weight = 1.49012e-08
       neutron, kinetic energy (MeV) =     0.807193, position (cm) = (3.85209,37.5707,200),	 weight = 2.38419e-07
       neutron, kinetic energy (MeV) =  1.59972e-08, position (cm) = (-65.5182,23.1914,200),	 weight = 9.53674e-07
         gamma, kinetic energy (MeV) =      1.57976, position (cm) = (-89.9685,47.7274,200),	 weight = 4.76837e-07
         gamma, kinetic energy (MeV) =      5.86453, position (cm) = (-22.2225,49.8194,200),	 weight = 1.52588e-05
         gamma, kinetic energy (MeV) =      6.16099, position (cm) = (-37.8836,2.27342,200),	 weight = 7.62939e-06
         gamma, kinetic energy (MeV) =     0.332023, position (cm) = (65.0785,39.084,200),	 weight = 0.00390625
       neutron, kinetic energy (MeV) =      60.8634, position (cm) = (60.9618,17.0439,200),	 weight = 0.00195312
         gamma, kinetic energy (MeV) =     0.225684, position (cm) = (59.0837,17.2356,200),	 weight = 0.00195312
         gamma, kinetic energy (MeV) =     0.310803, position (cm) = (29.839,24.2291,200),	 weight = 0.00195312
       neutron, kinetic energy (MeV) =      2.25437, position (cm) = (59.3563,17.5086,200),	 weight = 0.00195312
       neutron, kinetic energy (MeV) =      4.71597, position (cm) = (62.1804,15.7898,200),	 weight = 0.00195312
       neutron, kinetic energy (MeV) =      17.2302, position (cm) = (60.8516,16.5933,200),	 weight = 0.00195312
       neutron, kinetic energy (MeV) =     0.299208, position (cm) = (-9.8391,55.5963,200),	 weight = 0.000244141
       neutron, kinetic energy (MeV) =     0.921057, position (cm) = (36.3211,49.4198,200),	 weight = 6.10352e-05
       neutron, kinetic energy (MeV) =      12.7507, position (cm) = (43.9841,46.6217,200),	 weight = 1.52588e-05
       neutron, kinetic energy (MeV) =       3.5314, position (cm) = (43.5514,50.209,200),	 weight = 1.52588e-05
       neutron, kinetic energy (MeV) =      12.4727, position (cm) = (42.9506,46.8667,200),	 weight = 1.52588e-05
         gamma, kinetic energy (MeV) =     0.147248, position (cm) = (49.3912,42.2639,200),	 weight = 1.52588e-05
       neutron, kinetic energy (MeV) =      4.81446, position (cm) = (45.9893,46.7382,200),	 weight = 1.52588e-05
         gamma, kinetic energy (MeV) =     0.491824, position (cm) = (44.2139,34.4847,200),	 weight = 1.52588e-05
       neutron, kinetic energy (MeV) =      11.8977, position (cm) = (36.14,56.7807,200),	 weight = 0.00012207
       neutron, kinetic energy (MeV) =      32.3038, position (cm) = (-14.8331,83.9055,200),	 weight = 0.00012207
         gamma, kinetic energy (MeV) =    0.0956993, position (cm) = (-11.7827,82.9936,200),	 weight = 6.10352e-05
       neutron, kinetic energy (MeV) =      1.90047, position (cm) = (70.8796,20.2739,200),	 weight = 0.00012207
         gamma, kinetic energy (MeV) =      4.31057, position (cm) = (68.0991,17.7912,200),	 weight = 0.00012207
       neutron, kinetic energy (MeV) =      30.2799, position (cm) = (71.3762,19.0016,200),	 weight = 0.00012207
       neutron, kinetic energy (MeV) =      29.9432, position (cm) = (78.3263,21.2853,200),	 weight = 0.00012207
       neutron, kinetic energy (MeV) =      29.9432, position (cm) = (78.3263,21.2853,200),	 weight = 0.00012207
         gamma, kinetic energy (MeV) =      0.14353, position (cm) = (74.8053,11.6805,200),	 weight = 0.00012207
         gamma, kinetic energy (MeV) =    0.0797722, position (cm) = (18.1562,-19.5423,200),	 weight = 0.00012207
       neutron, kinetic energy (MeV) =      16.8913, position (cm) = (65.1548,14.1695,200),	 weight = 0.00012207
       neutron, kinetic energy (MeV) =      29.3328, position (cm) = (65.7506,8.60367,200),	 weight = 0.000244141
         gamma, kinetic energy (MeV) =      1.66665, position (cm) = (63.9622,26.492,200),	 weight = 0.000244141
       neutron, kinetic energy (MeV) =      28.6601, position (cm) = (65.8334,26.1438,200),	 weight = 0.00012207
       neutron, kinetic energy (MeV) =      28.1728, position (cm) = (65.9528,29.4475,200),	 weight = 0.00012207
       neutron, kinetic energy (MeV) =      2.72719, position (cm) = (87.6702,1.00815,200),	 weight = 0.000244141
       neutron, kinetic energy (MeV) =      35.6334, position (cm) = (160.556,38.4187,200),	 weight = 6.10352e-05
         gamma, kinetic energy (MeV) =    0.0711995, position (cm) = (125.223,25.7536,200),	 weight = 3.05176e-05
       neutron, kinetic energy (MeV) =     0.183179, position (cm) = (127.45,24.819,200),	 weight = 3.05176e-05
       neutron, kinetic energy (MeV) =      62.2008, position (cm) = (123.752,18.2264,200),	 weight = 3.05176e-05
       neutron, kinetic energy (MeV) =      62.2008, position (cm) = (123.752,18.2264,200),	 weight = 3.05176e-05
         gamma, kinetic energy (MeV) =      1.08859, position (cm) = (102.313,23.0997,200),	 weight = 0.00012207
         gamma, kinetic energy (MeV) =     0.189434, position (cm) = (134.549,27.0737,200),	 weight = 0.00012207
         gamma, kinetic energy (MeV) =      4.74415, position (cm) = (122.369,31.2929,200),	 weight = 0.00012207
       neutron, kinetic energy (MeV) =     0.936523, position (cm) = (114.693,14.365,200),	 weight = 0.000244141
         gamma, kinetic energy (MeV) =      4.88079, position (cm) = (117.176,-3.83508,200),	 weight = 0.000244141
       neutron, kinetic energy (MeV) =      90.2302, position (cm) = (-117.324,-56.2776,200),	 weight = 0.000488281
       neutron, kinetic energy (MeV) =      90.4416, position (cm) = (-119.525,-56.4794,200),	 weight = 0.000244141
       neutron, kinetic energy (MeV) =      89.7954, position (cm) = (-120.039,-58.1303,200),	 weight = 0.000244141
         gamma, kinetic energy (MeV) =     0.985194, position (cm) = (-141.895,-94.9773,200),	 weight = 0.000976562
         gamma, kinetic energy (MeV) =      2.55099, position (cm) = (-142.191,-79.0759,200),	 weight = 0.000976562
         gamma, kinetic energy (MeV) =     0.317841, position (cm) = (-122.665,-93.0368,200),	 weight = 6.10352e-05
         gamma, kinetic energy (MeV) =      3.51685, position (cm) = (-127.571,-91.4859,200),	 weight = 6.10352e-05
       neutron, kinetic energy (MeV) =      69.2576, position (cm) = (-124.676,-92.7543,200),	 weight = 3.05176e-05
       neutron, kinetic energy (MeV) =      69.2576, position (cm) = (-124.676,-92.7543,200),	 weight = 3.05176e-05
       neutron, kinetic energy (MeV) =      89.7525, position (cm) = (-124.609,-91.8512,200),	 weight = 0.00012207
         gamma, kinetic energy (MeV) =      1.37883, position (cm) = (-128.698,-73.3146,200),	 weight = 0.000244141
       neutron, kinetic energy (MeV) =      2.64628, position (cm) = (-113.966,-84.101,200),	 weight = 0.00012207
       neutron, kinetic energy (MeV) =      61.7261, position (cm) = (-123.433,-87.1843,200),	 weight = 0.000244141
       neutron, kinetic energy (MeV) =      70.1766, position (cm) = (-112.816,-116.526,200),	 weight = 0.00012207
       neutron, kinetic energy (MeV) =  0.000166219, position (cm) = (-100.135,-105.313,200),	 weight = 0.00012207
       neutron, kinetic energy (MeV) =   0.00596919, position (cm) = (-103.464,-95.6911,200),	 weight = 0.00012207
       neutron, kinetic energy (MeV) =      6.51901, position (cm) = (-108.093,-103.35,200),	 weight = 0.00012207
       neutron, kinetic energy (MeV) =      6.41643, position (cm) = (-108.377,-103.524,200),	 weight = 0.00012207
         gamma, kinetic energy (MeV) =     0.135434, position (cm) = (-119.49,-90.6966,200),	 weight = 0.00012207
       neutron, kinetic energy (MeV) =      69.8328, position (cm) = (-133.722,-52.7703,200),	 weight = 0.00012207
       neutron, kinetic energy (MeV) =      0.07293, position (cm) = (-111.944,-45.6596,200),	 weight = 6.10352e-05
         gamma, kinetic energy (MeV) =    0.0564811, position (cm) = (-111.504,-34.1714,200),	 weight = 3.05176e-05
         gamma, kinetic energy (MeV) =    0.0744952, position (cm) = (-129.398,-60.1759,200),	 weight = 3.05176e-05
       neutron, kinetic energy (MeV) =  0.000312392, position (cm) = (-135.635,-38.723,200),	 weight = 0.000244141
         gamma, kinetic energy (MeV) =      1.60085, position (cm) = (-201.624,24.8241,200),	 weight = 7.62939e-06
         gamma, kinetic energy (MeV) =     0.150134, position (cm) = (-221.842,-1.16589,200),	 weight = 1.90735e-06
       neutron, kinetic energy (MeV) =      25.6115, position (cm) = (-174.274,49.6035,200),	 weight = 2.98023e-08
         gamma, kinetic energy (MeV) =     0.377439, position (cm) = (-177.873,56.025,200),	 weight = 2.98023e-08
       neutron, kinetic energy (MeV) =  1.43216e-05, position (cm) = (-166.13,64.1486,200),	 weight = 2.98023e-08
         gamma, kinetic energy (MeV) =     0.452975, position (cm) = (-176.125,55.6037,200),	 weight = 2.98023e-08
         gamma, kinetic energy (MeV) =     0.687566, position (cm) = (-172.315,55.613,200),	 weight = 2.98023e-08
         gamma, kinetic energy (MeV) =      4.18076, position (cm) = (-183.162,48.2632,200),	 weight = 1.49012e-08
       neutron, kinetic energy (MeV) =      20.7388, position (cm) = (-184.739,43.2798,200),	 weight = 1.49012e-08
       neutron, kinetic energy (MeV) =      1.71071, position (cm) = (-180.618,39.465,200),	 weight = 1.49012e-08
         gamma, kinetic energy (MeV) =      3.00781, position (cm) = (-182.398,41.551,200),	 weight = 1.49012e-08
       neutron, kinetic energy (MeV) =      1.65195, position (cm) = (-191.645,18.5289,200),	 weight = 5.96046e-08
         gamma, kinetic energy (MeV) =     0.843697, position (cm) = (-192.632,17.0044,200),	 weight = 5.96046e-08
         gamma, kinetic energy (MeV) =       7.6812, position (cm) = (-231.824,37.6564,200),	 weight = 9.53674e-07
       neutron, kinetic energy (MeV) =      1.56039, position (cm) = (-198.586,23.5239,200),	 weight = 9.53674e-07
       neutron, kinetic energy (MeV) =      27.0566, position (cm) = (-234.067,35.9549,200),	 weight = 4.76837e-07
         gamma, kinetic energy (MeV) =     0.537643, position (cm) = (-225.293,45.6338,200),	 weight = 5.96046e-08
       neutron, kinetic energy (MeV) =      1.37057, position (cm) = (-223.409,39.1822,200),	 weight = 5.96046e-08
       neutron, kinetic energy (MeV) =      26.8523, position (cm) = (-231.212,29.7557,200),	 weight = 1.19209e-07
         gamma, kinetic energy (MeV) =      5.85902, position (cm) = (-211.187,32.0852,200),	 weight = 9.53674e-07
         gamma, kinetic energy (MeV) =      1.60381, position (cm) = (-42.7931,-91.8653,200),	 weight = 7.62939e-06
         gamma, kinetic energy (MeV) =      5.51498, position (cm) = (-155.471,-105.917,200),	 weight = 1.49012e-08
       neutron, kinetic energy (MeV) =      6.91975, position (cm) = (-137.473,-96.9887,200),	 weight = 3.72529e-09
       neutron, kinetic energy (MeV) =      6.83594, position (cm) = (-136.942,-97.601,200),	 weight = 3.72529e-09
       neutron, kinetic energy (MeV) =      6.89922, position (cm) = (-138.668,-97.8751,200),	 weight = 7.45058e-09
       neutron, kinetic energy (MeV) =    0.0957488, position (cm) = (-124.012,-76.3361,200),	 weight = 2.98023e-08
       neutron, kinetic energy (MeV) =      2.70698, position (cm) = (-123.489,-95.7283,200),	 weight = 2.98023e-08
       neutron, kinetic energy (MeV) =      25.6507, position (cm) = (-139.319,-108.325,200),	 weight = 9.31323e-10
       neutron, kinetic energy (MeV) =      25.7257, position (cm) = (-136.167,-109.416,200),	 weight = 9.31323e-10
         gamma, kinetic energy (MeV) =     0.553116, position (cm) = (-124.178,-119.625,200),	 weight = 1.86265e-09
         gamma, kinetic energy (MeV) =     0.156129, position (cm) = (-128.754,-109.327,200),	 weight = 9.31323e-10
       neutron, kinetic energy (MeV) =     0.516022, position (cm) = (-126.088,-110.158,200),	 weight = 9.31323e-10
         gamma, kinetic energy (MeV) =      1.29429, position (cm) = (-125.646,-108.875,200),	 weight = 9.31323e-10
         gamma, kinetic energy (MeV) =      5.48264, position (cm) = (-157.87,-86.6211,200),	 weight = 9.31323e-10
       neutron, kinetic energy (MeV) =   0.00881028, position (cm) = (-130.76,-102.659,200),	 weight = 9.31323e-10
         gamma, kinetic energy (MeV) =      3.77499, position (cm) = (-135.528,-108.969,200),	 weight = 1.86265e-09
       neutron, kinetic energy (MeV) =      22.4569, position (cm) = (-133.163,-112.286,200),	 weight = 9.31323e-10
       neutron, kinetic energy (MeV) =      22.4569, position (cm) = (-133.163,-112.286,200),	 weight = 9.31323e-10
         gamma, kinetic energy (MeV) =      8.39744, position (cm) = (-144.865,-95.6625,200),	 weight = 1.49012e-08
         gamma, kinetic energy (MeV) =     0.363548, position (cm) = (-116.642,-70.3683,200),	 weight = 5.96046e-08
       neutron, kinetic energy (MeV) =     0.439443, position (cm) = (-117.278,-74.75,200),	 weight = 5.96046e-08
         gamma, kinetic energy (MeV) =     0.518731, position (cm) = (-118.613,-75.7424,200),	 weight = 5.96046e-08
         gamma, kinetic energy (MeV) =    0.0984155, position (cm) = (-112.295,-64.1396,200),	 weight = 5.96046e-08
         gamma, kinetic energy (MeV) =      0.87776, position (cm) = (-119.563,-65.8889,200),	 weight = 5.96046e-08
       neutron, kinetic energy (MeV) =      9.41839, position (cm) = (-117.497,-72.9226,200),	 weight = 2.98023e-08
       neutron, kinetic energy (MeV) =      9.41839, position (cm) = (-117.497,-72.9226,200),	 weight = 2.98023e-08
       neutron, kinetic energy (MeV) =      4.73667, position (cm) = (-90.3846,-94.7368,200),	 weight = 2.98023e-08
         gamma, kinetic energy (MeV) =      1.31328, position (cm) = (-103.222,-85.3559,200),	 weight = 2.98023e-08
       neutron, kinetic energy (MeV) =      7.16942, position (cm) = (-91.6942,-111.03,200),	 weight = 2.98023e-08
         gamma, kinetic energy (MeV) =      2.15625, position (cm) = (-81.6468,-41.8053,200),	 weight = 1.19209e-07
       neutron, kinetic energy (MeV) =    0.0628951, position (cm) = (-70.1488,-140.903,200),	 weight = 1.86265e-09
         gamma, kinetic energy (MeV) =     0.143943, position (cm) = (-66.0627,-151.136,200),	 weight = 1.86265e-09
       neutron, kinetic energy (MeV) =      7.37096, position (cm) = (-111.097,-162.95,200),	 weight = 4.65661e-10
       neutron, kinetic energy (MeV) =      5.84737, position (cm) = (-107.427,-155.41,200),	 weight = 4.65661e-10
       neutron, kinetic energy (MeV) =      7.83542, position (cm) = (-102.956,-200.341,200),	 weight = 1.86265e-09
       neutron, kinetic energy (MeV) =     0.539435, position (cm) = (-76.7477,-127.456,200),	 weight = 7.45058e-09
         gamma, kinetic energy (MeV) =     0.224946, position (cm) = (-67.0982,-136.261,200),	 weight = 7.45058e-09
       neutron, kinetic energy (MeV) =   0.00715376, position (cm) = (-57.8344,-144.195,200),	 weight = 7.45058e-09
         gamma, kinetic energy (MeV) =       2.1673, position (cm) = (-62.8431,-126.777,200),	 weight = 1.49012e-08
         gamma, kinetic energy (MeV) =      3.31709, position (cm) = (-65.0258,-119.819,200),	 weight = 1.49012e-08
       neutron, kinetic energy (MeV) =      98.1962, position (cm) = (-75.1473,-55.7815,200),	 weight = 1.52588e-05
       neutron, kinetic energy (MeV) =      97.7008, position (cm) = (-78.7132,-54.0185,200),	 weight = 3.8147e-06
       neutron, kinetic energy (MeV) =      97.7008, position (cm) = (-78.7132,-54.0185,200),	 weight = 9.53674e-07
       neutron, kinetic energy (MeV) =      97.7008, position (cm) = (-78.7132,-54.0185,200),	 weight = 9.53674e-07
       neutron, kinetic energy (MeV) =      97.7008, position (cm) = (-78.7132,-54.0185,200),	 weight = 1.90735e-06
       neutron, kinetic energy (MeV) =      3.73605, position (cm) = (-76.7253,-49.2989,200),	 weight = 7.62939e-06
         gamma, kinetic energy (MeV) =      2.79338, position (cm) = (-68.8934,-47.8995,200),	 weight = 7.62939e-06
         gamma, kinetic energy (MeV) =    0.0618236, position (cm) = (-76.0038,-52.1287,200),	 weight = 1.52588e-05
         gamma, kinetic energy (MeV) =     0.175837, position (cm) = (-74.2594,-51.7668,200),	 weight = 1.52588e-05
       neutron, kinetic energy (MeV) =      3.84364, position (cm) = (-74.2903,-49.8409,200),	 weight = 1.52588e-05
       neutron, kinetic energy (MeV) =      4.94367, position (cm) = (-75.782,-51.41,200),	 weight = 1.52588e-05
       neutron, kinetic energy (MeV) =      98.1962, position (cm) = (-75.1473,-55.7815,200),	 weight = 1.52588e-05
       neutron, kinetic energy (MeV) =      98.1962, position (cm) = (-75.1473,-55.7815,200),	 weight = 1.52588e-05
       neutron, kinetic energy (MeV) =      95.5354, position (cm) = (-38.9152,-34.7145,200),	 weight = 0.00012207
         gamma, kinetic energy (MeV) =     0.916779, position (cm) = (-63.733,-55.1439,200),	 weight = 0.00012207
         gamma, kinetic energy (MeV) =     0.137292, position (cm) = (-49.8622,-37.6303,200),	 weight = 0.00012207
         gamma, kinetic energy (MeV) =      3.54425, position (cm) = (-45.554,-23.6025,200),	 weight = 6.10352e-05
       neutron, kinetic energy (MeV) =      7.93426, position (cm) = (-54.2839,-31.7587,200),	 weight = 6.10352e-05
       neutron, kinetic energy (MeV) =      96.9249, position (cm) = (-62.4197,-42.5778,200),	 weight = 0.000488281
         gamma, kinetic energy (MeV) =      0.94083, position (cm) = (102.961,98.1559,200),	 weight = 3.8147e-06
       neutron, kinetic energy (MeV) =      14.2065, position (cm) = (125.061,126.068,200),	 weight = 3.8147e-06
         gamma, kinetic energy (MeV) =     0.481082, position (cm) = (82.8464,100.455,200),	 weight = 7.62939e-06
       neutron, kinetic energy (MeV) =      0.52092, position (cm) = (84.4016,103.38,200),	 weight = 7.62939e-06
       neutron, kinetic energy (MeV) =  0.000730561, position (cm) = (65.0295,88.594,200),	 weight = 3.05176e-05
       neutron, kinetic energy (MeV) =  0.000896765, position (cm) = (75.9905,72.1119,200),	 weight = 1.52588e-05
         gamma, kinetic energy (MeV) =      3.43798, position (cm) = (68.803,65.592,200),	 weight = 1.52588e-05
       neutron, kinetic energy (MeV) =      4.94562, position (cm) = (74.0383,85.4666,200),	 weight = 1.52588e-05
       neutron, kinetic energy (MeV) =      1.68925, position (cm) = (63.3954,75.2832,200),	 weight = 6.10352e-05
         gamma, kinetic energy (MeV) =      1.28735, position (cm) = (15.9735,47.0701,200),	 weight = 6.10352e-05
       neutron, kinetic energy (MeV) =      1.35887, position (cm) = (35.4959,63.198,200),	 weight = 3.05176e-05
       neutron, kinetic energy (MeV) =      14.5664, position (cm) = (26.3564,72.8371,200),	 weight = 7.62939e-06
       neutron, kinetic energy (MeV) =      14.5664, position (cm) = (26.3564,72.8371,200),	 weight = 7.62939e-06
       neutron, kinetic energy (MeV) =  6.84268e-07, position (cm) = (37.6127,59.9486,200),	 weight = 7.62939e-06
       neutron, kinetic energy (MeV) =      8.45915, position (cm) = (57.8782,40.849,200),	 weight = 3.05176e-05
       neutron, kinetic energy (MeV) =      8.45915, position (cm) = (57.8782,40.849,200),	 weight = 3.05176e-05
         gamma, kinetic energy (MeV) =     0.522138, position (cm) = (48.0605,71.0726,200),	 weight = 6.10352e-05
         gamma, kinetic energy (MeV) =    0.0995801, position (cm) = (61.4367,57.4525,200),	 weight = 1.52588e-05
       neutron, kinetic energy (MeV) =      4.89945, position (cm) = (58.5055,53.2418,200),	 weight = 7.62939e-06
       neutron, kinetic energy (MeV) =      5.87891, position (cm) = (58.1669,56.373,200),	 weight = 7.62939e-06
       neutron, kinetic energy (MeV) =      2.15854, position (cm) = (55.5579,62.1145,200),	 weight = 3.05176e-05
         gamma, kinetic energy (MeV) =     0.135956, position (cm) = (59.2424,61.5489,200),	 weight = 3.05176e-05
       neutron, kinetic energy (MeV) =  6.37054e-05, position (cm) = (25.8934,73.0992,200),	 weight = 6.10352e-05
         gamma, kinetic energy (MeV) =     0.597954, position (cm) = (129.98,93.8972,200),	 weight = 0.000488281
         gamma, kinetic energy (MeV) =      1.73484, position (cm) = (132.483,88.4369,200),	 weight = 0.000488281
       neutron, kinetic energy (MeV) =    0.0925995, position (cm) = (152.881,93.7102,200),	 weight = 0.000488281
         gamma, kinetic energy (MeV) =       3.3582, position (cm) = (136.308,98.4938,200),	 weight = 0.000488281
       neutron, kinetic energy (MeV) =      8.42927, position (cm) = (131.585,90.9363,200),	 weight = 0.000488281
       neutron, kinetic energy (MeV) =      11.7027, position (cm) = (-12.8617,19.5092,200),	 weight = 0.00390625
         gamma, kinetic energy (MeV) =    0.0772334, position (cm) = (-12.4695,16.5271,200),	 weight = 0.00195312
       neutron, kinetic energy (MeV) =      1.96957, position (cm) = (-17.7906,27.9954,200),	 weight = 0.00195312
         gamma, kinetic energy (MeV) =      1.50339, position (cm) = (-0.990102,25.0105,200),	 weight = 0.00195312
         gamma, kinetic energy (MeV) =     0.103148, position (cm) = (-4.14879,37.4116,200),	 weight = 0.000976562
         gamma, kinetic energy (MeV) =      0.18486, position (cm) = (-27.7524,30.2485,200),	 weight = 0.000976562
       neutron, kinetic energy (MeV) =     0.523306, position (cm) = (-23.0447,28.6124,200),	 weight = 0.000976562
       neutron, kinetic energy (MeV) =       15.773, position (cm) = (-19.2926,8.94894,200),	 weight = 0.000244141
       neutron, kinetic energy (MeV) =       15.773, position (cm) = (-19.2926,8.94894,200),	 weight = 0.000244141
       neutron, kinetic energy (MeV) =       15.773, position (cm) = (-19.2926,8.94894,200),	 weight = 0.000488281
         gamma, kinetic energy (MeV) =    0.0927361, position (cm) = (-18.7261,14.1337,200),	 weight = 0.000976562
         gamma, kinetic energy (MeV) =     0.919928, position (cm) = (-8.78609,20.0509,200),	 weight = 0.000976562
       neutron, kinetic energy (MeV) =  1.94603e-06, position (cm) = (-5.58938,-8.9583,200),	 weight = 0.000976562
         gamma, kinetic energy (MeV) =     0.833395, position (cm) = (-19.1399,12.5414,200),	 weight = 0.000488281
         gamma, kinetic energy (MeV) =     0.596694, position (cm) = (-21.7006,20.1374,200),	 weight = 0.000488281
       neutron, kinetic energy (MeV) =      1.57888, position (cm) = (-12.249,16.7108,200),	 weight = 0.000488281
         gamma, kinetic energy (MeV) =      6.38675, position (cm) = (-19.289,8.79017,200),	 weight = 0.000976562
       neutron, kinetic energy (MeV) =     0.509943, position (cm) = (-17.1927,6.49297,200),	 weight = 0.000976562
         gamma, kinetic energy (MeV) =      4.01168, position (cm) = (-12.4849,31.209,200),	 weight = 0.0078125
       neutron, kinetic energy (MeV) =  1.35534e-07, position (cm) = (20.112,26.6474,200),	 weight = 0.015625
         gamma, kinetic energy (MeV) =     0.725113, position (cm) = (-4.02137,2.83337,200),	 weight = 0.015625
         gamma, kinetic energy (MeV) =     0.392551, position (cm) = (-39.336,47.663,200),	 weight = 0.00390625
         gamma, kinetic energy (MeV) =       3.7123, position (cm) = (-40.5075,43.7769,200),	 weight = 0.00390625
         gamma, kinetic energy (MeV) =      1.19387, position (cm) = (-49.739,56.9522,200),	 weight = 0.00195312
       neutron, kinetic energy (MeV) =      2.55091, position (cm) = (-48.2882,53.3573,200),	 weight = 0.000976562
       neutron, kinetic energy (MeV) =      2.55091, position (cm) = (-48.2882,53.3573,200),	 weight = 0.000976562
       neutron, kinetic energy (MeV) =      7.25421, position (cm) = (-52.5492,50.0078,200),	 weight = 0.00195312
         gamma, kinetic energy (MeV) =      9.42166, position (cm) = (-51.2663,50.1285,200),	 weight = 0.00195312
       neutron, kinetic energy (MeV) =      1.97923, position (cm) = (-43.8506,42.9042,200),	 weight = 0.000488281
       neutron, kinetic energy (MeV) =      41.2682, position (cm) = (-42.4294,44.5235,200),	 weight = 0.000488281
       neutron, kinetic energy (MeV) =      40.3269, position (cm) = (-45.9199,50.7236,200),	 weight = 0.000976562
         gamma, kinetic energy (MeV) =       1.0465, position (cm) = (-42.2006,44.4218,200),	 weight = 0.000976562
       neutron, kinetic energy (MeV) =      37.4721, position (cm) = (-42.3007,44.5179,200),	 weight = 0.000976562
         gamma, kinetic energy (MeV) =    0.0821207, position (cm) = (-35.5556,47.2636,200),	 weight = 0.000976562
       neutron, kinetic energy (MeV) =      3.15305, position (cm) = (-43.1108,42.9845,200),	 weight = 0.000976562
       neutron, kinetic energy (MeV) =      73.4254, position (cm) = (-28.7126,39.5389,200),	 weight = 0.0078125
       neutron, kinetic energy (MeV) =       34.624, position (cm) = (-31.0743,31.3357,200),	 weight = 0.00390625
         gamma, kinetic energy (MeV) =     0.143901, position (cm) = (-34.8287,27.8435,200),	 weight = 0.00390625
         gamma, kinetic energy (MeV) =      2.22707, position (cm) = (-33.6628,37.4035,200),	 weight = 0.00390625
         gamma, kinetic energy (MeV) =     0.329957, position (cm) = (-10.023,47.228,200),	 weight = 0.00195312
       neutron, kinetic energy (MeV) =      1.15912, position (cm) = (-17.0407,48.7008,200),	 weight = 0.00195312
         gamma, kinetic energy (MeV) =      1.81001, position (cm) = (-11.4776,39.7403,200),	 weight = 0.00195312
       neutron, kinetic energy (MeV) =      34.2745, position (cm) = (-34.8057,37.0809,200),	 weight = 0.00195312
         gamma, kinetic energy (MeV) =    0.0531401, position (cm) = (-29.0165,40.5562,200),	 weight = 0.00390625
       neutron, kinetic energy (MeV) =        4.358, position (cm) = (-41.7087,41.9019,200),	 weight = 0.00390625
       neutron, kinetic energy (MeV) =      34.2034, position (cm) = (-32.5549,29.809,200),	 weight = 0.00390625
       neutron, kinetic energy (MeV) =      42.4155, position (cm) = (-78.4919,67.0971,200),	 weight = 0.0078125
       neutron, kinetic energy (MeV) =      42.4155, position (cm) = (-78.4919,67.0971,200),	 weight = 0.0078125
       neutron, kinetic energy (MeV) =      48.4528, position (cm) = (-55.1555,30.345,200),	 weight = 0.00195312
       neutron, kinetic energy (MeV) =      49.0216, position (cm) = (-55.3601,30.1395,200),	 weight = 0.000976562
         gamma, kinetic energy (MeV) =     0.259066, position (cm) = (-47.4089,18.8138,200),	 weight = 0.000976562
         gamma, kinetic energy (MeV) =    0.0959952, position (cm) = (-53.8102,31.8095,200),	 weight = 0.000976562
         gamma, kinetic energy (MeV) =    0.0754767, position (cm) = (-77.688,34.2606,200),	 weight = 0.000976562
         gamma, kinetic energy (MeV) =     0.223057, position (cm) = (-30.5822,42.2703,200),	 weight = 0.00195312
       neutron, kinetic energy (MeV) =      1.44424, position (cm) = (-45.5606,46.5153,200),	 weight = 0.000976562
         gamma, kinetic energy (MeV) =     0.507767, position (cm) = (-29.0566,60.8999,200),	 weight = 0.00012207
       neutron, kinetic energy (MeV) =     0.114983, position (cm) = (-44.8503,68.4775,200),	 weight = 0.000244141
         gamma, kinetic energy (MeV) =     0.197883, position (cm) = (-35.6616,56.4237,200),	 weight = 0.00012207
       neutron, kinetic energy (MeV) =      50.3037, position (cm) = (-55.8473,35.8214,200),	 weight = 0.00195312
         gamma, kinetic energy (MeV) =      0.26163, position (cm) = (-46.5917,52.6303,200),	 weight = 0.00195312
       neutron, kinetic energy (MeV) =      92.2645, position (cm) = (-65.4189,49.1298,200),	 weight = 0.00195312
       neutron, kinetic energy (MeV) =     0.474497, position (cm) = (-66.525,39.2372,200),	 weight = 0.00195312
         gamma, kinetic energy (MeV) =      2.50201, position (cm) = (-64.7454,48.8757,200),	 weight = 0.00195312
         gamma, kinetic energy (MeV) =    0.0706631, position (cm) = (-61.1045,45.8517,200),	 weight = 0.00195312
         gamma, kinetic energy (MeV) =      8.48466, position (cm) = (-69.9935,46.5177,200),	 weight = 0.00195312
       neutron, kinetic energy (MeV) =      45.1108, position (cm) = (-65.3956,64.4594,200),	 weight = 0.000976562
         gamma, kinetic energy (MeV) =      3.23289, position (cm) = (-65.046,62.717,200),	 weight = 0.000488281
       neutron, kinetic energy (MeV) =      38.5688, position (cm) = (-66.8677,69.3876,200),	 weight = 0.000488281
       neutron, kinetic energy (MeV) =      92.4353, position (cm) = (-66.5868,48.2891,200),	 weight = 0.00390625
       neutron, kinetic energy (MeV) =      92.5336, position (cm) = (-66.3919,49.1633,200),	 weight = 0.00390625
       neutron, kinetic energy (MeV) =      52.3142, position (cm) = (-5.47417,47.1423,200),	 weight = 0.0625
       neutron, kinetic energy (MeV) =      67.7421, position (cm) = (1.91315,9.36232,200),	 weight = 0.0625
       neutron, kinetic energy (MeV) =      2.05024, position (cm) = (-10.2703,20.9216,200),	 weight = 0.0625
       neutron, kinetic energy (MeV) =      67.9157, position (cm) = (5.92918,8.9561,200),	 weight = 0.0625
       neutron, kinetic energy (MeV) =      67.9157, position (cm) = (5.92918,8.9561,200),	 weight = 0.03125
       neutron, kinetic energy (MeV) =      67.9157, position (cm) = (5.92918,8.9561,200),	 weight = 0.03125
       neutron, kinetic energy (MeV) =      68.0845, position (cm) = (7.51532,10.6392,200),	 weight = 0.25
       neutron, kinetic energy (MeV) =      99.4756, position (cm) = (23.6956,5.92178,200),	 weight = 0.5
         gamma, kinetic energy (MeV) =     0.928297, position (cm) = (-21.6935,65.1511,200),	 weight = 0.015625
       neutron, kinetic energy (MeV) =      1.10041, position (cm) = (14.7998,29.2278,200),	 weight = 0.000976562
         gamma, kinetic energy (MeV) =     0.417917, position (cm) = (8.80557,13.7959,200),	 weight = 0.000488281
         gamma, kinetic energy (MeV) =     0.612331, position (cm) = (10.8944,9.61433,200),	 weight = 0.000488281
       neutron, kinetic energy (MeV) =      31.0782, position (cm) = (-27.8193,62.6149,200),	 weight = 0.000244141
       neutron, kinetic energy (MeV) =      32.2061, position (cm) = (-22.5341,57.937,200),	 weight = 0.000244141
         gamma, kinetic energy (MeV) =      1.39762, position (cm) = (-38.908,64.4172,200),	 weight = 3.8147e-06
       neutron, kinetic energy (MeV) =      46.7405, position (cm) = (-9.14564,58.8332,200),	 weight = 9.53674e-07
       neutron, kinetic energy (MeV) =      46.7405, position (cm) = (-9.14564,58.8332,200),	 weight = 9.53674e-07
       neutron, kinetic energy (MeV) =      46.7405, position (cm) = (-9.14564,58.8332,200),	 weight = 1.90735e-06
       neutron, kinetic energy (MeV) =  0.000130298, position (cm) = (-11.0308,86.6984,200),	 weight = 1.90735e-06
         gamma, kinetic energy (MeV) =      1.18169, position (cm) = (-20.2979,68.1576,200),	 weight = 4.76837e-07
       neutron, kinetic energy (MeV) =       5.3133, position (cm) = (-23.9363,84.9595,200),	 weight = 4.76837e-07
       neutron, kinetic energy (MeV) =      44.7983, position (cm) = (-28.0417,83.3545,200),	 weight = 2.38419e-07
       neutron, kinetic energy (MeV) =      44.4811, position (cm) = (-25.9347,78.3258,200),	 weight = 2.38419e-07
       neutron, kinetic energy (MeV) =      35.3958, position (cm) = (-19.0949,83.2125,200),	 weight = 4.76837e-07
         gamma, kinetic energy (MeV) =    0.0577199, position (cm) = (-25.8672,78.1699,200),	 weight = 2.38419e-07
       neutron, kinetic energy (MeV) =      44.7983, position (cm) = (-28.0417,83.3545,200),	 weight = 2.38419e-07
       neutron, kinetic energy (MeV) =      46.9573, position (cm) = (2.9069,67.953,200),	 weight = 1.90735e-06
       neutron, kinetic energy (MeV) =      46.9573, position (cm) = (2.9069,67.953,200),	 weight = 1.90735e-06
       neutron, kinetic energy (MeV) =      45.5745, position (cm) = (-12.966,85.7163,200),	 weight = 7.62939e-06
       neutron, kinetic energy (MeV) =      19.9038, position (cm) = (-134.368,106.058,200),	 weight = 5.96046e-08
       neutron, kinetic energy (MeV) =   0.00016437, position (cm) = (-129.717,137.865,200),	 weight = 1.49012e-08
       neutron, kinetic energy (MeV) =     0.161837, position (cm) = (-108.947,128.457,200),	 weight = 1.49012e-08
         gamma, kinetic energy (MeV) =     0.268579, position (cm) = (-108.882,117.246,200),	 weight = 5.96046e-08
         gamma, kinetic energy (MeV) =     0.225988, position (cm) = (-106.437,125.128,200),	 weight = 5.96046e-08
       neutron, kinetic energy (MeV) =     0.177366, position (cm) = (-118.19,122.999,200),	 weight = 5.96046e-08
       neutron, kinetic energy (MeV) =       22.388, position (cm) = (-119.273,110.165,200),	 weight = 7.45058e-09
       neutron, kinetic energy (MeV) =       22.388, position (cm) = (-119.273,110.165,200),	 weight = 7.45058e-09
         gamma, kinetic energy (MeV) =     0.331931, position (cm) = (-121.054,109.202,200),	 weight = 5.96046e-08
         gamma, kinetic energy (MeV) =     0.413254, position (cm) = (-108.122,178.142,200),	 weight = 1.86265e-09
         gamma, kinetic energy (MeV) =      1.98447, position (cm) = (-126.392,132.016,200),	 weight = 3.72529e-09
         gamma, kinetic energy (MeV) =      1.46167, position (cm) = (-107.952,133.384,200),	 weight = 3.72529e-09
         gamma, kinetic energy (MeV) =      2.53238, position (cm) = (-113.399,106.548,200),	 weight = 2.98023e-08
         gamma, kinetic energy (MeV) =     0.621413, position (cm) = (-103.899,138.017,200),	 weight = 2.98023e-08
       neutron, kinetic energy (MeV) =    0.0688933, position (cm) = (-122.023,130.398,200),	 weight = 7.45058e-09
         gamma, kinetic energy (MeV) =     0.152658, position (cm) = (-90.3493,117.904,200),	 weight = 7.45058e-09
       neutron, kinetic energy (MeV) =      20.0654, position (cm) = (-118.035,90.4863,200),	 weight = 1.19209e-07
       neutron, kinetic energy (MeV) =  0.000206216, position (cm) = (-127.061,96.1801,200),	 weight = 1.19209e-07
         gamma, kinetic energy (MeV) =       1.8357, position (cm) = (-113.793,91.3365,200),	 weight = 1.19209e-07
       neutron, kinetic energy (MeV) =      1.09501, position (cm) = (-116.289,90.4782,200),	 weight = 1.19209e-07
         gamma, kinetic energy (MeV) =      5.00136, position (cm) = (-19.3197,206.584,200),	 weight = 9.53674e-07
       neutron, kinetic energy (MeV) =      26.3539, position (cm) = (-75.2796,227.013,200),	 weight = 2.98023e-08
         gamma, kinetic energy (MeV) =      5.39981, position (cm) = (-74.9226,224.056,200),	 weight = 7.45058e-09
       neutron, kinetic energy (MeV) =      25.5735, position (cm) = (-75.0149,224.086,200),	 weight = 7.45058e-09
         gamma, kinetic energy (MeV) =      3.13541, position (cm) = (-78.5719,235.714,200),	 weight = 2.98023e-08
         gamma, kinetic energy (MeV) =    0.0948962, position (cm) = (-74.9848,226.654,200),	 weight = 5.96046e-08
       neutron, kinetic energy (MeV) =      8.02897, position (cm) = (-77.4723,228.83,200),	 weight = 5.96046e-08
       neutron, kinetic energy (MeV) =      26.3539, position (cm) = (-75.2796,227.013,200),	 weight = 2.98023e-08
       neutron, kinetic energy (MeV) =      26.3539, position (cm) = (-75.2796,227.013,200),	 weight = 2.98023e-08
       neutron, kinetic energy (MeV) =      26.0194, position (cm) = (-75.1788,225.9,200),	 weight = 2.98023e-08
       neutron, kinetic energy (MeV) =      26.0194, position (cm) = (-75.1788,225.9,200),	 weight = 2.98023e-08
       neutron, kinetic energy (MeV) =      24.7023, position (cm) = (-104.797,230.602,200),	 weight = 2.98023e-08
       neutron, kinetic energy (MeV) =      25.6948, position (cm) = (-102.675,229.328,200),	 weight = 2.98023e-08
         gamma, kinetic energy (MeV) =    0.0805484, position (cm) = (-86.7479,225.565,200),	 weight = 5.96046e-08
         gamma, kinetic energy (MeV) =    0.0611302, position (cm) = (-57.2827,115.137,200),	 weight = 3.8147e-06
         gamma, kinetic energy (MeV) =     0.634116, position (cm) = (-99.834,11.4596,200),	 weight = 0.0625
       neutron, kinetic energy (MeV) =      2.12509, position (cm) = (-58.7412,20.7457,200),	 weight = 0.03125
         gamma, kinetic energy (MeV) =    0.0696462, position (cm) = (-11.9391,80.3236,200),	 weight = 0.03125
       neutron, kinetic energy (MeV) =     0.366182, position (cm) = (-82.9538,8.78355,200),	 weight = 0.0625
         gamma, kinetic energy (MeV) =      5.30321, position (cm) = (-81.1174,8.86648,200),	 weight = 0.0625
         gamma, kinetic energy (MeV) =     0.226771, position (cm) = (26.3703,5.86731,200),	 weight = 0.000244141
         gamma, kinetic energy (MeV) =     0.510999, position (cm) = (32.2303,10.8579,200),	 weight = 0.000488281
       neutron, kinetic energy (MeV) =      21.9307, position (cm) = (29.0047,25.3648,200),	 weight = 0.000244141
       neutron, kinetic energy (MeV) =      2.52419, position (cm) = (23.2926,23.3511,200),	 weight = 0.000488281
         gamma, kinetic energy (MeV) =     0.355451, position (cm) = (22.5241,23.8353,200),	 weight = 0.000488281
       neutron, kinetic energy (MeV) =     0.762839, position (cm) = (32.4137,20.0957,200),	 weight = 0.000976562
       neutron, kinetic energy (MeV) =      13.1486, position (cm) = (14.5311,18.1608,200),	 weight = 0.00195312
         gamma, kinetic energy (MeV) =    0.0697953, position (cm) = (38.3303,-24.666,200),	 weight = 0.000244141
       neutron, kinetic energy (MeV) =     0.852766, position (cm) = (69.8927,9.85983,200),	 weight = 3.05176e-05
       neutron, kinetic energy (MeV) =      1.81312, position (cm) = (82.526,6.79446,200),	 weight = 1.52588e-05
       neutron, kinetic energy (MeV) =     0.128226, position (cm) = (64.6879,9.00499,200),	 weight = 1.52588e-05
         gamma, kinetic energy (MeV) =     0.738599, position (cm) = (64.8104,8.48931,200),	 weight = 1.52588e-05
       neutron, kinetic energy (MeV) =  0.000166147, position (cm) = (103.461,-19.7763,200),	 weight = 0.00012207
         gamma, kinetic energy (MeV) =     0.473779, position (cm) = (36.5454,-25.1809,200),	 weight = 0.00195312
         gamma, kinetic energy (MeV) =      2.27219, position (cm) = (51.8494,-39.8712,200),	 weight = 0.000976562
         gamma, kinetic energy (MeV) =     0.221533, position (cm) = (38.8914,-54.3888,200),	 weight = 0.000976562
       neutron, kinetic energy (MeV) =      14.4555, position (cm) = (16.1494,6.63645,200),	 weight = 6.10352e-05
       neutron, kinetic energy (MeV) =      14.4565, position (cm) = (16.0315,9.08704,200),	 weight = 3.05176e-05
         gamma, kinetic energy (MeV) =     0.191726, position (cm) = (13.8846,13.4498,200),	 weight = 3.05176e-05
       neutron, kinetic energy (MeV) =     0.833524, position (cm) = (15.5561,9.75594,200),	 weight = 1.52588e-05
       neutron, kinetic energy (MeV) =      2.37288, position (cm) = (12.4494,16.4549,200),	 weight = 1.52588e-05
         gamma, kinetic energy (MeV) =    0.0829891, position (cm) = (6.51517,10.2031,200),	 weight = 3.05176e-05
       neutron, kinetic energy (MeV) =      14.6973, position (cm) = (7.78495,8.69895,200),	 weight = 0.00012207
       neutron, kinetic energy (MeV) =      14.5639, position (cm) = (13.6308,6.87382,200),	 weight = 0.000244141
       neutron, kinetic energy (MeV) =      3.85663, position (cm) = (82.6216,-29.7035,200),	 weight = 0.015625
       neutron, kinetic energy (MeV) =      42.4977, position (cm) = (81.6908,-27.9071,200),	 weight = 0.0078125
         gamma, kinetic energy (MeV) =     0.130579, position (cm) = (89.6772,-22.1131,200),	 weight = 0.00390625
       neutron, kinetic energy (MeV) =      23.3424, position (cm) = (80.7392,-26.9596,200),	 weight = 0.00390625
       neutron, kinetic energy (MeV) =      42.0064, position (cm) = (81.34,-27.3188,200),	 weight = 0.00390625
       neutron, kinetic energy (MeV) =     0.606412, position (cm) = (-11.7905,-43.0914,200),	 weight = 0.03125
         gamma, kinetic energy (MeV) =      2.91176, position (cm) = (2.94665,-51.5419,200),	 weight = 0.03125
       neutron, kinetic energy (MeV) =      31.0276, position (cm) = (-8.82274,-54.6419,200),	 weight = 0.015625
       neutron, kinetic energy (MeV) =      31.0276, position (cm) = (-8.82274,-54.6419,200),	 weight = 0.015625
         gamma, kinetic energy (MeV) =       4.8885, position (cm) = (25.9571,-30.3482,200),	 weight = 0.0078125
       neutron, kinetic energy (MeV) =      50.2215, position (cm) = (34.7195,-8.95751,200),	 weight = 0.00390625
         gamma, kinetic energy (MeV) =     0.238874, position (cm) = (16.316,-34.7664,200),	 weight = 0.00390625
         gamma, kinetic energy (MeV) =     0.141675, position (cm) = (-25.4179,-6.43839,200),	 weight = 0.0625
       neutron, kinetic energy (MeV) =      22.5018, position (cm) = (-103.158,-32.8968,200),	 weight = 0.000976562
       neutron, kinetic energy (MeV) =      22.5018, position (cm) = (-103.158,-32.8968,200),	 weight = 0.000976562
         gamma, kinetic energy (MeV) =     0.264981, position (cm) = (-64.9955,-15.0579,200),	 weight = 0.00195312
       neutron, kinetic energy (MeV) =      22.5315, position (cm) = (-55.4582,-20.4437,200),	 weight = 0.000488281
         gamma, kinetic energy (MeV) =      1.10622, position (cm) = (-57.2284,-20.1389,200),	 weight = 0.000488281
       neutron, kinetic energy (MeV) =      22.9947, position (cm) = (-59.1736,-20.2001,200),	 weight = 0.000976562
       neutron, kinetic energy (MeV) =      22.9947, position (cm) = (-59.1736,-20.2001,200),	 weight = 0.000488281
       neutron, kinetic energy (MeV) =      22.9947, position (cm) = (-59.1736,-20.2001,200),	 weight = 0.000244141
       neutron, kinetic energy (MeV) =      22.9947, position (cm) = (-59.1736,-20.2001,200),	 weight = 0.000244141
         gamma, kinetic energy (MeV) =      5.44162, position (cm) = (-66.903,-23.6437,200),	 weight = 0.000488281
       neutron, kinetic energy (MeV) =      16.6166, position (cm) = (-68.4488,-15.8127,200),	 weight = 0.000488281
         gamma, kinetic energy (MeV) =    0.0759974, position (cm) = (-50.7481,-13.4295,200),	 weight = 0.000244141
         gamma, kinetic energy (MeV) =      5.10103, position (cm) = (-59.231,-16.9055,200),	 weight = 0.000244141
       neutron, kinetic energy (MeV) =      6.23421, position (cm) = (-59.1431,-17.1751,200),	 weight = 0.000244141
       neutron, kinetic energy (MeV) =      22.6281, position (cm) = (-60.9535,-17.9399,200),	 weight = 0.000244141
         gamma, kinetic energy (MeV) =      0.62347, position (cm) = (-55.2708,-10.4587,200),	 weight = 0.000976562
       neutron, kinetic energy (MeV) =     0.176403, position (cm) = (-41.2962,-21.2997,200),	 weight = 0.000976562
       neutron, kinetic energy (MeV) =     0.177906, position (cm) = (-49.3781,-6.39567,200),	 weight = 0.015625
         gamma, kinetic energy (MeV) =      0.18406, position (cm) = (-43.6027,-0.531852,200),	 weight = 0.0078125
       neutron, kinetic energy (MeV) =      23.5623, position (cm) = (-48.4952,-5.68955,200),	 weight = 0.00390625
       neutron, kinetic energy (MeV) =       16.235, position (cm) = (-63.3537,-11.6268,200),	 weight = 6.10352e-05
       neutron, kinetic energy (MeV) =      16.3787, position (cm) = (-67.5449,-10.2964,200),	 weight = 3.05176e-05
         gamma, kinetic energy (MeV) =     0.196977, position (cm) = (-64.1407,-10.0851,200),	 weight = 3.05176e-05
       neutron, kinetic energy (MeV) =      0.80638, position (cm) = (-67.6881,-10.3088,200),	 weight = 3.05176e-05
       neutron, kinetic energy (MeV) =    0.0744131, position (cm) = (-46.0788,-17.9681,200),	 weight = 0.00012207
       neutron, kinetic energy (MeV) =       2.6315, position (cm) = (7.40519,-18.4498,200),	 weight = 1.52588e-05
         gamma, kinetic energy (MeV) =      2.51484, position (cm) = (-2.51502,-18.7044,200),	 weight = 3.8147e-06
       neutron, kinetic energy (MeV) =      7.49714, position (cm) = (53.4115,0.947865,200),	 weight = 1.90735e-06
       neutron, kinetic energy (MeV) =      9.31584, position (cm) = (37.0312,4.01203,200),	 weight = 9.53674e-07
       neutron, kinetic energy (MeV) =      9.31584, position (cm) = (37.0312,4.01203,200),	 weight = 9.53674e-07
       neutron, kinetic energy (MeV) =      23.5845, position (cm) = (13.8736,-23.3462,200),	 weight = 1.90735e-06
       neutron, kinetic energy (MeV) =      23.5845, position (cm) = (13.8736,-23.3462,200),	 weight = 1.90735e-06
       neutron, kinetic energy (MeV) =      23.2401, position (cm) = (9.6171,-25.098,200),	 weight = 3.8147e-06
       neutron, kinetic energy (MeV) =      22.4021, position (cm) = (10.1863,-46.4987,200),	 weight = 3.8147e-06
         gamma, kinetic energy (MeV) =     0.123632, position (cm) = (-10.3201,-22.9014,200),	 weight = 3.8147e-06
         gamma, kinetic energy (MeV) =     0.119226, position (cm) = (2.82711,-54.2912,200),	 weight = 3.8147e-06
         gamma, kinetic energy (MeV) =      1.30026, position (cm) = (4.71053,-52.7955,200),	 weight = 3.8147e-06
         gamma, kinetic energy (MeV) =      1.19513, position (cm) = (3.14306,-59.8967,200),	 weight = 3.8147e-06
       neutron, kinetic energy (MeV) =      2.58991, position (cm) = (-6.0681,-46.2585,200),	 weight = 3.8147e-06
         gamma, kinetic energy (MeV) =    0.0731725, position (cm) = (-17.5744,7.04468,200),	 weight = 6.10352e-05
       neutron, kinetic energy (MeV) =      22.6379, position (cm) = (-34.5539,-24.8896,200),	 weight = 6.10352e-05
       neutron, kinetic energy (MeV) =      22.6379, position (cm) = (-34.5539,-24.8896,200),	 weight = 6.10352e-05
       neutron, kinetic energy (MeV) =     0.126225, position (cm) = (-56.9339,-22.8921,200),	 weight = 0.000488281
         gamma, kinetic energy (MeV) =      2.19147, position (cm) = (-13.4815,-19.3256,200),	 weight = 0.000976562
         gamma, kinetic energy (MeV) =      6.09902, position (cm) = (-49,-13.9571,200),	 weight = 0.000976562
       neutron, kinetic energy (MeV) =      6.24862, position (cm) = (-50.9357,-20.6786,200),	 weight = 0.000976562
         gamma, kinetic energy (MeV) =     0.133862, position (cm) = (-50.7626,-19.105,200),	 weight = 0.000488281
         gamma, kinetic energy (MeV) =    0.0961008, position (cm) = (-66.9461,3.91444,200),	 weight = 0.000488281
            e-, kinetic energy (MeV) =     0.540529, position (cm) = (-63.8733,7.49293,200),	 weight = 0.000488281
         gamma, kinetic energy (MeV) =     0.341201, position (cm) = (-51.0071,-14.1206,200),	 weight = 0.000488281
       neutron, kinetic energy (MeV) =      2.78127, position (cm) = (-53.8354,-11.87,200),	 weight = 0.000488281
         gamma, kinetic energy (MeV) =    0.0903228, position (cm) = (-51.4843,-12.5527,200),	 weight = 0.000488281
         gamma, kinetic energy (MeV) =     0.141479, position (cm) = (-51.2539,-12.2002,200),	 weight = 0.000488281
       neutron, kinetic energy (MeV) =      4.98449, position (cm) = (-51.3909,-10.5275,200),	 weight = 0.000488281
         gamma, kinetic energy (MeV) =     0.239939, position (cm) = (-110.697,-65.0706,200),	 weight = 0.000976562
         gamma, kinetic energy (MeV) =      3.99132, position (cm) = (-108.642,-45.7395,200),	 weight = 0.000976562
         gamma, kinetic energy (MeV) =      1.32362, position (cm) = (-149.333,-68.3429,200),	 weight = 0.00012207
       neutron, kinetic energy (MeV) =      10.6578, position (cm) = (-153.594,-70.1581,200),	 weight = 0.00012207
       neutron, kinetic energy (MeV) =      46.7333, position (cm) = (-156.987,-71.0825,200),	 weight = 0.00012207
         gamma, kinetic energy (MeV) =     0.302762, position (cm) = (-156.623,-71.1067,200),	 weight = 0.000244141
       neutron, kinetic energy (MeV) =      19.2077, position (cm) = (-155.562,-70.438,200),	 weight = 0.000244141
         gamma, kinetic energy (MeV) =      1.28621, position (cm) = (-147.537,-69.019,200),	 weight = 0.000488281
         gamma, kinetic energy (MeV) =     0.719897, position (cm) = (-118.43,-49.319,200),	 weight = 0.000488281
       neutron, kinetic energy (MeV) =      45.4918, position (cm) = (-155.319,-82.3713,200),	 weight = 6.10352e-05
         gamma, kinetic energy (MeV) =      2.25339, position (cm) = (-161.914,-47.3392,200),	 weight = 6.10352e-05
         gamma, kinetic energy (MeV) =      3.81118, position (cm) = (-139.384,-64.9026,200),	 weight = 6.10352e-05
         gamma, kinetic energy (MeV) =     0.341499, position (cm) = (-148.584,-75.4407,200),	 weight = 6.10352e-05
       neutron, kinetic energy (MeV) =      3.53091, position (cm) = (-149.098,-83.347,200),	 weight = 6.10352e-05
       neutron, kinetic energy (MeV) =      4.95494, position (cm) = (-147.633,-63.94,200),	 weight = 0.00012207
       neutron, kinetic energy (MeV) =      2.04324, position (cm) = (-143.708,-67.4428,200),	 weight = 3.05176e-05
       neutron, kinetic energy (MeV) =     0.354395, position (cm) = (-149.085,-69.922,200),	 weight = 3.05176e-05
       neutron, kinetic energy (MeV) =        9.998, position (cm) = (-137.019,-64.4572,200),	 weight = 6.10352e-05
         gamma, kinetic energy (MeV) =      6.78668, position (cm) = (-135.096,-69.9036,200),	 weight = 6.10352e-05
       neutron, kinetic energy (MeV) =      36.6332, position (cm) = (-161.389,-82.1761,200),	 weight = 6.10352e-05
       neutron, kinetic energy (MeV) =      65.0769, position (cm) = (-103.17,-49.9502,200),	 weight = 0.00390625
       neutron, kinetic energy (MeV) =      51.6975, position (cm) = (20.5344,-24.652,200),	 weight = 0.0625
       neutron, kinetic energy (MeV) =      51.6975, position (cm) = (20.5344,-24.652,200),	 weight = 0.0625
       neutron, kinetic energy (MeV) =      42.5615, position (cm) = (-28.4004,-16.9137,200),	 weight = 0.00390625
       neutron, kinetic energy (MeV) =      40.2292, position (cm) = (-2.78923,-9.3292,200),	 weight = 0.000976562
         gamma, kinetic energy (MeV) =      4.20088, position (cm) = (-28.8375,-10.8493,200),	 weight = 0.000976562
       neutron, kinetic energy (MeV) =       39.825, position (cm) = (-12.0764,-4.09963,200),	 weight = 0.00195312
         gamma, kinetic energy (MeV) =      2.29413, position (cm) = (-19.2124,19.6885,200),	 weight = 0.0078125
       neutron, kinetic energy (MeV) =      2.62743, position (cm) = (-11.7289,5.94137,200),	 weight = 0.015625
         gamma, kinetic energy (MeV) =     0.135997, position (cm) = (-26.3281,5.05007,200),	 weight = 0.015625
         gamma, kinetic energy (MeV) =       0.1353, position (cm) = (-22.5725,-16.3036,200),	 weight = 0.015625
         gamma, kinetic energy (MeV) =      1.06623, position (cm) = (-7.28953,-10.2272,200),	 weight = 0.015625
         gamma, kinetic energy (MeV) =     0.128233, position (cm) = (2.47619,-0.811119,200),	 weight = 0.015625
       neutron, kinetic energy (MeV) =      57.9812, position (cm) = (-38.8116,25.9255,200),	 weight = 0.03125
Graphics systems deleted.
Visualization Manager deleting...
